# pipeline trace log
# created_at=2026-05-18 19:41:20
[pipeline-trace] wall=19:41:36 elapsed=1.256s phase=train event=interaction_progress trial=0 partition=0 processed=1 total=14000 metric=ce epoch=1/1
[pipeline-trace] wall=19:41:36 elapsed=1.081s phase=train event=interaction_progress trial=1 partition=0 processed=1 total=14000 metric=ce epoch=1/1
[pipeline-trace] wall=19:41:36 elapsed=1.449s phase=train event=interaction_progress trial=1 partition=0 processed=100 total=14000 metric=ce epoch=1/1
[pipeline-trace] wall=19:41:36 elapsed=1.646s phase=train event=interaction_progress trial=1 partition=0 processed=200 total=14000 metric=ce epoch=1/1
[pipeline-trace] wall=19:41:37 elapsed=1.824s phase=train event=interaction_progress trial=1 partition=0 processed=300 total=14000 metric=ce epoch=1/1
[pipeline-trace] wall=19:41:37 elapsed=2.078s phase=train event=interaction_progress trial=1 partition=0 processed=400 total=14000 metric=ce epoch=1/1
[pipeline-trace] wall=19:41:37 elapsed=2.619s phase=train event=interaction_progress trial=0 partition=0 processed=100 total=14000 metric=ce epoch=1/1
[pipeline-trace] wall=19:41:37 elapsed=2.276s phase=train event=interaction_progress trial=1 partition=0 processed=500 total=14000 metric=ce epoch=1/1
[pipeline-trace] wall=19:41:37 elapsed=2.476s phase=train event=interaction_progress trial=1 partition=0 processed=600 total=14000 metric=ce epoch=1/1
[pipeline-trace] wall=19:41:38 elapsed=2.676s phase=train event=interaction_progress trial=1 partition=0 processed=700 total=14000 metric=ce epoch=1/1
[pipeline-trace] wall=19:41:38 elapsed=2.877s phase=train event=interaction_progress trial=1 partition=0 processed=800 total=14000 metric=ce epoch=1/1
[pipeline-trace] wall=19:41:38 elapsed=3.086s phase=train event=interaction_progress trial=1 partition=0 processed=900 total=14000 metric=ce epoch=1/1
[pipeline-trace] wall=19:41:38 elapsed=3.289s phase=train event=interaction_progress trial=1 partition=0 processed=1000 total=14000 metric=ce epoch=1/1
[pipeline-trace] wall=19:41:38 elapsed=3.787s phase=train event=interaction_progress trial=0 partition=0 processed=200 total=14000 metric=ce epoch=1/1
[pipeline-trace] wall=19:41:38 elapsed=3.493s phase=train event=interaction_progress trial=1 partition=0 processed=1100 total=14000 metric=ce epoch=1/1
[pipeline-trace] wall=19:41:39 elapsed=3.701s phase=train event=interaction_progress trial=1 partition=0 processed=1200 total=14000 metric=ce epoch=1/1
[pipeline-trace] wall=19:41:39 elapsed=3.903s phase=train event=interaction_progress trial=1 partition=0 processed=1300 total=14000 metric=ce epoch=1/1
[pipeline-trace] wall=19:41:39 elapsed=4.111s phase=train event=interaction_progress trial=1 partition=0 processed=1400 total=14000 metric=ce epoch=1/1
[pipeline-trace] wall=19:41:39 elapsed=4.348s phase=train event=interaction_progress trial=1 partition=0 processed=1500 total=14000 metric=ce epoch=1/1
[pipeline-trace] wall=19:41:39 elapsed=4.586s phase=train event=interaction_progress trial=1 partition=0 processed=1600 total=14000 metric=ce epoch=1/1
[pipeline-trace] wall=19:41:39 elapsed=5.007s phase=train event=interaction_progress trial=0 partition=0 processed=300 total=14000 metric=ce epoch=1/1
[pipeline-trace] wall=19:41:40 elapsed=4.995s phase=train event=interaction_progress trial=1 partition=0 processed=1700 total=14000 metric=ce epoch=1/1
[pipeline-trace] wall=19:41:40 elapsed=5.419s phase=train event=interaction_progress trial=1 partition=0 processed=1800 total=14000 metric=ce epoch=1/1
[pipeline-trace] wall=19:41:41 elapsed=5.965s phase=train event=interaction_progress trial=1 partition=0 processed=1900 total=14000 metric=ce epoch=1/1
[pipeline-trace] wall=19:41:41 elapsed=6.459s phase=train event=interaction_progress trial=0 partition=0 processed=400 total=14000 metric=ce epoch=1/1
[pipeline-trace] wall=19:41:41 elapsed=6.412s phase=train event=interaction_progress trial=1 partition=0 processed=2000 total=14000 metric=ce epoch=1/1
[pipeline-trace] wall=19:41:42 elapsed=6.929s phase=train event=interaction_progress trial=1 partition=0 processed=2100 total=14000 metric=ce epoch=1/1
[pipeline-trace] wall=19:41:42 elapsed=7.624s phase=train event=interaction_progress trial=0 partition=0 processed=500 total=14000 metric=ce epoch=1/1
[pipeline-trace] wall=19:41:42 elapsed=7.657s phase=train event=interaction_progress trial=1 partition=0 processed=2200 total=14000 metric=ce epoch=1/1
[pipeline-trace] wall=19:41:43 elapsed=7.964s phase=train event=interaction_progress trial=1 partition=0 processed=2300 total=14000 metric=ce epoch=1/1
[pipeline-trace] wall=19:41:43 elapsed=8.288s phase=train event=interaction_progress trial=1 partition=0 processed=2400 total=14000 metric=ce epoch=1/1
[pipeline-trace] wall=19:41:43 elapsed=8.955s phase=train event=interaction_progress trial=0 partition=0 processed=600 total=14000 metric=ce epoch=1/1
[pipeline-trace] wall=19:41:44 elapsed=8.756s phase=train event=interaction_progress trial=1 partition=0 processed=2500 total=14000 metric=ce epoch=1/1
[pipeline-trace] wall=19:41:44 elapsed=9.143s phase=train event=interaction_progress trial=1 partition=0 processed=2600 total=14000 metric=ce epoch=1/1
[pipeline-trace] wall=19:41:44 elapsed=9.553s phase=train event=interaction_progress trial=1 partition=0 processed=2700 total=14000 metric=ce epoch=1/1
[pipeline-trace] wall=19:41:45 elapsed=10.060s phase=train event=interaction_progress trial=0 partition=0 processed=700 total=14000 metric=ce epoch=1/1
[pipeline-trace] wall=19:41:45 elapsed=9.873s phase=train event=interaction_progress trial=1 partition=0 processed=2800 total=14000 metric=ce epoch=1/1
[pipeline-trace] wall=19:41:45 elapsed=10.200s phase=train event=interaction_progress trial=1 partition=0 processed=2900 total=14000 metric=ce epoch=1/1
[pipeline-trace] wall=19:41:45 elapsed=10.545s phase=train event=interaction_progress trial=1 partition=0 processed=3000 total=14000 metric=ce epoch=1/1
[pipeline-trace] wall=19:41:46 elapsed=10.901s phase=train event=interaction_progress trial=1 partition=0 processed=3100 total=14000 metric=ce epoch=1/1
[pipeline-trace] wall=19:41:46 elapsed=11.312s phase=train event=interaction_progress trial=1 partition=0 processed=3200 total=14000 metric=ce epoch=1/1
[pipeline-trace] wall=19:41:47 elapsed=11.691s phase=train event=interaction_progress trial=1 partition=0 processed=3300 total=14000 metric=ce epoch=1/1
[pipeline-trace] wall=19:41:47 elapsed=11.931s phase=train event=interaction_progress trial=1 partition=0 processed=3400 total=14000 metric=ce epoch=1/1
[pipeline-trace] wall=19:41:47 elapsed=12.156s phase=train event=interaction_progress trial=1 partition=0 processed=3500 total=14000 metric=ce epoch=1/1
[pipeline-trace] wall=19:41:47 elapsed=12.680s phase=train event=interaction_progress trial=0 partition=0 processed=800 total=14000 metric=ce epoch=1/1
[pipeline-trace] wall=19:41:47 elapsed=12.413s phase=train event=interaction_progress trial=1 partition=0 processed=3600 total=14000 metric=ce epoch=1/1
[pipeline-trace] wall=19:41:48 elapsed=12.694s phase=train event=interaction_progress trial=1 partition=0 processed=3700 total=14000 metric=ce epoch=1/1
[pipeline-trace] wall=19:41:48 elapsed=12.983s phase=train event=interaction_progress trial=1 partition=0 processed=3800 total=14000 metric=ce epoch=1/1
[pipeline-trace] wall=19:41:48 elapsed=13.285s phase=train event=interaction_progress trial=1 partition=0 processed=3900 total=14000 metric=ce epoch=1/1
[pipeline-trace] wall=19:41:48 elapsed=13.853s phase=train event=interaction_progress trial=0 partition=0 processed=900 total=14000 metric=ce epoch=1/1
[pipeline-trace] wall=19:41:48 elapsed=13.594s phase=train event=interaction_progress trial=1 partition=0 processed=4000 total=14000 metric=ce epoch=1/1
[pipeline-trace] wall=19:41:49 elapsed=13.903s phase=train event=interaction_progress trial=1 partition=0 processed=4100 total=14000 metric=ce epoch=1/1
[pipeline-trace] wall=19:41:49 elapsed=14.137s phase=train event=interaction_progress trial=1 partition=0 processed=4200 total=14000 metric=ce epoch=1/1
[pipeline-trace] wall=19:41:49 elapsed=14.371s phase=train event=interaction_progress trial=1 partition=0 processed=4300 total=14000 metric=ce epoch=1/1
[pipeline-trace] wall=19:41:50 elapsed=14.664s phase=train event=interaction_progress trial=1 partition=0 processed=4400 total=14000 metric=ce epoch=1/1
[pipeline-trace] wall=19:41:50 elapsed=15.034s phase=train event=interaction_progress trial=0 partition=0 processed=1000 total=14000 metric=ce epoch=1/1
[pipeline-trace] wall=19:41:50 elapsed=14.888s phase=train event=interaction_progress trial=1 partition=0 processed=4500 total=14000 metric=ce epoch=1/1
[pipeline-trace] wall=19:41:50 elapsed=15.168s phase=train event=interaction_progress trial=1 partition=0 processed=4600 total=14000 metric=ce epoch=1/1
[pipeline-trace] wall=19:41:50 elapsed=15.422s phase=train event=interaction_progress trial=1 partition=0 processed=4700 total=14000 metric=ce epoch=1/1
[pipeline-trace] wall=19:41:50 elapsed=15.645s phase=train event=interaction_progress trial=1 partition=0 processed=4800 total=14000 metric=ce epoch=1/1
[pipeline-trace] wall=19:41:51 elapsed=16.178s phase=train event=interaction_progress trial=0 partition=0 processed=1100 total=14000 metric=ce epoch=1/1
[pipeline-trace] wall=19:41:51 elapsed=15.875s phase=train event=interaction_progress trial=1 partition=0 processed=4900 total=14000 metric=ce epoch=1/1
[pipeline-trace] wall=19:41:51 elapsed=16.097s phase=train event=interaction_progress trial=1 partition=0 processed=5000 total=14000 metric=ce epoch=1/1
[pipeline-trace] wall=19:41:51 elapsed=16.311s phase=train event=interaction_progress trial=1 partition=0 processed=5100 total=14000 metric=ce epoch=1/1
[pipeline-trace] wall=19:41:51 elapsed=16.536s phase=train event=interaction_progress trial=1 partition=0 processed=5200 total=14000 metric=ce epoch=1/1
[pipeline-trace] wall=19:41:52 elapsed=16.757s phase=train event=interaction_progress trial=1 partition=0 processed=5300 total=14000 metric=ce epoch=1/1
[pipeline-trace] wall=19:41:52 elapsed=16.989s phase=train event=interaction_progress trial=1 partition=0 processed=5400 total=14000 metric=ce epoch=1/1
[pipeline-trace] wall=19:41:52 elapsed=17.349s phase=train event=interaction_progress trial=0 partition=0 processed=1200 total=14000 metric=ce epoch=1/1
[pipeline-trace] wall=19:41:52 elapsed=17.209s phase=train event=interaction_progress trial=1 partition=0 processed=5500 total=14000 metric=ce epoch=1/1
[pipeline-trace] wall=19:41:52 elapsed=17.423s phase=train event=interaction_progress trial=1 partition=0 processed=5600 total=14000 metric=ce epoch=1/1
[pipeline-trace] wall=19:41:52 elapsed=17.635s phase=train event=interaction_progress trial=1 partition=0 processed=5700 total=14000 metric=ce epoch=1/1
[pipeline-trace] wall=19:41:53 elapsed=17.846s phase=train event=interaction_progress trial=1 partition=0 processed=5800 total=14000 metric=ce epoch=1/1
[pipeline-trace] wall=19:41:53 elapsed=18.071s phase=train event=interaction_progress trial=1 partition=0 processed=5900 total=14000 metric=ce epoch=1/1
[pipeline-trace] wall=19:41:53 elapsed=18.491s phase=train event=interaction_progress trial=0 partition=0 processed=1300 total=14000 metric=ce epoch=1/1
[pipeline-trace] wall=19:41:53 elapsed=18.276s phase=train event=interaction_progress trial=1 partition=0 processed=6000 total=14000 metric=ce epoch=1/1
[pipeline-trace] wall=19:41:53 elapsed=18.491s phase=train event=interaction_progress trial=1 partition=0 processed=6100 total=14000 metric=ce epoch=1/1
[pipeline-trace] wall=19:41:54 elapsed=18.722s phase=train event=interaction_progress trial=1 partition=0 processed=6200 total=14000 metric=ce epoch=1/1
[pipeline-trace] wall=19:41:54 elapsed=18.969s phase=train event=interaction_progress trial=1 partition=0 processed=6300 total=14000 metric=ce epoch=1/1
[pipeline-trace] wall=19:41:54 elapsed=19.179s phase=train event=interaction_progress trial=1 partition=0 processed=6400 total=14000 metric=ce epoch=1/1
[pipeline-trace] wall=19:41:54 elapsed=19.605s phase=train event=interaction_progress trial=0 partition=0 processed=1400 total=14000 metric=ce epoch=1/1
[pipeline-trace] wall=19:41:54 elapsed=19.404s phase=train event=interaction_progress trial=1 partition=0 processed=6500 total=14000 metric=ce epoch=1/1
[pipeline-trace] wall=19:41:54 elapsed=19.606s phase=train event=interaction_progress trial=1 partition=0 processed=6600 total=14000 metric=ce epoch=1/1
[pipeline-trace] wall=19:41:55 elapsed=19.808s phase=train event=interaction_progress trial=1 partition=0 processed=6700 total=14000 metric=ce epoch=1/1
[pipeline-trace] wall=19:41:55 elapsed=20.009s phase=train event=interaction_progress trial=1 partition=0 processed=6800 total=14000 metric=ce epoch=1/1
[pipeline-trace] wall=19:41:55 elapsed=20.248s phase=train event=interaction_progress trial=1 partition=0 processed=6900 total=14000 metric=ce epoch=1/1
[pipeline-trace] wall=19:41:55 elapsed=20.777s phase=train event=interaction_progress trial=0 partition=0 processed=1500 total=14000 metric=ce epoch=1/1
[pipeline-trace] wall=19:41:55 elapsed=20.494s phase=train event=interaction_progress trial=1 partition=0 processed=7000 total=14000 metric=ce epoch=1/1
[pipeline-trace] wall=19:41:56 elapsed=20.739s phase=train event=interaction_progress trial=1 partition=0 processed=7100 total=14000 metric=ce epoch=1/1
[pipeline-trace] wall=19:41:56 elapsed=20.982s phase=train event=interaction_progress trial=1 partition=0 processed=7200 total=14000 metric=ce epoch=1/1
[pipeline-trace] wall=19:41:56 elapsed=21.236s phase=train event=interaction_progress trial=1 partition=0 processed=7300 total=14000 metric=ce epoch=1/1
[pipeline-trace] wall=19:41:56 elapsed=21.488s phase=train event=interaction_progress trial=1 partition=0 processed=7400 total=14000 metric=ce epoch=1/1
[pipeline-trace] wall=19:41:56 elapsed=21.967s phase=train event=interaction_progress trial=0 partition=0 processed=1600 total=14000 metric=ce epoch=1/1
[pipeline-trace] wall=19:41:57 elapsed=21.734s phase=train event=interaction_progress trial=1 partition=0 processed=7500 total=14000 metric=ce epoch=1/1
[pipeline-trace] wall=19:41:57 elapsed=21.983s phase=train event=interaction_progress trial=1 partition=0 processed=7600 total=14000 metric=ce epoch=1/1
[pipeline-trace] wall=19:41:57 elapsed=22.237s phase=train event=interaction_progress trial=1 partition=0 processed=7700 total=14000 metric=ce epoch=1/1
[pipeline-trace] wall=19:41:57 elapsed=22.500s phase=train event=interaction_progress trial=1 partition=0 processed=7800 total=14000 metric=ce epoch=1/1
[pipeline-trace] wall=19:41:58 elapsed=23.092s phase=train event=interaction_progress trial=0 partition=0 processed=1700 total=14000 metric=ce epoch=1/1
[pipeline-trace] wall=19:41:58 elapsed=22.753s phase=train event=interaction_progress trial=1 partition=0 processed=7900 total=14000 metric=ce epoch=1/1
[pipeline-trace] wall=19:41:58 elapsed=22.999s phase=train event=interaction_progress trial=1 partition=0 processed=8000 total=14000 metric=ce epoch=1/1
[pipeline-trace] wall=19:41:58 elapsed=23.249s phase=train event=interaction_progress trial=1 partition=0 processed=8100 total=14000 metric=ce epoch=1/1
[pipeline-trace] wall=19:41:58 elapsed=23.499s phase=train event=interaction_progress trial=1 partition=0 processed=8200 total=14000 metric=ce epoch=1/1
[pipeline-trace] wall=19:41:59 elapsed=23.744s phase=train event=interaction_progress trial=1 partition=0 processed=8300 total=14000 metric=ce epoch=1/1
[pipeline-trace] wall=19:41:59 elapsed=24.295s phase=train event=interaction_progress trial=0 partition=0 processed=1800 total=14000 metric=ce epoch=1/1
[pipeline-trace] wall=19:41:59 elapsed=23.987s phase=train event=interaction_progress trial=1 partition=0 processed=8400 total=14000 metric=ce epoch=1/1
[pipeline-trace] wall=19:41:59 elapsed=24.230s phase=train event=interaction_progress trial=1 partition=0 processed=8500 total=14000 metric=ce epoch=1/1
[pipeline-trace] wall=19:41:59 elapsed=24.468s phase=train event=interaction_progress trial=1 partition=0 processed=8600 total=14000 metric=ce epoch=1/1
[pipeline-trace] wall=19:42:00 elapsed=24.713s phase=train event=interaction_progress trial=1 partition=0 processed=8700 total=14000 metric=ce epoch=1/1
[pipeline-trace] wall=19:42:00 elapsed=24.962s phase=train event=interaction_progress trial=1 partition=0 processed=8800 total=14000 metric=ce epoch=1/1
[pipeline-trace] wall=19:42:00 elapsed=25.468s phase=train event=interaction_progress trial=0 partition=0 processed=1900 total=14000 metric=ce epoch=1/1
[pipeline-trace] wall=19:42:00 elapsed=25.212s phase=train event=interaction_progress trial=1 partition=0 processed=8900 total=14000 metric=ce epoch=1/1
[pipeline-trace] wall=19:42:00 elapsed=25.455s phase=train event=interaction_progress trial=1 partition=0 processed=9000 total=14000 metric=ce epoch=1/1
[pipeline-trace] wall=19:42:01 elapsed=25.708s phase=train event=interaction_progress trial=1 partition=0 processed=9100 total=14000 metric=ce epoch=1/1
[pipeline-trace] wall=19:42:01 elapsed=25.963s phase=train event=interaction_progress trial=1 partition=0 processed=9200 total=14000 metric=ce epoch=1/1
[pipeline-trace] wall=19:42:01 elapsed=26.209s phase=train event=interaction_progress trial=1 partition=0 processed=9300 total=14000 metric=ce epoch=1/1
[pipeline-trace] wall=19:42:01 elapsed=26.622s phase=train event=interaction_progress trial=0 partition=0 processed=2000 total=14000 metric=ce epoch=1/1
[pipeline-trace] wall=19:42:01 elapsed=26.456s phase=train event=interaction_progress trial=1 partition=0 processed=9400 total=14000 metric=ce epoch=1/1
[pipeline-trace] wall=19:42:02 elapsed=26.696s phase=train event=interaction_progress trial=1 partition=0 processed=9500 total=14000 metric=ce epoch=1/1
[pipeline-trace] wall=19:42:02 elapsed=26.937s phase=train event=interaction_progress trial=1 partition=0 processed=9600 total=14000 metric=ce epoch=1/1
[pipeline-trace] wall=19:42:02 elapsed=27.183s phase=train event=interaction_progress trial=1 partition=0 processed=9700 total=14000 metric=ce epoch=1/1
[pipeline-trace] wall=19:42:02 elapsed=27.430s phase=train event=interaction_progress trial=1 partition=0 processed=9800 total=14000 metric=ce epoch=1/1
[pipeline-trace] wall=19:42:02 elapsed=27.799s phase=train event=interaction_progress trial=0 partition=0 processed=2100 total=14000 metric=ce epoch=1/1
[pipeline-trace] wall=19:42:03 elapsed=27.677s phase=train event=interaction_progress trial=1 partition=0 processed=9900 total=14000 metric=ce epoch=1/1
[pipeline-trace] wall=19:42:03 elapsed=27.946s phase=train event=interaction_progress trial=1 partition=0 processed=10000 total=14000 metric=ce epoch=1/1
[pipeline-trace] wall=19:42:03 elapsed=28.181s phase=train event=interaction_progress trial=1 partition=0 processed=10100 total=14000 metric=ce epoch=1/1
[pipeline-trace] wall=19:42:03 elapsed=28.422s phase=train event=interaction_progress trial=1 partition=0 processed=10200 total=14000 metric=ce epoch=1/1
[pipeline-trace] wall=19:42:03 elapsed=28.944s phase=train event=interaction_progress trial=0 partition=0 processed=2200 total=14000 metric=ce epoch=1/1
[pipeline-trace] wall=19:42:04 elapsed=28.661s phase=train event=interaction_progress trial=1 partition=0 processed=10300 total=14000 metric=ce epoch=1/1
[pipeline-trace] wall=19:42:04 elapsed=28.902s phase=train event=interaction_progress trial=1 partition=0 processed=10400 total=14000 metric=ce epoch=1/1
[pipeline-trace] wall=19:42:04 elapsed=29.148s phase=train event=interaction_progress trial=1 partition=0 processed=10500 total=14000 metric=ce epoch=1/1
[pipeline-trace] wall=19:42:04 elapsed=29.414s phase=train event=interaction_progress trial=1 partition=0 processed=10600 total=14000 metric=ce epoch=1/1
[pipeline-trace] wall=19:42:05 elapsed=29.661s phase=train event=interaction_progress trial=1 partition=0 processed=10700 total=14000 metric=ce epoch=1/1
[pipeline-trace] wall=19:42:05 elapsed=30.115s phase=train event=interaction_progress trial=0 partition=0 processed=2300 total=14000 metric=ce epoch=1/1
[pipeline-trace] wall=19:42:05 elapsed=29.909s phase=train event=interaction_progress trial=1 partition=0 processed=10800 total=14000 metric=ce epoch=1/1
[pipeline-trace] wall=19:42:05 elapsed=30.158s phase=train event=interaction_progress trial=1 partition=0 processed=10900 total=14000 metric=ce epoch=1/1
[pipeline-trace] wall=19:42:05 elapsed=30.408s phase=train event=interaction_progress trial=1 partition=0 processed=11000 total=14000 metric=ce epoch=1/1
[pipeline-trace] wall=19:42:05 elapsed=30.655s phase=train event=interaction_progress trial=1 partition=0 processed=11100 total=14000 metric=ce epoch=1/1
[pipeline-trace] wall=19:42:06 elapsed=30.887s phase=train event=interaction_progress trial=1 partition=0 processed=11200 total=14000 metric=ce epoch=1/1
[pipeline-trace] wall=19:42:06 elapsed=31.313s phase=train event=interaction_progress trial=0 partition=0 processed=2400 total=14000 metric=ce epoch=1/1
[pipeline-trace] wall=19:42:06 elapsed=31.135s phase=train event=interaction_progress trial=1 partition=0 processed=11300 total=14000 metric=ce epoch=1/1
[pipeline-trace] wall=19:42:06 elapsed=31.381s phase=train event=interaction_progress trial=1 partition=0 processed=11400 total=14000 metric=ce epoch=1/1
[pipeline-trace] wall=19:42:06 elapsed=31.619s phase=train event=interaction_progress trial=1 partition=0 processed=11500 total=14000 metric=ce epoch=1/1
[pipeline-trace] wall=19:42:07 elapsed=31.860s phase=train event=interaction_progress trial=1 partition=0 processed=11600 total=14000 metric=ce epoch=1/1
[pipeline-trace] wall=19:42:07 elapsed=32.110s phase=train event=interaction_progress trial=1 partition=0 processed=11700 total=14000 metric=ce epoch=1/1
[pipeline-trace] wall=19:42:07 elapsed=32.496s phase=train event=interaction_progress trial=0 partition=0 processed=2500 total=14000 metric=ce epoch=1/1
[pipeline-trace] wall=19:42:07 elapsed=32.356s phase=train event=interaction_progress trial=1 partition=0 processed=11800 total=14000 metric=ce epoch=1/1
[pipeline-trace] wall=19:42:07 elapsed=32.633s phase=train event=interaction_progress trial=1 partition=0 processed=11900 total=14000 metric=ce epoch=1/1
[pipeline-trace] wall=19:42:08 elapsed=32.911s phase=train event=interaction_progress trial=1 partition=0 processed=12000 total=14000 metric=ce epoch=1/1
[pipeline-trace] wall=19:42:08 elapsed=33.176s phase=train event=interaction_progress trial=1 partition=0 processed=12100 total=14000 metric=ce epoch=1/1
[pipeline-trace] wall=19:42:08 elapsed=33.706s phase=train event=interaction_progress trial=0 partition=0 processed=2600 total=14000 metric=ce epoch=1/1
[pipeline-trace] wall=19:42:08 elapsed=33.441s phase=train event=interaction_progress trial=1 partition=0 processed=12200 total=14000 metric=ce epoch=1/1
[pipeline-trace] wall=19:42:09 elapsed=33.723s phase=train event=interaction_progress trial=1 partition=0 processed=12300 total=14000 metric=ce epoch=1/1
[pipeline-trace] wall=19:42:09 elapsed=33.977s phase=train event=interaction_progress trial=1 partition=0 processed=12400 total=14000 metric=ce epoch=1/1
[pipeline-trace] wall=19:42:09 elapsed=34.228s phase=train event=interaction_progress trial=1 partition=0 processed=12500 total=14000 metric=ce epoch=1/1
[pipeline-trace] wall=19:42:09 elapsed=34.496s phase=train event=interaction_progress trial=1 partition=0 processed=12600 total=14000 metric=ce epoch=1/1
[pipeline-trace] wall=19:42:09 elapsed=34.899s phase=train event=interaction_progress trial=0 partition=0 processed=2700 total=14000 metric=ce epoch=1/1
[pipeline-trace] wall=19:42:10 elapsed=34.758s phase=train event=interaction_progress trial=1 partition=0 processed=12700 total=14000 metric=ce epoch=1/1
[pipeline-trace] wall=19:42:10 elapsed=35.015s phase=train event=interaction_progress trial=1 partition=0 processed=12800 total=14000 metric=ce epoch=1/1
[pipeline-trace] wall=19:42:10 elapsed=35.271s phase=train event=interaction_progress trial=1 partition=0 processed=12900 total=14000 metric=ce epoch=1/1
[pipeline-trace] wall=19:42:10 elapsed=35.538s phase=train event=interaction_progress trial=1 partition=0 processed=13000 total=14000 metric=ce epoch=1/1
[pipeline-trace] wall=19:42:11 elapsed=36.061s phase=train event=interaction_progress trial=0 partition=0 processed=2800 total=14000 metric=ce epoch=1/1
[pipeline-trace] wall=19:42:11 elapsed=35.800s phase=train event=interaction_progress trial=1 partition=0 processed=13100 total=14000 metric=ce epoch=1/1
[pipeline-trace] wall=19:42:11 elapsed=36.050s phase=train event=interaction_progress trial=1 partition=0 processed=13200 total=14000 metric=ce epoch=1/1
[pipeline-trace] wall=19:42:11 elapsed=36.317s phase=train event=interaction_progress trial=1 partition=0 processed=13300 total=14000 metric=ce epoch=1/1
[pipeline-trace] wall=19:42:11 elapsed=36.586s phase=train event=interaction_progress trial=1 partition=0 processed=13400 total=14000 metric=ce epoch=1/1
[pipeline-trace] wall=19:42:12 elapsed=36.858s phase=train event=interaction_progress trial=1 partition=0 processed=13500 total=14000 metric=ce epoch=1/1
[pipeline-trace] wall=19:42:12 elapsed=37.310s phase=train event=interaction_progress trial=0 partition=0 processed=2900 total=14000 metric=ce epoch=1/1
[pipeline-trace] wall=19:42:12 elapsed=37.137s phase=train event=interaction_progress trial=1 partition=0 processed=13600 total=14000 metric=ce epoch=1/1
[pipeline-trace] wall=19:42:12 elapsed=37.388s phase=train event=interaction_progress trial=1 partition=0 processed=13700 total=14000 metric=ce epoch=1/1
[pipeline-trace] wall=19:42:12 elapsed=37.631s phase=train event=interaction_progress trial=1 partition=0 processed=13800 total=14000 metric=ce epoch=1/1
[pipeline-trace] wall=19:42:13 elapsed=37.873s phase=train event=interaction_progress trial=1 partition=0 processed=13900 total=14000 metric=ce epoch=1/1
[pipeline-trace] wall=19:42:13 elapsed=38.441s phase=train event=interaction_progress trial=0 partition=0 processed=3000 total=14000 metric=ce epoch=1/1
[pipeline-trace] wall=19:42:13 elapsed=38.120s phase=train event=interaction_progress trial=1 partition=0 processed=14000 total=14000 metric=ce epoch=1/1
[pipeline-trace] wall=19:42:13 elapsed=38.538s phase=eval event=batch_start trial=1 partitions=[1] synthetic=False
[pipeline-trace] wall=19:42:13 elapsed=38.538s phase=eval event=partition_start trial=1 partition=1 interactions=1999
[pipeline-trace] wall=19:42:13 elapsed=38.539s phase=eval event=interaction_progress trial=1 partition=1 processed=1 total=1999 metric=ranking
[pipeline-trace] wall=19:42:14 elapsed=38.766s phase=eval event=interaction_progress trial=1 partition=1 processed=100 total=1999 metric=ranking
[pipeline-trace] wall=19:42:14 elapsed=38.907s phase=eval event=interaction_progress trial=1 partition=1 processed=200 total=1999 metric=ranking
[pipeline-trace] wall=19:42:14 elapsed=39.053s phase=eval event=interaction_progress trial=1 partition=1 processed=300 total=1999 metric=ranking
[pipeline-trace] wall=19:42:14 elapsed=39.198s phase=eval event=interaction_progress trial=1 partition=1 processed=400 total=1999 metric=ranking
[pipeline-trace] wall=19:42:14 elapsed=39.620s phase=train event=interaction_progress trial=0 partition=0 processed=3100 total=14000 metric=ce epoch=1/1
[pipeline-trace] wall=19:42:14 elapsed=39.341s phase=eval event=interaction_progress trial=1 partition=1 processed=500 total=1999 metric=ranking
[pipeline-trace] wall=19:42:14 elapsed=39.460s phase=eval event=interaction_progress trial=1 partition=1 processed=600 total=1999 metric=ranking
[pipeline-trace] wall=19:42:14 elapsed=39.574s phase=eval event=interaction_progress trial=1 partition=1 processed=700 total=1999 metric=ranking
[pipeline-trace] wall=19:42:15 elapsed=39.687s phase=eval event=interaction_progress trial=1 partition=1 processed=800 total=1999 metric=ranking
[pipeline-trace] wall=19:42:15 elapsed=39.801s phase=eval event=interaction_progress trial=1 partition=1 processed=900 total=1999 metric=ranking
[pipeline-trace] wall=19:42:15 elapsed=39.915s phase=eval event=interaction_progress trial=1 partition=1 processed=1000 total=1999 metric=ranking
[pipeline-trace] wall=19:42:15 elapsed=40.030s phase=eval event=interaction_progress trial=1 partition=1 processed=1100 total=1999 metric=ranking
[pipeline-trace] wall=19:42:15 elapsed=40.144s phase=eval event=interaction_progress trial=1 partition=1 processed=1200 total=1999 metric=ranking
[pipeline-trace] wall=19:42:15 elapsed=40.259s phase=eval event=interaction_progress trial=1 partition=1 processed=1300 total=1999 metric=ranking
[pipeline-trace] wall=19:42:15 elapsed=40.373s phase=eval event=interaction_progress trial=1 partition=1 processed=1400 total=1999 metric=ranking
[pipeline-trace] wall=19:42:15 elapsed=40.811s phase=train event=interaction_progress trial=0 partition=0 processed=3200 total=14000 metric=ce epoch=1/1
[pipeline-trace] wall=19:42:15 elapsed=40.487s phase=eval event=interaction_progress trial=1 partition=1 processed=1500 total=1999 metric=ranking
[pipeline-trace] wall=19:42:15 elapsed=40.602s phase=eval event=interaction_progress trial=1 partition=1 processed=1600 total=1999 metric=ranking
[pipeline-trace] wall=19:42:16 elapsed=40.716s phase=eval event=interaction_progress trial=1 partition=1 processed=1700 total=1999 metric=ranking
[pipeline-trace] wall=19:42:16 elapsed=40.830s phase=eval event=interaction_progress trial=1 partition=1 processed=1800 total=1999 metric=ranking
[pipeline-trace] wall=19:42:16 elapsed=40.944s phase=eval event=interaction_progress trial=1 partition=1 processed=1900 total=1999 metric=ranking
[pipeline-trace] wall=19:42:16 elapsed=41.059s phase=eval event=interaction_progress trial=1 partition=1 processed=1999 total=1999 metric=ranking
[pipeline-trace] wall=19:42:16 elapsed=41.060s phase=eval event=partition_complete trial=1 partition=1 elapsed_sec=2.522 hits=1086 total=1999
[pipeline-trace] wall=19:42:16 elapsed=41.118s phase=train event=interaction_progress trial=2 partition=0 processed=1 total=14000 metric=ce epoch=1/1
[pipeline-trace] wall=19:42:16 elapsed=41.328s phase=train event=interaction_progress trial=2 partition=0 processed=100 total=14000 metric=ce epoch=1/1
[pipeline-trace] wall=19:42:16 elapsed=41.591s phase=train event=interaction_progress trial=2 partition=0 processed=200 total=14000 metric=ce epoch=1/1
[pipeline-trace] wall=19:42:16 elapsed=41.961s phase=train event=interaction_progress trial=0 partition=0 processed=3300 total=14000 metric=ce epoch=1/1
[pipeline-trace] wall=19:42:17 elapsed=41.890s phase=train event=interaction_progress trial=2 partition=0 processed=300 total=14000 metric=ce epoch=1/1
[pipeline-trace] wall=19:42:17 elapsed=42.166s phase=train event=interaction_progress trial=2 partition=0 processed=400 total=14000 metric=ce epoch=1/1
[pipeline-trace] wall=19:42:17 elapsed=42.436s phase=train event=interaction_progress trial=2 partition=0 processed=500 total=14000 metric=ce epoch=1/1
[pipeline-trace] wall=19:42:18 elapsed=42.709s phase=train event=interaction_progress trial=2 partition=0 processed=600 total=14000 metric=ce epoch=1/1
[pipeline-trace] wall=19:42:18 elapsed=43.169s phase=train event=interaction_progress trial=0 partition=0 processed=3400 total=14000 metric=ce epoch=1/1
[pipeline-trace] wall=19:42:18 elapsed=42.984s phase=train event=interaction_progress trial=2 partition=0 processed=700 total=14000 metric=ce epoch=1/1
[pipeline-trace] wall=19:42:18 elapsed=43.255s phase=train event=interaction_progress trial=2 partition=0 processed=800 total=14000 metric=ce epoch=1/1
[pipeline-trace] wall=19:42:18 elapsed=43.522s phase=train event=interaction_progress trial=2 partition=0 processed=900 total=14000 metric=ce epoch=1/1
[pipeline-trace] wall=19:42:19 elapsed=43.766s phase=train event=interaction_progress trial=2 partition=0 processed=1000 total=14000 metric=ce epoch=1/1
[pipeline-trace] wall=19:42:19 elapsed=44.357s phase=train event=interaction_progress trial=0 partition=0 processed=3500 total=14000 metric=ce epoch=1/1
[pipeline-trace] wall=19:42:19 elapsed=44.006s phase=train event=interaction_progress trial=2 partition=0 processed=1100 total=14000 metric=ce epoch=1/1
[pipeline-trace] wall=19:42:19 elapsed=44.293s phase=train event=interaction_progress trial=2 partition=0 processed=1200 total=14000 metric=ce epoch=1/1
[pipeline-trace] wall=19:42:19 elapsed=44.597s phase=train event=interaction_progress trial=2 partition=0 processed=1300 total=14000 metric=ce epoch=1/1
[pipeline-trace] wall=19:42:20 elapsed=44.903s phase=train event=interaction_progress trial=2 partition=0 processed=1400 total=14000 metric=ce epoch=1/1
[pipeline-trace] wall=19:42:20 elapsed=45.497s phase=train event=interaction_progress trial=0 partition=0 processed=3600 total=14000 metric=ce epoch=1/1
[pipeline-trace] wall=19:42:20 elapsed=45.168s phase=train event=interaction_progress trial=2 partition=0 processed=1500 total=14000 metric=ce epoch=1/1
[pipeline-trace] wall=19:42:20 elapsed=45.417s phase=train event=interaction_progress trial=2 partition=0 processed=1600 total=14000 metric=ce epoch=1/1
[pipeline-trace] wall=19:42:20 elapsed=45.652s phase=train event=interaction_progress trial=2 partition=0 processed=1700 total=14000 metric=ce epoch=1/1
[pipeline-trace] wall=19:42:21 elapsed=45.934s phase=train event=interaction_progress trial=2 partition=0 processed=1800 total=14000 metric=ce epoch=1/1
[pipeline-trace] wall=19:42:21 elapsed=46.298s phase=train event=interaction_progress trial=2 partition=0 processed=1900 total=14000 metric=ce epoch=1/1
[pipeline-trace] wall=19:42:21 elapsed=46.712s phase=train event=interaction_progress trial=0 partition=0 processed=3700 total=14000 metric=ce epoch=1/1
[pipeline-trace] wall=19:42:21 elapsed=46.562s phase=train event=interaction_progress trial=2 partition=0 processed=2000 total=14000 metric=ce epoch=1/1
[pipeline-trace] wall=19:42:22 elapsed=46.822s phase=train event=interaction_progress trial=2 partition=0 processed=2100 total=14000 metric=ce epoch=1/1
[pipeline-trace] wall=19:42:22 elapsed=47.108s phase=train event=interaction_progress trial=2 partition=0 processed=2200 total=14000 metric=ce epoch=1/1
[pipeline-trace] wall=19:42:22 elapsed=47.434s phase=train event=interaction_progress trial=2 partition=0 processed=2300 total=14000 metric=ce epoch=1/1
[pipeline-trace] wall=19:42:22 elapsed=47.902s phase=train event=interaction_progress trial=0 partition=0 processed=3800 total=14000 metric=ce epoch=1/1
[pipeline-trace] wall=19:42:23 elapsed=47.757s phase=train event=interaction_progress trial=2 partition=0 processed=2400 total=14000 metric=ce epoch=1/1
[pipeline-trace] wall=19:42:23 elapsed=48.101s phase=train event=interaction_progress trial=2 partition=0 processed=2500 total=14000 metric=ce epoch=1/1
[pipeline-trace] wall=19:42:23 elapsed=48.363s phase=train event=interaction_progress trial=2 partition=0 processed=2600 total=14000 metric=ce epoch=1/1
[pipeline-trace] wall=19:42:23 elapsed=48.592s phase=train event=interaction_progress trial=2 partition=0 processed=2700 total=14000 metric=ce epoch=1/1
[pipeline-trace] wall=19:42:24 elapsed=49.077s phase=train event=interaction_progress trial=0 partition=0 processed=3900 total=14000 metric=ce epoch=1/1
[pipeline-trace] wall=19:42:24 elapsed=48.787s phase=train event=interaction_progress trial=2 partition=0 processed=2800 total=14000 metric=ce epoch=1/1
[pipeline-trace] wall=19:42:24 elapsed=49.016s phase=train event=interaction_progress trial=2 partition=0 processed=2900 total=14000 metric=ce epoch=1/1
[pipeline-trace] wall=19:42:24 elapsed=49.231s phase=train event=interaction_progress trial=2 partition=0 processed=3000 total=14000 metric=ce epoch=1/1
[pipeline-trace] wall=19:42:24 elapsed=49.434s phase=train event=interaction_progress trial=2 partition=0 processed=3100 total=14000 metric=ce epoch=1/1
[pipeline-trace] wall=19:42:24 elapsed=49.631s phase=train event=interaction_progress trial=2 partition=0 processed=3200 total=14000 metric=ce epoch=1/1
[pipeline-trace] wall=19:42:25 elapsed=49.829s phase=train event=interaction_progress trial=2 partition=0 processed=3300 total=14000 metric=ce epoch=1/1
[pipeline-trace] wall=19:42:25 elapsed=50.233s phase=train event=interaction_progress trial=0 partition=0 processed=4000 total=14000 metric=ce epoch=1/1
[pipeline-trace] wall=19:42:25 elapsed=50.067s phase=train event=interaction_progress trial=2 partition=0 processed=3400 total=14000 metric=ce epoch=1/1
[pipeline-trace] wall=19:42:25 elapsed=50.264s phase=train event=interaction_progress trial=2 partition=0 processed=3500 total=14000 metric=ce epoch=1/1
[pipeline-trace] wall=19:42:25 elapsed=50.450s phase=train event=interaction_progress trial=2 partition=0 processed=3600 total=14000 metric=ce epoch=1/1
[pipeline-trace] wall=19:42:25 elapsed=50.640s phase=train event=interaction_progress trial=2 partition=0 processed=3700 total=14000 metric=ce epoch=1/1
[pipeline-trace] wall=19:42:26 elapsed=50.819s phase=train event=interaction_progress trial=2 partition=0 processed=3800 total=14000 metric=ce epoch=1/1
[pipeline-trace] wall=19:42:26 elapsed=51.002s phase=train event=interaction_progress trial=2 partition=0 processed=3900 total=14000 metric=ce epoch=1/1
[pipeline-trace] wall=19:42:26 elapsed=51.391s phase=train event=interaction_progress trial=0 partition=0 processed=4100 total=14000 metric=ce epoch=1/1
[pipeline-trace] wall=19:42:26 elapsed=51.178s phase=train event=interaction_progress trial=2 partition=0 processed=4000 total=14000 metric=ce epoch=1/1
[pipeline-trace] wall=19:42:26 elapsed=51.369s phase=train event=interaction_progress trial=2 partition=0 processed=4100 total=14000 metric=ce epoch=1/1
[pipeline-trace] wall=19:42:26 elapsed=51.565s phase=train event=interaction_progress trial=2 partition=0 processed=4200 total=14000 metric=ce epoch=1/1
[pipeline-trace] wall=19:42:27 elapsed=51.787s phase=train event=interaction_progress trial=2 partition=0 processed=4300 total=14000 metric=ce epoch=1/1
[pipeline-trace] wall=19:42:27 elapsed=52.013s phase=train event=interaction_progress trial=2 partition=0 processed=4400 total=14000 metric=ce epoch=1/1
[pipeline-trace] wall=19:42:27 elapsed=52.459s phase=train event=interaction_progress trial=0 partition=0 processed=4200 total=14000 metric=ce epoch=1/1
[pipeline-trace] wall=19:42:27 elapsed=52.203s phase=train event=interaction_progress trial=2 partition=0 processed=4500 total=14000 metric=ce epoch=1/1
[pipeline-trace] wall=19:42:27 elapsed=52.479s phase=train event=interaction_progress trial=2 partition=0 processed=4600 total=14000 metric=ce epoch=1/1
[pipeline-trace] wall=19:42:28 elapsed=52.713s phase=train event=interaction_progress trial=2 partition=0 processed=4700 total=14000 metric=ce epoch=1/1
[pipeline-trace] wall=19:42:28 elapsed=52.945s phase=train event=interaction_progress trial=2 partition=0 processed=4800 total=14000 metric=ce epoch=1/1
[pipeline-trace] wall=19:42:28 elapsed=53.162s phase=train event=interaction_progress trial=2 partition=0 processed=4900 total=14000 metric=ce epoch=1/1
[pipeline-trace] wall=19:42:28 elapsed=53.635s phase=train event=interaction_progress trial=0 partition=0 processed=4300 total=14000 metric=ce epoch=1/1
[pipeline-trace] wall=19:42:28 elapsed=53.359s phase=train event=interaction_progress trial=2 partition=0 processed=5000 total=14000 metric=ce epoch=1/1
[pipeline-trace] wall=19:42:28 elapsed=53.577s phase=train event=interaction_progress trial=2 partition=0 processed=5100 total=14000 metric=ce epoch=1/1
[pipeline-trace] wall=19:42:29 elapsed=53.799s phase=train event=interaction_progress trial=2 partition=0 processed=5200 total=14000 metric=ce epoch=1/1
[pipeline-trace] wall=19:42:29 elapsed=53.999s phase=train event=interaction_progress trial=2 partition=0 processed=5300 total=14000 metric=ce epoch=1/1
[pipeline-trace] wall=19:42:29 elapsed=54.197s phase=train event=interaction_progress trial=2 partition=0 processed=5400 total=14000 metric=ce epoch=1/1
[pipeline-trace] wall=19:42:29 elapsed=54.427s phase=train event=interaction_progress trial=2 partition=0 processed=5500 total=14000 metric=ce epoch=1/1
[pipeline-trace] wall=19:42:29 elapsed=54.812s phase=train event=interaction_progress trial=0 partition=0 processed=4400 total=14000 metric=ce epoch=1/1
[pipeline-trace] wall=19:42:36 elapsed=61.143s phase=train event=interaction_progress trial=0 partition=0 processed=4500 total=14000 metric=ce epoch=1/1
[pipeline-trace] wall=19:42:36 elapsed=61.223s phase=train event=interaction_progress trial=2 partition=0 processed=5600 total=14000 metric=ce epoch=1/1
[pipeline-trace] wall=19:42:36 elapsed=61.618s phase=train event=interaction_progress trial=2 partition=0 processed=5700 total=14000 metric=ce epoch=1/1
[pipeline-trace] wall=19:42:37 elapsed=61.944s phase=train event=interaction_progress trial=2 partition=0 processed=5800 total=14000 metric=ce epoch=1/1
[pipeline-trace] wall=19:42:37 elapsed=62.322s phase=train event=interaction_progress trial=2 partition=0 processed=5900 total=14000 metric=ce epoch=1/1
[pipeline-trace] wall=19:42:37 elapsed=62.752s phase=train event=interaction_progress trial=0 partition=0 processed=4600 total=14000 metric=ce epoch=1/1
[pipeline-trace] wall=19:42:37 elapsed=62.657s phase=train event=interaction_progress trial=2 partition=0 processed=6000 total=14000 metric=ce epoch=1/1
[pipeline-trace] wall=19:42:38 elapsed=62.975s phase=train event=interaction_progress trial=2 partition=0 processed=6100 total=14000 metric=ce epoch=1/1
[pipeline-trace] wall=19:42:38 elapsed=63.235s phase=train event=interaction_progress trial=2 partition=0 processed=6200 total=14000 metric=ce epoch=1/1
[pipeline-trace] wall=19:42:38 elapsed=63.525s phase=train event=interaction_progress trial=2 partition=0 processed=6300 total=14000 metric=ce epoch=1/1
[pipeline-trace] wall=19:42:38 elapsed=63.918s phase=train event=interaction_progress trial=0 partition=0 processed=4700 total=14000 metric=ce epoch=1/1
[pipeline-trace] wall=19:42:39 elapsed=63.747s phase=train event=interaction_progress trial=2 partition=0 processed=6400 total=14000 metric=ce epoch=1/1
[pipeline-trace] wall=19:42:39 elapsed=63.994s phase=train event=interaction_progress trial=2 partition=0 processed=6500 total=14000 metric=ce epoch=1/1
[pipeline-trace] wall=19:42:39 elapsed=64.226s phase=train event=interaction_progress trial=2 partition=0 processed=6600 total=14000 metric=ce epoch=1/1
[pipeline-trace] wall=19:42:39 elapsed=64.548s phase=train event=interaction_progress trial=2 partition=0 processed=6700 total=14000 metric=ce epoch=1/1
[pipeline-trace] wall=19:42:40 elapsed=65.165s phase=train event=interaction_progress trial=0 partition=0 processed=4800 total=14000 metric=ce epoch=1/1
[pipeline-trace] wall=19:42:40 elapsed=64.839s phase=train event=interaction_progress trial=2 partition=0 processed=6800 total=14000 metric=ce epoch=1/1
[pipeline-trace] wall=19:42:40 elapsed=65.093s phase=train event=interaction_progress trial=2 partition=0 processed=6900 total=14000 metric=ce epoch=1/1
[pipeline-trace] wall=19:42:40 elapsed=65.337s phase=train event=interaction_progress trial=2 partition=0 processed=7000 total=14000 metric=ce epoch=1/1
[pipeline-trace] wall=19:42:40 elapsed=65.566s phase=train event=interaction_progress trial=2 partition=0 processed=7100 total=14000 metric=ce epoch=1/1
[pipeline-trace] wall=19:42:41 elapsed=65.803s phase=train event=interaction_progress trial=2 partition=0 processed=7200 total=14000 metric=ce epoch=1/1
[pipeline-trace] wall=19:42:41 elapsed=66.320s phase=train event=interaction_progress trial=0 partition=0 processed=4900 total=14000 metric=ce epoch=1/1
[pipeline-trace] wall=19:42:41 elapsed=66.044s phase=train event=interaction_progress trial=2 partition=0 processed=7300 total=14000 metric=ce epoch=1/1
[pipeline-trace] wall=19:42:41 elapsed=66.264s phase=train event=interaction_progress trial=2 partition=0 processed=7400 total=14000 metric=ce epoch=1/1
[pipeline-trace] wall=19:42:41 elapsed=66.488s phase=train event=interaction_progress trial=2 partition=0 processed=7500 total=14000 metric=ce epoch=1/1
[pipeline-trace] wall=19:42:42 elapsed=66.714s phase=train event=interaction_progress trial=2 partition=0 processed=7600 total=14000 metric=ce epoch=1/1
[pipeline-trace] wall=19:42:42 elapsed=66.921s phase=train event=interaction_progress trial=2 partition=0 processed=7700 total=14000 metric=ce epoch=1/1
[pipeline-trace] wall=19:42:42 elapsed=67.137s phase=train event=interaction_progress trial=2 partition=0 processed=7800 total=14000 metric=ce epoch=1/1
[pipeline-trace] wall=19:42:42 elapsed=67.497s phase=train event=interaction_progress trial=0 partition=0 processed=5000 total=14000 metric=ce epoch=1/1
[pipeline-trace] wall=19:42:42 elapsed=67.349s phase=train event=interaction_progress trial=2 partition=0 processed=7900 total=14000 metric=ce epoch=1/1
[pipeline-trace] wall=19:42:42 elapsed=67.556s phase=train event=interaction_progress trial=2 partition=0 processed=8000 total=14000 metric=ce epoch=1/1
[pipeline-trace] wall=19:42:43 elapsed=67.756s phase=train event=interaction_progress trial=2 partition=0 processed=8100 total=14000 metric=ce epoch=1/1
[pipeline-trace] wall=19:42:43 elapsed=67.949s phase=train event=interaction_progress trial=2 partition=0 processed=8200 total=14000 metric=ce epoch=1/1
[pipeline-trace] wall=19:42:43 elapsed=68.150s phase=train event=interaction_progress trial=2 partition=0 processed=8300 total=14000 metric=ce epoch=1/1
[pipeline-trace] wall=19:42:43 elapsed=68.660s phase=train event=interaction_progress trial=0 partition=0 processed=5100 total=14000 metric=ce epoch=1/1
[pipeline-trace] wall=19:42:43 elapsed=68.352s phase=train event=interaction_progress trial=2 partition=0 processed=8400 total=14000 metric=ce epoch=1/1
[pipeline-trace] wall=19:42:43 elapsed=68.554s phase=train event=interaction_progress trial=2 partition=0 processed=8500 total=14000 metric=ce epoch=1/1
[pipeline-trace] wall=19:42:44 elapsed=68.756s phase=train event=interaction_progress trial=2 partition=0 processed=8600 total=14000 metric=ce epoch=1/1
[pipeline-trace] wall=19:42:44 elapsed=69.010s phase=train event=interaction_progress trial=2 partition=0 processed=8700 total=14000 metric=ce epoch=1/1
[pipeline-trace] wall=19:42:44 elapsed=69.206s phase=train event=interaction_progress trial=2 partition=0 processed=8800 total=14000 metric=ce epoch=1/1
[pipeline-trace] wall=19:42:44 elapsed=69.411s phase=train event=interaction_progress trial=2 partition=0 processed=8900 total=14000 metric=ce epoch=1/1
[pipeline-trace] wall=19:42:44 elapsed=69.781s phase=train event=interaction_progress trial=0 partition=0 processed=5200 total=14000 metric=ce epoch=1/1
[pipeline-trace] wall=19:42:44 elapsed=69.607s phase=train event=interaction_progress trial=2 partition=0 processed=9000 total=14000 metric=ce epoch=1/1
[pipeline-trace] wall=19:42:45 elapsed=69.835s phase=train event=interaction_progress trial=2 partition=0 processed=9100 total=14000 metric=ce epoch=1/1
[pipeline-trace] wall=19:42:45 elapsed=70.030s phase=train event=interaction_progress trial=2 partition=0 processed=9200 total=14000 metric=ce epoch=1/1
[pipeline-trace] wall=19:42:45 elapsed=70.229s phase=train event=interaction_progress trial=2 partition=0 processed=9300 total=14000 metric=ce epoch=1/1
[pipeline-trace] wall=19:42:45 elapsed=70.425s phase=train event=interaction_progress trial=2 partition=0 processed=9400 total=14000 metric=ce epoch=1/1
[pipeline-trace] wall=19:42:45 elapsed=70.843s phase=train event=interaction_progress trial=0 partition=0 processed=5300 total=14000 metric=ce epoch=1/1
[pipeline-trace] wall=19:42:45 elapsed=70.620s phase=train event=interaction_progress trial=2 partition=0 processed=9500 total=14000 metric=ce epoch=1/1
[pipeline-trace] wall=19:42:46 elapsed=70.820s phase=train event=interaction_progress trial=2 partition=0 processed=9600 total=14000 metric=ce epoch=1/1
[pipeline-trace] wall=19:42:46 elapsed=71.025s phase=train event=interaction_progress trial=2 partition=0 processed=9700 total=14000 metric=ce epoch=1/1
[pipeline-trace] wall=19:42:46 elapsed=71.223s phase=train event=interaction_progress trial=2 partition=0 processed=9800 total=14000 metric=ce epoch=1/1
[pipeline-trace] wall=19:42:46 elapsed=71.420s phase=train event=interaction_progress trial=2 partition=0 processed=9900 total=14000 metric=ce epoch=1/1
[pipeline-trace] wall=19:42:46 elapsed=71.615s phase=train event=interaction_progress trial=2 partition=0 processed=10000 total=14000 metric=ce epoch=1/1
[pipeline-trace] wall=19:42:46 elapsed=72.007s phase=train event=interaction_progress trial=0 partition=0 processed=5400 total=14000 metric=ce epoch=1/1
[pipeline-trace] wall=19:42:47 elapsed=71.809s phase=train event=interaction_progress trial=2 partition=0 processed=10100 total=14000 metric=ce epoch=1/1
[pipeline-trace] wall=19:42:47 elapsed=72.004s phase=train event=interaction_progress trial=2 partition=0 processed=10200 total=14000 metric=ce epoch=1/1
[pipeline-trace] wall=19:42:47 elapsed=72.203s phase=train event=interaction_progress trial=2 partition=0 processed=10300 total=14000 metric=ce epoch=1/1
[pipeline-trace] wall=19:42:47 elapsed=72.406s phase=train event=interaction_progress trial=2 partition=0 processed=10400 total=14000 metric=ce epoch=1/1
[pipeline-trace] wall=19:42:47 elapsed=72.604s phase=train event=interaction_progress trial=2 partition=0 processed=10500 total=14000 metric=ce epoch=1/1
[pipeline-trace] wall=19:42:48 elapsed=73.147s phase=train event=interaction_progress trial=0 partition=0 processed=5500 total=14000 metric=ce epoch=1/1
[pipeline-trace] wall=19:42:48 elapsed=72.800s phase=train event=interaction_progress trial=2 partition=0 processed=10600 total=14000 metric=ce epoch=1/1
[pipeline-trace] wall=19:42:48 elapsed=72.995s phase=train event=interaction_progress trial=2 partition=0 processed=10700 total=14000 metric=ce epoch=1/1
[pipeline-trace] wall=19:42:48 elapsed=73.193s phase=train event=interaction_progress trial=2 partition=0 processed=10800 total=14000 metric=ce epoch=1/1
[pipeline-trace] wall=19:42:48 elapsed=73.392s phase=train event=interaction_progress trial=2 partition=0 processed=10900 total=14000 metric=ce epoch=1/1
[pipeline-trace] wall=19:42:48 elapsed=73.594s phase=train event=interaction_progress trial=2 partition=0 processed=11000 total=14000 metric=ce epoch=1/1
[pipeline-trace] wall=19:42:49 elapsed=73.827s phase=train event=interaction_progress trial=2 partition=0 processed=11100 total=14000 metric=ce epoch=1/1
[pipeline-trace] wall=19:42:49 elapsed=74.310s phase=train event=interaction_progress trial=0 partition=0 processed=5600 total=14000 metric=ce epoch=1/1
[pipeline-trace] wall=19:42:49 elapsed=74.065s phase=train event=interaction_progress trial=2 partition=0 processed=11200 total=14000 metric=ce epoch=1/1
[pipeline-trace] wall=19:42:49 elapsed=74.310s phase=train event=interaction_progress trial=2 partition=0 processed=11300 total=14000 metric=ce epoch=1/1
[pipeline-trace] wall=19:42:49 elapsed=74.565s phase=train event=interaction_progress trial=2 partition=0 processed=11400 total=14000 metric=ce epoch=1/1
[pipeline-trace] wall=19:42:50 elapsed=74.821s phase=train event=interaction_progress trial=2 partition=0 processed=11500 total=14000 metric=ce epoch=1/1
[pipeline-trace] wall=19:42:50 elapsed=75.068s phase=train event=interaction_progress trial=2 partition=0 processed=11600 total=14000 metric=ce epoch=1/1
[pipeline-trace] wall=19:42:50 elapsed=75.514s phase=train event=interaction_progress trial=0 partition=0 processed=5700 total=14000 metric=ce epoch=1/1
[pipeline-trace] wall=19:42:50 elapsed=75.320s phase=train event=interaction_progress trial=2 partition=0 processed=11700 total=14000 metric=ce epoch=1/1
[pipeline-trace] wall=19:42:50 elapsed=75.570s phase=train event=interaction_progress trial=2 partition=0 processed=11800 total=14000 metric=ce epoch=1/1
[pipeline-trace] wall=19:42:51 elapsed=75.812s phase=train event=interaction_progress trial=2 partition=0 processed=11900 total=14000 metric=ce epoch=1/1
[pipeline-trace] wall=19:42:51 elapsed=76.062s phase=train event=interaction_progress trial=2 partition=0 processed=12000 total=14000 metric=ce epoch=1/1
[pipeline-trace] wall=19:42:51 elapsed=76.650s phase=train event=interaction_progress trial=0 partition=0 processed=5800 total=14000 metric=ce epoch=1/1
[pipeline-trace] wall=19:42:51 elapsed=76.346s phase=train event=interaction_progress trial=2 partition=0 processed=12100 total=14000 metric=ce epoch=1/1
[pipeline-trace] wall=19:42:51 elapsed=76.595s phase=train event=interaction_progress trial=2 partition=0 processed=12200 total=14000 metric=ce epoch=1/1
[pipeline-trace] wall=19:42:52 elapsed=76.834s phase=train event=interaction_progress trial=2 partition=0 processed=12300 total=14000 metric=ce epoch=1/1
[pipeline-trace] wall=19:42:52 elapsed=77.072s phase=train event=interaction_progress trial=2 partition=0 processed=12400 total=14000 metric=ce epoch=1/1
[pipeline-trace] wall=19:42:52 elapsed=77.309s phase=train event=interaction_progress trial=2 partition=0 processed=12500 total=14000 metric=ce epoch=1/1
[pipeline-trace] wall=19:42:52 elapsed=77.803s phase=train event=interaction_progress trial=0 partition=0 processed=5900 total=14000 metric=ce epoch=1/1
[pipeline-trace] wall=19:42:52 elapsed=77.542s phase=train event=interaction_progress trial=2 partition=0 processed=12600 total=14000 metric=ce epoch=1/1
[pipeline-trace] wall=19:42:53 elapsed=77.778s phase=train event=interaction_progress trial=2 partition=0 processed=12700 total=14000 metric=ce epoch=1/1
[pipeline-trace] wall=19:42:53 elapsed=78.017s phase=train event=interaction_progress trial=2 partition=0 processed=12800 total=14000 metric=ce epoch=1/1
[pipeline-trace] wall=19:42:53 elapsed=78.252s phase=train event=interaction_progress trial=2 partition=0 processed=12900 total=14000 metric=ce epoch=1/1
[pipeline-trace] wall=19:42:53 elapsed=78.490s phase=train event=interaction_progress trial=2 partition=0 processed=13000 total=14000 metric=ce epoch=1/1
[pipeline-trace] wall=19:42:53 elapsed=78.968s phase=train event=interaction_progress trial=0 partition=0 processed=6000 total=14000 metric=ce epoch=1/1
[pipeline-trace] wall=19:42:54 elapsed=78.722s phase=train event=interaction_progress trial=2 partition=0 processed=13100 total=14000 metric=ce epoch=1/1
[pipeline-trace] wall=19:42:54 elapsed=78.947s phase=train event=interaction_progress trial=2 partition=0 processed=13200 total=14000 metric=ce epoch=1/1
[pipeline-trace] wall=19:42:54 elapsed=79.148s phase=train event=interaction_progress trial=2 partition=0 processed=13300 total=14000 metric=ce epoch=1/1
[pipeline-trace] wall=19:42:54 elapsed=79.357s phase=train event=interaction_progress trial=2 partition=0 processed=13400 total=14000 metric=ce epoch=1/1
[pipeline-trace] wall=19:42:54 elapsed=79.572s phase=train event=interaction_progress trial=2 partition=0 processed=13500 total=14000 metric=ce epoch=1/1
[pipeline-trace] wall=19:42:55 elapsed=80.064s phase=train event=interaction_progress trial=0 partition=0 processed=6100 total=14000 metric=ce epoch=1/1
[pipeline-trace] wall=19:42:55 elapsed=79.773s phase=train event=interaction_progress trial=2 partition=0 processed=13600 total=14000 metric=ce epoch=1/1
[pipeline-trace] wall=19:42:55 elapsed=79.968s phase=train event=interaction_progress trial=2 partition=0 processed=13700 total=14000 metric=ce epoch=1/1
[pipeline-trace] wall=19:42:55 elapsed=80.185s phase=train event=interaction_progress trial=2 partition=0 processed=13800 total=14000 metric=ce epoch=1/1
[pipeline-trace] wall=19:42:55 elapsed=80.391s phase=train event=interaction_progress trial=2 partition=0 processed=13900 total=14000 metric=ce epoch=1/1
[pipeline-trace] wall=19:42:55 elapsed=80.582s phase=train event=interaction_progress trial=2 partition=0 processed=14000 total=14000 metric=ce epoch=1/1
[pipeline-trace] wall=19:42:56 elapsed=80.661s phase=eval event=batch_start trial=2 partitions=[1] synthetic=False
[pipeline-trace] wall=19:42:56 elapsed=80.661s phase=eval event=partition_start trial=2 partition=1 interactions=1999
[pipeline-trace] wall=19:42:56 elapsed=80.661s phase=eval event=interaction_progress trial=2 partition=1 processed=1 total=1999 metric=ranking
[pipeline-trace] wall=19:42:56 elapsed=80.776s phase=eval event=interaction_progress trial=2 partition=1 processed=100 total=1999 metric=ranking
[pipeline-trace] wall=19:42:56 elapsed=80.888s phase=eval event=interaction_progress trial=2 partition=1 processed=200 total=1999 metric=ranking
[pipeline-trace] wall=19:42:56 elapsed=81.256s phase=train event=interaction_progress trial=0 partition=0 processed=6200 total=14000 metric=ce epoch=1/1
[pipeline-trace] wall=19:42:56 elapsed=81.001s phase=eval event=interaction_progress trial=2 partition=1 processed=300 total=1999 metric=ranking
[pipeline-trace] wall=19:42:56 elapsed=81.113s phase=eval event=interaction_progress trial=2 partition=1 processed=400 total=1999 metric=ranking
[pipeline-trace] wall=19:42:56 elapsed=81.225s phase=eval event=interaction_progress trial=2 partition=1 processed=500 total=1999 metric=ranking
[pipeline-trace] wall=19:42:56 elapsed=81.337s phase=eval event=interaction_progress trial=2 partition=1 processed=600 total=1999 metric=ranking
[pipeline-trace] wall=19:42:56 elapsed=81.448s phase=eval event=interaction_progress trial=2 partition=1 processed=700 total=1999 metric=ranking
[pipeline-trace] wall=19:42:56 elapsed=81.560s phase=eval event=interaction_progress trial=2 partition=1 processed=800 total=1999 metric=ranking
[pipeline-trace] wall=19:42:57 elapsed=81.706s phase=eval event=interaction_progress trial=2 partition=1 processed=900 total=1999 metric=ranking
[pipeline-trace] wall=19:42:57 elapsed=81.818s phase=eval event=interaction_progress trial=2 partition=1 processed=1000 total=1999 metric=ranking
[pipeline-trace] wall=19:42:57 elapsed=81.930s phase=eval event=interaction_progress trial=2 partition=1 processed=1100 total=1999 metric=ranking
[pipeline-trace] wall=19:42:57 elapsed=82.042s phase=eval event=interaction_progress trial=2 partition=1 processed=1200 total=1999 metric=ranking
[pipeline-trace] wall=19:42:57 elapsed=82.456s phase=train event=interaction_progress trial=0 partition=0 processed=6300 total=14000 metric=ce epoch=1/1
[pipeline-trace] wall=19:42:57 elapsed=82.154s phase=eval event=interaction_progress trial=2 partition=1 processed=1300 total=1999 metric=ranking
[pipeline-trace] wall=19:42:57 elapsed=82.266s phase=eval event=interaction_progress trial=2 partition=1 processed=1400 total=1999 metric=ranking
[pipeline-trace] wall=19:42:57 elapsed=82.379s phase=eval event=interaction_progress trial=2 partition=1 processed=1500 total=1999 metric=ranking
[pipeline-trace] wall=19:42:57 elapsed=82.492s phase=eval event=interaction_progress trial=2 partition=1 processed=1600 total=1999 metric=ranking
[pipeline-trace] wall=19:42:57 elapsed=82.604s phase=eval event=interaction_progress trial=2 partition=1 processed=1700 total=1999 metric=ranking
[pipeline-trace] wall=19:42:58 elapsed=82.716s phase=eval event=interaction_progress trial=2 partition=1 processed=1800 total=1999 metric=ranking
[pipeline-trace] wall=19:42:58 elapsed=82.828s phase=eval event=interaction_progress trial=2 partition=1 processed=1900 total=1999 metric=ranking
[pipeline-trace] wall=19:42:58 elapsed=82.939s phase=eval event=interaction_progress trial=2 partition=1 processed=1999 total=1999 metric=ranking
[pipeline-trace] wall=19:42:58 elapsed=82.941s phase=eval event=partition_complete trial=2 partition=1 elapsed_sec=2.280 hits=1373 total=1999
[pipeline-trace] wall=19:42:58 elapsed=83.035s phase=train event=interaction_progress trial=3 partition=0 processed=1 total=14000 metric=ce epoch=1/1
[pipeline-trace] wall=19:42:58 elapsed=83.616s phase=train event=interaction_progress trial=0 partition=0 processed=6400 total=14000 metric=ce epoch=1/1
[pipeline-trace] wall=19:42:58 elapsed=83.426s phase=train event=interaction_progress trial=3 partition=0 processed=100 total=14000 metric=ce epoch=1/1
[pipeline-trace] wall=19:42:59 elapsed=83.687s phase=train event=interaction_progress trial=3 partition=0 processed=200 total=14000 metric=ce epoch=1/1
[pipeline-trace] wall=19:42:59 elapsed=84.005s phase=train event=interaction_progress trial=3 partition=0 processed=300 total=14000 metric=ce epoch=1/1
[pipeline-trace] wall=19:42:59 elapsed=84.321s phase=train event=interaction_progress trial=3 partition=0 processed=400 total=14000 metric=ce epoch=1/1
[pipeline-trace] wall=19:42:59 elapsed=84.824s phase=train event=interaction_progress trial=0 partition=0 processed=6500 total=14000 metric=ce epoch=1/1
[pipeline-trace] wall=19:43:00 elapsed=84.663s phase=train event=interaction_progress trial=3 partition=0 processed=500 total=14000 metric=ce epoch=1/1
[pipeline-trace] wall=19:43:00 elapsed=84.978s phase=train event=interaction_progress trial=3 partition=0 processed=600 total=14000 metric=ce epoch=1/1
[pipeline-trace] wall=19:43:00 elapsed=85.280s phase=train event=interaction_progress trial=3 partition=0 processed=700 total=14000 metric=ce epoch=1/1
[pipeline-trace] wall=19:43:00 elapsed=85.581s phase=train event=interaction_progress trial=3 partition=0 processed=800 total=14000 metric=ce epoch=1/1
[pipeline-trace] wall=19:43:00 elapsed=86.008s phase=train event=interaction_progress trial=0 partition=0 processed=6600 total=14000 metric=ce epoch=1/1
[pipeline-trace] wall=19:43:01 elapsed=85.882s phase=train event=interaction_progress trial=3 partition=0 processed=900 total=14000 metric=ce epoch=1/1
[pipeline-trace] wall=19:43:01 elapsed=86.178s phase=train event=interaction_progress trial=3 partition=0 processed=1000 total=14000 metric=ce epoch=1/1
[pipeline-trace] wall=19:43:01 elapsed=86.470s phase=train event=interaction_progress trial=3 partition=0 processed=1100 total=14000 metric=ce epoch=1/1
[pipeline-trace] wall=19:43:02 elapsed=86.747s phase=train event=interaction_progress trial=3 partition=0 processed=1200 total=14000 metric=ce epoch=1/1
[pipeline-trace] wall=19:43:02 elapsed=87.152s phase=train event=interaction_progress trial=0 partition=0 processed=6700 total=14000 metric=ce epoch=1/1
[pipeline-trace] wall=19:43:02 elapsed=87.040s phase=train event=interaction_progress trial=3 partition=0 processed=1300 total=14000 metric=ce epoch=1/1
[pipeline-trace] wall=19:43:02 elapsed=87.334s phase=train event=interaction_progress trial=3 partition=0 processed=1400 total=14000 metric=ce epoch=1/1
[pipeline-trace] wall=19:43:02 elapsed=87.630s phase=train event=interaction_progress trial=3 partition=0 processed=1500 total=14000 metric=ce epoch=1/1
[pipeline-trace] wall=19:43:03 elapsed=87.920s phase=train event=interaction_progress trial=3 partition=0 processed=1600 total=14000 metric=ce epoch=1/1
[pipeline-trace] wall=19:43:03 elapsed=88.372s phase=train event=interaction_progress trial=0 partition=0 processed=6800 total=14000 metric=ce epoch=1/1
[pipeline-trace] wall=19:43:03 elapsed=88.206s phase=train event=interaction_progress trial=3 partition=0 processed=1700 total=14000 metric=ce epoch=1/1
[pipeline-trace] wall=19:43:03 elapsed=88.509s phase=train event=interaction_progress trial=3 partition=0 processed=1800 total=14000 metric=ce epoch=1/1
[pipeline-trace] wall=19:43:04 elapsed=88.807s phase=train event=interaction_progress trial=3 partition=0 processed=1900 total=14000 metric=ce epoch=1/1
[pipeline-trace] wall=19:43:04 elapsed=89.110s phase=train event=interaction_progress trial=3 partition=0 processed=2000 total=14000 metric=ce epoch=1/1
[pipeline-trace] wall=19:43:04 elapsed=89.542s phase=train event=interaction_progress trial=0 partition=0 processed=6900 total=14000 metric=ce epoch=1/1
[pipeline-trace] wall=19:43:04 elapsed=89.395s phase=train event=interaction_progress trial=3 partition=0 processed=2100 total=14000 metric=ce epoch=1/1
[pipeline-trace] wall=19:43:05 elapsed=89.694s phase=train event=interaction_progress trial=3 partition=0 processed=2200 total=14000 metric=ce epoch=1/1
[pipeline-trace] wall=19:43:05 elapsed=89.992s phase=train event=interaction_progress trial=3 partition=0 processed=2300 total=14000 metric=ce epoch=1/1
[pipeline-trace] wall=19:43:05 elapsed=90.298s phase=train event=interaction_progress trial=3 partition=0 processed=2400 total=14000 metric=ce epoch=1/1
[pipeline-trace] wall=19:43:05 elapsed=90.699s phase=train event=interaction_progress trial=0 partition=0 processed=7000 total=14000 metric=ce epoch=1/1
[pipeline-trace] wall=19:43:05 elapsed=90.585s phase=train event=interaction_progress trial=3 partition=0 processed=2500 total=14000 metric=ce epoch=1/1
[pipeline-trace] wall=19:43:06 elapsed=90.880s phase=train event=interaction_progress trial=3 partition=0 processed=2600 total=14000 metric=ce epoch=1/1
[pipeline-trace] wall=19:43:06 elapsed=91.169s phase=train event=interaction_progress trial=3 partition=0 processed=2700 total=14000 metric=ce epoch=1/1
[pipeline-trace] wall=19:43:06 elapsed=91.458s phase=train event=interaction_progress trial=3 partition=0 processed=2800 total=14000 metric=ce epoch=1/1
[pipeline-trace] wall=19:43:06 elapsed=91.880s phase=train event=interaction_progress trial=0 partition=0 processed=7100 total=14000 metric=ce epoch=1/1
[pipeline-trace] wall=19:43:07 elapsed=91.728s phase=train event=interaction_progress trial=3 partition=0 processed=2900 total=14000 metric=ce epoch=1/1
[pipeline-trace] wall=19:43:07 elapsed=92.027s phase=train event=interaction_progress trial=3 partition=0 processed=3000 total=14000 metric=ce epoch=1/1
[pipeline-trace] wall=19:43:07 elapsed=92.343s phase=train event=interaction_progress trial=3 partition=0 processed=3100 total=14000 metric=ce epoch=1/1
[pipeline-trace] wall=19:43:07 elapsed=92.604s phase=train event=interaction_progress trial=3 partition=0 processed=3200 total=14000 metric=ce epoch=1/1
[pipeline-trace] wall=19:43:08 elapsed=93.027s phase=train event=interaction_progress trial=0 partition=0 processed=7200 total=14000 metric=ce epoch=1/1
[pipeline-trace] wall=19:43:08 elapsed=92.885s phase=train event=interaction_progress trial=3 partition=0 processed=3300 total=14000 metric=ce epoch=1/1
[pipeline-trace] wall=19:43:08 elapsed=93.172s phase=train event=interaction_progress trial=3 partition=0 processed=3400 total=14000 metric=ce epoch=1/1
[pipeline-trace] wall=19:43:08 elapsed=93.462s phase=train event=interaction_progress trial=3 partition=0 processed=3500 total=14000 metric=ce epoch=1/1
[pipeline-trace] wall=19:43:09 elapsed=93.774s phase=train event=interaction_progress trial=3 partition=0 processed=3600 total=14000 metric=ce epoch=1/1
[pipeline-trace] wall=19:43:09 elapsed=94.205s phase=train event=interaction_progress trial=0 partition=0 processed=7300 total=14000 metric=ce epoch=1/1
[pipeline-trace] wall=19:43:09 elapsed=94.100s phase=train event=interaction_progress trial=3 partition=0 processed=3700 total=14000 metric=ce epoch=1/1
[pipeline-trace] wall=19:43:09 elapsed=94.384s phase=train event=interaction_progress trial=3 partition=0 processed=3800 total=14000 metric=ce epoch=1/1
[pipeline-trace] wall=19:43:10 elapsed=94.677s phase=train event=interaction_progress trial=3 partition=0 processed=3900 total=14000 metric=ce epoch=1/1
[pipeline-trace] wall=19:43:10 elapsed=94.976s phase=train event=interaction_progress trial=3 partition=0 processed=4000 total=14000 metric=ce epoch=1/1
[pipeline-trace] wall=19:43:10 elapsed=95.408s phase=train event=interaction_progress trial=0 partition=0 processed=7400 total=14000 metric=ce epoch=1/1
[pipeline-trace] wall=19:43:10 elapsed=95.230s phase=train event=interaction_progress trial=3 partition=0 processed=4100 total=14000 metric=ce epoch=1/1
[pipeline-trace] wall=19:43:10 elapsed=95.566s phase=train event=interaction_progress trial=3 partition=0 processed=4200 total=14000 metric=ce epoch=1/1
[pipeline-trace] wall=19:43:11 elapsed=95.868s phase=train event=interaction_progress trial=3 partition=0 processed=4300 total=14000 metric=ce epoch=1/1
[pipeline-trace] wall=19:43:11 elapsed=96.140s phase=train event=interaction_progress trial=3 partition=0 processed=4400 total=14000 metric=ce epoch=1/1
[pipeline-trace] wall=19:43:11 elapsed=96.554s phase=train event=interaction_progress trial=0 partition=0 processed=7500 total=14000 metric=ce epoch=1/1
[pipeline-trace] wall=19:43:11 elapsed=96.386s phase=train event=interaction_progress trial=3 partition=0 processed=4500 total=14000 metric=ce epoch=1/1
[pipeline-trace] wall=19:43:11 elapsed=96.654s phase=train event=interaction_progress trial=3 partition=0 processed=4600 total=14000 metric=ce epoch=1/1
[pipeline-trace] wall=19:43:12 elapsed=96.923s phase=train event=interaction_progress trial=3 partition=0 processed=4700 total=14000 metric=ce epoch=1/1
[pipeline-trace] wall=19:43:12 elapsed=97.194s phase=train event=interaction_progress trial=3 partition=0 processed=4800 total=14000 metric=ce epoch=1/1
[pipeline-trace] wall=19:43:12 elapsed=97.748s phase=train event=interaction_progress trial=0 partition=0 processed=7600 total=14000 metric=ce epoch=1/1
[pipeline-trace] wall=19:43:12 elapsed=97.464s phase=train event=interaction_progress trial=3 partition=0 processed=4900 total=14000 metric=ce epoch=1/1
[pipeline-trace] wall=19:43:13 elapsed=97.749s phase=train event=interaction_progress trial=3 partition=0 processed=5000 total=14000 metric=ce epoch=1/1
[pipeline-trace] wall=19:43:13 elapsed=98.064s phase=train event=interaction_progress trial=3 partition=0 processed=5100 total=14000 metric=ce epoch=1/1
[pipeline-trace] wall=19:43:13 elapsed=98.382s phase=train event=interaction_progress trial=3 partition=0 processed=5200 total=14000 metric=ce epoch=1/1
[pipeline-trace] wall=19:43:13 elapsed=98.922s phase=train event=interaction_progress trial=0 partition=0 processed=7700 total=14000 metric=ce epoch=1/1
[pipeline-trace] wall=19:43:14 elapsed=98.685s phase=train event=interaction_progress trial=3 partition=0 processed=5300 total=14000 metric=ce epoch=1/1
[pipeline-trace] wall=19:43:14 elapsed=98.991s phase=train event=interaction_progress trial=3 partition=0 processed=5400 total=14000 metric=ce epoch=1/1
[pipeline-trace] wall=19:43:14 elapsed=99.303s phase=train event=interaction_progress trial=3 partition=0 processed=5500 total=14000 metric=ce epoch=1/1
[pipeline-trace] wall=19:43:14 elapsed=99.603s phase=train event=interaction_progress trial=3 partition=0 processed=5600 total=14000 metric=ce epoch=1/1
[pipeline-trace] wall=19:43:15 elapsed=100.056s phase=train event=interaction_progress trial=0 partition=0 processed=7800 total=14000 metric=ce epoch=1/1
[pipeline-trace] wall=19:43:15 elapsed=99.891s phase=train event=interaction_progress trial=3 partition=0 processed=5700 total=14000 metric=ce epoch=1/1
[pipeline-trace] wall=19:43:15 elapsed=100.199s phase=train event=interaction_progress trial=3 partition=0 processed=5800 total=14000 metric=ce epoch=1/1
[pipeline-trace] wall=19:43:15 elapsed=100.502s phase=train event=interaction_progress trial=3 partition=0 processed=5900 total=14000 metric=ce epoch=1/1
[pipeline-trace] wall=19:43:16 elapsed=100.802s phase=train event=interaction_progress trial=3 partition=0 processed=6000 total=14000 metric=ce epoch=1/1
[pipeline-trace] wall=19:43:16 elapsed=101.234s phase=train event=interaction_progress trial=0 partition=0 processed=7900 total=14000 metric=ce epoch=1/1
[pipeline-trace] wall=19:43:16 elapsed=101.109s phase=train event=interaction_progress trial=3 partition=0 processed=6100 total=14000 metric=ce epoch=1/1
[pipeline-trace] wall=19:43:16 elapsed=101.417s phase=train event=interaction_progress trial=3 partition=0 processed=6200 total=14000 metric=ce epoch=1/1
[pipeline-trace] wall=19:43:17 elapsed=101.717s phase=train event=interaction_progress trial=3 partition=0 processed=6300 total=14000 metric=ce epoch=1/1
[pipeline-trace] wall=19:43:17 elapsed=102.004s phase=train event=interaction_progress trial=3 partition=0 processed=6400 total=14000 metric=ce epoch=1/1
[pipeline-trace] wall=19:43:17 elapsed=102.401s phase=train event=interaction_progress trial=0 partition=0 processed=8000 total=14000 metric=ce epoch=1/1
[pipeline-trace] wall=19:43:17 elapsed=102.305s phase=train event=interaction_progress trial=3 partition=0 processed=6500 total=14000 metric=ce epoch=1/1
[pipeline-trace] wall=19:43:17 elapsed=102.595s phase=train event=interaction_progress trial=3 partition=0 processed=6600 total=14000 metric=ce epoch=1/1
[pipeline-trace] wall=19:43:18 elapsed=102.881s phase=train event=interaction_progress trial=3 partition=0 processed=6700 total=14000 metric=ce epoch=1/1
[pipeline-trace] wall=19:43:18 elapsed=103.390s phase=train event=interaction_progress trial=0 partition=0 processed=8100 total=14000 metric=ce epoch=1/1
[pipeline-trace] wall=19:43:18 elapsed=103.183s phase=train event=interaction_progress trial=3 partition=0 processed=6800 total=14000 metric=ce epoch=1/1
[pipeline-trace] wall=19:43:18 elapsed=103.730s phase=train event=interaction_progress trial=0 partition=0 processed=8200 total=14000 metric=ce epoch=1/1
[pipeline-trace] wall=19:43:18 elapsed=103.500s phase=train event=interaction_progress trial=3 partition=0 processed=6900 total=14000 metric=ce epoch=1/1
[pipeline-trace] wall=19:43:18 elapsed=104.002s phase=train event=interaction_progress trial=0 partition=0 processed=8300 total=14000 metric=ce epoch=1/1
[pipeline-trace] wall=19:43:19 elapsed=103.763s phase=train event=interaction_progress trial=3 partition=0 processed=7000 total=14000 metric=ce epoch=1/1
[pipeline-trace] wall=19:43:19 elapsed=104.290s phase=train event=interaction_progress trial=0 partition=0 processed=8400 total=14000 metric=ce epoch=1/1
[pipeline-trace] wall=19:43:19 elapsed=104.034s phase=train event=interaction_progress trial=3 partition=0 processed=7100 total=14000 metric=ce epoch=1/1
[pipeline-trace] wall=19:43:19 elapsed=104.320s phase=train event=interaction_progress trial=3 partition=0 processed=7200 total=14000 metric=ce epoch=1/1
[pipeline-trace] wall=19:43:19 elapsed=104.606s phase=train event=interaction_progress trial=3 partition=0 processed=7300 total=14000 metric=ce epoch=1/1
[pipeline-trace] wall=19:43:20 elapsed=105.090s phase=train event=interaction_progress trial=0 partition=0 processed=8500 total=14000 metric=ce epoch=1/1
[pipeline-trace] wall=19:43:20 elapsed=104.894s phase=train event=interaction_progress trial=3 partition=0 processed=7400 total=14000 metric=ce epoch=1/1
[pipeline-trace] wall=19:43:20 elapsed=105.506s phase=train event=interaction_progress trial=0 partition=0 processed=8600 total=14000 metric=ce epoch=1/1
[pipeline-trace] wall=19:43:20 elapsed=105.156s phase=train event=interaction_progress trial=3 partition=0 processed=7500 total=14000 metric=ce epoch=1/1
[pipeline-trace] wall=19:43:20 elapsed=105.820s phase=train event=interaction_progress trial=0 partition=0 processed=8700 total=14000 metric=ce epoch=1/1
[pipeline-trace] wall=19:43:20 elapsed=105.494s phase=train event=interaction_progress trial=3 partition=0 processed=7600 total=14000 metric=ce epoch=1/1
[pipeline-trace] wall=19:43:21 elapsed=106.123s phase=train event=interaction_progress trial=0 partition=0 processed=8800 total=14000 metric=ce epoch=1/1
[pipeline-trace] wall=19:43:21 elapsed=105.814s phase=train event=interaction_progress trial=3 partition=0 processed=7700 total=14000 metric=ce epoch=1/1
[pipeline-trace] wall=19:43:21 elapsed=106.499s phase=train event=interaction_progress trial=0 partition=0 processed=8900 total=14000 metric=ce epoch=1/1
[pipeline-trace] wall=19:43:21 elapsed=106.257s phase=train event=interaction_progress trial=3 partition=0 processed=7800 total=14000 metric=ce epoch=1/1
[pipeline-trace] wall=19:43:21 elapsed=106.937s phase=train event=interaction_progress trial=0 partition=0 processed=9000 total=14000 metric=ce epoch=1/1
[pipeline-trace] wall=19:43:22 elapsed=106.725s phase=train event=interaction_progress trial=3 partition=0 processed=7900 total=14000 metric=ce epoch=1/1
[pipeline-trace] wall=19:43:22 elapsed=107.321s phase=train event=interaction_progress trial=0 partition=0 processed=9100 total=14000 metric=ce epoch=1/1
[pipeline-trace] wall=19:43:22 elapsed=107.180s phase=train event=interaction_progress trial=3 partition=0 processed=8000 total=14000 metric=ce epoch=1/1
[pipeline-trace] wall=19:43:23 elapsed=107.673s phase=train event=interaction_progress trial=3 partition=0 processed=8100 total=14000 metric=ce epoch=1/1
[pipeline-trace] wall=19:43:23 elapsed=108.250s phase=train event=interaction_progress trial=0 partition=0 processed=9200 total=14000 metric=ce epoch=1/1
[pipeline-trace] wall=19:43:23 elapsed=108.160s phase=train event=interaction_progress trial=3 partition=0 processed=8200 total=14000 metric=ce epoch=1/1
[pipeline-trace] wall=19:43:23 elapsed=108.574s phase=train event=interaction_progress trial=3 partition=0 processed=8300 total=14000 metric=ce epoch=1/1
[pipeline-trace] wall=19:43:24 elapsed=108.969s phase=train event=interaction_progress trial=3 partition=0 processed=8400 total=14000 metric=ce epoch=1/1
[pipeline-trace] wall=19:43:24 elapsed=109.451s phase=train event=interaction_progress trial=0 partition=0 processed=9300 total=14000 metric=ce epoch=1/1
[pipeline-trace] wall=19:43:24 elapsed=109.384s phase=train event=interaction_progress trial=3 partition=0 processed=8500 total=14000 metric=ce epoch=1/1
[pipeline-trace] wall=19:43:25 elapsed=109.776s phase=train event=interaction_progress trial=3 partition=0 processed=8600 total=14000 metric=ce epoch=1/1
[pipeline-trace] wall=19:43:25 elapsed=110.237s phase=train event=interaction_progress trial=3 partition=0 processed=8700 total=14000 metric=ce epoch=1/1
[pipeline-trace] wall=19:43:25 elapsed=110.626s phase=train event=interaction_progress trial=0 partition=0 processed=9400 total=14000 metric=ce epoch=1/1
[pipeline-trace] wall=19:43:26 elapsed=110.675s phase=train event=interaction_progress trial=3 partition=0 processed=8800 total=14000 metric=ce epoch=1/1
[pipeline-trace] wall=19:43:26 elapsed=111.046s phase=train event=interaction_progress trial=3 partition=0 processed=8900 total=14000 metric=ce epoch=1/1
[pipeline-trace] wall=19:43:26 elapsed=111.652s phase=train event=interaction_progress trial=0 partition=0 processed=9500 total=14000 metric=ce epoch=1/1
[pipeline-trace] wall=19:43:26 elapsed=111.461s phase=train event=interaction_progress trial=3 partition=0 processed=9000 total=14000 metric=ce epoch=1/1
[pipeline-trace] wall=19:43:27 elapsed=111.872s phase=train event=interaction_progress trial=3 partition=0 processed=9100 total=14000 metric=ce epoch=1/1
[pipeline-trace] wall=19:43:27 elapsed=112.287s phase=train event=interaction_progress trial=3 partition=0 processed=9200 total=14000 metric=ce epoch=1/1
[pipeline-trace] wall=19:43:27 elapsed=112.868s phase=train event=interaction_progress trial=0 partition=0 processed=9600 total=14000 metric=ce epoch=1/1
[pipeline-trace] wall=19:43:28 elapsed=112.711s phase=train event=interaction_progress trial=3 partition=0 processed=9300 total=14000 metric=ce epoch=1/1
[pipeline-trace] wall=19:43:28 elapsed=113.116s phase=train event=interaction_progress trial=3 partition=0 processed=9400 total=14000 metric=ce epoch=1/1
[pipeline-trace] wall=19:43:28 elapsed=113.409s phase=train event=interaction_progress trial=3 partition=0 processed=9500 total=14000 metric=ce epoch=1/1
[pipeline-trace] wall=19:43:29 elapsed=114.077s phase=train event=interaction_progress trial=0 partition=0 processed=9700 total=14000 metric=ce epoch=1/1
[pipeline-trace] wall=19:43:29 elapsed=113.742s phase=train event=interaction_progress trial=3 partition=0 processed=9600 total=14000 metric=ce epoch=1/1
[pipeline-trace] wall=19:43:29 elapsed=114.058s phase=train event=interaction_progress trial=3 partition=0 processed=9700 total=14000 metric=ce epoch=1/1
[pipeline-trace] wall=19:43:29 elapsed=114.353s phase=train event=interaction_progress trial=3 partition=0 processed=9800 total=14000 metric=ce epoch=1/1
[pipeline-trace] wall=19:43:30 elapsed=114.700s phase=train event=interaction_progress trial=3 partition=0 processed=9900 total=14000 metric=ce epoch=1/1
[pipeline-trace] wall=19:43:30 elapsed=115.182s phase=train event=interaction_progress trial=0 partition=0 processed=9800 total=14000 metric=ce epoch=1/1
[pipeline-trace] wall=19:43:30 elapsed=114.923s phase=train event=interaction_progress trial=3 partition=0 processed=10000 total=14000 metric=ce epoch=1/1
[pipeline-trace] wall=19:43:30 elapsed=115.166s phase=train event=interaction_progress trial=3 partition=0 processed=10100 total=14000 metric=ce epoch=1/1
[pipeline-trace] wall=19:43:30 elapsed=115.406s phase=train event=interaction_progress trial=3 partition=0 processed=10200 total=14000 metric=ce epoch=1/1
[pipeline-trace] wall=19:43:31 elapsed=115.754s phase=train event=interaction_progress trial=3 partition=0 processed=10300 total=14000 metric=ce epoch=1/1
[pipeline-trace] wall=19:43:31 elapsed=116.316s phase=train event=interaction_progress trial=0 partition=0 processed=9900 total=14000 metric=ce epoch=1/1
[pipeline-trace] wall=19:43:31 elapsed=116.104s phase=train event=interaction_progress trial=3 partition=0 processed=10400 total=14000 metric=ce epoch=1/1
[pipeline-trace] wall=19:43:31 elapsed=116.388s phase=train event=interaction_progress trial=3 partition=0 processed=10500 total=14000 metric=ce epoch=1/1
[pipeline-trace] wall=19:43:32 elapsed=116.703s phase=train event=interaction_progress trial=3 partition=0 processed=10600 total=14000 metric=ce epoch=1/1
[pipeline-trace] wall=19:43:32 elapsed=117.026s phase=train event=interaction_progress trial=3 partition=0 processed=10700 total=14000 metric=ce epoch=1/1
[pipeline-trace] wall=19:43:32 elapsed=117.491s phase=train event=interaction_progress trial=0 partition=0 processed=10000 total=14000 metric=ce epoch=1/1
[pipeline-trace] wall=19:43:32 elapsed=117.297s phase=train event=interaction_progress trial=3 partition=0 processed=10800 total=14000 metric=ce epoch=1/1
[pipeline-trace] wall=19:43:32 elapsed=117.570s phase=train event=interaction_progress trial=3 partition=0 processed=10900 total=14000 metric=ce epoch=1/1
[pipeline-trace] wall=19:43:33 elapsed=117.859s phase=train event=interaction_progress trial=3 partition=0 processed=11000 total=14000 metric=ce epoch=1/1
[pipeline-trace] wall=19:43:33 elapsed=118.071s phase=train event=interaction_progress trial=3 partition=0 processed=11100 total=14000 metric=ce epoch=1/1
[pipeline-trace] wall=19:43:33 elapsed=118.286s phase=train event=interaction_progress trial=3 partition=0 processed=11200 total=14000 metric=ce epoch=1/1
[pipeline-trace] wall=19:43:33 elapsed=118.640s phase=train event=interaction_progress trial=0 partition=0 processed=10100 total=14000 metric=ce epoch=1/1
[pipeline-trace] wall=19:43:33 elapsed=118.526s phase=train event=interaction_progress trial=3 partition=0 processed=11300 total=14000 metric=ce epoch=1/1
[pipeline-trace] wall=19:43:34 elapsed=118.781s phase=train event=interaction_progress trial=3 partition=0 processed=11400 total=14000 metric=ce epoch=1/1
[pipeline-trace] wall=19:43:34 elapsed=119.066s phase=train event=interaction_progress trial=3 partition=0 processed=11500 total=14000 metric=ce epoch=1/1
[pipeline-trace] wall=19:43:34 elapsed=119.326s phase=train event=interaction_progress trial=3 partition=0 processed=11600 total=14000 metric=ce epoch=1/1
[pipeline-trace] wall=19:43:34 elapsed=119.798s phase=train event=interaction_progress trial=0 partition=0 processed=10200 total=14000 metric=ce epoch=1/1
[pipeline-trace] wall=19:43:34 elapsed=119.587s phase=train event=interaction_progress trial=3 partition=0 processed=11700 total=14000 metric=ce epoch=1/1
[pipeline-trace] wall=19:43:35 elapsed=119.869s phase=train event=interaction_progress trial=3 partition=0 processed=11800 total=14000 metric=ce epoch=1/1
[pipeline-trace] wall=19:43:35 elapsed=120.170s phase=train event=interaction_progress trial=3 partition=0 processed=11900 total=14000 metric=ce epoch=1/1
[pipeline-trace] wall=19:43:35 elapsed=120.450s phase=train event=interaction_progress trial=3 partition=0 processed=12000 total=14000 metric=ce epoch=1/1
[pipeline-trace] wall=19:43:36 elapsed=121.031s phase=train event=interaction_progress trial=0 partition=0 processed=10300 total=14000 metric=ce epoch=1/1
[pipeline-trace] wall=19:43:36 elapsed=120.751s phase=train event=interaction_progress trial=3 partition=0 processed=12100 total=14000 metric=ce epoch=1/1
[pipeline-trace] wall=19:43:36 elapsed=121.068s phase=train event=interaction_progress trial=3 partition=0 processed=12200 total=14000 metric=ce epoch=1/1
[pipeline-trace] wall=19:43:36 elapsed=121.390s phase=train event=interaction_progress trial=3 partition=0 processed=12300 total=14000 metric=ce epoch=1/1
[pipeline-trace] wall=19:43:37 elapsed=121.702s phase=train event=interaction_progress trial=3 partition=0 processed=12400 total=14000 metric=ce epoch=1/1
[pipeline-trace] wall=19:43:37 elapsed=122.181s phase=train event=interaction_progress trial=0 partition=0 processed=10400 total=14000 metric=ce epoch=1/1
[pipeline-trace] wall=19:43:37 elapsed=121.993s phase=train event=interaction_progress trial=3 partition=0 processed=12500 total=14000 metric=ce epoch=1/1
[pipeline-trace] wall=19:43:37 elapsed=122.279s phase=train event=interaction_progress trial=3 partition=0 processed=12600 total=14000 metric=ce epoch=1/1
[pipeline-trace] wall=19:43:37 elapsed=122.584s phase=train event=interaction_progress trial=3 partition=0 processed=12700 total=14000 metric=ce epoch=1/1
[pipeline-trace] wall=19:43:38 elapsed=122.841s phase=train event=interaction_progress trial=3 partition=0 processed=12800 total=14000 metric=ce epoch=1/1
[pipeline-trace] wall=19:43:38 elapsed=123.363s phase=train event=interaction_progress trial=0 partition=0 processed=10500 total=14000 metric=ce epoch=1/1
[pipeline-trace] wall=19:43:38 elapsed=123.119s phase=train event=interaction_progress trial=3 partition=0 processed=12900 total=14000 metric=ce epoch=1/1
[pipeline-trace] wall=19:43:38 elapsed=123.407s phase=train event=interaction_progress trial=3 partition=0 processed=13000 total=14000 metric=ce epoch=1/1
[pipeline-trace] wall=19:43:38 elapsed=123.652s phase=train event=interaction_progress trial=3 partition=0 processed=13100 total=14000 metric=ce epoch=1/1
[pipeline-trace] wall=19:43:39 elapsed=123.898s phase=train event=interaction_progress trial=3 partition=0 processed=13200 total=14000 metric=ce epoch=1/1
[pipeline-trace] wall=19:43:39 elapsed=124.200s phase=train event=interaction_progress trial=3 partition=0 processed=13300 total=14000 metric=ce epoch=1/1
[pipeline-trace] wall=19:43:39 elapsed=124.566s phase=train event=interaction_progress trial=0 partition=0 processed=10600 total=14000 metric=ce epoch=1/1
[pipeline-trace] wall=19:43:39 elapsed=124.508s phase=train event=interaction_progress trial=3 partition=0 processed=13400 total=14000 metric=ce epoch=1/1
[pipeline-trace] wall=19:43:40 elapsed=124.813s phase=train event=interaction_progress trial=3 partition=0 processed=13500 total=14000 metric=ce epoch=1/1
[pipeline-trace] wall=19:43:40 elapsed=125.120s phase=train event=interaction_progress trial=3 partition=0 processed=13600 total=14000 metric=ce epoch=1/1
[pipeline-trace] wall=19:43:40 elapsed=125.714s phase=train event=interaction_progress trial=0 partition=0 processed=10700 total=14000 metric=ce epoch=1/1
[pipeline-trace] wall=19:43:40 elapsed=125.408s phase=train event=interaction_progress trial=3 partition=0 processed=13700 total=14000 metric=ce epoch=1/1
[pipeline-trace] wall=19:43:41 elapsed=125.681s phase=train event=interaction_progress trial=3 partition=0 processed=13800 total=14000 metric=ce epoch=1/1
[pipeline-trace] wall=19:43:41 elapsed=125.974s phase=train event=interaction_progress trial=3 partition=0 processed=13900 total=14000 metric=ce epoch=1/1
[pipeline-trace] wall=19:43:41 elapsed=126.284s phase=train event=interaction_progress trial=3 partition=0 processed=14000 total=14000 metric=ce epoch=1/1
[pipeline-trace] wall=19:43:41 elapsed=126.449s phase=eval event=batch_start trial=3 partitions=[1] synthetic=False
[pipeline-trace] wall=19:43:41 elapsed=126.449s phase=eval event=partition_start trial=3 partition=1 interactions=1999
[pipeline-trace] wall=19:43:41 elapsed=126.449s phase=eval event=interaction_progress trial=3 partition=1 processed=1 total=1999 metric=ranking
[pipeline-trace] wall=19:43:41 elapsed=126.564s phase=eval event=interaction_progress trial=3 partition=1 processed=100 total=1999 metric=ranking
[pipeline-trace] wall=19:43:41 elapsed=126.957s phase=train event=interaction_progress trial=0 partition=0 processed=10800 total=14000 metric=ce epoch=1/1
[pipeline-trace] wall=19:43:42 elapsed=126.682s phase=eval event=interaction_progress trial=3 partition=1 processed=200 total=1999 metric=ranking
[pipeline-trace] wall=19:43:42 elapsed=126.798s phase=eval event=interaction_progress trial=3 partition=1 processed=300 total=1999 metric=ranking
[pipeline-trace] wall=19:43:42 elapsed=126.915s phase=eval event=interaction_progress trial=3 partition=1 processed=400 total=1999 metric=ranking
[pipeline-trace] wall=19:43:42 elapsed=127.056s phase=eval event=interaction_progress trial=3 partition=1 processed=500 total=1999 metric=ranking
[pipeline-trace] wall=19:43:42 elapsed=127.201s phase=eval event=interaction_progress trial=3 partition=1 processed=600 total=1999 metric=ranking
[pipeline-trace] wall=19:43:42 elapsed=127.348s phase=eval event=interaction_progress trial=3 partition=1 processed=700 total=1999 metric=ranking
[pipeline-trace] wall=19:43:42 elapsed=127.492s phase=eval event=interaction_progress trial=3 partition=1 processed=800 total=1999 metric=ranking
[pipeline-trace] wall=19:43:42 elapsed=127.638s phase=eval event=interaction_progress trial=3 partition=1 processed=900 total=1999 metric=ranking
[pipeline-trace] wall=19:43:43 elapsed=128.133s phase=train event=interaction_progress trial=0 partition=0 processed=10900 total=14000 metric=ce epoch=1/1
[pipeline-trace] wall=19:43:43 elapsed=127.785s phase=eval event=interaction_progress trial=3 partition=1 processed=1000 total=1999 metric=ranking
[pipeline-trace] wall=19:43:43 elapsed=127.930s phase=eval event=interaction_progress trial=3 partition=1 processed=1100 total=1999 metric=ranking
[pipeline-trace] wall=19:43:43 elapsed=128.075s phase=eval event=interaction_progress trial=3 partition=1 processed=1200 total=1999 metric=ranking
[pipeline-trace] wall=19:43:43 elapsed=128.221s phase=eval event=interaction_progress trial=3 partition=1 processed=1300 total=1999 metric=ranking
[pipeline-trace] wall=19:43:43 elapsed=128.364s phase=eval event=interaction_progress trial=3 partition=1 processed=1400 total=1999 metric=ranking
[pipeline-trace] wall=19:43:43 elapsed=128.508s phase=eval event=interaction_progress trial=3 partition=1 processed=1500 total=1999 metric=ranking
[pipeline-trace] wall=19:43:43 elapsed=128.654s phase=eval event=interaction_progress trial=3 partition=1 processed=1600 total=1999 metric=ranking
[pipeline-trace] wall=19:43:44 elapsed=128.798s phase=eval event=interaction_progress trial=3 partition=1 processed=1700 total=1999 metric=ranking
[pipeline-trace] wall=19:43:44 elapsed=128.942s phase=eval event=interaction_progress trial=3 partition=1 processed=1800 total=1999 metric=ranking
[pipeline-trace] wall=19:43:44 elapsed=129.341s phase=train event=interaction_progress trial=0 partition=0 processed=11000 total=14000 metric=ce epoch=1/1
[pipeline-trace] wall=19:43:44 elapsed=129.085s phase=eval event=interaction_progress trial=3 partition=1 processed=1900 total=1999 metric=ranking
[pipeline-trace] wall=19:43:44 elapsed=129.227s phase=eval event=interaction_progress trial=3 partition=1 processed=1999 total=1999 metric=ranking
[pipeline-trace] wall=19:43:44 elapsed=129.229s phase=eval event=partition_complete trial=3 partition=1 elapsed_sec=2.780 hits=1568 total=1999
[pipeline-trace] wall=19:43:44 elapsed=129.342s phase=train event=interaction_progress trial=4 partition=0 processed=1 total=14000 metric=ce epoch=1/1
[pipeline-trace] wall=19:43:45 elapsed=129.681s phase=train event=interaction_progress trial=4 partition=0 processed=100 total=14000 metric=ce epoch=1/1
[pipeline-trace] wall=19:43:45 elapsed=130.066s phase=train event=interaction_progress trial=4 partition=0 processed=200 total=14000 metric=ce epoch=1/1
[pipeline-trace] wall=19:43:45 elapsed=130.567s phase=train event=interaction_progress trial=0 partition=0 processed=11100 total=14000 metric=ce epoch=1/1
[pipeline-trace] wall=19:43:45 elapsed=130.451s phase=train event=interaction_progress trial=4 partition=0 processed=300 total=14000 metric=ce epoch=1/1
[pipeline-trace] wall=19:43:46 elapsed=130.869s phase=train event=interaction_progress trial=4 partition=0 processed=400 total=14000 metric=ce epoch=1/1
[pipeline-trace] wall=19:43:46 elapsed=131.270s phase=train event=interaction_progress trial=4 partition=0 processed=500 total=14000 metric=ce epoch=1/1
[pipeline-trace] wall=19:43:46 elapsed=131.699s phase=train event=interaction_progress trial=0 partition=0 processed=11200 total=14000 metric=ce epoch=1/1
[pipeline-trace] wall=19:43:47 elapsed=131.670s phase=train event=interaction_progress trial=4 partition=0 processed=600 total=14000 metric=ce epoch=1/1
[pipeline-trace] wall=19:43:47 elapsed=132.090s phase=train event=interaction_progress trial=4 partition=0 processed=700 total=14000 metric=ce epoch=1/1
[pipeline-trace] wall=19:43:47 elapsed=132.509s phase=train event=interaction_progress trial=4 partition=0 processed=800 total=14000 metric=ce epoch=1/1
[pipeline-trace] wall=19:43:47 elapsed=132.886s phase=train event=interaction_progress trial=0 partition=0 processed=11300 total=14000 metric=ce epoch=1/1
[pipeline-trace] wall=19:43:48 elapsed=132.899s phase=train event=interaction_progress trial=4 partition=0 processed=900 total=14000 metric=ce epoch=1/1
[pipeline-trace] wall=19:43:48 elapsed=133.286s phase=train event=interaction_progress trial=4 partition=0 processed=1000 total=14000 metric=ce epoch=1/1
[pipeline-trace] wall=19:43:49 elapsed=133.667s phase=train event=interaction_progress trial=4 partition=0 processed=1100 total=14000 metric=ce epoch=1/1
[pipeline-trace] wall=19:43:49 elapsed=134.087s phase=train event=interaction_progress trial=0 partition=0 processed=11400 total=14000 metric=ce epoch=1/1
[pipeline-trace] wall=19:43:49 elapsed=134.056s phase=train event=interaction_progress trial=4 partition=0 processed=1200 total=14000 metric=ce epoch=1/1
[pipeline-trace] wall=19:43:49 elapsed=134.445s phase=train event=interaction_progress trial=4 partition=0 processed=1300 total=14000 metric=ce epoch=1/1
[pipeline-trace] wall=19:43:50 elapsed=134.844s phase=train event=interaction_progress trial=4 partition=0 processed=1400 total=14000 metric=ce epoch=1/1
[pipeline-trace] wall=19:43:50 elapsed=135.250s phase=train event=interaction_progress trial=0 partition=0 processed=11500 total=14000 metric=ce epoch=1/1
[pipeline-trace] wall=19:43:50 elapsed=135.199s phase=train event=interaction_progress trial=4 partition=0 processed=1500 total=14000 metric=ce epoch=1/1
[pipeline-trace] wall=19:43:50 elapsed=135.516s phase=train event=interaction_progress trial=4 partition=0 processed=1600 total=14000 metric=ce epoch=1/1
[pipeline-trace] wall=19:43:51 elapsed=135.850s phase=train event=interaction_progress trial=4 partition=0 processed=1700 total=14000 metric=ce epoch=1/1
[pipeline-trace] wall=19:43:51 elapsed=136.477s phase=train event=interaction_progress trial=0 partition=0 processed=11600 total=14000 metric=ce epoch=1/1
[pipeline-trace] wall=19:43:51 elapsed=136.179s phase=train event=interaction_progress trial=4 partition=0 processed=1800 total=14000 metric=ce epoch=1/1
[pipeline-trace] wall=19:43:51 elapsed=136.507s phase=train event=interaction_progress trial=4 partition=0 processed=1900 total=14000 metric=ce epoch=1/1
[pipeline-trace] wall=19:43:52 elapsed=136.834s phase=train event=interaction_progress trial=4 partition=0 processed=2000 total=14000 metric=ce epoch=1/1
[pipeline-trace] wall=19:43:52 elapsed=137.229s phase=train event=interaction_progress trial=4 partition=0 processed=2100 total=14000 metric=ce epoch=1/1
[pipeline-trace] wall=19:43:52 elapsed=137.661s phase=train event=interaction_progress trial=0 partition=0 processed=11700 total=14000 metric=ce epoch=1/1
[pipeline-trace] wall=19:43:52 elapsed=137.590s phase=train event=interaction_progress trial=4 partition=0 processed=2200 total=14000 metric=ce epoch=1/1
[pipeline-trace] wall=19:43:53 elapsed=137.996s phase=train event=interaction_progress trial=4 partition=0 processed=2300 total=14000 metric=ce epoch=1/1
[pipeline-trace] wall=19:43:53 elapsed=138.333s phase=train event=interaction_progress trial=4 partition=0 processed=2400 total=14000 metric=ce epoch=1/1
[pipeline-trace] wall=19:43:53 elapsed=138.843s phase=train event=interaction_progress trial=0 partition=0 processed=11800 total=14000 metric=ce epoch=1/1
[pipeline-trace] wall=19:43:53 elapsed=138.651s phase=train event=interaction_progress trial=4 partition=0 processed=2500 total=14000 metric=ce epoch=1/1
[pipeline-trace] wall=19:43:54 elapsed=138.974s phase=train event=interaction_progress trial=4 partition=0 processed=2600 total=14000 metric=ce epoch=1/1
[pipeline-trace] wall=19:43:54 elapsed=139.309s phase=train event=interaction_progress trial=4 partition=0 processed=2700 total=14000 metric=ce epoch=1/1
[pipeline-trace] wall=19:43:55 elapsed=140.050s phase=train event=interaction_progress trial=0 partition=0 processed=11900 total=14000 metric=ce epoch=1/1
[pipeline-trace] wall=19:43:55 elapsed=139.711s phase=train event=interaction_progress trial=4 partition=0 processed=2800 total=14000 metric=ce epoch=1/1
[pipeline-trace] wall=19:43:55 elapsed=140.097s phase=train event=interaction_progress trial=4 partition=0 processed=2900 total=14000 metric=ce epoch=1/1
[pipeline-trace] wall=19:43:55 elapsed=140.436s phase=train event=interaction_progress trial=4 partition=0 processed=3000 total=14000 metric=ce epoch=1/1
[pipeline-trace] wall=19:43:56 elapsed=140.756s phase=train event=interaction_progress trial=4 partition=0 processed=3100 total=14000 metric=ce epoch=1/1
[pipeline-trace] wall=19:43:56 elapsed=141.199s phase=train event=interaction_progress trial=0 partition=0 processed=12000 total=14000 metric=ce epoch=1/1
[pipeline-trace] wall=19:43:56 elapsed=141.084s phase=train event=interaction_progress trial=4 partition=0 processed=3200 total=14000 metric=ce epoch=1/1
[pipeline-trace] wall=19:43:56 elapsed=141.413s phase=train event=interaction_progress trial=4 partition=0 processed=3300 total=14000 metric=ce epoch=1/1
[pipeline-trace] wall=19:43:57 elapsed=141.742s phase=train event=interaction_progress trial=4 partition=0 processed=3400 total=14000 metric=ce epoch=1/1
[pipeline-trace] wall=19:43:57 elapsed=142.417s phase=train event=interaction_progress trial=0 partition=0 processed=12100 total=14000 metric=ce epoch=1/1
[pipeline-trace] wall=19:43:57 elapsed=142.110s phase=train event=interaction_progress trial=4 partition=0 processed=3500 total=14000 metric=ce epoch=1/1
[pipeline-trace] wall=19:43:57 elapsed=142.458s phase=train event=interaction_progress trial=4 partition=0 processed=3600 total=14000 metric=ce epoch=1/1
[pipeline-trace] wall=19:43:58 elapsed=142.817s phase=train event=interaction_progress trial=4 partition=0 processed=3700 total=14000 metric=ce epoch=1/1
[pipeline-trace] wall=19:43:58 elapsed=143.141s phase=train event=interaction_progress trial=4 partition=0 processed=3800 total=14000 metric=ce epoch=1/1
[pipeline-trace] wall=19:43:58 elapsed=143.589s phase=train event=interaction_progress trial=0 partition=0 processed=12200 total=14000 metric=ce epoch=1/1
[pipeline-trace] wall=19:43:58 elapsed=143.463s phase=train event=interaction_progress trial=4 partition=0 processed=3900 total=14000 metric=ce epoch=1/1
[pipeline-trace] wall=19:43:59 elapsed=143.828s phase=train event=interaction_progress trial=4 partition=0 processed=4000 total=14000 metric=ce epoch=1/1
[pipeline-trace] wall=19:43:59 elapsed=144.236s phase=train event=interaction_progress trial=4 partition=0 processed=4100 total=14000 metric=ce epoch=1/1
[pipeline-trace] wall=19:43:59 elapsed=144.777s phase=train event=interaction_progress trial=0 partition=0 processed=12300 total=14000 metric=ce epoch=1/1
[pipeline-trace] wall=19:43:59 elapsed=144.545s phase=train event=interaction_progress trial=4 partition=0 processed=4200 total=14000 metric=ce epoch=1/1
[pipeline-trace] wall=19:44:00 elapsed=144.855s phase=train event=interaction_progress trial=4 partition=0 processed=4300 total=14000 metric=ce epoch=1/1
[pipeline-trace] wall=19:44:00 elapsed=145.167s phase=train event=interaction_progress trial=4 partition=0 processed=4400 total=14000 metric=ce epoch=1/1
[pipeline-trace] wall=19:44:00 elapsed=145.477s phase=train event=interaction_progress trial=4 partition=0 processed=4500 total=14000 metric=ce epoch=1/1
[pipeline-trace] wall=19:44:00 elapsed=145.983s phase=train event=interaction_progress trial=0 partition=0 processed=12400 total=14000 metric=ce epoch=1/1
[pipeline-trace] wall=19:44:01 elapsed=145.784s phase=train event=interaction_progress trial=4 partition=0 processed=4600 total=14000 metric=ce epoch=1/1
[pipeline-trace] wall=19:44:01 elapsed=146.105s phase=train event=interaction_progress trial=4 partition=0 processed=4700 total=14000 metric=ce epoch=1/1
[pipeline-trace] wall=19:44:01 elapsed=146.427s phase=train event=interaction_progress trial=4 partition=0 processed=4800 total=14000 metric=ce epoch=1/1
[pipeline-trace] wall=19:44:02 elapsed=146.744s phase=train event=interaction_progress trial=4 partition=0 processed=4900 total=14000 metric=ce epoch=1/1
[pipeline-trace] wall=19:44:02 elapsed=147.132s phase=train event=interaction_progress trial=0 partition=0 processed=12500 total=14000 metric=ce epoch=1/1
[pipeline-trace] wall=19:44:02 elapsed=147.060s phase=train event=interaction_progress trial=4 partition=0 processed=5000 total=14000 metric=ce epoch=1/1
[pipeline-trace] wall=19:44:02 elapsed=147.394s phase=train event=interaction_progress trial=4 partition=0 processed=5100 total=14000 metric=ce epoch=1/1
[pipeline-trace] wall=19:44:03 elapsed=147.767s phase=train event=interaction_progress trial=4 partition=0 processed=5200 total=14000 metric=ce epoch=1/1
[pipeline-trace] wall=19:44:03 elapsed=148.311s phase=train event=interaction_progress trial=0 partition=0 processed=12600 total=14000 metric=ce epoch=1/1
[pipeline-trace] wall=19:44:03 elapsed=148.147s phase=train event=interaction_progress trial=4 partition=0 processed=5300 total=14000 metric=ce epoch=1/1
[pipeline-trace] wall=19:44:03 elapsed=148.510s phase=train event=interaction_progress trial=4 partition=0 processed=5400 total=14000 metric=ce epoch=1/1
[pipeline-trace] wall=19:44:04 elapsed=148.870s phase=train event=interaction_progress trial=4 partition=0 processed=5500 total=14000 metric=ce epoch=1/1
[pipeline-trace] wall=19:44:04 elapsed=149.492s phase=train event=interaction_progress trial=0 partition=0 processed=12700 total=14000 metric=ce epoch=1/1
[pipeline-trace] wall=19:44:04 elapsed=149.206s phase=train event=interaction_progress trial=4 partition=0 processed=5600 total=14000 metric=ce epoch=1/1
[pipeline-trace] wall=19:44:04 elapsed=149.559s phase=train event=interaction_progress trial=4 partition=0 processed=5700 total=14000 metric=ce epoch=1/1
[pipeline-trace] wall=19:44:05 elapsed=149.884s phase=train event=interaction_progress trial=4 partition=0 processed=5800 total=14000 metric=ce epoch=1/1
[pipeline-trace] wall=19:44:05 elapsed=150.247s phase=train event=interaction_progress trial=4 partition=0 processed=5900 total=14000 metric=ce epoch=1/1
[pipeline-trace] wall=19:44:05 elapsed=150.657s phase=train event=interaction_progress trial=0 partition=0 processed=12800 total=14000 metric=ce epoch=1/1
[pipeline-trace] wall=19:44:05 elapsed=150.601s phase=train event=interaction_progress trial=4 partition=0 processed=6000 total=14000 metric=ce epoch=1/1
[pipeline-trace] wall=19:44:06 elapsed=150.976s phase=train event=interaction_progress trial=4 partition=0 processed=6100 total=14000 metric=ce epoch=1/1
[pipeline-trace] wall=19:44:06 elapsed=151.381s phase=train event=interaction_progress trial=4 partition=0 processed=6200 total=14000 metric=ce epoch=1/1
[pipeline-trace] wall=19:44:06 elapsed=151.865s phase=train event=interaction_progress trial=0 partition=0 processed=12900 total=14000 metric=ce epoch=1/1
[pipeline-trace] wall=19:44:07 elapsed=151.735s phase=train event=interaction_progress trial=4 partition=0 processed=6300 total=14000 metric=ce epoch=1/1
[pipeline-trace] wall=19:44:07 elapsed=152.126s phase=train event=interaction_progress trial=4 partition=0 processed=6400 total=14000 metric=ce epoch=1/1
[pipeline-trace] wall=19:44:07 elapsed=152.492s phase=train event=interaction_progress trial=4 partition=0 processed=6500 total=14000 metric=ce epoch=1/1
[pipeline-trace] wall=19:44:08 elapsed=153.030s phase=train event=interaction_progress trial=0 partition=0 processed=13000 total=14000 metric=ce epoch=1/1
[pipeline-trace] wall=19:44:08 elapsed=152.813s phase=train event=interaction_progress trial=4 partition=0 processed=6600 total=14000 metric=ce epoch=1/1
[pipeline-trace] wall=19:44:08 elapsed=153.146s phase=train event=interaction_progress trial=4 partition=0 processed=6700 total=14000 metric=ce epoch=1/1
[pipeline-trace] wall=19:44:08 elapsed=153.489s phase=train event=interaction_progress trial=4 partition=0 processed=6800 total=14000 metric=ce epoch=1/1
[pipeline-trace] wall=19:44:09 elapsed=154.130s phase=train event=interaction_progress trial=0 partition=0 processed=13100 total=14000 metric=ce epoch=1/1
[pipeline-trace] wall=19:44:09 elapsed=153.881s phase=train event=interaction_progress trial=4 partition=0 processed=6900 total=14000 metric=ce epoch=1/1
[pipeline-trace] wall=19:44:09 elapsed=154.257s phase=train event=interaction_progress trial=4 partition=0 processed=7000 total=14000 metric=ce epoch=1/1
[pipeline-trace] wall=19:44:09 elapsed=154.636s phase=train event=interaction_progress trial=4 partition=0 processed=7100 total=14000 metric=ce epoch=1/1
[pipeline-trace] wall=19:44:10 elapsed=155.322s phase=train event=interaction_progress trial=0 partition=0 processed=13200 total=14000 metric=ce epoch=1/1
[pipeline-trace] wall=19:44:10 elapsed=155.017s phase=train event=interaction_progress trial=4 partition=0 processed=7200 total=14000 metric=ce epoch=1/1
[pipeline-trace] wall=19:44:10 elapsed=155.401s phase=train event=interaction_progress trial=4 partition=0 processed=7300 total=14000 metric=ce epoch=1/1
[pipeline-trace] wall=19:44:11 elapsed=155.722s phase=train event=interaction_progress trial=4 partition=0 processed=7400 total=14000 metric=ce epoch=1/1
[pipeline-trace] wall=19:44:11 elapsed=156.039s phase=train event=interaction_progress trial=4 partition=0 processed=7500 total=14000 metric=ce epoch=1/1
[pipeline-trace] wall=19:44:11 elapsed=156.561s phase=train event=interaction_progress trial=0 partition=0 processed=13300 total=14000 metric=ce epoch=1/1
[pipeline-trace] wall=19:44:11 elapsed=156.388s phase=train event=interaction_progress trial=4 partition=0 processed=7600 total=14000 metric=ce epoch=1/1
[pipeline-trace] wall=19:44:12 elapsed=156.749s phase=train event=interaction_progress trial=4 partition=0 processed=7700 total=14000 metric=ce epoch=1/1
[pipeline-trace] wall=19:44:12 elapsed=157.133s phase=train event=interaction_progress trial=4 partition=0 processed=7800 total=14000 metric=ce epoch=1/1
[pipeline-trace] wall=19:44:12 elapsed=157.717s phase=train event=interaction_progress trial=0 partition=0 processed=13400 total=14000 metric=ce epoch=1/1
[pipeline-trace] wall=19:44:12 elapsed=157.510s phase=train event=interaction_progress trial=4 partition=0 processed=7900 total=14000 metric=ce epoch=1/1
[pipeline-trace] wall=19:44:14 elapsed=159.190s phase=train event=interaction_progress trial=4 partition=0 processed=8000 total=14000 metric=ce epoch=1/1
[pipeline-trace] wall=19:44:14 elapsed=159.685s phase=train event=interaction_progress trial=0 partition=0 processed=13500 total=14000 metric=ce epoch=1/1
[pipeline-trace] wall=19:44:15 elapsed=159.958s phase=train event=interaction_progress trial=4 partition=0 processed=8100 total=14000 metric=ce epoch=1/1
[pipeline-trace] wall=19:44:15 elapsed=160.884s phase=train event=interaction_progress trial=0 partition=0 processed=13600 total=14000 metric=ce epoch=1/1
[pipeline-trace] wall=19:44:15 elapsed=160.560s phase=train event=interaction_progress trial=4 partition=0 processed=8200 total=14000 metric=ce epoch=1/1
[pipeline-trace] wall=19:44:16 elapsed=161.238s phase=train event=interaction_progress trial=4 partition=0 processed=8300 total=14000 metric=ce epoch=1/1
[pipeline-trace] wall=19:44:17 elapsed=161.950s phase=train event=interaction_progress trial=4 partition=0 processed=8400 total=14000 metric=ce epoch=1/1
[pipeline-trace] wall=19:44:18 elapsed=162.804s phase=train event=interaction_progress trial=4 partition=0 processed=8500 total=14000 metric=ce epoch=1/1
[pipeline-trace] wall=19:44:18 elapsed=163.836s phase=train event=interaction_progress trial=0 partition=0 processed=13700 total=14000 metric=ce epoch=1/1
[pipeline-trace] wall=19:44:19 elapsed=163.688s phase=train event=interaction_progress trial=4 partition=0 processed=8600 total=14000 metric=ce epoch=1/1
[pipeline-trace] wall=19:44:19 elapsed=164.358s phase=train event=interaction_progress trial=4 partition=0 processed=8700 total=14000 metric=ce epoch=1/1
[pipeline-trace] wall=19:44:20 elapsed=165.076s phase=train event=interaction_progress trial=0 partition=0 processed=13800 total=14000 metric=ce epoch=1/1
[pipeline-trace] wall=19:44:20 elapsed=164.946s phase=train event=interaction_progress trial=4 partition=0 processed=8800 total=14000 metric=ce epoch=1/1
[pipeline-trace] wall=19:44:20 elapsed=165.348s phase=train event=interaction_progress trial=4 partition=0 processed=8900 total=14000 metric=ce epoch=1/1
[pipeline-trace] wall=19:44:20 elapsed=165.656s phase=train event=interaction_progress trial=4 partition=0 processed=9000 total=14000 metric=ce epoch=1/1
[pipeline-trace] wall=19:44:21 elapsed=166.200s phase=train event=interaction_progress trial=0 partition=0 processed=13900 total=14000 metric=ce epoch=1/1
[pipeline-trace] wall=19:44:21 elapsed=165.987s phase=train event=interaction_progress trial=4 partition=0 processed=9100 total=14000 metric=ce epoch=1/1
[pipeline-trace] wall=19:44:21 elapsed=166.475s phase=train event=interaction_progress trial=4 partition=0 processed=9200 total=14000 metric=ce epoch=1/1
[pipeline-trace] wall=19:44:22 elapsed=166.948s phase=train event=interaction_progress trial=4 partition=0 processed=9300 total=14000 metric=ce epoch=1/1
[pipeline-trace] wall=19:44:22 elapsed=167.356s phase=train event=interaction_progress trial=0 partition=0 processed=14000 total=14000 metric=ce epoch=1/1
[pipeline-trace] wall=19:44:22 elapsed=167.538s phase=eval event=batch_start trial=0 partitions=[1] synthetic=False
[pipeline-trace] wall=19:44:22 elapsed=167.538s phase=eval event=partition_start trial=0 partition=1 interactions=1999
[pipeline-trace] wall=19:44:22 elapsed=167.538s phase=eval event=interaction_progress trial=0 partition=1 processed=1 total=1999 metric=ranking
[pipeline-trace] wall=19:44:22 elapsed=167.395s phase=train event=interaction_progress trial=4 partition=0 processed=9400 total=14000 metric=ce epoch=1/1
[pipeline-trace] wall=19:44:23 elapsed=167.765s phase=train event=interaction_progress trial=4 partition=0 processed=9500 total=14000 metric=ce epoch=1/1
[pipeline-trace] wall=19:44:23 elapsed=168.147s phase=train event=interaction_progress trial=4 partition=0 processed=9600 total=14000 metric=ce epoch=1/1
[pipeline-trace] wall=19:44:23 elapsed=168.658s phase=eval event=interaction_progress trial=0 partition=1 processed=100 total=1999 metric=ranking
[pipeline-trace] wall=19:44:23 elapsed=168.647s phase=train event=interaction_progress trial=4 partition=0 processed=9700 total=14000 metric=ce epoch=1/1
[pipeline-trace] wall=19:44:24 elapsed=169.034s phase=train event=interaction_progress trial=4 partition=0 processed=9800 total=14000 metric=ce epoch=1/1
[pipeline-trace] wall=19:44:24 elapsed=169.368s phase=train event=interaction_progress trial=4 partition=0 processed=9900 total=14000 metric=ce epoch=1/1
[pipeline-trace] wall=19:44:24 elapsed=169.864s phase=eval event=interaction_progress trial=0 partition=1 processed=200 total=1999 metric=ranking
[pipeline-trace] wall=19:44:25 elapsed=169.683s phase=train event=interaction_progress trial=4 partition=0 processed=10000 total=14000 metric=ce epoch=1/1
[pipeline-trace] wall=19:44:25 elapsed=170.047s phase=train event=interaction_progress trial=4 partition=0 processed=10100 total=14000 metric=ce epoch=1/1
[pipeline-trace] wall=19:44:25 elapsed=170.377s phase=train event=interaction_progress trial=4 partition=0 processed=10200 total=14000 metric=ce epoch=1/1
[pipeline-trace] wall=19:44:26 elapsed=170.702s phase=train event=interaction_progress trial=4 partition=0 processed=10300 total=14000 metric=ce epoch=1/1
[pipeline-trace] wall=19:44:26 elapsed=171.158s phase=eval event=interaction_progress trial=0 partition=1 processed=300 total=1999 metric=ranking
[pipeline-trace] wall=19:44:26 elapsed=171.023s phase=train event=interaction_progress trial=4 partition=0 processed=10400 total=14000 metric=ce epoch=1/1
[pipeline-trace] wall=19:44:26 elapsed=171.341s phase=train event=interaction_progress trial=4 partition=0 processed=10500 total=14000 metric=ce epoch=1/1
[pipeline-trace] wall=19:44:26 elapsed=171.642s phase=train event=interaction_progress trial=4 partition=0 processed=10600 total=14000 metric=ce epoch=1/1
[pipeline-trace] wall=19:44:27 elapsed=171.959s phase=train event=interaction_progress trial=4 partition=0 processed=10700 total=14000 metric=ce epoch=1/1
[pipeline-trace] wall=19:44:27 elapsed=172.363s phase=eval event=interaction_progress trial=0 partition=1 processed=400 total=1999 metric=ranking
[pipeline-trace] wall=19:44:27 elapsed=172.296s phase=train event=interaction_progress trial=4 partition=0 processed=10800 total=14000 metric=ce epoch=1/1
[pipeline-trace] wall=19:44:27 elapsed=172.611s phase=train event=interaction_progress trial=4 partition=0 processed=10900 total=14000 metric=ce epoch=1/1
[pipeline-trace] wall=19:44:28 elapsed=172.921s phase=train event=interaction_progress trial=4 partition=0 processed=11000 total=14000 metric=ce epoch=1/1
[pipeline-trace] wall=19:44:28 elapsed=173.234s phase=train event=interaction_progress trial=4 partition=0 processed=11100 total=14000 metric=ce epoch=1/1
[pipeline-trace] wall=19:44:28 elapsed=173.686s phase=eval event=interaction_progress trial=0 partition=1 processed=500 total=1999 metric=ranking
[pipeline-trace] wall=19:44:28 elapsed=173.550s phase=train event=interaction_progress trial=4 partition=0 processed=11200 total=14000 metric=ce epoch=1/1
[pipeline-trace] wall=19:44:29 elapsed=173.871s phase=train event=interaction_progress trial=4 partition=0 processed=11300 total=14000 metric=ce epoch=1/1
[pipeline-trace] wall=19:44:29 elapsed=174.188s phase=train event=interaction_progress trial=4 partition=0 processed=11400 total=14000 metric=ce epoch=1/1
[pipeline-trace] wall=19:44:29 elapsed=174.501s phase=train event=interaction_progress trial=4 partition=0 processed=11500 total=14000 metric=ce epoch=1/1
[pipeline-trace] wall=19:44:29 elapsed=174.932s phase=eval event=interaction_progress trial=0 partition=1 processed=600 total=1999 metric=ranking
[pipeline-trace] wall=19:44:30 elapsed=174.802s phase=train event=interaction_progress trial=4 partition=0 processed=11600 total=14000 metric=ce epoch=1/1
[pipeline-trace] wall=19:44:30 elapsed=175.126s phase=train event=interaction_progress trial=4 partition=0 processed=11700 total=14000 metric=ce epoch=1/1
[pipeline-trace] wall=19:44:30 elapsed=175.399s phase=train event=interaction_progress trial=4 partition=0 processed=11800 total=14000 metric=ce epoch=1/1
[pipeline-trace] wall=19:44:31 elapsed=175.717s phase=train event=interaction_progress trial=4 partition=0 processed=11900 total=14000 metric=ce epoch=1/1
[pipeline-trace] wall=19:44:31 elapsed=176.256s phase=eval event=interaction_progress trial=0 partition=1 processed=700 total=1999 metric=ranking
[pipeline-trace] wall=19:44:31 elapsed=176.113s phase=train event=interaction_progress trial=4 partition=0 processed=12000 total=14000 metric=ce epoch=1/1
[pipeline-trace] wall=19:44:31 elapsed=176.489s phase=train event=interaction_progress trial=4 partition=0 processed=12100 total=14000 metric=ce epoch=1/1
[pipeline-trace] wall=19:44:32 elapsed=176.849s phase=train event=interaction_progress trial=4 partition=0 processed=12200 total=14000 metric=ce epoch=1/1
[pipeline-trace] wall=19:44:32 elapsed=177.542s phase=eval event=interaction_progress trial=0 partition=1 processed=800 total=1999 metric=ranking
[pipeline-trace] wall=19:44:32 elapsed=177.198s phase=train event=interaction_progress trial=4 partition=0 processed=12300 total=14000 metric=ce epoch=1/1
[pipeline-trace] wall=19:44:32 elapsed=177.538s phase=train event=interaction_progress trial=4 partition=0 processed=12400 total=14000 metric=ce epoch=1/1
[pipeline-trace] wall=19:44:33 elapsed=177.882s phase=train event=interaction_progress trial=4 partition=0 processed=12500 total=14000 metric=ce epoch=1/1
[pipeline-trace] wall=19:44:33 elapsed=178.196s phase=train event=interaction_progress trial=4 partition=0 processed=12600 total=14000 metric=ce epoch=1/1
[pipeline-trace] wall=19:44:33 elapsed=178.485s phase=train event=interaction_progress trial=4 partition=0 processed=12700 total=14000 metric=ce epoch=1/1
[pipeline-trace] wall=19:44:33 elapsed=178.853s phase=eval event=interaction_progress trial=0 partition=1 processed=900 total=1999 metric=ranking
[pipeline-trace] wall=19:44:34 elapsed=178.821s phase=train event=interaction_progress trial=4 partition=0 processed=12800 total=14000 metric=ce epoch=1/1
[pipeline-trace] wall=19:44:34 elapsed=179.180s phase=train event=interaction_progress trial=4 partition=0 processed=12900 total=14000 metric=ce epoch=1/1
[pipeline-trace] wall=19:44:34 elapsed=179.529s phase=train event=interaction_progress trial=4 partition=0 processed=13000 total=14000 metric=ce epoch=1/1
[pipeline-trace] wall=19:44:35 elapsed=180.074s phase=eval event=interaction_progress trial=0 partition=1 processed=1000 total=1999 metric=ranking
[pipeline-trace] wall=19:44:35 elapsed=179.843s phase=train event=interaction_progress trial=4 partition=0 processed=13100 total=14000 metric=ce epoch=1/1
[pipeline-trace] wall=19:44:35 elapsed=180.167s phase=train event=interaction_progress trial=4 partition=0 processed=13200 total=14000 metric=ce epoch=1/1
[pipeline-trace] wall=19:44:35 elapsed=180.495s phase=train event=interaction_progress trial=4 partition=0 processed=13300 total=14000 metric=ce epoch=1/1
[pipeline-trace] wall=19:44:36 elapsed=180.808s phase=train event=interaction_progress trial=4 partition=0 processed=13400 total=14000 metric=ce epoch=1/1
[pipeline-trace] wall=19:44:36 elapsed=181.367s phase=eval event=interaction_progress trial=0 partition=1 processed=1100 total=1999 metric=ranking
[pipeline-trace] wall=19:44:36 elapsed=181.160s phase=train event=interaction_progress trial=4 partition=0 processed=13500 total=14000 metric=ce epoch=1/1
[pipeline-trace] wall=19:44:36 elapsed=181.506s phase=train event=interaction_progress trial=4 partition=0 processed=13600 total=14000 metric=ce epoch=1/1
[pipeline-trace] wall=19:44:37 elapsed=181.836s phase=train event=interaction_progress trial=4 partition=0 processed=13700 total=14000 metric=ce epoch=1/1
[pipeline-trace] wall=19:44:37 elapsed=182.580s phase=eval event=interaction_progress trial=0 partition=1 processed=1200 total=1999 metric=ranking
[pipeline-trace] wall=19:44:37 elapsed=182.230s phase=train event=interaction_progress trial=4 partition=0 processed=13800 total=14000 metric=ce epoch=1/1
[pipeline-trace] wall=19:44:37 elapsed=182.613s phase=train event=interaction_progress trial=4 partition=0 processed=13900 total=14000 metric=ce epoch=1/1
[pipeline-trace] wall=19:44:38 elapsed=183.025s phase=train event=interaction_progress trial=4 partition=0 processed=14000 total=14000 metric=ce epoch=1/1
[pipeline-trace] wall=19:44:38 elapsed=183.116s phase=eval event=batch_start trial=4 partitions=[1] synthetic=False
[pipeline-trace] wall=19:44:38 elapsed=183.116s phase=eval event=partition_start trial=4 partition=1 interactions=1999
[pipeline-trace] wall=19:44:38 elapsed=183.116s phase=eval event=interaction_progress trial=4 partition=1 processed=1 total=1999 metric=ranking
[pipeline-trace] wall=19:44:38 elapsed=183.347s phase=eval event=interaction_progress trial=4 partition=1 processed=100 total=1999 metric=ranking
[pipeline-trace] wall=19:44:38 elapsed=183.812s phase=eval event=interaction_progress trial=0 partition=1 processed=1300 total=1999 metric=ranking
[pipeline-trace] wall=19:44:38 elapsed=183.600s phase=eval event=interaction_progress trial=4 partition=1 processed=200 total=1999 metric=ranking
[pipeline-trace] wall=19:44:39 elapsed=183.844s phase=eval event=interaction_progress trial=4 partition=1 processed=300 total=1999 metric=ranking
[pipeline-trace] wall=19:44:39 elapsed=184.079s phase=eval event=interaction_progress trial=4 partition=1 processed=400 total=1999 metric=ranking
[pipeline-trace] wall=19:44:39 elapsed=184.314s phase=eval event=interaction_progress trial=4 partition=1 processed=500 total=1999 metric=ranking
[pipeline-trace] wall=19:44:39 elapsed=184.544s phase=eval event=interaction_progress trial=4 partition=1 processed=600 total=1999 metric=ranking
[pipeline-trace] wall=19:44:40 elapsed=185.087s phase=eval event=interaction_progress trial=0 partition=1 processed=1400 total=1999 metric=ranking
[pipeline-trace] wall=19:44:40 elapsed=184.779s phase=eval event=interaction_progress trial=4 partition=1 processed=700 total=1999 metric=ranking
[pipeline-trace] wall=19:44:40 elapsed=185.012s phase=eval event=interaction_progress trial=4 partition=1 processed=800 total=1999 metric=ranking
[pipeline-trace] wall=19:44:40 elapsed=185.246s phase=eval event=interaction_progress trial=4 partition=1 processed=900 total=1999 metric=ranking
[pipeline-trace] wall=19:44:40 elapsed=185.479s phase=eval event=interaction_progress trial=4 partition=1 processed=1000 total=1999 metric=ranking
[pipeline-trace] wall=19:44:41 elapsed=185.709s phase=eval event=interaction_progress trial=4 partition=1 processed=1100 total=1999 metric=ranking
[pipeline-trace] wall=19:44:41 elapsed=185.936s phase=eval event=interaction_progress trial=4 partition=1 processed=1200 total=1999 metric=ranking
[pipeline-trace] wall=19:44:41 elapsed=186.365s phase=eval event=interaction_progress trial=0 partition=1 processed=1500 total=1999 metric=ranking
[pipeline-trace] wall=19:44:41 elapsed=186.162s phase=eval event=interaction_progress trial=4 partition=1 processed=1300 total=1999 metric=ranking
[pipeline-trace] wall=19:44:41 elapsed=186.389s phase=eval event=interaction_progress trial=4 partition=1 processed=1400 total=1999 metric=ranking
[pipeline-trace] wall=19:44:41 elapsed=186.619s phase=eval event=interaction_progress trial=4 partition=1 processed=1500 total=1999 metric=ranking
[pipeline-trace] wall=19:44:42 elapsed=186.846s phase=eval event=interaction_progress trial=4 partition=1 processed=1600 total=1999 metric=ranking
[pipeline-trace] wall=19:44:42 elapsed=187.075s phase=eval event=interaction_progress trial=4 partition=1 processed=1700 total=1999 metric=ranking
[pipeline-trace] wall=19:44:42 elapsed=187.647s phase=eval event=interaction_progress trial=0 partition=1 processed=1600 total=1999 metric=ranking
[pipeline-trace] wall=19:44:42 elapsed=187.307s phase=eval event=interaction_progress trial=4 partition=1 processed=1800 total=1999 metric=ranking
[pipeline-trace] wall=19:44:42 elapsed=187.536s phase=eval event=interaction_progress trial=4 partition=1 processed=1900 total=1999 metric=ranking
[pipeline-trace] wall=19:44:43 elapsed=187.765s phase=eval event=interaction_progress trial=4 partition=1 processed=1999 total=1999 metric=ranking
[pipeline-trace] wall=19:44:43 elapsed=187.767s phase=eval event=partition_complete trial=4 partition=1 elapsed_sec=4.652 hits=1175 total=1999
[pipeline-trace] wall=19:44:43 elapsed=187.839s phase=train event=interaction_progress trial=5 partition=0 processed=1 total=14000 metric=ce epoch=1/1
[pipeline-trace] wall=19:44:43 elapsed=188.132s phase=train event=interaction_progress trial=5 partition=0 processed=100 total=14000 metric=ce epoch=1/1
[pipeline-trace] wall=19:44:43 elapsed=188.423s phase=train event=interaction_progress trial=5 partition=0 processed=200 total=14000 metric=ce epoch=1/1
[pipeline-trace] wall=19:44:43 elapsed=188.929s phase=eval event=interaction_progress trial=0 partition=1 processed=1700 total=1999 metric=ranking
[pipeline-trace] wall=19:44:44 elapsed=188.719s phase=train event=interaction_progress trial=5 partition=0 processed=300 total=14000 metric=ce epoch=1/1
[pipeline-trace] wall=19:44:44 elapsed=189.016s phase=train event=interaction_progress trial=5 partition=0 processed=400 total=14000 metric=ce epoch=1/1
[pipeline-trace] wall=19:44:44 elapsed=189.324s phase=train event=interaction_progress trial=5 partition=0 processed=500 total=14000 metric=ce epoch=1/1
[pipeline-trace] wall=19:44:44 elapsed=189.619s phase=train event=interaction_progress trial=5 partition=0 processed=600 total=14000 metric=ce epoch=1/1
[pipeline-trace] wall=19:44:45 elapsed=190.222s phase=eval event=interaction_progress trial=0 partition=1 processed=1800 total=1999 metric=ranking
[pipeline-trace] wall=19:44:45 elapsed=189.917s phase=train event=interaction_progress trial=5 partition=0 processed=700 total=14000 metric=ce epoch=1/1
[pipeline-trace] wall=19:44:45 elapsed=190.190s phase=train event=interaction_progress trial=5 partition=0 processed=800 total=14000 metric=ce epoch=1/1
[pipeline-trace] wall=19:44:45 elapsed=190.460s phase=train event=interaction_progress trial=5 partition=0 processed=900 total=14000 metric=ce epoch=1/1
[pipeline-trace] wall=19:44:46 elapsed=190.735s phase=train event=interaction_progress trial=5 partition=0 processed=1000 total=14000 metric=ce epoch=1/1
[pipeline-trace] wall=19:44:46 elapsed=191.039s phase=train event=interaction_progress trial=5 partition=0 processed=1100 total=14000 metric=ce epoch=1/1
[pipeline-trace] wall=19:44:46 elapsed=191.533s phase=eval event=interaction_progress trial=0 partition=1 processed=1900 total=1999 metric=ranking
[pipeline-trace] wall=19:44:46 elapsed=191.335s phase=train event=interaction_progress trial=5 partition=0 processed=1200 total=14000 metric=ce epoch=1/1
[pipeline-trace] wall=19:44:46 elapsed=191.622s phase=train event=interaction_progress trial=5 partition=0 processed=1300 total=14000 metric=ce epoch=1/1
[pipeline-trace] wall=19:44:47 elapsed=191.912s phase=train event=interaction_progress trial=5 partition=0 processed=1400 total=14000 metric=ce epoch=1/1
[pipeline-trace] wall=19:44:47 elapsed=192.202s phase=train event=interaction_progress trial=5 partition=0 processed=1500 total=14000 metric=ce epoch=1/1
[pipeline-trace] wall=19:44:47 elapsed=192.790s phase=eval event=interaction_progress trial=0 partition=1 processed=1999 total=1999 metric=ranking
[pipeline-trace] wall=19:44:47 elapsed=192.807s phase=eval event=partition_complete trial=0 partition=1 elapsed_sec=25.269 hits=1829 total=1999
[pipeline-trace] wall=19:44:47 elapsed=192.490s phase=train event=interaction_progress trial=5 partition=0 processed=1600 total=14000 metric=ce epoch=1/1
[pipeline-trace] wall=19:44:47 elapsed=192.950s phase=train event=interaction_progress trial=6 partition=0 processed=1 total=14000 metric=ce epoch=1/1
[pipeline-trace] wall=19:44:48 elapsed=192.781s phase=train event=interaction_progress trial=5 partition=0 processed=1700 total=14000 metric=ce epoch=1/1
[pipeline-trace] wall=19:44:48 elapsed=193.078s phase=train event=interaction_progress trial=5 partition=0 processed=1800 total=14000 metric=ce epoch=1/1
[pipeline-trace] wall=19:44:48 elapsed=193.363s phase=train event=interaction_progress trial=5 partition=0 processed=1900 total=14000 metric=ce epoch=1/1
[pipeline-trace] wall=19:44:48 elapsed=193.654s phase=train event=interaction_progress trial=5 partition=0 processed=2000 total=14000 metric=ce epoch=1/1
[pipeline-trace] wall=19:44:49 elapsed=193.942s phase=train event=interaction_progress trial=5 partition=0 processed=2100 total=14000 metric=ce epoch=1/1
[pipeline-trace] wall=19:44:49 elapsed=194.350s phase=train event=interaction_progress trial=6 partition=0 processed=100 total=14000 metric=ce epoch=1/1
[pipeline-trace] wall=19:44:49 elapsed=194.203s phase=train event=interaction_progress trial=5 partition=0 processed=2200 total=14000 metric=ce epoch=1/1
[pipeline-trace] wall=19:44:49 elapsed=194.467s phase=train event=interaction_progress trial=5 partition=0 processed=2300 total=14000 metric=ce epoch=1/1
[pipeline-trace] wall=19:44:50 elapsed=194.736s phase=train event=interaction_progress trial=5 partition=0 processed=2400 total=14000 metric=ce epoch=1/1
[pipeline-trace] wall=19:44:50 elapsed=195.064s phase=train event=interaction_progress trial=5 partition=0 processed=2500 total=14000 metric=ce epoch=1/1
[pipeline-trace] wall=19:44:50 elapsed=195.366s phase=train event=interaction_progress trial=5 partition=0 processed=2600 total=14000 metric=ce epoch=1/1
[pipeline-trace] wall=19:44:50 elapsed=195.750s phase=train event=interaction_progress trial=6 partition=0 processed=200 total=14000 metric=ce epoch=1/1
[pipeline-trace] wall=19:44:50 elapsed=195.633s phase=train event=interaction_progress trial=5 partition=0 processed=2700 total=14000 metric=ce epoch=1/1
[pipeline-trace] wall=19:44:51 elapsed=195.922s phase=train event=interaction_progress trial=5 partition=0 processed=2800 total=14000 metric=ce epoch=1/1
[pipeline-trace] wall=19:44:51 elapsed=196.187s phase=train event=interaction_progress trial=5 partition=0 processed=2900 total=14000 metric=ce epoch=1/1
[pipeline-trace] wall=19:44:51 elapsed=196.442s phase=train event=interaction_progress trial=5 partition=0 processed=3000 total=14000 metric=ce epoch=1/1
[pipeline-trace] wall=19:44:52 elapsed=196.745s phase=train event=interaction_progress trial=5 partition=0 processed=3100 total=14000 metric=ce epoch=1/1
[pipeline-trace] wall=19:44:52 elapsed=197.239s phase=train event=interaction_progress trial=6 partition=0 processed=300 total=14000 metric=ce epoch=1/1
[pipeline-trace] wall=19:44:52 elapsed=197.038s phase=train event=interaction_progress trial=5 partition=0 processed=3200 total=14000 metric=ce epoch=1/1
[pipeline-trace] wall=19:44:52 elapsed=197.323s phase=train event=interaction_progress trial=5 partition=0 processed=3300 total=14000 metric=ce epoch=1/1
[pipeline-trace] wall=19:44:52 elapsed=197.613s phase=train event=interaction_progress trial=5 partition=0 processed=3400 total=14000 metric=ce epoch=1/1
[pipeline-trace] wall=19:44:53 elapsed=197.887s phase=train event=interaction_progress trial=5 partition=0 processed=3500 total=14000 metric=ce epoch=1/1
[pipeline-trace] wall=19:44:53 elapsed=198.166s phase=train event=interaction_progress trial=5 partition=0 processed=3600 total=14000 metric=ce epoch=1/1
[pipeline-trace] wall=19:44:53 elapsed=198.686s phase=train event=interaction_progress trial=6 partition=0 processed=400 total=14000 metric=ce epoch=1/1
[pipeline-trace] wall=19:44:53 elapsed=198.450s phase=train event=interaction_progress trial=5 partition=0 processed=3700 total=14000 metric=ce epoch=1/1
[pipeline-trace] wall=19:44:54 elapsed=198.755s phase=train event=interaction_progress trial=5 partition=0 processed=3800 total=14000 metric=ce epoch=1/1
[pipeline-trace] wall=19:44:54 elapsed=199.083s phase=train event=interaction_progress trial=5 partition=0 processed=3900 total=14000 metric=ce epoch=1/1
[pipeline-trace] wall=19:44:54 elapsed=199.484s phase=train event=interaction_progress trial=5 partition=0 processed=4000 total=14000 metric=ce epoch=1/1
[pipeline-trace] wall=19:44:55 elapsed=199.783s phase=train event=interaction_progress trial=5 partition=0 processed=4100 total=14000 metric=ce epoch=1/1
[pipeline-trace] wall=19:44:55 elapsed=200.138s phase=train event=interaction_progress trial=6 partition=0 processed=500 total=14000 metric=ce epoch=1/1
[pipeline-trace] wall=19:44:55 elapsed=200.076s phase=train event=interaction_progress trial=5 partition=0 processed=4200 total=14000 metric=ce epoch=1/1
[pipeline-trace] wall=19:44:55 elapsed=200.416s phase=train event=interaction_progress trial=5 partition=0 processed=4300 total=14000 metric=ce epoch=1/1
[pipeline-trace] wall=19:44:56 elapsed=200.724s phase=train event=interaction_progress trial=5 partition=0 processed=4400 total=14000 metric=ce epoch=1/1
[pipeline-trace] wall=19:44:56 elapsed=201.040s phase=train event=interaction_progress trial=5 partition=0 processed=4500 total=14000 metric=ce epoch=1/1
[pipeline-trace] wall=19:44:56 elapsed=201.525s phase=train event=interaction_progress trial=6 partition=0 processed=600 total=14000 metric=ce epoch=1/1
[pipeline-trace] wall=19:44:56 elapsed=201.359s phase=train event=interaction_progress trial=5 partition=0 processed=4600 total=14000 metric=ce epoch=1/1
[pipeline-trace] wall=19:44:56 elapsed=201.654s phase=train event=interaction_progress trial=5 partition=0 processed=4700 total=14000 metric=ce epoch=1/1
[pipeline-trace] wall=19:44:57 elapsed=201.957s phase=train event=interaction_progress trial=5 partition=0 processed=4800 total=14000 metric=ce epoch=1/1
[pipeline-trace] wall=19:44:57 elapsed=202.269s phase=train event=interaction_progress trial=5 partition=0 processed=4900 total=14000 metric=ce epoch=1/1
[pipeline-trace] wall=19:44:57 elapsed=202.590s phase=train event=interaction_progress trial=5 partition=0 processed=5000 total=14000 metric=ce epoch=1/1
[pipeline-trace] wall=19:44:58 elapsed=203.017s phase=train event=interaction_progress trial=6 partition=0 processed=700 total=14000 metric=ce epoch=1/1
[pipeline-trace] wall=19:44:58 elapsed=202.887s phase=train event=interaction_progress trial=5 partition=0 processed=5100 total=14000 metric=ce epoch=1/1
[pipeline-trace] wall=19:44:58 elapsed=203.215s phase=train event=interaction_progress trial=5 partition=0 processed=5200 total=14000 metric=ce epoch=1/1
[pipeline-trace] wall=19:44:58 elapsed=203.538s phase=train event=interaction_progress trial=5 partition=0 processed=5300 total=14000 metric=ce epoch=1/1
[pipeline-trace] wall=19:44:59 elapsed=203.851s phase=train event=interaction_progress trial=5 partition=0 processed=5400 total=14000 metric=ce epoch=1/1
[pipeline-trace] wall=19:44:59 elapsed=204.146s phase=train event=interaction_progress trial=5 partition=0 processed=5500 total=14000 metric=ce epoch=1/1
[pipeline-trace] wall=19:44:59 elapsed=204.566s phase=train event=interaction_progress trial=6 partition=0 processed=800 total=14000 metric=ce epoch=1/1
[pipeline-trace] wall=19:44:59 elapsed=204.448s phase=train event=interaction_progress trial=5 partition=0 processed=5600 total=14000 metric=ce epoch=1/1
[pipeline-trace] wall=19:45:00 elapsed=204.787s phase=train event=interaction_progress trial=5 partition=0 processed=5700 total=14000 metric=ce epoch=1/1
[pipeline-trace] wall=19:45:00 elapsed=205.078s phase=train event=interaction_progress trial=5 partition=0 processed=5800 total=14000 metric=ce epoch=1/1
[pipeline-trace] wall=19:45:00 elapsed=205.371s phase=train event=interaction_progress trial=5 partition=0 processed=5900 total=14000 metric=ce epoch=1/1
[pipeline-trace] wall=19:45:01 elapsed=205.661s phase=train event=interaction_progress trial=5 partition=0 processed=6000 total=14000 metric=ce epoch=1/1
[pipeline-trace] wall=19:45:01 elapsed=206.021s phase=train event=interaction_progress trial=6 partition=0 processed=900 total=14000 metric=ce epoch=1/1
[pipeline-trace] wall=19:45:01 elapsed=205.946s phase=train event=interaction_progress trial=5 partition=0 processed=6100 total=14000 metric=ce epoch=1/1
[pipeline-trace] wall=19:45:01 elapsed=206.240s phase=train event=interaction_progress trial=5 partition=0 processed=6200 total=14000 metric=ce epoch=1/1
[pipeline-trace] wall=19:45:01 elapsed=206.547s phase=train event=interaction_progress trial=5 partition=0 processed=6300 total=14000 metric=ce epoch=1/1
[pipeline-trace] wall=19:45:02 elapsed=206.874s phase=train event=interaction_progress trial=5 partition=0 processed=6400 total=14000 metric=ce epoch=1/1
[pipeline-trace] wall=19:45:02 elapsed=207.504s phase=train event=interaction_progress trial=6 partition=0 processed=1000 total=14000 metric=ce epoch=1/1
[pipeline-trace] wall=19:45:02 elapsed=207.172s phase=train event=interaction_progress trial=5 partition=0 processed=6500 total=14000 metric=ce epoch=1/1
[pipeline-trace] wall=19:45:02 elapsed=207.471s phase=train event=interaction_progress trial=5 partition=0 processed=6600 total=14000 metric=ce epoch=1/1
[pipeline-trace] wall=19:45:03 elapsed=207.761s phase=train event=interaction_progress trial=5 partition=0 processed=6700 total=14000 metric=ce epoch=1/1
[pipeline-trace] wall=19:45:03 elapsed=208.049s phase=train event=interaction_progress trial=5 partition=0 processed=6800 total=14000 metric=ce epoch=1/1
[pipeline-trace] wall=19:45:03 elapsed=208.346s phase=train event=interaction_progress trial=5 partition=0 processed=6900 total=14000 metric=ce epoch=1/1
[pipeline-trace] wall=19:45:03 elapsed=208.629s phase=train event=interaction_progress trial=5 partition=0 processed=7000 total=14000 metric=ce epoch=1/1
[pipeline-trace] wall=19:45:04 elapsed=209.024s phase=train event=interaction_progress trial=6 partition=0 processed=1100 total=14000 metric=ce epoch=1/1
[pipeline-trace] wall=19:45:04 elapsed=208.918s phase=train event=interaction_progress trial=5 partition=0 processed=7100 total=14000 metric=ce epoch=1/1
[pipeline-trace] wall=19:45:05 elapsed=210.378s phase=train event=interaction_progress trial=6 partition=0 processed=1200 total=14000 metric=ce epoch=1/1
[pipeline-trace] wall=19:45:05 elapsed=210.256s phase=train event=interaction_progress trial=5 partition=0 processed=7200 total=14000 metric=ce epoch=1/1
[pipeline-trace] wall=19:45:06 elapsed=210.713s phase=train event=interaction_progress trial=5 partition=0 processed=7300 total=14000 metric=ce epoch=1/1
[pipeline-trace] wall=19:45:06 elapsed=211.230s phase=train event=interaction_progress trial=5 partition=0 processed=7400 total=14000 metric=ce epoch=1/1
[pipeline-trace] wall=19:45:06 elapsed=211.743s phase=train event=interaction_progress trial=6 partition=0 processed=1300 total=14000 metric=ce epoch=1/1
[pipeline-trace] wall=19:45:07 elapsed=211.742s phase=train event=interaction_progress trial=5 partition=0 processed=7500 total=14000 metric=ce epoch=1/1
[pipeline-trace] wall=19:45:07 elapsed=212.239s phase=train event=interaction_progress trial=5 partition=0 processed=7600 total=14000 metric=ce epoch=1/1
[pipeline-trace] wall=19:45:07 elapsed=213.002s phase=train event=interaction_progress trial=6 partition=0 processed=1400 total=14000 metric=ce epoch=1/1
[pipeline-trace] wall=19:45:08 elapsed=212.773s phase=train event=interaction_progress trial=5 partition=0 processed=7700 total=14000 metric=ce epoch=1/1
[pipeline-trace] wall=19:45:08 elapsed=213.362s phase=train event=interaction_progress trial=5 partition=0 processed=7800 total=14000 metric=ce epoch=1/1
[pipeline-trace] wall=19:45:09 elapsed=213.935s phase=train event=interaction_progress trial=5 partition=0 processed=7900 total=14000 metric=ce epoch=1/1
[pipeline-trace] wall=19:45:09 elapsed=214.452s phase=train event=interaction_progress trial=6 partition=0 processed=1500 total=14000 metric=ce epoch=1/1
[pipeline-trace] wall=19:45:09 elapsed=214.537s phase=train event=interaction_progress trial=5 partition=0 processed=8000 total=14000 metric=ce epoch=1/1
[pipeline-trace] wall=19:45:10 elapsed=215.101s phase=train event=interaction_progress trial=5 partition=0 processed=8100 total=14000 metric=ce epoch=1/1
[pipeline-trace] wall=19:45:10 elapsed=215.923s phase=train event=interaction_progress trial=6 partition=0 processed=1600 total=14000 metric=ce epoch=1/1
[pipeline-trace] wall=19:45:11 elapsed=215.671s phase=train event=interaction_progress trial=5 partition=0 processed=8200 total=14000 metric=ce epoch=1/1
[pipeline-trace] wall=19:45:11 elapsed=216.072s phase=train event=interaction_progress trial=5 partition=0 processed=8300 total=14000 metric=ce epoch=1/1
[pipeline-trace] wall=19:45:11 elapsed=216.380s phase=train event=interaction_progress trial=5 partition=0 processed=8400 total=14000 metric=ce epoch=1/1
[pipeline-trace] wall=19:45:12 elapsed=216.751s phase=train event=interaction_progress trial=5 partition=0 processed=8500 total=14000 metric=ce epoch=1/1
[pipeline-trace] wall=19:45:12 elapsed=217.394s phase=train event=interaction_progress trial=6 partition=0 processed=1700 total=14000 metric=ce epoch=1/1
[pipeline-trace] wall=19:45:12 elapsed=217.160s phase=train event=interaction_progress trial=5 partition=0 processed=8600 total=14000 metric=ce epoch=1/1
[pipeline-trace] wall=19:45:12 elapsed=217.528s phase=train event=interaction_progress trial=5 partition=0 processed=8700 total=14000 metric=ce epoch=1/1
[pipeline-trace] wall=19:45:13 elapsed=217.919s phase=train event=interaction_progress trial=5 partition=0 processed=8800 total=14000 metric=ce epoch=1/1
[pipeline-trace] wall=19:45:13 elapsed=218.301s phase=train event=interaction_progress trial=5 partition=0 processed=8900 total=14000 metric=ce epoch=1/1
[pipeline-trace] wall=19:45:13 elapsed=218.861s phase=train event=interaction_progress trial=6 partition=0 processed=1800 total=14000 metric=ce epoch=1/1
[pipeline-trace] wall=19:45:13 elapsed=218.620s phase=train event=interaction_progress trial=5 partition=0 processed=9000 total=14000 metric=ce epoch=1/1
[pipeline-trace] wall=19:45:14 elapsed=218.880s phase=train event=interaction_progress trial=5 partition=0 processed=9100 total=14000 metric=ce epoch=1/1
[pipeline-trace] wall=19:45:14 elapsed=219.148s phase=train event=interaction_progress trial=5 partition=0 processed=9200 total=14000 metric=ce epoch=1/1
[pipeline-trace] wall=19:45:14 elapsed=219.421s phase=train event=interaction_progress trial=5 partition=0 processed=9300 total=14000 metric=ce epoch=1/1
[pipeline-trace] wall=19:45:15 elapsed=219.687s phase=train event=interaction_progress trial=5 partition=0 processed=9400 total=14000 metric=ce epoch=1/1
[pipeline-trace] wall=19:45:15 elapsed=220.206s phase=train event=interaction_progress trial=6 partition=0 processed=1900 total=14000 metric=ce epoch=1/1
[pipeline-trace] wall=19:45:15 elapsed=219.991s phase=train event=interaction_progress trial=5 partition=0 processed=9500 total=14000 metric=ce epoch=1/1
[pipeline-trace] wall=19:45:15 elapsed=220.271s phase=train event=interaction_progress trial=5 partition=0 processed=9600 total=14000 metric=ce epoch=1/1
[pipeline-trace] wall=19:45:15 elapsed=220.534s phase=train event=interaction_progress trial=5 partition=0 processed=9700 total=14000 metric=ce epoch=1/1
[pipeline-trace] wall=19:45:16 elapsed=220.799s phase=train event=interaction_progress trial=5 partition=0 processed=9800 total=14000 metric=ce epoch=1/1
[pipeline-trace] wall=19:45:16 elapsed=221.076s phase=train event=interaction_progress trial=5 partition=0 processed=9900 total=14000 metric=ce epoch=1/1
[pipeline-trace] wall=19:45:16 elapsed=221.668s phase=train event=interaction_progress trial=6 partition=0 processed=2000 total=14000 metric=ce epoch=1/1
[pipeline-trace] wall=19:45:16 elapsed=221.345s phase=train event=interaction_progress trial=5 partition=0 processed=10000 total=14000 metric=ce epoch=1/1
[pipeline-trace] wall=19:45:16 elapsed=221.600s phase=train event=interaction_progress trial=5 partition=0 processed=10100 total=14000 metric=ce epoch=1/1
[pipeline-trace] wall=19:45:17 elapsed=221.844s phase=train event=interaction_progress trial=5 partition=0 processed=10200 total=14000 metric=ce epoch=1/1
[pipeline-trace] wall=19:45:17 elapsed=222.087s phase=train event=interaction_progress trial=5 partition=0 processed=10300 total=14000 metric=ce epoch=1/1
[pipeline-trace] wall=19:45:17 elapsed=222.342s phase=train event=interaction_progress trial=5 partition=0 processed=10400 total=14000 metric=ce epoch=1/1
[pipeline-trace] wall=19:45:17 elapsed=222.590s phase=train event=interaction_progress trial=5 partition=0 processed=10500 total=14000 metric=ce epoch=1/1
[pipeline-trace] wall=19:45:18 elapsed=223.111s phase=train event=interaction_progress trial=6 partition=0 processed=2100 total=14000 metric=ce epoch=1/1
[pipeline-trace] wall=19:45:18 elapsed=222.834s phase=train event=interaction_progress trial=5 partition=0 processed=10600 total=14000 metric=ce epoch=1/1
[pipeline-trace] wall=19:45:18 elapsed=223.083s phase=train event=interaction_progress trial=5 partition=0 processed=10700 total=14000 metric=ce epoch=1/1
[pipeline-trace] wall=19:45:18 elapsed=223.330s phase=train event=interaction_progress trial=5 partition=0 processed=10800 total=14000 metric=ce epoch=1/1
[pipeline-trace] wall=19:45:18 elapsed=223.576s phase=train event=interaction_progress trial=5 partition=0 processed=10900 total=14000 metric=ce epoch=1/1
[pipeline-trace] wall=19:45:19 elapsed=223.824s phase=train event=interaction_progress trial=5 partition=0 processed=11000 total=14000 metric=ce epoch=1/1
[pipeline-trace] wall=19:45:19 elapsed=224.091s phase=train event=interaction_progress trial=5 partition=0 processed=11100 total=14000 metric=ce epoch=1/1
[pipeline-trace] wall=19:45:19 elapsed=224.515s phase=train event=interaction_progress trial=6 partition=0 processed=2200 total=14000 metric=ce epoch=1/1
[pipeline-trace] wall=19:45:19 elapsed=224.341s phase=train event=interaction_progress trial=5 partition=0 processed=11200 total=14000 metric=ce epoch=1/1
[pipeline-trace] wall=19:45:19 elapsed=224.591s phase=train event=interaction_progress trial=5 partition=0 processed=11300 total=14000 metric=ce epoch=1/1
[pipeline-trace] wall=19:45:20 elapsed=224.844s phase=train event=interaction_progress trial=5 partition=0 processed=11400 total=14000 metric=ce epoch=1/1
[pipeline-trace] wall=19:45:20 elapsed=225.098s phase=train event=interaction_progress trial=5 partition=0 processed=11500 total=14000 metric=ce epoch=1/1
[pipeline-trace] wall=19:45:20 elapsed=225.354s phase=train event=interaction_progress trial=5 partition=0 processed=11600 total=14000 metric=ce epoch=1/1
[pipeline-trace] wall=19:45:20 elapsed=225.969s phase=train event=interaction_progress trial=6 partition=0 processed=2300 total=14000 metric=ce epoch=1/1
[pipeline-trace] wall=19:45:20 elapsed=225.627s phase=train event=interaction_progress trial=5 partition=0 processed=11700 total=14000 metric=ce epoch=1/1
[pipeline-trace] wall=19:45:21 elapsed=225.927s phase=train event=interaction_progress trial=5 partition=0 processed=11800 total=14000 metric=ce epoch=1/1
[pipeline-trace] wall=19:45:21 elapsed=226.226s phase=train event=interaction_progress trial=5 partition=0 processed=11900 total=14000 metric=ce epoch=1/1
[pipeline-trace] wall=19:45:21 elapsed=226.500s phase=train event=interaction_progress trial=5 partition=0 processed=12000 total=14000 metric=ce epoch=1/1
[pipeline-trace] wall=19:45:22 elapsed=226.759s phase=train event=interaction_progress trial=5 partition=0 processed=12100 total=14000 metric=ce epoch=1/1
[pipeline-trace] wall=19:45:22 elapsed=227.012s phase=train event=interaction_progress trial=5 partition=0 processed=12200 total=14000 metric=ce epoch=1/1
[pipeline-trace] wall=19:45:22 elapsed=227.438s phase=train event=interaction_progress trial=6 partition=0 processed=2400 total=14000 metric=ce epoch=1/1
[pipeline-trace] wall=19:45:22 elapsed=227.313s phase=train event=interaction_progress trial=5 partition=0 processed=12300 total=14000 metric=ce epoch=1/1
[pipeline-trace] wall=19:45:22 elapsed=227.612s phase=train event=interaction_progress trial=5 partition=0 processed=12400 total=14000 metric=ce epoch=1/1
[pipeline-trace] wall=19:45:23 elapsed=227.907s phase=train event=interaction_progress trial=5 partition=0 processed=12500 total=14000 metric=ce epoch=1/1
[pipeline-trace] wall=19:45:23 elapsed=228.191s phase=train event=interaction_progress trial=5 partition=0 processed=12600 total=14000 metric=ce epoch=1/1
[pipeline-trace] wall=19:45:23 elapsed=228.452s phase=train event=interaction_progress trial=5 partition=0 processed=12700 total=14000 metric=ce epoch=1/1
[pipeline-trace] wall=19:45:23 elapsed=228.854s phase=train event=interaction_progress trial=6 partition=0 processed=2500 total=14000 metric=ce epoch=1/1
[pipeline-trace] wall=19:45:24 elapsed=228.707s phase=train event=interaction_progress trial=5 partition=0 processed=12800 total=14000 metric=ce epoch=1/1
[pipeline-trace] wall=19:45:24 elapsed=228.957s phase=train event=interaction_progress trial=5 partition=0 processed=12900 total=14000 metric=ce epoch=1/1
[pipeline-trace] wall=19:45:24 elapsed=229.204s phase=train event=interaction_progress trial=5 partition=0 processed=13000 total=14000 metric=ce epoch=1/1
[pipeline-trace] wall=19:45:24 elapsed=229.441s phase=train event=interaction_progress trial=5 partition=0 processed=13100 total=14000 metric=ce epoch=1/1
[pipeline-trace] wall=19:45:25 elapsed=229.707s phase=train event=interaction_progress trial=5 partition=0 processed=13200 total=14000 metric=ce epoch=1/1
[pipeline-trace] wall=19:45:25 elapsed=229.968s phase=train event=interaction_progress trial=5 partition=0 processed=13300 total=14000 metric=ce epoch=1/1
[pipeline-trace] wall=19:45:25 elapsed=230.322s phase=train event=interaction_progress trial=6 partition=0 processed=2600 total=14000 metric=ce epoch=1/1
[pipeline-trace] wall=19:45:25 elapsed=230.266s phase=train event=interaction_progress trial=5 partition=0 processed=13400 total=14000 metric=ce epoch=1/1
[pipeline-trace] wall=19:45:25 elapsed=230.618s phase=train event=interaction_progress trial=5 partition=0 processed=13500 total=14000 metric=ce epoch=1/1
[pipeline-trace] wall=19:45:26 elapsed=230.902s phase=train event=interaction_progress trial=5 partition=0 processed=13600 total=14000 metric=ce epoch=1/1
[pipeline-trace] wall=19:45:26 elapsed=231.204s phase=train event=interaction_progress trial=5 partition=0 processed=13700 total=14000 metric=ce epoch=1/1
[pipeline-trace] wall=19:45:26 elapsed=231.494s phase=train event=interaction_progress trial=5 partition=0 processed=13800 total=14000 metric=ce epoch=1/1
[pipeline-trace] wall=19:45:26 elapsed=231.874s phase=train event=interaction_progress trial=6 partition=0 processed=2700 total=14000 metric=ce epoch=1/1
[pipeline-trace] wall=19:45:27 elapsed=231.778s phase=train event=interaction_progress trial=5 partition=0 processed=13900 total=14000 metric=ce epoch=1/1
[pipeline-trace] wall=19:45:27 elapsed=232.081s phase=train event=interaction_progress trial=5 partition=0 processed=14000 total=14000 metric=ce epoch=1/1
[pipeline-trace] wall=19:45:27 elapsed=232.147s phase=eval event=batch_start trial=5 partitions=[1] synthetic=False
[pipeline-trace] wall=19:45:27 elapsed=232.147s phase=eval event=partition_start trial=5 partition=1 interactions=1999
[pipeline-trace] wall=19:45:27 elapsed=232.147s phase=eval event=interaction_progress trial=5 partition=1 processed=1 total=1999 metric=ranking
[pipeline-trace] wall=19:45:27 elapsed=232.321s phase=eval event=interaction_progress trial=5 partition=1 processed=100 total=1999 metric=ranking
[pipeline-trace] wall=19:45:27 elapsed=232.499s phase=eval event=interaction_progress trial=5 partition=1 processed=200 total=1999 metric=ranking
[pipeline-trace] wall=19:45:28 elapsed=232.679s phase=eval event=interaction_progress trial=5 partition=1 processed=300 total=1999 metric=ranking
[pipeline-trace] wall=19:45:28 elapsed=232.858s phase=eval event=interaction_progress trial=5 partition=1 processed=400 total=1999 metric=ranking
[pipeline-trace] wall=19:45:28 elapsed=233.369s phase=train event=interaction_progress trial=6 partition=0 processed=2800 total=14000 metric=ce epoch=1/1
[pipeline-trace] wall=19:45:28 elapsed=233.042s phase=eval event=interaction_progress trial=5 partition=1 processed=500 total=1999 metric=ranking
[pipeline-trace] wall=19:45:28 elapsed=233.224s phase=eval event=interaction_progress trial=5 partition=1 processed=600 total=1999 metric=ranking
[pipeline-trace] wall=19:45:28 elapsed=233.408s phase=eval event=interaction_progress trial=5 partition=1 processed=700 total=1999 metric=ranking
[pipeline-trace] wall=19:45:28 elapsed=233.589s phase=eval event=interaction_progress trial=5 partition=1 processed=800 total=1999 metric=ranking
[pipeline-trace] wall=19:45:29 elapsed=233.769s phase=eval event=interaction_progress trial=5 partition=1 processed=900 total=1999 metric=ranking
[pipeline-trace] wall=19:45:29 elapsed=233.950s phase=eval event=interaction_progress trial=5 partition=1 processed=1000 total=1999 metric=ranking
[pipeline-trace] wall=19:45:29 elapsed=234.133s phase=eval event=interaction_progress trial=5 partition=1 processed=1100 total=1999 metric=ranking
[pipeline-trace] wall=19:45:29 elapsed=234.316s phase=eval event=interaction_progress trial=5 partition=1 processed=1200 total=1999 metric=ranking
[pipeline-trace] wall=19:45:29 elapsed=234.498s phase=eval event=interaction_progress trial=5 partition=1 processed=1300 total=1999 metric=ranking
[pipeline-trace] wall=19:45:29 elapsed=234.902s phase=train event=interaction_progress trial=6 partition=0 processed=2900 total=14000 metric=ce epoch=1/1
[pipeline-trace] wall=19:45:30 elapsed=234.669s phase=eval event=interaction_progress trial=5 partition=1 processed=1400 total=1999 metric=ranking
[pipeline-trace] wall=19:45:30 elapsed=234.816s phase=eval event=interaction_progress trial=5 partition=1 processed=1500 total=1999 metric=ranking
[pipeline-trace] wall=19:45:30 elapsed=234.963s phase=eval event=interaction_progress trial=5 partition=1 processed=1600 total=1999 metric=ranking
[pipeline-trace] wall=19:45:30 elapsed=235.110s phase=eval event=interaction_progress trial=5 partition=1 processed=1700 total=1999 metric=ranking
[pipeline-trace] wall=19:45:30 elapsed=235.258s phase=eval event=interaction_progress trial=5 partition=1 processed=1800 total=1999 metric=ranking
[pipeline-trace] wall=19:45:30 elapsed=235.406s phase=eval event=interaction_progress trial=5 partition=1 processed=1900 total=1999 metric=ranking
[pipeline-trace] wall=19:45:30 elapsed=235.551s phase=eval event=interaction_progress trial=5 partition=1 processed=1999 total=1999 metric=ranking
[pipeline-trace] wall=19:45:30 elapsed=235.553s phase=eval event=partition_complete trial=5 partition=1 elapsed_sec=3.407 hits=1539 total=1999
[pipeline-trace] wall=19:45:30 elapsed=235.612s phase=train event=interaction_progress trial=7 partition=0 processed=1 total=14000 metric=ce epoch=1/1
[pipeline-trace] wall=19:45:31 elapsed=235.896s phase=train event=interaction_progress trial=7 partition=0 processed=100 total=14000 metric=ce epoch=1/1
[pipeline-trace] wall=19:45:31 elapsed=236.343s phase=train event=interaction_progress trial=6 partition=0 processed=3000 total=14000 metric=ce epoch=1/1
[pipeline-trace] wall=19:45:31 elapsed=236.192s phase=train event=interaction_progress trial=7 partition=0 processed=200 total=14000 metric=ce epoch=1/1
[pipeline-trace] wall=19:45:31 elapsed=236.488s phase=train event=interaction_progress trial=7 partition=0 processed=300 total=14000 metric=ce epoch=1/1
[pipeline-trace] wall=19:45:32 elapsed=236.802s phase=train event=interaction_progress trial=7 partition=0 processed=400 total=14000 metric=ce epoch=1/1
[pipeline-trace] wall=19:45:32 elapsed=237.107s phase=train event=interaction_progress trial=7 partition=0 processed=500 total=14000 metric=ce epoch=1/1
[pipeline-trace] wall=19:45:32 elapsed=237.418s phase=train event=interaction_progress trial=7 partition=0 processed=600 total=14000 metric=ce epoch=1/1
[pipeline-trace] wall=19:45:32 elapsed=237.842s phase=train event=interaction_progress trial=6 partition=0 processed=3100 total=14000 metric=ce epoch=1/1
[pipeline-trace] wall=19:45:33 elapsed=237.681s phase=train event=interaction_progress trial=7 partition=0 processed=700 total=14000 metric=ce epoch=1/1
[pipeline-trace] wall=19:45:33 elapsed=237.934s phase=train event=interaction_progress trial=7 partition=0 processed=800 total=14000 metric=ce epoch=1/1
[pipeline-trace] wall=19:45:33 elapsed=238.197s phase=train event=interaction_progress trial=7 partition=0 processed=900 total=14000 metric=ce epoch=1/1
[pipeline-trace] wall=19:45:33 elapsed=238.451s phase=train event=interaction_progress trial=7 partition=0 processed=1000 total=14000 metric=ce epoch=1/1
[pipeline-trace] wall=19:45:34 elapsed=238.706s phase=train event=interaction_progress trial=7 partition=0 processed=1100 total=14000 metric=ce epoch=1/1
[pipeline-trace] wall=19:45:34 elapsed=238.958s phase=train event=interaction_progress trial=7 partition=0 processed=1200 total=14000 metric=ce epoch=1/1
[pipeline-trace] wall=19:45:34 elapsed=239.335s phase=train event=interaction_progress trial=6 partition=0 processed=3200 total=14000 metric=ce epoch=1/1
[pipeline-trace] wall=19:45:34 elapsed=239.216s phase=train event=interaction_progress trial=7 partition=0 processed=1300 total=14000 metric=ce epoch=1/1
[pipeline-trace] wall=19:45:34 elapsed=239.473s phase=train event=interaction_progress trial=7 partition=0 processed=1400 total=14000 metric=ce epoch=1/1
[pipeline-trace] wall=19:45:35 elapsed=239.787s phase=train event=interaction_progress trial=7 partition=0 processed=1500 total=14000 metric=ce epoch=1/1
[pipeline-trace] wall=19:45:35 elapsed=240.047s phase=train event=interaction_progress trial=7 partition=0 processed=1600 total=14000 metric=ce epoch=1/1
[pipeline-trace] wall=19:45:35 elapsed=240.302s phase=train event=interaction_progress trial=7 partition=0 processed=1700 total=14000 metric=ce epoch=1/1
[pipeline-trace] wall=19:45:35 elapsed=240.871s phase=train event=interaction_progress trial=6 partition=0 processed=3300 total=14000 metric=ce epoch=1/1
[pipeline-trace] wall=19:45:35 elapsed=240.591s phase=train event=interaction_progress trial=7 partition=0 processed=1800 total=14000 metric=ce epoch=1/1
[pipeline-trace] wall=19:45:36 elapsed=240.828s phase=train event=interaction_progress trial=7 partition=0 processed=1900 total=14000 metric=ce epoch=1/1
[pipeline-trace] wall=19:45:36 elapsed=241.066s phase=train event=interaction_progress trial=7 partition=0 processed=2000 total=14000 metric=ce epoch=1/1
[pipeline-trace] wall=19:45:36 elapsed=241.324s phase=train event=interaction_progress trial=7 partition=0 processed=2100 total=14000 metric=ce epoch=1/1
[pipeline-trace] wall=19:45:36 elapsed=241.570s phase=train event=interaction_progress trial=7 partition=0 processed=2200 total=14000 metric=ce epoch=1/1
[pipeline-trace] wall=19:45:37 elapsed=241.825s phase=train event=interaction_progress trial=7 partition=0 processed=2300 total=14000 metric=ce epoch=1/1
[pipeline-trace] wall=19:45:37 elapsed=242.404s phase=train event=interaction_progress trial=6 partition=0 processed=3400 total=14000 metric=ce epoch=1/1
[pipeline-trace] wall=19:45:37 elapsed=242.083s phase=train event=interaction_progress trial=7 partition=0 processed=2400 total=14000 metric=ce epoch=1/1
[pipeline-trace] wall=19:45:37 elapsed=242.347s phase=train event=interaction_progress trial=7 partition=0 processed=2500 total=14000 metric=ce epoch=1/1
[pipeline-trace] wall=19:45:37 elapsed=242.641s phase=train event=interaction_progress trial=7 partition=0 processed=2600 total=14000 metric=ce epoch=1/1
[pipeline-trace] wall=19:45:38 elapsed=243.276s phase=train event=interaction_progress trial=6 partition=0 processed=3500 total=14000 metric=ce epoch=1/1
[pipeline-trace] wall=19:45:38 elapsed=242.964s phase=train event=interaction_progress trial=7 partition=0 processed=2700 total=14000 metric=ce epoch=1/1
[pipeline-trace] wall=19:45:38 elapsed=243.572s phase=train event=interaction_progress trial=6 partition=0 processed=3600 total=14000 metric=ce epoch=1/1
[pipeline-trace] wall=19:45:38 elapsed=243.229s phase=train event=interaction_progress trial=7 partition=0 processed=2800 total=14000 metric=ce epoch=1/1
[pipeline-trace] wall=19:45:38 elapsed=243.492s phase=train event=interaction_progress trial=7 partition=0 processed=2900 total=14000 metric=ce epoch=1/1
[pipeline-trace] wall=19:45:38 elapsed=243.857s phase=train event=interaction_progress trial=6 partition=0 processed=3700 total=14000 metric=ce epoch=1/1
[pipeline-trace] wall=19:45:39 elapsed=243.745s phase=train event=interaction_progress trial=7 partition=0 processed=3000 total=14000 metric=ce epoch=1/1
[pipeline-trace] wall=19:45:39 elapsed=244.000s phase=train event=interaction_progress trial=7 partition=0 processed=3100 total=14000 metric=ce epoch=1/1
[pipeline-trace] wall=19:45:39 elapsed=244.439s phase=train event=interaction_progress trial=6 partition=0 processed=3800 total=14000 metric=ce epoch=1/1
[pipeline-trace] wall=19:45:39 elapsed=244.255s phase=train event=interaction_progress trial=7 partition=0 processed=3200 total=14000 metric=ce epoch=1/1
[pipeline-trace] wall=19:45:39 elapsed=244.507s phase=train event=interaction_progress trial=7 partition=0 processed=3300 total=14000 metric=ce epoch=1/1
[pipeline-trace] wall=19:45:40 elapsed=245.067s phase=train event=interaction_progress trial=6 partition=0 processed=3900 total=14000 metric=ce epoch=1/1
[pipeline-trace] wall=19:45:40 elapsed=244.769s phase=train event=interaction_progress trial=7 partition=0 processed=3400 total=14000 metric=ce epoch=1/1
[pipeline-trace] wall=19:45:40 elapsed=245.323s phase=train event=interaction_progress trial=6 partition=0 processed=4000 total=14000 metric=ce epoch=1/1
[pipeline-trace] wall=19:45:40 elapsed=245.025s phase=train event=interaction_progress trial=7 partition=0 processed=3500 total=14000 metric=ce epoch=1/1
[pipeline-trace] wall=19:45:40 elapsed=245.577s phase=train event=interaction_progress trial=6 partition=0 processed=4100 total=14000 metric=ce epoch=1/1
[pipeline-trace] wall=19:45:40 elapsed=245.330s phase=train event=interaction_progress trial=7 partition=0 processed=3600 total=14000 metric=ce epoch=1/1
[pipeline-trace] wall=19:45:40 elapsed=245.834s phase=train event=interaction_progress trial=6 partition=0 processed=4200 total=14000 metric=ce epoch=1/1
[pipeline-trace] wall=19:45:40 elapsed=245.594s phase=train event=interaction_progress trial=7 partition=0 processed=3700 total=14000 metric=ce epoch=1/1
[pipeline-trace] wall=19:45:41 elapsed=246.103s phase=train event=interaction_progress trial=6 partition=0 processed=4300 total=14000 metric=ce epoch=1/1
[pipeline-trace] wall=19:45:41 elapsed=245.973s phase=train event=interaction_progress trial=7 partition=0 processed=3800 total=14000 metric=ce epoch=1/1
[pipeline-trace] wall=19:45:41 elapsed=246.435s phase=train event=interaction_progress trial=6 partition=0 processed=4400 total=14000 metric=ce epoch=1/1
[pipeline-trace] wall=19:45:41 elapsed=246.298s phase=train event=interaction_progress trial=7 partition=0 processed=3900 total=14000 metric=ce epoch=1/1
[pipeline-trace] wall=19:45:41 elapsed=246.728s phase=train event=interaction_progress trial=6 partition=0 processed=4500 total=14000 metric=ce epoch=1/1
[pipeline-trace] wall=19:45:41 elapsed=246.655s phase=train event=interaction_progress trial=7 partition=0 processed=4000 total=14000 metric=ce epoch=1/1
[pipeline-trace] wall=19:45:42 elapsed=246.983s phase=train event=interaction_progress trial=7 partition=0 processed=4100 total=14000 metric=ce epoch=1/1
[pipeline-trace] wall=19:45:42 elapsed=247.564s phase=train event=interaction_progress trial=6 partition=0 processed=4600 total=14000 metric=ce epoch=1/1
[pipeline-trace] wall=19:45:42 elapsed=247.294s phase=train event=interaction_progress trial=7 partition=0 processed=4200 total=14000 metric=ce epoch=1/1
[pipeline-trace] wall=19:45:42 elapsed=247.589s phase=train event=interaction_progress trial=7 partition=0 processed=4300 total=14000 metric=ce epoch=1/1
[pipeline-trace] wall=19:45:43 elapsed=247.890s phase=train event=interaction_progress trial=7 partition=0 processed=4400 total=14000 metric=ce epoch=1/1
[pipeline-trace] wall=19:45:43 elapsed=248.153s phase=train event=interaction_progress trial=7 partition=0 processed=4500 total=14000 metric=ce epoch=1/1
[pipeline-trace] wall=19:45:43 elapsed=248.411s phase=train event=interaction_progress trial=7 partition=0 processed=4600 total=14000 metric=ce epoch=1/1
[pipeline-trace] wall=19:45:44 elapsed=248.667s phase=train event=interaction_progress trial=7 partition=0 processed=4700 total=14000 metric=ce epoch=1/1
[pipeline-trace] wall=19:45:44 elapsed=249.046s phase=train event=interaction_progress trial=6 partition=0 processed=4700 total=14000 metric=ce epoch=1/1
[pipeline-trace] wall=19:45:44 elapsed=248.971s phase=train event=interaction_progress trial=7 partition=0 processed=4800 total=14000 metric=ce epoch=1/1
[pipeline-trace] wall=19:45:44 elapsed=249.310s phase=train event=interaction_progress trial=7 partition=0 processed=4900 total=14000 metric=ce epoch=1/1
[pipeline-trace] wall=19:45:44 elapsed=249.622s phase=train event=interaction_progress trial=7 partition=0 processed=5000 total=14000 metric=ce epoch=1/1
[pipeline-trace] wall=19:45:45 elapsed=249.934s phase=train event=interaction_progress trial=7 partition=0 processed=5100 total=14000 metric=ce epoch=1/1
[pipeline-trace] wall=19:45:45 elapsed=250.454s phase=train event=interaction_progress trial=6 partition=0 processed=4800 total=14000 metric=ce epoch=1/1
[pipeline-trace] wall=19:45:45 elapsed=250.274s phase=train event=interaction_progress trial=7 partition=0 processed=5200 total=14000 metric=ce epoch=1/1
[pipeline-trace] wall=19:45:45 elapsed=250.623s phase=train event=interaction_progress trial=7 partition=0 processed=5300 total=14000 metric=ce epoch=1/1
[pipeline-trace] wall=19:45:46 elapsed=251.037s phase=train event=interaction_progress trial=7 partition=0 processed=5400 total=14000 metric=ce epoch=1/1
[pipeline-trace] wall=19:45:46 elapsed=251.403s phase=train event=interaction_progress trial=7 partition=0 processed=5500 total=14000 metric=ce epoch=1/1
[pipeline-trace] wall=19:45:46 elapsed=251.979s phase=train event=interaction_progress trial=6 partition=0 processed=4900 total=14000 metric=ce epoch=1/1
[pipeline-trace] wall=19:45:47 elapsed=251.750s phase=train event=interaction_progress trial=7 partition=0 processed=5600 total=14000 metric=ce epoch=1/1
[pipeline-trace] wall=19:45:47 elapsed=252.116s phase=train event=interaction_progress trial=7 partition=0 processed=5700 total=14000 metric=ce epoch=1/1
[pipeline-trace] wall=19:45:47 elapsed=252.465s phase=train event=interaction_progress trial=7 partition=0 processed=5800 total=14000 metric=ce epoch=1/1
[pipeline-trace] wall=19:45:48 elapsed=252.781s phase=train event=interaction_progress trial=7 partition=0 processed=5900 total=14000 metric=ce epoch=1/1
[pipeline-trace] wall=19:45:48 elapsed=253.464s phase=train event=interaction_progress trial=6 partition=0 processed=5000 total=14000 metric=ce epoch=1/1
[pipeline-trace] wall=19:45:48 elapsed=253.176s phase=train event=interaction_progress trial=7 partition=0 processed=6000 total=14000 metric=ce epoch=1/1
[pipeline-trace] wall=19:45:48 elapsed=253.494s phase=train event=interaction_progress trial=7 partition=0 processed=6100 total=14000 metric=ce epoch=1/1
[pipeline-trace] wall=19:45:49 elapsed=253.782s phase=train event=interaction_progress trial=7 partition=0 processed=6200 total=14000 metric=ce epoch=1/1
[pipeline-trace] wall=19:45:49 elapsed=254.075s phase=train event=interaction_progress trial=7 partition=0 processed=6300 total=14000 metric=ce epoch=1/1
[pipeline-trace] wall=19:45:49 elapsed=254.368s phase=train event=interaction_progress trial=7 partition=0 processed=6400 total=14000 metric=ce epoch=1/1
[pipeline-trace] wall=19:45:49 elapsed=254.890s phase=train event=interaction_progress trial=6 partition=0 processed=5100 total=14000 metric=ce epoch=1/1
[pipeline-trace] wall=19:45:50 elapsed=254.669s phase=train event=interaction_progress trial=7 partition=0 processed=6500 total=14000 metric=ce epoch=1/1
[pipeline-trace] wall=19:45:50 elapsed=254.966s phase=train event=interaction_progress trial=7 partition=0 processed=6600 total=14000 metric=ce epoch=1/1
[pipeline-trace] wall=19:45:50 elapsed=255.265s phase=train event=interaction_progress trial=7 partition=0 processed=6700 total=14000 metric=ce epoch=1/1
[pipeline-trace] wall=19:45:50 elapsed=255.552s phase=train event=interaction_progress trial=7 partition=0 processed=6800 total=14000 metric=ce epoch=1/1
[pipeline-trace] wall=19:45:51 elapsed=255.855s phase=train event=interaction_progress trial=7 partition=0 processed=6900 total=14000 metric=ce epoch=1/1
[pipeline-trace] wall=19:45:51 elapsed=256.252s phase=train event=interaction_progress trial=6 partition=0 processed=5200 total=14000 metric=ce epoch=1/1
[pipeline-trace] wall=19:45:51 elapsed=256.148s phase=train event=interaction_progress trial=7 partition=0 processed=7000 total=14000 metric=ce epoch=1/1
[pipeline-trace] wall=19:45:51 elapsed=256.410s phase=train event=interaction_progress trial=7 partition=0 processed=7100 total=14000 metric=ce epoch=1/1
[pipeline-trace] wall=19:45:52 elapsed=256.683s phase=train event=interaction_progress trial=7 partition=0 processed=7200 total=14000 metric=ce epoch=1/1
[pipeline-trace] wall=19:45:52 elapsed=256.976s phase=train event=interaction_progress trial=7 partition=0 processed=7300 total=14000 metric=ce epoch=1/1
[pipeline-trace] wall=19:45:52 elapsed=257.252s phase=train event=interaction_progress trial=7 partition=0 processed=7400 total=14000 metric=ce epoch=1/1
[pipeline-trace] wall=19:45:52 elapsed=257.657s phase=train event=interaction_progress trial=6 partition=0 processed=5300 total=14000 metric=ce epoch=1/1
[pipeline-trace] wall=19:45:52 elapsed=257.558s phase=train event=interaction_progress trial=7 partition=0 processed=7500 total=14000 metric=ce epoch=1/1
[pipeline-trace] wall=19:45:53 elapsed=257.853s phase=train event=interaction_progress trial=7 partition=0 processed=7600 total=14000 metric=ce epoch=1/1
[pipeline-trace] wall=19:45:53 elapsed=258.126s phase=train event=interaction_progress trial=7 partition=0 processed=7700 total=14000 metric=ce epoch=1/1
[pipeline-trace] wall=19:45:53 elapsed=258.409s phase=train event=interaction_progress trial=7 partition=0 processed=7800 total=14000 metric=ce epoch=1/1
[pipeline-trace] wall=19:45:54 elapsed=258.685s phase=train event=interaction_progress trial=7 partition=0 processed=7900 total=14000 metric=ce epoch=1/1
[pipeline-trace] wall=19:45:54 elapsed=259.081s phase=train event=interaction_progress trial=6 partition=0 processed=5400 total=14000 metric=ce epoch=1/1
[pipeline-trace] wall=19:45:54 elapsed=258.989s phase=train event=interaction_progress trial=7 partition=0 processed=8000 total=14000 metric=ce epoch=1/1
[pipeline-trace] wall=19:45:54 elapsed=259.310s phase=train event=interaction_progress trial=7 partition=0 processed=8100 total=14000 metric=ce epoch=1/1
[pipeline-trace] wall=19:45:55 elapsed=260.002s phase=train event=interaction_progress trial=7 partition=0 processed=8200 total=14000 metric=ce epoch=1/1
[pipeline-trace] wall=19:45:55 elapsed=260.478s phase=train event=interaction_progress trial=6 partition=0 processed=5500 total=14000 metric=ce epoch=1/1
[pipeline-trace] wall=19:45:55 elapsed=260.612s phase=train event=interaction_progress trial=7 partition=0 processed=8300 total=14000 metric=ce epoch=1/1
[pipeline-trace] wall=19:45:56 elapsed=261.094s phase=train event=interaction_progress trial=7 partition=0 processed=8400 total=14000 metric=ce epoch=1/1
[pipeline-trace] wall=19:45:56 elapsed=261.613s phase=train event=interaction_progress trial=7 partition=0 processed=8500 total=14000 metric=ce epoch=1/1
[pipeline-trace] wall=19:45:56 elapsed=261.989s phase=train event=interaction_progress trial=6 partition=0 processed=5600 total=14000 metric=ce epoch=1/1
[pipeline-trace] wall=19:45:57 elapsed=262.098s phase=train event=interaction_progress trial=7 partition=0 processed=8600 total=14000 metric=ce epoch=1/1
[pipeline-trace] wall=19:45:57 elapsed=262.619s phase=train event=interaction_progress trial=7 partition=0 processed=8700 total=14000 metric=ce epoch=1/1
[pipeline-trace] wall=19:45:58 elapsed=263.267s phase=train event=interaction_progress trial=6 partition=0 processed=5700 total=14000 metric=ce epoch=1/1
[pipeline-trace] wall=19:45:58 elapsed=263.271s phase=train event=interaction_progress trial=7 partition=0 processed=8800 total=14000 metric=ce epoch=1/1
[pipeline-trace] wall=19:45:59 elapsed=263.830s phase=train event=interaction_progress trial=7 partition=0 processed=8900 total=14000 metric=ce epoch=1/1
[pipeline-trace] wall=19:45:59 elapsed=264.568s phase=train event=interaction_progress trial=6 partition=0 processed=5800 total=14000 metric=ce epoch=1/1
[pipeline-trace] wall=19:45:59 elapsed=264.391s phase=train event=interaction_progress trial=7 partition=0 processed=9000 total=14000 metric=ce epoch=1/1
[pipeline-trace] wall=19:46:00 elapsed=264.873s phase=train event=interaction_progress trial=7 partition=0 processed=9100 total=14000 metric=ce epoch=1/1
[pipeline-trace] wall=19:46:00 elapsed=265.388s phase=train event=interaction_progress trial=7 partition=0 processed=9200 total=14000 metric=ce epoch=1/1
[pipeline-trace] wall=19:46:00 elapsed=265.895s phase=train event=interaction_progress trial=6 partition=0 processed=5900 total=14000 metric=ce epoch=1/1
[pipeline-trace] wall=19:46:01 elapsed=265.897s phase=train event=interaction_progress trial=7 partition=0 processed=9300 total=14000 metric=ce epoch=1/1
[pipeline-trace] wall=19:46:01 elapsed=266.406s phase=train event=interaction_progress trial=7 partition=0 processed=9400 total=14000 metric=ce epoch=1/1
[pipeline-trace] wall=19:46:02 elapsed=266.817s phase=train event=interaction_progress trial=7 partition=0 processed=9500 total=14000 metric=ce epoch=1/1
[pipeline-trace] wall=19:46:02 elapsed=267.369s phase=train event=interaction_progress trial=6 partition=0 processed=6000 total=14000 metric=ce epoch=1/1
[pipeline-trace] wall=19:46:02 elapsed=267.172s phase=train event=interaction_progress trial=7 partition=0 processed=9600 total=14000 metric=ce epoch=1/1
[pipeline-trace] wall=19:46:02 elapsed=267.495s phase=train event=interaction_progress trial=7 partition=0 processed=9700 total=14000 metric=ce epoch=1/1
[pipeline-trace] wall=19:46:03 elapsed=267.762s phase=train event=interaction_progress trial=7 partition=0 processed=9800 total=14000 metric=ce epoch=1/1
[pipeline-trace] wall=19:46:03 elapsed=268.051s phase=train event=interaction_progress trial=7 partition=0 processed=9900 total=14000 metric=ce epoch=1/1
[pipeline-trace] wall=19:46:03 elapsed=268.671s phase=train event=interaction_progress trial=6 partition=0 processed=6100 total=14000 metric=ce epoch=1/1
[pipeline-trace] wall=19:46:03 elapsed=268.340s phase=train event=interaction_progress trial=7 partition=0 processed=10000 total=14000 metric=ce epoch=1/1
[pipeline-trace] wall=19:46:03 elapsed=268.622s phase=train event=interaction_progress trial=7 partition=0 processed=10100 total=14000 metric=ce epoch=1/1
[pipeline-trace] wall=19:46:04 elapsed=268.887s phase=train event=interaction_progress trial=7 partition=0 processed=10200 total=14000 metric=ce epoch=1/1
[pipeline-trace] wall=19:46:04 elapsed=269.208s phase=train event=interaction_progress trial=7 partition=0 processed=10300 total=14000 metric=ce epoch=1/1
[pipeline-trace] wall=19:46:04 elapsed=269.571s phase=train event=interaction_progress trial=7 partition=0 processed=10400 total=14000 metric=ce epoch=1/1
[pipeline-trace] wall=19:46:05 elapsed=270.109s phase=train event=interaction_progress trial=6 partition=0 processed=6200 total=14000 metric=ce epoch=1/1
[pipeline-trace] wall=19:46:05 elapsed=269.897s phase=train event=interaction_progress trial=7 partition=0 processed=10500 total=14000 metric=ce epoch=1/1
[pipeline-trace] wall=19:46:05 elapsed=270.183s phase=train event=interaction_progress trial=7 partition=0 processed=10600 total=14000 metric=ce epoch=1/1
[pipeline-trace] wall=19:46:05 elapsed=270.452s phase=train event=interaction_progress trial=7 partition=0 processed=10700 total=14000 metric=ce epoch=1/1
[pipeline-trace] wall=19:46:06 elapsed=270.717s phase=train event=interaction_progress trial=7 partition=0 processed=10800 total=14000 metric=ce epoch=1/1
[pipeline-trace] wall=19:46:06 elapsed=270.983s phase=train event=interaction_progress trial=7 partition=0 processed=10900 total=14000 metric=ce epoch=1/1
[pipeline-trace] wall=19:46:06 elapsed=271.466s phase=train event=interaction_progress trial=6 partition=0 processed=6300 total=14000 metric=ce epoch=1/1
[pipeline-trace] wall=19:46:06 elapsed=271.259s phase=train event=interaction_progress trial=7 partition=0 processed=11000 total=14000 metric=ce epoch=1/1
[pipeline-trace] wall=19:46:06 elapsed=271.514s phase=train event=interaction_progress trial=7 partition=0 processed=11100 total=14000 metric=ce epoch=1/1
[pipeline-trace] wall=19:46:07 elapsed=271.766s phase=train event=interaction_progress trial=7 partition=0 processed=11200 total=14000 metric=ce epoch=1/1
[pipeline-trace] wall=19:46:07 elapsed=272.025s phase=train event=interaction_progress trial=7 partition=0 processed=11300 total=14000 metric=ce epoch=1/1
[pipeline-trace] wall=19:46:07 elapsed=272.297s phase=train event=interaction_progress trial=7 partition=0 processed=11400 total=14000 metric=ce epoch=1/1
[pipeline-trace] wall=19:46:07 elapsed=272.910s phase=train event=interaction_progress trial=6 partition=0 processed=6400 total=14000 metric=ce epoch=1/1
[pipeline-trace] wall=19:46:07 elapsed=272.561s phase=train event=interaction_progress trial=7 partition=0 processed=11500 total=14000 metric=ce epoch=1/1
[pipeline-trace] wall=19:46:08 elapsed=272.832s phase=train event=interaction_progress trial=7 partition=0 processed=11600 total=14000 metric=ce epoch=1/1
[pipeline-trace] wall=19:46:08 elapsed=273.115s phase=train event=interaction_progress trial=7 partition=0 processed=11700 total=14000 metric=ce epoch=1/1
[pipeline-trace] wall=19:46:08 elapsed=273.382s phase=train event=interaction_progress trial=7 partition=0 processed=11800 total=14000 metric=ce epoch=1/1
[pipeline-trace] wall=19:46:08 elapsed=273.654s phase=train event=interaction_progress trial=7 partition=0 processed=11900 total=14000 metric=ce epoch=1/1
[pipeline-trace] wall=19:46:09 elapsed=273.921s phase=train event=interaction_progress trial=7 partition=0 processed=12000 total=14000 metric=ce epoch=1/1
[pipeline-trace] wall=19:46:09 elapsed=274.348s phase=train event=interaction_progress trial=6 partition=0 processed=6500 total=14000 metric=ce epoch=1/1
[pipeline-trace] wall=19:46:09 elapsed=274.170s phase=train event=interaction_progress trial=7 partition=0 processed=12100 total=14000 metric=ce epoch=1/1
[pipeline-trace] wall=19:46:09 elapsed=274.423s phase=train event=interaction_progress trial=7 partition=0 processed=12200 total=14000 metric=ce epoch=1/1
[pipeline-trace] wall=19:46:10 elapsed=274.680s phase=train event=interaction_progress trial=7 partition=0 processed=12300 total=14000 metric=ce epoch=1/1
[pipeline-trace] wall=19:46:10 elapsed=274.927s phase=train event=interaction_progress trial=7 partition=0 processed=12400 total=14000 metric=ce epoch=1/1
[pipeline-trace] wall=19:46:10 elapsed=275.182s phase=train event=interaction_progress trial=7 partition=0 processed=12500 total=14000 metric=ce epoch=1/1
[pipeline-trace] wall=19:46:10 elapsed=275.443s phase=train event=interaction_progress trial=7 partition=0 processed=12600 total=14000 metric=ce epoch=1/1
[pipeline-trace] wall=19:46:10 elapsed=275.809s phase=train event=interaction_progress trial=6 partition=0 processed=6600 total=14000 metric=ce epoch=1/1
[pipeline-trace] wall=19:46:11 elapsed=275.726s phase=train event=interaction_progress trial=7 partition=0 processed=12700 total=14000 metric=ce epoch=1/1
[pipeline-trace] wall=19:46:11 elapsed=276.009s phase=train event=interaction_progress trial=7 partition=0 processed=12800 total=14000 metric=ce epoch=1/1
[pipeline-trace] wall=19:46:11 elapsed=276.292s phase=train event=interaction_progress trial=7 partition=0 processed=12900 total=14000 metric=ce epoch=1/1
[pipeline-trace] wall=19:46:11 elapsed=276.558s phase=train event=interaction_progress trial=7 partition=0 processed=13000 total=14000 metric=ce epoch=1/1
[pipeline-trace] wall=19:46:12 elapsed=276.823s phase=train event=interaction_progress trial=7 partition=0 processed=13100 total=14000 metric=ce epoch=1/1
[pipeline-trace] wall=19:46:12 elapsed=277.315s phase=train event=interaction_progress trial=6 partition=0 processed=6700 total=14000 metric=ce epoch=1/1
[pipeline-trace] wall=19:46:12 elapsed=277.084s phase=train event=interaction_progress trial=7 partition=0 processed=13200 total=14000 metric=ce epoch=1/1
[pipeline-trace] wall=19:46:12 elapsed=277.361s phase=train event=interaction_progress trial=7 partition=0 processed=13300 total=14000 metric=ce epoch=1/1
[pipeline-trace] wall=19:46:12 elapsed=277.632s phase=train event=interaction_progress trial=7 partition=0 processed=13400 total=14000 metric=ce epoch=1/1
[pipeline-trace] wall=19:46:13 elapsed=277.931s phase=train event=interaction_progress trial=7 partition=0 processed=13500 total=14000 metric=ce epoch=1/1
[pipeline-trace] wall=19:46:13 elapsed=278.198s phase=train event=interaction_progress trial=7 partition=0 processed=13600 total=14000 metric=ce epoch=1/1
[pipeline-trace] wall=19:46:13 elapsed=278.456s phase=train event=interaction_progress trial=7 partition=0 processed=13700 total=14000 metric=ce epoch=1/1
[pipeline-trace] wall=19:46:13 elapsed=278.884s phase=train event=interaction_progress trial=6 partition=0 processed=6800 total=14000 metric=ce epoch=1/1
[pipeline-trace] wall=19:46:14 elapsed=278.712s phase=train event=interaction_progress trial=7 partition=0 processed=13800 total=14000 metric=ce epoch=1/1
[pipeline-trace] wall=19:46:14 elapsed=278.987s phase=train event=interaction_progress trial=7 partition=0 processed=13900 total=14000 metric=ce epoch=1/1
[pipeline-trace] wall=19:46:14 elapsed=279.251s phase=train event=interaction_progress trial=7 partition=0 processed=14000 total=14000 metric=ce epoch=1/1
[pipeline-trace] wall=19:46:14 elapsed=279.302s phase=eval event=batch_start trial=7 partitions=[1] synthetic=False
[pipeline-trace] wall=19:46:14 elapsed=279.303s phase=eval event=partition_start trial=7 partition=1 interactions=1999
[pipeline-trace] wall=19:46:14 elapsed=279.303s phase=eval event=interaction_progress trial=7 partition=1 processed=1 total=1999 metric=ranking
[pipeline-trace] wall=19:46:14 elapsed=279.449s phase=eval event=interaction_progress trial=7 partition=1 processed=100 total=1999 metric=ranking
[pipeline-trace] wall=19:46:14 elapsed=279.642s phase=eval event=interaction_progress trial=7 partition=1 processed=200 total=1999 metric=ranking
[pipeline-trace] wall=19:46:15 elapsed=279.797s phase=eval event=interaction_progress trial=7 partition=1 processed=300 total=1999 metric=ranking
[pipeline-trace] wall=19:46:15 elapsed=279.955s phase=eval event=interaction_progress trial=7 partition=1 processed=400 total=1999 metric=ranking
[pipeline-trace] wall=19:46:15 elapsed=280.351s phase=train event=interaction_progress trial=6 partition=0 processed=6900 total=14000 metric=ce epoch=1/1
[pipeline-trace] wall=19:46:15 elapsed=280.144s phase=eval event=interaction_progress trial=7 partition=1 processed=500 total=1999 metric=ranking
[pipeline-trace] wall=19:46:15 elapsed=280.299s phase=eval event=interaction_progress trial=7 partition=1 processed=600 total=1999 metric=ranking
[pipeline-trace] wall=19:46:15 elapsed=280.466s phase=eval event=interaction_progress trial=7 partition=1 processed=700 total=1999 metric=ranking
[pipeline-trace] wall=19:46:15 elapsed=280.628s phase=eval event=interaction_progress trial=7 partition=1 processed=800 total=1999 metric=ranking
[pipeline-trace] wall=19:46:16 elapsed=280.783s phase=eval event=interaction_progress trial=7 partition=1 processed=900 total=1999 metric=ranking
[pipeline-trace] wall=19:46:16 elapsed=280.965s phase=eval event=interaction_progress trial=7 partition=1 processed=1000 total=1999 metric=ranking
[pipeline-trace] wall=19:46:16 elapsed=281.161s phase=eval event=interaction_progress trial=7 partition=1 processed=1100 total=1999 metric=ranking
[pipeline-trace] wall=19:46:16 elapsed=281.326s phase=eval event=interaction_progress trial=7 partition=1 processed=1200 total=1999 metric=ranking
[pipeline-trace] wall=19:46:16 elapsed=281.482s phase=eval event=interaction_progress trial=7 partition=1 processed=1300 total=1999 metric=ranking
[pipeline-trace] wall=19:46:16 elapsed=281.866s phase=train event=interaction_progress trial=6 partition=0 processed=7000 total=14000 metric=ce epoch=1/1
[pipeline-trace] wall=19:46:16 elapsed=281.638s phase=eval event=interaction_progress trial=7 partition=1 processed=1400 total=1999 metric=ranking
[pipeline-trace] wall=19:46:17 elapsed=281.794s phase=eval event=interaction_progress trial=7 partition=1 processed=1500 total=1999 metric=ranking
[pipeline-trace] wall=19:46:17 elapsed=281.949s phase=eval event=interaction_progress trial=7 partition=1 processed=1600 total=1999 metric=ranking
[pipeline-trace] wall=19:46:17 elapsed=282.117s phase=eval event=interaction_progress trial=7 partition=1 processed=1700 total=1999 metric=ranking
[pipeline-trace] wall=19:46:17 elapsed=282.276s phase=eval event=interaction_progress trial=7 partition=1 processed=1800 total=1999 metric=ranking
[pipeline-trace] wall=19:46:17 elapsed=282.431s phase=eval event=interaction_progress trial=7 partition=1 processed=1900 total=1999 metric=ranking
[pipeline-trace] wall=19:46:17 elapsed=282.585s phase=eval event=interaction_progress trial=7 partition=1 processed=1999 total=1999 metric=ranking
[pipeline-trace] wall=19:46:17 elapsed=282.587s phase=eval event=partition_complete trial=7 partition=1 elapsed_sec=3.284 hits=1444 total=1999
[pipeline-trace] wall=19:46:17 elapsed=282.637s phase=train event=interaction_progress trial=8 partition=0 processed=1 total=14000 metric=ce epoch=1/1
[pipeline-trace] wall=19:46:18 elapsed=282.891s phase=train event=interaction_progress trial=8 partition=0 processed=100 total=14000 metric=ce epoch=1/1
[pipeline-trace] wall=19:46:18 elapsed=283.291s phase=train event=interaction_progress trial=6 partition=0 processed=7100 total=14000 metric=ce epoch=1/1
[pipeline-trace] wall=19:46:18 elapsed=283.165s phase=train event=interaction_progress trial=8 partition=0 processed=200 total=14000 metric=ce epoch=1/1
[pipeline-trace] wall=19:46:18 elapsed=283.460s phase=train event=interaction_progress trial=8 partition=0 processed=300 total=14000 metric=ce epoch=1/1
[pipeline-trace] wall=19:46:19 elapsed=283.756s phase=train event=interaction_progress trial=8 partition=0 processed=400 total=14000 metric=ce epoch=1/1
[pipeline-trace] wall=19:46:19 elapsed=284.045s phase=train event=interaction_progress trial=8 partition=0 processed=500 total=14000 metric=ce epoch=1/1
[pipeline-trace] wall=19:46:19 elapsed=284.295s phase=train event=interaction_progress trial=8 partition=0 processed=600 total=14000 metric=ce epoch=1/1
[pipeline-trace] wall=19:46:19 elapsed=284.804s phase=train event=interaction_progress trial=6 partition=0 processed=7200 total=14000 metric=ce epoch=1/1
[pipeline-trace] wall=19:46:19 elapsed=284.557s phase=train event=interaction_progress trial=8 partition=0 processed=700 total=14000 metric=ce epoch=1/1
[pipeline-trace] wall=19:46:20 elapsed=284.835s phase=train event=interaction_progress trial=8 partition=0 processed=800 total=14000 metric=ce epoch=1/1
[pipeline-trace] wall=19:46:20 elapsed=285.146s phase=train event=interaction_progress trial=8 partition=0 processed=900 total=14000 metric=ce epoch=1/1
[pipeline-trace] wall=19:46:20 elapsed=285.466s phase=train event=interaction_progress trial=8 partition=0 processed=1000 total=14000 metric=ce epoch=1/1
[pipeline-trace] wall=19:46:21 elapsed=285.763s phase=train event=interaction_progress trial=8 partition=0 processed=1100 total=14000 metric=ce epoch=1/1
[pipeline-trace] wall=19:46:21 elapsed=286.325s phase=train event=interaction_progress trial=6 partition=0 processed=7300 total=14000 metric=ce epoch=1/1
[pipeline-trace] wall=19:46:21 elapsed=286.050s phase=train event=interaction_progress trial=8 partition=0 processed=1200 total=14000 metric=ce epoch=1/1
[pipeline-trace] wall=19:46:21 elapsed=286.347s phase=train event=interaction_progress trial=8 partition=0 processed=1300 total=14000 metric=ce epoch=1/1
[pipeline-trace] wall=19:46:21 elapsed=286.610s phase=train event=interaction_progress trial=8 partition=0 processed=1400 total=14000 metric=ce epoch=1/1
[pipeline-trace] wall=19:46:22 elapsed=286.870s phase=train event=interaction_progress trial=8 partition=0 processed=1500 total=14000 metric=ce epoch=1/1
[pipeline-trace] wall=19:46:22 elapsed=287.117s phase=train event=interaction_progress trial=8 partition=0 processed=1600 total=14000 metric=ce epoch=1/1
[pipeline-trace] wall=19:46:22 elapsed=287.367s phase=train event=interaction_progress trial=8 partition=0 processed=1700 total=14000 metric=ce epoch=1/1
[pipeline-trace] wall=19:46:22 elapsed=287.759s phase=train event=interaction_progress trial=6 partition=0 processed=7400 total=14000 metric=ce epoch=1/1
[pipeline-trace] wall=19:46:22 elapsed=287.617s phase=train event=interaction_progress trial=8 partition=0 processed=1800 total=14000 metric=ce epoch=1/1
[pipeline-trace] wall=19:46:23 elapsed=287.863s phase=train event=interaction_progress trial=8 partition=0 processed=1900 total=14000 metric=ce epoch=1/1
[pipeline-trace] wall=19:46:23 elapsed=288.104s phase=train event=interaction_progress trial=8 partition=0 processed=2000 total=14000 metric=ce epoch=1/1
[pipeline-trace] wall=19:46:23 elapsed=288.376s phase=train event=interaction_progress trial=8 partition=0 processed=2100 total=14000 metric=ce epoch=1/1
[pipeline-trace] wall=19:46:23 elapsed=288.661s phase=train event=interaction_progress trial=8 partition=0 processed=2200 total=14000 metric=ce epoch=1/1
[pipeline-trace] wall=19:46:24 elapsed=289.143s phase=train event=interaction_progress trial=6 partition=0 processed=7500 total=14000 metric=ce epoch=1/1
[pipeline-trace] wall=19:46:24 elapsed=288.907s phase=train event=interaction_progress trial=8 partition=0 processed=2300 total=14000 metric=ce epoch=1/1
[pipeline-trace] wall=19:46:24 elapsed=289.233s phase=train event=interaction_progress trial=8 partition=0 processed=2400 total=14000 metric=ce epoch=1/1
[pipeline-trace] wall=19:46:24 elapsed=289.532s phase=train event=interaction_progress trial=8 partition=0 processed=2500 total=14000 metric=ce epoch=1/1
[pipeline-trace] wall=19:46:25 elapsed=289.833s phase=train event=interaction_progress trial=8 partition=0 processed=2600 total=14000 metric=ce epoch=1/1
[pipeline-trace] wall=19:46:25 elapsed=290.128s phase=train event=interaction_progress trial=8 partition=0 processed=2700 total=14000 metric=ce epoch=1/1
[pipeline-trace] wall=19:46:25 elapsed=290.576s phase=train event=interaction_progress trial=6 partition=0 processed=7600 total=14000 metric=ce epoch=1/1
[pipeline-trace] wall=19:46:25 elapsed=290.406s phase=train event=interaction_progress trial=8 partition=0 processed=2800 total=14000 metric=ce epoch=1/1
[pipeline-trace] wall=19:46:26 elapsed=290.709s phase=train event=interaction_progress trial=8 partition=0 processed=2900 total=14000 metric=ce epoch=1/1
[pipeline-trace] wall=19:46:26 elapsed=291.009s phase=train event=interaction_progress trial=8 partition=0 processed=3000 total=14000 metric=ce epoch=1/1
[pipeline-trace] wall=19:46:26 elapsed=291.315s phase=train event=interaction_progress trial=8 partition=0 processed=3100 total=14000 metric=ce epoch=1/1
[pipeline-trace] wall=19:46:26 elapsed=291.965s phase=train event=interaction_progress trial=6 partition=0 processed=7700 total=14000 metric=ce epoch=1/1
[pipeline-trace] wall=19:46:26 elapsed=291.624s phase=train event=interaction_progress trial=8 partition=0 processed=3200 total=14000 metric=ce epoch=1/1
[pipeline-trace] wall=19:46:27 elapsed=291.927s phase=train event=interaction_progress trial=8 partition=0 processed=3300 total=14000 metric=ce epoch=1/1
[pipeline-trace] wall=19:46:27 elapsed=292.178s phase=train event=interaction_progress trial=8 partition=0 processed=3400 total=14000 metric=ce epoch=1/1
[pipeline-trace] wall=19:46:27 elapsed=292.446s phase=train event=interaction_progress trial=8 partition=0 processed=3500 total=14000 metric=ce epoch=1/1
[pipeline-trace] wall=19:46:28 elapsed=292.742s phase=train event=interaction_progress trial=8 partition=0 processed=3600 total=14000 metric=ce epoch=1/1
[pipeline-trace] wall=19:46:28 elapsed=293.058s phase=train event=interaction_progress trial=8 partition=0 processed=3700 total=14000 metric=ce epoch=1/1
[pipeline-trace] wall=19:46:28 elapsed=293.476s phase=train event=interaction_progress trial=6 partition=0 processed=7800 total=14000 metric=ce epoch=1/1
[pipeline-trace] wall=19:46:28 elapsed=293.372s phase=train event=interaction_progress trial=8 partition=0 processed=3800 total=14000 metric=ce epoch=1/1
[pipeline-trace] wall=19:46:29 elapsed=293.694s phase=train event=interaction_progress trial=8 partition=0 processed=3900 total=14000 metric=ce epoch=1/1
[pipeline-trace] wall=19:46:29 elapsed=294.007s phase=train event=interaction_progress trial=8 partition=0 processed=4000 total=14000 metric=ce epoch=1/1
[pipeline-trace] wall=19:46:29 elapsed=294.336s phase=train event=interaction_progress trial=8 partition=0 processed=4100 total=14000 metric=ce epoch=1/1
[pipeline-trace] wall=19:46:29 elapsed=294.642s phase=train event=interaction_progress trial=8 partition=0 processed=4200 total=14000 metric=ce epoch=1/1
[pipeline-trace] wall=19:46:30 elapsed=295.025s phase=train event=interaction_progress trial=6 partition=0 processed=7900 total=14000 metric=ce epoch=1/1
[pipeline-trace] wall=19:46:30 elapsed=294.946s phase=train event=interaction_progress trial=8 partition=0 processed=4300 total=14000 metric=ce epoch=1/1
[pipeline-trace] wall=19:46:30 elapsed=295.244s phase=train event=interaction_progress trial=8 partition=0 processed=4400 total=14000 metric=ce epoch=1/1
[pipeline-trace] wall=19:46:30 elapsed=295.542s phase=train event=interaction_progress trial=8 partition=0 processed=4500 total=14000 metric=ce epoch=1/1
[pipeline-trace] wall=19:46:31 elapsed=295.841s phase=train event=interaction_progress trial=8 partition=0 processed=4600 total=14000 metric=ce epoch=1/1
[pipeline-trace] wall=19:46:31 elapsed=296.414s phase=train event=interaction_progress trial=6 partition=0 processed=8000 total=14000 metric=ce epoch=1/1
[pipeline-trace] wall=19:46:31 elapsed=296.144s phase=train event=interaction_progress trial=8 partition=0 processed=4700 total=14000 metric=ce epoch=1/1
[pipeline-trace] wall=19:46:31 elapsed=296.461s phase=train event=interaction_progress trial=8 partition=0 processed=4800 total=14000 metric=ce epoch=1/1
[pipeline-trace] wall=19:46:32 elapsed=296.788s phase=train event=interaction_progress trial=8 partition=0 processed=4900 total=14000 metric=ce epoch=1/1
[pipeline-trace] wall=19:46:32 elapsed=297.094s phase=train event=interaction_progress trial=8 partition=0 processed=5000 total=14000 metric=ce epoch=1/1
[pipeline-trace] wall=19:46:32 elapsed=297.417s phase=train event=interaction_progress trial=8 partition=0 processed=5100 total=14000 metric=ce epoch=1/1
[pipeline-trace] wall=19:46:32 elapsed=297.865s phase=train event=interaction_progress trial=6 partition=0 processed=8100 total=14000 metric=ce epoch=1/1
[pipeline-trace] wall=19:46:33 elapsed=297.739s phase=train event=interaction_progress trial=8 partition=0 processed=5200 total=14000 metric=ce epoch=1/1
[pipeline-trace] wall=19:46:33 elapsed=298.056s phase=train event=interaction_progress trial=8 partition=0 processed=5300 total=14000 metric=ce epoch=1/1
[pipeline-trace] wall=19:46:33 elapsed=298.370s phase=train event=interaction_progress trial=8 partition=0 processed=5400 total=14000 metric=ce epoch=1/1
[pipeline-trace] wall=19:46:34 elapsed=298.687s phase=train event=interaction_progress trial=8 partition=0 processed=5500 total=14000 metric=ce epoch=1/1
[pipeline-trace] wall=19:46:34 elapsed=299.012s phase=train event=interaction_progress trial=8 partition=0 processed=5600 total=14000 metric=ce epoch=1/1
[pipeline-trace] wall=19:46:34 elapsed=299.457s phase=train event=interaction_progress trial=6 partition=0 processed=8200 total=14000 metric=ce epoch=1/1
[pipeline-trace] wall=19:46:34 elapsed=299.331s phase=train event=interaction_progress trial=8 partition=0 processed=5700 total=14000 metric=ce epoch=1/1
[pipeline-trace] wall=19:46:34 elapsed=299.654s phase=train event=interaction_progress trial=8 partition=0 processed=5800 total=14000 metric=ce epoch=1/1
[pipeline-trace] wall=19:46:35 elapsed=299.977s phase=train event=interaction_progress trial=8 partition=0 processed=5900 total=14000 metric=ce epoch=1/1
[pipeline-trace] wall=19:46:35 elapsed=300.315s phase=train event=interaction_progress trial=8 partition=0 processed=6000 total=14000 metric=ce epoch=1/1
[pipeline-trace] wall=19:46:35 elapsed=300.952s phase=train event=interaction_progress trial=6 partition=0 processed=8300 total=14000 metric=ce epoch=1/1
[pipeline-trace] wall=19:46:35 elapsed=300.654s phase=train event=interaction_progress trial=8 partition=0 processed=6100 total=14000 metric=ce epoch=1/1
[pipeline-trace] wall=19:46:36 elapsed=301.001s phase=train event=interaction_progress trial=8 partition=0 processed=6200 total=14000 metric=ce epoch=1/1
[pipeline-trace] wall=19:46:36 elapsed=301.295s phase=train event=interaction_progress trial=8 partition=0 processed=6300 total=14000 metric=ce epoch=1/1
[pipeline-trace] wall=19:46:36 elapsed=301.592s phase=train event=interaction_progress trial=8 partition=0 processed=6400 total=14000 metric=ce epoch=1/1
[pipeline-trace] wall=19:46:37 elapsed=301.899s phase=train event=interaction_progress trial=8 partition=0 processed=6500 total=14000 metric=ce epoch=1/1
[pipeline-trace] wall=19:46:37 elapsed=302.311s phase=train event=interaction_progress trial=6 partition=0 processed=8400 total=14000 metric=ce epoch=1/1
[pipeline-trace] wall=19:46:37 elapsed=302.208s phase=train event=interaction_progress trial=8 partition=0 processed=6600 total=14000 metric=ce epoch=1/1
[pipeline-trace] wall=19:46:37 elapsed=302.505s phase=train event=interaction_progress trial=8 partition=0 processed=6700 total=14000 metric=ce epoch=1/1
[pipeline-trace] wall=19:46:38 elapsed=302.821s phase=train event=interaction_progress trial=8 partition=0 processed=6800 total=14000 metric=ce epoch=1/1
[pipeline-trace] wall=19:46:38 elapsed=303.132s phase=train event=interaction_progress trial=8 partition=0 processed=6900 total=14000 metric=ce epoch=1/1
[pipeline-trace] wall=19:46:38 elapsed=303.791s phase=train event=interaction_progress trial=6 partition=0 processed=8500 total=14000 metric=ce epoch=1/1
[pipeline-trace] wall=19:46:38 elapsed=303.460s phase=train event=interaction_progress trial=8 partition=0 processed=7000 total=14000 metric=ce epoch=1/1
[pipeline-trace] wall=19:46:39 elapsed=303.872s phase=train event=interaction_progress trial=8 partition=0 processed=7100 total=14000 metric=ce epoch=1/1
[pipeline-trace] wall=19:46:39 elapsed=304.269s phase=train event=interaction_progress trial=8 partition=0 processed=7200 total=14000 metric=ce epoch=1/1
[pipeline-trace] wall=19:46:39 elapsed=304.543s phase=train event=interaction_progress trial=8 partition=0 processed=7300 total=14000 metric=ce epoch=1/1
[pipeline-trace] wall=19:46:40 elapsed=304.820s phase=train event=interaction_progress trial=8 partition=0 processed=7400 total=14000 metric=ce epoch=1/1
[pipeline-trace] wall=19:46:40 elapsed=305.200s phase=train event=interaction_progress trial=6 partition=0 processed=8600 total=14000 metric=ce epoch=1/1
[pipeline-trace] wall=19:46:40 elapsed=305.109s phase=train event=interaction_progress trial=8 partition=0 processed=7500 total=14000 metric=ce epoch=1/1
[pipeline-trace] wall=19:46:40 elapsed=305.391s phase=train event=interaction_progress trial=8 partition=0 processed=7600 total=14000 metric=ce epoch=1/1
[pipeline-trace] wall=19:46:40 elapsed=305.653s phase=train event=interaction_progress trial=8 partition=0 processed=7700 total=14000 metric=ce epoch=1/1
[pipeline-trace] wall=19:46:41 elapsed=305.914s phase=train event=interaction_progress trial=8 partition=0 processed=7800 total=14000 metric=ce epoch=1/1
[pipeline-trace] wall=19:46:41 elapsed=306.536s phase=train event=interaction_progress trial=6 partition=0 processed=8700 total=14000 metric=ce epoch=1/1
[pipeline-trace] wall=19:46:41 elapsed=306.202s phase=train event=interaction_progress trial=8 partition=0 processed=7900 total=14000 metric=ce epoch=1/1
[pipeline-trace] wall=19:46:41 elapsed=306.501s phase=train event=interaction_progress trial=8 partition=0 processed=8000 total=14000 metric=ce epoch=1/1
[pipeline-trace] wall=19:46:42 elapsed=306.794s phase=train event=interaction_progress trial=8 partition=0 processed=8100 total=14000 metric=ce epoch=1/1
[pipeline-trace] wall=19:46:42 elapsed=307.095s phase=train event=interaction_progress trial=8 partition=0 processed=8200 total=14000 metric=ce epoch=1/1
[pipeline-trace] wall=19:46:42 elapsed=307.397s phase=train event=interaction_progress trial=8 partition=0 processed=8300 total=14000 metric=ce epoch=1/1
[pipeline-trace] wall=19:46:42 elapsed=308.008s phase=train event=interaction_progress trial=6 partition=0 processed=8800 total=14000 metric=ce epoch=1/1
[pipeline-trace] wall=19:46:43 elapsed=307.695s phase=train event=interaction_progress trial=8 partition=0 processed=8400 total=14000 metric=ce epoch=1/1
[pipeline-trace] wall=19:46:43 elapsed=307.972s phase=train event=interaction_progress trial=8 partition=0 processed=8500 total=14000 metric=ce epoch=1/1
[pipeline-trace] wall=19:46:43 elapsed=308.323s phase=train event=interaction_progress trial=8 partition=0 processed=8600 total=14000 metric=ce epoch=1/1
[pipeline-trace] wall=19:46:43 elapsed=308.626s phase=train event=interaction_progress trial=8 partition=0 processed=8700 total=14000 metric=ce epoch=1/1
[pipeline-trace] wall=19:46:44 elapsed=308.885s phase=train event=interaction_progress trial=8 partition=0 processed=8800 total=14000 metric=ce epoch=1/1
[pipeline-trace] wall=19:46:44 elapsed=309.184s phase=train event=interaction_progress trial=8 partition=0 processed=8900 total=14000 metric=ce epoch=1/1
[pipeline-trace] wall=19:46:44 elapsed=309.579s phase=train event=interaction_progress trial=6 partition=0 processed=8900 total=14000 metric=ce epoch=1/1
[pipeline-trace] wall=19:46:44 elapsed=309.473s phase=train event=interaction_progress trial=8 partition=0 processed=9000 total=14000 metric=ce epoch=1/1
[pipeline-trace] wall=19:46:45 elapsed=309.764s phase=train event=interaction_progress trial=8 partition=0 processed=9100 total=14000 metric=ce epoch=1/1
[pipeline-trace] wall=19:46:45 elapsed=310.062s phase=train event=interaction_progress trial=8 partition=0 processed=9200 total=14000 metric=ce epoch=1/1
[pipeline-trace] wall=19:46:45 elapsed=310.366s phase=train event=interaction_progress trial=8 partition=0 processed=9300 total=14000 metric=ce epoch=1/1
[pipeline-trace] wall=19:46:46 elapsed=310.662s phase=train event=interaction_progress trial=8 partition=0 processed=9400 total=14000 metric=ce epoch=1/1
[pipeline-trace] wall=19:46:46 elapsed=311.057s phase=train event=interaction_progress trial=6 partition=0 processed=9000 total=14000 metric=ce epoch=1/1
[pipeline-trace] wall=19:46:46 elapsed=310.992s phase=train event=interaction_progress trial=8 partition=0 processed=9500 total=14000 metric=ce epoch=1/1
[pipeline-trace] wall=19:46:46 elapsed=311.484s phase=train event=interaction_progress trial=8 partition=0 processed=9600 total=14000 metric=ce epoch=1/1
[pipeline-trace] wall=19:46:47 elapsed=311.993s phase=train event=interaction_progress trial=8 partition=0 processed=9700 total=14000 metric=ce epoch=1/1
[pipeline-trace] wall=19:46:47 elapsed=312.591s phase=train event=interaction_progress trial=8 partition=0 processed=9800 total=14000 metric=ce epoch=1/1
[pipeline-trace] wall=19:46:48 elapsed=313.477s phase=train event=interaction_progress trial=6 partition=0 processed=9100 total=14000 metric=ce epoch=1/1
[pipeline-trace] wall=19:46:48 elapsed=313.168s phase=train event=interaction_progress trial=8 partition=0 processed=9900 total=14000 metric=ce epoch=1/1
[pipeline-trace] wall=19:46:48 elapsed=313.655s phase=train event=interaction_progress trial=8 partition=0 processed=10000 total=14000 metric=ce epoch=1/1
[pipeline-trace] wall=19:46:49 elapsed=314.224s phase=train event=interaction_progress trial=8 partition=0 processed=10100 total=14000 metric=ce epoch=1/1
[pipeline-trace] wall=19:46:50 elapsed=314.707s phase=train event=interaction_progress trial=8 partition=0 processed=10200 total=14000 metric=ce epoch=1/1
[pipeline-trace] wall=19:46:50 elapsed=315.224s phase=train event=interaction_progress trial=8 partition=0 processed=10300 total=14000 metric=ce epoch=1/1
[pipeline-trace] wall=19:46:50 elapsed=315.825s phase=train event=interaction_progress trial=6 partition=0 processed=9200 total=14000 metric=ce epoch=1/1
[pipeline-trace] wall=19:46:51 elapsed=316.146s phase=train event=interaction_progress trial=8 partition=0 processed=10400 total=14000 metric=ce epoch=1/1
[pipeline-trace] wall=19:46:52 elapsed=317.430s phase=train event=interaction_progress trial=8 partition=0 processed=10500 total=14000 metric=ce epoch=1/1
[pipeline-trace] wall=19:46:53 elapsed=318.194s phase=train event=interaction_progress trial=6 partition=0 processed=9300 total=14000 metric=ce epoch=1/1
[pipeline-trace] wall=19:46:53 elapsed=317.887s phase=train event=interaction_progress trial=8 partition=0 processed=10600 total=14000 metric=ce epoch=1/1
[pipeline-trace] wall=19:46:53 elapsed=318.296s phase=train event=interaction_progress trial=8 partition=0 processed=10700 total=14000 metric=ce epoch=1/1
[pipeline-trace] wall=19:46:53 elapsed=318.637s phase=train event=interaction_progress trial=8 partition=0 processed=10800 total=14000 metric=ce epoch=1/1
[pipeline-trace] wall=19:46:54 elapsed=319.002s phase=train event=interaction_progress trial=8 partition=0 processed=10900 total=14000 metric=ce epoch=1/1
[pipeline-trace] wall=19:46:54 elapsed=319.667s phase=train event=interaction_progress trial=6 partition=0 processed=9400 total=14000 metric=ce epoch=1/1
[pipeline-trace] wall=19:46:54 elapsed=319.356s phase=train event=interaction_progress trial=8 partition=0 processed=11000 total=14000 metric=ce epoch=1/1
[pipeline-trace] wall=19:46:55 elapsed=319.684s phase=train event=interaction_progress trial=8 partition=0 processed=11100 total=14000 metric=ce epoch=1/1
[pipeline-trace] wall=19:46:55 elapsed=319.912s phase=train event=interaction_progress trial=8 partition=0 processed=11200 total=14000 metric=ce epoch=1/1
[pipeline-trace] wall=19:46:55 elapsed=320.177s phase=train event=interaction_progress trial=8 partition=0 processed=11300 total=14000 metric=ce epoch=1/1
[pipeline-trace] wall=19:46:55 elapsed=320.447s phase=train event=interaction_progress trial=8 partition=0 processed=11400 total=14000 metric=ce epoch=1/1
[pipeline-trace] wall=19:46:56 elapsed=321.043s phase=train event=interaction_progress trial=6 partition=0 processed=9500 total=14000 metric=ce epoch=1/1
[pipeline-trace] wall=19:46:56 elapsed=320.709s phase=train event=interaction_progress trial=8 partition=0 processed=11500 total=14000 metric=ce epoch=1/1
[pipeline-trace] wall=19:46:56 elapsed=320.963s phase=train event=interaction_progress trial=8 partition=0 processed=11600 total=14000 metric=ce epoch=1/1
[pipeline-trace] wall=19:46:56 elapsed=321.254s phase=train event=interaction_progress trial=8 partition=0 processed=11700 total=14000 metric=ce epoch=1/1
[pipeline-trace] wall=19:46:56 elapsed=321.563s phase=train event=interaction_progress trial=8 partition=0 processed=11800 total=14000 metric=ce epoch=1/1
[pipeline-trace] wall=19:46:57 elapsed=321.863s phase=train event=interaction_progress trial=8 partition=0 processed=11900 total=14000 metric=ce epoch=1/1
[pipeline-trace] wall=19:46:57 elapsed=322.113s phase=train event=interaction_progress trial=8 partition=0 processed=12000 total=14000 metric=ce epoch=1/1
[pipeline-trace] wall=19:46:57 elapsed=322.510s phase=train event=interaction_progress trial=6 partition=0 processed=9600 total=14000 metric=ce epoch=1/1
[pipeline-trace] wall=19:46:57 elapsed=322.398s phase=train event=interaction_progress trial=8 partition=0 processed=12100 total=14000 metric=ce epoch=1/1
[pipeline-trace] wall=19:46:58 elapsed=322.689s phase=train event=interaction_progress trial=8 partition=0 processed=12200 total=14000 metric=ce epoch=1/1
[pipeline-trace] wall=19:46:58 elapsed=322.999s phase=train event=interaction_progress trial=8 partition=0 processed=12300 total=14000 metric=ce epoch=1/1
[pipeline-trace] wall=19:46:58 elapsed=323.317s phase=train event=interaction_progress trial=8 partition=0 processed=12400 total=14000 metric=ce epoch=1/1
[pipeline-trace] wall=19:46:58 elapsed=323.593s phase=train event=interaction_progress trial=8 partition=0 processed=12500 total=14000 metric=ce epoch=1/1
[pipeline-trace] wall=19:46:58 elapsed=323.952s phase=train event=interaction_progress trial=6 partition=0 processed=9700 total=14000 metric=ce epoch=1/1
[pipeline-trace] wall=19:46:59 elapsed=323.839s phase=train event=interaction_progress trial=8 partition=0 processed=12600 total=14000 metric=ce epoch=1/1
[pipeline-trace] wall=19:46:59 elapsed=324.079s phase=train event=interaction_progress trial=8 partition=0 processed=12700 total=14000 metric=ce epoch=1/1
[pipeline-trace] wall=19:46:59 elapsed=324.331s phase=train event=interaction_progress trial=8 partition=0 processed=12800 total=14000 metric=ce epoch=1/1
[pipeline-trace] wall=19:46:59 elapsed=324.591s phase=train event=interaction_progress trial=8 partition=0 processed=12900 total=14000 metric=ce epoch=1/1
[pipeline-trace] wall=19:47:00 elapsed=324.843s phase=train event=interaction_progress trial=8 partition=0 processed=13000 total=14000 metric=ce epoch=1/1
[pipeline-trace] wall=19:47:00 elapsed=325.366s phase=train event=interaction_progress trial=6 partition=0 processed=9800 total=14000 metric=ce epoch=1/1
[pipeline-trace] wall=19:47:00 elapsed=325.082s phase=train event=interaction_progress trial=8 partition=0 processed=13100 total=14000 metric=ce epoch=1/1
[pipeline-trace] wall=19:47:00 elapsed=325.329s phase=train event=interaction_progress trial=8 partition=0 processed=13200 total=14000 metric=ce epoch=1/1
[pipeline-trace] wall=19:47:00 elapsed=325.560s phase=train event=interaction_progress trial=8 partition=0 processed=13300 total=14000 metric=ce epoch=1/1
[pipeline-trace] wall=19:47:01 elapsed=325.810s phase=train event=interaction_progress trial=8 partition=0 processed=13400 total=14000 metric=ce epoch=1/1
[pipeline-trace] wall=19:47:01 elapsed=326.041s phase=train event=interaction_progress trial=8 partition=0 processed=13500 total=14000 metric=ce epoch=1/1
[pipeline-trace] wall=19:47:01 elapsed=326.286s phase=train event=interaction_progress trial=8 partition=0 processed=13600 total=14000 metric=ce epoch=1/1
[pipeline-trace] wall=19:47:01 elapsed=326.832s phase=train event=interaction_progress trial=6 partition=0 processed=9900 total=14000 metric=ce epoch=1/1
[pipeline-trace] wall=19:47:01 elapsed=326.517s phase=train event=interaction_progress trial=8 partition=0 processed=13700 total=14000 metric=ce epoch=1/1
[pipeline-trace] wall=19:47:02 elapsed=326.726s phase=train event=interaction_progress trial=8 partition=0 processed=13800 total=14000 metric=ce epoch=1/1
[pipeline-trace] wall=19:47:02 elapsed=326.940s phase=train event=interaction_progress trial=8 partition=0 processed=13900 total=14000 metric=ce epoch=1/1
[pipeline-trace] wall=19:47:02 elapsed=327.190s phase=train event=interaction_progress trial=8 partition=0 processed=14000 total=14000 metric=ce epoch=1/1
[pipeline-trace] wall=19:47:02 elapsed=327.249s phase=eval event=batch_start trial=8 partitions=[1] synthetic=False
[pipeline-trace] wall=19:47:02 elapsed=327.249s phase=eval event=partition_start trial=8 partition=1 interactions=1999
[pipeline-trace] wall=19:47:02 elapsed=327.250s phase=eval event=interaction_progress trial=8 partition=1 processed=1 total=1999 metric=ranking
[pipeline-trace] wall=19:47:02 elapsed=327.382s phase=eval event=interaction_progress trial=8 partition=1 processed=100 total=1999 metric=ranking
[pipeline-trace] wall=19:47:02 elapsed=327.511s phase=eval event=interaction_progress trial=8 partition=1 processed=200 total=1999 metric=ranking
[pipeline-trace] wall=19:47:02 elapsed=327.640s phase=eval event=interaction_progress trial=8 partition=1 processed=300 total=1999 metric=ranking
[pipeline-trace] wall=19:47:03 elapsed=327.769s phase=eval event=interaction_progress trial=8 partition=1 processed=400 total=1999 metric=ranking
[pipeline-trace] wall=19:47:03 elapsed=327.898s phase=eval event=interaction_progress trial=8 partition=1 processed=500 total=1999 metric=ranking
[pipeline-trace] wall=19:47:03 elapsed=328.280s phase=train event=interaction_progress trial=6 partition=0 processed=10000 total=14000 metric=ce epoch=1/1
[pipeline-trace] wall=19:47:03 elapsed=328.029s phase=eval event=interaction_progress trial=8 partition=1 processed=600 total=1999 metric=ranking
[pipeline-trace] wall=19:47:03 elapsed=328.161s phase=eval event=interaction_progress trial=8 partition=1 processed=700 total=1999 metric=ranking
[pipeline-trace] wall=19:47:03 elapsed=328.292s phase=eval event=interaction_progress trial=8 partition=1 processed=800 total=1999 metric=ranking
[pipeline-trace] wall=19:47:03 elapsed=328.423s phase=eval event=interaction_progress trial=8 partition=1 processed=900 total=1999 metric=ranking
[pipeline-trace] wall=19:47:03 elapsed=328.553s phase=eval event=interaction_progress trial=8 partition=1 processed=1000 total=1999 metric=ranking
[pipeline-trace] wall=19:47:04 elapsed=328.685s phase=eval event=interaction_progress trial=8 partition=1 processed=1100 total=1999 metric=ranking
[pipeline-trace] wall=19:47:04 elapsed=328.816s phase=eval event=interaction_progress trial=8 partition=1 processed=1200 total=1999 metric=ranking
[pipeline-trace] wall=19:47:04 elapsed=328.948s phase=eval event=interaction_progress trial=8 partition=1 processed=1300 total=1999 metric=ranking
[pipeline-trace] wall=19:47:04 elapsed=329.078s phase=eval event=interaction_progress trial=8 partition=1 processed=1400 total=1999 metric=ranking
[pipeline-trace] wall=19:47:04 elapsed=329.209s phase=eval event=interaction_progress trial=8 partition=1 processed=1500 total=1999 metric=ranking
[pipeline-trace] wall=19:47:04 elapsed=329.340s phase=eval event=interaction_progress trial=8 partition=1 processed=1600 total=1999 metric=ranking
[pipeline-trace] wall=19:47:04 elapsed=329.733s phase=train event=interaction_progress trial=6 partition=0 processed=10100 total=14000 metric=ce epoch=1/1
[pipeline-trace] wall=19:47:04 elapsed=329.471s phase=eval event=interaction_progress trial=8 partition=1 processed=1700 total=1999 metric=ranking
[pipeline-trace] wall=19:47:04 elapsed=329.601s phase=eval event=interaction_progress trial=8 partition=1 processed=1800 total=1999 metric=ranking
[pipeline-trace] wall=19:47:05 elapsed=329.731s phase=eval event=interaction_progress trial=8 partition=1 processed=1900 total=1999 metric=ranking
[pipeline-trace] wall=19:47:05 elapsed=329.860s phase=eval event=interaction_progress trial=8 partition=1 processed=1999 total=1999 metric=ranking
[pipeline-trace] wall=19:47:05 elapsed=329.862s phase=eval event=partition_complete trial=8 partition=1 elapsed_sec=2.612 hits=1037 total=1999
[pipeline-trace] wall=19:47:05 elapsed=329.932s phase=train event=interaction_progress trial=9 partition=0 processed=1 total=14000 metric=ce epoch=1/1
[pipeline-trace] wall=19:47:05 elapsed=330.325s phase=train event=interaction_progress trial=9 partition=0 processed=100 total=14000 metric=ce epoch=1/1
[pipeline-trace] wall=19:47:05 elapsed=330.653s phase=train event=interaction_progress trial=9 partition=0 processed=200 total=14000 metric=ce epoch=1/1
[pipeline-trace] wall=19:47:06 elapsed=331.186s phase=train event=interaction_progress trial=6 partition=0 processed=10200 total=14000 metric=ce epoch=1/1
[pipeline-trace] wall=19:47:06 elapsed=330.988s phase=train event=interaction_progress trial=9 partition=0 processed=300 total=14000 metric=ce epoch=1/1
[pipeline-trace] wall=19:47:06 elapsed=331.301s phase=train event=interaction_progress trial=9 partition=0 processed=400 total=14000 metric=ce epoch=1/1
[pipeline-trace] wall=19:47:07 elapsed=331.662s phase=train event=interaction_progress trial=9 partition=0 processed=500 total=14000 metric=ce epoch=1/1
[pipeline-trace] wall=19:47:07 elapsed=331.985s phase=train event=interaction_progress trial=9 partition=0 processed=600 total=14000 metric=ce epoch=1/1
[pipeline-trace] wall=19:47:07 elapsed=332.314s phase=train event=interaction_progress trial=9 partition=0 processed=700 total=14000 metric=ce epoch=1/1
[pipeline-trace] wall=19:47:07 elapsed=332.730s phase=train event=interaction_progress trial=6 partition=0 processed=10300 total=14000 metric=ce epoch=1/1
[pipeline-trace] wall=19:47:08 elapsed=332.692s phase=train event=interaction_progress trial=9 partition=0 processed=800 total=14000 metric=ce epoch=1/1
[pipeline-trace] wall=19:47:08 elapsed=333.051s phase=train event=interaction_progress trial=9 partition=0 processed=900 total=14000 metric=ce epoch=1/1
[pipeline-trace] wall=19:47:08 elapsed=333.427s phase=train event=interaction_progress trial=9 partition=0 processed=1000 total=14000 metric=ce epoch=1/1
[pipeline-trace] wall=19:47:09 elapsed=333.770s phase=train event=interaction_progress trial=9 partition=0 processed=1100 total=14000 metric=ce epoch=1/1
[pipeline-trace] wall=19:47:09 elapsed=334.238s phase=train event=interaction_progress trial=6 partition=0 processed=10400 total=14000 metric=ce epoch=1/1
[pipeline-trace] wall=19:47:09 elapsed=334.125s phase=train event=interaction_progress trial=9 partition=0 processed=1200 total=14000 metric=ce epoch=1/1
[pipeline-trace] wall=19:47:09 elapsed=334.513s phase=train event=interaction_progress trial=9 partition=0 processed=1300 total=14000 metric=ce epoch=1/1
[pipeline-trace] wall=19:47:10 elapsed=334.886s phase=train event=interaction_progress trial=9 partition=0 processed=1400 total=14000 metric=ce epoch=1/1
[pipeline-trace] wall=19:47:10 elapsed=335.243s phase=train event=interaction_progress trial=9 partition=0 processed=1500 total=14000 metric=ce epoch=1/1
[pipeline-trace] wall=19:47:10 elapsed=335.687s phase=train event=interaction_progress trial=6 partition=0 processed=10500 total=14000 metric=ce epoch=1/1
[pipeline-trace] wall=19:47:10 elapsed=335.576s phase=train event=interaction_progress trial=9 partition=0 processed=1600 total=14000 metric=ce epoch=1/1
[pipeline-trace] wall=19:47:11 elapsed=335.942s phase=train event=interaction_progress trial=9 partition=0 processed=1700 total=14000 metric=ce epoch=1/1
[pipeline-trace] wall=19:47:11 elapsed=336.324s phase=train event=interaction_progress trial=9 partition=0 processed=1800 total=14000 metric=ce epoch=1/1
[pipeline-trace] wall=19:47:12 elapsed=336.711s phase=train event=interaction_progress trial=9 partition=0 processed=1900 total=14000 metric=ce epoch=1/1
[pipeline-trace] wall=19:47:12 elapsed=337.244s phase=train event=interaction_progress trial=6 partition=0 processed=10600 total=14000 metric=ce epoch=1/1
[pipeline-trace] wall=19:47:12 elapsed=337.092s phase=train event=interaction_progress trial=9 partition=0 processed=2000 total=14000 metric=ce epoch=1/1
[pipeline-trace] wall=19:47:12 elapsed=337.469s phase=train event=interaction_progress trial=9 partition=0 processed=2100 total=14000 metric=ce epoch=1/1
[pipeline-trace] wall=19:47:13 elapsed=337.837s phase=train event=interaction_progress trial=9 partition=0 processed=2200 total=14000 metric=ce epoch=1/1
[pipeline-trace] wall=19:47:13 elapsed=338.206s phase=train event=interaction_progress trial=9 partition=0 processed=2300 total=14000 metric=ce epoch=1/1
[pipeline-trace] wall=19:47:13 elapsed=338.753s phase=train event=interaction_progress trial=6 partition=0 processed=10700 total=14000 metric=ce epoch=1/1
[pipeline-trace] wall=19:47:13 elapsed=338.577s phase=train event=interaction_progress trial=9 partition=0 processed=2400 total=14000 metric=ce epoch=1/1
[pipeline-trace] wall=19:47:14 elapsed=338.920s phase=train event=interaction_progress trial=9 partition=0 processed=2500 total=14000 metric=ce epoch=1/1
[pipeline-trace] wall=19:47:14 elapsed=339.286s phase=train event=interaction_progress trial=9 partition=0 processed=2600 total=14000 metric=ce epoch=1/1
[pipeline-trace] wall=19:47:14 elapsed=339.634s phase=train event=interaction_progress trial=9 partition=0 processed=2700 total=14000 metric=ce epoch=1/1
[pipeline-trace] wall=19:47:15 elapsed=340.255s phase=train event=interaction_progress trial=6 partition=0 processed=10800 total=14000 metric=ce epoch=1/1
[pipeline-trace] wall=19:47:15 elapsed=339.993s phase=train event=interaction_progress trial=9 partition=0 processed=2800 total=14000 metric=ce epoch=1/1
[pipeline-trace] wall=19:47:15 elapsed=340.364s phase=train event=interaction_progress trial=9 partition=0 processed=2900 total=14000 metric=ce epoch=1/1
[pipeline-trace] wall=19:47:16 elapsed=340.729s phase=train event=interaction_progress trial=9 partition=0 processed=3000 total=14000 metric=ce epoch=1/1
[pipeline-trace] wall=19:47:16 elapsed=341.091s phase=train event=interaction_progress trial=9 partition=0 processed=3100 total=14000 metric=ce epoch=1/1
[pipeline-trace] wall=19:47:16 elapsed=341.660s phase=train event=interaction_progress trial=6 partition=0 processed=10900 total=14000 metric=ce epoch=1/1
[pipeline-trace] wall=19:47:16 elapsed=341.452s phase=train event=interaction_progress trial=9 partition=0 processed=3200 total=14000 metric=ce epoch=1/1
[pipeline-trace] wall=19:47:17 elapsed=341.822s phase=train event=interaction_progress trial=9 partition=0 processed=3300 total=14000 metric=ce epoch=1/1
[pipeline-trace] wall=19:47:17 elapsed=342.199s phase=train event=interaction_progress trial=9 partition=0 processed=3400 total=14000 metric=ce epoch=1/1
[pipeline-trace] wall=19:47:17 elapsed=342.578s phase=train event=interaction_progress trial=9 partition=0 processed=3500 total=14000 metric=ce epoch=1/1
[pipeline-trace] wall=19:47:18 elapsed=343.084s phase=train event=interaction_progress trial=6 partition=0 processed=11000 total=14000 metric=ce epoch=1/1
[pipeline-trace] wall=19:47:18 elapsed=342.952s phase=train event=interaction_progress trial=9 partition=0 processed=3600 total=14000 metric=ce epoch=1/1
[pipeline-trace] wall=19:47:18 elapsed=343.328s phase=train event=interaction_progress trial=9 partition=0 processed=3700 total=14000 metric=ce epoch=1/1
[pipeline-trace] wall=19:47:19 elapsed=343.691s phase=train event=interaction_progress trial=9 partition=0 processed=3800 total=14000 metric=ce epoch=1/1
[pipeline-trace] wall=19:47:19 elapsed=344.042s phase=train event=interaction_progress trial=9 partition=0 processed=3900 total=14000 metric=ce epoch=1/1
[pipeline-trace] wall=19:47:19 elapsed=344.543s phase=train event=interaction_progress trial=6 partition=0 processed=11100 total=14000 metric=ce epoch=1/1
[pipeline-trace] wall=19:47:19 elapsed=344.407s phase=train event=interaction_progress trial=9 partition=0 processed=4000 total=14000 metric=ce epoch=1/1
[pipeline-trace] wall=19:47:20 elapsed=344.740s phase=train event=interaction_progress trial=9 partition=0 processed=4100 total=14000 metric=ce epoch=1/1
[pipeline-trace] wall=19:47:20 elapsed=345.054s phase=train event=interaction_progress trial=9 partition=0 processed=4200 total=14000 metric=ce epoch=1/1
[pipeline-trace] wall=19:47:20 elapsed=345.395s phase=train event=interaction_progress trial=9 partition=0 processed=4300 total=14000 metric=ce epoch=1/1
[pipeline-trace] wall=19:47:21 elapsed=346.060s phase=train event=interaction_progress trial=6 partition=0 processed=11200 total=14000 metric=ce epoch=1/1
[pipeline-trace] wall=19:47:21 elapsed=345.741s phase=train event=interaction_progress trial=9 partition=0 processed=4400 total=14000 metric=ce epoch=1/1
[pipeline-trace] wall=19:47:21 elapsed=346.069s phase=train event=interaction_progress trial=9 partition=0 processed=4500 total=14000 metric=ce epoch=1/1
[pipeline-trace] wall=19:47:21 elapsed=346.417s phase=train event=interaction_progress trial=9 partition=0 processed=4600 total=14000 metric=ce epoch=1/1
[pipeline-trace] wall=19:47:22 elapsed=346.788s phase=train event=interaction_progress trial=9 partition=0 processed=4700 total=14000 metric=ce epoch=1/1
[pipeline-trace] wall=19:47:22 elapsed=347.166s phase=train event=interaction_progress trial=9 partition=0 processed=4800 total=14000 metric=ce epoch=1/1
[pipeline-trace] wall=19:47:22 elapsed=347.595s phase=train event=interaction_progress trial=6 partition=0 processed=11300 total=14000 metric=ce epoch=1/1
[pipeline-trace] wall=19:47:22 elapsed=347.542s phase=train event=interaction_progress trial=9 partition=0 processed=4900 total=14000 metric=ce epoch=1/1
[pipeline-trace] wall=19:47:23 elapsed=347.917s phase=train event=interaction_progress trial=9 partition=0 processed=5000 total=14000 metric=ce epoch=1/1
[pipeline-trace] wall=19:47:23 elapsed=348.247s phase=train event=interaction_progress trial=9 partition=0 processed=5100 total=14000 metric=ce epoch=1/1
[pipeline-trace] wall=19:47:23 elapsed=348.611s phase=train event=interaction_progress trial=9 partition=0 processed=5200 total=14000 metric=ce epoch=1/1
[pipeline-trace] wall=19:47:24 elapsed=349.223s phase=train event=interaction_progress trial=6 partition=0 processed=11400 total=14000 metric=ce epoch=1/1
[pipeline-trace] wall=19:47:24 elapsed=348.976s phase=train event=interaction_progress trial=9 partition=0 processed=5300 total=14000 metric=ce epoch=1/1
[pipeline-trace] wall=19:47:24 elapsed=349.342s phase=train event=interaction_progress trial=9 partition=0 processed=5400 total=14000 metric=ce epoch=1/1
[pipeline-trace] wall=19:47:25 elapsed=349.694s phase=train event=interaction_progress trial=9 partition=0 processed=5500 total=14000 metric=ce epoch=1/1
[pipeline-trace] wall=19:47:25 elapsed=350.111s phase=train event=interaction_progress trial=9 partition=0 processed=5600 total=14000 metric=ce epoch=1/1
[pipeline-trace] wall=19:47:25 elapsed=350.798s phase=train event=interaction_progress trial=6 partition=0 processed=11500 total=14000 metric=ce epoch=1/1
[pipeline-trace] wall=19:47:25 elapsed=350.547s phase=train event=interaction_progress trial=9 partition=0 processed=5700 total=14000 metric=ce epoch=1/1
[pipeline-trace] wall=19:47:26 elapsed=350.940s phase=train event=interaction_progress trial=9 partition=0 processed=5800 total=14000 metric=ce epoch=1/1
[pipeline-trace] wall=19:47:26 elapsed=351.289s phase=train event=interaction_progress trial=9 partition=0 processed=5900 total=14000 metric=ce epoch=1/1
[pipeline-trace] wall=19:47:26 elapsed=351.615s phase=train event=interaction_progress trial=9 partition=0 processed=6000 total=14000 metric=ce epoch=1/1
[pipeline-trace] wall=19:47:27 elapsed=352.214s phase=train event=interaction_progress trial=6 partition=0 processed=11600 total=14000 metric=ce epoch=1/1
[pipeline-trace] wall=19:47:27 elapsed=351.929s phase=train event=interaction_progress trial=9 partition=0 processed=6100 total=14000 metric=ce epoch=1/1
[pipeline-trace] wall=19:47:27 elapsed=352.257s phase=train event=interaction_progress trial=9 partition=0 processed=6200 total=14000 metric=ce epoch=1/1
[pipeline-trace] wall=19:47:27 elapsed=352.579s phase=train event=interaction_progress trial=9 partition=0 processed=6300 total=14000 metric=ce epoch=1/1
[pipeline-trace] wall=19:47:28 elapsed=352.994s phase=train event=interaction_progress trial=9 partition=0 processed=6400 total=14000 metric=ce epoch=1/1
[pipeline-trace] wall=19:47:28 elapsed=353.695s phase=train event=interaction_progress trial=6 partition=0 processed=11700 total=14000 metric=ce epoch=1/1
[pipeline-trace] wall=19:47:28 elapsed=353.379s phase=train event=interaction_progress trial=9 partition=0 processed=6500 total=14000 metric=ce epoch=1/1
[pipeline-trace] wall=19:47:29 elapsed=353.717s phase=train event=interaction_progress trial=9 partition=0 processed=6600 total=14000 metric=ce epoch=1/1
[pipeline-trace] wall=19:47:29 elapsed=354.033s phase=train event=interaction_progress trial=9 partition=0 processed=6700 total=14000 metric=ce epoch=1/1
[pipeline-trace] wall=19:47:29 elapsed=354.392s phase=train event=interaction_progress trial=9 partition=0 processed=6800 total=14000 metric=ce epoch=1/1
[pipeline-trace] wall=19:47:30 elapsed=354.768s phase=train event=interaction_progress trial=9 partition=0 processed=6900 total=14000 metric=ce epoch=1/1
[pipeline-trace] wall=19:47:30 elapsed=355.150s phase=train event=interaction_progress trial=6 partition=0 processed=11800 total=14000 metric=ce epoch=1/1
[pipeline-trace] wall=19:47:30 elapsed=355.128s phase=train event=interaction_progress trial=9 partition=0 processed=7000 total=14000 metric=ce epoch=1/1
[pipeline-trace] wall=19:47:30 elapsed=355.398s phase=train event=interaction_progress trial=9 partition=0 processed=7100 total=14000 metric=ce epoch=1/1
[pipeline-trace] wall=19:47:31 elapsed=355.721s phase=train event=interaction_progress trial=9 partition=0 processed=7200 total=14000 metric=ce epoch=1/1
[pipeline-trace] wall=19:47:31 elapsed=356.045s phase=train event=interaction_progress trial=9 partition=0 processed=7300 total=14000 metric=ce epoch=1/1
[pipeline-trace] wall=19:47:31 elapsed=356.566s phase=train event=interaction_progress trial=6 partition=0 processed=11900 total=14000 metric=ce epoch=1/1
[pipeline-trace] wall=19:47:31 elapsed=356.371s phase=train event=interaction_progress trial=9 partition=0 processed=7400 total=14000 metric=ce epoch=1/1
[pipeline-trace] wall=19:47:32 elapsed=356.668s phase=train event=interaction_progress trial=9 partition=0 processed=7500 total=14000 metric=ce epoch=1/1
[pipeline-trace] wall=19:47:32 elapsed=356.989s phase=train event=interaction_progress trial=9 partition=0 processed=7600 total=14000 metric=ce epoch=1/1
[pipeline-trace] wall=19:47:32 elapsed=357.348s phase=train event=interaction_progress trial=9 partition=0 processed=7700 total=14000 metric=ce epoch=1/1
[pipeline-trace] wall=19:47:33 elapsed=358.032s phase=train event=interaction_progress trial=6 partition=0 processed=12000 total=14000 metric=ce epoch=1/1
[pipeline-trace] wall=19:47:33 elapsed=357.719s phase=train event=interaction_progress trial=9 partition=0 processed=7800 total=14000 metric=ce epoch=1/1
[pipeline-trace] wall=19:47:33 elapsed=358.090s phase=train event=interaction_progress trial=9 partition=0 processed=7900 total=14000 metric=ce epoch=1/1
[pipeline-trace] wall=19:47:33 elapsed=358.464s phase=train event=interaction_progress trial=9 partition=0 processed=8000 total=14000 metric=ce epoch=1/1
[pipeline-trace] wall=19:47:34 elapsed=358.840s phase=train event=interaction_progress trial=9 partition=0 processed=8100 total=14000 metric=ce epoch=1/1
[pipeline-trace] wall=19:47:34 elapsed=359.199s phase=train event=interaction_progress trial=9 partition=0 processed=8200 total=14000 metric=ce epoch=1/1
[pipeline-trace] wall=19:47:34 elapsed=359.585s phase=train event=interaction_progress trial=6 partition=0 processed=12100 total=14000 metric=ce epoch=1/1
[pipeline-trace] wall=19:47:34 elapsed=359.559s phase=train event=interaction_progress trial=9 partition=0 processed=8300 total=14000 metric=ce epoch=1/1
[pipeline-trace] wall=19:47:35 elapsed=359.906s phase=train event=interaction_progress trial=9 partition=0 processed=8400 total=14000 metric=ce epoch=1/1
[pipeline-trace] wall=19:47:35 elapsed=360.253s phase=train event=interaction_progress trial=9 partition=0 processed=8500 total=14000 metric=ce epoch=1/1
[pipeline-trace] wall=19:47:35 elapsed=360.556s phase=train event=interaction_progress trial=9 partition=0 processed=8600 total=14000 metric=ce epoch=1/1
[pipeline-trace] wall=19:47:36 elapsed=361.119s phase=train event=interaction_progress trial=6 partition=0 processed=12200 total=14000 metric=ce epoch=1/1
[pipeline-trace] wall=19:47:36 elapsed=360.889s phase=train event=interaction_progress trial=9 partition=0 processed=8700 total=14000 metric=ce epoch=1/1
[pipeline-trace] wall=19:47:36 elapsed=361.224s phase=train event=interaction_progress trial=9 partition=0 processed=8800 total=14000 metric=ce epoch=1/1
[pipeline-trace] wall=19:47:38 elapsed=362.806s phase=train event=interaction_progress trial=9 partition=0 processed=8900 total=14000 metric=ce epoch=1/1
[pipeline-trace] wall=19:47:38 elapsed=363.371s phase=train event=interaction_progress trial=6 partition=0 processed=12300 total=14000 metric=ce epoch=1/1
[pipeline-trace] wall=19:47:38 elapsed=363.288s phase=train event=interaction_progress trial=9 partition=0 processed=9000 total=14000 metric=ce epoch=1/1
[pipeline-trace] wall=19:47:39 elapsed=363.767s phase=train event=interaction_progress trial=9 partition=0 processed=9100 total=14000 metric=ce epoch=1/1
[pipeline-trace] wall=19:47:39 elapsed=364.293s phase=train event=interaction_progress trial=9 partition=0 processed=9200 total=14000 metric=ce epoch=1/1
[pipeline-trace] wall=19:47:39 elapsed=364.878s phase=train event=interaction_progress trial=6 partition=0 processed=12400 total=14000 metric=ce epoch=1/1
[pipeline-trace] wall=19:47:40 elapsed=364.795s phase=train event=interaction_progress trial=9 partition=0 processed=9300 total=14000 metric=ce epoch=1/1
[pipeline-trace] wall=19:47:40 elapsed=365.301s phase=train event=interaction_progress trial=9 partition=0 processed=9400 total=14000 metric=ce epoch=1/1
[pipeline-trace] wall=19:47:41 elapsed=365.760s phase=train event=interaction_progress trial=9 partition=0 processed=9500 total=14000 metric=ce epoch=1/1
[pipeline-trace] wall=19:47:41 elapsed=366.274s phase=train event=interaction_progress trial=6 partition=0 processed=12500 total=14000 metric=ce epoch=1/1
[pipeline-trace] wall=19:47:41 elapsed=366.284s phase=train event=interaction_progress trial=9 partition=0 processed=9600 total=14000 metric=ce epoch=1/1
[pipeline-trace] wall=19:47:42 elapsed=366.812s phase=train event=interaction_progress trial=9 partition=0 processed=9700 total=14000 metric=ce epoch=1/1
[pipeline-trace] wall=19:47:42 elapsed=367.306s phase=train event=interaction_progress trial=9 partition=0 processed=9800 total=14000 metric=ce epoch=1/1
[pipeline-trace] wall=19:47:42 elapsed=367.668s phase=train event=interaction_progress trial=6 partition=0 processed=12600 total=14000 metric=ce epoch=1/1
[pipeline-trace] wall=19:47:43 elapsed=367.765s phase=train event=interaction_progress trial=9 partition=0 processed=9900 total=14000 metric=ce epoch=1/1
[pipeline-trace] wall=19:47:43 elapsed=368.275s phase=train event=interaction_progress trial=9 partition=0 processed=10000 total=14000 metric=ce epoch=1/1
[pipeline-trace] wall=19:47:43 elapsed=368.610s phase=train event=interaction_progress trial=9 partition=0 processed=10100 total=14000 metric=ce epoch=1/1
[pipeline-trace] wall=19:47:44 elapsed=369.059s phase=train event=interaction_progress trial=6 partition=0 processed=12700 total=14000 metric=ce epoch=1/1
[pipeline-trace] wall=19:47:44 elapsed=368.955s phase=train event=interaction_progress trial=9 partition=0 processed=10200 total=14000 metric=ce epoch=1/1
[pipeline-trace] wall=19:47:44 elapsed=369.233s phase=train event=interaction_progress trial=9 partition=0 processed=10300 total=14000 metric=ce epoch=1/1
[pipeline-trace] wall=19:47:44 elapsed=369.525s phase=train event=interaction_progress trial=9 partition=0 processed=10400 total=14000 metric=ce epoch=1/1
[pipeline-trace] wall=19:47:45 elapsed=369.898s phase=train event=interaction_progress trial=9 partition=0 processed=10500 total=14000 metric=ce epoch=1/1
[pipeline-trace] wall=19:47:45 elapsed=370.384s phase=train event=interaction_progress trial=6 partition=0 processed=12800 total=14000 metric=ce epoch=1/1
[pipeline-trace] wall=19:47:45 elapsed=370.325s phase=train event=interaction_progress trial=9 partition=0 processed=10600 total=14000 metric=ce epoch=1/1
[pipeline-trace] wall=19:47:46 elapsed=370.760s phase=train event=interaction_progress trial=9 partition=0 processed=10700 total=14000 metric=ce epoch=1/1
[pipeline-trace] wall=19:47:46 elapsed=371.104s phase=train event=interaction_progress trial=9 partition=0 processed=10800 total=14000 metric=ce epoch=1/1
[pipeline-trace] wall=19:47:46 elapsed=371.419s phase=train event=interaction_progress trial=9 partition=0 processed=10900 total=14000 metric=ce epoch=1/1
[pipeline-trace] wall=19:47:46 elapsed=371.839s phase=train event=interaction_progress trial=6 partition=0 processed=12900 total=14000 metric=ce epoch=1/1
[pipeline-trace] wall=19:47:47 elapsed=371.794s phase=train event=interaction_progress trial=9 partition=0 processed=11000 total=14000 metric=ce epoch=1/1
[pipeline-trace] wall=19:47:47 elapsed=372.197s phase=train event=interaction_progress trial=9 partition=0 processed=11100 total=14000 metric=ce epoch=1/1
[pipeline-trace] wall=19:47:47 elapsed=372.547s phase=train event=interaction_progress trial=9 partition=0 processed=11200 total=14000 metric=ce epoch=1/1
[pipeline-trace] wall=19:47:48 elapsed=373.119s phase=train event=interaction_progress trial=6 partition=0 processed=13000 total=14000 metric=ce epoch=1/1
[pipeline-trace] wall=19:47:48 elapsed=372.844s phase=train event=interaction_progress trial=9 partition=0 processed=11300 total=14000 metric=ce epoch=1/1
[pipeline-trace] wall=19:47:48 elapsed=373.170s phase=train event=interaction_progress trial=9 partition=0 processed=11400 total=14000 metric=ce epoch=1/1
[pipeline-trace] wall=19:47:48 elapsed=373.490s phase=train event=interaction_progress trial=9 partition=0 processed=11500 total=14000 metric=ce epoch=1/1
[pipeline-trace] wall=19:47:49 elapsed=373.837s phase=train event=interaction_progress trial=9 partition=0 processed=11600 total=14000 metric=ce epoch=1/1
[pipeline-trace] wall=19:47:49 elapsed=374.177s phase=train event=interaction_progress trial=9 partition=0 processed=11700 total=14000 metric=ce epoch=1/1
[pipeline-trace] wall=19:47:49 elapsed=374.577s phase=train event=interaction_progress trial=6 partition=0 processed=13100 total=14000 metric=ce epoch=1/1
[pipeline-trace] wall=19:47:49 elapsed=374.512s phase=train event=interaction_progress trial=9 partition=0 processed=11800 total=14000 metric=ce epoch=1/1
[pipeline-trace] wall=19:47:50 elapsed=374.860s phase=train event=interaction_progress trial=9 partition=0 processed=11900 total=14000 metric=ce epoch=1/1
[pipeline-trace] wall=19:47:50 elapsed=375.202s phase=train event=interaction_progress trial=9 partition=0 processed=12000 total=14000 metric=ce epoch=1/1
[pipeline-trace] wall=19:47:50 elapsed=375.558s phase=train event=interaction_progress trial=9 partition=0 processed=12100 total=14000 metric=ce epoch=1/1
[pipeline-trace] wall=19:47:51 elapsed=376.097s phase=train event=interaction_progress trial=6 partition=0 processed=13200 total=14000 metric=ce epoch=1/1
[pipeline-trace] wall=19:47:51 elapsed=375.923s phase=train event=interaction_progress trial=9 partition=0 processed=12200 total=14000 metric=ce epoch=1/1
[pipeline-trace] wall=19:47:51 elapsed=376.291s phase=train event=interaction_progress trial=9 partition=0 processed=12300 total=14000 metric=ce epoch=1/1
[pipeline-trace] wall=19:47:51 elapsed=376.645s phase=train event=interaction_progress trial=9 partition=0 processed=12400 total=14000 metric=ce epoch=1/1
[pipeline-trace] wall=19:47:52 elapsed=377.003s phase=train event=interaction_progress trial=9 partition=0 processed=12500 total=14000 metric=ce epoch=1/1
[pipeline-trace] wall=19:47:52 elapsed=377.577s phase=train event=interaction_progress trial=6 partition=0 processed=13300 total=14000 metric=ce epoch=1/1
[pipeline-trace] wall=19:47:52 elapsed=377.381s phase=train event=interaction_progress trial=9 partition=0 processed=12600 total=14000 metric=ce epoch=1/1
[pipeline-trace] wall=19:47:53 elapsed=377.749s phase=train event=interaction_progress trial=9 partition=0 processed=12700 total=14000 metric=ce epoch=1/1
[pipeline-trace] wall=19:47:53 elapsed=378.079s phase=train event=interaction_progress trial=9 partition=0 processed=12800 total=14000 metric=ce epoch=1/1
[pipeline-trace] wall=19:47:53 elapsed=378.431s phase=train event=interaction_progress trial=9 partition=0 processed=12900 total=14000 metric=ce epoch=1/1
[pipeline-trace] wall=19:47:54 elapsed=379.058s phase=train event=interaction_progress trial=6 partition=0 processed=13400 total=14000 metric=ce epoch=1/1
[pipeline-trace] wall=19:47:54 elapsed=378.789s phase=train event=interaction_progress trial=9 partition=0 processed=13000 total=14000 metric=ce epoch=1/1
[pipeline-trace] wall=19:47:54 elapsed=379.176s phase=train event=interaction_progress trial=9 partition=0 processed=13100 total=14000 metric=ce epoch=1/1
[pipeline-trace] wall=19:47:54 elapsed=379.491s phase=train event=interaction_progress trial=9 partition=0 processed=13200 total=14000 metric=ce epoch=1/1
[pipeline-trace] wall=19:47:55 elapsed=379.845s phase=train event=interaction_progress trial=9 partition=0 processed=13300 total=14000 metric=ce epoch=1/1
[pipeline-trace] wall=19:47:55 elapsed=380.516s phase=train event=interaction_progress trial=6 partition=0 processed=13500 total=14000 metric=ce epoch=1/1
[pipeline-trace] wall=19:47:55 elapsed=380.207s phase=train event=interaction_progress trial=9 partition=0 processed=13400 total=14000 metric=ce epoch=1/1
[pipeline-trace] wall=19:47:55 elapsed=380.571s phase=train event=interaction_progress trial=9 partition=0 processed=13500 total=14000 metric=ce epoch=1/1
[pipeline-trace] wall=19:47:56 elapsed=380.931s phase=train event=interaction_progress trial=9 partition=0 processed=13600 total=14000 metric=ce epoch=1/1
[pipeline-trace] wall=19:47:56 elapsed=381.257s phase=train event=interaction_progress trial=9 partition=0 processed=13700 total=14000 metric=ce epoch=1/1
[pipeline-trace] wall=19:47:56 elapsed=381.903s phase=train event=interaction_progress trial=6 partition=0 processed=13600 total=14000 metric=ce epoch=1/1
[pipeline-trace] wall=19:47:56 elapsed=381.588s phase=train event=interaction_progress trial=9 partition=0 processed=13800 total=14000 metric=ce epoch=1/1
[pipeline-trace] wall=19:47:57 elapsed=382.005s phase=train event=interaction_progress trial=9 partition=0 processed=13900 total=14000 metric=ce epoch=1/1
[pipeline-trace] wall=19:47:57 elapsed=382.543s phase=train event=interaction_progress trial=6 partition=0 processed=13700 total=14000 metric=ce epoch=1/1
[pipeline-trace] wall=19:47:57 elapsed=382.377s phase=train event=interaction_progress trial=9 partition=0 processed=14000 total=14000 metric=ce epoch=1/1
[pipeline-trace] wall=19:47:57 elapsed=382.792s phase=train event=interaction_progress trial=6 partition=0 processed=13800 total=14000 metric=ce epoch=1/1
[pipeline-trace] wall=19:47:57 elapsed=382.451s phase=eval event=batch_start trial=9 partitions=[1] synthetic=False
[pipeline-trace] wall=19:47:57 elapsed=382.451s phase=eval event=partition_start trial=9 partition=1 interactions=1999
[pipeline-trace] wall=19:47:57 elapsed=382.452s phase=eval event=interaction_progress trial=9 partition=1 processed=1 total=1999 metric=ranking
[pipeline-trace] wall=19:47:57 elapsed=382.602s phase=eval event=interaction_progress trial=9 partition=1 processed=100 total=1999 metric=ranking
[pipeline-trace] wall=19:47:58 elapsed=383.034s phase=train event=interaction_progress trial=6 partition=0 processed=13900 total=14000 metric=ce epoch=1/1
[pipeline-trace] wall=19:47:58 elapsed=382.753s phase=eval event=interaction_progress trial=9 partition=1 processed=200 total=1999 metric=ranking
[pipeline-trace] wall=19:47:58 elapsed=382.903s phase=eval event=interaction_progress trial=9 partition=1 processed=300 total=1999 metric=ranking
[pipeline-trace] wall=19:47:58 elapsed=383.279s phase=train event=interaction_progress trial=6 partition=0 processed=14000 total=14000 metric=ce epoch=1/1
[pipeline-trace] wall=19:47:58 elapsed=383.337s phase=eval event=batch_start trial=6 partitions=[1] synthetic=False
[pipeline-trace] wall=19:47:58 elapsed=383.337s phase=eval event=partition_start trial=6 partition=1 interactions=1999
[pipeline-trace] wall=19:47:58 elapsed=383.337s phase=eval event=interaction_progress trial=6 partition=1 processed=1 total=1999 metric=ranking
[pipeline-trace] wall=19:47:58 elapsed=383.057s phase=eval event=interaction_progress trial=9 partition=1 processed=400 total=1999 metric=ranking
[pipeline-trace] wall=19:47:58 elapsed=383.209s phase=eval event=interaction_progress trial=9 partition=1 processed=500 total=1999 metric=ranking
[pipeline-trace] wall=19:47:58 elapsed=383.359s phase=eval event=interaction_progress trial=9 partition=1 processed=600 total=1999 metric=ranking
[pipeline-trace] wall=19:47:58 elapsed=383.510s phase=eval event=interaction_progress trial=9 partition=1 processed=700 total=1999 metric=ranking
[pipeline-trace] wall=19:47:59 elapsed=383.660s phase=eval event=interaction_progress trial=9 partition=1 processed=800 total=1999 metric=ranking
[pipeline-trace] wall=19:47:59 elapsed=383.811s phase=eval event=interaction_progress trial=9 partition=1 processed=900 total=1999 metric=ranking
[pipeline-trace] wall=19:47:59 elapsed=384.228s phase=eval event=interaction_progress trial=6 partition=1 processed=100 total=1999 metric=ranking
[pipeline-trace] wall=19:47:59 elapsed=383.962s phase=eval event=interaction_progress trial=9 partition=1 processed=1000 total=1999 metric=ranking
[pipeline-trace] wall=19:47:59 elapsed=384.358s phase=eval event=interaction_progress trial=6 partition=1 processed=200 total=1999 metric=ranking
[pipeline-trace] wall=19:47:59 elapsed=384.115s phase=eval event=interaction_progress trial=9 partition=1 processed=1100 total=1999 metric=ranking
[pipeline-trace] wall=19:47:59 elapsed=384.486s phase=eval event=interaction_progress trial=6 partition=1 processed=300 total=1999 metric=ranking
[pipeline-trace] wall=19:47:59 elapsed=384.613s phase=eval event=interaction_progress trial=6 partition=1 processed=400 total=1999 metric=ranking
[pipeline-trace] wall=19:47:59 elapsed=384.265s phase=eval event=interaction_progress trial=9 partition=1 processed=1200 total=1999 metric=ranking
[pipeline-trace] wall=19:47:59 elapsed=384.740s phase=eval event=interaction_progress trial=6 partition=1 processed=500 total=1999 metric=ranking
[pipeline-trace] wall=19:47:59 elapsed=384.416s phase=eval event=interaction_progress trial=9 partition=1 processed=1300 total=1999 metric=ranking
[pipeline-trace] wall=19:47:59 elapsed=384.867s phase=eval event=interaction_progress trial=6 partition=1 processed=600 total=1999 metric=ranking
[pipeline-trace] wall=19:47:59 elapsed=384.565s phase=eval event=interaction_progress trial=9 partition=1 processed=1400 total=1999 metric=ranking
[pipeline-trace] wall=19:47:59 elapsed=384.995s phase=eval event=interaction_progress trial=6 partition=1 processed=700 total=1999 metric=ranking
[pipeline-trace] wall=19:48:00 elapsed=384.714s phase=eval event=interaction_progress trial=9 partition=1 processed=1500 total=1999 metric=ranking
[pipeline-trace] wall=19:48:00 elapsed=385.123s phase=eval event=interaction_progress trial=6 partition=1 processed=800 total=1999 metric=ranking
[pipeline-trace] wall=19:48:00 elapsed=384.861s phase=eval event=interaction_progress trial=9 partition=1 processed=1600 total=1999 metric=ranking
[pipeline-trace] wall=19:48:00 elapsed=385.251s phase=eval event=interaction_progress trial=6 partition=1 processed=900 total=1999 metric=ranking
[pipeline-trace] wall=19:48:00 elapsed=385.016s phase=eval event=interaction_progress trial=9 partition=1 processed=1700 total=1999 metric=ranking
[pipeline-trace] wall=19:48:00 elapsed=385.381s phase=eval event=interaction_progress trial=6 partition=1 processed=1000 total=1999 metric=ranking
[pipeline-trace] wall=19:48:00 elapsed=385.510s phase=eval event=interaction_progress trial=6 partition=1 processed=1100 total=1999 metric=ranking
[pipeline-trace] wall=19:48:00 elapsed=385.165s phase=eval event=interaction_progress trial=9 partition=1 processed=1800 total=1999 metric=ranking
[pipeline-trace] wall=19:48:00 elapsed=385.638s phase=eval event=interaction_progress trial=6 partition=1 processed=1200 total=1999 metric=ranking
[pipeline-trace] wall=19:48:00 elapsed=385.314s phase=eval event=interaction_progress trial=9 partition=1 processed=1900 total=1999 metric=ranking
[pipeline-trace] wall=19:48:00 elapsed=385.767s phase=eval event=interaction_progress trial=6 partition=1 processed=1300 total=1999 metric=ranking
[pipeline-trace] wall=19:48:00 elapsed=385.462s phase=eval event=interaction_progress trial=9 partition=1 processed=1999 total=1999 metric=ranking
[pipeline-trace] wall=19:48:00 elapsed=385.464s phase=eval event=partition_complete trial=9 partition=1 elapsed_sec=3.012 hits=1490 total=1999
[pipeline-trace] wall=19:48:00 elapsed=385.560s phase=train event=interaction_progress trial=10 partition=0 processed=1 total=14000 metric=ce epoch=1/1
[pipeline-trace] wall=19:48:01 elapsed=385.874s phase=train event=interaction_progress trial=10 partition=0 processed=100 total=14000 metric=ce epoch=1/1
[pipeline-trace] wall=19:48:01 elapsed=386.182s phase=train event=interaction_progress trial=10 partition=0 processed=200 total=14000 metric=ce epoch=1/1
[pipeline-trace] wall=19:48:01 elapsed=386.479s phase=train event=interaction_progress trial=10 partition=0 processed=300 total=14000 metric=ce epoch=1/1
[pipeline-trace] wall=19:48:02 elapsed=387.014s phase=eval event=interaction_progress trial=6 partition=1 processed=1400 total=1999 metric=ranking
[pipeline-trace] wall=19:48:02 elapsed=386.773s phase=train event=interaction_progress trial=10 partition=0 processed=400 total=14000 metric=ce epoch=1/1
[pipeline-trace] wall=19:48:02 elapsed=387.078s phase=train event=interaction_progress trial=10 partition=0 processed=500 total=14000 metric=ce epoch=1/1
[pipeline-trace] wall=19:48:02 elapsed=387.375s phase=train event=interaction_progress trial=10 partition=0 processed=600 total=14000 metric=ce epoch=1/1
[pipeline-trace] wall=19:48:03 elapsed=387.674s phase=train event=interaction_progress trial=10 partition=0 processed=700 total=14000 metric=ce epoch=1/1
[pipeline-trace] wall=19:48:03 elapsed=387.976s phase=train event=interaction_progress trial=10 partition=0 processed=800 total=14000 metric=ce epoch=1/1
[pipeline-trace] wall=19:48:03 elapsed=388.288s phase=train event=interaction_progress trial=10 partition=0 processed=900 total=14000 metric=ce epoch=1/1
[pipeline-trace] wall=19:48:03 elapsed=388.688s phase=eval event=interaction_progress trial=6 partition=1 processed=1500 total=1999 metric=ranking
[pipeline-trace] wall=19:48:03 elapsed=388.587s phase=train event=interaction_progress trial=10 partition=0 processed=1000 total=14000 metric=ce epoch=1/1
[pipeline-trace] wall=19:48:04 elapsed=388.891s phase=train event=interaction_progress trial=10 partition=0 processed=1100 total=14000 metric=ce epoch=1/1
[pipeline-trace] wall=19:48:04 elapsed=389.196s phase=train event=interaction_progress trial=10 partition=0 processed=1200 total=14000 metric=ce epoch=1/1
[pipeline-trace] wall=19:48:04 elapsed=389.504s phase=train event=interaction_progress trial=10 partition=0 processed=1300 total=14000 metric=ce epoch=1/1
[pipeline-trace] wall=19:48:05 elapsed=389.800s phase=train event=interaction_progress trial=10 partition=0 processed=1400 total=14000 metric=ce epoch=1/1
[pipeline-trace] wall=19:48:05 elapsed=390.323s phase=eval event=interaction_progress trial=6 partition=1 processed=1600 total=1999 metric=ranking
[pipeline-trace] wall=19:48:05 elapsed=390.100s phase=train event=interaction_progress trial=10 partition=0 processed=1500 total=14000 metric=ce epoch=1/1
[pipeline-trace] wall=19:48:05 elapsed=390.408s phase=train event=interaction_progress trial=10 partition=0 processed=1600 total=14000 metric=ce epoch=1/1
[pipeline-trace] wall=19:48:06 elapsed=390.709s phase=train event=interaction_progress trial=10 partition=0 processed=1700 total=14000 metric=ce epoch=1/1
[pipeline-trace] wall=19:48:06 elapsed=391.003s phase=train event=interaction_progress trial=10 partition=0 processed=1800 total=14000 metric=ce epoch=1/1
[pipeline-trace] wall=19:48:06 elapsed=391.304s phase=train event=interaction_progress trial=10 partition=0 processed=1900 total=14000 metric=ce epoch=1/1
[pipeline-trace] wall=19:48:06 elapsed=391.610s phase=train event=interaction_progress trial=10 partition=0 processed=2000 total=14000 metric=ce epoch=1/1
[pipeline-trace] wall=19:48:06 elapsed=391.965s phase=eval event=interaction_progress trial=6 partition=1 processed=1700 total=1999 metric=ranking
[pipeline-trace] wall=19:48:07 elapsed=391.910s phase=train event=interaction_progress trial=10 partition=0 processed=2100 total=14000 metric=ce epoch=1/1
[pipeline-trace] wall=19:48:07 elapsed=392.212s phase=train event=interaction_progress trial=10 partition=0 processed=2200 total=14000 metric=ce epoch=1/1
[pipeline-trace] wall=19:48:07 elapsed=392.497s phase=train event=interaction_progress trial=10 partition=0 processed=2300 total=14000 metric=ce epoch=1/1
[pipeline-trace] wall=19:48:08 elapsed=392.778s phase=train event=interaction_progress trial=10 partition=0 processed=2400 total=14000 metric=ce epoch=1/1
[pipeline-trace] wall=19:48:08 elapsed=393.078s phase=train event=interaction_progress trial=10 partition=0 processed=2500 total=14000 metric=ce epoch=1/1
[pipeline-trace] wall=19:48:08 elapsed=393.575s phase=eval event=interaction_progress trial=6 partition=1 processed=1800 total=1999 metric=ranking
[pipeline-trace] wall=19:48:08 elapsed=393.379s phase=train event=interaction_progress trial=10 partition=0 processed=2600 total=14000 metric=ce epoch=1/1
[pipeline-trace] wall=19:48:09 elapsed=393.677s phase=train event=interaction_progress trial=10 partition=0 processed=2700 total=14000 metric=ce epoch=1/1
[pipeline-trace] wall=19:48:09 elapsed=393.985s phase=train event=interaction_progress trial=10 partition=0 processed=2800 total=14000 metric=ce epoch=1/1
[pipeline-trace] wall=19:48:09 elapsed=394.283s phase=train event=interaction_progress trial=10 partition=0 processed=2900 total=14000 metric=ce epoch=1/1
[pipeline-trace] wall=19:48:09 elapsed=394.590s phase=train event=interaction_progress trial=10 partition=0 processed=3000 total=14000 metric=ce epoch=1/1
[pipeline-trace] wall=19:48:10 elapsed=395.222s phase=eval event=interaction_progress trial=6 partition=1 processed=1900 total=1999 metric=ranking
[pipeline-trace] wall=19:48:10 elapsed=394.892s phase=train event=interaction_progress trial=10 partition=0 processed=3100 total=14000 metric=ce epoch=1/1
[pipeline-trace] wall=19:48:10 elapsed=395.181s phase=train event=interaction_progress trial=10 partition=0 processed=3200 total=14000 metric=ce epoch=1/1
[pipeline-trace] wall=19:48:10 elapsed=395.481s phase=train event=interaction_progress trial=10 partition=0 processed=3300 total=14000 metric=ce epoch=1/1
[pipeline-trace] wall=19:48:11 elapsed=395.787s phase=train event=interaction_progress trial=10 partition=0 processed=3400 total=14000 metric=ce epoch=1/1
[pipeline-trace] wall=19:48:11 elapsed=396.081s phase=train event=interaction_progress trial=10 partition=0 processed=3500 total=14000 metric=ce epoch=1/1
[pipeline-trace] wall=19:48:11 elapsed=396.360s phase=train event=interaction_progress trial=10 partition=0 processed=3600 total=14000 metric=ce epoch=1/1
[pipeline-trace] wall=19:48:11 elapsed=396.839s phase=eval event=interaction_progress trial=6 partition=1 processed=1999 total=1999 metric=ranking
[pipeline-trace] wall=19:48:11 elapsed=396.853s phase=eval event=partition_complete trial=6 partition=1 elapsed_sec=13.516 hits=1017 total=1999
[pipeline-trace] wall=19:48:11 elapsed=396.950s phase=train event=interaction_progress trial=11 partition=0 processed=1 total=14000 metric=ce epoch=1/1
[pipeline-trace] wall=19:48:12 elapsed=396.676s phase=train event=interaction_progress trial=10 partition=0 processed=3700 total=14000 metric=ce epoch=1/1
[pipeline-trace] wall=19:48:12 elapsed=396.980s phase=train event=interaction_progress trial=10 partition=0 processed=3800 total=14000 metric=ce epoch=1/1
[pipeline-trace] wall=19:48:12 elapsed=397.282s phase=train event=interaction_progress trial=10 partition=0 processed=3900 total=14000 metric=ce epoch=1/1
[pipeline-trace] wall=19:48:12 elapsed=397.565s phase=train event=interaction_progress trial=10 partition=0 processed=4000 total=14000 metric=ce epoch=1/1
[pipeline-trace] wall=19:48:13 elapsed=397.870s phase=train event=interaction_progress trial=10 partition=0 processed=4100 total=14000 metric=ce epoch=1/1
[pipeline-trace] wall=19:48:13 elapsed=398.175s phase=train event=interaction_progress trial=10 partition=0 processed=4200 total=14000 metric=ce epoch=1/1
[pipeline-trace] wall=19:48:13 elapsed=398.480s phase=train event=interaction_progress trial=10 partition=0 processed=4300 total=14000 metric=ce epoch=1/1
[pipeline-trace] wall=19:48:13 elapsed=398.953s phase=train event=interaction_progress trial=11 partition=0 processed=100 total=14000 metric=ce epoch=1/1
[pipeline-trace] wall=19:48:14 elapsed=398.778s phase=train event=interaction_progress trial=10 partition=0 processed=4400 total=14000 metric=ce epoch=1/1
[pipeline-trace] wall=19:48:14 elapsed=399.074s phase=train event=interaction_progress trial=10 partition=0 processed=4500 total=14000 metric=ce epoch=1/1
[pipeline-trace] wall=19:48:14 elapsed=399.398s phase=train event=interaction_progress trial=10 partition=0 processed=4600 total=14000 metric=ce epoch=1/1
[pipeline-trace] wall=19:48:15 elapsed=399.703s phase=train event=interaction_progress trial=10 partition=0 processed=4700 total=14000 metric=ce epoch=1/1
[pipeline-trace] wall=19:48:15 elapsed=400.021s phase=train event=interaction_progress trial=10 partition=0 processed=4800 total=14000 metric=ce epoch=1/1
[pipeline-trace] wall=19:48:15 elapsed=400.305s phase=train event=interaction_progress trial=10 partition=0 processed=4900 total=14000 metric=ce epoch=1/1
[pipeline-trace] wall=19:48:15 elapsed=400.585s phase=train event=interaction_progress trial=10 partition=0 processed=5000 total=14000 metric=ce epoch=1/1
[pipeline-trace] wall=19:48:16 elapsed=401.177s phase=train event=interaction_progress trial=11 partition=0 processed=200 total=14000 metric=ce epoch=1/1
[pipeline-trace] wall=19:48:16 elapsed=400.859s phase=train event=interaction_progress trial=10 partition=0 processed=5100 total=14000 metric=ce epoch=1/1
[pipeline-trace] wall=19:48:16 elapsed=401.152s phase=train event=interaction_progress trial=10 partition=0 processed=5200 total=14000 metric=ce epoch=1/1
[pipeline-trace] wall=19:48:16 elapsed=401.460s phase=train event=interaction_progress trial=10 partition=0 processed=5300 total=14000 metric=ce epoch=1/1
[pipeline-trace] wall=19:48:17 elapsed=401.763s phase=train event=interaction_progress trial=10 partition=0 processed=5400 total=14000 metric=ce epoch=1/1
[pipeline-trace] wall=19:48:17 elapsed=402.042s phase=train event=interaction_progress trial=10 partition=0 processed=5500 total=14000 metric=ce epoch=1/1
[pipeline-trace] wall=19:48:17 elapsed=402.352s phase=train event=interaction_progress trial=10 partition=0 processed=5600 total=14000 metric=ce epoch=1/1
[pipeline-trace] wall=19:48:18 elapsed=402.688s phase=train event=interaction_progress trial=10 partition=0 processed=5700 total=14000 metric=ce epoch=1/1
[pipeline-trace] wall=19:48:18 elapsed=403.384s phase=train event=interaction_progress trial=11 partition=0 processed=300 total=14000 metric=ce epoch=1/1
[pipeline-trace] wall=19:48:18 elapsed=403.092s phase=train event=interaction_progress trial=10 partition=0 processed=5800 total=14000 metric=ce epoch=1/1
[pipeline-trace] wall=19:48:18 elapsed=403.503s phase=train event=interaction_progress trial=10 partition=0 processed=5900 total=14000 metric=ce epoch=1/1
[pipeline-trace] wall=19:48:19 elapsed=403.869s phase=train event=interaction_progress trial=10 partition=0 processed=6000 total=14000 metric=ce epoch=1/1
[pipeline-trace] wall=19:48:19 elapsed=404.263s phase=train event=interaction_progress trial=10 partition=0 processed=6100 total=14000 metric=ce epoch=1/1
[pipeline-trace] wall=19:48:20 elapsed=404.846s phase=train event=interaction_progress trial=10 partition=0 processed=6200 total=14000 metric=ce epoch=1/1
[pipeline-trace] wall=19:48:20 elapsed=405.660s phase=train event=interaction_progress trial=11 partition=0 processed=400 total=14000 metric=ce epoch=1/1
[pipeline-trace] wall=19:48:20 elapsed=405.514s phase=train event=interaction_progress trial=10 partition=0 processed=6300 total=14000 metric=ce epoch=1/1
[pipeline-trace] wall=19:48:21 elapsed=406.001s phase=train event=interaction_progress trial=10 partition=0 processed=6400 total=14000 metric=ce epoch=1/1
[pipeline-trace] wall=19:48:22 elapsed=407.158s phase=train event=interaction_progress trial=10 partition=0 processed=6500 total=14000 metric=ce epoch=1/1
[pipeline-trace] wall=19:48:22 elapsed=407.846s phase=train event=interaction_progress trial=11 partition=0 processed=500 total=14000 metric=ce epoch=1/1
[pipeline-trace] wall=19:48:23 elapsed=408.296s phase=train event=interaction_progress trial=10 partition=0 processed=6600 total=14000 metric=ce epoch=1/1
[pipeline-trace] wall=19:48:24 elapsed=409.489s phase=train event=interaction_progress trial=10 partition=0 processed=6700 total=14000 metric=ce epoch=1/1
[pipeline-trace] wall=19:48:24 elapsed=409.935s phase=train event=interaction_progress trial=11 partition=0 processed=600 total=14000 metric=ce epoch=1/1
[pipeline-trace] wall=19:48:25 elapsed=410.602s phase=train event=interaction_progress trial=10 partition=0 processed=6800 total=14000 metric=ce epoch=1/1
[pipeline-trace] wall=19:48:27 elapsed=412.022s phase=train event=interaction_progress trial=11 partition=0 processed=700 total=14000 metric=ce epoch=1/1
[pipeline-trace] wall=19:48:27 elapsed=411.817s phase=train event=interaction_progress trial=10 partition=0 processed=6900 total=14000 metric=ce epoch=1/1
[pipeline-trace] wall=19:48:28 elapsed=412.976s phase=train event=interaction_progress trial=10 partition=0 processed=7000 total=14000 metric=ce epoch=1/1
[pipeline-trace] wall=19:48:33 elapsed=418.431s phase=train event=interaction_progress trial=11 partition=0 processed=800 total=14000 metric=ce epoch=1/1
[pipeline-trace] wall=19:48:35 elapsed=420.652s phase=train event=interaction_progress trial=11 partition=0 processed=900 total=14000 metric=ce epoch=1/1
[pipeline-trace] wall=19:48:35 elapsed=420.610s phase=train event=interaction_progress trial=10 partition=0 processed=7100 total=14000 metric=ce epoch=1/1
[pipeline-trace] wall=19:48:37 elapsed=421.831s phase=train event=interaction_progress trial=10 partition=0 processed=7200 total=14000 metric=ce epoch=1/1
[pipeline-trace] wall=19:48:37 elapsed=422.821s phase=train event=interaction_progress trial=11 partition=0 processed=1000 total=14000 metric=ce epoch=1/1
[pipeline-trace] wall=19:48:38 elapsed=423.050s phase=train event=interaction_progress trial=10 partition=0 processed=7300 total=14000 metric=ce epoch=1/1
[pipeline-trace] wall=19:48:39 elapsed=424.203s phase=train event=interaction_progress trial=10 partition=0 processed=7400 total=14000 metric=ce epoch=1/1
[pipeline-trace] wall=19:48:40 elapsed=425.127s phase=train event=interaction_progress trial=11 partition=0 processed=1100 total=14000 metric=ce epoch=1/1
[pipeline-trace] wall=19:48:40 elapsed=425.436s phase=train event=interaction_progress trial=10 partition=0 processed=7500 total=14000 metric=ce epoch=1/1
[pipeline-trace] wall=19:48:41 elapsed=426.590s phase=train event=interaction_progress trial=10 partition=0 processed=7600 total=14000 metric=ce epoch=1/1
[pipeline-trace] wall=19:48:42 elapsed=427.178s phase=train event=interaction_progress trial=11 partition=0 processed=1200 total=14000 metric=ce epoch=1/1
[pipeline-trace] wall=19:48:43 elapsed=427.737s phase=train event=interaction_progress trial=10 partition=0 processed=7700 total=14000 metric=ce epoch=1/1
[pipeline-trace] wall=19:48:44 elapsed=428.862s phase=train event=interaction_progress trial=10 partition=0 processed=7800 total=14000 metric=ce epoch=1/1
[pipeline-trace] wall=19:48:44 elapsed=429.292s phase=train event=interaction_progress trial=11 partition=0 processed=1300 total=14000 metric=ce epoch=1/1
[pipeline-trace] wall=19:48:45 elapsed=429.920s phase=train event=interaction_progress trial=10 partition=0 processed=7900 total=14000 metric=ce epoch=1/1
[pipeline-trace] wall=19:48:46 elapsed=431.008s phase=train event=interaction_progress trial=10 partition=0 processed=8000 total=14000 metric=ce epoch=1/1
[pipeline-trace] wall=19:48:46 elapsed=431.387s phase=train event=interaction_progress trial=11 partition=0 processed=1400 total=14000 metric=ce epoch=1/1
[pipeline-trace] wall=19:48:47 elapsed=432.185s phase=train event=interaction_progress trial=10 partition=0 processed=8100 total=14000 metric=ce epoch=1/1
[pipeline-trace] wall=19:48:48 elapsed=433.504s phase=train event=interaction_progress trial=11 partition=0 processed=1500 total=14000 metric=ce epoch=1/1
[pipeline-trace] wall=19:48:48 elapsed=433.314s phase=train event=interaction_progress trial=10 partition=0 processed=8200 total=14000 metric=ce epoch=1/1
[pipeline-trace] wall=19:48:49 elapsed=434.496s phase=train event=interaction_progress trial=10 partition=0 processed=8300 total=14000 metric=ce epoch=1/1
[pipeline-trace] wall=19:48:50 elapsed=435.623s phase=train event=interaction_progress trial=11 partition=0 processed=1600 total=14000 metric=ce epoch=1/1
[pipeline-trace] wall=19:48:51 elapsed=435.689s phase=train event=interaction_progress trial=10 partition=0 processed=8400 total=14000 metric=ce epoch=1/1
[pipeline-trace] wall=19:48:52 elapsed=436.861s phase=train event=interaction_progress trial=10 partition=0 processed=8500 total=14000 metric=ce epoch=1/1
[pipeline-trace] wall=19:48:52 elapsed=437.735s phase=train event=interaction_progress trial=11 partition=0 processed=1700 total=14000 metric=ce epoch=1/1
[pipeline-trace] wall=19:48:53 elapsed=438.094s phase=train event=interaction_progress trial=10 partition=0 processed=8600 total=14000 metric=ce epoch=1/1
[pipeline-trace] wall=19:48:54 elapsed=439.232s phase=train event=interaction_progress trial=10 partition=0 processed=8700 total=14000 metric=ce epoch=1/1
[pipeline-trace] wall=19:48:54 elapsed=439.835s phase=train event=interaction_progress trial=11 partition=0 processed=1800 total=14000 metric=ce epoch=1/1
[pipeline-trace] wall=19:48:55 elapsed=440.453s phase=train event=interaction_progress trial=10 partition=0 processed=8800 total=14000 metric=ce epoch=1/1
[pipeline-trace] wall=19:48:56 elapsed=441.869s phase=train event=interaction_progress trial=11 partition=0 processed=1900 total=14000 metric=ce epoch=1/1
[pipeline-trace] wall=19:48:56 elapsed=441.585s phase=train event=interaction_progress trial=10 partition=0 processed=8900 total=14000 metric=ce epoch=1/1
[pipeline-trace] wall=19:48:58 elapsed=442.765s phase=train event=interaction_progress trial=10 partition=0 processed=9000 total=14000 metric=ce epoch=1/1
[pipeline-trace] wall=19:48:59 elapsed=444.030s phase=train event=interaction_progress trial=11 partition=0 processed=2000 total=14000 metric=ce epoch=1/1
[pipeline-trace] wall=19:48:59 elapsed=443.979s phase=train event=interaction_progress trial=10 partition=0 processed=9100 total=14000 metric=ce epoch=1/1
[pipeline-trace] wall=19:49:00 elapsed=445.107s phase=train event=interaction_progress trial=10 partition=0 processed=9200 total=14000 metric=ce epoch=1/1
[pipeline-trace] wall=19:49:01 elapsed=446.149s phase=train event=interaction_progress trial=11 partition=0 processed=2100 total=14000 metric=ce epoch=1/1
[pipeline-trace] wall=19:49:01 elapsed=446.296s phase=train event=interaction_progress trial=10 partition=0 processed=9300 total=14000 metric=ce epoch=1/1
[pipeline-trace] wall=19:49:02 elapsed=447.447s phase=train event=interaction_progress trial=10 partition=0 processed=9400 total=14000 metric=ce epoch=1/1
[pipeline-trace] wall=19:49:03 elapsed=448.341s phase=train event=interaction_progress trial=11 partition=0 processed=2200 total=14000 metric=ce epoch=1/1
[pipeline-trace] wall=19:49:03 elapsed=448.563s phase=train event=interaction_progress trial=10 partition=0 processed=9500 total=14000 metric=ce epoch=1/1
[pipeline-trace] wall=19:49:05 elapsed=449.757s phase=train event=interaction_progress trial=10 partition=0 processed=9600 total=14000 metric=ce epoch=1/1
[pipeline-trace] wall=19:49:05 elapsed=450.421s phase=train event=interaction_progress trial=11 partition=0 processed=2300 total=14000 metric=ce epoch=1/1
[pipeline-trace] wall=19:49:06 elapsed=450.909s phase=train event=interaction_progress trial=10 partition=0 processed=9700 total=14000 metric=ce epoch=1/1
[pipeline-trace] wall=19:49:07 elapsed=452.107s phase=train event=interaction_progress trial=10 partition=0 processed=9800 total=14000 metric=ce epoch=1/1
[pipeline-trace] wall=19:49:07 elapsed=452.498s phase=train event=interaction_progress trial=11 partition=0 processed=2400 total=14000 metric=ce epoch=1/1
[pipeline-trace] wall=19:49:08 elapsed=453.307s phase=train event=interaction_progress trial=10 partition=0 processed=9900 total=14000 metric=ce epoch=1/1
[pipeline-trace] wall=19:49:09 elapsed=454.553s phase=train event=interaction_progress trial=11 partition=0 processed=2500 total=14000 metric=ce epoch=1/1
[pipeline-trace] wall=19:49:09 elapsed=454.475s phase=train event=interaction_progress trial=10 partition=0 processed=10000 total=14000 metric=ce epoch=1/1
[pipeline-trace] wall=19:49:11 elapsed=455.679s phase=train event=interaction_progress trial=10 partition=0 processed=10100 total=14000 metric=ce epoch=1/1
[pipeline-trace] wall=19:49:11 elapsed=456.574s phase=train event=interaction_progress trial=11 partition=0 processed=2600 total=14000 metric=ce epoch=1/1
[pipeline-trace] wall=19:49:12 elapsed=456.863s phase=train event=interaction_progress trial=10 partition=0 processed=10200 total=14000 metric=ce epoch=1/1
[pipeline-trace] wall=19:49:13 elapsed=458.056s phase=train event=interaction_progress trial=10 partition=0 processed=10300 total=14000 metric=ce epoch=1/1
[pipeline-trace] wall=19:49:13 elapsed=458.646s phase=train event=interaction_progress trial=11 partition=0 processed=2700 total=14000 metric=ce epoch=1/1
[pipeline-trace] wall=19:49:14 elapsed=459.252s phase=train event=interaction_progress trial=10 partition=0 processed=10400 total=14000 metric=ce epoch=1/1
[pipeline-trace] wall=19:49:15 elapsed=460.428s phase=train event=interaction_progress trial=10 partition=0 processed=10500 total=14000 metric=ce epoch=1/1
[pipeline-trace] wall=19:49:15 elapsed=460.804s phase=train event=interaction_progress trial=11 partition=0 processed=2800 total=14000 metric=ce epoch=1/1
[pipeline-trace] wall=19:49:16 elapsed=461.636s phase=train event=interaction_progress trial=10 partition=0 processed=10600 total=14000 metric=ce epoch=1/1
[pipeline-trace] wall=19:49:17 elapsed=462.955s phase=train event=interaction_progress trial=11 partition=0 processed=2900 total=14000 metric=ce epoch=1/1
[pipeline-trace] wall=19:49:18 elapsed=462.795s phase=train event=interaction_progress trial=10 partition=0 processed=10700 total=14000 metric=ce epoch=1/1
[pipeline-trace] wall=19:49:19 elapsed=463.958s phase=train event=interaction_progress trial=10 partition=0 processed=10800 total=14000 metric=ce epoch=1/1
[pipeline-trace] wall=19:49:20 elapsed=465.133s phase=train event=interaction_progress trial=11 partition=0 processed=3000 total=14000 metric=ce epoch=1/1
[pipeline-trace] wall=19:49:20 elapsed=465.131s phase=train event=interaction_progress trial=10 partition=0 processed=10900 total=14000 metric=ce epoch=1/1
[pipeline-trace] wall=19:49:21 elapsed=466.365s phase=train event=interaction_progress trial=10 partition=0 processed=11000 total=14000 metric=ce epoch=1/1
[pipeline-trace] wall=19:49:23 elapsed=467.704s phase=train event=interaction_progress trial=10 partition=0 processed=11100 total=14000 metric=ce epoch=1/1
[pipeline-trace] wall=19:49:23 elapsed=469.008s phase=train event=interaction_progress trial=11 partition=0 processed=3100 total=14000 metric=ce epoch=1/1
[pipeline-trace] wall=19:49:24 elapsed=468.745s phase=train event=interaction_progress trial=10 partition=0 processed=11200 total=14000 metric=ce epoch=1/1
[pipeline-trace] wall=19:49:25 elapsed=469.947s phase=train event=interaction_progress trial=10 partition=0 processed=11300 total=14000 metric=ce epoch=1/1
[pipeline-trace] wall=19:49:26 elapsed=471.028s phase=train event=interaction_progress trial=11 partition=0 processed=3200 total=14000 metric=ce epoch=1/1
[pipeline-trace] wall=19:49:26 elapsed=471.165s phase=train event=interaction_progress trial=10 partition=0 processed=11400 total=14000 metric=ce epoch=1/1
[pipeline-trace] wall=19:49:27 elapsed=472.360s phase=train event=interaction_progress trial=10 partition=0 processed=11500 total=14000 metric=ce epoch=1/1
[pipeline-trace] wall=19:49:28 elapsed=473.100s phase=train event=interaction_progress trial=11 partition=0 processed=3300 total=14000 metric=ce epoch=1/1
[pipeline-trace] wall=19:49:28 elapsed=473.554s phase=train event=interaction_progress trial=10 partition=0 processed=11600 total=14000 metric=ce epoch=1/1
[pipeline-trace] wall=19:49:30 elapsed=474.764s phase=train event=interaction_progress trial=10 partition=0 processed=11700 total=14000 metric=ce epoch=1/1
[pipeline-trace] wall=19:49:30 elapsed=475.248s phase=train event=interaction_progress trial=11 partition=0 processed=3400 total=14000 metric=ce epoch=1/1
[pipeline-trace] wall=19:49:31 elapsed=475.922s phase=train event=interaction_progress trial=10 partition=0 processed=11800 total=14000 metric=ce epoch=1/1
[pipeline-trace] wall=19:49:32 elapsed=477.249s phase=train event=interaction_progress trial=10 partition=0 processed=11900 total=14000 metric=ce epoch=1/1
[pipeline-trace] wall=19:49:32 elapsed=477.714s phase=train event=interaction_progress trial=11 partition=0 processed=3500 total=14000 metric=ce epoch=1/1
[pipeline-trace] wall=19:49:33 elapsed=478.381s phase=train event=interaction_progress trial=10 partition=0 processed=12000 total=14000 metric=ce epoch=1/1
[pipeline-trace] wall=19:49:34 elapsed=479.745s phase=train event=interaction_progress trial=11 partition=0 processed=3600 total=14000 metric=ce epoch=1/1
[pipeline-trace] wall=19:49:34 elapsed=479.564s phase=train event=interaction_progress trial=10 partition=0 processed=12100 total=14000 metric=ce epoch=1/1
[pipeline-trace] wall=19:49:36 elapsed=480.756s phase=train event=interaction_progress trial=10 partition=0 processed=12200 total=14000 metric=ce epoch=1/1
[pipeline-trace] wall=19:49:36 elapsed=481.799s phase=train event=interaction_progress trial=11 partition=0 processed=3700 total=14000 metric=ce epoch=1/1
[pipeline-trace] wall=19:49:37 elapsed=481.939s phase=train event=interaction_progress trial=10 partition=0 processed=12300 total=14000 metric=ce epoch=1/1
[pipeline-trace] wall=19:49:38 elapsed=483.162s phase=train event=interaction_progress trial=10 partition=0 processed=12400 total=14000 metric=ce epoch=1/1
[pipeline-trace] wall=19:49:38 elapsed=483.938s phase=train event=interaction_progress trial=11 partition=0 processed=3800 total=14000 metric=ce epoch=1/1
[pipeline-trace] wall=19:49:39 elapsed=484.323s phase=train event=interaction_progress trial=10 partition=0 processed=12500 total=14000 metric=ce epoch=1/1
[pipeline-trace] wall=19:49:40 elapsed=485.554s phase=train event=interaction_progress trial=10 partition=0 processed=12600 total=14000 metric=ce epoch=1/1
[pipeline-trace] wall=19:49:41 elapsed=486.031s phase=train event=interaction_progress trial=11 partition=0 processed=3900 total=14000 metric=ce epoch=1/1
[pipeline-trace] wall=19:49:42 elapsed=486.748s phase=train event=interaction_progress trial=10 partition=0 processed=12700 total=14000 metric=ce epoch=1/1
[pipeline-trace] wall=19:49:43 elapsed=488.173s phase=train event=interaction_progress trial=11 partition=0 processed=4000 total=14000 metric=ce epoch=1/1
[pipeline-trace] wall=19:49:43 elapsed=487.941s phase=train event=interaction_progress trial=10 partition=0 processed=12800 total=14000 metric=ce epoch=1/1
[pipeline-trace] wall=19:49:44 elapsed=489.126s phase=train event=interaction_progress trial=10 partition=0 processed=12900 total=14000 metric=ce epoch=1/1
[pipeline-trace] wall=19:49:45 elapsed=490.313s phase=train event=interaction_progress trial=11 partition=0 processed=4100 total=14000 metric=ce epoch=1/1
[pipeline-trace] wall=19:49:45 elapsed=490.296s phase=train event=interaction_progress trial=10 partition=0 processed=13000 total=14000 metric=ce epoch=1/1
[pipeline-trace] wall=19:49:46 elapsed=491.520s phase=train event=interaction_progress trial=10 partition=0 processed=13100 total=14000 metric=ce epoch=1/1
[pipeline-trace] wall=19:49:47 elapsed=492.502s phase=train event=interaction_progress trial=11 partition=0 processed=4200 total=14000 metric=ce epoch=1/1
[pipeline-trace] wall=19:49:48 elapsed=492.665s phase=train event=interaction_progress trial=10 partition=0 processed=13200 total=14000 metric=ce epoch=1/1
[pipeline-trace] wall=19:49:49 elapsed=493.855s phase=train event=interaction_progress trial=10 partition=0 processed=13300 total=14000 metric=ce epoch=1/1
[pipeline-trace] wall=19:49:49 elapsed=494.666s phase=train event=interaction_progress trial=11 partition=0 processed=4300 total=14000 metric=ce epoch=1/1
[pipeline-trace] wall=19:49:50 elapsed=495.044s phase=train event=interaction_progress trial=10 partition=0 processed=13400 total=14000 metric=ce epoch=1/1
[pipeline-trace] wall=19:49:51 elapsed=496.216s phase=train event=interaction_progress trial=10 partition=0 processed=13500 total=14000 metric=ce epoch=1/1
[pipeline-trace] wall=19:49:51 elapsed=496.874s phase=train event=interaction_progress trial=11 partition=0 processed=4400 total=14000 metric=ce epoch=1/1
[pipeline-trace] wall=19:49:52 elapsed=497.436s phase=train event=interaction_progress trial=10 partition=0 processed=13600 total=14000 metric=ce epoch=1/1
[pipeline-trace] wall=19:49:53 elapsed=498.576s phase=train event=interaction_progress trial=10 partition=0 processed=13700 total=14000 metric=ce epoch=1/1
[pipeline-trace] wall=19:49:53 elapsed=498.996s phase=train event=interaction_progress trial=11 partition=0 processed=4500 total=14000 metric=ce epoch=1/1
[pipeline-trace] wall=19:49:55 elapsed=499.769s phase=train event=interaction_progress trial=10 partition=0 processed=13800 total=14000 metric=ce epoch=1/1
[pipeline-trace] wall=19:49:56 elapsed=501.171s phase=train event=interaction_progress trial=11 partition=0 processed=4600 total=14000 metric=ce epoch=1/1
[pipeline-trace] wall=19:49:56 elapsed=500.924s phase=train event=interaction_progress trial=10 partition=0 processed=13900 total=14000 metric=ce epoch=1/1
[pipeline-trace] wall=19:49:57 elapsed=502.110s phase=train event=interaction_progress trial=10 partition=0 processed=14000 total=14000 metric=ce epoch=1/1
[pipeline-trace] wall=19:49:57 elapsed=502.293s phase=eval event=batch_start trial=10 partitions=[1] synthetic=False
[pipeline-trace] wall=19:49:57 elapsed=502.293s phase=eval event=partition_start trial=10 partition=1 interactions=1999
[pipeline-trace] wall=19:49:57 elapsed=502.293s phase=eval event=interaction_progress trial=10 partition=1 processed=1 total=1999 metric=ranking
[pipeline-trace] wall=19:49:58 elapsed=503.438s phase=train event=interaction_progress trial=11 partition=0 processed=4700 total=14000 metric=ce epoch=1/1
[pipeline-trace] wall=19:49:58 elapsed=503.575s phase=eval event=interaction_progress trial=10 partition=1 processed=100 total=1999 metric=ranking
[pipeline-trace] wall=19:50:00 elapsed=505.003s phase=eval event=interaction_progress trial=10 partition=1 processed=200 total=1999 metric=ranking
[pipeline-trace] wall=19:50:00 elapsed=505.822s phase=train event=interaction_progress trial=11 partition=0 processed=4800 total=14000 metric=ce epoch=1/1
[pipeline-trace] wall=19:50:01 elapsed=506.292s phase=eval event=interaction_progress trial=10 partition=1 processed=300 total=1999 metric=ranking
[pipeline-trace] wall=19:50:02 elapsed=507.556s phase=eval event=interaction_progress trial=10 partition=1 processed=400 total=1999 metric=ranking
[pipeline-trace] wall=19:50:03 elapsed=508.051s phase=train event=interaction_progress trial=11 partition=0 processed=4900 total=14000 metric=ce epoch=1/1
[pipeline-trace] wall=19:50:04 elapsed=508.731s phase=eval event=interaction_progress trial=10 partition=1 processed=500 total=1999 metric=ranking
[pipeline-trace] wall=19:50:05 elapsed=510.200s phase=train event=interaction_progress trial=11 partition=0 processed=5000 total=14000 metric=ce epoch=1/1
[pipeline-trace] wall=19:50:05 elapsed=509.953s phase=eval event=interaction_progress trial=10 partition=1 processed=600 total=1999 metric=ranking
[pipeline-trace] wall=19:50:06 elapsed=511.122s phase=eval event=interaction_progress trial=10 partition=1 processed=700 total=1999 metric=ranking
[pipeline-trace] wall=19:50:07 elapsed=512.391s phase=train event=interaction_progress trial=11 partition=0 processed=5100 total=14000 metric=ce epoch=1/1
[pipeline-trace] wall=19:50:07 elapsed=512.378s phase=eval event=interaction_progress trial=10 partition=1 processed=800 total=1999 metric=ranking
[pipeline-trace] wall=19:50:08 elapsed=513.627s phase=eval event=interaction_progress trial=10 partition=1 processed=900 total=1999 metric=ranking
[pipeline-trace] wall=19:50:09 elapsed=514.570s phase=train event=interaction_progress trial=11 partition=0 processed=5200 total=14000 metric=ce epoch=1/1
[pipeline-trace] wall=19:50:10 elapsed=514.912s phase=eval event=interaction_progress trial=10 partition=1 processed=1000 total=1999 metric=ranking
[pipeline-trace] wall=19:50:11 elapsed=516.168s phase=eval event=interaction_progress trial=10 partition=1 processed=1100 total=1999 metric=ranking
[pipeline-trace] wall=19:50:11 elapsed=516.783s phase=train event=interaction_progress trial=11 partition=0 processed=5300 total=14000 metric=ce epoch=1/1
[pipeline-trace] wall=19:50:12 elapsed=517.479s phase=eval event=interaction_progress trial=10 partition=1 processed=1200 total=1999 metric=ranking
[pipeline-trace] wall=19:50:15 elapsed=520.575s phase=eval event=interaction_progress trial=10 partition=1 processed=1300 total=1999 metric=ranking
[pipeline-trace] wall=19:50:17 elapsed=521.925s phase=eval event=interaction_progress trial=10 partition=1 processed=1400 total=1999 metric=ranking
[pipeline-trace] wall=19:50:18 elapsed=523.078s phase=train event=interaction_progress trial=11 partition=0 processed=5400 total=14000 metric=ce epoch=1/1
[pipeline-trace] wall=19:50:18 elapsed=523.652s phase=eval event=interaction_progress trial=10 partition=1 processed=1500 total=1999 metric=ranking
[pipeline-trace] wall=19:50:19 elapsed=524.125s phase=train event=interaction_progress trial=11 partition=0 processed=5500 total=14000 metric=ce epoch=1/1
[pipeline-trace] wall=19:50:19 elapsed=524.615s phase=train event=interaction_progress trial=11 partition=0 processed=5600 total=14000 metric=ce epoch=1/1
[pipeline-trace] wall=19:50:20 elapsed=525.139s phase=train event=interaction_progress trial=11 partition=0 processed=5700 total=14000 metric=ce epoch=1/1
[pipeline-trace] wall=19:50:20 elapsed=524.812s phase=eval event=interaction_progress trial=10 partition=1 processed=1600 total=1999 metric=ranking
[pipeline-trace] wall=19:50:20 elapsed=525.707s phase=train event=interaction_progress trial=11 partition=0 processed=5800 total=14000 metric=ce epoch=1/1
[pipeline-trace] wall=19:50:21 elapsed=526.119s phase=eval event=interaction_progress trial=10 partition=1 processed=1700 total=1999 metric=ranking
[pipeline-trace] wall=19:50:21 elapsed=526.985s phase=train event=interaction_progress trial=11 partition=0 processed=5900 total=14000 metric=ce epoch=1/1
[pipeline-trace] wall=19:50:22 elapsed=527.407s phase=eval event=interaction_progress trial=10 partition=1 processed=1800 total=1999 metric=ranking
[pipeline-trace] wall=19:50:23 elapsed=528.600s phase=eval event=interaction_progress trial=10 partition=1 processed=1900 total=1999 metric=ranking
[pipeline-trace] wall=19:50:23 elapsed=528.967s phase=train event=interaction_progress trial=11 partition=0 processed=6000 total=14000 metric=ce epoch=1/1
[pipeline-trace] wall=19:50:25 elapsed=529.808s phase=eval event=interaction_progress trial=10 partition=1 processed=1999 total=1999 metric=ranking
[pipeline-trace] wall=19:50:25 elapsed=529.825s phase=eval event=partition_complete trial=10 partition=1 elapsed_sec=27.531 hits=1591 total=1999
[pipeline-trace] wall=19:50:25 elapsed=530.040s phase=train event=interaction_progress trial=12 partition=0 processed=1 total=14000 metric=ce epoch=1/1
[pipeline-trace] wall=19:50:26 elapsed=531.147s phase=train event=interaction_progress trial=11 partition=0 processed=6100 total=14000 metric=ce epoch=1/1
[pipeline-trace] wall=19:50:26 elapsed=531.211s phase=train event=interaction_progress trial=12 partition=0 processed=100 total=14000 metric=ce epoch=1/1
[pipeline-trace] wall=19:50:27 elapsed=532.412s phase=train event=interaction_progress trial=12 partition=0 processed=200 total=14000 metric=ce epoch=1/1
[pipeline-trace] wall=19:50:28 elapsed=533.284s phase=train event=interaction_progress trial=11 partition=0 processed=6200 total=14000 metric=ce epoch=1/1
[pipeline-trace] wall=19:50:28 elapsed=533.615s phase=train event=interaction_progress trial=12 partition=0 processed=300 total=14000 metric=ce epoch=1/1
[pipeline-trace] wall=19:50:30 elapsed=534.798s phase=train event=interaction_progress trial=12 partition=0 processed=400 total=14000 metric=ce epoch=1/1
[pipeline-trace] wall=19:50:30 elapsed=535.428s phase=train event=interaction_progress trial=11 partition=0 processed=6300 total=14000 metric=ce epoch=1/1
[pipeline-trace] wall=19:50:31 elapsed=535.979s phase=train event=interaction_progress trial=12 partition=0 processed=500 total=14000 metric=ce epoch=1/1
[pipeline-trace] wall=19:50:31 elapsed=536.429s phase=train event=interaction_progress trial=12 partition=0 processed=600 total=14000 metric=ce epoch=1/1
[pipeline-trace] wall=19:50:32 elapsed=536.701s phase=train event=interaction_progress trial=12 partition=0 processed=700 total=14000 metric=ce epoch=1/1
[pipeline-trace] wall=19:50:32 elapsed=537.002s phase=train event=interaction_progress trial=12 partition=0 processed=800 total=14000 metric=ce epoch=1/1
[pipeline-trace] wall=19:50:32 elapsed=537.532s phase=train event=interaction_progress trial=11 partition=0 processed=6400 total=14000 metric=ce epoch=1/1
[pipeline-trace] wall=19:50:32 elapsed=537.563s phase=train event=interaction_progress trial=12 partition=0 processed=900 total=14000 metric=ce epoch=1/1
[pipeline-trace] wall=19:50:33 elapsed=538.229s phase=train event=interaction_progress trial=12 partition=0 processed=1000 total=14000 metric=ce epoch=1/1
[pipeline-trace] wall=19:50:33 elapsed=538.559s phase=train event=interaction_progress trial=12 partition=0 processed=1100 total=14000 metric=ce epoch=1/1
[pipeline-trace] wall=19:50:34 elapsed=538.891s phase=train event=interaction_progress trial=12 partition=0 processed=1200 total=14000 metric=ce epoch=1/1
[pipeline-trace] wall=19:50:34 elapsed=539.232s phase=train event=interaction_progress trial=12 partition=0 processed=1300 total=14000 metric=ce epoch=1/1
[pipeline-trace] wall=19:50:34 elapsed=539.728s phase=train event=interaction_progress trial=11 partition=0 processed=6500 total=14000 metric=ce epoch=1/1
[pipeline-trace] wall=19:50:35 elapsed=540.303s phase=train event=interaction_progress trial=12 partition=0 processed=1400 total=14000 metric=ce epoch=1/1
[pipeline-trace] wall=19:50:36 elapsed=541.437s phase=train event=interaction_progress trial=12 partition=0 processed=1500 total=14000 metric=ce epoch=1/1
[pipeline-trace] wall=19:50:36 elapsed=541.808s phase=train event=interaction_progress trial=11 partition=0 processed=6600 total=14000 metric=ce epoch=1/1
[pipeline-trace] wall=19:50:37 elapsed=542.642s phase=train event=interaction_progress trial=12 partition=0 processed=1600 total=14000 metric=ce epoch=1/1
[pipeline-trace] wall=19:50:38 elapsed=543.980s phase=train event=interaction_progress trial=11 partition=0 processed=6700 total=14000 metric=ce epoch=1/1
[pipeline-trace] wall=19:50:39 elapsed=543.839s phase=train event=interaction_progress trial=12 partition=0 processed=1700 total=14000 metric=ce epoch=1/1
[pipeline-trace] wall=19:50:40 elapsed=545.049s phase=train event=interaction_progress trial=12 partition=0 processed=1800 total=14000 metric=ce epoch=1/1
[pipeline-trace] wall=19:50:41 elapsed=546.105s phase=train event=interaction_progress trial=11 partition=0 processed=6800 total=14000 metric=ce epoch=1/1
[pipeline-trace] wall=19:50:41 elapsed=546.282s phase=train event=interaction_progress trial=12 partition=0 processed=1900 total=14000 metric=ce epoch=1/1
[pipeline-trace] wall=19:50:42 elapsed=547.444s phase=train event=interaction_progress trial=12 partition=0 processed=2000 total=14000 metric=ce epoch=1/1
[pipeline-trace] wall=19:50:43 elapsed=548.260s phase=train event=interaction_progress trial=11 partition=0 processed=6900 total=14000 metric=ce epoch=1/1
[pipeline-trace] wall=19:50:43 elapsed=548.639s phase=train event=interaction_progress trial=12 partition=0 processed=2100 total=14000 metric=ce epoch=1/1
[pipeline-trace] wall=19:50:45 elapsed=549.849s phase=train event=interaction_progress trial=12 partition=0 processed=2200 total=14000 metric=ce epoch=1/1
[pipeline-trace] wall=19:50:45 elapsed=550.401s phase=train event=interaction_progress trial=11 partition=0 processed=7000 total=14000 metric=ce epoch=1/1
[pipeline-trace] wall=19:50:46 elapsed=551.073s phase=train event=interaction_progress trial=12 partition=0 processed=2300 total=14000 metric=ce epoch=1/1
[pipeline-trace] wall=19:50:47 elapsed=552.522s phase=train event=interaction_progress trial=11 partition=0 processed=7100 total=14000 metric=ce epoch=1/1
[pipeline-trace] wall=19:50:47 elapsed=552.260s phase=train event=interaction_progress trial=12 partition=0 processed=2400 total=14000 metric=ce epoch=1/1
[pipeline-trace] wall=19:50:48 elapsed=553.472s phase=train event=interaction_progress trial=12 partition=0 processed=2500 total=14000 metric=ce epoch=1/1
[pipeline-trace] wall=19:50:49 elapsed=554.700s phase=train event=interaction_progress trial=11 partition=0 processed=7200 total=14000 metric=ce epoch=1/1
[pipeline-trace] wall=19:50:50 elapsed=554.690s phase=train event=interaction_progress trial=12 partition=0 processed=2600 total=14000 metric=ce epoch=1/1
[pipeline-trace] wall=19:50:51 elapsed=555.842s phase=train event=interaction_progress trial=12 partition=0 processed=2700 total=14000 metric=ce epoch=1/1
[pipeline-trace] wall=19:50:51 elapsed=557.001s phase=train event=interaction_progress trial=11 partition=0 processed=7300 total=14000 metric=ce epoch=1/1
[pipeline-trace] wall=19:50:52 elapsed=557.086s phase=train event=interaction_progress trial=12 partition=0 processed=2800 total=14000 metric=ce epoch=1/1
[pipeline-trace] wall=19:50:53 elapsed=558.246s phase=train event=interaction_progress trial=12 partition=0 processed=2900 total=14000 metric=ce epoch=1/1
[pipeline-trace] wall=19:50:54 elapsed=559.222s phase=train event=interaction_progress trial=11 partition=0 processed=7400 total=14000 metric=ce epoch=1/1
[pipeline-trace] wall=19:50:54 elapsed=559.493s phase=train event=interaction_progress trial=12 partition=0 processed=3000 total=14000 metric=ce epoch=1/1
[pipeline-trace] wall=19:50:56 elapsed=560.769s phase=train event=interaction_progress trial=12 partition=0 processed=3100 total=14000 metric=ce epoch=1/1
[pipeline-trace] wall=19:50:56 elapsed=561.522s phase=train event=interaction_progress trial=11 partition=0 processed=7500 total=14000 metric=ce epoch=1/1
[pipeline-trace] wall=19:50:57 elapsed=561.991s phase=train event=interaction_progress trial=12 partition=0 processed=3200 total=14000 metric=ce epoch=1/1
[pipeline-trace] wall=19:50:58 elapsed=563.172s phase=train event=interaction_progress trial=12 partition=0 processed=3300 total=14000 metric=ce epoch=1/1
[pipeline-trace] wall=19:50:58 elapsed=563.705s phase=train event=interaction_progress trial=11 partition=0 processed=7600 total=14000 metric=ce epoch=1/1
[pipeline-trace] wall=19:50:59 elapsed=564.350s phase=train event=interaction_progress trial=12 partition=0 processed=3400 total=14000 metric=ce epoch=1/1
[pipeline-trace] wall=19:51:00 elapsed=565.831s phase=train event=interaction_progress trial=11 partition=0 processed=7700 total=14000 metric=ce epoch=1/1
[pipeline-trace] wall=19:51:00 elapsed=565.587s phase=train event=interaction_progress trial=12 partition=0 processed=3500 total=14000 metric=ce epoch=1/1
[pipeline-trace] wall=19:51:02 elapsed=566.818s phase=train event=interaction_progress trial=12 partition=0 processed=3600 total=14000 metric=ce epoch=1/1
[pipeline-trace] wall=19:51:02 elapsed=567.943s phase=train event=interaction_progress trial=11 partition=0 processed=7800 total=14000 metric=ce epoch=1/1
[pipeline-trace] wall=19:51:03 elapsed=568.059s phase=train event=interaction_progress trial=12 partition=0 processed=3700 total=14000 metric=ce epoch=1/1
[pipeline-trace] wall=19:51:04 elapsed=569.284s phase=train event=interaction_progress trial=12 partition=0 processed=3800 total=14000 metric=ce epoch=1/1
[pipeline-trace] wall=19:51:04 elapsed=569.650s phase=train event=interaction_progress trial=11 partition=0 processed=7900 total=14000 metric=ce epoch=1/1
[pipeline-trace] wall=19:51:07 elapsed=571.799s phase=train event=interaction_progress trial=12 partition=0 processed=3900 total=14000 metric=ce epoch=1/1
[pipeline-trace] wall=19:51:08 elapsed=573.041s phase=train event=interaction_progress trial=12 partition=0 processed=4000 total=14000 metric=ce epoch=1/1
[pipeline-trace] wall=19:51:09 elapsed=574.331s phase=train event=interaction_progress trial=11 partition=0 processed=8000 total=14000 metric=ce epoch=1/1
[pipeline-trace] wall=19:51:09 elapsed=574.453s phase=train event=interaction_progress trial=12 partition=0 processed=4100 total=14000 metric=ce epoch=1/1
[pipeline-trace] wall=19:51:11 elapsed=575.703s phase=train event=interaction_progress trial=12 partition=0 processed=4200 total=14000 metric=ce epoch=1/1
[pipeline-trace] wall=19:51:11 elapsed=576.468s phase=train event=interaction_progress trial=11 partition=0 processed=8100 total=14000 metric=ce epoch=1/1
[pipeline-trace] wall=19:51:12 elapsed=576.934s phase=train event=interaction_progress trial=12 partition=0 processed=4300 total=14000 metric=ce epoch=1/1
[pipeline-trace] wall=19:51:13 elapsed=578.040s phase=train event=interaction_progress trial=12 partition=0 processed=4400 total=14000 metric=ce epoch=1/1
[pipeline-trace] wall=19:51:13 elapsed=578.690s phase=train event=interaction_progress trial=11 partition=0 processed=8200 total=14000 metric=ce epoch=1/1
[pipeline-trace] wall=19:51:14 elapsed=579.209s phase=train event=interaction_progress trial=12 partition=0 processed=4500 total=14000 metric=ce epoch=1/1
[pipeline-trace] wall=19:51:15 elapsed=580.371s phase=train event=interaction_progress trial=12 partition=0 processed=4600 total=14000 metric=ce epoch=1/1
[pipeline-trace] wall=19:51:15 elapsed=580.790s phase=train event=interaction_progress trial=11 partition=0 processed=8300 total=14000 metric=ce epoch=1/1
[pipeline-trace] wall=19:51:16 elapsed=581.521s phase=train event=interaction_progress trial=12 partition=0 processed=4700 total=14000 metric=ce epoch=1/1
[pipeline-trace] wall=19:51:17 elapsed=582.977s phase=train event=interaction_progress trial=11 partition=0 processed=8400 total=14000 metric=ce epoch=1/1
[pipeline-trace] wall=19:51:18 elapsed=582.694s phase=train event=interaction_progress trial=12 partition=0 processed=4800 total=14000 metric=ce epoch=1/1
[pipeline-trace] wall=19:51:19 elapsed=583.865s phase=train event=interaction_progress trial=12 partition=0 processed=4900 total=14000 metric=ce epoch=1/1
[pipeline-trace] wall=19:51:20 elapsed=585.103s phase=train event=interaction_progress trial=11 partition=0 processed=8500 total=14000 metric=ce epoch=1/1
[pipeline-trace] wall=19:51:20 elapsed=585.051s phase=train event=interaction_progress trial=12 partition=0 processed=5000 total=14000 metric=ce epoch=1/1
[pipeline-trace] wall=19:51:21 elapsed=586.274s phase=train event=interaction_progress trial=12 partition=0 processed=5100 total=14000 metric=ce epoch=1/1
[pipeline-trace] wall=19:51:22 elapsed=587.258s phase=train event=interaction_progress trial=11 partition=0 processed=8600 total=14000 metric=ce epoch=1/1
[pipeline-trace] wall=19:51:22 elapsed=587.461s phase=train event=interaction_progress trial=12 partition=0 processed=5200 total=14000 metric=ce epoch=1/1
[pipeline-trace] wall=19:51:24 elapsed=588.703s phase=train event=interaction_progress trial=12 partition=0 processed=5300 total=14000 metric=ce epoch=1/1
[pipeline-trace] wall=19:51:24 elapsed=589.434s phase=train event=interaction_progress trial=11 partition=0 processed=8700 total=14000 metric=ce epoch=1/1
[pipeline-trace] wall=19:51:25 elapsed=589.861s phase=train event=interaction_progress trial=12 partition=0 processed=5400 total=14000 metric=ce epoch=1/1
[pipeline-trace] wall=19:51:26 elapsed=591.055s phase=train event=interaction_progress trial=12 partition=0 processed=5500 total=14000 metric=ce epoch=1/1
[pipeline-trace] wall=19:51:26 elapsed=591.618s phase=train event=interaction_progress trial=11 partition=0 processed=8800 total=14000 metric=ce epoch=1/1
[pipeline-trace] wall=19:51:27 elapsed=592.219s phase=train event=interaction_progress trial=12 partition=0 processed=5600 total=14000 metric=ce epoch=1/1
[pipeline-trace] wall=19:51:28 elapsed=593.340s phase=train event=interaction_progress trial=12 partition=0 processed=5700 total=14000 metric=ce epoch=1/1
[pipeline-trace] wall=19:51:28 elapsed=593.847s phase=train event=interaction_progress trial=11 partition=0 processed=8900 total=14000 metric=ce epoch=1/1
[pipeline-trace] wall=19:51:29 elapsed=594.584s phase=train event=interaction_progress trial=12 partition=0 processed=5800 total=14000 metric=ce epoch=1/1
[pipeline-trace] wall=19:51:31 elapsed=595.728s phase=train event=interaction_progress trial=12 partition=0 processed=5900 total=14000 metric=ce epoch=1/1
[pipeline-trace] wall=19:51:31 elapsed=596.081s phase=train event=interaction_progress trial=11 partition=0 processed=9000 total=14000 metric=ce epoch=1/1
[pipeline-trace] wall=19:51:32 elapsed=596.902s phase=train event=interaction_progress trial=12 partition=0 processed=6000 total=14000 metric=ce epoch=1/1
[pipeline-trace] wall=19:51:33 elapsed=598.264s phase=train event=interaction_progress trial=11 partition=0 processed=9100 total=14000 metric=ce epoch=1/1
[pipeline-trace] wall=19:51:33 elapsed=598.112s phase=train event=interaction_progress trial=12 partition=0 processed=6100 total=14000 metric=ce epoch=1/1
[pipeline-trace] wall=19:51:34 elapsed=599.288s phase=train event=interaction_progress trial=12 partition=0 processed=6200 total=14000 metric=ce epoch=1/1
[pipeline-trace] wall=19:51:35 elapsed=600.514s phase=train event=interaction_progress trial=11 partition=0 processed=9200 total=14000 metric=ce epoch=1/1
[pipeline-trace] wall=19:51:35 elapsed=600.498s phase=train event=interaction_progress trial=12 partition=0 processed=6300 total=14000 metric=ce epoch=1/1
[pipeline-trace] wall=19:51:36 elapsed=601.657s phase=train event=interaction_progress trial=12 partition=0 processed=6400 total=14000 metric=ce epoch=1/1
[pipeline-trace] wall=19:51:37 elapsed=602.730s phase=train event=interaction_progress trial=11 partition=0 processed=9300 total=14000 metric=ce epoch=1/1
[pipeline-trace] wall=19:51:38 elapsed=602.862s phase=train event=interaction_progress trial=12 partition=0 processed=6500 total=14000 metric=ce epoch=1/1
[pipeline-trace] wall=19:51:39 elapsed=604.053s phase=train event=interaction_progress trial=12 partition=0 processed=6600 total=14000 metric=ce epoch=1/1
[pipeline-trace] wall=19:51:39 elapsed=604.928s phase=train event=interaction_progress trial=11 partition=0 processed=9400 total=14000 metric=ce epoch=1/1
[pipeline-trace] wall=19:51:40 elapsed=605.231s phase=train event=interaction_progress trial=12 partition=0 processed=6700 total=14000 metric=ce epoch=1/1
[pipeline-trace] wall=19:51:41 elapsed=606.468s phase=train event=interaction_progress trial=12 partition=0 processed=6800 total=14000 metric=ce epoch=1/1
[pipeline-trace] wall=19:51:42 elapsed=607.177s phase=train event=interaction_progress trial=11 partition=0 processed=9500 total=14000 metric=ce epoch=1/1
[pipeline-trace] wall=19:51:42 elapsed=607.618s phase=train event=interaction_progress trial=12 partition=0 processed=6900 total=14000 metric=ce epoch=1/1
[pipeline-trace] wall=19:51:44 elapsed=608.796s phase=train event=interaction_progress trial=12 partition=0 processed=7000 total=14000 metric=ce epoch=1/1
[pipeline-trace] wall=19:51:44 elapsed=609.405s phase=train event=interaction_progress trial=11 partition=0 processed=9600 total=14000 metric=ce epoch=1/1
[pipeline-trace] wall=19:51:45 elapsed=609.949s phase=train event=interaction_progress trial=12 partition=0 processed=7100 total=14000 metric=ce epoch=1/1
[pipeline-trace] wall=19:51:46 elapsed=611.130s phase=train event=interaction_progress trial=12 partition=0 processed=7200 total=14000 metric=ce epoch=1/1
[pipeline-trace] wall=19:51:46 elapsed=611.568s phase=train event=interaction_progress trial=11 partition=0 processed=9700 total=14000 metric=ce epoch=1/1
[pipeline-trace] wall=19:51:47 elapsed=612.377s phase=train event=interaction_progress trial=12 partition=0 processed=7300 total=14000 metric=ce epoch=1/1
[pipeline-trace] wall=19:51:48 elapsed=613.661s phase=train event=interaction_progress trial=11 partition=0 processed=9800 total=14000 metric=ce epoch=1/1
[pipeline-trace] wall=19:51:48 elapsed=613.549s phase=train event=interaction_progress trial=12 partition=0 processed=7400 total=14000 metric=ce epoch=1/1
[pipeline-trace] wall=19:51:50 elapsed=614.786s phase=train event=interaction_progress trial=12 partition=0 processed=7500 total=14000 metric=ce epoch=1/1
[pipeline-trace] wall=19:51:50 elapsed=615.910s phase=train event=interaction_progress trial=11 partition=0 processed=9900 total=14000 metric=ce epoch=1/1
[pipeline-trace] wall=19:51:51 elapsed=615.972s phase=train event=interaction_progress trial=12 partition=0 processed=7600 total=14000 metric=ce epoch=1/1
[pipeline-trace] wall=19:51:52 elapsed=617.160s phase=train event=interaction_progress trial=12 partition=0 processed=7700 total=14000 metric=ce epoch=1/1
[pipeline-trace] wall=19:51:53 elapsed=618.133s phase=train event=interaction_progress trial=11 partition=0 processed=10000 total=14000 metric=ce epoch=1/1
[pipeline-trace] wall=19:51:53 elapsed=618.365s phase=train event=interaction_progress trial=12 partition=0 processed=7800 total=14000 metric=ce epoch=1/1
[pipeline-trace] wall=19:51:54 elapsed=619.533s phase=train event=interaction_progress trial=12 partition=0 processed=7900 total=14000 metric=ce epoch=1/1
[pipeline-trace] wall=19:51:55 elapsed=620.473s phase=train event=interaction_progress trial=11 partition=0 processed=10100 total=14000 metric=ce epoch=1/1
[pipeline-trace] wall=19:51:56 elapsed=620.760s phase=train event=interaction_progress trial=12 partition=0 processed=8000 total=14000 metric=ce epoch=1/1
[pipeline-trace] wall=19:51:57 elapsed=621.942s phase=train event=interaction_progress trial=12 partition=0 processed=8100 total=14000 metric=ce epoch=1/1
[pipeline-trace] wall=19:51:57 elapsed=622.656s phase=train event=interaction_progress trial=11 partition=0 processed=10200 total=14000 metric=ce epoch=1/1
[pipeline-trace] wall=19:51:58 elapsed=623.332s phase=train event=interaction_progress trial=12 partition=0 processed=8200 total=14000 metric=ce epoch=1/1
[pipeline-trace] wall=19:51:59 elapsed=624.446s phase=train event=interaction_progress trial=11 partition=0 processed=10300 total=14000 metric=ce epoch=1/1
[pipeline-trace] wall=19:51:59 elapsed=624.555s phase=train event=interaction_progress trial=12 partition=0 processed=8300 total=14000 metric=ce epoch=1/1
[pipeline-trace] wall=19:52:01 elapsed=625.808s phase=train event=interaction_progress trial=12 partition=0 processed=8400 total=14000 metric=ce epoch=1/1
[pipeline-trace] wall=19:52:01 elapsed=626.703s phase=train event=interaction_progress trial=11 partition=0 processed=10400 total=14000 metric=ce epoch=1/1
[pipeline-trace] wall=19:52:02 elapsed=627.073s phase=train event=interaction_progress trial=12 partition=0 processed=8500 total=14000 metric=ce epoch=1/1
[pipeline-trace] wall=19:52:03 elapsed=628.380s phase=train event=interaction_progress trial=12 partition=0 processed=8600 total=14000 metric=ce epoch=1/1
[pipeline-trace] wall=19:52:03 elapsed=628.918s phase=train event=interaction_progress trial=11 partition=0 processed=10500 total=14000 metric=ce epoch=1/1
[pipeline-trace] wall=19:52:04 elapsed=629.574s phase=train event=interaction_progress trial=12 partition=0 processed=8700 total=14000 metric=ce epoch=1/1
[pipeline-trace] wall=19:52:06 elapsed=631.059s phase=train event=interaction_progress trial=11 partition=0 processed=10600 total=14000 metric=ce epoch=1/1
[pipeline-trace] wall=19:52:06 elapsed=630.751s phase=train event=interaction_progress trial=12 partition=0 processed=8800 total=14000 metric=ce epoch=1/1
[pipeline-trace] wall=19:52:07 elapsed=632.005s phase=train event=interaction_progress trial=12 partition=0 processed=8900 total=14000 metric=ce epoch=1/1
[pipeline-trace] wall=19:52:08 elapsed=633.201s phase=train event=interaction_progress trial=11 partition=0 processed=10700 total=14000 metric=ce epoch=1/1
[pipeline-trace] wall=19:52:08 elapsed=633.148s phase=train event=interaction_progress trial=12 partition=0 processed=9000 total=14000 metric=ce epoch=1/1
[pipeline-trace] wall=19:52:09 elapsed=634.352s phase=train event=interaction_progress trial=12 partition=0 processed=9100 total=14000 metric=ce epoch=1/1
[pipeline-trace] wall=19:52:10 elapsed=635.386s phase=train event=interaction_progress trial=11 partition=0 processed=10800 total=14000 metric=ce epoch=1/1
[pipeline-trace] wall=19:52:10 elapsed=635.521s phase=train event=interaction_progress trial=12 partition=0 processed=9200 total=14000 metric=ce epoch=1/1
[pipeline-trace] wall=19:52:12 elapsed=636.713s phase=train event=interaction_progress trial=12 partition=0 processed=9300 total=14000 metric=ce epoch=1/1
[pipeline-trace] wall=19:52:12 elapsed=637.542s phase=train event=interaction_progress trial=11 partition=0 processed=10900 total=14000 metric=ce epoch=1/1
[pipeline-trace] wall=19:52:13 elapsed=637.919s phase=train event=interaction_progress trial=12 partition=0 processed=9400 total=14000 metric=ce epoch=1/1
[pipeline-trace] wall=19:52:14 elapsed=639.072s phase=train event=interaction_progress trial=12 partition=0 processed=9500 total=14000 metric=ce epoch=1/1
[pipeline-trace] wall=19:52:14 elapsed=639.758s phase=train event=interaction_progress trial=11 partition=0 processed=11000 total=14000 metric=ce epoch=1/1
[pipeline-trace] wall=19:52:15 elapsed=640.294s phase=train event=interaction_progress trial=12 partition=0 processed=9600 total=14000 metric=ce epoch=1/1
[pipeline-trace] wall=19:52:16 elapsed=641.500s phase=train event=interaction_progress trial=12 partition=0 processed=9700 total=14000 metric=ce epoch=1/1
[pipeline-trace] wall=19:52:16 elapsed=641.886s phase=train event=interaction_progress trial=11 partition=0 processed=11100 total=14000 metric=ce epoch=1/1
[pipeline-trace] wall=19:52:18 elapsed=642.696s phase=train event=interaction_progress trial=12 partition=0 processed=9800 total=14000 metric=ce epoch=1/1
[pipeline-trace] wall=19:52:19 elapsed=644.167s phase=train event=interaction_progress trial=11 partition=0 processed=11200 total=14000 metric=ce epoch=1/1
[pipeline-trace] wall=19:52:19 elapsed=643.876s phase=train event=interaction_progress trial=12 partition=0 processed=9900 total=14000 metric=ce epoch=1/1
[pipeline-trace] wall=19:52:20 elapsed=645.009s phase=train event=interaction_progress trial=12 partition=0 processed=10000 total=14000 metric=ce epoch=1/1
[pipeline-trace] wall=19:52:21 elapsed=646.383s phase=train event=interaction_progress trial=11 partition=0 processed=11300 total=14000 metric=ce epoch=1/1
[pipeline-trace] wall=19:52:21 elapsed=646.234s phase=train event=interaction_progress trial=12 partition=0 processed=10100 total=14000 metric=ce epoch=1/1
[pipeline-trace] wall=19:52:22 elapsed=647.422s phase=train event=interaction_progress trial=12 partition=0 processed=10200 total=14000 metric=ce epoch=1/1
[pipeline-trace] wall=19:52:23 elapsed=648.519s phase=train event=interaction_progress trial=11 partition=0 processed=11400 total=14000 metric=ce epoch=1/1
[pipeline-trace] wall=19:52:23 elapsed=648.625s phase=train event=interaction_progress trial=12 partition=0 processed=10300 total=14000 metric=ce epoch=1/1
[pipeline-trace] wall=19:52:25 elapsed=649.837s phase=train event=interaction_progress trial=12 partition=0 processed=10400 total=14000 metric=ce epoch=1/1
[pipeline-trace] wall=19:52:25 elapsed=650.737s phase=train event=interaction_progress trial=11 partition=0 processed=11500 total=14000 metric=ce epoch=1/1
[pipeline-trace] wall=19:52:26 elapsed=651.006s phase=train event=interaction_progress trial=12 partition=0 processed=10500 total=14000 metric=ce epoch=1/1
[pipeline-trace] wall=19:52:27 elapsed=652.248s phase=train event=interaction_progress trial=12 partition=0 processed=10600 total=14000 metric=ce epoch=1/1
[pipeline-trace] wall=19:52:27 elapsed=652.827s phase=train event=interaction_progress trial=11 partition=0 processed=11600 total=14000 metric=ce epoch=1/1
[pipeline-trace] wall=19:52:28 elapsed=653.396s phase=train event=interaction_progress trial=12 partition=0 processed=10700 total=14000 metric=ce epoch=1/1
[pipeline-trace] wall=19:52:29 elapsed=654.608s phase=train event=interaction_progress trial=12 partition=0 processed=10800 total=14000 metric=ce epoch=1/1
[pipeline-trace] wall=19:52:29 elapsed=655.008s phase=train event=interaction_progress trial=11 partition=0 processed=11700 total=14000 metric=ce epoch=1/1
[pipeline-trace] wall=19:52:31 elapsed=655.804s phase=train event=interaction_progress trial=12 partition=0 processed=10900 total=14000 metric=ce epoch=1/1
[pipeline-trace] wall=19:52:32 elapsed=657.123s phase=train event=interaction_progress trial=11 partition=0 processed=11800 total=14000 metric=ce epoch=1/1
[pipeline-trace] wall=19:52:32 elapsed=657.015s phase=train event=interaction_progress trial=12 partition=0 processed=11000 total=14000 metric=ce epoch=1/1
[pipeline-trace] wall=19:52:33 elapsed=658.222s phase=train event=interaction_progress trial=12 partition=0 processed=11100 total=14000 metric=ce epoch=1/1
[pipeline-trace] wall=19:52:34 elapsed=659.394s phase=train event=interaction_progress trial=11 partition=0 processed=11900 total=14000 metric=ce epoch=1/1
[pipeline-trace] wall=19:52:34 elapsed=659.398s phase=train event=interaction_progress trial=12 partition=0 processed=11200 total=14000 metric=ce epoch=1/1
[pipeline-trace] wall=19:52:35 elapsed=660.657s phase=train event=interaction_progress trial=12 partition=0 processed=11300 total=14000 metric=ce epoch=1/1
[pipeline-trace] wall=19:52:36 elapsed=661.482s phase=train event=interaction_progress trial=11 partition=0 processed=12000 total=14000 metric=ce epoch=1/1
[pipeline-trace] wall=19:52:36 elapsed=661.783s phase=train event=interaction_progress trial=11 partition=0 processed=12100 total=14000 metric=ce epoch=1/1
[pipeline-trace] wall=19:52:37 elapsed=662.110s phase=train event=interaction_progress trial=11 partition=0 processed=12200 total=14000 metric=ce epoch=1/1
[pipeline-trace] wall=19:52:37 elapsed=661.823s phase=train event=interaction_progress trial=12 partition=0 processed=11400 total=14000 metric=ce epoch=1/1
[pipeline-trace] wall=19:52:37 elapsed=662.453s phase=train event=interaction_progress trial=11 partition=0 processed=12300 total=14000 metric=ce epoch=1/1
[pipeline-trace] wall=19:52:38 elapsed=663.012s phase=train event=interaction_progress trial=12 partition=0 processed=11500 total=14000 metric=ce epoch=1/1
[pipeline-trace] wall=19:52:38 elapsed=663.461s phase=train event=interaction_progress trial=11 partition=0 processed=12400 total=14000 metric=ce epoch=1/1
[pipeline-trace] wall=19:52:38 elapsed=663.829s phase=train event=interaction_progress trial=11 partition=0 processed=12500 total=14000 metric=ce epoch=1/1
[pipeline-trace] wall=19:52:39 elapsed=664.163s phase=train event=interaction_progress trial=11 partition=0 processed=12600 total=14000 metric=ce epoch=1/1
[pipeline-trace] wall=19:52:39 elapsed=664.475s phase=train event=interaction_progress trial=11 partition=0 processed=12700 total=14000 metric=ce epoch=1/1
[pipeline-trace] wall=19:52:39 elapsed=664.205s phase=train event=interaction_progress trial=12 partition=0 processed=11600 total=14000 metric=ce epoch=1/1
[pipeline-trace] wall=19:52:39 elapsed=664.807s phase=train event=interaction_progress trial=11 partition=0 processed=12800 total=14000 metric=ce epoch=1/1
[pipeline-trace] wall=19:52:40 elapsed=665.215s phase=train event=interaction_progress trial=11 partition=0 processed=12900 total=14000 metric=ce epoch=1/1
[pipeline-trace] wall=19:52:40 elapsed=665.608s phase=train event=interaction_progress trial=11 partition=0 processed=13000 total=14000 metric=ce epoch=1/1
[pipeline-trace] wall=19:52:40 elapsed=665.427s phase=train event=interaction_progress trial=12 partition=0 processed=11700 total=14000 metric=ce epoch=1/1
[pipeline-trace] wall=19:52:41 elapsed=666.720s phase=train event=interaction_progress trial=11 partition=0 processed=13100 total=14000 metric=ce epoch=1/1
[pipeline-trace] wall=19:52:41 elapsed=666.629s phase=train event=interaction_progress trial=12 partition=0 processed=11800 total=14000 metric=ce epoch=1/1
[pipeline-trace] wall=19:52:43 elapsed=667.791s phase=train event=interaction_progress trial=12 partition=0 processed=11900 total=14000 metric=ce epoch=1/1
[pipeline-trace] wall=19:52:43 elapsed=668.925s phase=train event=interaction_progress trial=11 partition=0 processed=13200 total=14000 metric=ce epoch=1/1
[pipeline-trace] wall=19:52:44 elapsed=669.009s phase=train event=interaction_progress trial=12 partition=0 processed=12000 total=14000 metric=ce epoch=1/1
[pipeline-trace] wall=19:52:45 elapsed=670.122s phase=train event=interaction_progress trial=12 partition=0 processed=12100 total=14000 metric=ce epoch=1/1
[pipeline-trace] wall=19:52:46 elapsed=671.133s phase=train event=interaction_progress trial=11 partition=0 processed=13300 total=14000 metric=ce epoch=1/1
[pipeline-trace] wall=19:52:46 elapsed=671.305s phase=train event=interaction_progress trial=12 partition=0 processed=12200 total=14000 metric=ce epoch=1/1
[pipeline-trace] wall=19:52:47 elapsed=672.008s phase=train event=interaction_progress trial=12 partition=0 processed=12300 total=14000 metric=ce epoch=1/1
[pipeline-trace] wall=19:52:47 elapsed=672.371s phase=train event=interaction_progress trial=12 partition=0 processed=12400 total=14000 metric=ce epoch=1/1
[pipeline-trace] wall=19:52:48 elapsed=672.771s phase=train event=interaction_progress trial=12 partition=0 processed=12500 total=14000 metric=ce epoch=1/1
[pipeline-trace] wall=19:52:48 elapsed=673.176s phase=train event=interaction_progress trial=11 partition=0 processed=13400 total=14000 metric=ce epoch=1/1
[pipeline-trace] wall=19:52:49 elapsed=674.309s phase=train event=interaction_progress trial=12 partition=0 processed=12600 total=14000 metric=ce epoch=1/1
[pipeline-trace] wall=19:52:50 elapsed=674.801s phase=train event=interaction_progress trial=12 partition=0 processed=12700 total=14000 metric=ce epoch=1/1
[pipeline-trace] wall=19:52:50 elapsed=675.235s phase=train event=interaction_progress trial=12 partition=0 processed=12800 total=14000 metric=ce epoch=1/1
[pipeline-trace] wall=19:52:51 elapsed=675.672s phase=train event=interaction_progress trial=12 partition=0 processed=12900 total=14000 metric=ce epoch=1/1
[pipeline-trace] wall=19:52:51 elapsed=676.597s phase=train event=interaction_progress trial=11 partition=0 processed=13500 total=14000 metric=ce epoch=1/1
[pipeline-trace] wall=19:52:55 elapsed=679.699s phase=train event=interaction_progress trial=12 partition=0 processed=13000 total=14000 metric=ce epoch=1/1
[pipeline-trace] wall=19:52:55 elapsed=680.867s phase=train event=interaction_progress trial=11 partition=0 processed=13600 total=14000 metric=ce epoch=1/1
[pipeline-trace] wall=19:52:56 elapsed=680.892s phase=train event=interaction_progress trial=12 partition=0 processed=13100 total=14000 metric=ce epoch=1/1
[pipeline-trace] wall=19:52:57 elapsed=682.080s phase=train event=interaction_progress trial=12 partition=0 processed=13200 total=14000 metric=ce epoch=1/1
[pipeline-trace] wall=19:52:58 elapsed=683.058s phase=train event=interaction_progress trial=11 partition=0 processed=13700 total=14000 metric=ce epoch=1/1
[pipeline-trace] wall=19:52:58 elapsed=683.329s phase=train event=interaction_progress trial=12 partition=0 processed=13300 total=14000 metric=ce epoch=1/1
[pipeline-trace] wall=19:52:59 elapsed=684.480s phase=train event=interaction_progress trial=12 partition=0 processed=13400 total=14000 metric=ce epoch=1/1
[pipeline-trace] wall=19:53:00 elapsed=685.234s phase=train event=interaction_progress trial=11 partition=0 processed=13800 total=14000 metric=ce epoch=1/1
[pipeline-trace] wall=19:53:01 elapsed=685.681s phase=train event=interaction_progress trial=12 partition=0 processed=13500 total=14000 metric=ce epoch=1/1
[pipeline-trace] wall=19:53:02 elapsed=686.862s phase=train event=interaction_progress trial=12 partition=0 processed=13600 total=14000 metric=ce epoch=1/1
[pipeline-trace] wall=19:53:02 elapsed=687.382s phase=train event=interaction_progress trial=11 partition=0 processed=13900 total=14000 metric=ce epoch=1/1
[pipeline-trace] wall=19:53:03 elapsed=688.073s phase=train event=interaction_progress trial=12 partition=0 processed=13700 total=14000 metric=ce epoch=1/1
[pipeline-trace] wall=19:53:04 elapsed=689.527s phase=train event=interaction_progress trial=11 partition=0 processed=14000 total=14000 metric=ce epoch=1/1
[pipeline-trace] wall=19:53:04 elapsed=689.299s phase=train event=interaction_progress trial=12 partition=0 processed=13800 total=14000 metric=ce epoch=1/1
[pipeline-trace] wall=19:53:04 elapsed=689.689s phase=eval event=batch_start trial=11 partitions=[1] synthetic=False
[pipeline-trace] wall=19:53:04 elapsed=689.689s phase=eval event=partition_start trial=11 partition=1 interactions=1999
[pipeline-trace] wall=19:53:04 elapsed=689.689s phase=eval event=interaction_progress trial=11 partition=1 processed=1 total=1999 metric=ranking
[pipeline-trace] wall=19:53:05 elapsed=690.435s phase=train event=interaction_progress trial=12 partition=0 processed=13900 total=14000 metric=ce epoch=1/1
[pipeline-trace] wall=19:53:06 elapsed=691.796s phase=eval event=interaction_progress trial=11 partition=1 processed=100 total=1999 metric=ranking
[pipeline-trace] wall=19:53:06 elapsed=691.646s phase=train event=interaction_progress trial=12 partition=0 processed=14000 total=14000 metric=ce epoch=1/1
[pipeline-trace] wall=19:53:07 elapsed=691.841s phase=eval event=batch_start trial=12 partitions=[1] synthetic=False
[pipeline-trace] wall=19:53:07 elapsed=691.841s phase=eval event=partition_start trial=12 partition=1 interactions=1999
[pipeline-trace] wall=19:53:07 elapsed=691.841s phase=eval event=interaction_progress trial=12 partition=1 processed=1 total=1999 metric=ranking
[pipeline-trace] wall=19:53:08 elapsed=693.028s phase=eval event=interaction_progress trial=12 partition=1 processed=100 total=1999 metric=ranking
[pipeline-trace] wall=19:53:08 elapsed=694.007s phase=eval event=interaction_progress trial=11 partition=1 processed=200 total=1999 metric=ranking
[pipeline-trace] wall=19:53:09 elapsed=694.270s phase=eval event=interaction_progress trial=12 partition=1 processed=200 total=1999 metric=ranking
[pipeline-trace] wall=19:53:10 elapsed=695.448s phase=eval event=interaction_progress trial=12 partition=1 processed=300 total=1999 metric=ranking
[pipeline-trace] wall=19:53:11 elapsed=696.280s phase=eval event=interaction_progress trial=11 partition=1 processed=300 total=1999 metric=ranking
[pipeline-trace] wall=19:53:12 elapsed=696.693s phase=eval event=interaction_progress trial=12 partition=1 processed=400 total=1999 metric=ranking
[pipeline-trace] wall=19:53:13 elapsed=697.931s phase=eval event=interaction_progress trial=12 partition=1 processed=500 total=1999 metric=ranking
[pipeline-trace] wall=19:53:13 elapsed=698.493s phase=eval event=interaction_progress trial=11 partition=1 processed=400 total=1999 metric=ranking
[pipeline-trace] wall=19:53:14 elapsed=699.234s phase=eval event=interaction_progress trial=12 partition=1 processed=600 total=1999 metric=ranking
[pipeline-trace] wall=19:53:15 elapsed=700.689s phase=eval event=interaction_progress trial=11 partition=1 processed=500 total=1999 metric=ranking
[pipeline-trace] wall=19:53:15 elapsed=700.510s phase=eval event=interaction_progress trial=12 partition=1 processed=700 total=1999 metric=ranking
[pipeline-trace] wall=19:53:17 elapsed=701.842s phase=eval event=interaction_progress trial=12 partition=1 processed=800 total=1999 metric=ranking
[pipeline-trace] wall=19:53:17 elapsed=702.902s phase=eval event=interaction_progress trial=11 partition=1 processed=600 total=1999 metric=ranking
[pipeline-trace] wall=19:53:18 elapsed=703.024s phase=eval event=interaction_progress trial=12 partition=1 processed=900 total=1999 metric=ranking
[pipeline-trace] wall=19:53:19 elapsed=704.310s phase=eval event=interaction_progress trial=12 partition=1 processed=1000 total=1999 metric=ranking
[pipeline-trace] wall=19:53:20 elapsed=705.117s phase=eval event=interaction_progress trial=11 partition=1 processed=700 total=1999 metric=ranking
[pipeline-trace] wall=19:53:20 elapsed=705.528s phase=eval event=interaction_progress trial=12 partition=1 processed=1100 total=1999 metric=ranking
[pipeline-trace] wall=19:53:22 elapsed=706.870s phase=eval event=interaction_progress trial=12 partition=1 processed=1200 total=1999 metric=ranking
[pipeline-trace] wall=19:53:22 elapsed=707.301s phase=eval event=interaction_progress trial=11 partition=1 processed=800 total=1999 metric=ranking
[pipeline-trace] wall=19:53:23 elapsed=708.141s phase=eval event=interaction_progress trial=12 partition=1 processed=1300 total=1999 metric=ranking
[pipeline-trace] wall=19:53:24 elapsed=709.496s phase=eval event=interaction_progress trial=11 partition=1 processed=900 total=1999 metric=ranking
[pipeline-trace] wall=19:53:24 elapsed=709.454s phase=eval event=interaction_progress trial=12 partition=1 processed=1400 total=1999 metric=ranking
[pipeline-trace] wall=19:53:26 elapsed=710.744s phase=eval event=interaction_progress trial=12 partition=1 processed=1500 total=1999 metric=ranking
[pipeline-trace] wall=19:53:26 elapsed=711.709s phase=eval event=interaction_progress trial=11 partition=1 processed=1000 total=1999 metric=ranking
[pipeline-trace] wall=19:53:27 elapsed=711.983s phase=eval event=interaction_progress trial=12 partition=1 processed=1600 total=1999 metric=ranking
[pipeline-trace] wall=19:53:28 elapsed=713.287s phase=eval event=interaction_progress trial=12 partition=1 processed=1700 total=1999 metric=ranking
[pipeline-trace] wall=19:53:28 elapsed=713.847s phase=eval event=interaction_progress trial=11 partition=1 processed=1100 total=1999 metric=ranking
[pipeline-trace] wall=19:53:29 elapsed=714.495s phase=eval event=interaction_progress trial=12 partition=1 processed=1800 total=1999 metric=ranking
[pipeline-trace] wall=19:53:30 elapsed=715.964s phase=eval event=interaction_progress trial=11 partition=1 processed=1200 total=1999 metric=ranking
[pipeline-trace] wall=19:53:31 elapsed=715.749s phase=eval event=interaction_progress trial=12 partition=1 processed=1900 total=1999 metric=ranking
[pipeline-trace] wall=19:53:32 elapsed=717.031s phase=eval event=interaction_progress trial=12 partition=1 processed=1999 total=1999 metric=ranking
[pipeline-trace] wall=19:53:32 elapsed=717.047s phase=eval event=partition_complete trial=12 partition=1 elapsed_sec=25.206 hits=1829 total=1999
[pipeline-trace] wall=19:53:32 elapsed=717.194s phase=train event=interaction_progress trial=13 partition=0 processed=1 total=14000 metric=ce epoch=1/1
[pipeline-trace] wall=19:53:33 elapsed=718.035s phase=eval event=interaction_progress trial=11 partition=1 processed=1300 total=1999 metric=ranking
[pipeline-trace] wall=19:53:33 elapsed=718.396s phase=train event=interaction_progress trial=13 partition=0 processed=100 total=14000 metric=ce epoch=1/1
[pipeline-trace] wall=19:53:34 elapsed=719.583s phase=train event=interaction_progress trial=13 partition=0 processed=200 total=14000 metric=ce epoch=1/1
[pipeline-trace] wall=19:53:35 elapsed=720.305s phase=eval event=interaction_progress trial=11 partition=1 processed=1400 total=1999 metric=ranking
[pipeline-trace] wall=19:53:36 elapsed=720.783s phase=train event=interaction_progress trial=13 partition=0 processed=300 total=14000 metric=ce epoch=1/1
[pipeline-trace] wall=19:53:37 elapsed=722.016s phase=train event=interaction_progress trial=13 partition=0 processed=400 total=14000 metric=ce epoch=1/1
[pipeline-trace] wall=19:53:37 elapsed=722.626s phase=eval event=interaction_progress trial=11 partition=1 processed=1500 total=1999 metric=ranking
[pipeline-trace] wall=19:53:38 elapsed=723.146s phase=train event=interaction_progress trial=13 partition=0 processed=500 total=14000 metric=ce epoch=1/1
[pipeline-trace] wall=19:53:39 elapsed=724.389s phase=train event=interaction_progress trial=13 partition=0 processed=600 total=14000 metric=ce epoch=1/1
[pipeline-trace] wall=19:53:40 elapsed=725.719s phase=eval event=interaction_progress trial=11 partition=1 processed=1600 total=1999 metric=ranking
[pipeline-trace] wall=19:53:40 elapsed=725.610s phase=train event=interaction_progress trial=13 partition=0 processed=700 total=14000 metric=ce epoch=1/1
[pipeline-trace] wall=19:53:42 elapsed=727.047s phase=train event=interaction_progress trial=13 partition=0 processed=800 total=14000 metric=ce epoch=1/1
[pipeline-trace] wall=19:53:42 elapsed=727.555s phase=eval event=interaction_progress trial=11 partition=1 processed=1700 total=1999 metric=ranking
[pipeline-trace] wall=19:53:43 elapsed=728.244s phase=train event=interaction_progress trial=13 partition=0 processed=900 total=14000 metric=ce epoch=1/1
[pipeline-trace] wall=19:53:44 elapsed=729.420s phase=eval event=interaction_progress trial=11 partition=1 processed=1800 total=1999 metric=ranking
[pipeline-trace] wall=19:53:44 elapsed=729.521s phase=train event=interaction_progress trial=13 partition=0 processed=1000 total=14000 metric=ce epoch=1/1
[pipeline-trace] wall=19:53:46 elapsed=730.733s phase=train event=interaction_progress trial=13 partition=0 processed=1100 total=14000 metric=ce epoch=1/1
[pipeline-trace] wall=19:53:46 elapsed=731.226s phase=eval event=interaction_progress trial=11 partition=1 processed=1900 total=1999 metric=ranking
[pipeline-trace] wall=19:53:47 elapsed=731.942s phase=train event=interaction_progress trial=13 partition=0 processed=1200 total=14000 metric=ce epoch=1/1
[pipeline-trace] wall=19:53:48 elapsed=733.417s phase=eval event=interaction_progress trial=11 partition=1 processed=1999 total=1999 metric=ranking
[pipeline-trace] wall=19:53:48 elapsed=733.429s phase=eval event=partition_complete trial=11 partition=1 elapsed_sec=43.740 hits=1431 total=1999
[pipeline-trace] wall=19:53:48 elapsed=733.120s phase=train event=interaction_progress trial=13 partition=0 processed=1300 total=14000 metric=ce epoch=1/1
[pipeline-trace] wall=19:53:48 elapsed=733.519s phase=train event=interaction_progress trial=14 partition=0 processed=1 total=14000 metric=ce epoch=1/1
[pipeline-trace] wall=19:53:49 elapsed=734.333s phase=train event=interaction_progress trial=13 partition=0 processed=1400 total=14000 metric=ce epoch=1/1
[pipeline-trace] wall=19:53:49 elapsed=734.784s phase=train event=interaction_progress trial=14 partition=0 processed=100 total=14000 metric=ce epoch=1/1
[pipeline-trace] wall=19:53:50 elapsed=735.542s phase=train event=interaction_progress trial=13 partition=0 processed=1500 total=14000 metric=ce epoch=1/1
[pipeline-trace] wall=19:53:50 elapsed=735.951s phase=train event=interaction_progress trial=14 partition=0 processed=200 total=14000 metric=ce epoch=1/1
[pipeline-trace] wall=19:53:52 elapsed=736.695s phase=train event=interaction_progress trial=13 partition=0 processed=1600 total=14000 metric=ce epoch=1/1
[pipeline-trace] wall=19:53:52 elapsed=737.221s phase=train event=interaction_progress trial=14 partition=0 processed=300 total=14000 metric=ce epoch=1/1
[pipeline-trace] wall=19:53:53 elapsed=737.907s phase=train event=interaction_progress trial=13 partition=0 processed=1700 total=14000 metric=ce epoch=1/1
[pipeline-trace] wall=19:53:53 elapsed=738.405s phase=train event=interaction_progress trial=14 partition=0 processed=400 total=14000 metric=ce epoch=1/1
[pipeline-trace] wall=19:53:54 elapsed=739.099s phase=train event=interaction_progress trial=13 partition=0 processed=1800 total=14000 metric=ce epoch=1/1
[pipeline-trace] wall=19:53:54 elapsed=739.643s phase=train event=interaction_progress trial=14 partition=0 processed=500 total=14000 metric=ce epoch=1/1
[pipeline-trace] wall=19:53:55 elapsed=740.298s phase=train event=interaction_progress trial=13 partition=0 processed=1900 total=14000 metric=ce epoch=1/1
[pipeline-trace] wall=19:53:55 elapsed=740.908s phase=train event=interaction_progress trial=14 partition=0 processed=600 total=14000 metric=ce epoch=1/1
[pipeline-trace] wall=19:53:56 elapsed=741.499s phase=train event=interaction_progress trial=13 partition=0 processed=2000 total=14000 metric=ce epoch=1/1
[pipeline-trace] wall=19:53:57 elapsed=742.140s phase=train event=interaction_progress trial=14 partition=0 processed=700 total=14000 metric=ce epoch=1/1
[pipeline-trace] wall=19:53:58 elapsed=742.667s phase=train event=interaction_progress trial=13 partition=0 processed=2100 total=14000 metric=ce epoch=1/1
[pipeline-trace] wall=19:53:58 elapsed=743.386s phase=train event=interaction_progress trial=14 partition=0 processed=800 total=14000 metric=ce epoch=1/1
[pipeline-trace] wall=19:53:59 elapsed=743.905s phase=train event=interaction_progress trial=13 partition=0 processed=2200 total=14000 metric=ce epoch=1/1
[pipeline-trace] wall=19:53:59 elapsed=744.552s phase=train event=interaction_progress trial=14 partition=0 processed=900 total=14000 metric=ce epoch=1/1
[pipeline-trace] wall=19:54:00 elapsed=745.054s phase=train event=interaction_progress trial=13 partition=0 processed=2300 total=14000 metric=ce epoch=1/1
[pipeline-trace] wall=19:54:00 elapsed=745.787s phase=train event=interaction_progress trial=14 partition=0 processed=1000 total=14000 metric=ce epoch=1/1
[pipeline-trace] wall=19:54:01 elapsed=746.267s phase=train event=interaction_progress trial=13 partition=0 processed=2400 total=14000 metric=ce epoch=1/1
[pipeline-trace] wall=19:54:01 elapsed=746.976s phase=train event=interaction_progress trial=14 partition=0 processed=1100 total=14000 metric=ce epoch=1/1
[pipeline-trace] wall=19:54:02 elapsed=747.451s phase=train event=interaction_progress trial=13 partition=0 processed=2500 total=14000 metric=ce epoch=1/1
[pipeline-trace] wall=19:54:03 elapsed=748.176s phase=train event=interaction_progress trial=14 partition=0 processed=1200 total=14000 metric=ce epoch=1/1
[pipeline-trace] wall=19:54:03 elapsed=748.636s phase=train event=interaction_progress trial=13 partition=0 processed=2600 total=14000 metric=ce epoch=1/1
[pipeline-trace] wall=19:54:04 elapsed=749.426s phase=train event=interaction_progress trial=14 partition=0 processed=1300 total=14000 metric=ce epoch=1/1
[pipeline-trace] wall=19:54:05 elapsed=749.858s phase=train event=interaction_progress trial=13 partition=0 processed=2700 total=14000 metric=ce epoch=1/1
[pipeline-trace] wall=19:54:05 elapsed=750.584s phase=train event=interaction_progress trial=14 partition=0 processed=1400 total=14000 metric=ce epoch=1/1
[pipeline-trace] wall=19:54:06 elapsed=751.033s phase=train event=interaction_progress trial=13 partition=0 processed=2800 total=14000 metric=ce epoch=1/1
[pipeline-trace] wall=19:54:06 elapsed=751.826s phase=train event=interaction_progress trial=14 partition=0 processed=1500 total=14000 metric=ce epoch=1/1
[pipeline-trace] wall=19:54:07 elapsed=752.250s phase=train event=interaction_progress trial=13 partition=0 processed=2900 total=14000 metric=ce epoch=1/1
[pipeline-trace] wall=19:54:08 elapsed=753.018s phase=train event=interaction_progress trial=14 partition=0 processed=1600 total=14000 metric=ce epoch=1/1
[pipeline-trace] wall=19:54:08 elapsed=753.353s phase=train event=interaction_progress trial=13 partition=0 processed=3000 total=14000 metric=ce epoch=1/1
[pipeline-trace] wall=19:54:09 elapsed=754.240s phase=train event=interaction_progress trial=14 partition=0 processed=1700 total=14000 metric=ce epoch=1/1
[pipeline-trace] wall=19:54:09 elapsed=754.478s phase=train event=interaction_progress trial=13 partition=0 processed=3100 total=14000 metric=ce epoch=1/1
[pipeline-trace] wall=19:54:10 elapsed=755.482s phase=train event=interaction_progress trial=14 partition=0 processed=1800 total=14000 metric=ce epoch=1/1
[pipeline-trace] wall=19:54:10 elapsed=755.655s phase=train event=interaction_progress trial=13 partition=0 processed=3200 total=14000 metric=ce epoch=1/1
[pipeline-trace] wall=19:54:11 elapsed=756.665s phase=train event=interaction_progress trial=14 partition=0 processed=1900 total=14000 metric=ce epoch=1/1
[pipeline-trace] wall=19:54:12 elapsed=756.758s phase=train event=interaction_progress trial=13 partition=0 processed=3300 total=14000 metric=ce epoch=1/1
[pipeline-trace] wall=19:54:12 elapsed=757.914s phase=train event=interaction_progress trial=14 partition=0 processed=2000 total=14000 metric=ce epoch=1/1
[pipeline-trace] wall=19:54:13 elapsed=757.879s phase=train event=interaction_progress trial=13 partition=0 processed=3400 total=14000 metric=ce epoch=1/1
[pipeline-trace] wall=19:54:14 elapsed=759.121s phase=train event=interaction_progress trial=14 partition=0 processed=2100 total=14000 metric=ce epoch=1/1
[pipeline-trace] wall=19:54:14 elapsed=759.013s phase=train event=interaction_progress trial=13 partition=0 processed=3500 total=14000 metric=ce epoch=1/1
[pipeline-trace] wall=19:54:15 elapsed=760.323s phase=train event=interaction_progress trial=14 partition=0 processed=2200 total=14000 metric=ce epoch=1/1
[pipeline-trace] wall=19:54:15 elapsed=760.109s phase=train event=interaction_progress trial=13 partition=0 processed=3600 total=14000 metric=ce epoch=1/1
[pipeline-trace] wall=19:54:16 elapsed=761.238s phase=train event=interaction_progress trial=13 partition=0 processed=3700 total=14000 metric=ce epoch=1/1
[pipeline-trace] wall=19:54:16 elapsed=761.600s phase=train event=interaction_progress trial=14 partition=0 processed=2300 total=14000 metric=ce epoch=1/1
[pipeline-trace] wall=19:54:17 elapsed=762.416s phase=train event=interaction_progress trial=13 partition=0 processed=3800 total=14000 metric=ce epoch=1/1
[pipeline-trace] wall=19:54:17 elapsed=762.830s phase=train event=interaction_progress trial=14 partition=0 processed=2400 total=14000 metric=ce epoch=1/1
[pipeline-trace] wall=19:54:18 elapsed=763.577s phase=train event=interaction_progress trial=13 partition=0 processed=3900 total=14000 metric=ce epoch=1/1
[pipeline-trace] wall=19:54:19 elapsed=764.129s phase=train event=interaction_progress trial=14 partition=0 processed=2500 total=14000 metric=ce epoch=1/1
[pipeline-trace] wall=19:54:20 elapsed=764.797s phase=train event=interaction_progress trial=13 partition=0 processed=4000 total=14000 metric=ce epoch=1/1
[pipeline-trace] wall=19:54:20 elapsed=765.319s phase=train event=interaction_progress trial=14 partition=0 processed=2600 total=14000 metric=ce epoch=1/1
[pipeline-trace] wall=19:54:21 elapsed=765.988s phase=train event=interaction_progress trial=13 partition=0 processed=4100 total=14000 metric=ce epoch=1/1
[pipeline-trace] wall=19:54:21 elapsed=766.587s phase=train event=interaction_progress trial=14 partition=0 processed=2700 total=14000 metric=ce epoch=1/1
[pipeline-trace] wall=19:54:22 elapsed=767.200s phase=train event=interaction_progress trial=13 partition=0 processed=4200 total=14000 metric=ce epoch=1/1
[pipeline-trace] wall=19:54:22 elapsed=767.804s phase=train event=interaction_progress trial=14 partition=0 processed=2800 total=14000 metric=ce epoch=1/1
[pipeline-trace] wall=19:54:23 elapsed=768.371s phase=train event=interaction_progress trial=13 partition=0 processed=4300 total=14000 metric=ce epoch=1/1
[pipeline-trace] wall=19:54:24 elapsed=769.054s phase=train event=interaction_progress trial=14 partition=0 processed=2900 total=14000 metric=ce epoch=1/1
[pipeline-trace] wall=19:54:24 elapsed=769.535s phase=train event=interaction_progress trial=13 partition=0 processed=4400 total=14000 metric=ce epoch=1/1
[pipeline-trace] wall=19:54:25 elapsed=770.299s phase=train event=interaction_progress trial=14 partition=0 processed=3000 total=14000 metric=ce epoch=1/1
[pipeline-trace] wall=19:54:26 elapsed=770.723s phase=train event=interaction_progress trial=13 partition=0 processed=4500 total=14000 metric=ce epoch=1/1
[pipeline-trace] wall=19:54:26 elapsed=771.508s phase=train event=interaction_progress trial=14 partition=0 processed=3100 total=14000 metric=ce epoch=1/1
[pipeline-trace] wall=19:54:27 elapsed=771.888s phase=train event=interaction_progress trial=13 partition=0 processed=4600 total=14000 metric=ce epoch=1/1
[pipeline-trace] wall=19:54:27 elapsed=772.778s phase=train event=interaction_progress trial=14 partition=0 processed=3200 total=14000 metric=ce epoch=1/1
[pipeline-trace] wall=19:54:28 elapsed=773.097s phase=train event=interaction_progress trial=13 partition=0 processed=4700 total=14000 metric=ce epoch=1/1
[pipeline-trace] wall=19:54:28 elapsed=773.993s phase=train event=interaction_progress trial=14 partition=0 processed=3300 total=14000 metric=ce epoch=1/1
[pipeline-trace] wall=19:54:29 elapsed=774.291s phase=train event=interaction_progress trial=13 partition=0 processed=4800 total=14000 metric=ce epoch=1/1
[pipeline-trace] wall=19:54:30 elapsed=775.208s phase=train event=interaction_progress trial=14 partition=0 processed=3400 total=14000 metric=ce epoch=1/1
[pipeline-trace] wall=19:54:31 elapsed=776.237s phase=train event=interaction_progress trial=13 partition=0 processed=4900 total=14000 metric=ce epoch=1/1
[pipeline-trace] wall=19:54:32 elapsed=777.462s phase=train event=interaction_progress trial=14 partition=0 processed=3500 total=14000 metric=ce epoch=1/1
[pipeline-trace] wall=19:54:33 elapsed=777.993s phase=train event=interaction_progress trial=13 partition=0 processed=5000 total=14000 metric=ce epoch=1/1
[pipeline-trace] wall=19:54:33 elapsed=778.821s phase=train event=interaction_progress trial=14 partition=0 processed=3600 total=14000 metric=ce epoch=1/1
[pipeline-trace] wall=19:54:34 elapsed=779.216s phase=train event=interaction_progress trial=13 partition=0 processed=5100 total=14000 metric=ce epoch=1/1
[pipeline-trace] wall=19:54:35 elapsed=780.102s phase=train event=interaction_progress trial=14 partition=0 processed=3700 total=14000 metric=ce epoch=1/1
[pipeline-trace] wall=19:54:35 elapsed=780.495s phase=train event=interaction_progress trial=13 partition=0 processed=5200 total=14000 metric=ce epoch=1/1
[pipeline-trace] wall=19:54:36 elapsed=781.464s phase=train event=interaction_progress trial=14 partition=0 processed=3800 total=14000 metric=ce epoch=1/1
[pipeline-trace] wall=19:54:37 elapsed=781.722s phase=train event=interaction_progress trial=13 partition=0 processed=5300 total=14000 metric=ce epoch=1/1
[pipeline-trace] wall=19:54:37 elapsed=782.781s phase=train event=interaction_progress trial=14 partition=0 processed=3900 total=14000 metric=ce epoch=1/1
[pipeline-trace] wall=19:54:38 elapsed=782.936s phase=train event=interaction_progress trial=13 partition=0 processed=5400 total=14000 metric=ce epoch=1/1
[pipeline-trace] wall=19:54:38 elapsed=783.993s phase=train event=interaction_progress trial=14 partition=0 processed=4000 total=14000 metric=ce epoch=1/1
[pipeline-trace] wall=19:54:39 elapsed=784.164s phase=train event=interaction_progress trial=13 partition=0 processed=5500 total=14000 metric=ce epoch=1/1
[pipeline-trace] wall=19:54:40 elapsed=785.275s phase=train event=interaction_progress trial=14 partition=0 processed=4100 total=14000 metric=ce epoch=1/1
[pipeline-trace] wall=19:54:40 elapsed=785.336s phase=train event=interaction_progress trial=13 partition=0 processed=5600 total=14000 metric=ce epoch=1/1
[pipeline-trace] wall=19:54:41 elapsed=786.476s phase=train event=interaction_progress trial=14 partition=0 processed=4200 total=14000 metric=ce epoch=1/1
[pipeline-trace] wall=19:54:41 elapsed=786.549s phase=train event=interaction_progress trial=13 partition=0 processed=5700 total=14000 metric=ce epoch=1/1
[pipeline-trace] wall=19:54:42 elapsed=787.756s phase=train event=interaction_progress trial=14 partition=0 processed=4300 total=14000 metric=ce epoch=1/1
[pipeline-trace] wall=19:54:43 elapsed=787.740s phase=train event=interaction_progress trial=13 partition=0 processed=5800 total=14000 metric=ce epoch=1/1
[pipeline-trace] wall=19:54:43 elapsed=788.969s phase=train event=interaction_progress trial=14 partition=0 processed=4400 total=14000 metric=ce epoch=1/1
[pipeline-trace] wall=19:54:44 elapsed=788.915s phase=train event=interaction_progress trial=13 partition=0 processed=5900 total=14000 metric=ce epoch=1/1
[pipeline-trace] wall=19:54:45 elapsed=790.195s phase=train event=interaction_progress trial=14 partition=0 processed=4500 total=14000 metric=ce epoch=1/1
[pipeline-trace] wall=19:54:45 elapsed=790.138s phase=train event=interaction_progress trial=13 partition=0 processed=6000 total=14000 metric=ce epoch=1/1
[pipeline-trace] wall=19:54:46 elapsed=791.443s phase=train event=interaction_progress trial=14 partition=0 processed=4600 total=14000 metric=ce epoch=1/1
[pipeline-trace] wall=19:54:46 elapsed=791.301s phase=train event=interaction_progress trial=13 partition=0 processed=6100 total=14000 metric=ce epoch=1/1
[pipeline-trace] wall=19:54:47 elapsed=792.613s phase=train event=interaction_progress trial=14 partition=0 processed=4700 total=14000 metric=ce epoch=1/1
[pipeline-trace] wall=19:54:47 elapsed=792.462s phase=train event=interaction_progress trial=13 partition=0 processed=6200 total=14000 metric=ce epoch=1/1
[pipeline-trace] wall=19:54:48 elapsed=793.877s phase=train event=interaction_progress trial=14 partition=0 processed=4800 total=14000 metric=ce epoch=1/1
[pipeline-trace] wall=19:54:48 elapsed=793.629s phase=train event=interaction_progress trial=13 partition=0 processed=6300 total=14000 metric=ce epoch=1/1
[pipeline-trace] wall=19:54:50 elapsed=795.073s phase=train event=interaction_progress trial=14 partition=0 processed=4900 total=14000 metric=ce epoch=1/1
[pipeline-trace] wall=19:54:50 elapsed=794.791s phase=train event=interaction_progress trial=13 partition=0 processed=6400 total=14000 metric=ce epoch=1/1
[pipeline-trace] wall=19:54:51 elapsed=796.270s phase=train event=interaction_progress trial=14 partition=0 processed=5000 total=14000 metric=ce epoch=1/1
[pipeline-trace] wall=19:54:51 elapsed=796.014s phase=train event=interaction_progress trial=13 partition=0 processed=6500 total=14000 metric=ce epoch=1/1
[pipeline-trace] wall=19:54:52 elapsed=797.157s phase=train event=interaction_progress trial=13 partition=0 processed=6600 total=14000 metric=ce epoch=1/1
[pipeline-trace] wall=19:54:52 elapsed=797.511s phase=train event=interaction_progress trial=14 partition=0 processed=5100 total=14000 metric=ce epoch=1/1
[pipeline-trace] wall=19:54:53 elapsed=798.693s phase=train event=interaction_progress trial=14 partition=0 processed=5200 total=14000 metric=ce epoch=1/1
[pipeline-trace] wall=19:54:53 elapsed=798.381s phase=train event=interaction_progress trial=13 partition=0 processed=6700 total=14000 metric=ce epoch=1/1
[pipeline-trace] wall=19:54:54 elapsed=799.524s phase=train event=interaction_progress trial=13 partition=0 processed=6800 total=14000 metric=ce epoch=1/1
[pipeline-trace] wall=19:54:54 elapsed=799.945s phase=train event=interaction_progress trial=14 partition=0 processed=5300 total=14000 metric=ce epoch=1/1
[pipeline-trace] wall=19:54:55 elapsed=800.627s phase=train event=interaction_progress trial=13 partition=0 processed=6900 total=14000 metric=ce epoch=1/1
[pipeline-trace] wall=19:54:56 elapsed=801.152s phase=train event=interaction_progress trial=14 partition=0 processed=5400 total=14000 metric=ce epoch=1/1
[pipeline-trace] wall=19:54:57 elapsed=802.079s phase=train event=interaction_progress trial=14 partition=0 processed=5500 total=14000 metric=ce epoch=1/1
[pipeline-trace] wall=19:54:57 elapsed=801.728s phase=train event=interaction_progress trial=13 partition=0 processed=7000 total=14000 metric=ce epoch=1/1
[pipeline-trace] wall=19:54:57 elapsed=802.451s phase=train event=interaction_progress trial=14 partition=0 processed=5600 total=14000 metric=ce epoch=1/1
[pipeline-trace] wall=19:54:57 elapsed=802.869s phase=train event=interaction_progress trial=14 partition=0 processed=5700 total=14000 metric=ce epoch=1/1
[pipeline-trace] wall=19:54:58 elapsed=802.833s phase=train event=interaction_progress trial=13 partition=0 processed=7100 total=14000 metric=ce epoch=1/1
[pipeline-trace] wall=19:54:58 elapsed=803.534s phase=train event=interaction_progress trial=14 partition=0 processed=5800 total=14000 metric=ce epoch=1/1
[pipeline-trace] wall=19:54:59 elapsed=804.225s phase=train event=interaction_progress trial=14 partition=0 processed=5900 total=14000 metric=ce epoch=1/1
[pipeline-trace] wall=19:54:59 elapsed=803.953s phase=train event=interaction_progress trial=13 partition=0 processed=7200 total=14000 metric=ce epoch=1/1
[pipeline-trace] wall=19:54:59 elapsed=804.650s phase=train event=interaction_progress trial=14 partition=0 processed=6000 total=14000 metric=ce epoch=1/1
[pipeline-trace] wall=19:55:00 elapsed=805.075s phase=train event=interaction_progress trial=14 partition=0 processed=6100 total=14000 metric=ce epoch=1/1
[pipeline-trace] wall=19:55:00 elapsed=805.145s phase=train event=interaction_progress trial=13 partition=0 processed=7300 total=14000 metric=ce epoch=1/1
[pipeline-trace] wall=19:55:00 elapsed=805.518s phase=train event=interaction_progress trial=14 partition=0 processed=6200 total=14000 metric=ce epoch=1/1
[pipeline-trace] wall=19:55:01 elapsed=806.271s phase=train event=interaction_progress trial=13 partition=0 processed=7400 total=14000 metric=ce epoch=1/1
[pipeline-trace] wall=19:55:01 elapsed=806.716s phase=train event=interaction_progress trial=14 partition=0 processed=6300 total=14000 metric=ce epoch=1/1
[pipeline-trace] wall=19:55:02 elapsed=807.360s phase=train event=interaction_progress trial=13 partition=0 processed=7500 total=14000 metric=ce epoch=1/1
[pipeline-trace] wall=19:55:02 elapsed=807.904s phase=train event=interaction_progress trial=14 partition=0 processed=6400 total=14000 metric=ce epoch=1/1
[pipeline-trace] wall=19:55:03 elapsed=808.531s phase=train event=interaction_progress trial=13 partition=0 processed=7600 total=14000 metric=ce epoch=1/1
[pipeline-trace] wall=19:55:04 elapsed=809.161s phase=train event=interaction_progress trial=14 partition=0 processed=6500 total=14000 metric=ce epoch=1/1
[pipeline-trace] wall=19:55:04 elapsed=809.009s phase=train event=interaction_progress trial=13 partition=0 processed=7700 total=14000 metric=ce epoch=1/1
[pipeline-trace] wall=19:55:04 elapsed=809.327s phase=train event=interaction_progress trial=13 partition=0 processed=7800 total=14000 metric=ce epoch=1/1
[pipeline-trace] wall=19:55:05 elapsed=809.692s phase=train event=interaction_progress trial=13 partition=0 processed=7900 total=14000 metric=ce epoch=1/1
[pipeline-trace] wall=19:55:05 elapsed=810.370s phase=train event=interaction_progress trial=14 partition=0 processed=6600 total=14000 metric=ce epoch=1/1
[pipeline-trace] wall=19:55:05 elapsed=810.344s phase=train event=interaction_progress trial=13 partition=0 processed=8000 total=14000 metric=ce epoch=1/1
[pipeline-trace] wall=19:55:06 elapsed=810.906s phase=train event=interaction_progress trial=13 partition=0 processed=8100 total=14000 metric=ce epoch=1/1
[pipeline-trace] wall=19:55:06 elapsed=811.598s phase=train event=interaction_progress trial=14 partition=0 processed=6700 total=14000 metric=ce epoch=1/1
[pipeline-trace] wall=19:55:06 elapsed=811.257s phase=train event=interaction_progress trial=13 partition=0 processed=8200 total=14000 metric=ce epoch=1/1
[pipeline-trace] wall=19:55:06 elapsed=811.568s phase=train event=interaction_progress trial=13 partition=0 processed=8300 total=14000 metric=ce epoch=1/1
[pipeline-trace] wall=19:55:07 elapsed=811.969s phase=train event=interaction_progress trial=13 partition=0 processed=8400 total=14000 metric=ce epoch=1/1
[pipeline-trace] wall=19:55:07 elapsed=812.335s phase=train event=interaction_progress trial=13 partition=0 processed=8500 total=14000 metric=ce epoch=1/1
[pipeline-trace] wall=19:55:07 elapsed=812.869s phase=train event=interaction_progress trial=14 partition=0 processed=6800 total=14000 metric=ce epoch=1/1
[pipeline-trace] wall=19:55:08 elapsed=813.457s phase=train event=interaction_progress trial=13 partition=0 processed=8600 total=14000 metric=ce epoch=1/1
[pipeline-trace] wall=19:55:09 elapsed=814.223s phase=train event=interaction_progress trial=14 partition=0 processed=6900 total=14000 metric=ce epoch=1/1
[pipeline-trace] wall=19:55:09 elapsed=814.654s phase=train event=interaction_progress trial=13 partition=0 processed=8700 total=14000 metric=ce epoch=1/1
[pipeline-trace] wall=19:55:10 elapsed=815.545s phase=train event=interaction_progress trial=14 partition=0 processed=7000 total=14000 metric=ce epoch=1/1
[pipeline-trace] wall=19:55:11 elapsed=815.894s phase=train event=interaction_progress trial=13 partition=0 processed=8800 total=14000 metric=ce epoch=1/1
[pipeline-trace] wall=19:55:11 elapsed=816.798s phase=train event=interaction_progress trial=14 partition=0 processed=7100 total=14000 metric=ce epoch=1/1
[pipeline-trace] wall=19:55:12 elapsed=817.064s phase=train event=interaction_progress trial=13 partition=0 processed=8900 total=14000 metric=ce epoch=1/1
[pipeline-trace] wall=19:55:13 elapsed=818.018s phase=train event=interaction_progress trial=14 partition=0 processed=7200 total=14000 metric=ce epoch=1/1
[pipeline-trace] wall=19:55:13 elapsed=818.274s phase=train event=interaction_progress trial=13 partition=0 processed=9000 total=14000 metric=ce epoch=1/1
[pipeline-trace] wall=19:55:14 elapsed=819.307s phase=train event=interaction_progress trial=14 partition=0 processed=7300 total=14000 metric=ce epoch=1/1
[pipeline-trace] wall=19:55:14 elapsed=819.464s phase=train event=interaction_progress trial=13 partition=0 processed=9100 total=14000 metric=ce epoch=1/1
[pipeline-trace] wall=19:55:15 elapsed=820.575s phase=train event=interaction_progress trial=14 partition=0 processed=7400 total=14000 metric=ce epoch=1/1
[pipeline-trace] wall=19:55:16 elapsed=820.671s phase=train event=interaction_progress trial=13 partition=0 processed=9200 total=14000 metric=ce epoch=1/1
[pipeline-trace] wall=19:55:16 elapsed=821.830s phase=train event=interaction_progress trial=14 partition=0 processed=7500 total=14000 metric=ce epoch=1/1
[pipeline-trace] wall=19:55:17 elapsed=821.893s phase=train event=interaction_progress trial=13 partition=0 processed=9300 total=14000 metric=ce epoch=1/1
[pipeline-trace] wall=19:55:18 elapsed=823.101s phase=train event=interaction_progress trial=14 partition=0 processed=7600 total=14000 metric=ce epoch=1/1
[pipeline-trace] wall=19:55:18 elapsed=823.072s phase=train event=interaction_progress trial=13 partition=0 processed=9400 total=14000 metric=ce epoch=1/1
[pipeline-trace] wall=19:55:19 elapsed=824.281s phase=train event=interaction_progress trial=14 partition=0 processed=7700 total=14000 metric=ce epoch=1/1
[pipeline-trace] wall=19:55:19 elapsed=824.294s phase=train event=interaction_progress trial=13 partition=0 processed=9500 total=14000 metric=ce epoch=1/1
[pipeline-trace] wall=19:55:20 elapsed=825.542s phase=train event=interaction_progress trial=14 partition=0 processed=7800 total=14000 metric=ce epoch=1/1
[pipeline-trace] wall=19:55:20 elapsed=825.458s phase=train event=interaction_progress trial=13 partition=0 processed=9600 total=14000 metric=ce epoch=1/1
[pipeline-trace] wall=19:55:21 elapsed=826.792s phase=train event=interaction_progress trial=14 partition=0 processed=7900 total=14000 metric=ce epoch=1/1
[pipeline-trace] wall=19:55:21 elapsed=826.649s phase=train event=interaction_progress trial=13 partition=0 processed=9700 total=14000 metric=ce epoch=1/1
[pipeline-trace] wall=19:55:23 elapsed=828.021s phase=train event=interaction_progress trial=14 partition=0 processed=8000 total=14000 metric=ce epoch=1/1
[pipeline-trace] wall=19:55:23 elapsed=827.840s phase=train event=interaction_progress trial=13 partition=0 processed=9800 total=14000 metric=ce epoch=1/1
[pipeline-trace] wall=19:55:24 elapsed=829.325s phase=train event=interaction_progress trial=14 partition=0 processed=8100 total=14000 metric=ce epoch=1/1
[pipeline-trace] wall=19:55:24 elapsed=829.099s phase=train event=interaction_progress trial=13 partition=0 processed=9900 total=14000 metric=ce epoch=1/1
[pipeline-trace] wall=19:55:25 elapsed=830.667s phase=train event=interaction_progress trial=14 partition=0 processed=8200 total=14000 metric=ce epoch=1/1
[pipeline-trace] wall=19:55:25 elapsed=830.419s phase=train event=interaction_progress trial=13 partition=0 processed=10000 total=14000 metric=ce epoch=1/1
[pipeline-trace] wall=19:55:27 elapsed=832.040s phase=train event=interaction_progress trial=14 partition=0 processed=8300 total=14000 metric=ce epoch=1/1
[pipeline-trace] wall=19:55:27 elapsed=831.730s phase=train event=interaction_progress trial=13 partition=0 processed=10100 total=14000 metric=ce epoch=1/1
[pipeline-trace] wall=19:55:28 elapsed=833.278s phase=train event=interaction_progress trial=14 partition=0 processed=8400 total=14000 metric=ce epoch=1/1
[pipeline-trace] wall=19:55:28 elapsed=832.982s phase=train event=interaction_progress trial=13 partition=0 processed=10200 total=14000 metric=ce epoch=1/1
[pipeline-trace] wall=19:55:29 elapsed=834.192s phase=train event=interaction_progress trial=13 partition=0 processed=10300 total=14000 metric=ce epoch=1/1
[pipeline-trace] wall=19:55:29 elapsed=834.644s phase=train event=interaction_progress trial=14 partition=0 processed=8500 total=14000 metric=ce epoch=1/1
[pipeline-trace] wall=19:55:30 elapsed=835.518s phase=train event=interaction_progress trial=13 partition=0 processed=10400 total=14000 metric=ce epoch=1/1
[pipeline-trace] wall=19:55:30 elapsed=835.917s phase=train event=interaction_progress trial=14 partition=0 processed=8600 total=14000 metric=ce epoch=1/1
[pipeline-trace] wall=19:55:32 elapsed=836.716s phase=train event=interaction_progress trial=13 partition=0 processed=10500 total=14000 metric=ce epoch=1/1
[pipeline-trace] wall=19:55:32 elapsed=837.134s phase=train event=interaction_progress trial=14 partition=0 processed=8700 total=14000 metric=ce epoch=1/1
[pipeline-trace] wall=19:55:33 elapsed=837.958s phase=train event=interaction_progress trial=13 partition=0 processed=10600 total=14000 metric=ce epoch=1/1
[pipeline-trace] wall=19:55:33 elapsed=838.415s phase=train event=interaction_progress trial=14 partition=0 processed=8800 total=14000 metric=ce epoch=1/1
[pipeline-trace] wall=19:55:34 elapsed=839.114s phase=train event=interaction_progress trial=13 partition=0 processed=10700 total=14000 metric=ce epoch=1/1
[pipeline-trace] wall=19:55:34 elapsed=839.631s phase=train event=interaction_progress trial=14 partition=0 processed=8900 total=14000 metric=ce epoch=1/1
[pipeline-trace] wall=19:55:35 elapsed=840.320s phase=train event=interaction_progress trial=13 partition=0 processed=10800 total=14000 metric=ce epoch=1/1
[pipeline-trace] wall=19:55:35 elapsed=840.879s phase=train event=interaction_progress trial=14 partition=0 processed=9000 total=14000 metric=ce epoch=1/1
[pipeline-trace] wall=19:55:36 elapsed=841.506s phase=train event=interaction_progress trial=13 partition=0 processed=10900 total=14000 metric=ce epoch=1/1
[pipeline-trace] wall=19:55:37 elapsed=842.111s phase=train event=interaction_progress trial=14 partition=0 processed=9100 total=14000 metric=ce epoch=1/1
[pipeline-trace] wall=19:55:38 elapsed=842.696s phase=train event=interaction_progress trial=13 partition=0 processed=11000 total=14000 metric=ce epoch=1/1
[pipeline-trace] wall=19:55:38 elapsed=843.352s phase=train event=interaction_progress trial=14 partition=0 processed=9200 total=14000 metric=ce epoch=1/1
[pipeline-trace] wall=19:55:39 elapsed=843.884s phase=train event=interaction_progress trial=13 partition=0 processed=11100 total=14000 metric=ce epoch=1/1
[pipeline-trace] wall=19:55:39 elapsed=844.593s phase=train event=interaction_progress trial=14 partition=0 processed=9300 total=14000 metric=ce epoch=1/1
[pipeline-trace] wall=19:55:40 elapsed=845.035s phase=train event=interaction_progress trial=13 partition=0 processed=11200 total=14000 metric=ce epoch=1/1
[pipeline-trace] wall=19:55:40 elapsed=845.781s phase=train event=interaction_progress trial=14 partition=0 processed=9400 total=14000 metric=ce epoch=1/1
[pipeline-trace] wall=19:55:41 elapsed=846.263s phase=train event=interaction_progress trial=13 partition=0 processed=11300 total=14000 metric=ce epoch=1/1
[pipeline-trace] wall=19:55:42 elapsed=847.084s phase=train event=interaction_progress trial=14 partition=0 processed=9500 total=14000 metric=ce epoch=1/1
[pipeline-trace] wall=19:55:42 elapsed=847.451s phase=train event=interaction_progress trial=13 partition=0 processed=11400 total=14000 metric=ce epoch=1/1
[pipeline-trace] wall=19:55:43 elapsed=848.282s phase=train event=interaction_progress trial=14 partition=0 processed=9600 total=14000 metric=ce epoch=1/1
[pipeline-trace] wall=19:55:43 elapsed=848.638s phase=train event=interaction_progress trial=13 partition=0 processed=11500 total=14000 metric=ce epoch=1/1
[pipeline-trace] wall=19:55:44 elapsed=849.560s phase=train event=interaction_progress trial=14 partition=0 processed=9700 total=14000 metric=ce epoch=1/1
[pipeline-trace] wall=19:55:45 elapsed=849.853s phase=train event=interaction_progress trial=13 partition=0 processed=11600 total=14000 metric=ce epoch=1/1
[pipeline-trace] wall=19:55:45 elapsed=850.796s phase=train event=interaction_progress trial=14 partition=0 processed=9800 total=14000 metric=ce epoch=1/1
[pipeline-trace] wall=19:55:46 elapsed=851.041s phase=train event=interaction_progress trial=13 partition=0 processed=11700 total=14000 metric=ce epoch=1/1
[pipeline-trace] wall=19:55:47 elapsed=852.032s phase=train event=interaction_progress trial=14 partition=0 processed=9900 total=14000 metric=ce epoch=1/1
[pipeline-trace] wall=19:55:47 elapsed=852.271s phase=train event=interaction_progress trial=13 partition=0 processed=11800 total=14000 metric=ce epoch=1/1
[pipeline-trace] wall=19:55:48 elapsed=853.266s phase=train event=interaction_progress trial=14 partition=0 processed=10000 total=14000 metric=ce epoch=1/1
[pipeline-trace] wall=19:55:48 elapsed=853.430s phase=train event=interaction_progress trial=13 partition=0 processed=11900 total=14000 metric=ce epoch=1/1
[pipeline-trace] wall=19:55:49 elapsed=854.458s phase=train event=interaction_progress trial=14 partition=0 processed=10100 total=14000 metric=ce epoch=1/1
[pipeline-trace] wall=19:55:49 elapsed=854.654s phase=train event=interaction_progress trial=13 partition=0 processed=12000 total=14000 metric=ce epoch=1/1
[pipeline-trace] wall=19:55:50 elapsed=855.753s phase=train event=interaction_progress trial=14 partition=0 processed=10200 total=14000 metric=ce epoch=1/1
[pipeline-trace] wall=19:55:51 elapsed=855.846s phase=train event=interaction_progress trial=13 partition=0 processed=12100 total=14000 metric=ce epoch=1/1
[pipeline-trace] wall=19:55:51 elapsed=856.977s phase=train event=interaction_progress trial=14 partition=0 processed=10300 total=14000 metric=ce epoch=1/1
[pipeline-trace] wall=19:55:52 elapsed=857.056s phase=train event=interaction_progress trial=13 partition=0 processed=12200 total=14000 metric=ce epoch=1/1
[pipeline-trace] wall=19:55:53 elapsed=858.228s phase=train event=interaction_progress trial=14 partition=0 processed=10400 total=14000 metric=ce epoch=1/1
[pipeline-trace] wall=19:55:53 elapsed=858.248s phase=train event=interaction_progress trial=13 partition=0 processed=12300 total=14000 metric=ce epoch=1/1
[pipeline-trace] wall=19:55:54 elapsed=859.451s phase=train event=interaction_progress trial=14 partition=0 processed=10500 total=14000 metric=ce epoch=1/1
[pipeline-trace] wall=19:55:54 elapsed=859.454s phase=train event=interaction_progress trial=13 partition=0 processed=12400 total=14000 metric=ce epoch=1/1
[pipeline-trace] wall=19:55:55 elapsed=860.656s phase=train event=interaction_progress trial=14 partition=0 processed=10600 total=14000 metric=ce epoch=1/1
[pipeline-trace] wall=19:55:56 elapsed=860.666s phase=train event=interaction_progress trial=13 partition=0 processed=12500 total=14000 metric=ce epoch=1/1
[pipeline-trace] wall=19:55:56 elapsed=861.932s phase=train event=interaction_progress trial=14 partition=0 processed=10700 total=14000 metric=ce epoch=1/1
[pipeline-trace] wall=19:55:57 elapsed=861.819s phase=train event=interaction_progress trial=13 partition=0 processed=12600 total=14000 metric=ce epoch=1/1
[pipeline-trace] wall=19:55:58 elapsed=863.175s phase=train event=interaction_progress trial=14 partition=0 processed=10800 total=14000 metric=ce epoch=1/1
[pipeline-trace] wall=19:55:58 elapsed=863.113s phase=train event=interaction_progress trial=13 partition=0 processed=12700 total=14000 metric=ce epoch=1/1
[pipeline-trace] wall=19:55:59 elapsed=864.453s phase=train event=interaction_progress trial=14 partition=0 processed=10900 total=14000 metric=ce epoch=1/1
[pipeline-trace] wall=19:55:59 elapsed=864.279s phase=train event=interaction_progress trial=13 partition=0 processed=12800 total=14000 metric=ce epoch=1/1
[pipeline-trace] wall=19:56:00 elapsed=865.645s phase=train event=interaction_progress trial=14 partition=0 processed=11000 total=14000 metric=ce epoch=1/1
[pipeline-trace] wall=19:56:00 elapsed=865.488s phase=train event=interaction_progress trial=13 partition=0 processed=12900 total=14000 metric=ce epoch=1/1
[pipeline-trace] wall=19:56:01 elapsed=866.941s phase=train event=interaction_progress trial=14 partition=0 processed=11100 total=14000 metric=ce epoch=1/1
[pipeline-trace] wall=19:56:01 elapsed=866.650s phase=train event=interaction_progress trial=13 partition=0 processed=13000 total=14000 metric=ce epoch=1/1
[pipeline-trace] wall=19:56:03 elapsed=868.154s phase=train event=interaction_progress trial=14 partition=0 processed=11200 total=14000 metric=ce epoch=1/1
[pipeline-trace] wall=19:56:03 elapsed=867.843s phase=train event=interaction_progress trial=13 partition=0 processed=13100 total=14000 metric=ce epoch=1/1
[pipeline-trace] wall=19:56:04 elapsed=869.063s phase=train event=interaction_progress trial=13 partition=0 processed=13200 total=14000 metric=ce epoch=1/1
[pipeline-trace] wall=19:56:04 elapsed=869.423s phase=train event=interaction_progress trial=14 partition=0 processed=11300 total=14000 metric=ce epoch=1/1
[pipeline-trace] wall=19:56:05 elapsed=870.221s phase=train event=interaction_progress trial=13 partition=0 processed=13300 total=14000 metric=ce epoch=1/1
[pipeline-trace] wall=19:56:05 elapsed=870.671s phase=train event=interaction_progress trial=14 partition=0 processed=11400 total=14000 metric=ce epoch=1/1
[pipeline-trace] wall=19:56:06 elapsed=871.464s phase=train event=interaction_progress trial=13 partition=0 processed=13400 total=14000 metric=ce epoch=1/1
[pipeline-trace] wall=19:56:06 elapsed=871.936s phase=train event=interaction_progress trial=14 partition=0 processed=11500 total=14000 metric=ce epoch=1/1
[pipeline-trace] wall=19:56:07 elapsed=872.653s phase=train event=interaction_progress trial=13 partition=0 processed=13500 total=14000 metric=ce epoch=1/1
[pipeline-trace] wall=19:56:08 elapsed=873.189s phase=train event=interaction_progress trial=14 partition=0 processed=11600 total=14000 metric=ce epoch=1/1
[pipeline-trace] wall=19:56:09 elapsed=873.856s phase=train event=interaction_progress trial=13 partition=0 processed=13600 total=14000 metric=ce epoch=1/1
[pipeline-trace] wall=19:56:09 elapsed=874.401s phase=train event=interaction_progress trial=14 partition=0 processed=11700 total=14000 metric=ce epoch=1/1
[pipeline-trace] wall=19:56:10 elapsed=875.040s phase=train event=interaction_progress trial=13 partition=0 processed=13700 total=14000 metric=ce epoch=1/1
[pipeline-trace] wall=19:56:10 elapsed=875.666s phase=train event=interaction_progress trial=14 partition=0 processed=11800 total=14000 metric=ce epoch=1/1
[pipeline-trace] wall=19:56:11 elapsed=876.222s phase=train event=interaction_progress trial=13 partition=0 processed=13800 total=14000 metric=ce epoch=1/1
[pipeline-trace] wall=19:56:11 elapsed=876.861s phase=train event=interaction_progress trial=14 partition=0 processed=11900 total=14000 metric=ce epoch=1/1
[pipeline-trace] wall=19:56:12 elapsed=877.467s phase=train event=interaction_progress trial=13 partition=0 processed=13900 total=14000 metric=ce epoch=1/1
[pipeline-trace] wall=19:56:13 elapsed=878.107s phase=train event=interaction_progress trial=14 partition=0 processed=12000 total=14000 metric=ce epoch=1/1
[pipeline-trace] wall=19:56:13 elapsed=878.629s phase=train event=interaction_progress trial=13 partition=0 processed=14000 total=14000 metric=ce epoch=1/1
[pipeline-trace] wall=19:56:14 elapsed=878.843s phase=eval event=batch_start trial=13 partitions=[1] synthetic=False
[pipeline-trace] wall=19:56:14 elapsed=878.843s phase=eval event=partition_start trial=13 partition=1 interactions=1999
[pipeline-trace] wall=19:56:14 elapsed=878.843s phase=eval event=interaction_progress trial=13 partition=1 processed=1 total=1999 metric=ranking
[pipeline-trace] wall=19:56:14 elapsed=879.332s phase=train event=interaction_progress trial=14 partition=0 processed=12100 total=14000 metric=ce epoch=1/1
[pipeline-trace] wall=19:56:15 elapsed=880.083s phase=eval event=interaction_progress trial=13 partition=1 processed=100 total=1999 metric=ranking
[pipeline-trace] wall=19:56:15 elapsed=880.868s phase=train event=interaction_progress trial=14 partition=0 processed=12200 total=14000 metric=ce epoch=1/1
[pipeline-trace] wall=19:56:18 elapsed=883.060s phase=eval event=interaction_progress trial=13 partition=1 processed=200 total=1999 metric=ranking
[pipeline-trace] wall=19:56:18 elapsed=883.440s phase=train event=interaction_progress trial=14 partition=0 processed=12300 total=14000 metric=ce epoch=1/1
[pipeline-trace] wall=19:56:19 elapsed=884.285s phase=eval event=interaction_progress trial=13 partition=1 processed=300 total=1999 metric=ranking
[pipeline-trace] wall=19:56:19 elapsed=884.851s phase=train event=interaction_progress trial=14 partition=0 processed=12400 total=14000 metric=ce epoch=1/1
[pipeline-trace] wall=19:56:21 elapsed=885.688s phase=eval event=interaction_progress trial=13 partition=1 processed=400 total=1999 metric=ranking
[pipeline-trace] wall=19:56:22 elapsed=887.486s phase=eval event=interaction_progress trial=13 partition=1 processed=500 total=1999 metric=ranking
[pipeline-trace] wall=19:56:22 elapsed=887.930s phase=train event=interaction_progress trial=14 partition=0 processed=12500 total=14000 metric=ce epoch=1/1
[pipeline-trace] wall=19:56:24 elapsed=888.689s phase=eval event=interaction_progress trial=13 partition=1 processed=600 total=1999 metric=ranking
[pipeline-trace] wall=19:56:24 elapsed=889.123s phase=train event=interaction_progress trial=14 partition=0 processed=12600 total=14000 metric=ce epoch=1/1
[pipeline-trace] wall=19:56:25 elapsed=889.931s phase=eval event=interaction_progress trial=13 partition=1 processed=700 total=1999 metric=ranking
[pipeline-trace] wall=19:56:25 elapsed=890.413s phase=train event=interaction_progress trial=14 partition=0 processed=12700 total=14000 metric=ce epoch=1/1
[pipeline-trace] wall=19:56:26 elapsed=891.088s phase=eval event=interaction_progress trial=13 partition=1 processed=800 total=1999 metric=ranking
[pipeline-trace] wall=19:56:26 elapsed=891.690s phase=train event=interaction_progress trial=14 partition=0 processed=12800 total=14000 metric=ce epoch=1/1
[pipeline-trace] wall=19:56:27 elapsed=892.332s phase=eval event=interaction_progress trial=13 partition=1 processed=900 total=1999 metric=ranking
[pipeline-trace] wall=19:56:27 elapsed=892.930s phase=train event=interaction_progress trial=14 partition=0 processed=12900 total=14000 metric=ce epoch=1/1
[pipeline-trace] wall=19:56:28 elapsed=893.560s phase=eval event=interaction_progress trial=13 partition=1 processed=1000 total=1999 metric=ranking
[pipeline-trace] wall=19:56:29 elapsed=894.167s phase=train event=interaction_progress trial=14 partition=0 processed=13000 total=14000 metric=ce epoch=1/1
[pipeline-trace] wall=19:56:30 elapsed=894.814s phase=eval event=interaction_progress trial=13 partition=1 processed=1100 total=1999 metric=ranking
[pipeline-trace] wall=19:56:30 elapsed=895.390s phase=train event=interaction_progress trial=14 partition=0 processed=13100 total=14000 metric=ce epoch=1/1
[pipeline-trace] wall=19:56:31 elapsed=896.061s phase=eval event=interaction_progress trial=13 partition=1 processed=1200 total=1999 metric=ranking
[pipeline-trace] wall=19:56:31 elapsed=896.661s phase=train event=interaction_progress trial=14 partition=0 processed=13200 total=14000 metric=ce epoch=1/1
[pipeline-trace] wall=19:56:32 elapsed=897.326s phase=eval event=interaction_progress trial=13 partition=1 processed=1300 total=1999 metric=ranking
[pipeline-trace] wall=19:56:32 elapsed=897.857s phase=train event=interaction_progress trial=14 partition=0 processed=13300 total=14000 metric=ce epoch=1/1
[pipeline-trace] wall=19:56:33 elapsed=898.572s phase=eval event=interaction_progress trial=13 partition=1 processed=1400 total=1999 metric=ranking
[pipeline-trace] wall=19:56:34 elapsed=899.131s phase=train event=interaction_progress trial=14 partition=0 processed=13400 total=14000 metric=ce epoch=1/1
[pipeline-trace] wall=19:56:35 elapsed=899.816s phase=eval event=interaction_progress trial=13 partition=1 processed=1500 total=1999 metric=ranking
[pipeline-trace] wall=19:56:35 elapsed=900.353s phase=train event=interaction_progress trial=14 partition=0 processed=13500 total=14000 metric=ce epoch=1/1
[pipeline-trace] wall=19:56:36 elapsed=901.059s phase=eval event=interaction_progress trial=13 partition=1 processed=1600 total=1999 metric=ranking
[pipeline-trace] wall=19:56:36 elapsed=901.614s phase=train event=interaction_progress trial=14 partition=0 processed=13600 total=14000 metric=ce epoch=1/1
[pipeline-trace] wall=19:56:37 elapsed=902.312s phase=eval event=interaction_progress trial=13 partition=1 processed=1700 total=1999 metric=ranking
[pipeline-trace] wall=19:56:37 elapsed=902.888s phase=train event=interaction_progress trial=14 partition=0 processed=13700 total=14000 metric=ce epoch=1/1
[pipeline-trace] wall=19:56:38 elapsed=903.588s phase=eval event=interaction_progress trial=13 partition=1 processed=1800 total=1999 metric=ranking
[pipeline-trace] wall=19:56:39 elapsed=904.136s phase=train event=interaction_progress trial=14 partition=0 processed=13800 total=14000 metric=ce epoch=1/1
[pipeline-trace] wall=19:56:40 elapsed=904.849s phase=eval event=interaction_progress trial=13 partition=1 processed=1900 total=1999 metric=ranking
[pipeline-trace] wall=19:56:40 elapsed=905.380s phase=train event=interaction_progress trial=14 partition=0 processed=13900 total=14000 metric=ce epoch=1/1
[pipeline-trace] wall=19:56:41 elapsed=906.072s phase=eval event=interaction_progress trial=13 partition=1 processed=1999 total=1999 metric=ranking
[pipeline-trace] wall=19:56:41 elapsed=906.082s phase=eval event=partition_complete trial=13 partition=1 elapsed_sec=27.239 hits=1395 total=1999
[pipeline-trace] wall=19:56:41 elapsed=906.261s phase=train event=interaction_progress trial=15 partition=0 processed=1 total=14000 metric=ce epoch=1/1
[pipeline-trace] wall=19:56:41 elapsed=906.621s phase=train event=interaction_progress trial=14 partition=0 processed=14000 total=14000 metric=ce epoch=1/1
[pipeline-trace] wall=19:56:41 elapsed=906.868s phase=eval event=batch_start trial=14 partitions=[1] synthetic=False
[pipeline-trace] wall=19:56:41 elapsed=906.869s phase=eval event=partition_start trial=14 partition=1 interactions=1999
[pipeline-trace] wall=19:56:41 elapsed=906.869s phase=eval event=interaction_progress trial=14 partition=1 processed=1 total=1999 metric=ranking
[pipeline-trace] wall=19:56:42 elapsed=907.512s phase=train event=interaction_progress trial=15 partition=0 processed=100 total=14000 metric=ce epoch=1/1
[pipeline-trace] wall=19:56:43 elapsed=908.183s phase=eval event=interaction_progress trial=14 partition=1 processed=100 total=1999 metric=ranking
[pipeline-trace] wall=19:56:44 elapsed=908.693s phase=train event=interaction_progress trial=15 partition=0 processed=200 total=14000 metric=ce epoch=1/1
[pipeline-trace] wall=19:56:44 elapsed=909.560s phase=eval event=interaction_progress trial=14 partition=1 processed=200 total=1999 metric=ranking
[pipeline-trace] wall=19:56:45 elapsed=909.967s phase=train event=interaction_progress trial=15 partition=0 processed=300 total=14000 metric=ce epoch=1/1
[pipeline-trace] wall=19:56:45 elapsed=910.867s phase=eval event=interaction_progress trial=14 partition=1 processed=300 total=1999 metric=ranking
[pipeline-trace] wall=19:56:46 elapsed=911.160s phase=train event=interaction_progress trial=15 partition=0 processed=400 total=14000 metric=ce epoch=1/1
[pipeline-trace] wall=19:56:47 elapsed=912.214s phase=eval event=interaction_progress trial=14 partition=1 processed=400 total=1999 metric=ranking
[pipeline-trace] wall=19:56:47 elapsed=912.396s phase=train event=interaction_progress trial=15 partition=0 processed=500 total=14000 metric=ce epoch=1/1
[pipeline-trace] wall=19:56:48 elapsed=913.523s phase=eval event=interaction_progress trial=14 partition=1 processed=500 total=1999 metric=ranking
[pipeline-trace] wall=19:56:48 elapsed=913.635s phase=train event=interaction_progress trial=15 partition=0 processed=600 total=14000 metric=ce epoch=1/1
[pipeline-trace] wall=19:56:49 elapsed=914.815s phase=eval event=interaction_progress trial=14 partition=1 processed=600 total=1999 metric=ranking
[pipeline-trace] wall=19:56:50 elapsed=914.871s phase=train event=interaction_progress trial=15 partition=0 processed=700 total=14000 metric=ce epoch=1/1
[pipeline-trace] wall=19:56:51 elapsed=916.076s phase=eval event=interaction_progress trial=14 partition=1 processed=700 total=1999 metric=ranking
[pipeline-trace] wall=19:56:51 elapsed=916.079s phase=train event=interaction_progress trial=15 partition=0 processed=800 total=14000 metric=ce epoch=1/1
[pipeline-trace] wall=19:56:52 elapsed=917.380s phase=eval event=interaction_progress trial=14 partition=1 processed=800 total=1999 metric=ranking
[pipeline-trace] wall=19:56:52 elapsed=917.303s phase=train event=interaction_progress trial=15 partition=0 processed=900 total=14000 metric=ce epoch=1/1
[pipeline-trace] wall=19:56:53 elapsed=918.775s phase=eval event=interaction_progress trial=14 partition=1 processed=900 total=1999 metric=ranking
[pipeline-trace] wall=19:56:53 elapsed=918.653s phase=train event=interaction_progress trial=15 partition=0 processed=1000 total=14000 metric=ce epoch=1/1
[pipeline-trace] wall=19:56:55 elapsed=920.045s phase=eval event=interaction_progress trial=14 partition=1 processed=1000 total=1999 metric=ranking
[pipeline-trace] wall=19:56:55 elapsed=919.883s phase=train event=interaction_progress trial=15 partition=0 processed=1100 total=14000 metric=ce epoch=1/1
[pipeline-trace] wall=19:56:56 elapsed=921.394s phase=eval event=interaction_progress trial=14 partition=1 processed=1100 total=1999 metric=ranking
[pipeline-trace] wall=19:56:56 elapsed=921.103s phase=train event=interaction_progress trial=15 partition=0 processed=1200 total=14000 metric=ce epoch=1/1
[pipeline-trace] wall=19:56:57 elapsed=922.613s phase=eval event=interaction_progress trial=14 partition=1 processed=1200 total=1999 metric=ranking
[pipeline-trace] wall=19:56:57 elapsed=922.375s phase=train event=interaction_progress trial=15 partition=0 processed=1300 total=14000 metric=ce epoch=1/1
[pipeline-trace] wall=19:56:58 elapsed=923.886s phase=eval event=interaction_progress trial=14 partition=1 processed=1300 total=1999 metric=ranking
[pipeline-trace] wall=19:56:58 elapsed=923.632s phase=train event=interaction_progress trial=15 partition=0 processed=1400 total=14000 metric=ce epoch=1/1
[pipeline-trace] wall=19:57:00 elapsed=925.108s phase=eval event=interaction_progress trial=14 partition=1 processed=1400 total=1999 metric=ranking
[pipeline-trace] wall=19:57:00 elapsed=924.836s phase=train event=interaction_progress trial=15 partition=0 processed=1500 total=14000 metric=ce epoch=1/1
[pipeline-trace] wall=19:57:01 elapsed=926.317s phase=eval event=interaction_progress trial=14 partition=1 processed=1500 total=1999 metric=ranking
[pipeline-trace] wall=19:57:01 elapsed=926.084s phase=train event=interaction_progress trial=15 partition=0 processed=1600 total=14000 metric=ce epoch=1/1
[pipeline-trace] wall=19:57:02 elapsed=927.263s phase=train event=interaction_progress trial=15 partition=0 processed=1700 total=14000 metric=ce epoch=1/1
[pipeline-trace] wall=19:57:02 elapsed=927.651s phase=eval event=interaction_progress trial=14 partition=1 processed=1600 total=1999 metric=ranking
[pipeline-trace] wall=19:57:03 elapsed=928.515s phase=train event=interaction_progress trial=15 partition=0 processed=1800 total=14000 metric=ce epoch=1/1
[pipeline-trace] wall=19:57:03 elapsed=928.949s phase=eval event=interaction_progress trial=14 partition=1 processed=1700 total=1999 metric=ranking
[pipeline-trace] wall=19:57:05 elapsed=929.710s phase=train event=interaction_progress trial=15 partition=0 processed=1900 total=14000 metric=ce epoch=1/1
[pipeline-trace] wall=19:57:05 elapsed=930.323s phase=eval event=interaction_progress trial=14 partition=1 processed=1800 total=1999 metric=ranking
[pipeline-trace] wall=19:57:06 elapsed=930.960s phase=train event=interaction_progress trial=15 partition=0 processed=2000 total=14000 metric=ce epoch=1/1
[pipeline-trace] wall=19:57:06 elapsed=931.631s phase=eval event=interaction_progress trial=14 partition=1 processed=1900 total=1999 metric=ranking
[pipeline-trace] wall=19:57:07 elapsed=932.176s phase=train event=interaction_progress trial=15 partition=0 processed=2100 total=14000 metric=ce epoch=1/1
[pipeline-trace] wall=19:57:07 elapsed=932.919s phase=eval event=interaction_progress trial=14 partition=1 processed=1999 total=1999 metric=ranking
[pipeline-trace] wall=19:57:07 elapsed=932.930s phase=eval event=partition_complete trial=14 partition=1 elapsed_sec=26.061 hits=1819 total=1999
[pipeline-trace] wall=19:57:08 elapsed=933.376s phase=train event=interaction_progress trial=16 partition=0 processed=1 total=14000 metric=ce epoch=1/1
[pipeline-trace] wall=19:57:08 elapsed=933.588s phase=train event=interaction_progress trial=15 partition=0 processed=2200 total=14000 metric=ce epoch=1/1
[pipeline-trace] wall=19:57:09 elapsed=934.774s phase=train event=interaction_progress trial=16 partition=0 processed=100 total=14000 metric=ce epoch=1/1
[pipeline-trace] wall=19:57:10 elapsed=934.859s phase=train event=interaction_progress trial=15 partition=0 processed=2300 total=14000 metric=ce epoch=1/1
[pipeline-trace] wall=19:57:11 elapsed=936.062s phase=train event=interaction_progress trial=16 partition=0 processed=200 total=14000 metric=ce epoch=1/1
[pipeline-trace] wall=19:57:11 elapsed=936.210s phase=train event=interaction_progress trial=15 partition=0 processed=2400 total=14000 metric=ce epoch=1/1
[pipeline-trace] wall=19:57:12 elapsed=937.421s phase=train event=interaction_progress trial=16 partition=0 processed=300 total=14000 metric=ce epoch=1/1
[pipeline-trace] wall=19:57:12 elapsed=937.491s phase=train event=interaction_progress trial=15 partition=0 processed=2500 total=14000 metric=ce epoch=1/1
[pipeline-trace] wall=19:57:13 elapsed=938.709s phase=train event=interaction_progress trial=16 partition=0 processed=400 total=14000 metric=ce epoch=1/1
[pipeline-trace] wall=19:57:14 elapsed=938.828s phase=train event=interaction_progress trial=15 partition=0 processed=2600 total=14000 metric=ce epoch=1/1
[pipeline-trace] wall=19:57:15 elapsed=940.063s phase=train event=interaction_progress trial=16 partition=0 processed=500 total=14000 metric=ce epoch=1/1
[pipeline-trace] wall=19:57:15 elapsed=940.052s phase=train event=interaction_progress trial=15 partition=0 processed=2700 total=14000 metric=ce epoch=1/1
[pipeline-trace] wall=19:57:16 elapsed=941.288s phase=train event=interaction_progress trial=16 partition=0 processed=600 total=14000 metric=ce epoch=1/1
[pipeline-trace] wall=19:57:16 elapsed=941.311s phase=train event=interaction_progress trial=15 partition=0 processed=2800 total=14000 metric=ce epoch=1/1
[pipeline-trace] wall=19:57:17 elapsed=942.219s phase=train event=interaction_progress trial=16 partition=0 processed=700 total=14000 metric=ce epoch=1/1
[pipeline-trace] wall=19:57:17 elapsed=942.546s phase=train event=interaction_progress trial=16 partition=0 processed=800 total=14000 metric=ce epoch=1/1
[pipeline-trace] wall=19:57:17 elapsed=942.485s phase=train event=interaction_progress trial=15 partition=0 processed=2900 total=14000 metric=ce epoch=1/1
[pipeline-trace] wall=19:57:17 elapsed=942.856s phase=train event=interaction_progress trial=16 partition=0 processed=900 total=14000 metric=ce epoch=1/1
[pipeline-trace] wall=19:57:18 elapsed=943.210s phase=train event=interaction_progress trial=16 partition=0 processed=1000 total=14000 metric=ce epoch=1/1
[pipeline-trace] wall=19:57:19 elapsed=943.670s phase=train event=interaction_progress trial=15 partition=0 processed=3000 total=14000 metric=ce epoch=1/1
[pipeline-trace] wall=19:57:19 elapsed=944.151s phase=train event=interaction_progress trial=16 partition=0 processed=1100 total=14000 metric=ce epoch=1/1
[pipeline-trace] wall=19:57:19 elapsed=944.445s phase=train event=interaction_progress trial=16 partition=0 processed=1200 total=14000 metric=ce epoch=1/1
[pipeline-trace] wall=19:57:19 elapsed=944.318s phase=train event=interaction_progress trial=15 partition=0 processed=3100 total=14000 metric=ce epoch=1/1
[pipeline-trace] wall=19:57:19 elapsed=944.736s phase=train event=interaction_progress trial=16 partition=0 processed=1300 total=14000 metric=ce epoch=1/1
[pipeline-trace] wall=19:57:19 elapsed=944.616s phase=train event=interaction_progress trial=15 partition=0 processed=3200 total=14000 metric=ce epoch=1/1
[pipeline-trace] wall=19:57:20 elapsed=945.050s phase=train event=interaction_progress trial=16 partition=0 processed=1400 total=14000 metric=ce epoch=1/1
[pipeline-trace] wall=19:57:20 elapsed=944.950s phase=train event=interaction_progress trial=15 partition=0 processed=3300 total=14000 metric=ce epoch=1/1
[pipeline-trace] wall=19:57:20 elapsed=945.422s phase=train event=interaction_progress trial=16 partition=0 processed=1500 total=14000 metric=ce epoch=1/1
[pipeline-trace] wall=19:57:20 elapsed=945.651s phase=train event=interaction_progress trial=15 partition=0 processed=3400 total=14000 metric=ce epoch=1/1
[pipeline-trace] wall=19:57:21 elapsed=946.034s phase=train event=interaction_progress trial=16 partition=0 processed=1600 total=14000 metric=ce epoch=1/1
[pipeline-trace] wall=19:57:21 elapsed=946.169s phase=train event=interaction_progress trial=15 partition=0 processed=3500 total=14000 metric=ce epoch=1/1
[pipeline-trace] wall=19:57:21 elapsed=946.566s phase=train event=interaction_progress trial=15 partition=0 processed=3600 total=14000 metric=ce epoch=1/1
[pipeline-trace] wall=19:57:22 elapsed=947.205s phase=train event=interaction_progress trial=16 partition=0 processed=1700 total=14000 metric=ce epoch=1/1
[pipeline-trace] wall=19:57:22 elapsed=946.935s phase=train event=interaction_progress trial=15 partition=0 processed=3700 total=14000 metric=ce epoch=1/1
[pipeline-trace] wall=19:57:22 elapsed=947.464s phase=train event=interaction_progress trial=15 partition=0 processed=3800 total=14000 metric=ce epoch=1/1
[pipeline-trace] wall=19:57:23 elapsed=948.504s phase=train event=interaction_progress trial=16 partition=0 processed=1800 total=14000 metric=ce epoch=1/1
[pipeline-trace] wall=19:57:23 elapsed=948.656s phase=train event=interaction_progress trial=15 partition=0 processed=3900 total=14000 metric=ce epoch=1/1
[pipeline-trace] wall=19:57:24 elapsed=949.719s phase=train event=interaction_progress trial=16 partition=0 processed=1900 total=14000 metric=ce epoch=1/1
[pipeline-trace] wall=19:57:25 elapsed=949.880s phase=train event=interaction_progress trial=15 partition=0 processed=4000 total=14000 metric=ce epoch=1/1
[pipeline-trace] wall=19:57:25 elapsed=950.940s phase=train event=interaction_progress trial=16 partition=0 processed=2000 total=14000 metric=ce epoch=1/1
[pipeline-trace] wall=19:57:26 elapsed=951.092s phase=train event=interaction_progress trial=15 partition=0 processed=4100 total=14000 metric=ce epoch=1/1
[pipeline-trace] wall=19:57:27 elapsed=952.181s phase=train event=interaction_progress trial=16 partition=0 processed=2100 total=14000 metric=ce epoch=1/1
[pipeline-trace] wall=19:57:27 elapsed=952.314s phase=train event=interaction_progress trial=15 partition=0 processed=4200 total=14000 metric=ce epoch=1/1
[pipeline-trace] wall=19:57:28 elapsed=953.406s phase=train event=interaction_progress trial=16 partition=0 processed=2200 total=14000 metric=ce epoch=1/1
[pipeline-trace] wall=19:57:28 elapsed=953.517s phase=train event=interaction_progress trial=15 partition=0 processed=4300 total=14000 metric=ce epoch=1/1
[pipeline-trace] wall=19:57:29 elapsed=954.678s phase=train event=interaction_progress trial=16 partition=0 processed=2300 total=14000 metric=ce epoch=1/1
[pipeline-trace] wall=19:57:30 elapsed=954.708s phase=train event=interaction_progress trial=15 partition=0 processed=4400 total=14000 metric=ce epoch=1/1
[pipeline-trace] wall=19:57:30 elapsed=955.869s phase=train event=interaction_progress trial=16 partition=0 processed=2400 total=14000 metric=ce epoch=1/1
[pipeline-trace] wall=19:57:31 elapsed=955.957s phase=train event=interaction_progress trial=15 partition=0 processed=4500 total=14000 metric=ce epoch=1/1
[pipeline-trace] wall=19:57:32 elapsed=957.117s phase=train event=interaction_progress trial=16 partition=0 processed=2500 total=14000 metric=ce epoch=1/1
[pipeline-trace] wall=19:57:32 elapsed=957.133s phase=train event=interaction_progress trial=15 partition=0 processed=4600 total=14000 metric=ce epoch=1/1
[pipeline-trace] wall=19:57:33 elapsed=958.345s phase=train event=interaction_progress trial=16 partition=0 processed=2600 total=14000 metric=ce epoch=1/1
[pipeline-trace] wall=19:57:33 elapsed=958.402s phase=train event=interaction_progress trial=15 partition=0 processed=4700 total=14000 metric=ce epoch=1/1
[pipeline-trace] wall=19:57:34 elapsed=959.559s phase=train event=interaction_progress trial=16 partition=0 processed=2700 total=14000 metric=ce epoch=1/1
[pipeline-trace] wall=19:57:34 elapsed=959.585s phase=train event=interaction_progress trial=15 partition=0 processed=4800 total=14000 metric=ce epoch=1/1
[pipeline-trace] wall=19:57:35 elapsed=960.797s phase=train event=interaction_progress trial=16 partition=0 processed=2800 total=14000 metric=ce epoch=1/1
[pipeline-trace] wall=19:57:36 elapsed=960.815s phase=train event=interaction_progress trial=15 partition=0 processed=4900 total=14000 metric=ce epoch=1/1
[pipeline-trace] wall=19:57:36 elapsed=961.974s phase=train event=interaction_progress trial=16 partition=0 processed=2900 total=14000 metric=ce epoch=1/1
[pipeline-trace] wall=19:57:37 elapsed=962.003s phase=train event=interaction_progress trial=15 partition=0 processed=5000 total=14000 metric=ce epoch=1/1
[pipeline-trace] wall=19:57:38 elapsed=963.231s phase=train event=interaction_progress trial=16 partition=0 processed=3000 total=14000 metric=ce epoch=1/1
[pipeline-trace] wall=19:57:38 elapsed=963.213s phase=train event=interaction_progress trial=15 partition=0 processed=5100 total=14000 metric=ce epoch=1/1
[pipeline-trace] wall=19:57:39 elapsed=964.439s phase=train event=interaction_progress trial=16 partition=0 processed=3100 total=14000 metric=ce epoch=1/1
[pipeline-trace] wall=19:57:39 elapsed=964.449s phase=train event=interaction_progress trial=15 partition=0 processed=5200 total=14000 metric=ce epoch=1/1
[pipeline-trace] wall=19:57:40 elapsed=965.663s phase=train event=interaction_progress trial=16 partition=0 processed=3200 total=14000 metric=ce epoch=1/1
[pipeline-trace] wall=19:57:40 elapsed=965.650s phase=train event=interaction_progress trial=15 partition=0 processed=5300 total=14000 metric=ce epoch=1/1
[pipeline-trace] wall=19:57:41 elapsed=966.888s phase=train event=interaction_progress trial=16 partition=0 processed=3300 total=14000 metric=ce epoch=1/1
[pipeline-trace] wall=19:57:42 elapsed=966.929s phase=train event=interaction_progress trial=15 partition=0 processed=5400 total=14000 metric=ce epoch=1/1
[pipeline-trace] wall=19:57:43 elapsed=968.065s phase=train event=interaction_progress trial=16 partition=0 processed=3400 total=14000 metric=ce epoch=1/1
[pipeline-trace] wall=19:57:43 elapsed=968.109s phase=train event=interaction_progress trial=15 partition=0 processed=5500 total=14000 metric=ce epoch=1/1
[pipeline-trace] wall=19:57:44 elapsed=969.358s phase=train event=interaction_progress trial=16 partition=0 processed=3500 total=14000 metric=ce epoch=1/1
[pipeline-trace] wall=19:57:44 elapsed=969.355s phase=train event=interaction_progress trial=15 partition=0 processed=5600 total=14000 metric=ce epoch=1/1
[pipeline-trace] wall=19:57:45 elapsed=970.570s phase=train event=interaction_progress trial=16 partition=0 processed=3600 total=14000 metric=ce epoch=1/1
[pipeline-trace] wall=19:57:45 elapsed=970.552s phase=train event=interaction_progress trial=15 partition=0 processed=5700 total=14000 metric=ce epoch=1/1
[pipeline-trace] wall=19:57:46 elapsed=971.821s phase=train event=interaction_progress trial=16 partition=0 processed=3700 total=14000 metric=ce epoch=1/1
[pipeline-trace] wall=19:57:47 elapsed=971.774s phase=train event=interaction_progress trial=15 partition=0 processed=5800 total=14000 metric=ce epoch=1/1
[pipeline-trace] wall=19:57:48 elapsed=973.043s phase=train event=interaction_progress trial=16 partition=0 processed=3800 total=14000 metric=ce epoch=1/1
[pipeline-trace] wall=19:57:48 elapsed=973.014s phase=train event=interaction_progress trial=15 partition=0 processed=5900 total=14000 metric=ce epoch=1/1
[pipeline-trace] wall=19:57:49 elapsed=974.270s phase=train event=interaction_progress trial=16 partition=0 processed=3900 total=14000 metric=ce epoch=1/1
[pipeline-trace] wall=19:57:49 elapsed=974.241s phase=train event=interaction_progress trial=15 partition=0 processed=6000 total=14000 metric=ce epoch=1/1
[pipeline-trace] wall=19:57:50 elapsed=975.576s phase=train event=interaction_progress trial=16 partition=0 processed=4000 total=14000 metric=ce epoch=1/1
[pipeline-trace] wall=19:57:50 elapsed=975.473s phase=train event=interaction_progress trial=15 partition=0 processed=6100 total=14000 metric=ce epoch=1/1
[pipeline-trace] wall=19:57:51 elapsed=976.790s phase=train event=interaction_progress trial=16 partition=0 processed=4100 total=14000 metric=ce epoch=1/1
[pipeline-trace] wall=19:57:52 elapsed=976.667s phase=train event=interaction_progress trial=15 partition=0 processed=6200 total=14000 metric=ce epoch=1/1
[pipeline-trace] wall=19:57:53 elapsed=978.039s phase=train event=interaction_progress trial=16 partition=0 processed=4200 total=14000 metric=ce epoch=1/1
[pipeline-trace] wall=19:57:53 elapsed=977.912s phase=train event=interaction_progress trial=15 partition=0 processed=6300 total=14000 metric=ce epoch=1/1
[pipeline-trace] wall=19:57:54 elapsed=979.264s phase=train event=interaction_progress trial=16 partition=0 processed=4300 total=14000 metric=ce epoch=1/1
[pipeline-trace] wall=19:57:54 elapsed=979.080s phase=train event=interaction_progress trial=15 partition=0 processed=6400 total=14000 metric=ce epoch=1/1
[pipeline-trace] wall=19:57:55 elapsed=980.487s phase=train event=interaction_progress trial=16 partition=0 processed=4400 total=14000 metric=ce epoch=1/1
[pipeline-trace] wall=19:57:55 elapsed=980.315s phase=train event=interaction_progress trial=15 partition=0 processed=6500 total=14000 metric=ce epoch=1/1
[pipeline-trace] wall=19:57:56 elapsed=981.730s phase=train event=interaction_progress trial=16 partition=0 processed=4500 total=14000 metric=ce epoch=1/1
[pipeline-trace] wall=19:57:56 elapsed=981.521s phase=train event=interaction_progress trial=15 partition=0 processed=6600 total=14000 metric=ce epoch=1/1
[pipeline-trace] wall=19:57:57 elapsed=982.957s phase=train event=interaction_progress trial=16 partition=0 processed=4600 total=14000 metric=ce epoch=1/1
[pipeline-trace] wall=19:57:59 elapsed=984.260s phase=train event=interaction_progress trial=16 partition=0 processed=4700 total=14000 metric=ce epoch=1/1
[pipeline-trace] wall=19:57:59 elapsed=984.274s phase=train event=interaction_progress trial=15 partition=0 processed=6700 total=14000 metric=ce epoch=1/1
[pipeline-trace] wall=19:58:05 elapsed=990.136s phase=train event=interaction_progress trial=16 partition=0 processed=4800 total=14000 metric=ce epoch=1/1
[pipeline-trace] wall=19:58:05 elapsed=990.285s phase=train event=interaction_progress trial=15 partition=0 processed=6800 total=14000 metric=ce epoch=1/1
[pipeline-trace] wall=19:58:06 elapsed=991.515s phase=train event=interaction_progress trial=16 partition=0 processed=4900 total=14000 metric=ce epoch=1/1
[pipeline-trace] wall=19:58:06 elapsed=991.553s phase=train event=interaction_progress trial=15 partition=0 processed=6900 total=14000 metric=ce epoch=1/1
[pipeline-trace] wall=19:58:07 elapsed=992.793s phase=train event=interaction_progress trial=16 partition=0 processed=5000 total=14000 metric=ce epoch=1/1
[pipeline-trace] wall=19:58:08 elapsed=992.877s phase=train event=interaction_progress trial=15 partition=0 processed=7000 total=14000 metric=ce epoch=1/1
[pipeline-trace] wall=19:58:09 elapsed=994.259s phase=train event=interaction_progress trial=16 partition=0 processed=5100 total=14000 metric=ce epoch=1/1
[pipeline-trace] wall=19:58:09 elapsed=994.065s phase=train event=interaction_progress trial=15 partition=0 processed=7100 total=14000 metric=ce epoch=1/1
[pipeline-trace] wall=19:58:10 elapsed=995.529s phase=train event=interaction_progress trial=16 partition=0 processed=5200 total=14000 metric=ce epoch=1/1
[pipeline-trace] wall=19:58:10 elapsed=995.439s phase=train event=interaction_progress trial=15 partition=0 processed=7200 total=14000 metric=ce epoch=1/1
[pipeline-trace] wall=19:58:11 elapsed=996.800s phase=train event=interaction_progress trial=16 partition=0 processed=5300 total=14000 metric=ce epoch=1/1
[pipeline-trace] wall=19:58:11 elapsed=996.602s phase=train event=interaction_progress trial=15 partition=0 processed=7300 total=14000 metric=ce epoch=1/1
[pipeline-trace] wall=19:58:12 elapsed=997.991s phase=train event=interaction_progress trial=16 partition=0 processed=5400 total=14000 metric=ce epoch=1/1
[pipeline-trace] wall=19:58:13 elapsed=997.855s phase=train event=interaction_progress trial=15 partition=0 processed=7400 total=14000 metric=ce epoch=1/1
[pipeline-trace] wall=19:58:14 elapsed=999.253s phase=train event=interaction_progress trial=16 partition=0 processed=5500 total=14000 metric=ce epoch=1/1
[pipeline-trace] wall=19:58:14 elapsed=999.028s phase=train event=interaction_progress trial=15 partition=0 processed=7500 total=14000 metric=ce epoch=1/1
[pipeline-trace] wall=19:58:15 elapsed=1000.507s phase=train event=interaction_progress trial=16 partition=0 processed=5600 total=14000 metric=ce epoch=1/1
[pipeline-trace] wall=19:58:15 elapsed=1000.260s phase=train event=interaction_progress trial=15 partition=0 processed=7600 total=14000 metric=ce epoch=1/1
[pipeline-trace] wall=19:58:16 elapsed=1001.759s phase=train event=interaction_progress trial=16 partition=0 processed=5700 total=14000 metric=ce epoch=1/1
[pipeline-trace] wall=19:58:16 elapsed=1001.460s phase=train event=interaction_progress trial=15 partition=0 processed=7700 total=14000 metric=ce epoch=1/1
[pipeline-trace] wall=19:58:17 elapsed=1002.658s phase=train event=interaction_progress trial=15 partition=0 processed=7800 total=14000 metric=ce epoch=1/1
[pipeline-trace] wall=19:58:18 elapsed=1003.022s phase=train event=interaction_progress trial=16 partition=0 processed=5800 total=14000 metric=ce epoch=1/1
[pipeline-trace] wall=19:58:19 elapsed=1003.882s phase=train event=interaction_progress trial=15 partition=0 processed=7900 total=14000 metric=ce epoch=1/1
[pipeline-trace] wall=19:58:19 elapsed=1004.266s phase=train event=interaction_progress trial=16 partition=0 processed=5900 total=14000 metric=ce epoch=1/1
[pipeline-trace] wall=19:58:20 elapsed=1005.062s phase=train event=interaction_progress trial=15 partition=0 processed=8000 total=14000 metric=ce epoch=1/1
[pipeline-trace] wall=19:58:20 elapsed=1005.563s phase=train event=interaction_progress trial=16 partition=0 processed=6000 total=14000 metric=ce epoch=1/1
[pipeline-trace] wall=19:58:21 elapsed=1006.339s phase=train event=interaction_progress trial=15 partition=0 processed=8100 total=14000 metric=ce epoch=1/1
[pipeline-trace] wall=19:58:21 elapsed=1006.790s phase=train event=interaction_progress trial=16 partition=0 processed=6100 total=14000 metric=ce epoch=1/1
[pipeline-trace] wall=19:58:22 elapsed=1007.522s phase=train event=interaction_progress trial=15 partition=0 processed=8200 total=14000 metric=ce epoch=1/1
[pipeline-trace] wall=19:58:23 elapsed=1008.088s phase=train event=interaction_progress trial=16 partition=0 processed=6200 total=14000 metric=ce epoch=1/1
[pipeline-trace] wall=19:58:24 elapsed=1008.754s phase=train event=interaction_progress trial=15 partition=0 processed=8300 total=14000 metric=ce epoch=1/1
[pipeline-trace] wall=19:58:24 elapsed=1009.278s phase=train event=interaction_progress trial=16 partition=0 processed=6300 total=14000 metric=ce epoch=1/1
[pipeline-trace] wall=19:58:25 elapsed=1009.955s phase=train event=interaction_progress trial=15 partition=0 processed=8400 total=14000 metric=ce epoch=1/1
[pipeline-trace] wall=19:58:25 elapsed=1010.530s phase=train event=interaction_progress trial=16 partition=0 processed=6400 total=14000 metric=ce epoch=1/1
[pipeline-trace] wall=19:58:26 elapsed=1011.165s phase=train event=interaction_progress trial=15 partition=0 processed=8500 total=14000 metric=ce epoch=1/1
[pipeline-trace] wall=19:58:26 elapsed=1011.731s phase=train event=interaction_progress trial=16 partition=0 processed=6500 total=14000 metric=ce epoch=1/1
[pipeline-trace] wall=19:58:27 elapsed=1012.364s phase=train event=interaction_progress trial=15 partition=0 processed=8600 total=14000 metric=ce epoch=1/1
[pipeline-trace] wall=19:58:27 elapsed=1012.997s phase=train event=interaction_progress trial=16 partition=0 processed=6600 total=14000 metric=ce epoch=1/1
[pipeline-trace] wall=19:58:28 elapsed=1013.561s phase=train event=interaction_progress trial=15 partition=0 processed=8700 total=14000 metric=ce epoch=1/1
[pipeline-trace] wall=19:58:29 elapsed=1014.292s phase=train event=interaction_progress trial=16 partition=0 processed=6700 total=14000 metric=ce epoch=1/1
[pipeline-trace] wall=19:58:30 elapsed=1014.815s phase=train event=interaction_progress trial=15 partition=0 processed=8800 total=14000 metric=ce epoch=1/1
[pipeline-trace] wall=19:58:30 elapsed=1015.581s phase=train event=interaction_progress trial=16 partition=0 processed=6800 total=14000 metric=ce epoch=1/1
[pipeline-trace] wall=19:58:31 elapsed=1015.990s phase=train event=interaction_progress trial=15 partition=0 processed=8900 total=14000 metric=ce epoch=1/1
[pipeline-trace] wall=19:58:31 elapsed=1016.857s phase=train event=interaction_progress trial=16 partition=0 processed=6900 total=14000 metric=ce epoch=1/1
[pipeline-trace] wall=19:58:32 elapsed=1017.239s phase=train event=interaction_progress trial=15 partition=0 processed=9000 total=14000 metric=ce epoch=1/1
[pipeline-trace] wall=19:58:33 elapsed=1018.105s phase=train event=interaction_progress trial=16 partition=0 processed=7000 total=14000 metric=ce epoch=1/1
[pipeline-trace] wall=19:58:33 elapsed=1018.422s phase=train event=interaction_progress trial=15 partition=0 processed=9100 total=14000 metric=ce epoch=1/1
[pipeline-trace] wall=19:58:34 elapsed=1019.383s phase=train event=interaction_progress trial=16 partition=0 processed=7100 total=14000 metric=ce epoch=1/1
[pipeline-trace] wall=19:58:34 elapsed=1019.648s phase=train event=interaction_progress trial=15 partition=0 processed=9200 total=14000 metric=ce epoch=1/1
[pipeline-trace] wall=19:58:35 elapsed=1020.546s phase=train event=interaction_progress trial=16 partition=0 processed=7200 total=14000 metric=ce epoch=1/1
[pipeline-trace] wall=19:58:36 elapsed=1020.867s phase=train event=interaction_progress trial=15 partition=0 processed=9300 total=14000 metric=ce epoch=1/1
[pipeline-trace] wall=19:58:36 elapsed=1021.816s phase=train event=interaction_progress trial=16 partition=0 processed=7300 total=14000 metric=ce epoch=1/1
[pipeline-trace] wall=19:58:37 elapsed=1022.071s phase=train event=interaction_progress trial=15 partition=0 processed=9400 total=14000 metric=ce epoch=1/1
[pipeline-trace] wall=19:58:38 elapsed=1023.151s phase=train event=interaction_progress trial=16 partition=0 processed=7400 total=14000 metric=ce epoch=1/1
[pipeline-trace] wall=19:58:38 elapsed=1023.288s phase=train event=interaction_progress trial=15 partition=0 processed=9500 total=14000 metric=ce epoch=1/1
[pipeline-trace] wall=19:58:39 elapsed=1024.423s phase=train event=interaction_progress trial=16 partition=0 processed=7500 total=14000 metric=ce epoch=1/1
[pipeline-trace] wall=19:58:39 elapsed=1024.494s phase=train event=interaction_progress trial=15 partition=0 processed=9600 total=14000 metric=ce epoch=1/1
[pipeline-trace] wall=19:58:40 elapsed=1025.719s phase=train event=interaction_progress trial=16 partition=0 processed=7600 total=14000 metric=ce epoch=1/1
[pipeline-trace] wall=19:58:41 elapsed=1025.763s phase=train event=interaction_progress trial=15 partition=0 processed=9700 total=14000 metric=ce epoch=1/1
[pipeline-trace] wall=19:58:42 elapsed=1027.096s phase=train event=interaction_progress trial=16 partition=0 processed=7700 total=14000 metric=ce epoch=1/1
[pipeline-trace] wall=19:58:42 elapsed=1027.020s phase=train event=interaction_progress trial=15 partition=0 processed=9800 total=14000 metric=ce epoch=1/1
[pipeline-trace] wall=19:58:43 elapsed=1028.362s phase=train event=interaction_progress trial=16 partition=0 processed=7800 total=14000 metric=ce epoch=1/1
[pipeline-trace] wall=19:58:43 elapsed=1028.314s phase=train event=interaction_progress trial=15 partition=0 processed=9900 total=14000 metric=ce epoch=1/1
[pipeline-trace] wall=19:58:44 elapsed=1029.659s phase=train event=interaction_progress trial=16 partition=0 processed=7900 total=14000 metric=ce epoch=1/1
[pipeline-trace] wall=19:58:44 elapsed=1029.480s phase=train event=interaction_progress trial=15 partition=0 processed=10000 total=14000 metric=ce epoch=1/1
[pipeline-trace] wall=19:58:45 elapsed=1030.905s phase=train event=interaction_progress trial=16 partition=0 processed=8000 total=14000 metric=ce epoch=1/1
[pipeline-trace] wall=19:58:46 elapsed=1030.716s phase=train event=interaction_progress trial=15 partition=0 processed=10100 total=14000 metric=ce epoch=1/1
[pipeline-trace] wall=19:58:47 elapsed=1032.129s phase=train event=interaction_progress trial=16 partition=0 processed=8100 total=14000 metric=ce epoch=1/1
[pipeline-trace] wall=19:58:47 elapsed=1031.916s phase=train event=interaction_progress trial=15 partition=0 processed=10200 total=14000 metric=ce epoch=1/1
[pipeline-trace] wall=19:58:48 elapsed=1033.369s phase=train event=interaction_progress trial=16 partition=0 processed=8200 total=14000 metric=ce epoch=1/1
[pipeline-trace] wall=19:58:48 elapsed=1033.111s phase=train event=interaction_progress trial=15 partition=0 processed=10300 total=14000 metric=ce epoch=1/1
[pipeline-trace] wall=19:58:49 elapsed=1034.558s phase=train event=interaction_progress trial=16 partition=0 processed=8300 total=14000 metric=ce epoch=1/1
[pipeline-trace] wall=19:58:49 elapsed=1034.313s phase=train event=interaction_progress trial=15 partition=0 processed=10400 total=14000 metric=ce epoch=1/1
[pipeline-trace] wall=19:58:50 elapsed=1035.887s phase=train event=interaction_progress trial=16 partition=0 processed=8400 total=14000 metric=ce epoch=1/1
[pipeline-trace] wall=19:58:50 elapsed=1035.539s phase=train event=interaction_progress trial=15 partition=0 processed=10500 total=14000 metric=ce epoch=1/1
[pipeline-trace] wall=19:58:52 elapsed=1037.077s phase=train event=interaction_progress trial=16 partition=0 processed=8500 total=14000 metric=ce epoch=1/1
[pipeline-trace] wall=19:58:52 elapsed=1036.768s phase=train event=interaction_progress trial=15 partition=0 processed=10600 total=14000 metric=ce epoch=1/1
[pipeline-trace] wall=19:58:53 elapsed=1037.947s phase=train event=interaction_progress trial=15 partition=0 processed=10700 total=14000 metric=ce epoch=1/1
[pipeline-trace] wall=19:58:53 elapsed=1038.321s phase=train event=interaction_progress trial=16 partition=0 processed=8600 total=14000 metric=ce epoch=1/1
[pipeline-trace] wall=19:58:54 elapsed=1039.157s phase=train event=interaction_progress trial=15 partition=0 processed=10800 total=14000 metric=ce epoch=1/1
[pipeline-trace] wall=19:58:54 elapsed=1039.523s phase=train event=interaction_progress trial=16 partition=0 processed=8700 total=14000 metric=ce epoch=1/1
[pipeline-trace] wall=19:58:55 elapsed=1040.339s phase=train event=interaction_progress trial=15 partition=0 processed=10900 total=14000 metric=ce epoch=1/1
[pipeline-trace] wall=19:58:55 elapsed=1040.772s phase=train event=interaction_progress trial=16 partition=0 processed=8800 total=14000 metric=ce epoch=1/1
[pipeline-trace] wall=19:58:57 elapsed=1041.664s phase=train event=interaction_progress trial=15 partition=0 processed=11000 total=14000 metric=ce epoch=1/1
[pipeline-trace] wall=19:58:57 elapsed=1042.104s phase=train event=interaction_progress trial=16 partition=0 processed=8900 total=14000 metric=ce epoch=1/1
[pipeline-trace] wall=19:58:58 elapsed=1042.857s phase=train event=interaction_progress trial=15 partition=0 processed=11100 total=14000 metric=ce epoch=1/1
[pipeline-trace] wall=19:58:58 elapsed=1043.323s phase=train event=interaction_progress trial=16 partition=0 processed=9000 total=14000 metric=ce epoch=1/1
[pipeline-trace] wall=19:58:59 elapsed=1044.049s phase=train event=interaction_progress trial=15 partition=0 processed=11200 total=14000 metric=ce epoch=1/1
[pipeline-trace] wall=19:58:59 elapsed=1044.616s phase=train event=interaction_progress trial=16 partition=0 processed=9100 total=14000 metric=ce epoch=1/1
[pipeline-trace] wall=19:59:00 elapsed=1045.282s phase=train event=interaction_progress trial=15 partition=0 processed=11300 total=14000 metric=ce epoch=1/1
[pipeline-trace] wall=19:59:00 elapsed=1045.808s phase=train event=interaction_progress trial=16 partition=0 processed=9200 total=14000 metric=ce epoch=1/1
[pipeline-trace] wall=19:59:01 elapsed=1046.474s phase=train event=interaction_progress trial=15 partition=0 processed=11400 total=14000 metric=ce epoch=1/1
[pipeline-trace] wall=19:59:02 elapsed=1047.015s phase=train event=interaction_progress trial=16 partition=0 processed=9300 total=14000 metric=ce epoch=1/1
[pipeline-trace] wall=19:59:03 elapsed=1047.716s phase=train event=interaction_progress trial=15 partition=0 processed=11500 total=14000 metric=ce epoch=1/1
[pipeline-trace] wall=19:59:03 elapsed=1048.231s phase=train event=interaction_progress trial=16 partition=0 processed=9400 total=14000 metric=ce epoch=1/1
[pipeline-trace] wall=19:59:04 elapsed=1048.890s phase=train event=interaction_progress trial=15 partition=0 processed=11600 total=14000 metric=ce epoch=1/1
[pipeline-trace] wall=19:59:04 elapsed=1049.420s phase=train event=interaction_progress trial=16 partition=0 processed=9500 total=14000 metric=ce epoch=1/1
[pipeline-trace] wall=19:59:05 elapsed=1050.132s phase=train event=interaction_progress trial=15 partition=0 processed=11700 total=14000 metric=ce epoch=1/1
[pipeline-trace] wall=19:59:05 elapsed=1050.685s phase=train event=interaction_progress trial=16 partition=0 processed=9600 total=14000 metric=ce epoch=1/1
[pipeline-trace] wall=19:59:06 elapsed=1051.314s phase=train event=interaction_progress trial=15 partition=0 processed=11800 total=14000 metric=ce epoch=1/1
[pipeline-trace] wall=19:59:06 elapsed=1051.873s phase=train event=interaction_progress trial=16 partition=0 processed=9700 total=14000 metric=ce epoch=1/1
[pipeline-trace] wall=19:59:07 elapsed=1052.586s phase=train event=interaction_progress trial=15 partition=0 processed=11900 total=14000 metric=ce epoch=1/1
[pipeline-trace] wall=19:59:08 elapsed=1053.142s phase=train event=interaction_progress trial=16 partition=0 processed=9800 total=14000 metric=ce epoch=1/1
[pipeline-trace] wall=19:59:09 elapsed=1053.806s phase=train event=interaction_progress trial=15 partition=0 processed=12000 total=14000 metric=ce epoch=1/1
[pipeline-trace] wall=19:59:09 elapsed=1054.385s phase=train event=interaction_progress trial=16 partition=0 processed=9900 total=14000 metric=ce epoch=1/1
[pipeline-trace] wall=19:59:10 elapsed=1055.061s phase=train event=interaction_progress trial=15 partition=0 processed=12100 total=14000 metric=ce epoch=1/1
[pipeline-trace] wall=19:59:11 elapsed=1056.322s phase=train event=interaction_progress trial=15 partition=0 processed=12200 total=14000 metric=ce epoch=1/1
[pipeline-trace] wall=19:59:12 elapsed=1057.626s phase=train event=interaction_progress trial=16 partition=0 processed=10000 total=14000 metric=ce epoch=1/1
[pipeline-trace] wall=19:59:12 elapsed=1057.658s phase=train event=interaction_progress trial=15 partition=0 processed=12300 total=14000 metric=ce epoch=1/1
[pipeline-trace] wall=19:59:14 elapsed=1058.940s phase=train event=interaction_progress trial=15 partition=0 processed=12400 total=14000 metric=ce epoch=1/1
[pipeline-trace] wall=19:59:15 elapsed=1060.522s phase=train event=interaction_progress trial=16 partition=0 processed=10100 total=14000 metric=ce epoch=1/1
[pipeline-trace] wall=19:59:15 elapsed=1060.315s phase=train event=interaction_progress trial=15 partition=0 processed=12500 total=14000 metric=ce epoch=1/1
[pipeline-trace] wall=19:59:16 elapsed=1061.619s phase=train event=interaction_progress trial=15 partition=0 processed=12600 total=14000 metric=ce epoch=1/1
[pipeline-trace] wall=19:59:17 elapsed=1062.166s phase=train event=interaction_progress trial=16 partition=0 processed=10200 total=14000 metric=ce epoch=1/1
[pipeline-trace] wall=19:59:18 elapsed=1062.835s phase=train event=interaction_progress trial=15 partition=0 processed=12700 total=14000 metric=ce epoch=1/1
[pipeline-trace] wall=19:59:18 elapsed=1063.499s phase=train event=interaction_progress trial=16 partition=0 processed=10300 total=14000 metric=ce epoch=1/1
[pipeline-trace] wall=19:59:19 elapsed=1064.061s phase=train event=interaction_progress trial=15 partition=0 processed=12800 total=14000 metric=ce epoch=1/1
[pipeline-trace] wall=19:59:19 elapsed=1064.750s phase=train event=interaction_progress trial=16 partition=0 processed=10400 total=14000 metric=ce epoch=1/1
[pipeline-trace] wall=19:59:20 elapsed=1065.286s phase=train event=interaction_progress trial=15 partition=0 processed=12900 total=14000 metric=ce epoch=1/1
[pipeline-trace] wall=19:59:20 elapsed=1065.956s phase=train event=interaction_progress trial=16 partition=0 processed=10500 total=14000 metric=ce epoch=1/1
[pipeline-trace] wall=19:59:21 elapsed=1066.548s phase=train event=interaction_progress trial=15 partition=0 processed=13000 total=14000 metric=ce epoch=1/1
[pipeline-trace] wall=19:59:22 elapsed=1067.268s phase=train event=interaction_progress trial=16 partition=0 processed=10600 total=14000 metric=ce epoch=1/1
[pipeline-trace] wall=19:59:23 elapsed=1067.727s phase=train event=interaction_progress trial=15 partition=0 processed=13100 total=14000 metric=ce epoch=1/1
[pipeline-trace] wall=19:59:23 elapsed=1068.511s phase=train event=interaction_progress trial=16 partition=0 processed=10700 total=14000 metric=ce epoch=1/1
[pipeline-trace] wall=19:59:24 elapsed=1068.965s phase=train event=interaction_progress trial=15 partition=0 processed=13200 total=14000 metric=ce epoch=1/1
[pipeline-trace] wall=19:59:24 elapsed=1069.766s phase=train event=interaction_progress trial=16 partition=0 processed=10800 total=14000 metric=ce epoch=1/1
[pipeline-trace] wall=19:59:25 elapsed=1070.139s phase=train event=interaction_progress trial=15 partition=0 processed=13300 total=14000 metric=ce epoch=1/1
[pipeline-trace] wall=19:59:25 elapsed=1070.949s phase=train event=interaction_progress trial=16 partition=0 processed=10900 total=14000 metric=ce epoch=1/1
[pipeline-trace] wall=19:59:26 elapsed=1071.355s phase=train event=interaction_progress trial=15 partition=0 processed=13400 total=14000 metric=ce epoch=1/1
[pipeline-trace] wall=19:59:27 elapsed=1072.206s phase=train event=interaction_progress trial=16 partition=0 processed=11000 total=14000 metric=ce epoch=1/1
[pipeline-trace] wall=19:59:27 elapsed=1072.562s phase=train event=interaction_progress trial=15 partition=0 processed=13500 total=14000 metric=ce epoch=1/1
[pipeline-trace] wall=19:59:28 elapsed=1073.413s phase=train event=interaction_progress trial=16 partition=0 processed=11100 total=14000 metric=ce epoch=1/1
[pipeline-trace] wall=19:59:29 elapsed=1073.808s phase=train event=interaction_progress trial=15 partition=0 processed=13600 total=14000 metric=ce epoch=1/1
[pipeline-trace] wall=19:59:29 elapsed=1074.647s phase=train event=interaction_progress trial=16 partition=0 processed=11200 total=14000 metric=ce epoch=1/1
[pipeline-trace] wall=19:59:30 elapsed=1075.000s phase=train event=interaction_progress trial=15 partition=0 processed=13700 total=14000 metric=ce epoch=1/1
[pipeline-trace] wall=19:59:30 elapsed=1075.892s phase=train event=interaction_progress trial=16 partition=0 processed=11300 total=14000 metric=ce epoch=1/1
[pipeline-trace] wall=19:59:31 elapsed=1076.169s phase=train event=interaction_progress trial=15 partition=0 processed=13800 total=14000 metric=ce epoch=1/1
[pipeline-trace] wall=19:59:32 elapsed=1077.096s phase=train event=interaction_progress trial=16 partition=0 processed=11400 total=14000 metric=ce epoch=1/1
[pipeline-trace] wall=19:59:32 elapsed=1077.399s phase=train event=interaction_progress trial=15 partition=0 processed=13900 total=14000 metric=ce epoch=1/1
[pipeline-trace] wall=19:59:33 elapsed=1078.352s phase=train event=interaction_progress trial=16 partition=0 processed=11500 total=14000 metric=ce epoch=1/1
[pipeline-trace] wall=19:59:33 elapsed=1078.588s phase=train event=interaction_progress trial=15 partition=0 processed=14000 total=14000 metric=ce epoch=1/1
[pipeline-trace] wall=19:59:34 elapsed=1078.823s phase=eval event=batch_start trial=15 partitions=[1] synthetic=False
[pipeline-trace] wall=19:59:34 elapsed=1078.823s phase=eval event=partition_start trial=15 partition=1 interactions=1999
[pipeline-trace] wall=19:59:34 elapsed=1078.823s phase=eval event=interaction_progress trial=15 partition=1 processed=1 total=1999 metric=ranking
[pipeline-trace] wall=19:59:34 elapsed=1079.549s phase=train event=interaction_progress trial=16 partition=0 processed=11600 total=14000 metric=ce epoch=1/1
[pipeline-trace] wall=19:59:34 elapsed=1079.357s phase=eval event=interaction_progress trial=15 partition=1 processed=100 total=1999 metric=ranking
[pipeline-trace] wall=19:59:34 elapsed=1079.487s phase=eval event=interaction_progress trial=15 partition=1 processed=200 total=1999 metric=ranking
[pipeline-trace] wall=19:59:34 elapsed=1079.616s phase=eval event=interaction_progress trial=15 partition=1 processed=300 total=1999 metric=ranking
[pipeline-trace] wall=19:59:35 elapsed=1079.746s phase=eval event=interaction_progress trial=15 partition=1 processed=400 total=1999 metric=ranking
[pipeline-trace] wall=19:59:35 elapsed=1079.875s phase=eval event=interaction_progress trial=15 partition=1 processed=500 total=1999 metric=ranking
[pipeline-trace] wall=19:59:35 elapsed=1080.005s phase=eval event=interaction_progress trial=15 partition=1 processed=600 total=1999 metric=ranking
[pipeline-trace] wall=19:59:35 elapsed=1080.134s phase=eval event=interaction_progress trial=15 partition=1 processed=700 total=1999 metric=ranking
[pipeline-trace] wall=19:59:35 elapsed=1080.301s phase=eval event=interaction_progress trial=15 partition=1 processed=800 total=1999 metric=ranking
[pipeline-trace] wall=19:59:35 elapsed=1080.771s phase=train event=interaction_progress trial=16 partition=0 processed=11700 total=14000 metric=ce epoch=1/1
[pipeline-trace] wall=19:59:36 elapsed=1081.415s phase=train event=interaction_progress trial=16 partition=0 processed=11800 total=14000 metric=ce epoch=1/1
[pipeline-trace] wall=19:59:36 elapsed=1081.120s phase=eval event=interaction_progress trial=15 partition=1 processed=900 total=1999 metric=ranking
[pipeline-trace] wall=19:59:36 elapsed=1081.250s phase=eval event=interaction_progress trial=15 partition=1 processed=1000 total=1999 metric=ranking
[pipeline-trace] wall=19:59:36 elapsed=1081.380s phase=eval event=interaction_progress trial=15 partition=1 processed=1100 total=1999 metric=ranking
[pipeline-trace] wall=19:59:36 elapsed=1081.829s phase=train event=interaction_progress trial=16 partition=0 processed=11900 total=14000 metric=ce epoch=1/1
[pipeline-trace] wall=19:59:36 elapsed=1081.509s phase=eval event=interaction_progress trial=15 partition=1 processed=1200 total=1999 metric=ranking
[pipeline-trace] wall=19:59:36 elapsed=1081.636s phase=eval event=interaction_progress trial=15 partition=1 processed=1300 total=1999 metric=ranking
[pipeline-trace] wall=19:59:37 elapsed=1081.765s phase=eval event=interaction_progress trial=15 partition=1 processed=1400 total=1999 metric=ranking
[pipeline-trace] wall=19:59:37 elapsed=1081.894s phase=eval event=interaction_progress trial=15 partition=1 processed=1500 total=1999 metric=ranking
[pipeline-trace] wall=19:59:37 elapsed=1082.321s phase=train event=interaction_progress trial=16 partition=0 processed=12000 total=14000 metric=ce epoch=1/1
[pipeline-trace] wall=19:59:37 elapsed=1082.027s phase=eval event=interaction_progress trial=15 partition=1 processed=1600 total=1999 metric=ranking
[pipeline-trace] wall=19:59:37 elapsed=1082.158s phase=eval event=interaction_progress trial=15 partition=1 processed=1700 total=1999 metric=ranking
[pipeline-trace] wall=19:59:37 elapsed=1082.290s phase=eval event=interaction_progress trial=15 partition=1 processed=1800 total=1999 metric=ranking
[pipeline-trace] wall=19:59:37 elapsed=1082.425s phase=eval event=interaction_progress trial=15 partition=1 processed=1900 total=1999 metric=ranking
[pipeline-trace] wall=19:59:37 elapsed=1082.555s phase=eval event=interaction_progress trial=15 partition=1 processed=1999 total=1999 metric=ranking
[pipeline-trace] wall=19:59:37 elapsed=1082.557s phase=eval event=partition_complete trial=15 partition=1 elapsed_sec=3.734 hits=1663 total=1999
[pipeline-trace] wall=19:59:37 elapsed=1082.641s phase=train event=interaction_progress trial=17 partition=0 processed=1 total=14000 metric=ce epoch=1/1
[pipeline-trace] wall=19:59:38 elapsed=1083.192s phase=train event=interaction_progress trial=16 partition=0 processed=12100 total=14000 metric=ce epoch=1/1
[pipeline-trace] wall=19:59:38 elapsed=1083.630s phase=train event=interaction_progress trial=16 partition=0 processed=12200 total=14000 metric=ce epoch=1/1
[pipeline-trace] wall=19:59:39 elapsed=1084.041s phase=train event=interaction_progress trial=16 partition=0 processed=12300 total=14000 metric=ce epoch=1/1
[pipeline-trace] wall=19:59:39 elapsed=1084.025s phase=train event=interaction_progress trial=17 partition=0 processed=100 total=14000 metric=ce epoch=1/1
[pipeline-trace] wall=19:59:39 elapsed=1084.509s phase=train event=interaction_progress trial=16 partition=0 processed=12400 total=14000 metric=ce epoch=1/1
[pipeline-trace] wall=19:59:40 elapsed=1085.249s phase=train event=interaction_progress trial=16 partition=0 processed=12500 total=14000 metric=ce epoch=1/1
[pipeline-trace] wall=19:59:40 elapsed=1085.517s phase=train event=interaction_progress trial=17 partition=0 processed=200 total=14000 metric=ce epoch=1/1
[pipeline-trace] wall=19:59:41 elapsed=1086.491s phase=train event=interaction_progress trial=16 partition=0 processed=12600 total=14000 metric=ce epoch=1/1
[pipeline-trace] wall=19:59:42 elapsed=1087.078s phase=train event=interaction_progress trial=17 partition=0 processed=300 total=14000 metric=ce epoch=1/1
[pipeline-trace] wall=19:59:42 elapsed=1087.754s phase=train event=interaction_progress trial=16 partition=0 processed=12700 total=14000 metric=ce epoch=1/1
[pipeline-trace] wall=19:59:43 elapsed=1088.522s phase=train event=interaction_progress trial=17 partition=0 processed=400 total=14000 metric=ce epoch=1/1
[pipeline-trace] wall=19:59:43 elapsed=1088.993s phase=train event=interaction_progress trial=16 partition=0 processed=12800 total=14000 metric=ce epoch=1/1
[pipeline-trace] wall=19:59:45 elapsed=1090.263s phase=train event=interaction_progress trial=16 partition=0 processed=12900 total=14000 metric=ce epoch=1/1
[pipeline-trace] wall=19:59:45 elapsed=1089.997s phase=train event=interaction_progress trial=17 partition=0 processed=500 total=14000 metric=ce epoch=1/1
[pipeline-trace] wall=19:59:46 elapsed=1091.446s phase=train event=interaction_progress trial=16 partition=0 processed=13000 total=14000 metric=ce epoch=1/1
[pipeline-trace] wall=19:59:46 elapsed=1091.521s phase=train event=interaction_progress trial=17 partition=0 processed=600 total=14000 metric=ce epoch=1/1
[pipeline-trace] wall=19:59:47 elapsed=1092.675s phase=train event=interaction_progress trial=16 partition=0 processed=13100 total=14000 metric=ce epoch=1/1
[pipeline-trace] wall=19:59:48 elapsed=1093.084s phase=train event=interaction_progress trial=17 partition=0 processed=700 total=14000 metric=ce epoch=1/1
[pipeline-trace] wall=19:59:48 elapsed=1093.877s phase=train event=interaction_progress trial=16 partition=0 processed=13200 total=14000 metric=ce epoch=1/1
[pipeline-trace] wall=19:59:50 elapsed=1094.712s phase=train event=interaction_progress trial=17 partition=0 processed=800 total=14000 metric=ce epoch=1/1
[pipeline-trace] wall=19:59:50 elapsed=1095.124s phase=train event=interaction_progress trial=16 partition=0 processed=13300 total=14000 metric=ce epoch=1/1
[pipeline-trace] wall=19:59:51 elapsed=1096.431s phase=train event=interaction_progress trial=16 partition=0 processed=13400 total=14000 metric=ce epoch=1/1
[pipeline-trace] wall=19:59:51 elapsed=1096.314s phase=train event=interaction_progress trial=17 partition=0 processed=900 total=14000 metric=ce epoch=1/1
[pipeline-trace] wall=19:59:52 elapsed=1097.697s phase=train event=interaction_progress trial=16 partition=0 processed=13500 total=14000 metric=ce epoch=1/1
[pipeline-trace] wall=19:59:53 elapsed=1097.864s phase=train event=interaction_progress trial=17 partition=0 processed=1000 total=14000 metric=ce epoch=1/1
[pipeline-trace] wall=19:59:54 elapsed=1099.025s phase=train event=interaction_progress trial=16 partition=0 processed=13600 total=14000 metric=ce epoch=1/1
[pipeline-trace] wall=19:59:54 elapsed=1099.397s phase=train event=interaction_progress trial=17 partition=0 processed=1100 total=14000 metric=ce epoch=1/1
[pipeline-trace] wall=19:59:55 elapsed=1100.250s phase=train event=interaction_progress trial=16 partition=0 processed=13700 total=14000 metric=ce epoch=1/1
[pipeline-trace] wall=19:59:56 elapsed=1100.951s phase=train event=interaction_progress trial=17 partition=0 processed=1200 total=14000 metric=ce epoch=1/1
[pipeline-trace] wall=19:59:56 elapsed=1101.507s phase=train event=interaction_progress trial=16 partition=0 processed=13800 total=14000 metric=ce epoch=1/1
[pipeline-trace] wall=19:59:57 elapsed=1102.710s phase=train event=interaction_progress trial=16 partition=0 processed=13900 total=14000 metric=ce epoch=1/1
[pipeline-trace] wall=19:59:57 elapsed=1102.526s phase=train event=interaction_progress trial=17 partition=0 processed=1300 total=14000 metric=ce epoch=1/1
[pipeline-trace] wall=19:59:58 elapsed=1103.948s phase=train event=interaction_progress trial=16 partition=0 processed=14000 total=14000 metric=ce epoch=1/1
[pipeline-trace] wall=19:59:59 elapsed=1104.221s phase=eval event=batch_start trial=16 partitions=[1] synthetic=False
[pipeline-trace] wall=19:59:59 elapsed=1104.221s phase=eval event=partition_start trial=16 partition=1 interactions=1999
[pipeline-trace] wall=19:59:59 elapsed=1104.221s phase=eval event=interaction_progress trial=16 partition=1 processed=1 total=1999 metric=ranking
[pipeline-trace] wall=19:59:59 elapsed=1104.060s phase=train event=interaction_progress trial=17 partition=0 processed=1400 total=14000 metric=ce epoch=1/1
[pipeline-trace] wall=20:00:00 elapsed=1105.498s phase=eval event=interaction_progress trial=16 partition=1 processed=100 total=1999 metric=ranking
[pipeline-trace] wall=20:00:00 elapsed=1105.607s phase=train event=interaction_progress trial=17 partition=0 processed=1500 total=14000 metric=ce epoch=1/1
[pipeline-trace] wall=20:00:01 elapsed=1106.815s phase=eval event=interaction_progress trial=16 partition=1 processed=200 total=1999 metric=ranking
[pipeline-trace] wall=20:00:02 elapsed=1107.001s phase=train event=interaction_progress trial=17 partition=0 processed=1600 total=14000 metric=ce epoch=1/1
[pipeline-trace] wall=20:00:04 elapsed=1108.841s phase=train event=interaction_progress trial=17 partition=0 processed=1700 total=14000 metric=ce epoch=1/1
[pipeline-trace] wall=20:00:04 elapsed=1109.701s phase=eval event=interaction_progress trial=16 partition=1 processed=300 total=1999 metric=ranking
[pipeline-trace] wall=20:00:05 elapsed=1110.251s phase=train event=interaction_progress trial=17 partition=0 processed=1800 total=14000 metric=ce epoch=1/1
[pipeline-trace] wall=20:00:07 elapsed=1111.722s phase=train event=interaction_progress trial=17 partition=0 processed=1900 total=14000 metric=ce epoch=1/1
[pipeline-trace] wall=20:00:07 elapsed=1112.905s phase=eval event=interaction_progress trial=16 partition=1 processed=400 total=1999 metric=ranking
[pipeline-trace] wall=20:00:08 elapsed=1113.388s phase=train event=interaction_progress trial=17 partition=0 processed=2000 total=14000 metric=ce epoch=1/1
[pipeline-trace] wall=20:00:09 elapsed=1114.709s phase=eval event=interaction_progress trial=16 partition=1 processed=500 total=1999 metric=ranking
[pipeline-trace] wall=20:00:10 elapsed=1114.889s phase=train event=interaction_progress trial=17 partition=0 processed=2100 total=14000 metric=ce epoch=1/1
[pipeline-trace] wall=20:00:10 elapsed=1115.953s phase=eval event=interaction_progress trial=16 partition=1 processed=600 total=1999 metric=ranking
[pipeline-trace] wall=20:00:11 elapsed=1116.313s phase=train event=interaction_progress trial=17 partition=0 processed=2200 total=14000 metric=ce epoch=1/1
[pipeline-trace] wall=20:00:12 elapsed=1117.190s phase=eval event=interaction_progress trial=16 partition=1 processed=700 total=1999 metric=ranking
[pipeline-trace] wall=20:00:13 elapsed=1117.845s phase=train event=interaction_progress trial=17 partition=0 processed=2300 total=14000 metric=ce epoch=1/1
[pipeline-trace] wall=20:00:13 elapsed=1118.333s phase=eval event=interaction_progress trial=16 partition=1 processed=800 total=1999 metric=ranking
[pipeline-trace] wall=20:00:14 elapsed=1119.609s phase=eval event=interaction_progress trial=16 partition=1 processed=900 total=1999 metric=ranking
[pipeline-trace] wall=20:00:14 elapsed=1119.353s phase=train event=interaction_progress trial=17 partition=0 processed=2400 total=14000 metric=ce epoch=1/1
[pipeline-trace] wall=20:00:15 elapsed=1120.879s phase=eval event=interaction_progress trial=16 partition=1 processed=1000 total=1999 metric=ranking
[pipeline-trace] wall=20:00:16 elapsed=1120.897s phase=train event=interaction_progress trial=17 partition=0 processed=2500 total=14000 metric=ce epoch=1/1
[pipeline-trace] wall=20:00:17 elapsed=1122.225s phase=eval event=interaction_progress trial=16 partition=1 processed=1100 total=1999 metric=ranking
[pipeline-trace] wall=20:00:17 elapsed=1122.383s phase=train event=interaction_progress trial=17 partition=0 processed=2600 total=14000 metric=ce epoch=1/1
[pipeline-trace] wall=20:00:18 elapsed=1123.571s phase=eval event=interaction_progress trial=16 partition=1 processed=1200 total=1999 metric=ranking
[pipeline-trace] wall=20:00:19 elapsed=1123.862s phase=train event=interaction_progress trial=17 partition=0 processed=2700 total=14000 metric=ce epoch=1/1
[pipeline-trace] wall=20:00:19 elapsed=1124.958s phase=eval event=interaction_progress trial=16 partition=1 processed=1300 total=1999 metric=ranking
[pipeline-trace] wall=20:00:20 elapsed=1125.278s phase=train event=interaction_progress trial=17 partition=0 processed=2800 total=14000 metric=ce epoch=1/1
[pipeline-trace] wall=20:00:21 elapsed=1126.293s phase=eval event=interaction_progress trial=16 partition=1 processed=1400 total=1999 metric=ranking
[pipeline-trace] wall=20:00:22 elapsed=1126.852s phase=train event=interaction_progress trial=17 partition=0 processed=2900 total=14000 metric=ce epoch=1/1
[pipeline-trace] wall=20:00:22 elapsed=1127.666s phase=eval event=interaction_progress trial=16 partition=1 processed=1500 total=1999 metric=ranking
[pipeline-trace] wall=20:00:23 elapsed=1128.462s phase=train event=interaction_progress trial=17 partition=0 processed=3000 total=14000 metric=ce epoch=1/1
[pipeline-trace] wall=20:00:23 elapsed=1128.984s phase=eval event=interaction_progress trial=16 partition=1 processed=1600 total=1999 metric=ranking
[pipeline-trace] wall=20:00:25 elapsed=1130.300s phase=eval event=interaction_progress trial=16 partition=1 processed=1700 total=1999 metric=ranking
[pipeline-trace] wall=20:00:25 elapsed=1129.993s phase=train event=interaction_progress trial=17 partition=0 processed=3100 total=14000 metric=ce epoch=1/1
[pipeline-trace] wall=20:00:26 elapsed=1131.629s phase=eval event=interaction_progress trial=16 partition=1 processed=1800 total=1999 metric=ranking
[pipeline-trace] wall=20:00:26 elapsed=1131.549s phase=train event=interaction_progress trial=17 partition=0 processed=3200 total=14000 metric=ce epoch=1/1
[pipeline-trace] wall=20:00:27 elapsed=1132.979s phase=eval event=interaction_progress trial=16 partition=1 processed=1900 total=1999 metric=ranking
[pipeline-trace] wall=20:00:28 elapsed=1133.112s phase=train event=interaction_progress trial=17 partition=0 processed=3300 total=14000 metric=ce epoch=1/1
[pipeline-trace] wall=20:00:29 elapsed=1134.329s phase=eval event=interaction_progress trial=16 partition=1 processed=1999 total=1999 metric=ranking
[pipeline-trace] wall=20:00:29 elapsed=1134.342s phase=eval event=partition_complete trial=16 partition=1 elapsed_sec=30.121 hits=1839 total=1999
[pipeline-trace] wall=20:00:29 elapsed=1134.576s phase=train event=interaction_progress trial=18 partition=0 processed=1 total=14000 metric=ce epoch=1/1
[pipeline-trace] wall=20:00:29 elapsed=1134.641s phase=train event=interaction_progress trial=17 partition=0 processed=3400 total=14000 metric=ce epoch=1/1
[pipeline-trace] wall=20:00:30 elapsed=1135.792s phase=train event=interaction_progress trial=18 partition=0 processed=100 total=14000 metric=ce epoch=1/1
[pipeline-trace] wall=20:00:31 elapsed=1136.143s phase=train event=interaction_progress trial=17 partition=0 processed=3500 total=14000 metric=ce epoch=1/1
[pipeline-trace] wall=20:00:32 elapsed=1137.064s phase=train event=interaction_progress trial=18 partition=0 processed=200 total=14000 metric=ce epoch=1/1
[pipeline-trace] wall=20:00:33 elapsed=1137.727s phase=train event=interaction_progress trial=17 partition=0 processed=3600 total=14000 metric=ce epoch=1/1
[pipeline-trace] wall=20:00:33 elapsed=1138.261s phase=train event=interaction_progress trial=18 partition=0 processed=300 total=14000 metric=ce epoch=1/1
[pipeline-trace] wall=20:00:34 elapsed=1139.500s phase=train event=interaction_progress trial=18 partition=0 processed=400 total=14000 metric=ce epoch=1/1
[pipeline-trace] wall=20:00:34 elapsed=1139.205s phase=train event=interaction_progress trial=17 partition=0 processed=3700 total=14000 metric=ce epoch=1/1
[pipeline-trace] wall=20:00:35 elapsed=1140.732s phase=train event=interaction_progress trial=18 partition=0 processed=500 total=14000 metric=ce epoch=1/1
[pipeline-trace] wall=20:00:35 elapsed=1140.644s phase=train event=interaction_progress trial=17 partition=0 processed=3800 total=14000 metric=ce epoch=1/1
[pipeline-trace] wall=20:00:36 elapsed=1141.952s phase=train event=interaction_progress trial=18 partition=0 processed=600 total=14000 metric=ce epoch=1/1
[pipeline-trace] wall=20:00:37 elapsed=1142.180s phase=train event=interaction_progress trial=17 partition=0 processed=3900 total=14000 metric=ce epoch=1/1
[pipeline-trace] wall=20:00:38 elapsed=1143.209s phase=train event=interaction_progress trial=18 partition=0 processed=700 total=14000 metric=ce epoch=1/1
[pipeline-trace] wall=20:00:39 elapsed=1143.663s phase=train event=interaction_progress trial=17 partition=0 processed=4000 total=14000 metric=ce epoch=1/1
[pipeline-trace] wall=20:00:39 elapsed=1144.462s phase=train event=interaction_progress trial=18 partition=0 processed=800 total=14000 metric=ce epoch=1/1
[pipeline-trace] wall=20:00:40 elapsed=1145.212s phase=train event=interaction_progress trial=17 partition=0 processed=4100 total=14000 metric=ce epoch=1/1
[pipeline-trace] wall=20:00:40 elapsed=1145.747s phase=train event=interaction_progress trial=18 partition=0 processed=900 total=14000 metric=ce epoch=1/1
[pipeline-trace] wall=20:00:41 elapsed=1146.940s phase=train event=interaction_progress trial=18 partition=0 processed=1000 total=14000 metric=ce epoch=1/1
[pipeline-trace] wall=20:00:42 elapsed=1146.730s phase=train event=interaction_progress trial=17 partition=0 processed=4200 total=14000 metric=ce epoch=1/1
[pipeline-trace] wall=20:00:43 elapsed=1148.211s phase=train event=interaction_progress trial=18 partition=0 processed=1100 total=14000 metric=ce epoch=1/1
[pipeline-trace] wall=20:00:43 elapsed=1148.289s phase=train event=interaction_progress trial=17 partition=0 processed=4300 total=14000 metric=ce epoch=1/1
[pipeline-trace] wall=20:00:44 elapsed=1149.414s phase=train event=interaction_progress trial=18 partition=0 processed=1200 total=14000 metric=ce epoch=1/1
[pipeline-trace] wall=20:00:45 elapsed=1149.849s phase=train event=interaction_progress trial=17 partition=0 processed=4400 total=14000 metric=ce epoch=1/1
[pipeline-trace] wall=20:00:45 elapsed=1150.641s phase=train event=interaction_progress trial=18 partition=0 processed=1300 total=14000 metric=ce epoch=1/1
[pipeline-trace] wall=20:00:46 elapsed=1151.383s phase=train event=interaction_progress trial=17 partition=0 processed=4500 total=14000 metric=ce epoch=1/1
[pipeline-trace] wall=20:00:46 elapsed=1151.854s phase=train event=interaction_progress trial=18 partition=0 processed=1400 total=14000 metric=ce epoch=1/1
[pipeline-trace] wall=20:00:47 elapsed=1153.012s phase=train event=interaction_progress trial=18 partition=0 processed=1500 total=14000 metric=ce epoch=1/1
[pipeline-trace] wall=20:00:48 elapsed=1152.891s phase=train event=interaction_progress trial=17 partition=0 processed=4600 total=14000 metric=ce epoch=1/1
[pipeline-trace] wall=20:00:49 elapsed=1154.225s phase=train event=interaction_progress trial=18 partition=0 processed=1600 total=14000 metric=ce epoch=1/1
[pipeline-trace] wall=20:00:49 elapsed=1154.354s phase=train event=interaction_progress trial=17 partition=0 processed=4700 total=14000 metric=ce epoch=1/1
[pipeline-trace] wall=20:00:50 elapsed=1155.476s phase=train event=interaction_progress trial=18 partition=0 processed=1700 total=14000 metric=ce epoch=1/1
[pipeline-trace] wall=20:00:51 elapsed=1155.973s phase=train event=interaction_progress trial=17 partition=0 processed=4800 total=14000 metric=ce epoch=1/1
[pipeline-trace] wall=20:00:51 elapsed=1156.651s phase=train event=interaction_progress trial=18 partition=0 processed=1800 total=14000 metric=ce epoch=1/1
[pipeline-trace] wall=20:00:53 elapsed=1158.315s phase=train event=interaction_progress trial=18 partition=0 processed=1900 total=14000 metric=ce epoch=1/1
[pipeline-trace] wall=20:00:53 elapsed=1158.485s phase=train event=interaction_progress trial=17 partition=0 processed=4900 total=14000 metric=ce epoch=1/1
[pipeline-trace] wall=20:00:56 elapsed=1161.416s phase=train event=interaction_progress trial=17 partition=0 processed=5000 total=14000 metric=ce epoch=1/1
[pipeline-trace] wall=20:00:59 elapsed=1164.975s phase=train event=interaction_progress trial=18 partition=0 processed=2000 total=14000 metric=ce epoch=1/1
[pipeline-trace] wall=20:01:00 elapsed=1165.645s phase=train event=interaction_progress trial=17 partition=0 processed=5100 total=14000 metric=ce epoch=1/1
[pipeline-trace] wall=20:01:01 elapsed=1166.290s phase=train event=interaction_progress trial=18 partition=0 processed=2100 total=14000 metric=ce epoch=1/1
[pipeline-trace] wall=20:01:02 elapsed=1167.097s phase=train event=interaction_progress trial=17 partition=0 processed=5200 total=14000 metric=ce epoch=1/1
[pipeline-trace] wall=20:01:02 elapsed=1167.503s phase=train event=interaction_progress trial=18 partition=0 processed=2200 total=14000 metric=ce epoch=1/1
[pipeline-trace] wall=20:01:03 elapsed=1168.714s phase=train event=interaction_progress trial=18 partition=0 processed=2300 total=14000 metric=ce epoch=1/1
[pipeline-trace] wall=20:01:03 elapsed=1168.427s phase=train event=interaction_progress trial=17 partition=0 processed=5300 total=14000 metric=ce epoch=1/1
[pipeline-trace] wall=20:01:04 elapsed=1169.981s phase=train event=interaction_progress trial=18 partition=0 processed=2400 total=14000 metric=ce epoch=1/1
[pipeline-trace] wall=20:01:05 elapsed=1169.930s phase=train event=interaction_progress trial=17 partition=0 processed=5400 total=14000 metric=ce epoch=1/1
[pipeline-trace] wall=20:01:06 elapsed=1171.176s phase=train event=interaction_progress trial=18 partition=0 processed=2500 total=14000 metric=ce epoch=1/1
[pipeline-trace] wall=20:01:06 elapsed=1171.386s phase=train event=interaction_progress trial=17 partition=0 processed=5500 total=14000 metric=ce epoch=1/1
[pipeline-trace] wall=20:01:07 elapsed=1172.437s phase=train event=interaction_progress trial=18 partition=0 processed=2600 total=14000 metric=ce epoch=1/1
[pipeline-trace] wall=20:01:08 elapsed=1172.841s phase=train event=interaction_progress trial=17 partition=0 processed=5600 total=14000 metric=ce epoch=1/1
[pipeline-trace] wall=20:01:08 elapsed=1173.622s phase=train event=interaction_progress trial=18 partition=0 processed=2700 total=14000 metric=ce epoch=1/1
[pipeline-trace] wall=20:01:09 elapsed=1174.268s phase=train event=interaction_progress trial=17 partition=0 processed=5700 total=14000 metric=ce epoch=1/1
[pipeline-trace] wall=20:01:09 elapsed=1174.851s phase=train event=interaction_progress trial=18 partition=0 processed=2800 total=14000 metric=ce epoch=1/1
[pipeline-trace] wall=20:01:11 elapsed=1175.699s phase=train event=interaction_progress trial=17 partition=0 processed=5800 total=14000 metric=ce epoch=1/1
[pipeline-trace] wall=20:01:11 elapsed=1176.089s phase=train event=interaction_progress trial=18 partition=0 processed=2900 total=14000 metric=ce epoch=1/1
[pipeline-trace] wall=20:01:12 elapsed=1177.288s phase=train event=interaction_progress trial=18 partition=0 processed=3000 total=14000 metric=ce epoch=1/1
[pipeline-trace] wall=20:01:12 elapsed=1177.085s phase=train event=interaction_progress trial=17 partition=0 processed=5900 total=14000 metric=ce epoch=1/1
[pipeline-trace] wall=20:01:13 elapsed=1178.506s phase=train event=interaction_progress trial=18 partition=0 processed=3100 total=14000 metric=ce epoch=1/1
[pipeline-trace] wall=20:01:13 elapsed=1178.554s phase=train event=interaction_progress trial=17 partition=0 processed=6000 total=14000 metric=ce epoch=1/1
[pipeline-trace] wall=20:01:14 elapsed=1179.725s phase=train event=interaction_progress trial=18 partition=0 processed=3200 total=14000 metric=ce epoch=1/1
[pipeline-trace] wall=20:01:15 elapsed=1179.960s phase=train event=interaction_progress trial=17 partition=0 processed=6100 total=14000 metric=ce epoch=1/1
[pipeline-trace] wall=20:01:15 elapsed=1180.959s phase=train event=interaction_progress trial=18 partition=0 processed=3300 total=14000 metric=ce epoch=1/1
[pipeline-trace] wall=20:01:16 elapsed=1181.489s phase=train event=interaction_progress trial=17 partition=0 processed=6200 total=14000 metric=ce epoch=1/1
[pipeline-trace] wall=20:01:17 elapsed=1182.190s phase=train event=interaction_progress trial=18 partition=0 processed=3400 total=14000 metric=ce epoch=1/1
[pipeline-trace] wall=20:01:18 elapsed=1182.924s phase=train event=interaction_progress trial=17 partition=0 processed=6300 total=14000 metric=ce epoch=1/1
[pipeline-trace] wall=20:01:18 elapsed=1183.412s phase=train event=interaction_progress trial=18 partition=0 processed=3500 total=14000 metric=ce epoch=1/1
[pipeline-trace] wall=20:01:19 elapsed=1184.649s phase=train event=interaction_progress trial=18 partition=0 processed=3600 total=14000 metric=ce epoch=1/1
[pipeline-trace] wall=20:01:19 elapsed=1184.451s phase=train event=interaction_progress trial=17 partition=0 processed=6400 total=14000 metric=ce epoch=1/1
[pipeline-trace] wall=20:01:20 elapsed=1185.860s phase=train event=interaction_progress trial=18 partition=0 processed=3700 total=14000 metric=ce epoch=1/1
[pipeline-trace] wall=20:01:21 elapsed=1185.927s phase=train event=interaction_progress trial=17 partition=0 processed=6500 total=14000 metric=ce epoch=1/1
[pipeline-trace] wall=20:01:22 elapsed=1187.091s phase=train event=interaction_progress trial=18 partition=0 processed=3800 total=14000 metric=ce epoch=1/1
[pipeline-trace] wall=20:01:22 elapsed=1187.378s phase=train event=interaction_progress trial=17 partition=0 processed=6600 total=14000 metric=ce epoch=1/1
[pipeline-trace] wall=20:01:23 elapsed=1188.317s phase=train event=interaction_progress trial=18 partition=0 processed=3900 total=14000 metric=ce epoch=1/1
[pipeline-trace] wall=20:01:24 elapsed=1188.885s phase=train event=interaction_progress trial=17 partition=0 processed=6700 total=14000 metric=ce epoch=1/1
[pipeline-trace] wall=20:01:24 elapsed=1189.541s phase=train event=interaction_progress trial=18 partition=0 processed=4000 total=14000 metric=ce epoch=1/1
[pipeline-trace] wall=20:01:25 elapsed=1190.348s phase=train event=interaction_progress trial=17 partition=0 processed=6800 total=14000 metric=ce epoch=1/1
[pipeline-trace] wall=20:01:25 elapsed=1190.781s phase=train event=interaction_progress trial=18 partition=0 processed=4100 total=14000 metric=ce epoch=1/1
[pipeline-trace] wall=20:01:26 elapsed=1191.953s phase=train event=interaction_progress trial=18 partition=0 processed=4200 total=14000 metric=ce epoch=1/1
[pipeline-trace] wall=20:01:27 elapsed=1191.793s phase=train event=interaction_progress trial=17 partition=0 processed=6900 total=14000 metric=ce epoch=1/1
[pipeline-trace] wall=20:01:28 elapsed=1193.175s phase=train event=interaction_progress trial=18 partition=0 processed=4300 total=14000 metric=ce epoch=1/1
[pipeline-trace] wall=20:01:28 elapsed=1193.240s phase=train event=interaction_progress trial=17 partition=0 processed=7000 total=14000 metric=ce epoch=1/1
[pipeline-trace] wall=20:01:29 elapsed=1194.396s phase=train event=interaction_progress trial=18 partition=0 processed=4400 total=14000 metric=ce epoch=1/1
[pipeline-trace] wall=20:01:30 elapsed=1194.683s phase=train event=interaction_progress trial=17 partition=0 processed=7100 total=14000 metric=ce epoch=1/1
[pipeline-trace] wall=20:01:30 elapsed=1195.589s phase=train event=interaction_progress trial=18 partition=0 processed=4500 total=14000 metric=ce epoch=1/1
[pipeline-trace] wall=20:01:31 elapsed=1196.165s phase=train event=interaction_progress trial=17 partition=0 processed=7200 total=14000 metric=ce epoch=1/1
[pipeline-trace] wall=20:01:31 elapsed=1196.846s phase=train event=interaction_progress trial=18 partition=0 processed=4600 total=14000 metric=ce epoch=1/1
[pipeline-trace] wall=20:01:32 elapsed=1197.626s phase=train event=interaction_progress trial=17 partition=0 processed=7300 total=14000 metric=ce epoch=1/1
[pipeline-trace] wall=20:01:33 elapsed=1198.053s phase=train event=interaction_progress trial=18 partition=0 processed=4700 total=14000 metric=ce epoch=1/1
[pipeline-trace] wall=20:01:34 elapsed=1199.359s phase=train event=interaction_progress trial=18 partition=0 processed=4800 total=14000 metric=ce epoch=1/1
[pipeline-trace] wall=20:01:34 elapsed=1199.088s phase=train event=interaction_progress trial=17 partition=0 processed=7400 total=14000 metric=ce epoch=1/1
[pipeline-trace] wall=20:01:35 elapsed=1200.604s phase=train event=interaction_progress trial=18 partition=0 processed=4900 total=14000 metric=ce epoch=1/1
[pipeline-trace] wall=20:01:35 elapsed=1200.475s phase=train event=interaction_progress trial=17 partition=0 processed=7500 total=14000 metric=ce epoch=1/1
[pipeline-trace] wall=20:01:36 elapsed=1201.898s phase=train event=interaction_progress trial=18 partition=0 processed=5000 total=14000 metric=ce epoch=1/1
[pipeline-trace] wall=20:01:37 elapsed=1201.854s phase=train event=interaction_progress trial=17 partition=0 processed=7600 total=14000 metric=ce epoch=1/1
[pipeline-trace] wall=20:01:38 elapsed=1203.114s phase=train event=interaction_progress trial=18 partition=0 processed=5100 total=14000 metric=ce epoch=1/1
[pipeline-trace] wall=20:01:38 elapsed=1203.300s phase=train event=interaction_progress trial=17 partition=0 processed=7700 total=14000 metric=ce epoch=1/1
[pipeline-trace] wall=20:01:39 elapsed=1204.270s phase=train event=interaction_progress trial=18 partition=0 processed=5200 total=14000 metric=ce epoch=1/1
[pipeline-trace] wall=20:01:40 elapsed=1204.742s phase=train event=interaction_progress trial=17 partition=0 processed=7800 total=14000 metric=ce epoch=1/1
[pipeline-trace] wall=20:01:40 elapsed=1205.485s phase=train event=interaction_progress trial=18 partition=0 processed=5300 total=14000 metric=ce epoch=1/1
[pipeline-trace] wall=20:01:41 elapsed=1206.161s phase=train event=interaction_progress trial=17 partition=0 processed=7900 total=14000 metric=ce epoch=1/1
[pipeline-trace] wall=20:01:41 elapsed=1206.664s phase=train event=interaction_progress trial=18 partition=0 processed=5400 total=14000 metric=ce epoch=1/1
[pipeline-trace] wall=20:01:42 elapsed=1207.865s phase=train event=interaction_progress trial=18 partition=0 processed=5500 total=14000 metric=ce epoch=1/1
[pipeline-trace] wall=20:01:42 elapsed=1207.613s phase=train event=interaction_progress trial=17 partition=0 processed=8000 total=14000 metric=ce epoch=1/1
[pipeline-trace] wall=20:01:44 elapsed=1209.197s phase=train event=interaction_progress trial=18 partition=0 processed=5600 total=14000 metric=ce epoch=1/1
[pipeline-trace] wall=20:01:46 elapsed=1210.941s phase=train event=interaction_progress trial=17 partition=0 processed=8100 total=14000 metric=ce epoch=1/1
[pipeline-trace] wall=20:01:46 elapsed=1211.505s phase=train event=interaction_progress trial=18 partition=0 processed=5700 total=14000 metric=ce epoch=1/1
[pipeline-trace] wall=20:01:47 elapsed=1212.855s phase=train event=interaction_progress trial=18 partition=0 processed=5800 total=14000 metric=ce epoch=1/1
[pipeline-trace] wall=20:01:49 elapsed=1214.303s phase=train event=interaction_progress trial=18 partition=0 processed=5900 total=14000 metric=ce epoch=1/1
[pipeline-trace] wall=20:01:50 elapsed=1214.731s phase=train event=interaction_progress trial=17 partition=0 processed=8200 total=14000 metric=ce epoch=1/1
[pipeline-trace] wall=20:01:50 elapsed=1215.158s phase=train event=interaction_progress trial=17 partition=0 processed=8300 total=14000 metric=ce epoch=1/1
[pipeline-trace] wall=20:01:51 elapsed=1216.049s phase=train event=interaction_progress trial=18 partition=0 processed=6000 total=14000 metric=ce epoch=1/1
[pipeline-trace] wall=20:01:51 elapsed=1216.145s phase=train event=interaction_progress trial=17 partition=0 processed=8400 total=14000 metric=ce epoch=1/1
[pipeline-trace] wall=20:01:51 elapsed=1216.511s phase=train event=interaction_progress trial=17 partition=0 processed=8500 total=14000 metric=ce epoch=1/1
[pipeline-trace] wall=20:01:52 elapsed=1216.877s phase=train event=interaction_progress trial=17 partition=0 processed=8600 total=14000 metric=ce epoch=1/1
[pipeline-trace] wall=20:01:52 elapsed=1217.230s phase=train event=interaction_progress trial=18 partition=0 processed=6100 total=14000 metric=ce epoch=1/1
[pipeline-trace] wall=20:01:52 elapsed=1217.285s phase=train event=interaction_progress trial=17 partition=0 processed=8700 total=14000 metric=ce epoch=1/1
[pipeline-trace] wall=20:01:53 elapsed=1217.687s phase=train event=interaction_progress trial=17 partition=0 processed=8800 total=14000 metric=ce epoch=1/1
[pipeline-trace] wall=20:01:53 elapsed=1218.468s phase=train event=interaction_progress trial=18 partition=0 processed=6200 total=14000 metric=ce epoch=1/1
[pipeline-trace] wall=20:01:54 elapsed=1219.062s phase=train event=interaction_progress trial=17 partition=0 processed=8900 total=14000 metric=ce epoch=1/1
[pipeline-trace] wall=20:01:54 elapsed=1219.753s phase=train event=interaction_progress trial=18 partition=0 processed=6300 total=14000 metric=ce epoch=1/1
[pipeline-trace] wall=20:01:55 elapsed=1220.756s phase=train event=interaction_progress trial=18 partition=0 processed=6400 total=14000 metric=ce epoch=1/1
[pipeline-trace] wall=20:01:55 elapsed=1220.587s phase=train event=interaction_progress trial=17 partition=0 processed=9000 total=14000 metric=ce epoch=1/1
[pipeline-trace] wall=20:01:56 elapsed=1221.084s phase=train event=interaction_progress trial=18 partition=0 processed=6500 total=14000 metric=ce epoch=1/1
[pipeline-trace] wall=20:01:56 elapsed=1221.356s phase=train event=interaction_progress trial=18 partition=0 processed=6600 total=14000 metric=ce epoch=1/1
[pipeline-trace] wall=20:01:56 elapsed=1221.638s phase=train event=interaction_progress trial=18 partition=0 processed=6700 total=14000 metric=ce epoch=1/1
[pipeline-trace] wall=20:01:57 elapsed=1222.039s phase=train event=interaction_progress trial=17 partition=0 processed=9100 total=14000 metric=ce epoch=1/1
[pipeline-trace] wall=20:01:57 elapsed=1222.408s phase=train event=interaction_progress trial=18 partition=0 processed=6800 total=14000 metric=ce epoch=1/1
[pipeline-trace] wall=20:01:57 elapsed=1222.827s phase=train event=interaction_progress trial=18 partition=0 processed=6900 total=14000 metric=ce epoch=1/1
[pipeline-trace] wall=20:01:58 elapsed=1223.140s phase=train event=interaction_progress trial=18 partition=0 processed=7000 total=14000 metric=ce epoch=1/1
[pipeline-trace] wall=20:01:58 elapsed=1223.474s phase=train event=interaction_progress trial=18 partition=0 processed=7100 total=14000 metric=ce epoch=1/1
[pipeline-trace] wall=20:01:58 elapsed=1223.412s phase=train event=interaction_progress trial=17 partition=0 processed=9200 total=14000 metric=ce epoch=1/1
[pipeline-trace] wall=20:01:58 elapsed=1223.914s phase=train event=interaction_progress trial=18 partition=0 processed=7200 total=14000 metric=ce epoch=1/1
[pipeline-trace] wall=20:01:59 elapsed=1224.281s phase=train event=interaction_progress trial=18 partition=0 processed=7300 total=14000 metric=ce epoch=1/1
[pipeline-trace] wall=20:02:00 elapsed=1224.804s phase=train event=interaction_progress trial=17 partition=0 processed=9300 total=14000 metric=ce epoch=1/1
[pipeline-trace] wall=20:02:00 elapsed=1225.498s phase=train event=interaction_progress trial=18 partition=0 processed=7400 total=14000 metric=ce epoch=1/1
[pipeline-trace] wall=20:02:01 elapsed=1226.276s phase=train event=interaction_progress trial=17 partition=0 processed=9400 total=14000 metric=ce epoch=1/1
[pipeline-trace] wall=20:02:01 elapsed=1226.722s phase=train event=interaction_progress trial=18 partition=0 processed=7500 total=14000 metric=ce epoch=1/1
[pipeline-trace] wall=20:02:02 elapsed=1227.979s phase=train event=interaction_progress trial=18 partition=0 processed=7600 total=14000 metric=ce epoch=1/1
[pipeline-trace] wall=20:02:03 elapsed=1227.755s phase=train event=interaction_progress trial=17 partition=0 processed=9500 total=14000 metric=ce epoch=1/1
[pipeline-trace] wall=20:02:04 elapsed=1229.166s phase=train event=interaction_progress trial=18 partition=0 processed=7700 total=14000 metric=ce epoch=1/1
[pipeline-trace] wall=20:02:04 elapsed=1229.301s phase=train event=interaction_progress trial=17 partition=0 processed=9600 total=14000 metric=ce epoch=1/1
[pipeline-trace] wall=20:02:05 elapsed=1230.439s phase=train event=interaction_progress trial=18 partition=0 processed=7800 total=14000 metric=ce epoch=1/1
[pipeline-trace] wall=20:02:06 elapsed=1230.813s phase=train event=interaction_progress trial=17 partition=0 processed=9700 total=14000 metric=ce epoch=1/1
[pipeline-trace] wall=20:02:06 elapsed=1231.657s phase=train event=interaction_progress trial=18 partition=0 processed=7900 total=14000 metric=ce epoch=1/1
[pipeline-trace] wall=20:02:07 elapsed=1232.356s phase=train event=interaction_progress trial=17 partition=0 processed=9800 total=14000 metric=ce epoch=1/1
[pipeline-trace] wall=20:02:07 elapsed=1232.879s phase=train event=interaction_progress trial=18 partition=0 processed=8000 total=14000 metric=ce epoch=1/1
[pipeline-trace] wall=20:02:09 elapsed=1234.113s phase=train event=interaction_progress trial=18 partition=0 processed=8100 total=14000 metric=ce epoch=1/1
[pipeline-trace] wall=20:02:09 elapsed=1233.812s phase=train event=interaction_progress trial=17 partition=0 processed=9900 total=14000 metric=ce epoch=1/1
[pipeline-trace] wall=20:02:10 elapsed=1235.285s phase=train event=interaction_progress trial=18 partition=0 processed=8200 total=14000 metric=ce epoch=1/1
[pipeline-trace] wall=20:02:10 elapsed=1235.326s phase=train event=interaction_progress trial=17 partition=0 processed=10000 total=14000 metric=ce epoch=1/1
[pipeline-trace] wall=20:02:11 elapsed=1236.511s phase=train event=interaction_progress trial=18 partition=0 processed=8300 total=14000 metric=ce epoch=1/1
[pipeline-trace] wall=20:02:12 elapsed=1236.871s phase=train event=interaction_progress trial=17 partition=0 processed=10100 total=14000 metric=ce epoch=1/1
[pipeline-trace] wall=20:02:12 elapsed=1237.705s phase=train event=interaction_progress trial=18 partition=0 processed=8400 total=14000 metric=ce epoch=1/1
[pipeline-trace] wall=20:02:13 elapsed=1238.478s phase=train event=interaction_progress trial=17 partition=0 processed=10200 total=14000 metric=ce epoch=1/1
[pipeline-trace] wall=20:02:13 elapsed=1238.912s phase=train event=interaction_progress trial=18 partition=0 processed=8500 total=14000 metric=ce epoch=1/1
[pipeline-trace] wall=20:02:15 elapsed=1240.186s phase=train event=interaction_progress trial=18 partition=0 processed=8600 total=14000 metric=ce epoch=1/1
[pipeline-trace] wall=20:02:15 elapsed=1239.895s phase=train event=interaction_progress trial=17 partition=0 processed=10300 total=14000 metric=ce epoch=1/1
[pipeline-trace] wall=20:02:16 elapsed=1241.381s phase=train event=interaction_progress trial=18 partition=0 processed=8700 total=14000 metric=ce epoch=1/1
[pipeline-trace] wall=20:02:16 elapsed=1241.378s phase=train event=interaction_progress trial=17 partition=0 processed=10400 total=14000 metric=ce epoch=1/1
[pipeline-trace] wall=20:02:17 elapsed=1242.627s phase=train event=interaction_progress trial=18 partition=0 processed=8800 total=14000 metric=ce epoch=1/1
[pipeline-trace] wall=20:02:18 elapsed=1242.823s phase=train event=interaction_progress trial=17 partition=0 processed=10500 total=14000 metric=ce epoch=1/1
[pipeline-trace] wall=20:02:18 elapsed=1243.868s phase=train event=interaction_progress trial=18 partition=0 processed=8900 total=14000 metric=ce epoch=1/1
[pipeline-trace] wall=20:02:19 elapsed=1244.236s phase=train event=interaction_progress trial=17 partition=0 processed=10600 total=14000 metric=ce epoch=1/1
[pipeline-trace] wall=20:02:20 elapsed=1245.097s phase=train event=interaction_progress trial=18 partition=0 processed=9000 total=14000 metric=ce epoch=1/1
[pipeline-trace] wall=20:02:21 elapsed=1245.685s phase=train event=interaction_progress trial=17 partition=0 processed=10700 total=14000 metric=ce epoch=1/1
[pipeline-trace] wall=20:02:21 elapsed=1246.427s phase=train event=interaction_progress trial=18 partition=0 processed=9100 total=14000 metric=ce epoch=1/1
[pipeline-trace] wall=20:02:22 elapsed=1247.206s phase=train event=interaction_progress trial=17 partition=0 processed=10800 total=14000 metric=ce epoch=1/1
[pipeline-trace] wall=20:02:22 elapsed=1247.636s phase=train event=interaction_progress trial=18 partition=0 processed=9200 total=14000 metric=ce epoch=1/1
[pipeline-trace] wall=20:02:23 elapsed=1248.908s phase=train event=interaction_progress trial=18 partition=0 processed=9300 total=14000 metric=ce epoch=1/1
[pipeline-trace] wall=20:02:24 elapsed=1248.746s phase=train event=interaction_progress trial=17 partition=0 processed=10900 total=14000 metric=ce epoch=1/1
[pipeline-trace] wall=20:02:25 elapsed=1250.135s phase=train event=interaction_progress trial=18 partition=0 processed=9400 total=14000 metric=ce epoch=1/1
[pipeline-trace] wall=20:02:25 elapsed=1250.225s phase=train event=interaction_progress trial=17 partition=0 processed=11000 total=14000 metric=ce epoch=1/1
[pipeline-trace] wall=20:02:26 elapsed=1251.503s phase=train event=interaction_progress trial=18 partition=0 processed=9500 total=14000 metric=ce epoch=1/1
[pipeline-trace] wall=20:02:27 elapsed=1251.712s phase=train event=interaction_progress trial=17 partition=0 processed=11100 total=14000 metric=ce epoch=1/1
[pipeline-trace] wall=20:02:27 elapsed=1252.710s phase=train event=interaction_progress trial=18 partition=0 processed=9600 total=14000 metric=ce epoch=1/1
[pipeline-trace] wall=20:02:28 elapsed=1253.239s phase=train event=interaction_progress trial=17 partition=0 processed=11200 total=14000 metric=ce epoch=1/1
[pipeline-trace] wall=20:02:28 elapsed=1253.967s phase=train event=interaction_progress trial=18 partition=0 processed=9700 total=14000 metric=ce epoch=1/1
[pipeline-trace] wall=20:02:30 elapsed=1254.775s phase=train event=interaction_progress trial=17 partition=0 processed=11300 total=14000 metric=ce epoch=1/1
[pipeline-trace] wall=20:02:30 elapsed=1255.138s phase=train event=interaction_progress trial=18 partition=0 processed=9800 total=14000 metric=ce epoch=1/1
[pipeline-trace] wall=20:02:31 elapsed=1256.309s phase=train event=interaction_progress trial=18 partition=0 processed=9900 total=14000 metric=ce epoch=1/1
[pipeline-trace] wall=20:02:31 elapsed=1256.261s phase=train event=interaction_progress trial=17 partition=0 processed=11400 total=14000 metric=ce epoch=1/1
[pipeline-trace] wall=20:02:32 elapsed=1257.602s phase=train event=interaction_progress trial=18 partition=0 processed=10000 total=14000 metric=ce epoch=1/1
[pipeline-trace] wall=20:02:33 elapsed=1257.678s phase=train event=interaction_progress trial=17 partition=0 processed=11500 total=14000 metric=ce epoch=1/1
[pipeline-trace] wall=20:02:33 elapsed=1258.759s phase=train event=interaction_progress trial=18 partition=0 processed=10100 total=14000 metric=ce epoch=1/1
[pipeline-trace] wall=20:02:34 elapsed=1259.162s phase=train event=interaction_progress trial=17 partition=0 processed=11600 total=14000 metric=ce epoch=1/1
[pipeline-trace] wall=20:02:34 elapsed=1260.000s phase=train event=interaction_progress trial=18 partition=0 processed=10200 total=14000 metric=ce epoch=1/1
[pipeline-trace] wall=20:02:35 elapsed=1260.512s phase=train event=interaction_progress trial=17 partition=0 processed=11700 total=14000 metric=ce epoch=1/1
[pipeline-trace] wall=20:02:37 elapsed=1261.922s phase=train event=interaction_progress trial=17 partition=0 processed=11800 total=14000 metric=ce epoch=1/1
[pipeline-trace] wall=20:02:39 elapsed=1263.971s phase=train event=interaction_progress trial=17 partition=0 processed=11900 total=14000 metric=ce epoch=1/1
[pipeline-trace] wall=20:02:40 elapsed=1265.417s phase=train event=interaction_progress trial=17 partition=0 processed=12000 total=14000 metric=ce epoch=1/1
[pipeline-trace] wall=20:02:42 elapsed=1267.151s phase=train event=interaction_progress trial=18 partition=0 processed=10300 total=14000 metric=ce epoch=1/1
[pipeline-trace] wall=20:02:42 elapsed=1267.045s phase=train event=interaction_progress trial=17 partition=0 processed=12100 total=14000 metric=ce epoch=1/1
[pipeline-trace] wall=20:02:43 elapsed=1268.531s phase=train event=interaction_progress trial=18 partition=0 processed=10400 total=14000 metric=ce epoch=1/1
[pipeline-trace] wall=20:02:43 elapsed=1268.486s phase=train event=interaction_progress trial=17 partition=0 processed=12200 total=14000 metric=ce epoch=1/1
[pipeline-trace] wall=20:02:44 elapsed=1269.713s phase=train event=interaction_progress trial=18 partition=0 processed=10500 total=14000 metric=ce epoch=1/1
[pipeline-trace] wall=20:02:45 elapsed=1270.094s phase=train event=interaction_progress trial=17 partition=0 processed=12300 total=14000 metric=ce epoch=1/1
[pipeline-trace] wall=20:02:45 elapsed=1270.915s phase=train event=interaction_progress trial=18 partition=0 processed=10600 total=14000 metric=ce epoch=1/1
[pipeline-trace] wall=20:02:46 elapsed=1271.471s phase=train event=interaction_progress trial=17 partition=0 processed=12400 total=14000 metric=ce epoch=1/1
[pipeline-trace] wall=20:02:47 elapsed=1272.151s phase=train event=interaction_progress trial=18 partition=0 processed=10700 total=14000 metric=ce epoch=1/1
[pipeline-trace] wall=20:02:48 elapsed=1272.880s phase=train event=interaction_progress trial=17 partition=0 processed=12500 total=14000 metric=ce epoch=1/1
[pipeline-trace] wall=20:02:48 elapsed=1273.340s phase=train event=interaction_progress trial=18 partition=0 processed=10800 total=14000 metric=ce epoch=1/1
[pipeline-trace] wall=20:02:49 elapsed=1274.580s phase=train event=interaction_progress trial=18 partition=0 processed=10900 total=14000 metric=ce epoch=1/1
[pipeline-trace] wall=20:02:49 elapsed=1274.266s phase=train event=interaction_progress trial=17 partition=0 processed=12600 total=14000 metric=ce epoch=1/1
[pipeline-trace] wall=20:02:50 elapsed=1275.766s phase=train event=interaction_progress trial=18 partition=0 processed=11000 total=14000 metric=ce epoch=1/1
[pipeline-trace] wall=20:02:50 elapsed=1275.642s phase=train event=interaction_progress trial=17 partition=0 processed=12700 total=14000 metric=ce epoch=1/1
[pipeline-trace] wall=20:02:51 elapsed=1276.986s phase=train event=interaction_progress trial=18 partition=0 processed=11100 total=14000 metric=ce epoch=1/1
[pipeline-trace] wall=20:02:52 elapsed=1277.141s phase=train event=interaction_progress trial=17 partition=0 processed=12800 total=14000 metric=ce epoch=1/1
[pipeline-trace] wall=20:02:53 elapsed=1278.236s phase=train event=interaction_progress trial=18 partition=0 processed=11200 total=14000 metric=ce epoch=1/1
[pipeline-trace] wall=20:02:53 elapsed=1278.632s phase=train event=interaction_progress trial=17 partition=0 processed=12900 total=14000 metric=ce epoch=1/1
[pipeline-trace] wall=20:02:54 elapsed=1279.424s phase=train event=interaction_progress trial=18 partition=0 processed=11300 total=14000 metric=ce epoch=1/1
[pipeline-trace] wall=20:02:55 elapsed=1280.110s phase=train event=interaction_progress trial=17 partition=0 processed=13000 total=14000 metric=ce epoch=1/1
[pipeline-trace] wall=20:02:55 elapsed=1280.667s phase=train event=interaction_progress trial=18 partition=0 processed=11400 total=14000 metric=ce epoch=1/1
[pipeline-trace] wall=20:02:56 elapsed=1281.847s phase=train event=interaction_progress trial=18 partition=0 processed=11500 total=14000 metric=ce epoch=1/1
[pipeline-trace] wall=20:02:56 elapsed=1281.553s phase=train event=interaction_progress trial=17 partition=0 processed=13100 total=14000 metric=ce epoch=1/1
[pipeline-trace] wall=20:02:58 elapsed=1283.091s phase=train event=interaction_progress trial=18 partition=0 processed=11600 total=14000 metric=ce epoch=1/1
[pipeline-trace] wall=20:02:58 elapsed=1283.065s phase=train event=interaction_progress trial=17 partition=0 processed=13200 total=14000 metric=ce epoch=1/1
[pipeline-trace] wall=20:02:59 elapsed=1284.346s phase=train event=interaction_progress trial=18 partition=0 processed=11700 total=14000 metric=ce epoch=1/1
[pipeline-trace] wall=20:02:59 elapsed=1284.565s phase=train event=interaction_progress trial=17 partition=0 processed=13300 total=14000 metric=ce epoch=1/1
[pipeline-trace] wall=20:03:00 elapsed=1285.544s phase=train event=interaction_progress trial=18 partition=0 processed=11800 total=14000 metric=ce epoch=1/1
[pipeline-trace] wall=20:03:01 elapsed=1286.037s phase=train event=interaction_progress trial=17 partition=0 processed=13400 total=14000 metric=ce epoch=1/1
[pipeline-trace] wall=20:03:01 elapsed=1286.809s phase=train event=interaction_progress trial=18 partition=0 processed=11900 total=14000 metric=ce epoch=1/1
[pipeline-trace] wall=20:03:02 elapsed=1287.586s phase=train event=interaction_progress trial=17 partition=0 processed=13500 total=14000 metric=ce epoch=1/1
[pipeline-trace] wall=20:03:03 elapsed=1288.049s phase=train event=interaction_progress trial=18 partition=0 processed=12000 total=14000 metric=ce epoch=1/1
[pipeline-trace] wall=20:03:04 elapsed=1289.273s phase=train event=interaction_progress trial=18 partition=0 processed=12100 total=14000 metric=ce epoch=1/1
[pipeline-trace] wall=20:03:04 elapsed=1289.185s phase=train event=interaction_progress trial=17 partition=0 processed=13600 total=14000 metric=ce epoch=1/1
[pipeline-trace] wall=20:03:05 elapsed=1290.528s phase=train event=interaction_progress trial=18 partition=0 processed=12200 total=14000 metric=ce epoch=1/1
[pipeline-trace] wall=20:03:06 elapsed=1290.788s phase=train event=interaction_progress trial=17 partition=0 processed=13700 total=14000 metric=ce epoch=1/1
[pipeline-trace] wall=20:03:06 elapsed=1291.731s phase=train event=interaction_progress trial=18 partition=0 processed=12300 total=14000 metric=ce epoch=1/1
[pipeline-trace] wall=20:03:07 elapsed=1292.330s phase=train event=interaction_progress trial=17 partition=0 processed=13800 total=14000 metric=ce epoch=1/1
[pipeline-trace] wall=20:03:07 elapsed=1292.992s phase=train event=interaction_progress trial=18 partition=0 processed=12400 total=14000 metric=ce epoch=1/1
[pipeline-trace] wall=20:03:09 elapsed=1293.831s phase=train event=interaction_progress trial=17 partition=0 processed=13900 total=14000 metric=ce epoch=1/1
[pipeline-trace] wall=20:03:09 elapsed=1294.205s phase=train event=interaction_progress trial=18 partition=0 processed=12500 total=14000 metric=ce epoch=1/1
[pipeline-trace] wall=20:03:10 elapsed=1295.423s phase=train event=interaction_progress trial=18 partition=0 processed=12600 total=14000 metric=ce epoch=1/1
[pipeline-trace] wall=20:03:10 elapsed=1295.303s phase=train event=interaction_progress trial=17 partition=0 processed=14000 total=14000 metric=ce epoch=1/1
[pipeline-trace] wall=20:03:10 elapsed=1295.463s phase=eval event=batch_start trial=17 partitions=[1] synthetic=False
[pipeline-trace] wall=20:03:10 elapsed=1295.463s phase=eval event=partition_start trial=17 partition=1 interactions=1999
[pipeline-trace] wall=20:03:10 elapsed=1295.463s phase=eval event=interaction_progress trial=17 partition=1 processed=1 total=1999 metric=ranking
[pipeline-trace] wall=20:03:11 elapsed=1296.625s phase=train event=interaction_progress trial=18 partition=0 processed=12700 total=14000 metric=ce epoch=1/1
[pipeline-trace] wall=20:03:12 elapsed=1297.101s phase=eval event=interaction_progress trial=17 partition=1 processed=100 total=1999 metric=ranking
[pipeline-trace] wall=20:03:12 elapsed=1297.792s phase=train event=interaction_progress trial=18 partition=0 processed=12800 total=14000 metric=ce epoch=1/1
[pipeline-trace] wall=20:03:14 elapsed=1299.053s phase=train event=interaction_progress trial=18 partition=0 processed=12900 total=14000 metric=ce epoch=1/1
[pipeline-trace] wall=20:03:14 elapsed=1298.719s phase=eval event=interaction_progress trial=17 partition=1 processed=200 total=1999 metric=ranking
[pipeline-trace] wall=20:03:15 elapsed=1300.250s phase=train event=interaction_progress trial=18 partition=0 processed=13000 total=14000 metric=ce epoch=1/1
[pipeline-trace] wall=20:03:15 elapsed=1300.382s phase=eval event=interaction_progress trial=17 partition=1 processed=300 total=1999 metric=ranking
[pipeline-trace] wall=20:03:16 elapsed=1301.460s phase=train event=interaction_progress trial=18 partition=0 processed=13100 total=14000 metric=ce epoch=1/1
[pipeline-trace] wall=20:03:17 elapsed=1301.860s phase=eval event=interaction_progress trial=17 partition=1 processed=400 total=1999 metric=ranking
[pipeline-trace] wall=20:03:17 elapsed=1302.749s phase=train event=interaction_progress trial=18 partition=0 processed=13200 total=14000 metric=ce epoch=1/1
[pipeline-trace] wall=20:03:18 elapsed=1303.431s phase=eval event=interaction_progress trial=17 partition=1 processed=500 total=1999 metric=ranking
[pipeline-trace] wall=20:03:18 elapsed=1303.976s phase=train event=interaction_progress trial=18 partition=0 processed=13300 total=14000 metric=ce epoch=1/1
[pipeline-trace] wall=20:03:20 elapsed=1305.285s phase=train event=interaction_progress trial=18 partition=0 processed=13400 total=14000 metric=ce epoch=1/1
[pipeline-trace] wall=20:03:20 elapsed=1305.007s phase=eval event=interaction_progress trial=17 partition=1 processed=600 total=1999 metric=ranking
[pipeline-trace] wall=20:03:21 elapsed=1306.465s phase=train event=interaction_progress trial=18 partition=0 processed=13500 total=14000 metric=ce epoch=1/1
[pipeline-trace] wall=20:03:21 elapsed=1306.659s phase=eval event=interaction_progress trial=17 partition=1 processed=700 total=1999 metric=ranking
[pipeline-trace] wall=20:03:22 elapsed=1307.677s phase=train event=interaction_progress trial=18 partition=0 processed=13600 total=14000 metric=ce epoch=1/1
[pipeline-trace] wall=20:03:23 elapsed=1308.266s phase=eval event=interaction_progress trial=17 partition=1 processed=800 total=1999 metric=ranking
[pipeline-trace] wall=20:03:23 elapsed=1308.911s phase=train event=interaction_progress trial=18 partition=0 processed=13700 total=14000 metric=ce epoch=1/1
[pipeline-trace] wall=20:03:25 elapsed=1310.106s phase=train event=interaction_progress trial=18 partition=0 processed=13800 total=14000 metric=ce epoch=1/1
[pipeline-trace] wall=20:03:25 elapsed=1309.881s phase=eval event=interaction_progress trial=17 partition=1 processed=900 total=1999 metric=ranking
[pipeline-trace] wall=20:03:26 elapsed=1311.322s phase=eval event=interaction_progress trial=17 partition=1 processed=1000 total=1999 metric=ranking
[pipeline-trace] wall=20:03:28 elapsed=1313.467s phase=train event=interaction_progress trial=18 partition=0 processed=13900 total=14000 metric=ce epoch=1/1
[pipeline-trace] wall=20:03:30 elapsed=1315.666s phase=train event=interaction_progress trial=18 partition=0 processed=14000 total=14000 metric=ce epoch=1/1
[pipeline-trace] wall=20:03:32 elapsed=1317.645s phase=eval event=batch_start trial=18 partitions=[1] synthetic=False
[pipeline-trace] wall=20:03:32 elapsed=1317.645s phase=eval event=partition_start trial=18 partition=1 interactions=1999
[pipeline-trace] wall=20:03:32 elapsed=1317.645s phase=eval event=interaction_progress trial=18 partition=1 processed=1 total=1999 metric=ranking
[pipeline-trace] wall=20:03:33 elapsed=1317.933s phase=eval event=interaction_progress trial=17 partition=1 processed=1100 total=1999 metric=ranking
[pipeline-trace] wall=20:03:33 elapsed=1318.987s phase=eval event=interaction_progress trial=18 partition=1 processed=100 total=1999 metric=ranking
[pipeline-trace] wall=20:03:34 elapsed=1319.517s phase=eval event=interaction_progress trial=17 partition=1 processed=1200 total=1999 metric=ranking
[pipeline-trace] wall=20:03:35 elapsed=1320.265s phase=eval event=interaction_progress trial=18 partition=1 processed=200 total=1999 metric=ranking
[pipeline-trace] wall=20:03:36 elapsed=1321.506s phase=eval event=interaction_progress trial=18 partition=1 processed=300 total=1999 metric=ranking
[pipeline-trace] wall=20:03:36 elapsed=1321.173s phase=eval event=interaction_progress trial=17 partition=1 processed=1300 total=1999 metric=ranking
[pipeline-trace] wall=20:03:37 elapsed=1322.739s phase=eval event=interaction_progress trial=18 partition=1 processed=400 total=1999 metric=ranking
[pipeline-trace] wall=20:03:38 elapsed=1322.787s phase=eval event=interaction_progress trial=17 partition=1 processed=1400 total=1999 metric=ranking
[pipeline-trace] wall=20:03:39 elapsed=1324.038s phase=eval event=interaction_progress trial=18 partition=1 processed=500 total=1999 metric=ranking
[pipeline-trace] wall=20:03:39 elapsed=1324.438s phase=eval event=interaction_progress trial=17 partition=1 processed=1500 total=1999 metric=ranking
[pipeline-trace] wall=20:03:40 elapsed=1325.283s phase=eval event=interaction_progress trial=18 partition=1 processed=600 total=1999 metric=ranking
[pipeline-trace] wall=20:03:41 elapsed=1326.081s phase=eval event=interaction_progress trial=17 partition=1 processed=1600 total=1999 metric=ranking
[pipeline-trace] wall=20:03:41 elapsed=1326.625s phase=eval event=interaction_progress trial=18 partition=1 processed=700 total=1999 metric=ranking
[pipeline-trace] wall=20:03:42 elapsed=1327.902s phase=eval event=interaction_progress trial=18 partition=1 processed=800 total=1999 metric=ranking
[pipeline-trace] wall=20:03:43 elapsed=1327.719s phase=eval event=interaction_progress trial=17 partition=1 processed=1700 total=1999 metric=ranking
[pipeline-trace] wall=20:03:44 elapsed=1329.241s phase=eval event=interaction_progress trial=18 partition=1 processed=900 total=1999 metric=ranking
[pipeline-trace] wall=20:03:44 elapsed=1329.329s phase=eval event=interaction_progress trial=17 partition=1 processed=1800 total=1999 metric=ranking
[pipeline-trace] wall=20:03:45 elapsed=1330.550s phase=eval event=interaction_progress trial=18 partition=1 processed=1000 total=1999 metric=ranking
[pipeline-trace] wall=20:03:46 elapsed=1330.938s phase=eval event=interaction_progress trial=17 partition=1 processed=1900 total=1999 metric=ranking
[pipeline-trace] wall=20:03:46 elapsed=1331.846s phase=eval event=interaction_progress trial=18 partition=1 processed=1100 total=1999 metric=ranking
[pipeline-trace] wall=20:03:47 elapsed=1332.566s phase=eval event=interaction_progress trial=17 partition=1 processed=1999 total=1999 metric=ranking
[pipeline-trace] wall=20:03:47 elapsed=1332.587s phase=eval event=partition_complete trial=17 partition=1 elapsed_sec=37.124 hits=1018 total=1999
[pipeline-trace] wall=20:03:48 elapsed=1332.757s phase=train event=interaction_progress trial=19 partition=0 processed=1 total=14000 metric=ce epoch=1/1
[pipeline-trace] wall=20:03:48 elapsed=1333.141s phase=eval event=interaction_progress trial=18 partition=1 processed=1200 total=1999 metric=ranking
[pipeline-trace] wall=20:03:49 elapsed=1334.461s phase=eval event=interaction_progress trial=18 partition=1 processed=1300 total=1999 metric=ranking
[pipeline-trace] wall=20:03:50 elapsed=1334.939s phase=train event=interaction_progress trial=19 partition=0 processed=100 total=14000 metric=ce epoch=1/1
[pipeline-trace] wall=20:03:50 elapsed=1335.772s phase=eval event=interaction_progress trial=18 partition=1 processed=1400 total=1999 metric=ranking
[pipeline-trace] wall=20:03:52 elapsed=1337.057s phase=eval event=interaction_progress trial=18 partition=1 processed=1500 total=1999 metric=ranking
[pipeline-trace] wall=20:03:52 elapsed=1337.176s phase=train event=interaction_progress trial=19 partition=0 processed=200 total=14000 metric=ce epoch=1/1
[pipeline-trace] wall=20:03:53 elapsed=1338.412s phase=eval event=interaction_progress trial=18 partition=1 processed=1600 total=1999 metric=ranking
[pipeline-trace] wall=20:03:54 elapsed=1339.713s phase=eval event=interaction_progress trial=18 partition=1 processed=1700 total=1999 metric=ranking
[pipeline-trace] wall=20:03:54 elapsed=1339.427s phase=train event=interaction_progress trial=19 partition=0 processed=300 total=14000 metric=ce epoch=1/1
[pipeline-trace] wall=20:03:56 elapsed=1341.034s phase=eval event=interaction_progress trial=18 partition=1 processed=1800 total=1999 metric=ranking
[pipeline-trace] wall=20:03:56 elapsed=1341.639s phase=train event=interaction_progress trial=19 partition=0 processed=400 total=14000 metric=ce epoch=1/1
[pipeline-trace] wall=20:03:57 elapsed=1342.330s phase=eval event=interaction_progress trial=18 partition=1 processed=1900 total=1999 metric=ranking
[pipeline-trace] wall=20:03:58 elapsed=1343.620s phase=eval event=interaction_progress trial=18 partition=1 processed=1999 total=1999 metric=ranking
[pipeline-trace] wall=20:03:58 elapsed=1343.622s phase=eval event=partition_complete trial=18 partition=1 elapsed_sec=25.977 hits=1449 total=1999
[pipeline-trace] wall=20:03:58 elapsed=1343.824s phase=train event=interaction_progress trial=20 partition=0 processed=1 total=14000 metric=ce epoch=1/1
[pipeline-trace] wall=20:03:59 elapsed=1343.803s phase=train event=interaction_progress trial=19 partition=0 processed=500 total=14000 metric=ce epoch=1/1
[pipeline-trace] wall=20:03:59 elapsed=1344.978s phase=train event=interaction_progress trial=20 partition=0 processed=100 total=14000 metric=ce epoch=1/1
[pipeline-trace] wall=20:04:01 elapsed=1346.203s phase=train event=interaction_progress trial=20 partition=0 processed=200 total=14000 metric=ce epoch=1/1
[pipeline-trace] wall=20:04:01 elapsed=1346.077s phase=train event=interaction_progress trial=19 partition=0 processed=600 total=14000 metric=ce epoch=1/1
[pipeline-trace] wall=20:04:02 elapsed=1347.392s phase=train event=interaction_progress trial=20 partition=0 processed=300 total=14000 metric=ce epoch=1/1
[pipeline-trace] wall=20:04:03 elapsed=1348.582s phase=train event=interaction_progress trial=20 partition=0 processed=400 total=14000 metric=ce epoch=1/1
[pipeline-trace] wall=20:04:03 elapsed=1348.370s phase=train event=interaction_progress trial=19 partition=0 processed=700 total=14000 metric=ce epoch=1/1
[pipeline-trace] wall=20:04:04 elapsed=1348.945s phase=train event=interaction_progress trial=19 partition=0 processed=800 total=14000 metric=ce epoch=1/1
[pipeline-trace] wall=20:04:04 elapsed=1349.302s phase=train event=interaction_progress trial=19 partition=0 processed=900 total=14000 metric=ce epoch=1/1
[pipeline-trace] wall=20:04:04 elapsed=1349.796s phase=train event=interaction_progress trial=20 partition=0 processed=500 total=14000 metric=ce epoch=1/1
[pipeline-trace] wall=20:04:05 elapsed=1349.667s phase=train event=interaction_progress trial=19 partition=0 processed=1000 total=14000 metric=ce epoch=1/1
[pipeline-trace] wall=20:04:05 elapsed=1350.946s phase=train event=interaction_progress trial=20 partition=0 processed=600 total=14000 metric=ce epoch=1/1
[pipeline-trace] wall=20:04:06 elapsed=1350.705s phase=train event=interaction_progress trial=19 partition=0 processed=1100 total=14000 metric=ce epoch=1/1
[pipeline-trace] wall=20:04:06 elapsed=1351.064s phase=train event=interaction_progress trial=19 partition=0 processed=1200 total=14000 metric=ce epoch=1/1
[pipeline-trace] wall=20:04:06 elapsed=1351.453s phase=train event=interaction_progress trial=19 partition=0 processed=1300 total=14000 metric=ce epoch=1/1
[pipeline-trace] wall=20:04:07 elapsed=1352.122s phase=train event=interaction_progress trial=20 partition=0 processed=700 total=14000 metric=ce epoch=1/1
[pipeline-trace] wall=20:04:07 elapsed=1351.887s phase=train event=interaction_progress trial=19 partition=0 processed=1400 total=14000 metric=ce epoch=1/1
[pipeline-trace] wall=20:04:08 elapsed=1353.362s phase=train event=interaction_progress trial=20 partition=0 processed=800 total=14000 metric=ce epoch=1/1
[pipeline-trace] wall=20:04:08 elapsed=1353.406s phase=train event=interaction_progress trial=19 partition=0 processed=1500 total=14000 metric=ce epoch=1/1
[pipeline-trace] wall=20:04:09 elapsed=1354.528s phase=train event=interaction_progress trial=20 partition=0 processed=900 total=14000 metric=ce epoch=1/1
[pipeline-trace] wall=20:04:10 elapsed=1355.733s phase=train event=interaction_progress trial=20 partition=0 processed=1000 total=14000 metric=ce epoch=1/1
[pipeline-trace] wall=20:04:11 elapsed=1355.706s phase=train event=interaction_progress trial=19 partition=0 processed=1600 total=14000 metric=ce epoch=1/1
[pipeline-trace] wall=20:04:11 elapsed=1356.911s phase=train event=interaction_progress trial=20 partition=0 processed=1100 total=14000 metric=ce epoch=1/1
[pipeline-trace] wall=20:04:13 elapsed=1358.047s phase=train event=interaction_progress trial=20 partition=0 processed=1200 total=14000 metric=ce epoch=1/1
[pipeline-trace] wall=20:04:13 elapsed=1357.933s phase=train event=interaction_progress trial=19 partition=0 processed=1700 total=14000 metric=ce epoch=1/1
[pipeline-trace] wall=20:04:14 elapsed=1359.289s phase=train event=interaction_progress trial=20 partition=0 processed=1300 total=14000 metric=ce epoch=1/1
[pipeline-trace] wall=20:04:14 elapsed=1359.761s phase=train event=interaction_progress trial=20 partition=0 processed=1400 total=14000 metric=ce epoch=1/1
[pipeline-trace] wall=20:04:15 elapsed=1360.037s phase=train event=interaction_progress trial=20 partition=0 processed=1500 total=14000 metric=ce epoch=1/1
[pipeline-trace] wall=20:04:15 elapsed=1360.314s phase=train event=interaction_progress trial=20 partition=0 processed=1600 total=14000 metric=ce epoch=1/1
[pipeline-trace] wall=20:04:15 elapsed=1360.201s phase=train event=interaction_progress trial=19 partition=0 processed=1800 total=14000 metric=ce epoch=1/1
[pipeline-trace] wall=20:04:15 elapsed=1360.593s phase=train event=interaction_progress trial=20 partition=0 processed=1700 total=14000 metric=ce epoch=1/1
[pipeline-trace] wall=20:04:16 elapsed=1361.484s phase=train event=interaction_progress trial=20 partition=0 processed=1800 total=14000 metric=ce epoch=1/1
[pipeline-trace] wall=20:04:17 elapsed=1362.420s phase=train event=interaction_progress trial=19 partition=0 processed=1900 total=14000 metric=ce epoch=1/1
[pipeline-trace] wall=20:04:24 elapsed=1369.607s phase=train event=interaction_progress trial=20 partition=0 processed=1900 total=14000 metric=ce epoch=1/1
[pipeline-trace] wall=20:04:25 elapsed=1370.793s phase=train event=interaction_progress trial=20 partition=0 processed=2000 total=14000 metric=ce epoch=1/1
[pipeline-trace] wall=20:04:26 elapsed=1370.989s phase=train event=interaction_progress trial=19 partition=0 processed=2000 total=14000 metric=ce epoch=1/1
[pipeline-trace] wall=20:04:27 elapsed=1372.043s phase=train event=interaction_progress trial=20 partition=0 processed=2100 total=14000 metric=ce epoch=1/1
[pipeline-trace] wall=20:04:28 elapsed=1373.231s phase=train event=interaction_progress trial=20 partition=0 processed=2200 total=14000 metric=ce epoch=1/1
[pipeline-trace] wall=20:04:28 elapsed=1373.321s phase=train event=interaction_progress trial=19 partition=0 processed=2100 total=14000 metric=ce epoch=1/1
[pipeline-trace] wall=20:04:29 elapsed=1374.453s phase=train event=interaction_progress trial=20 partition=0 processed=2300 total=14000 metric=ce epoch=1/1
[pipeline-trace] wall=20:04:30 elapsed=1375.634s phase=train event=interaction_progress trial=20 partition=0 processed=2400 total=14000 metric=ce epoch=1/1
[pipeline-trace] wall=20:04:30 elapsed=1375.537s phase=train event=interaction_progress trial=19 partition=0 processed=2200 total=14000 metric=ce epoch=1/1
[pipeline-trace] wall=20:04:31 elapsed=1376.815s phase=train event=interaction_progress trial=20 partition=0 processed=2500 total=14000 metric=ce epoch=1/1
[pipeline-trace] wall=20:04:33 elapsed=1378.029s phase=train event=interaction_progress trial=20 partition=0 processed=2600 total=14000 metric=ce epoch=1/1
[pipeline-trace] wall=20:04:33 elapsed=1377.772s phase=train event=interaction_progress trial=19 partition=0 processed=2300 total=14000 metric=ce epoch=1/1
[pipeline-trace] wall=20:04:34 elapsed=1379.184s phase=train event=interaction_progress trial=20 partition=0 processed=2700 total=14000 metric=ce epoch=1/1
[pipeline-trace] wall=20:04:35 elapsed=1379.967s phase=train event=interaction_progress trial=19 partition=0 processed=2400 total=14000 metric=ce epoch=1/1
[pipeline-trace] wall=20:04:35 elapsed=1380.365s phase=train event=interaction_progress trial=20 partition=0 processed=2800 total=14000 metric=ce epoch=1/1
[pipeline-trace] wall=20:04:36 elapsed=1381.565s phase=train event=interaction_progress trial=20 partition=0 processed=2900 total=14000 metric=ce epoch=1/1
[pipeline-trace] wall=20:04:37 elapsed=1382.074s phase=train event=interaction_progress trial=19 partition=0 processed=2500 total=14000 metric=ce epoch=1/1
[pipeline-trace] wall=20:04:37 elapsed=1382.712s phase=train event=interaction_progress trial=20 partition=0 processed=3000 total=14000 metric=ce epoch=1/1
[pipeline-trace] wall=20:04:38 elapsed=1383.920s phase=train event=interaction_progress trial=20 partition=0 processed=3100 total=14000 metric=ce epoch=1/1
[pipeline-trace] wall=20:04:39 elapsed=1384.352s phase=train event=interaction_progress trial=19 partition=0 processed=2600 total=14000 metric=ce epoch=1/1
[pipeline-trace] wall=20:04:40 elapsed=1385.106s phase=train event=interaction_progress trial=20 partition=0 processed=3200 total=14000 metric=ce epoch=1/1
[pipeline-trace] wall=20:04:41 elapsed=1386.267s phase=train event=interaction_progress trial=20 partition=0 processed=3300 total=14000 metric=ce epoch=1/1
[pipeline-trace] wall=20:04:41 elapsed=1386.581s phase=train event=interaction_progress trial=19 partition=0 processed=2700 total=14000 metric=ce epoch=1/1
[pipeline-trace] wall=20:04:42 elapsed=1387.440s phase=train event=interaction_progress trial=20 partition=0 processed=3400 total=14000 metric=ce epoch=1/1
[pipeline-trace] wall=20:04:43 elapsed=1388.621s phase=train event=interaction_progress trial=20 partition=0 processed=3500 total=14000 metric=ce epoch=1/1
[pipeline-trace] wall=20:04:44 elapsed=1388.878s phase=train event=interaction_progress trial=19 partition=0 processed=2800 total=14000 metric=ce epoch=1/1
[pipeline-trace] wall=20:04:44 elapsed=1389.824s phase=train event=interaction_progress trial=20 partition=0 processed=3600 total=14000 metric=ce epoch=1/1
[pipeline-trace] wall=20:04:46 elapsed=1391.062s phase=train event=interaction_progress trial=20 partition=0 processed=3700 total=14000 metric=ce epoch=1/1
[pipeline-trace] wall=20:04:46 elapsed=1391.149s phase=train event=interaction_progress trial=19 partition=0 processed=2900 total=14000 metric=ce epoch=1/1
[pipeline-trace] wall=20:04:47 elapsed=1392.176s phase=train event=interaction_progress trial=20 partition=0 processed=3800 total=14000 metric=ce epoch=1/1
[pipeline-trace] wall=20:04:48 elapsed=1393.386s phase=train event=interaction_progress trial=20 partition=0 processed=3900 total=14000 metric=ce epoch=1/1
[pipeline-trace] wall=20:04:48 elapsed=1393.416s phase=train event=interaction_progress trial=19 partition=0 processed=3000 total=14000 metric=ce epoch=1/1
[pipeline-trace] wall=20:04:49 elapsed=1394.595s phase=train event=interaction_progress trial=20 partition=0 processed=4000 total=14000 metric=ce epoch=1/1
[pipeline-trace] wall=20:04:50 elapsed=1395.760s phase=train event=interaction_progress trial=20 partition=0 processed=4100 total=14000 metric=ce epoch=1/1
[pipeline-trace] wall=20:04:50 elapsed=1395.635s phase=train event=interaction_progress trial=19 partition=0 processed=3100 total=14000 metric=ce epoch=1/1
[pipeline-trace] wall=20:04:51 elapsed=1396.982s phase=train event=interaction_progress trial=20 partition=0 processed=4200 total=14000 metric=ce epoch=1/1
[pipeline-trace] wall=20:04:53 elapsed=1398.161s phase=train event=interaction_progress trial=20 partition=0 processed=4300 total=14000 metric=ce epoch=1/1
[pipeline-trace] wall=20:04:53 elapsed=1397.875s phase=train event=interaction_progress trial=19 partition=0 processed=3200 total=14000 metric=ce epoch=1/1
[pipeline-trace] wall=20:04:54 elapsed=1399.271s phase=train event=interaction_progress trial=20 partition=0 processed=4400 total=14000 metric=ce epoch=1/1
[pipeline-trace] wall=20:04:55 elapsed=1400.377s phase=train event=interaction_progress trial=20 partition=0 processed=4500 total=14000 metric=ce epoch=1/1
[pipeline-trace] wall=20:04:55 elapsed=1400.037s phase=train event=interaction_progress trial=19 partition=0 processed=3300 total=14000 metric=ce epoch=1/1
[pipeline-trace] wall=20:04:56 elapsed=1401.554s phase=train event=interaction_progress trial=20 partition=0 processed=4600 total=14000 metric=ce epoch=1/1
[pipeline-trace] wall=20:04:57 elapsed=1402.319s phase=train event=interaction_progress trial=19 partition=0 processed=3400 total=14000 metric=ce epoch=1/1
[pipeline-trace] wall=20:04:57 elapsed=1402.708s phase=train event=interaction_progress trial=20 partition=0 processed=4700 total=14000 metric=ce epoch=1/1
[pipeline-trace] wall=20:04:58 elapsed=1403.974s phase=train event=interaction_progress trial=20 partition=0 processed=4800 total=14000 metric=ce epoch=1/1
[pipeline-trace] wall=20:04:59 elapsed=1404.531s phase=train event=interaction_progress trial=19 partition=0 processed=3500 total=14000 metric=ce epoch=1/1
[pipeline-trace] wall=20:05:00 elapsed=1405.162s phase=train event=interaction_progress trial=20 partition=0 processed=4900 total=14000 metric=ce epoch=1/1
[pipeline-trace] wall=20:05:01 elapsed=1406.361s phase=train event=interaction_progress trial=20 partition=0 processed=5000 total=14000 metric=ce epoch=1/1
[pipeline-trace] wall=20:05:02 elapsed=1406.825s phase=train event=interaction_progress trial=19 partition=0 processed=3600 total=14000 metric=ce epoch=1/1
[pipeline-trace] wall=20:05:02 elapsed=1407.579s phase=train event=interaction_progress trial=20 partition=0 processed=5100 total=14000 metric=ce epoch=1/1
[pipeline-trace] wall=20:05:03 elapsed=1408.701s phase=train event=interaction_progress trial=20 partition=0 processed=5200 total=14000 metric=ce epoch=1/1
[pipeline-trace] wall=20:05:04 elapsed=1409.010s phase=train event=interaction_progress trial=19 partition=0 processed=3700 total=14000 metric=ce epoch=1/1
[pipeline-trace] wall=20:05:04 elapsed=1409.876s phase=train event=interaction_progress trial=20 partition=0 processed=5300 total=14000 metric=ce epoch=1/1
[pipeline-trace] wall=20:05:06 elapsed=1411.058s phase=train event=interaction_progress trial=20 partition=0 processed=5400 total=14000 metric=ce epoch=1/1
[pipeline-trace] wall=20:05:06 elapsed=1411.290s phase=train event=interaction_progress trial=19 partition=0 processed=3800 total=14000 metric=ce epoch=1/1
[pipeline-trace] wall=20:05:07 elapsed=1412.206s phase=train event=interaction_progress trial=20 partition=0 processed=5500 total=14000 metric=ce epoch=1/1
[pipeline-trace] wall=20:05:08 elapsed=1413.440s phase=train event=interaction_progress trial=20 partition=0 processed=5600 total=14000 metric=ce epoch=1/1
[pipeline-trace] wall=20:05:08 elapsed=1413.426s phase=train event=interaction_progress trial=19 partition=0 processed=3900 total=14000 metric=ce epoch=1/1
[pipeline-trace] wall=20:05:09 elapsed=1414.708s phase=train event=interaction_progress trial=20 partition=0 processed=5700 total=14000 metric=ce epoch=1/1
[pipeline-trace] wall=20:05:10 elapsed=1415.921s phase=train event=interaction_progress trial=20 partition=0 processed=5800 total=14000 metric=ce epoch=1/1
[pipeline-trace] wall=20:05:12 elapsed=1417.180s phase=train event=interaction_progress trial=20 partition=0 processed=5900 total=14000 metric=ce epoch=1/1
[pipeline-trace] wall=20:05:13 elapsed=1418.409s phase=train event=interaction_progress trial=20 partition=0 processed=6000 total=14000 metric=ce epoch=1/1
[pipeline-trace] wall=20:05:14 elapsed=1419.664s phase=train event=interaction_progress trial=20 partition=0 processed=6100 total=14000 metric=ce epoch=1/1
[pipeline-trace] wall=20:05:14 elapsed=1419.609s phase=train event=interaction_progress trial=19 partition=0 processed=4000 total=14000 metric=ce epoch=1/1
[pipeline-trace] wall=20:05:15 elapsed=1420.851s phase=train event=interaction_progress trial=20 partition=0 processed=6200 total=14000 metric=ce epoch=1/1
[pipeline-trace] wall=20:05:17 elapsed=1422.058s phase=train event=interaction_progress trial=20 partition=0 processed=6300 total=14000 metric=ce epoch=1/1
[pipeline-trace] wall=20:05:17 elapsed=1421.897s phase=train event=interaction_progress trial=19 partition=0 processed=4100 total=14000 metric=ce epoch=1/1
[pipeline-trace] wall=20:05:18 elapsed=1423.271s phase=train event=interaction_progress trial=20 partition=0 processed=6400 total=14000 metric=ce epoch=1/1
[pipeline-trace] wall=20:05:19 elapsed=1424.443s phase=train event=interaction_progress trial=20 partition=0 processed=6500 total=14000 metric=ce epoch=1/1
[pipeline-trace] wall=20:05:19 elapsed=1424.254s phase=train event=interaction_progress trial=19 partition=0 processed=4200 total=14000 metric=ce epoch=1/1
[pipeline-trace] wall=20:05:20 elapsed=1425.638s phase=train event=interaction_progress trial=20 partition=0 processed=6600 total=14000 metric=ce epoch=1/1
[pipeline-trace] wall=20:05:21 elapsed=1426.394s phase=train event=interaction_progress trial=19 partition=0 processed=4300 total=14000 metric=ce epoch=1/1
[pipeline-trace] wall=20:05:21 elapsed=1426.803s phase=train event=interaction_progress trial=20 partition=0 processed=6700 total=14000 metric=ce epoch=1/1
[pipeline-trace] wall=20:05:22 elapsed=1427.950s phase=train event=interaction_progress trial=20 partition=0 processed=6800 total=14000 metric=ce epoch=1/1
[pipeline-trace] wall=20:05:23 elapsed=1428.532s phase=train event=interaction_progress trial=19 partition=0 processed=4400 total=14000 metric=ce epoch=1/1
[pipeline-trace] wall=20:05:24 elapsed=1429.127s phase=train event=interaction_progress trial=20 partition=0 processed=6900 total=14000 metric=ce epoch=1/1
[pipeline-trace] wall=20:05:25 elapsed=1430.270s phase=train event=interaction_progress trial=20 partition=0 processed=7000 total=14000 metric=ce epoch=1/1
[pipeline-trace] wall=20:05:26 elapsed=1430.730s phase=train event=interaction_progress trial=19 partition=0 processed=4500 total=14000 metric=ce epoch=1/1
[pipeline-trace] wall=20:05:26 elapsed=1431.410s phase=train event=interaction_progress trial=20 partition=0 processed=7100 total=14000 metric=ce epoch=1/1
[pipeline-trace] wall=20:05:27 elapsed=1432.598s phase=train event=interaction_progress trial=20 partition=0 processed=7200 total=14000 metric=ce epoch=1/1
[pipeline-trace] wall=20:05:28 elapsed=1432.900s phase=train event=interaction_progress trial=19 partition=0 processed=4600 total=14000 metric=ce epoch=1/1
[pipeline-trace] wall=20:05:28 elapsed=1433.728s phase=train event=interaction_progress trial=20 partition=0 processed=7300 total=14000 metric=ce epoch=1/1
[pipeline-trace] wall=20:05:29 elapsed=1434.887s phase=train event=interaction_progress trial=20 partition=0 processed=7400 total=14000 metric=ce epoch=1/1
[pipeline-trace] wall=20:05:30 elapsed=1435.214s phase=train event=interaction_progress trial=19 partition=0 processed=4700 total=14000 metric=ce epoch=1/1
[pipeline-trace] wall=20:05:31 elapsed=1436.112s phase=train event=interaction_progress trial=20 partition=0 processed=7500 total=14000 metric=ce epoch=1/1
[pipeline-trace] wall=20:05:32 elapsed=1437.303s phase=train event=interaction_progress trial=20 partition=0 processed=7600 total=14000 metric=ce epoch=1/1
[pipeline-trace] wall=20:05:32 elapsed=1437.429s phase=train event=interaction_progress trial=19 partition=0 processed=4800 total=14000 metric=ce epoch=1/1
[pipeline-trace] wall=20:05:33 elapsed=1438.491s phase=train event=interaction_progress trial=20 partition=0 processed=7700 total=14000 metric=ce epoch=1/1
[pipeline-trace] wall=20:05:34 elapsed=1439.714s phase=train event=interaction_progress trial=20 partition=0 processed=7800 total=14000 metric=ce epoch=1/1
[pipeline-trace] wall=20:05:34 elapsed=1439.557s phase=train event=interaction_progress trial=19 partition=0 processed=4900 total=14000 metric=ce epoch=1/1
[pipeline-trace] wall=20:05:35 elapsed=1440.881s phase=train event=interaction_progress trial=20 partition=0 processed=7900 total=14000 metric=ce epoch=1/1
[pipeline-trace] wall=20:05:37 elapsed=1442.098s phase=train event=interaction_progress trial=20 partition=0 processed=8000 total=14000 metric=ce epoch=1/1
[pipeline-trace] wall=20:05:37 elapsed=1441.763s phase=train event=interaction_progress trial=19 partition=0 processed=5000 total=14000 metric=ce epoch=1/1
[pipeline-trace] wall=20:05:38 elapsed=1443.302s phase=train event=interaction_progress trial=20 partition=0 processed=8100 total=14000 metric=ce epoch=1/1
[pipeline-trace] wall=20:05:39 elapsed=1443.975s phase=train event=interaction_progress trial=19 partition=0 processed=5100 total=14000 metric=ce epoch=1/1
[pipeline-trace] wall=20:05:39 elapsed=1444.450s phase=train event=interaction_progress trial=20 partition=0 processed=8200 total=14000 metric=ce epoch=1/1
[pipeline-trace] wall=20:05:40 elapsed=1445.692s phase=train event=interaction_progress trial=20 partition=0 processed=8300 total=14000 metric=ce epoch=1/1
[pipeline-trace] wall=20:05:41 elapsed=1446.187s phase=train event=interaction_progress trial=19 partition=0 processed=5200 total=14000 metric=ce epoch=1/1
[pipeline-trace] wall=20:05:41 elapsed=1446.857s phase=train event=interaction_progress trial=20 partition=0 processed=8400 total=14000 metric=ce epoch=1/1
[pipeline-trace] wall=20:05:43 elapsed=1448.067s phase=train event=interaction_progress trial=20 partition=0 processed=8500 total=14000 metric=ce epoch=1/1
[pipeline-trace] wall=20:05:43 elapsed=1448.528s phase=train event=interaction_progress trial=19 partition=0 processed=5300 total=14000 metric=ce epoch=1/1
[pipeline-trace] wall=20:05:44 elapsed=1449.299s phase=train event=interaction_progress trial=20 partition=0 processed=8600 total=14000 metric=ce epoch=1/1
[pipeline-trace] wall=20:05:45 elapsed=1450.456s phase=train event=interaction_progress trial=20 partition=0 processed=8700 total=14000 metric=ce epoch=1/1
[pipeline-trace] wall=20:05:46 elapsed=1450.817s phase=train event=interaction_progress trial=19 partition=0 processed=5400 total=14000 metric=ce epoch=1/1
[pipeline-trace] wall=20:05:46 elapsed=1451.748s phase=train event=interaction_progress trial=20 partition=0 processed=8800 total=14000 metric=ce epoch=1/1
[pipeline-trace] wall=20:05:47 elapsed=1452.936s phase=train event=interaction_progress trial=20 partition=0 processed=8900 total=14000 metric=ce epoch=1/1
[pipeline-trace] wall=20:05:48 elapsed=1453.006s phase=train event=interaction_progress trial=19 partition=0 processed=5500 total=14000 metric=ce epoch=1/1
[pipeline-trace] wall=20:05:49 elapsed=1454.135s phase=train event=interaction_progress trial=20 partition=0 processed=9000 total=14000 metric=ce epoch=1/1
[pipeline-trace] wall=20:05:50 elapsed=1455.350s phase=train event=interaction_progress trial=20 partition=0 processed=9100 total=14000 metric=ce epoch=1/1
[pipeline-trace] wall=20:05:50 elapsed=1455.277s phase=train event=interaction_progress trial=19 partition=0 processed=5600 total=14000 metric=ce epoch=1/1
[pipeline-trace] wall=20:05:51 elapsed=1456.518s phase=train event=interaction_progress trial=20 partition=0 processed=9200 total=14000 metric=ce epoch=1/1
[pipeline-trace] wall=20:05:52 elapsed=1457.745s phase=train event=interaction_progress trial=20 partition=0 processed=9300 total=14000 metric=ce epoch=1/1
[pipeline-trace] wall=20:05:52 elapsed=1457.532s phase=train event=interaction_progress trial=19 partition=0 processed=5700 total=14000 metric=ce epoch=1/1
[pipeline-trace] wall=20:05:53 elapsed=1458.999s phase=train event=interaction_progress trial=20 partition=0 processed=9400 total=14000 metric=ce epoch=1/1
[pipeline-trace] wall=20:05:55 elapsed=1459.701s phase=train event=interaction_progress trial=19 partition=0 processed=5800 total=14000 metric=ce epoch=1/1
[pipeline-trace] wall=20:05:55 elapsed=1460.194s phase=train event=interaction_progress trial=20 partition=0 processed=9500 total=14000 metric=ce epoch=1/1
[pipeline-trace] wall=20:05:56 elapsed=1461.398s phase=train event=interaction_progress trial=20 partition=0 processed=9600 total=14000 metric=ce epoch=1/1
[pipeline-trace] wall=20:05:57 elapsed=1461.949s phase=train event=interaction_progress trial=19 partition=0 processed=5900 total=14000 metric=ce epoch=1/1
[pipeline-trace] wall=20:05:57 elapsed=1462.554s phase=train event=interaction_progress trial=20 partition=0 processed=9700 total=14000 metric=ce epoch=1/1
[pipeline-trace] wall=20:05:58 elapsed=1463.738s phase=train event=interaction_progress trial=20 partition=0 processed=9800 total=14000 metric=ce epoch=1/1
[pipeline-trace] wall=20:05:59 elapsed=1464.164s phase=train event=interaction_progress trial=19 partition=0 processed=6000 total=14000 metric=ce epoch=1/1
[pipeline-trace] wall=20:05:59 elapsed=1464.883s phase=train event=interaction_progress trial=20 partition=0 processed=9900 total=14000 metric=ce epoch=1/1
[pipeline-trace] wall=20:06:01 elapsed=1466.421s phase=train event=interaction_progress trial=19 partition=0 processed=6100 total=14000 metric=ce epoch=1/1
[pipeline-trace] wall=20:06:04 elapsed=1468.763s phase=train event=interaction_progress trial=19 partition=0 processed=6200 total=14000 metric=ce epoch=1/1
[pipeline-trace] wall=20:06:06 elapsed=1470.687s phase=train event=interaction_progress trial=19 partition=0 processed=6300 total=14000 metric=ce epoch=1/1
[pipeline-trace] wall=20:06:07 elapsed=1472.964s phase=train event=interaction_progress trial=20 partition=0 processed=10000 total=14000 metric=ce epoch=1/1
[pipeline-trace] wall=20:06:08 elapsed=1473.286s phase=train event=interaction_progress trial=19 partition=0 processed=6400 total=14000 metric=ce epoch=1/1
[pipeline-trace] wall=20:06:09 elapsed=1474.121s phase=train event=interaction_progress trial=20 partition=0 processed=10100 total=14000 metric=ce epoch=1/1
[pipeline-trace] wall=20:06:10 elapsed=1475.343s phase=train event=interaction_progress trial=20 partition=0 processed=10200 total=14000 metric=ce epoch=1/1
[pipeline-trace] wall=20:06:11 elapsed=1475.670s phase=train event=interaction_progress trial=19 partition=0 processed=6500 total=14000 metric=ce epoch=1/1
[pipeline-trace] wall=20:06:11 elapsed=1476.531s phase=train event=interaction_progress trial=20 partition=0 processed=10300 total=14000 metric=ce epoch=1/1
[pipeline-trace] wall=20:06:12 elapsed=1477.730s phase=train event=interaction_progress trial=20 partition=0 processed=10400 total=14000 metric=ce epoch=1/1
[pipeline-trace] wall=20:06:13 elapsed=1477.915s phase=train event=interaction_progress trial=19 partition=0 processed=6600 total=14000 metric=ce epoch=1/1
[pipeline-trace] wall=20:06:13 elapsed=1478.947s phase=train event=interaction_progress trial=20 partition=0 processed=10500 total=14000 metric=ce epoch=1/1
[pipeline-trace] wall=20:06:15 elapsed=1480.105s phase=train event=interaction_progress trial=20 partition=0 processed=10600 total=14000 metric=ce epoch=1/1
[pipeline-trace] wall=20:06:15 elapsed=1480.150s phase=train event=interaction_progress trial=19 partition=0 processed=6700 total=14000 metric=ce epoch=1/1
[pipeline-trace] wall=20:06:16 elapsed=1481.292s phase=train event=interaction_progress trial=20 partition=0 processed=10700 total=14000 metric=ce epoch=1/1
[pipeline-trace] wall=20:06:17 elapsed=1482.489s phase=train event=interaction_progress trial=20 partition=0 processed=10800 total=14000 metric=ce epoch=1/1
[pipeline-trace] wall=20:06:17 elapsed=1482.378s phase=train event=interaction_progress trial=19 partition=0 processed=6800 total=14000 metric=ce epoch=1/1
[pipeline-trace] wall=20:06:18 elapsed=1482.836s phase=train event=interaction_progress trial=19 partition=0 processed=6900 total=14000 metric=ce epoch=1/1
[pipeline-trace] wall=20:06:18 elapsed=1483.159s phase=train event=interaction_progress trial=19 partition=0 processed=7000 total=14000 metric=ce epoch=1/1
[pipeline-trace] wall=20:06:18 elapsed=1483.633s phase=train event=interaction_progress trial=20 partition=0 processed=10900 total=14000 metric=ce epoch=1/1
[pipeline-trace] wall=20:06:18 elapsed=1483.615s phase=train event=interaction_progress trial=19 partition=0 processed=7100 total=14000 metric=ce epoch=1/1
[pipeline-trace] wall=20:06:19 elapsed=1484.468s phase=train event=interaction_progress trial=19 partition=0 processed=7200 total=14000 metric=ce epoch=1/1
[pipeline-trace] wall=20:06:19 elapsed=1484.837s phase=train event=interaction_progress trial=20 partition=0 processed=11000 total=14000 metric=ce epoch=1/1
[pipeline-trace] wall=20:06:20 elapsed=1484.774s phase=train event=interaction_progress trial=19 partition=0 processed=7300 total=14000 metric=ce epoch=1/1
[pipeline-trace] wall=20:06:20 elapsed=1485.138s phase=train event=interaction_progress trial=19 partition=0 processed=7400 total=14000 metric=ce epoch=1/1
[pipeline-trace] wall=20:06:20 elapsed=1485.507s phase=train event=interaction_progress trial=19 partition=0 processed=7500 total=14000 metric=ce epoch=1/1
[pipeline-trace] wall=20:06:21 elapsed=1486.030s phase=train event=interaction_progress trial=20 partition=0 processed=11100 total=14000 metric=ce epoch=1/1
[pipeline-trace] wall=20:06:22 elapsed=1487.264s phase=train event=interaction_progress trial=20 partition=0 processed=11200 total=14000 metric=ce epoch=1/1
[pipeline-trace] wall=20:06:22 elapsed=1487.094s phase=train event=interaction_progress trial=19 partition=0 processed=7600 total=14000 metric=ce epoch=1/1
[pipeline-trace] wall=20:06:23 elapsed=1488.464s phase=train event=interaction_progress trial=20 partition=0 processed=11300 total=14000 metric=ce epoch=1/1
[pipeline-trace] wall=20:06:24 elapsed=1489.628s phase=train event=interaction_progress trial=20 partition=0 processed=11400 total=14000 metric=ce epoch=1/1
[pipeline-trace] wall=20:06:24 elapsed=1489.389s phase=train event=interaction_progress trial=19 partition=0 processed=7700 total=14000 metric=ce epoch=1/1
[pipeline-trace] wall=20:06:25 elapsed=1490.844s phase=train event=interaction_progress trial=20 partition=0 processed=11500 total=14000 metric=ce epoch=1/1
[pipeline-trace] wall=20:06:26 elapsed=1491.650s phase=train event=interaction_progress trial=19 partition=0 processed=7800 total=14000 metric=ce epoch=1/1
[pipeline-trace] wall=20:06:27 elapsed=1492.039s phase=train event=interaction_progress trial=20 partition=0 processed=11600 total=14000 metric=ce epoch=1/1
[pipeline-trace] wall=20:06:28 elapsed=1493.195s phase=train event=interaction_progress trial=20 partition=0 processed=11700 total=14000 metric=ce epoch=1/1
[pipeline-trace] wall=20:06:29 elapsed=1493.899s phase=train event=interaction_progress trial=19 partition=0 processed=7900 total=14000 metric=ce epoch=1/1
[pipeline-trace] wall=20:06:29 elapsed=1494.394s phase=train event=interaction_progress trial=20 partition=0 processed=11800 total=14000 metric=ce epoch=1/1
[pipeline-trace] wall=20:06:30 elapsed=1495.570s phase=train event=interaction_progress trial=20 partition=0 processed=11900 total=14000 metric=ce epoch=1/1
[pipeline-trace] wall=20:06:31 elapsed=1496.144s phase=train event=interaction_progress trial=19 partition=0 processed=8000 total=14000 metric=ce epoch=1/1
[pipeline-trace] wall=20:06:31 elapsed=1496.748s phase=train event=interaction_progress trial=20 partition=0 processed=12000 total=14000 metric=ce epoch=1/1
[pipeline-trace] wall=20:06:32 elapsed=1497.973s phase=train event=interaction_progress trial=20 partition=0 processed=12100 total=14000 metric=ce epoch=1/1
[pipeline-trace] wall=20:06:33 elapsed=1498.470s phase=train event=interaction_progress trial=19 partition=0 processed=8100 total=14000 metric=ce epoch=1/1
[pipeline-trace] wall=20:06:34 elapsed=1499.050s phase=train event=interaction_progress trial=20 partition=0 processed=12200 total=14000 metric=ce epoch=1/1
[pipeline-trace] wall=20:06:34 elapsed=1499.316s phase=train event=interaction_progress trial=20 partition=0 processed=12300 total=14000 metric=ce epoch=1/1
[pipeline-trace] wall=20:06:34 elapsed=1499.577s phase=train event=interaction_progress trial=20 partition=0 processed=12400 total=14000 metric=ce epoch=1/1
[pipeline-trace] wall=20:06:34 elapsed=1499.864s phase=train event=interaction_progress trial=20 partition=0 processed=12500 total=14000 metric=ce epoch=1/1
[pipeline-trace] wall=20:06:35 elapsed=1500.114s phase=train event=interaction_progress trial=20 partition=0 processed=12600 total=14000 metric=ce epoch=1/1
[pipeline-trace] wall=20:06:35 elapsed=1500.982s phase=train event=interaction_progress trial=20 partition=0 processed=12700 total=14000 metric=ce epoch=1/1
[pipeline-trace] wall=20:06:36 elapsed=1500.727s phase=train event=interaction_progress trial=19 partition=0 processed=8200 total=14000 metric=ce epoch=1/1
[pipeline-trace] wall=20:06:36 elapsed=1501.295s phase=train event=interaction_progress trial=20 partition=0 processed=12800 total=14000 metric=ce epoch=1/1
[pipeline-trace] wall=20:06:36 elapsed=1501.576s phase=train event=interaction_progress trial=20 partition=0 processed=12900 total=14000 metric=ce epoch=1/1
[pipeline-trace] wall=20:06:36 elapsed=1501.860s phase=train event=interaction_progress trial=20 partition=0 processed=13000 total=14000 metric=ce epoch=1/1
[pipeline-trace] wall=20:06:37 elapsed=1502.207s phase=train event=interaction_progress trial=20 partition=0 processed=13100 total=14000 metric=ce epoch=1/1
[pipeline-trace] wall=20:06:37 elapsed=1502.794s phase=train event=interaction_progress trial=20 partition=0 processed=13200 total=14000 metric=ce epoch=1/1
[pipeline-trace] wall=20:06:38 elapsed=1503.131s phase=train event=interaction_progress trial=19 partition=0 processed=8300 total=14000 metric=ce epoch=1/1
[pipeline-trace] wall=20:06:39 elapsed=1504.160s phase=train event=interaction_progress trial=20 partition=0 processed=13300 total=14000 metric=ce epoch=1/1
[pipeline-trace] wall=20:06:40 elapsed=1505.345s phase=train event=interaction_progress trial=20 partition=0 processed=13400 total=14000 metric=ce epoch=1/1
[pipeline-trace] wall=20:06:40 elapsed=1505.372s phase=train event=interaction_progress trial=19 partition=0 processed=8400 total=14000 metric=ce epoch=1/1
[pipeline-trace] wall=20:06:41 elapsed=1506.535s phase=train event=interaction_progress trial=20 partition=0 processed=13500 total=14000 metric=ce epoch=1/1
[pipeline-trace] wall=20:06:42 elapsed=1507.752s phase=train event=interaction_progress trial=20 partition=0 processed=13600 total=14000 metric=ce epoch=1/1
[pipeline-trace] wall=20:06:43 elapsed=1507.682s phase=train event=interaction_progress trial=19 partition=0 processed=8500 total=14000 metric=ce epoch=1/1
[pipeline-trace] wall=20:06:43 elapsed=1508.954s phase=train event=interaction_progress trial=20 partition=0 processed=13700 total=14000 metric=ce epoch=1/1
[pipeline-trace] wall=20:06:45 elapsed=1510.169s phase=train event=interaction_progress trial=20 partition=0 processed=13800 total=14000 metric=ce epoch=1/1
[pipeline-trace] wall=20:06:45 elapsed=1510.171s phase=train event=interaction_progress trial=19 partition=0 processed=8600 total=14000 metric=ce epoch=1/1
[pipeline-trace] wall=20:06:46 elapsed=1511.336s phase=train event=interaction_progress trial=20 partition=0 processed=13900 total=14000 metric=ce epoch=1/1
[pipeline-trace] wall=20:06:47 elapsed=1512.507s phase=train event=interaction_progress trial=20 partition=0 processed=14000 total=14000 metric=ce epoch=1/1
[pipeline-trace] wall=20:06:47 elapsed=1512.352s phase=train event=interaction_progress trial=19 partition=0 processed=8700 total=14000 metric=ce epoch=1/1
[pipeline-trace] wall=20:06:47 elapsed=1512.745s phase=eval event=batch_start trial=20 partitions=[1] synthetic=False
[pipeline-trace] wall=20:06:47 elapsed=1512.745s phase=eval event=partition_start trial=20 partition=1 interactions=1999
[pipeline-trace] wall=20:06:47 elapsed=1512.746s phase=eval event=interaction_progress trial=20 partition=1 processed=1 total=1999 metric=ranking
[pipeline-trace] wall=20:06:48 elapsed=1513.979s phase=eval event=interaction_progress trial=20 partition=1 processed=100 total=1999 metric=ranking
[pipeline-trace] wall=20:06:49 elapsed=1514.575s phase=train event=interaction_progress trial=19 partition=0 processed=8800 total=14000 metric=ce epoch=1/1
[pipeline-trace] wall=20:06:50 elapsed=1515.296s phase=eval event=interaction_progress trial=20 partition=1 processed=200 total=1999 metric=ranking
[pipeline-trace] wall=20:06:51 elapsed=1516.551s phase=eval event=interaction_progress trial=20 partition=1 processed=300 total=1999 metric=ranking
[pipeline-trace] wall=20:06:52 elapsed=1516.790s phase=train event=interaction_progress trial=19 partition=0 processed=8900 total=14000 metric=ce epoch=1/1
[pipeline-trace] wall=20:06:52 elapsed=1517.805s phase=eval event=interaction_progress trial=20 partition=1 processed=400 total=1999 metric=ranking
[pipeline-trace] wall=20:06:54 elapsed=1519.356s phase=eval event=interaction_progress trial=20 partition=1 processed=500 total=1999 metric=ranking
[pipeline-trace] wall=20:06:55 elapsed=1520.785s phase=eval event=interaction_progress trial=20 partition=1 processed=600 total=1999 metric=ranking
[pipeline-trace] wall=20:06:57 elapsed=1522.077s phase=eval event=interaction_progress trial=20 partition=1 processed=700 total=1999 metric=ranking
[pipeline-trace] wall=20:06:57 elapsed=1522.198s phase=train event=interaction_progress trial=19 partition=0 processed=9000 total=14000 metric=ce epoch=1/1
[pipeline-trace] wall=20:06:58 elapsed=1523.396s phase=eval event=interaction_progress trial=20 partition=1 processed=800 total=1999 metric=ranking
[pipeline-trace] wall=20:06:59 elapsed=1524.591s phase=eval event=interaction_progress trial=20 partition=1 processed=900 total=1999 metric=ranking
[pipeline-trace] wall=20:07:00 elapsed=1525.100s phase=train event=interaction_progress trial=19 partition=0 processed=9100 total=14000 metric=ce epoch=1/1
[pipeline-trace] wall=20:07:00 elapsed=1525.840s phase=eval event=interaction_progress trial=20 partition=1 processed=1000 total=1999 metric=ranking
[pipeline-trace] wall=20:07:02 elapsed=1527.062s phase=eval event=interaction_progress trial=20 partition=1 processed=1100 total=1999 metric=ranking
[pipeline-trace] wall=20:07:02 elapsed=1527.398s phase=train event=interaction_progress trial=19 partition=0 processed=9200 total=14000 metric=ce epoch=1/1
[pipeline-trace] wall=20:07:03 elapsed=1528.294s phase=eval event=interaction_progress trial=20 partition=1 processed=1200 total=1999 metric=ranking
[pipeline-trace] wall=20:07:04 elapsed=1529.568s phase=eval event=interaction_progress trial=20 partition=1 processed=1300 total=1999 metric=ranking
[pipeline-trace] wall=20:07:05 elapsed=1529.699s phase=train event=interaction_progress trial=19 partition=0 processed=9300 total=14000 metric=ce epoch=1/1
[pipeline-trace] wall=20:07:05 elapsed=1530.782s phase=eval event=interaction_progress trial=20 partition=1 processed=1400 total=1999 metric=ranking
[pipeline-trace] wall=20:07:07 elapsed=1532.056s phase=eval event=interaction_progress trial=20 partition=1 processed=1500 total=1999 metric=ranking
[pipeline-trace] wall=20:07:07 elapsed=1531.847s phase=train event=interaction_progress trial=19 partition=0 processed=9400 total=14000 metric=ce epoch=1/1
[pipeline-trace] wall=20:07:08 elapsed=1533.248s phase=eval event=interaction_progress trial=20 partition=1 processed=1600 total=1999 metric=ranking
[pipeline-trace] wall=20:07:09 elapsed=1533.994s phase=train event=interaction_progress trial=19 partition=0 processed=9500 total=14000 metric=ce epoch=1/1
[pipeline-trace] wall=20:07:09 elapsed=1534.494s phase=eval event=interaction_progress trial=20 partition=1 processed=1700 total=1999 metric=ranking
[pipeline-trace] wall=20:07:10 elapsed=1535.760s phase=eval event=interaction_progress trial=20 partition=1 processed=1800 total=1999 metric=ranking
[pipeline-trace] wall=20:07:11 elapsed=1536.243s phase=train event=interaction_progress trial=19 partition=0 processed=9600 total=14000 metric=ce epoch=1/1
[pipeline-trace] wall=20:07:12 elapsed=1537.079s phase=eval event=interaction_progress trial=20 partition=1 processed=1900 total=1999 metric=ranking
[pipeline-trace] wall=20:07:13 elapsed=1538.299s phase=eval event=interaction_progress trial=20 partition=1 processed=1999 total=1999 metric=ranking
[pipeline-trace] wall=20:07:13 elapsed=1538.316s phase=eval event=partition_complete trial=20 partition=1 elapsed_sec=25.570 hits=596 total=1999
[pipeline-trace] wall=20:07:13 elapsed=1538.491s phase=train event=interaction_progress trial=21 partition=0 processed=1 total=14000 metric=ce epoch=1/1
[pipeline-trace] wall=20:07:13 elapsed=1538.387s phase=train event=interaction_progress trial=19 partition=0 processed=9700 total=14000 metric=ce epoch=1/1
[pipeline-trace] wall=20:07:14 elapsed=1539.634s phase=train event=interaction_progress trial=21 partition=0 processed=100 total=14000 metric=ce epoch=1/1
[pipeline-trace] wall=20:07:15 elapsed=1540.818s phase=train event=interaction_progress trial=21 partition=0 processed=200 total=14000 metric=ce epoch=1/1
[pipeline-trace] wall=20:07:16 elapsed=1540.668s phase=train event=interaction_progress trial=19 partition=0 processed=9800 total=14000 metric=ce epoch=1/1
[pipeline-trace] wall=20:07:16 elapsed=1541.961s phase=train event=interaction_progress trial=21 partition=0 processed=300 total=14000 metric=ce epoch=1/1
[pipeline-trace] wall=20:07:18 elapsed=1543.131s phase=train event=interaction_progress trial=21 partition=0 processed=400 total=14000 metric=ce epoch=1/1
[pipeline-trace] wall=20:07:18 elapsed=1542.874s phase=train event=interaction_progress trial=19 partition=0 processed=9900 total=14000 metric=ce epoch=1/1
[pipeline-trace] wall=20:07:19 elapsed=1544.304s phase=train event=interaction_progress trial=21 partition=0 processed=500 total=14000 metric=ce epoch=1/1
[pipeline-trace] wall=20:07:20 elapsed=1545.073s phase=train event=interaction_progress trial=19 partition=0 processed=10000 total=14000 metric=ce epoch=1/1
[pipeline-trace] wall=20:07:20 elapsed=1545.484s phase=train event=interaction_progress trial=21 partition=0 processed=600 total=14000 metric=ce epoch=1/1
[pipeline-trace] wall=20:07:21 elapsed=1546.686s phase=train event=interaction_progress trial=21 partition=0 processed=700 total=14000 metric=ce epoch=1/1
[pipeline-trace] wall=20:07:22 elapsed=1547.305s phase=train event=interaction_progress trial=19 partition=0 processed=10100 total=14000 metric=ce epoch=1/1
[pipeline-trace] wall=20:07:22 elapsed=1547.849s phase=train event=interaction_progress trial=21 partition=0 processed=800 total=14000 metric=ce epoch=1/1
[pipeline-trace] wall=20:07:24 elapsed=1549.020s phase=train event=interaction_progress trial=21 partition=0 processed=900 total=14000 metric=ce epoch=1/1
[pipeline-trace] wall=20:07:24 elapsed=1549.472s phase=train event=interaction_progress trial=19 partition=0 processed=10200 total=14000 metric=ce epoch=1/1
[pipeline-trace] wall=20:07:25 elapsed=1550.207s phase=train event=interaction_progress trial=21 partition=0 processed=1000 total=14000 metric=ce epoch=1/1
[pipeline-trace] wall=20:07:26 elapsed=1551.343s phase=train event=interaction_progress trial=21 partition=0 processed=1100 total=14000 metric=ce epoch=1/1
[pipeline-trace] wall=20:07:27 elapsed=1551.692s phase=train event=interaction_progress trial=19 partition=0 processed=10300 total=14000 metric=ce epoch=1/1
[pipeline-trace] wall=20:07:27 elapsed=1552.446s phase=train event=interaction_progress trial=21 partition=0 processed=1200 total=14000 metric=ce epoch=1/1
[pipeline-trace] wall=20:07:28 elapsed=1553.538s phase=train event=interaction_progress trial=21 partition=0 processed=1300 total=14000 metric=ce epoch=1/1
[pipeline-trace] wall=20:07:29 elapsed=1553.905s phase=train event=interaction_progress trial=19 partition=0 processed=10400 total=14000 metric=ce epoch=1/1
[pipeline-trace] wall=20:07:29 elapsed=1554.635s phase=train event=interaction_progress trial=21 partition=0 processed=1400 total=14000 metric=ce epoch=1/1
[pipeline-trace] wall=20:07:30 elapsed=1555.786s phase=train event=interaction_progress trial=21 partition=0 processed=1500 total=14000 metric=ce epoch=1/1
[pipeline-trace] wall=20:07:31 elapsed=1556.081s phase=train event=interaction_progress trial=19 partition=0 processed=10500 total=14000 metric=ce epoch=1/1
[pipeline-trace] wall=20:07:31 elapsed=1556.960s phase=train event=interaction_progress trial=21 partition=0 processed=1600 total=14000 metric=ce epoch=1/1
[pipeline-trace] wall=20:07:33 elapsed=1558.095s phase=train event=interaction_progress trial=21 partition=0 processed=1700 total=14000 metric=ce epoch=1/1
[pipeline-trace] wall=20:07:33 elapsed=1558.271s phase=train event=interaction_progress trial=19 partition=0 processed=10600 total=14000 metric=ce epoch=1/1
[pipeline-trace] wall=20:07:34 elapsed=1559.232s phase=train event=interaction_progress trial=21 partition=0 processed=1800 total=14000 metric=ce epoch=1/1
[pipeline-trace] wall=20:07:35 elapsed=1560.451s phase=train event=interaction_progress trial=21 partition=0 processed=1900 total=14000 metric=ce epoch=1/1
[pipeline-trace] wall=20:07:35 elapsed=1560.526s phase=train event=interaction_progress trial=19 partition=0 processed=10700 total=14000 metric=ce epoch=1/1
[pipeline-trace] wall=20:07:36 elapsed=1561.591s phase=train event=interaction_progress trial=21 partition=0 processed=2000 total=14000 metric=ce epoch=1/1
[pipeline-trace] wall=20:07:37 elapsed=1562.705s phase=train event=interaction_progress trial=21 partition=0 processed=2100 total=14000 metric=ce epoch=1/1
[pipeline-trace] wall=20:07:38 elapsed=1562.661s phase=train event=interaction_progress trial=19 partition=0 processed=10800 total=14000 metric=ce epoch=1/1
[pipeline-trace] wall=20:07:38 elapsed=1563.909s phase=train event=interaction_progress trial=21 partition=0 processed=2200 total=14000 metric=ce epoch=1/1
[pipeline-trace] wall=20:07:40 elapsed=1565.039s phase=train event=interaction_progress trial=21 partition=0 processed=2300 total=14000 metric=ce epoch=1/1
[pipeline-trace] wall=20:07:40 elapsed=1564.867s phase=train event=interaction_progress trial=19 partition=0 processed=10900 total=14000 metric=ce epoch=1/1
[pipeline-trace] wall=20:07:41 elapsed=1566.178s phase=train event=interaction_progress trial=21 partition=0 processed=2400 total=14000 metric=ce epoch=1/1
[pipeline-trace] wall=20:07:42 elapsed=1567.739s phase=train event=interaction_progress trial=21 partition=0 processed=2500 total=14000 metric=ce epoch=1/1
[pipeline-trace] wall=20:07:43 elapsed=1568.931s phase=train event=interaction_progress trial=21 partition=0 processed=2600 total=14000 metric=ce epoch=1/1
[pipeline-trace] wall=20:07:45 elapsed=1570.146s phase=train event=interaction_progress trial=21 partition=0 processed=2700 total=14000 metric=ce epoch=1/1
[pipeline-trace] wall=20:07:45 elapsed=1570.190s phase=train event=interaction_progress trial=19 partition=0 processed=11000 total=14000 metric=ce epoch=1/1
[pipeline-trace] wall=20:07:46 elapsed=1571.313s phase=train event=interaction_progress trial=21 partition=0 processed=2800 total=14000 metric=ce epoch=1/1
[pipeline-trace] wall=20:07:47 elapsed=1572.548s phase=train event=interaction_progress trial=21 partition=0 processed=2900 total=14000 metric=ce epoch=1/1
[pipeline-trace] wall=20:07:48 elapsed=1573.830s phase=train event=interaction_progress trial=21 partition=0 processed=3000 total=14000 metric=ce epoch=1/1
[pipeline-trace] wall=20:07:49 elapsed=1574.977s phase=train event=interaction_progress trial=21 partition=0 processed=3100 total=14000 metric=ce epoch=1/1
[pipeline-trace] wall=20:07:50 elapsed=1575.119s phase=train event=interaction_progress trial=19 partition=0 processed=11100 total=14000 metric=ce epoch=1/1
[pipeline-trace] wall=20:07:51 elapsed=1576.128s phase=train event=interaction_progress trial=21 partition=0 processed=3200 total=14000 metric=ce epoch=1/1
[pipeline-trace] wall=20:07:52 elapsed=1577.299s phase=train event=interaction_progress trial=21 partition=0 processed=3300 total=14000 metric=ce epoch=1/1
[pipeline-trace] wall=20:07:52 elapsed=1577.388s phase=train event=interaction_progress trial=19 partition=0 processed=11200 total=14000 metric=ce epoch=1/1
[pipeline-trace] wall=20:07:53 elapsed=1578.451s phase=train event=interaction_progress trial=21 partition=0 processed=3400 total=14000 metric=ce epoch=1/1
[pipeline-trace] wall=20:07:54 elapsed=1579.615s phase=train event=interaction_progress trial=21 partition=0 processed=3500 total=14000 metric=ce epoch=1/1
[pipeline-trace] wall=20:07:54 elapsed=1579.608s phase=train event=interaction_progress trial=19 partition=0 processed=11300 total=14000 metric=ce epoch=1/1
[pipeline-trace] wall=20:07:55 elapsed=1580.749s phase=train event=interaction_progress trial=21 partition=0 processed=3600 total=14000 metric=ce epoch=1/1
[pipeline-trace] wall=20:07:56 elapsed=1581.870s phase=train event=interaction_progress trial=21 partition=0 processed=3700 total=14000 metric=ce epoch=1/1
[pipeline-trace] wall=20:07:57 elapsed=1581.796s phase=train event=interaction_progress trial=19 partition=0 processed=11400 total=14000 metric=ce epoch=1/1
[pipeline-trace] wall=20:07:58 elapsed=1583.072s phase=train event=interaction_progress trial=21 partition=0 processed=3800 total=14000 metric=ce epoch=1/1
[pipeline-trace] wall=20:07:59 elapsed=1584.233s phase=train event=interaction_progress trial=21 partition=0 processed=3900 total=14000 metric=ce epoch=1/1
[pipeline-trace] wall=20:07:59 elapsed=1583.981s phase=train event=interaction_progress trial=19 partition=0 processed=11500 total=14000 metric=ce epoch=1/1
[pipeline-trace] wall=20:08:00 elapsed=1585.412s phase=train event=interaction_progress trial=21 partition=0 processed=4000 total=14000 metric=ce epoch=1/1
[pipeline-trace] wall=20:08:01 elapsed=1586.148s phase=train event=interaction_progress trial=19 partition=0 processed=11600 total=14000 metric=ce epoch=1/1
[pipeline-trace] wall=20:08:01 elapsed=1586.571s phase=train event=interaction_progress trial=21 partition=0 processed=4100 total=14000 metric=ce epoch=1/1
[pipeline-trace] wall=20:08:02 elapsed=1587.709s phase=train event=interaction_progress trial=21 partition=0 processed=4200 total=14000 metric=ce epoch=1/1
[pipeline-trace] wall=20:08:03 elapsed=1588.388s phase=train event=interaction_progress trial=19 partition=0 processed=11700 total=14000 metric=ce epoch=1/1
[pipeline-trace] wall=20:08:03 elapsed=1588.899s phase=train event=interaction_progress trial=21 partition=0 processed=4300 total=14000 metric=ce epoch=1/1
[pipeline-trace] wall=20:08:05 elapsed=1590.108s phase=train event=interaction_progress trial=21 partition=0 processed=4400 total=14000 metric=ce epoch=1/1
[pipeline-trace] wall=20:08:05 elapsed=1590.608s phase=train event=interaction_progress trial=19 partition=0 processed=11800 total=14000 metric=ce epoch=1/1
[pipeline-trace] wall=20:08:06 elapsed=1591.255s phase=train event=interaction_progress trial=21 partition=0 processed=4500 total=14000 metric=ce epoch=1/1
[pipeline-trace] wall=20:08:07 elapsed=1592.457s phase=train event=interaction_progress trial=21 partition=0 processed=4600 total=14000 metric=ce epoch=1/1
[pipeline-trace] wall=20:08:08 elapsed=1592.843s phase=train event=interaction_progress trial=19 partition=0 processed=11900 total=14000 metric=ce epoch=1/1
[pipeline-trace] wall=20:08:08 elapsed=1593.643s phase=train event=interaction_progress trial=21 partition=0 processed=4700 total=14000 metric=ce epoch=1/1
[pipeline-trace] wall=20:08:09 elapsed=1594.802s phase=train event=interaction_progress trial=21 partition=0 processed=4800 total=14000 metric=ce epoch=1/1
[pipeline-trace] wall=20:08:10 elapsed=1595.146s phase=train event=interaction_progress trial=19 partition=0 processed=12000 total=14000 metric=ce epoch=1/1
[pipeline-trace] wall=20:08:11 elapsed=1596.016s phase=train event=interaction_progress trial=21 partition=0 processed=4900 total=14000 metric=ce epoch=1/1
[pipeline-trace] wall=20:08:12 elapsed=1597.176s phase=train event=interaction_progress trial=21 partition=0 processed=5000 total=14000 metric=ce epoch=1/1
[pipeline-trace] wall=20:08:12 elapsed=1597.386s phase=train event=interaction_progress trial=19 partition=0 processed=12100 total=14000 metric=ce epoch=1/1
[pipeline-trace] wall=20:08:13 elapsed=1598.367s phase=train event=interaction_progress trial=21 partition=0 processed=5100 total=14000 metric=ce epoch=1/1
[pipeline-trace] wall=20:08:14 elapsed=1599.577s phase=train event=interaction_progress trial=21 partition=0 processed=5200 total=14000 metric=ce epoch=1/1
[pipeline-trace] wall=20:08:14 elapsed=1599.563s phase=train event=interaction_progress trial=19 partition=0 processed=12200 total=14000 metric=ce epoch=1/1
[pipeline-trace] wall=20:08:15 elapsed=1600.720s phase=train event=interaction_progress trial=21 partition=0 processed=5300 total=14000 metric=ce epoch=1/1
[pipeline-trace] wall=20:08:16 elapsed=1601.916s phase=train event=interaction_progress trial=21 partition=0 processed=5400 total=14000 metric=ce epoch=1/1
[pipeline-trace] wall=20:08:17 elapsed=1601.790s phase=train event=interaction_progress trial=19 partition=0 processed=12300 total=14000 metric=ce epoch=1/1
[pipeline-trace] wall=20:08:18 elapsed=1603.054s phase=train event=interaction_progress trial=21 partition=0 processed=5500 total=14000 metric=ce epoch=1/1
[pipeline-trace] wall=20:08:19 elapsed=1604.151s phase=train event=interaction_progress trial=21 partition=0 processed=5600 total=14000 metric=ce epoch=1/1
[pipeline-trace] wall=20:08:19 elapsed=1604.022s phase=train event=interaction_progress trial=19 partition=0 processed=12400 total=14000 metric=ce epoch=1/1
[pipeline-trace] wall=20:08:20 elapsed=1605.332s phase=train event=interaction_progress trial=21 partition=0 processed=5700 total=14000 metric=ce epoch=1/1
[pipeline-trace] wall=20:08:21 elapsed=1606.505s phase=train event=interaction_progress trial=21 partition=0 processed=5800 total=14000 metric=ce epoch=1/1
[pipeline-trace] wall=20:08:21 elapsed=1606.339s phase=train event=interaction_progress trial=19 partition=0 processed=12500 total=14000 metric=ce epoch=1/1
[pipeline-trace] wall=20:08:22 elapsed=1607.634s phase=train event=interaction_progress trial=21 partition=0 processed=5900 total=14000 metric=ce epoch=1/1
[pipeline-trace] wall=20:08:23 elapsed=1608.833s phase=train event=interaction_progress trial=21 partition=0 processed=6000 total=14000 metric=ce epoch=1/1
[pipeline-trace] wall=20:08:24 elapsed=1608.697s phase=train event=interaction_progress trial=19 partition=0 processed=12600 total=14000 metric=ce epoch=1/1
[pipeline-trace] wall=20:08:24 elapsed=1609.977s phase=train event=interaction_progress trial=21 partition=0 processed=6100 total=14000 metric=ce epoch=1/1
[pipeline-trace] wall=20:08:26 elapsed=1611.123s phase=train event=interaction_progress trial=21 partition=0 processed=6200 total=14000 metric=ce epoch=1/1
[pipeline-trace] wall=20:08:26 elapsed=1610.966s phase=train event=interaction_progress trial=19 partition=0 processed=12700 total=14000 metric=ce epoch=1/1
[pipeline-trace] wall=20:08:27 elapsed=1612.263s phase=train event=interaction_progress trial=21 partition=0 processed=6300 total=14000 metric=ce epoch=1/1
[pipeline-trace] wall=20:08:28 elapsed=1613.458s phase=train event=interaction_progress trial=21 partition=0 processed=6400 total=14000 metric=ce epoch=1/1
[pipeline-trace] wall=20:08:28 elapsed=1613.114s phase=train event=interaction_progress trial=19 partition=0 processed=12800 total=14000 metric=ce epoch=1/1
[pipeline-trace] wall=20:08:29 elapsed=1614.570s phase=train event=interaction_progress trial=21 partition=0 processed=6500 total=14000 metric=ce epoch=1/1
[pipeline-trace] wall=20:08:30 elapsed=1615.363s phase=train event=interaction_progress trial=19 partition=0 processed=12900 total=14000 metric=ce epoch=1/1
[pipeline-trace] wall=20:08:30 elapsed=1615.750s phase=train event=interaction_progress trial=21 partition=0 processed=6600 total=14000 metric=ce epoch=1/1
[pipeline-trace] wall=20:08:31 elapsed=1615.666s phase=train event=interaction_progress trial=19 partition=0 processed=13000 total=14000 metric=ce epoch=1/1
[pipeline-trace] wall=20:08:31 elapsed=1615.965s phase=train event=interaction_progress trial=19 partition=0 processed=13100 total=14000 metric=ce epoch=1/1
[pipeline-trace] wall=20:08:31 elapsed=1616.261s phase=train event=interaction_progress trial=19 partition=0 processed=13200 total=14000 metric=ce epoch=1/1
[pipeline-trace] wall=20:08:31 elapsed=1616.886s phase=train event=interaction_progress trial=21 partition=0 processed=6700 total=14000 metric=ce epoch=1/1
[pipeline-trace] wall=20:08:32 elapsed=1617.215s phase=train event=interaction_progress trial=19 partition=0 processed=13300 total=14000 metric=ce epoch=1/1
[pipeline-trace] wall=20:08:33 elapsed=1617.731s phase=train event=interaction_progress trial=19 partition=0 processed=13400 total=14000 metric=ce epoch=1/1
[pipeline-trace] wall=20:08:33 elapsed=1618.268s phase=train event=interaction_progress trial=21 partition=0 processed=6800 total=14000 metric=ce epoch=1/1
[pipeline-trace] wall=20:08:33 elapsed=1618.194s phase=train event=interaction_progress trial=19 partition=0 processed=13500 total=14000 metric=ce epoch=1/1
[pipeline-trace] wall=20:08:36 elapsed=1621.810s phase=train event=interaction_progress trial=21 partition=0 processed=6900 total=14000 metric=ce epoch=1/1
[pipeline-trace] wall=20:08:37 elapsed=1622.971s phase=train event=interaction_progress trial=21 partition=0 processed=7000 total=14000 metric=ce epoch=1/1
[pipeline-trace] wall=20:08:39 elapsed=1624.147s phase=train event=interaction_progress trial=21 partition=0 processed=7100 total=14000 metric=ce epoch=1/1
[pipeline-trace] wall=20:08:40 elapsed=1625.347s phase=train event=interaction_progress trial=21 partition=0 processed=7200 total=14000 metric=ce epoch=1/1
[pipeline-trace] wall=20:08:41 elapsed=1625.956s phase=train event=interaction_progress trial=19 partition=0 processed=13600 total=14000 metric=ce epoch=1/1
[pipeline-trace] wall=20:08:41 elapsed=1626.438s phase=train event=interaction_progress trial=21 partition=0 processed=7300 total=14000 metric=ce epoch=1/1
[pipeline-trace] wall=20:08:42 elapsed=1627.637s phase=train event=interaction_progress trial=21 partition=0 processed=7400 total=14000 metric=ce epoch=1/1
[pipeline-trace] wall=20:08:43 elapsed=1628.236s phase=train event=interaction_progress trial=19 partition=0 processed=13700 total=14000 metric=ce epoch=1/1
[pipeline-trace] wall=20:08:43 elapsed=1628.787s phase=train event=interaction_progress trial=21 partition=0 processed=7500 total=14000 metric=ce epoch=1/1
[pipeline-trace] wall=20:08:44 elapsed=1629.879s phase=train event=interaction_progress trial=21 partition=0 processed=7600 total=14000 metric=ce epoch=1/1
[pipeline-trace] wall=20:08:45 elapsed=1630.525s phase=train event=interaction_progress trial=19 partition=0 processed=13800 total=14000 metric=ce epoch=1/1
[pipeline-trace] wall=20:08:46 elapsed=1631.019s phase=train event=interaction_progress trial=21 partition=0 processed=7700 total=14000 metric=ce epoch=1/1
[pipeline-trace] wall=20:08:47 elapsed=1632.197s phase=train event=interaction_progress trial=21 partition=0 processed=7800 total=14000 metric=ce epoch=1/1
[pipeline-trace] wall=20:08:48 elapsed=1632.796s phase=train event=interaction_progress trial=19 partition=0 processed=13900 total=14000 metric=ce epoch=1/1
[pipeline-trace] wall=20:08:48 elapsed=1633.342s phase=train event=interaction_progress trial=21 partition=0 processed=7900 total=14000 metric=ce epoch=1/1
[pipeline-trace] wall=20:08:49 elapsed=1634.429s phase=train event=interaction_progress trial=21 partition=0 processed=8000 total=14000 metric=ce epoch=1/1
[pipeline-trace] wall=20:08:50 elapsed=1635.072s phase=train event=interaction_progress trial=19 partition=0 processed=14000 total=14000 metric=ce epoch=1/1
[pipeline-trace] wall=20:08:50 elapsed=1635.512s phase=train event=interaction_progress trial=21 partition=0 processed=8100 total=14000 metric=ce epoch=1/1
[pipeline-trace] wall=20:08:50 elapsed=1635.239s phase=eval event=batch_start trial=19 partitions=[1] synthetic=False
[pipeline-trace] wall=20:08:50 elapsed=1635.239s phase=eval event=partition_start trial=19 partition=1 interactions=1999
[pipeline-trace] wall=20:08:50 elapsed=1635.239s phase=eval event=interaction_progress trial=19 partition=1 processed=1 total=1999 metric=ranking
[pipeline-trace] wall=20:08:51 elapsed=1636.536s phase=train event=interaction_progress trial=21 partition=0 processed=8200 total=14000 metric=ce epoch=1/1
[pipeline-trace] wall=20:08:52 elapsed=1637.543s phase=train event=interaction_progress trial=21 partition=0 processed=8300 total=14000 metric=ce epoch=1/1
[pipeline-trace] wall=20:08:52 elapsed=1637.436s phase=eval event=interaction_progress trial=19 partition=1 processed=100 total=1999 metric=ranking
[pipeline-trace] wall=20:08:52 elapsed=1637.882s phase=train event=interaction_progress trial=21 partition=0 processed=8400 total=14000 metric=ce epoch=1/1
[pipeline-trace] wall=20:08:53 elapsed=1638.062s phase=train event=interaction_progress trial=21 partition=0 processed=8500 total=14000 metric=ce epoch=1/1
[pipeline-trace] wall=20:08:53 elapsed=1638.280s phase=train event=interaction_progress trial=21 partition=0 processed=8600 total=14000 metric=ce epoch=1/1
[pipeline-trace] wall=20:08:53 elapsed=1638.510s phase=train event=interaction_progress trial=21 partition=0 processed=8700 total=14000 metric=ce epoch=1/1
[pipeline-trace] wall=20:08:53 elapsed=1638.740s phase=train event=interaction_progress trial=21 partition=0 processed=8800 total=14000 metric=ce epoch=1/1
[pipeline-trace] wall=20:08:54 elapsed=1639.116s phase=train event=interaction_progress trial=21 partition=0 processed=8900 total=14000 metric=ce epoch=1/1
[pipeline-trace] wall=20:08:54 elapsed=1639.834s phase=train event=interaction_progress trial=21 partition=0 processed=9000 total=14000 metric=ce epoch=1/1
[pipeline-trace] wall=20:08:55 elapsed=1640.046s phase=train event=interaction_progress trial=21 partition=0 processed=9100 total=14000 metric=ce epoch=1/1
[pipeline-trace] wall=20:08:55 elapsed=1639.704s phase=eval event=interaction_progress trial=19 partition=1 processed=200 total=1999 metric=ranking
[pipeline-trace] wall=20:08:55 elapsed=1640.243s phase=train event=interaction_progress trial=21 partition=0 processed=9200 total=14000 metric=ce epoch=1/1
[pipeline-trace] wall=20:08:55 elapsed=1640.447s phase=train event=interaction_progress trial=21 partition=0 processed=9300 total=14000 metric=ce epoch=1/1
[pipeline-trace] wall=20:08:55 elapsed=1640.646s phase=train event=interaction_progress trial=21 partition=0 processed=9400 total=14000 metric=ce epoch=1/1
[pipeline-trace] wall=20:08:55 elapsed=1640.884s phase=train event=interaction_progress trial=21 partition=0 processed=9500 total=14000 metric=ce epoch=1/1
[pipeline-trace] wall=20:08:56 elapsed=1641.135s phase=train event=interaction_progress trial=21 partition=0 processed=9600 total=14000 metric=ce epoch=1/1
[pipeline-trace] wall=20:08:56 elapsed=1641.383s phase=train event=interaction_progress trial=21 partition=0 processed=9700 total=14000 metric=ce epoch=1/1
[pipeline-trace] wall=20:08:57 elapsed=1641.907s phase=eval event=interaction_progress trial=19 partition=1 processed=300 total=1999 metric=ranking
[pipeline-trace] wall=20:08:57 elapsed=1642.300s phase=train event=interaction_progress trial=21 partition=0 processed=9800 total=14000 metric=ce epoch=1/1
[pipeline-trace] wall=20:08:58 elapsed=1643.474s phase=train event=interaction_progress trial=21 partition=0 processed=9900 total=14000 metric=ce epoch=1/1
[pipeline-trace] wall=20:08:59 elapsed=1644.202s phase=eval event=interaction_progress trial=19 partition=1 processed=400 total=1999 metric=ranking
[pipeline-trace] wall=20:08:59 elapsed=1644.582s phase=train event=interaction_progress trial=21 partition=0 processed=10000 total=14000 metric=ce epoch=1/1
[pipeline-trace] wall=20:09:00 elapsed=1645.684s phase=train event=interaction_progress trial=21 partition=0 processed=10100 total=14000 metric=ce epoch=1/1
[pipeline-trace] wall=20:09:01 elapsed=1646.816s phase=train event=interaction_progress trial=21 partition=0 processed=10200 total=14000 metric=ce epoch=1/1
[pipeline-trace] wall=20:09:01 elapsed=1646.471s phase=eval event=interaction_progress trial=19 partition=1 processed=500 total=1999 metric=ranking
[pipeline-trace] wall=20:09:02 elapsed=1647.869s phase=train event=interaction_progress trial=21 partition=0 processed=10300 total=14000 metric=ce epoch=1/1
[pipeline-trace] wall=20:09:03 elapsed=1648.947s phase=train event=interaction_progress trial=21 partition=0 processed=10400 total=14000 metric=ce epoch=1/1
[pipeline-trace] wall=20:09:04 elapsed=1648.733s phase=eval event=interaction_progress trial=19 partition=1 processed=600 total=1999 metric=ranking
[pipeline-trace] wall=20:09:05 elapsed=1650.043s phase=train event=interaction_progress trial=21 partition=0 processed=10500 total=14000 metric=ce epoch=1/1
[pipeline-trace] wall=20:09:06 elapsed=1651.088s phase=train event=interaction_progress trial=21 partition=0 processed=10600 total=14000 metric=ce epoch=1/1
[pipeline-trace] wall=20:09:06 elapsed=1651.033s phase=eval event=interaction_progress trial=19 partition=1 processed=700 total=1999 metric=ranking
[pipeline-trace] wall=20:09:07 elapsed=1652.118s phase=train event=interaction_progress trial=21 partition=0 processed=10700 total=14000 metric=ce epoch=1/1
[pipeline-trace] wall=20:09:08 elapsed=1653.275s phase=train event=interaction_progress trial=21 partition=0 processed=10800 total=14000 metric=ce epoch=1/1
[pipeline-trace] wall=20:09:08 elapsed=1653.260s phase=eval event=interaction_progress trial=19 partition=1 processed=800 total=1999 metric=ranking
[pipeline-trace] wall=20:09:09 elapsed=1654.570s phase=train event=interaction_progress trial=21 partition=0 processed=10900 total=14000 metric=ce epoch=1/1
[pipeline-trace] wall=20:09:10 elapsed=1655.701s phase=train event=interaction_progress trial=21 partition=0 processed=11000 total=14000 metric=ce epoch=1/1
[pipeline-trace] wall=20:09:10 elapsed=1655.638s phase=eval event=interaction_progress trial=19 partition=1 processed=900 total=1999 metric=ranking
[pipeline-trace] wall=20:09:11 elapsed=1656.865s phase=train event=interaction_progress trial=21 partition=0 processed=11100 total=14000 metric=ce epoch=1/1
[pipeline-trace] wall=20:09:13 elapsed=1658.055s phase=train event=interaction_progress trial=21 partition=0 processed=11200 total=14000 metric=ce epoch=1/1
[pipeline-trace] wall=20:09:13 elapsed=1657.883s phase=eval event=interaction_progress trial=19 partition=1 processed=1000 total=1999 metric=ranking
[pipeline-trace] wall=20:09:14 elapsed=1659.198s phase=train event=interaction_progress trial=21 partition=0 processed=11300 total=14000 metric=ce epoch=1/1
[pipeline-trace] wall=20:09:15 elapsed=1660.325s phase=train event=interaction_progress trial=21 partition=0 processed=11400 total=14000 metric=ce epoch=1/1
[pipeline-trace] wall=20:09:15 elapsed=1660.221s phase=eval event=interaction_progress trial=19 partition=1 processed=1100 total=1999 metric=ranking
[pipeline-trace] wall=20:09:16 elapsed=1661.464s phase=train event=interaction_progress trial=21 partition=0 processed=11500 total=14000 metric=ce epoch=1/1
[pipeline-trace] wall=20:09:17 elapsed=1662.605s phase=train event=interaction_progress trial=21 partition=0 processed=11600 total=14000 metric=ce epoch=1/1
[pipeline-trace] wall=20:09:17 elapsed=1662.484s phase=eval event=interaction_progress trial=19 partition=1 processed=1200 total=1999 metric=ranking
[pipeline-trace] wall=20:09:18 elapsed=1663.777s phase=train event=interaction_progress trial=21 partition=0 processed=11700 total=14000 metric=ce epoch=1/1
[pipeline-trace] wall=20:09:19 elapsed=1664.931s phase=train event=interaction_progress trial=21 partition=0 processed=11800 total=14000 metric=ce epoch=1/1
[pipeline-trace] wall=20:09:20 elapsed=1664.740s phase=eval event=interaction_progress trial=19 partition=1 processed=1300 total=1999 metric=ranking
[pipeline-trace] wall=20:09:21 elapsed=1666.057s phase=train event=interaction_progress trial=21 partition=0 processed=11900 total=14000 metric=ce epoch=1/1
[pipeline-trace] wall=20:09:22 elapsed=1667.169s phase=train event=interaction_progress trial=21 partition=0 processed=12000 total=14000 metric=ce epoch=1/1
[pipeline-trace] wall=20:09:22 elapsed=1667.176s phase=eval event=interaction_progress trial=19 partition=1 processed=1400 total=1999 metric=ranking
[pipeline-trace] wall=20:09:23 elapsed=1668.371s phase=train event=interaction_progress trial=21 partition=0 processed=12100 total=14000 metric=ce epoch=1/1
[pipeline-trace] wall=20:09:24 elapsed=1669.510s phase=train event=interaction_progress trial=21 partition=0 processed=12200 total=14000 metric=ce epoch=1/1
[pipeline-trace] wall=20:09:25 elapsed=1670.676s phase=train event=interaction_progress trial=21 partition=0 processed=12300 total=14000 metric=ce epoch=1/1
[pipeline-trace] wall=20:09:26 elapsed=1671.186s phase=eval event=interaction_progress trial=19 partition=1 processed=1500 total=1999 metric=ranking
[pipeline-trace] wall=20:09:26 elapsed=1671.872s phase=train event=interaction_progress trial=21 partition=0 processed=12400 total=14000 metric=ce epoch=1/1
[pipeline-trace] wall=20:09:28 elapsed=1673.045s phase=train event=interaction_progress trial=21 partition=0 processed=12500 total=14000 metric=ce epoch=1/1
[pipeline-trace] wall=20:09:29 elapsed=1674.238s phase=train event=interaction_progress trial=21 partition=0 processed=12600 total=14000 metric=ce epoch=1/1
[pipeline-trace] wall=20:09:29 elapsed=1674.428s phase=eval event=interaction_progress trial=19 partition=1 processed=1600 total=1999 metric=ranking
[pipeline-trace] wall=20:09:30 elapsed=1675.465s phase=train event=interaction_progress trial=21 partition=0 processed=12700 total=14000 metric=ce epoch=1/1
[pipeline-trace] wall=20:09:31 elapsed=1676.568s phase=train event=interaction_progress trial=21 partition=0 processed=12800 total=14000 metric=ce epoch=1/1
[pipeline-trace] wall=20:09:32 elapsed=1676.788s phase=eval event=interaction_progress trial=19 partition=1 processed=1700 total=1999 metric=ranking
[pipeline-trace] wall=20:09:32 elapsed=1677.756s phase=train event=interaction_progress trial=21 partition=0 processed=12900 total=14000 metric=ce epoch=1/1
[pipeline-trace] wall=20:09:33 elapsed=1678.970s phase=train event=interaction_progress trial=21 partition=0 processed=13000 total=14000 metric=ce epoch=1/1
[pipeline-trace] wall=20:09:34 elapsed=1679.158s phase=eval event=interaction_progress trial=19 partition=1 processed=1800 total=1999 metric=ranking
[pipeline-trace] wall=20:09:35 elapsed=1680.087s phase=train event=interaction_progress trial=21 partition=0 processed=13100 total=14000 metric=ce epoch=1/1
[pipeline-trace] wall=20:09:36 elapsed=1681.270s phase=train event=interaction_progress trial=21 partition=0 processed=13200 total=14000 metric=ce epoch=1/1
[pipeline-trace] wall=20:09:36 elapsed=1681.404s phase=eval event=interaction_progress trial=19 partition=1 processed=1900 total=1999 metric=ranking
[pipeline-trace] wall=20:09:37 elapsed=1682.446s phase=train event=interaction_progress trial=21 partition=0 processed=13300 total=14000 metric=ce epoch=1/1
[pipeline-trace] wall=20:09:38 elapsed=1683.551s phase=train event=interaction_progress trial=21 partition=0 processed=13400 total=14000 metric=ce epoch=1/1
[pipeline-trace] wall=20:09:39 elapsed=1683.686s phase=eval event=interaction_progress trial=19 partition=1 processed=1999 total=1999 metric=ranking
[pipeline-trace] wall=20:09:39 elapsed=1683.715s phase=eval event=partition_complete trial=19 partition=1 elapsed_sec=48.476 hits=1095 total=1999
[pipeline-trace] wall=20:09:39 elapsed=1683.891s phase=train event=interaction_progress trial=22 partition=0 processed=1 total=14000 metric=ce epoch=1/1
[pipeline-trace] wall=20:09:39 elapsed=1684.669s phase=train event=interaction_progress trial=21 partition=0 processed=13500 total=14000 metric=ce epoch=1/1
[pipeline-trace] wall=20:09:40 elapsed=1685.232s phase=train event=interaction_progress trial=22 partition=0 processed=100 total=14000 metric=ce epoch=1/1
[pipeline-trace] wall=20:09:40 elapsed=1685.836s phase=train event=interaction_progress trial=21 partition=0 processed=13600 total=14000 metric=ce epoch=1/1
[pipeline-trace] wall=20:09:41 elapsed=1686.990s phase=train event=interaction_progress trial=21 partition=0 processed=13700 total=14000 metric=ce epoch=1/1
[pipeline-trace] wall=20:09:42 elapsed=1686.704s phase=train event=interaction_progress trial=22 partition=0 processed=200 total=14000 metric=ce epoch=1/1
[pipeline-trace] wall=20:09:43 elapsed=1688.116s phase=train event=interaction_progress trial=21 partition=0 processed=13800 total=14000 metric=ce epoch=1/1
[pipeline-trace] wall=20:09:43 elapsed=1688.096s phase=train event=interaction_progress trial=22 partition=0 processed=300 total=14000 metric=ce epoch=1/1
[pipeline-trace] wall=20:09:44 elapsed=1689.248s phase=train event=interaction_progress trial=21 partition=0 processed=13900 total=14000 metric=ce epoch=1/1
[pipeline-trace] wall=20:09:44 elapsed=1689.523s phase=train event=interaction_progress trial=22 partition=0 processed=400 total=14000 metric=ce epoch=1/1
[pipeline-trace] wall=20:09:45 elapsed=1690.397s phase=train event=interaction_progress trial=21 partition=0 processed=14000 total=14000 metric=ce epoch=1/1
[pipeline-trace] wall=20:09:45 elapsed=1690.594s phase=eval event=batch_start trial=21 partitions=[1] synthetic=False
[pipeline-trace] wall=20:09:45 elapsed=1690.594s phase=eval event=partition_start trial=21 partition=1 interactions=1999
[pipeline-trace] wall=20:09:45 elapsed=1690.594s phase=eval event=interaction_progress trial=21 partition=1 processed=1 total=1999 metric=ranking
[pipeline-trace] wall=20:09:46 elapsed=1690.969s phase=train event=interaction_progress trial=22 partition=0 processed=500 total=14000 metric=ce epoch=1/1
[pipeline-trace] wall=20:09:46 elapsed=1691.894s phase=eval event=interaction_progress trial=21 partition=1 processed=100 total=1999 metric=ranking
[pipeline-trace] wall=20:09:47 elapsed=1692.480s phase=train event=interaction_progress trial=22 partition=0 processed=600 total=14000 metric=ce epoch=1/1
[pipeline-trace] wall=20:09:48 elapsed=1693.109s phase=eval event=interaction_progress trial=21 partition=1 processed=200 total=1999 metric=ranking
[pipeline-trace] wall=20:09:49 elapsed=1693.960s phase=train event=interaction_progress trial=22 partition=0 processed=700 total=14000 metric=ce epoch=1/1
[pipeline-trace] wall=20:09:49 elapsed=1694.358s phase=eval event=interaction_progress trial=21 partition=1 processed=300 total=1999 metric=ranking
[pipeline-trace] wall=20:09:50 elapsed=1695.512s phase=eval event=interaction_progress trial=21 partition=1 processed=400 total=1999 metric=ranking
[pipeline-trace] wall=20:09:50 elapsed=1695.382s phase=train event=interaction_progress trial=22 partition=0 processed=800 total=14000 metric=ce epoch=1/1
[pipeline-trace] wall=20:09:51 elapsed=1696.779s phase=eval event=interaction_progress trial=21 partition=1 processed=500 total=1999 metric=ranking
[pipeline-trace] wall=20:09:52 elapsed=1696.884s phase=train event=interaction_progress trial=22 partition=0 processed=900 total=14000 metric=ce epoch=1/1
[pipeline-trace] wall=20:09:52 elapsed=1697.968s phase=eval event=interaction_progress trial=21 partition=1 processed=600 total=1999 metric=ranking
[pipeline-trace] wall=20:09:53 elapsed=1698.275s phase=train event=interaction_progress trial=22 partition=0 processed=1000 total=14000 metric=ce epoch=1/1
[pipeline-trace] wall=20:09:54 elapsed=1699.106s phase=eval event=interaction_progress trial=21 partition=1 processed=700 total=1999 metric=ranking
[pipeline-trace] wall=20:09:54 elapsed=1699.643s phase=train event=interaction_progress trial=22 partition=0 processed=1100 total=14000 metric=ce epoch=1/1
[pipeline-trace] wall=20:09:55 elapsed=1700.332s phase=eval event=interaction_progress trial=21 partition=1 processed=800 total=1999 metric=ranking
[pipeline-trace] wall=20:09:56 elapsed=1701.093s phase=train event=interaction_progress trial=22 partition=0 processed=1200 total=14000 metric=ce epoch=1/1
[pipeline-trace] wall=20:09:56 elapsed=1701.545s phase=eval event=interaction_progress trial=21 partition=1 processed=900 total=1999 metric=ranking
[pipeline-trace] wall=20:09:57 elapsed=1702.861s phase=eval event=interaction_progress trial=21 partition=1 processed=1000 total=1999 metric=ranking
[pipeline-trace] wall=20:09:57 elapsed=1702.618s phase=train event=interaction_progress trial=22 partition=0 processed=1300 total=14000 metric=ce epoch=1/1
[pipeline-trace] wall=20:09:59 elapsed=1704.112s phase=eval event=interaction_progress trial=21 partition=1 processed=1100 total=1999 metric=ranking
[pipeline-trace] wall=20:09:59 elapsed=1704.093s phase=train event=interaction_progress trial=22 partition=0 processed=1400 total=14000 metric=ce epoch=1/1
[pipeline-trace] wall=20:10:00 elapsed=1705.384s phase=eval event=interaction_progress trial=21 partition=1 processed=1200 total=1999 metric=ranking
[pipeline-trace] wall=20:10:01 elapsed=1705.710s phase=train event=interaction_progress trial=22 partition=0 processed=1500 total=14000 metric=ce epoch=1/1
[pipeline-trace] wall=20:10:01 elapsed=1706.666s phase=eval event=interaction_progress trial=21 partition=1 processed=1300 total=1999 metric=ranking
[pipeline-trace] wall=20:10:02 elapsed=1707.233s phase=train event=interaction_progress trial=22 partition=0 processed=1600 total=14000 metric=ce epoch=1/1
[pipeline-trace] wall=20:10:02 elapsed=1707.854s phase=eval event=interaction_progress trial=21 partition=1 processed=1400 total=1999 metric=ranking
[pipeline-trace] wall=20:10:04 elapsed=1709.086s phase=eval event=interaction_progress trial=21 partition=1 processed=1500 total=1999 metric=ranking
[pipeline-trace] wall=20:10:04 elapsed=1708.807s phase=train event=interaction_progress trial=22 partition=0 processed=1700 total=14000 metric=ce epoch=1/1
[pipeline-trace] wall=20:10:05 elapsed=1710.258s phase=eval event=interaction_progress trial=21 partition=1 processed=1600 total=1999 metric=ranking
[pipeline-trace] wall=20:10:05 elapsed=1710.353s phase=train event=interaction_progress trial=22 partition=0 processed=1800 total=14000 metric=ce epoch=1/1
[pipeline-trace] wall=20:10:06 elapsed=1711.520s phase=eval event=interaction_progress trial=21 partition=1 processed=1700 total=1999 metric=ranking
[pipeline-trace] wall=20:10:07 elapsed=1711.874s phase=train event=interaction_progress trial=22 partition=0 processed=1900 total=14000 metric=ce epoch=1/1
[pipeline-trace] wall=20:10:07 elapsed=1712.764s phase=eval event=interaction_progress trial=21 partition=1 processed=1800 total=1999 metric=ranking
[pipeline-trace] wall=20:10:08 elapsed=1713.268s phase=train event=interaction_progress trial=22 partition=0 processed=2000 total=14000 metric=ce epoch=1/1
[pipeline-trace] wall=20:10:09 elapsed=1714.069s phase=eval event=interaction_progress trial=21 partition=1 processed=1900 total=1999 metric=ranking
[pipeline-trace] wall=20:10:09 elapsed=1714.638s phase=train event=interaction_progress trial=22 partition=0 processed=2100 total=14000 metric=ce epoch=1/1
[pipeline-trace] wall=20:10:10 elapsed=1715.308s phase=eval event=interaction_progress trial=21 partition=1 processed=1999 total=1999 metric=ranking
[pipeline-trace] wall=20:10:10 elapsed=1715.319s phase=eval event=partition_complete trial=21 partition=1 elapsed_sec=24.725 hits=1664 total=1999
[pipeline-trace] wall=20:10:10 elapsed=1715.470s phase=train event=interaction_progress trial=23 partition=0 processed=1 total=14000 metric=ce epoch=1/1
[pipeline-trace] wall=20:10:11 elapsed=1716.045s phase=train event=interaction_progress trial=22 partition=0 processed=2200 total=14000 metric=ce epoch=1/1
[pipeline-trace] wall=20:10:11 elapsed=1716.646s phase=train event=interaction_progress trial=23 partition=0 processed=100 total=14000 metric=ce epoch=1/1
[pipeline-trace] wall=20:10:12 elapsed=1717.866s phase=train event=interaction_progress trial=23 partition=0 processed=200 total=14000 metric=ce epoch=1/1
[pipeline-trace] wall=20:10:12 elapsed=1717.576s phase=train event=interaction_progress trial=22 partition=0 processed=2300 total=14000 metric=ce epoch=1/1
[pipeline-trace] wall=20:10:15 elapsed=1720.068s phase=train event=interaction_progress trial=23 partition=0 processed=300 total=14000 metric=ce epoch=1/1
[pipeline-trace] wall=20:10:16 elapsed=1721.337s phase=train event=interaction_progress trial=23 partition=0 processed=400 total=14000 metric=ce epoch=1/1
[pipeline-trace] wall=20:10:17 elapsed=1722.490s phase=train event=interaction_progress trial=23 partition=0 processed=500 total=14000 metric=ce epoch=1/1
[pipeline-trace] wall=20:10:20 elapsed=1725.608s phase=train event=interaction_progress trial=23 partition=0 processed=600 total=14000 metric=ce epoch=1/1
[pipeline-trace] wall=20:10:20 elapsed=1725.292s phase=train event=interaction_progress trial=22 partition=0 processed=2400 total=14000 metric=ce epoch=1/1
[pipeline-trace] wall=20:10:21 elapsed=1726.759s phase=train event=interaction_progress trial=23 partition=0 processed=700 total=14000 metric=ce epoch=1/1
[pipeline-trace] wall=20:10:21 elapsed=1726.603s phase=train event=interaction_progress trial=22 partition=0 processed=2500 total=14000 metric=ce epoch=1/1
[pipeline-trace] wall=20:10:22 elapsed=1728.003s phase=train event=interaction_progress trial=23 partition=0 processed=800 total=14000 metric=ce epoch=1/1
[pipeline-trace] wall=20:10:23 elapsed=1728.108s phase=train event=interaction_progress trial=22 partition=0 processed=2600 total=14000 metric=ce epoch=1/1
[pipeline-trace] wall=20:10:24 elapsed=1729.206s phase=train event=interaction_progress trial=23 partition=0 processed=900 total=14000 metric=ce epoch=1/1
[pipeline-trace] wall=20:10:24 elapsed=1729.523s phase=train event=interaction_progress trial=22 partition=0 processed=2700 total=14000 metric=ce epoch=1/1
[pipeline-trace] wall=20:10:25 elapsed=1730.398s phase=train event=interaction_progress trial=23 partition=0 processed=1000 total=14000 metric=ce epoch=1/1
[pipeline-trace] wall=20:10:26 elapsed=1730.895s phase=train event=interaction_progress trial=22 partition=0 processed=2800 total=14000 metric=ce epoch=1/1
[pipeline-trace] wall=20:10:26 elapsed=1731.582s phase=train event=interaction_progress trial=23 partition=0 processed=1100 total=14000 metric=ce epoch=1/1
[pipeline-trace] wall=20:10:27 elapsed=1732.232s phase=train event=interaction_progress trial=22 partition=0 processed=2900 total=14000 metric=ce epoch=1/1
[pipeline-trace] wall=20:10:27 elapsed=1732.731s phase=train event=interaction_progress trial=23 partition=0 processed=1200 total=14000 metric=ce epoch=1/1
[pipeline-trace] wall=20:10:28 elapsed=1733.584s phase=train event=interaction_progress trial=22 partition=0 processed=3000 total=14000 metric=ce epoch=1/1
[pipeline-trace] wall=20:10:28 elapsed=1733.945s phase=train event=interaction_progress trial=23 partition=0 processed=1300 total=14000 metric=ce epoch=1/1
[pipeline-trace] wall=20:10:30 elapsed=1735.125s phase=train event=interaction_progress trial=23 partition=0 processed=1400 total=14000 metric=ce epoch=1/1
[pipeline-trace] wall=20:10:30 elapsed=1734.948s phase=train event=interaction_progress trial=22 partition=0 processed=3100 total=14000 metric=ce epoch=1/1
[pipeline-trace] wall=20:10:31 elapsed=1736.260s phase=train event=interaction_progress trial=23 partition=0 processed=1500 total=14000 metric=ce epoch=1/1
[pipeline-trace] wall=20:10:31 elapsed=1736.383s phase=train event=interaction_progress trial=22 partition=0 processed=3200 total=14000 metric=ce epoch=1/1
[pipeline-trace] wall=20:10:32 elapsed=1737.471s phase=train event=interaction_progress trial=23 partition=0 processed=1600 total=14000 metric=ce epoch=1/1
[pipeline-trace] wall=20:10:33 elapsed=1737.900s phase=train event=interaction_progress trial=22 partition=0 processed=3300 total=14000 metric=ce epoch=1/1
[pipeline-trace] wall=20:10:33 elapsed=1738.651s phase=train event=interaction_progress trial=23 partition=0 processed=1700 total=14000 metric=ce epoch=1/1
[pipeline-trace] wall=20:10:34 elapsed=1739.419s phase=train event=interaction_progress trial=22 partition=0 processed=3400 total=14000 metric=ce epoch=1/1
[pipeline-trace] wall=20:10:34 elapsed=1739.857s phase=train event=interaction_progress trial=23 partition=0 processed=1800 total=14000 metric=ce epoch=1/1
[pipeline-trace] wall=20:10:36 elapsed=1741.071s phase=train event=interaction_progress trial=23 partition=0 processed=1900 total=14000 metric=ce epoch=1/1
[pipeline-trace] wall=20:10:36 elapsed=1740.883s phase=train event=interaction_progress trial=22 partition=0 processed=3500 total=14000 metric=ce epoch=1/1
[pipeline-trace] wall=20:10:37 elapsed=1742.227s phase=train event=interaction_progress trial=23 partition=0 processed=2000 total=14000 metric=ce epoch=1/1
[pipeline-trace] wall=20:10:37 elapsed=1742.331s phase=train event=interaction_progress trial=22 partition=0 processed=3600 total=14000 metric=ce epoch=1/1
[pipeline-trace] wall=20:10:38 elapsed=1743.409s phase=train event=interaction_progress trial=23 partition=0 processed=2100 total=14000 metric=ce epoch=1/1
[pipeline-trace] wall=20:10:39 elapsed=1743.797s phase=train event=interaction_progress trial=22 partition=0 processed=3700 total=14000 metric=ce epoch=1/1
[pipeline-trace] wall=20:10:39 elapsed=1744.610s phase=train event=interaction_progress trial=23 partition=0 processed=2200 total=14000 metric=ce epoch=1/1
[pipeline-trace] wall=20:10:40 elapsed=1745.238s phase=train event=interaction_progress trial=22 partition=0 processed=3800 total=14000 metric=ce epoch=1/1
[pipeline-trace] wall=20:10:40 elapsed=1745.750s phase=train event=interaction_progress trial=23 partition=0 processed=2300 total=14000 metric=ce epoch=1/1
[pipeline-trace] wall=20:10:41 elapsed=1746.956s phase=train event=interaction_progress trial=23 partition=0 processed=2400 total=14000 metric=ce epoch=1/1
[pipeline-trace] wall=20:10:41 elapsed=1746.648s phase=train event=interaction_progress trial=22 partition=0 processed=3900 total=14000 metric=ce epoch=1/1
[pipeline-trace] wall=20:10:43 elapsed=1748.157s phase=train event=interaction_progress trial=23 partition=0 processed=2500 total=14000 metric=ce epoch=1/1
[pipeline-trace] wall=20:10:43 elapsed=1748.119s phase=train event=interaction_progress trial=22 partition=0 processed=4000 total=14000 metric=ce epoch=1/1
[pipeline-trace] wall=20:10:44 elapsed=1748.956s phase=train event=interaction_progress trial=22 partition=0 processed=4100 total=14000 metric=ce epoch=1/1
[pipeline-trace] wall=20:10:44 elapsed=1749.334s phase=train event=interaction_progress trial=23 partition=0 processed=2600 total=14000 metric=ce epoch=1/1
[pipeline-trace] wall=20:10:44 elapsed=1749.211s phase=train event=interaction_progress trial=22 partition=0 processed=4200 total=14000 metric=ce epoch=1/1
[pipeline-trace] wall=20:10:44 elapsed=1749.428s phase=train event=interaction_progress trial=22 partition=0 processed=4300 total=14000 metric=ce epoch=1/1
[pipeline-trace] wall=20:10:44 elapsed=1749.643s phase=train event=interaction_progress trial=22 partition=0 processed=4400 total=14000 metric=ce epoch=1/1
[pipeline-trace] wall=20:10:45 elapsed=1750.517s phase=train event=interaction_progress trial=23 partition=0 processed=2700 total=14000 metric=ce epoch=1/1
[pipeline-trace] wall=20:10:45 elapsed=1750.512s phase=train event=interaction_progress trial=22 partition=0 processed=4500 total=14000 metric=ce epoch=1/1
[pipeline-trace] wall=20:10:46 elapsed=1750.757s phase=train event=interaction_progress trial=22 partition=0 processed=4600 total=14000 metric=ce epoch=1/1
[pipeline-trace] wall=20:10:46 elapsed=1750.996s phase=train event=interaction_progress trial=22 partition=0 processed=4700 total=14000 metric=ce epoch=1/1
[pipeline-trace] wall=20:10:46 elapsed=1751.228s phase=train event=interaction_progress trial=22 partition=0 processed=4800 total=14000 metric=ce epoch=1/1
[pipeline-trace] wall=20:10:46 elapsed=1751.701s phase=train event=interaction_progress trial=23 partition=0 processed=2800 total=14000 metric=ce epoch=1/1
[pipeline-trace] wall=20:10:46 elapsed=1751.471s phase=train event=interaction_progress trial=22 partition=0 processed=4900 total=14000 metric=ce epoch=1/1
[pipeline-trace] wall=20:10:47 elapsed=1751.701s phase=train event=interaction_progress trial=22 partition=0 processed=5000 total=14000 metric=ce epoch=1/1
[pipeline-trace] wall=20:10:47 elapsed=1751.980s phase=train event=interaction_progress trial=22 partition=0 processed=5100 total=14000 metric=ce epoch=1/1
[pipeline-trace] wall=20:10:47 elapsed=1752.885s phase=train event=interaction_progress trial=23 partition=0 processed=2900 total=14000 metric=ce epoch=1/1
[pipeline-trace] wall=20:10:48 elapsed=1753.198s phase=train event=interaction_progress trial=22 partition=0 processed=5200 total=14000 metric=ce epoch=1/1
[pipeline-trace] wall=20:10:49 elapsed=1754.073s phase=train event=interaction_progress trial=23 partition=0 processed=3000 total=14000 metric=ce epoch=1/1
[pipeline-trace] wall=20:10:50 elapsed=1754.734s phase=train event=interaction_progress trial=22 partition=0 processed=5300 total=14000 metric=ce epoch=1/1
[pipeline-trace] wall=20:10:50 elapsed=1755.198s phase=train event=interaction_progress trial=23 partition=0 processed=3100 total=14000 metric=ce epoch=1/1
[pipeline-trace] wall=20:10:51 elapsed=1756.397s phase=train event=interaction_progress trial=23 partition=0 processed=3200 total=14000 metric=ce epoch=1/1
[pipeline-trace] wall=20:10:51 elapsed=1756.181s phase=train event=interaction_progress trial=22 partition=0 processed=5400 total=14000 metric=ce epoch=1/1
[pipeline-trace] wall=20:10:52 elapsed=1757.576s phase=train event=interaction_progress trial=23 partition=0 processed=3300 total=14000 metric=ce epoch=1/1
[pipeline-trace] wall=20:10:52 elapsed=1757.621s phase=train event=interaction_progress trial=22 partition=0 processed=5500 total=14000 metric=ce epoch=1/1
[pipeline-trace] wall=20:10:53 elapsed=1758.736s phase=train event=interaction_progress trial=23 partition=0 processed=3400 total=14000 metric=ce epoch=1/1
[pipeline-trace] wall=20:10:54 elapsed=1759.215s phase=train event=interaction_progress trial=22 partition=0 processed=5600 total=14000 metric=ce epoch=1/1
[pipeline-trace] wall=20:10:54 elapsed=1759.959s phase=train event=interaction_progress trial=23 partition=0 processed=3500 total=14000 metric=ce epoch=1/1
[pipeline-trace] wall=20:10:56 elapsed=1760.726s phase=train event=interaction_progress trial=22 partition=0 processed=5700 total=14000 metric=ce epoch=1/1
[pipeline-trace] wall=20:10:56 elapsed=1761.140s phase=train event=interaction_progress trial=23 partition=0 processed=3600 total=14000 metric=ce epoch=1/1
[pipeline-trace] wall=20:10:57 elapsed=1762.324s phase=train event=interaction_progress trial=23 partition=0 processed=3700 total=14000 metric=ce epoch=1/1
[pipeline-trace] wall=20:10:57 elapsed=1762.241s phase=train event=interaction_progress trial=22 partition=0 processed=5800 total=14000 metric=ce epoch=1/1
[pipeline-trace] wall=20:10:58 elapsed=1763.528s phase=train event=interaction_progress trial=23 partition=0 processed=3800 total=14000 metric=ce epoch=1/1
[pipeline-trace] wall=20:10:58 elapsed=1763.628s phase=train event=interaction_progress trial=22 partition=0 processed=5900 total=14000 metric=ce epoch=1/1
[pipeline-trace] wall=20:10:59 elapsed=1764.674s phase=train event=interaction_progress trial=23 partition=0 processed=3900 total=14000 metric=ce epoch=1/1
[pipeline-trace] wall=20:11:00 elapsed=1764.989s phase=train event=interaction_progress trial=22 partition=0 processed=6000 total=14000 metric=ce epoch=1/1
[pipeline-trace] wall=20:11:00 elapsed=1765.869s phase=train event=interaction_progress trial=23 partition=0 processed=4000 total=14000 metric=ce epoch=1/1
[pipeline-trace] wall=20:11:01 elapsed=1766.410s phase=train event=interaction_progress trial=22 partition=0 processed=6100 total=14000 metric=ce epoch=1/1
[pipeline-trace] wall=20:11:02 elapsed=1767.128s phase=train event=interaction_progress trial=23 partition=0 processed=4100 total=14000 metric=ce epoch=1/1
[pipeline-trace] wall=20:11:03 elapsed=1767.747s phase=train event=interaction_progress trial=22 partition=0 processed=6200 total=14000 metric=ce epoch=1/1
[pipeline-trace] wall=20:11:03 elapsed=1768.308s phase=train event=interaction_progress trial=23 partition=0 processed=4200 total=14000 metric=ce epoch=1/1
[pipeline-trace] wall=20:11:05 elapsed=1770.351s phase=train event=interaction_progress trial=23 partition=0 processed=4300 total=14000 metric=ce epoch=1/1
[pipeline-trace] wall=20:11:05 elapsed=1770.039s phase=train event=interaction_progress trial=22 partition=0 processed=6300 total=14000 metric=ce epoch=1/1
[pipeline-trace] wall=20:11:06 elapsed=1771.680s phase=train event=interaction_progress trial=23 partition=0 processed=4400 total=14000 metric=ce epoch=1/1
[pipeline-trace] wall=20:11:07 elapsed=1772.942s phase=train event=interaction_progress trial=23 partition=0 processed=4500 total=14000 metric=ce epoch=1/1
[pipeline-trace] wall=20:11:09 elapsed=1773.879s phase=train event=interaction_progress trial=22 partition=0 processed=6400 total=14000 metric=ce epoch=1/1
[pipeline-trace] wall=20:11:10 elapsed=1775.489s phase=train event=interaction_progress trial=23 partition=0 processed=4600 total=14000 metric=ce epoch=1/1
[pipeline-trace] wall=20:11:11 elapsed=1776.698s phase=train event=interaction_progress trial=23 partition=0 processed=4700 total=14000 metric=ce epoch=1/1
[pipeline-trace] wall=20:11:11 elapsed=1776.458s phase=train event=interaction_progress trial=22 partition=0 processed=6500 total=14000 metric=ce epoch=1/1
[pipeline-trace] wall=20:11:12 elapsed=1777.075s phase=train event=interaction_progress trial=23 partition=0 processed=4800 total=14000 metric=ce epoch=1/1
[pipeline-trace] wall=20:11:12 elapsed=1777.420s phase=train event=interaction_progress trial=23 partition=0 processed=4900 total=14000 metric=ce epoch=1/1
[pipeline-trace] wall=20:11:12 elapsed=1777.829s phase=train event=interaction_progress trial=23 partition=0 processed=5000 total=14000 metric=ce epoch=1/1
[pipeline-trace] wall=20:11:13 elapsed=1778.204s phase=train event=interaction_progress trial=23 partition=0 processed=5100 total=14000 metric=ce epoch=1/1
[pipeline-trace] wall=20:11:13 elapsed=1777.888s phase=train event=interaction_progress trial=22 partition=0 processed=6600 total=14000 metric=ce epoch=1/1
[pipeline-trace] wall=20:11:14 elapsed=1779.058s phase=train event=interaction_progress trial=23 partition=0 processed=5200 total=14000 metric=ce epoch=1/1
[pipeline-trace] wall=20:11:14 elapsed=1779.467s phase=train event=interaction_progress trial=23 partition=0 processed=5300 total=14000 metric=ce epoch=1/1
[pipeline-trace] wall=20:11:14 elapsed=1779.811s phase=train event=interaction_progress trial=23 partition=0 processed=5400 total=14000 metric=ce epoch=1/1
[pipeline-trace] wall=20:11:14 elapsed=1779.557s phase=train event=interaction_progress trial=22 partition=0 processed=6700 total=14000 metric=ce epoch=1/1
[pipeline-trace] wall=20:11:15 elapsed=1780.089s phase=train event=interaction_progress trial=23 partition=0 processed=5500 total=14000 metric=ce epoch=1/1
[pipeline-trace] wall=20:11:15 elapsed=1780.468s phase=train event=interaction_progress trial=23 partition=0 processed=5600 total=14000 metric=ce epoch=1/1
[pipeline-trace] wall=20:11:15 elapsed=1780.855s phase=train event=interaction_progress trial=23 partition=0 processed=5700 total=14000 metric=ce epoch=1/1
[pipeline-trace] wall=20:11:16 elapsed=1780.921s phase=train event=interaction_progress trial=22 partition=0 processed=6800 total=14000 metric=ce epoch=1/1
[pipeline-trace] wall=20:11:16 elapsed=1781.637s phase=train event=interaction_progress trial=23 partition=0 processed=5800 total=14000 metric=ce epoch=1/1
[pipeline-trace] wall=20:11:17 elapsed=1782.266s phase=train event=interaction_progress trial=22 partition=0 processed=6900 total=14000 metric=ce epoch=1/1
[pipeline-trace] wall=20:11:17 elapsed=1782.857s phase=train event=interaction_progress trial=23 partition=0 processed=5900 total=14000 metric=ce epoch=1/1
[pipeline-trace] wall=20:11:19 elapsed=1784.018s phase=train event=interaction_progress trial=23 partition=0 processed=6000 total=14000 metric=ce epoch=1/1
[pipeline-trace] wall=20:11:19 elapsed=1783.736s phase=train event=interaction_progress trial=22 partition=0 processed=7000 total=14000 metric=ce epoch=1/1
[pipeline-trace] wall=20:11:20 elapsed=1785.169s phase=train event=interaction_progress trial=23 partition=0 processed=6100 total=14000 metric=ce epoch=1/1
[pipeline-trace] wall=20:11:20 elapsed=1785.130s phase=train event=interaction_progress trial=22 partition=0 processed=7100 total=14000 metric=ce epoch=1/1
[pipeline-trace] wall=20:11:21 elapsed=1786.369s phase=train event=interaction_progress trial=23 partition=0 processed=6200 total=14000 metric=ce epoch=1/1
[pipeline-trace] wall=20:11:21 elapsed=1786.506s phase=train event=interaction_progress trial=22 partition=0 processed=7200 total=14000 metric=ce epoch=1/1
[pipeline-trace] wall=20:11:22 elapsed=1787.519s phase=train event=interaction_progress trial=23 partition=0 processed=6300 total=14000 metric=ce epoch=1/1
[pipeline-trace] wall=20:11:23 elapsed=1787.928s phase=train event=interaction_progress trial=22 partition=0 processed=7300 total=14000 metric=ce epoch=1/1
[pipeline-trace] wall=20:11:23 elapsed=1788.699s phase=train event=interaction_progress trial=23 partition=0 processed=6400 total=14000 metric=ce epoch=1/1
[pipeline-trace] wall=20:11:24 elapsed=1789.345s phase=train event=interaction_progress trial=22 partition=0 processed=7400 total=14000 metric=ce epoch=1/1
[pipeline-trace] wall=20:11:24 elapsed=1789.887s phase=train event=interaction_progress trial=23 partition=0 processed=6500 total=14000 metric=ce epoch=1/1
[pipeline-trace] wall=20:11:26 elapsed=1791.042s phase=train event=interaction_progress trial=23 partition=0 processed=6600 total=14000 metric=ce epoch=1/1
[pipeline-trace] wall=20:11:26 elapsed=1790.820s phase=train event=interaction_progress trial=22 partition=0 processed=7500 total=14000 metric=ce epoch=1/1
[pipeline-trace] wall=20:11:27 elapsed=1792.267s phase=train event=interaction_progress trial=23 partition=0 processed=6700 total=14000 metric=ce epoch=1/1
[pipeline-trace] wall=20:11:27 elapsed=1792.272s phase=train event=interaction_progress trial=22 partition=0 processed=7600 total=14000 metric=ce epoch=1/1
[pipeline-trace] wall=20:11:28 elapsed=1793.448s phase=train event=interaction_progress trial=23 partition=0 processed=6800 total=14000 metric=ce epoch=1/1
[pipeline-trace] wall=20:11:28 elapsed=1793.647s phase=train event=interaction_progress trial=22 partition=0 processed=7700 total=14000 metric=ce epoch=1/1
[pipeline-trace] wall=20:11:29 elapsed=1794.595s phase=train event=interaction_progress trial=23 partition=0 processed=6900 total=14000 metric=ce epoch=1/1
[pipeline-trace] wall=20:11:30 elapsed=1794.964s phase=train event=interaction_progress trial=22 partition=0 processed=7800 total=14000 metric=ce epoch=1/1
[pipeline-trace] wall=20:11:30 elapsed=1795.817s phase=train event=interaction_progress trial=23 partition=0 processed=7000 total=14000 metric=ce epoch=1/1
[pipeline-trace] wall=20:11:31 elapsed=1796.354s phase=train event=interaction_progress trial=22 partition=0 processed=7900 total=14000 metric=ce epoch=1/1
[pipeline-trace] wall=20:11:31 elapsed=1796.972s phase=train event=interaction_progress trial=23 partition=0 processed=7100 total=14000 metric=ce epoch=1/1
[pipeline-trace] wall=20:11:33 elapsed=1797.750s phase=train event=interaction_progress trial=22 partition=0 processed=8000 total=14000 metric=ce epoch=1/1
[pipeline-trace] wall=20:11:33 elapsed=1798.143s phase=train event=interaction_progress trial=23 partition=0 processed=7200 total=14000 metric=ce epoch=1/1
[pipeline-trace] wall=20:11:34 elapsed=1799.356s phase=train event=interaction_progress trial=23 partition=0 processed=7300 total=14000 metric=ce epoch=1/1
[pipeline-trace] wall=20:11:34 elapsed=1799.096s phase=train event=interaction_progress trial=22 partition=0 processed=8100 total=14000 metric=ce epoch=1/1
[pipeline-trace] wall=20:11:35 elapsed=1800.519s phase=train event=interaction_progress trial=23 partition=0 processed=7400 total=14000 metric=ce epoch=1/1
[pipeline-trace] wall=20:11:35 elapsed=1800.499s phase=train event=interaction_progress trial=22 partition=0 processed=8200 total=14000 metric=ce epoch=1/1
[pipeline-trace] wall=20:11:36 elapsed=1801.709s phase=train event=interaction_progress trial=23 partition=0 processed=7500 total=14000 metric=ce epoch=1/1
[pipeline-trace] wall=20:11:37 elapsed=1801.885s phase=train event=interaction_progress trial=22 partition=0 processed=8300 total=14000 metric=ce epoch=1/1
[pipeline-trace] wall=20:11:37 elapsed=1802.920s phase=train event=interaction_progress trial=23 partition=0 processed=7600 total=14000 metric=ce epoch=1/1
[pipeline-trace] wall=20:11:38 elapsed=1803.258s phase=train event=interaction_progress trial=22 partition=0 processed=8400 total=14000 metric=ce epoch=1/1
[pipeline-trace] wall=20:11:39 elapsed=1804.059s phase=train event=interaction_progress trial=23 partition=0 processed=7700 total=14000 metric=ce epoch=1/1
[pipeline-trace] wall=20:11:40 elapsed=1804.683s phase=train event=interaction_progress trial=22 partition=0 processed=8500 total=14000 metric=ce epoch=1/1
[pipeline-trace] wall=20:11:40 elapsed=1805.268s phase=train event=interaction_progress trial=23 partition=0 processed=7800 total=14000 metric=ce epoch=1/1
[pipeline-trace] wall=20:11:41 elapsed=1806.057s phase=train event=interaction_progress trial=22 partition=0 processed=8600 total=14000 metric=ce epoch=1/1
[pipeline-trace] wall=20:11:41 elapsed=1806.443s phase=train event=interaction_progress trial=23 partition=0 processed=7900 total=14000 metric=ce epoch=1/1
[pipeline-trace] wall=20:11:42 elapsed=1807.587s phase=train event=interaction_progress trial=23 partition=0 processed=8000 total=14000 metric=ce epoch=1/1
[pipeline-trace] wall=20:11:42 elapsed=1807.509s phase=train event=interaction_progress trial=22 partition=0 processed=8700 total=14000 metric=ce epoch=1/1
[pipeline-trace] wall=20:11:43 elapsed=1808.800s phase=train event=interaction_progress trial=23 partition=0 processed=8100 total=14000 metric=ce epoch=1/1
[pipeline-trace] wall=20:11:44 elapsed=1809.052s phase=train event=interaction_progress trial=22 partition=0 processed=8800 total=14000 metric=ce epoch=1/1
[pipeline-trace] wall=20:11:44 elapsed=1809.991s phase=train event=interaction_progress trial=23 partition=0 processed=8200 total=14000 metric=ce epoch=1/1
[pipeline-trace] wall=20:11:46 elapsed=1810.664s phase=train event=interaction_progress trial=22 partition=0 processed=8900 total=14000 metric=ce epoch=1/1
[pipeline-trace] wall=20:11:46 elapsed=1811.177s phase=train event=interaction_progress trial=23 partition=0 processed=8300 total=14000 metric=ce epoch=1/1
[pipeline-trace] wall=20:11:47 elapsed=1812.381s phase=train event=interaction_progress trial=23 partition=0 processed=8400 total=14000 metric=ce epoch=1/1
[pipeline-trace] wall=20:11:47 elapsed=1812.273s phase=train event=interaction_progress trial=22 partition=0 processed=9000 total=14000 metric=ce epoch=1/1
[pipeline-trace] wall=20:11:48 elapsed=1813.544s phase=train event=interaction_progress trial=23 partition=0 processed=8500 total=14000 metric=ce epoch=1/1
[pipeline-trace] wall=20:11:49 elapsed=1813.748s phase=train event=interaction_progress trial=22 partition=0 processed=9100 total=14000 metric=ce epoch=1/1
[pipeline-trace] wall=20:11:49 elapsed=1814.763s phase=train event=interaction_progress trial=23 partition=0 processed=8600 total=14000 metric=ce epoch=1/1
[pipeline-trace] wall=20:11:50 elapsed=1815.032s phase=train event=interaction_progress trial=22 partition=0 processed=9200 total=14000 metric=ce epoch=1/1
[pipeline-trace] wall=20:11:50 elapsed=1815.959s phase=train event=interaction_progress trial=23 partition=0 processed=8700 total=14000 metric=ce epoch=1/1
[pipeline-trace] wall=20:11:51 elapsed=1816.418s phase=train event=interaction_progress trial=22 partition=0 processed=9300 total=14000 metric=ce epoch=1/1
[pipeline-trace] wall=20:11:52 elapsed=1817.149s phase=train event=interaction_progress trial=23 partition=0 processed=8800 total=14000 metric=ce epoch=1/1
[pipeline-trace] wall=20:11:53 elapsed=1817.795s phase=train event=interaction_progress trial=22 partition=0 processed=9400 total=14000 metric=ce epoch=1/1
[pipeline-trace] wall=20:11:53 elapsed=1818.381s phase=train event=interaction_progress trial=23 partition=0 processed=8900 total=14000 metric=ce epoch=1/1
[pipeline-trace] wall=20:11:54 elapsed=1819.130s phase=train event=interaction_progress trial=22 partition=0 processed=9500 total=14000 metric=ce epoch=1/1
[pipeline-trace] wall=20:11:54 elapsed=1819.568s phase=train event=interaction_progress trial=23 partition=0 processed=9000 total=14000 metric=ce epoch=1/1
[pipeline-trace] wall=20:11:55 elapsed=1820.548s phase=train event=interaction_progress trial=22 partition=0 processed=9600 total=14000 metric=ce epoch=1/1
[pipeline-trace] wall=20:11:58 elapsed=1823.577s phase=train event=interaction_progress trial=22 partition=0 processed=9700 total=14000 metric=ce epoch=1/1
[pipeline-trace] wall=20:12:00 elapsed=1824.933s phase=train event=interaction_progress trial=22 partition=0 processed=9800 total=14000 metric=ce epoch=1/1
[pipeline-trace] wall=20:12:02 elapsed=1827.081s phase=train event=interaction_progress trial=22 partition=0 processed=9900 total=14000 metric=ce epoch=1/1
[pipeline-trace] wall=20:12:02 elapsed=1827.471s phase=train event=interaction_progress trial=23 partition=0 processed=9100 total=14000 metric=ce epoch=1/1
[pipeline-trace] wall=20:12:03 elapsed=1828.411s phase=train event=interaction_progress trial=22 partition=0 processed=10000 total=14000 metric=ce epoch=1/1
[pipeline-trace] wall=20:12:03 elapsed=1828.831s phase=train event=interaction_progress trial=23 partition=0 processed=9200 total=14000 metric=ce epoch=1/1
[pipeline-trace] wall=20:12:04 elapsed=1830.009s phase=train event=interaction_progress trial=23 partition=0 processed=9300 total=14000 metric=ce epoch=1/1
[pipeline-trace] wall=20:12:05 elapsed=1829.807s phase=train event=interaction_progress trial=22 partition=0 processed=10100 total=14000 metric=ce epoch=1/1
[pipeline-trace] wall=20:12:06 elapsed=1831.178s phase=train event=interaction_progress trial=23 partition=0 processed=9400 total=14000 metric=ce epoch=1/1
[pipeline-trace] wall=20:12:06 elapsed=1831.344s phase=train event=interaction_progress trial=22 partition=0 processed=10200 total=14000 metric=ce epoch=1/1
[pipeline-trace] wall=20:12:07 elapsed=1832.430s phase=train event=interaction_progress trial=23 partition=0 processed=9500 total=14000 metric=ce epoch=1/1
[pipeline-trace] wall=20:12:08 elapsed=1832.747s phase=train event=interaction_progress trial=22 partition=0 processed=10300 total=14000 metric=ce epoch=1/1
[pipeline-trace] wall=20:12:08 elapsed=1833.593s phase=train event=interaction_progress trial=23 partition=0 processed=9600 total=14000 metric=ce epoch=1/1
[pipeline-trace] wall=20:12:09 elapsed=1834.109s phase=train event=interaction_progress trial=22 partition=0 processed=10400 total=14000 metric=ce epoch=1/1
[pipeline-trace] wall=20:12:09 elapsed=1834.778s phase=train event=interaction_progress trial=23 partition=0 processed=9700 total=14000 metric=ce epoch=1/1
[pipeline-trace] wall=20:12:10 elapsed=1835.491s phase=train event=interaction_progress trial=22 partition=0 processed=10500 total=14000 metric=ce epoch=1/1
[pipeline-trace] wall=20:12:10 elapsed=1835.989s phase=train event=interaction_progress trial=23 partition=0 processed=9800 total=14000 metric=ce epoch=1/1
[pipeline-trace] wall=20:12:12 elapsed=1837.135s phase=train event=interaction_progress trial=23 partition=0 processed=9900 total=14000 metric=ce epoch=1/1
[pipeline-trace] wall=20:12:12 elapsed=1836.843s phase=train event=interaction_progress trial=22 partition=0 processed=10600 total=14000 metric=ce epoch=1/1
[pipeline-trace] wall=20:12:13 elapsed=1838.338s phase=train event=interaction_progress trial=23 partition=0 processed=10000 total=14000 metric=ce epoch=1/1
[pipeline-trace] wall=20:12:13 elapsed=1838.311s phase=train event=interaction_progress trial=22 partition=0 processed=10700 total=14000 metric=ce epoch=1/1
[pipeline-trace] wall=20:12:14 elapsed=1839.524s phase=train event=interaction_progress trial=23 partition=0 processed=10100 total=14000 metric=ce epoch=1/1
[pipeline-trace] wall=20:12:15 elapsed=1839.765s phase=train event=interaction_progress trial=22 partition=0 processed=10800 total=14000 metric=ce epoch=1/1
[pipeline-trace] wall=20:12:15 elapsed=1840.683s phase=train event=interaction_progress trial=23 partition=0 processed=10200 total=14000 metric=ce epoch=1/1
[pipeline-trace] wall=20:12:16 elapsed=1841.052s phase=train event=interaction_progress trial=22 partition=0 processed=10900 total=14000 metric=ce epoch=1/1
[pipeline-trace] wall=20:12:16 elapsed=1841.929s phase=train event=interaction_progress trial=23 partition=0 processed=10300 total=14000 metric=ce epoch=1/1
[pipeline-trace] wall=20:12:17 elapsed=1842.440s phase=train event=interaction_progress trial=22 partition=0 processed=11000 total=14000 metric=ce epoch=1/1
[pipeline-trace] wall=20:12:18 elapsed=1843.106s phase=train event=interaction_progress trial=23 partition=0 processed=10400 total=14000 metric=ce epoch=1/1
[pipeline-trace] wall=20:12:19 elapsed=1843.894s phase=train event=interaction_progress trial=22 partition=0 processed=11100 total=14000 metric=ce epoch=1/1
[pipeline-trace] wall=20:12:19 elapsed=1844.310s phase=train event=interaction_progress trial=23 partition=0 processed=10500 total=14000 metric=ce epoch=1/1
[pipeline-trace] wall=20:12:20 elapsed=1845.503s phase=train event=interaction_progress trial=23 partition=0 processed=10600 total=14000 metric=ce epoch=1/1
[pipeline-trace] wall=20:12:20 elapsed=1845.405s phase=train event=interaction_progress trial=22 partition=0 processed=11200 total=14000 metric=ce epoch=1/1
[pipeline-trace] wall=20:12:21 elapsed=1846.664s phase=train event=interaction_progress trial=23 partition=0 processed=10700 total=14000 metric=ce epoch=1/1
[pipeline-trace] wall=20:12:22 elapsed=1846.945s phase=train event=interaction_progress trial=22 partition=0 processed=11300 total=14000 metric=ce epoch=1/1
[pipeline-trace] wall=20:12:22 elapsed=1847.878s phase=train event=interaction_progress trial=23 partition=0 processed=10800 total=14000 metric=ce epoch=1/1
[pipeline-trace] wall=20:12:23 elapsed=1848.328s phase=train event=interaction_progress trial=22 partition=0 processed=11400 total=14000 metric=ce epoch=1/1
[pipeline-trace] wall=20:12:24 elapsed=1849.050s phase=train event=interaction_progress trial=23 partition=0 processed=10900 total=14000 metric=ce epoch=1/1
[pipeline-trace] wall=20:12:25 elapsed=1849.695s phase=train event=interaction_progress trial=22 partition=0 processed=11500 total=14000 metric=ce epoch=1/1
[pipeline-trace] wall=20:12:25 elapsed=1850.231s phase=train event=interaction_progress trial=23 partition=0 processed=11000 total=14000 metric=ce epoch=1/1
[pipeline-trace] wall=20:12:26 elapsed=1851.419s phase=train event=interaction_progress trial=23 partition=0 processed=11100 total=14000 metric=ce epoch=1/1
[pipeline-trace] wall=20:12:26 elapsed=1851.109s phase=train event=interaction_progress trial=22 partition=0 processed=11600 total=14000 metric=ce epoch=1/1
[pipeline-trace] wall=20:12:27 elapsed=1852.573s phase=train event=interaction_progress trial=23 partition=0 processed=11200 total=14000 metric=ce epoch=1/1
[pipeline-trace] wall=20:12:27 elapsed=1852.624s phase=train event=interaction_progress trial=22 partition=0 processed=11700 total=14000 metric=ce epoch=1/1
[pipeline-trace] wall=20:12:28 elapsed=1853.762s phase=train event=interaction_progress trial=23 partition=0 processed=11300 total=14000 metric=ce epoch=1/1
[pipeline-trace] wall=20:12:29 elapsed=1854.056s phase=train event=interaction_progress trial=22 partition=0 processed=11800 total=14000 metric=ce epoch=1/1
[pipeline-trace] wall=20:12:29 elapsed=1854.970s phase=train event=interaction_progress trial=23 partition=0 processed=11400 total=14000 metric=ce epoch=1/1
[pipeline-trace] wall=20:12:30 elapsed=1855.454s phase=train event=interaction_progress trial=22 partition=0 processed=11900 total=14000 metric=ce epoch=1/1
[pipeline-trace] wall=20:12:31 elapsed=1856.116s phase=train event=interaction_progress trial=23 partition=0 processed=11500 total=14000 metric=ce epoch=1/1
[pipeline-trace] wall=20:12:32 elapsed=1856.814s phase=train event=interaction_progress trial=22 partition=0 processed=12000 total=14000 metric=ce epoch=1/1
[pipeline-trace] wall=20:12:32 elapsed=1857.338s phase=train event=interaction_progress trial=23 partition=0 processed=11600 total=14000 metric=ce epoch=1/1
[pipeline-trace] wall=20:12:33 elapsed=1858.186s phase=train event=interaction_progress trial=22 partition=0 processed=12100 total=14000 metric=ce epoch=1/1
[pipeline-trace] wall=20:12:33 elapsed=1858.615s phase=train event=interaction_progress trial=23 partition=0 processed=11700 total=14000 metric=ce epoch=1/1
[pipeline-trace] wall=20:12:34 elapsed=1859.812s phase=train event=interaction_progress trial=23 partition=0 processed=11800 total=14000 metric=ce epoch=1/1
[pipeline-trace] wall=20:12:34 elapsed=1859.556s phase=train event=interaction_progress trial=22 partition=0 processed=12200 total=14000 metric=ce epoch=1/1
[pipeline-trace] wall=20:12:35 elapsed=1861.007s phase=train event=interaction_progress trial=23 partition=0 processed=11900 total=14000 metric=ce epoch=1/1
[pipeline-trace] wall=20:12:36 elapsed=1861.019s phase=train event=interaction_progress trial=22 partition=0 processed=12300 total=14000 metric=ce epoch=1/1
[pipeline-trace] wall=20:12:37 elapsed=1862.166s phase=train event=interaction_progress trial=23 partition=0 processed=12000 total=14000 metric=ce epoch=1/1
[pipeline-trace] wall=20:12:37 elapsed=1862.577s phase=train event=interaction_progress trial=22 partition=0 processed=12400 total=14000 metric=ce epoch=1/1
[pipeline-trace] wall=20:12:38 elapsed=1863.376s phase=train event=interaction_progress trial=23 partition=0 processed=12100 total=14000 metric=ce epoch=1/1
[pipeline-trace] wall=20:12:39 elapsed=1864.085s phase=train event=interaction_progress trial=22 partition=0 processed=12500 total=14000 metric=ce epoch=1/1
[pipeline-trace] wall=20:12:39 elapsed=1864.549s phase=train event=interaction_progress trial=23 partition=0 processed=12200 total=14000 metric=ce epoch=1/1
[pipeline-trace] wall=20:12:40 elapsed=1865.710s phase=train event=interaction_progress trial=23 partition=0 processed=12300 total=14000 metric=ce epoch=1/1
[pipeline-trace] wall=20:12:40 elapsed=1865.519s phase=train event=interaction_progress trial=22 partition=0 processed=12600 total=14000 metric=ce epoch=1/1
[pipeline-trace] wall=20:12:41 elapsed=1866.918s phase=train event=interaction_progress trial=23 partition=0 processed=12400 total=14000 metric=ce epoch=1/1
[pipeline-trace] wall=20:12:42 elapsed=1866.897s phase=train event=interaction_progress trial=22 partition=0 processed=12700 total=14000 metric=ce epoch=1/1
[pipeline-trace] wall=20:12:43 elapsed=1868.083s phase=train event=interaction_progress trial=23 partition=0 processed=12500 total=14000 metric=ce epoch=1/1
[pipeline-trace] wall=20:12:43 elapsed=1868.298s phase=train event=interaction_progress trial=22 partition=0 processed=12800 total=14000 metric=ce epoch=1/1
[pipeline-trace] wall=20:12:44 elapsed=1869.265s phase=train event=interaction_progress trial=23 partition=0 processed=12600 total=14000 metric=ce epoch=1/1
[pipeline-trace] wall=20:12:45 elapsed=1869.786s phase=train event=interaction_progress trial=22 partition=0 processed=12900 total=14000 metric=ce epoch=1/1
[pipeline-trace] wall=20:12:45 elapsed=1870.478s phase=train event=interaction_progress trial=23 partition=0 processed=12700 total=14000 metric=ce epoch=1/1
[pipeline-trace] wall=20:12:46 elapsed=1871.144s phase=train event=interaction_progress trial=22 partition=0 processed=13000 total=14000 metric=ce epoch=1/1
[pipeline-trace] wall=20:12:46 elapsed=1871.639s phase=train event=interaction_progress trial=23 partition=0 processed=12800 total=14000 metric=ce epoch=1/1
[pipeline-trace] wall=20:12:48 elapsed=1872.813s phase=train event=interaction_progress trial=22 partition=0 processed=13100 total=14000 metric=ce epoch=1/1
[pipeline-trace] wall=20:12:48 elapsed=1873.662s phase=train event=interaction_progress trial=23 partition=0 processed=12900 total=14000 metric=ce epoch=1/1
[pipeline-trace] wall=20:12:49 elapsed=1874.970s phase=train event=interaction_progress trial=23 partition=0 processed=13000 total=14000 metric=ce epoch=1/1
[pipeline-trace] wall=20:12:50 elapsed=1875.149s phase=train event=interaction_progress trial=22 partition=0 processed=13200 total=14000 metric=ce epoch=1/1
[pipeline-trace] wall=20:12:51 elapsed=1876.210s phase=train event=interaction_progress trial=23 partition=0 processed=13100 total=14000 metric=ce epoch=1/1
[pipeline-trace] wall=20:12:52 elapsed=1877.489s phase=train event=interaction_progress trial=23 partition=0 processed=13200 total=14000 metric=ce epoch=1/1
[pipeline-trace] wall=20:12:53 elapsed=1878.807s phase=train event=interaction_progress trial=23 partition=0 processed=13300 total=14000 metric=ce epoch=1/1
[pipeline-trace] wall=20:12:54 elapsed=1879.093s phase=train event=interaction_progress trial=22 partition=0 processed=13300 total=14000 metric=ce epoch=1/1
[pipeline-trace] wall=20:12:55 elapsed=1880.026s phase=train event=interaction_progress trial=23 partition=0 processed=13400 total=14000 metric=ce epoch=1/1
[pipeline-trace] wall=20:12:55 elapsed=1880.582s phase=train event=interaction_progress trial=22 partition=0 processed=13400 total=14000 metric=ce epoch=1/1
[pipeline-trace] wall=20:12:56 elapsed=1881.184s phase=train event=interaction_progress trial=23 partition=0 processed=13500 total=14000 metric=ce epoch=1/1
[pipeline-trace] wall=20:12:57 elapsed=1882.382s phase=train event=interaction_progress trial=23 partition=0 processed=13600 total=14000 metric=ce epoch=1/1
[pipeline-trace] wall=20:12:57 elapsed=1882.037s phase=train event=interaction_progress trial=22 partition=0 processed=13500 total=14000 metric=ce epoch=1/1
[pipeline-trace] wall=20:12:57 elapsed=1882.513s phase=train event=interaction_progress trial=22 partition=0 processed=13600 total=14000 metric=ce epoch=1/1
[pipeline-trace] wall=20:12:58 elapsed=1882.828s phase=train event=interaction_progress trial=22 partition=0 processed=13700 total=14000 metric=ce epoch=1/1
[pipeline-trace] wall=20:12:58 elapsed=1883.100s phase=train event=interaction_progress trial=22 partition=0 processed=13800 total=14000 metric=ce epoch=1/1
[pipeline-trace] wall=20:12:58 elapsed=1883.585s phase=train event=interaction_progress trial=23 partition=0 processed=13700 total=14000 metric=ce epoch=1/1
[pipeline-trace] wall=20:12:59 elapsed=1884.001s phase=train event=interaction_progress trial=22 partition=0 processed=13900 total=14000 metric=ce epoch=1/1
[pipeline-trace] wall=20:12:59 elapsed=1884.255s phase=train event=interaction_progress trial=22 partition=0 processed=14000 total=14000 metric=ce epoch=1/1
[pipeline-trace] wall=20:12:59 elapsed=1884.332s phase=eval event=batch_start trial=22 partitions=[1] synthetic=False
[pipeline-trace] wall=20:12:59 elapsed=1884.332s phase=eval event=partition_start trial=22 partition=1 interactions=1999
[pipeline-trace] wall=20:12:59 elapsed=1884.333s phase=eval event=interaction_progress trial=22 partition=1 processed=1 total=1999 metric=ranking
[pipeline-trace] wall=20:12:59 elapsed=1884.745s phase=train event=interaction_progress trial=23 partition=0 processed=13800 total=14000 metric=ce epoch=1/1
[pipeline-trace] wall=20:12:59 elapsed=1884.463s phase=eval event=interaction_progress trial=22 partition=1 processed=100 total=1999 metric=ranking
[pipeline-trace] wall=20:12:59 elapsed=1884.588s phase=eval event=interaction_progress trial=22 partition=1 processed=200 total=1999 metric=ranking
[pipeline-trace] wall=20:13:00 elapsed=1884.711s phase=eval event=interaction_progress trial=22 partition=1 processed=300 total=1999 metric=ranking
[pipeline-trace] wall=20:13:00 elapsed=1884.838s phase=eval event=interaction_progress trial=22 partition=1 processed=400 total=1999 metric=ranking
[pipeline-trace] wall=20:13:00 elapsed=1884.964s phase=eval event=interaction_progress trial=22 partition=1 processed=500 total=1999 metric=ranking
[pipeline-trace] wall=20:13:00 elapsed=1885.089s phase=eval event=interaction_progress trial=22 partition=1 processed=600 total=1999 metric=ranking
[pipeline-trace] wall=20:13:00 elapsed=1885.214s phase=eval event=interaction_progress trial=22 partition=1 processed=700 total=1999 metric=ranking
[pipeline-trace] wall=20:13:00 elapsed=1885.969s phase=train event=interaction_progress trial=23 partition=0 processed=13900 total=14000 metric=ce epoch=1/1
[pipeline-trace] wall=20:13:01 elapsed=1885.828s phase=eval event=interaction_progress trial=22 partition=1 processed=800 total=1999 metric=ranking
[pipeline-trace] wall=20:13:02 elapsed=1887.173s phase=train event=interaction_progress trial=23 partition=0 processed=14000 total=14000 metric=ce epoch=1/1
[pipeline-trace] wall=20:13:02 elapsed=1887.391s phase=eval event=batch_start trial=23 partitions=[1] synthetic=False
[pipeline-trace] wall=20:13:02 elapsed=1887.391s phase=eval event=partition_start trial=23 partition=1 interactions=1999
[pipeline-trace] wall=20:13:02 elapsed=1887.392s phase=eval event=interaction_progress trial=23 partition=1 processed=1 total=1999 metric=ranking
[pipeline-trace] wall=20:13:02 elapsed=1887.459s phase=eval event=interaction_progress trial=22 partition=1 processed=900 total=1999 metric=ranking
[pipeline-trace] wall=20:13:03 elapsed=1888.677s phase=eval event=interaction_progress trial=23 partition=1 processed=100 total=1999 metric=ranking
[pipeline-trace] wall=20:13:04 elapsed=1889.105s phase=eval event=interaction_progress trial=22 partition=1 processed=1000 total=1999 metric=ranking
[pipeline-trace] wall=20:13:04 elapsed=1889.902s phase=eval event=interaction_progress trial=23 partition=1 processed=200 total=1999 metric=ranking
[pipeline-trace] wall=20:13:06 elapsed=1890.739s phase=eval event=interaction_progress trial=22 partition=1 processed=1100 total=1999 metric=ranking
[pipeline-trace] wall=20:13:06 elapsed=1891.191s phase=eval event=interaction_progress trial=23 partition=1 processed=300 total=1999 metric=ranking
[pipeline-trace] wall=20:13:07 elapsed=1892.438s phase=eval event=interaction_progress trial=23 partition=1 processed=400 total=1999 metric=ranking
[pipeline-trace] wall=20:13:07 elapsed=1892.376s phase=eval event=interaction_progress trial=22 partition=1 processed=1200 total=1999 metric=ranking
[pipeline-trace] wall=20:13:08 elapsed=1893.713s phase=eval event=interaction_progress trial=23 partition=1 processed=500 total=1999 metric=ranking
[pipeline-trace] wall=20:13:09 elapsed=1894.041s phase=eval event=interaction_progress trial=22 partition=1 processed=1300 total=1999 metric=ranking
[pipeline-trace] wall=20:13:09 elapsed=1894.987s phase=eval event=interaction_progress trial=23 partition=1 processed=600 total=1999 metric=ranking
[pipeline-trace] wall=20:13:10 elapsed=1895.616s phase=eval event=interaction_progress trial=22 partition=1 processed=1400 total=1999 metric=ranking
[pipeline-trace] wall=20:13:11 elapsed=1896.284s phase=eval event=interaction_progress trial=23 partition=1 processed=700 total=1999 metric=ranking
[pipeline-trace] wall=20:13:12 elapsed=1897.529s phase=eval event=interaction_progress trial=23 partition=1 processed=800 total=1999 metric=ranking
[pipeline-trace] wall=20:13:12 elapsed=1897.228s phase=eval event=interaction_progress trial=22 partition=1 processed=1500 total=1999 metric=ranking
[pipeline-trace] wall=20:13:13 elapsed=1898.840s phase=eval event=interaction_progress trial=23 partition=1 processed=900 total=1999 metric=ranking
[pipeline-trace] wall=20:13:14 elapsed=1898.802s phase=eval event=interaction_progress trial=22 partition=1 processed=1600 total=1999 metric=ranking
[pipeline-trace] wall=20:13:15 elapsed=1900.055s phase=eval event=interaction_progress trial=23 partition=1 processed=1000 total=1999 metric=ranking
[pipeline-trace] wall=20:13:15 elapsed=1900.343s phase=eval event=interaction_progress trial=22 partition=1 processed=1700 total=1999 metric=ranking
[pipeline-trace] wall=20:13:16 elapsed=1901.349s phase=eval event=interaction_progress trial=23 partition=1 processed=1100 total=1999 metric=ranking
[pipeline-trace] wall=20:13:17 elapsed=1901.926s phase=eval event=interaction_progress trial=22 partition=1 processed=1800 total=1999 metric=ranking
[pipeline-trace] wall=20:13:17 elapsed=1902.621s phase=eval event=interaction_progress trial=23 partition=1 processed=1200 total=1999 metric=ranking
[pipeline-trace] wall=20:13:18 elapsed=1903.512s phase=eval event=interaction_progress trial=22 partition=1 processed=1900 total=1999 metric=ranking
[pipeline-trace] wall=20:13:18 elapsed=1903.890s phase=eval event=interaction_progress trial=23 partition=1 processed=1300 total=1999 metric=ranking
[pipeline-trace] wall=20:13:20 elapsed=1905.166s phase=eval event=interaction_progress trial=23 partition=1 processed=1400 total=1999 metric=ranking
[pipeline-trace] wall=20:13:20 elapsed=1905.111s phase=eval event=interaction_progress trial=22 partition=1 processed=1999 total=1999 metric=ranking
[pipeline-trace] wall=20:13:20 elapsed=1905.132s phase=eval event=partition_complete trial=22 partition=1 elapsed_sec=20.799 hits=1341 total=1999
[pipeline-trace] wall=20:13:20 elapsed=1905.274s phase=train event=interaction_progress trial=24 partition=0 processed=1 total=14000 metric=ce epoch=1/1
[pipeline-trace] wall=20:13:21 elapsed=1906.472s phase=eval event=interaction_progress trial=23 partition=1 processed=1500 total=1999 metric=ranking
[pipeline-trace] wall=20:13:21 elapsed=1906.614s phase=train event=interaction_progress trial=24 partition=0 processed=100 total=14000 metric=ce epoch=1/1
[pipeline-trace] wall=20:13:22 elapsed=1907.767s phase=eval event=interaction_progress trial=23 partition=1 processed=1600 total=1999 metric=ranking
[pipeline-trace] wall=20:13:23 elapsed=1908.099s phase=train event=interaction_progress trial=24 partition=0 processed=200 total=14000 metric=ce epoch=1/1
[pipeline-trace] wall=20:13:24 elapsed=1909.072s phase=eval event=interaction_progress trial=23 partition=1 processed=1700 total=1999 metric=ranking
[pipeline-trace] wall=20:13:24 elapsed=1909.548s phase=train event=interaction_progress trial=24 partition=0 processed=300 total=14000 metric=ce epoch=1/1
[pipeline-trace] wall=20:13:25 elapsed=1910.372s phase=eval event=interaction_progress trial=23 partition=1 processed=1800 total=1999 metric=ranking
[pipeline-trace] wall=20:13:26 elapsed=1910.945s phase=train event=interaction_progress trial=24 partition=0 processed=400 total=14000 metric=ce epoch=1/1
[pipeline-trace] wall=20:13:26 elapsed=1911.678s phase=eval event=interaction_progress trial=23 partition=1 processed=1900 total=1999 metric=ranking
[pipeline-trace] wall=20:13:27 elapsed=1912.305s phase=train event=interaction_progress trial=24 partition=0 processed=500 total=14000 metric=ce epoch=1/1
[pipeline-trace] wall=20:13:27 elapsed=1912.931s phase=eval event=interaction_progress trial=23 partition=1 processed=1999 total=1999 metric=ranking
[pipeline-trace] wall=20:13:27 elapsed=1912.941s phase=eval event=partition_complete trial=23 partition=1 elapsed_sec=25.550 hits=596 total=1999
[pipeline-trace] wall=20:13:28 elapsed=1913.136s phase=train event=interaction_progress trial=25 partition=0 processed=1 total=14000 metric=ce epoch=1/1
[pipeline-trace] wall=20:13:29 elapsed=1913.747s phase=train event=interaction_progress trial=24 partition=0 processed=600 total=14000 metric=ce epoch=1/1
[pipeline-trace] wall=20:13:29 elapsed=1914.335s phase=train event=interaction_progress trial=25 partition=0 processed=100 total=14000 metric=ce epoch=1/1
[pipeline-trace] wall=20:13:30 elapsed=1915.062s phase=train event=interaction_progress trial=24 partition=0 processed=700 total=14000 metric=ce epoch=1/1
[pipeline-trace] wall=20:13:30 elapsed=1915.457s phase=train event=interaction_progress trial=25 partition=0 processed=200 total=14000 metric=ce epoch=1/1
[pipeline-trace] wall=20:13:30 elapsed=1915.869s phase=train event=interaction_progress trial=25 partition=0 processed=300 total=14000 metric=ce epoch=1/1
[pipeline-trace] wall=20:13:31 elapsed=1916.096s phase=train event=interaction_progress trial=25 partition=0 processed=400 total=14000 metric=ce epoch=1/1
[pipeline-trace] wall=20:13:31 elapsed=1916.330s phase=train event=interaction_progress trial=25 partition=0 processed=500 total=14000 metric=ce epoch=1/1
[pipeline-trace] wall=20:13:31 elapsed=1916.544s phase=train event=interaction_progress trial=25 partition=0 processed=600 total=14000 metric=ce epoch=1/1
[pipeline-trace] wall=20:13:31 elapsed=1916.458s phase=train event=interaction_progress trial=24 partition=0 processed=800 total=14000 metric=ce epoch=1/1
[pipeline-trace] wall=20:13:31 elapsed=1917.003s phase=train event=interaction_progress trial=25 partition=0 processed=700 total=14000 metric=ce epoch=1/1
[pipeline-trace] wall=20:13:32 elapsed=1917.638s phase=train event=interaction_progress trial=25 partition=0 processed=800 total=14000 metric=ce epoch=1/1
[pipeline-trace] wall=20:13:32 elapsed=1917.867s phase=train event=interaction_progress trial=25 partition=0 processed=900 total=14000 metric=ce epoch=1/1
[pipeline-trace] wall=20:13:33 elapsed=1918.090s phase=train event=interaction_progress trial=25 partition=0 processed=1000 total=14000 metric=ce epoch=1/1
[pipeline-trace] wall=20:13:33 elapsed=1917.820s phase=train event=interaction_progress trial=24 partition=0 processed=900 total=14000 metric=ce epoch=1/1
[pipeline-trace] wall=20:13:33 elapsed=1918.310s phase=train event=interaction_progress trial=25 partition=0 processed=1100 total=14000 metric=ce epoch=1/1
[pipeline-trace] wall=20:13:33 elapsed=1918.547s phase=train event=interaction_progress trial=25 partition=0 processed=1200 total=14000 metric=ce epoch=1/1
[pipeline-trace] wall=20:13:33 elapsed=1918.760s phase=train event=interaction_progress trial=25 partition=0 processed=1300 total=14000 metric=ce epoch=1/1
[pipeline-trace] wall=20:13:33 elapsed=1918.987s phase=train event=interaction_progress trial=25 partition=0 processed=1400 total=14000 metric=ce epoch=1/1
[pipeline-trace] wall=20:13:34 elapsed=1919.123s phase=train event=interaction_progress trial=24 partition=0 processed=1000 total=14000 metric=ce epoch=1/1
[pipeline-trace] wall=20:13:34 elapsed=1919.524s phase=train event=interaction_progress trial=25 partition=0 processed=1500 total=14000 metric=ce epoch=1/1
[pipeline-trace] wall=20:13:35 elapsed=1920.660s phase=train event=interaction_progress trial=25 partition=0 processed=1600 total=14000 metric=ce epoch=1/1
[pipeline-trace] wall=20:13:35 elapsed=1920.587s phase=train event=interaction_progress trial=24 partition=0 processed=1100 total=14000 metric=ce epoch=1/1
[pipeline-trace] wall=20:13:36 elapsed=1921.845s phase=train event=interaction_progress trial=25 partition=0 processed=1700 total=14000 metric=ce epoch=1/1
[pipeline-trace] wall=20:13:37 elapsed=1921.958s phase=train event=interaction_progress trial=24 partition=0 processed=1200 total=14000 metric=ce epoch=1/1
[pipeline-trace] wall=20:13:37 elapsed=1922.986s phase=train event=interaction_progress trial=25 partition=0 processed=1800 total=14000 metric=ce epoch=1/1
[pipeline-trace] wall=20:13:41 elapsed=1926.141s phase=train event=interaction_progress trial=25 partition=0 processed=1900 total=14000 metric=ce epoch=1/1
[pipeline-trace] wall=20:13:41 elapsed=1925.852s phase=train event=interaction_progress trial=24 partition=0 processed=1300 total=14000 metric=ce epoch=1/1
[pipeline-trace] wall=20:13:42 elapsed=1927.331s phase=train event=interaction_progress trial=25 partition=0 processed=2000 total=14000 metric=ce epoch=1/1
[pipeline-trace] wall=20:13:43 elapsed=1928.669s phase=train event=interaction_progress trial=25 partition=0 processed=2100 total=14000 metric=ce epoch=1/1
[pipeline-trace] wall=20:13:44 elapsed=1929.837s phase=train event=interaction_progress trial=25 partition=0 processed=2200 total=14000 metric=ce epoch=1/1
[pipeline-trace] wall=20:13:45 elapsed=1929.668s phase=train event=interaction_progress trial=24 partition=0 processed=1400 total=14000 metric=ce epoch=1/1
[pipeline-trace] wall=20:13:46 elapsed=1931.022s phase=train event=interaction_progress trial=25 partition=0 processed=2300 total=14000 metric=ce epoch=1/1
[pipeline-trace] wall=20:13:46 elapsed=1931.163s phase=train event=interaction_progress trial=24 partition=0 processed=1500 total=14000 metric=ce epoch=1/1
[pipeline-trace] wall=20:13:47 elapsed=1932.183s phase=train event=interaction_progress trial=25 partition=0 processed=2400 total=14000 metric=ce epoch=1/1
[pipeline-trace] wall=20:13:47 elapsed=1932.639s phase=train event=interaction_progress trial=24 partition=0 processed=1600 total=14000 metric=ce epoch=1/1
[pipeline-trace] wall=20:13:48 elapsed=1933.335s phase=train event=interaction_progress trial=25 partition=0 processed=2500 total=14000 metric=ce epoch=1/1
[pipeline-trace] wall=20:13:49 elapsed=1934.091s phase=train event=interaction_progress trial=24 partition=0 processed=1700 total=14000 metric=ce epoch=1/1
[pipeline-trace] wall=20:13:49 elapsed=1934.510s phase=train event=interaction_progress trial=25 partition=0 processed=2600 total=14000 metric=ce epoch=1/1
[pipeline-trace] wall=20:13:50 elapsed=1935.656s phase=train event=interaction_progress trial=25 partition=0 processed=2700 total=14000 metric=ce epoch=1/1
[pipeline-trace] wall=20:13:50 elapsed=1935.461s phase=train event=interaction_progress trial=24 partition=0 processed=1800 total=14000 metric=ce epoch=1/1
[pipeline-trace] wall=20:13:51 elapsed=1936.755s phase=train event=interaction_progress trial=25 partition=0 processed=2800 total=14000 metric=ce epoch=1/1
[pipeline-trace] wall=20:13:52 elapsed=1936.827s phase=train event=interaction_progress trial=24 partition=0 processed=1900 total=14000 metric=ce epoch=1/1
[pipeline-trace] wall=20:13:52 elapsed=1937.865s phase=train event=interaction_progress trial=25 partition=0 processed=2900 total=14000 metric=ce epoch=1/1
[pipeline-trace] wall=20:13:53 elapsed=1938.164s phase=train event=interaction_progress trial=24 partition=0 processed=2000 total=14000 metric=ce epoch=1/1
[pipeline-trace] wall=20:13:53 elapsed=1938.960s phase=train event=interaction_progress trial=25 partition=0 processed=3000 total=14000 metric=ce epoch=1/1
[pipeline-trace] wall=20:13:54 elapsed=1939.525s phase=train event=interaction_progress trial=24 partition=0 processed=2100 total=14000 metric=ce epoch=1/1
[pipeline-trace] wall=20:13:55 elapsed=1940.019s phase=train event=interaction_progress trial=25 partition=0 processed=3100 total=14000 metric=ce epoch=1/1
[pipeline-trace] wall=20:13:56 elapsed=1941.124s phase=train event=interaction_progress trial=25 partition=0 processed=3200 total=14000 metric=ce epoch=1/1
[pipeline-trace] wall=20:13:56 elapsed=1940.877s phase=train event=interaction_progress trial=24 partition=0 processed=2200 total=14000 metric=ce epoch=1/1
[pipeline-trace] wall=20:13:57 elapsed=1942.272s phase=train event=interaction_progress trial=25 partition=0 processed=3300 total=14000 metric=ce epoch=1/1
[pipeline-trace] wall=20:13:57 elapsed=1942.205s phase=train event=interaction_progress trial=24 partition=0 processed=2300 total=14000 metric=ce epoch=1/1
[pipeline-trace] wall=20:13:58 elapsed=1943.433s phase=train event=interaction_progress trial=25 partition=0 processed=3400 total=14000 metric=ce epoch=1/1
[pipeline-trace] wall=20:13:58 elapsed=1943.520s phase=train event=interaction_progress trial=24 partition=0 processed=2400 total=14000 metric=ce epoch=1/1
[pipeline-trace] wall=20:13:59 elapsed=1944.524s phase=train event=interaction_progress trial=25 partition=0 processed=3500 total=14000 metric=ce epoch=1/1
[pipeline-trace] wall=20:14:00 elapsed=1944.871s phase=train event=interaction_progress trial=24 partition=0 processed=2500 total=14000 metric=ce epoch=1/1
[pipeline-trace] wall=20:14:00 elapsed=1945.591s phase=train event=interaction_progress trial=25 partition=0 processed=3600 total=14000 metric=ce epoch=1/1
[pipeline-trace] wall=20:14:01 elapsed=1946.302s phase=train event=interaction_progress trial=24 partition=0 processed=2600 total=14000 metric=ce epoch=1/1
[pipeline-trace] wall=20:14:01 elapsed=1946.824s phase=train event=interaction_progress trial=25 partition=0 processed=3700 total=14000 metric=ce epoch=1/1
[pipeline-trace] wall=20:14:02 elapsed=1947.969s phase=train event=interaction_progress trial=25 partition=0 processed=3800 total=14000 metric=ce epoch=1/1
[pipeline-trace] wall=20:14:03 elapsed=1947.685s phase=train event=interaction_progress trial=24 partition=0 processed=2700 total=14000 metric=ce epoch=1/1
[pipeline-trace] wall=20:14:04 elapsed=1949.145s phase=train event=interaction_progress trial=25 partition=0 processed=3900 total=14000 metric=ce epoch=1/1
[pipeline-trace] wall=20:14:04 elapsed=1949.168s phase=train event=interaction_progress trial=24 partition=0 processed=2800 total=14000 metric=ce epoch=1/1
[pipeline-trace] wall=20:14:05 elapsed=1950.344s phase=train event=interaction_progress trial=25 partition=0 processed=4000 total=14000 metric=ce epoch=1/1
[pipeline-trace] wall=20:14:06 elapsed=1950.732s phase=train event=interaction_progress trial=24 partition=0 processed=2900 total=14000 metric=ce epoch=1/1
[pipeline-trace] wall=20:14:06 elapsed=1951.488s phase=train event=interaction_progress trial=25 partition=0 processed=4100 total=14000 metric=ce epoch=1/1
[pipeline-trace] wall=20:14:07 elapsed=1952.176s phase=train event=interaction_progress trial=24 partition=0 processed=3000 total=14000 metric=ce epoch=1/1
[pipeline-trace] wall=20:14:07 elapsed=1952.686s phase=train event=interaction_progress trial=25 partition=0 processed=4200 total=14000 metric=ce epoch=1/1
[pipeline-trace] wall=20:14:08 elapsed=1953.867s phase=train event=interaction_progress trial=25 partition=0 processed=4300 total=14000 metric=ce epoch=1/1
[pipeline-trace] wall=20:14:08 elapsed=1953.527s phase=train event=interaction_progress trial=24 partition=0 processed=3100 total=14000 metric=ce epoch=1/1
[pipeline-trace] wall=20:14:09 elapsed=1954.999s phase=train event=interaction_progress trial=25 partition=0 processed=4400 total=14000 metric=ce epoch=1/1
[pipeline-trace] wall=20:14:10 elapsed=1954.874s phase=train event=interaction_progress trial=24 partition=0 processed=3200 total=14000 metric=ce epoch=1/1
[pipeline-trace] wall=20:14:11 elapsed=1956.147s phase=train event=interaction_progress trial=25 partition=0 processed=4500 total=14000 metric=ce epoch=1/1
[pipeline-trace] wall=20:14:11 elapsed=1956.188s phase=train event=interaction_progress trial=24 partition=0 processed=3300 total=14000 metric=ce epoch=1/1
[pipeline-trace] wall=20:14:12 elapsed=1957.303s phase=train event=interaction_progress trial=25 partition=0 processed=4600 total=14000 metric=ce epoch=1/1
[pipeline-trace] wall=20:14:12 elapsed=1957.515s phase=train event=interaction_progress trial=24 partition=0 processed=3400 total=14000 metric=ce epoch=1/1
[pipeline-trace] wall=20:14:13 elapsed=1958.446s phase=train event=interaction_progress trial=25 partition=0 processed=4700 total=14000 metric=ce epoch=1/1
[pipeline-trace] wall=20:14:14 elapsed=1958.888s phase=train event=interaction_progress trial=24 partition=0 processed=3500 total=14000 metric=ce epoch=1/1
[pipeline-trace] wall=20:14:14 elapsed=1959.620s phase=train event=interaction_progress trial=25 partition=0 processed=4800 total=14000 metric=ce epoch=1/1
[pipeline-trace] wall=20:14:15 elapsed=1960.311s phase=train event=interaction_progress trial=24 partition=0 processed=3600 total=14000 metric=ce epoch=1/1
[pipeline-trace] wall=20:14:15 elapsed=1960.768s phase=train event=interaction_progress trial=25 partition=0 processed=4900 total=14000 metric=ce epoch=1/1
[pipeline-trace] wall=20:14:16 elapsed=1961.926s phase=train event=interaction_progress trial=25 partition=0 processed=5000 total=14000 metric=ce epoch=1/1
[pipeline-trace] wall=20:14:17 elapsed=1961.771s phase=train event=interaction_progress trial=24 partition=0 processed=3700 total=14000 metric=ce epoch=1/1
[pipeline-trace] wall=20:14:18 elapsed=1963.128s phase=train event=interaction_progress trial=25 partition=0 processed=5100 total=14000 metric=ce epoch=1/1
[pipeline-trace] wall=20:14:18 elapsed=1963.317s phase=train event=interaction_progress trial=24 partition=0 processed=3800 total=14000 metric=ce epoch=1/1
[pipeline-trace] wall=20:14:19 elapsed=1964.282s phase=train event=interaction_progress trial=25 partition=0 processed=5200 total=14000 metric=ce epoch=1/1
[pipeline-trace] wall=20:14:20 elapsed=1964.811s phase=train event=interaction_progress trial=24 partition=0 processed=3900 total=14000 metric=ce epoch=1/1
[pipeline-trace] wall=20:14:20 elapsed=1965.424s phase=train event=interaction_progress trial=25 partition=0 processed=5300 total=14000 metric=ce epoch=1/1
[pipeline-trace] wall=20:14:21 elapsed=1966.243s phase=train event=interaction_progress trial=24 partition=0 processed=4000 total=14000 metric=ce epoch=1/1
[pipeline-trace] wall=20:14:21 elapsed=1966.618s phase=train event=interaction_progress trial=25 partition=0 processed=5400 total=14000 metric=ce epoch=1/1
[pipeline-trace] wall=20:14:22 elapsed=1967.751s phase=train event=interaction_progress trial=25 partition=0 processed=5500 total=14000 metric=ce epoch=1/1
[pipeline-trace] wall=20:14:23 elapsed=1967.668s phase=train event=interaction_progress trial=24 partition=0 processed=4100 total=14000 metric=ce epoch=1/1
[pipeline-trace] wall=20:14:23 elapsed=1968.889s phase=train event=interaction_progress trial=25 partition=0 processed=5600 total=14000 metric=ce epoch=1/1
[pipeline-trace] wall=20:14:24 elapsed=1969.129s phase=train event=interaction_progress trial=24 partition=0 processed=4200 total=14000 metric=ce epoch=1/1
[pipeline-trace] wall=20:14:25 elapsed=1970.068s phase=train event=interaction_progress trial=25 partition=0 processed=5700 total=14000 metric=ce epoch=1/1
[pipeline-trace] wall=20:14:25 elapsed=1970.530s phase=train event=interaction_progress trial=24 partition=0 processed=4300 total=14000 metric=ce epoch=1/1
[pipeline-trace] wall=20:14:26 elapsed=1971.140s phase=train event=interaction_progress trial=25 partition=0 processed=5800 total=14000 metric=ce epoch=1/1
[pipeline-trace] wall=20:14:27 elapsed=1972.246s phase=train event=interaction_progress trial=25 partition=0 processed=5900 total=14000 metric=ce epoch=1/1
[pipeline-trace] wall=20:14:27 elapsed=1971.922s phase=train event=interaction_progress trial=24 partition=0 processed=4400 total=14000 metric=ce epoch=1/1
[pipeline-trace] wall=20:14:28 elapsed=1973.399s phase=train event=interaction_progress trial=25 partition=0 processed=6000 total=14000 metric=ce epoch=1/1
[pipeline-trace] wall=20:14:28 elapsed=1973.275s phase=train event=interaction_progress trial=24 partition=0 processed=4500 total=14000 metric=ce epoch=1/1
[pipeline-trace] wall=20:14:31 elapsed=1976.157s phase=train event=interaction_progress trial=25 partition=0 processed=6100 total=14000 metric=ce epoch=1/1
[pipeline-trace] wall=20:14:31 elapsed=1976.112s phase=train event=interaction_progress trial=24 partition=0 processed=4600 total=14000 metric=ce epoch=1/1
[pipeline-trace] wall=20:14:32 elapsed=1977.300s phase=train event=interaction_progress trial=25 partition=0 processed=6200 total=14000 metric=ce epoch=1/1
[pipeline-trace] wall=20:14:33 elapsed=1978.529s phase=train event=interaction_progress trial=25 partition=0 processed=6300 total=14000 metric=ce epoch=1/1
[pipeline-trace] wall=20:14:34 elapsed=1979.749s phase=train event=interaction_progress trial=25 partition=0 processed=6400 total=14000 metric=ce epoch=1/1
[pipeline-trace] wall=20:14:35 elapsed=1980.921s phase=train event=interaction_progress trial=25 partition=0 processed=6500 total=14000 metric=ce epoch=1/1
[pipeline-trace] wall=20:14:36 elapsed=1980.998s phase=train event=interaction_progress trial=24 partition=0 processed=4700 total=14000 metric=ce epoch=1/1
[pipeline-trace] wall=20:14:37 elapsed=1982.094s phase=train event=interaction_progress trial=25 partition=0 processed=6600 total=14000 metric=ce epoch=1/1
[pipeline-trace] wall=20:14:37 elapsed=1982.384s phase=train event=interaction_progress trial=24 partition=0 processed=4800 total=14000 metric=ce epoch=1/1
[pipeline-trace] wall=20:14:38 elapsed=1983.254s phase=train event=interaction_progress trial=25 partition=0 processed=6700 total=14000 metric=ce epoch=1/1
[pipeline-trace] wall=20:14:39 elapsed=1983.855s phase=train event=interaction_progress trial=24 partition=0 processed=4900 total=14000 metric=ce epoch=1/1
[pipeline-trace] wall=20:14:39 elapsed=1984.414s phase=train event=interaction_progress trial=25 partition=0 processed=6800 total=14000 metric=ce epoch=1/1
[pipeline-trace] wall=20:14:40 elapsed=1985.647s phase=train event=interaction_progress trial=25 partition=0 processed=6900 total=14000 metric=ce epoch=1/1
[pipeline-trace] wall=20:14:40 elapsed=1985.302s phase=train event=interaction_progress trial=24 partition=0 processed=5000 total=14000 metric=ce epoch=1/1
[pipeline-trace] wall=20:14:41 elapsed=1986.780s phase=train event=interaction_progress trial=25 partition=0 processed=7000 total=14000 metric=ce epoch=1/1
[pipeline-trace] wall=20:14:42 elapsed=1986.677s phase=train event=interaction_progress trial=24 partition=0 processed=5100 total=14000 metric=ce epoch=1/1
[pipeline-trace] wall=20:14:42 elapsed=1987.933s phase=train event=interaction_progress trial=25 partition=0 processed=7100 total=14000 metric=ce epoch=1/1
[pipeline-trace] wall=20:14:43 elapsed=1988.003s phase=train event=interaction_progress trial=24 partition=0 processed=5200 total=14000 metric=ce epoch=1/1
[pipeline-trace] wall=20:14:44 elapsed=1989.144s phase=train event=interaction_progress trial=25 partition=0 processed=7200 total=14000 metric=ce epoch=1/1
[pipeline-trace] wall=20:14:44 elapsed=1989.407s phase=train event=interaction_progress trial=24 partition=0 processed=5300 total=14000 metric=ce epoch=1/1
[pipeline-trace] wall=20:14:45 elapsed=1990.297s phase=train event=interaction_progress trial=25 partition=0 processed=7300 total=14000 metric=ce epoch=1/1
[pipeline-trace] wall=20:14:46 elapsed=1990.761s phase=train event=interaction_progress trial=24 partition=0 processed=5400 total=14000 metric=ce epoch=1/1
[pipeline-trace] wall=20:14:46 elapsed=1991.483s phase=train event=interaction_progress trial=25 partition=0 processed=7400 total=14000 metric=ce epoch=1/1
[pipeline-trace] wall=20:14:47 elapsed=1992.098s phase=train event=interaction_progress trial=24 partition=0 processed=5500 total=14000 metric=ce epoch=1/1
[pipeline-trace] wall=20:14:47 elapsed=1992.686s phase=train event=interaction_progress trial=25 partition=0 processed=7500 total=14000 metric=ce epoch=1/1
[pipeline-trace] wall=20:14:48 elapsed=1993.802s phase=train event=interaction_progress trial=25 partition=0 processed=7600 total=14000 metric=ce epoch=1/1
[pipeline-trace] wall=20:14:48 elapsed=1993.468s phase=train event=interaction_progress trial=24 partition=0 processed=5600 total=14000 metric=ce epoch=1/1
[pipeline-trace] wall=20:14:50 elapsed=1995.014s phase=train event=interaction_progress trial=25 partition=0 processed=7700 total=14000 metric=ce epoch=1/1
[pipeline-trace] wall=20:14:50 elapsed=1994.787s phase=train event=interaction_progress trial=24 partition=0 processed=5700 total=14000 metric=ce epoch=1/1
[pipeline-trace] wall=20:14:51 elapsed=1996.183s phase=train event=interaction_progress trial=25 partition=0 processed=7800 total=14000 metric=ce epoch=1/1
[pipeline-trace] wall=20:14:51 elapsed=1996.175s phase=train event=interaction_progress trial=24 partition=0 processed=5800 total=14000 metric=ce epoch=1/1
[pipeline-trace] wall=20:14:52 elapsed=1997.339s phase=train event=interaction_progress trial=25 partition=0 processed=7900 total=14000 metric=ce epoch=1/1
[pipeline-trace] wall=20:14:52 elapsed=1997.560s phase=train event=interaction_progress trial=24 partition=0 processed=5900 total=14000 metric=ce epoch=1/1
[pipeline-trace] wall=20:14:53 elapsed=1998.528s phase=train event=interaction_progress trial=25 partition=0 processed=8000 total=14000 metric=ce epoch=1/1
[pipeline-trace] wall=20:14:54 elapsed=1998.951s phase=train event=interaction_progress trial=24 partition=0 processed=6000 total=14000 metric=ce epoch=1/1
[pipeline-trace] wall=20:14:54 elapsed=1999.674s phase=train event=interaction_progress trial=25 partition=0 processed=8100 total=14000 metric=ce epoch=1/1
[pipeline-trace] wall=20:14:55 elapsed=2000.340s phase=train event=interaction_progress trial=24 partition=0 processed=6100 total=14000 metric=ce epoch=1/1
[pipeline-trace] wall=20:14:55 elapsed=2000.843s phase=train event=interaction_progress trial=25 partition=0 processed=8200 total=14000 metric=ce epoch=1/1
[pipeline-trace] wall=20:14:56 elapsed=2002.000s phase=train event=interaction_progress trial=25 partition=0 processed=8300 total=14000 metric=ce epoch=1/1
[pipeline-trace] wall=20:14:57 elapsed=2001.716s phase=train event=interaction_progress trial=24 partition=0 processed=6200 total=14000 metric=ce epoch=1/1
[pipeline-trace] wall=20:14:58 elapsed=2003.109s phase=train event=interaction_progress trial=25 partition=0 processed=8400 total=14000 metric=ce epoch=1/1
[pipeline-trace] wall=20:14:58 elapsed=2003.091s phase=train event=interaction_progress trial=24 partition=0 processed=6300 total=14000 metric=ce epoch=1/1
[pipeline-trace] wall=20:14:59 elapsed=2004.246s phase=train event=interaction_progress trial=25 partition=0 processed=8500 total=14000 metric=ce epoch=1/1
[pipeline-trace] wall=20:14:59 elapsed=2004.549s phase=train event=interaction_progress trial=24 partition=0 processed=6400 total=14000 metric=ce epoch=1/1
[pipeline-trace] wall=20:15:00 elapsed=2005.398s phase=train event=interaction_progress trial=25 partition=0 processed=8600 total=14000 metric=ce epoch=1/1
[pipeline-trace] wall=20:15:01 elapsed=2006.052s phase=train event=interaction_progress trial=24 partition=0 processed=6500 total=14000 metric=ce epoch=1/1
[pipeline-trace] wall=20:15:01 elapsed=2006.538s phase=train event=interaction_progress trial=25 partition=0 processed=8700 total=14000 metric=ce epoch=1/1
[pipeline-trace] wall=20:15:02 elapsed=2007.669s phase=train event=interaction_progress trial=25 partition=0 processed=8800 total=14000 metric=ce epoch=1/1
[pipeline-trace] wall=20:15:02 elapsed=2007.478s phase=train event=interaction_progress trial=24 partition=0 processed=6600 total=14000 metric=ce epoch=1/1
[pipeline-trace] wall=20:15:03 elapsed=2008.811s phase=train event=interaction_progress trial=25 partition=0 processed=8900 total=14000 metric=ce epoch=1/1
[pipeline-trace] wall=20:15:04 elapsed=2008.969s phase=train event=interaction_progress trial=24 partition=0 processed=6700 total=14000 metric=ce epoch=1/1
[pipeline-trace] wall=20:15:04 elapsed=2009.945s phase=train event=interaction_progress trial=25 partition=0 processed=9000 total=14000 metric=ce epoch=1/1
[pipeline-trace] wall=20:15:05 elapsed=2010.382s phase=train event=interaction_progress trial=24 partition=0 processed=6800 total=14000 metric=ce epoch=1/1
[pipeline-trace] wall=20:15:06 elapsed=2011.090s phase=train event=interaction_progress trial=25 partition=0 processed=9100 total=14000 metric=ce epoch=1/1
[pipeline-trace] wall=20:15:07 elapsed=2012.182s phase=train event=interaction_progress trial=25 partition=0 processed=9200 total=14000 metric=ce epoch=1/1
[pipeline-trace] wall=20:15:07 elapsed=2011.858s phase=train event=interaction_progress trial=24 partition=0 processed=6900 total=14000 metric=ce epoch=1/1
[pipeline-trace] wall=20:15:08 elapsed=2013.325s phase=train event=interaction_progress trial=25 partition=0 processed=9300 total=14000 metric=ce epoch=1/1
[pipeline-trace] wall=20:15:08 elapsed=2013.334s phase=train event=interaction_progress trial=24 partition=0 processed=7000 total=14000 metric=ce epoch=1/1
[pipeline-trace] wall=20:15:09 elapsed=2014.441s phase=train event=interaction_progress trial=25 partition=0 processed=9400 total=14000 metric=ce epoch=1/1
[pipeline-trace] wall=20:15:10 elapsed=2014.939s phase=train event=interaction_progress trial=24 partition=0 processed=7100 total=14000 metric=ce epoch=1/1
[pipeline-trace] wall=20:15:10 elapsed=2015.619s phase=train event=interaction_progress trial=25 partition=0 processed=9500 total=14000 metric=ce epoch=1/1
[pipeline-trace] wall=20:15:11 elapsed=2015.663s phase=train event=interaction_progress trial=24 partition=0 processed=7200 total=14000 metric=ce epoch=1/1
[pipeline-trace] wall=20:15:11 elapsed=2015.986s phase=train event=interaction_progress trial=24 partition=0 processed=7300 total=14000 metric=ce epoch=1/1
[pipeline-trace] wall=20:15:11 elapsed=2016.305s phase=train event=interaction_progress trial=24 partition=0 processed=7400 total=14000 metric=ce epoch=1/1
[pipeline-trace] wall=20:15:11 elapsed=2016.801s phase=train event=interaction_progress trial=25 partition=0 processed=9600 total=14000 metric=ce epoch=1/1
[pipeline-trace] wall=20:15:12 elapsed=2016.885s phase=train event=interaction_progress trial=24 partition=0 processed=7500 total=14000 metric=ce epoch=1/1
[pipeline-trace] wall=20:15:12 elapsed=2017.938s phase=train event=interaction_progress trial=25 partition=0 processed=9700 total=14000 metric=ce epoch=1/1
[pipeline-trace] wall=20:15:12 elapsed=2017.590s phase=train event=interaction_progress trial=24 partition=0 processed=7600 total=14000 metric=ce epoch=1/1
[pipeline-trace] wall=20:15:13 elapsed=2017.910s phase=train event=interaction_progress trial=24 partition=0 processed=7700 total=14000 metric=ce epoch=1/1
[pipeline-trace] wall=20:15:13 elapsed=2018.125s phase=train event=interaction_progress trial=24 partition=0 processed=7800 total=14000 metric=ce epoch=1/1
[pipeline-trace] wall=20:15:13 elapsed=2018.350s phase=train event=interaction_progress trial=24 partition=0 processed=7900 total=14000 metric=ce epoch=1/1
[pipeline-trace] wall=20:15:13 elapsed=2018.579s phase=train event=interaction_progress trial=24 partition=0 processed=8000 total=14000 metric=ce epoch=1/1
[pipeline-trace] wall=20:15:14 elapsed=2019.130s phase=train event=interaction_progress trial=25 partition=0 processed=9800 total=14000 metric=ce epoch=1/1
[pipeline-trace] wall=20:15:14 elapsed=2018.809s phase=train event=interaction_progress trial=24 partition=0 processed=8100 total=14000 metric=ce epoch=1/1
[pipeline-trace] wall=20:15:15 elapsed=2019.905s phase=train event=interaction_progress trial=24 partition=0 processed=8200 total=14000 metric=ce epoch=1/1
[pipeline-trace] wall=20:15:15 elapsed=2020.275s phase=train event=interaction_progress trial=25 partition=0 processed=9900 total=14000 metric=ce epoch=1/1
[pipeline-trace] wall=20:15:16 elapsed=2021.344s phase=train event=interaction_progress trial=25 partition=0 processed=10000 total=14000 metric=ce epoch=1/1
[pipeline-trace] wall=20:15:16 elapsed=2021.354s phase=train event=interaction_progress trial=24 partition=0 processed=8300 total=14000 metric=ce epoch=1/1
[pipeline-trace] wall=20:15:17 elapsed=2022.479s phase=train event=interaction_progress trial=25 partition=0 processed=10100 total=14000 metric=ce epoch=1/1
[pipeline-trace] wall=20:15:18 elapsed=2022.748s phase=train event=interaction_progress trial=24 partition=0 processed=8400 total=14000 metric=ce epoch=1/1
[pipeline-trace] wall=20:15:18 elapsed=2023.627s phase=train event=interaction_progress trial=25 partition=0 processed=10200 total=14000 metric=ce epoch=1/1
[pipeline-trace] wall=20:15:19 elapsed=2024.238s phase=train event=interaction_progress trial=24 partition=0 processed=8500 total=14000 metric=ce epoch=1/1
[pipeline-trace] wall=20:15:19 elapsed=2024.727s phase=train event=interaction_progress trial=25 partition=0 processed=10300 total=14000 metric=ce epoch=1/1
[pipeline-trace] wall=20:15:21 elapsed=2026.468s phase=train event=interaction_progress trial=25 partition=0 processed=10400 total=14000 metric=ce epoch=1/1
[pipeline-trace] wall=20:15:25 elapsed=2030.567s phase=train event=interaction_progress trial=25 partition=0 processed=10500 total=14000 metric=ce epoch=1/1
[pipeline-trace] wall=20:15:26 elapsed=2031.695s phase=train event=interaction_progress trial=25 partition=0 processed=10600 total=14000 metric=ce epoch=1/1
[pipeline-trace] wall=20:15:26 elapsed=2031.483s phase=train event=interaction_progress trial=24 partition=0 processed=8600 total=14000 metric=ce epoch=1/1
[pipeline-trace] wall=20:15:27 elapsed=2032.823s phase=train event=interaction_progress trial=25 partition=0 processed=10700 total=14000 metric=ce epoch=1/1
[pipeline-trace] wall=20:15:28 elapsed=2032.953s phase=train event=interaction_progress trial=24 partition=0 processed=8700 total=14000 metric=ce epoch=1/1
[pipeline-trace] wall=20:15:29 elapsed=2034.039s phase=train event=interaction_progress trial=25 partition=0 processed=10800 total=14000 metric=ce epoch=1/1
[pipeline-trace] wall=20:15:29 elapsed=2034.569s phase=train event=interaction_progress trial=24 partition=0 processed=8800 total=14000 metric=ce epoch=1/1
[pipeline-trace] wall=20:15:30 elapsed=2035.170s phase=train event=interaction_progress trial=25 partition=0 processed=10900 total=14000 metric=ce epoch=1/1
[pipeline-trace] wall=20:15:31 elapsed=2036.320s phase=train event=interaction_progress trial=25 partition=0 processed=11000 total=14000 metric=ce epoch=1/1
[pipeline-trace] wall=20:15:31 elapsed=2035.971s phase=train event=interaction_progress trial=24 partition=0 processed=8900 total=14000 metric=ce epoch=1/1
[pipeline-trace] wall=20:15:32 elapsed=2037.505s phase=train event=interaction_progress trial=25 partition=0 processed=11100 total=14000 metric=ce epoch=1/1
[pipeline-trace] wall=20:15:32 elapsed=2037.280s phase=train event=interaction_progress trial=24 partition=0 processed=9000 total=14000 metric=ce epoch=1/1
[pipeline-trace] wall=20:15:33 elapsed=2038.589s phase=train event=interaction_progress trial=25 partition=0 processed=11200 total=14000 metric=ce epoch=1/1
[pipeline-trace] wall=20:15:33 elapsed=2038.627s phase=train event=interaction_progress trial=24 partition=0 processed=9100 total=14000 metric=ce epoch=1/1
[pipeline-trace] wall=20:15:34 elapsed=2039.670s phase=train event=interaction_progress trial=25 partition=0 processed=11300 total=14000 metric=ce epoch=1/1
[pipeline-trace] wall=20:15:35 elapsed=2039.950s phase=train event=interaction_progress trial=24 partition=0 processed=9200 total=14000 metric=ce epoch=1/1
[pipeline-trace] wall=20:15:35 elapsed=2040.867s phase=train event=interaction_progress trial=25 partition=0 processed=11400 total=14000 metric=ce epoch=1/1
[pipeline-trace] wall=20:15:36 elapsed=2041.298s phase=train event=interaction_progress trial=24 partition=0 processed=9300 total=14000 metric=ce epoch=1/1
[pipeline-trace] wall=20:15:36 elapsed=2041.951s phase=train event=interaction_progress trial=25 partition=0 processed=11500 total=14000 metric=ce epoch=1/1
[pipeline-trace] wall=20:15:37 elapsed=2042.639s phase=train event=interaction_progress trial=24 partition=0 processed=9400 total=14000 metric=ce epoch=1/1
[pipeline-trace] wall=20:15:37 elapsed=2042.996s phase=train event=interaction_progress trial=25 partition=0 processed=11600 total=14000 metric=ce epoch=1/1
[pipeline-trace] wall=20:15:39 elapsed=2044.049s phase=train event=interaction_progress trial=25 partition=0 processed=11700 total=14000 metric=ce epoch=1/1
[pipeline-trace] wall=20:15:39 elapsed=2043.997s phase=train event=interaction_progress trial=24 partition=0 processed=9500 total=14000 metric=ce epoch=1/1
[pipeline-trace] wall=20:15:40 elapsed=2045.130s phase=train event=interaction_progress trial=25 partition=0 processed=11800 total=14000 metric=ce epoch=1/1
[pipeline-trace] wall=20:15:40 elapsed=2045.472s phase=train event=interaction_progress trial=24 partition=0 processed=9600 total=14000 metric=ce epoch=1/1
[pipeline-trace] wall=20:15:41 elapsed=2046.176s phase=train event=interaction_progress trial=25 partition=0 processed=11900 total=14000 metric=ce epoch=1/1
[pipeline-trace] wall=20:15:42 elapsed=2046.879s phase=train event=interaction_progress trial=24 partition=0 processed=9700 total=14000 metric=ce epoch=1/1
[pipeline-trace] wall=20:15:42 elapsed=2047.294s phase=train event=interaction_progress trial=25 partition=0 processed=12000 total=14000 metric=ce epoch=1/1
[pipeline-trace] wall=20:15:43 elapsed=2048.453s phase=train event=interaction_progress trial=25 partition=0 processed=12100 total=14000 metric=ce epoch=1/1
[pipeline-trace] wall=20:15:43 elapsed=2048.218s phase=train event=interaction_progress trial=24 partition=0 processed=9800 total=14000 metric=ce epoch=1/1
[pipeline-trace] wall=20:15:44 elapsed=2049.622s phase=train event=interaction_progress trial=25 partition=0 processed=12200 total=14000 metric=ce epoch=1/1
[pipeline-trace] wall=20:15:44 elapsed=2049.615s phase=train event=interaction_progress trial=24 partition=0 processed=9900 total=14000 metric=ce epoch=1/1
[pipeline-trace] wall=20:15:45 elapsed=2050.769s phase=train event=interaction_progress trial=25 partition=0 processed=12300 total=14000 metric=ce epoch=1/1
[pipeline-trace] wall=20:15:46 elapsed=2051.016s phase=train event=interaction_progress trial=24 partition=0 processed=10000 total=14000 metric=ce epoch=1/1
[pipeline-trace] wall=20:15:46 elapsed=2051.952s phase=train event=interaction_progress trial=25 partition=0 processed=12400 total=14000 metric=ce epoch=1/1
[pipeline-trace] wall=20:15:47 elapsed=2052.473s phase=train event=interaction_progress trial=24 partition=0 processed=10100 total=14000 metric=ce epoch=1/1
[pipeline-trace] wall=20:15:48 elapsed=2053.135s phase=train event=interaction_progress trial=25 partition=0 processed=12500 total=14000 metric=ce epoch=1/1
[pipeline-trace] wall=20:15:49 elapsed=2054.141s phase=train event=interaction_progress trial=25 partition=0 processed=12600 total=14000 metric=ce epoch=1/1
[pipeline-trace] wall=20:15:49 elapsed=2053.920s phase=train event=interaction_progress trial=24 partition=0 processed=10200 total=14000 metric=ce epoch=1/1
[pipeline-trace] wall=20:15:49 elapsed=2054.387s phase=train event=interaction_progress trial=25 partition=0 processed=12700 total=14000 metric=ce epoch=1/1
[pipeline-trace] wall=20:15:49 elapsed=2054.645s phase=train event=interaction_progress trial=25 partition=0 processed=12800 total=14000 metric=ce epoch=1/1
[pipeline-trace] wall=20:15:49 elapsed=2054.903s phase=train event=interaction_progress trial=25 partition=0 processed=12900 total=14000 metric=ce epoch=1/1
[pipeline-trace] wall=20:15:50 elapsed=2055.166s phase=train event=interaction_progress trial=25 partition=0 processed=13000 total=14000 metric=ce epoch=1/1
[pipeline-trace] wall=20:15:50 elapsed=2055.307s phase=train event=interaction_progress trial=24 partition=0 processed=10300 total=14000 metric=ce epoch=1/1
[pipeline-trace] wall=20:15:50 elapsed=2055.922s phase=train event=interaction_progress trial=25 partition=0 processed=13100 total=14000 metric=ce epoch=1/1
[pipeline-trace] wall=20:15:51 elapsed=2056.303s phase=train event=interaction_progress trial=25 partition=0 processed=13200 total=14000 metric=ce epoch=1/1
[pipeline-trace] wall=20:15:51 elapsed=2056.565s phase=train event=interaction_progress trial=25 partition=0 processed=13300 total=14000 metric=ce epoch=1/1
[pipeline-trace] wall=20:15:51 elapsed=2056.810s phase=train event=interaction_progress trial=25 partition=0 processed=13400 total=14000 metric=ce epoch=1/1
[pipeline-trace] wall=20:15:52 elapsed=2056.668s phase=train event=interaction_progress trial=24 partition=0 processed=10400 total=14000 metric=ce epoch=1/1
[pipeline-trace] wall=20:15:52 elapsed=2057.057s phase=train event=interaction_progress trial=25 partition=0 processed=13500 total=14000 metric=ce epoch=1/1
[pipeline-trace] wall=20:15:52 elapsed=2057.302s phase=train event=interaction_progress trial=25 partition=0 processed=13600 total=14000 metric=ce epoch=1/1
[pipeline-trace] wall=20:15:52 elapsed=2057.547s phase=train event=interaction_progress trial=25 partition=0 processed=13700 total=14000 metric=ce epoch=1/1
[pipeline-trace] wall=20:15:52 elapsed=2057.814s phase=train event=interaction_progress trial=25 partition=0 processed=13800 total=14000 metric=ce epoch=1/1
[pipeline-trace] wall=20:15:53 elapsed=2058.035s phase=train event=interaction_progress trial=24 partition=0 processed=10500 total=14000 metric=ce epoch=1/1
[pipeline-trace] wall=20:15:53 elapsed=2058.702s phase=train event=interaction_progress trial=25 partition=0 processed=13900 total=14000 metric=ce epoch=1/1
[pipeline-trace] wall=20:15:54 elapsed=2059.483s phase=train event=interaction_progress trial=24 partition=0 processed=10600 total=14000 metric=ce epoch=1/1
[pipeline-trace] wall=20:15:54 elapsed=2059.870s phase=train event=interaction_progress trial=25 partition=0 processed=14000 total=14000 metric=ce epoch=1/1
[pipeline-trace] wall=20:15:55 elapsed=2060.069s phase=eval event=batch_start trial=25 partitions=[1] synthetic=False
[pipeline-trace] wall=20:15:55 elapsed=2060.069s phase=eval event=partition_start trial=25 partition=1 interactions=1999
[pipeline-trace] wall=20:15:55 elapsed=2060.069s phase=eval event=interaction_progress trial=25 partition=1 processed=1 total=1999 metric=ranking
[pipeline-trace] wall=20:15:56 elapsed=2060.809s phase=train event=interaction_progress trial=24 partition=0 processed=10700 total=14000 metric=ce epoch=1/1
[pipeline-trace] wall=20:15:56 elapsed=2061.355s phase=eval event=interaction_progress trial=25 partition=1 processed=100 total=1999 metric=ranking
[pipeline-trace] wall=20:15:57 elapsed=2062.548s phase=eval event=interaction_progress trial=25 partition=1 processed=200 total=1999 metric=ranking
[pipeline-trace] wall=20:15:57 elapsed=2062.304s phase=train event=interaction_progress trial=24 partition=0 processed=10800 total=14000 metric=ce epoch=1/1
[pipeline-trace] wall=20:15:58 elapsed=2063.760s phase=eval event=interaction_progress trial=25 partition=1 processed=300 total=1999 metric=ranking
[pipeline-trace] wall=20:15:59 elapsed=2063.854s phase=train event=interaction_progress trial=24 partition=0 processed=10900 total=14000 metric=ce epoch=1/1
[pipeline-trace] wall=20:15:59 elapsed=2064.982s phase=eval event=interaction_progress trial=25 partition=1 processed=400 total=1999 metric=ranking
[pipeline-trace] wall=20:16:00 elapsed=2065.372s phase=train event=interaction_progress trial=24 partition=0 processed=11000 total=14000 metric=ce epoch=1/1
[pipeline-trace] wall=20:16:01 elapsed=2066.135s phase=eval event=interaction_progress trial=25 partition=1 processed=500 total=1999 metric=ranking
[pipeline-trace] wall=20:16:02 elapsed=2066.762s phase=train event=interaction_progress trial=24 partition=0 processed=11100 total=14000 metric=ce epoch=1/1
[pipeline-trace] wall=20:16:02 elapsed=2067.388s phase=eval event=interaction_progress trial=25 partition=1 processed=600 total=1999 metric=ranking
[pipeline-trace] wall=20:16:03 elapsed=2068.189s phase=train event=interaction_progress trial=24 partition=0 processed=11200 total=14000 metric=ce epoch=1/1
[pipeline-trace] wall=20:16:03 elapsed=2068.586s phase=eval event=interaction_progress trial=25 partition=1 processed=700 total=1999 metric=ranking
[pipeline-trace] wall=20:16:04 elapsed=2069.834s phase=eval event=interaction_progress trial=25 partition=1 processed=800 total=1999 metric=ranking
[pipeline-trace] wall=20:16:04 elapsed=2069.604s phase=train event=interaction_progress trial=24 partition=0 processed=11300 total=14000 metric=ce epoch=1/1
[pipeline-trace] wall=20:16:06 elapsed=2071.140s phase=eval event=interaction_progress trial=25 partition=1 processed=900 total=1999 metric=ranking
[pipeline-trace] wall=20:16:06 elapsed=2070.990s phase=train event=interaction_progress trial=24 partition=0 processed=11400 total=14000 metric=ce epoch=1/1
[pipeline-trace] wall=20:16:07 elapsed=2072.379s phase=eval event=interaction_progress trial=25 partition=1 processed=1000 total=1999 metric=ranking
[pipeline-trace] wall=20:16:07 elapsed=2072.393s phase=train event=interaction_progress trial=24 partition=0 processed=11500 total=14000 metric=ce epoch=1/1
[pipeline-trace] wall=20:16:08 elapsed=2073.665s phase=eval event=interaction_progress trial=25 partition=1 processed=1100 total=1999 metric=ranking
[pipeline-trace] wall=20:16:09 elapsed=2073.878s phase=train event=interaction_progress trial=24 partition=0 processed=11600 total=14000 metric=ce epoch=1/1
[pipeline-trace] wall=20:16:09 elapsed=2074.669s phase=eval event=interaction_progress trial=25 partition=1 processed=1200 total=1999 metric=ranking
[pipeline-trace] wall=20:16:10 elapsed=2075.090s phase=train event=interaction_progress trial=24 partition=0 processed=11700 total=14000 metric=ce epoch=1/1
[pipeline-trace] wall=20:16:12 elapsed=2076.827s phase=train event=interaction_progress trial=24 partition=0 processed=11800 total=14000 metric=ce epoch=1/1
[pipeline-trace] wall=20:16:13 elapsed=2078.408s phase=train event=interaction_progress trial=24 partition=0 processed=11900 total=14000 metric=ce epoch=1/1
[pipeline-trace] wall=20:16:14 elapsed=2079.545s phase=eval event=interaction_progress trial=25 partition=1 processed=1300 total=1999 metric=ranking
[pipeline-trace] wall=20:16:15 elapsed=2079.731s phase=train event=interaction_progress trial=24 partition=0 processed=12000 total=14000 metric=ce epoch=1/1
[pipeline-trace] wall=20:16:16 elapsed=2081.332s phase=eval event=interaction_progress trial=25 partition=1 processed=1400 total=1999 metric=ranking
[pipeline-trace] wall=20:16:16 elapsed=2081.116s phase=train event=interaction_progress trial=24 partition=0 processed=12100 total=14000 metric=ce epoch=1/1
[pipeline-trace] wall=20:16:17 elapsed=2082.518s phase=eval event=interaction_progress trial=25 partition=1 processed=1500 total=1999 metric=ranking
[pipeline-trace] wall=20:16:17 elapsed=2082.609s phase=train event=interaction_progress trial=24 partition=0 processed=12200 total=14000 metric=ce epoch=1/1
[pipeline-trace] wall=20:16:18 elapsed=2083.813s phase=eval event=interaction_progress trial=25 partition=1 processed=1600 total=1999 metric=ranking
[pipeline-trace] wall=20:16:19 elapsed=2084.170s phase=train event=interaction_progress trial=24 partition=0 processed=12300 total=14000 metric=ce epoch=1/1
[pipeline-trace] wall=20:16:19 elapsed=2085.008s phase=eval event=interaction_progress trial=25 partition=1 processed=1700 total=1999 metric=ranking
[pipeline-trace] wall=20:16:20 elapsed=2085.608s phase=train event=interaction_progress trial=24 partition=0 processed=12400 total=14000 metric=ce epoch=1/1
[pipeline-trace] wall=20:16:21 elapsed=2086.215s phase=eval event=interaction_progress trial=25 partition=1 processed=1800 total=1999 metric=ranking
[pipeline-trace] wall=20:16:22 elapsed=2087.009s phase=train event=interaction_progress trial=24 partition=0 processed=12500 total=14000 metric=ce epoch=1/1
[pipeline-trace] wall=20:16:22 elapsed=2087.437s phase=eval event=interaction_progress trial=25 partition=1 processed=1900 total=1999 metric=ranking
[pipeline-trace] wall=20:16:23 elapsed=2088.635s phase=eval event=interaction_progress trial=25 partition=1 processed=1999 total=1999 metric=ranking
[pipeline-trace] wall=20:16:23 elapsed=2088.649s phase=eval event=partition_complete trial=25 partition=1 elapsed_sec=28.580 hits=1603 total=1999
[pipeline-trace] wall=20:16:23 elapsed=2088.329s phase=train event=interaction_progress trial=24 partition=0 processed=12600 total=14000 metric=ce epoch=1/1
[pipeline-trace] wall=20:16:23 elapsed=2088.802s phase=train event=interaction_progress trial=26 partition=0 processed=1 total=14000 metric=ce epoch=1/1
[pipeline-trace] wall=20:16:25 elapsed=2089.663s phase=train event=interaction_progress trial=24 partition=0 processed=12700 total=14000 metric=ce epoch=1/1
[pipeline-trace] wall=20:16:25 elapsed=2090.202s phase=train event=interaction_progress trial=26 partition=0 processed=100 total=14000 metric=ce epoch=1/1
[pipeline-trace] wall=20:16:26 elapsed=2091.051s phase=train event=interaction_progress trial=24 partition=0 processed=12800 total=14000 metric=ce epoch=1/1
[pipeline-trace] wall=20:16:26 elapsed=2091.717s phase=train event=interaction_progress trial=26 partition=0 processed=200 total=14000 metric=ce epoch=1/1
[pipeline-trace] wall=20:16:27 elapsed=2092.349s phase=train event=interaction_progress trial=24 partition=0 processed=12900 total=14000 metric=ce epoch=1/1
[pipeline-trace] wall=20:16:28 elapsed=2093.221s phase=train event=interaction_progress trial=26 partition=0 processed=300 total=14000 metric=ce epoch=1/1
[pipeline-trace] wall=20:16:29 elapsed=2093.664s phase=train event=interaction_progress trial=24 partition=0 processed=13000 total=14000 metric=ce epoch=1/1
[pipeline-trace] wall=20:16:29 elapsed=2094.664s phase=train event=interaction_progress trial=26 partition=0 processed=400 total=14000 metric=ce epoch=1/1
[pipeline-trace] wall=20:16:30 elapsed=2095.040s phase=train event=interaction_progress trial=24 partition=0 processed=13100 total=14000 metric=ce epoch=1/1
[pipeline-trace] wall=20:16:31 elapsed=2096.093s phase=train event=interaction_progress trial=26 partition=0 processed=500 total=14000 metric=ce epoch=1/1
[pipeline-trace] wall=20:16:31 elapsed=2096.418s phase=train event=interaction_progress trial=24 partition=0 processed=13200 total=14000 metric=ce epoch=1/1
[pipeline-trace] wall=20:16:32 elapsed=2097.524s phase=train event=interaction_progress trial=26 partition=0 processed=600 total=14000 metric=ce epoch=1/1
[pipeline-trace] wall=20:16:33 elapsed=2097.911s phase=train event=interaction_progress trial=24 partition=0 processed=13300 total=14000 metric=ce epoch=1/1
[pipeline-trace] wall=20:16:34 elapsed=2099.034s phase=train event=interaction_progress trial=26 partition=0 processed=700 total=14000 metric=ce epoch=1/1
[pipeline-trace] wall=20:16:34 elapsed=2099.366s phase=train event=interaction_progress trial=24 partition=0 processed=13400 total=14000 metric=ce epoch=1/1
[pipeline-trace] wall=20:16:35 elapsed=2100.427s phase=train event=interaction_progress trial=26 partition=0 processed=800 total=14000 metric=ce epoch=1/1
[pipeline-trace] wall=20:16:36 elapsed=2100.705s phase=train event=interaction_progress trial=24 partition=0 processed=13500 total=14000 metric=ce epoch=1/1
[pipeline-trace] wall=20:16:36 elapsed=2101.847s phase=train event=interaction_progress trial=26 partition=0 processed=900 total=14000 metric=ce epoch=1/1
[pipeline-trace] wall=20:16:37 elapsed=2102.076s phase=train event=interaction_progress trial=24 partition=0 processed=13600 total=14000 metric=ce epoch=1/1
[pipeline-trace] wall=20:16:38 elapsed=2103.278s phase=train event=interaction_progress trial=26 partition=0 processed=1000 total=14000 metric=ce epoch=1/1
[pipeline-trace] wall=20:16:38 elapsed=2103.473s phase=train event=interaction_progress trial=24 partition=0 processed=13700 total=14000 metric=ce epoch=1/1
[pipeline-trace] wall=20:16:39 elapsed=2104.802s phase=train event=interaction_progress trial=26 partition=0 processed=1100 total=14000 metric=ce epoch=1/1
[pipeline-trace] wall=20:16:40 elapsed=2104.830s phase=train event=interaction_progress trial=24 partition=0 processed=13800 total=14000 metric=ce epoch=1/1
[pipeline-trace] wall=20:16:41 elapsed=2106.314s phase=train event=interaction_progress trial=26 partition=0 processed=1200 total=14000 metric=ce epoch=1/1
[pipeline-trace] wall=20:16:41 elapsed=2106.214s phase=train event=interaction_progress trial=24 partition=0 processed=13900 total=14000 metric=ce epoch=1/1
[pipeline-trace] wall=20:16:42 elapsed=2107.793s phase=train event=interaction_progress trial=26 partition=0 processed=1300 total=14000 metric=ce epoch=1/1
[pipeline-trace] wall=20:16:42 elapsed=2107.591s phase=train event=interaction_progress trial=24 partition=0 processed=14000 total=14000 metric=ce epoch=1/1
[pipeline-trace] wall=20:16:43 elapsed=2107.760s phase=eval event=batch_start trial=24 partitions=[1] synthetic=False
[pipeline-trace] wall=20:16:43 elapsed=2107.760s phase=eval event=partition_start trial=24 partition=1 interactions=1999
[pipeline-trace] wall=20:16:43 elapsed=2107.760s phase=eval event=interaction_progress trial=24 partition=1 processed=1 total=1999 metric=ranking
[pipeline-trace] wall=20:16:44 elapsed=2109.265s phase=train event=interaction_progress trial=26 partition=0 processed=1400 total=14000 metric=ce epoch=1/1
[pipeline-trace] wall=20:16:44 elapsed=2109.370s phase=eval event=interaction_progress trial=24 partition=1 processed=100 total=1999 metric=ranking
[pipeline-trace] wall=20:16:45 elapsed=2110.767s phase=train event=interaction_progress trial=26 partition=0 processed=1500 total=14000 metric=ce epoch=1/1
[pipeline-trace] wall=20:16:46 elapsed=2110.978s phase=eval event=interaction_progress trial=24 partition=1 processed=200 total=1999 metric=ranking
[pipeline-trace] wall=20:16:47 elapsed=2112.172s phase=train event=interaction_progress trial=26 partition=0 processed=1600 total=14000 metric=ce epoch=1/1
[pipeline-trace] wall=20:16:47 elapsed=2112.328s phase=eval event=interaction_progress trial=24 partition=1 processed=300 total=1999 metric=ranking
[pipeline-trace] wall=20:16:48 elapsed=2113.645s phase=train event=interaction_progress trial=26 partition=0 processed=1700 total=14000 metric=ce epoch=1/1
[pipeline-trace] wall=20:16:49 elapsed=2113.896s phase=eval event=interaction_progress trial=24 partition=1 processed=400 total=1999 metric=ranking
[pipeline-trace] wall=20:16:50 elapsed=2115.162s phase=train event=interaction_progress trial=26 partition=0 processed=1800 total=14000 metric=ce epoch=1/1
[pipeline-trace] wall=20:16:50 elapsed=2115.527s phase=eval event=interaction_progress trial=24 partition=1 processed=500 total=1999 metric=ranking
[pipeline-trace] wall=20:16:51 elapsed=2116.620s phase=train event=interaction_progress trial=26 partition=0 processed=1900 total=14000 metric=ce epoch=1/1
[pipeline-trace] wall=20:16:52 elapsed=2117.091s phase=eval event=interaction_progress trial=24 partition=1 processed=600 total=1999 metric=ranking
[pipeline-trace] wall=20:16:53 elapsed=2118.119s phase=train event=interaction_progress trial=26 partition=0 processed=2000 total=14000 metric=ce epoch=1/1
[pipeline-trace] wall=20:16:54 elapsed=2118.669s phase=eval event=interaction_progress trial=24 partition=1 processed=700 total=1999 metric=ranking
[pipeline-trace] wall=20:16:54 elapsed=2119.445s phase=train event=interaction_progress trial=26 partition=0 processed=2100 total=14000 metric=ce epoch=1/1
[pipeline-trace] wall=20:16:55 elapsed=2120.192s phase=eval event=interaction_progress trial=24 partition=1 processed=800 total=1999 metric=ranking
[pipeline-trace] wall=20:16:55 elapsed=2120.948s phase=train event=interaction_progress trial=26 partition=0 processed=2200 total=14000 metric=ce epoch=1/1
[pipeline-trace] wall=20:16:57 elapsed=2121.835s phase=eval event=interaction_progress trial=24 partition=1 processed=900 total=1999 metric=ranking
[pipeline-trace] wall=20:16:57 elapsed=2122.325s phase=train event=interaction_progress trial=26 partition=0 processed=2300 total=14000 metric=ce epoch=1/1
[pipeline-trace] wall=20:16:58 elapsed=2123.727s phase=train event=interaction_progress trial=26 partition=0 processed=2400 total=14000 metric=ce epoch=1/1
[pipeline-trace] wall=20:16:58 elapsed=2123.470s phase=eval event=interaction_progress trial=24 partition=1 processed=1000 total=1999 metric=ranking
[pipeline-trace] wall=20:17:00 elapsed=2125.187s phase=train event=interaction_progress trial=26 partition=0 processed=2500 total=14000 metric=ce epoch=1/1
[pipeline-trace] wall=20:17:00 elapsed=2125.114s phase=eval event=interaction_progress trial=24 partition=1 processed=1100 total=1999 metric=ranking
[pipeline-trace] wall=20:17:01 elapsed=2126.577s phase=train event=interaction_progress trial=26 partition=0 processed=2600 total=14000 metric=ce epoch=1/1
[pipeline-trace] wall=20:17:01 elapsed=2126.487s phase=eval event=interaction_progress trial=24 partition=1 processed=1200 total=1999 metric=ranking
[pipeline-trace] wall=20:17:03 elapsed=2128.055s phase=train event=interaction_progress trial=26 partition=0 processed=2700 total=14000 metric=ce epoch=1/1
[pipeline-trace] wall=20:17:04 elapsed=2129.813s phase=train event=interaction_progress trial=26 partition=0 processed=2800 total=14000 metric=ce epoch=1/1
[pipeline-trace] wall=20:17:06 elapsed=2131.668s phase=train event=interaction_progress trial=26 partition=0 processed=2900 total=14000 metric=ce epoch=1/1
[pipeline-trace] wall=20:17:08 elapsed=2133.164s phase=train event=interaction_progress trial=26 partition=0 processed=3000 total=14000 metric=ce epoch=1/1
[pipeline-trace] wall=20:17:08 elapsed=2133.408s phase=eval event=interaction_progress trial=24 partition=1 processed=1300 total=1999 metric=ranking
[pipeline-trace] wall=20:17:09 elapsed=2134.509s phase=train event=interaction_progress trial=26 partition=0 processed=3100 total=14000 metric=ce epoch=1/1
[pipeline-trace] wall=20:17:10 elapsed=2135.021s phase=eval event=interaction_progress trial=24 partition=1 processed=1400 total=1999 metric=ranking
[pipeline-trace] wall=20:17:10 elapsed=2135.923s phase=train event=interaction_progress trial=26 partition=0 processed=3200 total=14000 metric=ce epoch=1/1
[pipeline-trace] wall=20:17:11 elapsed=2136.592s phase=eval event=interaction_progress trial=24 partition=1 processed=1500 total=1999 metric=ranking
[pipeline-trace] wall=20:17:12 elapsed=2137.264s phase=train event=interaction_progress trial=26 partition=0 processed=3300 total=14000 metric=ce epoch=1/1
[pipeline-trace] wall=20:17:13 elapsed=2138.180s phase=eval event=interaction_progress trial=24 partition=1 processed=1600 total=1999 metric=ranking
[pipeline-trace] wall=20:17:13 elapsed=2138.599s phase=train event=interaction_progress trial=26 partition=0 processed=3400 total=14000 metric=ce epoch=1/1
[pipeline-trace] wall=20:17:15 elapsed=2140.034s phase=train event=interaction_progress trial=26 partition=0 processed=3500 total=14000 metric=ce epoch=1/1
[pipeline-trace] wall=20:17:15 elapsed=2139.793s phase=eval event=interaction_progress trial=24 partition=1 processed=1700 total=1999 metric=ranking
[pipeline-trace] wall=20:17:16 elapsed=2141.414s phase=train event=interaction_progress trial=26 partition=0 processed=3600 total=14000 metric=ce epoch=1/1
[pipeline-trace] wall=20:17:16 elapsed=2141.436s phase=eval event=interaction_progress trial=24 partition=1 processed=1800 total=1999 metric=ranking
[pipeline-trace] wall=20:17:17 elapsed=2142.839s phase=train event=interaction_progress trial=26 partition=0 processed=3700 total=14000 metric=ce epoch=1/1
[pipeline-trace] wall=20:17:18 elapsed=2143.117s phase=eval event=interaction_progress trial=24 partition=1 processed=1900 total=1999 metric=ranking
[pipeline-trace] wall=20:17:19 elapsed=2144.277s phase=train event=interaction_progress trial=26 partition=0 processed=3800 total=14000 metric=ce epoch=1/1
[pipeline-trace] wall=20:17:20 elapsed=2144.767s phase=eval event=interaction_progress trial=24 partition=1 processed=1999 total=1999 metric=ranking
[pipeline-trace] wall=20:17:20 elapsed=2144.788s phase=eval event=partition_complete trial=24 partition=1 elapsed_sec=37.028 hits=1306 total=1999
[pipeline-trace] wall=20:17:20 elapsed=2145.716s phase=train event=interaction_progress trial=26 partition=0 processed=3900 total=14000 metric=ce epoch=1/1
[pipeline-trace] wall=20:17:22 elapsed=2147.133s phase=train event=interaction_progress trial=26 partition=0 processed=4000 total=14000 metric=ce epoch=1/1
[pipeline-trace] wall=20:17:23 elapsed=2148.579s phase=train event=interaction_progress trial=26 partition=0 processed=4100 total=14000 metric=ce epoch=1/1
[pipeline-trace] wall=20:17:25 elapsed=2150.021s phase=train event=interaction_progress trial=26 partition=0 processed=4200 total=14000 metric=ce epoch=1/1
[pipeline-trace] wall=20:17:26 elapsed=2151.460s phase=train event=interaction_progress trial=26 partition=0 processed=4300 total=14000 metric=ce epoch=1/1
[pipeline-trace] wall=20:17:27 elapsed=2152.981s phase=train event=interaction_progress trial=26 partition=0 processed=4400 total=14000 metric=ce epoch=1/1
[pipeline-trace] wall=20:17:29 elapsed=2154.465s phase=train event=interaction_progress trial=26 partition=0 processed=4500 total=14000 metric=ce epoch=1/1
[pipeline-trace] wall=20:17:30 elapsed=2155.919s phase=train event=interaction_progress trial=26 partition=0 processed=4600 total=14000 metric=ce epoch=1/1
[pipeline-trace] wall=20:17:32 elapsed=2157.396s phase=train event=interaction_progress trial=26 partition=0 processed=4700 total=14000 metric=ce epoch=1/1
[pipeline-trace] wall=20:17:33 elapsed=2158.817s phase=train event=interaction_progress trial=26 partition=0 processed=4800 total=14000 metric=ce epoch=1/1
[pipeline-trace] wall=20:17:35 elapsed=2160.327s phase=train event=interaction_progress trial=26 partition=0 processed=4900 total=14000 metric=ce epoch=1/1
[pipeline-trace] wall=20:17:36 elapsed=2161.870s phase=train event=interaction_progress trial=26 partition=0 processed=5000 total=14000 metric=ce epoch=1/1
[pipeline-trace] wall=20:17:38 elapsed=2163.346s phase=train event=interaction_progress trial=26 partition=0 processed=5100 total=14000 metric=ce epoch=1/1
[pipeline-trace] wall=20:17:39 elapsed=2164.791s phase=train event=interaction_progress trial=26 partition=0 processed=5200 total=14000 metric=ce epoch=1/1
[pipeline-trace] wall=20:17:41 elapsed=2166.262s phase=train event=interaction_progress trial=26 partition=0 processed=5300 total=14000 metric=ce epoch=1/1
[pipeline-trace] wall=20:17:42 elapsed=2167.769s phase=train event=interaction_progress trial=26 partition=0 processed=5400 total=14000 metric=ce epoch=1/1
[pipeline-trace] wall=20:17:44 elapsed=2169.286s phase=train event=interaction_progress trial=26 partition=0 processed=5500 total=14000 metric=ce epoch=1/1
[pipeline-trace] wall=20:17:45 elapsed=2170.766s phase=train event=interaction_progress trial=26 partition=0 processed=5600 total=14000 metric=ce epoch=1/1
[pipeline-trace] wall=20:17:47 elapsed=2172.181s phase=train event=interaction_progress trial=26 partition=0 processed=5700 total=14000 metric=ce epoch=1/1
[pipeline-trace] wall=20:17:48 elapsed=2173.732s phase=train event=interaction_progress trial=26 partition=0 processed=5800 total=14000 metric=ce epoch=1/1
[pipeline-trace] wall=20:17:50 elapsed=2175.167s phase=train event=interaction_progress trial=26 partition=0 processed=5900 total=14000 metric=ce epoch=1/1
[pipeline-trace] wall=20:17:51 elapsed=2176.600s phase=train event=interaction_progress trial=26 partition=0 processed=6000 total=14000 metric=ce epoch=1/1
[pipeline-trace] wall=20:17:54 elapsed=2179.357s phase=train event=interaction_progress trial=26 partition=0 processed=6100 total=14000 metric=ce epoch=1/1
[pipeline-trace] wall=20:17:56 elapsed=2181.294s phase=train event=interaction_progress trial=26 partition=0 processed=6200 total=14000 metric=ce epoch=1/1
[pipeline-trace] wall=20:17:58 elapsed=2183.875s phase=train event=interaction_progress trial=26 partition=0 processed=6300 total=14000 metric=ce epoch=1/1
[pipeline-trace] wall=20:18:00 elapsed=2185.127s phase=train event=interaction_progress trial=26 partition=0 processed=6400 total=14000 metric=ce epoch=1/1
[pipeline-trace] wall=20:18:01 elapsed=2186.584s phase=train event=interaction_progress trial=26 partition=0 processed=6500 total=14000 metric=ce epoch=1/1
[pipeline-trace] wall=20:18:03 elapsed=2188.149s phase=train event=interaction_progress trial=26 partition=0 processed=6600 total=14000 metric=ce epoch=1/1
[pipeline-trace] wall=20:18:04 elapsed=2189.500s phase=train event=interaction_progress trial=26 partition=0 processed=6700 total=14000 metric=ce epoch=1/1
[pipeline-trace] wall=20:18:05 elapsed=2190.918s phase=train event=interaction_progress trial=26 partition=0 processed=6800 total=14000 metric=ce epoch=1/1
[pipeline-trace] wall=20:18:07 elapsed=2192.369s phase=train event=interaction_progress trial=26 partition=0 processed=6900 total=14000 metric=ce epoch=1/1
[pipeline-trace] wall=20:18:07 elapsed=2192.839s phase=train event=interaction_progress trial=26 partition=0 processed=7000 total=14000 metric=ce epoch=1/1
[pipeline-trace] wall=20:18:08 elapsed=2193.062s phase=train event=interaction_progress trial=26 partition=0 processed=7100 total=14000 metric=ce epoch=1/1
[pipeline-trace] wall=20:18:08 elapsed=2193.280s phase=train event=interaction_progress trial=26 partition=0 processed=7200 total=14000 metric=ce epoch=1/1
[pipeline-trace] wall=20:18:08 elapsed=2193.502s phase=train event=interaction_progress trial=26 partition=0 processed=7300 total=14000 metric=ce epoch=1/1
[pipeline-trace] wall=20:18:08 elapsed=2193.778s phase=train event=interaction_progress trial=26 partition=0 processed=7400 total=14000 metric=ce epoch=1/1
[pipeline-trace] wall=20:18:09 elapsed=2194.630s phase=train event=interaction_progress trial=26 partition=0 processed=7500 total=14000 metric=ce epoch=1/1
[pipeline-trace] wall=20:18:09 elapsed=2194.856s phase=train event=interaction_progress trial=26 partition=0 processed=7600 total=14000 metric=ce epoch=1/1
[pipeline-trace] wall=20:18:10 elapsed=2195.067s phase=train event=interaction_progress trial=26 partition=0 processed=7700 total=14000 metric=ce epoch=1/1
[pipeline-trace] wall=20:18:10 elapsed=2195.280s phase=train event=interaction_progress trial=26 partition=0 processed=7800 total=14000 metric=ce epoch=1/1
[pipeline-trace] wall=20:18:10 elapsed=2195.488s phase=train event=interaction_progress trial=26 partition=0 processed=7900 total=14000 metric=ce epoch=1/1
[pipeline-trace] wall=20:18:10 elapsed=2195.708s phase=train event=interaction_progress trial=26 partition=0 processed=8000 total=14000 metric=ce epoch=1/1
[pipeline-trace] wall=20:18:10 elapsed=2195.935s phase=train event=interaction_progress trial=26 partition=0 processed=8100 total=14000 metric=ce epoch=1/1
[pipeline-trace] wall=20:18:11 elapsed=2196.459s phase=train event=interaction_progress trial=26 partition=0 processed=8200 total=14000 metric=ce epoch=1/1
[pipeline-trace] wall=20:18:12 elapsed=2197.938s phase=train event=interaction_progress trial=26 partition=0 processed=8300 total=14000 metric=ce epoch=1/1
[pipeline-trace] wall=20:18:14 elapsed=2199.453s phase=train event=interaction_progress trial=26 partition=0 processed=8400 total=14000 metric=ce epoch=1/1
[pipeline-trace] wall=20:18:15 elapsed=2200.868s phase=train event=interaction_progress trial=26 partition=0 processed=8500 total=14000 metric=ce epoch=1/1
[pipeline-trace] wall=20:18:17 elapsed=2202.276s phase=train event=interaction_progress trial=26 partition=0 processed=8600 total=14000 metric=ce epoch=1/1
[pipeline-trace] wall=20:18:18 elapsed=2203.607s phase=train event=interaction_progress trial=26 partition=0 processed=8700 total=14000 metric=ce epoch=1/1
[pipeline-trace] wall=20:18:20 elapsed=2205.036s phase=train event=interaction_progress trial=26 partition=0 processed=8800 total=14000 metric=ce epoch=1/1
[pipeline-trace] wall=20:18:21 elapsed=2206.490s phase=train event=interaction_progress trial=26 partition=0 processed=8900 total=14000 metric=ce epoch=1/1
[pipeline-trace] wall=20:18:22 elapsed=2207.989s phase=train event=interaction_progress trial=26 partition=0 processed=9000 total=14000 metric=ce epoch=1/1
[pipeline-trace] wall=20:18:24 elapsed=2209.418s phase=train event=interaction_progress trial=26 partition=0 processed=9100 total=14000 metric=ce epoch=1/1
[pipeline-trace] wall=20:18:25 elapsed=2210.939s phase=train event=interaction_progress trial=26 partition=0 processed=9200 total=14000 metric=ce epoch=1/1
[pipeline-trace] wall=20:18:27 elapsed=2212.398s phase=train event=interaction_progress trial=26 partition=0 processed=9300 total=14000 metric=ce epoch=1/1
[pipeline-trace] wall=20:18:28 elapsed=2213.868s phase=train event=interaction_progress trial=26 partition=0 processed=9400 total=14000 metric=ce epoch=1/1
[pipeline-trace] wall=20:18:30 elapsed=2215.380s phase=train event=interaction_progress trial=26 partition=0 processed=9500 total=14000 metric=ce epoch=1/1
[pipeline-trace] wall=20:18:31 elapsed=2216.773s phase=train event=interaction_progress trial=26 partition=0 processed=9600 total=14000 metric=ce epoch=1/1
[pipeline-trace] wall=20:18:33 elapsed=2218.147s phase=train event=interaction_progress trial=26 partition=0 processed=9700 total=14000 metric=ce epoch=1/1
[pipeline-trace] wall=20:18:34 elapsed=2219.661s phase=train event=interaction_progress trial=26 partition=0 processed=9800 total=14000 metric=ce epoch=1/1
[pipeline-trace] wall=20:18:36 elapsed=2221.232s phase=train event=interaction_progress trial=26 partition=0 processed=9900 total=14000 metric=ce epoch=1/1
[pipeline-trace] wall=20:18:37 elapsed=2222.517s phase=train event=interaction_progress trial=26 partition=0 processed=10000 total=14000 metric=ce epoch=1/1
[pipeline-trace] wall=20:18:38 elapsed=2223.960s phase=train event=interaction_progress trial=26 partition=0 processed=10100 total=14000 metric=ce epoch=1/1
[pipeline-trace] wall=20:18:40 elapsed=2225.455s phase=train event=interaction_progress trial=26 partition=0 processed=10200 total=14000 metric=ce epoch=1/1
[pipeline-trace] wall=20:18:41 elapsed=2226.864s phase=train event=interaction_progress trial=26 partition=0 processed=10300 total=14000 metric=ce epoch=1/1
[pipeline-trace] wall=20:18:43 elapsed=2228.278s phase=train event=interaction_progress trial=26 partition=0 processed=10400 total=14000 metric=ce epoch=1/1
[pipeline-trace] wall=20:18:44 elapsed=2229.657s phase=train event=interaction_progress trial=26 partition=0 processed=10500 total=14000 metric=ce epoch=1/1
[pipeline-trace] wall=20:18:46 elapsed=2231.087s phase=train event=interaction_progress trial=26 partition=0 processed=10600 total=14000 metric=ce epoch=1/1
[pipeline-trace] wall=20:18:50 elapsed=2235.088s phase=train event=interaction_progress trial=26 partition=0 processed=10700 total=14000 metric=ce epoch=1/1
[pipeline-trace] wall=20:18:51 elapsed=2236.443s phase=train event=interaction_progress trial=26 partition=0 processed=10800 total=14000 metric=ce epoch=1/1
[pipeline-trace] wall=20:18:52 elapsed=2237.780s phase=train event=interaction_progress trial=26 partition=0 processed=10900 total=14000 metric=ce epoch=1/1
[pipeline-trace] wall=20:18:54 elapsed=2239.223s phase=train event=interaction_progress trial=26 partition=0 processed=11000 total=14000 metric=ce epoch=1/1
[pipeline-trace] wall=20:18:55 elapsed=2240.654s phase=train event=interaction_progress trial=26 partition=0 processed=11100 total=14000 metric=ce epoch=1/1
[pipeline-trace] wall=20:18:57 elapsed=2242.035s phase=train event=interaction_progress trial=26 partition=0 processed=11200 total=14000 metric=ce epoch=1/1
[pipeline-trace] wall=20:18:58 elapsed=2243.471s phase=train event=interaction_progress trial=26 partition=0 processed=11300 total=14000 metric=ce epoch=1/1
[pipeline-trace] wall=20:18:59 elapsed=2244.813s phase=train event=interaction_progress trial=26 partition=0 processed=11400 total=14000 metric=ce epoch=1/1
[pipeline-trace] wall=20:19:01 elapsed=2246.204s phase=train event=interaction_progress trial=26 partition=0 processed=11500 total=14000 metric=ce epoch=1/1
[pipeline-trace] wall=20:19:02 elapsed=2247.602s phase=train event=interaction_progress trial=26 partition=0 processed=11600 total=14000 metric=ce epoch=1/1
[pipeline-trace] wall=20:19:03 elapsed=2249.012s phase=train event=interaction_progress trial=26 partition=0 processed=11700 total=14000 metric=ce epoch=1/1
[pipeline-trace] wall=20:19:05 elapsed=2250.518s phase=train event=interaction_progress trial=26 partition=0 processed=11800 total=14000 metric=ce epoch=1/1
[pipeline-trace] wall=20:19:07 elapsed=2252.074s phase=train event=interaction_progress trial=26 partition=0 processed=11900 total=14000 metric=ce epoch=1/1
[pipeline-trace] wall=20:19:08 elapsed=2253.603s phase=train event=interaction_progress trial=26 partition=0 processed=12000 total=14000 metric=ce epoch=1/1
[pipeline-trace] wall=20:19:10 elapsed=2255.024s phase=train event=interaction_progress trial=26 partition=0 processed=12100 total=14000 metric=ce epoch=1/1
[pipeline-trace] wall=20:19:11 elapsed=2256.461s phase=train event=interaction_progress trial=26 partition=0 processed=12200 total=14000 metric=ce epoch=1/1
[pipeline-trace] wall=20:19:12 elapsed=2257.819s phase=train event=interaction_progress trial=26 partition=0 processed=12300 total=14000 metric=ce epoch=1/1
[pipeline-trace] wall=20:19:14 elapsed=2259.211s phase=train event=interaction_progress trial=26 partition=0 processed=12400 total=14000 metric=ce epoch=1/1
[pipeline-trace] wall=20:19:15 elapsed=2260.632s phase=train event=interaction_progress trial=26 partition=0 processed=12500 total=14000 metric=ce epoch=1/1
[pipeline-trace] wall=20:19:16 elapsed=2261.999s phase=train event=interaction_progress trial=26 partition=0 processed=12600 total=14000 metric=ce epoch=1/1
[pipeline-trace] wall=20:19:18 elapsed=2263.384s phase=train event=interaction_progress trial=26 partition=0 processed=12700 total=14000 metric=ce epoch=1/1
[pipeline-trace] wall=20:19:19 elapsed=2264.780s phase=train event=interaction_progress trial=26 partition=0 processed=12800 total=14000 metric=ce epoch=1/1
[pipeline-trace] wall=20:19:21 elapsed=2266.145s phase=train event=interaction_progress trial=26 partition=0 processed=12900 total=14000 metric=ce epoch=1/1
[pipeline-trace] wall=20:19:22 elapsed=2267.511s phase=train event=interaction_progress trial=26 partition=0 processed=13000 total=14000 metric=ce epoch=1/1
[pipeline-trace] wall=20:19:23 elapsed=2268.862s phase=train event=interaction_progress trial=26 partition=0 processed=13100 total=14000 metric=ce epoch=1/1
[pipeline-trace] wall=20:19:25 elapsed=2270.288s phase=train event=interaction_progress trial=26 partition=0 processed=13200 total=14000 metric=ce epoch=1/1
[pipeline-trace] wall=20:19:26 elapsed=2271.720s phase=train event=interaction_progress trial=26 partition=0 processed=13300 total=14000 metric=ce epoch=1/1
[pipeline-trace] wall=20:19:28 elapsed=2273.223s phase=train event=interaction_progress trial=26 partition=0 processed=13400 total=14000 metric=ce epoch=1/1
[pipeline-trace] wall=20:19:29 elapsed=2274.687s phase=train event=interaction_progress trial=26 partition=0 processed=13500 total=14000 metric=ce epoch=1/1
[pipeline-trace] wall=20:19:31 elapsed=2276.165s phase=train event=interaction_progress trial=26 partition=0 processed=13600 total=14000 metric=ce epoch=1/1
[pipeline-trace] wall=20:19:32 elapsed=2277.546s phase=train event=interaction_progress trial=26 partition=0 processed=13700 total=14000 metric=ce epoch=1/1
[pipeline-trace] wall=20:19:35 elapsed=2280.245s phase=train event=interaction_progress trial=26 partition=0 processed=13800 total=14000 metric=ce epoch=1/1
[pipeline-trace] wall=20:19:37 elapsed=2282.262s phase=train event=interaction_progress trial=26 partition=0 processed=13900 total=14000 metric=ce epoch=1/1
[pipeline-trace] wall=20:19:41 elapsed=2286.060s phase=train event=interaction_progress trial=26 partition=0 processed=14000 total=14000 metric=ce epoch=1/1
[pipeline-trace] wall=20:19:41 elapsed=2285.892s phase=eval event=batch_start trial=26 partitions=[1] synthetic=False
[pipeline-trace] wall=20:19:41 elapsed=2285.893s phase=eval event=partition_start trial=26 partition=1 interactions=1999
[pipeline-trace] wall=20:19:41 elapsed=2285.893s phase=eval event=interaction_progress trial=26 partition=1 processed=1 total=1999 metric=ranking
[pipeline-trace] wall=20:19:42 elapsed=2287.476s phase=eval event=interaction_progress trial=26 partition=1 processed=100 total=1999 metric=ranking
[pipeline-trace] wall=20:19:44 elapsed=2289.077s phase=eval event=interaction_progress trial=26 partition=1 processed=200 total=1999 metric=ranking
[pipeline-trace] wall=20:19:46 elapsed=2290.666s phase=eval event=interaction_progress trial=26 partition=1 processed=300 total=1999 metric=ranking
[pipeline-trace] wall=20:19:47 elapsed=2292.201s phase=eval event=interaction_progress trial=26 partition=1 processed=400 total=1999 metric=ranking
[pipeline-trace] wall=20:19:49 elapsed=2293.814s phase=eval event=interaction_progress trial=26 partition=1 processed=500 total=1999 metric=ranking
[pipeline-trace] wall=20:19:50 elapsed=2295.392s phase=eval event=interaction_progress trial=26 partition=1 processed=600 total=1999 metric=ranking
[pipeline-trace] wall=20:19:52 elapsed=2297.015s phase=eval event=interaction_progress trial=26 partition=1 processed=700 total=1999 metric=ranking
[pipeline-trace] wall=20:19:53 elapsed=2298.657s phase=eval event=interaction_progress trial=26 partition=1 processed=800 total=1999 metric=ranking
[pipeline-trace] wall=20:19:55 elapsed=2300.268s phase=eval event=interaction_progress trial=26 partition=1 processed=900 total=1999 metric=ranking
[pipeline-trace] wall=20:19:57 elapsed=2301.890s phase=eval event=interaction_progress trial=26 partition=1 processed=1000 total=1999 metric=ranking
[pipeline-trace] wall=20:19:58 elapsed=2303.469s phase=eval event=interaction_progress trial=26 partition=1 processed=1100 total=1999 metric=ranking
[pipeline-trace] wall=20:20:00 elapsed=2305.045s phase=eval event=interaction_progress trial=26 partition=1 processed=1200 total=1999 metric=ranking
[pipeline-trace] wall=20:20:02 elapsed=2306.675s phase=eval event=interaction_progress trial=26 partition=1 processed=1300 total=1999 metric=ranking
[pipeline-trace] wall=20:20:03 elapsed=2308.333s phase=eval event=interaction_progress trial=26 partition=1 processed=1400 total=1999 metric=ranking
[pipeline-trace] wall=20:20:05 elapsed=2309.904s phase=eval event=interaction_progress trial=26 partition=1 processed=1500 total=1999 metric=ranking
[pipeline-trace] wall=20:20:06 elapsed=2311.497s phase=eval event=interaction_progress trial=26 partition=1 processed=1600 total=1999 metric=ranking
[pipeline-trace] wall=20:20:08 elapsed=2313.082s phase=eval event=interaction_progress trial=26 partition=1 processed=1700 total=1999 metric=ranking
[pipeline-trace] wall=20:20:09 elapsed=2314.592s phase=eval event=interaction_progress trial=26 partition=1 processed=1800 total=1999 metric=ranking
[pipeline-trace] wall=20:20:11 elapsed=2316.192s phase=eval event=interaction_progress trial=26 partition=1 processed=1900 total=1999 metric=ranking
[pipeline-trace] wall=20:20:13 elapsed=2317.705s phase=eval event=interaction_progress trial=26 partition=1 processed=1999 total=1999 metric=ranking
[pipeline-trace] wall=20:20:13 elapsed=2317.726s phase=eval event=partition_complete trial=26 partition=1 elapsed_sec=31.833 hits=1420 total=1999
[pipeline-trace] wall=20:20:15 elapsed=2331.636s phase=train event=dispatch trial=0 stage=1/1
[pipeline-trace] wall=20:20:22 elapsed=1.155s phase=train event=interaction_progress trial=0 partition=0 processed=1 total=14000 metric=ce epoch=1/1
[pipeline-trace] wall=20:20:22 elapsed=1.590s phase=train event=interaction_progress trial=0 partition=0 processed=100 total=14000 metric=ce epoch=1/1
[pipeline-trace] wall=20:20:22 elapsed=1.922s phase=train event=interaction_progress trial=0 partition=0 processed=200 total=14000 metric=ce epoch=1/1
[pipeline-trace] wall=20:20:24 elapsed=3.049s phase=train event=interaction_progress trial=0 partition=0 processed=300 total=14000 metric=ce epoch=1/1
[pipeline-trace] wall=20:20:25 elapsed=4.183s phase=train event=interaction_progress trial=0 partition=0 processed=400 total=14000 metric=ce epoch=1/1
[pipeline-trace] wall=20:20:26 elapsed=5.391s phase=train event=interaction_progress trial=0 partition=0 processed=500 total=14000 metric=ce epoch=1/1
[pipeline-trace] wall=20:20:27 elapsed=6.572s phase=train event=interaction_progress trial=0 partition=0 processed=600 total=14000 metric=ce epoch=1/1
[pipeline-trace] wall=20:20:28 elapsed=7.705s phase=train event=interaction_progress trial=0 partition=0 processed=700 total=14000 metric=ce epoch=1/1
[pipeline-trace] wall=20:20:29 elapsed=8.900s phase=train event=interaction_progress trial=0 partition=0 processed=800 total=14000 metric=ce epoch=1/1
[pipeline-trace] wall=20:20:31 elapsed=10.003s phase=train event=interaction_progress trial=0 partition=0 processed=900 total=14000 metric=ce epoch=1/1
[pipeline-trace] wall=20:20:32 elapsed=11.163s phase=train event=interaction_progress trial=0 partition=0 processed=1000 total=14000 metric=ce epoch=1/1
[pipeline-trace] wall=20:20:33 elapsed=12.393s phase=train event=interaction_progress trial=0 partition=0 processed=1100 total=14000 metric=ce epoch=1/1
[pipeline-trace] wall=20:20:34 elapsed=13.566s phase=train event=interaction_progress trial=0 partition=0 processed=1200 total=14000 metric=ce epoch=1/1
[pipeline-trace] wall=20:20:35 elapsed=14.713s phase=train event=interaction_progress trial=0 partition=0 processed=1300 total=14000 metric=ce epoch=1/1
[pipeline-trace] wall=20:20:36 elapsed=15.954s phase=train event=interaction_progress trial=0 partition=0 processed=1400 total=14000 metric=ce epoch=1/1
[pipeline-trace] wall=20:20:38 elapsed=17.113s phase=train event=interaction_progress trial=0 partition=0 processed=1500 total=14000 metric=ce epoch=1/1
[pipeline-trace] wall=20:20:39 elapsed=18.293s phase=train event=interaction_progress trial=0 partition=0 processed=1600 total=14000 metric=ce epoch=1/1
[pipeline-trace] wall=20:20:40 elapsed=19.510s phase=train event=interaction_progress trial=0 partition=0 processed=1700 total=14000 metric=ce epoch=1/1
[pipeline-trace] wall=20:20:41 elapsed=20.651s phase=train event=interaction_progress trial=0 partition=0 processed=1800 total=14000 metric=ce epoch=1/1
[pipeline-trace] wall=20:20:42 elapsed=21.844s phase=train event=interaction_progress trial=0 partition=0 processed=1900 total=14000 metric=ce epoch=1/1
[pipeline-trace] wall=20:20:44 elapsed=23.034s phase=train event=interaction_progress trial=0 partition=0 processed=2000 total=14000 metric=ce epoch=1/1
[pipeline-trace] wall=20:20:45 elapsed=24.307s phase=train event=interaction_progress trial=0 partition=0 processed=2100 total=14000 metric=ce epoch=1/1
[pipeline-trace] wall=20:20:46 elapsed=25.570s phase=train event=interaction_progress trial=0 partition=0 processed=2200 total=14000 metric=ce epoch=1/1
[pipeline-trace] wall=20:20:47 elapsed=26.903s phase=train event=interaction_progress trial=0 partition=0 processed=2300 total=14000 metric=ce epoch=1/1
[pipeline-trace] wall=20:20:49 elapsed=28.227s phase=train event=interaction_progress trial=0 partition=0 processed=2400 total=14000 metric=ce epoch=1/1
[pipeline-trace] wall=20:20:50 elapsed=29.440s phase=train event=interaction_progress trial=0 partition=0 processed=2500 total=14000 metric=ce epoch=1/1
[pipeline-trace] wall=20:20:51 elapsed=30.578s phase=train event=interaction_progress trial=0 partition=0 processed=2600 total=14000 metric=ce epoch=1/1
[pipeline-trace] wall=20:20:52 elapsed=31.787s phase=train event=interaction_progress trial=0 partition=0 processed=2700 total=14000 metric=ce epoch=1/1
[pipeline-trace] wall=20:20:53 elapsed=32.964s phase=train event=interaction_progress trial=0 partition=0 processed=2800 total=14000 metric=ce epoch=1/1
[pipeline-trace] wall=20:20:55 elapsed=34.117s phase=train event=interaction_progress trial=0 partition=0 processed=2900 total=14000 metric=ce epoch=1/1
[pipeline-trace] wall=20:20:56 elapsed=35.334s phase=train event=interaction_progress trial=0 partition=0 processed=3000 total=14000 metric=ce epoch=1/1
[pipeline-trace] wall=20:20:57 elapsed=36.493s phase=train event=interaction_progress trial=0 partition=0 processed=3100 total=14000 metric=ce epoch=1/1
[pipeline-trace] wall=20:20:58 elapsed=37.699s phase=train event=interaction_progress trial=0 partition=0 processed=3200 total=14000 metric=ce epoch=1/1
[pipeline-trace] wall=20:20:59 elapsed=38.897s phase=train event=interaction_progress trial=0 partition=0 processed=3300 total=14000 metric=ce epoch=1/1
[pipeline-trace] wall=20:21:01 elapsed=40.054s phase=train event=interaction_progress trial=0 partition=0 processed=3400 total=14000 metric=ce epoch=1/1
[pipeline-trace] wall=20:21:02 elapsed=41.214s phase=train event=interaction_progress trial=0 partition=0 processed=3500 total=14000 metric=ce epoch=1/1
[pipeline-trace] wall=20:21:03 elapsed=42.392s phase=train event=interaction_progress trial=0 partition=0 processed=3600 total=14000 metric=ce epoch=1/1
[pipeline-trace] wall=20:21:04 elapsed=43.551s phase=train event=interaction_progress trial=0 partition=0 processed=3700 total=14000 metric=ce epoch=1/1
[pipeline-trace] wall=20:21:05 elapsed=44.772s phase=train event=interaction_progress trial=0 partition=0 processed=3800 total=14000 metric=ce epoch=1/1
[pipeline-trace] wall=20:21:06 elapsed=45.925s phase=train event=interaction_progress trial=0 partition=0 processed=3900 total=14000 metric=ce epoch=1/1
[pipeline-trace] wall=20:21:08 elapsed=47.114s phase=train event=interaction_progress trial=0 partition=0 processed=4000 total=14000 metric=ce epoch=1/1
[pipeline-trace] wall=20:21:09 elapsed=48.332s phase=train event=interaction_progress trial=0 partition=0 processed=4100 total=14000 metric=ce epoch=1/1
[pipeline-trace] wall=20:21:10 elapsed=49.495s phase=train event=interaction_progress trial=0 partition=0 processed=4200 total=14000 metric=ce epoch=1/1
[pipeline-trace] wall=20:21:11 elapsed=50.651s phase=train event=interaction_progress trial=0 partition=0 processed=4300 total=14000 metric=ce epoch=1/1
[pipeline-trace] wall=20:21:12 elapsed=51.849s phase=train event=interaction_progress trial=0 partition=0 processed=4400 total=14000 metric=ce epoch=1/1
[pipeline-trace] wall=20:21:14 elapsed=53.011s phase=train event=interaction_progress trial=0 partition=0 processed=4500 total=14000 metric=ce epoch=1/1
[pipeline-trace] wall=20:21:15 elapsed=54.247s phase=train event=interaction_progress trial=0 partition=0 processed=4600 total=14000 metric=ce epoch=1/1
[pipeline-trace] wall=20:21:16 elapsed=55.434s phase=train event=interaction_progress trial=0 partition=0 processed=4700 total=14000 metric=ce epoch=1/1
[pipeline-trace] wall=20:21:17 elapsed=56.522s phase=train event=interaction_progress trial=0 partition=0 processed=4800 total=14000 metric=ce epoch=1/1
[pipeline-trace] wall=20:21:18 elapsed=57.848s phase=train event=interaction_progress trial=0 partition=0 processed=4900 total=14000 metric=ce epoch=1/1
[pipeline-trace] wall=20:21:20 elapsed=59.003s phase=train event=interaction_progress trial=0 partition=0 processed=5000 total=14000 metric=ce epoch=1/1
[pipeline-trace] wall=20:21:21 elapsed=60.182s phase=train event=interaction_progress trial=0 partition=0 processed=5100 total=14000 metric=ce epoch=1/1
[pipeline-trace] wall=20:21:22 elapsed=61.403s phase=train event=interaction_progress trial=0 partition=0 processed=5200 total=14000 metric=ce epoch=1/1
[pipeline-trace] wall=20:21:23 elapsed=62.574s phase=train event=interaction_progress trial=0 partition=0 processed=5300 total=14000 metric=ce epoch=1/1
[pipeline-trace] wall=20:21:24 elapsed=63.902s phase=train event=interaction_progress trial=0 partition=0 processed=5400 total=14000 metric=ce epoch=1/1
[pipeline-trace] wall=20:21:26 elapsed=65.052s phase=train event=interaction_progress trial=0 partition=0 processed=5500 total=14000 metric=ce epoch=1/1
[pipeline-trace] wall=20:21:27 elapsed=66.265s phase=train event=interaction_progress trial=0 partition=0 processed=5600 total=14000 metric=ce epoch=1/1
[pipeline-trace] wall=20:21:28 elapsed=67.442s phase=train event=interaction_progress trial=0 partition=0 processed=5700 total=14000 metric=ce epoch=1/1
[pipeline-trace] wall=20:21:29 elapsed=68.621s phase=train event=interaction_progress trial=0 partition=0 processed=5800 total=14000 metric=ce epoch=1/1
[pipeline-trace] wall=20:21:30 elapsed=69.855s phase=train event=interaction_progress trial=0 partition=0 processed=5900 total=14000 metric=ce epoch=1/1
[pipeline-trace] wall=20:21:32 elapsed=70.994s phase=train event=interaction_progress trial=0 partition=0 processed=6000 total=14000 metric=ce epoch=1/1
[pipeline-trace] wall=20:21:33 elapsed=72.206s phase=train event=interaction_progress trial=0 partition=0 processed=6100 total=14000 metric=ce epoch=1/1
[pipeline-trace] wall=20:21:40 elapsed=79.461s phase=train event=interaction_progress trial=0 partition=0 processed=6200 total=14000 metric=ce epoch=1/1
[pipeline-trace] wall=20:21:41 elapsed=80.706s phase=train event=interaction_progress trial=0 partition=0 processed=6300 total=14000 metric=ce epoch=1/1
[pipeline-trace] wall=20:21:42 elapsed=81.867s phase=train event=interaction_progress trial=0 partition=0 processed=6400 total=14000 metric=ce epoch=1/1
[pipeline-trace] wall=20:21:44 elapsed=83.074s phase=train event=interaction_progress trial=0 partition=0 processed=6500 total=14000 metric=ce epoch=1/1
[pipeline-trace] wall=20:21:45 elapsed=84.232s phase=train event=interaction_progress trial=0 partition=0 processed=6600 total=14000 metric=ce epoch=1/1
[pipeline-trace] wall=20:21:46 elapsed=85.377s phase=train event=interaction_progress trial=0 partition=0 processed=6700 total=14000 metric=ce epoch=1/1
[pipeline-trace] wall=20:21:47 elapsed=86.532s phase=train event=interaction_progress trial=0 partition=0 processed=6800 total=14000 metric=ce epoch=1/1
[pipeline-trace] wall=20:21:48 elapsed=87.664s phase=train event=interaction_progress trial=0 partition=0 processed=6900 total=14000 metric=ce epoch=1/1
[pipeline-trace] wall=20:21:49 elapsed=88.789s phase=train event=interaction_progress trial=0 partition=0 processed=7000 total=14000 metric=ce epoch=1/1
[pipeline-trace] wall=20:21:50 elapsed=89.963s phase=train event=interaction_progress trial=0 partition=0 processed=7100 total=14000 metric=ce epoch=1/1
[pipeline-trace] wall=20:21:52 elapsed=91.147s phase=train event=interaction_progress trial=0 partition=0 processed=7200 total=14000 metric=ce epoch=1/1
[pipeline-trace] wall=20:21:53 elapsed=92.332s phase=train event=interaction_progress trial=0 partition=0 processed=7300 total=14000 metric=ce epoch=1/1
[pipeline-trace] wall=20:21:54 elapsed=93.558s phase=train event=interaction_progress trial=0 partition=0 processed=7400 total=14000 metric=ce epoch=1/1
[pipeline-trace] wall=20:21:55 elapsed=94.722s phase=train event=interaction_progress trial=0 partition=0 processed=7500 total=14000 metric=ce epoch=1/1
[pipeline-trace] wall=20:21:56 elapsed=95.930s phase=train event=interaction_progress trial=0 partition=0 processed=7600 total=14000 metric=ce epoch=1/1
[pipeline-trace] wall=20:21:58 elapsed=97.110s phase=train event=interaction_progress trial=0 partition=0 processed=7700 total=14000 metric=ce epoch=1/1
[pipeline-trace] wall=20:21:59 elapsed=98.271s phase=train event=interaction_progress trial=0 partition=0 processed=7800 total=14000 metric=ce epoch=1/1
[pipeline-trace] wall=20:22:00 elapsed=99.474s phase=train event=interaction_progress trial=0 partition=0 processed=7900 total=14000 metric=ce epoch=1/1
[pipeline-trace] wall=20:22:01 elapsed=100.633s phase=train event=interaction_progress trial=0 partition=0 processed=8000 total=14000 metric=ce epoch=1/1
[pipeline-trace] wall=20:22:02 elapsed=101.819s phase=train event=interaction_progress trial=0 partition=0 processed=8100 total=14000 metric=ce epoch=1/1
[pipeline-trace] wall=20:22:04 elapsed=103.035s phase=train event=interaction_progress trial=0 partition=0 processed=8200 total=14000 metric=ce epoch=1/1
[pipeline-trace] wall=20:22:05 elapsed=104.186s phase=train event=interaction_progress trial=0 partition=0 processed=8300 total=14000 metric=ce epoch=1/1
[pipeline-trace] wall=20:22:06 elapsed=105.360s phase=train event=interaction_progress trial=0 partition=0 processed=8400 total=14000 metric=ce epoch=1/1
[pipeline-trace] wall=20:22:07 elapsed=106.544s phase=train event=interaction_progress trial=0 partition=0 processed=8500 total=14000 metric=ce epoch=1/1
[pipeline-trace] wall=20:22:08 elapsed=107.684s phase=train event=interaction_progress trial=0 partition=0 processed=8600 total=14000 metric=ce epoch=1/1
[pipeline-trace] wall=20:22:09 elapsed=108.864s phase=train event=interaction_progress trial=0 partition=0 processed=8700 total=14000 metric=ce epoch=1/1
[pipeline-trace] wall=20:22:11 elapsed=110.041s phase=train event=interaction_progress trial=0 partition=0 processed=8800 total=14000 metric=ce epoch=1/1
[pipeline-trace] wall=20:22:12 elapsed=111.250s phase=train event=interaction_progress trial=0 partition=0 processed=8900 total=14000 metric=ce epoch=1/1
[pipeline-trace] wall=20:22:13 elapsed=112.471s phase=train event=interaction_progress trial=0 partition=0 processed=9000 total=14000 metric=ce epoch=1/1
[pipeline-trace] wall=20:22:14 elapsed=113.726s phase=train event=interaction_progress trial=0 partition=0 processed=9100 total=14000 metric=ce epoch=1/1
[pipeline-trace] wall=20:22:16 elapsed=114.973s phase=train event=interaction_progress trial=0 partition=0 processed=9200 total=14000 metric=ce epoch=1/1
[pipeline-trace] wall=20:22:17 elapsed=116.154s phase=train event=interaction_progress trial=0 partition=0 processed=9300 total=14000 metric=ce epoch=1/1
[pipeline-trace] wall=20:22:18 elapsed=117.337s phase=train event=interaction_progress trial=0 partition=0 processed=9400 total=14000 metric=ce epoch=1/1
[pipeline-trace] wall=20:22:19 elapsed=118.544s phase=train event=interaction_progress trial=0 partition=0 processed=9500 total=14000 metric=ce epoch=1/1
[pipeline-trace] wall=20:22:20 elapsed=119.663s phase=train event=interaction_progress trial=0 partition=0 processed=9600 total=14000 metric=ce epoch=1/1
[pipeline-trace] wall=20:22:21 elapsed=120.861s phase=train event=interaction_progress trial=0 partition=0 processed=9700 total=14000 metric=ce epoch=1/1
[pipeline-trace] wall=20:22:23 elapsed=122.004s phase=train event=interaction_progress trial=0 partition=0 processed=9800 total=14000 metric=ce epoch=1/1
[pipeline-trace] wall=20:22:24 elapsed=123.148s phase=train event=interaction_progress trial=0 partition=0 processed=9900 total=14000 metric=ce epoch=1/1
[pipeline-trace] wall=20:22:31 elapsed=130.947s phase=train event=interaction_progress trial=0 partition=0 processed=10000 total=14000 metric=ce epoch=1/1
[pipeline-trace] wall=20:22:33 elapsed=132.129s phase=train event=interaction_progress trial=0 partition=0 processed=10100 total=14000 metric=ce epoch=1/1
[pipeline-trace] wall=20:22:34 elapsed=133.321s phase=train event=interaction_progress trial=0 partition=0 processed=10200 total=14000 metric=ce epoch=1/1
[pipeline-trace] wall=20:22:35 elapsed=134.522s phase=train event=interaction_progress trial=0 partition=0 processed=10300 total=14000 metric=ce epoch=1/1
[pipeline-trace] wall=20:22:36 elapsed=135.665s phase=train event=interaction_progress trial=0 partition=0 processed=10400 total=14000 metric=ce epoch=1/1
[pipeline-trace] wall=20:22:37 elapsed=136.463s phase=train event=interaction_progress trial=0 partition=0 processed=10500 total=14000 metric=ce epoch=1/1
[pipeline-trace] wall=20:22:37 elapsed=136.688s phase=train event=interaction_progress trial=0 partition=0 processed=10600 total=14000 metric=ce epoch=1/1
[pipeline-trace] wall=20:22:37 elapsed=136.916s phase=train event=interaction_progress trial=0 partition=0 processed=10700 total=14000 metric=ce epoch=1/1
[pipeline-trace] wall=20:22:38 elapsed=137.163s phase=train event=interaction_progress trial=0 partition=0 processed=10800 total=14000 metric=ce epoch=1/1
[pipeline-trace] wall=20:22:38 elapsed=137.654s phase=train event=interaction_progress trial=0 partition=0 processed=10900 total=14000 metric=ce epoch=1/1
[pipeline-trace] wall=20:22:39 elapsed=138.287s phase=train event=interaction_progress trial=0 partition=0 processed=11000 total=14000 metric=ce epoch=1/1
[pipeline-trace] wall=20:22:39 elapsed=138.530s phase=train event=interaction_progress trial=0 partition=0 processed=11100 total=14000 metric=ce epoch=1/1
[pipeline-trace] wall=20:22:39 elapsed=138.788s phase=train event=interaction_progress trial=0 partition=0 processed=11200 total=14000 metric=ce epoch=1/1
[pipeline-trace] wall=20:22:40 elapsed=139.100s phase=train event=interaction_progress trial=0 partition=0 processed=11300 total=14000 metric=ce epoch=1/1
[pipeline-trace] wall=20:22:40 elapsed=139.359s phase=train event=interaction_progress trial=0 partition=0 processed=11400 total=14000 metric=ce epoch=1/1
[pipeline-trace] wall=20:22:41 elapsed=140.083s phase=train event=interaction_progress trial=0 partition=0 processed=11500 total=14000 metric=ce epoch=1/1
[pipeline-trace] wall=20:22:42 elapsed=141.296s phase=train event=interaction_progress trial=0 partition=0 processed=11600 total=14000 metric=ce epoch=1/1
[pipeline-trace] wall=20:22:43 elapsed=142.441s phase=train event=interaction_progress trial=0 partition=0 processed=11700 total=14000 metric=ce epoch=1/1
[pipeline-trace] wall=20:22:44 elapsed=143.616s phase=train event=interaction_progress trial=0 partition=0 processed=11800 total=14000 metric=ce epoch=1/1
[pipeline-trace] wall=20:22:45 elapsed=144.837s phase=train event=interaction_progress trial=0 partition=0 processed=11900 total=14000 metric=ce epoch=1/1
[pipeline-trace] wall=20:22:47 elapsed=145.984s phase=train event=interaction_progress trial=0 partition=0 processed=12000 total=14000 metric=ce epoch=1/1
[pipeline-trace] wall=20:22:48 elapsed=147.188s phase=train event=interaction_progress trial=0 partition=0 processed=12100 total=14000 metric=ce epoch=1/1
[pipeline-trace] wall=20:22:49 elapsed=148.373s phase=train event=interaction_progress trial=0 partition=0 processed=12200 total=14000 metric=ce epoch=1/1
[pipeline-trace] wall=20:22:50 elapsed=149.517s phase=train event=interaction_progress trial=0 partition=0 processed=12300 total=14000 metric=ce epoch=1/1
[pipeline-trace] wall=20:22:51 elapsed=150.730s phase=train event=interaction_progress trial=0 partition=0 processed=12400 total=14000 metric=ce epoch=1/1
[pipeline-trace] wall=20:22:52 elapsed=151.892s phase=train event=interaction_progress trial=0 partition=0 processed=12500 total=14000 metric=ce epoch=1/1
[pipeline-trace] wall=20:22:54 elapsed=153.044s phase=train event=interaction_progress trial=0 partition=0 processed=12600 total=14000 metric=ce epoch=1/1
[pipeline-trace] wall=20:22:55 elapsed=154.237s phase=train event=interaction_progress trial=0 partition=0 processed=12700 total=14000 metric=ce epoch=1/1
[pipeline-trace] wall=20:22:56 elapsed=155.399s phase=train event=interaction_progress trial=0 partition=0 processed=12800 total=14000 metric=ce epoch=1/1
[pipeline-trace] wall=20:22:57 elapsed=156.577s phase=train event=interaction_progress trial=0 partition=0 processed=12900 total=14000 metric=ce epoch=1/1
[pipeline-trace] wall=20:22:58 elapsed=157.794s phase=train event=interaction_progress trial=0 partition=0 processed=13000 total=14000 metric=ce epoch=1/1
[pipeline-trace] wall=20:23:00 elapsed=158.967s phase=train event=interaction_progress trial=0 partition=0 processed=13100 total=14000 metric=ce epoch=1/1
[pipeline-trace] wall=20:23:01 elapsed=160.186s phase=train event=interaction_progress trial=0 partition=0 processed=13200 total=14000 metric=ce epoch=1/1
[pipeline-trace] wall=20:23:02 elapsed=161.355s phase=train event=interaction_progress trial=0 partition=0 processed=13300 total=14000 metric=ce epoch=1/1
[pipeline-trace] wall=20:23:03 elapsed=162.547s phase=train event=interaction_progress trial=0 partition=0 processed=13400 total=14000 metric=ce epoch=1/1
[pipeline-trace] wall=20:23:04 elapsed=163.764s phase=train event=interaction_progress trial=0 partition=0 processed=13500 total=14000 metric=ce epoch=1/1
[pipeline-trace] wall=20:23:05 elapsed=164.921s phase=train event=interaction_progress trial=0 partition=0 processed=13600 total=14000 metric=ce epoch=1/1
[pipeline-trace] wall=20:23:07 elapsed=166.136s phase=train event=interaction_progress trial=0 partition=0 processed=13700 total=14000 metric=ce epoch=1/1
[pipeline-trace] wall=20:23:08 elapsed=167.357s phase=train event=interaction_progress trial=0 partition=0 processed=13800 total=14000 metric=ce epoch=1/1
[pipeline-trace] wall=20:23:09 elapsed=168.519s phase=train event=interaction_progress trial=0 partition=0 processed=13900 total=14000 metric=ce epoch=1/1
[pipeline-trace] wall=20:23:10 elapsed=169.722s phase=train event=interaction_progress trial=0 partition=0 processed=14000 total=14000 metric=ce epoch=1/1
[pipeline-trace] wall=20:23:10 elapsed=2506.891s phase=train event=complete trial=0 stage=1/1 stage_duration_sec=175.256
[pipeline-trace] wall=20:23:10 elapsed=2506.892s phase=train event=dispatch trial=0 stage=1/1
[pipeline-trace] wall=20:23:10 elapsed=169.927s phase=train event=interaction_progress trial=0 partition=0 processed=1 total=14000 metric=ce epoch=1/1
[pipeline-trace] wall=20:23:12 elapsed=171.052s phase=train event=interaction_progress trial=0 partition=0 processed=100 total=14000 metric=ce epoch=1/1
[pipeline-trace] wall=20:23:13 elapsed=172.273s phase=train event=interaction_progress trial=0 partition=0 processed=200 total=14000 metric=ce epoch=1/1
[pipeline-trace] wall=20:23:14 elapsed=173.432s phase=train event=interaction_progress trial=0 partition=0 processed=300 total=14000 metric=ce epoch=1/1
[pipeline-trace] wall=20:23:15 elapsed=174.634s phase=train event=interaction_progress trial=0 partition=0 processed=400 total=14000 metric=ce epoch=1/1
[pipeline-trace] wall=20:23:17 elapsed=176.050s phase=train event=interaction_progress trial=0 partition=0 processed=500 total=14000 metric=ce epoch=1/1
[pipeline-trace] wall=20:23:18 elapsed=177.484s phase=train event=interaction_progress trial=0 partition=0 processed=600 total=14000 metric=ce epoch=1/1
[pipeline-trace] wall=20:23:19 elapsed=178.730s phase=train event=interaction_progress trial=0 partition=0 processed=700 total=14000 metric=ce epoch=1/1
[pipeline-trace] wall=20:23:21 elapsed=180.082s phase=train event=interaction_progress trial=0 partition=0 processed=800 total=14000 metric=ce epoch=1/1
[pipeline-trace] wall=20:23:22 elapsed=181.297s phase=train event=interaction_progress trial=0 partition=0 processed=900 total=14000 metric=ce epoch=1/1
[pipeline-trace] wall=20:23:23 elapsed=182.491s phase=train event=interaction_progress trial=0 partition=0 processed=1000 total=14000 metric=ce epoch=1/1
[pipeline-trace] wall=20:23:24 elapsed=183.725s phase=train event=interaction_progress trial=0 partition=0 processed=1100 total=14000 metric=ce epoch=1/1
[pipeline-trace] wall=20:23:25 elapsed=184.879s phase=train event=interaction_progress trial=0 partition=0 processed=1200 total=14000 metric=ce epoch=1/1
[pipeline-trace] wall=20:23:27 elapsed=186.083s phase=train event=interaction_progress trial=0 partition=0 processed=1300 total=14000 metric=ce epoch=1/1
[pipeline-trace] wall=20:23:28 elapsed=187.285s phase=train event=interaction_progress trial=0 partition=0 processed=1400 total=14000 metric=ce epoch=1/1
[pipeline-trace] wall=20:23:29 elapsed=188.404s phase=train event=interaction_progress trial=0 partition=0 processed=1500 total=14000 metric=ce epoch=1/1
[pipeline-trace] wall=20:23:30 elapsed=189.563s phase=train event=interaction_progress trial=0 partition=0 processed=1600 total=14000 metric=ce epoch=1/1
[pipeline-trace] wall=20:23:31 elapsed=190.730s phase=train event=interaction_progress trial=0 partition=0 processed=1700 total=14000 metric=ce epoch=1/1
[pipeline-trace] wall=20:23:32 elapsed=191.894s phase=train event=interaction_progress trial=0 partition=0 processed=1800 total=14000 metric=ce epoch=1/1
[pipeline-trace] wall=20:23:34 elapsed=193.130s phase=train event=interaction_progress trial=0 partition=0 processed=1900 total=14000 metric=ce epoch=1/1
[pipeline-trace] wall=20:23:35 elapsed=194.301s phase=train event=interaction_progress trial=0 partition=0 processed=2000 total=14000 metric=ce epoch=1/1
[pipeline-trace] wall=20:23:36 elapsed=195.477s phase=train event=interaction_progress trial=0 partition=0 processed=2100 total=14000 metric=ce epoch=1/1
[pipeline-trace] wall=20:23:37 elapsed=196.685s phase=train event=interaction_progress trial=0 partition=0 processed=2200 total=14000 metric=ce epoch=1/1
[pipeline-trace] wall=20:23:38 elapsed=197.836s phase=train event=interaction_progress trial=0 partition=0 processed=2300 total=14000 metric=ce epoch=1/1
[pipeline-trace] wall=20:23:40 elapsed=199.058s phase=train event=interaction_progress trial=0 partition=0 processed=2400 total=14000 metric=ce epoch=1/1
[pipeline-trace] wall=20:23:41 elapsed=200.237s phase=train event=interaction_progress trial=0 partition=0 processed=2500 total=14000 metric=ce epoch=1/1
[pipeline-trace] wall=20:23:42 elapsed=201.419s phase=train event=interaction_progress trial=0 partition=0 processed=2600 total=14000 metric=ce epoch=1/1
[pipeline-trace] wall=20:23:43 elapsed=202.655s phase=train event=interaction_progress trial=0 partition=0 processed=2700 total=14000 metric=ce epoch=1/1
[pipeline-trace] wall=20:23:44 elapsed=203.819s phase=train event=interaction_progress trial=0 partition=0 processed=2800 total=14000 metric=ce epoch=1/1
[pipeline-trace] wall=20:23:46 elapsed=205.033s phase=train event=interaction_progress trial=0 partition=0 processed=2900 total=14000 metric=ce epoch=1/1
[pipeline-trace] wall=20:23:47 elapsed=206.226s phase=train event=interaction_progress trial=0 partition=0 processed=3000 total=14000 metric=ce epoch=1/1
[pipeline-trace] wall=20:23:48 elapsed=207.391s phase=train event=interaction_progress trial=0 partition=0 processed=3100 total=14000 metric=ce epoch=1/1
[pipeline-trace] wall=20:23:49 elapsed=208.610s phase=train event=interaction_progress trial=0 partition=0 processed=3200 total=14000 metric=ce epoch=1/1
[pipeline-trace] wall=20:23:50 elapsed=209.788s phase=train event=interaction_progress trial=0 partition=0 processed=3300 total=14000 metric=ce epoch=1/1
[pipeline-trace] wall=20:23:52 elapsed=210.968s phase=train event=interaction_progress trial=0 partition=0 processed=3400 total=14000 metric=ce epoch=1/1
[pipeline-trace] wall=20:23:53 elapsed=212.187s phase=train event=interaction_progress trial=0 partition=0 processed=3500 total=14000 metric=ce epoch=1/1
[pipeline-trace] wall=20:23:54 elapsed=213.285s phase=train event=interaction_progress trial=0 partition=0 processed=3600 total=14000 metric=ce epoch=1/1
[pipeline-trace] wall=20:23:55 elapsed=214.447s phase=train event=interaction_progress trial=0 partition=0 processed=3700 total=14000 metric=ce epoch=1/1
[pipeline-trace] wall=20:23:56 elapsed=215.580s phase=train event=interaction_progress trial=0 partition=0 processed=3800 total=14000 metric=ce epoch=1/1
[pipeline-trace] wall=20:23:57 elapsed=216.722s phase=train event=interaction_progress trial=0 partition=0 processed=3900 total=14000 metric=ce epoch=1/1
[pipeline-trace] wall=20:23:58 elapsed=217.904s phase=train event=interaction_progress trial=0 partition=0 processed=4000 total=14000 metric=ce epoch=1/1
[pipeline-trace] wall=20:24:00 elapsed=219.121s phase=train event=interaction_progress trial=0 partition=0 processed=4100 total=14000 metric=ce epoch=1/1
[pipeline-trace] wall=20:24:01 elapsed=220.275s phase=train event=interaction_progress trial=0 partition=0 processed=4200 total=14000 metric=ce epoch=1/1
[pipeline-trace] wall=20:24:02 elapsed=221.476s phase=train event=interaction_progress trial=0 partition=0 processed=4300 total=14000 metric=ce epoch=1/1
[pipeline-trace] wall=20:24:03 elapsed=222.653s phase=train event=interaction_progress trial=0 partition=0 processed=4400 total=14000 metric=ce epoch=1/1
[pipeline-trace] wall=20:24:04 elapsed=223.813s phase=train event=interaction_progress trial=0 partition=0 processed=4500 total=14000 metric=ce epoch=1/1
[pipeline-trace] wall=20:24:06 elapsed=225.047s phase=train event=interaction_progress trial=0 partition=0 processed=4600 total=14000 metric=ce epoch=1/1
[pipeline-trace] wall=20:24:07 elapsed=226.564s phase=train event=interaction_progress trial=0 partition=0 processed=4700 total=14000 metric=ce epoch=1/1
[pipeline-trace] wall=20:24:13 elapsed=232.062s phase=train event=interaction_progress trial=0 partition=0 processed=4800 total=14000 metric=ce epoch=1/1
[pipeline-trace] wall=20:24:14 elapsed=233.288s phase=train event=interaction_progress trial=0 partition=0 processed=4900 total=14000 metric=ce epoch=1/1
[pipeline-trace] wall=20:24:15 elapsed=234.451s phase=train event=interaction_progress trial=0 partition=0 processed=5000 total=14000 metric=ce epoch=1/1
[pipeline-trace] wall=20:24:16 elapsed=235.722s phase=train event=interaction_progress trial=0 partition=0 processed=5100 total=14000 metric=ce epoch=1/1
[pipeline-trace] wall=20:24:17 elapsed=236.887s phase=train event=interaction_progress trial=0 partition=0 processed=5200 total=14000 metric=ce epoch=1/1
[pipeline-trace] wall=20:24:19 elapsed=238.077s phase=train event=interaction_progress trial=0 partition=0 processed=5300 total=14000 metric=ce epoch=1/1
[pipeline-trace] wall=20:24:20 elapsed=239.277s phase=train event=interaction_progress trial=0 partition=0 processed=5400 total=14000 metric=ce epoch=1/1
[pipeline-trace] wall=20:24:21 elapsed=240.440s phase=train event=interaction_progress trial=0 partition=0 processed=5500 total=14000 metric=ce epoch=1/1
[pipeline-trace] wall=20:24:22 elapsed=241.621s phase=train event=interaction_progress trial=0 partition=0 processed=5600 total=14000 metric=ce epoch=1/1
[pipeline-trace] wall=20:24:23 elapsed=242.845s phase=train event=interaction_progress trial=0 partition=0 processed=5700 total=14000 metric=ce epoch=1/1
[pipeline-trace] wall=20:24:25 elapsed=244.015s phase=train event=interaction_progress trial=0 partition=0 processed=5800 total=14000 metric=ce epoch=1/1
[pipeline-trace] wall=20:24:26 elapsed=245.225s phase=train event=interaction_progress trial=0 partition=0 processed=5900 total=14000 metric=ce epoch=1/1
[pipeline-trace] wall=20:24:27 elapsed=246.402s phase=train event=interaction_progress trial=0 partition=0 processed=6000 total=14000 metric=ce epoch=1/1
[pipeline-trace] wall=20:24:28 elapsed=247.600s phase=train event=interaction_progress trial=0 partition=0 processed=6100 total=14000 metric=ce epoch=1/1
[pipeline-trace] wall=20:24:29 elapsed=248.835s phase=train event=interaction_progress trial=0 partition=0 processed=6200 total=14000 metric=ce epoch=1/1
[pipeline-trace] wall=20:24:31 elapsed=250.010s phase=train event=interaction_progress trial=0 partition=0 processed=6300 total=14000 metric=ce epoch=1/1
[pipeline-trace] wall=20:24:32 elapsed=251.216s phase=train event=interaction_progress trial=0 partition=0 processed=6400 total=14000 metric=ce epoch=1/1
[pipeline-trace] wall=20:24:33 elapsed=252.413s phase=train event=interaction_progress trial=0 partition=0 processed=6500 total=14000 metric=ce epoch=1/1
[pipeline-trace] wall=20:24:34 elapsed=253.612s phase=train event=interaction_progress trial=0 partition=0 processed=6600 total=14000 metric=ce epoch=1/1
[pipeline-trace] wall=20:24:35 elapsed=254.865s phase=train event=interaction_progress trial=0 partition=0 processed=6700 total=14000 metric=ce epoch=1/1
[pipeline-trace] wall=20:24:37 elapsed=256.041s phase=train event=interaction_progress trial=0 partition=0 processed=6800 total=14000 metric=ce epoch=1/1
[pipeline-trace] wall=20:24:38 elapsed=257.275s phase=train event=interaction_progress trial=0 partition=0 processed=6900 total=14000 metric=ce epoch=1/1
[pipeline-trace] wall=20:24:39 elapsed=258.463s phase=train event=interaction_progress trial=0 partition=0 processed=7000 total=14000 metric=ce epoch=1/1
[pipeline-trace] wall=20:24:40 elapsed=259.669s phase=train event=interaction_progress trial=0 partition=0 processed=7100 total=14000 metric=ce epoch=1/1
[pipeline-trace] wall=20:24:41 elapsed=260.868s phase=train event=interaction_progress trial=0 partition=0 processed=7200 total=14000 metric=ce epoch=1/1
[pipeline-trace] wall=20:24:43 elapsed=262.002s phase=train event=interaction_progress trial=0 partition=0 processed=7300 total=14000 metric=ce epoch=1/1
[pipeline-trace] wall=20:24:44 elapsed=263.177s phase=train event=interaction_progress trial=0 partition=0 processed=7400 total=14000 metric=ce epoch=1/1
[pipeline-trace] wall=20:24:45 elapsed=264.376s phase=train event=interaction_progress trial=0 partition=0 processed=7500 total=14000 metric=ce epoch=1/1
[pipeline-trace] wall=20:24:46 elapsed=265.514s phase=train event=interaction_progress trial=0 partition=0 processed=7600 total=14000 metric=ce epoch=1/1
[pipeline-trace] wall=20:24:47 elapsed=266.688s phase=train event=interaction_progress trial=0 partition=0 processed=7700 total=14000 metric=ce epoch=1/1
[pipeline-trace] wall=20:24:48 elapsed=267.852s phase=train event=interaction_progress trial=0 partition=0 processed=7800 total=14000 metric=ce epoch=1/1
[pipeline-trace] wall=20:24:50 elapsed=269.020s phase=train event=interaction_progress trial=0 partition=0 processed=7900 total=14000 metric=ce epoch=1/1
[pipeline-trace] wall=20:24:51 elapsed=270.273s phase=train event=interaction_progress trial=0 partition=0 processed=8000 total=14000 metric=ce epoch=1/1
[pipeline-trace] wall=20:24:52 elapsed=271.399s phase=train event=interaction_progress trial=0 partition=0 processed=8100 total=14000 metric=ce epoch=1/1
[pipeline-trace] wall=20:24:53 elapsed=272.516s phase=train event=interaction_progress trial=0 partition=0 processed=8200 total=14000 metric=ce epoch=1/1
[pipeline-trace] wall=20:24:54 elapsed=273.699s phase=train event=interaction_progress trial=0 partition=0 processed=8300 total=14000 metric=ce epoch=1/1
[pipeline-trace] wall=20:24:55 elapsed=274.160s phase=train event=interaction_progress trial=0 partition=0 processed=8400 total=14000 metric=ce epoch=1/1
[pipeline-trace] wall=20:24:55 elapsed=274.427s phase=train event=interaction_progress trial=0 partition=0 processed=8500 total=14000 metric=ce epoch=1/1
[pipeline-trace] wall=20:24:55 elapsed=274.722s phase=train event=interaction_progress trial=0 partition=0 processed=8600 total=14000 metric=ce epoch=1/1
[pipeline-trace] wall=20:24:56 elapsed=274.981s phase=train event=interaction_progress trial=0 partition=0 processed=8700 total=14000 metric=ce epoch=1/1
[pipeline-trace] wall=20:24:56 elapsed=275.823s phase=train event=interaction_progress trial=0 partition=0 processed=8800 total=14000 metric=ce epoch=1/1
[pipeline-trace] wall=20:24:57 elapsed=276.128s phase=train event=interaction_progress trial=0 partition=0 processed=8900 total=14000 metric=ce epoch=1/1
[pipeline-trace] wall=20:24:57 elapsed=276.382s phase=train event=interaction_progress trial=0 partition=0 processed=9000 total=14000 metric=ce epoch=1/1
[pipeline-trace] wall=20:24:57 elapsed=276.626s phase=train event=interaction_progress trial=0 partition=0 processed=9100 total=14000 metric=ce epoch=1/1
[pipeline-trace] wall=20:24:57 elapsed=276.909s phase=train event=interaction_progress trial=0 partition=0 processed=9200 total=14000 metric=ce epoch=1/1
[pipeline-trace] wall=20:24:58 elapsed=277.230s phase=train event=interaction_progress trial=0 partition=0 processed=9300 total=14000 metric=ce epoch=1/1
[pipeline-trace] wall=20:24:58 elapsed=277.595s phase=train event=interaction_progress trial=0 partition=0 processed=9400 total=14000 metric=ce epoch=1/1
[pipeline-trace] wall=20:25:01 elapsed=280.955s phase=train event=interaction_progress trial=0 partition=0 processed=9500 total=14000 metric=ce epoch=1/1
[pipeline-trace] wall=20:25:03 elapsed=282.278s phase=train event=interaction_progress trial=0 partition=0 processed=9600 total=14000 metric=ce epoch=1/1
[pipeline-trace] wall=20:25:04 elapsed=283.508s phase=train event=interaction_progress trial=0 partition=0 processed=9700 total=14000 metric=ce epoch=1/1
[pipeline-trace] wall=20:25:06 elapsed=284.993s phase=train event=interaction_progress trial=0 partition=0 processed=9800 total=14000 metric=ce epoch=1/1
[pipeline-trace] wall=20:25:07 elapsed=286.168s phase=train event=interaction_progress trial=0 partition=0 processed=9900 total=14000 metric=ce epoch=1/1
[pipeline-trace] wall=20:25:08 elapsed=287.384s phase=train event=interaction_progress trial=0 partition=0 processed=10000 total=14000 metric=ce epoch=1/1
[pipeline-trace] wall=20:25:09 elapsed=288.543s phase=train event=interaction_progress trial=0 partition=0 processed=10100 total=14000 metric=ce epoch=1/1
[pipeline-trace] wall=20:25:10 elapsed=289.789s phase=train event=interaction_progress trial=0 partition=0 processed=10200 total=14000 metric=ce epoch=1/1
[pipeline-trace] wall=20:25:11 elapsed=290.908s phase=train event=interaction_progress trial=0 partition=0 processed=10300 total=14000 metric=ce epoch=1/1
[pipeline-trace] wall=20:25:13 elapsed=292.021s phase=train event=interaction_progress trial=0 partition=0 processed=10400 total=14000 metric=ce epoch=1/1
[pipeline-trace] wall=20:25:14 elapsed=293.210s phase=train event=interaction_progress trial=0 partition=0 processed=10500 total=14000 metric=ce epoch=1/1
[pipeline-trace] wall=20:25:15 elapsed=294.394s phase=train event=interaction_progress trial=0 partition=0 processed=10600 total=14000 metric=ce epoch=1/1
[pipeline-trace] wall=20:25:16 elapsed=295.556s phase=train event=interaction_progress trial=0 partition=0 processed=10700 total=14000 metric=ce epoch=1/1
[pipeline-trace] wall=20:25:17 elapsed=296.770s phase=train event=interaction_progress trial=0 partition=0 processed=10800 total=14000 metric=ce epoch=1/1
[pipeline-trace] wall=20:25:18 elapsed=297.950s phase=train event=interaction_progress trial=0 partition=0 processed=10900 total=14000 metric=ce epoch=1/1
[pipeline-trace] wall=20:25:20 elapsed=299.123s phase=train event=interaction_progress trial=0 partition=0 processed=11000 total=14000 metric=ce epoch=1/1
[pipeline-trace] wall=20:25:21 elapsed=300.320s phase=train event=interaction_progress trial=0 partition=0 processed=11100 total=14000 metric=ce epoch=1/1
[pipeline-trace] wall=20:25:22 elapsed=301.456s phase=train event=interaction_progress trial=0 partition=0 processed=11200 total=14000 metric=ce epoch=1/1
[pipeline-trace] wall=20:25:23 elapsed=302.665s phase=train event=interaction_progress trial=0 partition=0 processed=11300 total=14000 metric=ce epoch=1/1
[pipeline-trace] wall=20:25:24 elapsed=303.862s phase=train event=interaction_progress trial=0 partition=0 processed=11400 total=14000 metric=ce epoch=1/1
[pipeline-trace] wall=20:25:26 elapsed=305.062s phase=train event=interaction_progress trial=0 partition=0 processed=11500 total=14000 metric=ce epoch=1/1
[pipeline-trace] wall=20:25:27 elapsed=306.307s phase=train event=interaction_progress trial=0 partition=0 processed=11600 total=14000 metric=ce epoch=1/1
[pipeline-trace] wall=20:25:28 elapsed=307.473s phase=train event=interaction_progress trial=0 partition=0 processed=11700 total=14000 metric=ce epoch=1/1
[pipeline-trace] wall=20:25:29 elapsed=308.682s phase=train event=interaction_progress trial=0 partition=0 processed=11800 total=14000 metric=ce epoch=1/1
[pipeline-trace] wall=20:25:30 elapsed=309.873s phase=train event=interaction_progress trial=0 partition=0 processed=11900 total=14000 metric=ce epoch=1/1
[pipeline-trace] wall=20:25:32 elapsed=311.034s phase=train event=interaction_progress trial=0 partition=0 processed=12000 total=14000 metric=ce epoch=1/1
[pipeline-trace] wall=20:25:33 elapsed=312.296s phase=train event=interaction_progress trial=0 partition=0 processed=12100 total=14000 metric=ce epoch=1/1
[pipeline-trace] wall=20:25:34 elapsed=313.465s phase=train event=interaction_progress trial=0 partition=0 processed=12200 total=14000 metric=ce epoch=1/1
[pipeline-trace] wall=20:25:35 elapsed=314.650s phase=train event=interaction_progress trial=0 partition=0 processed=12300 total=14000 metric=ce epoch=1/1
[pipeline-trace] wall=20:25:36 elapsed=315.916s phase=train event=interaction_progress trial=0 partition=0 processed=12400 total=14000 metric=ce epoch=1/1
[pipeline-trace] wall=20:25:38 elapsed=317.058s phase=train event=interaction_progress trial=0 partition=0 processed=12500 total=14000 metric=ce epoch=1/1
[pipeline-trace] wall=20:25:39 elapsed=318.298s phase=train event=interaction_progress trial=0 partition=0 processed=12600 total=14000 metric=ce epoch=1/1
[pipeline-trace] wall=20:25:40 elapsed=319.476s phase=train event=interaction_progress trial=0 partition=0 processed=12700 total=14000 metric=ce epoch=1/1
[pipeline-trace] wall=20:25:41 elapsed=320.669s phase=train event=interaction_progress trial=0 partition=0 processed=12800 total=14000 metric=ce epoch=1/1
[pipeline-trace] wall=20:25:42 elapsed=321.904s phase=train event=interaction_progress trial=0 partition=0 processed=12900 total=14000 metric=ce epoch=1/1
[pipeline-trace] wall=20:25:44 elapsed=323.044s phase=train event=interaction_progress trial=0 partition=0 processed=13000 total=14000 metric=ce epoch=1/1
[pipeline-trace] wall=20:25:45 elapsed=324.257s phase=train event=interaction_progress trial=0 partition=0 processed=13100 total=14000 metric=ce epoch=1/1
[pipeline-trace] wall=20:25:46 elapsed=325.392s phase=train event=interaction_progress trial=0 partition=0 processed=13200 total=14000 metric=ce epoch=1/1
[pipeline-trace] wall=20:25:47 elapsed=326.580s phase=train event=interaction_progress trial=0 partition=0 processed=13300 total=14000 metric=ce epoch=1/1
[pipeline-trace] wall=20:25:48 elapsed=327.792s phase=train event=interaction_progress trial=0 partition=0 processed=13400 total=14000 metric=ce epoch=1/1
[pipeline-trace] wall=20:25:53 elapsed=332.516s phase=train event=interaction_progress trial=0 partition=0 processed=13500 total=14000 metric=ce epoch=1/1
[pipeline-trace] wall=20:25:56 elapsed=335.394s phase=train event=interaction_progress trial=0 partition=0 processed=13600 total=14000 metric=ce epoch=1/1
[pipeline-trace] wall=20:25:57 elapsed=336.686s phase=train event=interaction_progress trial=0 partition=0 processed=13700 total=14000 metric=ce epoch=1/1
[pipeline-trace] wall=20:25:58 elapsed=337.895s phase=train event=interaction_progress trial=0 partition=0 processed=13800 total=14000 metric=ce epoch=1/1
[pipeline-trace] wall=20:26:00 elapsed=339.077s phase=train event=interaction_progress trial=0 partition=0 processed=13900 total=14000 metric=ce epoch=1/1
[pipeline-trace] wall=20:26:01 elapsed=340.322s phase=train event=interaction_progress trial=0 partition=0 processed=14000 total=14000 metric=ce epoch=1/1
[pipeline-trace] wall=20:26:01 elapsed=2677.492s phase=train event=complete trial=0 stage=1/1 stage_duration_sec=170.600
[pipeline-trace] wall=20:26:01 elapsed=2677.492s phase=train event=dispatch trial=0 stage=1/2
[pipeline-trace] wall=20:26:01 elapsed=340.511s phase=train event=interaction_progress trial=0 partition=0 processed=1 total=14000 metric=ce epoch=1/1
[pipeline-trace] wall=20:26:02 elapsed=341.644s phase=train event=interaction_progress trial=0 partition=0 processed=100 total=14000 metric=ce epoch=1/1
[pipeline-trace] wall=20:26:03 elapsed=342.871s phase=train event=interaction_progress trial=0 partition=0 processed=200 total=14000 metric=ce epoch=1/1
[pipeline-trace] wall=20:26:05 elapsed=344.043s phase=train event=interaction_progress trial=0 partition=0 processed=300 total=14000 metric=ce epoch=1/1
[pipeline-trace] wall=20:26:06 elapsed=345.232s phase=train event=interaction_progress trial=0 partition=0 processed=400 total=14000 metric=ce epoch=1/1
[pipeline-trace] wall=20:26:07 elapsed=346.447s phase=train event=interaction_progress trial=0 partition=0 processed=500 total=14000 metric=ce epoch=1/1
[pipeline-trace] wall=20:26:08 elapsed=347.617s phase=train event=interaction_progress trial=0 partition=0 processed=600 total=14000 metric=ce epoch=1/1
[pipeline-trace] wall=20:26:09 elapsed=348.815s phase=train event=interaction_progress trial=0 partition=0 processed=700 total=14000 metric=ce epoch=1/1
[pipeline-trace] wall=20:26:11 elapsed=349.986s phase=train event=interaction_progress trial=0 partition=0 processed=800 total=14000 metric=ce epoch=1/1
[pipeline-trace] wall=20:26:12 elapsed=351.166s phase=train event=interaction_progress trial=0 partition=0 processed=900 total=14000 metric=ce epoch=1/1
[pipeline-trace] wall=20:26:13 elapsed=352.370s phase=train event=interaction_progress trial=0 partition=0 processed=1000 total=14000 metric=ce epoch=1/1
[pipeline-trace] wall=20:26:14 elapsed=353.531s phase=train event=interaction_progress trial=0 partition=0 processed=1100 total=14000 metric=ce epoch=1/1
[pipeline-trace] wall=20:26:15 elapsed=354.720s phase=train event=interaction_progress trial=0 partition=0 processed=1200 total=14000 metric=ce epoch=1/1
[pipeline-trace] wall=20:26:16 elapsed=355.907s phase=train event=interaction_progress trial=0 partition=0 processed=1300 total=14000 metric=ce epoch=1/1
[pipeline-trace] wall=20:26:18 elapsed=357.050s phase=train event=interaction_progress trial=0 partition=0 processed=1400 total=14000 metric=ce epoch=1/1
[pipeline-trace] wall=20:26:19 elapsed=358.240s phase=train event=interaction_progress trial=0 partition=0 processed=1500 total=14000 metric=ce epoch=1/1
[pipeline-trace] wall=20:26:20 elapsed=359.407s phase=train event=interaction_progress trial=0 partition=0 processed=1600 total=14000 metric=ce epoch=1/1
[pipeline-trace] wall=20:26:21 elapsed=360.564s phase=train event=interaction_progress trial=0 partition=0 processed=1700 total=14000 metric=ce epoch=1/1
[pipeline-trace] wall=20:26:22 elapsed=361.812s phase=train event=interaction_progress trial=0 partition=0 processed=1800 total=14000 metric=ce epoch=1/1
[pipeline-trace] wall=20:26:24 elapsed=362.988s phase=train event=interaction_progress trial=0 partition=0 processed=1900 total=14000 metric=ce epoch=1/1
[pipeline-trace] wall=20:26:25 elapsed=364.182s phase=train event=interaction_progress trial=0 partition=0 processed=2000 total=14000 metric=ce epoch=1/1
[pipeline-trace] wall=20:26:26 elapsed=365.372s phase=train event=interaction_progress trial=0 partition=0 processed=2100 total=14000 metric=ce epoch=1/1
[pipeline-trace] wall=20:26:27 elapsed=366.524s phase=train event=interaction_progress trial=0 partition=0 processed=2200 total=14000 metric=ce epoch=1/1
[pipeline-trace] wall=20:26:28 elapsed=367.716s phase=train event=interaction_progress trial=0 partition=0 processed=2300 total=14000 metric=ce epoch=1/1
[pipeline-trace] wall=20:26:29 elapsed=368.890s phase=train event=interaction_progress trial=0 partition=0 processed=2400 total=14000 metric=ce epoch=1/1
[pipeline-trace] wall=20:26:31 elapsed=370.089s phase=train event=interaction_progress trial=0 partition=0 processed=2500 total=14000 metric=ce epoch=1/1
[pipeline-trace] wall=20:26:32 elapsed=371.345s phase=train event=interaction_progress trial=0 partition=0 processed=2600 total=14000 metric=ce epoch=1/1
[pipeline-trace] wall=20:26:33 elapsed=372.517s phase=train event=interaction_progress trial=0 partition=0 processed=2700 total=14000 metric=ce epoch=1/1
[pipeline-trace] wall=20:26:34 elapsed=373.708s phase=train event=interaction_progress trial=0 partition=0 processed=2800 total=14000 metric=ce epoch=1/1
[pipeline-trace] wall=20:26:35 elapsed=374.892s phase=train event=interaction_progress trial=0 partition=0 processed=2900 total=14000 metric=ce epoch=1/1
[pipeline-trace] wall=20:26:37 elapsed=376.032s phase=train event=interaction_progress trial=0 partition=0 processed=3000 total=14000 metric=ce epoch=1/1
[pipeline-trace] wall=20:26:38 elapsed=377.240s phase=train event=interaction_progress trial=0 partition=0 processed=3100 total=14000 metric=ce epoch=1/1
[pipeline-trace] wall=20:26:39 elapsed=378.396s phase=train event=interaction_progress trial=0 partition=0 processed=3200 total=14000 metric=ce epoch=1/1
[pipeline-trace] wall=20:26:40 elapsed=379.596s phase=train event=interaction_progress trial=0 partition=0 processed=3300 total=14000 metric=ce epoch=1/1
[pipeline-trace] wall=20:26:43 elapsed=382.616s phase=train event=interaction_progress trial=0 partition=0 processed=3400 total=14000 metric=ce epoch=1/1
[pipeline-trace] wall=20:26:49 elapsed=388.147s phase=train event=interaction_progress trial=0 partition=0 processed=3500 total=14000 metric=ce epoch=1/1
[pipeline-trace] wall=20:26:50 elapsed=389.306s phase=train event=interaction_progress trial=0 partition=0 processed=3600 total=14000 metric=ce epoch=1/1
[pipeline-trace] wall=20:26:51 elapsed=390.485s phase=train event=interaction_progress trial=0 partition=0 processed=3700 total=14000 metric=ce epoch=1/1
[pipeline-trace] wall=20:26:52 elapsed=391.691s phase=train event=interaction_progress trial=0 partition=0 processed=3800 total=14000 metric=ce epoch=1/1
[pipeline-trace] wall=20:26:53 elapsed=392.845s phase=train event=interaction_progress trial=0 partition=0 processed=3900 total=14000 metric=ce epoch=1/1
[pipeline-trace] wall=20:26:55 elapsed=394.063s phase=train event=interaction_progress trial=0 partition=0 processed=4000 total=14000 metric=ce epoch=1/1
[pipeline-trace] wall=20:26:56 elapsed=395.218s phase=train event=interaction_progress trial=0 partition=0 processed=4100 total=14000 metric=ce epoch=1/1
[pipeline-trace] wall=20:26:57 elapsed=396.359s phase=train event=interaction_progress trial=0 partition=0 processed=4200 total=14000 metric=ce epoch=1/1
[pipeline-trace] wall=20:26:58 elapsed=397.559s phase=train event=interaction_progress trial=0 partition=0 processed=4300 total=14000 metric=ce epoch=1/1
[pipeline-trace] wall=20:26:59 elapsed=398.692s phase=train event=interaction_progress trial=0 partition=0 processed=4400 total=14000 metric=ce epoch=1/1
[pipeline-trace] wall=20:27:00 elapsed=399.863s phase=train event=interaction_progress trial=0 partition=0 processed=4500 total=14000 metric=ce epoch=1/1
[pipeline-trace] wall=20:27:02 elapsed=401.051s phase=train event=interaction_progress trial=0 partition=0 processed=4600 total=14000 metric=ce epoch=1/1
[pipeline-trace] wall=20:27:03 elapsed=402.198s phase=train event=interaction_progress trial=0 partition=0 processed=4700 total=14000 metric=ce epoch=1/1
[pipeline-trace] wall=20:27:04 elapsed=403.360s phase=train event=interaction_progress trial=0 partition=0 processed=4800 total=14000 metric=ce epoch=1/1
[pipeline-trace] wall=20:27:05 elapsed=404.537s phase=train event=interaction_progress trial=0 partition=0 processed=4900 total=14000 metric=ce epoch=1/1
[pipeline-trace] wall=20:27:06 elapsed=405.679s phase=train event=interaction_progress trial=0 partition=0 processed=5000 total=14000 metric=ce epoch=1/1
[pipeline-trace] wall=20:27:07 elapsed=406.839s phase=train event=interaction_progress trial=0 partition=0 processed=5100 total=14000 metric=ce epoch=1/1
[pipeline-trace] wall=20:27:09 elapsed=408.033s phase=train event=interaction_progress trial=0 partition=0 processed=5200 total=14000 metric=ce epoch=1/1
[pipeline-trace] wall=20:27:10 elapsed=409.183s phase=train event=interaction_progress trial=0 partition=0 processed=5300 total=14000 metric=ce epoch=1/1
[pipeline-trace] wall=20:27:11 elapsed=410.375s phase=train event=interaction_progress trial=0 partition=0 processed=5400 total=14000 metric=ce epoch=1/1
[pipeline-trace] wall=20:27:12 elapsed=411.511s phase=train event=interaction_progress trial=0 partition=0 processed=5500 total=14000 metric=ce epoch=1/1
[pipeline-trace] wall=20:27:12 elapsed=411.902s phase=train event=interaction_progress trial=0 partition=0 processed=5600 total=14000 metric=ce epoch=1/1
[pipeline-trace] wall=20:27:13 elapsed=412.131s phase=train event=interaction_progress trial=0 partition=0 processed=5700 total=14000 metric=ce epoch=1/1
[pipeline-trace] wall=20:27:13 elapsed=412.420s phase=train event=interaction_progress trial=0 partition=0 processed=5800 total=14000 metric=ce epoch=1/1
[pipeline-trace] wall=20:27:13 elapsed=412.701s phase=train event=interaction_progress trial=0 partition=0 processed=5900 total=14000 metric=ce epoch=1/1
[pipeline-trace] wall=20:27:14 elapsed=413.590s phase=train event=interaction_progress trial=0 partition=0 processed=6000 total=14000 metric=ce epoch=1/1
[pipeline-trace] wall=20:27:14 elapsed=413.845s phase=train event=interaction_progress trial=0 partition=0 processed=6100 total=14000 metric=ce epoch=1/1
[pipeline-trace] wall=20:27:15 elapsed=414.098s phase=train event=interaction_progress trial=0 partition=0 processed=6200 total=14000 metric=ce epoch=1/1
[pipeline-trace] wall=20:27:15 elapsed=414.389s phase=train event=interaction_progress trial=0 partition=0 processed=6300 total=14000 metric=ce epoch=1/1
[pipeline-trace] wall=20:27:15 elapsed=414.670s phase=train event=interaction_progress trial=0 partition=0 processed=6400 total=14000 metric=ce epoch=1/1
[pipeline-trace] wall=20:27:15 elapsed=414.937s phase=train event=interaction_progress trial=0 partition=0 processed=6500 total=14000 metric=ce epoch=1/1
[pipeline-trace] wall=20:27:16 elapsed=415.693s phase=train event=interaction_progress trial=0 partition=0 processed=6600 total=14000 metric=ce epoch=1/1
[pipeline-trace] wall=20:27:17 elapsed=416.865s phase=train event=interaction_progress trial=0 partition=0 processed=6700 total=14000 metric=ce epoch=1/1
[pipeline-trace] wall=20:27:19 elapsed=418.005s phase=train event=interaction_progress trial=0 partition=0 processed=6800 total=14000 metric=ce epoch=1/1
[pipeline-trace] wall=20:27:20 elapsed=419.181s phase=train event=interaction_progress trial=0 partition=0 processed=6900 total=14000 metric=ce epoch=1/1
[pipeline-trace] wall=20:27:21 elapsed=420.414s phase=train event=interaction_progress trial=0 partition=0 processed=7000 total=14000 metric=ce epoch=1/1
[pipeline-trace] wall=20:27:22 elapsed=421.592s phase=train event=interaction_progress trial=0 partition=0 processed=7100 total=14000 metric=ce epoch=1/1
[pipeline-trace] wall=20:27:23 elapsed=422.827s phase=train event=interaction_progress trial=0 partition=0 processed=7200 total=14000 metric=ce epoch=1/1
[pipeline-trace] wall=20:27:25 elapsed=424.013s phase=train event=interaction_progress trial=0 partition=0 processed=7300 total=14000 metric=ce epoch=1/1
[pipeline-trace] wall=20:27:26 elapsed=425.165s phase=train event=interaction_progress trial=0 partition=0 processed=7400 total=14000 metric=ce epoch=1/1
[pipeline-trace] wall=20:27:27 elapsed=426.366s phase=train event=interaction_progress trial=0 partition=0 processed=7500 total=14000 metric=ce epoch=1/1
[pipeline-trace] wall=20:27:28 elapsed=427.487s phase=train event=interaction_progress trial=0 partition=0 processed=7600 total=14000 metric=ce epoch=1/1
[pipeline-trace] wall=20:27:29 elapsed=428.650s phase=train event=interaction_progress trial=0 partition=0 processed=7700 total=14000 metric=ce epoch=1/1
[pipeline-trace] wall=20:27:30 elapsed=429.850s phase=train event=interaction_progress trial=0 partition=0 processed=7800 total=14000 metric=ce epoch=1/1
[pipeline-trace] wall=20:27:32 elapsed=431.000s phase=train event=interaction_progress trial=0 partition=0 processed=7900 total=14000 metric=ce epoch=1/1
[pipeline-trace] wall=20:27:34 elapsed=433.636s phase=train event=interaction_progress trial=0 partition=0 processed=8000 total=14000 metric=ce epoch=1/1
[pipeline-trace] wall=20:27:38 elapsed=437.344s phase=train event=interaction_progress trial=0 partition=0 processed=8100 total=14000 metric=ce epoch=1/1
[pipeline-trace] wall=20:27:39 elapsed=438.578s phase=train event=interaction_progress trial=0 partition=0 processed=8200 total=14000 metric=ce epoch=1/1
[pipeline-trace] wall=20:27:40 elapsed=439.828s phase=train event=interaction_progress trial=0 partition=0 processed=8300 total=14000 metric=ce epoch=1/1
[pipeline-trace] wall=20:27:42 elapsed=441.034s phase=train event=interaction_progress trial=0 partition=0 processed=8400 total=14000 metric=ce epoch=1/1
[pipeline-trace] wall=20:27:43 elapsed=442.262s phase=train event=interaction_progress trial=0 partition=0 processed=8500 total=14000 metric=ce epoch=1/1
[pipeline-trace] wall=20:27:44 elapsed=443.448s phase=train event=interaction_progress trial=0 partition=0 processed=8600 total=14000 metric=ce epoch=1/1
[pipeline-trace] wall=20:27:45 elapsed=444.600s phase=train event=interaction_progress trial=0 partition=0 processed=8700 total=14000 metric=ce epoch=1/1
[pipeline-trace] wall=20:27:46 elapsed=445.812s phase=train event=interaction_progress trial=0 partition=0 processed=8800 total=14000 metric=ce epoch=1/1
[pipeline-trace] wall=20:27:47 elapsed=446.929s phase=train event=interaction_progress trial=0 partition=0 processed=8900 total=14000 metric=ce epoch=1/1
[pipeline-trace] wall=20:27:49 elapsed=448.115s phase=train event=interaction_progress trial=0 partition=0 processed=9000 total=14000 metric=ce epoch=1/1
[pipeline-trace] wall=20:27:50 elapsed=449.321s phase=train event=interaction_progress trial=0 partition=0 processed=9100 total=14000 metric=ce epoch=1/1
[pipeline-trace] wall=20:27:51 elapsed=450.442s phase=train event=interaction_progress trial=0 partition=0 processed=9200 total=14000 metric=ce epoch=1/1
[pipeline-trace] wall=20:27:52 elapsed=451.607s phase=train event=interaction_progress trial=0 partition=0 processed=9300 total=14000 metric=ce epoch=1/1
[pipeline-trace] wall=20:27:53 elapsed=452.794s phase=train event=interaction_progress trial=0 partition=0 processed=9400 total=14000 metric=ce epoch=1/1
[pipeline-trace] wall=20:27:54 elapsed=453.857s phase=train event=interaction_progress trial=0 partition=0 processed=9500 total=14000 metric=ce epoch=1/1
[pipeline-trace] wall=20:27:56 elapsed=455.036s phase=train event=interaction_progress trial=0 partition=0 processed=9600 total=14000 metric=ce epoch=1/1
[pipeline-trace] wall=20:27:57 elapsed=456.199s phase=train event=interaction_progress trial=0 partition=0 processed=9700 total=14000 metric=ce epoch=1/1
[pipeline-trace] wall=20:27:58 elapsed=457.309s phase=train event=interaction_progress trial=0 partition=0 processed=9800 total=14000 metric=ce epoch=1/1
[pipeline-trace] wall=20:27:59 elapsed=458.409s phase=train event=interaction_progress trial=0 partition=0 processed=9900 total=14000 metric=ce epoch=1/1
[pipeline-trace] wall=20:28:00 elapsed=459.604s phase=train event=interaction_progress trial=0 partition=0 processed=10000 total=14000 metric=ce epoch=1/1
[pipeline-trace] wall=20:28:01 elapsed=460.785s phase=train event=interaction_progress trial=0 partition=0 processed=10100 total=14000 metric=ce epoch=1/1
[pipeline-trace] wall=20:28:03 elapsed=462.003s phase=train event=interaction_progress trial=0 partition=0 processed=10200 total=14000 metric=ce epoch=1/1
[pipeline-trace] wall=20:28:04 elapsed=463.189s phase=train event=interaction_progress trial=0 partition=0 processed=10300 total=14000 metric=ce epoch=1/1
[pipeline-trace] wall=20:28:05 elapsed=464.379s phase=train event=interaction_progress trial=0 partition=0 processed=10400 total=14000 metric=ce epoch=1/1
[pipeline-trace] wall=20:28:06 elapsed=465.625s phase=train event=interaction_progress trial=0 partition=0 processed=10500 total=14000 metric=ce epoch=1/1
[pipeline-trace] wall=20:28:07 elapsed=466.754s phase=train event=interaction_progress trial=0 partition=0 processed=10600 total=14000 metric=ce epoch=1/1
[pipeline-trace] wall=20:28:08 elapsed=467.917s phase=train event=interaction_progress trial=0 partition=0 processed=10700 total=14000 metric=ce epoch=1/1
[pipeline-trace] wall=20:28:10 elapsed=469.151s phase=train event=interaction_progress trial=0 partition=0 processed=10800 total=14000 metric=ce epoch=1/1
[pipeline-trace] wall=20:28:11 elapsed=470.315s phase=train event=interaction_progress trial=0 partition=0 processed=10900 total=14000 metric=ce epoch=1/1
[pipeline-trace] wall=20:28:12 elapsed=471.522s phase=train event=interaction_progress trial=0 partition=0 processed=11000 total=14000 metric=ce epoch=1/1
[pipeline-trace] wall=20:28:13 elapsed=472.699s phase=train event=interaction_progress trial=0 partition=0 processed=11100 total=14000 metric=ce epoch=1/1
[pipeline-trace] wall=20:28:14 elapsed=473.881s phase=train event=interaction_progress trial=0 partition=0 processed=11200 total=14000 metric=ce epoch=1/1
[pipeline-trace] wall=20:28:16 elapsed=475.134s phase=train event=interaction_progress trial=0 partition=0 processed=11300 total=14000 metric=ce epoch=1/1
[pipeline-trace] wall=20:28:17 elapsed=476.299s phase=train event=interaction_progress trial=0 partition=0 processed=11400 total=14000 metric=ce epoch=1/1
[pipeline-trace] wall=20:28:18 elapsed=477.506s phase=train event=interaction_progress trial=0 partition=0 processed=11500 total=14000 metric=ce epoch=1/1
[pipeline-trace] wall=20:28:19 elapsed=478.686s phase=train event=interaction_progress trial=0 partition=0 processed=11600 total=14000 metric=ce epoch=1/1
[pipeline-trace] wall=20:28:20 elapsed=479.933s phase=train event=interaction_progress trial=0 partition=0 processed=11700 total=14000 metric=ce epoch=1/1
[pipeline-trace] wall=20:28:22 elapsed=481.098s phase=train event=interaction_progress trial=0 partition=0 processed=11800 total=14000 metric=ce epoch=1/1
[pipeline-trace] wall=20:28:23 elapsed=482.199s phase=train event=interaction_progress trial=0 partition=0 processed=11900 total=14000 metric=ce epoch=1/1
[pipeline-trace] wall=20:28:31 elapsed=490.185s phase=train event=interaction_progress trial=0 partition=0 processed=12000 total=14000 metric=ce epoch=1/1
[pipeline-trace] wall=20:28:32 elapsed=491.425s phase=train event=interaction_progress trial=0 partition=0 processed=12100 total=14000 metric=ce epoch=1/1
[pipeline-trace] wall=20:28:33 elapsed=492.603s phase=train event=interaction_progress trial=0 partition=0 processed=12200 total=14000 metric=ce epoch=1/1
[pipeline-trace] wall=20:28:34 elapsed=493.802s phase=train event=interaction_progress trial=0 partition=0 processed=12300 total=14000 metric=ce epoch=1/1
[pipeline-trace] wall=20:28:36 elapsed=495.011s phase=train event=interaction_progress trial=0 partition=0 processed=12400 total=14000 metric=ce epoch=1/1
[pipeline-trace] wall=20:28:37 elapsed=496.179s phase=train event=interaction_progress trial=0 partition=0 processed=12500 total=14000 metric=ce epoch=1/1
[pipeline-trace] wall=20:28:38 elapsed=497.394s phase=train event=interaction_progress trial=0 partition=0 processed=12600 total=14000 metric=ce epoch=1/1
[pipeline-trace] wall=20:28:39 elapsed=498.526s phase=train event=interaction_progress trial=0 partition=0 processed=12700 total=14000 metric=ce epoch=1/1
[pipeline-trace] wall=20:28:40 elapsed=499.593s phase=train event=interaction_progress trial=0 partition=0 processed=12800 total=14000 metric=ce epoch=1/1
[pipeline-trace] wall=20:28:41 elapsed=500.716s phase=train event=interaction_progress trial=0 partition=0 processed=12900 total=14000 metric=ce epoch=1/1
[pipeline-trace] wall=20:28:42 elapsed=501.873s phase=train event=interaction_progress trial=0 partition=0 processed=13000 total=14000 metric=ce epoch=1/1
[pipeline-trace] wall=20:28:44 elapsed=503.016s phase=train event=interaction_progress trial=0 partition=0 processed=13100 total=14000 metric=ce epoch=1/1
[pipeline-trace] wall=20:28:45 elapsed=504.211s phase=train event=interaction_progress trial=0 partition=0 processed=13200 total=14000 metric=ce epoch=1/1
[pipeline-trace] wall=20:28:46 elapsed=505.373s phase=train event=interaction_progress trial=0 partition=0 processed=13300 total=14000 metric=ce epoch=1/1
[pipeline-trace] wall=20:28:47 elapsed=506.496s phase=train event=interaction_progress trial=0 partition=0 processed=13400 total=14000 metric=ce epoch=1/1
[pipeline-trace] wall=20:28:48 elapsed=507.727s phase=train event=interaction_progress trial=0 partition=0 processed=13500 total=14000 metric=ce epoch=1/1
[pipeline-trace] wall=20:28:49 elapsed=508.910s phase=train event=interaction_progress trial=0 partition=0 processed=13600 total=14000 metric=ce epoch=1/1
[pipeline-trace] wall=20:28:51 elapsed=510.101s phase=train event=interaction_progress trial=0 partition=0 processed=13700 total=14000 metric=ce epoch=1/1
[pipeline-trace] wall=20:28:52 elapsed=511.321s phase=train event=interaction_progress trial=0 partition=0 processed=13800 total=14000 metric=ce epoch=1/1
[pipeline-trace] wall=20:28:53 elapsed=512.400s phase=train event=interaction_progress trial=0 partition=0 processed=13900 total=14000 metric=ce epoch=1/1
[pipeline-trace] wall=20:28:54 elapsed=513.587s phase=train event=interaction_progress trial=0 partition=0 processed=14000 total=14000 metric=ce epoch=1/1
[pipeline-trace] wall=20:28:54 elapsed=2850.751s phase=train event=complete trial=0 stage=1/2 stage_duration_sec=173.259
[pipeline-trace] wall=20:28:54 elapsed=2850.752s phase=eval event=dispatch trial=0 stage=1/2
[pipeline-trace] wall=20:28:55 elapsed=512.905s phase=eval event=batch_start trial=0 partitions=[2] synthetic=False
[pipeline-trace] wall=20:28:55 elapsed=512.905s phase=eval event=partition_start trial=0 partition=2 interactions=4001
[pipeline-trace] wall=20:28:55 elapsed=512.905s phase=eval event=interaction_progress trial=0 partition=2 processed=1 total=4001 metric=ranking
[pipeline-trace] wall=20:28:56 elapsed=514.375s phase=eval event=interaction_progress trial=0 partition=2 processed=100 total=4001 metric=ranking
[pipeline-trace] wall=20:28:58 elapsed=515.705s phase=eval event=interaction_progress trial=0 partition=2 processed=200 total=4001 metric=ranking
[pipeline-trace] wall=20:28:59 elapsed=516.974s phase=eval event=interaction_progress trial=0 partition=2 processed=300 total=4001 metric=ranking
[pipeline-trace] wall=20:29:00 elapsed=518.261s phase=eval event=interaction_progress trial=0 partition=2 processed=400 total=4001 metric=ranking
[pipeline-trace] wall=20:29:01 elapsed=519.347s phase=eval event=interaction_progress trial=0 partition=2 processed=500 total=4001 metric=ranking
[pipeline-trace] wall=20:29:02 elapsed=520.573s phase=eval event=interaction_progress trial=0 partition=2 processed=600 total=4001 metric=ranking
[pipeline-trace] wall=20:29:04 elapsed=521.769s phase=eval event=interaction_progress trial=0 partition=2 processed=700 total=4001 metric=ranking
[pipeline-trace] wall=20:29:05 elapsed=523.004s phase=eval event=interaction_progress trial=0 partition=2 processed=800 total=4001 metric=ranking
[pipeline-trace] wall=20:29:06 elapsed=524.185s phase=eval event=interaction_progress trial=0 partition=2 processed=900 total=4001 metric=ranking
[pipeline-trace] wall=20:29:07 elapsed=525.349s phase=eval event=interaction_progress trial=0 partition=2 processed=1000 total=4001 metric=ranking
[pipeline-trace] wall=20:29:09 elapsed=526.627s phase=eval event=interaction_progress trial=0 partition=2 processed=1100 total=4001 metric=ranking
[pipeline-trace] wall=20:29:10 elapsed=527.851s phase=eval event=interaction_progress trial=0 partition=2 processed=1200 total=4001 metric=ranking
[pipeline-trace] wall=20:29:11 elapsed=529.158s phase=eval event=interaction_progress trial=0 partition=2 processed=1300 total=4001 metric=ranking
[pipeline-trace] wall=20:29:12 elapsed=530.452s phase=eval event=interaction_progress trial=0 partition=2 processed=1400 total=4001 metric=ranking
[pipeline-trace] wall=20:29:14 elapsed=531.757s phase=eval event=interaction_progress trial=0 partition=2 processed=1500 total=4001 metric=ranking
[pipeline-trace] wall=20:29:19 elapsed=536.744s phase=eval event=interaction_progress trial=0 partition=2 processed=1600 total=4001 metric=ranking
[pipeline-trace] wall=20:29:21 elapsed=539.535s phase=eval event=interaction_progress trial=0 partition=2 processed=1700 total=4001 metric=ranking
[pipeline-trace] wall=20:29:22 elapsed=539.716s phase=eval event=interaction_progress trial=0 partition=2 processed=1800 total=4001 metric=ranking
[pipeline-trace] wall=20:29:22 elapsed=539.865s phase=eval event=interaction_progress trial=0 partition=2 processed=1900 total=4001 metric=ranking
[pipeline-trace] wall=20:29:22 elapsed=539.973s phase=eval event=interaction_progress trial=0 partition=2 processed=2000 total=4001 metric=ranking
[pipeline-trace] wall=20:29:22 elapsed=540.081s phase=eval event=interaction_progress trial=0 partition=2 processed=2100 total=4001 metric=ranking
[pipeline-trace] wall=20:29:22 elapsed=540.188s phase=eval event=interaction_progress trial=0 partition=2 processed=2200 total=4001 metric=ranking
[pipeline-trace] wall=20:29:22 elapsed=540.296s phase=eval event=interaction_progress trial=0 partition=2 processed=2300 total=4001 metric=ranking
[pipeline-trace] wall=20:29:22 elapsed=540.405s phase=eval event=interaction_progress trial=0 partition=2 processed=2400 total=4001 metric=ranking
[pipeline-trace] wall=20:29:22 elapsed=540.515s phase=eval event=interaction_progress trial=0 partition=2 processed=2500 total=4001 metric=ranking
[pipeline-trace] wall=20:29:23 elapsed=541.039s phase=eval event=interaction_progress trial=0 partition=2 processed=2600 total=4001 metric=ranking
[pipeline-trace] wall=20:29:23 elapsed=541.475s phase=eval event=interaction_progress trial=0 partition=2 processed=2700 total=4001 metric=ranking
[pipeline-trace] wall=20:29:24 elapsed=541.597s phase=eval event=interaction_progress trial=0 partition=2 processed=2800 total=4001 metric=ranking
[pipeline-trace] wall=20:29:24 elapsed=541.704s phase=eval event=interaction_progress trial=0 partition=2 processed=2900 total=4001 metric=ranking
[pipeline-trace] wall=20:29:24 elapsed=541.811s phase=eval event=interaction_progress trial=0 partition=2 processed=3000 total=4001 metric=ranking
[pipeline-trace] wall=20:29:24 elapsed=541.918s phase=eval event=interaction_progress trial=0 partition=2 processed=3100 total=4001 metric=ranking
[pipeline-trace] wall=20:29:24 elapsed=542.026s phase=eval event=interaction_progress trial=0 partition=2 processed=3200 total=4001 metric=ranking
[pipeline-trace] wall=20:29:24 elapsed=542.134s phase=eval event=interaction_progress trial=0 partition=2 processed=3300 total=4001 metric=ranking
[pipeline-trace] wall=20:29:24 elapsed=542.252s phase=eval event=interaction_progress trial=0 partition=2 processed=3400 total=4001 metric=ranking
[pipeline-trace] wall=20:29:24 elapsed=542.367s phase=eval event=interaction_progress trial=0 partition=2 processed=3500 total=4001 metric=ranking
[pipeline-trace] wall=20:29:24 elapsed=542.482s phase=eval event=interaction_progress trial=0 partition=2 processed=3600 total=4001 metric=ranking
[pipeline-trace] wall=20:29:25 elapsed=542.599s phase=eval event=interaction_progress trial=0 partition=2 processed=3700 total=4001 metric=ranking
[pipeline-trace] wall=20:29:25 elapsed=542.727s phase=eval event=interaction_progress trial=0 partition=2 processed=3800 total=4001 metric=ranking
[pipeline-trace] wall=20:29:25 elapsed=542.849s phase=eval event=interaction_progress trial=0 partition=2 processed=3900 total=4001 metric=ranking
[pipeline-trace] wall=20:29:26 elapsed=543.884s phase=eval event=interaction_progress trial=0 partition=2 processed=4000 total=4001 metric=ranking
[pipeline-trace] wall=20:29:26 elapsed=543.900s phase=eval event=interaction_progress trial=0 partition=2 processed=4001 total=4001 metric=ranking
[pipeline-trace] wall=20:29:26 elapsed=543.910s phase=eval event=partition_complete trial=0 partition=2 elapsed_sec=31.005 hits=3394 total=4001
[pipeline-trace] wall=20:29:26 elapsed=2882.452s phase=eval event=complete trial=0 stage=1/2 stage_duration_sec=31.700
