rank,phase,eval_split,score,val_score,test_score,mrr,recall_at_k,params,time_sec,model,config_json
1,coarse_pipeline,val,0.8409167768575412,0.8409167768575412,0.8356289310319193,0.8409167768575412,0.992496248124062,134912,62.207,jodie_rnn,"{""dataset"": ""public_csv"", ""dataset_dir"": ""data/public"", ""local_data_path"": ""data/public/mooc.csv"", ""train_ratio"": 0.7, ""val_ratio"": 0.1, ""max_events"": 20000, ""num_users"": 1435, ""num_items"": 21, ""num_interactions"": 3000, ""feature_dim"": 8, ""lr"": 0.001, ""neg_sample_size"": 5, ""k"": 10, ""selection_metric"": ""mrr"", ""device"": ""cuda"", ""seed"": 100, ""partition_size"": 5000, ""partition_strategy"": ""count"", ""num_pipeline_stages"": 1, ""pipeline_worker_gpus"": 1.0, ""pipeline_worker_cpus"": 1.0, ""pipeline_stage_train_workers"": ""3"", ""pipeline_stage_eval_workers"": """", ""stage_balance_strategy"": ""cost"", ""stage_balance_user_weight"": 0.25, ""stage_balance_item_weight"": 0.25, ""stage_balance_span_weight"": 0.0, ""ray_address"": """", ""pipeline_trace"": false, ""pipeline_trace_log_path"": ""outputs/comprehensive_comparison/seed_100/naive_no_overlap/pipeline_trace_20260614_210417.log"", ""output_dir"": ""outputs/comprehensive_comparison/seed_100/naive_no_overlap"", ""enable_efficiency_monitor"": false, ""efficiency_monitor_interval"": 10, ""data_parallel_workers"": 3, ""data_parallel_worker_gpus"": 1.0, ""data_parallel_visible_gpus"": ""0,1,2"", ""data_parallel_sync_level"": ""micro_batch"", ""data_parallel_micro_batch_size"": 200, ""gpu_list"": ""0,1,2"", ""enable_auto_pipeline_config"": false, ""pipeline_mode"": ""naive"", ""batch_training"": false, ""train_batch_size"": 32, ""batch_mode"": ""tbatch"", ""tgn_loss_mode"": ""all"", ""tgn_window_size"": 10.0, ""eval_frozen"": false, ""model"": ""jodie_rnn"", ""embedding_dim"": 128, ""memory_cell"": ""rnn"", ""time_proj"": ""off"", ""use_static_embeddings"": ""off"", ""normalize_state"": ""off"", ""event_agg"": ""none"", ""agg_activation"": ""none"", ""attn_type"": ""dot"", ""time_decay"": ""none"", ""max_neighbors"": 0, ""hidden_dim"": 0, ""memory_gate"": ""off"", ""enable_event_agg"": ""off"", ""enable_graph_update"": ""off"", ""message_mode"": ""peer"", ""msg_linear"": ""off""}"
2,coarse_pipeline,val,0.7015408439492375,0.7015408439492375,,0.7015408439492375,0.9254627313656828,134912,87.2693,jodie_rnn,"{""dataset"": ""public_csv"", ""dataset_dir"": ""data/public"", ""local_data_path"": ""data/public/mooc.csv"", ""train_ratio"": 0.7, ""val_ratio"": 0.1, ""max_events"": 20000, ""num_users"": 1435, ""num_items"": 21, ""num_interactions"": 3000, ""feature_dim"": 8, ""lr"": 0.001, ""neg_sample_size"": 5, ""k"": 10, ""selection_metric"": ""mrr"", ""device"": ""cuda"", ""seed"": 100, ""partition_size"": 5000, ""partition_strategy"": ""count"", ""num_pipeline_stages"": 1, ""pipeline_worker_gpus"": 1.0, ""pipeline_worker_cpus"": 1.0, ""pipeline_stage_train_workers"": ""3"", ""pipeline_stage_eval_workers"": """", ""stage_balance_strategy"": ""cost"", ""stage_balance_user_weight"": 0.25, ""stage_balance_item_weight"": 0.25, ""stage_balance_span_weight"": 0.0, ""ray_address"": """", ""pipeline_trace"": false, ""pipeline_trace_log_path"": ""outputs/comprehensive_comparison/seed_100/naive_no_overlap/pipeline_trace_20260614_210417.log"", ""output_dir"": ""outputs/comprehensive_comparison/seed_100/naive_no_overlap"", ""enable_efficiency_monitor"": false, ""efficiency_monitor_interval"": 10, ""data_parallel_workers"": 3, ""data_parallel_worker_gpus"": 1.0, ""data_parallel_visible_gpus"": ""0,1,2"", ""data_parallel_sync_level"": ""micro_batch"", ""data_parallel_micro_batch_size"": 200, ""gpu_list"": ""0,1,2"", ""enable_auto_pipeline_config"": false, ""pipeline_mode"": ""naive"", ""batch_training"": false, ""train_batch_size"": 32, ""batch_mode"": ""tbatch"", ""tgn_loss_mode"": ""all"", ""tgn_window_size"": 10.0, ""eval_frozen"": false, ""model"": ""jodie_rnn"", ""embedding_dim"": 128, ""memory_cell"": ""rnn"", ""time_proj"": ""linear"", ""use_static_embeddings"": ""off"", ""normalize_state"": ""off"", ""event_agg"": ""none"", ""agg_activation"": ""none"", ""attn_type"": ""dot"", ""time_decay"": ""none"", ""max_neighbors"": 0, ""hidden_dim"": 0, ""memory_gate"": ""off"", ""enable_event_agg"": ""off"", ""enable_graph_update"": ""off"", ""message_mode"": ""peer"", ""msg_linear"": ""off""}"
3,coarse_pipeline,val,0.6787652804545727,0.6787652804545727,,0.6787652804545727,0.9369684842421211,34688,88.8926,jodie_rnn,"{""dataset"": ""public_csv"", ""dataset_dir"": ""data/public"", ""local_data_path"": ""data/public/mooc.csv"", ""train_ratio"": 0.7, ""val_ratio"": 0.1, ""max_events"": 20000, ""num_users"": 1435, ""num_items"": 21, ""num_interactions"": 3000, ""feature_dim"": 8, ""lr"": 0.001, ""neg_sample_size"": 5, ""k"": 10, ""selection_metric"": ""mrr"", ""device"": ""cuda"", ""seed"": 100, ""partition_size"": 5000, ""partition_strategy"": ""count"", ""num_pipeline_stages"": 1, ""pipeline_worker_gpus"": 1.0, ""pipeline_worker_cpus"": 1.0, ""pipeline_stage_train_workers"": ""3"", ""pipeline_stage_eval_workers"": """", ""stage_balance_strategy"": ""cost"", ""stage_balance_user_weight"": 0.25, ""stage_balance_item_weight"": 0.25, ""stage_balance_span_weight"": 0.0, ""ray_address"": """", ""pipeline_trace"": false, ""pipeline_trace_log_path"": ""outputs/comprehensive_comparison/seed_100/naive_no_overlap/pipeline_trace_20260614_210417.log"", ""output_dir"": ""outputs/comprehensive_comparison/seed_100/naive_no_overlap"", ""enable_efficiency_monitor"": false, ""efficiency_monitor_interval"": 10, ""data_parallel_workers"": 3, ""data_parallel_worker_gpus"": 1.0, ""data_parallel_visible_gpus"": ""0,1,2"", ""data_parallel_sync_level"": ""micro_batch"", ""data_parallel_micro_batch_size"": 200, ""gpu_list"": ""0,1,2"", ""enable_auto_pipeline_config"": false, ""pipeline_mode"": ""naive"", ""batch_training"": false, ""train_batch_size"": 32, ""batch_mode"": ""tbatch"", ""tgn_loss_mode"": ""all"", ""tgn_window_size"": 10.0, ""eval_frozen"": false, ""model"": ""jodie_rnn"", ""embedding_dim"": 64, ""memory_cell"": ""rnn"", ""time_proj"": ""linear"", ""use_static_embeddings"": ""off"", ""normalize_state"": ""on"", ""event_agg"": ""none"", ""agg_activation"": ""none"", ""attn_type"": ""dot"", ""time_decay"": ""none"", ""max_neighbors"": 0, ""hidden_dim"": 0, ""memory_gate"": ""off"", ""enable_event_agg"": ""off"", ""enable_graph_update"": ""off"", ""message_mode"": ""peer"", ""msg_linear"": ""off""}"
4,coarse_pipeline,val,0.6653559479165199,0.6653559479165199,,0.6653559479165199,0.9189594797398699,9152,87.2914,jodie_rnn,"{""dataset"": ""public_csv"", ""dataset_dir"": ""data/public"", ""local_data_path"": ""data/public/mooc.csv"", ""train_ratio"": 0.7, ""val_ratio"": 0.1, ""max_events"": 20000, ""num_users"": 1435, ""num_items"": 21, ""num_interactions"": 3000, ""feature_dim"": 8, ""lr"": 0.001, ""neg_sample_size"": 5, ""k"": 10, ""selection_metric"": ""mrr"", ""device"": ""cuda"", ""seed"": 100, ""partition_size"": 5000, ""partition_strategy"": ""count"", ""num_pipeline_stages"": 1, ""pipeline_worker_gpus"": 1.0, ""pipeline_worker_cpus"": 1.0, ""pipeline_stage_train_workers"": ""3"", ""pipeline_stage_eval_workers"": """", ""stage_balance_strategy"": ""cost"", ""stage_balance_user_weight"": 0.25, ""stage_balance_item_weight"": 0.25, ""stage_balance_span_weight"": 0.0, ""ray_address"": """", ""pipeline_trace"": false, ""pipeline_trace_log_path"": ""outputs/comprehensive_comparison/seed_100/naive_no_overlap/pipeline_trace_20260614_210417.log"", ""output_dir"": ""outputs/comprehensive_comparison/seed_100/naive_no_overlap"", ""enable_efficiency_monitor"": false, ""efficiency_monitor_interval"": 10, ""data_parallel_workers"": 3, ""data_parallel_worker_gpus"": 1.0, ""data_parallel_visible_gpus"": ""0,1,2"", ""data_parallel_sync_level"": ""micro_batch"", ""data_parallel_micro_batch_size"": 200, ""gpu_list"": ""0,1,2"", ""enable_auto_pipeline_config"": false, ""pipeline_mode"": ""naive"", ""batch_training"": false, ""train_batch_size"": 32, ""batch_mode"": ""tbatch"", ""tgn_loss_mode"": ""all"", ""tgn_window_size"": 10.0, ""eval_frozen"": false, ""model"": ""jodie_rnn"", ""embedding_dim"": 32, ""memory_cell"": ""rnn"", ""time_proj"": ""linear"", ""use_static_embeddings"": ""off"", ""normalize_state"": ""on"", ""event_agg"": ""none"", ""agg_activation"": ""none"", ""attn_type"": ""dot"", ""time_decay"": ""none"", ""max_neighbors"": 0, ""hidden_dim"": 0, ""memory_gate"": ""off"", ""enable_event_agg"": ""off"", ""enable_graph_update"": ""off"", ""message_mode"": ""peer"", ""msg_linear"": ""off""}"
5,coarse_pipeline,val,0.6609660638984515,0.6609660638984515,,0.6609660638984515,0.9069534767383692,34688,76.293,jodie_rnn,"{""dataset"": ""public_csv"", ""dataset_dir"": ""data/public"", ""local_data_path"": ""data/public/mooc.csv"", ""train_ratio"": 0.7, ""val_ratio"": 0.1, ""max_events"": 20000, ""num_users"": 1435, ""num_items"": 21, ""num_interactions"": 3000, ""feature_dim"": 8, ""lr"": 0.001, ""neg_sample_size"": 5, ""k"": 10, ""selection_metric"": ""mrr"", ""device"": ""cuda"", ""seed"": 100, ""partition_size"": 5000, ""partition_strategy"": ""count"", ""num_pipeline_stages"": 1, ""pipeline_worker_gpus"": 1.0, ""pipeline_worker_cpus"": 1.0, ""pipeline_stage_train_workers"": ""3"", ""pipeline_stage_eval_workers"": """", ""stage_balance_strategy"": ""cost"", ""stage_balance_user_weight"": 0.25, ""stage_balance_item_weight"": 0.25, ""stage_balance_span_weight"": 0.0, ""ray_address"": """", ""pipeline_trace"": false, ""pipeline_trace_log_path"": ""outputs/comprehensive_comparison/seed_100/naive_no_overlap/pipeline_trace_20260614_210417.log"", ""output_dir"": ""outputs/comprehensive_comparison/seed_100/naive_no_overlap"", ""enable_efficiency_monitor"": false, ""efficiency_monitor_interval"": 10, ""data_parallel_workers"": 3, ""data_parallel_worker_gpus"": 1.0, ""data_parallel_visible_gpus"": ""0,1,2"", ""data_parallel_sync_level"": ""micro_batch"", ""data_parallel_micro_batch_size"": 200, ""gpu_list"": ""0,1,2"", ""enable_auto_pipeline_config"": false, ""pipeline_mode"": ""naive"", ""batch_training"": false, ""train_batch_size"": 32, ""batch_mode"": ""tbatch"", ""tgn_loss_mode"": ""all"", ""tgn_window_size"": 10.0, ""eval_frozen"": false, ""model"": ""jodie_rnn"", ""embedding_dim"": 64, ""memory_cell"": ""rnn"", ""time_proj"": ""linear"", ""use_static_embeddings"": ""off"", ""normalize_state"": ""off"", ""event_agg"": ""none"", ""agg_activation"": ""none"", ""attn_type"": ""dot"", ""time_decay"": ""none"", ""max_neighbors"": 0, ""hidden_dim"": 0, ""memory_gate"": ""off"", ""enable_event_agg"": ""off"", ""enable_graph_update"": ""off"", ""message_mode"": ""peer"", ""msg_linear"": ""off""}"
6,coarse_pipeline,val,0.656150473282781,0.656150473282781,,0.656150473282781,0.9554777388694348,403200,94.6646,jodie_rnn,"{""dataset"": ""public_csv"", ""dataset_dir"": ""data/public"", ""local_data_path"": ""data/public/mooc.csv"", ""train_ratio"": 0.7, ""val_ratio"": 0.1, ""max_events"": 20000, ""num_users"": 1435, ""num_items"": 21, ""num_interactions"": 3000, ""feature_dim"": 8, ""lr"": 0.001, ""neg_sample_size"": 5, ""k"": 10, ""selection_metric"": ""mrr"", ""device"": ""cuda"", ""seed"": 100, ""partition_size"": 5000, ""partition_strategy"": ""count"", ""num_pipeline_stages"": 1, ""pipeline_worker_gpus"": 1.0, ""pipeline_worker_cpus"": 1.0, ""pipeline_stage_train_workers"": ""3"", ""pipeline_stage_eval_workers"": """", ""stage_balance_strategy"": ""cost"", ""stage_balance_user_weight"": 0.25, ""stage_balance_item_weight"": 0.25, ""stage_balance_span_weight"": 0.0, ""ray_address"": """", ""pipeline_trace"": false, ""pipeline_trace_log_path"": ""outputs/comprehensive_comparison/seed_100/naive_no_overlap/pipeline_trace_20260614_210417.log"", ""output_dir"": ""outputs/comprehensive_comparison/seed_100/naive_no_overlap"", ""enable_efficiency_monitor"": false, ""efficiency_monitor_interval"": 10, ""data_parallel_workers"": 3, ""data_parallel_worker_gpus"": 1.0, ""data_parallel_visible_gpus"": ""0,1,2"", ""data_parallel_sync_level"": ""micro_batch"", ""data_parallel_micro_batch_size"": 200, ""gpu_list"": ""0,1,2"", ""enable_auto_pipeline_config"": false, ""pipeline_mode"": ""naive"", ""batch_training"": false, ""train_batch_size"": 32, ""batch_mode"": ""tbatch"", ""tgn_loss_mode"": ""all"", ""tgn_window_size"": 10.0, ""eval_frozen"": false, ""model"": ""jodie_rnn"", ""embedding_dim"": 128, ""memory_cell"": ""rnn"", ""time_proj"": ""linear"", ""use_static_embeddings"": ""on"", ""normalize_state"": ""on"", ""event_agg"": ""none"", ""agg_activation"": ""none"", ""attn_type"": ""dot"", ""time_decay"": ""none"", ""max_neighbors"": 0, ""hidden_dim"": 0, ""memory_gate"": ""off"", ""enable_event_agg"": ""off"", ""enable_graph_update"": ""off"", ""message_mode"": ""peer"", ""msg_linear"": ""off""}"
7,coarse_pipeline,val,0.6543642308402577,0.6543642308402577,,0.6543642308402577,0.9544772386193097,134912,94.7558,jodie_rnn,"{""dataset"": ""public_csv"", ""dataset_dir"": ""data/public"", ""local_data_path"": ""data/public/mooc.csv"", ""train_ratio"": 0.7, ""val_ratio"": 0.1, ""max_events"": 20000, ""num_users"": 1435, ""num_items"": 21, ""num_interactions"": 3000, ""feature_dim"": 8, ""lr"": 0.001, ""neg_sample_size"": 5, ""k"": 10, ""selection_metric"": ""mrr"", ""device"": ""cuda"", ""seed"": 100, ""partition_size"": 5000, ""partition_strategy"": ""count"", ""num_pipeline_stages"": 1, ""pipeline_worker_gpus"": 1.0, ""pipeline_worker_cpus"": 1.0, ""pipeline_stage_train_workers"": ""3"", ""pipeline_stage_eval_workers"": """", ""stage_balance_strategy"": ""cost"", ""stage_balance_user_weight"": 0.25, ""stage_balance_item_weight"": 0.25, ""stage_balance_span_weight"": 0.0, ""ray_address"": """", ""pipeline_trace"": false, ""pipeline_trace_log_path"": ""outputs/comprehensive_comparison/seed_100/naive_no_overlap/pipeline_trace_20260614_210417.log"", ""output_dir"": ""outputs/comprehensive_comparison/seed_100/naive_no_overlap"", ""enable_efficiency_monitor"": false, ""efficiency_monitor_interval"": 10, ""data_parallel_workers"": 3, ""data_parallel_worker_gpus"": 1.0, ""data_parallel_visible_gpus"": ""0,1,2"", ""data_parallel_sync_level"": ""micro_batch"", ""data_parallel_micro_batch_size"": 200, ""gpu_list"": ""0,1,2"", ""enable_auto_pipeline_config"": false, ""pipeline_mode"": ""naive"", ""batch_training"": false, ""train_batch_size"": 32, ""batch_mode"": ""tbatch"", ""tgn_loss_mode"": ""all"", ""tgn_window_size"": 10.0, ""eval_frozen"": false, ""model"": ""jodie_rnn"", ""embedding_dim"": 128, ""memory_cell"": ""rnn"", ""time_proj"": ""linear"", ""use_static_embeddings"": ""off"", ""normalize_state"": ""on"", ""event_agg"": ""none"", ""agg_activation"": ""none"", ""attn_type"": ""dot"", ""time_decay"": ""none"", ""max_neighbors"": 0, ""hidden_dim"": 0, ""memory_gate"": ""off"", ""enable_event_agg"": ""off"", ""enable_graph_update"": ""off"", ""message_mode"": ""peer"", ""msg_linear"": ""off""}"
8,coarse_pipeline,val,0.636745576565757,0.636745576565757,,0.636745576565757,0.8934467233616809,9152,64.2223,jodie_rnn,"{""dataset"": ""public_csv"", ""dataset_dir"": ""data/public"", ""local_data_path"": ""data/public/mooc.csv"", ""train_ratio"": 0.7, ""val_ratio"": 0.1, ""max_events"": 20000, ""num_users"": 1435, ""num_items"": 21, ""num_interactions"": 3000, ""feature_dim"": 8, ""lr"": 0.001, ""neg_sample_size"": 5, ""k"": 10, ""selection_metric"": ""mrr"", ""device"": ""cuda"", ""seed"": 100, ""partition_size"": 5000, ""partition_strategy"": ""count"", ""num_pipeline_stages"": 1, ""pipeline_worker_gpus"": 1.0, ""pipeline_worker_cpus"": 1.0, ""pipeline_stage_train_workers"": ""3"", ""pipeline_stage_eval_workers"": """", ""stage_balance_strategy"": ""cost"", ""stage_balance_user_weight"": 0.25, ""stage_balance_item_weight"": 0.25, ""stage_balance_span_weight"": 0.0, ""ray_address"": """", ""pipeline_trace"": false, ""pipeline_trace_log_path"": ""outputs/comprehensive_comparison/seed_100/naive_no_overlap/pipeline_trace_20260614_210417.log"", ""output_dir"": ""outputs/comprehensive_comparison/seed_100/naive_no_overlap"", ""enable_efficiency_monitor"": false, ""efficiency_monitor_interval"": 10, ""data_parallel_workers"": 3, ""data_parallel_worker_gpus"": 1.0, ""data_parallel_visible_gpus"": ""0,1,2"", ""data_parallel_sync_level"": ""micro_batch"", ""data_parallel_micro_batch_size"": 200, ""gpu_list"": ""0,1,2"", ""enable_auto_pipeline_config"": false, ""pipeline_mode"": ""naive"", ""batch_training"": false, ""train_batch_size"": 32, ""batch_mode"": ""tbatch"", ""tgn_loss_mode"": ""all"", ""tgn_window_size"": 10.0, ""eval_frozen"": false, ""model"": ""jodie_rnn"", ""embedding_dim"": 32, ""memory_cell"": ""rnn"", ""time_proj"": ""linear"", ""use_static_embeddings"": ""off"", ""normalize_state"": ""off"", ""event_agg"": ""none"", ""agg_activation"": ""none"", ""attn_type"": ""dot"", ""time_decay"": ""none"", ""max_neighbors"": 0, ""hidden_dim"": 0, ""memory_gate"": ""off"", ""enable_event_agg"": ""off"", ""enable_graph_update"": ""off"", ""message_mode"": ""peer"", ""msg_linear"": ""off""}"
9,coarse_pipeline,val,0.6349521718016916,0.6349521718016916,,0.6349521718016916,0.9294647323661831,403200,74.2628,jodie_rnn,"{""dataset"": ""public_csv"", ""dataset_dir"": ""data/public"", ""local_data_path"": ""data/public/mooc.csv"", ""train_ratio"": 0.7, ""val_ratio"": 0.1, ""max_events"": 20000, ""num_users"": 1435, ""num_items"": 21, ""num_interactions"": 3000, ""feature_dim"": 8, ""lr"": 0.001, ""neg_sample_size"": 5, ""k"": 10, ""selection_metric"": ""mrr"", ""device"": ""cuda"", ""seed"": 100, ""partition_size"": 5000, ""partition_strategy"": ""count"", ""num_pipeline_stages"": 1, ""pipeline_worker_gpus"": 1.0, ""pipeline_worker_cpus"": 1.0, ""pipeline_stage_train_workers"": ""3"", ""pipeline_stage_eval_workers"": """", ""stage_balance_strategy"": ""cost"", ""stage_balance_user_weight"": 0.25, ""stage_balance_item_weight"": 0.25, ""stage_balance_span_weight"": 0.0, ""ray_address"": """", ""pipeline_trace"": false, ""pipeline_trace_log_path"": ""outputs/comprehensive_comparison/seed_100/naive_no_overlap/pipeline_trace_20260614_210417.log"", ""output_dir"": ""outputs/comprehensive_comparison/seed_100/naive_no_overlap"", ""enable_efficiency_monitor"": false, ""efficiency_monitor_interval"": 10, ""data_parallel_workers"": 3, ""data_parallel_worker_gpus"": 1.0, ""data_parallel_visible_gpus"": ""0,1,2"", ""data_parallel_sync_level"": ""micro_batch"", ""data_parallel_micro_batch_size"": 200, ""gpu_list"": ""0,1,2"", ""enable_auto_pipeline_config"": false, ""pipeline_mode"": ""naive"", ""batch_training"": false, ""train_batch_size"": 32, ""batch_mode"": ""tbatch"", ""tgn_loss_mode"": ""all"", ""tgn_window_size"": 10.0, ""eval_frozen"": false, ""model"": ""jodie_rnn"", ""embedding_dim"": 128, ""memory_cell"": ""rnn"", ""time_proj"": ""linear"", ""use_static_embeddings"": ""on"", ""normalize_state"": ""off"", ""event_agg"": ""none"", ""agg_activation"": ""none"", ""attn_type"": ""dot"", ""time_decay"": ""none"", ""max_neighbors"": 0, ""hidden_dim"": 0, ""memory_gate"": ""off"", ""enable_event_agg"": ""off"", ""enable_graph_update"": ""off"", ""message_mode"": ""peer"", ""msg_linear"": ""off""}"
10,coarse_pipeline,val,0.6275883507097214,0.6275883507097214,,0.6275883507097214,0.8954477238619309,148352,74.8892,jodie_rnn,"{""dataset"": ""public_csv"", ""dataset_dir"": ""data/public"", ""local_data_path"": ""data/public/mooc.csv"", ""train_ratio"": 0.7, ""val_ratio"": 0.1, ""max_events"": 20000, ""num_users"": 1435, ""num_items"": 21, ""num_interactions"": 3000, ""feature_dim"": 8, ""lr"": 0.001, ""neg_sample_size"": 5, ""k"": 10, ""selection_metric"": ""mrr"", ""device"": ""cuda"", ""seed"": 100, ""partition_size"": 5000, ""partition_strategy"": ""count"", ""num_pipeline_stages"": 1, ""pipeline_worker_gpus"": 1.0, ""pipeline_worker_cpus"": 1.0, ""pipeline_stage_train_workers"": ""3"", ""pipeline_stage_eval_workers"": """", ""stage_balance_strategy"": ""cost"", ""stage_balance_user_weight"": 0.25, ""stage_balance_item_weight"": 0.25, ""stage_balance_span_weight"": 0.0, ""ray_address"": """", ""pipeline_trace"": false, ""pipeline_trace_log_path"": ""outputs/comprehensive_comparison/seed_100/naive_no_overlap/pipeline_trace_20260614_210417.log"", ""output_dir"": ""outputs/comprehensive_comparison/seed_100/naive_no_overlap"", ""enable_efficiency_monitor"": false, ""efficiency_monitor_interval"": 10, ""data_parallel_workers"": 3, ""data_parallel_worker_gpus"": 1.0, ""data_parallel_visible_gpus"": ""0,1,2"", ""data_parallel_sync_level"": ""micro_batch"", ""data_parallel_micro_batch_size"": 200, ""gpu_list"": ""0,1,2"", ""enable_auto_pipeline_config"": false, ""pipeline_mode"": ""naive"", ""batch_training"": false, ""train_batch_size"": 32, ""batch_mode"": ""tbatch"", ""tgn_loss_mode"": ""all"", ""tgn_window_size"": 10.0, ""eval_frozen"": false, ""model"": ""jodie_rnn"", ""embedding_dim"": 64, ""memory_cell"": ""rnn"", ""time_proj"": ""linear"", ""use_static_embeddings"": ""on"", ""normalize_state"": ""off"", ""event_agg"": ""none"", ""agg_activation"": ""none"", ""attn_type"": ""dot"", ""time_decay"": ""none"", ""max_neighbors"": 0, ""hidden_dim"": 0, ""memory_gate"": ""off"", ""enable_event_agg"": ""off"", ""enable_graph_update"": ""off"", ""message_mode"": ""peer"", ""msg_linear"": ""off""}"
11,coarse_pipeline,val,0.6066936970512994,0.6066936970512994,,0.6066936970512994,0.9529764882441221,337664,86.2616,jodie_rnn,"{""dataset"": ""public_csv"", ""dataset_dir"": ""data/public"", ""local_data_path"": ""data/public/mooc.csv"", ""train_ratio"": 0.7, ""val_ratio"": 0.1, ""max_events"": 20000, ""num_users"": 1435, ""num_items"": 21, ""num_interactions"": 3000, ""feature_dim"": 8, ""lr"": 0.001, ""neg_sample_size"": 5, ""k"": 10, ""selection_metric"": ""mrr"", ""device"": ""cuda"", ""seed"": 100, ""partition_size"": 5000, ""partition_strategy"": ""count"", ""num_pipeline_stages"": 1, ""pipeline_worker_gpus"": 1.0, ""pipeline_worker_cpus"": 1.0, ""pipeline_stage_train_workers"": ""3"", ""pipeline_stage_eval_workers"": """", ""stage_balance_strategy"": ""cost"", ""stage_balance_user_weight"": 0.25, ""stage_balance_item_weight"": 0.25, ""stage_balance_span_weight"": 0.0, ""ray_address"": """", ""pipeline_trace"": false, ""pipeline_trace_log_path"": ""outputs/comprehensive_comparison/seed_100/naive_no_overlap/pipeline_trace_20260614_210417.log"", ""output_dir"": ""outputs/comprehensive_comparison/seed_100/naive_no_overlap"", ""enable_efficiency_monitor"": false, ""efficiency_monitor_interval"": 10, ""data_parallel_workers"": 3, ""data_parallel_worker_gpus"": 1.0, ""data_parallel_visible_gpus"": ""0,1,2"", ""data_parallel_sync_level"": ""micro_batch"", ""data_parallel_micro_batch_size"": 200, ""gpu_list"": ""0,1,2"", ""enable_auto_pipeline_config"": false, ""pipeline_mode"": ""naive"", ""batch_training"": false, ""train_batch_size"": 32, ""batch_mode"": ""tbatch"", ""tgn_loss_mode"": ""all"", ""tgn_window_size"": 10.0, ""eval_frozen"": false, ""model"": ""jodie_rnn"", ""embedding_dim"": 128, ""memory_cell"": ""gru"", ""time_proj"": ""linear"", ""use_static_embeddings"": ""off"", ""normalize_state"": ""on"", ""event_agg"": ""none"", ""agg_activation"": ""none"", ""attn_type"": ""dot"", ""time_decay"": ""none"", ""max_neighbors"": 0, ""hidden_dim"": 0, ""memory_gate"": ""off"", ""enable_event_agg"": ""off"", ""enable_graph_update"": ""off"", ""message_mode"": ""peer"", ""msg_linear"": ""off""}"
12,coarse_pipeline,val,0.5952436716988699,0.5952436716988699,,0.5952436716988699,0.9314657328664332,148352,98.5594,jodie_rnn,"{""dataset"": ""public_csv"", ""dataset_dir"": ""data/public"", ""local_data_path"": ""data/public/mooc.csv"", ""train_ratio"": 0.7, ""val_ratio"": 0.1, ""max_events"": 20000, ""num_users"": 1435, ""num_items"": 21, ""num_interactions"": 3000, ""feature_dim"": 8, ""lr"": 0.001, ""neg_sample_size"": 5, ""k"": 10, ""selection_metric"": ""mrr"", ""device"": ""cuda"", ""seed"": 100, ""partition_size"": 5000, ""partition_strategy"": ""count"", ""num_pipeline_stages"": 1, ""pipeline_worker_gpus"": 1.0, ""pipeline_worker_cpus"": 1.0, ""pipeline_stage_train_workers"": ""3"", ""pipeline_stage_eval_workers"": """", ""stage_balance_strategy"": ""cost"", ""stage_balance_user_weight"": 0.25, ""stage_balance_item_weight"": 0.25, ""stage_balance_span_weight"": 0.0, ""ray_address"": """", ""pipeline_trace"": false, ""pipeline_trace_log_path"": ""outputs/comprehensive_comparison/seed_100/naive_no_overlap/pipeline_trace_20260614_210417.log"", ""output_dir"": ""outputs/comprehensive_comparison/seed_100/naive_no_overlap"", ""enable_efficiency_monitor"": false, ""efficiency_monitor_interval"": 10, ""data_parallel_workers"": 3, ""data_parallel_worker_gpus"": 1.0, ""data_parallel_visible_gpus"": ""0,1,2"", ""data_parallel_sync_level"": ""micro_batch"", ""data_parallel_micro_batch_size"": 200, ""gpu_list"": ""0,1,2"", ""enable_auto_pipeline_config"": false, ""pipeline_mode"": ""naive"", ""batch_training"": false, ""train_batch_size"": 32, ""batch_mode"": ""tbatch"", ""tgn_loss_mode"": ""all"", ""tgn_window_size"": 10.0, ""eval_frozen"": false, ""model"": ""jodie_rnn"", ""embedding_dim"": 64, ""memory_cell"": ""rnn"", ""time_proj"": ""linear"", ""use_static_embeddings"": ""on"", ""normalize_state"": ""on"", ""event_agg"": ""none"", ""agg_activation"": ""none"", ""attn_type"": ""dot"", ""time_decay"": ""none"", ""max_neighbors"": 0, ""hidden_dim"": 0, ""memory_gate"": ""off"", ""enable_event_agg"": ""off"", ""enable_graph_update"": ""off"", ""message_mode"": ""peer"", ""msg_linear"": ""off""}"
13,coarse_pipeline,val,0.591508230177469,0.591508230177469,,0.591508230177469,0.8954477238619309,60864,95.6101,jodie_rnn,"{""dataset"": ""public_csv"", ""dataset_dir"": ""data/public"", ""local_data_path"": ""data/public/mooc.csv"", ""train_ratio"": 0.7, ""val_ratio"": 0.1, ""max_events"": 20000, ""num_users"": 1435, ""num_items"": 21, ""num_interactions"": 3000, ""feature_dim"": 8, ""lr"": 0.001, ""neg_sample_size"": 5, ""k"": 10, ""selection_metric"": ""mrr"", ""device"": ""cuda"", ""seed"": 100, ""partition_size"": 5000, ""partition_strategy"": ""count"", ""num_pipeline_stages"": 1, ""pipeline_worker_gpus"": 1.0, ""pipeline_worker_cpus"": 1.0, ""pipeline_stage_train_workers"": ""3"", ""pipeline_stage_eval_workers"": """", ""stage_balance_strategy"": ""cost"", ""stage_balance_user_weight"": 0.25, ""stage_balance_item_weight"": 0.25, ""stage_balance_span_weight"": 0.0, ""ray_address"": """", ""pipeline_trace"": false, ""pipeline_trace_log_path"": ""outputs/comprehensive_comparison/seed_100/naive_no_overlap/pipeline_trace_20260614_210417.log"", ""output_dir"": ""outputs/comprehensive_comparison/seed_100/naive_no_overlap"", ""enable_efficiency_monitor"": false, ""efficiency_monitor_interval"": 10, ""data_parallel_workers"": 3, ""data_parallel_worker_gpus"": 1.0, ""data_parallel_visible_gpus"": ""0,1,2"", ""data_parallel_sync_level"": ""micro_batch"", ""data_parallel_micro_batch_size"": 200, ""gpu_list"": ""0,1,2"", ""enable_auto_pipeline_config"": false, ""pipeline_mode"": ""naive"", ""batch_training"": false, ""train_batch_size"": 32, ""batch_mode"": ""tbatch"", ""tgn_loss_mode"": ""all"", ""tgn_window_size"": 10.0, ""eval_frozen"": false, ""model"": ""jodie_rnn"", ""embedding_dim"": 32, ""memory_cell"": ""rnn"", ""time_proj"": ""linear"", ""use_static_embeddings"": ""on"", ""normalize_state"": ""on"", ""event_agg"": ""none"", ""agg_activation"": ""none"", ""attn_type"": ""dot"", ""time_decay"": ""none"", ""max_neighbors"": 0, ""hidden_dim"": 0, ""memory_gate"": ""off"", ""enable_event_agg"": ""off"", ""enable_graph_update"": ""off"", ""message_mode"": ""peer"", ""msg_linear"": ""off""}"
14,coarse_pipeline,val,0.5771022894317132,0.5771022894317132,,0.5771022894317132,0.8874437218609305,233344,94.7558,jodie_rnn,"{""dataset"": ""public_csv"", ""dataset_dir"": ""data/public"", ""local_data_path"": ""data/public/mooc.csv"", ""train_ratio"": 0.7, ""val_ratio"": 0.1, ""max_events"": 20000, ""num_users"": 1435, ""num_items"": 21, ""num_interactions"": 3000, ""feature_dim"": 8, ""lr"": 0.001, ""neg_sample_size"": 5, ""k"": 10, ""selection_metric"": ""mrr"", ""device"": ""cuda"", ""seed"": 100, ""partition_size"": 5000, ""partition_strategy"": ""count"", ""num_pipeline_stages"": 1, ""pipeline_worker_gpus"": 1.0, ""pipeline_worker_cpus"": 1.0, ""pipeline_stage_train_workers"": ""3"", ""pipeline_stage_eval_workers"": """", ""stage_balance_strategy"": ""cost"", ""stage_balance_user_weight"": 0.25, ""stage_balance_item_weight"": 0.25, ""stage_balance_span_weight"": 0.0, ""ray_address"": """", ""pipeline_trace"": false, ""pipeline_trace_log_path"": ""outputs/comprehensive_comparison/seed_100/naive_no_overlap/pipeline_trace_20260614_210417.log"", ""output_dir"": ""outputs/comprehensive_comparison/seed_100/naive_no_overlap"", ""enable_efficiency_monitor"": false, ""efficiency_monitor_interval"": 10, ""data_parallel_workers"": 3, ""data_parallel_worker_gpus"": 1.0, ""data_parallel_visible_gpus"": ""0,1,2"", ""data_parallel_sync_level"": ""micro_batch"", ""data_parallel_micro_batch_size"": 200, ""gpu_list"": ""0,1,2"", ""enable_auto_pipeline_config"": false, ""pipeline_mode"": ""naive"", ""batch_training"": false, ""train_batch_size"": 32, ""batch_mode"": ""tbatch"", ""tgn_loss_mode"": ""all"", ""tgn_window_size"": 10.0, ""eval_frozen"": false, ""model"": ""jodie_rnn"", ""embedding_dim"": 64, ""memory_cell"": ""gru"", ""time_proj"": ""linear"", ""use_static_embeddings"": ""on"", ""normalize_state"": ""on"", ""event_agg"": ""none"", ""agg_activation"": ""none"", ""attn_type"": ""dot"", ""time_decay"": ""none"", ""max_neighbors"": 0, ""hidden_dim"": 0, ""memory_gate"": ""off"", ""enable_event_agg"": ""off"", ""enable_graph_update"": ""off"", ""message_mode"": ""peer"", ""msg_linear"": ""off""}"
15,coarse_pipeline,val,0.5665589975715644,0.5665589975715644,,0.5665589975715644,0.9219609804902451,737024,85.0492,jodie_rnn,"{""dataset"": ""public_csv"", ""dataset_dir"": ""data/public"", ""local_data_path"": ""data/public/mooc.csv"", ""train_ratio"": 0.7, ""val_ratio"": 0.1, ""max_events"": 20000, ""num_users"": 1435, ""num_items"": 21, ""num_interactions"": 3000, ""feature_dim"": 8, ""lr"": 0.001, ""neg_sample_size"": 5, ""k"": 10, ""selection_metric"": ""mrr"", ""device"": ""cuda"", ""seed"": 100, ""partition_size"": 5000, ""partition_strategy"": ""count"", ""num_pipeline_stages"": 1, ""pipeline_worker_gpus"": 1.0, ""pipeline_worker_cpus"": 1.0, ""pipeline_stage_train_workers"": ""3"", ""pipeline_stage_eval_workers"": """", ""stage_balance_strategy"": ""cost"", ""stage_balance_user_weight"": 0.25, ""stage_balance_item_weight"": 0.25, ""stage_balance_span_weight"": 0.0, ""ray_address"": """", ""pipeline_trace"": false, ""pipeline_trace_log_path"": ""outputs/comprehensive_comparison/seed_100/naive_no_overlap/pipeline_trace_20260614_210417.log"", ""output_dir"": ""outputs/comprehensive_comparison/seed_100/naive_no_overlap"", ""enable_efficiency_monitor"": false, ""efficiency_monitor_interval"": 10, ""data_parallel_workers"": 3, ""data_parallel_worker_gpus"": 1.0, ""data_parallel_visible_gpus"": ""0,1,2"", ""data_parallel_sync_level"": ""micro_batch"", ""data_parallel_micro_batch_size"": 200, ""gpu_list"": ""0,1,2"", ""enable_auto_pipeline_config"": false, ""pipeline_mode"": ""naive"", ""batch_training"": false, ""train_batch_size"": 32, ""batch_mode"": ""tbatch"", ""tgn_loss_mode"": ""all"", ""tgn_window_size"": 10.0, ""eval_frozen"": false, ""model"": ""jodie_rnn"", ""embedding_dim"": 128, ""memory_cell"": ""gru"", ""time_proj"": ""linear"", ""use_static_embeddings"": ""on"", ""normalize_state"": ""on"", ""event_agg"": ""none"", ""agg_activation"": ""none"", ""attn_type"": ""dot"", ""time_decay"": ""none"", ""max_neighbors"": 0, ""hidden_dim"": 0, ""memory_gate"": ""off"", ""enable_event_agg"": ""off"", ""enable_graph_update"": ""off"", ""message_mode"": ""peer"", ""msg_linear"": ""off""}"
16,coarse_pipeline,val,0.5644608592891759,0.5644608592891759,,0.5644608592891759,0.8579289644822411,60864,74.2628,jodie_rnn,"{""dataset"": ""public_csv"", ""dataset_dir"": ""data/public"", ""local_data_path"": ""data/public/mooc.csv"", ""train_ratio"": 0.7, ""val_ratio"": 0.1, ""max_events"": 20000, ""num_users"": 1435, ""num_items"": 21, ""num_interactions"": 3000, ""feature_dim"": 8, ""lr"": 0.001, ""neg_sample_size"": 5, ""k"": 10, ""selection_metric"": ""mrr"", ""device"": ""cuda"", ""seed"": 100, ""partition_size"": 5000, ""partition_strategy"": ""count"", ""num_pipeline_stages"": 1, ""pipeline_worker_gpus"": 1.0, ""pipeline_worker_cpus"": 1.0, ""pipeline_stage_train_workers"": ""3"", ""pipeline_stage_eval_workers"": """", ""stage_balance_strategy"": ""cost"", ""stage_balance_user_weight"": 0.25, ""stage_balance_item_weight"": 0.25, ""stage_balance_span_weight"": 0.0, ""ray_address"": """", ""pipeline_trace"": false, ""pipeline_trace_log_path"": ""outputs/comprehensive_comparison/seed_100/naive_no_overlap/pipeline_trace_20260614_210417.log"", ""output_dir"": ""outputs/comprehensive_comparison/seed_100/naive_no_overlap"", ""enable_efficiency_monitor"": false, ""efficiency_monitor_interval"": 10, ""data_parallel_workers"": 3, ""data_parallel_worker_gpus"": 1.0, ""data_parallel_visible_gpus"": ""0,1,2"", ""data_parallel_sync_level"": ""micro_batch"", ""data_parallel_micro_batch_size"": 200, ""gpu_list"": ""0,1,2"", ""enable_auto_pipeline_config"": false, ""pipeline_mode"": ""naive"", ""batch_training"": false, ""train_batch_size"": 32, ""batch_mode"": ""tbatch"", ""tgn_loss_mode"": ""all"", ""tgn_window_size"": 10.0, ""eval_frozen"": false, ""model"": ""jodie_rnn"", ""embedding_dim"": 32, ""memory_cell"": ""rnn"", ""time_proj"": ""linear"", ""use_static_embeddings"": ""on"", ""normalize_state"": ""off"", ""event_agg"": ""none"", ""agg_activation"": ""none"", ""attn_type"": ""dot"", ""time_decay"": ""none"", ""max_neighbors"": 0, ""hidden_dim"": 0, ""memory_gate"": ""off"", ""enable_event_agg"": ""off"", ""enable_graph_update"": ""off"", ""message_mode"": ""peer"", ""msg_linear"": ""off""}"
17,coarse_pipeline,val,0.5642594452175717,0.5642594452175717,,0.5642594452175717,0.9214607303651826,903936,98.5594,jodie_rnn,"{""dataset"": ""public_csv"", ""dataset_dir"": ""data/public"", ""local_data_path"": ""data/public/mooc.csv"", ""train_ratio"": 0.7, ""val_ratio"": 0.1, ""max_events"": 20000, ""num_users"": 1435, ""num_items"": 21, ""num_interactions"": 3000, ""feature_dim"": 8, ""lr"": 0.001, ""neg_sample_size"": 5, ""k"": 10, ""selection_metric"": ""mrr"", ""device"": ""cuda"", ""seed"": 100, ""partition_size"": 5000, ""partition_strategy"": ""count"", ""num_pipeline_stages"": 1, ""pipeline_worker_gpus"": 1.0, ""pipeline_worker_cpus"": 1.0, ""pipeline_stage_train_workers"": ""3"", ""pipeline_stage_eval_workers"": """", ""stage_balance_strategy"": ""cost"", ""stage_balance_user_weight"": 0.25, ""stage_balance_item_weight"": 0.25, ""stage_balance_span_weight"": 0.0, ""ray_address"": """", ""pipeline_trace"": false, ""pipeline_trace_log_path"": ""outputs/comprehensive_comparison/seed_100/naive_no_overlap/pipeline_trace_20260614_210417.log"", ""output_dir"": ""outputs/comprehensive_comparison/seed_100/naive_no_overlap"", ""enable_efficiency_monitor"": false, ""efficiency_monitor_interval"": 10, ""data_parallel_workers"": 3, ""data_parallel_worker_gpus"": 1.0, ""data_parallel_visible_gpus"": ""0,1,2"", ""data_parallel_sync_level"": ""micro_batch"", ""data_parallel_micro_batch_size"": 200, ""gpu_list"": ""0,1,2"", ""enable_auto_pipeline_config"": false, ""pipeline_mode"": ""naive"", ""batch_training"": false, ""train_batch_size"": 32, ""batch_mode"": ""tbatch"", ""tgn_loss_mode"": ""all"", ""tgn_window_size"": 10.0, ""eval_frozen"": false, ""model"": ""jodie_rnn"", ""embedding_dim"": 128, ""memory_cell"": ""lstm"", ""time_proj"": ""linear"", ""use_static_embeddings"": ""on"", ""normalize_state"": ""on"", ""event_agg"": ""none"", ""agg_activation"": ""none"", ""attn_type"": ""dot"", ""time_decay"": ""none"", ""max_neighbors"": 0, ""hidden_dim"": 0, ""memory_gate"": ""off"", ""enable_event_agg"": ""off"", ""enable_graph_update"": ""off"", ""message_mode"": ""peer"", ""msg_linear"": ""off""}"
18,coarse_pipeline,val,0.5424884700239295,0.5424884700239295,,0.5424884700239295,0.903951975987994,113024,88.0355,jodie_rnn,"{""dataset"": ""public_csv"", ""dataset_dir"": ""data/public"", ""local_data_path"": ""data/public/mooc.csv"", ""train_ratio"": 0.7, ""val_ratio"": 0.1, ""max_events"": 20000, ""num_users"": 1435, ""num_items"": 21, ""num_interactions"": 3000, ""feature_dim"": 8, ""lr"": 0.001, ""neg_sample_size"": 5, ""k"": 10, ""selection_metric"": ""mrr"", ""device"": ""cuda"", ""seed"": 100, ""partition_size"": 5000, ""partition_strategy"": ""count"", ""num_pipeline_stages"": 1, ""pipeline_worker_gpus"": 1.0, ""pipeline_worker_cpus"": 1.0, ""pipeline_stage_train_workers"": ""3"", ""pipeline_stage_eval_workers"": """", ""stage_balance_strategy"": ""cost"", ""stage_balance_user_weight"": 0.25, ""stage_balance_item_weight"": 0.25, ""stage_balance_span_weight"": 0.0, ""ray_address"": """", ""pipeline_trace"": false, ""pipeline_trace_log_path"": ""outputs/comprehensive_comparison/seed_100/naive_no_overlap/pipeline_trace_20260614_210417.log"", ""output_dir"": ""outputs/comprehensive_comparison/seed_100/naive_no_overlap"", ""enable_efficiency_monitor"": false, ""efficiency_monitor_interval"": 10, ""data_parallel_workers"": 3, ""data_parallel_worker_gpus"": 1.0, ""data_parallel_visible_gpus"": ""0,1,2"", ""data_parallel_sync_level"": ""micro_batch"", ""data_parallel_micro_batch_size"": 200, ""gpu_list"": ""0,1,2"", ""enable_auto_pipeline_config"": false, ""pipeline_mode"": ""naive"", ""batch_training"": false, ""train_batch_size"": 32, ""batch_mode"": ""tbatch"", ""tgn_loss_mode"": ""all"", ""tgn_window_size"": 10.0, ""eval_frozen"": false, ""model"": ""jodie_rnn"", ""embedding_dim"": 64, ""memory_cell"": ""lstm"", ""time_proj"": ""linear"", ""use_static_embeddings"": ""off"", ""normalize_state"": ""on"", ""event_agg"": ""none"", ""agg_activation"": ""none"", ""attn_type"": ""dot"", ""time_decay"": ""none"", ""max_neighbors"": 0, ""hidden_dim"": 0, ""memory_gate"": ""off"", ""enable_event_agg"": ""off"", ""enable_graph_update"": ""off"", ""message_mode"": ""peer"", ""msg_linear"": ""off""}"
19,coarse_pipeline,val,0.524304803975562,0.524304803975562,,0.524304803975562,0.9054527263631816,86912,95.6101,jodie_rnn,"{""dataset"": ""public_csv"", ""dataset_dir"": ""data/public"", ""local_data_path"": ""data/public/mooc.csv"", ""train_ratio"": 0.7, ""val_ratio"": 0.1, ""max_events"": 20000, ""num_users"": 1435, ""num_items"": 21, ""num_interactions"": 3000, ""feature_dim"": 8, ""lr"": 0.001, ""neg_sample_size"": 5, ""k"": 10, ""selection_metric"": ""mrr"", ""device"": ""cuda"", ""seed"": 100, ""partition_size"": 5000, ""partition_strategy"": ""count"", ""num_pipeline_stages"": 1, ""pipeline_worker_gpus"": 1.0, ""pipeline_worker_cpus"": 1.0, ""pipeline_stage_train_workers"": ""3"", ""pipeline_stage_eval_workers"": """", ""stage_balance_strategy"": ""cost"", ""stage_balance_user_weight"": 0.25, ""stage_balance_item_weight"": 0.25, ""stage_balance_span_weight"": 0.0, ""ray_address"": """", ""pipeline_trace"": false, ""pipeline_trace_log_path"": ""outputs/comprehensive_comparison/seed_100/naive_no_overlap/pipeline_trace_20260614_210417.log"", ""output_dir"": ""outputs/comprehensive_comparison/seed_100/naive_no_overlap"", ""enable_efficiency_monitor"": false, ""efficiency_monitor_interval"": 10, ""data_parallel_workers"": 3, ""data_parallel_worker_gpus"": 1.0, ""data_parallel_visible_gpus"": ""0,1,2"", ""data_parallel_sync_level"": ""micro_batch"", ""data_parallel_micro_batch_size"": 200, ""gpu_list"": ""0,1,2"", ""enable_auto_pipeline_config"": false, ""pipeline_mode"": ""naive"", ""batch_training"": false, ""train_batch_size"": 32, ""batch_mode"": ""tbatch"", ""tgn_loss_mode"": ""all"", ""tgn_window_size"": 10.0, ""eval_frozen"": false, ""model"": ""jodie_rnn"", ""embedding_dim"": 64, ""memory_cell"": ""gru"", ""time_proj"": ""linear"", ""use_static_embeddings"": ""off"", ""normalize_state"": ""on"", ""event_agg"": ""none"", ""agg_activation"": ""none"", ""attn_type"": ""dot"", ""time_decay"": ""none"", ""max_neighbors"": 0, ""hidden_dim"": 0, ""memory_gate"": ""off"", ""enable_event_agg"": ""off"", ""enable_graph_update"": ""off"", ""message_mode"": ""peer"", ""msg_linear"": ""off""}"
20,coarse_pipeline,val,0.48061963868406377,0.48061963868406377,,0.48061963868406377,0.864432216108054,60864,62.207,jodie_rnn,"{""dataset"": ""public_csv"", ""dataset_dir"": ""data/public"", ""local_data_path"": ""data/public/mooc.csv"", ""train_ratio"": 0.7, ""val_ratio"": 0.1, ""max_events"": 20000, ""num_users"": 1435, ""num_items"": 21, ""num_interactions"": 3000, ""feature_dim"": 8, ""lr"": 0.001, ""neg_sample_size"": 5, ""k"": 10, ""selection_metric"": ""mrr"", ""device"": ""cuda"", ""seed"": 100, ""partition_size"": 5000, ""partition_strategy"": ""count"", ""num_pipeline_stages"": 1, ""pipeline_worker_gpus"": 1.0, ""pipeline_worker_cpus"": 1.0, ""pipeline_stage_train_workers"": ""3"", ""pipeline_stage_eval_workers"": """", ""stage_balance_strategy"": ""cost"", ""stage_balance_user_weight"": 0.25, ""stage_balance_item_weight"": 0.25, ""stage_balance_span_weight"": 0.0, ""ray_address"": """", ""pipeline_trace"": false, ""pipeline_trace_log_path"": ""outputs/comprehensive_comparison/seed_100/naive_no_overlap/pipeline_trace_20260614_210417.log"", ""output_dir"": ""outputs/comprehensive_comparison/seed_100/naive_no_overlap"", ""enable_efficiency_monitor"": false, ""efficiency_monitor_interval"": 10, ""data_parallel_workers"": 3, ""data_parallel_worker_gpus"": 1.0, ""data_parallel_visible_gpus"": ""0,1,2"", ""data_parallel_sync_level"": ""micro_batch"", ""data_parallel_micro_batch_size"": 200, ""gpu_list"": ""0,1,2"", ""enable_auto_pipeline_config"": false, ""pipeline_mode"": ""naive"", ""batch_training"": false, ""train_batch_size"": 32, ""batch_mode"": ""tbatch"", ""tgn_loss_mode"": ""all"", ""tgn_window_size"": 10.0, ""eval_frozen"": false, ""model"": ""jodie_rnn"", ""embedding_dim"": 32, ""memory_cell"": ""rnn"", ""time_proj"": ""off"", ""use_static_embeddings"": ""on"", ""normalize_state"": ""off"", ""event_agg"": ""none"", ""agg_activation"": ""none"", ""attn_type"": ""dot"", ""time_decay"": ""none"", ""max_neighbors"": 0, ""hidden_dim"": 0, ""memory_gate"": ""off"", ""enable_event_agg"": ""off"", ""enable_graph_update"": ""off"", ""message_mode"": ""peer"", ""msg_linear"": ""off""}"
21,coarse_pipeline,val,0.47941220033280146,0.47941220033280146,,0.47941220033280146,0.8774387193596799,275840,97.7983,jodie_rnn,"{""dataset"": ""public_csv"", ""dataset_dir"": ""data/public"", ""local_data_path"": ""data/public/mooc.csv"", ""train_ratio"": 0.7, ""val_ratio"": 0.1, ""max_events"": 20000, ""num_users"": 1435, ""num_items"": 21, ""num_interactions"": 3000, ""feature_dim"": 8, ""lr"": 0.001, ""neg_sample_size"": 5, ""k"": 10, ""selection_metric"": ""mrr"", ""device"": ""cuda"", ""seed"": 100, ""partition_size"": 5000, ""partition_strategy"": ""count"", ""num_pipeline_stages"": 1, ""pipeline_worker_gpus"": 1.0, ""pipeline_worker_cpus"": 1.0, ""pipeline_stage_train_workers"": ""3"", ""pipeline_stage_eval_workers"": """", ""stage_balance_strategy"": ""cost"", ""stage_balance_user_weight"": 0.25, ""stage_balance_item_weight"": 0.25, ""stage_balance_span_weight"": 0.0, ""ray_address"": """", ""pipeline_trace"": false, ""pipeline_trace_log_path"": ""outputs/comprehensive_comparison/seed_100/naive_no_overlap/pipeline_trace_20260614_210417.log"", ""output_dir"": ""outputs/comprehensive_comparison/seed_100/naive_no_overlap"", ""enable_efficiency_monitor"": false, ""efficiency_monitor_interval"": 10, ""data_parallel_workers"": 3, ""data_parallel_worker_gpus"": 1.0, ""data_parallel_visible_gpus"": ""0,1,2"", ""data_parallel_sync_level"": ""micro_batch"", ""data_parallel_micro_batch_size"": 200, ""gpu_list"": ""0,1,2"", ""enable_auto_pipeline_config"": false, ""pipeline_mode"": ""naive"", ""batch_training"": false, ""train_batch_size"": 32, ""batch_mode"": ""tbatch"", ""tgn_loss_mode"": ""all"", ""tgn_window_size"": 10.0, ""eval_frozen"": false, ""model"": ""jodie_rnn"", ""embedding_dim"": 64, ""memory_cell"": ""lstm"", ""time_proj"": ""linear"", ""use_static_embeddings"": ""on"", ""normalize_state"": ""on"", ""event_agg"": ""none"", ""agg_activation"": ""none"", ""attn_type"": ""dot"", ""time_decay"": ""none"", ""max_neighbors"": 0, ""hidden_dim"": 0, ""memory_gate"": ""off"", ""enable_event_agg"": ""off"", ""enable_graph_update"": ""off"", ""message_mode"": ""peer"", ""msg_linear"": ""off""}"
22,coarse_pipeline,val,0.4505460387710934,0.4505460387710934,,0.4505460387710934,0.7853926963481741,403200,86.1186,jodie_rnn,"{""dataset"": ""public_csv"", ""dataset_dir"": ""data/public"", ""local_data_path"": ""data/public/mooc.csv"", ""train_ratio"": 0.7, ""val_ratio"": 0.1, ""max_events"": 20000, ""num_users"": 1435, ""num_items"": 21, ""num_interactions"": 3000, ""feature_dim"": 8, ""lr"": 0.001, ""neg_sample_size"": 5, ""k"": 10, ""selection_metric"": ""mrr"", ""device"": ""cuda"", ""seed"": 100, ""partition_size"": 5000, ""partition_strategy"": ""count"", ""num_pipeline_stages"": 1, ""pipeline_worker_gpus"": 1.0, ""pipeline_worker_cpus"": 1.0, ""pipeline_stage_train_workers"": ""3"", ""pipeline_stage_eval_workers"": """", ""stage_balance_strategy"": ""cost"", ""stage_balance_user_weight"": 0.25, ""stage_balance_item_weight"": 0.25, ""stage_balance_span_weight"": 0.0, ""ray_address"": """", ""pipeline_trace"": false, ""pipeline_trace_log_path"": ""outputs/comprehensive_comparison/seed_100/naive_no_overlap/pipeline_trace_20260614_210417.log"", ""output_dir"": ""outputs/comprehensive_comparison/seed_100/naive_no_overlap"", ""enable_efficiency_monitor"": false, ""efficiency_monitor_interval"": 10, ""data_parallel_workers"": 3, ""data_parallel_worker_gpus"": 1.0, ""data_parallel_visible_gpus"": ""0,1,2"", ""data_parallel_sync_level"": ""micro_batch"", ""data_parallel_micro_batch_size"": 200, ""gpu_list"": ""0,1,2"", ""enable_auto_pipeline_config"": false, ""pipeline_mode"": ""naive"", ""batch_training"": false, ""train_batch_size"": 32, ""batch_mode"": ""tbatch"", ""tgn_loss_mode"": ""all"", ""tgn_window_size"": 10.0, ""eval_frozen"": false, ""model"": ""jodie_rnn"", ""embedding_dim"": 128, ""memory_cell"": ""rnn"", ""time_proj"": ""off"", ""use_static_embeddings"": ""on"", ""normalize_state"": ""on"", ""event_agg"": ""none"", ""agg_activation"": ""none"", ""attn_type"": ""dot"", ""time_decay"": ""none"", ""max_neighbors"": 0, ""hidden_dim"": 0, ""memory_gate"": ""off"", ""enable_event_agg"": ""off"", ""enable_graph_update"": ""off"", ""message_mode"": ""peer"", ""msg_linear"": ""off""}"
23,coarse_pipeline,val,0.4342196243384076,0.4342196243384076,,0.4342196243384076,0.7853926963481741,22976,94.6646,jodie_rnn,"{""dataset"": ""public_csv"", ""dataset_dir"": ""data/public"", ""local_data_path"": ""data/public/mooc.csv"", ""train_ratio"": 0.7, ""val_ratio"": 0.1, ""max_events"": 20000, ""num_users"": 1435, ""num_items"": 21, ""num_interactions"": 3000, ""feature_dim"": 8, ""lr"": 0.001, ""neg_sample_size"": 5, ""k"": 10, ""selection_metric"": ""mrr"", ""device"": ""cuda"", ""seed"": 100, ""partition_size"": 5000, ""partition_strategy"": ""count"", ""num_pipeline_stages"": 1, ""pipeline_worker_gpus"": 1.0, ""pipeline_worker_cpus"": 1.0, ""pipeline_stage_train_workers"": ""3"", ""pipeline_stage_eval_workers"": """", ""stage_balance_strategy"": ""cost"", ""stage_balance_user_weight"": 0.25, ""stage_balance_item_weight"": 0.25, ""stage_balance_span_weight"": 0.0, ""ray_address"": """", ""pipeline_trace"": false, ""pipeline_trace_log_path"": ""outputs/comprehensive_comparison/seed_100/naive_no_overlap/pipeline_trace_20260614_210417.log"", ""output_dir"": ""outputs/comprehensive_comparison/seed_100/naive_no_overlap"", ""enable_efficiency_monitor"": false, ""efficiency_monitor_interval"": 10, ""data_parallel_workers"": 3, ""data_parallel_worker_gpus"": 1.0, ""data_parallel_visible_gpus"": ""0,1,2"", ""data_parallel_sync_level"": ""micro_batch"", ""data_parallel_micro_batch_size"": 200, ""gpu_list"": ""0,1,2"", ""enable_auto_pipeline_config"": false, ""pipeline_mode"": ""naive"", ""batch_training"": false, ""train_batch_size"": 32, ""batch_mode"": ""tbatch"", ""tgn_loss_mode"": ""all"", ""tgn_window_size"": 10.0, ""eval_frozen"": false, ""model"": ""jodie_rnn"", ""embedding_dim"": 32, ""memory_cell"": ""gru"", ""time_proj"": ""linear"", ""use_static_embeddings"": ""off"", ""normalize_state"": ""on"", ""event_agg"": ""none"", ""agg_activation"": ""none"", ""attn_type"": ""dot"", ""time_decay"": ""none"", ""max_neighbors"": 0, ""hidden_dim"": 0, ""memory_gate"": ""off"", ""enable_event_agg"": ""off"", ""enable_graph_update"": ""off"", ""message_mode"": ""peer"", ""msg_linear"": ""off""}"
24,coarse_pipeline,val,0.37635356290246924,0.37635356290246924,,0.37635356290246924,0.7213606803401701,737024,87.2914,jodie_rnn,"{""dataset"": ""public_csv"", ""dataset_dir"": ""data/public"", ""local_data_path"": ""data/public/mooc.csv"", ""train_ratio"": 0.7, ""val_ratio"": 0.1, ""max_events"": 20000, ""num_users"": 1435, ""num_items"": 21, ""num_interactions"": 3000, ""feature_dim"": 8, ""lr"": 0.001, ""neg_sample_size"": 5, ""k"": 10, ""selection_metric"": ""mrr"", ""device"": ""cuda"", ""seed"": 100, ""partition_size"": 5000, ""partition_strategy"": ""count"", ""num_pipeline_stages"": 1, ""pipeline_worker_gpus"": 1.0, ""pipeline_worker_cpus"": 1.0, ""pipeline_stage_train_workers"": ""3"", ""pipeline_stage_eval_workers"": """", ""stage_balance_strategy"": ""cost"", ""stage_balance_user_weight"": 0.25, ""stage_balance_item_weight"": 0.25, ""stage_balance_span_weight"": 0.0, ""ray_address"": """", ""pipeline_trace"": false, ""pipeline_trace_log_path"": ""outputs/comprehensive_comparison/seed_100/naive_no_overlap/pipeline_trace_20260614_210417.log"", ""output_dir"": ""outputs/comprehensive_comparison/seed_100/naive_no_overlap"", ""enable_efficiency_monitor"": false, ""efficiency_monitor_interval"": 10, ""data_parallel_workers"": 3, ""data_parallel_worker_gpus"": 1.0, ""data_parallel_visible_gpus"": ""0,1,2"", ""data_parallel_sync_level"": ""micro_batch"", ""data_parallel_micro_batch_size"": 200, ""gpu_list"": ""0,1,2"", ""enable_auto_pipeline_config"": false, ""pipeline_mode"": ""naive"", ""batch_training"": false, ""train_batch_size"": 32, ""batch_mode"": ""tbatch"", ""tgn_loss_mode"": ""all"", ""tgn_window_size"": 10.0, ""eval_frozen"": false, ""model"": ""jodie_rnn"", ""embedding_dim"": 128, ""memory_cell"": ""gru"", ""time_proj"": ""off"", ""use_static_embeddings"": ""on"", ""normalize_state"": ""off"", ""event_agg"": ""none"", ""agg_activation"": ""none"", ""attn_type"": ""dot"", ""time_decay"": ""none"", ""max_neighbors"": 0, ""hidden_dim"": 0, ""memory_gate"": ""off"", ""enable_event_agg"": ""off"", ""enable_graph_update"": ""off"", ""message_mode"": ""peer"", ""msg_linear"": ""off""}"
25,coarse_pipeline,val,0.35962720511498447,0.35962720511498447,,0.35962720511498447,0.7498749374687343,233344,47.9594,jodie_rnn,"{""dataset"": ""public_csv"", ""dataset_dir"": ""data/public"", ""local_data_path"": ""data/public/mooc.csv"", ""train_ratio"": 0.7, ""val_ratio"": 0.1, ""max_events"": 20000, ""num_users"": 1435, ""num_items"": 21, ""num_interactions"": 3000, ""feature_dim"": 8, ""lr"": 0.001, ""neg_sample_size"": 5, ""k"": 10, ""selection_metric"": ""mrr"", ""device"": ""cuda"", ""seed"": 100, ""partition_size"": 5000, ""partition_strategy"": ""count"", ""num_pipeline_stages"": 1, ""pipeline_worker_gpus"": 1.0, ""pipeline_worker_cpus"": 1.0, ""pipeline_stage_train_workers"": ""3"", ""pipeline_stage_eval_workers"": """", ""stage_balance_strategy"": ""cost"", ""stage_balance_user_weight"": 0.25, ""stage_balance_item_weight"": 0.25, ""stage_balance_span_weight"": 0.0, ""ray_address"": """", ""pipeline_trace"": false, ""pipeline_trace_log_path"": ""outputs/comprehensive_comparison/seed_100/naive_no_overlap/pipeline_trace_20260614_210417.log"", ""output_dir"": ""outputs/comprehensive_comparison/seed_100/naive_no_overlap"", ""enable_efficiency_monitor"": false, ""efficiency_monitor_interval"": 10, ""data_parallel_workers"": 3, ""data_parallel_worker_gpus"": 1.0, ""data_parallel_visible_gpus"": ""0,1,2"", ""data_parallel_sync_level"": ""micro_batch"", ""data_parallel_micro_batch_size"": 200, ""gpu_list"": ""0,1,2"", ""enable_auto_pipeline_config"": false, ""pipeline_mode"": ""naive"", ""batch_training"": false, ""train_batch_size"": 32, ""batch_mode"": ""tbatch"", ""tgn_loss_mode"": ""all"", ""tgn_window_size"": 10.0, ""eval_frozen"": false, ""model"": ""jodie_rnn"", ""embedding_dim"": 64, ""memory_cell"": ""gru"", ""time_proj"": ""off"", ""use_static_embeddings"": ""on"", ""normalize_state"": ""off"", ""event_agg"": ""none"", ""agg_activation"": ""none"", ""attn_type"": ""dot"", ""time_decay"": ""none"", ""max_neighbors"": 0, ""hidden_dim"": 0, ""memory_gate"": ""off"", ""enable_event_agg"": ""off"", ""enable_graph_update"": ""off"", ""message_mode"": ""peer"", ""msg_linear"": ""off""}"
26,coarse_pipeline,val,0.3591653763729163,0.3591653763729163,,0.3591653763729163,0.727863931965983,903936,77.6695,jodie_rnn,"{""dataset"": ""public_csv"", ""dataset_dir"": ""data/public"", ""local_data_path"": ""data/public/mooc.csv"", ""train_ratio"": 0.7, ""val_ratio"": 0.1, ""max_events"": 20000, ""num_users"": 1435, ""num_items"": 21, ""num_interactions"": 3000, ""feature_dim"": 8, ""lr"": 0.001, ""neg_sample_size"": 5, ""k"": 10, ""selection_metric"": ""mrr"", ""device"": ""cuda"", ""seed"": 100, ""partition_size"": 5000, ""partition_strategy"": ""count"", ""num_pipeline_stages"": 1, ""pipeline_worker_gpus"": 1.0, ""pipeline_worker_cpus"": 1.0, ""pipeline_stage_train_workers"": ""3"", ""pipeline_stage_eval_workers"": """", ""stage_balance_strategy"": ""cost"", ""stage_balance_user_weight"": 0.25, ""stage_balance_item_weight"": 0.25, ""stage_balance_span_weight"": 0.0, ""ray_address"": """", ""pipeline_trace"": false, ""pipeline_trace_log_path"": ""outputs/comprehensive_comparison/seed_100/naive_no_overlap/pipeline_trace_20260614_210417.log"", ""output_dir"": ""outputs/comprehensive_comparison/seed_100/naive_no_overlap"", ""enable_efficiency_monitor"": false, ""efficiency_monitor_interval"": 10, ""data_parallel_workers"": 3, ""data_parallel_worker_gpus"": 1.0, ""data_parallel_visible_gpus"": ""0,1,2"", ""data_parallel_sync_level"": ""micro_batch"", ""data_parallel_micro_batch_size"": 200, ""gpu_list"": ""0,1,2"", ""enable_auto_pipeline_config"": false, ""pipeline_mode"": ""naive"", ""batch_training"": false, ""train_batch_size"": 32, ""batch_mode"": ""tbatch"", ""tgn_loss_mode"": ""all"", ""tgn_window_size"": 10.0, ""eval_frozen"": false, ""model"": ""jodie_rnn"", ""embedding_dim"": 128, ""memory_cell"": ""lstm"", ""time_proj"": ""off"", ""use_static_embeddings"": ""on"", ""normalize_state"": ""off"", ""event_agg"": ""none"", ""agg_activation"": ""none"", ""attn_type"": ""dot"", ""time_decay"": ""none"", ""max_neighbors"": 0, ""hidden_dim"": 0, ""memory_gate"": ""off"", ""enable_event_agg"": ""off"", ""enable_graph_update"": ""off"", ""message_mode"": ""peer"", ""msg_linear"": ""off""}"
27,coarse_pipeline,val,0.3532561827107128,0.3532561827107128,,0.3532561827107128,0.7743871935967984,337664,78.1825,jodie_rnn,"{""dataset"": ""public_csv"", ""dataset_dir"": ""data/public"", ""local_data_path"": ""data/public/mooc.csv"", ""train_ratio"": 0.7, ""val_ratio"": 0.1, ""max_events"": 20000, ""num_users"": 1435, ""num_items"": 21, ""num_interactions"": 3000, ""feature_dim"": 8, ""lr"": 0.001, ""neg_sample_size"": 5, ""k"": 10, ""selection_metric"": ""mrr"", ""device"": ""cuda"", ""seed"": 100, ""partition_size"": 5000, ""partition_strategy"": ""count"", ""num_pipeline_stages"": 1, ""pipeline_worker_gpus"": 1.0, ""pipeline_worker_cpus"": 1.0, ""pipeline_stage_train_workers"": ""3"", ""pipeline_stage_eval_workers"": """", ""stage_balance_strategy"": ""cost"", ""stage_balance_user_weight"": 0.25, ""stage_balance_item_weight"": 0.25, ""stage_balance_span_weight"": 0.0, ""ray_address"": """", ""pipeline_trace"": false, ""pipeline_trace_log_path"": ""outputs/comprehensive_comparison/seed_100/naive_no_overlap/pipeline_trace_20260614_210417.log"", ""output_dir"": ""outputs/comprehensive_comparison/seed_100/naive_no_overlap"", ""enable_efficiency_monitor"": false, ""efficiency_monitor_interval"": 10, ""data_parallel_workers"": 3, ""data_parallel_worker_gpus"": 1.0, ""data_parallel_visible_gpus"": ""0,1,2"", ""data_parallel_sync_level"": ""micro_batch"", ""data_parallel_micro_batch_size"": 200, ""gpu_list"": ""0,1,2"", ""enable_auto_pipeline_config"": false, ""pipeline_mode"": ""naive"", ""batch_training"": false, ""train_batch_size"": 32, ""batch_mode"": ""tbatch"", ""tgn_loss_mode"": ""all"", ""tgn_window_size"": 10.0, ""eval_frozen"": false, ""model"": ""jodie_rnn"", ""embedding_dim"": 128, ""memory_cell"": ""gru"", ""time_proj"": ""off"", ""use_static_embeddings"": ""off"", ""normalize_state"": ""off"", ""event_agg"": ""none"", ""agg_activation"": ""none"", ""attn_type"": ""dot"", ""time_decay"": ""none"", ""max_neighbors"": 0, ""hidden_dim"": 0, ""memory_gate"": ""off"", ""enable_event_agg"": ""off"", ""enable_graph_update"": ""off"", ""message_mode"": ""peer"", ""msg_linear"": ""off""}"
28,coarse_pipeline,val,0.33418046414101393,0.33418046414101393,,0.33418046414101393,0.7718859429714857,82880,64.2223,jodie_rnn,"{""dataset"": ""public_csv"", ""dataset_dir"": ""data/public"", ""local_data_path"": ""data/public/mooc.csv"", ""train_ratio"": 0.7, ""val_ratio"": 0.1, ""max_events"": 20000, ""num_users"": 1435, ""num_items"": 21, ""num_interactions"": 3000, ""feature_dim"": 8, ""lr"": 0.001, ""neg_sample_size"": 5, ""k"": 10, ""selection_metric"": ""mrr"", ""device"": ""cuda"", ""seed"": 100, ""partition_size"": 5000, ""partition_strategy"": ""count"", ""num_pipeline_stages"": 1, ""pipeline_worker_gpus"": 1.0, ""pipeline_worker_cpus"": 1.0, ""pipeline_stage_train_workers"": ""3"", ""pipeline_stage_eval_workers"": """", ""stage_balance_strategy"": ""cost"", ""stage_balance_user_weight"": 0.25, ""stage_balance_item_weight"": 0.25, ""stage_balance_span_weight"": 0.0, ""ray_address"": """", ""pipeline_trace"": false, ""pipeline_trace_log_path"": ""outputs/comprehensive_comparison/seed_100/naive_no_overlap/pipeline_trace_20260614_210417.log"", ""output_dir"": ""outputs/comprehensive_comparison/seed_100/naive_no_overlap"", ""enable_efficiency_monitor"": false, ""efficiency_monitor_interval"": 10, ""data_parallel_workers"": 3, ""data_parallel_worker_gpus"": 1.0, ""data_parallel_visible_gpus"": ""0,1,2"", ""data_parallel_sync_level"": ""micro_batch"", ""data_parallel_micro_batch_size"": 200, ""gpu_list"": ""0,1,2"", ""enable_auto_pipeline_config"": false, ""pipeline_mode"": ""naive"", ""batch_training"": false, ""train_batch_size"": 32, ""batch_mode"": ""tbatch"", ""tgn_loss_mode"": ""all"", ""tgn_window_size"": 10.0, ""eval_frozen"": false, ""model"": ""jodie_rnn"", ""embedding_dim"": 32, ""memory_cell"": ""gru"", ""time_proj"": ""off"", ""use_static_embeddings"": ""on"", ""normalize_state"": ""off"", ""event_agg"": ""none"", ""agg_activation"": ""none"", ""attn_type"": ""dot"", ""time_decay"": ""none"", ""max_neighbors"": 0, ""hidden_dim"": 0, ""memory_gate"": ""off"", ""enable_event_agg"": ""off"", ""enable_graph_update"": ""off"", ""message_mode"": ""peer"", ""msg_linear"": ""off""}"
29,coarse_pipeline,val,0.333067376846813,0.333067376846813,,0.333067376846813,0.7308654327163582,233344,85.9508,jodie_rnn,"{""dataset"": ""public_csv"", ""dataset_dir"": ""data/public"", ""local_data_path"": ""data/public/mooc.csv"", ""train_ratio"": 0.7, ""val_ratio"": 0.1, ""max_events"": 20000, ""num_users"": 1435, ""num_items"": 21, ""num_interactions"": 3000, ""feature_dim"": 8, ""lr"": 0.001, ""neg_sample_size"": 5, ""k"": 10, ""selection_metric"": ""mrr"", ""device"": ""cuda"", ""seed"": 100, ""partition_size"": 5000, ""partition_strategy"": ""count"", ""num_pipeline_stages"": 1, ""pipeline_worker_gpus"": 1.0, ""pipeline_worker_cpus"": 1.0, ""pipeline_stage_train_workers"": ""3"", ""pipeline_stage_eval_workers"": """", ""stage_balance_strategy"": ""cost"", ""stage_balance_user_weight"": 0.25, ""stage_balance_item_weight"": 0.25, ""stage_balance_span_weight"": 0.0, ""ray_address"": """", ""pipeline_trace"": false, ""pipeline_trace_log_path"": ""outputs/comprehensive_comparison/seed_100/naive_no_overlap/pipeline_trace_20260614_210417.log"", ""output_dir"": ""outputs/comprehensive_comparison/seed_100/naive_no_overlap"", ""enable_efficiency_monitor"": false, ""efficiency_monitor_interval"": 10, ""data_parallel_workers"": 3, ""data_parallel_worker_gpus"": 1.0, ""data_parallel_visible_gpus"": ""0,1,2"", ""data_parallel_sync_level"": ""micro_batch"", ""data_parallel_micro_batch_size"": 200, ""gpu_list"": ""0,1,2"", ""enable_auto_pipeline_config"": false, ""pipeline_mode"": ""naive"", ""batch_training"": false, ""train_batch_size"": 32, ""batch_mode"": ""tbatch"", ""tgn_loss_mode"": ""all"", ""tgn_window_size"": 10.0, ""eval_frozen"": false, ""model"": ""jodie_rnn"", ""embedding_dim"": 64, ""memory_cell"": ""gru"", ""time_proj"": ""off"", ""use_static_embeddings"": ""on"", ""normalize_state"": ""on"", ""event_agg"": ""none"", ""agg_activation"": ""none"", ""attn_type"": ""dot"", ""time_decay"": ""none"", ""max_neighbors"": 0, ""hidden_dim"": 0, ""memory_gate"": ""off"", ""enable_event_agg"": ""off"", ""enable_graph_update"": ""off"", ""message_mode"": ""peer"", ""msg_linear"": ""off""}"
30,coarse_pipeline,val,0.33070109071033355,0.33070109071033355,,0.33070109071033355,0.7033516758379189,903936,89.0305,jodie_rnn,"{""dataset"": ""public_csv"", ""dataset_dir"": ""data/public"", ""local_data_path"": ""data/public/mooc.csv"", ""train_ratio"": 0.7, ""val_ratio"": 0.1, ""max_events"": 20000, ""num_users"": 1435, ""num_items"": 21, ""num_interactions"": 3000, ""feature_dim"": 8, ""lr"": 0.001, ""neg_sample_size"": 5, ""k"": 10, ""selection_metric"": ""mrr"", ""device"": ""cuda"", ""seed"": 100, ""partition_size"": 5000, ""partition_strategy"": ""count"", ""num_pipeline_stages"": 1, ""pipeline_worker_gpus"": 1.0, ""pipeline_worker_cpus"": 1.0, ""pipeline_stage_train_workers"": ""3"", ""pipeline_stage_eval_workers"": """", ""stage_balance_strategy"": ""cost"", ""stage_balance_user_weight"": 0.25, ""stage_balance_item_weight"": 0.25, ""stage_balance_span_weight"": 0.0, ""ray_address"": """", ""pipeline_trace"": false, ""pipeline_trace_log_path"": ""outputs/comprehensive_comparison/seed_100/naive_no_overlap/pipeline_trace_20260614_210417.log"", ""output_dir"": ""outputs/comprehensive_comparison/seed_100/naive_no_overlap"", ""enable_efficiency_monitor"": false, ""efficiency_monitor_interval"": 10, ""data_parallel_workers"": 3, ""data_parallel_worker_gpus"": 1.0, ""data_parallel_visible_gpus"": ""0,1,2"", ""data_parallel_sync_level"": ""micro_batch"", ""data_parallel_micro_batch_size"": 200, ""gpu_list"": ""0,1,2"", ""enable_auto_pipeline_config"": false, ""pipeline_mode"": ""naive"", ""batch_training"": false, ""train_batch_size"": 32, ""batch_mode"": ""tbatch"", ""tgn_loss_mode"": ""all"", ""tgn_window_size"": 10.0, ""eval_frozen"": false, ""model"": ""jodie_rnn"", ""embedding_dim"": 128, ""memory_cell"": ""lstm"", ""time_proj"": ""off"", ""use_static_embeddings"": ""on"", ""normalize_state"": ""on"", ""event_agg"": ""none"", ""agg_activation"": ""none"", ""attn_type"": ""dot"", ""time_decay"": ""none"", ""max_neighbors"": 0, ""hidden_dim"": 0, ""memory_gate"": ""off"", ""enable_event_agg"": ""off"", ""enable_graph_update"": ""off"", ""message_mode"": ""peer"", ""msg_linear"": ""off""}"
31,coarse_pipeline,val,0.3192027588454515,0.3192027588454515,,0.3192027588454515,0.7233616808404202,275840,63.7115,jodie_rnn,"{""dataset"": ""public_csv"", ""dataset_dir"": ""data/public"", ""local_data_path"": ""data/public/mooc.csv"", ""train_ratio"": 0.7, ""val_ratio"": 0.1, ""max_events"": 20000, ""num_users"": 1435, ""num_items"": 21, ""num_interactions"": 3000, ""feature_dim"": 8, ""lr"": 0.001, ""neg_sample_size"": 5, ""k"": 10, ""selection_metric"": ""mrr"", ""device"": ""cuda"", ""seed"": 100, ""partition_size"": 5000, ""partition_strategy"": ""count"", ""num_pipeline_stages"": 1, ""pipeline_worker_gpus"": 1.0, ""pipeline_worker_cpus"": 1.0, ""pipeline_stage_train_workers"": ""3"", ""pipeline_stage_eval_workers"": """", ""stage_balance_strategy"": ""cost"", ""stage_balance_user_weight"": 0.25, ""stage_balance_item_weight"": 0.25, ""stage_balance_span_weight"": 0.0, ""ray_address"": """", ""pipeline_trace"": false, ""pipeline_trace_log_path"": ""outputs/comprehensive_comparison/seed_100/naive_no_overlap/pipeline_trace_20260614_210417.log"", ""output_dir"": ""outputs/comprehensive_comparison/seed_100/naive_no_overlap"", ""enable_efficiency_monitor"": false, ""efficiency_monitor_interval"": 10, ""data_parallel_workers"": 3, ""data_parallel_worker_gpus"": 1.0, ""data_parallel_visible_gpus"": ""0,1,2"", ""data_parallel_sync_level"": ""micro_batch"", ""data_parallel_micro_batch_size"": 200, ""gpu_list"": ""0,1,2"", ""enable_auto_pipeline_config"": false, ""pipeline_mode"": ""naive"", ""batch_training"": false, ""train_batch_size"": 32, ""batch_mode"": ""tbatch"", ""tgn_loss_mode"": ""all"", ""tgn_window_size"": 10.0, ""eval_frozen"": false, ""model"": ""jodie_rnn"", ""embedding_dim"": 64, ""memory_cell"": ""lstm"", ""time_proj"": ""off"", ""use_static_embeddings"": ""on"", ""normalize_state"": ""off"", ""event_agg"": ""none"", ""agg_activation"": ""none"", ""attn_type"": ""dot"", ""time_decay"": ""none"", ""max_neighbors"": 0, ""hidden_dim"": 0, ""memory_gate"": ""off"", ""enable_event_agg"": ""off"", ""enable_graph_update"": ""off"", ""message_mode"": ""peer"", ""msg_linear"": ""off""}"
32,coarse_pipeline,val,0.307936240874343,0.307936240874343,,0.307936240874343,0.7073536768384192,86912,88.8926,jodie_rnn,"{""dataset"": ""public_csv"", ""dataset_dir"": ""data/public"", ""local_data_path"": ""data/public/mooc.csv"", ""train_ratio"": 0.7, ""val_ratio"": 0.1, ""max_events"": 20000, ""num_users"": 1435, ""num_items"": 21, ""num_interactions"": 3000, ""feature_dim"": 8, ""lr"": 0.001, ""neg_sample_size"": 5, ""k"": 10, ""selection_metric"": ""mrr"", ""device"": ""cuda"", ""seed"": 100, ""partition_size"": 5000, ""partition_strategy"": ""count"", ""num_pipeline_stages"": 1, ""pipeline_worker_gpus"": 1.0, ""pipeline_worker_cpus"": 1.0, ""pipeline_stage_train_workers"": ""3"", ""pipeline_stage_eval_workers"": """", ""stage_balance_strategy"": ""cost"", ""stage_balance_user_weight"": 0.25, ""stage_balance_item_weight"": 0.25, ""stage_balance_span_weight"": 0.0, ""ray_address"": """", ""pipeline_trace"": false, ""pipeline_trace_log_path"": ""outputs/comprehensive_comparison/seed_100/naive_no_overlap/pipeline_trace_20260614_210417.log"", ""output_dir"": ""outputs/comprehensive_comparison/seed_100/naive_no_overlap"", ""enable_efficiency_monitor"": false, ""efficiency_monitor_interval"": 10, ""data_parallel_workers"": 3, ""data_parallel_worker_gpus"": 1.0, ""data_parallel_visible_gpus"": ""0,1,2"", ""data_parallel_sync_level"": ""micro_batch"", ""data_parallel_micro_batch_size"": 200, ""gpu_list"": ""0,1,2"", ""enable_auto_pipeline_config"": false, ""pipeline_mode"": ""naive"", ""batch_training"": false, ""train_batch_size"": 32, ""batch_mode"": ""tbatch"", ""tgn_loss_mode"": ""all"", ""tgn_window_size"": 10.0, ""eval_frozen"": false, ""model"": ""jodie_rnn"", ""embedding_dim"": 64, ""memory_cell"": ""gru"", ""time_proj"": ""off"", ""use_static_embeddings"": ""off"", ""normalize_state"": ""on"", ""event_agg"": ""none"", ""agg_activation"": ""none"", ""attn_type"": ""dot"", ""time_decay"": ""none"", ""max_neighbors"": 0, ""hidden_dim"": 0, ""memory_gate"": ""off"", ""enable_event_agg"": ""off"", ""enable_graph_update"": ""off"", ""message_mode"": ""peer"", ""msg_linear"": ""off""}"
33,coarse_pipeline,val,0.2982247259349816,0.2982247259349816,,0.2982247259349816,0.7148574287143572,29888,76.293,jodie_rnn,"{""dataset"": ""public_csv"", ""dataset_dir"": ""data/public"", ""local_data_path"": ""data/public/mooc.csv"", ""train_ratio"": 0.7, ""val_ratio"": 0.1, ""max_events"": 20000, ""num_users"": 1435, ""num_items"": 21, ""num_interactions"": 3000, ""feature_dim"": 8, ""lr"": 0.001, ""neg_sample_size"": 5, ""k"": 10, ""selection_metric"": ""mrr"", ""device"": ""cuda"", ""seed"": 100, ""partition_size"": 5000, ""partition_strategy"": ""count"", ""num_pipeline_stages"": 1, ""pipeline_worker_gpus"": 1.0, ""pipeline_worker_cpus"": 1.0, ""pipeline_stage_train_workers"": ""3"", ""pipeline_stage_eval_workers"": """", ""stage_balance_strategy"": ""cost"", ""stage_balance_user_weight"": 0.25, ""stage_balance_item_weight"": 0.25, ""stage_balance_span_weight"": 0.0, ""ray_address"": """", ""pipeline_trace"": false, ""pipeline_trace_log_path"": ""outputs/comprehensive_comparison/seed_100/naive_no_overlap/pipeline_trace_20260614_210417.log"", ""output_dir"": ""outputs/comprehensive_comparison/seed_100/naive_no_overlap"", ""enable_efficiency_monitor"": false, ""efficiency_monitor_interval"": 10, ""data_parallel_workers"": 3, ""data_parallel_worker_gpus"": 1.0, ""data_parallel_visible_gpus"": ""0,1,2"", ""data_parallel_sync_level"": ""micro_batch"", ""data_parallel_micro_batch_size"": 200, ""gpu_list"": ""0,1,2"", ""enable_auto_pipeline_config"": false, ""pipeline_mode"": ""naive"", ""batch_training"": false, ""train_batch_size"": 32, ""batch_mode"": ""tbatch"", ""tgn_loss_mode"": ""all"", ""tgn_window_size"": 10.0, ""eval_frozen"": false, ""model"": ""jodie_rnn"", ""embedding_dim"": 32, ""memory_cell"": ""lstm"", ""time_proj"": ""off"", ""use_static_embeddings"": ""off"", ""normalize_state"": ""on"", ""event_agg"": ""none"", ""agg_activation"": ""none"", ""attn_type"": ""dot"", ""time_decay"": ""none"", ""max_neighbors"": 0, ""hidden_dim"": 0, ""memory_gate"": ""off"", ""enable_event_agg"": ""off"", ""enable_graph_update"": ""off"", ""message_mode"": ""peer"", ""msg_linear"": ""off""}"
34,coarse_pipeline,val,0.29433362884095576,0.29433362884095576,,0.29433362884095576,0.7243621810905453,275840,87.119,jodie_rnn,"{""dataset"": ""public_csv"", ""dataset_dir"": ""data/public"", ""local_data_path"": ""data/public/mooc.csv"", ""train_ratio"": 0.7, ""val_ratio"": 0.1, ""max_events"": 20000, ""num_users"": 1435, ""num_items"": 21, ""num_interactions"": 3000, ""feature_dim"": 8, ""lr"": 0.001, ""neg_sample_size"": 5, ""k"": 10, ""selection_metric"": ""mrr"", ""device"": ""cuda"", ""seed"": 100, ""partition_size"": 5000, ""partition_strategy"": ""count"", ""num_pipeline_stages"": 1, ""pipeline_worker_gpus"": 1.0, ""pipeline_worker_cpus"": 1.0, ""pipeline_stage_train_workers"": ""3"", ""pipeline_stage_eval_workers"": """", ""stage_balance_strategy"": ""cost"", ""stage_balance_user_weight"": 0.25, ""stage_balance_item_weight"": 0.25, ""stage_balance_span_weight"": 0.0, ""ray_address"": """", ""pipeline_trace"": false, ""pipeline_trace_log_path"": ""outputs/comprehensive_comparison/seed_100/naive_no_overlap/pipeline_trace_20260614_210417.log"", ""output_dir"": ""outputs/comprehensive_comparison/seed_100/naive_no_overlap"", ""enable_efficiency_monitor"": false, ""efficiency_monitor_interval"": 10, ""data_parallel_workers"": 3, ""data_parallel_worker_gpus"": 1.0, ""data_parallel_visible_gpus"": ""0,1,2"", ""data_parallel_sync_level"": ""micro_batch"", ""data_parallel_micro_batch_size"": 200, ""gpu_list"": ""0,1,2"", ""enable_auto_pipeline_config"": false, ""pipeline_mode"": ""naive"", ""batch_training"": false, ""train_batch_size"": 32, ""batch_mode"": ""tbatch"", ""tgn_loss_mode"": ""all"", ""tgn_window_size"": 10.0, ""eval_frozen"": false, ""model"": ""jodie_rnn"", ""embedding_dim"": 64, ""memory_cell"": ""lstm"", ""time_proj"": ""off"", ""use_static_embeddings"": ""on"", ""normalize_state"": ""on"", ""event_agg"": ""none"", ""agg_activation"": ""none"", ""attn_type"": ""dot"", ""time_decay"": ""none"", ""max_neighbors"": 0, ""hidden_dim"": 0, ""memory_gate"": ""off"", ""enable_event_agg"": ""off"", ""enable_graph_update"": ""off"", ""message_mode"": ""peer"", ""msg_linear"": ""off""}"
35,coarse_pipeline,val,0.2841805434250259,0.2841805434250259,,0.2841805434250259,0.6993496748374187,134912,86.1186,jodie_rnn,"{""dataset"": ""public_csv"", ""dataset_dir"": ""data/public"", ""local_data_path"": ""data/public/mooc.csv"", ""train_ratio"": 0.7, ""val_ratio"": 0.1, ""max_events"": 20000, ""num_users"": 1435, ""num_items"": 21, ""num_interactions"": 3000, ""feature_dim"": 8, ""lr"": 0.001, ""neg_sample_size"": 5, ""k"": 10, ""selection_metric"": ""mrr"", ""device"": ""cuda"", ""seed"": 100, ""partition_size"": 5000, ""partition_strategy"": ""count"", ""num_pipeline_stages"": 1, ""pipeline_worker_gpus"": 1.0, ""pipeline_worker_cpus"": 1.0, ""pipeline_stage_train_workers"": ""3"", ""pipeline_stage_eval_workers"": """", ""stage_balance_strategy"": ""cost"", ""stage_balance_user_weight"": 0.25, ""stage_balance_item_weight"": 0.25, ""stage_balance_span_weight"": 0.0, ""ray_address"": """", ""pipeline_trace"": false, ""pipeline_trace_log_path"": ""outputs/comprehensive_comparison/seed_100/naive_no_overlap/pipeline_trace_20260614_210417.log"", ""output_dir"": ""outputs/comprehensive_comparison/seed_100/naive_no_overlap"", ""enable_efficiency_monitor"": false, ""efficiency_monitor_interval"": 10, ""data_parallel_workers"": 3, ""data_parallel_worker_gpus"": 1.0, ""data_parallel_visible_gpus"": ""0,1,2"", ""data_parallel_sync_level"": ""micro_batch"", ""data_parallel_micro_batch_size"": 200, ""gpu_list"": ""0,1,2"", ""enable_auto_pipeline_config"": false, ""pipeline_mode"": ""naive"", ""batch_training"": false, ""train_batch_size"": 32, ""batch_mode"": ""tbatch"", ""tgn_loss_mode"": ""all"", ""tgn_window_size"": 10.0, ""eval_frozen"": false, ""model"": ""jodie_rnn"", ""embedding_dim"": 128, ""memory_cell"": ""rnn"", ""time_proj"": ""off"", ""use_static_embeddings"": ""off"", ""normalize_state"": ""on"", ""event_agg"": ""none"", ""agg_activation"": ""none"", ""attn_type"": ""dot"", ""time_decay"": ""none"", ""max_neighbors"": 0, ""hidden_dim"": 0, ""memory_gate"": ""off"", ""enable_event_agg"": ""off"", ""enable_graph_update"": ""off"", ""message_mode"": ""peer"", ""msg_linear"": ""off""}"
36,coarse_pipeline,val,0.2822779632319258,0.2822779632319258,,0.2822779632319258,0.6493246623311656,439040,77.6695,jodie_rnn,"{""dataset"": ""public_csv"", ""dataset_dir"": ""data/public"", ""local_data_path"": ""data/public/mooc.csv"", ""train_ratio"": 0.7, ""val_ratio"": 0.1, ""max_events"": 20000, ""num_users"": 1435, ""num_items"": 21, ""num_interactions"": 3000, ""feature_dim"": 8, ""lr"": 0.001, ""neg_sample_size"": 5, ""k"": 10, ""selection_metric"": ""mrr"", ""device"": ""cuda"", ""seed"": 100, ""partition_size"": 5000, ""partition_strategy"": ""count"", ""num_pipeline_stages"": 1, ""pipeline_worker_gpus"": 1.0, ""pipeline_worker_cpus"": 1.0, ""pipeline_stage_train_workers"": ""3"", ""pipeline_stage_eval_workers"": """", ""stage_balance_strategy"": ""cost"", ""stage_balance_user_weight"": 0.25, ""stage_balance_item_weight"": 0.25, ""stage_balance_span_weight"": 0.0, ""ray_address"": """", ""pipeline_trace"": false, ""pipeline_trace_log_path"": ""outputs/comprehensive_comparison/seed_100/naive_no_overlap/pipeline_trace_20260614_210417.log"", ""output_dir"": ""outputs/comprehensive_comparison/seed_100/naive_no_overlap"", ""enable_efficiency_monitor"": false, ""efficiency_monitor_interval"": 10, ""data_parallel_workers"": 3, ""data_parallel_worker_gpus"": 1.0, ""data_parallel_visible_gpus"": ""0,1,2"", ""data_parallel_sync_level"": ""micro_batch"", ""data_parallel_micro_batch_size"": 200, ""gpu_list"": ""0,1,2"", ""enable_auto_pipeline_config"": false, ""pipeline_mode"": ""naive"", ""batch_training"": false, ""train_batch_size"": 32, ""batch_mode"": ""tbatch"", ""tgn_loss_mode"": ""all"", ""tgn_window_size"": 10.0, ""eval_frozen"": false, ""model"": ""jodie_rnn"", ""embedding_dim"": 128, ""memory_cell"": ""lstm"", ""time_proj"": ""off"", ""use_static_embeddings"": ""off"", ""normalize_state"": ""on"", ""event_agg"": ""none"", ""agg_activation"": ""none"", ""attn_type"": ""dot"", ""time_decay"": ""none"", ""max_neighbors"": 0, ""hidden_dim"": 0, ""memory_gate"": ""off"", ""enable_event_agg"": ""off"", ""enable_graph_update"": ""off"", ""message_mode"": ""peer"", ""msg_linear"": ""off""}"
37,coarse_pipeline,val,0.27889116675307246,0.27889116675307246,,0.27889116675307246,0.695847923961981,93888,87.2693,jodie_rnn,"{""dataset"": ""public_csv"", ""dataset_dir"": ""data/public"", ""local_data_path"": ""data/public/mooc.csv"", ""train_ratio"": 0.7, ""val_ratio"": 0.1, ""max_events"": 20000, ""num_users"": 1435, ""num_items"": 21, ""num_interactions"": 3000, ""feature_dim"": 8, ""lr"": 0.001, ""neg_sample_size"": 5, ""k"": 10, ""selection_metric"": ""mrr"", ""device"": ""cuda"", ""seed"": 100, ""partition_size"": 5000, ""partition_strategy"": ""count"", ""num_pipeline_stages"": 1, ""pipeline_worker_gpus"": 1.0, ""pipeline_worker_cpus"": 1.0, ""pipeline_stage_train_workers"": ""3"", ""pipeline_stage_eval_workers"": """", ""stage_balance_strategy"": ""cost"", ""stage_balance_user_weight"": 0.25, ""stage_balance_item_weight"": 0.25, ""stage_balance_span_weight"": 0.0, ""ray_address"": """", ""pipeline_trace"": false, ""pipeline_trace_log_path"": ""outputs/comprehensive_comparison/seed_100/naive_no_overlap/pipeline_trace_20260614_210417.log"", ""output_dir"": ""outputs/comprehensive_comparison/seed_100/naive_no_overlap"", ""enable_efficiency_monitor"": false, ""efficiency_monitor_interval"": 10, ""data_parallel_workers"": 3, ""data_parallel_worker_gpus"": 1.0, ""data_parallel_visible_gpus"": ""0,1,2"", ""data_parallel_sync_level"": ""micro_batch"", ""data_parallel_micro_batch_size"": 200, ""gpu_list"": ""0,1,2"", ""enable_auto_pipeline_config"": false, ""pipeline_mode"": ""naive"", ""batch_training"": false, ""train_batch_size"": 32, ""batch_mode"": ""tbatch"", ""tgn_loss_mode"": ""all"", ""tgn_window_size"": 10.0, ""eval_frozen"": false, ""model"": ""jodie_rnn"", ""embedding_dim"": 32, ""memory_cell"": ""lstm"", ""time_proj"": ""off"", ""use_static_embeddings"": ""on"", ""normalize_state"": ""on"", ""event_agg"": ""none"", ""agg_activation"": ""none"", ""attn_type"": ""dot"", ""time_decay"": ""none"", ""max_neighbors"": 0, ""hidden_dim"": 0, ""memory_gate"": ""off"", ""enable_event_agg"": ""off"", ""enable_graph_update"": ""off"", ""message_mode"": ""peer"", ""msg_linear"": ""off""}"
38,coarse_pipeline,val,0.27377906340315084,0.27377906340315084,,0.27377906340315084,0.6913456728364182,439040,47.9594,jodie_rnn,"{""dataset"": ""public_csv"", ""dataset_dir"": ""data/public"", ""local_data_path"": ""data/public/mooc.csv"", ""train_ratio"": 0.7, ""val_ratio"": 0.1, ""max_events"": 20000, ""num_users"": 1435, ""num_items"": 21, ""num_interactions"": 3000, ""feature_dim"": 8, ""lr"": 0.001, ""neg_sample_size"": 5, ""k"": 10, ""selection_metric"": ""mrr"", ""device"": ""cuda"", ""seed"": 100, ""partition_size"": 5000, ""partition_strategy"": ""count"", ""num_pipeline_stages"": 1, ""pipeline_worker_gpus"": 1.0, ""pipeline_worker_cpus"": 1.0, ""pipeline_stage_train_workers"": ""3"", ""pipeline_stage_eval_workers"": """", ""stage_balance_strategy"": ""cost"", ""stage_balance_user_weight"": 0.25, ""stage_balance_item_weight"": 0.25, ""stage_balance_span_weight"": 0.0, ""ray_address"": """", ""pipeline_trace"": false, ""pipeline_trace_log_path"": ""outputs/comprehensive_comparison/seed_100/naive_no_overlap/pipeline_trace_20260614_210417.log"", ""output_dir"": ""outputs/comprehensive_comparison/seed_100/naive_no_overlap"", ""enable_efficiency_monitor"": false, ""efficiency_monitor_interval"": 10, ""data_parallel_workers"": 3, ""data_parallel_worker_gpus"": 1.0, ""data_parallel_visible_gpus"": ""0,1,2"", ""data_parallel_sync_level"": ""micro_batch"", ""data_parallel_micro_batch_size"": 200, ""gpu_list"": ""0,1,2"", ""enable_auto_pipeline_config"": false, ""pipeline_mode"": ""naive"", ""batch_training"": false, ""train_batch_size"": 32, ""batch_mode"": ""tbatch"", ""tgn_loss_mode"": ""all"", ""tgn_window_size"": 10.0, ""eval_frozen"": false, ""model"": ""jodie_rnn"", ""embedding_dim"": 128, ""memory_cell"": ""lstm"", ""time_proj"": ""off"", ""use_static_embeddings"": ""off"", ""normalize_state"": ""off"", ""event_agg"": ""none"", ""agg_activation"": ""none"", ""attn_type"": ""dot"", ""time_decay"": ""none"", ""max_neighbors"": 0, ""hidden_dim"": 0, ""memory_gate"": ""off"", ""enable_event_agg"": ""off"", ""enable_graph_update"": ""off"", ""message_mode"": ""peer"", ""msg_linear"": ""off""}"
39,coarse_pipeline,val,0.26388258655659635,0.26388258655659635,,0.26388258655659635,0.6838419209604802,113024,86.2616,jodie_rnn,"{""dataset"": ""public_csv"", ""dataset_dir"": ""data/public"", ""local_data_path"": ""data/public/mooc.csv"", ""train_ratio"": 0.7, ""val_ratio"": 0.1, ""max_events"": 20000, ""num_users"": 1435, ""num_items"": 21, ""num_interactions"": 3000, ""feature_dim"": 8, ""lr"": 0.001, ""neg_sample_size"": 5, ""k"": 10, ""selection_metric"": ""mrr"", ""device"": ""cuda"", ""seed"": 100, ""partition_size"": 5000, ""partition_strategy"": ""count"", ""num_pipeline_stages"": 1, ""pipeline_worker_gpus"": 1.0, ""pipeline_worker_cpus"": 1.0, ""pipeline_stage_train_workers"": ""3"", ""pipeline_stage_eval_workers"": """", ""stage_balance_strategy"": ""cost"", ""stage_balance_user_weight"": 0.25, ""stage_balance_item_weight"": 0.25, ""stage_balance_span_weight"": 0.0, ""ray_address"": """", ""pipeline_trace"": false, ""pipeline_trace_log_path"": ""outputs/comprehensive_comparison/seed_100/naive_no_overlap/pipeline_trace_20260614_210417.log"", ""output_dir"": ""outputs/comprehensive_comparison/seed_100/naive_no_overlap"", ""enable_efficiency_monitor"": false, ""efficiency_monitor_interval"": 10, ""data_parallel_workers"": 3, ""data_parallel_worker_gpus"": 1.0, ""data_parallel_visible_gpus"": ""0,1,2"", ""data_parallel_sync_level"": ""micro_batch"", ""data_parallel_micro_batch_size"": 200, ""gpu_list"": ""0,1,2"", ""enable_auto_pipeline_config"": false, ""pipeline_mode"": ""naive"", ""batch_training"": false, ""train_batch_size"": 32, ""batch_mode"": ""tbatch"", ""tgn_loss_mode"": ""all"", ""tgn_window_size"": 10.0, ""eval_frozen"": false, ""model"": ""jodie_rnn"", ""embedding_dim"": 64, ""memory_cell"": ""lstm"", ""time_proj"": ""off"", ""use_static_embeddings"": ""off"", ""normalize_state"": ""off"", ""event_agg"": ""none"", ""agg_activation"": ""none"", ""attn_type"": ""dot"", ""time_decay"": ""none"", ""max_neighbors"": 0, ""hidden_dim"": 0, ""memory_gate"": ""off"", ""enable_event_agg"": ""off"", ""enable_graph_update"": ""off"", ""message_mode"": ""peer"", ""msg_linear"": ""off""}"
40,coarse_pipeline,val,0.2586155314341185,0.2586155314341185,,0.2586155314341185,0.6653326663331666,113024,78.1825,jodie_rnn,"{""dataset"": ""public_csv"", ""dataset_dir"": ""data/public"", ""local_data_path"": ""data/public/mooc.csv"", ""train_ratio"": 0.7, ""val_ratio"": 0.1, ""max_events"": 20000, ""num_users"": 1435, ""num_items"": 21, ""num_interactions"": 3000, ""feature_dim"": 8, ""lr"": 0.001, ""neg_sample_size"": 5, ""k"": 10, ""selection_metric"": ""mrr"", ""device"": ""cuda"", ""seed"": 100, ""partition_size"": 5000, ""partition_strategy"": ""count"", ""num_pipeline_stages"": 1, ""pipeline_worker_gpus"": 1.0, ""pipeline_worker_cpus"": 1.0, ""pipeline_stage_train_workers"": ""3"", ""pipeline_stage_eval_workers"": """", ""stage_balance_strategy"": ""cost"", ""stage_balance_user_weight"": 0.25, ""stage_balance_item_weight"": 0.25, ""stage_balance_span_weight"": 0.0, ""ray_address"": """", ""pipeline_trace"": false, ""pipeline_trace_log_path"": ""outputs/comprehensive_comparison/seed_100/naive_no_overlap/pipeline_trace_20260614_210417.log"", ""output_dir"": ""outputs/comprehensive_comparison/seed_100/naive_no_overlap"", ""enable_efficiency_monitor"": false, ""efficiency_monitor_interval"": 10, ""data_parallel_workers"": 3, ""data_parallel_worker_gpus"": 1.0, ""data_parallel_visible_gpus"": ""0,1,2"", ""data_parallel_sync_level"": ""micro_batch"", ""data_parallel_micro_batch_size"": 200, ""gpu_list"": ""0,1,2"", ""enable_auto_pipeline_config"": false, ""pipeline_mode"": ""naive"", ""batch_training"": false, ""train_batch_size"": 32, ""batch_mode"": ""tbatch"", ""tgn_loss_mode"": ""all"", ""tgn_window_size"": 10.0, ""eval_frozen"": false, ""model"": ""jodie_rnn"", ""embedding_dim"": 64, ""memory_cell"": ""lstm"", ""time_proj"": ""off"", ""use_static_embeddings"": ""off"", ""normalize_state"": ""on"", ""event_agg"": ""none"", ""agg_activation"": ""none"", ""attn_type"": ""dot"", ""time_decay"": ""none"", ""max_neighbors"": 0, ""hidden_dim"": 0, ""memory_gate"": ""off"", ""enable_event_agg"": ""off"", ""enable_graph_update"": ""off"", ""message_mode"": ""peer"", ""msg_linear"": ""off""}"
41,coarse_pipeline,val,0.257070361717324,0.257070361717324,,0.257070361717324,0.6888444222111055,9152,85.9508,jodie_rnn,"{""dataset"": ""public_csv"", ""dataset_dir"": ""data/public"", ""local_data_path"": ""data/public/mooc.csv"", ""train_ratio"": 0.7, ""val_ratio"": 0.1, ""max_events"": 20000, ""num_users"": 1435, ""num_items"": 21, ""num_interactions"": 3000, ""feature_dim"": 8, ""lr"": 0.001, ""neg_sample_size"": 5, ""k"": 10, ""selection_metric"": ""mrr"", ""device"": ""cuda"", ""seed"": 100, ""partition_size"": 5000, ""partition_strategy"": ""count"", ""num_pipeline_stages"": 1, ""pipeline_worker_gpus"": 1.0, ""pipeline_worker_cpus"": 1.0, ""pipeline_stage_train_workers"": ""3"", ""pipeline_stage_eval_workers"": """", ""stage_balance_strategy"": ""cost"", ""stage_balance_user_weight"": 0.25, ""stage_balance_item_weight"": 0.25, ""stage_balance_span_weight"": 0.0, ""ray_address"": """", ""pipeline_trace"": false, ""pipeline_trace_log_path"": ""outputs/comprehensive_comparison/seed_100/naive_no_overlap/pipeline_trace_20260614_210417.log"", ""output_dir"": ""outputs/comprehensive_comparison/seed_100/naive_no_overlap"", ""enable_efficiency_monitor"": false, ""efficiency_monitor_interval"": 10, ""data_parallel_workers"": 3, ""data_parallel_worker_gpus"": 1.0, ""data_parallel_visible_gpus"": ""0,1,2"", ""data_parallel_sync_level"": ""micro_batch"", ""data_parallel_micro_batch_size"": 200, ""gpu_list"": ""0,1,2"", ""enable_auto_pipeline_config"": false, ""pipeline_mode"": ""naive"", ""batch_training"": false, ""train_batch_size"": 32, ""batch_mode"": ""tbatch"", ""tgn_loss_mode"": ""all"", ""tgn_window_size"": 10.0, ""eval_frozen"": false, ""model"": ""jodie_rnn"", ""embedding_dim"": 32, ""memory_cell"": ""rnn"", ""time_proj"": ""off"", ""use_static_embeddings"": ""off"", ""normalize_state"": ""on"", ""event_agg"": ""none"", ""agg_activation"": ""none"", ""attn_type"": ""dot"", ""time_decay"": ""none"", ""max_neighbors"": 0, ""hidden_dim"": 0, ""memory_gate"": ""off"", ""enable_event_agg"": ""off"", ""enable_graph_update"": ""off"", ""message_mode"": ""peer"", ""msg_linear"": ""off""}"
42,coarse_pipeline,val,0.24747811149789056,0.24747811149789056,,0.24747811149789056,0.695847923961981,29888,63.7115,jodie_rnn,"{""dataset"": ""public_csv"", ""dataset_dir"": ""data/public"", ""local_data_path"": ""data/public/mooc.csv"", ""train_ratio"": 0.7, ""val_ratio"": 0.1, ""max_events"": 20000, ""num_users"": 1435, ""num_items"": 21, ""num_interactions"": 3000, ""feature_dim"": 8, ""lr"": 0.001, ""neg_sample_size"": 5, ""k"": 10, ""selection_metric"": ""mrr"", ""device"": ""cuda"", ""seed"": 100, ""partition_size"": 5000, ""partition_strategy"": ""count"", ""num_pipeline_stages"": 1, ""pipeline_worker_gpus"": 1.0, ""pipeline_worker_cpus"": 1.0, ""pipeline_stage_train_workers"": ""3"", ""pipeline_stage_eval_workers"": """", ""stage_balance_strategy"": ""cost"", ""stage_balance_user_weight"": 0.25, ""stage_balance_item_weight"": 0.25, ""stage_balance_span_weight"": 0.0, ""ray_address"": """", ""pipeline_trace"": false, ""pipeline_trace_log_path"": ""outputs/comprehensive_comparison/seed_100/naive_no_overlap/pipeline_trace_20260614_210417.log"", ""output_dir"": ""outputs/comprehensive_comparison/seed_100/naive_no_overlap"", ""enable_efficiency_monitor"": false, ""efficiency_monitor_interval"": 10, ""data_parallel_workers"": 3, ""data_parallel_worker_gpus"": 1.0, ""data_parallel_visible_gpus"": ""0,1,2"", ""data_parallel_sync_level"": ""micro_batch"", ""data_parallel_micro_batch_size"": 200, ""gpu_list"": ""0,1,2"", ""enable_auto_pipeline_config"": false, ""pipeline_mode"": ""naive"", ""batch_training"": false, ""train_batch_size"": 32, ""batch_mode"": ""tbatch"", ""tgn_loss_mode"": ""all"", ""tgn_window_size"": 10.0, ""eval_frozen"": false, ""model"": ""jodie_rnn"", ""embedding_dim"": 32, ""memory_cell"": ""lstm"", ""time_proj"": ""off"", ""use_static_embeddings"": ""off"", ""normalize_state"": ""off"", ""event_agg"": ""none"", ""agg_activation"": ""none"", ""attn_type"": ""dot"", ""time_decay"": ""none"", ""max_neighbors"": 0, ""hidden_dim"": 0, ""memory_gate"": ""off"", ""enable_event_agg"": ""off"", ""enable_graph_update"": ""off"", ""message_mode"": ""peer"", ""msg_linear"": ""off""}"
43,coarse_pipeline,val,0.22898178530059815,0.22898178530059815,,0.22898178530059815,0.7058529264632316,903936,85.0492,jodie_rnn,"{""dataset"": ""public_csv"", ""dataset_dir"": ""data/public"", ""local_data_path"": ""data/public/mooc.csv"", ""train_ratio"": 0.7, ""val_ratio"": 0.1, ""max_events"": 20000, ""num_users"": 1435, ""num_items"": 21, ""num_interactions"": 3000, ""feature_dim"": 8, ""lr"": 0.001, ""neg_sample_size"": 5, ""k"": 10, ""selection_metric"": ""mrr"", ""device"": ""cuda"", ""seed"": 100, ""partition_size"": 5000, ""partition_strategy"": ""count"", ""num_pipeline_stages"": 1, ""pipeline_worker_gpus"": 1.0, ""pipeline_worker_cpus"": 1.0, ""pipeline_stage_train_workers"": ""3"", ""pipeline_stage_eval_workers"": """", ""stage_balance_strategy"": ""cost"", ""stage_balance_user_weight"": 0.25, ""stage_balance_item_weight"": 0.25, ""stage_balance_span_weight"": 0.0, ""ray_address"": """", ""pipeline_trace"": false, ""pipeline_trace_log_path"": ""outputs/comprehensive_comparison/seed_100/naive_no_overlap/pipeline_trace_20260614_210417.log"", ""output_dir"": ""outputs/comprehensive_comparison/seed_100/naive_no_overlap"", ""enable_efficiency_monitor"": false, ""efficiency_monitor_interval"": 10, ""data_parallel_workers"": 3, ""data_parallel_worker_gpus"": 1.0, ""data_parallel_visible_gpus"": ""0,1,2"", ""data_parallel_sync_level"": ""micro_batch"", ""data_parallel_micro_batch_size"": 200, ""gpu_list"": ""0,1,2"", ""enable_auto_pipeline_config"": false, ""pipeline_mode"": ""naive"", ""batch_training"": false, ""train_batch_size"": 32, ""batch_mode"": ""tbatch"", ""tgn_loss_mode"": ""all"", ""tgn_window_size"": 10.0, ""eval_frozen"": false, ""model"": ""jodie_rnn"", ""embedding_dim"": 128, ""memory_cell"": ""lstm"", ""time_proj"": ""linear"", ""use_static_embeddings"": ""on"", ""normalize_state"": ""off"", ""event_agg"": ""none"", ""agg_activation"": ""none"", ""attn_type"": ""dot"", ""time_decay"": ""none"", ""max_neighbors"": 0, ""hidden_dim"": 0, ""memory_gate"": ""off"", ""enable_event_agg"": ""off"", ""enable_graph_update"": ""off"", ""message_mode"": ""peer"", ""msg_linear"": ""off""}"
44,coarse_pipeline,val,0.22490978372401907,0.22490978372401907,,0.22490978372401907,0.727863931965983,93888,88.0355,jodie_rnn,"{""dataset"": ""public_csv"", ""dataset_dir"": ""data/public"", ""local_data_path"": ""data/public/mooc.csv"", ""train_ratio"": 0.7, ""val_ratio"": 0.1, ""max_events"": 20000, ""num_users"": 1435, ""num_items"": 21, ""num_interactions"": 3000, ""feature_dim"": 8, ""lr"": 0.001, ""neg_sample_size"": 5, ""k"": 10, ""selection_metric"": ""mrr"", ""device"": ""cuda"", ""seed"": 100, ""partition_size"": 5000, ""partition_strategy"": ""count"", ""num_pipeline_stages"": 1, ""pipeline_worker_gpus"": 1.0, ""pipeline_worker_cpus"": 1.0, ""pipeline_stage_train_workers"": ""3"", ""pipeline_stage_eval_workers"": """", ""stage_balance_strategy"": ""cost"", ""stage_balance_user_weight"": 0.25, ""stage_balance_item_weight"": 0.25, ""stage_balance_span_weight"": 0.0, ""ray_address"": """", ""pipeline_trace"": false, ""pipeline_trace_log_path"": ""outputs/comprehensive_comparison/seed_100/naive_no_overlap/pipeline_trace_20260614_210417.log"", ""output_dir"": ""outputs/comprehensive_comparison/seed_100/naive_no_overlap"", ""enable_efficiency_monitor"": false, ""efficiency_monitor_interval"": 10, ""data_parallel_workers"": 3, ""data_parallel_worker_gpus"": 1.0, ""data_parallel_visible_gpus"": ""0,1,2"", ""data_parallel_sync_level"": ""micro_batch"", ""data_parallel_micro_batch_size"": 200, ""gpu_list"": ""0,1,2"", ""enable_auto_pipeline_config"": false, ""pipeline_mode"": ""naive"", ""batch_training"": false, ""train_batch_size"": 32, ""batch_mode"": ""tbatch"", ""tgn_loss_mode"": ""all"", ""tgn_window_size"": 10.0, ""eval_frozen"": false, ""model"": ""jodie_rnn"", ""embedding_dim"": 32, ""memory_cell"": ""lstm"", ""time_proj"": ""linear"", ""use_static_embeddings"": ""on"", ""normalize_state"": ""off"", ""event_agg"": ""none"", ""agg_activation"": ""none"", ""attn_type"": ""dot"", ""time_decay"": ""none"", ""max_neighbors"": 0, ""hidden_dim"": 0, ""memory_gate"": ""off"", ""enable_event_agg"": ""off"", ""enable_graph_update"": ""off"", ""message_mode"": ""peer"", ""msg_linear"": ""off""}"
45,coarse_pipeline,val,0.22335177140464726,0.22335177140464726,,0.22335177140464726,0.7013506753376688,29888,75.2086,jodie_rnn,"{""dataset"": ""public_csv"", ""dataset_dir"": ""data/public"", ""local_data_path"": ""data/public/mooc.csv"", ""train_ratio"": 0.7, ""val_ratio"": 0.1, ""max_events"": 20000, ""num_users"": 1435, ""num_items"": 21, ""num_interactions"": 3000, ""feature_dim"": 8, ""lr"": 0.001, ""neg_sample_size"": 5, ""k"": 10, ""selection_metric"": ""mrr"", ""device"": ""cuda"", ""seed"": 100, ""partition_size"": 5000, ""partition_strategy"": ""count"", ""num_pipeline_stages"": 1, ""pipeline_worker_gpus"": 1.0, ""pipeline_worker_cpus"": 1.0, ""pipeline_stage_train_workers"": ""3"", ""pipeline_stage_eval_workers"": """", ""stage_balance_strategy"": ""cost"", ""stage_balance_user_weight"": 0.25, ""stage_balance_item_weight"": 0.25, ""stage_balance_span_weight"": 0.0, ""ray_address"": """", ""pipeline_trace"": false, ""pipeline_trace_log_path"": ""outputs/comprehensive_comparison/seed_100/naive_no_overlap/pipeline_trace_20260614_210417.log"", ""output_dir"": ""outputs/comprehensive_comparison/seed_100/naive_no_overlap"", ""enable_efficiency_monitor"": false, ""efficiency_monitor_interval"": 10, ""data_parallel_workers"": 3, ""data_parallel_worker_gpus"": 1.0, ""data_parallel_visible_gpus"": ""0,1,2"", ""data_parallel_sync_level"": ""micro_batch"", ""data_parallel_micro_batch_size"": 200, ""gpu_list"": ""0,1,2"", ""enable_auto_pipeline_config"": false, ""pipeline_mode"": ""naive"", ""batch_training"": false, ""train_batch_size"": 32, ""batch_mode"": ""tbatch"", ""tgn_loss_mode"": ""all"", ""tgn_window_size"": 10.0, ""eval_frozen"": false, ""model"": ""jodie_rnn"", ""embedding_dim"": 32, ""memory_cell"": ""lstm"", ""time_proj"": ""linear"", ""use_static_embeddings"": ""off"", ""normalize_state"": ""off"", ""event_agg"": ""none"", ""agg_activation"": ""none"", ""attn_type"": ""dot"", ""time_decay"": ""none"", ""max_neighbors"": 0, ""hidden_dim"": 0, ""memory_gate"": ""off"", ""enable_event_agg"": ""off"", ""enable_graph_update"": ""off"", ""message_mode"": ""peer"", ""msg_linear"": ""off""}"
46,coarse_pipeline,val,0.12660258734946606,0.12660258734946606,,0.12660258734946606,0.29814907453726863,22976,97.7983,jodie_rnn,"{""dataset"": ""public_csv"", ""dataset_dir"": ""data/public"", ""local_data_path"": ""data/public/mooc.csv"", ""train_ratio"": 0.7, ""val_ratio"": 0.1, ""max_events"": 20000, ""num_users"": 1435, ""num_items"": 21, ""num_interactions"": 3000, ""feature_dim"": 8, ""lr"": 0.001, ""neg_sample_size"": 5, ""k"": 10, ""selection_metric"": ""mrr"", ""device"": ""cuda"", ""seed"": 100, ""partition_size"": 5000, ""partition_strategy"": ""count"", ""num_pipeline_stages"": 1, ""pipeline_worker_gpus"": 1.0, ""pipeline_worker_cpus"": 1.0, ""pipeline_stage_train_workers"": ""3"", ""pipeline_stage_eval_workers"": """", ""stage_balance_strategy"": ""cost"", ""stage_balance_user_weight"": 0.25, ""stage_balance_item_weight"": 0.25, ""stage_balance_span_weight"": 0.0, ""ray_address"": """", ""pipeline_trace"": false, ""pipeline_trace_log_path"": ""outputs/comprehensive_comparison/seed_100/naive_no_overlap/pipeline_trace_20260614_210417.log"", ""output_dir"": ""outputs/comprehensive_comparison/seed_100/naive_no_overlap"", ""enable_efficiency_monitor"": false, ""efficiency_monitor_interval"": 10, ""data_parallel_workers"": 3, ""data_parallel_worker_gpus"": 1.0, ""data_parallel_visible_gpus"": ""0,1,2"", ""data_parallel_sync_level"": ""micro_batch"", ""data_parallel_micro_batch_size"": 200, ""gpu_list"": ""0,1,2"", ""enable_auto_pipeline_config"": false, ""pipeline_mode"": ""naive"", ""batch_training"": false, ""train_batch_size"": 32, ""batch_mode"": ""tbatch"", ""tgn_loss_mode"": ""all"", ""tgn_window_size"": 10.0, ""eval_frozen"": false, ""model"": ""jodie_rnn"", ""embedding_dim"": 32, ""memory_cell"": ""gru"", ""time_proj"": ""linear"", ""use_static_embeddings"": ""off"", ""normalize_state"": ""off"", ""event_agg"": ""none"", ""agg_activation"": ""none"", ""attn_type"": ""dot"", ""time_decay"": ""none"", ""max_neighbors"": 0, ""hidden_dim"": 0, ""memory_gate"": ""off"", ""enable_event_agg"": ""off"", ""enable_graph_update"": ""off"", ""message_mode"": ""peer"", ""msg_linear"": ""off""}"
47,coarse_pipeline,val,0.12660258734946606,0.12660258734946606,,0.12660258734946606,0.29814907453726863,86912,74.8892,jodie_rnn,"{""dataset"": ""public_csv"", ""dataset_dir"": ""data/public"", ""local_data_path"": ""data/public/mooc.csv"", ""train_ratio"": 0.7, ""val_ratio"": 0.1, ""max_events"": 20000, ""num_users"": 1435, ""num_items"": 21, ""num_interactions"": 3000, ""feature_dim"": 8, ""lr"": 0.001, ""neg_sample_size"": 5, ""k"": 10, ""selection_metric"": ""mrr"", ""device"": ""cuda"", ""seed"": 100, ""partition_size"": 5000, ""partition_strategy"": ""count"", ""num_pipeline_stages"": 1, ""pipeline_worker_gpus"": 1.0, ""pipeline_worker_cpus"": 1.0, ""pipeline_stage_train_workers"": ""3"", ""pipeline_stage_eval_workers"": """", ""stage_balance_strategy"": ""cost"", ""stage_balance_user_weight"": 0.25, ""stage_balance_item_weight"": 0.25, ""stage_balance_span_weight"": 0.0, ""ray_address"": """", ""pipeline_trace"": false, ""pipeline_trace_log_path"": ""outputs/comprehensive_comparison/seed_100/naive_no_overlap/pipeline_trace_20260614_210417.log"", ""output_dir"": ""outputs/comprehensive_comparison/seed_100/naive_no_overlap"", ""enable_efficiency_monitor"": false, ""efficiency_monitor_interval"": 10, ""data_parallel_workers"": 3, ""data_parallel_worker_gpus"": 1.0, ""data_parallel_visible_gpus"": ""0,1,2"", ""data_parallel_sync_level"": ""micro_batch"", ""data_parallel_micro_batch_size"": 200, ""gpu_list"": ""0,1,2"", ""enable_auto_pipeline_config"": false, ""pipeline_mode"": ""naive"", ""batch_training"": false, ""train_batch_size"": 32, ""batch_mode"": ""tbatch"", ""tgn_loss_mode"": ""all"", ""tgn_window_size"": 10.0, ""eval_frozen"": false, ""model"": ""jodie_rnn"", ""embedding_dim"": 64, ""memory_cell"": ""gru"", ""time_proj"": ""linear"", ""use_static_embeddings"": ""off"", ""normalize_state"": ""off"", ""event_agg"": ""none"", ""agg_activation"": ""none"", ""attn_type"": ""dot"", ""time_decay"": ""none"", ""max_neighbors"": 0, ""hidden_dim"": 0, ""memory_gate"": ""off"", ""enable_event_agg"": ""off"", ""enable_graph_update"": ""off"", ""message_mode"": ""peer"", ""msg_linear"": ""off""}"
48,coarse_pipeline,val,0.12660258734946606,0.12660258734946606,,0.12660258734946606,0.29814907453726863,233344,89.0305,jodie_rnn,"{""dataset"": ""public_csv"", ""dataset_dir"": ""data/public"", ""local_data_path"": ""data/public/mooc.csv"", ""train_ratio"": 0.7, ""val_ratio"": 0.1, ""max_events"": 20000, ""num_users"": 1435, ""num_items"": 21, ""num_interactions"": 3000, ""feature_dim"": 8, ""lr"": 0.001, ""neg_sample_size"": 5, ""k"": 10, ""selection_metric"": ""mrr"", ""device"": ""cuda"", ""seed"": 100, ""partition_size"": 5000, ""partition_strategy"": ""count"", ""num_pipeline_stages"": 1, ""pipeline_worker_gpus"": 1.0, ""pipeline_worker_cpus"": 1.0, ""pipeline_stage_train_workers"": ""3"", ""pipeline_stage_eval_workers"": """", ""stage_balance_strategy"": ""cost"", ""stage_balance_user_weight"": 0.25, ""stage_balance_item_weight"": 0.25, ""stage_balance_span_weight"": 0.0, ""ray_address"": """", ""pipeline_trace"": false, ""pipeline_trace_log_path"": ""outputs/comprehensive_comparison/seed_100/naive_no_overlap/pipeline_trace_20260614_210417.log"", ""output_dir"": ""outputs/comprehensive_comparison/seed_100/naive_no_overlap"", ""enable_efficiency_monitor"": false, ""efficiency_monitor_interval"": 10, ""data_parallel_workers"": 3, ""data_parallel_worker_gpus"": 1.0, ""data_parallel_visible_gpus"": ""0,1,2"", ""data_parallel_sync_level"": ""micro_batch"", ""data_parallel_micro_batch_size"": 200, ""gpu_list"": ""0,1,2"", ""enable_auto_pipeline_config"": false, ""pipeline_mode"": ""naive"", ""batch_training"": false, ""train_batch_size"": 32, ""batch_mode"": ""tbatch"", ""tgn_loss_mode"": ""all"", ""tgn_window_size"": 10.0, ""eval_frozen"": false, ""model"": ""jodie_rnn"", ""embedding_dim"": 64, ""memory_cell"": ""gru"", ""time_proj"": ""linear"", ""use_static_embeddings"": ""on"", ""normalize_state"": ""off"", ""event_agg"": ""none"", ""agg_activation"": ""none"", ""attn_type"": ""dot"", ""time_decay"": ""none"", ""max_neighbors"": 0, ""hidden_dim"": 0, ""memory_gate"": ""off"", ""enable_event_agg"": ""off"", ""enable_graph_update"": ""off"", ""message_mode"": ""peer"", ""msg_linear"": ""off""}"
49,coarse_pipeline,val,0.12660258734946606,0.12660258734946606,,0.12660258734946606,0.29814907453726863,337664,87.119,jodie_rnn,"{""dataset"": ""public_csv"", ""dataset_dir"": ""data/public"", ""local_data_path"": ""data/public/mooc.csv"", ""train_ratio"": 0.7, ""val_ratio"": 0.1, ""max_events"": 20000, ""num_users"": 1435, ""num_items"": 21, ""num_interactions"": 3000, ""feature_dim"": 8, ""lr"": 0.001, ""neg_sample_size"": 5, ""k"": 10, ""selection_metric"": ""mrr"", ""device"": ""cuda"", ""seed"": 100, ""partition_size"": 5000, ""partition_strategy"": ""count"", ""num_pipeline_stages"": 1, ""pipeline_worker_gpus"": 1.0, ""pipeline_worker_cpus"": 1.0, ""pipeline_stage_train_workers"": ""3"", ""pipeline_stage_eval_workers"": """", ""stage_balance_strategy"": ""cost"", ""stage_balance_user_weight"": 0.25, ""stage_balance_item_weight"": 0.25, ""stage_balance_span_weight"": 0.0, ""ray_address"": """", ""pipeline_trace"": false, ""pipeline_trace_log_path"": ""outputs/comprehensive_comparison/seed_100/naive_no_overlap/pipeline_trace_20260614_210417.log"", ""output_dir"": ""outputs/comprehensive_comparison/seed_100/naive_no_overlap"", ""enable_efficiency_monitor"": false, ""efficiency_monitor_interval"": 10, ""data_parallel_workers"": 3, ""data_parallel_worker_gpus"": 1.0, ""data_parallel_visible_gpus"": ""0,1,2"", ""data_parallel_sync_level"": ""micro_batch"", ""data_parallel_micro_batch_size"": 200, ""gpu_list"": ""0,1,2"", ""enable_auto_pipeline_config"": false, ""pipeline_mode"": ""naive"", ""batch_training"": false, ""train_batch_size"": 32, ""batch_mode"": ""tbatch"", ""tgn_loss_mode"": ""all"", ""tgn_window_size"": 10.0, ""eval_frozen"": false, ""model"": ""jodie_rnn"", ""embedding_dim"": 128, ""memory_cell"": ""gru"", ""time_proj"": ""linear"", ""use_static_embeddings"": ""off"", ""normalize_state"": ""off"", ""event_agg"": ""none"", ""agg_activation"": ""none"", ""attn_type"": ""dot"", ""time_decay"": ""none"", ""max_neighbors"": 0, ""hidden_dim"": 0, ""memory_gate"": ""off"", ""enable_event_agg"": ""off"", ""enable_graph_update"": ""off"", ""message_mode"": ""peer"", ""msg_linear"": ""off""}"
50,coarse_pipeline,val,0.12660258734946606,0.12660258734946606,,0.12660258734946606,0.29814907453726863,737024,75.2086,jodie_rnn,"{""dataset"": ""public_csv"", ""dataset_dir"": ""data/public"", ""local_data_path"": ""data/public/mooc.csv"", ""train_ratio"": 0.7, ""val_ratio"": 0.1, ""max_events"": 20000, ""num_users"": 1435, ""num_items"": 21, ""num_interactions"": 3000, ""feature_dim"": 8, ""lr"": 0.001, ""neg_sample_size"": 5, ""k"": 10, ""selection_metric"": ""mrr"", ""device"": ""cuda"", ""seed"": 100, ""partition_size"": 5000, ""partition_strategy"": ""count"", ""num_pipeline_stages"": 1, ""pipeline_worker_gpus"": 1.0, ""pipeline_worker_cpus"": 1.0, ""pipeline_stage_train_workers"": ""3"", ""pipeline_stage_eval_workers"": """", ""stage_balance_strategy"": ""cost"", ""stage_balance_user_weight"": 0.25, ""stage_balance_item_weight"": 0.25, ""stage_balance_span_weight"": 0.0, ""ray_address"": """", ""pipeline_trace"": false, ""pipeline_trace_log_path"": ""outputs/comprehensive_comparison/seed_100/naive_no_overlap/pipeline_trace_20260614_210417.log"", ""output_dir"": ""outputs/comprehensive_comparison/seed_100/naive_no_overlap"", ""enable_efficiency_monitor"": false, ""efficiency_monitor_interval"": 10, ""data_parallel_workers"": 3, ""data_parallel_worker_gpus"": 1.0, ""data_parallel_visible_gpus"": ""0,1,2"", ""data_parallel_sync_level"": ""micro_batch"", ""data_parallel_micro_batch_size"": 200, ""gpu_list"": ""0,1,2"", ""enable_auto_pipeline_config"": false, ""pipeline_mode"": ""naive"", ""batch_training"": false, ""train_batch_size"": 32, ""batch_mode"": ""tbatch"", ""tgn_loss_mode"": ""all"", ""tgn_window_size"": 10.0, ""eval_frozen"": false, ""model"": ""jodie_rnn"", ""embedding_dim"": 128, ""memory_cell"": ""gru"", ""time_proj"": ""linear"", ""use_static_embeddings"": ""on"", ""normalize_state"": ""off"", ""event_agg"": ""none"", ""agg_activation"": ""none"", ""attn_type"": ""dot"", ""time_decay"": ""none"", ""max_neighbors"": 0, ""hidden_dim"": 0, ""memory_gate"": ""off"", ""enable_event_agg"": ""off"", ""enable_graph_update"": ""off"", ""message_mode"": ""peer"", ""msg_linear"": ""off""}"
