rank,phase,eval_split,score,val_score,test_score,mrr,recall_at_k,params,time_sec,model,config_json
1,rerank_pipeline,val,0.8646389670026483,0.8646389670026483,0.8793309621184233,0.8646389670026483,0.992496248124062,133888,671.5849,jodie_rnn,"{""dataset"": ""public_csv"", ""dataset_dir"": ""data/public"", ""local_data_path"": ""data/public/mooc.csv"", ""train_ratio"": 0.7, ""val_ratio"": 0.1, ""max_events"": 20000, ""num_users"": 1435, ""num_items"": 21, ""num_interactions"": 3000, ""feature_dim"": 4, ""lr"": 0.001, ""neg_sample_size"": 5, ""k"": 10, ""selection_metric"": ""mrr"", ""device"": ""cuda"", ""seed"": 42, ""partition_size"": 2000, ""partition_strategy"": ""count"", ""partition_overlap_ratio"": 0.0, ""num_pipeline_stages"": 3, ""pipeline_worker_gpus"": 1.0, ""pipeline_worker_cpus"": 1.0, ""pipeline_stage_train_workers"": ""1,1,1"", ""pipeline_stage_eval_workers"": ""1,1,1"", ""stage_balance_strategy"": ""cost"", ""stage_balance_user_weight"": 0.25, ""stage_balance_item_weight"": 0.25, ""stage_balance_span_weight"": 0.0, ""pipeline_mode"": ""naive"", ""pipeline_trace"": false, ""pipeline_trace_log_path"": ""results/20260827_181918/pipeline_naive/pipeline_trace.log"", ""ray_address"": """", ""output_dir"": ""results/20260827_181918/pipeline_naive"", ""enable_efficiency_monitor"": false, ""efficiency_monitor_interval"": 10, ""data_parallel_workers"": 3, ""data_parallel_worker_gpus"": 1.0, ""data_parallel_visible_gpus"": ""0,1,2"", ""data_parallel_sync_level"": ""micro_batch"", ""data_parallel_micro_batch_size"": 200, ""gpu_list"": ""0,1,2"", ""enable_auto_pipeline_config"": false, ""batch_training"": false, ""train_batch_size"": 32, ""batch_mode"": ""tbatch"", ""tgn_loss_mode"": ""all"", ""tgn_window_size"": 10.0, ""eval_frozen"": false, ""max_neighbors"": 0, ""model"": ""jodie_rnn"", ""embedding_dim"": 128, ""memory_cell"": ""rnn"", ""time_proj"": ""off"", ""use_static_embeddings"": ""off"", ""normalize_state"": ""off"", ""event_agg"": ""none"", ""agg_activation"": ""none"", ""attn_type"": ""dot"", ""time_decay"": ""none"", ""hidden_dim"": 0, ""memory_gate"": ""off"", ""enable_event_agg"": ""off"", ""enable_graph_update"": ""off"", ""message_mode"": ""peer"", ""msg_linear"": ""off""}"
2,coarse_pipeline,val,0.8342954598998057,0.8342954598998057,,0.8342954598998057,0.9864932466233116,133888,250.8897,jodie_rnn,"{""dataset"": ""public_csv"", ""dataset_dir"": ""data/public"", ""local_data_path"": ""data/public/mooc.csv"", ""train_ratio"": 0.7, ""val_ratio"": 0.1, ""max_events"": 20000, ""num_users"": 1435, ""num_items"": 21, ""num_interactions"": 3000, ""feature_dim"": 4, ""lr"": 0.001, ""neg_sample_size"": 5, ""k"": 10, ""selection_metric"": ""mrr"", ""device"": ""cuda"", ""seed"": 42, ""partition_size"": 2000, ""partition_strategy"": ""count"", ""partition_overlap_ratio"": 0.0, ""num_pipeline_stages"": 3, ""pipeline_worker_gpus"": 1.0, ""pipeline_worker_cpus"": 1.0, ""pipeline_stage_train_workers"": ""1,1,1"", ""pipeline_stage_eval_workers"": ""1,1,1"", ""stage_balance_strategy"": ""cost"", ""stage_balance_user_weight"": 0.25, ""stage_balance_item_weight"": 0.25, ""stage_balance_span_weight"": 0.0, ""pipeline_mode"": ""naive"", ""pipeline_trace"": false, ""pipeline_trace_log_path"": ""results/20260827_181918/pipeline_naive/pipeline_trace.log"", ""ray_address"": """", ""output_dir"": ""results/20260827_181918/pipeline_naive"", ""enable_efficiency_monitor"": false, ""efficiency_monitor_interval"": 10, ""data_parallel_workers"": 3, ""data_parallel_worker_gpus"": 1.0, ""data_parallel_visible_gpus"": ""0,1,2"", ""data_parallel_sync_level"": ""micro_batch"", ""data_parallel_micro_batch_size"": 200, ""gpu_list"": ""0,1,2"", ""enable_auto_pipeline_config"": false, ""batch_training"": false, ""train_batch_size"": 32, ""batch_mode"": ""tbatch"", ""tgn_loss_mode"": ""all"", ""tgn_window_size"": 10.0, ""eval_frozen"": false, ""max_neighbors"": 0, ""model"": ""jodie_rnn"", ""embedding_dim"": 128, ""memory_cell"": ""rnn"", ""time_proj"": ""off"", ""use_static_embeddings"": ""off"", ""normalize_state"": ""off"", ""event_agg"": ""none"", ""agg_activation"": ""none"", ""attn_type"": ""dot"", ""time_decay"": ""none"", ""hidden_dim"": 0, ""memory_gate"": ""off"", ""enable_event_agg"": ""off"", ""enable_graph_update"": ""off"", ""message_mode"": ""peer"", ""msg_linear"": ""off""}"
3,rerank_pipeline,val,0.7520341284983084,0.7520341284983084,,0.7520341284983084,0.9774887443721861,402176,672.4642,jodie_rnn,"{""dataset"": ""public_csv"", ""dataset_dir"": ""data/public"", ""local_data_path"": ""data/public/mooc.csv"", ""train_ratio"": 0.7, ""val_ratio"": 0.1, ""max_events"": 20000, ""num_users"": 1435, ""num_items"": 21, ""num_interactions"": 3000, ""feature_dim"": 4, ""lr"": 0.001, ""neg_sample_size"": 5, ""k"": 10, ""selection_metric"": ""mrr"", ""device"": ""cuda"", ""seed"": 42, ""partition_size"": 2000, ""partition_strategy"": ""count"", ""partition_overlap_ratio"": 0.0, ""num_pipeline_stages"": 3, ""pipeline_worker_gpus"": 1.0, ""pipeline_worker_cpus"": 1.0, ""pipeline_stage_train_workers"": ""1,1,1"", ""pipeline_stage_eval_workers"": ""1,1,1"", ""stage_balance_strategy"": ""cost"", ""stage_balance_user_weight"": 0.25, ""stage_balance_item_weight"": 0.25, ""stage_balance_span_weight"": 0.0, ""pipeline_mode"": ""naive"", ""pipeline_trace"": false, ""pipeline_trace_log_path"": ""results/20260827_181918/pipeline_naive/pipeline_trace.log"", ""ray_address"": """", ""output_dir"": ""results/20260827_181918/pipeline_naive"", ""enable_efficiency_monitor"": false, ""efficiency_monitor_interval"": 10, ""data_parallel_workers"": 3, ""data_parallel_worker_gpus"": 1.0, ""data_parallel_visible_gpus"": ""0,1,2"", ""data_parallel_sync_level"": ""micro_batch"", ""data_parallel_micro_batch_size"": 200, ""gpu_list"": ""0,1,2"", ""enable_auto_pipeline_config"": false, ""batch_training"": false, ""train_batch_size"": 32, ""batch_mode"": ""tbatch"", ""tgn_loss_mode"": ""all"", ""tgn_window_size"": 10.0, ""eval_frozen"": false, ""max_neighbors"": 0, ""model"": ""jodie_rnn"", ""embedding_dim"": 128, ""memory_cell"": ""rnn"", ""time_proj"": ""off"", ""use_static_embeddings"": ""on"", ""normalize_state"": ""off"", ""event_agg"": ""none"", ""agg_activation"": ""none"", ""attn_type"": ""dot"", ""time_decay"": ""none"", ""hidden_dim"": 0, ""memory_gate"": ""off"", ""enable_event_agg"": ""off"", ""enable_graph_update"": ""off"", ""message_mode"": ""peer"", ""msg_linear"": ""off""}"
4,rerank_pipeline,val,0.7401573322514631,0.7401573322514631,,0.7401573322514631,0.9624812406203102,133888,672.2044,jodie_rnn,"{""dataset"": ""public_csv"", ""dataset_dir"": ""data/public"", ""local_data_path"": ""data/public/mooc.csv"", ""train_ratio"": 0.7, ""val_ratio"": 0.1, ""max_events"": 20000, ""num_users"": 1435, ""num_items"": 21, ""num_interactions"": 3000, ""feature_dim"": 4, ""lr"": 0.001, ""neg_sample_size"": 5, ""k"": 10, ""selection_metric"": ""mrr"", ""device"": ""cuda"", ""seed"": 42, ""partition_size"": 2000, ""partition_strategy"": ""count"", ""partition_overlap_ratio"": 0.0, ""num_pipeline_stages"": 3, ""pipeline_worker_gpus"": 1.0, ""pipeline_worker_cpus"": 1.0, ""pipeline_stage_train_workers"": ""1,1,1"", ""pipeline_stage_eval_workers"": ""1,1,1"", ""stage_balance_strategy"": ""cost"", ""stage_balance_user_weight"": 0.25, ""stage_balance_item_weight"": 0.25, ""stage_balance_span_weight"": 0.0, ""pipeline_mode"": ""naive"", ""pipeline_trace"": false, ""pipeline_trace_log_path"": ""results/20260827_181918/pipeline_naive/pipeline_trace.log"", ""ray_address"": """", ""output_dir"": ""results/20260827_181918/pipeline_naive"", ""enable_efficiency_monitor"": false, ""efficiency_monitor_interval"": 10, ""data_parallel_workers"": 3, ""data_parallel_worker_gpus"": 1.0, ""data_parallel_visible_gpus"": ""0,1,2"", ""data_parallel_sync_level"": ""micro_batch"", ""data_parallel_micro_batch_size"": 200, ""gpu_list"": ""0,1,2"", ""enable_auto_pipeline_config"": false, ""batch_training"": false, ""train_batch_size"": 32, ""batch_mode"": ""tbatch"", ""tgn_loss_mode"": ""all"", ""tgn_window_size"": 10.0, ""eval_frozen"": false, ""max_neighbors"": 0, ""model"": ""jodie_rnn"", ""embedding_dim"": 128, ""memory_cell"": ""rnn"", ""time_proj"": ""linear"", ""use_static_embeddings"": ""off"", ""normalize_state"": ""on"", ""event_agg"": ""none"", ""agg_activation"": ""none"", ""attn_type"": ""dot"", ""time_decay"": ""none"", ""hidden_dim"": 0, ""memory_gate"": ""off"", ""enable_event_agg"": ""off"", ""enable_graph_update"": ""off"", ""message_mode"": ""peer"", ""msg_linear"": ""off""}"
5,coarse_pipeline,val,0.7321264868153641,0.7321264868153641,,0.7321264868153641,0.9299649824912456,133888,357.1552,jodie_rnn,"{""dataset"": ""public_csv"", ""dataset_dir"": ""data/public"", ""local_data_path"": ""data/public/mooc.csv"", ""train_ratio"": 0.7, ""val_ratio"": 0.1, ""max_events"": 20000, ""num_users"": 1435, ""num_items"": 21, ""num_interactions"": 3000, ""feature_dim"": 4, ""lr"": 0.001, ""neg_sample_size"": 5, ""k"": 10, ""selection_metric"": ""mrr"", ""device"": ""cuda"", ""seed"": 42, ""partition_size"": 2000, ""partition_strategy"": ""count"", ""partition_overlap_ratio"": 0.0, ""num_pipeline_stages"": 3, ""pipeline_worker_gpus"": 1.0, ""pipeline_worker_cpus"": 1.0, ""pipeline_stage_train_workers"": ""1,1,1"", ""pipeline_stage_eval_workers"": ""1,1,1"", ""stage_balance_strategy"": ""cost"", ""stage_balance_user_weight"": 0.25, ""stage_balance_item_weight"": 0.25, ""stage_balance_span_weight"": 0.0, ""pipeline_mode"": ""naive"", ""pipeline_trace"": false, ""pipeline_trace_log_path"": ""results/20260827_181918/pipeline_naive/pipeline_trace.log"", ""ray_address"": """", ""output_dir"": ""results/20260827_181918/pipeline_naive"", ""enable_efficiency_monitor"": false, ""efficiency_monitor_interval"": 10, ""data_parallel_workers"": 3, ""data_parallel_worker_gpus"": 1.0, ""data_parallel_visible_gpus"": ""0,1,2"", ""data_parallel_sync_level"": ""micro_batch"", ""data_parallel_micro_batch_size"": 200, ""gpu_list"": ""0,1,2"", ""enable_auto_pipeline_config"": false, ""batch_training"": false, ""train_batch_size"": 32, ""batch_mode"": ""tbatch"", ""tgn_loss_mode"": ""all"", ""tgn_window_size"": 10.0, ""eval_frozen"": false, ""max_neighbors"": 0, ""model"": ""jodie_rnn"", ""embedding_dim"": 128, ""memory_cell"": ""rnn"", ""time_proj"": ""linear"", ""use_static_embeddings"": ""off"", ""normalize_state"": ""off"", ""event_agg"": ""none"", ""agg_activation"": ""none"", ""attn_type"": ""dot"", ""time_decay"": ""none"", ""hidden_dim"": 0, ""memory_gate"": ""off"", ""enable_event_agg"": ""off"", ""enable_graph_update"": ""off"", ""message_mode"": ""peer"", ""msg_linear"": ""off""}"
6,coarse_pipeline,val,0.7245258850423845,0.7245258850423845,,0.7245258850423845,0.9624812406203102,133888,343.369,jodie_rnn,"{""dataset"": ""public_csv"", ""dataset_dir"": ""data/public"", ""local_data_path"": ""data/public/mooc.csv"", ""train_ratio"": 0.7, ""val_ratio"": 0.1, ""max_events"": 20000, ""num_users"": 1435, ""num_items"": 21, ""num_interactions"": 3000, ""feature_dim"": 4, ""lr"": 0.001, ""neg_sample_size"": 5, ""k"": 10, ""selection_metric"": ""mrr"", ""device"": ""cuda"", ""seed"": 42, ""partition_size"": 2000, ""partition_strategy"": ""count"", ""partition_overlap_ratio"": 0.0, ""num_pipeline_stages"": 3, ""pipeline_worker_gpus"": 1.0, ""pipeline_worker_cpus"": 1.0, ""pipeline_stage_train_workers"": ""1,1,1"", ""pipeline_stage_eval_workers"": ""1,1,1"", ""stage_balance_strategy"": ""cost"", ""stage_balance_user_weight"": 0.25, ""stage_balance_item_weight"": 0.25, ""stage_balance_span_weight"": 0.0, ""pipeline_mode"": ""naive"", ""pipeline_trace"": false, ""pipeline_trace_log_path"": ""results/20260827_181918/pipeline_naive/pipeline_trace.log"", ""ray_address"": """", ""output_dir"": ""results/20260827_181918/pipeline_naive"", ""enable_efficiency_monitor"": false, ""efficiency_monitor_interval"": 10, ""data_parallel_workers"": 3, ""data_parallel_worker_gpus"": 1.0, ""data_parallel_visible_gpus"": ""0,1,2"", ""data_parallel_sync_level"": ""micro_batch"", ""data_parallel_micro_batch_size"": 200, ""gpu_list"": ""0,1,2"", ""enable_auto_pipeline_config"": false, ""batch_training"": false, ""train_batch_size"": 32, ""batch_mode"": ""tbatch"", ""tgn_loss_mode"": ""all"", ""tgn_window_size"": 10.0, ""eval_frozen"": false, ""max_neighbors"": 0, ""model"": ""jodie_rnn"", ""embedding_dim"": 128, ""memory_cell"": ""rnn"", ""time_proj"": ""linear"", ""use_static_embeddings"": ""off"", ""normalize_state"": ""on"", ""event_agg"": ""none"", ""agg_activation"": ""none"", ""attn_type"": ""dot"", ""time_decay"": ""none"", ""hidden_dim"": 0, ""memory_gate"": ""off"", ""enable_event_agg"": ""off"", ""enable_graph_update"": ""off"", ""message_mode"": ""peer"", ""msg_linear"": ""off""}"
7,coarse_pipeline,val,0.7190858018221584,0.7190858018221584,,0.7190858018221584,0.9609804902451226,402176,215.7834,jodie_rnn,"{""dataset"": ""public_csv"", ""dataset_dir"": ""data/public"", ""local_data_path"": ""data/public/mooc.csv"", ""train_ratio"": 0.7, ""val_ratio"": 0.1, ""max_events"": 20000, ""num_users"": 1435, ""num_items"": 21, ""num_interactions"": 3000, ""feature_dim"": 4, ""lr"": 0.001, ""neg_sample_size"": 5, ""k"": 10, ""selection_metric"": ""mrr"", ""device"": ""cuda"", ""seed"": 42, ""partition_size"": 2000, ""partition_strategy"": ""count"", ""partition_overlap_ratio"": 0.0, ""num_pipeline_stages"": 3, ""pipeline_worker_gpus"": 1.0, ""pipeline_worker_cpus"": 1.0, ""pipeline_stage_train_workers"": ""1,1,1"", ""pipeline_stage_eval_workers"": ""1,1,1"", ""stage_balance_strategy"": ""cost"", ""stage_balance_user_weight"": 0.25, ""stage_balance_item_weight"": 0.25, ""stage_balance_span_weight"": 0.0, ""pipeline_mode"": ""naive"", ""pipeline_trace"": false, ""pipeline_trace_log_path"": ""results/20260827_181918/pipeline_naive/pipeline_trace.log"", ""ray_address"": """", ""output_dir"": ""results/20260827_181918/pipeline_naive"", ""enable_efficiency_monitor"": false, ""efficiency_monitor_interval"": 10, ""data_parallel_workers"": 3, ""data_parallel_worker_gpus"": 1.0, ""data_parallel_visible_gpus"": ""0,1,2"", ""data_parallel_sync_level"": ""micro_batch"", ""data_parallel_micro_batch_size"": 200, ""gpu_list"": ""0,1,2"", ""enable_auto_pipeline_config"": false, ""batch_training"": false, ""train_batch_size"": 32, ""batch_mode"": ""tbatch"", ""tgn_loss_mode"": ""all"", ""tgn_window_size"": 10.0, ""eval_frozen"": false, ""max_neighbors"": 0, ""model"": ""jodie_rnn"", ""embedding_dim"": 128, ""memory_cell"": ""rnn"", ""time_proj"": ""off"", ""use_static_embeddings"": ""on"", ""normalize_state"": ""off"", ""event_agg"": ""none"", ""agg_activation"": ""none"", ""attn_type"": ""dot"", ""time_decay"": ""none"", ""hidden_dim"": 0, ""memory_gate"": ""off"", ""enable_event_agg"": ""off"", ""enable_graph_update"": ""off"", ""message_mode"": ""peer"", ""msg_linear"": ""off""}"
8,coarse_pipeline,val,0.7034274586070601,0.7034274586070601,,0.7034274586070601,0.9064532266133066,8896,417.8216,jodie_rnn,"{""dataset"": ""public_csv"", ""dataset_dir"": ""data/public"", ""local_data_path"": ""data/public/mooc.csv"", ""train_ratio"": 0.7, ""val_ratio"": 0.1, ""max_events"": 20000, ""num_users"": 1435, ""num_items"": 21, ""num_interactions"": 3000, ""feature_dim"": 4, ""lr"": 0.001, ""neg_sample_size"": 5, ""k"": 10, ""selection_metric"": ""mrr"", ""device"": ""cuda"", ""seed"": 42, ""partition_size"": 2000, ""partition_strategy"": ""count"", ""partition_overlap_ratio"": 0.0, ""num_pipeline_stages"": 3, ""pipeline_worker_gpus"": 1.0, ""pipeline_worker_cpus"": 1.0, ""pipeline_stage_train_workers"": ""1,1,1"", ""pipeline_stage_eval_workers"": ""1,1,1"", ""stage_balance_strategy"": ""cost"", ""stage_balance_user_weight"": 0.25, ""stage_balance_item_weight"": 0.25, ""stage_balance_span_weight"": 0.0, ""pipeline_mode"": ""naive"", ""pipeline_trace"": false, ""pipeline_trace_log_path"": ""results/20260827_181918/pipeline_naive/pipeline_trace.log"", ""ray_address"": """", ""output_dir"": ""results/20260827_181918/pipeline_naive"", ""enable_efficiency_monitor"": false, ""efficiency_monitor_interval"": 10, ""data_parallel_workers"": 3, ""data_parallel_worker_gpus"": 1.0, ""data_parallel_visible_gpus"": ""0,1,2"", ""data_parallel_sync_level"": ""micro_batch"", ""data_parallel_micro_batch_size"": 200, ""gpu_list"": ""0,1,2"", ""enable_auto_pipeline_config"": false, ""batch_training"": false, ""train_batch_size"": 32, ""batch_mode"": ""tbatch"", ""tgn_loss_mode"": ""all"", ""tgn_window_size"": 10.0, ""eval_frozen"": false, ""max_neighbors"": 0, ""model"": ""jodie_rnn"", ""embedding_dim"": 32, ""memory_cell"": ""rnn"", ""time_proj"": ""linear"", ""use_static_embeddings"": ""off"", ""normalize_state"": ""on"", ""event_agg"": ""none"", ""agg_activation"": ""none"", ""attn_type"": ""dot"", ""time_decay"": ""none"", ""hidden_dim"": 0, ""memory_gate"": ""off"", ""enable_event_agg"": ""off"", ""enable_graph_update"": ""off"", ""message_mode"": ""peer"", ""msg_linear"": ""off""}"
9,coarse_pipeline,val,0.6989388480622469,0.6989388480622469,,0.6989388480622469,0.9064532266133066,8896,430.6699,jodie_rnn,"{""dataset"": ""public_csv"", ""dataset_dir"": ""data/public"", ""local_data_path"": ""data/public/mooc.csv"", ""train_ratio"": 0.7, ""val_ratio"": 0.1, ""max_events"": 20000, ""num_users"": 1435, ""num_items"": 21, ""num_interactions"": 3000, ""feature_dim"": 4, ""lr"": 0.001, ""neg_sample_size"": 5, ""k"": 10, ""selection_metric"": ""mrr"", ""device"": ""cuda"", ""seed"": 42, ""partition_size"": 2000, ""partition_strategy"": ""count"", ""partition_overlap_ratio"": 0.0, ""num_pipeline_stages"": 3, ""pipeline_worker_gpus"": 1.0, ""pipeline_worker_cpus"": 1.0, ""pipeline_stage_train_workers"": ""1,1,1"", ""pipeline_stage_eval_workers"": ""1,1,1"", ""stage_balance_strategy"": ""cost"", ""stage_balance_user_weight"": 0.25, ""stage_balance_item_weight"": 0.25, ""stage_balance_span_weight"": 0.0, ""pipeline_mode"": ""naive"", ""pipeline_trace"": false, ""pipeline_trace_log_path"": ""results/20260827_181918/pipeline_naive/pipeline_trace.log"", ""ray_address"": """", ""output_dir"": ""results/20260827_181918/pipeline_naive"", ""enable_efficiency_monitor"": false, ""efficiency_monitor_interval"": 10, ""data_parallel_workers"": 3, ""data_parallel_worker_gpus"": 1.0, ""data_parallel_visible_gpus"": ""0,1,2"", ""data_parallel_sync_level"": ""micro_batch"", ""data_parallel_micro_batch_size"": 200, ""gpu_list"": ""0,1,2"", ""enable_auto_pipeline_config"": false, ""batch_training"": false, ""train_batch_size"": 32, ""batch_mode"": ""tbatch"", ""tgn_loss_mode"": ""all"", ""tgn_window_size"": 10.0, ""eval_frozen"": false, ""max_neighbors"": 0, ""model"": ""jodie_rnn"", ""embedding_dim"": 32, ""memory_cell"": ""rnn"", ""time_proj"": ""linear"", ""use_static_embeddings"": ""off"", ""normalize_state"": ""off"", ""event_agg"": ""none"", ""agg_activation"": ""none"", ""attn_type"": ""dot"", ""time_decay"": ""none"", ""hidden_dim"": 0, ""memory_gate"": ""off"", ""enable_event_agg"": ""off"", ""enable_graph_update"": ""off"", ""message_mode"": ""peer"", ""msg_linear"": ""off""}"
10,coarse_pipeline,val,0.6941947392057507,0.6941947392057507,,0.6941947392057507,0.919959979989995,34176,418.301,jodie_rnn,"{""dataset"": ""public_csv"", ""dataset_dir"": ""data/public"", ""local_data_path"": ""data/public/mooc.csv"", ""train_ratio"": 0.7, ""val_ratio"": 0.1, ""max_events"": 20000, ""num_users"": 1435, ""num_items"": 21, ""num_interactions"": 3000, ""feature_dim"": 4, ""lr"": 0.001, ""neg_sample_size"": 5, ""k"": 10, ""selection_metric"": ""mrr"", ""device"": ""cuda"", ""seed"": 42, ""partition_size"": 2000, ""partition_strategy"": ""count"", ""partition_overlap_ratio"": 0.0, ""num_pipeline_stages"": 3, ""pipeline_worker_gpus"": 1.0, ""pipeline_worker_cpus"": 1.0, ""pipeline_stage_train_workers"": ""1,1,1"", ""pipeline_stage_eval_workers"": ""1,1,1"", ""stage_balance_strategy"": ""cost"", ""stage_balance_user_weight"": 0.25, ""stage_balance_item_weight"": 0.25, ""stage_balance_span_weight"": 0.0, ""pipeline_mode"": ""naive"", ""pipeline_trace"": false, ""pipeline_trace_log_path"": ""results/20260827_181918/pipeline_naive/pipeline_trace.log"", ""ray_address"": """", ""output_dir"": ""results/20260827_181918/pipeline_naive"", ""enable_efficiency_monitor"": false, ""efficiency_monitor_interval"": 10, ""data_parallel_workers"": 3, ""data_parallel_worker_gpus"": 1.0, ""data_parallel_visible_gpus"": ""0,1,2"", ""data_parallel_sync_level"": ""micro_batch"", ""data_parallel_micro_batch_size"": 200, ""gpu_list"": ""0,1,2"", ""enable_auto_pipeline_config"": false, ""batch_training"": false, ""train_batch_size"": 32, ""batch_mode"": ""tbatch"", ""tgn_loss_mode"": ""all"", ""tgn_window_size"": 10.0, ""eval_frozen"": false, ""max_neighbors"": 0, ""model"": ""jodie_rnn"", ""embedding_dim"": 64, ""memory_cell"": ""rnn"", ""time_proj"": ""linear"", ""use_static_embeddings"": ""off"", ""normalize_state"": ""off"", ""event_agg"": ""none"", ""agg_activation"": ""none"", ""attn_type"": ""dot"", ""time_decay"": ""none"", ""hidden_dim"": 0, ""memory_gate"": ""off"", ""enable_event_agg"": ""off"", ""enable_graph_update"": ""off"", ""message_mode"": ""peer"", ""msg_linear"": ""off""}"
11,rerank_pipeline,val,0.6915698297404435,0.6915698297404435,,0.6915698297404435,0.9329664832416208,133888,671.9043,jodie_rnn,"{""dataset"": ""public_csv"", ""dataset_dir"": ""data/public"", ""local_data_path"": ""data/public/mooc.csv"", ""train_ratio"": 0.7, ""val_ratio"": 0.1, ""max_events"": 20000, ""num_users"": 1435, ""num_items"": 21, ""num_interactions"": 3000, ""feature_dim"": 4, ""lr"": 0.001, ""neg_sample_size"": 5, ""k"": 10, ""selection_metric"": ""mrr"", ""device"": ""cuda"", ""seed"": 42, ""partition_size"": 2000, ""partition_strategy"": ""count"", ""partition_overlap_ratio"": 0.0, ""num_pipeline_stages"": 3, ""pipeline_worker_gpus"": 1.0, ""pipeline_worker_cpus"": 1.0, ""pipeline_stage_train_workers"": ""1,1,1"", ""pipeline_stage_eval_workers"": ""1,1,1"", ""stage_balance_strategy"": ""cost"", ""stage_balance_user_weight"": 0.25, ""stage_balance_item_weight"": 0.25, ""stage_balance_span_weight"": 0.0, ""pipeline_mode"": ""naive"", ""pipeline_trace"": false, ""pipeline_trace_log_path"": ""results/20260827_181918/pipeline_naive/pipeline_trace.log"", ""ray_address"": """", ""output_dir"": ""results/20260827_181918/pipeline_naive"", ""enable_efficiency_monitor"": false, ""efficiency_monitor_interval"": 10, ""data_parallel_workers"": 3, ""data_parallel_worker_gpus"": 1.0, ""data_parallel_visible_gpus"": ""0,1,2"", ""data_parallel_sync_level"": ""micro_batch"", ""data_parallel_micro_batch_size"": 200, ""gpu_list"": ""0,1,2"", ""enable_auto_pipeline_config"": false, ""batch_training"": false, ""train_batch_size"": 32, ""batch_mode"": ""tbatch"", ""tgn_loss_mode"": ""all"", ""tgn_window_size"": 10.0, ""eval_frozen"": false, ""max_neighbors"": 0, ""model"": ""jodie_rnn"", ""embedding_dim"": 128, ""memory_cell"": ""rnn"", ""time_proj"": ""linear"", ""use_static_embeddings"": ""off"", ""normalize_state"": ""off"", ""event_agg"": ""none"", ""agg_activation"": ""none"", ""attn_type"": ""dot"", ""time_decay"": ""none"", ""hidden_dim"": 0, ""memory_gate"": ""off"", ""enable_event_agg"": ""off"", ""enable_graph_update"": ""off"", ""message_mode"": ""peer"", ""msg_linear"": ""off""}"
12,coarse_pipeline,val,0.677965746406798,0.677965746406798,,0.677965746406798,0.9409704852426213,34176,198.9928,jodie_rnn,"{""dataset"": ""public_csv"", ""dataset_dir"": ""data/public"", ""local_data_path"": ""data/public/mooc.csv"", ""train_ratio"": 0.7, ""val_ratio"": 0.1, ""max_events"": 20000, ""num_users"": 1435, ""num_items"": 21, ""num_interactions"": 3000, ""feature_dim"": 4, ""lr"": 0.001, ""neg_sample_size"": 5, ""k"": 10, ""selection_metric"": ""mrr"", ""device"": ""cuda"", ""seed"": 42, ""partition_size"": 2000, ""partition_strategy"": ""count"", ""partition_overlap_ratio"": 0.0, ""num_pipeline_stages"": 3, ""pipeline_worker_gpus"": 1.0, ""pipeline_worker_cpus"": 1.0, ""pipeline_stage_train_workers"": ""1,1,1"", ""pipeline_stage_eval_workers"": ""1,1,1"", ""stage_balance_strategy"": ""cost"", ""stage_balance_user_weight"": 0.25, ""stage_balance_item_weight"": 0.25, ""stage_balance_span_weight"": 0.0, ""pipeline_mode"": ""naive"", ""pipeline_trace"": false, ""pipeline_trace_log_path"": ""results/20260827_181918/pipeline_naive/pipeline_trace.log"", ""ray_address"": """", ""output_dir"": ""results/20260827_181918/pipeline_naive"", ""enable_efficiency_monitor"": false, ""efficiency_monitor_interval"": 10, ""data_parallel_workers"": 3, ""data_parallel_worker_gpus"": 1.0, ""data_parallel_visible_gpus"": ""0,1,2"", ""data_parallel_sync_level"": ""micro_batch"", ""data_parallel_micro_batch_size"": 200, ""gpu_list"": ""0,1,2"", ""enable_auto_pipeline_config"": false, ""batch_training"": false, ""train_batch_size"": 32, ""batch_mode"": ""tbatch"", ""tgn_loss_mode"": ""all"", ""tgn_window_size"": 10.0, ""eval_frozen"": false, ""max_neighbors"": 0, ""model"": ""jodie_rnn"", ""embedding_dim"": 64, ""memory_cell"": ""rnn"", ""time_proj"": ""linear"", ""use_static_embeddings"": ""off"", ""normalize_state"": ""on"", ""event_agg"": ""none"", ""agg_activation"": ""none"", ""attn_type"": ""dot"", ""time_decay"": ""none"", ""hidden_dim"": 0, ""memory_gate"": ""off"", ""enable_event_agg"": ""off"", ""enable_graph_update"": ""off"", ""message_mode"": ""peer"", ""msg_linear"": ""off""}"
13,coarse_pipeline,val,0.6726381205955358,0.6726381205955358,,0.6726381205955358,0.9259629814907454,334592,411.83,jodie_rnn,"{""dataset"": ""public_csv"", ""dataset_dir"": ""data/public"", ""local_data_path"": ""data/public/mooc.csv"", ""train_ratio"": 0.7, ""val_ratio"": 0.1, ""max_events"": 20000, ""num_users"": 1435, ""num_items"": 21, ""num_interactions"": 3000, ""feature_dim"": 4, ""lr"": 0.001, ""neg_sample_size"": 5, ""k"": 10, ""selection_metric"": ""mrr"", ""device"": ""cuda"", ""seed"": 42, ""partition_size"": 2000, ""partition_strategy"": ""count"", ""partition_overlap_ratio"": 0.0, ""num_pipeline_stages"": 3, ""pipeline_worker_gpus"": 1.0, ""pipeline_worker_cpus"": 1.0, ""pipeline_stage_train_workers"": ""1,1,1"", ""pipeline_stage_eval_workers"": ""1,1,1"", ""stage_balance_strategy"": ""cost"", ""stage_balance_user_weight"": 0.25, ""stage_balance_item_weight"": 0.25, ""stage_balance_span_weight"": 0.0, ""pipeline_mode"": ""naive"", ""pipeline_trace"": false, ""pipeline_trace_log_path"": ""results/20260827_181918/pipeline_naive/pipeline_trace.log"", ""ray_address"": """", ""output_dir"": ""results/20260827_181918/pipeline_naive"", ""enable_efficiency_monitor"": false, ""efficiency_monitor_interval"": 10, ""data_parallel_workers"": 3, ""data_parallel_worker_gpus"": 1.0, ""data_parallel_visible_gpus"": ""0,1,2"", ""data_parallel_sync_level"": ""micro_batch"", ""data_parallel_micro_batch_size"": 200, ""gpu_list"": ""0,1,2"", ""enable_auto_pipeline_config"": false, ""batch_training"": false, ""train_batch_size"": 32, ""batch_mode"": ""tbatch"", ""tgn_loss_mode"": ""all"", ""tgn_window_size"": 10.0, ""eval_frozen"": false, ""max_neighbors"": 0, ""model"": ""jodie_rnn"", ""embedding_dim"": 128, ""memory_cell"": ""gru"", ""time_proj"": ""linear"", ""use_static_embeddings"": ""off"", ""normalize_state"": ""on"", ""event_agg"": ""none"", ""agg_activation"": ""none"", ""attn_type"": ""dot"", ""time_decay"": ""none"", ""hidden_dim"": 0, ""memory_gate"": ""off"", ""enable_event_agg"": ""off"", ""enable_graph_update"": ""off"", ""message_mode"": ""peer"", ""msg_linear"": ""off""}"
14,coarse_pipeline,val,0.663169378012383,0.663169378012383,,0.663169378012383,0.9394697348674337,402176,283.6091,jodie_rnn,"{""dataset"": ""public_csv"", ""dataset_dir"": ""data/public"", ""local_data_path"": ""data/public/mooc.csv"", ""train_ratio"": 0.7, ""val_ratio"": 0.1, ""max_events"": 20000, ""num_users"": 1435, ""num_items"": 21, ""num_interactions"": 3000, ""feature_dim"": 4, ""lr"": 0.001, ""neg_sample_size"": 5, ""k"": 10, ""selection_metric"": ""mrr"", ""device"": ""cuda"", ""seed"": 42, ""partition_size"": 2000, ""partition_strategy"": ""count"", ""partition_overlap_ratio"": 0.0, ""num_pipeline_stages"": 3, ""pipeline_worker_gpus"": 1.0, ""pipeline_worker_cpus"": 1.0, ""pipeline_stage_train_workers"": ""1,1,1"", ""pipeline_stage_eval_workers"": ""1,1,1"", ""stage_balance_strategy"": ""cost"", ""stage_balance_user_weight"": 0.25, ""stage_balance_item_weight"": 0.25, ""stage_balance_span_weight"": 0.0, ""pipeline_mode"": ""naive"", ""pipeline_trace"": false, ""pipeline_trace_log_path"": ""results/20260827_181918/pipeline_naive/pipeline_trace.log"", ""ray_address"": """", ""output_dir"": ""results/20260827_181918/pipeline_naive"", ""enable_efficiency_monitor"": false, ""efficiency_monitor_interval"": 10, ""data_parallel_workers"": 3, ""data_parallel_worker_gpus"": 1.0, ""data_parallel_visible_gpus"": ""0,1,2"", ""data_parallel_sync_level"": ""micro_batch"", ""data_parallel_micro_batch_size"": 200, ""gpu_list"": ""0,1,2"", ""enable_auto_pipeline_config"": false, ""batch_training"": false, ""train_batch_size"": 32, ""batch_mode"": ""tbatch"", ""tgn_loss_mode"": ""all"", ""tgn_window_size"": 10.0, ""eval_frozen"": false, ""max_neighbors"": 0, ""model"": ""jodie_rnn"", ""embedding_dim"": 128, ""memory_cell"": ""rnn"", ""time_proj"": ""linear"", ""use_static_embeddings"": ""on"", ""normalize_state"": ""on"", ""event_agg"": ""none"", ""agg_activation"": ""none"", ""attn_type"": ""dot"", ""time_decay"": ""none"", ""hidden_dim"": 0, ""memory_gate"": ""off"", ""enable_event_agg"": ""off"", ""enable_graph_update"": ""off"", ""message_mode"": ""peer"", ""msg_linear"": ""off""}"
15,rerank_pipeline,val,0.6470187115950786,0.6470187115950786,,0.6470187115950786,0.8824412206103052,8896,673.0285,jodie_rnn,"{""dataset"": ""public_csv"", ""dataset_dir"": ""data/public"", ""local_data_path"": ""data/public/mooc.csv"", ""train_ratio"": 0.7, ""val_ratio"": 0.1, ""max_events"": 20000, ""num_users"": 1435, ""num_items"": 21, ""num_interactions"": 3000, ""feature_dim"": 4, ""lr"": 0.001, ""neg_sample_size"": 5, ""k"": 10, ""selection_metric"": ""mrr"", ""device"": ""cuda"", ""seed"": 42, ""partition_size"": 2000, ""partition_strategy"": ""count"", ""partition_overlap_ratio"": 0.0, ""num_pipeline_stages"": 3, ""pipeline_worker_gpus"": 1.0, ""pipeline_worker_cpus"": 1.0, ""pipeline_stage_train_workers"": ""1,1,1"", ""pipeline_stage_eval_workers"": ""1,1,1"", ""stage_balance_strategy"": ""cost"", ""stage_balance_user_weight"": 0.25, ""stage_balance_item_weight"": 0.25, ""stage_balance_span_weight"": 0.0, ""pipeline_mode"": ""naive"", ""pipeline_trace"": false, ""pipeline_trace_log_path"": ""results/20260827_181918/pipeline_naive/pipeline_trace.log"", ""ray_address"": """", ""output_dir"": ""results/20260827_181918/pipeline_naive"", ""enable_efficiency_monitor"": false, ""efficiency_monitor_interval"": 10, ""data_parallel_workers"": 3, ""data_parallel_worker_gpus"": 1.0, ""data_parallel_visible_gpus"": ""0,1,2"", ""data_parallel_sync_level"": ""micro_batch"", ""data_parallel_micro_batch_size"": 200, ""gpu_list"": ""0,1,2"", ""enable_auto_pipeline_config"": false, ""batch_training"": false, ""train_batch_size"": 32, ""batch_mode"": ""tbatch"", ""tgn_loss_mode"": ""all"", ""tgn_window_size"": 10.0, ""eval_frozen"": false, ""max_neighbors"": 0, ""model"": ""jodie_rnn"", ""embedding_dim"": 32, ""memory_cell"": ""rnn"", ""time_proj"": ""linear"", ""use_static_embeddings"": ""off"", ""normalize_state"": ""off"", ""event_agg"": ""none"", ""agg_activation"": ""none"", ""attn_type"": ""dot"", ""time_decay"": ""none"", ""hidden_dim"": 0, ""memory_gate"": ""off"", ""enable_event_agg"": ""off"", ""enable_graph_update"": ""off"", ""message_mode"": ""peer"", ""msg_linear"": ""off""}"
16,coarse_pipeline,val,0.6415285165528508,0.6415285165528508,,0.6415285165528508,0.951975987993997,733952,345.8994,jodie_rnn,"{""dataset"": ""public_csv"", ""dataset_dir"": ""data/public"", ""local_data_path"": ""data/public/mooc.csv"", ""train_ratio"": 0.7, ""val_ratio"": 0.1, ""max_events"": 20000, ""num_users"": 1435, ""num_items"": 21, ""num_interactions"": 3000, ""feature_dim"": 4, ""lr"": 0.001, ""neg_sample_size"": 5, ""k"": 10, ""selection_metric"": ""mrr"", ""device"": ""cuda"", ""seed"": 42, ""partition_size"": 2000, ""partition_strategy"": ""count"", ""partition_overlap_ratio"": 0.0, ""num_pipeline_stages"": 3, ""pipeline_worker_gpus"": 1.0, ""pipeline_worker_cpus"": 1.0, ""pipeline_stage_train_workers"": ""1,1,1"", ""pipeline_stage_eval_workers"": ""1,1,1"", ""stage_balance_strategy"": ""cost"", ""stage_balance_user_weight"": 0.25, ""stage_balance_item_weight"": 0.25, ""stage_balance_span_weight"": 0.0, ""pipeline_mode"": ""naive"", ""pipeline_trace"": false, ""pipeline_trace_log_path"": ""results/20260827_181918/pipeline_naive/pipeline_trace.log"", ""ray_address"": """", ""output_dir"": ""results/20260827_181918/pipeline_naive"", ""enable_efficiency_monitor"": false, ""efficiency_monitor_interval"": 10, ""data_parallel_workers"": 3, ""data_parallel_worker_gpus"": 1.0, ""data_parallel_visible_gpus"": ""0,1,2"", ""data_parallel_sync_level"": ""micro_batch"", ""data_parallel_micro_batch_size"": 200, ""gpu_list"": ""0,1,2"", ""enable_auto_pipeline_config"": false, ""batch_training"": false, ""train_batch_size"": 32, ""batch_mode"": ""tbatch"", ""tgn_loss_mode"": ""all"", ""tgn_window_size"": 10.0, ""eval_frozen"": false, ""max_neighbors"": 0, ""model"": ""jodie_rnn"", ""embedding_dim"": 128, ""memory_cell"": ""gru"", ""time_proj"": ""linear"", ""use_static_embeddings"": ""on"", ""normalize_state"": ""on"", ""event_agg"": ""none"", ""agg_activation"": ""none"", ""attn_type"": ""dot"", ""time_decay"": ""none"", ""hidden_dim"": 0, ""memory_gate"": ""off"", ""enable_event_agg"": ""off"", ""enable_graph_update"": ""off"", ""message_mode"": ""peer"", ""msg_linear"": ""off""}"
17,coarse_pipeline,val,0.6386008608118892,0.6386008608118892,,0.6386008608118892,0.9514757378689345,8896,230.5113,jodie_rnn,"{""dataset"": ""public_csv"", ""dataset_dir"": ""data/public"", ""local_data_path"": ""data/public/mooc.csv"", ""train_ratio"": 0.7, ""val_ratio"": 0.1, ""max_events"": 20000, ""num_users"": 1435, ""num_items"": 21, ""num_interactions"": 3000, ""feature_dim"": 4, ""lr"": 0.001, ""neg_sample_size"": 5, ""k"": 10, ""selection_metric"": ""mrr"", ""device"": ""cuda"", ""seed"": 42, ""partition_size"": 2000, ""partition_strategy"": ""count"", ""partition_overlap_ratio"": 0.0, ""num_pipeline_stages"": 3, ""pipeline_worker_gpus"": 1.0, ""pipeline_worker_cpus"": 1.0, ""pipeline_stage_train_workers"": ""1,1,1"", ""pipeline_stage_eval_workers"": ""1,1,1"", ""stage_balance_strategy"": ""cost"", ""stage_balance_user_weight"": 0.25, ""stage_balance_item_weight"": 0.25, ""stage_balance_span_weight"": 0.0, ""pipeline_mode"": ""naive"", ""pipeline_trace"": false, ""pipeline_trace_log_path"": ""results/20260827_181918/pipeline_naive/pipeline_trace.log"", ""ray_address"": """", ""output_dir"": ""results/20260827_181918/pipeline_naive"", ""enable_efficiency_monitor"": false, ""efficiency_monitor_interval"": 10, ""data_parallel_workers"": 3, ""data_parallel_worker_gpus"": 1.0, ""data_parallel_visible_gpus"": ""0,1,2"", ""data_parallel_sync_level"": ""micro_batch"", ""data_parallel_micro_batch_size"": 200, ""gpu_list"": ""0,1,2"", ""enable_auto_pipeline_config"": false, ""batch_training"": false, ""train_batch_size"": 32, ""batch_mode"": ""tbatch"", ""tgn_loss_mode"": ""all"", ""tgn_window_size"": 10.0, ""eval_frozen"": false, ""max_neighbors"": 0, ""model"": ""jodie_rnn"", ""embedding_dim"": 32, ""memory_cell"": ""rnn"", ""time_proj"": ""off"", ""use_static_embeddings"": ""off"", ""normalize_state"": ""off"", ""event_agg"": ""none"", ""agg_activation"": ""none"", ""attn_type"": ""dot"", ""time_decay"": ""none"", ""hidden_dim"": 0, ""memory_gate"": ""off"", ""enable_event_agg"": ""off"", ""enable_graph_update"": ""off"", ""message_mode"": ""peer"", ""msg_linear"": ""off""}"
18,rerank_pipeline,val,0.635707750216726,0.635707750216726,,0.635707750216726,0.8999499749874937,34176,673.2947,jodie_rnn,"{""dataset"": ""public_csv"", ""dataset_dir"": ""data/public"", ""local_data_path"": ""data/public/mooc.csv"", ""train_ratio"": 0.7, ""val_ratio"": 0.1, ""max_events"": 20000, ""num_users"": 1435, ""num_items"": 21, ""num_interactions"": 3000, ""feature_dim"": 4, ""lr"": 0.001, ""neg_sample_size"": 5, ""k"": 10, ""selection_metric"": ""mrr"", ""device"": ""cuda"", ""seed"": 42, ""partition_size"": 2000, ""partition_strategy"": ""count"", ""partition_overlap_ratio"": 0.0, ""num_pipeline_stages"": 3, ""pipeline_worker_gpus"": 1.0, ""pipeline_worker_cpus"": 1.0, ""pipeline_stage_train_workers"": ""1,1,1"", ""pipeline_stage_eval_workers"": ""1,1,1"", ""stage_balance_strategy"": ""cost"", ""stage_balance_user_weight"": 0.25, ""stage_balance_item_weight"": 0.25, ""stage_balance_span_weight"": 0.0, ""pipeline_mode"": ""naive"", ""pipeline_trace"": false, ""pipeline_trace_log_path"": ""results/20260827_181918/pipeline_naive/pipeline_trace.log"", ""ray_address"": """", ""output_dir"": ""results/20260827_181918/pipeline_naive"", ""enable_efficiency_monitor"": false, ""efficiency_monitor_interval"": 10, ""data_parallel_workers"": 3, ""data_parallel_worker_gpus"": 1.0, ""data_parallel_visible_gpus"": ""0,1,2"", ""data_parallel_sync_level"": ""micro_batch"", ""data_parallel_micro_batch_size"": 200, ""gpu_list"": ""0,1,2"", ""enable_auto_pipeline_config"": false, ""batch_training"": false, ""train_batch_size"": 32, ""batch_mode"": ""tbatch"", ""tgn_loss_mode"": ""all"", ""tgn_window_size"": 10.0, ""eval_frozen"": false, ""max_neighbors"": 0, ""model"": ""jodie_rnn"", ""embedding_dim"": 64, ""memory_cell"": ""rnn"", ""time_proj"": ""linear"", ""use_static_embeddings"": ""off"", ""normalize_state"": ""off"", ""event_agg"": ""none"", ""agg_activation"": ""none"", ""attn_type"": ""dot"", ""time_decay"": ""none"", ""hidden_dim"": 0, ""memory_gate"": ""off"", ""enable_event_agg"": ""off"", ""enable_graph_update"": ""off"", ""message_mode"": ""peer"", ""msg_linear"": ""off""}"
19,coarse_pipeline,val,0.6337346335267311,0.6337346335267311,,0.6337346335267311,0.9014507253626813,85376,331.3915,jodie_rnn,"{""dataset"": ""public_csv"", ""dataset_dir"": ""data/public"", ""local_data_path"": ""data/public/mooc.csv"", ""train_ratio"": 0.7, ""val_ratio"": 0.1, ""max_events"": 20000, ""num_users"": 1435, ""num_items"": 21, ""num_interactions"": 3000, ""feature_dim"": 4, ""lr"": 0.001, ""neg_sample_size"": 5, ""k"": 10, ""selection_metric"": ""mrr"", ""device"": ""cuda"", ""seed"": 42, ""partition_size"": 2000, ""partition_strategy"": ""count"", ""partition_overlap_ratio"": 0.0, ""num_pipeline_stages"": 3, ""pipeline_worker_gpus"": 1.0, ""pipeline_worker_cpus"": 1.0, ""pipeline_stage_train_workers"": ""1,1,1"", ""pipeline_stage_eval_workers"": ""1,1,1"", ""stage_balance_strategy"": ""cost"", ""stage_balance_user_weight"": 0.25, ""stage_balance_item_weight"": 0.25, ""stage_balance_span_weight"": 0.0, ""pipeline_mode"": ""naive"", ""pipeline_trace"": false, ""pipeline_trace_log_path"": ""results/20260827_181918/pipeline_naive/pipeline_trace.log"", ""ray_address"": """", ""output_dir"": ""results/20260827_181918/pipeline_naive"", ""enable_efficiency_monitor"": false, ""efficiency_monitor_interval"": 10, ""data_parallel_workers"": 3, ""data_parallel_worker_gpus"": 1.0, ""data_parallel_visible_gpus"": ""0,1,2"", ""data_parallel_sync_level"": ""micro_batch"", ""data_parallel_micro_batch_size"": 200, ""gpu_list"": ""0,1,2"", ""enable_auto_pipeline_config"": false, ""batch_training"": false, ""train_batch_size"": 32, ""batch_mode"": ""tbatch"", ""tgn_loss_mode"": ""all"", ""tgn_window_size"": 10.0, ""eval_frozen"": false, ""max_neighbors"": 0, ""model"": ""jodie_rnn"", ""embedding_dim"": 64, ""memory_cell"": ""gru"", ""time_proj"": ""linear"", ""use_static_embeddings"": ""off"", ""normalize_state"": ""on"", ""event_agg"": ""none"", ""agg_activation"": ""none"", ""attn_type"": ""dot"", ""time_decay"": ""none"", ""hidden_dim"": 0, ""memory_gate"": ""off"", ""enable_event_agg"": ""off"", ""enable_graph_update"": ""off"", ""message_mode"": ""peer"", ""msg_linear"": ""off""}"
20,rerank_pipeline,val,0.6297785175938247,0.6297785175938247,,0.6297785175938247,0.8649324662331166,8896,672.7709,jodie_rnn,"{""dataset"": ""public_csv"", ""dataset_dir"": ""data/public"", ""local_data_path"": ""data/public/mooc.csv"", ""train_ratio"": 0.7, ""val_ratio"": 0.1, ""max_events"": 20000, ""num_users"": 1435, ""num_items"": 21, ""num_interactions"": 3000, ""feature_dim"": 4, ""lr"": 0.001, ""neg_sample_size"": 5, ""k"": 10, ""selection_metric"": ""mrr"", ""device"": ""cuda"", ""seed"": 42, ""partition_size"": 2000, ""partition_strategy"": ""count"", ""partition_overlap_ratio"": 0.0, ""num_pipeline_stages"": 3, ""pipeline_worker_gpus"": 1.0, ""pipeline_worker_cpus"": 1.0, ""pipeline_stage_train_workers"": ""1,1,1"", ""pipeline_stage_eval_workers"": ""1,1,1"", ""stage_balance_strategy"": ""cost"", ""stage_balance_user_weight"": 0.25, ""stage_balance_item_weight"": 0.25, ""stage_balance_span_weight"": 0.0, ""pipeline_mode"": ""naive"", ""pipeline_trace"": false, ""pipeline_trace_log_path"": ""results/20260827_181918/pipeline_naive/pipeline_trace.log"", ""ray_address"": """", ""output_dir"": ""results/20260827_181918/pipeline_naive"", ""enable_efficiency_monitor"": false, ""efficiency_monitor_interval"": 10, ""data_parallel_workers"": 3, ""data_parallel_worker_gpus"": 1.0, ""data_parallel_visible_gpus"": ""0,1,2"", ""data_parallel_sync_level"": ""micro_batch"", ""data_parallel_micro_batch_size"": 200, ""gpu_list"": ""0,1,2"", ""enable_auto_pipeline_config"": false, ""batch_training"": false, ""train_batch_size"": 32, ""batch_mode"": ""tbatch"", ""tgn_loss_mode"": ""all"", ""tgn_window_size"": 10.0, ""eval_frozen"": false, ""max_neighbors"": 0, ""model"": ""jodie_rnn"", ""embedding_dim"": 32, ""memory_cell"": ""rnn"", ""time_proj"": ""linear"", ""use_static_embeddings"": ""off"", ""normalize_state"": ""on"", ""event_agg"": ""none"", ""agg_activation"": ""none"", ""attn_type"": ""dot"", ""time_decay"": ""none"", ""hidden_dim"": 0, ""memory_gate"": ""off"", ""enable_event_agg"": ""off"", ""enable_graph_update"": ""off"", ""message_mode"": ""peer"", ""msg_linear"": ""off""}"
21,coarse_pipeline,val,0.6196523287684189,0.6196523287684189,,0.6196523287684189,0.9109554777388694,402176,363.0521,jodie_rnn,"{""dataset"": ""public_csv"", ""dataset_dir"": ""data/public"", ""local_data_path"": ""data/public/mooc.csv"", ""train_ratio"": 0.7, ""val_ratio"": 0.1, ""max_events"": 20000, ""num_users"": 1435, ""num_items"": 21, ""num_interactions"": 3000, ""feature_dim"": 4, ""lr"": 0.001, ""neg_sample_size"": 5, ""k"": 10, ""selection_metric"": ""mrr"", ""device"": ""cuda"", ""seed"": 42, ""partition_size"": 2000, ""partition_strategy"": ""count"", ""partition_overlap_ratio"": 0.0, ""num_pipeline_stages"": 3, ""pipeline_worker_gpus"": 1.0, ""pipeline_worker_cpus"": 1.0, ""pipeline_stage_train_workers"": ""1,1,1"", ""pipeline_stage_eval_workers"": ""1,1,1"", ""stage_balance_strategy"": ""cost"", ""stage_balance_user_weight"": 0.25, ""stage_balance_item_weight"": 0.25, ""stage_balance_span_weight"": 0.0, ""pipeline_mode"": ""naive"", ""pipeline_trace"": false, ""pipeline_trace_log_path"": ""results/20260827_181918/pipeline_naive/pipeline_trace.log"", ""ray_address"": """", ""output_dir"": ""results/20260827_181918/pipeline_naive"", ""enable_efficiency_monitor"": false, ""efficiency_monitor_interval"": 10, ""data_parallel_workers"": 3, ""data_parallel_worker_gpus"": 1.0, ""data_parallel_visible_gpus"": ""0,1,2"", ""data_parallel_sync_level"": ""micro_batch"", ""data_parallel_micro_batch_size"": 200, ""gpu_list"": ""0,1,2"", ""enable_auto_pipeline_config"": false, ""batch_training"": false, ""train_batch_size"": 32, ""batch_mode"": ""tbatch"", ""tgn_loss_mode"": ""all"", ""tgn_window_size"": 10.0, ""eval_frozen"": false, ""max_neighbors"": 0, ""model"": ""jodie_rnn"", ""embedding_dim"": 128, ""memory_cell"": ""rnn"", ""time_proj"": ""linear"", ""use_static_embeddings"": ""on"", ""normalize_state"": ""off"", ""event_agg"": ""none"", ""agg_activation"": ""none"", ""attn_type"": ""dot"", ""time_decay"": ""none"", ""hidden_dim"": 0, ""memory_gate"": ""off"", ""enable_event_agg"": ""off"", ""enable_graph_update"": ""off"", ""message_mode"": ""peer"", ""msg_linear"": ""off""}"
22,coarse_pipeline,val,0.6193764706509669,0.6193764706509669,,0.6193764706509669,0.8849424712356178,147840,399.3295,jodie_rnn,"{""dataset"": ""public_csv"", ""dataset_dir"": ""data/public"", ""local_data_path"": ""data/public/mooc.csv"", ""train_ratio"": 0.7, ""val_ratio"": 0.1, ""max_events"": 20000, ""num_users"": 1435, ""num_items"": 21, ""num_interactions"": 3000, ""feature_dim"": 4, ""lr"": 0.001, ""neg_sample_size"": 5, ""k"": 10, ""selection_metric"": ""mrr"", ""device"": ""cuda"", ""seed"": 42, ""partition_size"": 2000, ""partition_strategy"": ""count"", ""partition_overlap_ratio"": 0.0, ""num_pipeline_stages"": 3, ""pipeline_worker_gpus"": 1.0, ""pipeline_worker_cpus"": 1.0, ""pipeline_stage_train_workers"": ""1,1,1"", ""pipeline_stage_eval_workers"": ""1,1,1"", ""stage_balance_strategy"": ""cost"", ""stage_balance_user_weight"": 0.25, ""stage_balance_item_weight"": 0.25, ""stage_balance_span_weight"": 0.0, ""pipeline_mode"": ""naive"", ""pipeline_trace"": false, ""pipeline_trace_log_path"": ""results/20260827_181918/pipeline_naive/pipeline_trace.log"", ""ray_address"": """", ""output_dir"": ""results/20260827_181918/pipeline_naive"", ""enable_efficiency_monitor"": false, ""efficiency_monitor_interval"": 10, ""data_parallel_workers"": 3, ""data_parallel_worker_gpus"": 1.0, ""data_parallel_visible_gpus"": ""0,1,2"", ""data_parallel_sync_level"": ""micro_batch"", ""data_parallel_micro_batch_size"": 200, ""gpu_list"": ""0,1,2"", ""enable_auto_pipeline_config"": false, ""batch_training"": false, ""train_batch_size"": 32, ""batch_mode"": ""tbatch"", ""tgn_loss_mode"": ""all"", ""tgn_window_size"": 10.0, ""eval_frozen"": false, ""max_neighbors"": 0, ""model"": ""jodie_rnn"", ""embedding_dim"": 64, ""memory_cell"": ""rnn"", ""time_proj"": ""linear"", ""use_static_embeddings"": ""on"", ""normalize_state"": ""on"", ""event_agg"": ""none"", ""agg_activation"": ""none"", ""attn_type"": ""dot"", ""time_decay"": ""none"", ""hidden_dim"": 0, ""memory_gate"": ""off"", ""enable_event_agg"": ""off"", ""enable_graph_update"": ""off"", ""message_mode"": ""peer"", ""msg_linear"": ""off""}"
23,rerank_pipeline,val,0.6188818721490822,0.6188818721490822,,0.6188818721490822,0.9089544772386193,34176,673.5929,jodie_rnn,"{""dataset"": ""public_csv"", ""dataset_dir"": ""data/public"", ""local_data_path"": ""data/public/mooc.csv"", ""train_ratio"": 0.7, ""val_ratio"": 0.1, ""max_events"": 20000, ""num_users"": 1435, ""num_items"": 21, ""num_interactions"": 3000, ""feature_dim"": 4, ""lr"": 0.001, ""neg_sample_size"": 5, ""k"": 10, ""selection_metric"": ""mrr"", ""device"": ""cuda"", ""seed"": 42, ""partition_size"": 2000, ""partition_strategy"": ""count"", ""partition_overlap_ratio"": 0.0, ""num_pipeline_stages"": 3, ""pipeline_worker_gpus"": 1.0, ""pipeline_worker_cpus"": 1.0, ""pipeline_stage_train_workers"": ""1,1,1"", ""pipeline_stage_eval_workers"": ""1,1,1"", ""stage_balance_strategy"": ""cost"", ""stage_balance_user_weight"": 0.25, ""stage_balance_item_weight"": 0.25, ""stage_balance_span_weight"": 0.0, ""pipeline_mode"": ""naive"", ""pipeline_trace"": false, ""pipeline_trace_log_path"": ""results/20260827_181918/pipeline_naive/pipeline_trace.log"", ""ray_address"": """", ""output_dir"": ""results/20260827_181918/pipeline_naive"", ""enable_efficiency_monitor"": false, ""efficiency_monitor_interval"": 10, ""data_parallel_workers"": 3, ""data_parallel_worker_gpus"": 1.0, ""data_parallel_visible_gpus"": ""0,1,2"", ""data_parallel_sync_level"": ""micro_batch"", ""data_parallel_micro_batch_size"": 200, ""gpu_list"": ""0,1,2"", ""enable_auto_pipeline_config"": false, ""batch_training"": false, ""train_batch_size"": 32, ""batch_mode"": ""tbatch"", ""tgn_loss_mode"": ""all"", ""tgn_window_size"": 10.0, ""eval_frozen"": false, ""max_neighbors"": 0, ""model"": ""jodie_rnn"", ""embedding_dim"": 64, ""memory_cell"": ""rnn"", ""time_proj"": ""linear"", ""use_static_embeddings"": ""off"", ""normalize_state"": ""on"", ""event_agg"": ""none"", ""agg_activation"": ""none"", ""attn_type"": ""dot"", ""time_decay"": ""none"", ""hidden_dim"": 0, ""memory_gate"": ""off"", ""enable_event_agg"": ""off"", ""enable_graph_update"": ""off"", ""message_mode"": ""peer"", ""msg_linear"": ""off""}"
24,coarse_pipeline,val,0.6180164726050101,0.6180164726050101,,0.6180164726050101,0.9364682341170585,147840,270.0229,jodie_rnn,"{""dataset"": ""public_csv"", ""dataset_dir"": ""data/public"", ""local_data_path"": ""data/public/mooc.csv"", ""train_ratio"": 0.7, ""val_ratio"": 0.1, ""max_events"": 20000, ""num_users"": 1435, ""num_items"": 21, ""num_interactions"": 3000, ""feature_dim"": 4, ""lr"": 0.001, ""neg_sample_size"": 5, ""k"": 10, ""selection_metric"": ""mrr"", ""device"": ""cuda"", ""seed"": 42, ""partition_size"": 2000, ""partition_strategy"": ""count"", ""partition_overlap_ratio"": 0.0, ""num_pipeline_stages"": 3, ""pipeline_worker_gpus"": 1.0, ""pipeline_worker_cpus"": 1.0, ""pipeline_stage_train_workers"": ""1,1,1"", ""pipeline_stage_eval_workers"": ""1,1,1"", ""stage_balance_strategy"": ""cost"", ""stage_balance_user_weight"": 0.25, ""stage_balance_item_weight"": 0.25, ""stage_balance_span_weight"": 0.0, ""pipeline_mode"": ""naive"", ""pipeline_trace"": false, ""pipeline_trace_log_path"": ""results/20260827_181918/pipeline_naive/pipeline_trace.log"", ""ray_address"": """", ""output_dir"": ""results/20260827_181918/pipeline_naive"", ""enable_efficiency_monitor"": false, ""efficiency_monitor_interval"": 10, ""data_parallel_workers"": 3, ""data_parallel_worker_gpus"": 1.0, ""data_parallel_visible_gpus"": ""0,1,2"", ""data_parallel_sync_level"": ""micro_batch"", ""data_parallel_micro_batch_size"": 200, ""gpu_list"": ""0,1,2"", ""enable_auto_pipeline_config"": false, ""batch_training"": false, ""train_batch_size"": 32, ""batch_mode"": ""tbatch"", ""tgn_loss_mode"": ""all"", ""tgn_window_size"": 10.0, ""eval_frozen"": false, ""max_neighbors"": 0, ""model"": ""jodie_rnn"", ""embedding_dim"": 64, ""memory_cell"": ""rnn"", ""time_proj"": ""off"", ""use_static_embeddings"": ""on"", ""normalize_state"": ""off"", ""event_agg"": ""none"", ""agg_activation"": ""none"", ""attn_type"": ""dot"", ""time_decay"": ""none"", ""hidden_dim"": 0, ""memory_gate"": ""off"", ""enable_event_agg"": ""off"", ""enable_graph_update"": ""off"", ""message_mode"": ""peer"", ""msg_linear"": ""off""}"
25,coarse_pipeline,val,0.6034729726912317,0.6034729726912317,,0.6034729726912317,0.8744372186093047,60608,245.0757,jodie_rnn,"{""dataset"": ""public_csv"", ""dataset_dir"": ""data/public"", ""local_data_path"": ""data/public/mooc.csv"", ""train_ratio"": 0.7, ""val_ratio"": 0.1, ""max_events"": 20000, ""num_users"": 1435, ""num_items"": 21, ""num_interactions"": 3000, ""feature_dim"": 4, ""lr"": 0.001, ""neg_sample_size"": 5, ""k"": 10, ""selection_metric"": ""mrr"", ""device"": ""cuda"", ""seed"": 42, ""partition_size"": 2000, ""partition_strategy"": ""count"", ""partition_overlap_ratio"": 0.0, ""num_pipeline_stages"": 3, ""pipeline_worker_gpus"": 1.0, ""pipeline_worker_cpus"": 1.0, ""pipeline_stage_train_workers"": ""1,1,1"", ""pipeline_stage_eval_workers"": ""1,1,1"", ""stage_balance_strategy"": ""cost"", ""stage_balance_user_weight"": 0.25, ""stage_balance_item_weight"": 0.25, ""stage_balance_span_weight"": 0.0, ""pipeline_mode"": ""naive"", ""pipeline_trace"": false, ""pipeline_trace_log_path"": ""results/20260827_181918/pipeline_naive/pipeline_trace.log"", ""ray_address"": """", ""output_dir"": ""results/20260827_181918/pipeline_naive"", ""enable_efficiency_monitor"": false, ""efficiency_monitor_interval"": 10, ""data_parallel_workers"": 3, ""data_parallel_worker_gpus"": 1.0, ""data_parallel_visible_gpus"": ""0,1,2"", ""data_parallel_sync_level"": ""micro_batch"", ""data_parallel_micro_batch_size"": 200, ""gpu_list"": ""0,1,2"", ""enable_auto_pipeline_config"": false, ""batch_training"": false, ""train_batch_size"": 32, ""batch_mode"": ""tbatch"", ""tgn_loss_mode"": ""all"", ""tgn_window_size"": 10.0, ""eval_frozen"": false, ""max_neighbors"": 0, ""model"": ""jodie_rnn"", ""embedding_dim"": 32, ""memory_cell"": ""rnn"", ""time_proj"": ""linear"", ""use_static_embeddings"": ""on"", ""normalize_state"": ""on"", ""event_agg"": ""none"", ""agg_activation"": ""none"", ""attn_type"": ""dot"", ""time_decay"": ""none"", ""hidden_dim"": 0, ""memory_gate"": ""off"", ""enable_event_agg"": ""off"", ""enable_graph_update"": ""off"", ""message_mode"": ""peer"", ""msg_linear"": ""off""}"
26,coarse_pipeline,val,0.6017113185688375,0.6017113185688375,,0.6017113185688375,0.9024512256128064,147840,339.4254,jodie_rnn,"{""dataset"": ""public_csv"", ""dataset_dir"": ""data/public"", ""local_data_path"": ""data/public/mooc.csv"", ""train_ratio"": 0.7, ""val_ratio"": 0.1, ""max_events"": 20000, ""num_users"": 1435, ""num_items"": 21, ""num_interactions"": 3000, ""feature_dim"": 4, ""lr"": 0.001, ""neg_sample_size"": 5, ""k"": 10, ""selection_metric"": ""mrr"", ""device"": ""cuda"", ""seed"": 42, ""partition_size"": 2000, ""partition_strategy"": ""count"", ""partition_overlap_ratio"": 0.0, ""num_pipeline_stages"": 3, ""pipeline_worker_gpus"": 1.0, ""pipeline_worker_cpus"": 1.0, ""pipeline_stage_train_workers"": ""1,1,1"", ""pipeline_stage_eval_workers"": ""1,1,1"", ""stage_balance_strategy"": ""cost"", ""stage_balance_user_weight"": 0.25, ""stage_balance_item_weight"": 0.25, ""stage_balance_span_weight"": 0.0, ""pipeline_mode"": ""naive"", ""pipeline_trace"": false, ""pipeline_trace_log_path"": ""results/20260827_181918/pipeline_naive/pipeline_trace.log"", ""ray_address"": """", ""output_dir"": ""results/20260827_181918/pipeline_naive"", ""enable_efficiency_monitor"": false, ""efficiency_monitor_interval"": 10, ""data_parallel_workers"": 3, ""data_parallel_worker_gpus"": 1.0, ""data_parallel_visible_gpus"": ""0,1,2"", ""data_parallel_sync_level"": ""micro_batch"", ""data_parallel_micro_batch_size"": 200, ""gpu_list"": ""0,1,2"", ""enable_auto_pipeline_config"": false, ""batch_training"": false, ""train_batch_size"": 32, ""batch_mode"": ""tbatch"", ""tgn_loss_mode"": ""all"", ""tgn_window_size"": 10.0, ""eval_frozen"": false, ""max_neighbors"": 0, ""model"": ""jodie_rnn"", ""embedding_dim"": 64, ""memory_cell"": ""rnn"", ""time_proj"": ""linear"", ""use_static_embeddings"": ""on"", ""normalize_state"": ""off"", ""event_agg"": ""none"", ""agg_activation"": ""none"", ""attn_type"": ""dot"", ""time_decay"": ""none"", ""hidden_dim"": 0, ""memory_gate"": ""off"", ""enable_event_agg"": ""off"", ""enable_graph_update"": ""off"", ""message_mode"": ""peer"", ""msg_linear"": ""off""}"
27,coarse_pipeline,val,0.5880240701778405,0.5880240701778405,,0.5880240701778405,0.9099549774887443,231808,218.058,jodie_rnn,"{""dataset"": ""public_csv"", ""dataset_dir"": ""data/public"", ""local_data_path"": ""data/public/mooc.csv"", ""train_ratio"": 0.7, ""val_ratio"": 0.1, ""max_events"": 20000, ""num_users"": 1435, ""num_items"": 21, ""num_interactions"": 3000, ""feature_dim"": 4, ""lr"": 0.001, ""neg_sample_size"": 5, ""k"": 10, ""selection_metric"": ""mrr"", ""device"": ""cuda"", ""seed"": 42, ""partition_size"": 2000, ""partition_strategy"": ""count"", ""partition_overlap_ratio"": 0.0, ""num_pipeline_stages"": 3, ""pipeline_worker_gpus"": 1.0, ""pipeline_worker_cpus"": 1.0, ""pipeline_stage_train_workers"": ""1,1,1"", ""pipeline_stage_eval_workers"": ""1,1,1"", ""stage_balance_strategy"": ""cost"", ""stage_balance_user_weight"": 0.25, ""stage_balance_item_weight"": 0.25, ""stage_balance_span_weight"": 0.0, ""pipeline_mode"": ""naive"", ""pipeline_trace"": false, ""pipeline_trace_log_path"": ""results/20260827_181918/pipeline_naive/pipeline_trace.log"", ""ray_address"": """", ""output_dir"": ""results/20260827_181918/pipeline_naive"", ""enable_efficiency_monitor"": false, ""efficiency_monitor_interval"": 10, ""data_parallel_workers"": 3, ""data_parallel_worker_gpus"": 1.0, ""data_parallel_visible_gpus"": ""0,1,2"", ""data_parallel_sync_level"": ""micro_batch"", ""data_parallel_micro_batch_size"": 200, ""gpu_list"": ""0,1,2"", ""enable_auto_pipeline_config"": false, ""batch_training"": false, ""train_batch_size"": 32, ""batch_mode"": ""tbatch"", ""tgn_loss_mode"": ""all"", ""tgn_window_size"": 10.0, ""eval_frozen"": false, ""max_neighbors"": 0, ""model"": ""jodie_rnn"", ""embedding_dim"": 64, ""memory_cell"": ""gru"", ""time_proj"": ""linear"", ""use_static_embeddings"": ""on"", ""normalize_state"": ""on"", ""event_agg"": ""none"", ""agg_activation"": ""none"", ""attn_type"": ""dot"", ""time_decay"": ""none"", ""hidden_dim"": 0, ""memory_gate"": ""off"", ""enable_event_agg"": ""off"", ""enable_graph_update"": ""off"", ""message_mode"": ""peer"", ""msg_linear"": ""off""}"
28,coarse_pipeline,val,0.586145738014319,0.586145738014319,,0.586145738014319,0.8779389694847424,60608,332.5409,jodie_rnn,"{""dataset"": ""public_csv"", ""dataset_dir"": ""data/public"", ""local_data_path"": ""data/public/mooc.csv"", ""train_ratio"": 0.7, ""val_ratio"": 0.1, ""max_events"": 20000, ""num_users"": 1435, ""num_items"": 21, ""num_interactions"": 3000, ""feature_dim"": 4, ""lr"": 0.001, ""neg_sample_size"": 5, ""k"": 10, ""selection_metric"": ""mrr"", ""device"": ""cuda"", ""seed"": 42, ""partition_size"": 2000, ""partition_strategy"": ""count"", ""partition_overlap_ratio"": 0.0, ""num_pipeline_stages"": 3, ""pipeline_worker_gpus"": 1.0, ""pipeline_worker_cpus"": 1.0, ""pipeline_stage_train_workers"": ""1,1,1"", ""pipeline_stage_eval_workers"": ""1,1,1"", ""stage_balance_strategy"": ""cost"", ""stage_balance_user_weight"": 0.25, ""stage_balance_item_weight"": 0.25, ""stage_balance_span_weight"": 0.0, ""pipeline_mode"": ""naive"", ""pipeline_trace"": false, ""pipeline_trace_log_path"": ""results/20260827_181918/pipeline_naive/pipeline_trace.log"", ""ray_address"": """", ""output_dir"": ""results/20260827_181918/pipeline_naive"", ""enable_efficiency_monitor"": false, ""efficiency_monitor_interval"": 10, ""data_parallel_workers"": 3, ""data_parallel_worker_gpus"": 1.0, ""data_parallel_visible_gpus"": ""0,1,2"", ""data_parallel_sync_level"": ""micro_batch"", ""data_parallel_micro_batch_size"": 200, ""gpu_list"": ""0,1,2"", ""enable_auto_pipeline_config"": false, ""batch_training"": false, ""train_batch_size"": 32, ""batch_mode"": ""tbatch"", ""tgn_loss_mode"": ""all"", ""tgn_window_size"": 10.0, ""eval_frozen"": false, ""max_neighbors"": 0, ""model"": ""jodie_rnn"", ""embedding_dim"": 32, ""memory_cell"": ""rnn"", ""time_proj"": ""linear"", ""use_static_embeddings"": ""on"", ""normalize_state"": ""off"", ""event_agg"": ""none"", ""agg_activation"": ""none"", ""attn_type"": ""dot"", ""time_decay"": ""none"", ""hidden_dim"": 0, ""memory_gate"": ""off"", ""enable_event_agg"": ""off"", ""enable_graph_update"": ""off"", ""message_mode"": ""peer"", ""msg_linear"": ""off""}"
29,coarse_pipeline,val,0.5545261976481078,0.5545261976481078,,0.5545261976481078,0.9314657328664332,434944,210.1109,jodie_rnn,"{""dataset"": ""public_csv"", ""dataset_dir"": ""data/public"", ""local_data_path"": ""data/public/mooc.csv"", ""train_ratio"": 0.7, ""val_ratio"": 0.1, ""max_events"": 20000, ""num_users"": 1435, ""num_items"": 21, ""num_interactions"": 3000, ""feature_dim"": 4, ""lr"": 0.001, ""neg_sample_size"": 5, ""k"": 10, ""selection_metric"": ""mrr"", ""device"": ""cuda"", ""seed"": 42, ""partition_size"": 2000, ""partition_strategy"": ""count"", ""partition_overlap_ratio"": 0.0, ""num_pipeline_stages"": 3, ""pipeline_worker_gpus"": 1.0, ""pipeline_worker_cpus"": 1.0, ""pipeline_stage_train_workers"": ""1,1,1"", ""pipeline_stage_eval_workers"": ""1,1,1"", ""stage_balance_strategy"": ""cost"", ""stage_balance_user_weight"": 0.25, ""stage_balance_item_weight"": 0.25, ""stage_balance_span_weight"": 0.0, ""pipeline_mode"": ""naive"", ""pipeline_trace"": false, ""pipeline_trace_log_path"": ""results/20260827_181918/pipeline_naive/pipeline_trace.log"", ""ray_address"": """", ""output_dir"": ""results/20260827_181918/pipeline_naive"", ""enable_efficiency_monitor"": false, ""efficiency_monitor_interval"": 10, ""data_parallel_workers"": 3, ""data_parallel_worker_gpus"": 1.0, ""data_parallel_visible_gpus"": ""0,1,2"", ""data_parallel_sync_level"": ""micro_batch"", ""data_parallel_micro_batch_size"": 200, ""gpu_list"": ""0,1,2"", ""enable_auto_pipeline_config"": false, ""batch_training"": false, ""train_batch_size"": 32, ""batch_mode"": ""tbatch"", ""tgn_loss_mode"": ""all"", ""tgn_window_size"": 10.0, ""eval_frozen"": false, ""max_neighbors"": 0, ""model"": ""jodie_rnn"", ""embedding_dim"": 128, ""memory_cell"": ""lstm"", ""time_proj"": ""linear"", ""use_static_embeddings"": ""off"", ""normalize_state"": ""on"", ""event_agg"": ""none"", ""agg_activation"": ""none"", ""attn_type"": ""dot"", ""time_decay"": ""none"", ""hidden_dim"": 0, ""memory_gate"": ""off"", ""enable_event_agg"": ""off"", ""enable_graph_update"": ""off"", ""message_mode"": ""peer"", ""msg_linear"": ""off""}"
30,coarse_pipeline,val,0.5397817909471774,0.5397817909471774,,0.5397817909471774,0.9054527263631816,60608,212.2794,jodie_rnn,"{""dataset"": ""public_csv"", ""dataset_dir"": ""data/public"", ""local_data_path"": ""data/public/mooc.csv"", ""train_ratio"": 0.7, ""val_ratio"": 0.1, ""max_events"": 20000, ""num_users"": 1435, ""num_items"": 21, ""num_interactions"": 3000, ""feature_dim"": 4, ""lr"": 0.001, ""neg_sample_size"": 5, ""k"": 10, ""selection_metric"": ""mrr"", ""device"": ""cuda"", ""seed"": 42, ""partition_size"": 2000, ""partition_strategy"": ""count"", ""partition_overlap_ratio"": 0.0, ""num_pipeline_stages"": 3, ""pipeline_worker_gpus"": 1.0, ""pipeline_worker_cpus"": 1.0, ""pipeline_stage_train_workers"": ""1,1,1"", ""pipeline_stage_eval_workers"": ""1,1,1"", ""stage_balance_strategy"": ""cost"", ""stage_balance_user_weight"": 0.25, ""stage_balance_item_weight"": 0.25, ""stage_balance_span_weight"": 0.0, ""pipeline_mode"": ""naive"", ""pipeline_trace"": false, ""pipeline_trace_log_path"": ""results/20260827_181918/pipeline_naive/pipeline_trace.log"", ""ray_address"": """", ""output_dir"": ""results/20260827_181918/pipeline_naive"", ""enable_efficiency_monitor"": false, ""efficiency_monitor_interval"": 10, ""data_parallel_workers"": 3, ""data_parallel_worker_gpus"": 1.0, ""data_parallel_visible_gpus"": ""0,1,2"", ""data_parallel_sync_level"": ""micro_batch"", ""data_parallel_micro_batch_size"": 200, ""gpu_list"": ""0,1,2"", ""enable_auto_pipeline_config"": false, ""batch_training"": false, ""train_batch_size"": 32, ""batch_mode"": ""tbatch"", ""tgn_loss_mode"": ""all"", ""tgn_window_size"": 10.0, ""eval_frozen"": false, ""max_neighbors"": 0, ""model"": ""jodie_rnn"", ""embedding_dim"": 32, ""memory_cell"": ""rnn"", ""time_proj"": ""off"", ""use_static_embeddings"": ""on"", ""normalize_state"": ""off"", ""event_agg"": ""none"", ""agg_activation"": ""none"", ""attn_type"": ""dot"", ""time_decay"": ""none"", ""hidden_dim"": 0, ""memory_gate"": ""off"", ""enable_event_agg"": ""off"", ""enable_graph_update"": ""off"", ""message_mode"": ""peer"", ""msg_linear"": ""off""}"
31,coarse_pipeline,val,0.5365683710697564,0.5365683710697564,,0.5365683710697564,0.9099549774887443,110976,277.3012,jodie_rnn,"{""dataset"": ""public_csv"", ""dataset_dir"": ""data/public"", ""local_data_path"": ""data/public/mooc.csv"", ""train_ratio"": 0.7, ""val_ratio"": 0.1, ""max_events"": 20000, ""num_users"": 1435, ""num_items"": 21, ""num_interactions"": 3000, ""feature_dim"": 4, ""lr"": 0.001, ""neg_sample_size"": 5, ""k"": 10, ""selection_metric"": ""mrr"", ""device"": ""cuda"", ""seed"": 42, ""partition_size"": 2000, ""partition_strategy"": ""count"", ""partition_overlap_ratio"": 0.0, ""num_pipeline_stages"": 3, ""pipeline_worker_gpus"": 1.0, ""pipeline_worker_cpus"": 1.0, ""pipeline_stage_train_workers"": ""1,1,1"", ""pipeline_stage_eval_workers"": ""1,1,1"", ""stage_balance_strategy"": ""cost"", ""stage_balance_user_weight"": 0.25, ""stage_balance_item_weight"": 0.25, ""stage_balance_span_weight"": 0.0, ""pipeline_mode"": ""naive"", ""pipeline_trace"": false, ""pipeline_trace_log_path"": ""results/20260827_181918/pipeline_naive/pipeline_trace.log"", ""ray_address"": """", ""output_dir"": ""results/20260827_181918/pipeline_naive"", ""enable_efficiency_monitor"": false, ""efficiency_monitor_interval"": 10, ""data_parallel_workers"": 3, ""data_parallel_worker_gpus"": 1.0, ""data_parallel_visible_gpus"": ""0,1,2"", ""data_parallel_sync_level"": ""micro_batch"", ""data_parallel_micro_batch_size"": 200, ""gpu_list"": ""0,1,2"", ""enable_auto_pipeline_config"": false, ""batch_training"": false, ""train_batch_size"": 32, ""batch_mode"": ""tbatch"", ""tgn_loss_mode"": ""all"", ""tgn_window_size"": 10.0, ""eval_frozen"": false, ""max_neighbors"": 0, ""model"": ""jodie_rnn"", ""embedding_dim"": 64, ""memory_cell"": ""lstm"", ""time_proj"": ""linear"", ""use_static_embeddings"": ""off"", ""normalize_state"": ""on"", ""event_agg"": ""none"", ""agg_activation"": ""none"", ""attn_type"": ""dot"", ""time_decay"": ""none"", ""hidden_dim"": 0, ""memory_gate"": ""off"", ""enable_event_agg"": ""off"", ""enable_graph_update"": ""off"", ""message_mode"": ""peer"", ""msg_linear"": ""off""}"
32,coarse_pipeline,val,0.43050040800285966,0.43050040800285966,,0.43050040800285966,0.7858929464732366,22208,224.2097,jodie_rnn,"{""dataset"": ""public_csv"", ""dataset_dir"": ""data/public"", ""local_data_path"": ""data/public/mooc.csv"", ""train_ratio"": 0.7, ""val_ratio"": 0.1, ""max_events"": 20000, ""num_users"": 1435, ""num_items"": 21, ""num_interactions"": 3000, ""feature_dim"": 4, ""lr"": 0.001, ""neg_sample_size"": 5, ""k"": 10, ""selection_metric"": ""mrr"", ""device"": ""cuda"", ""seed"": 42, ""partition_size"": 2000, ""partition_strategy"": ""count"", ""partition_overlap_ratio"": 0.0, ""num_pipeline_stages"": 3, ""pipeline_worker_gpus"": 1.0, ""pipeline_worker_cpus"": 1.0, ""pipeline_stage_train_workers"": ""1,1,1"", ""pipeline_stage_eval_workers"": ""1,1,1"", ""stage_balance_strategy"": ""cost"", ""stage_balance_user_weight"": 0.25, ""stage_balance_item_weight"": 0.25, ""stage_balance_span_weight"": 0.0, ""pipeline_mode"": ""naive"", ""pipeline_trace"": false, ""pipeline_trace_log_path"": ""results/20260827_181918/pipeline_naive/pipeline_trace.log"", ""ray_address"": """", ""output_dir"": ""results/20260827_181918/pipeline_naive"", ""enable_efficiency_monitor"": false, ""efficiency_monitor_interval"": 10, ""data_parallel_workers"": 3, ""data_parallel_worker_gpus"": 1.0, ""data_parallel_visible_gpus"": ""0,1,2"", ""data_parallel_sync_level"": ""micro_batch"", ""data_parallel_micro_batch_size"": 200, ""gpu_list"": ""0,1,2"", ""enable_auto_pipeline_config"": false, ""batch_training"": false, ""train_batch_size"": 32, ""batch_mode"": ""tbatch"", ""tgn_loss_mode"": ""all"", ""tgn_window_size"": 10.0, ""eval_frozen"": false, ""max_neighbors"": 0, ""model"": ""jodie_rnn"", ""embedding_dim"": 32, ""memory_cell"": ""gru"", ""time_proj"": ""linear"", ""use_static_embeddings"": ""off"", ""normalize_state"": ""on"", ""event_agg"": ""none"", ""agg_activation"": ""none"", ""attn_type"": ""dot"", ""time_decay"": ""none"", ""hidden_dim"": 0, ""memory_gate"": ""off"", ""enable_event_agg"": ""off"", ""enable_graph_update"": ""off"", ""message_mode"": ""peer"", ""msg_linear"": ""off""}"
33,coarse_pipeline,val,0.4204810598099553,0.4204810598099553,,0.4204810598099553,0.8629314657328664,231808,374.7942,jodie_rnn,"{""dataset"": ""public_csv"", ""dataset_dir"": ""data/public"", ""local_data_path"": ""data/public/mooc.csv"", ""train_ratio"": 0.7, ""val_ratio"": 0.1, ""max_events"": 20000, ""num_users"": 1435, ""num_items"": 21, ""num_interactions"": 3000, ""feature_dim"": 4, ""lr"": 0.001, ""neg_sample_size"": 5, ""k"": 10, ""selection_metric"": ""mrr"", ""device"": ""cuda"", ""seed"": 42, ""partition_size"": 2000, ""partition_strategy"": ""count"", ""partition_overlap_ratio"": 0.0, ""num_pipeline_stages"": 3, ""pipeline_worker_gpus"": 1.0, ""pipeline_worker_cpus"": 1.0, ""pipeline_stage_train_workers"": ""1,1,1"", ""pipeline_stage_eval_workers"": ""1,1,1"", ""stage_balance_strategy"": ""cost"", ""stage_balance_user_weight"": 0.25, ""stage_balance_item_weight"": 0.25, ""stage_balance_span_weight"": 0.0, ""pipeline_mode"": ""naive"", ""pipeline_trace"": false, ""pipeline_trace_log_path"": ""results/20260827_181918/pipeline_naive/pipeline_trace.log"", ""ray_address"": """", ""output_dir"": ""results/20260827_181918/pipeline_naive"", ""enable_efficiency_monitor"": false, ""efficiency_monitor_interval"": 10, ""data_parallel_workers"": 3, ""data_parallel_worker_gpus"": 1.0, ""data_parallel_visible_gpus"": ""0,1,2"", ""data_parallel_sync_level"": ""micro_batch"", ""data_parallel_micro_batch_size"": 200, ""gpu_list"": ""0,1,2"", ""enable_auto_pipeline_config"": false, ""batch_training"": false, ""train_batch_size"": 32, ""batch_mode"": ""tbatch"", ""tgn_loss_mode"": ""all"", ""tgn_window_size"": 10.0, ""eval_frozen"": false, ""max_neighbors"": 0, ""model"": ""jodie_rnn"", ""embedding_dim"": 64, ""memory_cell"": ""gru"", ""time_proj"": ""off"", ""use_static_embeddings"": ""on"", ""normalize_state"": ""off"", ""event_agg"": ""none"", ""agg_activation"": ""none"", ""attn_type"": ""dot"", ""time_decay"": ""none"", ""hidden_dim"": 0, ""memory_gate"": ""off"", ""enable_event_agg"": ""off"", ""enable_graph_update"": ""off"", ""message_mode"": ""peer"", ""msg_linear"": ""off""}"
34,coarse_pipeline,val,0.41700613635809264,0.41700613635809264,,0.41700613635809264,0.7973986993496749,82112,337.3121,jodie_rnn,"{""dataset"": ""public_csv"", ""dataset_dir"": ""data/public"", ""local_data_path"": ""data/public/mooc.csv"", ""train_ratio"": 0.7, ""val_ratio"": 0.1, ""max_events"": 20000, ""num_users"": 1435, ""num_items"": 21, ""num_interactions"": 3000, ""feature_dim"": 4, ""lr"": 0.001, ""neg_sample_size"": 5, ""k"": 10, ""selection_metric"": ""mrr"", ""device"": ""cuda"", ""seed"": 42, ""partition_size"": 2000, ""partition_strategy"": ""count"", ""partition_overlap_ratio"": 0.0, ""num_pipeline_stages"": 3, ""pipeline_worker_gpus"": 1.0, ""pipeline_worker_cpus"": 1.0, ""pipeline_stage_train_workers"": ""1,1,1"", ""pipeline_stage_eval_workers"": ""1,1,1"", ""stage_balance_strategy"": ""cost"", ""stage_balance_user_weight"": 0.25, ""stage_balance_item_weight"": 0.25, ""stage_balance_span_weight"": 0.0, ""pipeline_mode"": ""naive"", ""pipeline_trace"": false, ""pipeline_trace_log_path"": ""results/20260827_181918/pipeline_naive/pipeline_trace.log"", ""ray_address"": """", ""output_dir"": ""results/20260827_181918/pipeline_naive"", ""enable_efficiency_monitor"": false, ""efficiency_monitor_interval"": 10, ""data_parallel_workers"": 3, ""data_parallel_worker_gpus"": 1.0, ""data_parallel_visible_gpus"": ""0,1,2"", ""data_parallel_sync_level"": ""micro_batch"", ""data_parallel_micro_batch_size"": 200, ""gpu_list"": ""0,1,2"", ""enable_auto_pipeline_config"": false, ""batch_training"": false, ""train_batch_size"": 32, ""batch_mode"": ""tbatch"", ""tgn_loss_mode"": ""all"", ""tgn_window_size"": 10.0, ""eval_frozen"": false, ""max_neighbors"": 0, ""model"": ""jodie_rnn"", ""embedding_dim"": 32, ""memory_cell"": ""gru"", ""time_proj"": ""linear"", ""use_static_embeddings"": ""on"", ""normalize_state"": ""on"", ""event_agg"": ""none"", ""agg_activation"": ""none"", ""attn_type"": ""dot"", ""time_decay"": ""none"", ""hidden_dim"": 0, ""memory_gate"": ""off"", ""enable_event_agg"": ""off"", ""enable_graph_update"": ""off"", ""message_mode"": ""peer"", ""msg_linear"": ""off""}"
35,coarse_pipeline,val,0.3973061162089904,0.3973061162089904,,0.3973061162089904,0.8244122061030515,273792,204.4755,jodie_rnn,"{""dataset"": ""public_csv"", ""dataset_dir"": ""data/public"", ""local_data_path"": ""data/public/mooc.csv"", ""train_ratio"": 0.7, ""val_ratio"": 0.1, ""max_events"": 20000, ""num_users"": 1435, ""num_items"": 21, ""num_interactions"": 3000, ""feature_dim"": 4, ""lr"": 0.001, ""neg_sample_size"": 5, ""k"": 10, ""selection_metric"": ""mrr"", ""device"": ""cuda"", ""seed"": 42, ""partition_size"": 2000, ""partition_strategy"": ""count"", ""partition_overlap_ratio"": 0.0, ""num_pipeline_stages"": 3, ""pipeline_worker_gpus"": 1.0, ""pipeline_worker_cpus"": 1.0, ""pipeline_stage_train_workers"": ""1,1,1"", ""pipeline_stage_eval_workers"": ""1,1,1"", ""stage_balance_strategy"": ""cost"", ""stage_balance_user_weight"": 0.25, ""stage_balance_item_weight"": 0.25, ""stage_balance_span_weight"": 0.0, ""pipeline_mode"": ""naive"", ""pipeline_trace"": false, ""pipeline_trace_log_path"": ""results/20260827_181918/pipeline_naive/pipeline_trace.log"", ""ray_address"": """", ""output_dir"": ""results/20260827_181918/pipeline_naive"", ""enable_efficiency_monitor"": false, ""efficiency_monitor_interval"": 10, ""data_parallel_workers"": 3, ""data_parallel_worker_gpus"": 1.0, ""data_parallel_visible_gpus"": ""0,1,2"", ""data_parallel_sync_level"": ""micro_batch"", ""data_parallel_micro_batch_size"": 200, ""gpu_list"": ""0,1,2"", ""enable_auto_pipeline_config"": false, ""batch_training"": false, ""train_batch_size"": 32, ""batch_mode"": ""tbatch"", ""tgn_loss_mode"": ""all"", ""tgn_window_size"": 10.0, ""eval_frozen"": false, ""max_neighbors"": 0, ""model"": ""jodie_rnn"", ""embedding_dim"": 64, ""memory_cell"": ""lstm"", ""time_proj"": ""off"", ""use_static_embeddings"": ""on"", ""normalize_state"": ""off"", ""event_agg"": ""none"", ""agg_activation"": ""none"", ""attn_type"": ""dot"", ""time_decay"": ""none"", ""hidden_dim"": 0, ""memory_gate"": ""off"", ""enable_event_agg"": ""off"", ""enable_graph_update"": ""off"", ""message_mode"": ""peer"", ""msg_linear"": ""off""}"
36,coarse_pipeline,val,0.39536733174655203,0.39536733174655203,,0.39536733174655203,0.8184092046023012,85376,405.352,jodie_rnn,"{""dataset"": ""public_csv"", ""dataset_dir"": ""data/public"", ""local_data_path"": ""data/public/mooc.csv"", ""train_ratio"": 0.7, ""val_ratio"": 0.1, ""max_events"": 20000, ""num_users"": 1435, ""num_items"": 21, ""num_interactions"": 3000, ""feature_dim"": 4, ""lr"": 0.001, ""neg_sample_size"": 5, ""k"": 10, ""selection_metric"": ""mrr"", ""device"": ""cuda"", ""seed"": 42, ""partition_size"": 2000, ""partition_strategy"": ""count"", ""partition_overlap_ratio"": 0.0, ""num_pipeline_stages"": 3, ""pipeline_worker_gpus"": 1.0, ""pipeline_worker_cpus"": 1.0, ""pipeline_stage_train_workers"": ""1,1,1"", ""pipeline_stage_eval_workers"": ""1,1,1"", ""stage_balance_strategy"": ""cost"", ""stage_balance_user_weight"": 0.25, ""stage_balance_item_weight"": 0.25, ""stage_balance_span_weight"": 0.0, ""pipeline_mode"": ""naive"", ""pipeline_trace"": false, ""pipeline_trace_log_path"": ""results/20260827_181918/pipeline_naive/pipeline_trace.log"", ""ray_address"": """", ""output_dir"": ""results/20260827_181918/pipeline_naive"", ""enable_efficiency_monitor"": false, ""efficiency_monitor_interval"": 10, ""data_parallel_workers"": 3, ""data_parallel_worker_gpus"": 1.0, ""data_parallel_visible_gpus"": ""0,1,2"", ""data_parallel_sync_level"": ""micro_batch"", ""data_parallel_micro_batch_size"": 200, ""gpu_list"": ""0,1,2"", ""enable_auto_pipeline_config"": false, ""batch_training"": false, ""train_batch_size"": 32, ""batch_mode"": ""tbatch"", ""tgn_loss_mode"": ""all"", ""tgn_window_size"": 10.0, ""eval_frozen"": false, ""max_neighbors"": 0, ""model"": ""jodie_rnn"", ""embedding_dim"": 64, ""memory_cell"": ""gru"", ""time_proj"": ""off"", ""use_static_embeddings"": ""off"", ""normalize_state"": ""off"", ""event_agg"": ""none"", ""agg_activation"": ""none"", ""attn_type"": ""dot"", ""time_decay"": ""none"", ""hidden_dim"": 0, ""memory_gate"": ""off"", ""enable_event_agg"": ""off"", ""enable_graph_update"": ""off"", ""message_mode"": ""peer"", ""msg_linear"": ""off""}"
37,coarse_pipeline,val,0.3772933756576906,0.3772933756576906,,0.3772933756576906,0.8279139569784892,82112,364.6719,jodie_rnn,"{""dataset"": ""public_csv"", ""dataset_dir"": ""data/public"", ""local_data_path"": ""data/public/mooc.csv"", ""train_ratio"": 0.7, ""val_ratio"": 0.1, ""max_events"": 20000, ""num_users"": 1435, ""num_items"": 21, ""num_interactions"": 3000, ""feature_dim"": 4, ""lr"": 0.001, ""neg_sample_size"": 5, ""k"": 10, ""selection_metric"": ""mrr"", ""device"": ""cuda"", ""seed"": 42, ""partition_size"": 2000, ""partition_strategy"": ""count"", ""partition_overlap_ratio"": 0.0, ""num_pipeline_stages"": 3, ""pipeline_worker_gpus"": 1.0, ""pipeline_worker_cpus"": 1.0, ""pipeline_stage_train_workers"": ""1,1,1"", ""pipeline_stage_eval_workers"": ""1,1,1"", ""stage_balance_strategy"": ""cost"", ""stage_balance_user_weight"": 0.25, ""stage_balance_item_weight"": 0.25, ""stage_balance_span_weight"": 0.0, ""pipeline_mode"": ""naive"", ""pipeline_trace"": false, ""pipeline_trace_log_path"": ""results/20260827_181918/pipeline_naive/pipeline_trace.log"", ""ray_address"": """", ""output_dir"": ""results/20260827_181918/pipeline_naive"", ""enable_efficiency_monitor"": false, ""efficiency_monitor_interval"": 10, ""data_parallel_workers"": 3, ""data_parallel_worker_gpus"": 1.0, ""data_parallel_visible_gpus"": ""0,1,2"", ""data_parallel_sync_level"": ""micro_batch"", ""data_parallel_micro_batch_size"": 200, ""gpu_list"": ""0,1,2"", ""enable_auto_pipeline_config"": false, ""batch_training"": false, ""train_batch_size"": 32, ""batch_mode"": ""tbatch"", ""tgn_loss_mode"": ""all"", ""tgn_window_size"": 10.0, ""eval_frozen"": false, ""max_neighbors"": 0, ""model"": ""jodie_rnn"", ""embedding_dim"": 32, ""memory_cell"": ""gru"", ""time_proj"": ""off"", ""use_static_embeddings"": ""on"", ""normalize_state"": ""off"", ""event_agg"": ""none"", ""agg_activation"": ""none"", ""attn_type"": ""dot"", ""time_decay"": ""none"", ""hidden_dim"": 0, ""memory_gate"": ""off"", ""enable_event_agg"": ""off"", ""enable_graph_update"": ""off"", ""message_mode"": ""peer"", ""msg_linear"": ""off""}"
38,coarse_pipeline,val,0.3668472370475275,0.3668472370475275,,0.3668472370475275,0.7928964482241121,22208,367.3812,jodie_rnn,"{""dataset"": ""public_csv"", ""dataset_dir"": ""data/public"", ""local_data_path"": ""data/public/mooc.csv"", ""train_ratio"": 0.7, ""val_ratio"": 0.1, ""max_events"": 20000, ""num_users"": 1435, ""num_items"": 21, ""num_interactions"": 3000, ""feature_dim"": 4, ""lr"": 0.001, ""neg_sample_size"": 5, ""k"": 10, ""selection_metric"": ""mrr"", ""device"": ""cuda"", ""seed"": 42, ""partition_size"": 2000, ""partition_strategy"": ""count"", ""partition_overlap_ratio"": 0.0, ""num_pipeline_stages"": 3, ""pipeline_worker_gpus"": 1.0, ""pipeline_worker_cpus"": 1.0, ""pipeline_stage_train_workers"": ""1,1,1"", ""pipeline_stage_eval_workers"": ""1,1,1"", ""stage_balance_strategy"": ""cost"", ""stage_balance_user_weight"": 0.25, ""stage_balance_item_weight"": 0.25, ""stage_balance_span_weight"": 0.0, ""pipeline_mode"": ""naive"", ""pipeline_trace"": false, ""pipeline_trace_log_path"": ""results/20260827_181918/pipeline_naive/pipeline_trace.log"", ""ray_address"": """", ""output_dir"": ""results/20260827_181918/pipeline_naive"", ""enable_efficiency_monitor"": false, ""efficiency_monitor_interval"": 10, ""data_parallel_workers"": 3, ""data_parallel_worker_gpus"": 1.0, ""data_parallel_visible_gpus"": ""0,1,2"", ""data_parallel_sync_level"": ""micro_batch"", ""data_parallel_micro_batch_size"": 200, ""gpu_list"": ""0,1,2"", ""enable_auto_pipeline_config"": false, ""batch_training"": false, ""train_batch_size"": 32, ""batch_mode"": ""tbatch"", ""tgn_loss_mode"": ""all"", ""tgn_window_size"": 10.0, ""eval_frozen"": false, ""max_neighbors"": 0, ""model"": ""jodie_rnn"", ""embedding_dim"": 32, ""memory_cell"": ""gru"", ""time_proj"": ""off"", ""use_static_embeddings"": ""off"", ""normalize_state"": ""off"", ""event_agg"": ""none"", ""agg_activation"": ""none"", ""attn_type"": ""dot"", ""time_decay"": ""none"", ""hidden_dim"": 0, ""memory_gate"": ""off"", ""enable_event_agg"": ""off"", ""enable_graph_update"": ""off"", ""message_mode"": ""peer"", ""msg_linear"": ""off""}"
39,coarse_pipeline,val,0.3519058683876777,0.3519058683876777,,0.3519058683876777,0.7573786893446723,231808,326.2152,jodie_rnn,"{""dataset"": ""public_csv"", ""dataset_dir"": ""data/public"", ""local_data_path"": ""data/public/mooc.csv"", ""train_ratio"": 0.7, ""val_ratio"": 0.1, ""max_events"": 20000, ""num_users"": 1435, ""num_items"": 21, ""num_interactions"": 3000, ""feature_dim"": 4, ""lr"": 0.001, ""neg_sample_size"": 5, ""k"": 10, ""selection_metric"": ""mrr"", ""device"": ""cuda"", ""seed"": 42, ""partition_size"": 2000, ""partition_strategy"": ""count"", ""partition_overlap_ratio"": 0.0, ""num_pipeline_stages"": 3, ""pipeline_worker_gpus"": 1.0, ""pipeline_worker_cpus"": 1.0, ""pipeline_stage_train_workers"": ""1,1,1"", ""pipeline_stage_eval_workers"": ""1,1,1"", ""stage_balance_strategy"": ""cost"", ""stage_balance_user_weight"": 0.25, ""stage_balance_item_weight"": 0.25, ""stage_balance_span_weight"": 0.0, ""pipeline_mode"": ""naive"", ""pipeline_trace"": false, ""pipeline_trace_log_path"": ""results/20260827_181918/pipeline_naive/pipeline_trace.log"", ""ray_address"": """", ""output_dir"": ""results/20260827_181918/pipeline_naive"", ""enable_efficiency_monitor"": false, ""efficiency_monitor_interval"": 10, ""data_parallel_workers"": 3, ""data_parallel_worker_gpus"": 1.0, ""data_parallel_visible_gpus"": ""0,1,2"", ""data_parallel_sync_level"": ""micro_batch"", ""data_parallel_micro_batch_size"": 200, ""gpu_list"": ""0,1,2"", ""enable_auto_pipeline_config"": false, ""batch_training"": false, ""train_batch_size"": 32, ""batch_mode"": ""tbatch"", ""tgn_loss_mode"": ""all"", ""tgn_window_size"": 10.0, ""eval_frozen"": false, ""max_neighbors"": 0, ""model"": ""jodie_rnn"", ""embedding_dim"": 64, ""memory_cell"": ""gru"", ""time_proj"": ""off"", ""use_static_embeddings"": ""on"", ""normalize_state"": ""on"", ""event_agg"": ""none"", ""agg_activation"": ""none"", ""attn_type"": ""dot"", ""time_decay"": ""none"", ""hidden_dim"": 0, ""memory_gate"": ""off"", ""enable_event_agg"": ""off"", ""enable_graph_update"": ""off"", ""message_mode"": ""peer"", ""msg_linear"": ""off""}"
40,coarse_pipeline,val,0.34983584126801265,0.34983584126801265,,0.34983584126801265,0.7313656828414207,8896,392.6099,jodie_rnn,"{""dataset"": ""public_csv"", ""dataset_dir"": ""data/public"", ""local_data_path"": ""data/public/mooc.csv"", ""train_ratio"": 0.7, ""val_ratio"": 0.1, ""max_events"": 20000, ""num_users"": 1435, ""num_items"": 21, ""num_interactions"": 3000, ""feature_dim"": 4, ""lr"": 0.001, ""neg_sample_size"": 5, ""k"": 10, ""selection_metric"": ""mrr"", ""device"": ""cuda"", ""seed"": 42, ""partition_size"": 2000, ""partition_strategy"": ""count"", ""partition_overlap_ratio"": 0.0, ""num_pipeline_stages"": 3, ""pipeline_worker_gpus"": 1.0, ""pipeline_worker_cpus"": 1.0, ""pipeline_stage_train_workers"": ""1,1,1"", ""pipeline_stage_eval_workers"": ""1,1,1"", ""stage_balance_strategy"": ""cost"", ""stage_balance_user_weight"": 0.25, ""stage_balance_item_weight"": 0.25, ""stage_balance_span_weight"": 0.0, ""pipeline_mode"": ""naive"", ""pipeline_trace"": false, ""pipeline_trace_log_path"": ""results/20260827_181918/pipeline_naive/pipeline_trace.log"", ""ray_address"": """", ""output_dir"": ""results/20260827_181918/pipeline_naive"", ""enable_efficiency_monitor"": false, ""efficiency_monitor_interval"": 10, ""data_parallel_workers"": 3, ""data_parallel_worker_gpus"": 1.0, ""data_parallel_visible_gpus"": ""0,1,2"", ""data_parallel_sync_level"": ""micro_batch"", ""data_parallel_micro_batch_size"": 200, ""gpu_list"": ""0,1,2"", ""enable_auto_pipeline_config"": false, ""batch_training"": false, ""train_batch_size"": 32, ""batch_mode"": ""tbatch"", ""tgn_loss_mode"": ""all"", ""tgn_window_size"": 10.0, ""eval_frozen"": false, ""max_neighbors"": 0, ""model"": ""jodie_rnn"", ""embedding_dim"": 32, ""memory_cell"": ""rnn"", ""time_proj"": ""off"", ""use_static_embeddings"": ""off"", ""normalize_state"": ""on"", ""event_agg"": ""none"", ""agg_activation"": ""none"", ""attn_type"": ""dot"", ""time_decay"": ""none"", ""hidden_dim"": 0, ""memory_gate"": ""off"", ""enable_event_agg"": ""off"", ""enable_graph_update"": ""off"", ""message_mode"": ""peer"", ""msg_linear"": ""off""}"
41,coarse_pipeline,val,0.3385190561474334,0.3385190561474334,,0.3385190561474334,0.7223611805902952,85376,405.1818,jodie_rnn,"{""dataset"": ""public_csv"", ""dataset_dir"": ""data/public"", ""local_data_path"": ""data/public/mooc.csv"", ""train_ratio"": 0.7, ""val_ratio"": 0.1, ""max_events"": 20000, ""num_users"": 1435, ""num_items"": 21, ""num_interactions"": 3000, ""feature_dim"": 4, ""lr"": 0.001, ""neg_sample_size"": 5, ""k"": 10, ""selection_metric"": ""mrr"", ""device"": ""cuda"", ""seed"": 42, ""partition_size"": 2000, ""partition_strategy"": ""count"", ""partition_overlap_ratio"": 0.0, ""num_pipeline_stages"": 3, ""pipeline_worker_gpus"": 1.0, ""pipeline_worker_cpus"": 1.0, ""pipeline_stage_train_workers"": ""1,1,1"", ""pipeline_stage_eval_workers"": ""1,1,1"", ""stage_balance_strategy"": ""cost"", ""stage_balance_user_weight"": 0.25, ""stage_balance_item_weight"": 0.25, ""stage_balance_span_weight"": 0.0, ""pipeline_mode"": ""naive"", ""pipeline_trace"": false, ""pipeline_trace_log_path"": ""results/20260827_181918/pipeline_naive/pipeline_trace.log"", ""ray_address"": """", ""output_dir"": ""results/20260827_181918/pipeline_naive"", ""enable_efficiency_monitor"": false, ""efficiency_monitor_interval"": 10, ""data_parallel_workers"": 3, ""data_parallel_worker_gpus"": 1.0, ""data_parallel_visible_gpus"": ""0,1,2"", ""data_parallel_sync_level"": ""micro_batch"", ""data_parallel_micro_batch_size"": 200, ""gpu_list"": ""0,1,2"", ""enable_auto_pipeline_config"": false, ""batch_training"": false, ""train_batch_size"": 32, ""batch_mode"": ""tbatch"", ""tgn_loss_mode"": ""all"", ""tgn_window_size"": 10.0, ""eval_frozen"": false, ""max_neighbors"": 0, ""model"": ""jodie_rnn"", ""embedding_dim"": 64, ""memory_cell"": ""gru"", ""time_proj"": ""off"", ""use_static_embeddings"": ""off"", ""normalize_state"": ""on"", ""event_agg"": ""none"", ""agg_activation"": ""none"", ""attn_type"": ""dot"", ""time_decay"": ""none"", ""hidden_dim"": 0, ""memory_gate"": ""off"", ""enable_event_agg"": ""off"", ""enable_graph_update"": ""off"", ""message_mode"": ""peer"", ""msg_linear"": ""off""}"
42,coarse_pipeline,val,0.3344795271880719,0.3344795271880719,,0.3344795271880719,0.7738869434717359,92864,398.2434,jodie_rnn,"{""dataset"": ""public_csv"", ""dataset_dir"": ""data/public"", ""local_data_path"": ""data/public/mooc.csv"", ""train_ratio"": 0.7, ""val_ratio"": 0.1, ""max_events"": 20000, ""num_users"": 1435, ""num_items"": 21, ""num_interactions"": 3000, ""feature_dim"": 4, ""lr"": 0.001, ""neg_sample_size"": 5, ""k"": 10, ""selection_metric"": ""mrr"", ""device"": ""cuda"", ""seed"": 42, ""partition_size"": 2000, ""partition_strategy"": ""count"", ""partition_overlap_ratio"": 0.0, ""num_pipeline_stages"": 3, ""pipeline_worker_gpus"": 1.0, ""pipeline_worker_cpus"": 1.0, ""pipeline_stage_train_workers"": ""1,1,1"", ""pipeline_stage_eval_workers"": ""1,1,1"", ""stage_balance_strategy"": ""cost"", ""stage_balance_user_weight"": 0.25, ""stage_balance_item_weight"": 0.25, ""stage_balance_span_weight"": 0.0, ""pipeline_mode"": ""naive"", ""pipeline_trace"": false, ""pipeline_trace_log_path"": ""results/20260827_181918/pipeline_naive/pipeline_trace.log"", ""ray_address"": """", ""output_dir"": ""results/20260827_181918/pipeline_naive"", ""enable_efficiency_monitor"": false, ""efficiency_monitor_interval"": 10, ""data_parallel_workers"": 3, ""data_parallel_worker_gpus"": 1.0, ""data_parallel_visible_gpus"": ""0,1,2"", ""data_parallel_sync_level"": ""micro_batch"", ""data_parallel_micro_batch_size"": 200, ""gpu_list"": ""0,1,2"", ""enable_auto_pipeline_config"": false, ""batch_training"": false, ""train_batch_size"": 32, ""batch_mode"": ""tbatch"", ""tgn_loss_mode"": ""all"", ""tgn_window_size"": 10.0, ""eval_frozen"": false, ""max_neighbors"": 0, ""model"": ""jodie_rnn"", ""embedding_dim"": 32, ""memory_cell"": ""lstm"", ""time_proj"": ""off"", ""use_static_embeddings"": ""on"", ""normalize_state"": ""off"", ""event_agg"": ""none"", ""agg_activation"": ""none"", ""attn_type"": ""dot"", ""time_decay"": ""none"", ""hidden_dim"": 0, ""memory_gate"": ""off"", ""enable_event_agg"": ""off"", ""enable_graph_update"": ""off"", ""message_mode"": ""peer"", ""msg_linear"": ""off""}"
43,coarse_pipeline,val,0.32623303193981323,0.32623303193981323,,0.32623303193981323,0.7148574287143572,34176,401.4176,jodie_rnn,"{""dataset"": ""public_csv"", ""dataset_dir"": ""data/public"", ""local_data_path"": ""data/public/mooc.csv"", ""train_ratio"": 0.7, ""val_ratio"": 0.1, ""max_events"": 20000, ""num_users"": 1435, ""num_items"": 21, ""num_interactions"": 3000, ""feature_dim"": 4, ""lr"": 0.001, ""neg_sample_size"": 5, ""k"": 10, ""selection_metric"": ""mrr"", ""device"": ""cuda"", ""seed"": 42, ""partition_size"": 2000, ""partition_strategy"": ""count"", ""partition_overlap_ratio"": 0.0, ""num_pipeline_stages"": 3, ""pipeline_worker_gpus"": 1.0, ""pipeline_worker_cpus"": 1.0, ""pipeline_stage_train_workers"": ""1,1,1"", ""pipeline_stage_eval_workers"": ""1,1,1"", ""stage_balance_strategy"": ""cost"", ""stage_balance_user_weight"": 0.25, ""stage_balance_item_weight"": 0.25, ""stage_balance_span_weight"": 0.0, ""pipeline_mode"": ""naive"", ""pipeline_trace"": false, ""pipeline_trace_log_path"": ""results/20260827_181918/pipeline_naive/pipeline_trace.log"", ""ray_address"": """", ""output_dir"": ""results/20260827_181918/pipeline_naive"", ""enable_efficiency_monitor"": false, ""efficiency_monitor_interval"": 10, ""data_parallel_workers"": 3, ""data_parallel_worker_gpus"": 1.0, ""data_parallel_visible_gpus"": ""0,1,2"", ""data_parallel_sync_level"": ""micro_batch"", ""data_parallel_micro_batch_size"": 200, ""gpu_list"": ""0,1,2"", ""enable_auto_pipeline_config"": false, ""batch_training"": false, ""train_batch_size"": 32, ""batch_mode"": ""tbatch"", ""tgn_loss_mode"": ""all"", ""tgn_window_size"": 10.0, ""eval_frozen"": false, ""max_neighbors"": 0, ""model"": ""jodie_rnn"", ""embedding_dim"": 64, ""memory_cell"": ""rnn"", ""time_proj"": ""off"", ""use_static_embeddings"": ""off"", ""normalize_state"": ""on"", ""event_agg"": ""none"", ""agg_activation"": ""none"", ""attn_type"": ""dot"", ""time_decay"": ""none"", ""hidden_dim"": 0, ""memory_gate"": ""off"", ""enable_event_agg"": ""off"", ""enable_graph_update"": ""off"", ""message_mode"": ""peer"", ""msg_linear"": ""off""}"
44,coarse_pipeline,val,0.31351696786734373,0.31351696786734373,,0.31351696786734373,0.7143571785892946,334592,256.8777,jodie_rnn,"{""dataset"": ""public_csv"", ""dataset_dir"": ""data/public"", ""local_data_path"": ""data/public/mooc.csv"", ""train_ratio"": 0.7, ""val_ratio"": 0.1, ""max_events"": 20000, ""num_users"": 1435, ""num_items"": 21, ""num_interactions"": 3000, ""feature_dim"": 4, ""lr"": 0.001, ""neg_sample_size"": 5, ""k"": 10, ""selection_metric"": ""mrr"", ""device"": ""cuda"", ""seed"": 42, ""partition_size"": 2000, ""partition_strategy"": ""count"", ""partition_overlap_ratio"": 0.0, ""num_pipeline_stages"": 3, ""pipeline_worker_gpus"": 1.0, ""pipeline_worker_cpus"": 1.0, ""pipeline_stage_train_workers"": ""1,1,1"", ""pipeline_stage_eval_workers"": ""1,1,1"", ""stage_balance_strategy"": ""cost"", ""stage_balance_user_weight"": 0.25, ""stage_balance_item_weight"": 0.25, ""stage_balance_span_weight"": 0.0, ""pipeline_mode"": ""naive"", ""pipeline_trace"": false, ""pipeline_trace_log_path"": ""results/20260827_181918/pipeline_naive/pipeline_trace.log"", ""ray_address"": """", ""output_dir"": ""results/20260827_181918/pipeline_naive"", ""enable_efficiency_monitor"": false, ""efficiency_monitor_interval"": 10, ""data_parallel_workers"": 3, ""data_parallel_worker_gpus"": 1.0, ""data_parallel_visible_gpus"": ""0,1,2"", ""data_parallel_sync_level"": ""micro_batch"", ""data_parallel_micro_batch_size"": 200, ""gpu_list"": ""0,1,2"", ""enable_auto_pipeline_config"": false, ""batch_training"": false, ""train_batch_size"": 32, ""batch_mode"": ""tbatch"", ""tgn_loss_mode"": ""all"", ""tgn_window_size"": 10.0, ""eval_frozen"": false, ""max_neighbors"": 0, ""model"": ""jodie_rnn"", ""embedding_dim"": 128, ""memory_cell"": ""gru"", ""time_proj"": ""off"", ""use_static_embeddings"": ""off"", ""normalize_state"": ""on"", ""event_agg"": ""none"", ""agg_activation"": ""none"", ""attn_type"": ""dot"", ""time_decay"": ""none"", ""hidden_dim"": 0, ""memory_gate"": ""off"", ""enable_event_agg"": ""off"", ""enable_graph_update"": ""off"", ""message_mode"": ""peer"", ""msg_linear"": ""off""}"
45,coarse_pipeline,val,0.31226416861906825,0.31226416861906825,,0.31226416861906825,0.791895947973987,110976,368.8237,jodie_rnn,"{""dataset"": ""public_csv"", ""dataset_dir"": ""data/public"", ""local_data_path"": ""data/public/mooc.csv"", ""train_ratio"": 0.7, ""val_ratio"": 0.1, ""max_events"": 20000, ""num_users"": 1435, ""num_items"": 21, ""num_interactions"": 3000, ""feature_dim"": 4, ""lr"": 0.001, ""neg_sample_size"": 5, ""k"": 10, ""selection_metric"": ""mrr"", ""device"": ""cuda"", ""seed"": 42, ""partition_size"": 2000, ""partition_strategy"": ""count"", ""partition_overlap_ratio"": 0.0, ""num_pipeline_stages"": 3, ""pipeline_worker_gpus"": 1.0, ""pipeline_worker_cpus"": 1.0, ""pipeline_stage_train_workers"": ""1,1,1"", ""pipeline_stage_eval_workers"": ""1,1,1"", ""stage_balance_strategy"": ""cost"", ""stage_balance_user_weight"": 0.25, ""stage_balance_item_weight"": 0.25, ""stage_balance_span_weight"": 0.0, ""pipeline_mode"": ""naive"", ""pipeline_trace"": false, ""pipeline_trace_log_path"": ""results/20260827_181918/pipeline_naive/pipeline_trace.log"", ""ray_address"": """", ""output_dir"": ""results/20260827_181918/pipeline_naive"", ""enable_efficiency_monitor"": false, ""efficiency_monitor_interval"": 10, ""data_parallel_workers"": 3, ""data_parallel_worker_gpus"": 1.0, ""data_parallel_visible_gpus"": ""0,1,2"", ""data_parallel_sync_level"": ""micro_batch"", ""data_parallel_micro_batch_size"": 200, ""gpu_list"": ""0,1,2"", ""enable_auto_pipeline_config"": false, ""batch_training"": false, ""train_batch_size"": 32, ""batch_mode"": ""tbatch"", ""tgn_loss_mode"": ""all"", ""tgn_window_size"": 10.0, ""eval_frozen"": false, ""max_neighbors"": 0, ""model"": ""jodie_rnn"", ""embedding_dim"": 64, ""memory_cell"": ""lstm"", ""time_proj"": ""off"", ""use_static_embeddings"": ""off"", ""normalize_state"": ""off"", ""event_agg"": ""none"", ""agg_activation"": ""none"", ""attn_type"": ""dot"", ""time_decay"": ""none"", ""hidden_dim"": 0, ""memory_gate"": ""off"", ""enable_event_agg"": ""off"", ""enable_graph_update"": ""off"", ""message_mode"": ""peer"", ""msg_linear"": ""off""}"
46,coarse_pipeline,val,0.30228997443477346,0.30228997443477346,,0.30228997443477346,0.7778889444722361,434944,389.6473,jodie_rnn,"{""dataset"": ""public_csv"", ""dataset_dir"": ""data/public"", ""local_data_path"": ""data/public/mooc.csv"", ""train_ratio"": 0.7, ""val_ratio"": 0.1, ""max_events"": 20000, ""num_users"": 1435, ""num_items"": 21, ""num_interactions"": 3000, ""feature_dim"": 4, ""lr"": 0.001, ""neg_sample_size"": 5, ""k"": 10, ""selection_metric"": ""mrr"", ""device"": ""cuda"", ""seed"": 42, ""partition_size"": 2000, ""partition_strategy"": ""count"", ""partition_overlap_ratio"": 0.0, ""num_pipeline_stages"": 3, ""pipeline_worker_gpus"": 1.0, ""pipeline_worker_cpus"": 1.0, ""pipeline_stage_train_workers"": ""1,1,1"", ""pipeline_stage_eval_workers"": ""1,1,1"", ""stage_balance_strategy"": ""cost"", ""stage_balance_user_weight"": 0.25, ""stage_balance_item_weight"": 0.25, ""stage_balance_span_weight"": 0.0, ""pipeline_mode"": ""naive"", ""pipeline_trace"": false, ""pipeline_trace_log_path"": ""results/20260827_181918/pipeline_naive/pipeline_trace.log"", ""ray_address"": """", ""output_dir"": ""results/20260827_181918/pipeline_naive"", ""enable_efficiency_monitor"": false, ""efficiency_monitor_interval"": 10, ""data_parallel_workers"": 3, ""data_parallel_worker_gpus"": 1.0, ""data_parallel_visible_gpus"": ""0,1,2"", ""data_parallel_sync_level"": ""micro_batch"", ""data_parallel_micro_batch_size"": 200, ""gpu_list"": ""0,1,2"", ""enable_auto_pipeline_config"": false, ""batch_training"": false, ""train_batch_size"": 32, ""batch_mode"": ""tbatch"", ""tgn_loss_mode"": ""all"", ""tgn_window_size"": 10.0, ""eval_frozen"": false, ""max_neighbors"": 0, ""model"": ""jodie_rnn"", ""embedding_dim"": 128, ""memory_cell"": ""lstm"", ""time_proj"": ""off"", ""use_static_embeddings"": ""off"", ""normalize_state"": ""off"", ""event_agg"": ""none"", ""agg_activation"": ""none"", ""attn_type"": ""dot"", ""time_decay"": ""none"", ""hidden_dim"": 0, ""memory_gate"": ""off"", ""enable_event_agg"": ""off"", ""enable_graph_update"": ""off"", ""message_mode"": ""peer"", ""msg_linear"": ""off""}"
47,coarse_pipeline,val,0.3021639567154191,0.3021639567154191,,0.3021639567154191,0.7233616808404202,273792,437.3453,jodie_rnn,"{""dataset"": ""public_csv"", ""dataset_dir"": ""data/public"", ""local_data_path"": ""data/public/mooc.csv"", ""train_ratio"": 0.7, ""val_ratio"": 0.1, ""max_events"": 20000, ""num_users"": 1435, ""num_items"": 21, ""num_interactions"": 3000, ""feature_dim"": 4, ""lr"": 0.001, ""neg_sample_size"": 5, ""k"": 10, ""selection_metric"": ""mrr"", ""device"": ""cuda"", ""seed"": 42, ""partition_size"": 2000, ""partition_strategy"": ""count"", ""partition_overlap_ratio"": 0.0, ""num_pipeline_stages"": 3, ""pipeline_worker_gpus"": 1.0, ""pipeline_worker_cpus"": 1.0, ""pipeline_stage_train_workers"": ""1,1,1"", ""pipeline_stage_eval_workers"": ""1,1,1"", ""stage_balance_strategy"": ""cost"", ""stage_balance_user_weight"": 0.25, ""stage_balance_item_weight"": 0.25, ""stage_balance_span_weight"": 0.0, ""pipeline_mode"": ""naive"", ""pipeline_trace"": false, ""pipeline_trace_log_path"": ""results/20260827_181918/pipeline_naive/pipeline_trace.log"", ""ray_address"": """", ""output_dir"": ""results/20260827_181918/pipeline_naive"", ""enable_efficiency_monitor"": false, ""efficiency_monitor_interval"": 10, ""data_parallel_workers"": 3, ""data_parallel_worker_gpus"": 1.0, ""data_parallel_visible_gpus"": ""0,1,2"", ""data_parallel_sync_level"": ""micro_batch"", ""data_parallel_micro_batch_size"": 200, ""gpu_list"": ""0,1,2"", ""enable_auto_pipeline_config"": false, ""batch_training"": false, ""train_batch_size"": 32, ""batch_mode"": ""tbatch"", ""tgn_loss_mode"": ""all"", ""tgn_window_size"": 10.0, ""eval_frozen"": false, ""max_neighbors"": 0, ""model"": ""jodie_rnn"", ""embedding_dim"": 64, ""memory_cell"": ""lstm"", ""time_proj"": ""linear"", ""use_static_embeddings"": ""on"", ""normalize_state"": ""off"", ""event_agg"": ""none"", ""agg_activation"": ""none"", ""attn_type"": ""dot"", ""time_decay"": ""none"", ""hidden_dim"": 0, ""memory_gate"": ""off"", ""enable_event_agg"": ""off"", ""enable_graph_update"": ""off"", ""message_mode"": ""peer"", ""msg_linear"": ""off""}"
48,coarse_pipeline,val,0.29704645204298996,0.29704645204298996,,0.29704645204298996,0.7098549274637319,110976,424.4003,jodie_rnn,"{""dataset"": ""public_csv"", ""dataset_dir"": ""data/public"", ""local_data_path"": ""data/public/mooc.csv"", ""train_ratio"": 0.7, ""val_ratio"": 0.1, ""max_events"": 20000, ""num_users"": 1435, ""num_items"": 21, ""num_interactions"": 3000, ""feature_dim"": 4, ""lr"": 0.001, ""neg_sample_size"": 5, ""k"": 10, ""selection_metric"": ""mrr"", ""device"": ""cuda"", ""seed"": 42, ""partition_size"": 2000, ""partition_strategy"": ""count"", ""partition_overlap_ratio"": 0.0, ""num_pipeline_stages"": 3, ""pipeline_worker_gpus"": 1.0, ""pipeline_worker_cpus"": 1.0, ""pipeline_stage_train_workers"": ""1,1,1"", ""pipeline_stage_eval_workers"": ""1,1,1"", ""stage_balance_strategy"": ""cost"", ""stage_balance_user_weight"": 0.25, ""stage_balance_item_weight"": 0.25, ""stage_balance_span_weight"": 0.0, ""pipeline_mode"": ""naive"", ""pipeline_trace"": false, ""pipeline_trace_log_path"": ""results/20260827_181918/pipeline_naive/pipeline_trace.log"", ""ray_address"": """", ""output_dir"": ""results/20260827_181918/pipeline_naive"", ""enable_efficiency_monitor"": false, ""efficiency_monitor_interval"": 10, ""data_parallel_workers"": 3, ""data_parallel_worker_gpus"": 1.0, ""data_parallel_visible_gpus"": ""0,1,2"", ""data_parallel_sync_level"": ""micro_batch"", ""data_parallel_micro_batch_size"": 200, ""gpu_list"": ""0,1,2"", ""enable_auto_pipeline_config"": false, ""batch_training"": false, ""train_batch_size"": 32, ""batch_mode"": ""tbatch"", ""tgn_loss_mode"": ""all"", ""tgn_window_size"": 10.0, ""eval_frozen"": false, ""max_neighbors"": 0, ""model"": ""jodie_rnn"", ""embedding_dim"": 64, ""memory_cell"": ""lstm"", ""time_proj"": ""linear"", ""use_static_embeddings"": ""off"", ""normalize_state"": ""off"", ""event_agg"": ""none"", ""agg_activation"": ""none"", ""attn_type"": ""dot"", ""time_decay"": ""none"", ""hidden_dim"": 0, ""memory_gate"": ""off"", ""enable_event_agg"": ""off"", ""enable_graph_update"": ""off"", ""message_mode"": ""peer"", ""msg_linear"": ""off""}"
49,coarse_pipeline,val,0.2966977180012098,0.2966977180012098,,0.2966977180012098,0.7443721860930466,110976,411.9565,jodie_rnn,"{""dataset"": ""public_csv"", ""dataset_dir"": ""data/public"", ""local_data_path"": ""data/public/mooc.csv"", ""train_ratio"": 0.7, ""val_ratio"": 0.1, ""max_events"": 20000, ""num_users"": 1435, ""num_items"": 21, ""num_interactions"": 3000, ""feature_dim"": 4, ""lr"": 0.001, ""neg_sample_size"": 5, ""k"": 10, ""selection_metric"": ""mrr"", ""device"": ""cuda"", ""seed"": 42, ""partition_size"": 2000, ""partition_strategy"": ""count"", ""partition_overlap_ratio"": 0.0, ""num_pipeline_stages"": 3, ""pipeline_worker_gpus"": 1.0, ""pipeline_worker_cpus"": 1.0, ""pipeline_stage_train_workers"": ""1,1,1"", ""pipeline_stage_eval_workers"": ""1,1,1"", ""stage_balance_strategy"": ""cost"", ""stage_balance_user_weight"": 0.25, ""stage_balance_item_weight"": 0.25, ""stage_balance_span_weight"": 0.0, ""pipeline_mode"": ""naive"", ""pipeline_trace"": false, ""pipeline_trace_log_path"": ""results/20260827_181918/pipeline_naive/pipeline_trace.log"", ""ray_address"": """", ""output_dir"": ""results/20260827_181918/pipeline_naive"", ""enable_efficiency_monitor"": false, ""efficiency_monitor_interval"": 10, ""data_parallel_workers"": 3, ""data_parallel_worker_gpus"": 1.0, ""data_parallel_visible_gpus"": ""0,1,2"", ""data_parallel_sync_level"": ""micro_batch"", ""data_parallel_micro_batch_size"": 200, ""gpu_list"": ""0,1,2"", ""enable_auto_pipeline_config"": false, ""batch_training"": false, ""train_batch_size"": 32, ""batch_mode"": ""tbatch"", ""tgn_loss_mode"": ""all"", ""tgn_window_size"": 10.0, ""eval_frozen"": false, ""max_neighbors"": 0, ""model"": ""jodie_rnn"", ""embedding_dim"": 64, ""memory_cell"": ""lstm"", ""time_proj"": ""off"", ""use_static_embeddings"": ""off"", ""normalize_state"": ""on"", ""event_agg"": ""none"", ""agg_activation"": ""none"", ""attn_type"": ""dot"", ""time_decay"": ""none"", ""hidden_dim"": 0, ""memory_gate"": ""off"", ""enable_event_agg"": ""off"", ""enable_graph_update"": ""off"", ""message_mode"": ""peer"", ""msg_linear"": ""off""}"
50,coarse_pipeline,val,0.2944342044569791,0.2944342044569791,,0.2944342044569791,0.7183591795897949,92864,350.6553,jodie_rnn,"{""dataset"": ""public_csv"", ""dataset_dir"": ""data/public"", ""local_data_path"": ""data/public/mooc.csv"", ""train_ratio"": 0.7, ""val_ratio"": 0.1, ""max_events"": 20000, ""num_users"": 1435, ""num_items"": 21, ""num_interactions"": 3000, ""feature_dim"": 4, ""lr"": 0.001, ""neg_sample_size"": 5, ""k"": 10, ""selection_metric"": ""mrr"", ""device"": ""cuda"", ""seed"": 42, ""partition_size"": 2000, ""partition_strategy"": ""count"", ""partition_overlap_ratio"": 0.0, ""num_pipeline_stages"": 3, ""pipeline_worker_gpus"": 1.0, ""pipeline_worker_cpus"": 1.0, ""pipeline_stage_train_workers"": ""1,1,1"", ""pipeline_stage_eval_workers"": ""1,1,1"", ""stage_balance_strategy"": ""cost"", ""stage_balance_user_weight"": 0.25, ""stage_balance_item_weight"": 0.25, ""stage_balance_span_weight"": 0.0, ""pipeline_mode"": ""naive"", ""pipeline_trace"": false, ""pipeline_trace_log_path"": ""results/20260827_181918/pipeline_naive/pipeline_trace.log"", ""ray_address"": """", ""output_dir"": ""results/20260827_181918/pipeline_naive"", ""enable_efficiency_monitor"": false, ""efficiency_monitor_interval"": 10, ""data_parallel_workers"": 3, ""data_parallel_worker_gpus"": 1.0, ""data_parallel_visible_gpus"": ""0,1,2"", ""data_parallel_sync_level"": ""micro_batch"", ""data_parallel_micro_batch_size"": 200, ""gpu_list"": ""0,1,2"", ""enable_auto_pipeline_config"": false, ""batch_training"": false, ""train_batch_size"": 32, ""batch_mode"": ""tbatch"", ""tgn_loss_mode"": ""all"", ""tgn_window_size"": 10.0, ""eval_frozen"": false, ""max_neighbors"": 0, ""model"": ""jodie_rnn"", ""embedding_dim"": 32, ""memory_cell"": ""lstm"", ""time_proj"": ""linear"", ""use_static_embeddings"": ""on"", ""normalize_state"": ""off"", ""event_agg"": ""none"", ""agg_activation"": ""none"", ""attn_type"": ""dot"", ""time_decay"": ""none"", ""hidden_dim"": 0, ""memory_gate"": ""off"", ""enable_event_agg"": ""off"", ""enable_graph_update"": ""off"", ""message_mode"": ""peer"", ""msg_linear"": ""off""}"
51,coarse_pipeline,val,0.2915150779158636,0.2915150779158636,,0.2915150779158636,0.7143571785892946,28864,358.4681,jodie_rnn,"{""dataset"": ""public_csv"", ""dataset_dir"": ""data/public"", ""local_data_path"": ""data/public/mooc.csv"", ""train_ratio"": 0.7, ""val_ratio"": 0.1, ""max_events"": 20000, ""num_users"": 1435, ""num_items"": 21, ""num_interactions"": 3000, ""feature_dim"": 4, ""lr"": 0.001, ""neg_sample_size"": 5, ""k"": 10, ""selection_metric"": ""mrr"", ""device"": ""cuda"", ""seed"": 42, ""partition_size"": 2000, ""partition_strategy"": ""count"", ""partition_overlap_ratio"": 0.0, ""num_pipeline_stages"": 3, ""pipeline_worker_gpus"": 1.0, ""pipeline_worker_cpus"": 1.0, ""pipeline_stage_train_workers"": ""1,1,1"", ""pipeline_stage_eval_workers"": ""1,1,1"", ""stage_balance_strategy"": ""cost"", ""stage_balance_user_weight"": 0.25, ""stage_balance_item_weight"": 0.25, ""stage_balance_span_weight"": 0.0, ""pipeline_mode"": ""naive"", ""pipeline_trace"": false, ""pipeline_trace_log_path"": ""results/20260827_181918/pipeline_naive/pipeline_trace.log"", ""ray_address"": """", ""output_dir"": ""results/20260827_181918/pipeline_naive"", ""enable_efficiency_monitor"": false, ""efficiency_monitor_interval"": 10, ""data_parallel_workers"": 3, ""data_parallel_worker_gpus"": 1.0, ""data_parallel_visible_gpus"": ""0,1,2"", ""data_parallel_sync_level"": ""micro_batch"", ""data_parallel_micro_batch_size"": 200, ""gpu_list"": ""0,1,2"", ""enable_auto_pipeline_config"": false, ""batch_training"": false, ""train_batch_size"": 32, ""batch_mode"": ""tbatch"", ""tgn_loss_mode"": ""all"", ""tgn_window_size"": 10.0, ""eval_frozen"": false, ""max_neighbors"": 0, ""model"": ""jodie_rnn"", ""embedding_dim"": 32, ""memory_cell"": ""lstm"", ""time_proj"": ""off"", ""use_static_embeddings"": ""off"", ""normalize_state"": ""on"", ""event_agg"": ""none"", ""agg_activation"": ""none"", ""attn_type"": ""dot"", ""time_decay"": ""none"", ""hidden_dim"": 0, ""memory_gate"": ""off"", ""enable_event_agg"": ""off"", ""enable_graph_update"": ""off"", ""message_mode"": ""peer"", ""msg_linear"": ""off""}"
52,coarse_pipeline,val,0.28048002178269626,0.28048002178269626,,0.28048002178269626,0.6953476738369184,28864,352.2929,jodie_rnn,"{""dataset"": ""public_csv"", ""dataset_dir"": ""data/public"", ""local_data_path"": ""data/public/mooc.csv"", ""train_ratio"": 0.7, ""val_ratio"": 0.1, ""max_events"": 20000, ""num_users"": 1435, ""num_items"": 21, ""num_interactions"": 3000, ""feature_dim"": 4, ""lr"": 0.001, ""neg_sample_size"": 5, ""k"": 10, ""selection_metric"": ""mrr"", ""device"": ""cuda"", ""seed"": 42, ""partition_size"": 2000, ""partition_strategy"": ""count"", ""partition_overlap_ratio"": 0.0, ""num_pipeline_stages"": 3, ""pipeline_worker_gpus"": 1.0, ""pipeline_worker_cpus"": 1.0, ""pipeline_stage_train_workers"": ""1,1,1"", ""pipeline_stage_eval_workers"": ""1,1,1"", ""stage_balance_strategy"": ""cost"", ""stage_balance_user_weight"": 0.25, ""stage_balance_item_weight"": 0.25, ""stage_balance_span_weight"": 0.0, ""pipeline_mode"": ""naive"", ""pipeline_trace"": false, ""pipeline_trace_log_path"": ""results/20260827_181918/pipeline_naive/pipeline_trace.log"", ""ray_address"": """", ""output_dir"": ""results/20260827_181918/pipeline_naive"", ""enable_efficiency_monitor"": false, ""efficiency_monitor_interval"": 10, ""data_parallel_workers"": 3, ""data_parallel_worker_gpus"": 1.0, ""data_parallel_visible_gpus"": ""0,1,2"", ""data_parallel_sync_level"": ""micro_batch"", ""data_parallel_micro_batch_size"": 200, ""gpu_list"": ""0,1,2"", ""enable_auto_pipeline_config"": false, ""batch_training"": false, ""train_batch_size"": 32, ""batch_mode"": ""tbatch"", ""tgn_loss_mode"": ""all"", ""tgn_window_size"": 10.0, ""eval_frozen"": false, ""max_neighbors"": 0, ""model"": ""jodie_rnn"", ""embedding_dim"": 32, ""memory_cell"": ""lstm"", ""time_proj"": ""linear"", ""use_static_embeddings"": ""off"", ""normalize_state"": ""off"", ""event_agg"": ""none"", ""agg_activation"": ""none"", ""attn_type"": ""dot"", ""time_decay"": ""none"", ""hidden_dim"": 0, ""memory_gate"": ""off"", ""enable_event_agg"": ""off"", ""enable_graph_update"": ""off"", ""message_mode"": ""peer"", ""msg_linear"": ""off""}"
53,coarse_pipeline,val,0.2763879683455179,0.2763879683455179,,0.2763879683455179,0.6873436718359179,434944,349.2319,jodie_rnn,"{""dataset"": ""public_csv"", ""dataset_dir"": ""data/public"", ""local_data_path"": ""data/public/mooc.csv"", ""train_ratio"": 0.7, ""val_ratio"": 0.1, ""max_events"": 20000, ""num_users"": 1435, ""num_items"": 21, ""num_interactions"": 3000, ""feature_dim"": 4, ""lr"": 0.001, ""neg_sample_size"": 5, ""k"": 10, ""selection_metric"": ""mrr"", ""device"": ""cuda"", ""seed"": 42, ""partition_size"": 2000, ""partition_strategy"": ""count"", ""partition_overlap_ratio"": 0.0, ""num_pipeline_stages"": 3, ""pipeline_worker_gpus"": 1.0, ""pipeline_worker_cpus"": 1.0, ""pipeline_stage_train_workers"": ""1,1,1"", ""pipeline_stage_eval_workers"": ""1,1,1"", ""stage_balance_strategy"": ""cost"", ""stage_balance_user_weight"": 0.25, ""stage_balance_item_weight"": 0.25, ""stage_balance_span_weight"": 0.0, ""pipeline_mode"": ""naive"", ""pipeline_trace"": false, ""pipeline_trace_log_path"": ""results/20260827_181918/pipeline_naive/pipeline_trace.log"", ""ray_address"": """", ""output_dir"": ""results/20260827_181918/pipeline_naive"", ""enable_efficiency_monitor"": false, ""efficiency_monitor_interval"": 10, ""data_parallel_workers"": 3, ""data_parallel_worker_gpus"": 1.0, ""data_parallel_visible_gpus"": ""0,1,2"", ""data_parallel_sync_level"": ""micro_batch"", ""data_parallel_micro_batch_size"": 200, ""gpu_list"": ""0,1,2"", ""enable_auto_pipeline_config"": false, ""batch_training"": false, ""train_batch_size"": 32, ""batch_mode"": ""tbatch"", ""tgn_loss_mode"": ""all"", ""tgn_window_size"": 10.0, ""eval_frozen"": false, ""max_neighbors"": 0, ""model"": ""jodie_rnn"", ""embedding_dim"": 128, ""memory_cell"": ""lstm"", ""time_proj"": ""off"", ""use_static_embeddings"": ""off"", ""normalize_state"": ""on"", ""event_agg"": ""none"", ""agg_activation"": ""none"", ""attn_type"": ""dot"", ""time_decay"": ""none"", ""hidden_dim"": 0, ""memory_gate"": ""off"", ""enable_event_agg"": ""off"", ""enable_graph_update"": ""off"", ""message_mode"": ""peer"", ""msg_linear"": ""off""}"
54,coarse_pipeline,val,0.2754097911598479,0.2754097911598479,,0.2754097911598479,0.7148574287143572,434944,361.9231,jodie_rnn,"{""dataset"": ""public_csv"", ""dataset_dir"": ""data/public"", ""local_data_path"": ""data/public/mooc.csv"", ""train_ratio"": 0.7, ""val_ratio"": 0.1, ""max_events"": 20000, ""num_users"": 1435, ""num_items"": 21, ""num_interactions"": 3000, ""feature_dim"": 4, ""lr"": 0.001, ""neg_sample_size"": 5, ""k"": 10, ""selection_metric"": ""mrr"", ""device"": ""cuda"", ""seed"": 42, ""partition_size"": 2000, ""partition_strategy"": ""count"", ""partition_overlap_ratio"": 0.0, ""num_pipeline_stages"": 3, ""pipeline_worker_gpus"": 1.0, ""pipeline_worker_cpus"": 1.0, ""pipeline_stage_train_workers"": ""1,1,1"", ""pipeline_stage_eval_workers"": ""1,1,1"", ""stage_balance_strategy"": ""cost"", ""stage_balance_user_weight"": 0.25, ""stage_balance_item_weight"": 0.25, ""stage_balance_span_weight"": 0.0, ""pipeline_mode"": ""naive"", ""pipeline_trace"": false, ""pipeline_trace_log_path"": ""results/20260827_181918/pipeline_naive/pipeline_trace.log"", ""ray_address"": """", ""output_dir"": ""results/20260827_181918/pipeline_naive"", ""enable_efficiency_monitor"": false, ""efficiency_monitor_interval"": 10, ""data_parallel_workers"": 3, ""data_parallel_worker_gpus"": 1.0, ""data_parallel_visible_gpus"": ""0,1,2"", ""data_parallel_sync_level"": ""micro_batch"", ""data_parallel_micro_batch_size"": 200, ""gpu_list"": ""0,1,2"", ""enable_auto_pipeline_config"": false, ""batch_training"": false, ""train_batch_size"": 32, ""batch_mode"": ""tbatch"", ""tgn_loss_mode"": ""all"", ""tgn_window_size"": 10.0, ""eval_frozen"": false, ""max_neighbors"": 0, ""model"": ""jodie_rnn"", ""embedding_dim"": 128, ""memory_cell"": ""lstm"", ""time_proj"": ""linear"", ""use_static_embeddings"": ""off"", ""normalize_state"": ""off"", ""event_agg"": ""none"", ""agg_activation"": ""none"", ""attn_type"": ""dot"", ""time_decay"": ""none"", ""hidden_dim"": 0, ""memory_gate"": ""off"", ""enable_event_agg"": ""off"", ""enable_graph_update"": ""off"", ""message_mode"": ""peer"", ""msg_linear"": ""off""}"
55,coarse_pipeline,val,0.12660258734946606,0.12660258734946606,,0.12660258734946606,0.29814907453726863,82112,356.3165,jodie_rnn,"{""dataset"": ""public_csv"", ""dataset_dir"": ""data/public"", ""local_data_path"": ""data/public/mooc.csv"", ""train_ratio"": 0.7, ""val_ratio"": 0.1, ""max_events"": 20000, ""num_users"": 1435, ""num_items"": 21, ""num_interactions"": 3000, ""feature_dim"": 4, ""lr"": 0.001, ""neg_sample_size"": 5, ""k"": 10, ""selection_metric"": ""mrr"", ""device"": ""cuda"", ""seed"": 42, ""partition_size"": 2000, ""partition_strategy"": ""count"", ""partition_overlap_ratio"": 0.0, ""num_pipeline_stages"": 3, ""pipeline_worker_gpus"": 1.0, ""pipeline_worker_cpus"": 1.0, ""pipeline_stage_train_workers"": ""1,1,1"", ""pipeline_stage_eval_workers"": ""1,1,1"", ""stage_balance_strategy"": ""cost"", ""stage_balance_user_weight"": 0.25, ""stage_balance_item_weight"": 0.25, ""stage_balance_span_weight"": 0.0, ""pipeline_mode"": ""naive"", ""pipeline_trace"": false, ""pipeline_trace_log_path"": ""results/20260827_181918/pipeline_naive/pipeline_trace.log"", ""ray_address"": """", ""output_dir"": ""results/20260827_181918/pipeline_naive"", ""enable_efficiency_monitor"": false, ""efficiency_monitor_interval"": 10, ""data_parallel_workers"": 3, ""data_parallel_worker_gpus"": 1.0, ""data_parallel_visible_gpus"": ""0,1,2"", ""data_parallel_sync_level"": ""micro_batch"", ""data_parallel_micro_batch_size"": 200, ""gpu_list"": ""0,1,2"", ""enable_auto_pipeline_config"": false, ""batch_training"": false, ""train_batch_size"": 32, ""batch_mode"": ""tbatch"", ""tgn_loss_mode"": ""all"", ""tgn_window_size"": 10.0, ""eval_frozen"": false, ""max_neighbors"": 0, ""model"": ""jodie_rnn"", ""embedding_dim"": 32, ""memory_cell"": ""gru"", ""time_proj"": ""linear"", ""use_static_embeddings"": ""on"", ""normalize_state"": ""off"", ""event_agg"": ""none"", ""agg_activation"": ""none"", ""attn_type"": ""dot"", ""time_decay"": ""none"", ""hidden_dim"": 0, ""memory_gate"": ""off"", ""enable_event_agg"": ""off"", ""enable_graph_update"": ""off"", ""message_mode"": ""peer"", ""msg_linear"": ""off""}"
56,coarse_pipeline,val,0.12660258734946606,0.12660258734946606,,0.12660258734946606,0.29814907453726863,85376,238.081,jodie_rnn,"{""dataset"": ""public_csv"", ""dataset_dir"": ""data/public"", ""local_data_path"": ""data/public/mooc.csv"", ""train_ratio"": 0.7, ""val_ratio"": 0.1, ""max_events"": 20000, ""num_users"": 1435, ""num_items"": 21, ""num_interactions"": 3000, ""feature_dim"": 4, ""lr"": 0.001, ""neg_sample_size"": 5, ""k"": 10, ""selection_metric"": ""mrr"", ""device"": ""cuda"", ""seed"": 42, ""partition_size"": 2000, ""partition_strategy"": ""count"", ""partition_overlap_ratio"": 0.0, ""num_pipeline_stages"": 3, ""pipeline_worker_gpus"": 1.0, ""pipeline_worker_cpus"": 1.0, ""pipeline_stage_train_workers"": ""1,1,1"", ""pipeline_stage_eval_workers"": ""1,1,1"", ""stage_balance_strategy"": ""cost"", ""stage_balance_user_weight"": 0.25, ""stage_balance_item_weight"": 0.25, ""stage_balance_span_weight"": 0.0, ""pipeline_mode"": ""naive"", ""pipeline_trace"": false, ""pipeline_trace_log_path"": ""results/20260827_181918/pipeline_naive/pipeline_trace.log"", ""ray_address"": """", ""output_dir"": ""results/20260827_181918/pipeline_naive"", ""enable_efficiency_monitor"": false, ""efficiency_monitor_interval"": 10, ""data_parallel_workers"": 3, ""data_parallel_worker_gpus"": 1.0, ""data_parallel_visible_gpus"": ""0,1,2"", ""data_parallel_sync_level"": ""micro_batch"", ""data_parallel_micro_batch_size"": 200, ""gpu_list"": ""0,1,2"", ""enable_auto_pipeline_config"": false, ""batch_training"": false, ""train_batch_size"": 32, ""batch_mode"": ""tbatch"", ""tgn_loss_mode"": ""all"", ""tgn_window_size"": 10.0, ""eval_frozen"": false, ""max_neighbors"": 0, ""model"": ""jodie_rnn"", ""embedding_dim"": 64, ""memory_cell"": ""gru"", ""time_proj"": ""linear"", ""use_static_embeddings"": ""off"", ""normalize_state"": ""off"", ""event_agg"": ""none"", ""agg_activation"": ""none"", ""attn_type"": ""dot"", ""time_decay"": ""none"", ""hidden_dim"": 0, ""memory_gate"": ""off"", ""enable_event_agg"": ""off"", ""enable_graph_update"": ""off"", ""message_mode"": ""peer"", ""msg_linear"": ""off""}"
57,coarse_pipeline,val,0.12660258734946606,0.12660258734946606,,0.12660258734946606,0.29814907453726863,231808,290.9877,jodie_rnn,"{""dataset"": ""public_csv"", ""dataset_dir"": ""data/public"", ""local_data_path"": ""data/public/mooc.csv"", ""train_ratio"": 0.7, ""val_ratio"": 0.1, ""max_events"": 20000, ""num_users"": 1435, ""num_items"": 21, ""num_interactions"": 3000, ""feature_dim"": 4, ""lr"": 0.001, ""neg_sample_size"": 5, ""k"": 10, ""selection_metric"": ""mrr"", ""device"": ""cuda"", ""seed"": 42, ""partition_size"": 2000, ""partition_strategy"": ""count"", ""partition_overlap_ratio"": 0.0, ""num_pipeline_stages"": 3, ""pipeline_worker_gpus"": 1.0, ""pipeline_worker_cpus"": 1.0, ""pipeline_stage_train_workers"": ""1,1,1"", ""pipeline_stage_eval_workers"": ""1,1,1"", ""stage_balance_strategy"": ""cost"", ""stage_balance_user_weight"": 0.25, ""stage_balance_item_weight"": 0.25, ""stage_balance_span_weight"": 0.0, ""pipeline_mode"": ""naive"", ""pipeline_trace"": false, ""pipeline_trace_log_path"": ""results/20260827_181918/pipeline_naive/pipeline_trace.log"", ""ray_address"": """", ""output_dir"": ""results/20260827_181918/pipeline_naive"", ""enable_efficiency_monitor"": false, ""efficiency_monitor_interval"": 10, ""data_parallel_workers"": 3, ""data_parallel_worker_gpus"": 1.0, ""data_parallel_visible_gpus"": ""0,1,2"", ""data_parallel_sync_level"": ""micro_batch"", ""data_parallel_micro_batch_size"": 200, ""gpu_list"": ""0,1,2"", ""enable_auto_pipeline_config"": false, ""batch_training"": false, ""train_batch_size"": 32, ""batch_mode"": ""tbatch"", ""tgn_loss_mode"": ""all"", ""tgn_window_size"": 10.0, ""eval_frozen"": false, ""max_neighbors"": 0, ""model"": ""jodie_rnn"", ""embedding_dim"": 64, ""memory_cell"": ""gru"", ""time_proj"": ""linear"", ""use_static_embeddings"": ""on"", ""normalize_state"": ""off"", ""event_agg"": ""none"", ""agg_activation"": ""none"", ""attn_type"": ""dot"", ""time_decay"": ""none"", ""hidden_dim"": 0, ""memory_gate"": ""off"", ""enable_event_agg"": ""off"", ""enable_graph_update"": ""off"", ""message_mode"": ""peer"", ""msg_linear"": ""off""}"
58,coarse_pipeline,val,0.12660258734946606,0.12660258734946606,,0.12660258734946606,0.29814907453726863,733952,345.5441,jodie_rnn,"{""dataset"": ""public_csv"", ""dataset_dir"": ""data/public"", ""local_data_path"": ""data/public/mooc.csv"", ""train_ratio"": 0.7, ""val_ratio"": 0.1, ""max_events"": 20000, ""num_users"": 1435, ""num_items"": 21, ""num_interactions"": 3000, ""feature_dim"": 4, ""lr"": 0.001, ""neg_sample_size"": 5, ""k"": 10, ""selection_metric"": ""mrr"", ""device"": ""cuda"", ""seed"": 42, ""partition_size"": 2000, ""partition_strategy"": ""count"", ""partition_overlap_ratio"": 0.0, ""num_pipeline_stages"": 3, ""pipeline_worker_gpus"": 1.0, ""pipeline_worker_cpus"": 1.0, ""pipeline_stage_train_workers"": ""1,1,1"", ""pipeline_stage_eval_workers"": ""1,1,1"", ""stage_balance_strategy"": ""cost"", ""stage_balance_user_weight"": 0.25, ""stage_balance_item_weight"": 0.25, ""stage_balance_span_weight"": 0.0, ""pipeline_mode"": ""naive"", ""pipeline_trace"": false, ""pipeline_trace_log_path"": ""results/20260827_181918/pipeline_naive/pipeline_trace.log"", ""ray_address"": """", ""output_dir"": ""results/20260827_181918/pipeline_naive"", ""enable_efficiency_monitor"": false, ""efficiency_monitor_interval"": 10, ""data_parallel_workers"": 3, ""data_parallel_worker_gpus"": 1.0, ""data_parallel_visible_gpus"": ""0,1,2"", ""data_parallel_sync_level"": ""micro_batch"", ""data_parallel_micro_batch_size"": 200, ""gpu_list"": ""0,1,2"", ""enable_auto_pipeline_config"": false, ""batch_training"": false, ""train_batch_size"": 32, ""batch_mode"": ""tbatch"", ""tgn_loss_mode"": ""all"", ""tgn_window_size"": 10.0, ""eval_frozen"": false, ""max_neighbors"": 0, ""model"": ""jodie_rnn"", ""embedding_dim"": 128, ""memory_cell"": ""gru"", ""time_proj"": ""linear"", ""use_static_embeddings"": ""on"", ""normalize_state"": ""off"", ""event_agg"": ""none"", ""agg_activation"": ""none"", ""attn_type"": ""dot"", ""time_decay"": ""none"", ""hidden_dim"": 0, ""memory_gate"": ""off"", ""enable_event_agg"": ""off"", ""enable_graph_update"": ""off"", ""message_mode"": ""peer"", ""msg_linear"": ""off""}"
