Pipeline trace log file: outputs/comprehensive_comparison/seed_1000/naive_overlap20/pipeline_trace_20260616_010423.log

======================================================================
[GraphNAS] Starting search pipeline
[GraphNAS] Coarse trials: 50, epochs: 3
[GraphNAS] Rerank top-k: 0, epochs: 3
======================================================================

[Timing] Timing log: outputs/comprehensive_comparison/seed_1000/naive_overlap20/timing_log.csv
[Coarse Phase] Sampling batch 1: 2 architectures
[Coarse Phase] Evaluating architectures 1-2/50
2026-06-16 01:04:29,475	INFO worker.py:1812 -- Started a local Ray instance. View the dashboard at [1m[32mhttp://127.0.0.1:8268 [39m[22m
[RayPipeline] detected 8 GPUs; pipeline_worker_gpus=1.0
[RayPipeline] note: total train workers=3 < GPUs=8; consider increasing --pipeline-stage-train-workers to use all GPUs.
[RayPipeline] train stage 1: 3 partitions, 14000 interactions, cost range=[4177-5276] sum=14669, workers=3
[RayPipeline] train worker counts=[3], train groups=[[0, 1, 2]]
[RayPipeline] eval worker counts=[1], eval groups=[[3]]
[36m(PartitionShardWorker pid=2421761)[0m /usr/local/anaconda3/lib/python3.11/site-packages/torch/storage.py:414: FutureWarning: You are using `torch.load` with `weights_only=False` (the current default value), which uses the default pickle module implicitly. It is possible to construct malicious pickle data which will execute arbitrary code during unpickling (See https://github.com/pytorch/pytorch/blob/main/SECURITY.md#untrusted-models for more details). In a future release, the default value for `weights_only` will be flipped to `True`. This limits the functions that could be executed during unpickling. Arbitrary objects will no longer be allowed to be loaded via this mode unless they are explicitly allowlisted by the user via `torch.serialization.add_safe_globals`. We recommend you start setting `weights_only=True` for any use case where you don't have full control of the loaded file. Please open an issue on GitHub for any issues related to this experimental feature.
[36m(PartitionShardWorker pid=2421761)[0m   return torch.load(io.BytesIO(b))
[RayPipeline] created train worker pools=[3]
[RayPipeline] running unified train+eval pipeline (no global sync point)
[pipeline-heartbeat] wall=01:04:38 phase=train status=no_new_progress progress_events_total=0 progress_events_delta=0 in_flight=2 active=stage 1=2 pending=stage 1=0
[pipeline-heartbeat] wall=01:04:43 phase=train status=no_new_progress progress_events_total=0 progress_events_delta=0 in_flight=2 active=stage 1=2 pending=stage 1=0
[pipeline-heartbeat] wall=01:04:48 phase=train status=no_new_progress progress_events_total=0 progress_events_delta=0 in_flight=2 active=stage 1=2 pending=stage 1=0
[pipeline-heartbeat] wall=01:04:53 phase=train status=no_new_progress progress_events_total=0 progress_events_delta=0 in_flight=2 active=stage 1=2 pending=stage 1=0
[pipeline-heartbeat] wall=01:04:58 phase=train status=no_new_progress progress_events_total=0 progress_events_delta=0 in_flight=2 active=stage 1=2 pending=stage 1=0
[pipeline-heartbeat] wall=01:05:03 phase=train status=no_new_progress progress_events_total=0 progress_events_delta=0 in_flight=2 active=stage 1=2 pending=stage 1=0
[pipeline-heartbeat] wall=01:05:08 phase=train status=no_new_progress progress_events_total=0 progress_events_delta=0 in_flight=2 active=stage 1=2 pending=stage 1=0
[pipeline-heartbeat] wall=01:05:13 phase=train status=no_new_progress progress_events_total=0 progress_events_delta=0 in_flight=2 active=stage 1=2 pending=stage 1=0
[pipeline-heartbeat] wall=01:05:18 phase=train status=no_new_progress progress_events_total=0 progress_events_delta=0 in_flight=2 active=stage 1=2 pending=stage 1=0
/usr/local/anaconda3/lib/python3.11/site-packages/torch/storage.py:414: FutureWarning: You are using `torch.load` with `weights_only=False` (the current default value), which uses the default pickle module implicitly. It is possible to construct malicious pickle data which will execute arbitrary code during unpickling (See https://github.com/pytorch/pytorch/blob/main/SECURITY.md#untrusted-models for more details). In a future release, the default value for `weights_only` will be flipped to `True`. This limits the functions that could be executed during unpickling. Arbitrary objects will no longer be allowed to be loaded via this mode unless they are explicitly allowlisted by the user via `torch.serialization.add_safe_globals`. We recommend you start setting `weights_only=True` for any use case where you don't have full control of the loaded file. Please open an issue on GitHub for any issues related to this experimental feature.
  return torch.load(io.BytesIO(b))
[36m(PartitionShardWorker pid=2421761)[0m /usr/local/anaconda3/lib/python3.11/site-packages/torch/storage.py:414: FutureWarning: You are using `torch.load` with `weights_only=False` (the current default value), which uses the default pickle module implicitly. It is possible to construct malicious pickle data which will execute arbitrary code during unpickling (See https://github.com/pytorch/pytorch/blob/main/SECURITY.md#untrusted-models for more details). In a future release, the default value for `weights_only` will be flipped to `True`. This limits the functions that could be executed during unpickling. Arbitrary objects will no longer be allowed to be loaded via this mode unless they are explicitly allowlisted by the user via `torch.serialization.add_safe_globals`. We recommend you start setting `weights_only=True` for any use case where you don't have full control of the loaded file. Please open an issue on GitHub for any issues related to this experimental feature.[32m [repeated 3x across cluster] (Ray deduplicates logs by default. Set RAY_DEDUP_LOGS=0 to disable log deduplication, or see https://docs.ray.io/en/master/ray-observability/user-guides/configure-logging.html#log-deduplication for more options.)[0m
[36m(PartitionShardWorker pid=2421761)[0m   return torch.load(io.BytesIO(b))[32m [repeated 3x across cluster][0m
[pipeline-heartbeat] wall=01:05:27 phase=train status=no_new_progress progress_events_total=0 progress_events_delta=0 in_flight=2 active=stage 1=2 pending=stage 1=0
[pipeline-heartbeat] wall=01:05:32 phase=train status=no_new_progress progress_events_total=0 progress_events_delta=0 in_flight=2 active=stage 1=2 pending=stage 1=0
[pipeline-heartbeat] wall=01:05:37 phase=train status=no_new_progress progress_events_total=0 progress_events_delta=0 in_flight=2 active=stage 1=2 pending=stage 1=0
[pipeline-heartbeat] wall=01:05:42 phase=train status=no_new_progress progress_events_total=0 progress_events_delta=0 in_flight=2 active=stage 1=2 pending=stage 1=0
[pipeline-heartbeat] wall=01:05:47 phase=train status=no_new_progress progress_events_total=0 progress_events_delta=0 in_flight=2 active=stage 1=2 pending=stage 1=0
[pipeline-heartbeat] wall=01:05:52 phase=train status=no_new_progress progress_events_total=0 progress_events_delta=0 in_flight=2 active=stage 1=2 pending=stage 1=0
[pipeline-heartbeat] wall=01:05:57 phase=train status=no_new_progress progress_events_total=0 progress_events_delta=0 in_flight=2 active=stage 1=2 pending=stage 1=0
[pipeline-heartbeat] wall=01:06:07 phase=train status=no_new_progress progress_events_total=0 progress_events_delta=0 in_flight=1 active=stage 1=1 pending=stage 1=0
[pipeline-heartbeat] wall=01:06:13 in_flight=2 train_pending=[0] eval_pending=[0]
[pipeline-heartbeat] wall=01:06:18 in_flight=2 train_pending=[0] eval_pending=[0]
[pipeline-heartbeat] wall=01:06:23 in_flight=2 train_pending=[0] eval_pending=[0]
[pipeline-heartbeat] wall=01:06:28 in_flight=2 train_pending=[0] eval_pending=[0]
[pipeline-heartbeat] wall=01:06:33 in_flight=2 train_pending=[0] eval_pending=[0]
[pipeline-heartbeat] wall=01:06:38 in_flight=2 train_pending=[0] eval_pending=[0]
[pipeline-heartbeat] wall=01:06:43 in_flight=2 train_pending=[0] eval_pending=[0]
[36m(PartitionShardWorker pid=2421795)[0m [trial=1 partitions=[3]] [Interaction 1/1999 (0.1%)] elapsed=0.0s, est.remain=199.8s, partition=3
[36m(PartitionShardWorker pid=2421795)[0m [trial=1 partitions=[3]] [Interaction 100/1999 (5.0%)] elapsed=0.3s, est.remain=5.9s, partition=3
[36m(PartitionShardWorker pid=2421795)[0m [trial=1 partitions=[3]] [Interaction 200/1999 (10.0%)] elapsed=0.4s, est.remain=4.0s, partition=3
[36m(PartitionShardWorker pid=2421795)[0m [trial=1 partitions=[3]] [Interaction 300/1999 (15.0%)] elapsed=0.6s, est.remain=3.3s, partition=3
[36m(PartitionShardWorker pid=2421795)[0m [trial=1 partitions=[3]] [Interaction 400/1999 (20.0%)] elapsed=0.7s, est.remain=2.9s, partition=3
[36m(PartitionShardWorker pid=2421795)[0m [trial=1 partitions=[3]] [Interaction 500/1999 (25.0%)] elapsed=0.8s, est.remain=2.5s, partition=3
[36m(PartitionShardWorker pid=2421795)[0m [trial=1 partitions=[3]] [Interaction 600/1999 (30.0%)] elapsed=1.0s, est.remain=2.3s, partition=3
[36m(PartitionShardWorker pid=2421795)[0m [trial=1 partitions=[3]] [Interaction 700/1999 (35.0%)] elapsed=1.1s, est.remain=2.1s, partition=3
[36m(PartitionShardWorker pid=2421795)[0m [trial=1 partitions=[3]] [Interaction 800/1999 (40.0%)] elapsed=1.2s, est.remain=1.9s, partition=3
[36m(PartitionShardWorker pid=2421795)[0m [trial=1 partitions=[3]] [Interaction 900/1999 (45.0%)] elapsed=1.4s, est.remain=1.7s, partition=3
[36m(PartitionShardWorker pid=2421795)[0m [trial=1 partitions=[3]] [Interaction 1000/1999 (50.0%)] elapsed=1.5s, est.remain=1.5s, partition=3
[36m(PartitionShardWorker pid=2421795)[0m [trial=1 partitions=[3]] [Interaction 1100/1999 (55.0%)] elapsed=1.6s, est.remain=1.3s, partition=3
[36m(PartitionShardWorker pid=2421795)[0m [trial=1 partitions=[3]] [Interaction 1200/1999 (60.0%)] elapsed=1.8s, est.remain=1.2s, partition=3
[36m(PartitionShardWorker pid=2421795)[0m [trial=1 partitions=[3]] [Interaction 1300/1999 (65.0%)] elapsed=1.9s, est.remain=1.0s, partition=3
[36m(PartitionShardWorker pid=2421795)[0m [trial=1 partitions=[3]] [Interaction 1400/1999 (70.0%)] elapsed=2.0s, est.remain=0.9s, partition=3
[36m(PartitionShardWorker pid=2421795)[0m [trial=1 partitions=[3]] [Interaction 1500/1999 (75.0%)] elapsed=2.2s, est.remain=0.7s, partition=3
[36m(PartitionShardWorker pid=2421795)[0m [trial=1 partitions=[3]] [Interaction 1600/1999 (80.0%)] elapsed=2.3s, est.remain=0.6s, partition=3
[36m(PartitionShardWorker pid=2421795)[0m [trial=1 partitions=[3]] [Interaction 1700/1999 (85.0%)] elapsed=2.4s, est.remain=0.4s, partition=3
[36m(PartitionShardWorker pid=2421795)[0m [trial=1 partitions=[3]] [Interaction 1800/1999 (90.0%)] elapsed=2.6s, est.remain=0.3s, partition=3
[36m(PartitionShardWorker pid=2421795)[0m [trial=1 partitions=[3]] [Interaction 1900/1999 (95.0%)] elapsed=2.7s, est.remain=0.1s, partition=3
[36m(PartitionShardWorker pid=2421795)[0m [trial=1 partitions=[3]] [Interaction 1999/1999 (100.0%)] elapsed=2.8s, est.remain=0.0s, partition=3
[36m(PartitionShardWorker pid=2421769)[0m [trial=0 partitions=[3]] [Interaction 1/1999 (0.1%)] elapsed=0.0s, est.remain=199.8s, partition=3
[36m(PartitionShardWorker pid=2421769)[0m [trial=0 partitions=[3]] [Interaction 100/1999 (5.0%)] elapsed=0.3s, est.remain=6.0s, partition=3
[36m(PartitionShardWorker pid=2421769)[0m [trial=0 partitions=[3]] [Interaction 200/1999 (10.0%)] elapsed=0.5s, est.remain=4.3s, partition=3
[36m(PartitionShardWorker pid=2421769)[0m [trial=0 partitions=[3]] [Interaction 300/1999 (15.0%)] elapsed=0.6s, est.remain=3.6s, partition=3
[36m(PartitionShardWorker pid=2421769)[0m [trial=0 partitions=[3]] [Interaction 400/1999 (20.0%)] elapsed=0.8s, est.remain=3.2s, partition=3
[36m(PartitionShardWorker pid=2421769)[0m [trial=0 partitions=[3]] [Interaction 500/1999 (25.0%)] elapsed=1.0s, est.remain=2.9s, partition=3
[36m(PartitionShardWorker pid=2421769)[0m [trial=0 partitions=[3]] [Interaction 600/1999 (30.0%)] elapsed=1.1s, est.remain=2.6s, partition=3
[36m(PartitionShardWorker pid=2421769)[0m [trial=0 partitions=[3]] [Interaction 700/1999 (35.0%)] elapsed=1.3s, est.remain=2.4s, partition=3
[36m(PartitionShardWorker pid=2421769)[0m [trial=0 partitions=[3]] [Interaction 800/1999 (40.0%)] elapsed=1.4s, est.remain=2.2s, partition=3
[36m(PartitionShardWorker pid=2421769)[0m [trial=0 partitions=[3]] [Interaction 900/1999 (45.0%)] elapsed=1.6s, est.remain=2.0s, partition=3
[36m(PartitionShardWorker pid=2421769)[0m [trial=0 partitions=[3]] [Interaction 1000/1999 (50.0%)] elapsed=1.8s, est.remain=1.8s, partition=3
[36m(PartitionShardWorker pid=2421769)[0m [trial=0 partitions=[3]] [Interaction 1100/1999 (55.0%)] elapsed=1.9s, est.remain=1.6s, partition=3
[36m(PartitionShardWorker pid=2421769)[0m [trial=0 partitions=[3]] [Interaction 1200/1999 (60.0%)] elapsed=2.1s, est.remain=1.4s, partition=3
[36m(PartitionShardWorker pid=2421769)[0m [trial=0 partitions=[3]] [Interaction 1300/1999 (65.0%)] elapsed=2.3s, est.remain=1.2s, partition=3
[36m(PartitionShardWorker pid=2421769)[0m [trial=0 partitions=[3]] [Interaction 1400/1999 (70.0%)] elapsed=2.4s, est.remain=1.0s, partition=3
[36m(PartitionShardWorker pid=2421769)[0m [trial=0 partitions=[3]] [Interaction 1500/1999 (75.0%)] elapsed=2.6s, est.remain=0.9s, partition=3
[36m(PartitionShardWorker pid=2421769)[0m [trial=0 partitions=[3]] [Interaction 1600/1999 (80.0%)] elapsed=2.7s, est.remain=0.7s, partition=3
[36m(PartitionShardWorker pid=2421769)[0m [trial=0 partitions=[3]] [Interaction 1700/1999 (85.0%)] elapsed=2.9s, est.remain=0.5s, partition=3
[36m(PartitionShardWorker pid=2421769)[0m [trial=0 partitions=[3]] [Interaction 1800/1999 (90.0%)] elapsed=3.1s, est.remain=0.3s, partition=3
[36m(PartitionShardWorker pid=2421769)[0m [trial=0 partitions=[3]] [Interaction 1900/1999 (95.0%)] elapsed=3.2s, est.remain=0.2s, partition=3

============================================================
[Pipeline Summary]
  Trials: 2
  Train stages: 1, workers: [3] (total=3)
  Eval stages:  1, workers: [1] (total=1)
  GPUs: 8 (train workers fit)
  Train S1: 3 partitions, 14000 interactions, users=1120, items=21, workers=3
  Eval S1:  1 partitions, 1999 interactions, workers=1
  hint: 5 GPUs unused during training; add --pipeline-stage-train-workers to use them
  hint: 7 GPUs unused during evaluation
============================================================

[36m(PartitionShardWorker pid=2421769)[0m [trial=0 partitions=[3]] [Interaction 1999/1999 (100.0%)] elapsed=3.4s, est.remain=0.0s, partition=3
[Coarse Phase] Progress: 2/50 trials completed
[Coarse Phase] Sampling batch 2: 2 architectures
[Coarse Phase] Evaluating architectures 3-4/50
[RayPipeline] detected 8 GPUs; pipeline_worker_gpus=1.0
[RayPipeline] note: total train workers=3 < GPUs=8; consider increasing --pipeline-stage-train-workers to use all GPUs.
[RayPipeline] train stage 1: 3 partitions, 14000 interactions, cost range=[4177-5276] sum=14669, workers=3
[RayPipeline] train worker counts=[3], train groups=[[0, 1, 2]]
[RayPipeline] eval worker counts=[1], eval groups=[[3]]
[36m(PartitionShardWorker pid=2421763)[0m /usr/local/anaconda3/lib/python3.11/site-packages/torch/storage.py:414: FutureWarning: You are using `torch.load` with `weights_only=False` (the current default value), which uses the default pickle module implicitly. It is possible to construct malicious pickle data which will execute arbitrary code during unpickling (See https://github.com/pytorch/pytorch/blob/main/SECURITY.md#untrusted-models for more details). In a future release, the default value for `weights_only` will be flipped to `True`. This limits the functions that could be executed during unpickling. Arbitrary objects will no longer be allowed to be loaded via this mode unless they are explicitly allowlisted by the user via `torch.serialization.add_safe_globals`. We recommend you start setting `weights_only=True` for any use case where you don't have full control of the loaded file. Please open an issue on GitHub for any issues related to this experimental feature.[32m [repeated 2x across cluster][0m
[36m(PartitionShardWorker pid=2421763)[0m   return torch.load(io.BytesIO(b))[32m [repeated 2x across cluster][0m
[RayPipeline] created train worker pools=[3]
[RayPipeline] running unified train+eval pipeline (no global sync point)
[pipeline-heartbeat] wall=01:07:05 phase=train status=advancing progress_events_total=46 progress_events_delta=46 in_flight=2 active=stage 1=2 pending=stage 1=0 last_progress=[pipeline-trace] wall=01:06:56 elapsed=136.788s phase=eval event=partition_complete trial=0 partition=3 elapsed_sec=3.371 hits=1350 total=1999
[pipeline-heartbeat] wall=01:07:10 phase=train status=no_new_progress progress_events_total=46 progress_events_delta=0 in_flight=2 active=stage 1=2 pending=stage 1=0
[pipeline-heartbeat] wall=01:07:15 phase=train status=no_new_progress progress_events_total=46 progress_events_delta=0 in_flight=2 active=stage 1=2 pending=stage 1=0
[pipeline-heartbeat] wall=01:07:20 phase=train status=no_new_progress progress_events_total=46 progress_events_delta=0 in_flight=2 active=stage 1=2 pending=stage 1=0
[pipeline-heartbeat] wall=01:07:25 phase=train status=no_new_progress progress_events_total=46 progress_events_delta=0 in_flight=2 active=stage 1=2 pending=stage 1=0
[pipeline-heartbeat] wall=01:07:30 phase=train status=no_new_progress progress_events_total=46 progress_events_delta=0 in_flight=2 active=stage 1=2 pending=stage 1=0
[pipeline-heartbeat] wall=01:07:35 phase=train status=no_new_progress progress_events_total=46 progress_events_delta=0 in_flight=2 active=stage 1=2 pending=stage 1=0
[pipeline-heartbeat] wall=01:07:40 phase=train status=no_new_progress progress_events_total=46 progress_events_delta=0 in_flight=2 active=stage 1=2 pending=stage 1=0
[pipeline-heartbeat] wall=01:07:50 phase=train status=no_new_progress progress_events_total=46 progress_events_delta=0 in_flight=1 active=stage 1=1 pending=stage 1=0
[36m(PartitionShardWorker pid=2421763)[0m /usr/local/anaconda3/lib/python3.11/site-packages/torch/storage.py:414: FutureWarning: You are using `torch.load` with `weights_only=False` (the current default value), which uses the default pickle module implicitly. It is possible to construct malicious pickle data which will execute arbitrary code during unpickling (See https://github.com/pytorch/pytorch/blob/main/SECURITY.md#untrusted-models for more details). In a future release, the default value for `weights_only` will be flipped to `True`. This limits the functions that could be executed during unpickling. Arbitrary objects will no longer be allowed to be loaded via this mode unless they are explicitly allowlisted by the user via `torch.serialization.add_safe_globals`. We recommend you start setting `weights_only=True` for any use case where you don't have full control of the loaded file. Please open an issue on GitHub for any issues related to this experimental feature.[32m [repeated 3x across cluster][0m
[36m(PartitionShardWorker pid=2421763)[0m   return torch.load(io.BytesIO(b))[32m [repeated 3x across cluster][0m
[pipeline-heartbeat] wall=01:08:00 phase=train status=no_new_progress progress_events_total=0 progress_events_delta=0 in_flight=2 active=stage 1=2 pending=stage 1=0
[pipeline-heartbeat] wall=01:08:05 phase=train status=no_new_progress progress_events_total=0 progress_events_delta=0 in_flight=2 active=stage 1=2 pending=stage 1=0
[pipeline-heartbeat] wall=01:08:10 phase=train status=no_new_progress progress_events_total=0 progress_events_delta=0 in_flight=2 active=stage 1=2 pending=stage 1=0
[pipeline-heartbeat] wall=01:08:15 phase=train status=no_new_progress progress_events_total=0 progress_events_delta=0 in_flight=2 active=stage 1=2 pending=stage 1=0
[pipeline-heartbeat] wall=01:08:20 phase=train status=no_new_progress progress_events_total=0 progress_events_delta=0 in_flight=2 active=stage 1=2 pending=stage 1=0
[pipeline-heartbeat] wall=01:08:25 phase=train status=no_new_progress progress_events_total=0 progress_events_delta=0 in_flight=2 active=stage 1=2 pending=stage 1=0
[pipeline-heartbeat] wall=01:08:30 phase=train status=no_new_progress progress_events_total=0 progress_events_delta=0 in_flight=2 active=stage 1=2 pending=stage 1=0
[pipeline-heartbeat] wall=01:08:38 phase=train status=no_new_progress progress_events_total=0 progress_events_delta=0 in_flight=1 active=stage 1=1 pending=stage 1=0
[pipeline-heartbeat] wall=01:08:47 in_flight=2 train_pending=[0] eval_pending=[0]
[pipeline-heartbeat] wall=01:08:52 in_flight=2 train_pending=[0] eval_pending=[0]
[pipeline-heartbeat] wall=01:08:57 in_flight=2 train_pending=[0] eval_pending=[0]
[pipeline-heartbeat] wall=01:09:02 in_flight=2 train_pending=[0] eval_pending=[0]
[pipeline-heartbeat] wall=01:09:07 in_flight=2 train_pending=[0] eval_pending=[0]
[pipeline-heartbeat] wall=01:09:12 in_flight=2 train_pending=[0] eval_pending=[0]
[pipeline-heartbeat] wall=01:09:17 in_flight=2 train_pending=[0] eval_pending=[0]
[36m(PartitionShardWorker pid=2421773)[0m [trial=0 partitions=[3]] [Interaction 1/1999 (0.1%)] elapsed=0.0s, est.remain=199.8s, partition=3
[36m(PartitionShardWorker pid=2421773)[0m [trial=0 partitions=[3]] [Interaction 100/1999 (5.0%)] elapsed=0.4s, est.remain=7.1s, partition=3
[36m(PartitionShardWorker pid=2421773)[0m [trial=0 partitions=[3]] [Interaction 200/1999 (10.0%)] elapsed=0.5s, est.remain=4.5s, partition=3
[36m(PartitionShardWorker pid=2421773)[0m [trial=0 partitions=[3]] [Interaction 300/1999 (15.0%)] elapsed=0.6s, est.remain=3.5s, partition=3
[36m(PartitionShardWorker pid=2421773)[0m [trial=0 partitions=[3]] [Interaction 400/1999 (20.0%)] elapsed=0.7s, est.remain=3.0s, partition=3
[36m(PartitionShardWorker pid=2421773)[0m [trial=0 partitions=[3]] [Interaction 500/1999 (25.0%)] elapsed=0.9s, est.remain=2.6s, partition=3
[36m(PartitionShardWorker pid=2421773)[0m [trial=0 partitions=[3]] [Interaction 600/1999 (30.0%)] elapsed=1.0s, est.remain=2.3s, partition=3
[36m(PartitionShardWorker pid=2421773)[0m [trial=0 partitions=[3]] [Interaction 700/1999 (35.0%)] elapsed=1.1s, est.remain=2.1s, partition=3
[36m(PartitionShardWorker pid=2421773)[0m [trial=0 partitions=[3]] [Interaction 800/1999 (40.0%)] elapsed=1.2s, est.remain=1.9s, partition=3
[36m(PartitionShardWorker pid=2421773)[0m [trial=0 partitions=[3]] [Interaction 900/1999 (45.0%)] elapsed=1.4s, est.remain=1.7s, partition=3
[36m(PartitionShardWorker pid=2421773)[0m [trial=0 partitions=[3]] [Interaction 1000/1999 (50.0%)] elapsed=1.5s, est.remain=1.5s, partition=3
[36m(PartitionShardWorker pid=2421773)[0m [trial=0 partitions=[3]] [Interaction 1100/1999 (55.0%)] elapsed=1.6s, est.remain=1.3s, partition=3
[36m(PartitionShardWorker pid=2421773)[0m [trial=0 partitions=[3]] [Interaction 1200/1999 (60.0%)] elapsed=1.7s, est.remain=1.2s, partition=3
[36m(PartitionShardWorker pid=2421773)[0m [trial=0 partitions=[3]] [Interaction 1300/1999 (65.0%)] elapsed=1.9s, est.remain=1.0s, partition=3
[36m(PartitionShardWorker pid=2421773)[0m [trial=0 partitions=[3]] [Interaction 1400/1999 (70.0%)] elapsed=2.0s, est.remain=0.8s, partition=3
[36m(PartitionShardWorker pid=2421773)[0m [trial=0 partitions=[3]] [Interaction 1500/1999 (75.0%)] elapsed=2.1s, est.remain=0.7s, partition=3
[36m(PartitionShardWorker pid=2421773)[0m [trial=0 partitions=[3]] [Interaction 1600/1999 (80.0%)] elapsed=2.2s, est.remain=0.6s, partition=3
[36m(PartitionShardWorker pid=2421773)[0m [trial=0 partitions=[3]] [Interaction 1700/1999 (85.0%)] elapsed=2.4s, est.remain=0.4s, partition=3
[36m(PartitionShardWorker pid=2421773)[0m [trial=0 partitions=[3]] [Interaction 1800/1999 (90.0%)] elapsed=2.5s, est.remain=0.3s, partition=3
[36m(PartitionShardWorker pid=2421773)[0m [trial=0 partitions=[3]] [Interaction 1900/1999 (95.0%)] elapsed=2.6s, est.remain=0.1s, partition=3
[36m(PartitionShardWorker pid=2421773)[0m [trial=0 partitions=[3]] [Interaction 1999/1999 (100.0%)] elapsed=2.7s, est.remain=0.0s, partition=3
[36m(PartitionShardWorker pid=2421763)[0m [trial=1 partitions=[3]] [Interaction 1/1999 (0.1%)] elapsed=0.0s, est.remain=199.8s, partition=3
[36m(PartitionShardWorker pid=2421763)[0m [trial=1 partitions=[3]] [Interaction 100/1999 (5.0%)] elapsed=0.2s, est.remain=4.4s, partition=3
[36m(PartitionShardWorker pid=2421763)[0m [trial=1 partitions=[3]] [Interaction 200/1999 (10.0%)] elapsed=0.4s, est.remain=3.6s, partition=3
[36m(PartitionShardWorker pid=2421763)[0m [trial=1 partitions=[3]] [Interaction 300/1999 (15.0%)] elapsed=0.6s, est.remain=3.2s, partition=3
[36m(PartitionShardWorker pid=2421763)[0m [trial=1 partitions=[3]] [Interaction 400/1999 (20.0%)] elapsed=0.7s, est.remain=2.9s, partition=3
[36m(PartitionShardWorker pid=2421763)[0m [trial=1 partitions=[3]] [Interaction 500/1999 (25.0%)] elapsed=0.9s, est.remain=2.7s, partition=3
[36m(PartitionShardWorker pid=2421763)[0m [trial=1 partitions=[3]] [Interaction 600/1999 (30.0%)] elapsed=1.1s, est.remain=2.5s, partition=3
[36m(PartitionShardWorker pid=2421763)[0m [trial=1 partitions=[3]] [Interaction 700/1999 (35.0%)] elapsed=1.2s, est.remain=2.3s, partition=3
[36m(PartitionShardWorker pid=2421763)[0m [trial=1 partitions=[3]] [Interaction 800/1999 (40.0%)] elapsed=1.4s, est.remain=2.1s, partition=3
[36m(PartitionShardWorker pid=2421763)[0m [trial=1 partitions=[3]] [Interaction 900/1999 (45.0%)] elapsed=1.5s, est.remain=1.9s, partition=3
[36m(PartitionShardWorker pid=2421763)[0m [trial=1 partitions=[3]] [Interaction 1000/1999 (50.0%)] elapsed=1.7s, est.remain=1.7s, partition=3
[36m(PartitionShardWorker pid=2421763)[0m [trial=1 partitions=[3]] [Interaction 1100/1999 (55.0%)] elapsed=1.9s, est.remain=1.5s, partition=3
[36m(PartitionShardWorker pid=2421763)[0m [trial=1 partitions=[3]] [Interaction 1200/1999 (60.0%)] elapsed=2.0s, est.remain=1.4s, partition=3
[36m(PartitionShardWorker pid=2421763)[0m [trial=1 partitions=[3]] [Interaction 1300/1999 (65.0%)] elapsed=2.2s, est.remain=1.2s, partition=3
[36m(PartitionShardWorker pid=2421763)[0m [trial=1 partitions=[3]] [Interaction 1400/1999 (70.0%)] elapsed=2.4s, est.remain=1.0s, partition=3
[36m(PartitionShardWorker pid=2421763)[0m [trial=1 partitions=[3]] [Interaction 1500/1999 (75.0%)] elapsed=2.5s, est.remain=0.8s, partition=3
[36m(PartitionShardWorker pid=2421763)[0m [trial=1 partitions=[3]] [Interaction 1600/1999 (80.0%)] elapsed=2.7s, est.remain=0.7s, partition=3
[36m(PartitionShardWorker pid=2421763)[0m [trial=1 partitions=[3]] [Interaction 1700/1999 (85.0%)] elapsed=2.8s, est.remain=0.5s, partition=3
[36m(PartitionShardWorker pid=2421763)[0m [trial=1 partitions=[3]] [Interaction 1800/1999 (90.0%)] elapsed=3.0s, est.remain=0.3s, partition=3
[36m(PartitionShardWorker pid=2421763)[0m [trial=1 partitions=[3]] [Interaction 1900/1999 (95.0%)] elapsed=3.1s, est.remain=0.2s, partition=3

============================================================
[Pipeline Summary]
  Trials: 2
  Train stages: 1, workers: [3] (total=3)
  Eval stages:  1, workers: [1] (total=1)
  GPUs: 8 (train workers fit)
  Train S1: 3 partitions, 14000 interactions, users=1120, items=21, workers=3
  Eval S1:  1 partitions, 1999 interactions, workers=1
  hint: 5 GPUs unused during training; add --pipeline-stage-train-workers to use them
  hint: 7 GPUs unused during evaluation
============================================================

[36m(PartitionShardWorker pid=2421763)[0m [trial=1 partitions=[3]] [Interaction 1999/1999 (100.0%)] elapsed=3.3s, est.remain=0.0s, partition=3
[Coarse Phase] Progress: 4/50 trials completed
[Coarse Phase] Sampling batch 3: 2 architectures
[Coarse Phase] Evaluating architectures 5-6/50
[RayPipeline] detected 8 GPUs; pipeline_worker_gpus=1.0
[RayPipeline] note: total train workers=3 < GPUs=8; consider increasing --pipeline-stage-train-workers to use all GPUs.
[RayPipeline] train stage 1: 3 partitions, 14000 interactions, cost range=[4177-5276] sum=14669, workers=3
[RayPipeline] train worker counts=[3], train groups=[[0, 1, 2]]
[RayPipeline] eval worker counts=[1], eval groups=[[3]]
[36m(PartitionShardWorker pid=2421781)[0m /usr/local/anaconda3/lib/python3.11/site-packages/torch/storage.py:414: FutureWarning: You are using `torch.load` with `weights_only=False` (the current default value), which uses the default pickle module implicitly. It is possible to construct malicious pickle data which will execute arbitrary code during unpickling (See https://github.com/pytorch/pytorch/blob/main/SECURITY.md#untrusted-models for more details). In a future release, the default value for `weights_only` will be flipped to `True`. This limits the functions that could be executed during unpickling. Arbitrary objects will no longer be allowed to be loaded via this mode unless they are explicitly allowlisted by the user via `torch.serialization.add_safe_globals`. We recommend you start setting `weights_only=True` for any use case where you don't have full control of the loaded file. Please open an issue on GitHub for any issues related to this experimental feature.[32m [repeated 2x across cluster][0m
[36m(PartitionShardWorker pid=2421781)[0m   return torch.load(io.BytesIO(b))[32m [repeated 2x across cluster][0m
[RayPipeline] created train worker pools=[3]
[RayPipeline] running unified train+eval pipeline (no global sync point)
[pipeline-heartbeat] wall=01:09:40 phase=train status=advancing progress_events_total=46 progress_events_delta=46 in_flight=2 active=stage 1=2 pending=stage 1=0 last_progress=[pipeline-trace] wall=01:09:31 elapsed=146.505s phase=eval event=partition_complete trial=1 partition=3 elapsed_sec=3.294 hits=1407 total=1999
[pipeline-heartbeat] wall=01:09:45 phase=train status=no_new_progress progress_events_total=46 progress_events_delta=0 in_flight=2 active=stage 1=2 pending=stage 1=0
[pipeline-heartbeat] wall=01:09:50 phase=train status=no_new_progress progress_events_total=46 progress_events_delta=0 in_flight=2 active=stage 1=2 pending=stage 1=0
[pipeline-heartbeat] wall=01:09:55 phase=train status=no_new_progress progress_events_total=46 progress_events_delta=0 in_flight=2 active=stage 1=2 pending=stage 1=0
[pipeline-heartbeat] wall=01:10:00 phase=train status=no_new_progress progress_events_total=46 progress_events_delta=0 in_flight=2 active=stage 1=2 pending=stage 1=0
[pipeline-heartbeat] wall=01:10:05 phase=train status=no_new_progress progress_events_total=46 progress_events_delta=0 in_flight=2 active=stage 1=2 pending=stage 1=0
[pipeline-heartbeat] wall=01:10:10 phase=train status=no_new_progress progress_events_total=46 progress_events_delta=0 in_flight=2 active=stage 1=2 pending=stage 1=0
[pipeline-heartbeat] wall=01:10:15 phase=train status=no_new_progress progress_events_total=46 progress_events_delta=0 in_flight=2 active=stage 1=2 pending=stage 1=0
[pipeline-heartbeat] wall=01:10:20 phase=train status=no_new_progress progress_events_total=46 progress_events_delta=0 in_flight=2 active=stage 1=2 pending=stage 1=0
[pipeline-heartbeat] wall=01:10:25 phase=train status=no_new_progress progress_events_total=46 progress_events_delta=0 in_flight=2 active=stage 1=2 pending=stage 1=0
[36m(PartitionShardWorker pid=2421781)[0m /usr/local/anaconda3/lib/python3.11/site-packages/torch/storage.py:414: FutureWarning: You are using `torch.load` with `weights_only=False` (the current default value), which uses the default pickle module implicitly. It is possible to construct malicious pickle data which will execute arbitrary code during unpickling (See https://github.com/pytorch/pytorch/blob/main/SECURITY.md#untrusted-models for more details). In a future release, the default value for `weights_only` will be flipped to `True`. This limits the functions that could be executed during unpickling. Arbitrary objects will no longer be allowed to be loaded via this mode unless they are explicitly allowlisted by the user via `torch.serialization.add_safe_globals`. We recommend you start setting `weights_only=True` for any use case where you don't have full control of the loaded file. Please open an issue on GitHub for any issues related to this experimental feature.[32m [repeated 3x across cluster][0m
[36m(PartitionShardWorker pid=2421781)[0m   return torch.load(io.BytesIO(b))[32m [repeated 3x across cluster][0m
[pipeline-heartbeat] wall=01:10:32 phase=train status=no_new_progress progress_events_total=0 progress_events_delta=0 in_flight=2 active=stage 1=2 pending=stage 1=0
[pipeline-heartbeat] wall=01:10:37 phase=train status=no_new_progress progress_events_total=0 progress_events_delta=0 in_flight=2 active=stage 1=2 pending=stage 1=0
[pipeline-heartbeat] wall=01:10:42 phase=train status=no_new_progress progress_events_total=0 progress_events_delta=0 in_flight=2 active=stage 1=2 pending=stage 1=0
[pipeline-heartbeat] wall=01:10:47 phase=train status=no_new_progress progress_events_total=0 progress_events_delta=0 in_flight=2 active=stage 1=2 pending=stage 1=0
[pipeline-heartbeat] wall=01:10:52 phase=train status=no_new_progress progress_events_total=0 progress_events_delta=0 in_flight=2 active=stage 1=2 pending=stage 1=0
[pipeline-heartbeat] wall=01:10:57 phase=train status=no_new_progress progress_events_total=0 progress_events_delta=0 in_flight=2 active=stage 1=2 pending=stage 1=0
[pipeline-heartbeat] wall=01:11:02 phase=train status=no_new_progress progress_events_total=0 progress_events_delta=0 in_flight=2 active=stage 1=2 pending=stage 1=0
[pipeline-heartbeat] wall=01:11:07 phase=train status=no_new_progress progress_events_total=0 progress_events_delta=0 in_flight=2 active=stage 1=2 pending=stage 1=0
[pipeline-heartbeat] wall=01:11:16 in_flight=2 train_pending=[0] eval_pending=[0]
[pipeline-heartbeat] wall=01:11:21 in_flight=2 train_pending=[0] eval_pending=[0]
[pipeline-heartbeat] wall=01:11:26 in_flight=2 train_pending=[0] eval_pending=[0]
[pipeline-heartbeat] wall=01:11:31 in_flight=2 train_pending=[0] eval_pending=[0]
[pipeline-heartbeat] wall=01:11:36 in_flight=2 train_pending=[0] eval_pending=[0]
[pipeline-heartbeat] wall=01:11:41 in_flight=2 train_pending=[0] eval_pending=[0]
[pipeline-heartbeat] wall=01:11:46 in_flight=2 train_pending=[0] eval_pending=[0]
[pipeline-heartbeat] wall=01:11:51 in_flight=2 train_pending=[0] eval_pending=[0]
[pipeline-heartbeat] wall=01:11:56 in_flight=2 train_pending=[0] eval_pending=[0]
[36m(PartitionShardWorker pid=2421774)[0m [trial=1 partitions=[3]] [Interaction 1/1999 (0.1%)] elapsed=0.0s, est.remain=199.8s, partition=3
[36m(PartitionShardWorker pid=2421767)[0m [trial=0 partitions=[3]] [Interaction 1/1999 (0.1%)] elapsed=0.0s, est.remain=199.8s, partition=3

============================================================
[Pipeline Summary]
  Trials: 2
  Train stages: 1, workers: [3] (total=3)
  Eval stages:  1, workers: [1] (total=1)
  GPUs: 8 (train workers fit)
  Train S1: 3 partitions, 14000 interactions, users=1120, items=21, workers=3
  Eval S1:  1 partitions, 1999 interactions, workers=1
  hint: 5 GPUs unused during training; add --pipeline-stage-train-workers to use them
  hint: 7 GPUs unused during evaluation
============================================================

[Coarse Phase] Progress: 6/50 trials completed
[Coarse Phase] Sampling batch 4: 2 architectures
[Coarse Phase] Evaluating architectures 7-8/50
[RayPipeline] detected 8 GPUs; pipeline_worker_gpus=1.0
[RayPipeline] note: total train workers=3 < GPUs=8; consider increasing --pipeline-stage-train-workers to use all GPUs.
[RayPipeline] train stage 1: 3 partitions, 14000 interactions, cost range=[4177-5276] sum=14669, workers=3
[RayPipeline] train worker counts=[3], train groups=[[0, 1, 2]]
[RayPipeline] eval worker counts=[1], eval groups=[[3]]
[36m(PartitionShardWorker pid=2421778)[0m /usr/local/anaconda3/lib/python3.11/site-packages/torch/storage.py:414: FutureWarning: You are using `torch.load` with `weights_only=False` (the current default value), which uses the default pickle module implicitly. It is possible to construct malicious pickle data which will execute arbitrary code during unpickling (See https://github.com/pytorch/pytorch/blob/main/SECURITY.md#untrusted-models for more details). In a future release, the default value for `weights_only` will be flipped to `True`. This limits the functions that could be executed during unpickling. Arbitrary objects will no longer be allowed to be loaded via this mode unless they are explicitly allowlisted by the user via `torch.serialization.add_safe_globals`. We recommend you start setting `weights_only=True` for any use case where you don't have full control of the loaded file. Please open an issue on GitHub for any issues related to this experimental feature.[32m [repeated 2x across cluster][0m
[36m(PartitionShardWorker pid=2421778)[0m   return torch.load(io.BytesIO(b))[32m [repeated 2x across cluster][0m
[RayPipeline] created train worker pools=[3]
[RayPipeline] running unified train+eval pipeline (no global sync point)
[pipeline-heartbeat] wall=01:12:10 phase=train status=advancing progress_events_total=46 progress_events_delta=46 in_flight=2 active=stage 1=2 pending=stage 1=0 last_progress=[pipeline-trace] wall=01:12:01 elapsed=138.859s phase=eval event=partition_complete trial=1 partition=3 elapsed_sec=3.222 hits=596 total=1999
[pipeline-heartbeat] wall=01:12:15 phase=train status=no_new_progress progress_events_total=46 progress_events_delta=0 in_flight=2 active=stage 1=2 pending=stage 1=0
[pipeline-heartbeat] wall=01:12:20 phase=train status=no_new_progress progress_events_total=46 progress_events_delta=0 in_flight=2 active=stage 1=2 pending=stage 1=0
[pipeline-heartbeat] wall=01:12:25 phase=train status=no_new_progress progress_events_total=46 progress_events_delta=0 in_flight=2 active=stage 1=2 pending=stage 1=0
[pipeline-heartbeat] wall=01:12:30 phase=train status=no_new_progress progress_events_total=46 progress_events_delta=0 in_flight=2 active=stage 1=2 pending=stage 1=0
[pipeline-heartbeat] wall=01:12:35 phase=train status=no_new_progress progress_events_total=46 progress_events_delta=0 in_flight=2 active=stage 1=2 pending=stage 1=0
[pipeline-heartbeat] wall=01:12:40 phase=train status=no_new_progress progress_events_total=46 progress_events_delta=0 in_flight=2 active=stage 1=2 pending=stage 1=0
[pipeline-heartbeat] wall=01:12:45 phase=train status=no_new_progress progress_events_total=46 progress_events_delta=0 in_flight=2 active=stage 1=2 pending=stage 1=0
[pipeline-heartbeat] wall=01:12:50 phase=train status=no_new_progress progress_events_total=46 progress_events_delta=0 in_flight=2 active=stage 1=2 pending=stage 1=0
[pipeline-heartbeat] wall=01:12:55 phase=train status=no_new_progress progress_events_total=46 progress_events_delta=0 in_flight=2 active=stage 1=2 pending=stage 1=0
[pipeline-heartbeat] wall=01:13:02 phase=train status=no_new_progress progress_events_total=46 progress_events_delta=0 in_flight=1 active=stage 1=1 pending=stage 1=0
[36m(PartitionShardWorker pid=2421778)[0m /usr/local/anaconda3/lib/python3.11/site-packages/torch/storage.py:414: FutureWarning: You are using `torch.load` with `weights_only=False` (the current default value), which uses the default pickle module implicitly. It is possible to construct malicious pickle data which will execute arbitrary code during unpickling (See https://github.com/pytorch/pytorch/blob/main/SECURITY.md#untrusted-models for more details). In a future release, the default value for `weights_only` will be flipped to `True`. This limits the functions that could be executed during unpickling. Arbitrary objects will no longer be allowed to be loaded via this mode unless they are explicitly allowlisted by the user via `torch.serialization.add_safe_globals`. We recommend you start setting `weights_only=True` for any use case where you don't have full control of the loaded file. Please open an issue on GitHub for any issues related to this experimental feature.[32m [repeated 3x across cluster][0m
[36m(PartitionShardWorker pid=2421778)[0m   return torch.load(io.BytesIO(b))[32m [repeated 3x across cluster][0m
[pipeline-heartbeat] wall=01:13:10 phase=train status=no_new_progress progress_events_total=0 progress_events_delta=0 in_flight=2 active=stage 1=2 pending=stage 1=0
[pipeline-heartbeat] wall=01:13:15 phase=train status=no_new_progress progress_events_total=0 progress_events_delta=0 in_flight=2 active=stage 1=2 pending=stage 1=0
[pipeline-heartbeat] wall=01:13:20 phase=train status=no_new_progress progress_events_total=0 progress_events_delta=0 in_flight=2 active=stage 1=2 pending=stage 1=0
[pipeline-heartbeat] wall=01:13:25 phase=train status=no_new_progress progress_events_total=0 progress_events_delta=0 in_flight=2 active=stage 1=2 pending=stage 1=0
[pipeline-heartbeat] wall=01:13:30 phase=train status=no_new_progress progress_events_total=0 progress_events_delta=0 in_flight=2 active=stage 1=2 pending=stage 1=0
[pipeline-heartbeat] wall=01:13:35 phase=train status=no_new_progress progress_events_total=0 progress_events_delta=0 in_flight=2 active=stage 1=2 pending=stage 1=0
[pipeline-heartbeat] wall=01:13:40 phase=train status=no_new_progress progress_events_total=0 progress_events_delta=0 in_flight=2 active=stage 1=2 pending=stage 1=0
[pipeline-heartbeat] wall=01:13:45 phase=train status=no_new_progress progress_events_total=0 progress_events_delta=0 in_flight=2 active=stage 1=2 pending=stage 1=0
[pipeline-heartbeat] wall=01:13:50 phase=train status=no_new_progress progress_events_total=0 progress_events_delta=0 in_flight=2 active=stage 1=2 pending=stage 1=0
[pipeline-heartbeat] wall=01:13:55 phase=train status=no_new_progress progress_events_total=0 progress_events_delta=0 in_flight=1 active=stage 1=1 pending=stage 1=0
[pipeline-heartbeat] wall=01:14:03 in_flight=2 train_pending=[0] eval_pending=[0]
[pipeline-heartbeat] wall=01:14:08 in_flight=2 train_pending=[0] eval_pending=[0]
[pipeline-heartbeat] wall=01:14:13 in_flight=2 train_pending=[0] eval_pending=[0]
[pipeline-heartbeat] wall=01:14:18 in_flight=2 train_pending=[0] eval_pending=[0]
[pipeline-heartbeat] wall=01:14:23 in_flight=2 train_pending=[0] eval_pending=[0]
[pipeline-heartbeat] wall=01:14:28 in_flight=2 train_pending=[0] eval_pending=[0]
[pipeline-heartbeat] wall=01:14:33 in_flight=2 train_pending=[0] eval_pending=[0]
[pipeline-heartbeat] wall=01:14:38 in_flight=2 train_pending=[0] eval_pending=[0]
[pipeline-heartbeat] wall=01:14:43 in_flight=2 train_pending=[0] eval_pending=[0]
[36m(PartitionShardWorker pid=2421784)[0m [trial=1 partitions=[3]] [Interaction 1/1999 (0.1%)] elapsed=0.0s, est.remain=199.8s, partition=3[32m [repeated 41x across cluster][0m
[36m(PartitionShardWorker pid=2421776)[0m [trial=0 partitions=[3]] [Interaction 1/1999 (0.1%)] elapsed=0.0s, est.remain=199.8s, partition=3[32m [repeated 21x across cluster][0m

============================================================
[Pipeline Summary]
  Trials: 2
  Train stages: 1, workers: [3] (total=3)
  Eval stages:  1, workers: [1] (total=1)
  GPUs: 8 (train workers fit)
  Train S1: 3 partitions, 14000 interactions, users=1120, items=21, workers=3
  Eval S1:  1 partitions, 1999 interactions, workers=1
  hint: 5 GPUs unused during training; add --pipeline-stage-train-workers to use them
  hint: 7 GPUs unused during evaluation
============================================================

[Coarse Phase] Progress: 8/50 trials completed
[Coarse Phase] Sampling batch 5: 2 architectures
[Coarse Phase] Evaluating architectures 9-10/50
[RayPipeline] detected 8 GPUs; pipeline_worker_gpus=1.0
[RayPipeline] note: total train workers=3 < GPUs=8; consider increasing --pipeline-stage-train-workers to use all GPUs.
[RayPipeline] train stage 1: 3 partitions, 14000 interactions, cost range=[4177-5276] sum=14669, workers=3
[RayPipeline] train worker counts=[3], train groups=[[0, 1, 2]]
[RayPipeline] eval worker counts=[1], eval groups=[[3]]
[36m(PartitionShardWorker pid=2421782)[0m /usr/local/anaconda3/lib/python3.11/site-packages/torch/storage.py:414: FutureWarning: You are using `torch.load` with `weights_only=False` (the current default value), which uses the default pickle module implicitly. It is possible to construct malicious pickle data which will execute arbitrary code during unpickling (See https://github.com/pytorch/pytorch/blob/main/SECURITY.md#untrusted-models for more details). In a future release, the default value for `weights_only` will be flipped to `True`. This limits the functions that could be executed during unpickling. Arbitrary objects will no longer be allowed to be loaded via this mode unless they are explicitly allowlisted by the user via `torch.serialization.add_safe_globals`. We recommend you start setting `weights_only=True` for any use case where you don't have full control of the loaded file. Please open an issue on GitHub for any issues related to this experimental feature.[32m [repeated 2x across cluster][0m
[36m(PartitionShardWorker pid=2421782)[0m   return torch.load(io.BytesIO(b))[32m [repeated 2x across cluster][0m
[RayPipeline] created train worker pools=[3]
[RayPipeline] running unified train+eval pipeline (no global sync point)
[pipeline-heartbeat] wall=01:15:06 phase=train status=advancing progress_events_total=46 progress_events_delta=46 in_flight=2 active=stage 1=2 pending=stage 1=0 last_progress=[pipeline-trace] wall=01:14:57 elapsed=166.209s phase=eval event=partition_complete trial=0 partition=3 elapsed_sec=3.661 hits=1895 total=1999
[pipeline-heartbeat] wall=01:15:11 phase=train status=no_new_progress progress_events_total=46 progress_events_delta=0 in_flight=2 active=stage 1=2 pending=stage 1=0
[pipeline-heartbeat] wall=01:15:16 phase=train status=no_new_progress progress_events_total=46 progress_events_delta=0 in_flight=2 active=stage 1=2 pending=stage 1=0
[pipeline-heartbeat] wall=01:15:21 phase=train status=no_new_progress progress_events_total=46 progress_events_delta=0 in_flight=2 active=stage 1=2 pending=stage 1=0
[pipeline-heartbeat] wall=01:15:26 phase=train status=no_new_progress progress_events_total=46 progress_events_delta=0 in_flight=2 active=stage 1=2 pending=stage 1=0
[pipeline-heartbeat] wall=01:15:31 phase=train status=no_new_progress progress_events_total=46 progress_events_delta=0 in_flight=2 active=stage 1=2 pending=stage 1=0
[pipeline-heartbeat] wall=01:15:36 phase=train status=no_new_progress progress_events_total=46 progress_events_delta=0 in_flight=2 active=stage 1=2 pending=stage 1=0
[pipeline-heartbeat] wall=01:15:41 phase=train status=no_new_progress progress_events_total=46 progress_events_delta=0 in_flight=2 active=stage 1=2 pending=stage 1=0
[pipeline-heartbeat] wall=01:15:46 phase=train status=no_new_progress progress_events_total=46 progress_events_delta=0 in_flight=2 active=stage 1=2 pending=stage 1=0
[pipeline-heartbeat] wall=01:15:51 phase=train status=no_new_progress progress_events_total=46 progress_events_delta=0 in_flight=2 active=stage 1=2 pending=stage 1=0
[pipeline-heartbeat] wall=01:15:56 phase=train status=no_new_progress progress_events_total=46 progress_events_delta=0 in_flight=2 active=stage 1=2 pending=stage 1=0
[pipeline-heartbeat] wall=01:16:05 phase=train status=no_new_progress progress_events_total=46 progress_events_delta=0 in_flight=1 active=stage 1=1 pending=stage 1=0
[36m(PartitionShardWorker pid=2421782)[0m /usr/local/anaconda3/lib/python3.11/site-packages/torch/storage.py:414: FutureWarning: You are using `torch.load` with `weights_only=False` (the current default value), which uses the default pickle module implicitly. It is possible to construct malicious pickle data which will execute arbitrary code during unpickling (See https://github.com/pytorch/pytorch/blob/main/SECURITY.md#untrusted-models for more details). In a future release, the default value for `weights_only` will be flipped to `True`. This limits the functions that could be executed during unpickling. Arbitrary objects will no longer be allowed to be loaded via this mode unless they are explicitly allowlisted by the user via `torch.serialization.add_safe_globals`. We recommend you start setting `weights_only=True` for any use case where you don't have full control of the loaded file. Please open an issue on GitHub for any issues related to this experimental feature.[32m [repeated 3x across cluster][0m
[36m(PartitionShardWorker pid=2421782)[0m   return torch.load(io.BytesIO(b))[32m [repeated 3x across cluster][0m
[pipeline-heartbeat] wall=01:16:12 phase=train status=no_new_progress progress_events_total=0 progress_events_delta=0 in_flight=2 active=stage 1=2 pending=stage 1=0
[pipeline-heartbeat] wall=01:16:17 phase=train status=no_new_progress progress_events_total=0 progress_events_delta=0 in_flight=2 active=stage 1=2 pending=stage 1=0
[pipeline-heartbeat] wall=01:16:22 phase=train status=no_new_progress progress_events_total=0 progress_events_delta=0 in_flight=2 active=stage 1=2 pending=stage 1=0
[pipeline-heartbeat] wall=01:16:27 phase=train status=no_new_progress progress_events_total=0 progress_events_delta=0 in_flight=2 active=stage 1=2 pending=stage 1=0
[pipeline-heartbeat] wall=01:16:32 phase=train status=no_new_progress progress_events_total=0 progress_events_delta=0 in_flight=2 active=stage 1=2 pending=stage 1=0
[pipeline-heartbeat] wall=01:16:37 phase=train status=no_new_progress progress_events_total=0 progress_events_delta=0 in_flight=2 active=stage 1=2 pending=stage 1=0
[pipeline-heartbeat] wall=01:16:42 phase=train status=no_new_progress progress_events_total=0 progress_events_delta=0 in_flight=2 active=stage 1=2 pending=stage 1=0
[pipeline-heartbeat] wall=01:16:47 phase=train status=no_new_progress progress_events_total=0 progress_events_delta=0 in_flight=2 active=stage 1=2 pending=stage 1=0
[pipeline-heartbeat] wall=01:16:52 phase=train status=no_new_progress progress_events_total=0 progress_events_delta=0 in_flight=2 active=stage 1=2 pending=stage 1=0
[pipeline-heartbeat] wall=01:16:57 phase=train status=no_new_progress progress_events_total=0 progress_events_delta=0 in_flight=2 active=stage 1=2 pending=stage 1=0
[pipeline-heartbeat] wall=01:17:06 phase=train status=no_new_progress progress_events_total=0 progress_events_delta=0 in_flight=1 active=stage 1=1 pending=stage 1=0
[pipeline-heartbeat] wall=01:17:12 in_flight=2 train_pending=[0] eval_pending=[0]
[pipeline-heartbeat] wall=01:17:17 in_flight=2 train_pending=[0] eval_pending=[0]
[pipeline-heartbeat] wall=01:17:22 in_flight=2 train_pending=[0] eval_pending=[0]
[pipeline-heartbeat] wall=01:17:27 in_flight=2 train_pending=[0] eval_pending=[0]
[pipeline-heartbeat] wall=01:17:32 in_flight=2 train_pending=[0] eval_pending=[0]
[pipeline-heartbeat] wall=01:17:37 in_flight=2 train_pending=[0] eval_pending=[0]
[pipeline-heartbeat] wall=01:17:42 in_flight=2 train_pending=[0] eval_pending=[0]
[pipeline-heartbeat] wall=01:17:47 in_flight=2 train_pending=[0] eval_pending=[0]
[pipeline-heartbeat] wall=01:17:52 in_flight=2 train_pending=[0] eval_pending=[0]
[pipeline-heartbeat] wall=01:17:57 in_flight=2 train_pending=[0] eval_pending=[0]
[pipeline-heartbeat] wall=01:18:02 in_flight=2 train_pending=[0] eval_pending=[0]
[36m(PartitionShardWorker pid=2421765)[0m [trial=0 partitions=[3]] [Interaction 1/1999 (0.1%)] elapsed=0.0s, est.remain=199.8s, partition=3[32m [repeated 21x across cluster][0m
[36m(PartitionShardWorker pid=2421782)[0m [trial=1 partitions=[3]] [Interaction 500/1999 (25.0%)] elapsed=0.9s, est.remain=2.6s, partition=3[32m [repeated 26x across cluster][0m

============================================================
[Pipeline Summary]
  Trials: 2
  Train stages: 1, workers: [3] (total=3)
  Eval stages:  1, workers: [1] (total=1)
  GPUs: 8 (train workers fit)
  Train S1: 3 partitions, 14000 interactions, users=1120, items=21, workers=3
  Eval S1:  1 partitions, 1999 interactions, workers=1
  hint: 5 GPUs unused during training; add --pipeline-stage-train-workers to use them
  hint: 7 GPUs unused during evaluation
============================================================

[Coarse Phase] Progress: 10/50 trials completed
[Coarse Phase] Sampling batch 6: 2 architectures
[Coarse Phase] Evaluating architectures 11-12/50
[RayPipeline] detected 8 GPUs; pipeline_worker_gpus=1.0
[RayPipeline] note: total train workers=3 < GPUs=8; consider increasing --pipeline-stage-train-workers to use all GPUs.
[RayPipeline] train stage 1: 3 partitions, 14000 interactions, cost range=[4177-5276] sum=14669, workers=3
[RayPipeline] train worker counts=[3], train groups=[[0, 1, 2]]
[RayPipeline] eval worker counts=[1], eval groups=[[3]]
[36m(PartitionShardWorker pid=2421760)[0m /usr/local/anaconda3/lib/python3.11/site-packages/torch/storage.py:414: FutureWarning: You are using `torch.load` with `weights_only=False` (the current default value), which uses the default pickle module implicitly. It is possible to construct malicious pickle data which will execute arbitrary code during unpickling (See https://github.com/pytorch/pytorch/blob/main/SECURITY.md#untrusted-models for more details). In a future release, the default value for `weights_only` will be flipped to `True`. This limits the functions that could be executed during unpickling. Arbitrary objects will no longer be allowed to be loaded via this mode unless they are explicitly allowlisted by the user via `torch.serialization.add_safe_globals`. We recommend you start setting `weights_only=True` for any use case where you don't have full control of the loaded file. Please open an issue on GitHub for any issues related to this experimental feature.[32m [repeated 2x across cluster][0m
[36m(PartitionShardWorker pid=2421760)[0m   return torch.load(io.BytesIO(b))[32m [repeated 2x across cluster][0m
[RayPipeline] created train worker pools=[3]
[RayPipeline] running unified train+eval pipeline (no global sync point)
[pipeline-heartbeat] wall=01:18:19 phase=train status=advancing progress_events_total=46 progress_events_delta=46 in_flight=2 active=stage 1=2 pending=stage 1=0 last_progress=[pipeline-trace] wall=01:18:10 elapsed=185.351s phase=eval event=partition_complete trial=1 partition=3 elapsed_sec=3.410 hits=1917 total=1999
[pipeline-heartbeat] wall=01:18:24 phase=train status=no_new_progress progress_events_total=46 progress_events_delta=0 in_flight=2 active=stage 1=2 pending=stage 1=0
[pipeline-heartbeat] wall=01:18:29 phase=train status=no_new_progress progress_events_total=46 progress_events_delta=0 in_flight=2 active=stage 1=2 pending=stage 1=0
[pipeline-heartbeat] wall=01:18:34 phase=train status=no_new_progress progress_events_total=46 progress_events_delta=0 in_flight=2 active=stage 1=2 pending=stage 1=0
[pipeline-heartbeat] wall=01:18:39 phase=train status=no_new_progress progress_events_total=46 progress_events_delta=0 in_flight=2 active=stage 1=2 pending=stage 1=0
[pipeline-heartbeat] wall=01:18:44 phase=train status=no_new_progress progress_events_total=46 progress_events_delta=0 in_flight=2 active=stage 1=2 pending=stage 1=0
[pipeline-heartbeat] wall=01:18:49 phase=train status=no_new_progress progress_events_total=46 progress_events_delta=0 in_flight=2 active=stage 1=2 pending=stage 1=0
[pipeline-heartbeat] wall=01:18:54 phase=train status=no_new_progress progress_events_total=46 progress_events_delta=0 in_flight=2 active=stage 1=2 pending=stage 1=0
[pipeline-heartbeat] wall=01:18:59 phase=train status=no_new_progress progress_events_total=46 progress_events_delta=0 in_flight=2 active=stage 1=2 pending=stage 1=0
[pipeline-heartbeat] wall=01:19:04 phase=train status=no_new_progress progress_events_total=46 progress_events_delta=0 in_flight=1 active=stage 1=1 pending=stage 1=0
[pipeline-heartbeat] wall=01:19:09 phase=train status=no_new_progress progress_events_total=46 progress_events_delta=0 in_flight=1 active=stage 1=1 pending=stage 1=0
[pipeline-heartbeat] wall=01:19:14 phase=train status=no_new_progress progress_events_total=46 progress_events_delta=0 in_flight=1 active=stage 1=1 pending=stage 1=0
[36m(PartitionShardWorker pid=2421760)[0m /usr/local/anaconda3/lib/python3.11/site-packages/torch/storage.py:414: FutureWarning: You are using `torch.load` with `weights_only=False` (the current default value), which uses the default pickle module implicitly. It is possible to construct malicious pickle data which will execute arbitrary code during unpickling (See https://github.com/pytorch/pytorch/blob/main/SECURITY.md#untrusted-models for more details). In a future release, the default value for `weights_only` will be flipped to `True`. This limits the functions that could be executed during unpickling. Arbitrary objects will no longer be allowed to be loaded via this mode unless they are explicitly allowlisted by the user via `torch.serialization.add_safe_globals`. We recommend you start setting `weights_only=True` for any use case where you don't have full control of the loaded file. Please open an issue on GitHub for any issues related to this experimental feature.[32m [repeated 3x across cluster][0m
[36m(PartitionShardWorker pid=2421760)[0m   return torch.load(io.BytesIO(b))[32m [repeated 3x across cluster][0m
[pipeline-heartbeat] wall=01:19:20 phase=train status=no_new_progress progress_events_total=0 progress_events_delta=0 in_flight=2 active=stage 1=2 pending=stage 1=0
[pipeline-heartbeat] wall=01:19:25 phase=train status=no_new_progress progress_events_total=0 progress_events_delta=0 in_flight=2 active=stage 1=2 pending=stage 1=0
[pipeline-heartbeat] wall=01:19:30 phase=train status=no_new_progress progress_events_total=0 progress_events_delta=0 in_flight=2 active=stage 1=2 pending=stage 1=0
[pipeline-heartbeat] wall=01:19:35 phase=train status=no_new_progress progress_events_total=0 progress_events_delta=0 in_flight=2 active=stage 1=2 pending=stage 1=0
[pipeline-heartbeat] wall=01:19:40 phase=train status=no_new_progress progress_events_total=0 progress_events_delta=0 in_flight=2 active=stage 1=2 pending=stage 1=0
[pipeline-heartbeat] wall=01:19:45 phase=train status=no_new_progress progress_events_total=0 progress_events_delta=0 in_flight=2 active=stage 1=2 pending=stage 1=0
[pipeline-heartbeat] wall=01:19:50 phase=train status=no_new_progress progress_events_total=0 progress_events_delta=0 in_flight=2 active=stage 1=2 pending=stage 1=0
[pipeline-heartbeat] wall=01:19:55 phase=train status=no_new_progress progress_events_total=0 progress_events_delta=0 in_flight=2 active=stage 1=2 pending=stage 1=0
[pipeline-heartbeat] wall=01:20:00 phase=train status=no_new_progress progress_events_total=0 progress_events_delta=0 in_flight=1 active=stage 1=1 pending=stage 1=0
[pipeline-heartbeat] wall=01:20:05 phase=train status=no_new_progress progress_events_total=0 progress_events_delta=0 in_flight=1 active=stage 1=1 pending=stage 1=0
[pipeline-heartbeat] wall=01:20:14 in_flight=2 train_pending=[0] eval_pending=[0]
[pipeline-heartbeat] wall=01:20:19 in_flight=2 train_pending=[0] eval_pending=[0]
[pipeline-heartbeat] wall=01:20:24 in_flight=2 train_pending=[0] eval_pending=[0]
[pipeline-heartbeat] wall=01:20:29 in_flight=2 train_pending=[0] eval_pending=[0]
[pipeline-heartbeat] wall=01:20:34 in_flight=2 train_pending=[0] eval_pending=[0]
[pipeline-heartbeat] wall=01:20:39 in_flight=2 train_pending=[0] eval_pending=[0]
[pipeline-heartbeat] wall=01:20:44 in_flight=2 train_pending=[0] eval_pending=[0]
[pipeline-heartbeat] wall=01:20:49 in_flight=2 train_pending=[0] eval_pending=[0]
[36m(PartitionShardWorker pid=2421764)[0m [trial=0 partitions=[3]] [Interaction 1/1999 (0.1%)] elapsed=0.0s, est.remain=199.8s, partition=3[32m [repeated 16x across cluster][0m
[pipeline-heartbeat] wall=01:20:59 in_flight=1 train_pending=[0] eval_pending=[0]
[36m(PartitionShardWorker pid=2421760)[0m [trial=1 partitions=[3]] [Interaction 1/1999 (0.1%)] elapsed=0.0s, est.remain=199.8s, partition=3[32m [repeated 21x across cluster][0m

============================================================
[Pipeline Summary]
  Trials: 2
  Train stages: 1, workers: [3] (total=3)
  Eval stages:  1, workers: [1] (total=1)
  GPUs: 8 (train workers fit)
  Train S1: 3 partitions, 14000 interactions, users=1120, items=21, workers=3
  Eval S1:  1 partitions, 1999 interactions, workers=1
  hint: 5 GPUs unused during training; add --pipeline-stage-train-workers to use them
  hint: 7 GPUs unused during evaluation
============================================================

[Coarse Phase] Progress: 12/50 trials completed
[Coarse Phase] Sampling batch 7: 2 architectures
[Coarse Phase] Evaluating architectures 13-14/50
[RayPipeline] detected 8 GPUs; pipeline_worker_gpus=1.0
[RayPipeline] note: total train workers=3 < GPUs=8; consider increasing --pipeline-stage-train-workers to use all GPUs.
[RayPipeline] train stage 1: 3 partitions, 14000 interactions, cost range=[4177-5276] sum=14669, workers=3
[RayPipeline] train worker counts=[3], train groups=[[0, 1, 2]]
[RayPipeline] eval worker counts=[1], eval groups=[[3]]
[36m(PartitionShardWorker pid=2421775)[0m /usr/local/anaconda3/lib/python3.11/site-packages/torch/storage.py:414: FutureWarning: You are using `torch.load` with `weights_only=False` (the current default value), which uses the default pickle module implicitly. It is possible to construct malicious pickle data which will execute arbitrary code during unpickling (See https://github.com/pytorch/pytorch/blob/main/SECURITY.md#untrusted-models for more details). In a future release, the default value for `weights_only` will be flipped to `True`. This limits the functions that could be executed during unpickling. Arbitrary objects will no longer be allowed to be loaded via this mode unless they are explicitly allowlisted by the user via `torch.serialization.add_safe_globals`. We recommend you start setting `weights_only=True` for any use case where you don't have full control of the loaded file. Please open an issue on GitHub for any issues related to this experimental feature.[32m [repeated 2x across cluster][0m
[36m(PartitionShardWorker pid=2421775)[0m   return torch.load(io.BytesIO(b))[32m [repeated 2x across cluster][0m
[RayPipeline] created train worker pools=[3]
[RayPipeline] running unified train+eval pipeline (no global sync point)
[pipeline-heartbeat] wall=01:21:14 phase=train status=advancing progress_events_total=46 progress_events_delta=46 in_flight=2 active=stage 1=2 pending=stage 1=0 last_progress=[pipeline-trace] wall=01:21:05 elapsed=166.459s phase=eval event=partition_complete trial=1 partition=3 elapsed_sec=3.650 hits=1887 total=1999
[pipeline-heartbeat] wall=01:21:19 phase=train status=no_new_progress progress_events_total=46 progress_events_delta=0 in_flight=2 active=stage 1=2 pending=stage 1=0
[pipeline-heartbeat] wall=01:21:24 phase=train status=no_new_progress progress_events_total=46 progress_events_delta=0 in_flight=2 active=stage 1=2 pending=stage 1=0
[pipeline-heartbeat] wall=01:21:29 phase=train status=no_new_progress progress_events_total=46 progress_events_delta=0 in_flight=2 active=stage 1=2 pending=stage 1=0
[pipeline-heartbeat] wall=01:21:34 phase=train status=no_new_progress progress_events_total=46 progress_events_delta=0 in_flight=2 active=stage 1=2 pending=stage 1=0
[pipeline-heartbeat] wall=01:21:39 phase=train status=no_new_progress progress_events_total=46 progress_events_delta=0 in_flight=2 active=stage 1=2 pending=stage 1=0
[pipeline-heartbeat] wall=01:21:44 phase=train status=no_new_progress progress_events_total=46 progress_events_delta=0 in_flight=2 active=stage 1=2 pending=stage 1=0
[pipeline-heartbeat] wall=01:21:49 phase=train status=no_new_progress progress_events_total=46 progress_events_delta=0 in_flight=2 active=stage 1=2 pending=stage 1=0
[pipeline-heartbeat] wall=01:21:55 phase=train status=no_new_progress progress_events_total=46 progress_events_delta=0 in_flight=1 active=stage 1=1 pending=stage 1=0
[pipeline-heartbeat] wall=01:22:00 phase=train status=no_new_progress progress_events_total=46 progress_events_delta=0 in_flight=1 active=stage 1=1 pending=stage 1=0
[36m(PartitionShardWorker pid=2421775)[0m /usr/local/anaconda3/lib/python3.11/site-packages/torch/storage.py:414: FutureWarning: You are using `torch.load` with `weights_only=False` (the current default value), which uses the default pickle module implicitly. It is possible to construct malicious pickle data which will execute arbitrary code during unpickling (See https://github.com/pytorch/pytorch/blob/main/SECURITY.md#untrusted-models for more details). In a future release, the default value for `weights_only` will be flipped to `True`. This limits the functions that could be executed during unpickling. Arbitrary objects will no longer be allowed to be loaded via this mode unless they are explicitly allowlisted by the user via `torch.serialization.add_safe_globals`. We recommend you start setting `weights_only=True` for any use case where you don't have full control of the loaded file. Please open an issue on GitHub for any issues related to this experimental feature.[32m [repeated 3x across cluster][0m
[36m(PartitionShardWorker pid=2421775)[0m   return torch.load(io.BytesIO(b))[32m [repeated 3x across cluster][0m
[pipeline-heartbeat] wall=01:22:08 phase=train status=no_new_progress progress_events_total=0 progress_events_delta=0 in_flight=2 active=stage 1=2 pending=stage 1=0
[pipeline-heartbeat] wall=01:22:13 phase=train status=no_new_progress progress_events_total=0 progress_events_delta=0 in_flight=2 active=stage 1=2 pending=stage 1=0
[pipeline-heartbeat] wall=01:22:18 phase=train status=no_new_progress progress_events_total=0 progress_events_delta=0 in_flight=2 active=stage 1=2 pending=stage 1=0
[pipeline-heartbeat] wall=01:22:23 phase=train status=no_new_progress progress_events_total=0 progress_events_delta=0 in_flight=2 active=stage 1=2 pending=stage 1=0
[pipeline-heartbeat] wall=01:22:28 phase=train status=no_new_progress progress_events_total=0 progress_events_delta=0 in_flight=2 active=stage 1=2 pending=stage 1=0
[pipeline-heartbeat] wall=01:22:33 phase=train status=no_new_progress progress_events_total=0 progress_events_delta=0 in_flight=2 active=stage 1=2 pending=stage 1=0
[pipeline-heartbeat] wall=01:22:41 phase=train status=no_new_progress progress_events_total=0 progress_events_delta=0 in_flight=1 active=stage 1=1 pending=stage 1=0
[pipeline-heartbeat] wall=01:22:46 phase=train status=no_new_progress progress_events_total=0 progress_events_delta=0 in_flight=1 active=stage 1=1 pending=stage 1=0
[pipeline-heartbeat] wall=01:22:55 in_flight=2 train_pending=[0] eval_pending=[0]
[pipeline-heartbeat] wall=01:23:00 in_flight=2 train_pending=[0] eval_pending=[0]
[pipeline-heartbeat] wall=01:23:05 in_flight=2 train_pending=[0] eval_pending=[0]
[pipeline-heartbeat] wall=01:23:10 in_flight=2 train_pending=[0] eval_pending=[0]
[pipeline-heartbeat] wall=01:23:15 in_flight=2 train_pending=[0] eval_pending=[0]
[pipeline-heartbeat] wall=01:23:20 in_flight=2 train_pending=[0] eval_pending=[0]
[36m(PartitionShardWorker pid=2421783)[0m [trial=0 partitions=[3]] [Interaction 1/1999 (0.1%)] elapsed=0.0s, est.remain=199.8s, partition=3[32m [repeated 21x across cluster][0m
[pipeline-heartbeat] wall=01:23:31 in_flight=1 train_pending=[0] eval_pending=[0]
[pipeline-heartbeat] wall=01:23:36 in_flight=1 train_pending=[0] eval_pending=[0]
[36m(PartitionShardWorker pid=2421775)[0m [trial=1 partitions=[3]] [Interaction 1/1999 (0.1%)] elapsed=0.0s, est.remain=199.8s, partition=3[32m [repeated 21x across cluster][0m

============================================================
[Pipeline Summary]
  Trials: 2
  Train stages: 1, workers: [3] (total=3)
  Eval stages:  1, workers: [1] (total=1)
  GPUs: 8 (train workers fit)
  Train S1: 3 partitions, 14000 interactions, users=1120, items=21, workers=3
  Eval S1:  1 partitions, 1999 interactions, workers=1
  hint: 5 GPUs unused during training; add --pipeline-stage-train-workers to use them
  hint: 7 GPUs unused during evaluation
============================================================

[Coarse Phase] Progress: 14/50 trials completed
[Coarse Phase] Sampling batch 8: 2 architectures
[Coarse Phase] Evaluating architectures 15-16/50
[RayPipeline] detected 8 GPUs; pipeline_worker_gpus=1.0
[RayPipeline] note: total train workers=3 < GPUs=8; consider increasing --pipeline-stage-train-workers to use all GPUs.
[RayPipeline] train stage 1: 3 partitions, 14000 interactions, cost range=[4177-5276] sum=14669, workers=3
[RayPipeline] train worker counts=[3], train groups=[[0, 1, 2]]
[RayPipeline] eval worker counts=[1], eval groups=[[3]]
[36m(PartitionShardWorker pid=2421786)[0m /usr/local/anaconda3/lib/python3.11/site-packages/torch/storage.py:414: FutureWarning: You are using `torch.load` with `weights_only=False` (the current default value), which uses the default pickle module implicitly. It is possible to construct malicious pickle data which will execute arbitrary code during unpickling (See https://github.com/pytorch/pytorch/blob/main/SECURITY.md#untrusted-models for more details). In a future release, the default value for `weights_only` will be flipped to `True`. This limits the functions that could be executed during unpickling. Arbitrary objects will no longer be allowed to be loaded via this mode unless they are explicitly allowlisted by the user via `torch.serialization.add_safe_globals`. We recommend you start setting `weights_only=True` for any use case where you don't have full control of the loaded file. Please open an issue on GitHub for any issues related to this experimental feature.[32m [repeated 2x across cluster][0m
[36m(PartitionShardWorker pid=2421786)[0m   return torch.load(io.BytesIO(b))[32m [repeated 2x across cluster][0m
[RayPipeline] created train worker pools=[3]
[RayPipeline] running unified train+eval pipeline (no global sync point)
[pipeline-heartbeat] wall=01:23:49 phase=train status=advancing progress_events_total=46 progress_events_delta=46 in_flight=2 active=stage 1=2 pending=stage 1=0 last_progress=[pipeline-trace] wall=01:23:41 elapsed=146.552s phase=eval event=partition_complete trial=1 partition=3 elapsed_sec=3.560 hits=1407 total=1999
[pipeline-heartbeat] wall=01:23:54 phase=train status=no_new_progress progress_events_total=46 progress_events_delta=0 in_flight=2 active=stage 1=2 pending=stage 1=0
[pipeline-heartbeat] wall=01:23:59 phase=train status=no_new_progress progress_events_total=46 progress_events_delta=0 in_flight=2 active=stage 1=2 pending=stage 1=0
[pipeline-heartbeat] wall=01:24:04 phase=train status=no_new_progress progress_events_total=46 progress_events_delta=0 in_flight=2 active=stage 1=2 pending=stage 1=0
[pipeline-heartbeat] wall=01:24:09 phase=train status=no_new_progress progress_events_total=46 progress_events_delta=0 in_flight=2 active=stage 1=2 pending=stage 1=0
[pipeline-heartbeat] wall=01:24:14 phase=train status=no_new_progress progress_events_total=46 progress_events_delta=0 in_flight=2 active=stage 1=2 pending=stage 1=0
[pipeline-heartbeat] wall=01:24:19 phase=train status=no_new_progress progress_events_total=46 progress_events_delta=0 in_flight=2 active=stage 1=2 pending=stage 1=0
[pipeline-heartbeat] wall=01:24:24 phase=train status=no_new_progress progress_events_total=46 progress_events_delta=0 in_flight=2 active=stage 1=2 pending=stage 1=0
[pipeline-heartbeat] wall=01:24:29 phase=train status=no_new_progress progress_events_total=46 progress_events_delta=0 in_flight=2 active=stage 1=2 pending=stage 1=0
[pipeline-heartbeat] wall=01:24:34 phase=train status=no_new_progress progress_events_total=46 progress_events_delta=0 in_flight=2 active=stage 1=2 pending=stage 1=0
[pipeline-heartbeat] wall=01:24:39 phase=train status=no_new_progress progress_events_total=46 progress_events_delta=0 in_flight=2 active=stage 1=2 pending=stage 1=0
[36m(PartitionShardWorker pid=2421786)[0m /usr/local/anaconda3/lib/python3.11/site-packages/torch/storage.py:414: FutureWarning: You are using `torch.load` with `weights_only=False` (the current default value), which uses the default pickle module implicitly. It is possible to construct malicious pickle data which will execute arbitrary code during unpickling (See https://github.com/pytorch/pytorch/blob/main/SECURITY.md#untrusted-models for more details). In a future release, the default value for `weights_only` will be flipped to `True`. This limits the functions that could be executed during unpickling. Arbitrary objects will no longer be allowed to be loaded via this mode unless they are explicitly allowlisted by the user via `torch.serialization.add_safe_globals`. We recommend you start setting `weights_only=True` for any use case where you don't have full control of the loaded file. Please open an issue on GitHub for any issues related to this experimental feature.[32m [repeated 3x across cluster][0m
[36m(PartitionShardWorker pid=2421786)[0m   return torch.load(io.BytesIO(b))[32m [repeated 3x across cluster][0m
[pipeline-heartbeat] wall=01:24:49 phase=train status=no_new_progress progress_events_total=0 progress_events_delta=0 in_flight=2 active=stage 1=2 pending=stage 1=0
[pipeline-heartbeat] wall=01:24:54 phase=train status=no_new_progress progress_events_total=0 progress_events_delta=0 in_flight=2 active=stage 1=2 pending=stage 1=0
[pipeline-heartbeat] wall=01:24:59 phase=train status=no_new_progress progress_events_total=0 progress_events_delta=0 in_flight=2 active=stage 1=2 pending=stage 1=0
[pipeline-heartbeat] wall=01:25:04 phase=train status=no_new_progress progress_events_total=0 progress_events_delta=0 in_flight=2 active=stage 1=2 pending=stage 1=0
[pipeline-heartbeat] wall=01:25:09 phase=train status=no_new_progress progress_events_total=0 progress_events_delta=0 in_flight=2 active=stage 1=2 pending=stage 1=0
[pipeline-heartbeat] wall=01:25:14 phase=train status=no_new_progress progress_events_total=0 progress_events_delta=0 in_flight=2 active=stage 1=2 pending=stage 1=0
[pipeline-heartbeat] wall=01:25:19 phase=train status=no_new_progress progress_events_total=0 progress_events_delta=0 in_flight=2 active=stage 1=2 pending=stage 1=0
[pipeline-heartbeat] wall=01:25:24 phase=train status=no_new_progress progress_events_total=0 progress_events_delta=0 in_flight=2 active=stage 1=2 pending=stage 1=0
[pipeline-heartbeat] wall=01:25:29 phase=train status=no_new_progress progress_events_total=0 progress_events_delta=0 in_flight=2 active=stage 1=2 pending=stage 1=0
[pipeline-heartbeat] wall=01:25:34 phase=train status=no_new_progress progress_events_total=0 progress_events_delta=0 in_flight=2 active=stage 1=2 pending=stage 1=0
[pipeline-heartbeat] wall=01:25:45 in_flight=2 train_pending=[0] eval_pending=[0]
[pipeline-heartbeat] wall=01:25:50 in_flight=2 train_pending=[0] eval_pending=[0]
[pipeline-heartbeat] wall=01:25:55 in_flight=2 train_pending=[0] eval_pending=[0]
[pipeline-heartbeat] wall=01:26:00 in_flight=2 train_pending=[0] eval_pending=[0]
[pipeline-heartbeat] wall=01:26:05 in_flight=2 train_pending=[0] eval_pending=[0]
[pipeline-heartbeat] wall=01:26:10 in_flight=2 train_pending=[0] eval_pending=[0]
[pipeline-heartbeat] wall=01:26:15 in_flight=2 train_pending=[0] eval_pending=[0]
[pipeline-heartbeat] wall=01:26:20 in_flight=2 train_pending=[0] eval_pending=[0]
[pipeline-heartbeat] wall=01:26:25 in_flight=2 train_pending=[0] eval_pending=[0]
[pipeline-heartbeat] wall=01:26:30 in_flight=2 train_pending=[0] eval_pending=[0]
[36m(PartitionShardWorker pid=2421791)[0m [trial=1 partitions=[3]] [Interaction 1/1999 (0.1%)] elapsed=0.0s, est.remain=199.8s, partition=3[32m [repeated 21x across cluster][0m

============================================================
[Pipeline Summary]
  Trials: 2
  Train stages: 1, workers: [3] (total=3)
  Eval stages:  1, workers: [1] (total=1)
  GPUs: 8 (train workers fit)
  Train S1: 3 partitions, 14000 interactions, users=1120, items=21, workers=3
  Eval S1:  1 partitions, 1999 interactions, workers=1
  hint: 5 GPUs unused during training; add --pipeline-stage-train-workers to use them
  hint: 7 GPUs unused during evaluation
============================================================

[Coarse Phase] Progress: 16/50 trials completed
[Coarse Phase] Sampling batch 9: 2 architectures
[Coarse Phase] Evaluating architectures 17-18/50
[RayPipeline] detected 8 GPUs; pipeline_worker_gpus=1.0
[RayPipeline] note: total train workers=3 < GPUs=8; consider increasing --pipeline-stage-train-workers to use all GPUs.
[RayPipeline] train stage 1: 3 partitions, 14000 interactions, cost range=[4177-5276] sum=14669, workers=3
[RayPipeline] train worker counts=[3], train groups=[[0, 1, 2]]
[RayPipeline] eval worker counts=[1], eval groups=[[3]]
[36m(PartitionShardWorker pid=2421788)[0m /usr/local/anaconda3/lib/python3.11/site-packages/torch/storage.py:414: FutureWarning: You are using `torch.load` with `weights_only=False` (the current default value), which uses the default pickle module implicitly. It is possible to construct malicious pickle data which will execute arbitrary code during unpickling (See https://github.com/pytorch/pytorch/blob/main/SECURITY.md#untrusted-models for more details). In a future release, the default value for `weights_only` will be flipped to `True`. This limits the functions that could be executed during unpickling. Arbitrary objects will no longer be allowed to be loaded via this mode unless they are explicitly allowlisted by the user via `torch.serialization.add_safe_globals`. We recommend you start setting `weights_only=True` for any use case where you don't have full control of the loaded file. Please open an issue on GitHub for any issues related to this experimental feature.[32m [repeated 2x across cluster][0m
[36m(PartitionShardWorker pid=2421788)[0m   return torch.load(io.BytesIO(b))[32m [repeated 2x across cluster][0m
[RayPipeline] created train worker pools=[3]
[RayPipeline] running unified train+eval pipeline (no global sync point)
[pipeline-heartbeat] wall=01:26:46 phase=train status=advancing progress_events_total=46 progress_events_delta=46 in_flight=2 active=stage 1=2 pending=stage 1=0 last_progress=[pipeline-trace] wall=01:26:38 elapsed=167.803s phase=eval event=partition_complete trial=0 partition=3 elapsed_sec=3.451 hits=1683 total=1999
[pipeline-heartbeat] wall=01:26:51 phase=train status=no_new_progress progress_events_total=46 progress_events_delta=0 in_flight=2 active=stage 1=2 pending=stage 1=0
[pipeline-heartbeat] wall=01:26:56 phase=train status=no_new_progress progress_events_total=46 progress_events_delta=0 in_flight=2 active=stage 1=2 pending=stage 1=0
[pipeline-heartbeat] wall=01:27:01 phase=train status=no_new_progress progress_events_total=46 progress_events_delta=0 in_flight=2 active=stage 1=2 pending=stage 1=0
[pipeline-heartbeat] wall=01:27:06 phase=train status=no_new_progress progress_events_total=46 progress_events_delta=0 in_flight=2 active=stage 1=2 pending=stage 1=0
[pipeline-heartbeat] wall=01:27:11 phase=train status=no_new_progress progress_events_total=46 progress_events_delta=0 in_flight=2 active=stage 1=2 pending=stage 1=0
[pipeline-heartbeat] wall=01:27:16 phase=train status=no_new_progress progress_events_total=46 progress_events_delta=0 in_flight=2 active=stage 1=2 pending=stage 1=0
[pipeline-heartbeat] wall=01:27:21 phase=train status=no_new_progress progress_events_total=46 progress_events_delta=0 in_flight=2 active=stage 1=2 pending=stage 1=0
[pipeline-heartbeat] wall=01:27:26 phase=train status=no_new_progress progress_events_total=46 progress_events_delta=0 in_flight=2 active=stage 1=2 pending=stage 1=0
[pipeline-heartbeat] wall=01:27:33 phase=train status=no_new_progress progress_events_total=46 progress_events_delta=0 in_flight=1 active=stage 1=1 pending=stage 1=0
[pipeline-heartbeat] wall=01:27:38 phase=train status=no_new_progress progress_events_total=46 progress_events_delta=0 in_flight=1 active=stage 1=1 pending=stage 1=0
[pipeline-heartbeat] wall=01:27:43 phase=train status=no_new_progress progress_events_total=46 progress_events_delta=0 in_flight=1 active=stage 1=1 pending=stage 1=0
[36m(PartitionShardWorker pid=2421788)[0m /usr/local/anaconda3/lib/python3.11/site-packages/torch/storage.py:414: FutureWarning: You are using `torch.load` with `weights_only=False` (the current default value), which uses the default pickle module implicitly. It is possible to construct malicious pickle data which will execute arbitrary code during unpickling (See https://github.com/pytorch/pytorch/blob/main/SECURITY.md#untrusted-models for more details). In a future release, the default value for `weights_only` will be flipped to `True`. This limits the functions that could be executed during unpickling. Arbitrary objects will no longer be allowed to be loaded via this mode unless they are explicitly allowlisted by the user via `torch.serialization.add_safe_globals`. We recommend you start setting `weights_only=True` for any use case where you don't have full control of the loaded file. Please open an issue on GitHub for any issues related to this experimental feature.[32m [repeated 3x across cluster][0m
[36m(PartitionShardWorker pid=2421788)[0m   return torch.load(io.BytesIO(b))[32m [repeated 3x across cluster][0m
[pipeline-heartbeat] wall=01:27:50 phase=train status=no_new_progress progress_events_total=0 progress_events_delta=0 in_flight=2 active=stage 1=2 pending=stage 1=0
[pipeline-heartbeat] wall=01:27:55 phase=train status=no_new_progress progress_events_total=0 progress_events_delta=0 in_flight=2 active=stage 1=2 pending=stage 1=0
[pipeline-heartbeat] wall=01:28:00 phase=train status=no_new_progress progress_events_total=0 progress_events_delta=0 in_flight=2 active=stage 1=2 pending=stage 1=0
[pipeline-heartbeat] wall=01:28:05 phase=train status=no_new_progress progress_events_total=0 progress_events_delta=0 in_flight=2 active=stage 1=2 pending=stage 1=0
[pipeline-heartbeat] wall=01:28:10 phase=train status=no_new_progress progress_events_total=0 progress_events_delta=0 in_flight=2 active=stage 1=2 pending=stage 1=0
[pipeline-heartbeat] wall=01:28:15 phase=train status=no_new_progress progress_events_total=0 progress_events_delta=0 in_flight=2 active=stage 1=2 pending=stage 1=0
[pipeline-heartbeat] wall=01:28:20 phase=train status=no_new_progress progress_events_total=0 progress_events_delta=0 in_flight=2 active=stage 1=2 pending=stage 1=0
[pipeline-heartbeat] wall=01:28:29 phase=train status=no_new_progress progress_events_total=0 progress_events_delta=0 in_flight=1 active=stage 1=1 pending=stage 1=0
[pipeline-heartbeat] wall=01:28:34 phase=train status=no_new_progress progress_events_total=0 progress_events_delta=0 in_flight=1 active=stage 1=1 pending=stage 1=0
[pipeline-heartbeat] wall=01:28:39 phase=train status=no_new_progress progress_events_total=0 progress_events_delta=0 in_flight=1 active=stage 1=1 pending=stage 1=0
[pipeline-heartbeat] wall=01:28:48 in_flight=2 train_pending=[0] eval_pending=[0]
[pipeline-heartbeat] wall=01:28:53 in_flight=2 train_pending=[0] eval_pending=[0]
[pipeline-heartbeat] wall=01:28:58 in_flight=2 train_pending=[0] eval_pending=[0]
[pipeline-heartbeat] wall=01:29:03 in_flight=2 train_pending=[0] eval_pending=[0]
[pipeline-heartbeat] wall=01:29:08 in_flight=2 train_pending=[0] eval_pending=[0]
[pipeline-heartbeat] wall=01:29:13 in_flight=2 train_pending=[0] eval_pending=[0]
[pipeline-heartbeat] wall=01:29:18 in_flight=2 train_pending=[0] eval_pending=[0]
[36m(PartitionShardWorker pid=2421794)[0m [trial=1 partitions=[3]] [Interaction 1/1999 (0.1%)] elapsed=0.0s, est.remain=199.8s, partition=3[32m [repeated 42x across cluster][0m
[pipeline-heartbeat] wall=01:29:30 in_flight=1 train_pending=[0] eval_pending=[0]
[pipeline-heartbeat] wall=01:29:35 in_flight=1 train_pending=[0] eval_pending=[0]
[pipeline-heartbeat] wall=01:29:40 in_flight=1 train_pending=[0] eval_pending=[0]
[36m(PartitionShardWorker pid=2421777)[0m [trial=0 partitions=[3]] [Interaction 1/1999 (0.1%)] elapsed=0.0s, est.remain=199.8s, partition=3[32m [repeated 21x across cluster][0m

============================================================
[Pipeline Summary]
  Trials: 2
  Train stages: 1, workers: [3] (total=3)
  Eval stages:  1, workers: [1] (total=1)
  GPUs: 8 (train workers fit)
  Train S1: 3 partitions, 14000 interactions, users=1120, items=21, workers=3
  Eval S1:  1 partitions, 1999 interactions, workers=1
  hint: 5 GPUs unused during training; add --pipeline-stage-train-workers to use them
  hint: 7 GPUs unused during evaluation
============================================================

[Coarse Phase] Progress: 18/50 trials completed
[Coarse Phase] Sampling batch 10: 2 architectures
[Coarse Phase] Evaluating architectures 19-20/50
[RayPipeline] detected 8 GPUs; pipeline_worker_gpus=1.0
[RayPipeline] note: total train workers=3 < GPUs=8; consider increasing --pipeline-stage-train-workers to use all GPUs.
[RayPipeline] train stage 1: 3 partitions, 14000 interactions, cost range=[4177-5276] sum=14669, workers=3
[RayPipeline] train worker counts=[3], train groups=[[0, 1, 2]]
[RayPipeline] eval worker counts=[1], eval groups=[[3]]
[36m(PartitionShardWorker pid=2421790)[0m /usr/local/anaconda3/lib/python3.11/site-packages/torch/storage.py:414: FutureWarning: You are using `torch.load` with `weights_only=False` (the current default value), which uses the default pickle module implicitly. It is possible to construct malicious pickle data which will execute arbitrary code during unpickling (See https://github.com/pytorch/pytorch/blob/main/SECURITY.md#untrusted-models for more details). In a future release, the default value for `weights_only` will be flipped to `True`. This limits the functions that could be executed during unpickling. Arbitrary objects will no longer be allowed to be loaded via this mode unless they are explicitly allowlisted by the user via `torch.serialization.add_safe_globals`. We recommend you start setting `weights_only=True` for any use case where you don't have full control of the loaded file. Please open an issue on GitHub for any issues related to this experimental feature.[32m [repeated 2x across cluster][0m
[36m(PartitionShardWorker pid=2421790)[0m   return torch.load(io.BytesIO(b))[32m [repeated 2x across cluster][0m
[RayPipeline] created train worker pools=[3]
[RayPipeline] running unified train+eval pipeline (no global sync point)
[pipeline-heartbeat] wall=01:29:55 phase=train status=advancing progress_events_total=46 progress_events_delta=46 in_flight=2 active=stage 1=2 pending=stage 1=0 last_progress=[pipeline-trace] wall=01:29:47 elapsed=179.608s phase=eval event=partition_complete trial=0 partition=3 elapsed_sec=3.654 hits=1884 total=1999
[pipeline-heartbeat] wall=01:30:00 phase=train status=no_new_progress progress_events_total=46 progress_events_delta=0 in_flight=2 active=stage 1=2 pending=stage 1=0
[pipeline-heartbeat] wall=01:30:05 phase=train status=no_new_progress progress_events_total=46 progress_events_delta=0 in_flight=2 active=stage 1=2 pending=stage 1=0
[pipeline-heartbeat] wall=01:30:10 phase=train status=no_new_progress progress_events_total=46 progress_events_delta=0 in_flight=2 active=stage 1=2 pending=stage 1=0
[pipeline-heartbeat] wall=01:30:15 phase=train status=no_new_progress progress_events_total=46 progress_events_delta=0 in_flight=2 active=stage 1=2 pending=stage 1=0
[pipeline-heartbeat] wall=01:30:20 phase=train status=no_new_progress progress_events_total=46 progress_events_delta=0 in_flight=2 active=stage 1=2 pending=stage 1=0
[pipeline-heartbeat] wall=01:30:25 phase=train status=no_new_progress progress_events_total=46 progress_events_delta=0 in_flight=2 active=stage 1=2 pending=stage 1=0
[pipeline-heartbeat] wall=01:30:30 phase=train status=no_new_progress progress_events_total=46 progress_events_delta=0 in_flight=2 active=stage 1=2 pending=stage 1=0
[pipeline-heartbeat] wall=01:30:39 phase=train status=no_new_progress progress_events_total=46 progress_events_delta=0 in_flight=1 active=stage 1=1 pending=stage 1=0
[pipeline-heartbeat] wall=01:30:44 phase=train status=no_new_progress progress_events_total=46 progress_events_delta=0 in_flight=1 active=stage 1=1 pending=stage 1=0
[pipeline-heartbeat] wall=01:30:49 phase=train status=no_new_progress progress_events_total=46 progress_events_delta=0 in_flight=1 active=stage 1=1 pending=stage 1=0
[pipeline-heartbeat] wall=01:30:54 phase=train status=no_new_progress progress_events_total=46 progress_events_delta=0 in_flight=1 active=stage 1=1 pending=stage 1=0
[36m(PartitionShardWorker pid=2421790)[0m /usr/local/anaconda3/lib/python3.11/site-packages/torch/storage.py:414: FutureWarning: You are using `torch.load` with `weights_only=False` (the current default value), which uses the default pickle module implicitly. It is possible to construct malicious pickle data which will execute arbitrary code during unpickling (See https://github.com/pytorch/pytorch/blob/main/SECURITY.md#untrusted-models for more details). In a future release, the default value for `weights_only` will be flipped to `True`. This limits the functions that could be executed during unpickling. Arbitrary objects will no longer be allowed to be loaded via this mode unless they are explicitly allowlisted by the user via `torch.serialization.add_safe_globals`. We recommend you start setting `weights_only=True` for any use case where you don't have full control of the loaded file. Please open an issue on GitHub for any issues related to this experimental feature.[32m [repeated 3x across cluster][0m
[36m(PartitionShardWorker pid=2421790)[0m   return torch.load(io.BytesIO(b))[32m [repeated 3x across cluster][0m
[pipeline-heartbeat] wall=01:31:01 phase=train status=no_new_progress progress_events_total=0 progress_events_delta=0 in_flight=2 active=stage 1=2 pending=stage 1=0
[pipeline-heartbeat] wall=01:31:06 phase=train status=no_new_progress progress_events_total=0 progress_events_delta=0 in_flight=2 active=stage 1=2 pending=stage 1=0
[pipeline-heartbeat] wall=01:31:11 phase=train status=no_new_progress progress_events_total=0 progress_events_delta=0 in_flight=2 active=stage 1=2 pending=stage 1=0
[pipeline-heartbeat] wall=01:31:16 phase=train status=no_new_progress progress_events_total=0 progress_events_delta=0 in_flight=2 active=stage 1=2 pending=stage 1=0
[pipeline-heartbeat] wall=01:31:21 phase=train status=no_new_progress progress_events_total=0 progress_events_delta=0 in_flight=2 active=stage 1=2 pending=stage 1=0
[pipeline-heartbeat] wall=01:31:26 phase=train status=no_new_progress progress_events_total=0 progress_events_delta=0 in_flight=2 active=stage 1=2 pending=stage 1=0
[pipeline-heartbeat] wall=01:31:31 phase=train status=no_new_progress progress_events_total=0 progress_events_delta=0 in_flight=2 active=stage 1=2 pending=stage 1=0
[pipeline-heartbeat] wall=01:31:36 phase=train status=no_new_progress progress_events_total=0 progress_events_delta=0 in_flight=2 active=stage 1=2 pending=stage 1=0
[pipeline-heartbeat] wall=01:31:43 phase=train status=no_new_progress progress_events_total=0 progress_events_delta=0 in_flight=1 active=stage 1=1 pending=stage 1=0
[pipeline-heartbeat] wall=01:31:48 phase=train status=no_new_progress progress_events_total=0 progress_events_delta=0 in_flight=1 active=stage 1=1 pending=stage 1=0
[pipeline-heartbeat] wall=01:31:53 phase=train status=no_new_progress progress_events_total=0 progress_events_delta=0 in_flight=1 active=stage 1=1 pending=stage 1=0
[pipeline-heartbeat] wall=01:31:58 phase=train status=no_new_progress progress_events_total=0 progress_events_delta=0 in_flight=1 active=stage 1=1 pending=stage 1=0
[pipeline-heartbeat] wall=01:32:03 in_flight=2 train_pending=[0] eval_pending=[0]
[pipeline-heartbeat] wall=01:32:08 in_flight=2 train_pending=[0] eval_pending=[0]
[pipeline-heartbeat] wall=01:32:13 in_flight=2 train_pending=[0] eval_pending=[0]
[pipeline-heartbeat] wall=01:32:18 in_flight=2 train_pending=[0] eval_pending=[0]
[pipeline-heartbeat] wall=01:32:23 in_flight=2 train_pending=[0] eval_pending=[0]
[pipeline-heartbeat] wall=01:32:28 in_flight=2 train_pending=[0] eval_pending=[0]
[pipeline-heartbeat] wall=01:32:33 in_flight=2 train_pending=[0] eval_pending=[0]
[36m(PartitionShardWorker pid=2421771)[0m [trial=0 partitions=[3]] [Interaction 1/1999 (0.1%)] elapsed=0.0s, est.remain=199.8s, partition=3[32m [repeated 21x across cluster][0m
[pipeline-heartbeat] wall=01:32:45 in_flight=1 train_pending=[0] eval_pending=[0]
[pipeline-heartbeat] wall=01:32:50 in_flight=1 train_pending=[0] eval_pending=[0]
[pipeline-heartbeat] wall=01:32:55 in_flight=1 train_pending=[0] eval_pending=[0]
[36m(PartitionShardWorker pid=2421790)[0m [trial=1 partitions=[3]] [Interaction 1/1999 (0.1%)] elapsed=0.0s, est.remain=199.8s, partition=3[32m [repeated 21x across cluster][0m

============================================================
[Pipeline Summary]
  Trials: 2
  Train stages: 1, workers: [3] (total=3)
  Eval stages:  1, workers: [1] (total=1)
  GPUs: 8 (train workers fit)
  Train S1: 3 partitions, 14000 interactions, users=1120, items=21, workers=3
  Eval S1:  1 partitions, 1999 interactions, workers=1
  hint: 5 GPUs unused during training; add --pipeline-stage-train-workers to use them
  hint: 7 GPUs unused during evaluation
============================================================

[Coarse Phase] Progress: 20/50 trials completed
[Coarse Phase] Sampling batch 11: 2 architectures
[Coarse Phase] Evaluating architectures 21-22/50
[RayPipeline] detected 8 GPUs; pipeline_worker_gpus=1.0
[RayPipeline] note: total train workers=3 < GPUs=8; consider increasing --pipeline-stage-train-workers to use all GPUs.
[RayPipeline] train stage 1: 3 partitions, 14000 interactions, cost range=[4177-5276] sum=14669, workers=3
[RayPipeline] train worker counts=[3], train groups=[[0, 1, 2]]
[RayPipeline] eval worker counts=[1], eval groups=[[3]]
[36m(PartitionShardWorker pid=2421804)[0m /usr/local/anaconda3/lib/python3.11/site-packages/torch/storage.py:414: FutureWarning: You are using `torch.load` with `weights_only=False` (the current default value), which uses the default pickle module implicitly. It is possible to construct malicious pickle data which will execute arbitrary code during unpickling (See https://github.com/pytorch/pytorch/blob/main/SECURITY.md#untrusted-models for more details). In a future release, the default value for `weights_only` will be flipped to `True`. This limits the functions that could be executed during unpickling. Arbitrary objects will no longer be allowed to be loaded via this mode unless they are explicitly allowlisted by the user via `torch.serialization.add_safe_globals`. We recommend you start setting `weights_only=True` for any use case where you don't have full control of the loaded file. Please open an issue on GitHub for any issues related to this experimental feature.[32m [repeated 2x across cluster][0m
[36m(PartitionShardWorker pid=2421804)[0m   return torch.load(io.BytesIO(b))[32m [repeated 2x across cluster][0m
[RayPipeline] created train worker pools=[3]
[RayPipeline] running unified train+eval pipeline (no global sync point)
[pipeline-heartbeat] wall=01:33:10 phase=train status=advancing progress_events_total=46 progress_events_delta=46 in_flight=2 active=stage 1=2 pending=stage 1=0 last_progress=[pipeline-trace] wall=01:33:02 elapsed=187.245s phase=eval event=partition_complete trial=1 partition=3 elapsed_sec=4.476 hits=1626 total=1999
[pipeline-heartbeat] wall=01:33:15 phase=train status=no_new_progress progress_events_total=46 progress_events_delta=0 in_flight=2 active=stage 1=2 pending=stage 1=0
[pipeline-heartbeat] wall=01:33:20 phase=train status=no_new_progress progress_events_total=46 progress_events_delta=0 in_flight=2 active=stage 1=2 pending=stage 1=0
[pipeline-heartbeat] wall=01:33:25 phase=train status=no_new_progress progress_events_total=46 progress_events_delta=0 in_flight=2 active=stage 1=2 pending=stage 1=0
[pipeline-heartbeat] wall=01:33:30 phase=train status=no_new_progress progress_events_total=46 progress_events_delta=0 in_flight=2 active=stage 1=2 pending=stage 1=0
[pipeline-heartbeat] wall=01:33:35 phase=train status=no_new_progress progress_events_total=46 progress_events_delta=0 in_flight=2 active=stage 1=2 pending=stage 1=0
[pipeline-heartbeat] wall=01:33:40 phase=train status=no_new_progress progress_events_total=46 progress_events_delta=0 in_flight=2 active=stage 1=2 pending=stage 1=0
[pipeline-heartbeat] wall=01:33:45 phase=train status=no_new_progress progress_events_total=46 progress_events_delta=0 in_flight=2 active=stage 1=2 pending=stage 1=0
[pipeline-heartbeat] wall=01:33:50 phase=train status=no_new_progress progress_events_total=46 progress_events_delta=0 in_flight=2 active=stage 1=2 pending=stage 1=0
[pipeline-heartbeat] wall=01:33:55 phase=train status=no_new_progress progress_events_total=46 progress_events_delta=0 in_flight=2 active=stage 1=2 pending=stage 1=0
[pipeline-heartbeat] wall=01:34:00 phase=train status=no_new_progress progress_events_total=46 progress_events_delta=0 in_flight=2 active=stage 1=2 pending=stage 1=0
[36m(PartitionShardWorker pid=2421804)[0m /usr/local/anaconda3/lib/python3.11/site-packages/torch/storage.py:414: FutureWarning: You are using `torch.load` with `weights_only=False` (the current default value), which uses the default pickle module implicitly. It is possible to construct malicious pickle data which will execute arbitrary code during unpickling (See https://github.com/pytorch/pytorch/blob/main/SECURITY.md#untrusted-models for more details). In a future release, the default value for `weights_only` will be flipped to `True`. This limits the functions that could be executed during unpickling. Arbitrary objects will no longer be allowed to be loaded via this mode unless they are explicitly allowlisted by the user via `torch.serialization.add_safe_globals`. We recommend you start setting `weights_only=True` for any use case where you don't have full control of the loaded file. Please open an issue on GitHub for any issues related to this experimental feature.[32m [repeated 3x across cluster][0m
[36m(PartitionShardWorker pid=2421804)[0m   return torch.load(io.BytesIO(b))[32m [repeated 3x across cluster][0m
[pipeline-heartbeat] wall=01:34:09 phase=train status=no_new_progress progress_events_total=0 progress_events_delta=0 in_flight=2 active=stage 1=2 pending=stage 1=0
[pipeline-heartbeat] wall=01:34:14 phase=train status=no_new_progress progress_events_total=0 progress_events_delta=0 in_flight=2 active=stage 1=2 pending=stage 1=0
[pipeline-heartbeat] wall=01:34:19 phase=train status=no_new_progress progress_events_total=0 progress_events_delta=0 in_flight=2 active=stage 1=2 pending=stage 1=0
[pipeline-heartbeat] wall=01:34:24 phase=train status=no_new_progress progress_events_total=0 progress_events_delta=0 in_flight=2 active=stage 1=2 pending=stage 1=0
[pipeline-heartbeat] wall=01:34:29 phase=train status=no_new_progress progress_events_total=0 progress_events_delta=0 in_flight=2 active=stage 1=2 pending=stage 1=0
[pipeline-heartbeat] wall=01:34:34 phase=train status=no_new_progress progress_events_total=0 progress_events_delta=0 in_flight=2 active=stage 1=2 pending=stage 1=0
[pipeline-heartbeat] wall=01:34:39 phase=train status=no_new_progress progress_events_total=0 progress_events_delta=0 in_flight=2 active=stage 1=2 pending=stage 1=0
[pipeline-heartbeat] wall=01:34:44 phase=train status=no_new_progress progress_events_total=0 progress_events_delta=0 in_flight=2 active=stage 1=2 pending=stage 1=0
[pipeline-heartbeat] wall=01:34:49 phase=train status=no_new_progress progress_events_total=0 progress_events_delta=0 in_flight=2 active=stage 1=2 pending=stage 1=0
[pipeline-heartbeat] wall=01:34:54 phase=train status=no_new_progress progress_events_total=0 progress_events_delta=0 in_flight=2 active=stage 1=2 pending=stage 1=0
[pipeline-heartbeat] wall=01:35:04 in_flight=2 train_pending=[0] eval_pending=[0]
[pipeline-heartbeat] wall=01:35:09 in_flight=2 train_pending=[0] eval_pending=[0]
[pipeline-heartbeat] wall=01:35:14 in_flight=2 train_pending=[0] eval_pending=[0]
[pipeline-heartbeat] wall=01:35:19 in_flight=2 train_pending=[0] eval_pending=[0]
[pipeline-heartbeat] wall=01:35:24 in_flight=2 train_pending=[0] eval_pending=[0]
[pipeline-heartbeat] wall=01:35:29 in_flight=2 train_pending=[0] eval_pending=[0]
[pipeline-heartbeat] wall=01:35:34 in_flight=2 train_pending=[0] eval_pending=[0]
[pipeline-heartbeat] wall=01:35:39 in_flight=2 train_pending=[0] eval_pending=[0]
[pipeline-heartbeat] wall=01:35:44 in_flight=2 train_pending=[0] eval_pending=[0]
[pipeline-heartbeat] wall=01:35:49 in_flight=2 train_pending=[0] eval_pending=[0]
[36m(PartitionShardWorker pid=2421805)[0m [trial=0 partitions=[3]] [Interaction 1/1999 (0.1%)] elapsed=0.0s, est.remain=199.8s, partition=3[32m [repeated 21x across cluster][0m

============================================================
[Pipeline Summary]
  Trials: 2
  Train stages: 1, workers: [3] (total=3)
  Eval stages:  1, workers: [1] (total=1)
  GPUs: 8 (train workers fit)
  Train S1: 3 partitions, 14000 interactions, users=1120, items=21, workers=3
  Eval S1:  1 partitions, 1999 interactions, workers=1
  hint: 5 GPUs unused during training; add --pipeline-stage-train-workers to use them
  hint: 7 GPUs unused during evaluation
============================================================

[Coarse Phase] Progress: 22/50 trials completed
[Coarse Phase] Sampling batch 12: 2 architectures
[Coarse Phase] Evaluating architectures 23-24/50
[RayPipeline] detected 8 GPUs; pipeline_worker_gpus=1.0
[RayPipeline] note: total train workers=3 < GPUs=8; consider increasing --pipeline-stage-train-workers to use all GPUs.
[RayPipeline] train stage 1: 3 partitions, 14000 interactions, cost range=[4177-5276] sum=14669, workers=3
[RayPipeline] train worker counts=[3], train groups=[[0, 1, 2]]
[RayPipeline] eval worker counts=[1], eval groups=[[3]]
[36m(PartitionShardWorker pid=2421768)[0m /usr/local/anaconda3/lib/python3.11/site-packages/torch/storage.py:414: FutureWarning: You are using `torch.load` with `weights_only=False` (the current default value), which uses the default pickle module implicitly. It is possible to construct malicious pickle data which will execute arbitrary code during unpickling (See https://github.com/pytorch/pytorch/blob/main/SECURITY.md#untrusted-models for more details). In a future release, the default value for `weights_only` will be flipped to `True`. This limits the functions that could be executed during unpickling. Arbitrary objects will no longer be allowed to be loaded via this mode unless they are explicitly allowlisted by the user via `torch.serialization.add_safe_globals`. We recommend you start setting `weights_only=True` for any use case where you don't have full control of the loaded file. Please open an issue on GitHub for any issues related to this experimental feature.[32m [repeated 2x across cluster][0m
[36m(PartitionShardWorker pid=2421768)[0m   return torch.load(io.BytesIO(b))[32m [repeated 2x across cluster][0m
[RayPipeline] created train worker pools=[3]
[RayPipeline] running unified train+eval pipeline (no global sync point)
[pipeline-heartbeat] wall=01:36:05 phase=train status=advancing progress_events_total=46 progress_events_delta=46 in_flight=2 active=stage 1=2 pending=stage 1=0 last_progress=[pipeline-trace] wall=01:35:56 elapsed=166.729s phase=eval event=partition_complete trial=1 partition=3 elapsed_sec=3.116 hits=1603 total=1999
[pipeline-heartbeat] wall=01:36:10 phase=train status=no_new_progress progress_events_total=46 progress_events_delta=0 in_flight=2 active=stage 1=2 pending=stage 1=0
[pipeline-heartbeat] wall=01:36:15 phase=train status=no_new_progress progress_events_total=46 progress_events_delta=0 in_flight=2 active=stage 1=2 pending=stage 1=0
[pipeline-heartbeat] wall=01:36:20 phase=train status=no_new_progress progress_events_total=46 progress_events_delta=0 in_flight=2 active=stage 1=2 pending=stage 1=0
[pipeline-heartbeat] wall=01:36:25 phase=train status=no_new_progress progress_events_total=46 progress_events_delta=0 in_flight=2 active=stage 1=2 pending=stage 1=0
[pipeline-heartbeat] wall=01:36:30 phase=train status=no_new_progress progress_events_total=46 progress_events_delta=0 in_flight=2 active=stage 1=2 pending=stage 1=0
[pipeline-heartbeat] wall=01:36:35 phase=train status=no_new_progress progress_events_total=46 progress_events_delta=0 in_flight=2 active=stage 1=2 pending=stage 1=0
[pipeline-heartbeat] wall=01:36:40 phase=train status=no_new_progress progress_events_total=46 progress_events_delta=0 in_flight=2 active=stage 1=2 pending=stage 1=0
[pipeline-heartbeat] wall=01:36:45 phase=train status=no_new_progress progress_events_total=46 progress_events_delta=0 in_flight=2 active=stage 1=2 pending=stage 1=0
[pipeline-heartbeat] wall=01:36:50 phase=train status=no_new_progress progress_events_total=46 progress_events_delta=0 in_flight=2 active=stage 1=2 pending=stage 1=0
[pipeline-heartbeat] wall=01:36:56 phase=train status=no_new_progress progress_events_total=46 progress_events_delta=0 in_flight=1 active=stage 1=1 pending=stage 1=0
[36m(PartitionShardWorker pid=2421768)[0m /usr/local/anaconda3/lib/python3.11/site-packages/torch/storage.py:414: FutureWarning: You are using `torch.load` with `weights_only=False` (the current default value), which uses the default pickle module implicitly. It is possible to construct malicious pickle data which will execute arbitrary code during unpickling (See https://github.com/pytorch/pytorch/blob/main/SECURITY.md#untrusted-models for more details). In a future release, the default value for `weights_only` will be flipped to `True`. This limits the functions that could be executed during unpickling. Arbitrary objects will no longer be allowed to be loaded via this mode unless they are explicitly allowlisted by the user via `torch.serialization.add_safe_globals`. We recommend you start setting `weights_only=True` for any use case where you don't have full control of the loaded file. Please open an issue on GitHub for any issues related to this experimental feature.[32m [repeated 3x across cluster][0m
[36m(PartitionShardWorker pid=2421768)[0m   return torch.load(io.BytesIO(b))[32m [repeated 3x across cluster][0m
[pipeline-heartbeat] wall=01:37:05 phase=train status=no_new_progress progress_events_total=0 progress_events_delta=0 in_flight=2 active=stage 1=2 pending=stage 1=0
[pipeline-heartbeat] wall=01:37:10 phase=train status=no_new_progress progress_events_total=0 progress_events_delta=0 in_flight=2 active=stage 1=2 pending=stage 1=0
[pipeline-heartbeat] wall=01:37:15 phase=train status=no_new_progress progress_events_total=0 progress_events_delta=0 in_flight=2 active=stage 1=2 pending=stage 1=0
[pipeline-heartbeat] wall=01:37:20 phase=train status=no_new_progress progress_events_total=0 progress_events_delta=0 in_flight=2 active=stage 1=2 pending=stage 1=0
[pipeline-heartbeat] wall=01:37:25 phase=train status=no_new_progress progress_events_total=0 progress_events_delta=0 in_flight=2 active=stage 1=2 pending=stage 1=0
[pipeline-heartbeat] wall=01:37:30 phase=train status=no_new_progress progress_events_total=0 progress_events_delta=0 in_flight=2 active=stage 1=2 pending=stage 1=0
[pipeline-heartbeat] wall=01:37:42 in_flight=2 train_pending=[0] eval_pending=[0]
[pipeline-heartbeat] wall=01:37:47 in_flight=2 train_pending=[0] eval_pending=[0]
[pipeline-heartbeat] wall=01:37:52 in_flight=2 train_pending=[0] eval_pending=[0]
[pipeline-heartbeat] wall=01:37:57 in_flight=2 train_pending=[0] eval_pending=[0]
[pipeline-heartbeat] wall=01:38:02 in_flight=2 train_pending=[0] eval_pending=[0]
[pipeline-heartbeat] wall=01:38:07 in_flight=2 train_pending=[0] eval_pending=[0]
[36m(PartitionShardWorker pid=2421798)[0m [trial=1 partitions=[3]] [Interaction 1/1999 (0.1%)] elapsed=0.0s, est.remain=199.8s, partition=3[32m [repeated 42x across cluster][0m

============================================================
[Pipeline Summary]
  Trials: 2
  Train stages: 1, workers: [3] (total=3)
  Eval stages:  1, workers: [1] (total=1)
  GPUs: 8 (train workers fit)
  Train S1: 3 partitions, 14000 interactions, users=1120, items=21, workers=3
  Eval S1:  1 partitions, 1999 interactions, workers=1
  hint: 5 GPUs unused during training; add --pipeline-stage-train-workers to use them
  hint: 7 GPUs unused during evaluation
============================================================

[Coarse Phase] Progress: 24/50 trials completed
[Coarse Phase] Sampling batch 13: 2 architectures
[Coarse Phase] Evaluating architectures 25-26/50
[RayPipeline] detected 8 GPUs; pipeline_worker_gpus=1.0
[RayPipeline] note: total train workers=3 < GPUs=8; consider increasing --pipeline-stage-train-workers to use all GPUs.
[RayPipeline] train stage 1: 3 partitions, 14000 interactions, cost range=[4177-5276] sum=14669, workers=3
[RayPipeline] train worker counts=[3], train groups=[[0, 1, 2]]
[RayPipeline] eval worker counts=[1], eval groups=[[3]]
[36m(PartitionShardWorker pid=2421800)[0m /usr/local/anaconda3/lib/python3.11/site-packages/torch/storage.py:414: FutureWarning: You are using `torch.load` with `weights_only=False` (the current default value), which uses the default pickle module implicitly. It is possible to construct malicious pickle data which will execute arbitrary code during unpickling (See https://github.com/pytorch/pytorch/blob/main/SECURITY.md#untrusted-models for more details). In a future release, the default value for `weights_only` will be flipped to `True`. This limits the functions that could be executed during unpickling. Arbitrary objects will no longer be allowed to be loaded via this mode unless they are explicitly allowlisted by the user via `torch.serialization.add_safe_globals`. We recommend you start setting `weights_only=True` for any use case where you don't have full control of the loaded file. Please open an issue on GitHub for any issues related to this experimental feature.[32m [repeated 2x across cluster][0m
[36m(PartitionShardWorker pid=2421800)[0m   return torch.load(io.BytesIO(b))[32m [repeated 2x across cluster][0m
[RayPipeline] created train worker pools=[3]
[RayPipeline] running unified train+eval pipeline (no global sync point)
[pipeline-heartbeat] wall=01:38:22 phase=train status=advancing progress_events_total=46 progress_events_delta=46 in_flight=2 active=stage 1=2 pending=stage 1=0 last_progress=[pipeline-trace] wall=01:38:14 elapsed=128.402s phase=eval event=partition_complete trial=0 partition=3 elapsed_sec=2.636 hits=1510 total=1999
[pipeline-heartbeat] wall=01:38:27 phase=train status=no_new_progress progress_events_total=46 progress_events_delta=0 in_flight=2 active=stage 1=2 pending=stage 1=0
[pipeline-heartbeat] wall=01:38:32 phase=train status=no_new_progress progress_events_total=46 progress_events_delta=0 in_flight=2 active=stage 1=2 pending=stage 1=0
[pipeline-heartbeat] wall=01:38:37 phase=train status=no_new_progress progress_events_total=46 progress_events_delta=0 in_flight=2 active=stage 1=2 pending=stage 1=0
[pipeline-heartbeat] wall=01:38:42 phase=train status=no_new_progress progress_events_total=46 progress_events_delta=0 in_flight=2 active=stage 1=2 pending=stage 1=0
[36m(PartitionShardWorker pid=2421800)[0m /usr/local/anaconda3/lib/python3.11/site-packages/torch/storage.py:414: FutureWarning: You are using `torch.load` with `weights_only=False` (the current default value), which uses the default pickle module implicitly. It is possible to construct malicious pickle data which will execute arbitrary code during unpickling (See https://github.com/pytorch/pytorch/blob/main/SECURITY.md#untrusted-models for more details). In a future release, the default value for `weights_only` will be flipped to `True`. This limits the functions that could be executed during unpickling. Arbitrary objects will no longer be allowed to be loaded via this mode unless they are explicitly allowlisted by the user via `torch.serialization.add_safe_globals`. We recommend you start setting `weights_only=True` for any use case where you don't have full control of the loaded file. Please open an issue on GitHub for any issues related to this experimental feature.[32m [repeated 3x across cluster][0m
[36m(PartitionShardWorker pid=2421800)[0m   return torch.load(io.BytesIO(b))[32m [repeated 3x across cluster][0m
[pipeline-heartbeat] wall=01:38:54 phase=train status=no_new_progress progress_events_total=0 progress_events_delta=0 in_flight=2 active=stage 1=2 pending=stage 1=0
[pipeline-heartbeat] wall=01:38:59 phase=train status=no_new_progress progress_events_total=0 progress_events_delta=0 in_flight=2 active=stage 1=2 pending=stage 1=0
[pipeline-heartbeat] wall=01:39:04 phase=train status=no_new_progress progress_events_total=0 progress_events_delta=0 in_flight=2 active=stage 1=2 pending=stage 1=0
[pipeline-heartbeat] wall=01:39:09 phase=train status=no_new_progress progress_events_total=0 progress_events_delta=0 in_flight=2 active=stage 1=2 pending=stage 1=0
[pipeline-heartbeat] wall=01:39:14 phase=train status=no_new_progress progress_events_total=0 progress_events_delta=0 in_flight=2 active=stage 1=2 pending=stage 1=0
[pipeline-heartbeat] wall=01:39:22 phase=train status=no_new_progress progress_events_total=0 progress_events_delta=0 in_flight=1 active=stage 1=1 pending=stage 1=0
[pipeline-heartbeat] wall=01:39:27 in_flight=2 train_pending=[0] eval_pending=[0]
[pipeline-heartbeat] wall=01:39:32 in_flight=2 train_pending=[0] eval_pending=[0]
[pipeline-heartbeat] wall=01:39:37 in_flight=2 train_pending=[0] eval_pending=[0]
[pipeline-heartbeat] wall=01:39:42 in_flight=2 train_pending=[0] eval_pending=[0]
[pipeline-heartbeat] wall=01:39:47 in_flight=2 train_pending=[0] eval_pending=[0]
[pipeline-heartbeat] wall=01:39:52 in_flight=2 train_pending=[0] eval_pending=[0]
[36m(PartitionShardWorker pid=2421799)[0m [trial=1 partitions=[3]] [Interaction 1/1999 (0.1%)] elapsed=0.0s, est.remain=199.8s, partition=3[32m [repeated 42x across cluster][0m
[36m(PartitionShardWorker pid=2421789)[0m [trial=0 partitions=[3]] [Interaction 100/1999 (5.0%)] elapsed=0.3s, est.remain=6.5s, partition=3[32m [repeated 22x across cluster][0m

============================================================
[Pipeline Summary]
  Trials: 2
  Train stages: 1, workers: [3] (total=3)
  Eval stages:  1, workers: [1] (total=1)
  GPUs: 8 (train workers fit)
  Train S1: 3 partitions, 14000 interactions, users=1120, items=21, workers=3
  Eval S1:  1 partitions, 1999 interactions, workers=1
  hint: 5 GPUs unused during training; add --pipeline-stage-train-workers to use them
  hint: 7 GPUs unused during evaluation
============================================================

[Coarse Phase] Progress: 26/50 trials completed
[Coarse Phase] Sampling batch 14: 2 architectures
[Coarse Phase] Evaluating architectures 27-28/50
[RayPipeline] detected 8 GPUs; pipeline_worker_gpus=1.0
[RayPipeline] note: total train workers=3 < GPUs=8; consider increasing --pipeline-stage-train-workers to use all GPUs.
[RayPipeline] train stage 1: 3 partitions, 14000 interactions, cost range=[4177-5276] sum=14669, workers=3
[RayPipeline] train worker counts=[3], train groups=[[0, 1, 2]]
[RayPipeline] eval worker counts=[1], eval groups=[[3]]
[36m(PartitionShardWorker pid=2421770)[0m /usr/local/anaconda3/lib/python3.11/site-packages/torch/storage.py:414: FutureWarning: You are using `torch.load` with `weights_only=False` (the current default value), which uses the default pickle module implicitly. It is possible to construct malicious pickle data which will execute arbitrary code during unpickling (See https://github.com/pytorch/pytorch/blob/main/SECURITY.md#untrusted-models for more details). In a future release, the default value for `weights_only` will be flipped to `True`. This limits the functions that could be executed during unpickling. Arbitrary objects will no longer be allowed to be loaded via this mode unless they are explicitly allowlisted by the user via `torch.serialization.add_safe_globals`. We recommend you start setting `weights_only=True` for any use case where you don't have full control of the loaded file. Please open an issue on GitHub for any issues related to this experimental feature.[32m [repeated 2x across cluster][0m
[36m(PartitionShardWorker pid=2421770)[0m   return torch.load(io.BytesIO(b))[32m [repeated 2x across cluster][0m
[RayPipeline] created train worker pools=[3]
[RayPipeline] running unified train+eval pipeline (no global sync point)
[pipeline-heartbeat] wall=01:40:10 phase=train status=advancing progress_events_total=46 progress_events_delta=46 in_flight=2 active=stage 1=2 pending=stage 1=0 last_progress=[pipeline-trace] wall=01:40:01 elapsed=99.141s phase=eval event=partition_complete trial=0 partition=3 elapsed_sec=3.294 hits=1712 total=1999
[pipeline-heartbeat] wall=01:40:15 phase=train status=no_new_progress progress_events_total=46 progress_events_delta=0 in_flight=2 active=stage 1=2 pending=stage 1=0
[pipeline-heartbeat] wall=01:40:20 phase=train status=no_new_progress progress_events_total=46 progress_events_delta=0 in_flight=2 active=stage 1=2 pending=stage 1=0
[pipeline-heartbeat] wall=01:40:25 phase=train status=no_new_progress progress_events_total=46 progress_events_delta=0 in_flight=2 active=stage 1=2 pending=stage 1=0
[pipeline-heartbeat] wall=01:40:30 phase=train status=no_new_progress progress_events_total=46 progress_events_delta=0 in_flight=2 active=stage 1=2 pending=stage 1=0
[pipeline-heartbeat] wall=01:40:35 phase=train status=no_new_progress progress_events_total=46 progress_events_delta=0 in_flight=2 active=stage 1=2 pending=stage 1=0
[pipeline-heartbeat] wall=01:40:40 phase=train status=no_new_progress progress_events_total=46 progress_events_delta=0 in_flight=2 active=stage 1=2 pending=stage 1=0
[pipeline-heartbeat] wall=01:40:48 phase=train status=no_new_progress progress_events_total=46 progress_events_delta=0 in_flight=1 active=stage 1=1 pending=stage 1=0
[pipeline-heartbeat] wall=01:40:53 phase=train status=no_new_progress progress_events_total=46 progress_events_delta=0 in_flight=1 active=stage 1=1 pending=stage 1=0
[36m(PartitionShardWorker pid=2421770)[0m /usr/local/anaconda3/lib/python3.11/site-packages/torch/storage.py:414: FutureWarning: You are using `torch.load` with `weights_only=False` (the current default value), which uses the default pickle module implicitly. It is possible to construct malicious pickle data which will execute arbitrary code during unpickling (See https://github.com/pytorch/pytorch/blob/main/SECURITY.md#untrusted-models for more details). In a future release, the default value for `weights_only` will be flipped to `True`. This limits the functions that could be executed during unpickling. Arbitrary objects will no longer be allowed to be loaded via this mode unless they are explicitly allowlisted by the user via `torch.serialization.add_safe_globals`. We recommend you start setting `weights_only=True` for any use case where you don't have full control of the loaded file. Please open an issue on GitHub for any issues related to this experimental feature.[32m [repeated 3x across cluster][0m
[36m(PartitionShardWorker pid=2421770)[0m   return torch.load(io.BytesIO(b))[32m [repeated 3x across cluster][0m
[pipeline-heartbeat] wall=01:41:03 phase=train status=no_new_progress progress_events_total=0 progress_events_delta=0 in_flight=2 active=stage 1=2 pending=stage 1=0
[pipeline-heartbeat] wall=01:41:08 phase=train status=no_new_progress progress_events_total=0 progress_events_delta=0 in_flight=2 active=stage 1=2 pending=stage 1=0
[pipeline-heartbeat] wall=01:41:13 phase=train status=no_new_progress progress_events_total=0 progress_events_delta=0 in_flight=2 active=stage 1=2 pending=stage 1=0
[pipeline-heartbeat] wall=01:41:18 phase=train status=no_new_progress progress_events_total=0 progress_events_delta=0 in_flight=2 active=stage 1=2 pending=stage 1=0
[pipeline-heartbeat] wall=01:41:23 phase=train status=no_new_progress progress_events_total=0 progress_events_delta=0 in_flight=2 active=stage 1=2 pending=stage 1=0
[pipeline-heartbeat] wall=01:41:28 phase=train status=no_new_progress progress_events_total=0 progress_events_delta=0 in_flight=2 active=stage 1=2 pending=stage 1=0
[pipeline-heartbeat] wall=01:41:35 phase=train status=no_new_progress progress_events_total=0 progress_events_delta=0 in_flight=1 active=stage 1=1 pending=stage 1=0
[pipeline-heartbeat] wall=01:41:40 phase=train status=no_new_progress progress_events_total=0 progress_events_delta=0 in_flight=1 active=stage 1=1 pending=stage 1=0
[pipeline-heartbeat] wall=01:41:49 in_flight=2 train_pending=[0] eval_pending=[0]
[pipeline-heartbeat] wall=01:41:54 in_flight=2 train_pending=[0] eval_pending=[0]
[pipeline-heartbeat] wall=01:41:59 in_flight=2 train_pending=[0] eval_pending=[0]
[pipeline-heartbeat] wall=01:42:04 in_flight=2 train_pending=[0] eval_pending=[0]
[pipeline-heartbeat] wall=01:42:09 in_flight=2 train_pending=[0] eval_pending=[0]
[pipeline-heartbeat] wall=01:42:14 in_flight=2 train_pending=[0] eval_pending=[0]
[36m(PartitionShardWorker pid=2421802)[0m [trial=0 partitions=[3]] [Interaction 1/1999 (0.1%)] elapsed=0.0s, est.remain=199.8s, partition=3[32m [repeated 20x across cluster][0m
[pipeline-heartbeat] wall=01:42:26 in_flight=1 train_pending=[0] eval_pending=[0]
[36m(PartitionShardWorker pid=2421770)[0m [trial=1 partitions=[3]] [Interaction 1/1999 (0.1%)] elapsed=0.0s, est.remain=199.8s, partition=3[32m [repeated 21x across cluster][0m

============================================================
[Pipeline Summary]
  Trials: 2
  Train stages: 1, workers: [3] (total=3)
  Eval stages:  1, workers: [1] (total=1)
  GPUs: 8 (train workers fit)
  Train S1: 3 partitions, 14000 interactions, users=1120, items=21, workers=3
  Eval S1:  1 partitions, 1999 interactions, workers=1
  hint: 5 GPUs unused during training; add --pipeline-stage-train-workers to use them
  hint: 7 GPUs unused during evaluation
============================================================

[Coarse Phase] Progress: 28/50 trials completed
[Coarse Phase] Sampling batch 15: 2 architectures
[Coarse Phase] Evaluating architectures 29-30/50
[RayPipeline] detected 8 GPUs; pipeline_worker_gpus=1.0
[RayPipeline] note: total train workers=3 < GPUs=8; consider increasing --pipeline-stage-train-workers to use all GPUs.
[RayPipeline] train stage 1: 3 partitions, 14000 interactions, cost range=[4177-5276] sum=14669, workers=3
[RayPipeline] train worker counts=[3], train groups=[[0, 1, 2]]
[RayPipeline] eval worker counts=[1], eval groups=[[3]]
[36m(PartitionShardWorker pid=2421792)[0m /usr/local/anaconda3/lib/python3.11/site-packages/torch/storage.py:414: FutureWarning: You are using `torch.load` with `weights_only=False` (the current default value), which uses the default pickle module implicitly. It is possible to construct malicious pickle data which will execute arbitrary code during unpickling (See https://github.com/pytorch/pytorch/blob/main/SECURITY.md#untrusted-models for more details). In a future release, the default value for `weights_only` will be flipped to `True`. This limits the functions that could be executed during unpickling. Arbitrary objects will no longer be allowed to be loaded via this mode unless they are explicitly allowlisted by the user via `torch.serialization.add_safe_globals`. We recommend you start setting `weights_only=True` for any use case where you don't have full control of the loaded file. Please open an issue on GitHub for any issues related to this experimental feature.[32m [repeated 2x across cluster][0m
[36m(PartitionShardWorker pid=2421792)[0m   return torch.load(io.BytesIO(b))[32m [repeated 2x across cluster][0m
[RayPipeline] created train worker pools=[3]
[RayPipeline] running unified train+eval pipeline (no global sync point)
[pipeline-heartbeat] wall=01:42:42 phase=train status=advancing progress_events_total=46 progress_events_delta=46 in_flight=2 active=stage 1=2 pending=stage 1=0 last_progress=[pipeline-trace] wall=01:42:33 elapsed=143.979s phase=eval event=partition_complete trial=1 partition=3 elapsed_sec=3.040 hits=1277 total=1999
[pipeline-heartbeat] wall=01:42:47 phase=train status=no_new_progress progress_events_total=46 progress_events_delta=0 in_flight=2 active=stage 1=2 pending=stage 1=0
[pipeline-heartbeat] wall=01:42:52 phase=train status=no_new_progress progress_events_total=46 progress_events_delta=0 in_flight=2 active=stage 1=2 pending=stage 1=0
[pipeline-heartbeat] wall=01:42:57 phase=train status=no_new_progress progress_events_total=46 progress_events_delta=0 in_flight=2 active=stage 1=2 pending=stage 1=0
[pipeline-heartbeat] wall=01:43:02 phase=train status=no_new_progress progress_events_total=46 progress_events_delta=0 in_flight=2 active=stage 1=2 pending=stage 1=0
[pipeline-heartbeat] wall=01:43:07 phase=train status=no_new_progress progress_events_total=46 progress_events_delta=0 in_flight=2 active=stage 1=2 pending=stage 1=0
[pipeline-heartbeat] wall=01:43:12 phase=train status=no_new_progress progress_events_total=46 progress_events_delta=0 in_flight=2 active=stage 1=2 pending=stage 1=0
[pipeline-heartbeat] wall=01:43:17 phase=train status=no_new_progress progress_events_total=46 progress_events_delta=0 in_flight=2 active=stage 1=2 pending=stage 1=0
[pipeline-heartbeat] wall=01:43:22 phase=train status=no_new_progress progress_events_total=46 progress_events_delta=0 in_flight=2 active=stage 1=2 pending=stage 1=0
[pipeline-heartbeat] wall=01:43:27 phase=train status=no_new_progress progress_events_total=46 progress_events_delta=0 in_flight=2 active=stage 1=2 pending=stage 1=0
[pipeline-heartbeat] wall=01:43:36 phase=train status=no_new_progress progress_events_total=46 progress_events_delta=0 in_flight=1 active=stage 1=1 pending=stage 1=0
[36m(PartitionShardWorker pid=2421792)[0m /usr/local/anaconda3/lib/python3.11/site-packages/torch/storage.py:414: FutureWarning: You are using `torch.load` with `weights_only=False` (the current default value), which uses the default pickle module implicitly. It is possible to construct malicious pickle data which will execute arbitrary code during unpickling (See https://github.com/pytorch/pytorch/blob/main/SECURITY.md#untrusted-models for more details). In a future release, the default value for `weights_only` will be flipped to `True`. This limits the functions that could be executed during unpickling. Arbitrary objects will no longer be allowed to be loaded via this mode unless they are explicitly allowlisted by the user via `torch.serialization.add_safe_globals`. We recommend you start setting `weights_only=True` for any use case where you don't have full control of the loaded file. Please open an issue on GitHub for any issues related to this experimental feature.[32m [repeated 3x across cluster][0m
[36m(PartitionShardWorker pid=2421792)[0m   return torch.load(io.BytesIO(b))[32m [repeated 3x across cluster][0m
[pipeline-heartbeat] wall=01:43:44 phase=train status=no_new_progress progress_events_total=0 progress_events_delta=0 in_flight=2 active=stage 1=2 pending=stage 1=0
[pipeline-heartbeat] wall=01:43:49 phase=train status=no_new_progress progress_events_total=0 progress_events_delta=0 in_flight=2 active=stage 1=2 pending=stage 1=0
[pipeline-heartbeat] wall=01:43:54 phase=train status=no_new_progress progress_events_total=0 progress_events_delta=0 in_flight=2 active=stage 1=2 pending=stage 1=0
[pipeline-heartbeat] wall=01:43:59 phase=train status=no_new_progress progress_events_total=0 progress_events_delta=0 in_flight=2 active=stage 1=2 pending=stage 1=0
[pipeline-heartbeat] wall=01:44:04 phase=train status=no_new_progress progress_events_total=0 progress_events_delta=0 in_flight=2 active=stage 1=2 pending=stage 1=0
[pipeline-heartbeat] wall=01:44:09 phase=train status=no_new_progress progress_events_total=0 progress_events_delta=0 in_flight=2 active=stage 1=2 pending=stage 1=0
[pipeline-heartbeat] wall=01:44:14 phase=train status=no_new_progress progress_events_total=0 progress_events_delta=0 in_flight=2 active=stage 1=2 pending=stage 1=0
[pipeline-heartbeat] wall=01:44:19 phase=train status=no_new_progress progress_events_total=0 progress_events_delta=0 in_flight=2 active=stage 1=2 pending=stage 1=0
[pipeline-heartbeat] wall=01:44:24 phase=train status=no_new_progress progress_events_total=0 progress_events_delta=0 in_flight=2 active=stage 1=2 pending=stage 1=0
[pipeline-heartbeat] wall=01:44:31 phase=train status=no_new_progress progress_events_total=0 progress_events_delta=0 in_flight=1 active=stage 1=1 pending=stage 1=0
[pipeline-heartbeat] wall=01:44:38 in_flight=2 train_pending=[0] eval_pending=[0]
[pipeline-heartbeat] wall=01:44:43 in_flight=2 train_pending=[0] eval_pending=[0]
[pipeline-heartbeat] wall=01:44:48 in_flight=2 train_pending=[0] eval_pending=[0]
[pipeline-heartbeat] wall=01:44:53 in_flight=2 train_pending=[0] eval_pending=[0]
[pipeline-heartbeat] wall=01:44:58 in_flight=2 train_pending=[0] eval_pending=[0]
[pipeline-heartbeat] wall=01:45:03 in_flight=2 train_pending=[0] eval_pending=[0]
[pipeline-heartbeat] wall=01:45:08 in_flight=2 train_pending=[0] eval_pending=[0]
[pipeline-heartbeat] wall=01:45:13 in_flight=2 train_pending=[0] eval_pending=[0]
[pipeline-heartbeat] wall=01:45:18 in_flight=2 train_pending=[0] eval_pending=[0]
[36m(PartitionShardWorker pid=2421801)[0m [trial=0 partitions=[3]] [Interaction 1/1999 (0.1%)] elapsed=0.0s, est.remain=199.8s, partition=3[32m [repeated 21x across cluster][0m
[36m(PartitionShardWorker pid=2421792)[0m [trial=1 partitions=[3]] [Interaction 1/1999 (0.1%)] elapsed=0.0s, est.remain=199.8s, partition=3[32m [repeated 21x across cluster][0m

============================================================
[Pipeline Summary]
  Trials: 2
  Train stages: 1, workers: [3] (total=3)
  Eval stages:  1, workers: [1] (total=1)
  GPUs: 8 (train workers fit)
  Train S1: 3 partitions, 14000 interactions, users=1120, items=21, workers=3
  Eval S1:  1 partitions, 1999 interactions, workers=1
  hint: 5 GPUs unused during training; add --pipeline-stage-train-workers to use them
  hint: 7 GPUs unused during evaluation
============================================================

[Coarse Phase] Progress: 30/50 trials completed
[Coarse Phase] Sampling batch 16: 2 architectures
[Coarse Phase] Evaluating architectures 31-32/50
[RayPipeline] detected 8 GPUs; pipeline_worker_gpus=1.0
[RayPipeline] note: total train workers=3 < GPUs=8; consider increasing --pipeline-stage-train-workers to use all GPUs.
[RayPipeline] train stage 1: 3 partitions, 14000 interactions, cost range=[4177-5276] sum=14669, workers=3
[RayPipeline] train worker counts=[3], train groups=[[0, 1, 2]]
[RayPipeline] eval worker counts=[1], eval groups=[[3]]
[36m(PartitionShardWorker pid=2421797)[0m /usr/local/anaconda3/lib/python3.11/site-packages/torch/storage.py:414: FutureWarning: You are using `torch.load` with `weights_only=False` (the current default value), which uses the default pickle module implicitly. It is possible to construct malicious pickle data which will execute arbitrary code during unpickling (See https://github.com/pytorch/pytorch/blob/main/SECURITY.md#untrusted-models for more details). In a future release, the default value for `weights_only` will be flipped to `True`. This limits the functions that could be executed during unpickling. Arbitrary objects will no longer be allowed to be loaded via this mode unless they are explicitly allowlisted by the user via `torch.serialization.add_safe_globals`. We recommend you start setting `weights_only=True` for any use case where you don't have full control of the loaded file. Please open an issue on GitHub for any issues related to this experimental feature.[32m [repeated 2x across cluster][0m
[36m(PartitionShardWorker pid=2421797)[0m   return torch.load(io.BytesIO(b))[32m [repeated 2x across cluster][0m
[RayPipeline] created train worker pools=[3]
[RayPipeline] running unified train+eval pipeline (no global sync point)
[pipeline-heartbeat] wall=01:45:39 phase=train status=advancing progress_events_total=46 progress_events_delta=46 in_flight=2 active=stage 1=2 pending=stage 1=0 last_progress=[pipeline-trace] wall=01:45:30 elapsed=168.190s phase=eval event=partition_complete trial=1 partition=3 elapsed_sec=3.120 hits=1833 total=1999
[pipeline-heartbeat] wall=01:45:44 phase=train status=no_new_progress progress_events_total=46 progress_events_delta=0 in_flight=2 active=stage 1=2 pending=stage 1=0
[pipeline-heartbeat] wall=01:45:49 phase=train status=no_new_progress progress_events_total=46 progress_events_delta=0 in_flight=2 active=stage 1=2 pending=stage 1=0
[pipeline-heartbeat] wall=01:45:54 phase=train status=no_new_progress progress_events_total=46 progress_events_delta=0 in_flight=2 active=stage 1=2 pending=stage 1=0
[pipeline-heartbeat] wall=01:45:59 phase=train status=no_new_progress progress_events_total=46 progress_events_delta=0 in_flight=2 active=stage 1=2 pending=stage 1=0
[pipeline-heartbeat] wall=01:46:04 phase=train status=no_new_progress progress_events_total=46 progress_events_delta=0 in_flight=2 active=stage 1=2 pending=stage 1=0
[pipeline-heartbeat] wall=01:46:09 phase=train status=no_new_progress progress_events_total=46 progress_events_delta=0 in_flight=2 active=stage 1=2 pending=stage 1=0
[pipeline-heartbeat] wall=01:46:17 phase=train status=no_new_progress progress_events_total=46 progress_events_delta=0 in_flight=1 active=stage 1=1 pending=stage 1=0
[pipeline-heartbeat] wall=01:46:22 phase=train status=no_new_progress progress_events_total=46 progress_events_delta=0 in_flight=1 active=stage 1=1 pending=stage 1=0
[pipeline-heartbeat] wall=01:46:27 phase=train status=no_new_progress progress_events_total=46 progress_events_delta=0 in_flight=1 active=stage 1=1 pending=stage 1=0
[pipeline-heartbeat] wall=01:46:32 phase=train status=no_new_progress progress_events_total=46 progress_events_delta=0 in_flight=1 active=stage 1=1 pending=stage 1=0
[pipeline-heartbeat] wall=01:46:37 phase=train status=no_new_progress progress_events_total=46 progress_events_delta=0 in_flight=1 active=stage 1=1 pending=stage 1=0
[36m(PartitionShardWorker pid=2421797)[0m /usr/local/anaconda3/lib/python3.11/site-packages/torch/storage.py:414: FutureWarning: You are using `torch.load` with `weights_only=False` (the current default value), which uses the default pickle module implicitly. It is possible to construct malicious pickle data which will execute arbitrary code during unpickling (See https://github.com/pytorch/pytorch/blob/main/SECURITY.md#untrusted-models for more details). In a future release, the default value for `weights_only` will be flipped to `True`. This limits the functions that could be executed during unpickling. Arbitrary objects will no longer be allowed to be loaded via this mode unless they are explicitly allowlisted by the user via `torch.serialization.add_safe_globals`. We recommend you start setting `weights_only=True` for any use case where you don't have full control of the loaded file. Please open an issue on GitHub for any issues related to this experimental feature.[32m [repeated 3x across cluster][0m
[36m(PartitionShardWorker pid=2421797)[0m   return torch.load(io.BytesIO(b))[32m [repeated 3x across cluster][0m
[pipeline-heartbeat] wall=01:46:42 phase=train status=no_new_progress progress_events_total=0 progress_events_delta=0 in_flight=2 active=stage 1=2 pending=stage 1=0
[pipeline-heartbeat] wall=01:46:47 phase=train status=no_new_progress progress_events_total=0 progress_events_delta=0 in_flight=2 active=stage 1=2 pending=stage 1=0
[pipeline-heartbeat] wall=01:46:52 phase=train status=no_new_progress progress_events_total=0 progress_events_delta=0 in_flight=2 active=stage 1=2 pending=stage 1=0
[pipeline-heartbeat] wall=01:46:57 phase=train status=no_new_progress progress_events_total=0 progress_events_delta=0 in_flight=2 active=stage 1=2 pending=stage 1=0
[pipeline-heartbeat] wall=01:47:02 phase=train status=no_new_progress progress_events_total=0 progress_events_delta=0 in_flight=2 active=stage 1=2 pending=stage 1=0
[pipeline-heartbeat] wall=01:47:07 phase=train status=no_new_progress progress_events_total=0 progress_events_delta=0 in_flight=2 active=stage 1=2 pending=stage 1=0
[pipeline-heartbeat] wall=01:47:13 phase=train status=no_new_progress progress_events_total=0 progress_events_delta=0 in_flight=1 active=stage 1=1 pending=stage 1=0
[pipeline-heartbeat] wall=01:47:18 phase=train status=no_new_progress progress_events_total=0 progress_events_delta=0 in_flight=1 active=stage 1=1 pending=stage 1=0
[pipeline-heartbeat] wall=01:47:23 phase=train status=no_new_progress progress_events_total=0 progress_events_delta=0 in_flight=1 active=stage 1=1 pending=stage 1=0
[pipeline-heartbeat] wall=01:47:28 phase=train status=no_new_progress progress_events_total=0 progress_events_delta=0 in_flight=1 active=stage 1=1 pending=stage 1=0
[pipeline-heartbeat] wall=01:47:33 phase=train status=no_new_progress progress_events_total=0 progress_events_delta=0 in_flight=1 active=stage 1=1 pending=stage 1=0
[pipeline-heartbeat] wall=01:47:40 in_flight=2 train_pending=[0] eval_pending=[0]
[pipeline-heartbeat] wall=01:47:45 in_flight=2 train_pending=[0] eval_pending=[0]
[pipeline-heartbeat] wall=01:47:50 in_flight=2 train_pending=[0] eval_pending=[0]
[pipeline-heartbeat] wall=01:47:55 in_flight=2 train_pending=[0] eval_pending=[0]
[pipeline-heartbeat] wall=01:48:00 in_flight=2 train_pending=[0] eval_pending=[0]
[pipeline-heartbeat] wall=01:48:05 in_flight=2 train_pending=[0] eval_pending=[0]
[36m(PartitionShardWorker pid=2421803)[0m [trial=1 partitions=[3]] [Interaction 1/1999 (0.1%)] elapsed=0.0s, est.remain=199.8s, partition=3[32m [repeated 21x across cluster][0m
[pipeline-heartbeat] wall=01:48:16 in_flight=1 train_pending=[0] eval_pending=[0]
[pipeline-heartbeat] wall=01:48:21 in_flight=1 train_pending=[0] eval_pending=[0]
[pipeline-heartbeat] wall=01:48:26 in_flight=1 train_pending=[0] eval_pending=[0]
[pipeline-heartbeat] wall=01:48:31 in_flight=1 train_pending=[0] eval_pending=[0]
[36m(PartitionShardWorker pid=2421807)[0m [trial=0 partitions=[3]] [Interaction 1/1999 (0.1%)] elapsed=0.0s, est.remain=199.8s, partition=3[32m [repeated 21x across cluster][0m

============================================================
[Pipeline Summary]
  Trials: 2
  Train stages: 1, workers: [3] (total=3)
  Eval stages:  1, workers: [1] (total=1)
  GPUs: 8 (train workers fit)
  Train S1: 3 partitions, 14000 interactions, users=1120, items=21, workers=3
  Eval S1:  1 partitions, 1999 interactions, workers=1
  hint: 5 GPUs unused during training; add --pipeline-stage-train-workers to use them
  hint: 7 GPUs unused during evaluation
============================================================

[Coarse Phase] Progress: 32/50 trials completed
[Coarse Phase] Sampling batch 17: 2 architectures
[Coarse Phase] Evaluating architectures 33-34/50
[RayPipeline] detected 8 GPUs; pipeline_worker_gpus=1.0
[RayPipeline] note: total train workers=3 < GPUs=8; consider increasing --pipeline-stage-train-workers to use all GPUs.
[RayPipeline] train stage 1: 3 partitions, 14000 interactions, cost range=[4177-5276] sum=14669, workers=3
[RayPipeline] train worker counts=[3], train groups=[[0, 1, 2]]
[RayPipeline] eval worker counts=[1], eval groups=[[3]]
[36m(PartitionShardWorker pid=2502714)[0m /usr/local/anaconda3/lib/python3.11/site-packages/torch/storage.py:414: FutureWarning: You are using `torch.load` with `weights_only=False` (the current default value), which uses the default pickle module implicitly. It is possible to construct malicious pickle data which will execute arbitrary code during unpickling (See https://github.com/pytorch/pytorch/blob/main/SECURITY.md#untrusted-models for more details). In a future release, the default value for `weights_only` will be flipped to `True`. This limits the functions that could be executed during unpickling. Arbitrary objects will no longer be allowed to be loaded via this mode unless they are explicitly allowlisted by the user via `torch.serialization.add_safe_globals`. We recommend you start setting `weights_only=True` for any use case where you don't have full control of the loaded file. Please open an issue on GitHub for any issues related to this experimental feature.[32m [repeated 2x across cluster][0m
[36m(PartitionShardWorker pid=2502714)[0m   return torch.load(io.BytesIO(b))[32m [repeated 2x across cluster][0m
[RayPipeline] created train worker pools=[3]
[RayPipeline] running unified train+eval pipeline (no global sync point)
[pipeline-heartbeat] wall=01:48:45 phase=train status=advancing progress_events_total=46 progress_events_delta=46 in_flight=2 active=stage 1=2 pending=stage 1=0 last_progress=[pipeline-trace] wall=01:48:37 elapsed=177.461s phase=eval event=partition_complete trial=0 partition=3 elapsed_sec=3.422 hits=1790 total=1999
[pipeline-heartbeat] wall=01:48:50 phase=train status=no_new_progress progress_events_total=46 progress_events_delta=0 in_flight=2 active=stage 1=2 pending=stage 1=0
[pipeline-heartbeat] wall=01:48:55 phase=train status=no_new_progress progress_events_total=46 progress_events_delta=0 in_flight=2 active=stage 1=2 pending=stage 1=0
[pipeline-heartbeat] wall=01:49:00 phase=train status=no_new_progress progress_events_total=46 progress_events_delta=0 in_flight=2 active=stage 1=2 pending=stage 1=0
[pipeline-heartbeat] wall=01:49:05 phase=train status=no_new_progress progress_events_total=46 progress_events_delta=0 in_flight=2 active=stage 1=2 pending=stage 1=0
[pipeline-heartbeat] wall=01:49:10 phase=train status=no_new_progress progress_events_total=46 progress_events_delta=0 in_flight=2 active=stage 1=2 pending=stage 1=0
[pipeline-heartbeat] wall=01:49:15 phase=train status=no_new_progress progress_events_total=46 progress_events_delta=0 in_flight=2 active=stage 1=2 pending=stage 1=0
[pipeline-heartbeat] wall=01:49:20 phase=train status=no_new_progress progress_events_total=46 progress_events_delta=0 in_flight=2 active=stage 1=2 pending=stage 1=0
[pipeline-heartbeat] wall=01:49:25 phase=train status=no_new_progress progress_events_total=46 progress_events_delta=0 in_flight=2 active=stage 1=2 pending=stage 1=0
[pipeline-heartbeat] wall=01:49:30 phase=train status=no_new_progress progress_events_total=46 progress_events_delta=0 in_flight=2 active=stage 1=2 pending=stage 1=0
[pipeline-heartbeat] wall=01:49:37 phase=train status=no_new_progress progress_events_total=46 progress_events_delta=0 in_flight=1 active=stage 1=1 pending=stage 1=0
[36m(PartitionShardWorker pid=2502714)[0m /usr/local/anaconda3/lib/python3.11/site-packages/torch/storage.py:414: FutureWarning: You are using `torch.load` with `weights_only=False` (the current default value), which uses the default pickle module implicitly. It is possible to construct malicious pickle data which will execute arbitrary code during unpickling (See https://github.com/pytorch/pytorch/blob/main/SECURITY.md#untrusted-models for more details). In a future release, the default value for `weights_only` will be flipped to `True`. This limits the functions that could be executed during unpickling. Arbitrary objects will no longer be allowed to be loaded via this mode unless they are explicitly allowlisted by the user via `torch.serialization.add_safe_globals`. We recommend you start setting `weights_only=True` for any use case where you don't have full control of the loaded file. Please open an issue on GitHub for any issues related to this experimental feature.[32m [repeated 3x across cluster][0m
[36m(PartitionShardWorker pid=2502714)[0m   return torch.load(io.BytesIO(b))[32m [repeated 3x across cluster][0m
[pipeline-heartbeat] wall=01:49:43 phase=train status=no_new_progress progress_events_total=0 progress_events_delta=0 in_flight=2 active=stage 1=2 pending=stage 1=0
[pipeline-heartbeat] wall=01:49:48 phase=train status=no_new_progress progress_events_total=0 progress_events_delta=0 in_flight=2 active=stage 1=2 pending=stage 1=0
[pipeline-heartbeat] wall=01:49:53 phase=train status=no_new_progress progress_events_total=0 progress_events_delta=0 in_flight=2 active=stage 1=2 pending=stage 1=0
[pipeline-heartbeat] wall=01:49:58 phase=train status=no_new_progress progress_events_total=0 progress_events_delta=0 in_flight=2 active=stage 1=2 pending=stage 1=0
[pipeline-heartbeat] wall=01:50:03 phase=train status=no_new_progress progress_events_total=0 progress_events_delta=0 in_flight=2 active=stage 1=2 pending=stage 1=0
[pipeline-heartbeat] wall=01:50:08 phase=train status=no_new_progress progress_events_total=0 progress_events_delta=0 in_flight=2 active=stage 1=2 pending=stage 1=0
[pipeline-heartbeat] wall=01:50:13 phase=train status=no_new_progress progress_events_total=0 progress_events_delta=0 in_flight=2 active=stage 1=2 pending=stage 1=0
[pipeline-heartbeat] wall=01:50:18 phase=train status=no_new_progress progress_events_total=0 progress_events_delta=0 in_flight=2 active=stage 1=2 pending=stage 1=0
[pipeline-heartbeat] wall=01:50:25 phase=train status=no_new_progress progress_events_total=0 progress_events_delta=0 in_flight=1 active=stage 1=1 pending=stage 1=0
[pipeline-heartbeat] wall=01:50:34 in_flight=2 train_pending=[0] eval_pending=[0]
[pipeline-heartbeat] wall=01:50:39 in_flight=2 train_pending=[0] eval_pending=[0]
[pipeline-heartbeat] wall=01:50:44 in_flight=2 train_pending=[0] eval_pending=[0]
[pipeline-heartbeat] wall=01:50:49 in_flight=2 train_pending=[0] eval_pending=[0]
[pipeline-heartbeat] wall=01:50:54 in_flight=2 train_pending=[0] eval_pending=[0]
[pipeline-heartbeat] wall=01:50:59 in_flight=2 train_pending=[0] eval_pending=[0]
[pipeline-heartbeat] wall=01:51:04 in_flight=2 train_pending=[0] eval_pending=[0]
[pipeline-heartbeat] wall=01:51:09 in_flight=2 train_pending=[0] eval_pending=[0]
[36m(PartitionShardWorker pid=2502866)[0m [trial=1 partitions=[3]] [Interaction 1/1999 (0.1%)] elapsed=0.0s, est.remain=199.8s, partition=3[32m [repeated 21x across cluster][0m
[36m(PartitionShardWorker pid=2502810)[0m [trial=0 partitions=[3]] [Interaction 1/1999 (0.1%)] elapsed=0.0s, est.remain=199.8s, partition=3[32m [repeated 21x across cluster][0m

============================================================
[Pipeline Summary]
  Trials: 2
  Train stages: 1, workers: [3] (total=3)
  Eval stages:  1, workers: [1] (total=1)
  GPUs: 8 (train workers fit)
  Train S1: 3 partitions, 14000 interactions, users=1120, items=21, workers=3
  Eval S1:  1 partitions, 1999 interactions, workers=1
  hint: 5 GPUs unused during training; add --pipeline-stage-train-workers to use them
  hint: 7 GPUs unused during evaluation
============================================================

[Coarse Phase] Progress: 34/50 trials completed
[Coarse Phase] Sampling batch 18: 2 architectures
[Coarse Phase] Evaluating architectures 35-36/50
[RayPipeline] detected 8 GPUs; pipeline_worker_gpus=1.0
[RayPipeline] note: total train workers=3 < GPUs=8; consider increasing --pipeline-stage-train-workers to use all GPUs.
[RayPipeline] train stage 1: 3 partitions, 14000 interactions, cost range=[4177-5276] sum=14669, workers=3
[RayPipeline] train worker counts=[3], train groups=[[0, 1, 2]]
[RayPipeline] eval worker counts=[1], eval groups=[[3]]
[RayPipeline] created train worker pools=[3]
[RayPipeline] running unified train+eval pipeline (no global sync point)
[36m(PartitionShardWorker pid=2507724)[0m /usr/local/anaconda3/lib/python3.11/site-packages/torch/storage.py:414: FutureWarning: You are using `torch.load` with `weights_only=False` (the current default value), which uses the default pickle module implicitly. It is possible to construct malicious pickle data which will execute arbitrary code during unpickling (See https://github.com/pytorch/pytorch/blob/main/SECURITY.md#untrusted-models for more details). In a future release, the default value for `weights_only` will be flipped to `True`. This limits the functions that could be executed during unpickling. Arbitrary objects will no longer be allowed to be loaded via this mode unless they are explicitly allowlisted by the user via `torch.serialization.add_safe_globals`. We recommend you start setting `weights_only=True` for any use case where you don't have full control of the loaded file. Please open an issue on GitHub for any issues related to this experimental feature.[32m [repeated 2x across cluster][0m
[36m(PartitionShardWorker pid=2507724)[0m   return torch.load(io.BytesIO(b))[32m [repeated 2x across cluster][0m
[pipeline-heartbeat] wall=01:51:31 phase=train status=advancing progress_events_total=46 progress_events_delta=46 in_flight=2 active=stage 1=2 pending=stage 1=0 last_progress=[pipeline-trace] wall=01:51:23 elapsed=156.678s phase=eval event=partition_complete trial=0 partition=3 elapsed_sec=2.976 hits=1358 total=1999
[pipeline-heartbeat] wall=01:51:36 phase=train status=no_new_progress progress_events_total=46 progress_events_delta=0 in_flight=2 active=stage 1=2 pending=stage 1=0
[pipeline-heartbeat] wall=01:51:41 phase=train status=no_new_progress progress_events_total=46 progress_events_delta=0 in_flight=2 active=stage 1=2 pending=stage 1=0
[pipeline-heartbeat] wall=01:51:46 phase=train status=no_new_progress progress_events_total=46 progress_events_delta=0 in_flight=2 active=stage 1=2 pending=stage 1=0
[pipeline-heartbeat] wall=01:51:51 phase=train status=no_new_progress progress_events_total=46 progress_events_delta=0 in_flight=2 active=stage 1=2 pending=stage 1=0
[pipeline-heartbeat] wall=01:51:56 phase=train status=no_new_progress progress_events_total=46 progress_events_delta=0 in_flight=2 active=stage 1=2 pending=stage 1=0
[pipeline-heartbeat] wall=01:52:01 phase=train status=no_new_progress progress_events_total=46 progress_events_delta=0 in_flight=2 active=stage 1=2 pending=stage 1=0
[pipeline-heartbeat] wall=01:52:06 phase=train status=no_new_progress progress_events_total=46 progress_events_delta=0 in_flight=2 active=stage 1=2 pending=stage 1=0
[pipeline-heartbeat] wall=01:52:11 phase=train status=no_new_progress progress_events_total=46 progress_events_delta=0 in_flight=2 active=stage 1=2 pending=stage 1=0
[pipeline-heartbeat] wall=01:52:16 phase=train status=no_new_progress progress_events_total=46 progress_events_delta=0 in_flight=2 active=stage 1=2 pending=stage 1=0
[pipeline-heartbeat] wall=01:52:22 phase=train status=no_new_progress progress_events_total=46 progress_events_delta=0 in_flight=1 active=stage 1=1 pending=stage 1=0
[pipeline-heartbeat] wall=01:52:27 phase=train status=no_new_progress progress_events_total=46 progress_events_delta=0 in_flight=1 active=stage 1=1 pending=stage 1=0
[36m(PartitionShardWorker pid=2507724)[0m /usr/local/anaconda3/lib/python3.11/site-packages/torch/storage.py:414: FutureWarning: You are using `torch.load` with `weights_only=False` (the current default value), which uses the default pickle module implicitly. It is possible to construct malicious pickle data which will execute arbitrary code during unpickling (See https://github.com/pytorch/pytorch/blob/main/SECURITY.md#untrusted-models for more details). In a future release, the default value for `weights_only` will be flipped to `True`. This limits the functions that could be executed during unpickling. Arbitrary objects will no longer be allowed to be loaded via this mode unless they are explicitly allowlisted by the user via `torch.serialization.add_safe_globals`. We recommend you start setting `weights_only=True` for any use case where you don't have full control of the loaded file. Please open an issue on GitHub for any issues related to this experimental feature.[32m [repeated 3x across cluster][0m
[36m(PartitionShardWorker pid=2507724)[0m   return torch.load(io.BytesIO(b))[32m [repeated 3x across cluster][0m
[pipeline-heartbeat] wall=01:52:35 phase=train status=no_new_progress progress_events_total=0 progress_events_delta=0 in_flight=2 active=stage 1=2 pending=stage 1=0
[pipeline-heartbeat] wall=01:52:40 phase=train status=no_new_progress progress_events_total=0 progress_events_delta=0 in_flight=2 active=stage 1=2 pending=stage 1=0
[pipeline-heartbeat] wall=01:52:45 phase=train status=no_new_progress progress_events_total=0 progress_events_delta=0 in_flight=2 active=stage 1=2 pending=stage 1=0
[pipeline-heartbeat] wall=01:52:50 phase=train status=no_new_progress progress_events_total=0 progress_events_delta=0 in_flight=2 active=stage 1=2 pending=stage 1=0
[pipeline-heartbeat] wall=01:52:55 phase=train status=no_new_progress progress_events_total=0 progress_events_delta=0 in_flight=2 active=stage 1=2 pending=stage 1=0
[pipeline-heartbeat] wall=01:53:00 phase=train status=no_new_progress progress_events_total=0 progress_events_delta=0 in_flight=2 active=stage 1=2 pending=stage 1=0
[pipeline-heartbeat] wall=01:53:05 phase=train status=no_new_progress progress_events_total=0 progress_events_delta=0 in_flight=2 active=stage 1=2 pending=stage 1=0
[pipeline-heartbeat] wall=01:53:10 phase=train status=no_new_progress progress_events_total=0 progress_events_delta=0 in_flight=2 active=stage 1=2 pending=stage 1=0
[pipeline-heartbeat] wall=01:53:17 phase=train status=no_new_progress progress_events_total=0 progress_events_delta=0 in_flight=1 active=stage 1=1 pending=stage 1=0
[pipeline-heartbeat] wall=01:53:22 phase=train status=no_new_progress progress_events_total=0 progress_events_delta=0 in_flight=1 active=stage 1=1 pending=stage 1=0
[pipeline-heartbeat] wall=01:53:29 in_flight=2 train_pending=[0] eval_pending=[0]
[pipeline-heartbeat] wall=01:53:34 in_flight=2 train_pending=[0] eval_pending=[0]
[pipeline-heartbeat] wall=01:53:39 in_flight=2 train_pending=[0] eval_pending=[0]
[pipeline-heartbeat] wall=01:53:44 in_flight=2 train_pending=[0] eval_pending=[0]
[pipeline-heartbeat] wall=01:53:49 in_flight=2 train_pending=[0] eval_pending=[0]
[pipeline-heartbeat] wall=01:53:54 in_flight=2 train_pending=[0] eval_pending=[0]
[pipeline-heartbeat] wall=01:53:59 in_flight=2 train_pending=[0] eval_pending=[0]
[pipeline-heartbeat] wall=01:54:04 in_flight=2 train_pending=[0] eval_pending=[0]
[36m(PartitionShardWorker pid=2507957)[0m [trial=1 partitions=[3]] [Interaction 1/1999 (0.1%)] elapsed=0.0s, est.remain=199.8s, partition=3[32m [repeated 21x across cluster][0m
[pipeline-heartbeat] wall=01:54:15 in_flight=1 train_pending=[0] eval_pending=[0]
[36m(PartitionShardWorker pid=2507816)[0m [trial=0 partitions=[3]] [Interaction 1/1999 (0.1%)] elapsed=0.0s, est.remain=199.8s, partition=3[32m [repeated 21x across cluster][0m

============================================================
[Pipeline Summary]
  Trials: 2
  Train stages: 1, workers: [3] (total=3)
  Eval stages:  1, workers: [1] (total=1)
  GPUs: 8 (train workers fit)
  Train S1: 3 partitions, 14000 interactions, users=1120, items=21, workers=3
  Eval S1:  1 partitions, 1999 interactions, workers=1
  hint: 5 GPUs unused during training; add --pipeline-stage-train-workers to use them
  hint: 7 GPUs unused during evaluation
============================================================

[Coarse Phase] Progress: 36/50 trials completed
[Coarse Phase] Sampling batch 19: 2 architectures
[Coarse Phase] Evaluating architectures 37-38/50
[RayPipeline] detected 8 GPUs; pipeline_worker_gpus=1.0
[RayPipeline] note: total train workers=3 < GPUs=8; consider increasing --pipeline-stage-train-workers to use all GPUs.
[RayPipeline] train stage 1: 3 partitions, 14000 interactions, cost range=[4177-5276] sum=14669, workers=3
[RayPipeline] train worker counts=[3], train groups=[[0, 1, 2]]
[RayPipeline] eval worker counts=[1], eval groups=[[3]]
[RayPipeline] created train worker pools=[3]
[RayPipeline] running unified train+eval pipeline (no global sync point)
[36m(PartitionShardWorker pid=2513119)[0m /usr/local/anaconda3/lib/python3.11/site-packages/torch/storage.py:414: FutureWarning: You are using `torch.load` with `weights_only=False` (the current default value), which uses the default pickle module implicitly. It is possible to construct malicious pickle data which will execute arbitrary code during unpickling (See https://github.com/pytorch/pytorch/blob/main/SECURITY.md#untrusted-models for more details). In a future release, the default value for `weights_only` will be flipped to `True`. This limits the functions that could be executed during unpickling. Arbitrary objects will no longer be allowed to be loaded via this mode unless they are explicitly allowlisted by the user via `torch.serialization.add_safe_globals`. We recommend you start setting `weights_only=True` for any use case where you don't have full control of the loaded file. Please open an issue on GitHub for any issues related to this experimental feature.[32m [repeated 2x across cluster][0m
[36m(PartitionShardWorker pid=2513119)[0m   return torch.load(io.BytesIO(b))[32m [repeated 2x across cluster][0m
[pipeline-heartbeat] wall=01:54:31 phase=train status=advancing progress_events_total=46 progress_events_delta=46 in_flight=2 active=stage 1=2 pending=stage 1=0 last_progress=[pipeline-trace] wall=01:54:23 elapsed=171.315s phase=eval event=partition_complete trial=0 partition=3 elapsed_sec=3.469 hits=1754 total=1999
[pipeline-heartbeat] wall=01:54:36 phase=train status=no_new_progress progress_events_total=46 progress_events_delta=0 in_flight=2 active=stage 1=2 pending=stage 1=0
[pipeline-heartbeat] wall=01:54:41 phase=train status=no_new_progress progress_events_total=46 progress_events_delta=0 in_flight=2 active=stage 1=2 pending=stage 1=0
[pipeline-heartbeat] wall=01:54:46 phase=train status=no_new_progress progress_events_total=46 progress_events_delta=0 in_flight=2 active=stage 1=2 pending=stage 1=0
[pipeline-heartbeat] wall=01:54:51 phase=train status=no_new_progress progress_events_total=46 progress_events_delta=0 in_flight=2 active=stage 1=2 pending=stage 1=0
[pipeline-heartbeat] wall=01:54:56 phase=train status=no_new_progress progress_events_total=46 progress_events_delta=0 in_flight=2 active=stage 1=2 pending=stage 1=0
[pipeline-heartbeat] wall=01:55:01 phase=train status=no_new_progress progress_events_total=46 progress_events_delta=0 in_flight=2 active=stage 1=2 pending=stage 1=0
[pipeline-heartbeat] wall=01:55:06 phase=train status=no_new_progress progress_events_total=46 progress_events_delta=0 in_flight=2 active=stage 1=2 pending=stage 1=0
[36m(PartitionShardWorker pid=2513119)[0m /usr/local/anaconda3/lib/python3.11/site-packages/torch/storage.py:414: FutureWarning: You are using `torch.load` with `weights_only=False` (the current default value), which uses the default pickle module implicitly. It is possible to construct malicious pickle data which will execute arbitrary code during unpickling (See https://github.com/pytorch/pytorch/blob/main/SECURITY.md#untrusted-models for more details). In a future release, the default value for `weights_only` will be flipped to `True`. This limits the functions that could be executed during unpickling. Arbitrary objects will no longer be allowed to be loaded via this mode unless they are explicitly allowlisted by the user via `torch.serialization.add_safe_globals`. We recommend you start setting `weights_only=True` for any use case where you don't have full control of the loaded file. Please open an issue on GitHub for any issues related to this experimental feature.[32m [repeated 3x across cluster][0m
[36m(PartitionShardWorker pid=2513119)[0m   return torch.load(io.BytesIO(b))[32m [repeated 3x across cluster][0m
[pipeline-heartbeat] wall=01:55:19 phase=train status=no_new_progress progress_events_total=0 progress_events_delta=0 in_flight=2 active=stage 1=2 pending=stage 1=0
[pipeline-heartbeat] wall=01:55:24 phase=train status=no_new_progress progress_events_total=0 progress_events_delta=0 in_flight=2 active=stage 1=2 pending=stage 1=0
[pipeline-heartbeat] wall=01:55:29 phase=train status=no_new_progress progress_events_total=0 progress_events_delta=0 in_flight=2 active=stage 1=2 pending=stage 1=0
[pipeline-heartbeat] wall=01:55:34 phase=train status=no_new_progress progress_events_total=0 progress_events_delta=0 in_flight=2 active=stage 1=2 pending=stage 1=0
[pipeline-heartbeat] wall=01:55:39 phase=train status=no_new_progress progress_events_total=0 progress_events_delta=0 in_flight=2 active=stage 1=2 pending=stage 1=0
[pipeline-heartbeat] wall=01:55:44 phase=train status=no_new_progress progress_events_total=0 progress_events_delta=0 in_flight=2 active=stage 1=2 pending=stage 1=0
[pipeline-heartbeat] wall=01:55:49 phase=train status=no_new_progress progress_events_total=0 progress_events_delta=0 in_flight=2 active=stage 1=2 pending=stage 1=0
[pipeline-heartbeat] wall=01:55:58 in_flight=2 train_pending=[0] eval_pending=[0]
[pipeline-heartbeat] wall=01:56:03 in_flight=2 train_pending=[0] eval_pending=[0]
[pipeline-heartbeat] wall=01:56:08 in_flight=2 train_pending=[0] eval_pending=[0]
[pipeline-heartbeat] wall=01:56:13 in_flight=2 train_pending=[0] eval_pending=[0]
[pipeline-heartbeat] wall=01:56:18 in_flight=2 train_pending=[0] eval_pending=[0]
[pipeline-heartbeat] wall=01:56:23 in_flight=2 train_pending=[0] eval_pending=[0]
[pipeline-heartbeat] wall=01:56:28 in_flight=2 train_pending=[0] eval_pending=[0]
[36m(PartitionShardWorker pid=2513262)[0m [trial=0 partitions=[3]] [Interaction 1/1999 (0.1%)] elapsed=0.0s, est.remain=199.8s, partition=3[32m [repeated 21x across cluster][0m

============================================================
[Pipeline Summary]
  Trials: 2
  Train stages: 1, workers: [3] (total=3)
  Eval stages:  1, workers: [1] (total=1)
  GPUs: 8 (train workers fit)
  Train S1: 3 partitions, 14000 interactions, users=1120, items=21, workers=3
  Eval S1:  1 partitions, 1999 interactions, workers=1
  hint: 5 GPUs unused during training; add --pipeline-stage-train-workers to use them
  hint: 7 GPUs unused during evaluation
============================================================

[Coarse Phase] Progress: 38/50 trials completed
[Coarse Phase] Sampling batch 20: 2 architectures
[Coarse Phase] Evaluating architectures 39-40/50
[RayPipeline] detected 8 GPUs; pipeline_worker_gpus=1.0
[RayPipeline] note: total train workers=3 < GPUs=8; consider increasing --pipeline-stage-train-workers to use all GPUs.
[RayPipeline] train stage 1: 3 partitions, 14000 interactions, cost range=[4177-5276] sum=14669, workers=3
[RayPipeline] train worker counts=[3], train groups=[[0, 1, 2]]
[RayPipeline] eval worker counts=[1], eval groups=[[3]]
[36m(PartitionShardWorker pid=2517233)[0m /usr/local/anaconda3/lib/python3.11/site-packages/torch/storage.py:414: FutureWarning: You are using `torch.load` with `weights_only=False` (the current default value), which uses the default pickle module implicitly. It is possible to construct malicious pickle data which will execute arbitrary code during unpickling (See https://github.com/pytorch/pytorch/blob/main/SECURITY.md#untrusted-models for more details). In a future release, the default value for `weights_only` will be flipped to `True`. This limits the functions that could be executed during unpickling. Arbitrary objects will no longer be allowed to be loaded via this mode unless they are explicitly allowlisted by the user via `torch.serialization.add_safe_globals`. We recommend you start setting `weights_only=True` for any use case where you don't have full control of the loaded file. Please open an issue on GitHub for any issues related to this experimental feature.[32m [repeated 2x across cluster][0m
[36m(PartitionShardWorker pid=2517233)[0m   return torch.load(io.BytesIO(b))[32m [repeated 2x across cluster][0m
[RayPipeline] created train worker pools=[3]
[RayPipeline] running unified train+eval pipeline (no global sync point)
[pipeline-heartbeat] wall=01:56:43 phase=train status=advancing progress_events_total=46 progress_events_delta=46 in_flight=2 active=stage 1=2 pending=stage 1=0 last_progress=[pipeline-trace] wall=01:56:35 elapsed=122.933s phase=eval event=partition_complete trial=1 partition=3 elapsed_sec=2.869 hits=1451 total=1999
[pipeline-heartbeat] wall=01:56:48 phase=train status=no_new_progress progress_events_total=46 progress_events_delta=0 in_flight=2 active=stage 1=2 pending=stage 1=0
[pipeline-heartbeat] wall=01:56:53 phase=train status=no_new_progress progress_events_total=46 progress_events_delta=0 in_flight=2 active=stage 1=2 pending=stage 1=0
[pipeline-heartbeat] wall=01:56:58 phase=train status=no_new_progress progress_events_total=46 progress_events_delta=0 in_flight=2 active=stage 1=2 pending=stage 1=0
[pipeline-heartbeat] wall=01:57:03 phase=train status=no_new_progress progress_events_total=46 progress_events_delta=0 in_flight=2 active=stage 1=2 pending=stage 1=0
[pipeline-heartbeat] wall=01:57:08 phase=train status=no_new_progress progress_events_total=46 progress_events_delta=0 in_flight=2 active=stage 1=2 pending=stage 1=0
[pipeline-heartbeat] wall=01:57:13 phase=train status=no_new_progress progress_events_total=46 progress_events_delta=0 in_flight=2 active=stage 1=2 pending=stage 1=0
[pipeline-heartbeat] wall=01:57:19 phase=train status=no_new_progress progress_events_total=46 progress_events_delta=0 in_flight=1 active=stage 1=1 pending=stage 1=0
[pipeline-heartbeat] wall=01:57:24 phase=train status=no_new_progress progress_events_total=46 progress_events_delta=0 in_flight=1 active=stage 1=1 pending=stage 1=0
[pipeline-heartbeat] wall=01:57:29 phase=train status=no_new_progress progress_events_total=46 progress_events_delta=0 in_flight=1 active=stage 1=1 pending=stage 1=0
[pipeline-heartbeat] wall=01:57:34 phase=train status=no_new_progress progress_events_total=46 progress_events_delta=0 in_flight=1 active=stage 1=1 pending=stage 1=0
[36m(PartitionShardWorker pid=2517233)[0m /usr/local/anaconda3/lib/python3.11/site-packages/torch/storage.py:414: FutureWarning: You are using `torch.load` with `weights_only=False` (the current default value), which uses the default pickle module implicitly. It is possible to construct malicious pickle data which will execute arbitrary code during unpickling (See https://github.com/pytorch/pytorch/blob/main/SECURITY.md#untrusted-models for more details). In a future release, the default value for `weights_only` will be flipped to `True`. This limits the functions that could be executed during unpickling. Arbitrary objects will no longer be allowed to be loaded via this mode unless they are explicitly allowlisted by the user via `torch.serialization.add_safe_globals`. We recommend you start setting `weights_only=True` for any use case where you don't have full control of the loaded file. Please open an issue on GitHub for any issues related to this experimental feature.[32m [repeated 3x across cluster][0m
[36m(PartitionShardWorker pid=2517233)[0m   return torch.load(io.BytesIO(b))[32m [repeated 3x across cluster][0m
[pipeline-heartbeat] wall=01:57:43 phase=train status=no_new_progress progress_events_total=0 progress_events_delta=0 in_flight=2 active=stage 1=2 pending=stage 1=0
[pipeline-heartbeat] wall=01:57:48 phase=train status=no_new_progress progress_events_total=0 progress_events_delta=0 in_flight=2 active=stage 1=2 pending=stage 1=0
[pipeline-heartbeat] wall=01:57:53 phase=train status=no_new_progress progress_events_total=0 progress_events_delta=0 in_flight=2 active=stage 1=2 pending=stage 1=0
[pipeline-heartbeat] wall=01:57:58 phase=train status=no_new_progress progress_events_total=0 progress_events_delta=0 in_flight=2 active=stage 1=2 pending=stage 1=0
[pipeline-heartbeat] wall=01:58:03 phase=train status=no_new_progress progress_events_total=0 progress_events_delta=0 in_flight=2 active=stage 1=2 pending=stage 1=0
[pipeline-heartbeat] wall=01:58:08 phase=train status=no_new_progress progress_events_total=0 progress_events_delta=0 in_flight=2 active=stage 1=2 pending=stage 1=0
[pipeline-heartbeat] wall=01:58:16 phase=train status=no_new_progress progress_events_total=0 progress_events_delta=0 in_flight=1 active=stage 1=1 pending=stage 1=0
[pipeline-heartbeat] wall=01:58:21 phase=train status=no_new_progress progress_events_total=0 progress_events_delta=0 in_flight=1 active=stage 1=1 pending=stage 1=0
[pipeline-heartbeat] wall=01:58:26 phase=train status=no_new_progress progress_events_total=0 progress_events_delta=0 in_flight=1 active=stage 1=1 pending=stage 1=0
[pipeline-heartbeat] wall=01:58:36 in_flight=2 train_pending=[0] eval_pending=[0]
[pipeline-heartbeat] wall=01:58:41 in_flight=2 train_pending=[0] eval_pending=[0]
[pipeline-heartbeat] wall=01:58:46 in_flight=2 train_pending=[0] eval_pending=[0]
[pipeline-heartbeat] wall=01:58:51 in_flight=2 train_pending=[0] eval_pending=[0]
[pipeline-heartbeat] wall=01:58:56 in_flight=2 train_pending=[0] eval_pending=[0]
[pipeline-heartbeat] wall=01:59:01 in_flight=2 train_pending=[0] eval_pending=[0]
[36m(PartitionShardWorker pid=2517370)[0m [trial=0 partitions=[3]] [Interaction 1/1999 (0.1%)] elapsed=0.0s, est.remain=199.8s, partition=3[32m [repeated 42x across cluster][0m
[pipeline-heartbeat] wall=01:59:10 in_flight=1 train_pending=[0] eval_pending=[0]
[pipeline-heartbeat] wall=01:59:15 in_flight=1 train_pending=[0] eval_pending=[0]
[pipeline-heartbeat] wall=01:59:20 in_flight=1 train_pending=[0] eval_pending=[0]
[36m(PartitionShardWorker pid=2517233)[0m [trial=1 partitions=[3]] [Interaction 1/1999 (0.1%)] elapsed=0.0s, est.remain=199.8s, partition=3[32m [repeated 21x across cluster][0m

============================================================
[Pipeline Summary]
  Trials: 2
  Train stages: 1, workers: [3] (total=3)
  Eval stages:  1, workers: [1] (total=1)
  GPUs: 8 (train workers fit)
  Train S1: 3 partitions, 14000 interactions, users=1120, items=21, workers=3
  Eval S1:  1 partitions, 1999 interactions, workers=1
  hint: 5 GPUs unused during training; add --pipeline-stage-train-workers to use them
  hint: 7 GPUs unused during evaluation
============================================================

[Coarse Phase] Progress: 40/50 trials completed
[Coarse Phase] Sampling batch 21: 2 architectures
[Coarse Phase] Evaluating architectures 41-42/50
[RayPipeline] detected 8 GPUs; pipeline_worker_gpus=1.0
[RayPipeline] note: total train workers=3 < GPUs=8; consider increasing --pipeline-stage-train-workers to use all GPUs.
[RayPipeline] train stage 1: 3 partitions, 14000 interactions, cost range=[4177-5276] sum=14669, workers=3
[RayPipeline] train worker counts=[3], train groups=[[0, 1, 2]]
[RayPipeline] eval worker counts=[1], eval groups=[[3]]
[36m(PartitionShardWorker pid=2522496)[0m /usr/local/anaconda3/lib/python3.11/site-packages/torch/storage.py:414: FutureWarning: You are using `torch.load` with `weights_only=False` (the current default value), which uses the default pickle module implicitly. It is possible to construct malicious pickle data which will execute arbitrary code during unpickling (See https://github.com/pytorch/pytorch/blob/main/SECURITY.md#untrusted-models for more details). In a future release, the default value for `weights_only` will be flipped to `True`. This limits the functions that could be executed during unpickling. Arbitrary objects will no longer be allowed to be loaded via this mode unless they are explicitly allowlisted by the user via `torch.serialization.add_safe_globals`. We recommend you start setting `weights_only=True` for any use case where you don't have full control of the loaded file. Please open an issue on GitHub for any issues related to this experimental feature.[32m [repeated 2x across cluster][0m
[36m(PartitionShardWorker pid=2522496)[0m   return torch.load(io.BytesIO(b))[32m [repeated 2x across cluster][0m
[RayPipeline] created train worker pools=[3]
[RayPipeline] running unified train+eval pipeline (no global sync point)
[pipeline-heartbeat] wall=01:59:34 phase=train status=advancing progress_events_total=46 progress_events_delta=46 in_flight=2 active=stage 1=2 pending=stage 1=0 last_progress=[pipeline-trace] wall=01:59:25 elapsed=161.944s phase=eval event=partition_complete trial=1 partition=3 elapsed_sec=3.199 hits=1898 total=1999
[pipeline-heartbeat] wall=01:59:39 phase=train status=no_new_progress progress_events_total=46 progress_events_delta=0 in_flight=2 active=stage 1=2 pending=stage 1=0
[pipeline-heartbeat] wall=01:59:44 phase=train status=no_new_progress progress_events_total=46 progress_events_delta=0 in_flight=2 active=stage 1=2 pending=stage 1=0
[pipeline-heartbeat] wall=01:59:49 phase=train status=no_new_progress progress_events_total=46 progress_events_delta=0 in_flight=2 active=stage 1=2 pending=stage 1=0
[pipeline-heartbeat] wall=01:59:54 phase=train status=no_new_progress progress_events_total=46 progress_events_delta=0 in_flight=2 active=stage 1=2 pending=stage 1=0
[pipeline-heartbeat] wall=01:59:59 phase=train status=no_new_progress progress_events_total=46 progress_events_delta=0 in_flight=2 active=stage 1=2 pending=stage 1=0
[pipeline-heartbeat] wall=02:00:04 phase=train status=no_new_progress progress_events_total=46 progress_events_delta=0 in_flight=2 active=stage 1=2 pending=stage 1=0
[pipeline-heartbeat] wall=02:00:09 phase=train status=no_new_progress progress_events_total=46 progress_events_delta=0 in_flight=2 active=stage 1=2 pending=stage 1=0
[pipeline-heartbeat] wall=02:00:14 phase=train status=no_new_progress progress_events_total=46 progress_events_delta=0 in_flight=2 active=stage 1=2 pending=stage 1=0
[pipeline-heartbeat] wall=02:00:19 phase=train status=no_new_progress progress_events_total=46 progress_events_delta=0 in_flight=2 active=stage 1=2 pending=stage 1=0
[pipeline-heartbeat] wall=02:00:27 phase=train status=no_new_progress progress_events_total=46 progress_events_delta=0 in_flight=1 active=stage 1=1 pending=stage 1=0
[36m(PartitionShardWorker pid=2522496)[0m /usr/local/anaconda3/lib/python3.11/site-packages/torch/storage.py:414: FutureWarning: You are using `torch.load` with `weights_only=False` (the current default value), which uses the default pickle module implicitly. It is possible to construct malicious pickle data which will execute arbitrary code during unpickling (See https://github.com/pytorch/pytorch/blob/main/SECURITY.md#untrusted-models for more details). In a future release, the default value for `weights_only` will be flipped to `True`. This limits the functions that could be executed during unpickling. Arbitrary objects will no longer be allowed to be loaded via this mode unless they are explicitly allowlisted by the user via `torch.serialization.add_safe_globals`. We recommend you start setting `weights_only=True` for any use case where you don't have full control of the loaded file. Please open an issue on GitHub for any issues related to this experimental feature.[32m [repeated 3x across cluster][0m
[36m(PartitionShardWorker pid=2522496)[0m   return torch.load(io.BytesIO(b))[32m [repeated 3x across cluster][0m
[pipeline-heartbeat] wall=02:00:34 phase=train status=no_new_progress progress_events_total=0 progress_events_delta=0 in_flight=2 active=stage 1=2 pending=stage 1=0
[pipeline-heartbeat] wall=02:00:39 phase=train status=no_new_progress progress_events_total=0 progress_events_delta=0 in_flight=2 active=stage 1=2 pending=stage 1=0
[pipeline-heartbeat] wall=02:00:44 phase=train status=no_new_progress progress_events_total=0 progress_events_delta=0 in_flight=2 active=stage 1=2 pending=stage 1=0
[pipeline-heartbeat] wall=02:00:49 phase=train status=no_new_progress progress_events_total=0 progress_events_delta=0 in_flight=2 active=stage 1=2 pending=stage 1=0
[pipeline-heartbeat] wall=02:00:54 phase=train status=no_new_progress progress_events_total=0 progress_events_delta=0 in_flight=2 active=stage 1=2 pending=stage 1=0
[pipeline-heartbeat] wall=02:00:59 phase=train status=no_new_progress progress_events_total=0 progress_events_delta=0 in_flight=2 active=stage 1=2 pending=stage 1=0
[pipeline-heartbeat] wall=02:01:04 phase=train status=no_new_progress progress_events_total=0 progress_events_delta=0 in_flight=2 active=stage 1=2 pending=stage 1=0
[pipeline-heartbeat] wall=02:01:09 phase=train status=no_new_progress progress_events_total=0 progress_events_delta=0 in_flight=2 active=stage 1=2 pending=stage 1=0
[pipeline-heartbeat] wall=02:01:14 phase=train status=no_new_progress progress_events_total=0 progress_events_delta=0 in_flight=2 active=stage 1=2 pending=stage 1=0
[pipeline-heartbeat] wall=02:01:22 phase=train status=no_new_progress progress_events_total=0 progress_events_delta=0 in_flight=1 active=stage 1=1 pending=stage 1=0
[pipeline-heartbeat] wall=02:01:30 in_flight=2 train_pending=[0] eval_pending=[0]
[pipeline-heartbeat] wall=02:01:35 in_flight=2 train_pending=[0] eval_pending=[0]
[pipeline-heartbeat] wall=02:01:40 in_flight=2 train_pending=[0] eval_pending=[0]
[pipeline-heartbeat] wall=02:01:45 in_flight=2 train_pending=[0] eval_pending=[0]
[pipeline-heartbeat] wall=02:01:50 in_flight=2 train_pending=[0] eval_pending=[0]
[pipeline-heartbeat] wall=02:01:55 in_flight=2 train_pending=[0] eval_pending=[0]
[pipeline-heartbeat] wall=02:02:00 in_flight=2 train_pending=[0] eval_pending=[0]
[pipeline-heartbeat] wall=02:02:05 in_flight=2 train_pending=[0] eval_pending=[0]
[pipeline-heartbeat] wall=02:02:10 in_flight=2 train_pending=[0] eval_pending=[0]
[36m(PartitionShardWorker pid=2522711)[0m [trial=1 partitions=[3]] [Interaction 1/1999 (0.1%)] elapsed=0.0s, est.remain=199.8s, partition=3[32m [repeated 21x across cluster][0m
[36m(PartitionShardWorker pid=2522603)[0m [trial=0 partitions=[3]] [Interaction 1/1999 (0.1%)] elapsed=0.0s, est.remain=199.8s, partition=3[32m [repeated 21x across cluster][0m

============================================================
[Pipeline Summary]
  Trials: 2
  Train stages: 1, workers: [3] (total=3)
  Eval stages:  1, workers: [1] (total=1)
  GPUs: 8 (train workers fit)
  Train S1: 3 partitions, 14000 interactions, users=1120, items=21, workers=3
  Eval S1:  1 partitions, 1999 interactions, workers=1
  hint: 5 GPUs unused during training; add --pipeline-stage-train-workers to use them
  hint: 7 GPUs unused during evaluation
============================================================

[Coarse Phase] Progress: 42/50 trials completed
[Coarse Phase] Sampling batch 22: 2 architectures
[Coarse Phase] Evaluating architectures 43-44/50
[RayPipeline] detected 8 GPUs; pipeline_worker_gpus=1.0
[RayPipeline] note: total train workers=3 < GPUs=8; consider increasing --pipeline-stage-train-workers to use all GPUs.
[RayPipeline] train stage 1: 3 partitions, 14000 interactions, cost range=[4177-5276] sum=14669, workers=3
[RayPipeline] train worker counts=[3], train groups=[[0, 1, 2]]
[RayPipeline] eval worker counts=[1], eval groups=[[3]]
[36m(PartitionShardWorker pid=2527902)[0m /usr/local/anaconda3/lib/python3.11/site-packages/torch/storage.py:414: FutureWarning: You are using `torch.load` with `weights_only=False` (the current default value), which uses the default pickle module implicitly. It is possible to construct malicious pickle data which will execute arbitrary code during unpickling (See https://github.com/pytorch/pytorch/blob/main/SECURITY.md#untrusted-models for more details). In a future release, the default value for `weights_only` will be flipped to `True`. This limits the functions that could be executed during unpickling. Arbitrary objects will no longer be allowed to be loaded via this mode unless they are explicitly allowlisted by the user via `torch.serialization.add_safe_globals`. We recommend you start setting `weights_only=True` for any use case where you don't have full control of the loaded file. Please open an issue on GitHub for any issues related to this experimental feature.[32m [repeated 2x across cluster][0m
[36m(PartitionShardWorker pid=2527902)[0m   return torch.load(io.BytesIO(b))[32m [repeated 2x across cluster][0m
[RayPipeline] created train worker pools=[3]
[RayPipeline] running unified train+eval pipeline (no global sync point)
[pipeline-heartbeat] wall=02:02:31 phase=train status=advancing progress_events_total=46 progress_events_delta=46 in_flight=2 active=stage 1=2 pending=stage 1=0 last_progress=[pipeline-trace] wall=02:02:23 elapsed=168.429s phase=eval event=partition_complete trial=0 partition=3 elapsed_sec=3.438 hits=1791 total=1999
[pipeline-heartbeat] wall=02:02:36 phase=train status=no_new_progress progress_events_total=46 progress_events_delta=0 in_flight=2 active=stage 1=2 pending=stage 1=0
[pipeline-heartbeat] wall=02:02:41 phase=train status=no_new_progress progress_events_total=46 progress_events_delta=0 in_flight=2 active=stage 1=2 pending=stage 1=0
[pipeline-heartbeat] wall=02:02:46 phase=train status=no_new_progress progress_events_total=46 progress_events_delta=0 in_flight=2 active=stage 1=2 pending=stage 1=0
[pipeline-heartbeat] wall=02:02:51 phase=train status=no_new_progress progress_events_total=46 progress_events_delta=0 in_flight=2 active=stage 1=2 pending=stage 1=0
[pipeline-heartbeat] wall=02:02:56 phase=train status=no_new_progress progress_events_total=46 progress_events_delta=0 in_flight=2 active=stage 1=2 pending=stage 1=0
[pipeline-heartbeat] wall=02:03:01 phase=train status=no_new_progress progress_events_total=46 progress_events_delta=0 in_flight=2 active=stage 1=2 pending=stage 1=0
[pipeline-heartbeat] wall=02:03:06 phase=train status=no_new_progress progress_events_total=46 progress_events_delta=0 in_flight=2 active=stage 1=2 pending=stage 1=0
[pipeline-heartbeat] wall=02:03:11 phase=train status=no_new_progress progress_events_total=46 progress_events_delta=0 in_flight=2 active=stage 1=2 pending=stage 1=0
[pipeline-heartbeat] wall=02:03:16 phase=train status=no_new_progress progress_events_total=46 progress_events_delta=0 in_flight=2 active=stage 1=2 pending=stage 1=0
[36m(PartitionShardWorker pid=2527902)[0m /usr/local/anaconda3/lib/python3.11/site-packages/torch/storage.py:414: FutureWarning: You are using `torch.load` with `weights_only=False` (the current default value), which uses the default pickle module implicitly. It is possible to construct malicious pickle data which will execute arbitrary code during unpickling (See https://github.com/pytorch/pytorch/blob/main/SECURITY.md#untrusted-models for more details). In a future release, the default value for `weights_only` will be flipped to `True`. This limits the functions that could be executed during unpickling. Arbitrary objects will no longer be allowed to be loaded via this mode unless they are explicitly allowlisted by the user via `torch.serialization.add_safe_globals`. We recommend you start setting `weights_only=True` for any use case where you don't have full control of the loaded file. Please open an issue on GitHub for any issues related to this experimental feature.[32m [repeated 3x across cluster][0m
[36m(PartitionShardWorker pid=2527902)[0m   return torch.load(io.BytesIO(b))[32m [repeated 3x across cluster][0m
[pipeline-heartbeat] wall=02:03:24 phase=train status=no_new_progress progress_events_total=0 progress_events_delta=0 in_flight=2 active=stage 1=2 pending=stage 1=0
[pipeline-heartbeat] wall=02:03:29 phase=train status=no_new_progress progress_events_total=0 progress_events_delta=0 in_flight=2 active=stage 1=2 pending=stage 1=0
[pipeline-heartbeat] wall=02:03:34 phase=train status=no_new_progress progress_events_total=0 progress_events_delta=0 in_flight=2 active=stage 1=2 pending=stage 1=0
[pipeline-heartbeat] wall=02:03:39 phase=train status=no_new_progress progress_events_total=0 progress_events_delta=0 in_flight=2 active=stage 1=2 pending=stage 1=0
[pipeline-heartbeat] wall=02:03:44 phase=train status=no_new_progress progress_events_total=0 progress_events_delta=0 in_flight=2 active=stage 1=2 pending=stage 1=0
[pipeline-heartbeat] wall=02:03:49 phase=train status=no_new_progress progress_events_total=0 progress_events_delta=0 in_flight=2 active=stage 1=2 pending=stage 1=0
[pipeline-heartbeat] wall=02:03:54 phase=train status=no_new_progress progress_events_total=0 progress_events_delta=0 in_flight=2 active=stage 1=2 pending=stage 1=0
[pipeline-heartbeat] wall=02:03:59 phase=train status=no_new_progress progress_events_total=0 progress_events_delta=0 in_flight=2 active=stage 1=2 pending=stage 1=0
[pipeline-heartbeat] wall=02:04:08 in_flight=2 train_pending=[0] eval_pending=[0]
[pipeline-heartbeat] wall=02:04:13 in_flight=2 train_pending=[0] eval_pending=[0]
[pipeline-heartbeat] wall=02:04:18 in_flight=2 train_pending=[0] eval_pending=[0]
[pipeline-heartbeat] wall=02:04:23 in_flight=2 train_pending=[0] eval_pending=[0]
[pipeline-heartbeat] wall=02:04:28 in_flight=2 train_pending=[0] eval_pending=[0]
[pipeline-heartbeat] wall=02:04:33 in_flight=2 train_pending=[0] eval_pending=[0]
[pipeline-heartbeat] wall=02:04:38 in_flight=2 train_pending=[0] eval_pending=[0]
[pipeline-heartbeat] wall=02:04:43 in_flight=2 train_pending=[0] eval_pending=[0]
[pipeline-heartbeat] wall=02:04:48 in_flight=2 train_pending=[0] eval_pending=[0]
[36m(PartitionShardWorker pid=2528041)[0m [trial=1 partitions=[3]] [Interaction 1/1999 (0.1%)] elapsed=0.0s, est.remain=199.8s, partition=3[32m [repeated 21x across cluster][0m

============================================================
[Pipeline Summary]
  Trials: 2
  Train stages: 1, workers: [3] (total=3)
  Eval stages:  1, workers: [1] (total=1)
  GPUs: 8 (train workers fit)
  Train S1: 3 partitions, 14000 interactions, users=1120, items=21, workers=3
  Eval S1:  1 partitions, 1999 interactions, workers=1
  hint: 5 GPUs unused during training; add --pipeline-stage-train-workers to use them
  hint: 7 GPUs unused during evaluation
============================================================

[Coarse Phase] Progress: 44/50 trials completed
[Coarse Phase] Sampling batch 23: 2 architectures
[Coarse Phase] Evaluating architectures 45-46/50
[RayPipeline] detected 8 GPUs; pipeline_worker_gpus=1.0
[RayPipeline] note: total train workers=3 < GPUs=8; consider increasing --pipeline-stage-train-workers to use all GPUs.
[RayPipeline] train stage 1: 3 partitions, 14000 interactions, cost range=[4177-5276] sum=14669, workers=3
[RayPipeline] train worker counts=[3], train groups=[[0, 1, 2]]
[RayPipeline] eval worker counts=[1], eval groups=[[3]]
[RayPipeline] created train worker pools=[3]
[RayPipeline] running unified train+eval pipeline (no global sync point)
[36m(PartitionShardWorker pid=2532535)[0m /usr/local/anaconda3/lib/python3.11/site-packages/torch/storage.py:414: FutureWarning: You are using `torch.load` with `weights_only=False` (the current default value), which uses the default pickle module implicitly. It is possible to construct malicious pickle data which will execute arbitrary code during unpickling (See https://github.com/pytorch/pytorch/blob/main/SECURITY.md#untrusted-models for more details). In a future release, the default value for `weights_only` will be flipped to `True`. This limits the functions that could be executed during unpickling. Arbitrary objects will no longer be allowed to be loaded via this mode unless they are explicitly allowlisted by the user via `torch.serialization.add_safe_globals`. We recommend you start setting `weights_only=True` for any use case where you don't have full control of the loaded file. Please open an issue on GitHub for any issues related to this experimental feature.[32m [repeated 2x across cluster][0m
[36m(PartitionShardWorker pid=2532535)[0m   return torch.load(io.BytesIO(b))[32m [repeated 2x across cluster][0m
[pipeline-heartbeat] wall=02:05:03 phase=train status=advancing progress_events_total=46 progress_events_delta=46 in_flight=2 active=stage 1=2 pending=stage 1=0 last_progress=[pipeline-trace] wall=02:04:54 elapsed=142.228s phase=eval event=partition_complete trial=0 partition=3 elapsed_sec=2.754 hits=1364 total=1999
[pipeline-heartbeat] wall=02:05:08 phase=train status=no_new_progress progress_events_total=46 progress_events_delta=0 in_flight=2 active=stage 1=2 pending=stage 1=0
[pipeline-heartbeat] wall=02:05:13 phase=train status=no_new_progress progress_events_total=46 progress_events_delta=0 in_flight=2 active=stage 1=2 pending=stage 1=0
[pipeline-heartbeat] wall=02:05:18 phase=train status=no_new_progress progress_events_total=46 progress_events_delta=0 in_flight=2 active=stage 1=2 pending=stage 1=0
[pipeline-heartbeat] wall=02:05:23 phase=train status=no_new_progress progress_events_total=46 progress_events_delta=0 in_flight=2 active=stage 1=2 pending=stage 1=0
[pipeline-heartbeat] wall=02:05:28 phase=train status=no_new_progress progress_events_total=46 progress_events_delta=0 in_flight=2 active=stage 1=2 pending=stage 1=0
[pipeline-heartbeat] wall=02:05:33 phase=train status=no_new_progress progress_events_total=46 progress_events_delta=0 in_flight=2 active=stage 1=2 pending=stage 1=0
[pipeline-heartbeat] wall=02:05:38 phase=train status=no_new_progress progress_events_total=46 progress_events_delta=0 in_flight=2 active=stage 1=2 pending=stage 1=0
[pipeline-heartbeat] wall=02:05:43 phase=train status=no_new_progress progress_events_total=46 progress_events_delta=0 in_flight=2 active=stage 1=2 pending=stage 1=0
[pipeline-heartbeat] wall=02:05:48 phase=train status=no_new_progress progress_events_total=46 progress_events_delta=0 in_flight=2 active=stage 1=2 pending=stage 1=0
[pipeline-heartbeat] wall=02:05:53 phase=train status=no_new_progress progress_events_total=46 progress_events_delta=0 in_flight=2 active=stage 1=2 pending=stage 1=0
[pipeline-heartbeat] wall=02:05:58 phase=train status=no_new_progress progress_events_total=46 progress_events_delta=0 in_flight=2 active=stage 1=2 pending=stage 1=0
[pipeline-heartbeat] wall=02:06:03 phase=train status=no_new_progress progress_events_total=46 progress_events_delta=0 in_flight=2 active=stage 1=2 pending=stage 1=0
[36m(PartitionShardWorker pid=2532535)[0m /usr/local/anaconda3/lib/python3.11/site-packages/torch/storage.py:414: FutureWarning: You are using `torch.load` with `weights_only=False` (the current default value), which uses the default pickle module implicitly. It is possible to construct malicious pickle data which will execute arbitrary code during unpickling (See https://github.com/pytorch/pytorch/blob/main/SECURITY.md#untrusted-models for more details). In a future release, the default value for `weights_only` will be flipped to `True`. This limits the functions that could be executed during unpickling. Arbitrary objects will no longer be allowed to be loaded via this mode unless they are explicitly allowlisted by the user via `torch.serialization.add_safe_globals`. We recommend you start setting `weights_only=True` for any use case where you don't have full control of the loaded file. Please open an issue on GitHub for any issues related to this experimental feature.[32m [repeated 3x across cluster][0m
[36m(PartitionShardWorker pid=2532535)[0m   return torch.load(io.BytesIO(b))[32m [repeated 3x across cluster][0m
[pipeline-heartbeat] wall=02:06:09 phase=train status=no_new_progress progress_events_total=0 progress_events_delta=0 in_flight=2 active=stage 1=2 pending=stage 1=0
[pipeline-heartbeat] wall=02:06:14 phase=train status=no_new_progress progress_events_total=0 progress_events_delta=0 in_flight=2 active=stage 1=2 pending=stage 1=0
[pipeline-heartbeat] wall=02:06:19 phase=train status=no_new_progress progress_events_total=0 progress_events_delta=0 in_flight=2 active=stage 1=2 pending=stage 1=0
[pipeline-heartbeat] wall=02:06:24 phase=train status=no_new_progress progress_events_total=0 progress_events_delta=0 in_flight=2 active=stage 1=2 pending=stage 1=0
[pipeline-heartbeat] wall=02:06:29 phase=train status=no_new_progress progress_events_total=0 progress_events_delta=0 in_flight=2 active=stage 1=2 pending=stage 1=0
[pipeline-heartbeat] wall=02:06:34 phase=train status=no_new_progress progress_events_total=0 progress_events_delta=0 in_flight=2 active=stage 1=2 pending=stage 1=0
[pipeline-heartbeat] wall=02:06:39 phase=train status=no_new_progress progress_events_total=0 progress_events_delta=0 in_flight=2 active=stage 1=2 pending=stage 1=0
[pipeline-heartbeat] wall=02:06:44 phase=train status=no_new_progress progress_events_total=0 progress_events_delta=0 in_flight=2 active=stage 1=2 pending=stage 1=0
[pipeline-heartbeat] wall=02:06:49 phase=train status=no_new_progress progress_events_total=0 progress_events_delta=0 in_flight=2 active=stage 1=2 pending=stage 1=0
[pipeline-heartbeat] wall=02:06:54 phase=train status=no_new_progress progress_events_total=0 progress_events_delta=0 in_flight=2 active=stage 1=2 pending=stage 1=0
[pipeline-heartbeat] wall=02:06:59 phase=train status=no_new_progress progress_events_total=0 progress_events_delta=0 in_flight=2 active=stage 1=2 pending=stage 1=0
[pipeline-heartbeat] wall=02:07:07 in_flight=2 train_pending=[0] eval_pending=[0]
[pipeline-heartbeat] wall=02:07:12 in_flight=2 train_pending=[0] eval_pending=[0]
[pipeline-heartbeat] wall=02:07:17 in_flight=2 train_pending=[0] eval_pending=[0]
[pipeline-heartbeat] wall=02:07:22 in_flight=2 train_pending=[0] eval_pending=[0]
[pipeline-heartbeat] wall=02:07:27 in_flight=2 train_pending=[0] eval_pending=[0]
[pipeline-heartbeat] wall=02:07:32 in_flight=2 train_pending=[0] eval_pending=[0]
[pipeline-heartbeat] wall=02:07:37 in_flight=2 train_pending=[0] eval_pending=[0]
[pipeline-heartbeat] wall=02:07:42 in_flight=2 train_pending=[0] eval_pending=[0]
[pipeline-heartbeat] wall=02:07:47 in_flight=2 train_pending=[0] eval_pending=[0]
[pipeline-heartbeat] wall=02:07:52 in_flight=2 train_pending=[0] eval_pending=[0]
[pipeline-heartbeat] wall=02:07:57 in_flight=2 train_pending=[0] eval_pending=[0]
[36m(PartitionShardWorker pid=2532702)[0m [trial=1 partitions=[3]] [Interaction 1/1999 (0.1%)] elapsed=0.0s, est.remain=199.8s, partition=3[32m [repeated 42x across cluster][0m

============================================================
[Pipeline Summary]
  Trials: 2
  Train stages: 1, workers: [3] (total=3)
  Eval stages:  1, workers: [1] (total=1)
  GPUs: 8 (train workers fit)
  Train S1: 3 partitions, 14000 interactions, users=1120, items=21, workers=3
  Eval S1:  1 partitions, 1999 interactions, workers=1
  hint: 5 GPUs unused during training; add --pipeline-stage-train-workers to use them
  hint: 7 GPUs unused during evaluation
============================================================

[Coarse Phase] Progress: 46/50 trials completed
[Coarse Phase] Sampling batch 24: 2 architectures
[Coarse Phase] Evaluating architectures 47-48/50
[RayPipeline] detected 8 GPUs; pipeline_worker_gpus=1.0
[RayPipeline] note: total train workers=3 < GPUs=8; consider increasing --pipeline-stage-train-workers to use all GPUs.
[RayPipeline] train stage 1: 3 partitions, 14000 interactions, cost range=[4177-5276] sum=14669, workers=3
[RayPipeline] train worker counts=[3], train groups=[[0, 1, 2]]
[RayPipeline] eval worker counts=[1], eval groups=[[3]]
[RayPipeline] created train worker pools=[3]
[RayPipeline] running unified train+eval pipeline (no global sync point)
[36m(PartitionShardWorker pid=2538431)[0m /usr/local/anaconda3/lib/python3.11/site-packages/torch/storage.py:414: FutureWarning: You are using `torch.load` with `weights_only=False` (the current default value), which uses the default pickle module implicitly. It is possible to construct malicious pickle data which will execute arbitrary code during unpickling (See https://github.com/pytorch/pytorch/blob/main/SECURITY.md#untrusted-models for more details). In a future release, the default value for `weights_only` will be flipped to `True`. This limits the functions that could be executed during unpickling. Arbitrary objects will no longer be allowed to be loaded via this mode unless they are explicitly allowlisted by the user via `torch.serialization.add_safe_globals`. We recommend you start setting `weights_only=True` for any use case where you don't have full control of the loaded file. Please open an issue on GitHub for any issues related to this experimental feature.[32m [repeated 2x across cluster][0m
[36m(PartitionShardWorker pid=2538431)[0m   return torch.load(io.BytesIO(b))[32m [repeated 2x across cluster][0m
[pipeline-heartbeat] wall=02:08:14 phase=train status=advancing progress_events_total=46 progress_events_delta=46 in_flight=2 active=stage 1=2 pending=stage 1=0 last_progress=[pipeline-trace] wall=02:08:05 elapsed=181.115s phase=eval event=partition_complete trial=0 partition=3 elapsed_sec=3.728 hits=1766 total=1999
[pipeline-heartbeat] wall=02:08:19 phase=train status=no_new_progress progress_events_total=46 progress_events_delta=0 in_flight=2 active=stage 1=2 pending=stage 1=0
[pipeline-heartbeat] wall=02:08:24 phase=train status=no_new_progress progress_events_total=46 progress_events_delta=0 in_flight=2 active=stage 1=2 pending=stage 1=0
[pipeline-heartbeat] wall=02:08:29 phase=train status=no_new_progress progress_events_total=46 progress_events_delta=0 in_flight=2 active=stage 1=2 pending=stage 1=0
[pipeline-heartbeat] wall=02:08:34 phase=train status=no_new_progress progress_events_total=46 progress_events_delta=0 in_flight=2 active=stage 1=2 pending=stage 1=0
[pipeline-heartbeat] wall=02:08:39 phase=train status=no_new_progress progress_events_total=46 progress_events_delta=0 in_flight=2 active=stage 1=2 pending=stage 1=0
[pipeline-heartbeat] wall=02:08:44 phase=train status=no_new_progress progress_events_total=46 progress_events_delta=0 in_flight=2 active=stage 1=2 pending=stage 1=0
[pipeline-heartbeat] wall=02:08:49 phase=train status=no_new_progress progress_events_total=46 progress_events_delta=0 in_flight=2 active=stage 1=2 pending=stage 1=0
[pipeline-heartbeat] wall=02:08:54 phase=train status=no_new_progress progress_events_total=46 progress_events_delta=0 in_flight=2 active=stage 1=2 pending=stage 1=0
[36m(PartitionShardWorker pid=2538431)[0m /usr/local/anaconda3/lib/python3.11/site-packages/torch/storage.py:414: FutureWarning: You are using `torch.load` with `weights_only=False` (the current default value), which uses the default pickle module implicitly. It is possible to construct malicious pickle data which will execute arbitrary code during unpickling (See https://github.com/pytorch/pytorch/blob/main/SECURITY.md#untrusted-models for more details). In a future release, the default value for `weights_only` will be flipped to `True`. This limits the functions that could be executed during unpickling. Arbitrary objects will no longer be allowed to be loaded via this mode unless they are explicitly allowlisted by the user via `torch.serialization.add_safe_globals`. We recommend you start setting `weights_only=True` for any use case where you don't have full control of the loaded file. Please open an issue on GitHub for any issues related to this experimental feature.[32m [repeated 3x across cluster][0m
[36m(PartitionShardWorker pid=2538431)[0m   return torch.load(io.BytesIO(b))[32m [repeated 3x across cluster][0m
[pipeline-heartbeat] wall=02:09:00 phase=train status=no_new_progress progress_events_total=0 progress_events_delta=0 in_flight=2 active=stage 1=2 pending=stage 1=0
[pipeline-heartbeat] wall=02:09:05 phase=train status=no_new_progress progress_events_total=0 progress_events_delta=0 in_flight=2 active=stage 1=2 pending=stage 1=0
[pipeline-heartbeat] wall=02:09:10 phase=train status=no_new_progress progress_events_total=0 progress_events_delta=0 in_flight=2 active=stage 1=2 pending=stage 1=0
[pipeline-heartbeat] wall=02:09:15 phase=train status=no_new_progress progress_events_total=0 progress_events_delta=0 in_flight=2 active=stage 1=2 pending=stage 1=0
[pipeline-heartbeat] wall=02:09:20 phase=train status=no_new_progress progress_events_total=0 progress_events_delta=0 in_flight=2 active=stage 1=2 pending=stage 1=0
[pipeline-heartbeat] wall=02:09:25 phase=train status=no_new_progress progress_events_total=0 progress_events_delta=0 in_flight=2 active=stage 1=2 pending=stage 1=0
[pipeline-heartbeat] wall=02:09:30 phase=train status=no_new_progress progress_events_total=0 progress_events_delta=0 in_flight=2 active=stage 1=2 pending=stage 1=0
[pipeline-heartbeat] wall=02:09:39 in_flight=2 train_pending=[0] eval_pending=[0]
[pipeline-heartbeat] wall=02:09:44 in_flight=2 train_pending=[0] eval_pending=[0]
[pipeline-heartbeat] wall=02:09:49 in_flight=2 train_pending=[0] eval_pending=[0]
[pipeline-heartbeat] wall=02:09:54 in_flight=2 train_pending=[0] eval_pending=[0]
[pipeline-heartbeat] wall=02:09:59 in_flight=2 train_pending=[0] eval_pending=[0]
[pipeline-heartbeat] wall=02:10:04 in_flight=2 train_pending=[0] eval_pending=[0]
[pipeline-heartbeat] wall=02:10:09 in_flight=2 train_pending=[0] eval_pending=[0]
[36m(PartitionShardWorker pid=2538583)[0m [trial=0 partitions=[3]] [Interaction 1/1999 (0.1%)] elapsed=0.0s, est.remain=199.8s, partition=3[32m [repeated 42x across cluster][0m

============================================================
[Pipeline Summary]
  Trials: 2
  Train stages: 1, workers: [3] (total=3)
  Eval stages:  1, workers: [1] (total=1)
  GPUs: 8 (train workers fit)
  Train S1: 3 partitions, 14000 interactions, users=1120, items=21, workers=3
  Eval S1:  1 partitions, 1999 interactions, workers=1
  hint: 5 GPUs unused during training; add --pipeline-stage-train-workers to use them
  hint: 7 GPUs unused during evaluation
============================================================

[Coarse Phase] Progress: 48/50 trials completed
[Coarse Phase] Sampling batch 25: 2 architectures
[Coarse Phase] Evaluating architectures 49-50/50
[RayPipeline] detected 8 GPUs; pipeline_worker_gpus=1.0
[RayPipeline] note: total train workers=3 < GPUs=8; consider increasing --pipeline-stage-train-workers to use all GPUs.
[RayPipeline] train stage 1: 3 partitions, 14000 interactions, cost range=[4177-5276] sum=14669, workers=3
[RayPipeline] train worker counts=[3], train groups=[[0, 1, 2]]
[RayPipeline] eval worker counts=[1], eval groups=[[3]]
[RayPipeline] created train worker pools=[3]
[RayPipeline] running unified train+eval pipeline (no global sync point)
[36m(PartitionShardWorker pid=2542397)[0m /usr/local/anaconda3/lib/python3.11/site-packages/torch/storage.py:414: FutureWarning: You are using `torch.load` with `weights_only=False` (the current default value), which uses the default pickle module implicitly. It is possible to construct malicious pickle data which will execute arbitrary code during unpickling (See https://github.com/pytorch/pytorch/blob/main/SECURITY.md#untrusted-models for more details). In a future release, the default value for `weights_only` will be flipped to `True`. This limits the functions that could be executed during unpickling. Arbitrary objects will no longer be allowed to be loaded via this mode unless they are explicitly allowlisted by the user via `torch.serialization.add_safe_globals`. We recommend you start setting `weights_only=True` for any use case where you don't have full control of the loaded file. Please open an issue on GitHub for any issues related to this experimental feature.[32m [repeated 2x across cluster][0m
[36m(PartitionShardWorker pid=2542397)[0m   return torch.load(io.BytesIO(b))[32m [repeated 2x across cluster][0m
[pipeline-heartbeat] wall=02:10:25 phase=train status=advancing progress_events_total=46 progress_events_delta=46 in_flight=2 active=stage 1=2 pending=stage 1=0 last_progress=[pipeline-trace] wall=02:10:17 elapsed=123.399s phase=eval event=partition_complete trial=1 partition=3 elapsed_sec=2.871 hits=596 total=1999
[pipeline-heartbeat] wall=02:10:30 phase=train status=no_new_progress progress_events_total=46 progress_events_delta=0 in_flight=2 active=stage 1=2 pending=stage 1=0
[pipeline-heartbeat] wall=02:10:35 phase=train status=no_new_progress progress_events_total=46 progress_events_delta=0 in_flight=2 active=stage 1=2 pending=stage 1=0
[pipeline-heartbeat] wall=02:10:40 phase=train status=no_new_progress progress_events_total=46 progress_events_delta=0 in_flight=2 active=stage 1=2 pending=stage 1=0
[pipeline-heartbeat] wall=02:10:45 phase=train status=no_new_progress progress_events_total=46 progress_events_delta=0 in_flight=2 active=stage 1=2 pending=stage 1=0
[pipeline-heartbeat] wall=02:10:50 phase=train status=no_new_progress progress_events_total=46 progress_events_delta=0 in_flight=2 active=stage 1=2 pending=stage 1=0
[pipeline-heartbeat] wall=02:10:55 phase=train status=no_new_progress progress_events_total=46 progress_events_delta=0 in_flight=2 active=stage 1=2 pending=stage 1=0
[pipeline-heartbeat] wall=02:11:00 phase=train status=no_new_progress progress_events_total=46 progress_events_delta=0 in_flight=2 active=stage 1=2 pending=stage 1=0
[36m(PartitionShardWorker pid=2542397)[0m /usr/local/anaconda3/lib/python3.11/site-packages/torch/storage.py:414: FutureWarning: You are using `torch.load` with `weights_only=False` (the current default value), which uses the default pickle module implicitly. It is possible to construct malicious pickle data which will execute arbitrary code during unpickling (See https://github.com/pytorch/pytorch/blob/main/SECURITY.md#untrusted-models for more details). In a future release, the default value for `weights_only` will be flipped to `True`. This limits the functions that could be executed during unpickling. Arbitrary objects will no longer be allowed to be loaded via this mode unless they are explicitly allowlisted by the user via `torch.serialization.add_safe_globals`. We recommend you start setting `weights_only=True` for any use case where you don't have full control of the loaded file. Please open an issue on GitHub for any issues related to this experimental feature.[32m [repeated 3x across cluster][0m
[36m(PartitionShardWorker pid=2542397)[0m   return torch.load(io.BytesIO(b))[32m [repeated 3x across cluster][0m
[pipeline-heartbeat] wall=02:11:11 phase=train status=no_new_progress progress_events_total=0 progress_events_delta=0 in_flight=2 active=stage 1=2 pending=stage 1=0
[pipeline-heartbeat] wall=02:11:16 phase=train status=no_new_progress progress_events_total=0 progress_events_delta=0 in_flight=2 active=stage 1=2 pending=stage 1=0
[pipeline-heartbeat] wall=02:11:21 phase=train status=no_new_progress progress_events_total=0 progress_events_delta=0 in_flight=2 active=stage 1=2 pending=stage 1=0
[pipeline-heartbeat] wall=02:11:26 phase=train status=no_new_progress progress_events_total=0 progress_events_delta=0 in_flight=2 active=stage 1=2 pending=stage 1=0
[pipeline-heartbeat] wall=02:11:31 phase=train status=no_new_progress progress_events_total=0 progress_events_delta=0 in_flight=2 active=stage 1=2 pending=stage 1=0
[pipeline-heartbeat] wall=02:11:36 phase=train status=no_new_progress progress_events_total=0 progress_events_delta=0 in_flight=2 active=stage 1=2 pending=stage 1=0
[pipeline-heartbeat] wall=02:11:41 phase=train status=no_new_progress progress_events_total=0 progress_events_delta=0 in_flight=2 active=stage 1=2 pending=stage 1=0
[pipeline-heartbeat] wall=02:11:50 in_flight=2 train_pending=[0] eval_pending=[0]
[pipeline-heartbeat] wall=02:11:55 in_flight=2 train_pending=[0] eval_pending=[0]
[pipeline-heartbeat] wall=02:12:00 in_flight=2 train_pending=[0] eval_pending=[0]
[pipeline-heartbeat] wall=02:12:05 in_flight=2 train_pending=[0] eval_pending=[0]
[pipeline-heartbeat] wall=02:12:10 in_flight=2 train_pending=[0] eval_pending=[0]
[pipeline-heartbeat] wall=02:12:15 in_flight=2 train_pending=[0] eval_pending=[0]
[pipeline-heartbeat] wall=02:12:20 in_flight=2 train_pending=[0] eval_pending=[0]
[36m(PartitionShardWorker pid=2542511)[0m [trial=0 partitions=[3]] [Interaction 1/1999 (0.1%)] elapsed=0.0s, est.remain=199.8s, partition=3[32m [repeated 42x across cluster][0m

============================================================
[Pipeline Summary]
  Trials: 2
  Train stages: 1, workers: [3] (total=3)
  Eval stages:  1, workers: [1] (total=1)
  GPUs: 8 (train workers fit)
  Train S1: 3 partitions, 14000 interactions, users=1120, items=21, workers=3
  Eval S1:  1 partitions, 1999 interactions, workers=1
  hint: 5 GPUs unused during training; add --pipeline-stage-train-workers to use them
  hint: 7 GPUs unused during evaluation
============================================================

[Coarse Phase] Progress: 50/50 trials completed
[Final Test] Evaluating best architecture on test set using Serial training (fit=train+val, test=test, epochs=3)
Epoch 1/3 | L2 Loss: 97.9454
Epoch 2/3 | L2 Loss: 92.4623
Epoch 3/3 | L2 Loss: 91.9827
Best architecture saved to: outputs/comprehensive_comparison/seed_1000/naive_overlap20/best_arch.json
Leaderboard saved to: outputs/comprehensive_comparison/seed_1000/naive_overlap20/leaderboard.csv
Search mode: rl
Best selection score: 0.7380
Best test score: 0.7380
Best model family: jodie_rnn
[36m(PartitionShardWorker pid=2542453)[0m /usr/local/anaconda3/lib/python3.11/site-packages/torch/storage.py:414: FutureWarning: You are using `torch.load` with `weights_only=False` (the current default value), which uses the default pickle module implicitly. It is possible to construct malicious pickle data which will execute arbitrary code during unpickling (See https://github.com/pytorch/pytorch/blob/main/SECURITY.md#untrusted-models for more details). In a future release, the default value for `weights_only` will be flipped to `True`. This limits the functions that could be executed during unpickling. Arbitrary objects will no longer be allowed to be loaded via this mode unless they are explicitly allowlisted by the user via `torch.serialization.add_safe_globals`. We recommend you start setting `weights_only=True` for any use case where you don't have full control of the loaded file. Please open an issue on GitHub for any issues related to this experimental feature.
[36m(PartitionShardWorker pid=2542453)[0m   return torch.load(io.BytesIO(b))
[36m(PartitionShardWorker pid=2542397)[0m [trial=1 partitions=[3]] [Interaction 1999/1999 (100.0%)] elapsed=3.0s, est.remain=0.0s, partition=3[32m [repeated 41x across cluster][0m
