rank,phase,eval_split,score,val_score,test_score,mrr,recall_at_k,params,time_sec,model,config_json
1,rerank_pipeline,val,0.9649410202936962,0.9649410202936962,0.933528287727568,0.9649410202936962,0.9994997498749375,147840,450.7921,jodie_rnn,"{""dataset"": ""public_csv"", ""dataset_dir"": ""data/public"", ""local_data_path"": ""data/public/mooc.csv"", ""train_ratio"": 0.7, ""val_ratio"": 0.1, ""max_events"": 20000, ""num_users"": 1435, ""num_items"": 21, ""num_interactions"": 3000, ""feature_dim"": 4, ""lr"": 0.001, ""neg_sample_size"": 5, ""k"": 10, ""selection_metric"": ""mrr"", ""device"": ""cuda"", ""seed"": 42, ""partition_size"": 2000, ""partition_strategy"": ""count"", ""partition_overlap_ratio"": 0.0, ""num_pipeline_stages"": 3, ""pipeline_worker_gpus"": 1.0, ""pipeline_worker_cpus"": 1.0, ""pipeline_stage_train_workers"": ""1,1,1"", ""pipeline_stage_eval_workers"": ""1,1,1"", ""stage_balance_strategy"": ""cost"", ""stage_balance_user_weight"": 0.25, ""stage_balance_item_weight"": 0.25, ""stage_balance_span_weight"": 0.0, ""pipeline_mode"": ""naive"", ""pipeline_trace"": false, ""pipeline_trace_log_path"": ""results/20260827_131557/pipeline_naive/pipeline_trace.log"", ""ray_address"": """", ""output_dir"": ""results/20260827_131557/pipeline_naive"", ""enable_efficiency_monitor"": false, ""efficiency_monitor_interval"": 10, ""data_parallel_workers"": 3, ""data_parallel_worker_gpus"": 1.0, ""data_parallel_visible_gpus"": ""0,1,2"", ""data_parallel_sync_level"": ""micro_batch"", ""data_parallel_micro_batch_size"": 200, ""gpu_list"": ""0,1,2"", ""enable_auto_pipeline_config"": false, ""batch_training"": false, ""train_batch_size"": 32, ""batch_mode"": ""stale_batch"", ""tgn_loss_mode"": ""all"", ""tgn_window_size"": 10.0, ""eval_frozen"": false, ""max_neighbors"": 0, ""model"": ""jodie_rnn"", ""embedding_dim"": 64, ""memory_cell"": ""rnn"", ""time_proj"": ""off"", ""use_static_embeddings"": ""on"", ""normalize_state"": ""off"", ""event_agg"": ""none"", ""agg_activation"": ""none"", ""attn_type"": ""dot"", ""time_decay"": ""none"", ""hidden_dim"": 0, ""memory_gate"": ""off"", ""enable_event_agg"": ""off"", ""enable_graph_update"": ""off"", ""message_mode"": ""peer"", ""msg_linear"": ""off""}"
2,coarse_pipeline,val,0.9188479160215026,0.9188479160215026,,0.9188479160215026,1.0,402176,263.3964,jodie_rnn,"{""dataset"": ""public_csv"", ""dataset_dir"": ""data/public"", ""local_data_path"": ""data/public/mooc.csv"", ""train_ratio"": 0.7, ""val_ratio"": 0.1, ""max_events"": 20000, ""num_users"": 1435, ""num_items"": 21, ""num_interactions"": 3000, ""feature_dim"": 4, ""lr"": 0.001, ""neg_sample_size"": 5, ""k"": 10, ""selection_metric"": ""mrr"", ""device"": ""cuda"", ""seed"": 42, ""partition_size"": 2000, ""partition_strategy"": ""count"", ""partition_overlap_ratio"": 0.0, ""num_pipeline_stages"": 3, ""pipeline_worker_gpus"": 1.0, ""pipeline_worker_cpus"": 1.0, ""pipeline_stage_train_workers"": ""1,1,1"", ""pipeline_stage_eval_workers"": ""1,1,1"", ""stage_balance_strategy"": ""cost"", ""stage_balance_user_weight"": 0.25, ""stage_balance_item_weight"": 0.25, ""stage_balance_span_weight"": 0.0, ""pipeline_mode"": ""naive"", ""pipeline_trace"": false, ""pipeline_trace_log_path"": ""results/20260827_131557/pipeline_naive/pipeline_trace.log"", ""ray_address"": """", ""output_dir"": ""results/20260827_131557/pipeline_naive"", ""enable_efficiency_monitor"": false, ""efficiency_monitor_interval"": 10, ""data_parallel_workers"": 3, ""data_parallel_worker_gpus"": 1.0, ""data_parallel_visible_gpus"": ""0,1,2"", ""data_parallel_sync_level"": ""micro_batch"", ""data_parallel_micro_batch_size"": 200, ""gpu_list"": ""0,1,2"", ""enable_auto_pipeline_config"": false, ""batch_training"": false, ""train_batch_size"": 32, ""batch_mode"": ""stale_batch"", ""tgn_loss_mode"": ""all"", ""tgn_window_size"": 10.0, ""eval_frozen"": false, ""max_neighbors"": 0, ""model"": ""jodie_rnn"", ""embedding_dim"": 128, ""memory_cell"": ""rnn"", ""time_proj"": ""off"", ""use_static_embeddings"": ""on"", ""normalize_state"": ""off"", ""event_agg"": ""none"", ""agg_activation"": ""none"", ""attn_type"": ""dot"", ""time_decay"": ""none"", ""hidden_dim"": 0, ""memory_gate"": ""off"", ""enable_event_agg"": ""off"", ""enable_graph_update"": ""off"", ""message_mode"": ""peer"", ""msg_linear"": ""off""}"
3,coarse_pipeline,val,0.9107577598322965,0.9107577598322965,,0.9107577598322965,1.0,147840,435.4978,jodie_rnn,"{""dataset"": ""public_csv"", ""dataset_dir"": ""data/public"", ""local_data_path"": ""data/public/mooc.csv"", ""train_ratio"": 0.7, ""val_ratio"": 0.1, ""max_events"": 20000, ""num_users"": 1435, ""num_items"": 21, ""num_interactions"": 3000, ""feature_dim"": 4, ""lr"": 0.001, ""neg_sample_size"": 5, ""k"": 10, ""selection_metric"": ""mrr"", ""device"": ""cuda"", ""seed"": 42, ""partition_size"": 2000, ""partition_strategy"": ""count"", ""partition_overlap_ratio"": 0.0, ""num_pipeline_stages"": 3, ""pipeline_worker_gpus"": 1.0, ""pipeline_worker_cpus"": 1.0, ""pipeline_stage_train_workers"": ""1,1,1"", ""pipeline_stage_eval_workers"": ""1,1,1"", ""stage_balance_strategy"": ""cost"", ""stage_balance_user_weight"": 0.25, ""stage_balance_item_weight"": 0.25, ""stage_balance_span_weight"": 0.0, ""pipeline_mode"": ""naive"", ""pipeline_trace"": false, ""pipeline_trace_log_path"": ""results/20260827_131557/pipeline_naive/pipeline_trace.log"", ""ray_address"": """", ""output_dir"": ""results/20260827_131557/pipeline_naive"", ""enable_efficiency_monitor"": false, ""efficiency_monitor_interval"": 10, ""data_parallel_workers"": 3, ""data_parallel_worker_gpus"": 1.0, ""data_parallel_visible_gpus"": ""0,1,2"", ""data_parallel_sync_level"": ""micro_batch"", ""data_parallel_micro_batch_size"": 200, ""gpu_list"": ""0,1,2"", ""enable_auto_pipeline_config"": false, ""batch_training"": false, ""train_batch_size"": 32, ""batch_mode"": ""stale_batch"", ""tgn_loss_mode"": ""all"", ""tgn_window_size"": 10.0, ""eval_frozen"": false, ""max_neighbors"": 0, ""model"": ""jodie_rnn"", ""embedding_dim"": 64, ""memory_cell"": ""rnn"", ""time_proj"": ""off"", ""use_static_embeddings"": ""on"", ""normalize_state"": ""off"", ""event_agg"": ""none"", ""agg_activation"": ""none"", ""attn_type"": ""dot"", ""time_decay"": ""none"", ""hidden_dim"": 0, ""memory_gate"": ""off"", ""enable_event_agg"": ""off"", ""enable_graph_update"": ""off"", ""message_mode"": ""peer"", ""msg_linear"": ""off""}"
4,coarse_pipeline,val,0.8800098684040636,0.8800098684040636,,0.8800098684040636,0.9874937468734367,133888,185.3366,jodie_rnn,"{""dataset"": ""public_csv"", ""dataset_dir"": ""data/public"", ""local_data_path"": ""data/public/mooc.csv"", ""train_ratio"": 0.7, ""val_ratio"": 0.1, ""max_events"": 20000, ""num_users"": 1435, ""num_items"": 21, ""num_interactions"": 3000, ""feature_dim"": 4, ""lr"": 0.001, ""neg_sample_size"": 5, ""k"": 10, ""selection_metric"": ""mrr"", ""device"": ""cuda"", ""seed"": 42, ""partition_size"": 2000, ""partition_strategy"": ""count"", ""partition_overlap_ratio"": 0.0, ""num_pipeline_stages"": 3, ""pipeline_worker_gpus"": 1.0, ""pipeline_worker_cpus"": 1.0, ""pipeline_stage_train_workers"": ""1,1,1"", ""pipeline_stage_eval_workers"": ""1,1,1"", ""stage_balance_strategy"": ""cost"", ""stage_balance_user_weight"": 0.25, ""stage_balance_item_weight"": 0.25, ""stage_balance_span_weight"": 0.0, ""pipeline_mode"": ""naive"", ""pipeline_trace"": false, ""pipeline_trace_log_path"": ""results/20260827_131557/pipeline_naive/pipeline_trace.log"", ""ray_address"": """", ""output_dir"": ""results/20260827_131557/pipeline_naive"", ""enable_efficiency_monitor"": false, ""efficiency_monitor_interval"": 10, ""data_parallel_workers"": 3, ""data_parallel_worker_gpus"": 1.0, ""data_parallel_visible_gpus"": ""0,1,2"", ""data_parallel_sync_level"": ""micro_batch"", ""data_parallel_micro_batch_size"": 200, ""gpu_list"": ""0,1,2"", ""enable_auto_pipeline_config"": false, ""batch_training"": false, ""train_batch_size"": 32, ""batch_mode"": ""stale_batch"", ""tgn_loss_mode"": ""all"", ""tgn_window_size"": 10.0, ""eval_frozen"": false, ""max_neighbors"": 0, ""model"": ""jodie_rnn"", ""embedding_dim"": 128, ""memory_cell"": ""rnn"", ""time_proj"": ""linear"", ""use_static_embeddings"": ""off"", ""normalize_state"": ""off"", ""event_agg"": ""none"", ""agg_activation"": ""none"", ""attn_type"": ""dot"", ""time_decay"": ""none"", ""hidden_dim"": 0, ""memory_gate"": ""off"", ""enable_event_agg"": ""off"", ""enable_graph_update"": ""off"", ""message_mode"": ""peer"", ""msg_linear"": ""off""}"
5,rerank_pipeline,val,0.8774514421713012,0.8774514421713012,,0.8774514421713012,0.9989994997498749,133888,461.843,jodie_rnn,"{""dataset"": ""public_csv"", ""dataset_dir"": ""data/public"", ""local_data_path"": ""data/public/mooc.csv"", ""train_ratio"": 0.7, ""val_ratio"": 0.1, ""max_events"": 20000, ""num_users"": 1435, ""num_items"": 21, ""num_interactions"": 3000, ""feature_dim"": 4, ""lr"": 0.001, ""neg_sample_size"": 5, ""k"": 10, ""selection_metric"": ""mrr"", ""device"": ""cuda"", ""seed"": 42, ""partition_size"": 2000, ""partition_strategy"": ""count"", ""partition_overlap_ratio"": 0.0, ""num_pipeline_stages"": 3, ""pipeline_worker_gpus"": 1.0, ""pipeline_worker_cpus"": 1.0, ""pipeline_stage_train_workers"": ""1,1,1"", ""pipeline_stage_eval_workers"": ""1,1,1"", ""stage_balance_strategy"": ""cost"", ""stage_balance_user_weight"": 0.25, ""stage_balance_item_weight"": 0.25, ""stage_balance_span_weight"": 0.0, ""pipeline_mode"": ""naive"", ""pipeline_trace"": false, ""pipeline_trace_log_path"": ""results/20260827_131557/pipeline_naive/pipeline_trace.log"", ""ray_address"": """", ""output_dir"": ""results/20260827_131557/pipeline_naive"", ""enable_efficiency_monitor"": false, ""efficiency_monitor_interval"": 10, ""data_parallel_workers"": 3, ""data_parallel_worker_gpus"": 1.0, ""data_parallel_visible_gpus"": ""0,1,2"", ""data_parallel_sync_level"": ""micro_batch"", ""data_parallel_micro_batch_size"": 200, ""gpu_list"": ""0,1,2"", ""enable_auto_pipeline_config"": false, ""batch_training"": false, ""train_batch_size"": 32, ""batch_mode"": ""stale_batch"", ""tgn_loss_mode"": ""all"", ""tgn_window_size"": 10.0, ""eval_frozen"": false, ""max_neighbors"": 0, ""model"": ""jodie_rnn"", ""embedding_dim"": 128, ""memory_cell"": ""rnn"", ""time_proj"": ""off"", ""use_static_embeddings"": ""off"", ""normalize_state"": ""off"", ""event_agg"": ""none"", ""agg_activation"": ""none"", ""attn_type"": ""dot"", ""time_decay"": ""none"", ""hidden_dim"": 0, ""memory_gate"": ""off"", ""enable_event_agg"": ""off"", ""enable_graph_update"": ""off"", ""message_mode"": ""peer"", ""msg_linear"": ""off""}"
6,rerank_pipeline,val,0.8719484922836584,0.8719484922836584,,0.8719484922836584,0.9989994997498749,60608,464.0555,jodie_rnn,"{""dataset"": ""public_csv"", ""dataset_dir"": ""data/public"", ""local_data_path"": ""data/public/mooc.csv"", ""train_ratio"": 0.7, ""val_ratio"": 0.1, ""max_events"": 20000, ""num_users"": 1435, ""num_items"": 21, ""num_interactions"": 3000, ""feature_dim"": 4, ""lr"": 0.001, ""neg_sample_size"": 5, ""k"": 10, ""selection_metric"": ""mrr"", ""device"": ""cuda"", ""seed"": 42, ""partition_size"": 2000, ""partition_strategy"": ""count"", ""partition_overlap_ratio"": 0.0, ""num_pipeline_stages"": 3, ""pipeline_worker_gpus"": 1.0, ""pipeline_worker_cpus"": 1.0, ""pipeline_stage_train_workers"": ""1,1,1"", ""pipeline_stage_eval_workers"": ""1,1,1"", ""stage_balance_strategy"": ""cost"", ""stage_balance_user_weight"": 0.25, ""stage_balance_item_weight"": 0.25, ""stage_balance_span_weight"": 0.0, ""pipeline_mode"": ""naive"", ""pipeline_trace"": false, ""pipeline_trace_log_path"": ""results/20260827_131557/pipeline_naive/pipeline_trace.log"", ""ray_address"": """", ""output_dir"": ""results/20260827_131557/pipeline_naive"", ""enable_efficiency_monitor"": false, ""efficiency_monitor_interval"": 10, ""data_parallel_workers"": 3, ""data_parallel_worker_gpus"": 1.0, ""data_parallel_visible_gpus"": ""0,1,2"", ""data_parallel_sync_level"": ""micro_batch"", ""data_parallel_micro_batch_size"": 200, ""gpu_list"": ""0,1,2"", ""enable_auto_pipeline_config"": false, ""batch_training"": false, ""train_batch_size"": 32, ""batch_mode"": ""stale_batch"", ""tgn_loss_mode"": ""all"", ""tgn_window_size"": 10.0, ""eval_frozen"": false, ""max_neighbors"": 0, ""model"": ""jodie_rnn"", ""embedding_dim"": 32, ""memory_cell"": ""rnn"", ""time_proj"": ""off"", ""use_static_embeddings"": ""on"", ""normalize_state"": ""off"", ""event_agg"": ""none"", ""agg_activation"": ""none"", ""attn_type"": ""dot"", ""time_decay"": ""none"", ""hidden_dim"": 0, ""memory_gate"": ""off"", ""enable_event_agg"": ""off"", ""enable_graph_update"": ""off"", ""message_mode"": ""peer"", ""msg_linear"": ""off""}"
7,rerank_pipeline,val,0.8591323619962936,0.8591323619962936,,0.8591323619962936,0.9994997498749375,34176,460.1377,jodie_rnn,"{""dataset"": ""public_csv"", ""dataset_dir"": ""data/public"", ""local_data_path"": ""data/public/mooc.csv"", ""train_ratio"": 0.7, ""val_ratio"": 0.1, ""max_events"": 20000, ""num_users"": 1435, ""num_items"": 21, ""num_interactions"": 3000, ""feature_dim"": 4, ""lr"": 0.001, ""neg_sample_size"": 5, ""k"": 10, ""selection_metric"": ""mrr"", ""device"": ""cuda"", ""seed"": 42, ""partition_size"": 2000, ""partition_strategy"": ""count"", ""partition_overlap_ratio"": 0.0, ""num_pipeline_stages"": 3, ""pipeline_worker_gpus"": 1.0, ""pipeline_worker_cpus"": 1.0, ""pipeline_stage_train_workers"": ""1,1,1"", ""pipeline_stage_eval_workers"": ""1,1,1"", ""stage_balance_strategy"": ""cost"", ""stage_balance_user_weight"": 0.25, ""stage_balance_item_weight"": 0.25, ""stage_balance_span_weight"": 0.0, ""pipeline_mode"": ""naive"", ""pipeline_trace"": false, ""pipeline_trace_log_path"": ""results/20260827_131557/pipeline_naive/pipeline_trace.log"", ""ray_address"": """", ""output_dir"": ""results/20260827_131557/pipeline_naive"", ""enable_efficiency_monitor"": false, ""efficiency_monitor_interval"": 10, ""data_parallel_workers"": 3, ""data_parallel_worker_gpus"": 1.0, ""data_parallel_visible_gpus"": ""0,1,2"", ""data_parallel_sync_level"": ""micro_batch"", ""data_parallel_micro_batch_size"": 200, ""gpu_list"": ""0,1,2"", ""enable_auto_pipeline_config"": false, ""batch_training"": false, ""train_batch_size"": 32, ""batch_mode"": ""stale_batch"", ""tgn_loss_mode"": ""all"", ""tgn_window_size"": 10.0, ""eval_frozen"": false, ""max_neighbors"": 0, ""model"": ""jodie_rnn"", ""embedding_dim"": 64, ""memory_cell"": ""rnn"", ""time_proj"": ""linear"", ""use_static_embeddings"": ""off"", ""normalize_state"": ""off"", ""event_agg"": ""none"", ""agg_activation"": ""none"", ""attn_type"": ""dot"", ""time_decay"": ""none"", ""hidden_dim"": 0, ""memory_gate"": ""off"", ""enable_event_agg"": ""off"", ""enable_graph_update"": ""off"", ""message_mode"": ""peer"", ""msg_linear"": ""off""}"
8,coarse_pipeline,val,0.8585201136476774,0.8585201136476774,,0.8585201136476774,0.9959979989994997,402176,192.1934,jodie_rnn,"{""dataset"": ""public_csv"", ""dataset_dir"": ""data/public"", ""local_data_path"": ""data/public/mooc.csv"", ""train_ratio"": 0.7, ""val_ratio"": 0.1, ""max_events"": 20000, ""num_users"": 1435, ""num_items"": 21, ""num_interactions"": 3000, ""feature_dim"": 4, ""lr"": 0.001, ""neg_sample_size"": 5, ""k"": 10, ""selection_metric"": ""mrr"", ""device"": ""cuda"", ""seed"": 42, ""partition_size"": 2000, ""partition_strategy"": ""count"", ""partition_overlap_ratio"": 0.0, ""num_pipeline_stages"": 3, ""pipeline_worker_gpus"": 1.0, ""pipeline_worker_cpus"": 1.0, ""pipeline_stage_train_workers"": ""1,1,1"", ""pipeline_stage_eval_workers"": ""1,1,1"", ""stage_balance_strategy"": ""cost"", ""stage_balance_user_weight"": 0.25, ""stage_balance_item_weight"": 0.25, ""stage_balance_span_weight"": 0.0, ""pipeline_mode"": ""naive"", ""pipeline_trace"": false, ""pipeline_trace_log_path"": ""results/20260827_131557/pipeline_naive/pipeline_trace.log"", ""ray_address"": """", ""output_dir"": ""results/20260827_131557/pipeline_naive"", ""enable_efficiency_monitor"": false, ""efficiency_monitor_interval"": 10, ""data_parallel_workers"": 3, ""data_parallel_worker_gpus"": 1.0, ""data_parallel_visible_gpus"": ""0,1,2"", ""data_parallel_sync_level"": ""micro_batch"", ""data_parallel_micro_batch_size"": 200, ""gpu_list"": ""0,1,2"", ""enable_auto_pipeline_config"": false, ""batch_training"": false, ""train_batch_size"": 32, ""batch_mode"": ""stale_batch"", ""tgn_loss_mode"": ""all"", ""tgn_window_size"": 10.0, ""eval_frozen"": false, ""max_neighbors"": 0, ""model"": ""jodie_rnn"", ""embedding_dim"": 128, ""memory_cell"": ""rnn"", ""time_proj"": ""linear"", ""use_static_embeddings"": ""on"", ""normalize_state"": ""off"", ""event_agg"": ""none"", ""agg_activation"": ""none"", ""attn_type"": ""dot"", ""time_decay"": ""none"", ""hidden_dim"": 0, ""memory_gate"": ""off"", ""enable_event_agg"": ""off"", ""enable_graph_update"": ""off"", ""message_mode"": ""peer"", ""msg_linear"": ""off""}"
9,rerank_pipeline,val,0.8221453980958716,0.8221453980958716,,0.8221453980958716,0.9979989994997499,402176,447.9945,jodie_rnn,"{""dataset"": ""public_csv"", ""dataset_dir"": ""data/public"", ""local_data_path"": ""data/public/mooc.csv"", ""train_ratio"": 0.7, ""val_ratio"": 0.1, ""max_events"": 20000, ""num_users"": 1435, ""num_items"": 21, ""num_interactions"": 3000, ""feature_dim"": 4, ""lr"": 0.001, ""neg_sample_size"": 5, ""k"": 10, ""selection_metric"": ""mrr"", ""device"": ""cuda"", ""seed"": 42, ""partition_size"": 2000, ""partition_strategy"": ""count"", ""partition_overlap_ratio"": 0.0, ""num_pipeline_stages"": 3, ""pipeline_worker_gpus"": 1.0, ""pipeline_worker_cpus"": 1.0, ""pipeline_stage_train_workers"": ""1,1,1"", ""pipeline_stage_eval_workers"": ""1,1,1"", ""stage_balance_strategy"": ""cost"", ""stage_balance_user_weight"": 0.25, ""stage_balance_item_weight"": 0.25, ""stage_balance_span_weight"": 0.0, ""pipeline_mode"": ""naive"", ""pipeline_trace"": false, ""pipeline_trace_log_path"": ""results/20260827_131557/pipeline_naive/pipeline_trace.log"", ""ray_address"": """", ""output_dir"": ""results/20260827_131557/pipeline_naive"", ""enable_efficiency_monitor"": false, ""efficiency_monitor_interval"": 10, ""data_parallel_workers"": 3, ""data_parallel_worker_gpus"": 1.0, ""data_parallel_visible_gpus"": ""0,1,2"", ""data_parallel_sync_level"": ""micro_batch"", ""data_parallel_micro_batch_size"": 200, ""gpu_list"": ""0,1,2"", ""enable_auto_pipeline_config"": false, ""batch_training"": false, ""train_batch_size"": 32, ""batch_mode"": ""stale_batch"", ""tgn_loss_mode"": ""all"", ""tgn_window_size"": 10.0, ""eval_frozen"": false, ""max_neighbors"": 0, ""model"": ""jodie_rnn"", ""embedding_dim"": 128, ""memory_cell"": ""rnn"", ""time_proj"": ""off"", ""use_static_embeddings"": ""on"", ""normalize_state"": ""off"", ""event_agg"": ""none"", ""agg_activation"": ""none"", ""attn_type"": ""dot"", ""time_decay"": ""none"", ""hidden_dim"": 0, ""memory_gate"": ""off"", ""enable_event_agg"": ""off"", ""enable_graph_update"": ""off"", ""message_mode"": ""peer"", ""msg_linear"": ""off""}"
10,rerank_pipeline,val,0.815533361919052,0.815533361919052,,0.815533361919052,1.0,402176,457.0072,jodie_rnn,"{""dataset"": ""public_csv"", ""dataset_dir"": ""data/public"", ""local_data_path"": ""data/public/mooc.csv"", ""train_ratio"": 0.7, ""val_ratio"": 0.1, ""max_events"": 20000, ""num_users"": 1435, ""num_items"": 21, ""num_interactions"": 3000, ""feature_dim"": 4, ""lr"": 0.001, ""neg_sample_size"": 5, ""k"": 10, ""selection_metric"": ""mrr"", ""device"": ""cuda"", ""seed"": 42, ""partition_size"": 2000, ""partition_strategy"": ""count"", ""partition_overlap_ratio"": 0.0, ""num_pipeline_stages"": 3, ""pipeline_worker_gpus"": 1.0, ""pipeline_worker_cpus"": 1.0, ""pipeline_stage_train_workers"": ""1,1,1"", ""pipeline_stage_eval_workers"": ""1,1,1"", ""stage_balance_strategy"": ""cost"", ""stage_balance_user_weight"": 0.25, ""stage_balance_item_weight"": 0.25, ""stage_balance_span_weight"": 0.0, ""pipeline_mode"": ""naive"", ""pipeline_trace"": false, ""pipeline_trace_log_path"": ""results/20260827_131557/pipeline_naive/pipeline_trace.log"", ""ray_address"": """", ""output_dir"": ""results/20260827_131557/pipeline_naive"", ""enable_efficiency_monitor"": false, ""efficiency_monitor_interval"": 10, ""data_parallel_workers"": 3, ""data_parallel_worker_gpus"": 1.0, ""data_parallel_visible_gpus"": ""0,1,2"", ""data_parallel_sync_level"": ""micro_batch"", ""data_parallel_micro_batch_size"": 200, ""gpu_list"": ""0,1,2"", ""enable_auto_pipeline_config"": false, ""batch_training"": false, ""train_batch_size"": 32, ""batch_mode"": ""stale_batch"", ""tgn_loss_mode"": ""all"", ""tgn_window_size"": 10.0, ""eval_frozen"": false, ""max_neighbors"": 0, ""model"": ""jodie_rnn"", ""embedding_dim"": 128, ""memory_cell"": ""rnn"", ""time_proj"": ""linear"", ""use_static_embeddings"": ""on"", ""normalize_state"": ""off"", ""event_agg"": ""none"", ""agg_activation"": ""none"", ""attn_type"": ""dot"", ""time_decay"": ""none"", ""hidden_dim"": 0, ""memory_gate"": ""off"", ""enable_event_agg"": ""off"", ""enable_graph_update"": ""off"", ""message_mode"": ""peer"", ""msg_linear"": ""off""}"
11,coarse_pipeline,val,0.7929447258745612,0.7929447258745612,,0.7929447258745612,0.9504752376188094,34176,346.6065,jodie_rnn,"{""dataset"": ""public_csv"", ""dataset_dir"": ""data/public"", ""local_data_path"": ""data/public/mooc.csv"", ""train_ratio"": 0.7, ""val_ratio"": 0.1, ""max_events"": 20000, ""num_users"": 1435, ""num_items"": 21, ""num_interactions"": 3000, ""feature_dim"": 4, ""lr"": 0.001, ""neg_sample_size"": 5, ""k"": 10, ""selection_metric"": ""mrr"", ""device"": ""cuda"", ""seed"": 42, ""partition_size"": 2000, ""partition_strategy"": ""count"", ""partition_overlap_ratio"": 0.0, ""num_pipeline_stages"": 3, ""pipeline_worker_gpus"": 1.0, ""pipeline_worker_cpus"": 1.0, ""pipeline_stage_train_workers"": ""1,1,1"", ""pipeline_stage_eval_workers"": ""1,1,1"", ""stage_balance_strategy"": ""cost"", ""stage_balance_user_weight"": 0.25, ""stage_balance_item_weight"": 0.25, ""stage_balance_span_weight"": 0.0, ""pipeline_mode"": ""naive"", ""pipeline_trace"": false, ""pipeline_trace_log_path"": ""results/20260827_131557/pipeline_naive/pipeline_trace.log"", ""ray_address"": """", ""output_dir"": ""results/20260827_131557/pipeline_naive"", ""enable_efficiency_monitor"": false, ""efficiency_monitor_interval"": 10, ""data_parallel_workers"": 3, ""data_parallel_worker_gpus"": 1.0, ""data_parallel_visible_gpus"": ""0,1,2"", ""data_parallel_sync_level"": ""micro_batch"", ""data_parallel_micro_batch_size"": 200, ""gpu_list"": ""0,1,2"", ""enable_auto_pipeline_config"": false, ""batch_training"": false, ""train_batch_size"": 32, ""batch_mode"": ""stale_batch"", ""tgn_loss_mode"": ""all"", ""tgn_window_size"": 10.0, ""eval_frozen"": false, ""max_neighbors"": 0, ""model"": ""jodie_rnn"", ""embedding_dim"": 64, ""memory_cell"": ""rnn"", ""time_proj"": ""linear"", ""use_static_embeddings"": ""off"", ""normalize_state"": ""off"", ""event_agg"": ""none"", ""agg_activation"": ""none"", ""attn_type"": ""dot"", ""time_decay"": ""none"", ""hidden_dim"": 0, ""memory_gate"": ""off"", ""enable_event_agg"": ""off"", ""enable_graph_update"": ""off"", ""message_mode"": ""peer"", ""msg_linear"": ""off""}"
12,rerank_pipeline,val,0.7921713021012627,0.7921713021012627,,0.7921713021012627,0.9994997498749375,133888,453.8015,jodie_rnn,"{""dataset"": ""public_csv"", ""dataset_dir"": ""data/public"", ""local_data_path"": ""data/public/mooc.csv"", ""train_ratio"": 0.7, ""val_ratio"": 0.1, ""max_events"": 20000, ""num_users"": 1435, ""num_items"": 21, ""num_interactions"": 3000, ""feature_dim"": 4, ""lr"": 0.001, ""neg_sample_size"": 5, ""k"": 10, ""selection_metric"": ""mrr"", ""device"": ""cuda"", ""seed"": 42, ""partition_size"": 2000, ""partition_strategy"": ""count"", ""partition_overlap_ratio"": 0.0, ""num_pipeline_stages"": 3, ""pipeline_worker_gpus"": 1.0, ""pipeline_worker_cpus"": 1.0, ""pipeline_stage_train_workers"": ""1,1,1"", ""pipeline_stage_eval_workers"": ""1,1,1"", ""stage_balance_strategy"": ""cost"", ""stage_balance_user_weight"": 0.25, ""stage_balance_item_weight"": 0.25, ""stage_balance_span_weight"": 0.0, ""pipeline_mode"": ""naive"", ""pipeline_trace"": false, ""pipeline_trace_log_path"": ""results/20260827_131557/pipeline_naive/pipeline_trace.log"", ""ray_address"": """", ""output_dir"": ""results/20260827_131557/pipeline_naive"", ""enable_efficiency_monitor"": false, ""efficiency_monitor_interval"": 10, ""data_parallel_workers"": 3, ""data_parallel_worker_gpus"": 1.0, ""data_parallel_visible_gpus"": ""0,1,2"", ""data_parallel_sync_level"": ""micro_batch"", ""data_parallel_micro_batch_size"": 200, ""gpu_list"": ""0,1,2"", ""enable_auto_pipeline_config"": false, ""batch_training"": false, ""train_batch_size"": 32, ""batch_mode"": ""stale_batch"", ""tgn_loss_mode"": ""all"", ""tgn_window_size"": 10.0, ""eval_frozen"": false, ""max_neighbors"": 0, ""model"": ""jodie_rnn"", ""embedding_dim"": 128, ""memory_cell"": ""rnn"", ""time_proj"": ""linear"", ""use_static_embeddings"": ""off"", ""normalize_state"": ""off"", ""event_agg"": ""none"", ""agg_activation"": ""none"", ""attn_type"": ""dot"", ""time_decay"": ""none"", ""hidden_dim"": 0, ""memory_gate"": ""off"", ""enable_event_agg"": ""off"", ""enable_graph_update"": ""off"", ""message_mode"": ""peer"", ""msg_linear"": ""off""}"
13,rerank_pipeline,val,0.7828512008741817,0.7828512008741817,,0.7828512008741817,0.9599799899949975,8896,467.5474,jodie_rnn,"{""dataset"": ""public_csv"", ""dataset_dir"": ""data/public"", ""local_data_path"": ""data/public/mooc.csv"", ""train_ratio"": 0.7, ""val_ratio"": 0.1, ""max_events"": 20000, ""num_users"": 1435, ""num_items"": 21, ""num_interactions"": 3000, ""feature_dim"": 4, ""lr"": 0.001, ""neg_sample_size"": 5, ""k"": 10, ""selection_metric"": ""mrr"", ""device"": ""cuda"", ""seed"": 42, ""partition_size"": 2000, ""partition_strategy"": ""count"", ""partition_overlap_ratio"": 0.0, ""num_pipeline_stages"": 3, ""pipeline_worker_gpus"": 1.0, ""pipeline_worker_cpus"": 1.0, ""pipeline_stage_train_workers"": ""1,1,1"", ""pipeline_stage_eval_workers"": ""1,1,1"", ""stage_balance_strategy"": ""cost"", ""stage_balance_user_weight"": 0.25, ""stage_balance_item_weight"": 0.25, ""stage_balance_span_weight"": 0.0, ""pipeline_mode"": ""naive"", ""pipeline_trace"": false, ""pipeline_trace_log_path"": ""results/20260827_131557/pipeline_naive/pipeline_trace.log"", ""ray_address"": """", ""output_dir"": ""results/20260827_131557/pipeline_naive"", ""enable_efficiency_monitor"": false, ""efficiency_monitor_interval"": 10, ""data_parallel_workers"": 3, ""data_parallel_worker_gpus"": 1.0, ""data_parallel_visible_gpus"": ""0,1,2"", ""data_parallel_sync_level"": ""micro_batch"", ""data_parallel_micro_batch_size"": 200, ""gpu_list"": ""0,1,2"", ""enable_auto_pipeline_config"": false, ""batch_training"": false, ""train_batch_size"": 32, ""batch_mode"": ""stale_batch"", ""tgn_loss_mode"": ""all"", ""tgn_window_size"": 10.0, ""eval_frozen"": false, ""max_neighbors"": 0, ""model"": ""jodie_rnn"", ""embedding_dim"": 32, ""memory_cell"": ""rnn"", ""time_proj"": ""linear"", ""use_static_embeddings"": ""off"", ""normalize_state"": ""on"", ""event_agg"": ""none"", ""agg_activation"": ""none"", ""attn_type"": ""dot"", ""time_decay"": ""none"", ""hidden_dim"": 0, ""memory_gate"": ""off"", ""enable_event_agg"": ""off"", ""enable_graph_update"": ""off"", ""message_mode"": ""peer"", ""msg_linear"": ""off""}"
14,coarse_pipeline,val,0.7779162488892338,0.7779162488892338,,0.7779162488892338,0.9959979989994997,133888,207.7929,jodie_rnn,"{""dataset"": ""public_csv"", ""dataset_dir"": ""data/public"", ""local_data_path"": ""data/public/mooc.csv"", ""train_ratio"": 0.7, ""val_ratio"": 0.1, ""max_events"": 20000, ""num_users"": 1435, ""num_items"": 21, ""num_interactions"": 3000, ""feature_dim"": 4, ""lr"": 0.001, ""neg_sample_size"": 5, ""k"": 10, ""selection_metric"": ""mrr"", ""device"": ""cuda"", ""seed"": 42, ""partition_size"": 2000, ""partition_strategy"": ""count"", ""partition_overlap_ratio"": 0.0, ""num_pipeline_stages"": 3, ""pipeline_worker_gpus"": 1.0, ""pipeline_worker_cpus"": 1.0, ""pipeline_stage_train_workers"": ""1,1,1"", ""pipeline_stage_eval_workers"": ""1,1,1"", ""stage_balance_strategy"": ""cost"", ""stage_balance_user_weight"": 0.25, ""stage_balance_item_weight"": 0.25, ""stage_balance_span_weight"": 0.0, ""pipeline_mode"": ""naive"", ""pipeline_trace"": false, ""pipeline_trace_log_path"": ""results/20260827_131557/pipeline_naive/pipeline_trace.log"", ""ray_address"": """", ""output_dir"": ""results/20260827_131557/pipeline_naive"", ""enable_efficiency_monitor"": false, ""efficiency_monitor_interval"": 10, ""data_parallel_workers"": 3, ""data_parallel_worker_gpus"": 1.0, ""data_parallel_visible_gpus"": ""0,1,2"", ""data_parallel_sync_level"": ""micro_batch"", ""data_parallel_micro_batch_size"": 200, ""gpu_list"": ""0,1,2"", ""enable_auto_pipeline_config"": false, ""batch_training"": false, ""train_batch_size"": 32, ""batch_mode"": ""stale_batch"", ""tgn_loss_mode"": ""all"", ""tgn_window_size"": 10.0, ""eval_frozen"": false, ""max_neighbors"": 0, ""model"": ""jodie_rnn"", ""embedding_dim"": 128, ""memory_cell"": ""rnn"", ""time_proj"": ""off"", ""use_static_embeddings"": ""off"", ""normalize_state"": ""off"", ""event_agg"": ""none"", ""agg_activation"": ""none"", ""attn_type"": ""dot"", ""time_decay"": ""none"", ""hidden_dim"": 0, ""memory_gate"": ""off"", ""enable_event_agg"": ""off"", ""enable_graph_update"": ""off"", ""message_mode"": ""peer"", ""msg_linear"": ""off""}"
15,coarse_pipeline,val,0.7577463230727357,0.7577463230727357,,0.7577463230727357,0.9859929964982491,60608,126.0725,jodie_rnn,"{""dataset"": ""public_csv"", ""dataset_dir"": ""data/public"", ""local_data_path"": ""data/public/mooc.csv"", ""train_ratio"": 0.7, ""val_ratio"": 0.1, ""max_events"": 20000, ""num_users"": 1435, ""num_items"": 21, ""num_interactions"": 3000, ""feature_dim"": 4, ""lr"": 0.001, ""neg_sample_size"": 5, ""k"": 10, ""selection_metric"": ""mrr"", ""device"": ""cuda"", ""seed"": 42, ""partition_size"": 2000, ""partition_strategy"": ""count"", ""partition_overlap_ratio"": 0.0, ""num_pipeline_stages"": 3, ""pipeline_worker_gpus"": 1.0, ""pipeline_worker_cpus"": 1.0, ""pipeline_stage_train_workers"": ""1,1,1"", ""pipeline_stage_eval_workers"": ""1,1,1"", ""stage_balance_strategy"": ""cost"", ""stage_balance_user_weight"": 0.25, ""stage_balance_item_weight"": 0.25, ""stage_balance_span_weight"": 0.0, ""pipeline_mode"": ""naive"", ""pipeline_trace"": false, ""pipeline_trace_log_path"": ""results/20260827_131557/pipeline_naive/pipeline_trace.log"", ""ray_address"": """", ""output_dir"": ""results/20260827_131557/pipeline_naive"", ""enable_efficiency_monitor"": false, ""efficiency_monitor_interval"": 10, ""data_parallel_workers"": 3, ""data_parallel_worker_gpus"": 1.0, ""data_parallel_visible_gpus"": ""0,1,2"", ""data_parallel_sync_level"": ""micro_batch"", ""data_parallel_micro_batch_size"": 200, ""gpu_list"": ""0,1,2"", ""enable_auto_pipeline_config"": false, ""batch_training"": false, ""train_batch_size"": 32, ""batch_mode"": ""stale_batch"", ""tgn_loss_mode"": ""all"", ""tgn_window_size"": 10.0, ""eval_frozen"": false, ""max_neighbors"": 0, ""model"": ""jodie_rnn"", ""embedding_dim"": 32, ""memory_cell"": ""rnn"", ""time_proj"": ""off"", ""use_static_embeddings"": ""on"", ""normalize_state"": ""off"", ""event_agg"": ""none"", ""agg_activation"": ""none"", ""attn_type"": ""dot"", ""time_decay"": ""none"", ""hidden_dim"": 0, ""memory_gate"": ""off"", ""enable_event_agg"": ""off"", ""enable_graph_update"": ""off"", ""message_mode"": ""peer"", ""msg_linear"": ""off""}"
16,coarse_pipeline,val,0.7537190761621859,0.7537190761621859,,0.7537190761621859,0.951975987993997,8896,199.819,jodie_rnn,"{""dataset"": ""public_csv"", ""dataset_dir"": ""data/public"", ""local_data_path"": ""data/public/mooc.csv"", ""train_ratio"": 0.7, ""val_ratio"": 0.1, ""max_events"": 20000, ""num_users"": 1435, ""num_items"": 21, ""num_interactions"": 3000, ""feature_dim"": 4, ""lr"": 0.001, ""neg_sample_size"": 5, ""k"": 10, ""selection_metric"": ""mrr"", ""device"": ""cuda"", ""seed"": 42, ""partition_size"": 2000, ""partition_strategy"": ""count"", ""partition_overlap_ratio"": 0.0, ""num_pipeline_stages"": 3, ""pipeline_worker_gpus"": 1.0, ""pipeline_worker_cpus"": 1.0, ""pipeline_stage_train_workers"": ""1,1,1"", ""pipeline_stage_eval_workers"": ""1,1,1"", ""stage_balance_strategy"": ""cost"", ""stage_balance_user_weight"": 0.25, ""stage_balance_item_weight"": 0.25, ""stage_balance_span_weight"": 0.0, ""pipeline_mode"": ""naive"", ""pipeline_trace"": false, ""pipeline_trace_log_path"": ""results/20260827_131557/pipeline_naive/pipeline_trace.log"", ""ray_address"": """", ""output_dir"": ""results/20260827_131557/pipeline_naive"", ""enable_efficiency_monitor"": false, ""efficiency_monitor_interval"": 10, ""data_parallel_workers"": 3, ""data_parallel_worker_gpus"": 1.0, ""data_parallel_visible_gpus"": ""0,1,2"", ""data_parallel_sync_level"": ""micro_batch"", ""data_parallel_micro_batch_size"": 200, ""gpu_list"": ""0,1,2"", ""enable_auto_pipeline_config"": false, ""batch_training"": false, ""train_batch_size"": 32, ""batch_mode"": ""stale_batch"", ""tgn_loss_mode"": ""all"", ""tgn_window_size"": 10.0, ""eval_frozen"": false, ""max_neighbors"": 0, ""model"": ""jodie_rnn"", ""embedding_dim"": 32, ""memory_cell"": ""rnn"", ""time_proj"": ""linear"", ""use_static_embeddings"": ""off"", ""normalize_state"": ""on"", ""event_agg"": ""none"", ""agg_activation"": ""none"", ""attn_type"": ""dot"", ""time_decay"": ""none"", ""hidden_dim"": 0, ""memory_gate"": ""off"", ""enable_event_agg"": ""off"", ""enable_graph_update"": ""off"", ""message_mode"": ""peer"", ""msg_linear"": ""off""}"
17,coarse_pipeline,val,0.7378824428836087,0.7378824428836087,,0.7378824428836087,0.9339669834917459,8896,358.8325,jodie_rnn,"{""dataset"": ""public_csv"", ""dataset_dir"": ""data/public"", ""local_data_path"": ""data/public/mooc.csv"", ""train_ratio"": 0.7, ""val_ratio"": 0.1, ""max_events"": 20000, ""num_users"": 1435, ""num_items"": 21, ""num_interactions"": 3000, ""feature_dim"": 4, ""lr"": 0.001, ""neg_sample_size"": 5, ""k"": 10, ""selection_metric"": ""mrr"", ""device"": ""cuda"", ""seed"": 42, ""partition_size"": 2000, ""partition_strategy"": ""count"", ""partition_overlap_ratio"": 0.0, ""num_pipeline_stages"": 3, ""pipeline_worker_gpus"": 1.0, ""pipeline_worker_cpus"": 1.0, ""pipeline_stage_train_workers"": ""1,1,1"", ""pipeline_stage_eval_workers"": ""1,1,1"", ""stage_balance_strategy"": ""cost"", ""stage_balance_user_weight"": 0.25, ""stage_balance_item_weight"": 0.25, ""stage_balance_span_weight"": 0.0, ""pipeline_mode"": ""naive"", ""pipeline_trace"": false, ""pipeline_trace_log_path"": ""results/20260827_131557/pipeline_naive/pipeline_trace.log"", ""ray_address"": """", ""output_dir"": ""results/20260827_131557/pipeline_naive"", ""enable_efficiency_monitor"": false, ""efficiency_monitor_interval"": 10, ""data_parallel_workers"": 3, ""data_parallel_worker_gpus"": 1.0, ""data_parallel_visible_gpus"": ""0,1,2"", ""data_parallel_sync_level"": ""micro_batch"", ""data_parallel_micro_batch_size"": 200, ""gpu_list"": ""0,1,2"", ""enable_auto_pipeline_config"": false, ""batch_training"": false, ""train_batch_size"": 32, ""batch_mode"": ""stale_batch"", ""tgn_loss_mode"": ""all"", ""tgn_window_size"": 10.0, ""eval_frozen"": false, ""max_neighbors"": 0, ""model"": ""jodie_rnn"", ""embedding_dim"": 32, ""memory_cell"": ""rnn"", ""time_proj"": ""linear"", ""use_static_embeddings"": ""off"", ""normalize_state"": ""off"", ""event_agg"": ""none"", ""agg_activation"": ""none"", ""attn_type"": ""dot"", ""time_decay"": ""none"", ""hidden_dim"": 0, ""memory_gate"": ""off"", ""enable_event_agg"": ""off"", ""enable_graph_update"": ""off"", ""message_mode"": ""peer"", ""msg_linear"": ""off""}"
18,coarse_pipeline,val,0.7360210024202816,0.7360210024202816,,0.7360210024202816,0.9524762381190596,60608,201.807,jodie_rnn,"{""dataset"": ""public_csv"", ""dataset_dir"": ""data/public"", ""local_data_path"": ""data/public/mooc.csv"", ""train_ratio"": 0.7, ""val_ratio"": 0.1, ""max_events"": 20000, ""num_users"": 1435, ""num_items"": 21, ""num_interactions"": 3000, ""feature_dim"": 4, ""lr"": 0.001, ""neg_sample_size"": 5, ""k"": 10, ""selection_metric"": ""mrr"", ""device"": ""cuda"", ""seed"": 42, ""partition_size"": 2000, ""partition_strategy"": ""count"", ""partition_overlap_ratio"": 0.0, ""num_pipeline_stages"": 3, ""pipeline_worker_gpus"": 1.0, ""pipeline_worker_cpus"": 1.0, ""pipeline_stage_train_workers"": ""1,1,1"", ""pipeline_stage_eval_workers"": ""1,1,1"", ""stage_balance_strategy"": ""cost"", ""stage_balance_user_weight"": 0.25, ""stage_balance_item_weight"": 0.25, ""stage_balance_span_weight"": 0.0, ""pipeline_mode"": ""naive"", ""pipeline_trace"": false, ""pipeline_trace_log_path"": ""results/20260827_131557/pipeline_naive/pipeline_trace.log"", ""ray_address"": """", ""output_dir"": ""results/20260827_131557/pipeline_naive"", ""enable_efficiency_monitor"": false, ""efficiency_monitor_interval"": 10, ""data_parallel_workers"": 3, ""data_parallel_worker_gpus"": 1.0, ""data_parallel_visible_gpus"": ""0,1,2"", ""data_parallel_sync_level"": ""micro_batch"", ""data_parallel_micro_batch_size"": 200, ""gpu_list"": ""0,1,2"", ""enable_auto_pipeline_config"": false, ""batch_training"": false, ""train_batch_size"": 32, ""batch_mode"": ""stale_batch"", ""tgn_loss_mode"": ""all"", ""tgn_window_size"": 10.0, ""eval_frozen"": false, ""max_neighbors"": 0, ""model"": ""jodie_rnn"", ""embedding_dim"": 32, ""memory_cell"": ""rnn"", ""time_proj"": ""linear"", ""use_static_embeddings"": ""on"", ""normalize_state"": ""on"", ""event_agg"": ""none"", ""agg_activation"": ""none"", ""attn_type"": ""dot"", ""time_decay"": ""none"", ""hidden_dim"": 0, ""memory_gate"": ""off"", ""enable_event_agg"": ""off"", ""enable_graph_update"": ""off"", ""message_mode"": ""peer"", ""msg_linear"": ""off""}"
19,coarse_pipeline,val,0.7302053756093271,0.7302053756093271,,0.7302053756093271,0.9884942471235618,34176,197.7178,jodie_rnn,"{""dataset"": ""public_csv"", ""dataset_dir"": ""data/public"", ""local_data_path"": ""data/public/mooc.csv"", ""train_ratio"": 0.7, ""val_ratio"": 0.1, ""max_events"": 20000, ""num_users"": 1435, ""num_items"": 21, ""num_interactions"": 3000, ""feature_dim"": 4, ""lr"": 0.001, ""neg_sample_size"": 5, ""k"": 10, ""selection_metric"": ""mrr"", ""device"": ""cuda"", ""seed"": 42, ""partition_size"": 2000, ""partition_strategy"": ""count"", ""partition_overlap_ratio"": 0.0, ""num_pipeline_stages"": 3, ""pipeline_worker_gpus"": 1.0, ""pipeline_worker_cpus"": 1.0, ""pipeline_stage_train_workers"": ""1,1,1"", ""pipeline_stage_eval_workers"": ""1,1,1"", ""stage_balance_strategy"": ""cost"", ""stage_balance_user_weight"": 0.25, ""stage_balance_item_weight"": 0.25, ""stage_balance_span_weight"": 0.0, ""pipeline_mode"": ""naive"", ""pipeline_trace"": false, ""pipeline_trace_log_path"": ""results/20260827_131557/pipeline_naive/pipeline_trace.log"", ""ray_address"": """", ""output_dir"": ""results/20260827_131557/pipeline_naive"", ""enable_efficiency_monitor"": false, ""efficiency_monitor_interval"": 10, ""data_parallel_workers"": 3, ""data_parallel_worker_gpus"": 1.0, ""data_parallel_visible_gpus"": ""0,1,2"", ""data_parallel_sync_level"": ""micro_batch"", ""data_parallel_micro_batch_size"": 200, ""gpu_list"": ""0,1,2"", ""enable_auto_pipeline_config"": false, ""batch_training"": false, ""train_batch_size"": 32, ""batch_mode"": ""stale_batch"", ""tgn_loss_mode"": ""all"", ""tgn_window_size"": 10.0, ""eval_frozen"": false, ""max_neighbors"": 0, ""model"": ""jodie_rnn"", ""embedding_dim"": 64, ""memory_cell"": ""rnn"", ""time_proj"": ""off"", ""use_static_embeddings"": ""off"", ""normalize_state"": ""off"", ""event_agg"": ""none"", ""agg_activation"": ""none"", ""attn_type"": ""dot"", ""time_decay"": ""none"", ""hidden_dim"": 0, ""memory_gate"": ""off"", ""enable_event_agg"": ""off"", ""enable_graph_update"": ""off"", ""message_mode"": ""peer"", ""msg_linear"": ""off""}"
20,coarse_pipeline,val,0.7019918306073571,0.7019918306073571,,0.7019918306073571,0.9404702351175588,34176,244.1343,jodie_rnn,"{""dataset"": ""public_csv"", ""dataset_dir"": ""data/public"", ""local_data_path"": ""data/public/mooc.csv"", ""train_ratio"": 0.7, ""val_ratio"": 0.1, ""max_events"": 20000, ""num_users"": 1435, ""num_items"": 21, ""num_interactions"": 3000, ""feature_dim"": 4, ""lr"": 0.001, ""neg_sample_size"": 5, ""k"": 10, ""selection_metric"": ""mrr"", ""device"": ""cuda"", ""seed"": 42, ""partition_size"": 2000, ""partition_strategy"": ""count"", ""partition_overlap_ratio"": 0.0, ""num_pipeline_stages"": 3, ""pipeline_worker_gpus"": 1.0, ""pipeline_worker_cpus"": 1.0, ""pipeline_stage_train_workers"": ""1,1,1"", ""pipeline_stage_eval_workers"": ""1,1,1"", ""stage_balance_strategy"": ""cost"", ""stage_balance_user_weight"": 0.25, ""stage_balance_item_weight"": 0.25, ""stage_balance_span_weight"": 0.0, ""pipeline_mode"": ""naive"", ""pipeline_trace"": false, ""pipeline_trace_log_path"": ""results/20260827_131557/pipeline_naive/pipeline_trace.log"", ""ray_address"": """", ""output_dir"": ""results/20260827_131557/pipeline_naive"", ""enable_efficiency_monitor"": false, ""efficiency_monitor_interval"": 10, ""data_parallel_workers"": 3, ""data_parallel_worker_gpus"": 1.0, ""data_parallel_visible_gpus"": ""0,1,2"", ""data_parallel_sync_level"": ""micro_batch"", ""data_parallel_micro_batch_size"": 200, ""gpu_list"": ""0,1,2"", ""enable_auto_pipeline_config"": false, ""batch_training"": false, ""train_batch_size"": 32, ""batch_mode"": ""stale_batch"", ""tgn_loss_mode"": ""all"", ""tgn_window_size"": 10.0, ""eval_frozen"": false, ""max_neighbors"": 0, ""model"": ""jodie_rnn"", ""embedding_dim"": 64, ""memory_cell"": ""rnn"", ""time_proj"": ""linear"", ""use_static_embeddings"": ""off"", ""normalize_state"": ""on"", ""event_agg"": ""none"", ""agg_activation"": ""none"", ""attn_type"": ""dot"", ""time_decay"": ""none"", ""hidden_dim"": 0, ""memory_gate"": ""off"", ""enable_event_agg"": ""off"", ""enable_graph_update"": ""off"", ""message_mode"": ""peer"", ""msg_linear"": ""off""}"
21,coarse_pipeline,val,0.6763638555790435,0.6763638555790435,,0.6763638555790435,0.9379689844922461,60608,286.519,jodie_rnn,"{""dataset"": ""public_csv"", ""dataset_dir"": ""data/public"", ""local_data_path"": ""data/public/mooc.csv"", ""train_ratio"": 0.7, ""val_ratio"": 0.1, ""max_events"": 20000, ""num_users"": 1435, ""num_items"": 21, ""num_interactions"": 3000, ""feature_dim"": 4, ""lr"": 0.001, ""neg_sample_size"": 5, ""k"": 10, ""selection_metric"": ""mrr"", ""device"": ""cuda"", ""seed"": 42, ""partition_size"": 2000, ""partition_strategy"": ""count"", ""partition_overlap_ratio"": 0.0, ""num_pipeline_stages"": 3, ""pipeline_worker_gpus"": 1.0, ""pipeline_worker_cpus"": 1.0, ""pipeline_stage_train_workers"": ""1,1,1"", ""pipeline_stage_eval_workers"": ""1,1,1"", ""stage_balance_strategy"": ""cost"", ""stage_balance_user_weight"": 0.25, ""stage_balance_item_weight"": 0.25, ""stage_balance_span_weight"": 0.0, ""pipeline_mode"": ""naive"", ""pipeline_trace"": false, ""pipeline_trace_log_path"": ""results/20260827_131557/pipeline_naive/pipeline_trace.log"", ""ray_address"": """", ""output_dir"": ""results/20260827_131557/pipeline_naive"", ""enable_efficiency_monitor"": false, ""efficiency_monitor_interval"": 10, ""data_parallel_workers"": 3, ""data_parallel_worker_gpus"": 1.0, ""data_parallel_visible_gpus"": ""0,1,2"", ""data_parallel_sync_level"": ""micro_batch"", ""data_parallel_micro_batch_size"": 200, ""gpu_list"": ""0,1,2"", ""enable_auto_pipeline_config"": false, ""batch_training"": false, ""train_batch_size"": 32, ""batch_mode"": ""stale_batch"", ""tgn_loss_mode"": ""all"", ""tgn_window_size"": 10.0, ""eval_frozen"": false, ""max_neighbors"": 0, ""model"": ""jodie_rnn"", ""embedding_dim"": 32, ""memory_cell"": ""rnn"", ""time_proj"": ""linear"", ""use_static_embeddings"": ""on"", ""normalize_state"": ""off"", ""event_agg"": ""none"", ""agg_activation"": ""none"", ""attn_type"": ""dot"", ""time_decay"": ""none"", ""hidden_dim"": 0, ""memory_gate"": ""off"", ""enable_event_agg"": ""off"", ""enable_graph_update"": ""off"", ""message_mode"": ""peer"", ""msg_linear"": ""off""}"
22,coarse_pipeline,val,0.6685877298789591,0.6685877298789591,,0.6685877298789591,0.9324662331165583,82112,249.8626,jodie_rnn,"{""dataset"": ""public_csv"", ""dataset_dir"": ""data/public"", ""local_data_path"": ""data/public/mooc.csv"", ""train_ratio"": 0.7, ""val_ratio"": 0.1, ""max_events"": 20000, ""num_users"": 1435, ""num_items"": 21, ""num_interactions"": 3000, ""feature_dim"": 4, ""lr"": 0.001, ""neg_sample_size"": 5, ""k"": 10, ""selection_metric"": ""mrr"", ""device"": ""cuda"", ""seed"": 42, ""partition_size"": 2000, ""partition_strategy"": ""count"", ""partition_overlap_ratio"": 0.0, ""num_pipeline_stages"": 3, ""pipeline_worker_gpus"": 1.0, ""pipeline_worker_cpus"": 1.0, ""pipeline_stage_train_workers"": ""1,1,1"", ""pipeline_stage_eval_workers"": ""1,1,1"", ""stage_balance_strategy"": ""cost"", ""stage_balance_user_weight"": 0.25, ""stage_balance_item_weight"": 0.25, ""stage_balance_span_weight"": 0.0, ""pipeline_mode"": ""naive"", ""pipeline_trace"": false, ""pipeline_trace_log_path"": ""results/20260827_131557/pipeline_naive/pipeline_trace.log"", ""ray_address"": """", ""output_dir"": ""results/20260827_131557/pipeline_naive"", ""enable_efficiency_monitor"": false, ""efficiency_monitor_interval"": 10, ""data_parallel_workers"": 3, ""data_parallel_worker_gpus"": 1.0, ""data_parallel_visible_gpus"": ""0,1,2"", ""data_parallel_sync_level"": ""micro_batch"", ""data_parallel_micro_batch_size"": 200, ""gpu_list"": ""0,1,2"", ""enable_auto_pipeline_config"": false, ""batch_training"": false, ""train_batch_size"": 32, ""batch_mode"": ""stale_batch"", ""tgn_loss_mode"": ""all"", ""tgn_window_size"": 10.0, ""eval_frozen"": false, ""max_neighbors"": 0, ""model"": ""jodie_rnn"", ""embedding_dim"": 32, ""memory_cell"": ""gru"", ""time_proj"": ""linear"", ""use_static_embeddings"": ""on"", ""normalize_state"": ""on"", ""event_agg"": ""none"", ""agg_activation"": ""none"", ""attn_type"": ""dot"", ""time_decay"": ""none"", ""hidden_dim"": 0, ""memory_gate"": ""off"", ""enable_event_agg"": ""off"", ""enable_graph_update"": ""off"", ""message_mode"": ""peer"", ""msg_linear"": ""off""}"
23,coarse_pipeline,val,0.6328803283012974,0.6328803283012974,,0.6328803283012974,0.9159579789894947,8896,144.0752,jodie_rnn,"{""dataset"": ""public_csv"", ""dataset_dir"": ""data/public"", ""local_data_path"": ""data/public/mooc.csv"", ""train_ratio"": 0.7, ""val_ratio"": 0.1, ""max_events"": 20000, ""num_users"": 1435, ""num_items"": 21, ""num_interactions"": 3000, ""feature_dim"": 4, ""lr"": 0.001, ""neg_sample_size"": 5, ""k"": 10, ""selection_metric"": ""mrr"", ""device"": ""cuda"", ""seed"": 42, ""partition_size"": 2000, ""partition_strategy"": ""count"", ""partition_overlap_ratio"": 0.0, ""num_pipeline_stages"": 3, ""pipeline_worker_gpus"": 1.0, ""pipeline_worker_cpus"": 1.0, ""pipeline_stage_train_workers"": ""1,1,1"", ""pipeline_stage_eval_workers"": ""1,1,1"", ""stage_balance_strategy"": ""cost"", ""stage_balance_user_weight"": 0.25, ""stage_balance_item_weight"": 0.25, ""stage_balance_span_weight"": 0.0, ""pipeline_mode"": ""naive"", ""pipeline_trace"": false, ""pipeline_trace_log_path"": ""results/20260827_131557/pipeline_naive/pipeline_trace.log"", ""ray_address"": """", ""output_dir"": ""results/20260827_131557/pipeline_naive"", ""enable_efficiency_monitor"": false, ""efficiency_monitor_interval"": 10, ""data_parallel_workers"": 3, ""data_parallel_worker_gpus"": 1.0, ""data_parallel_visible_gpus"": ""0,1,2"", ""data_parallel_sync_level"": ""micro_batch"", ""data_parallel_micro_batch_size"": 200, ""gpu_list"": ""0,1,2"", ""enable_auto_pipeline_config"": false, ""batch_training"": false, ""train_batch_size"": 32, ""batch_mode"": ""stale_batch"", ""tgn_loss_mode"": ""all"", ""tgn_window_size"": 10.0, ""eval_frozen"": false, ""max_neighbors"": 0, ""model"": ""jodie_rnn"", ""embedding_dim"": 32, ""memory_cell"": ""rnn"", ""time_proj"": ""off"", ""use_static_embeddings"": ""off"", ""normalize_state"": ""off"", ""event_agg"": ""none"", ""agg_activation"": ""none"", ""attn_type"": ""dot"", ""time_decay"": ""none"", ""hidden_dim"": 0, ""memory_gate"": ""off"", ""enable_event_agg"": ""off"", ""enable_graph_update"": ""off"", ""message_mode"": ""peer"", ""msg_linear"": ""off""}"
24,coarse_pipeline,val,0.6326749851658595,0.6326749851658595,,0.6326749851658595,0.9454727363681841,22208,138.5123,jodie_rnn,"{""dataset"": ""public_csv"", ""dataset_dir"": ""data/public"", ""local_data_path"": ""data/public/mooc.csv"", ""train_ratio"": 0.7, ""val_ratio"": 0.1, ""max_events"": 20000, ""num_users"": 1435, ""num_items"": 21, ""num_interactions"": 3000, ""feature_dim"": 4, ""lr"": 0.001, ""neg_sample_size"": 5, ""k"": 10, ""selection_metric"": ""mrr"", ""device"": ""cuda"", ""seed"": 42, ""partition_size"": 2000, ""partition_strategy"": ""count"", ""partition_overlap_ratio"": 0.0, ""num_pipeline_stages"": 3, ""pipeline_worker_gpus"": 1.0, ""pipeline_worker_cpus"": 1.0, ""pipeline_stage_train_workers"": ""1,1,1"", ""pipeline_stage_eval_workers"": ""1,1,1"", ""stage_balance_strategy"": ""cost"", ""stage_balance_user_weight"": 0.25, ""stage_balance_item_weight"": 0.25, ""stage_balance_span_weight"": 0.0, ""pipeline_mode"": ""naive"", ""pipeline_trace"": false, ""pipeline_trace_log_path"": ""results/20260827_131557/pipeline_naive/pipeline_trace.log"", ""ray_address"": """", ""output_dir"": ""results/20260827_131557/pipeline_naive"", ""enable_efficiency_monitor"": false, ""efficiency_monitor_interval"": 10, ""data_parallel_workers"": 3, ""data_parallel_worker_gpus"": 1.0, ""data_parallel_visible_gpus"": ""0,1,2"", ""data_parallel_sync_level"": ""micro_batch"", ""data_parallel_micro_batch_size"": 200, ""gpu_list"": ""0,1,2"", ""enable_auto_pipeline_config"": false, ""batch_training"": false, ""train_batch_size"": 32, ""batch_mode"": ""stale_batch"", ""tgn_loss_mode"": ""all"", ""tgn_window_size"": 10.0, ""eval_frozen"": false, ""max_neighbors"": 0, ""model"": ""jodie_rnn"", ""embedding_dim"": 32, ""memory_cell"": ""gru"", ""time_proj"": ""linear"", ""use_static_embeddings"": ""off"", ""normalize_state"": ""on"", ""event_agg"": ""none"", ""agg_activation"": ""none"", ""attn_type"": ""dot"", ""time_decay"": ""none"", ""hidden_dim"": 0, ""memory_gate"": ""off"", ""enable_event_agg"": ""off"", ""enable_graph_update"": ""off"", ""message_mode"": ""peer"", ""msg_linear"": ""off""}"
25,coarse_pipeline,val,0.5598433823726624,0.5598433823726624,,0.5598433823726624,0.8849424712356178,85376,186.5911,jodie_rnn,"{""dataset"": ""public_csv"", ""dataset_dir"": ""data/public"", ""local_data_path"": ""data/public/mooc.csv"", ""train_ratio"": 0.7, ""val_ratio"": 0.1, ""max_events"": 20000, ""num_users"": 1435, ""num_items"": 21, ""num_interactions"": 3000, ""feature_dim"": 4, ""lr"": 0.001, ""neg_sample_size"": 5, ""k"": 10, ""selection_metric"": ""mrr"", ""device"": ""cuda"", ""seed"": 42, ""partition_size"": 2000, ""partition_strategy"": ""count"", ""partition_overlap_ratio"": 0.0, ""num_pipeline_stages"": 3, ""pipeline_worker_gpus"": 1.0, ""pipeline_worker_cpus"": 1.0, ""pipeline_stage_train_workers"": ""1,1,1"", ""pipeline_stage_eval_workers"": ""1,1,1"", ""stage_balance_strategy"": ""cost"", ""stage_balance_user_weight"": 0.25, ""stage_balance_item_weight"": 0.25, ""stage_balance_span_weight"": 0.0, ""pipeline_mode"": ""naive"", ""pipeline_trace"": false, ""pipeline_trace_log_path"": ""results/20260827_131557/pipeline_naive/pipeline_trace.log"", ""ray_address"": """", ""output_dir"": ""results/20260827_131557/pipeline_naive"", ""enable_efficiency_monitor"": false, ""efficiency_monitor_interval"": 10, ""data_parallel_workers"": 3, ""data_parallel_worker_gpus"": 1.0, ""data_parallel_visible_gpus"": ""0,1,2"", ""data_parallel_sync_level"": ""micro_batch"", ""data_parallel_micro_batch_size"": 200, ""gpu_list"": ""0,1,2"", ""enable_auto_pipeline_config"": false, ""batch_training"": false, ""train_batch_size"": 32, ""batch_mode"": ""stale_batch"", ""tgn_loss_mode"": ""all"", ""tgn_window_size"": 10.0, ""eval_frozen"": false, ""max_neighbors"": 0, ""model"": ""jodie_rnn"", ""embedding_dim"": 64, ""memory_cell"": ""gru"", ""time_proj"": ""off"", ""use_static_embeddings"": ""off"", ""normalize_state"": ""on"", ""event_agg"": ""none"", ""agg_activation"": ""none"", ""attn_type"": ""dot"", ""time_decay"": ""none"", ""hidden_dim"": 0, ""memory_gate"": ""off"", ""enable_event_agg"": ""off"", ""enable_graph_update"": ""off"", ""message_mode"": ""peer"", ""msg_linear"": ""off""}"
26,coarse_pipeline,val,0.5497092118229123,0.5497092118229123,,0.5497092118229123,0.9019509754877438,231808,131.9697,jodie_rnn,"{""dataset"": ""public_csv"", ""dataset_dir"": ""data/public"", ""local_data_path"": ""data/public/mooc.csv"", ""train_ratio"": 0.7, ""val_ratio"": 0.1, ""max_events"": 20000, ""num_users"": 1435, ""num_items"": 21, ""num_interactions"": 3000, ""feature_dim"": 4, ""lr"": 0.001, ""neg_sample_size"": 5, ""k"": 10, ""selection_metric"": ""mrr"", ""device"": ""cuda"", ""seed"": 42, ""partition_size"": 2000, ""partition_strategy"": ""count"", ""partition_overlap_ratio"": 0.0, ""num_pipeline_stages"": 3, ""pipeline_worker_gpus"": 1.0, ""pipeline_worker_cpus"": 1.0, ""pipeline_stage_train_workers"": ""1,1,1"", ""pipeline_stage_eval_workers"": ""1,1,1"", ""stage_balance_strategy"": ""cost"", ""stage_balance_user_weight"": 0.25, ""stage_balance_item_weight"": 0.25, ""stage_balance_span_weight"": 0.0, ""pipeline_mode"": ""naive"", ""pipeline_trace"": false, ""pipeline_trace_log_path"": ""results/20260827_131557/pipeline_naive/pipeline_trace.log"", ""ray_address"": """", ""output_dir"": ""results/20260827_131557/pipeline_naive"", ""enable_efficiency_monitor"": false, ""efficiency_monitor_interval"": 10, ""data_parallel_workers"": 3, ""data_parallel_worker_gpus"": 1.0, ""data_parallel_visible_gpus"": ""0,1,2"", ""data_parallel_sync_level"": ""micro_batch"", ""data_parallel_micro_batch_size"": 200, ""gpu_list"": ""0,1,2"", ""enable_auto_pipeline_config"": false, ""batch_training"": false, ""train_batch_size"": 32, ""batch_mode"": ""stale_batch"", ""tgn_loss_mode"": ""all"", ""tgn_window_size"": 10.0, ""eval_frozen"": false, ""max_neighbors"": 0, ""model"": ""jodie_rnn"", ""embedding_dim"": 64, ""memory_cell"": ""gru"", ""time_proj"": ""linear"", ""use_static_embeddings"": ""on"", ""normalize_state"": ""on"", ""event_agg"": ""none"", ""agg_activation"": ""none"", ""attn_type"": ""dot"", ""time_decay"": ""none"", ""hidden_dim"": 0, ""memory_gate"": ""off"", ""enable_event_agg"": ""off"", ""enable_graph_update"": ""off"", ""message_mode"": ""peer"", ""msg_linear"": ""off""}"
27,coarse_pipeline,val,0.5472345867977513,0.5472345867977513,,0.5472345867977513,0.9309654827413707,85376,344.9424,jodie_rnn,"{""dataset"": ""public_csv"", ""dataset_dir"": ""data/public"", ""local_data_path"": ""data/public/mooc.csv"", ""train_ratio"": 0.7, ""val_ratio"": 0.1, ""max_events"": 20000, ""num_users"": 1435, ""num_items"": 21, ""num_interactions"": 3000, ""feature_dim"": 4, ""lr"": 0.001, ""neg_sample_size"": 5, ""k"": 10, ""selection_metric"": ""mrr"", ""device"": ""cuda"", ""seed"": 42, ""partition_size"": 2000, ""partition_strategy"": ""count"", ""partition_overlap_ratio"": 0.0, ""num_pipeline_stages"": 3, ""pipeline_worker_gpus"": 1.0, ""pipeline_worker_cpus"": 1.0, ""pipeline_stage_train_workers"": ""1,1,1"", ""pipeline_stage_eval_workers"": ""1,1,1"", ""stage_balance_strategy"": ""cost"", ""stage_balance_user_weight"": 0.25, ""stage_balance_item_weight"": 0.25, ""stage_balance_span_weight"": 0.0, ""pipeline_mode"": ""naive"", ""pipeline_trace"": false, ""pipeline_trace_log_path"": ""results/20260827_131557/pipeline_naive/pipeline_trace.log"", ""ray_address"": """", ""output_dir"": ""results/20260827_131557/pipeline_naive"", ""enable_efficiency_monitor"": false, ""efficiency_monitor_interval"": 10, ""data_parallel_workers"": 3, ""data_parallel_worker_gpus"": 1.0, ""data_parallel_visible_gpus"": ""0,1,2"", ""data_parallel_sync_level"": ""micro_batch"", ""data_parallel_micro_batch_size"": 200, ""gpu_list"": ""0,1,2"", ""enable_auto_pipeline_config"": false, ""batch_training"": false, ""train_batch_size"": 32, ""batch_mode"": ""stale_batch"", ""tgn_loss_mode"": ""all"", ""tgn_window_size"": 10.0, ""eval_frozen"": false, ""max_neighbors"": 0, ""model"": ""jodie_rnn"", ""embedding_dim"": 64, ""memory_cell"": ""gru"", ""time_proj"": ""off"", ""use_static_embeddings"": ""off"", ""normalize_state"": ""off"", ""event_agg"": ""none"", ""agg_activation"": ""none"", ""attn_type"": ""dot"", ""time_decay"": ""none"", ""hidden_dim"": 0, ""memory_gate"": ""off"", ""enable_event_agg"": ""off"", ""enable_graph_update"": ""off"", ""message_mode"": ""peer"", ""msg_linear"": ""off""}"
28,coarse_pipeline,val,0.5450051016983497,0.5450051016983497,,0.5450051016983497,0.8859429714857429,147840,339.4473,jodie_rnn,"{""dataset"": ""public_csv"", ""dataset_dir"": ""data/public"", ""local_data_path"": ""data/public/mooc.csv"", ""train_ratio"": 0.7, ""val_ratio"": 0.1, ""max_events"": 20000, ""num_users"": 1435, ""num_items"": 21, ""num_interactions"": 3000, ""feature_dim"": 4, ""lr"": 0.001, ""neg_sample_size"": 5, ""k"": 10, ""selection_metric"": ""mrr"", ""device"": ""cuda"", ""seed"": 42, ""partition_size"": 2000, ""partition_strategy"": ""count"", ""partition_overlap_ratio"": 0.0, ""num_pipeline_stages"": 3, ""pipeline_worker_gpus"": 1.0, ""pipeline_worker_cpus"": 1.0, ""pipeline_stage_train_workers"": ""1,1,1"", ""pipeline_stage_eval_workers"": ""1,1,1"", ""stage_balance_strategy"": ""cost"", ""stage_balance_user_weight"": 0.25, ""stage_balance_item_weight"": 0.25, ""stage_balance_span_weight"": 0.0, ""pipeline_mode"": ""naive"", ""pipeline_trace"": false, ""pipeline_trace_log_path"": ""results/20260827_131557/pipeline_naive/pipeline_trace.log"", ""ray_address"": """", ""output_dir"": ""results/20260827_131557/pipeline_naive"", ""enable_efficiency_monitor"": false, ""efficiency_monitor_interval"": 10, ""data_parallel_workers"": 3, ""data_parallel_worker_gpus"": 1.0, ""data_parallel_visible_gpus"": ""0,1,2"", ""data_parallel_sync_level"": ""micro_batch"", ""data_parallel_micro_batch_size"": 200, ""gpu_list"": ""0,1,2"", ""enable_auto_pipeline_config"": false, ""batch_training"": false, ""train_batch_size"": 32, ""batch_mode"": ""stale_batch"", ""tgn_loss_mode"": ""all"", ""tgn_window_size"": 10.0, ""eval_frozen"": false, ""max_neighbors"": 0, ""model"": ""jodie_rnn"", ""embedding_dim"": 64, ""memory_cell"": ""rnn"", ""time_proj"": ""linear"", ""use_static_embeddings"": ""on"", ""normalize_state"": ""on"", ""event_agg"": ""none"", ""agg_activation"": ""none"", ""attn_type"": ""dot"", ""time_decay"": ""none"", ""hidden_dim"": 0, ""memory_gate"": ""off"", ""enable_event_agg"": ""off"", ""enable_graph_update"": ""off"", ""message_mode"": ""peer"", ""msg_linear"": ""off""}"
29,coarse_pipeline,val,0.5425291959640026,0.5425291959640026,,0.5425291959640026,0.8759379689844923,334592,214.0641,jodie_rnn,"{""dataset"": ""public_csv"", ""dataset_dir"": ""data/public"", ""local_data_path"": ""data/public/mooc.csv"", ""train_ratio"": 0.7, ""val_ratio"": 0.1, ""max_events"": 20000, ""num_users"": 1435, ""num_items"": 21, ""num_interactions"": 3000, ""feature_dim"": 4, ""lr"": 0.001, ""neg_sample_size"": 5, ""k"": 10, ""selection_metric"": ""mrr"", ""device"": ""cuda"", ""seed"": 42, ""partition_size"": 2000, ""partition_strategy"": ""count"", ""partition_overlap_ratio"": 0.0, ""num_pipeline_stages"": 3, ""pipeline_worker_gpus"": 1.0, ""pipeline_worker_cpus"": 1.0, ""pipeline_stage_train_workers"": ""1,1,1"", ""pipeline_stage_eval_workers"": ""1,1,1"", ""stage_balance_strategy"": ""cost"", ""stage_balance_user_weight"": 0.25, ""stage_balance_item_weight"": 0.25, ""stage_balance_span_weight"": 0.0, ""pipeline_mode"": ""naive"", ""pipeline_trace"": false, ""pipeline_trace_log_path"": ""results/20260827_131557/pipeline_naive/pipeline_trace.log"", ""ray_address"": """", ""output_dir"": ""results/20260827_131557/pipeline_naive"", ""enable_efficiency_monitor"": false, ""efficiency_monitor_interval"": 10, ""data_parallel_workers"": 3, ""data_parallel_worker_gpus"": 1.0, ""data_parallel_visible_gpus"": ""0,1,2"", ""data_parallel_sync_level"": ""micro_batch"", ""data_parallel_micro_batch_size"": 200, ""gpu_list"": ""0,1,2"", ""enable_auto_pipeline_config"": false, ""batch_training"": false, ""train_batch_size"": 32, ""batch_mode"": ""stale_batch"", ""tgn_loss_mode"": ""all"", ""tgn_window_size"": 10.0, ""eval_frozen"": false, ""max_neighbors"": 0, ""model"": ""jodie_rnn"", ""embedding_dim"": 128, ""memory_cell"": ""gru"", ""time_proj"": ""off"", ""use_static_embeddings"": ""off"", ""normalize_state"": ""on"", ""event_agg"": ""none"", ""agg_activation"": ""none"", ""attn_type"": ""dot"", ""time_decay"": ""none"", ""hidden_dim"": 0, ""memory_gate"": ""off"", ""enable_event_agg"": ""off"", ""enable_graph_update"": ""off"", ""message_mode"": ""peer"", ""msg_linear"": ""off""}"
30,coarse_pipeline,val,0.49908785701291264,0.49908785701291264,,0.49908785701291264,0.8999499749874937,28864,293.5458,jodie_rnn,"{""dataset"": ""public_csv"", ""dataset_dir"": ""data/public"", ""local_data_path"": ""data/public/mooc.csv"", ""train_ratio"": 0.7, ""val_ratio"": 0.1, ""max_events"": 20000, ""num_users"": 1435, ""num_items"": 21, ""num_interactions"": 3000, ""feature_dim"": 4, ""lr"": 0.001, ""neg_sample_size"": 5, ""k"": 10, ""selection_metric"": ""mrr"", ""device"": ""cuda"", ""seed"": 42, ""partition_size"": 2000, ""partition_strategy"": ""count"", ""partition_overlap_ratio"": 0.0, ""num_pipeline_stages"": 3, ""pipeline_worker_gpus"": 1.0, ""pipeline_worker_cpus"": 1.0, ""pipeline_stage_train_workers"": ""1,1,1"", ""pipeline_stage_eval_workers"": ""1,1,1"", ""stage_balance_strategy"": ""cost"", ""stage_balance_user_weight"": 0.25, ""stage_balance_item_weight"": 0.25, ""stage_balance_span_weight"": 0.0, ""pipeline_mode"": ""naive"", ""pipeline_trace"": false, ""pipeline_trace_log_path"": ""results/20260827_131557/pipeline_naive/pipeline_trace.log"", ""ray_address"": """", ""output_dir"": ""results/20260827_131557/pipeline_naive"", ""enable_efficiency_monitor"": false, ""efficiency_monitor_interval"": 10, ""data_parallel_workers"": 3, ""data_parallel_worker_gpus"": 1.0, ""data_parallel_visible_gpus"": ""0,1,2"", ""data_parallel_sync_level"": ""micro_batch"", ""data_parallel_micro_batch_size"": 200, ""gpu_list"": ""0,1,2"", ""enable_auto_pipeline_config"": false, ""batch_training"": false, ""train_batch_size"": 32, ""batch_mode"": ""stale_batch"", ""tgn_loss_mode"": ""all"", ""tgn_window_size"": 10.0, ""eval_frozen"": false, ""max_neighbors"": 0, ""model"": ""jodie_rnn"", ""embedding_dim"": 32, ""memory_cell"": ""lstm"", ""time_proj"": ""linear"", ""use_static_embeddings"": ""off"", ""normalize_state"": ""on"", ""event_agg"": ""none"", ""agg_activation"": ""none"", ""attn_type"": ""dot"", ""time_decay"": ""none"", ""hidden_dim"": 0, ""memory_gate"": ""off"", ""enable_event_agg"": ""off"", ""enable_graph_update"": ""off"", ""message_mode"": ""peer"", ""msg_linear"": ""off""}"
31,coarse_pipeline,val,0.49295018939510526,0.49295018939510526,,0.49295018939510526,0.8664332166083042,85376,243.1223,jodie_rnn,"{""dataset"": ""public_csv"", ""dataset_dir"": ""data/public"", ""local_data_path"": ""data/public/mooc.csv"", ""train_ratio"": 0.7, ""val_ratio"": 0.1, ""max_events"": 20000, ""num_users"": 1435, ""num_items"": 21, ""num_interactions"": 3000, ""feature_dim"": 4, ""lr"": 0.001, ""neg_sample_size"": 5, ""k"": 10, ""selection_metric"": ""mrr"", ""device"": ""cuda"", ""seed"": 42, ""partition_size"": 2000, ""partition_strategy"": ""count"", ""partition_overlap_ratio"": 0.0, ""num_pipeline_stages"": 3, ""pipeline_worker_gpus"": 1.0, ""pipeline_worker_cpus"": 1.0, ""pipeline_stage_train_workers"": ""1,1,1"", ""pipeline_stage_eval_workers"": ""1,1,1"", ""stage_balance_strategy"": ""cost"", ""stage_balance_user_weight"": 0.25, ""stage_balance_item_weight"": 0.25, ""stage_balance_span_weight"": 0.0, ""pipeline_mode"": ""naive"", ""pipeline_trace"": false, ""pipeline_trace_log_path"": ""results/20260827_131557/pipeline_naive/pipeline_trace.log"", ""ray_address"": """", ""output_dir"": ""results/20260827_131557/pipeline_naive"", ""enable_efficiency_monitor"": false, ""efficiency_monitor_interval"": 10, ""data_parallel_workers"": 3, ""data_parallel_worker_gpus"": 1.0, ""data_parallel_visible_gpus"": ""0,1,2"", ""data_parallel_sync_level"": ""micro_batch"", ""data_parallel_micro_batch_size"": 200, ""gpu_list"": ""0,1,2"", ""enable_auto_pipeline_config"": false, ""batch_training"": false, ""train_batch_size"": 32, ""batch_mode"": ""stale_batch"", ""tgn_loss_mode"": ""all"", ""tgn_window_size"": 10.0, ""eval_frozen"": false, ""max_neighbors"": 0, ""model"": ""jodie_rnn"", ""embedding_dim"": 64, ""memory_cell"": ""gru"", ""time_proj"": ""linear"", ""use_static_embeddings"": ""off"", ""normalize_state"": ""on"", ""event_agg"": ""none"", ""agg_activation"": ""none"", ""attn_type"": ""dot"", ""time_decay"": ""none"", ""hidden_dim"": 0, ""memory_gate"": ""off"", ""enable_event_agg"": ""off"", ""enable_graph_update"": ""off"", ""message_mode"": ""peer"", ""msg_linear"": ""off""}"
32,coarse_pipeline,val,0.48790821843966214,0.48790821843966214,,0.48790821843966214,0.9449724862431216,22208,145.8645,jodie_rnn,"{""dataset"": ""public_csv"", ""dataset_dir"": ""data/public"", ""local_data_path"": ""data/public/mooc.csv"", ""train_ratio"": 0.7, ""val_ratio"": 0.1, ""max_events"": 20000, ""num_users"": 1435, ""num_items"": 21, ""num_interactions"": 3000, ""feature_dim"": 4, ""lr"": 0.001, ""neg_sample_size"": 5, ""k"": 10, ""selection_metric"": ""mrr"", ""device"": ""cuda"", ""seed"": 42, ""partition_size"": 2000, ""partition_strategy"": ""count"", ""partition_overlap_ratio"": 0.0, ""num_pipeline_stages"": 3, ""pipeline_worker_gpus"": 1.0, ""pipeline_worker_cpus"": 1.0, ""pipeline_stage_train_workers"": ""1,1,1"", ""pipeline_stage_eval_workers"": ""1,1,1"", ""stage_balance_strategy"": ""cost"", ""stage_balance_user_weight"": 0.25, ""stage_balance_item_weight"": 0.25, ""stage_balance_span_weight"": 0.0, ""pipeline_mode"": ""naive"", ""pipeline_trace"": false, ""pipeline_trace_log_path"": ""results/20260827_131557/pipeline_naive/pipeline_trace.log"", ""ray_address"": """", ""output_dir"": ""results/20260827_131557/pipeline_naive"", ""enable_efficiency_monitor"": false, ""efficiency_monitor_interval"": 10, ""data_parallel_workers"": 3, ""data_parallel_worker_gpus"": 1.0, ""data_parallel_visible_gpus"": ""0,1,2"", ""data_parallel_sync_level"": ""micro_batch"", ""data_parallel_micro_batch_size"": 200, ""gpu_list"": ""0,1,2"", ""enable_auto_pipeline_config"": false, ""batch_training"": false, ""train_batch_size"": 32, ""batch_mode"": ""stale_batch"", ""tgn_loss_mode"": ""all"", ""tgn_window_size"": 10.0, ""eval_frozen"": false, ""max_neighbors"": 0, ""model"": ""jodie_rnn"", ""embedding_dim"": 32, ""memory_cell"": ""gru"", ""time_proj"": ""off"", ""use_static_embeddings"": ""off"", ""normalize_state"": ""off"", ""event_agg"": ""none"", ""agg_activation"": ""none"", ""attn_type"": ""dot"", ""time_decay"": ""none"", ""hidden_dim"": 0, ""memory_gate"": ""off"", ""enable_event_agg"": ""off"", ""enable_graph_update"": ""off"", ""message_mode"": ""peer"", ""msg_linear"": ""off""}"
33,coarse_pipeline,val,0.48677142287035613,0.48677142287035613,,0.48677142287035613,0.7823911955977989,231808,204.3595,jodie_rnn,"{""dataset"": ""public_csv"", ""dataset_dir"": ""data/public"", ""local_data_path"": ""data/public/mooc.csv"", ""train_ratio"": 0.7, ""val_ratio"": 0.1, ""max_events"": 20000, ""num_users"": 1435, ""num_items"": 21, ""num_interactions"": 3000, ""feature_dim"": 4, ""lr"": 0.001, ""neg_sample_size"": 5, ""k"": 10, ""selection_metric"": ""mrr"", ""device"": ""cuda"", ""seed"": 42, ""partition_size"": 2000, ""partition_strategy"": ""count"", ""partition_overlap_ratio"": 0.0, ""num_pipeline_stages"": 3, ""pipeline_worker_gpus"": 1.0, ""pipeline_worker_cpus"": 1.0, ""pipeline_stage_train_workers"": ""1,1,1"", ""pipeline_stage_eval_workers"": ""1,1,1"", ""stage_balance_strategy"": ""cost"", ""stage_balance_user_weight"": 0.25, ""stage_balance_item_weight"": 0.25, ""stage_balance_span_weight"": 0.0, ""pipeline_mode"": ""naive"", ""pipeline_trace"": false, ""pipeline_trace_log_path"": ""results/20260827_131557/pipeline_naive/pipeline_trace.log"", ""ray_address"": """", ""output_dir"": ""results/20260827_131557/pipeline_naive"", ""enable_efficiency_monitor"": false, ""efficiency_monitor_interval"": 10, ""data_parallel_workers"": 3, ""data_parallel_worker_gpus"": 1.0, ""data_parallel_visible_gpus"": ""0,1,2"", ""data_parallel_sync_level"": ""micro_batch"", ""data_parallel_micro_batch_size"": 200, ""gpu_list"": ""0,1,2"", ""enable_auto_pipeline_config"": false, ""batch_training"": false, ""train_batch_size"": 32, ""batch_mode"": ""stale_batch"", ""tgn_loss_mode"": ""all"", ""tgn_window_size"": 10.0, ""eval_frozen"": false, ""max_neighbors"": 0, ""model"": ""jodie_rnn"", ""embedding_dim"": 64, ""memory_cell"": ""gru"", ""time_proj"": ""off"", ""use_static_embeddings"": ""on"", ""normalize_state"": ""on"", ""event_agg"": ""none"", ""agg_activation"": ""none"", ""attn_type"": ""dot"", ""time_decay"": ""none"", ""hidden_dim"": 0, ""memory_gate"": ""off"", ""enable_event_agg"": ""off"", ""enable_graph_update"": ""off"", ""message_mode"": ""peer"", ""msg_linear"": ""off""}"
34,coarse_pipeline,val,0.47701163871501523,0.47701163871501523,,0.47701163871501523,0.7898949474737369,273792,250.9306,jodie_rnn,"{""dataset"": ""public_csv"", ""dataset_dir"": ""data/public"", ""local_data_path"": ""data/public/mooc.csv"", ""train_ratio"": 0.7, ""val_ratio"": 0.1, ""max_events"": 20000, ""num_users"": 1435, ""num_items"": 21, ""num_interactions"": 3000, ""feature_dim"": 4, ""lr"": 0.001, ""neg_sample_size"": 5, ""k"": 10, ""selection_metric"": ""mrr"", ""device"": ""cuda"", ""seed"": 42, ""partition_size"": 2000, ""partition_strategy"": ""count"", ""partition_overlap_ratio"": 0.0, ""num_pipeline_stages"": 3, ""pipeline_worker_gpus"": 1.0, ""pipeline_worker_cpus"": 1.0, ""pipeline_stage_train_workers"": ""1,1,1"", ""pipeline_stage_eval_workers"": ""1,1,1"", ""stage_balance_strategy"": ""cost"", ""stage_balance_user_weight"": 0.25, ""stage_balance_item_weight"": 0.25, ""stage_balance_span_weight"": 0.0, ""pipeline_mode"": ""naive"", ""pipeline_trace"": false, ""pipeline_trace_log_path"": ""results/20260827_131557/pipeline_naive/pipeline_trace.log"", ""ray_address"": """", ""output_dir"": ""results/20260827_131557/pipeline_naive"", ""enable_efficiency_monitor"": false, ""efficiency_monitor_interval"": 10, ""data_parallel_workers"": 3, ""data_parallel_worker_gpus"": 1.0, ""data_parallel_visible_gpus"": ""0,1,2"", ""data_parallel_sync_level"": ""micro_batch"", ""data_parallel_micro_batch_size"": 200, ""gpu_list"": ""0,1,2"", ""enable_auto_pipeline_config"": false, ""batch_training"": false, ""train_batch_size"": 32, ""batch_mode"": ""stale_batch"", ""tgn_loss_mode"": ""all"", ""tgn_window_size"": 10.0, ""eval_frozen"": false, ""max_neighbors"": 0, ""model"": ""jodie_rnn"", ""embedding_dim"": 64, ""memory_cell"": ""lstm"", ""time_proj"": ""off"", ""use_static_embeddings"": ""on"", ""normalize_state"": ""off"", ""event_agg"": ""none"", ""agg_activation"": ""none"", ""attn_type"": ""dot"", ""time_decay"": ""none"", ""hidden_dim"": 0, ""memory_gate"": ""off"", ""enable_event_agg"": ""off"", ""enable_graph_update"": ""off"", ""message_mode"": ""peer"", ""msg_linear"": ""off""}"
35,coarse_pipeline,val,0.4693945657619261,0.4693945657619261,,0.4693945657619261,0.8544272136068034,133888,256.3888,jodie_rnn,"{""dataset"": ""public_csv"", ""dataset_dir"": ""data/public"", ""local_data_path"": ""data/public/mooc.csv"", ""train_ratio"": 0.7, ""val_ratio"": 0.1, ""max_events"": 20000, ""num_users"": 1435, ""num_items"": 21, ""num_interactions"": 3000, ""feature_dim"": 4, ""lr"": 0.001, ""neg_sample_size"": 5, ""k"": 10, ""selection_metric"": ""mrr"", ""device"": ""cuda"", ""seed"": 42, ""partition_size"": 2000, ""partition_strategy"": ""count"", ""partition_overlap_ratio"": 0.0, ""num_pipeline_stages"": 3, ""pipeline_worker_gpus"": 1.0, ""pipeline_worker_cpus"": 1.0, ""pipeline_stage_train_workers"": ""1,1,1"", ""pipeline_stage_eval_workers"": ""1,1,1"", ""stage_balance_strategy"": ""cost"", ""stage_balance_user_weight"": 0.25, ""stage_balance_item_weight"": 0.25, ""stage_balance_span_weight"": 0.0, ""pipeline_mode"": ""naive"", ""pipeline_trace"": false, ""pipeline_trace_log_path"": ""results/20260827_131557/pipeline_naive/pipeline_trace.log"", ""ray_address"": """", ""output_dir"": ""results/20260827_131557/pipeline_naive"", ""enable_efficiency_monitor"": false, ""efficiency_monitor_interval"": 10, ""data_parallel_workers"": 3, ""data_parallel_worker_gpus"": 1.0, ""data_parallel_visible_gpus"": ""0,1,2"", ""data_parallel_sync_level"": ""micro_batch"", ""data_parallel_micro_batch_size"": 200, ""gpu_list"": ""0,1,2"", ""enable_auto_pipeline_config"": false, ""batch_training"": false, ""train_batch_size"": 32, ""batch_mode"": ""stale_batch"", ""tgn_loss_mode"": ""all"", ""tgn_window_size"": 10.0, ""eval_frozen"": false, ""max_neighbors"": 0, ""model"": ""jodie_rnn"", ""embedding_dim"": 128, ""memory_cell"": ""rnn"", ""time_proj"": ""linear"", ""use_static_embeddings"": ""off"", ""normalize_state"": ""on"", ""event_agg"": ""none"", ""agg_activation"": ""none"", ""attn_type"": ""dot"", ""time_decay"": ""none"", ""hidden_dim"": 0, ""memory_gate"": ""off"", ""enable_event_agg"": ""off"", ""enable_graph_update"": ""off"", ""message_mode"": ""peer"", ""msg_linear"": ""off""}"
36,coarse_pipeline,val,0.45672930553550134,0.45672930553550134,,0.45672930553550134,0.7578789394697348,899840,279.985,jodie_rnn,"{""dataset"": ""public_csv"", ""dataset_dir"": ""data/public"", ""local_data_path"": ""data/public/mooc.csv"", ""train_ratio"": 0.7, ""val_ratio"": 0.1, ""max_events"": 20000, ""num_users"": 1435, ""num_items"": 21, ""num_interactions"": 3000, ""feature_dim"": 4, ""lr"": 0.001, ""neg_sample_size"": 5, ""k"": 10, ""selection_metric"": ""mrr"", ""device"": ""cuda"", ""seed"": 42, ""partition_size"": 2000, ""partition_strategy"": ""count"", ""partition_overlap_ratio"": 0.0, ""num_pipeline_stages"": 3, ""pipeline_worker_gpus"": 1.0, ""pipeline_worker_cpus"": 1.0, ""pipeline_stage_train_workers"": ""1,1,1"", ""pipeline_stage_eval_workers"": ""1,1,1"", ""stage_balance_strategy"": ""cost"", ""stage_balance_user_weight"": 0.25, ""stage_balance_item_weight"": 0.25, ""stage_balance_span_weight"": 0.0, ""pipeline_mode"": ""naive"", ""pipeline_trace"": false, ""pipeline_trace_log_path"": ""results/20260827_131557/pipeline_naive/pipeline_trace.log"", ""ray_address"": """", ""output_dir"": ""results/20260827_131557/pipeline_naive"", ""enable_efficiency_monitor"": false, ""efficiency_monitor_interval"": 10, ""data_parallel_workers"": 3, ""data_parallel_worker_gpus"": 1.0, ""data_parallel_visible_gpus"": ""0,1,2"", ""data_parallel_sync_level"": ""micro_batch"", ""data_parallel_micro_batch_size"": 200, ""gpu_list"": ""0,1,2"", ""enable_auto_pipeline_config"": false, ""batch_training"": false, ""train_batch_size"": 32, ""batch_mode"": ""stale_batch"", ""tgn_loss_mode"": ""all"", ""tgn_window_size"": 10.0, ""eval_frozen"": false, ""max_neighbors"": 0, ""model"": ""jodie_rnn"", ""embedding_dim"": 128, ""memory_cell"": ""lstm"", ""time_proj"": ""off"", ""use_static_embeddings"": ""on"", ""normalize_state"": ""off"", ""event_agg"": ""none"", ""agg_activation"": ""none"", ""attn_type"": ""dot"", ""time_decay"": ""none"", ""hidden_dim"": 0, ""memory_gate"": ""off"", ""enable_event_agg"": ""off"", ""enable_graph_update"": ""off"", ""message_mode"": ""peer"", ""msg_linear"": ""off""}"
37,coarse_pipeline,val,0.44568322870963006,0.44568322870963006,,0.44568322870963006,0.7838919459729865,402176,449.1664,jodie_rnn,"{""dataset"": ""public_csv"", ""dataset_dir"": ""data/public"", ""local_data_path"": ""data/public/mooc.csv"", ""train_ratio"": 0.7, ""val_ratio"": 0.1, ""max_events"": 20000, ""num_users"": 1435, ""num_items"": 21, ""num_interactions"": 3000, ""feature_dim"": 4, ""lr"": 0.001, ""neg_sample_size"": 5, ""k"": 10, ""selection_metric"": ""mrr"", ""device"": ""cuda"", ""seed"": 42, ""partition_size"": 2000, ""partition_strategy"": ""count"", ""partition_overlap_ratio"": 0.0, ""num_pipeline_stages"": 3, ""pipeline_worker_gpus"": 1.0, ""pipeline_worker_cpus"": 1.0, ""pipeline_stage_train_workers"": ""1,1,1"", ""pipeline_stage_eval_workers"": ""1,1,1"", ""stage_balance_strategy"": ""cost"", ""stage_balance_user_weight"": 0.25, ""stage_balance_item_weight"": 0.25, ""stage_balance_span_weight"": 0.0, ""pipeline_mode"": ""naive"", ""pipeline_trace"": false, ""pipeline_trace_log_path"": ""results/20260827_131557/pipeline_naive/pipeline_trace.log"", ""ray_address"": """", ""output_dir"": ""results/20260827_131557/pipeline_naive"", ""enable_efficiency_monitor"": false, ""efficiency_monitor_interval"": 10, ""data_parallel_workers"": 3, ""data_parallel_worker_gpus"": 1.0, ""data_parallel_visible_gpus"": ""0,1,2"", ""data_parallel_sync_level"": ""micro_batch"", ""data_parallel_micro_batch_size"": 200, ""gpu_list"": ""0,1,2"", ""enable_auto_pipeline_config"": false, ""batch_training"": false, ""train_batch_size"": 32, ""batch_mode"": ""stale_batch"", ""tgn_loss_mode"": ""all"", ""tgn_window_size"": 10.0, ""eval_frozen"": false, ""max_neighbors"": 0, ""model"": ""jodie_rnn"", ""embedding_dim"": 128, ""memory_cell"": ""rnn"", ""time_proj"": ""linear"", ""use_static_embeddings"": ""on"", ""normalize_state"": ""on"", ""event_agg"": ""none"", ""agg_activation"": ""none"", ""attn_type"": ""dot"", ""time_decay"": ""none"", ""hidden_dim"": 0, ""memory_gate"": ""off"", ""enable_event_agg"": ""off"", ""enable_graph_update"": ""off"", ""message_mode"": ""peer"", ""msg_linear"": ""off""}"
38,coarse_pipeline,val,0.4376797658227278,0.4376797658227278,,0.4376797658227278,0.7868934467233617,92864,179.9546,jodie_rnn,"{""dataset"": ""public_csv"", ""dataset_dir"": ""data/public"", ""local_data_path"": ""data/public/mooc.csv"", ""train_ratio"": 0.7, ""val_ratio"": 0.1, ""max_events"": 20000, ""num_users"": 1435, ""num_items"": 21, ""num_interactions"": 3000, ""feature_dim"": 4, ""lr"": 0.001, ""neg_sample_size"": 5, ""k"": 10, ""selection_metric"": ""mrr"", ""device"": ""cuda"", ""seed"": 42, ""partition_size"": 2000, ""partition_strategy"": ""count"", ""partition_overlap_ratio"": 0.0, ""num_pipeline_stages"": 3, ""pipeline_worker_gpus"": 1.0, ""pipeline_worker_cpus"": 1.0, ""pipeline_stage_train_workers"": ""1,1,1"", ""pipeline_stage_eval_workers"": ""1,1,1"", ""stage_balance_strategy"": ""cost"", ""stage_balance_user_weight"": 0.25, ""stage_balance_item_weight"": 0.25, ""stage_balance_span_weight"": 0.0, ""pipeline_mode"": ""naive"", ""pipeline_trace"": false, ""pipeline_trace_log_path"": ""results/20260827_131557/pipeline_naive/pipeline_trace.log"", ""ray_address"": """", ""output_dir"": ""results/20260827_131557/pipeline_naive"", ""enable_efficiency_monitor"": false, ""efficiency_monitor_interval"": 10, ""data_parallel_workers"": 3, ""data_parallel_worker_gpus"": 1.0, ""data_parallel_visible_gpus"": ""0,1,2"", ""data_parallel_sync_level"": ""micro_batch"", ""data_parallel_micro_batch_size"": 200, ""gpu_list"": ""0,1,2"", ""enable_auto_pipeline_config"": false, ""batch_training"": false, ""train_batch_size"": 32, ""batch_mode"": ""stale_batch"", ""tgn_loss_mode"": ""all"", ""tgn_window_size"": 10.0, ""eval_frozen"": false, ""max_neighbors"": 0, ""model"": ""jodie_rnn"", ""embedding_dim"": 32, ""memory_cell"": ""lstm"", ""time_proj"": ""off"", ""use_static_embeddings"": ""on"", ""normalize_state"": ""off"", ""event_agg"": ""none"", ""agg_activation"": ""none"", ""attn_type"": ""dot"", ""time_decay"": ""none"", ""hidden_dim"": 0, ""memory_gate"": ""off"", ""enable_event_agg"": ""off"", ""enable_graph_update"": ""off"", ""message_mode"": ""peer"", ""msg_linear"": ""off""}"
39,coarse_pipeline,val,0.4218006742457058,0.4218006742457058,,0.4218006742457058,0.8254127063531765,273792,273.2842,jodie_rnn,"{""dataset"": ""public_csv"", ""dataset_dir"": ""data/public"", ""local_data_path"": ""data/public/mooc.csv"", ""train_ratio"": 0.7, ""val_ratio"": 0.1, ""max_events"": 20000, ""num_users"": 1435, ""num_items"": 21, ""num_interactions"": 3000, ""feature_dim"": 4, ""lr"": 0.001, ""neg_sample_size"": 5, ""k"": 10, ""selection_metric"": ""mrr"", ""device"": ""cuda"", ""seed"": 42, ""partition_size"": 2000, ""partition_strategy"": ""count"", ""partition_overlap_ratio"": 0.0, ""num_pipeline_stages"": 3, ""pipeline_worker_gpus"": 1.0, ""pipeline_worker_cpus"": 1.0, ""pipeline_stage_train_workers"": ""1,1,1"", ""pipeline_stage_eval_workers"": ""1,1,1"", ""stage_balance_strategy"": ""cost"", ""stage_balance_user_weight"": 0.25, ""stage_balance_item_weight"": 0.25, ""stage_balance_span_weight"": 0.0, ""pipeline_mode"": ""naive"", ""pipeline_trace"": false, ""pipeline_trace_log_path"": ""results/20260827_131557/pipeline_naive/pipeline_trace.log"", ""ray_address"": """", ""output_dir"": ""results/20260827_131557/pipeline_naive"", ""enable_efficiency_monitor"": false, ""efficiency_monitor_interval"": 10, ""data_parallel_workers"": 3, ""data_parallel_worker_gpus"": 1.0, ""data_parallel_visible_gpus"": ""0,1,2"", ""data_parallel_sync_level"": ""micro_batch"", ""data_parallel_micro_batch_size"": 200, ""gpu_list"": ""0,1,2"", ""enable_auto_pipeline_config"": false, ""batch_training"": false, ""train_batch_size"": 32, ""batch_mode"": ""stale_batch"", ""tgn_loss_mode"": ""all"", ""tgn_window_size"": 10.0, ""eval_frozen"": false, ""max_neighbors"": 0, ""model"": ""jodie_rnn"", ""embedding_dim"": 64, ""memory_cell"": ""lstm"", ""time_proj"": ""linear"", ""use_static_embeddings"": ""on"", ""normalize_state"": ""on"", ""event_agg"": ""none"", ""agg_activation"": ""none"", ""attn_type"": ""dot"", ""time_decay"": ""none"", ""hidden_dim"": 0, ""memory_gate"": ""off"", ""enable_event_agg"": ""off"", ""enable_graph_update"": ""off"", ""message_mode"": ""peer"", ""msg_linear"": ""off""}"
40,coarse_pipeline,val,0.4188888908568619,0.4188888908568619,,0.4188888908568619,0.7308654327163582,334592,193.0879,jodie_rnn,"{""dataset"": ""public_csv"", ""dataset_dir"": ""data/public"", ""local_data_path"": ""data/public/mooc.csv"", ""train_ratio"": 0.7, ""val_ratio"": 0.1, ""max_events"": 20000, ""num_users"": 1435, ""num_items"": 21, ""num_interactions"": 3000, ""feature_dim"": 4, ""lr"": 0.001, ""neg_sample_size"": 5, ""k"": 10, ""selection_metric"": ""mrr"", ""device"": ""cuda"", ""seed"": 42, ""partition_size"": 2000, ""partition_strategy"": ""count"", ""partition_overlap_ratio"": 0.0, ""num_pipeline_stages"": 3, ""pipeline_worker_gpus"": 1.0, ""pipeline_worker_cpus"": 1.0, ""pipeline_stage_train_workers"": ""1,1,1"", ""pipeline_stage_eval_workers"": ""1,1,1"", ""stage_balance_strategy"": ""cost"", ""stage_balance_user_weight"": 0.25, ""stage_balance_item_weight"": 0.25, ""stage_balance_span_weight"": 0.0, ""pipeline_mode"": ""naive"", ""pipeline_trace"": false, ""pipeline_trace_log_path"": ""results/20260827_131557/pipeline_naive/pipeline_trace.log"", ""ray_address"": """", ""output_dir"": ""results/20260827_131557/pipeline_naive"", ""enable_efficiency_monitor"": false, ""efficiency_monitor_interval"": 10, ""data_parallel_workers"": 3, ""data_parallel_worker_gpus"": 1.0, ""data_parallel_visible_gpus"": ""0,1,2"", ""data_parallel_sync_level"": ""micro_batch"", ""data_parallel_micro_batch_size"": 200, ""gpu_list"": ""0,1,2"", ""enable_auto_pipeline_config"": false, ""batch_training"": false, ""train_batch_size"": 32, ""batch_mode"": ""stale_batch"", ""tgn_loss_mode"": ""all"", ""tgn_window_size"": 10.0, ""eval_frozen"": false, ""max_neighbors"": 0, ""model"": ""jodie_rnn"", ""embedding_dim"": 128, ""memory_cell"": ""gru"", ""time_proj"": ""linear"", ""use_static_embeddings"": ""off"", ""normalize_state"": ""on"", ""event_agg"": ""none"", ""agg_activation"": ""none"", ""attn_type"": ""dot"", ""time_decay"": ""none"", ""hidden_dim"": 0, ""memory_gate"": ""off"", ""enable_event_agg"": ""off"", ""enable_graph_update"": ""off"", ""message_mode"": ""peer"", ""msg_linear"": ""off""}"
41,coarse_pipeline,val,0.4087834839732862,0.4087834839732862,,0.4087834839732862,0.847423711855928,82112,333.8231,jodie_rnn,"{""dataset"": ""public_csv"", ""dataset_dir"": ""data/public"", ""local_data_path"": ""data/public/mooc.csv"", ""train_ratio"": 0.7, ""val_ratio"": 0.1, ""max_events"": 20000, ""num_users"": 1435, ""num_items"": 21, ""num_interactions"": 3000, ""feature_dim"": 4, ""lr"": 0.001, ""neg_sample_size"": 5, ""k"": 10, ""selection_metric"": ""mrr"", ""device"": ""cuda"", ""seed"": 42, ""partition_size"": 2000, ""partition_strategy"": ""count"", ""partition_overlap_ratio"": 0.0, ""num_pipeline_stages"": 3, ""pipeline_worker_gpus"": 1.0, ""pipeline_worker_cpus"": 1.0, ""pipeline_stage_train_workers"": ""1,1,1"", ""pipeline_stage_eval_workers"": ""1,1,1"", ""stage_balance_strategy"": ""cost"", ""stage_balance_user_weight"": 0.25, ""stage_balance_item_weight"": 0.25, ""stage_balance_span_weight"": 0.0, ""pipeline_mode"": ""naive"", ""pipeline_trace"": false, ""pipeline_trace_log_path"": ""results/20260827_131557/pipeline_naive/pipeline_trace.log"", ""ray_address"": """", ""output_dir"": ""results/20260827_131557/pipeline_naive"", ""enable_efficiency_monitor"": false, ""efficiency_monitor_interval"": 10, ""data_parallel_workers"": 3, ""data_parallel_worker_gpus"": 1.0, ""data_parallel_visible_gpus"": ""0,1,2"", ""data_parallel_sync_level"": ""micro_batch"", ""data_parallel_micro_batch_size"": 200, ""gpu_list"": ""0,1,2"", ""enable_auto_pipeline_config"": false, ""batch_training"": false, ""train_batch_size"": 32, ""batch_mode"": ""stale_batch"", ""tgn_loss_mode"": ""all"", ""tgn_window_size"": 10.0, ""eval_frozen"": false, ""max_neighbors"": 0, ""model"": ""jodie_rnn"", ""embedding_dim"": 32, ""memory_cell"": ""gru"", ""time_proj"": ""off"", ""use_static_embeddings"": ""on"", ""normalize_state"": ""off"", ""event_agg"": ""none"", ""agg_activation"": ""none"", ""attn_type"": ""dot"", ""time_decay"": ""none"", ""hidden_dim"": 0, ""memory_gate"": ""off"", ""enable_event_agg"": ""off"", ""enable_graph_update"": ""off"", ""message_mode"": ""peer"", ""msg_linear"": ""off""}"
42,coarse_pipeline,val,0.387473131680531,0.387473131680531,,0.387473131680531,0.7583791895947974,133888,152.1742,jodie_rnn,"{""dataset"": ""public_csv"", ""dataset_dir"": ""data/public"", ""local_data_path"": ""data/public/mooc.csv"", ""train_ratio"": 0.7, ""val_ratio"": 0.1, ""max_events"": 20000, ""num_users"": 1435, ""num_items"": 21, ""num_interactions"": 3000, ""feature_dim"": 4, ""lr"": 0.001, ""neg_sample_size"": 5, ""k"": 10, ""selection_metric"": ""mrr"", ""device"": ""cuda"", ""seed"": 42, ""partition_size"": 2000, ""partition_strategy"": ""count"", ""partition_overlap_ratio"": 0.0, ""num_pipeline_stages"": 3, ""pipeline_worker_gpus"": 1.0, ""pipeline_worker_cpus"": 1.0, ""pipeline_stage_train_workers"": ""1,1,1"", ""pipeline_stage_eval_workers"": ""1,1,1"", ""stage_balance_strategy"": ""cost"", ""stage_balance_user_weight"": 0.25, ""stage_balance_item_weight"": 0.25, ""stage_balance_span_weight"": 0.0, ""pipeline_mode"": ""naive"", ""pipeline_trace"": false, ""pipeline_trace_log_path"": ""results/20260827_131557/pipeline_naive/pipeline_trace.log"", ""ray_address"": """", ""output_dir"": ""results/20260827_131557/pipeline_naive"", ""enable_efficiency_monitor"": false, ""efficiency_monitor_interval"": 10, ""data_parallel_workers"": 3, ""data_parallel_worker_gpus"": 1.0, ""data_parallel_visible_gpus"": ""0,1,2"", ""data_parallel_sync_level"": ""micro_batch"", ""data_parallel_micro_batch_size"": 200, ""gpu_list"": ""0,1,2"", ""enable_auto_pipeline_config"": false, ""batch_training"": false, ""train_batch_size"": 32, ""batch_mode"": ""stale_batch"", ""tgn_loss_mode"": ""all"", ""tgn_window_size"": 10.0, ""eval_frozen"": false, ""max_neighbors"": 0, ""model"": ""jodie_rnn"", ""embedding_dim"": 128, ""memory_cell"": ""rnn"", ""time_proj"": ""off"", ""use_static_embeddings"": ""off"", ""normalize_state"": ""on"", ""event_agg"": ""none"", ""agg_activation"": ""none"", ""attn_type"": ""dot"", ""time_decay"": ""none"", ""hidden_dim"": 0, ""memory_gate"": ""off"", ""enable_event_agg"": ""off"", ""enable_graph_update"": ""off"", ""message_mode"": ""peer"", ""msg_linear"": ""off""}"
43,coarse_pipeline,val,0.3828114655920984,0.3828114655920984,,0.3828114655920984,0.7338669334667334,8896,332.7127,jodie_rnn,"{""dataset"": ""public_csv"", ""dataset_dir"": ""data/public"", ""local_data_path"": ""data/public/mooc.csv"", ""train_ratio"": 0.7, ""val_ratio"": 0.1, ""max_events"": 20000, ""num_users"": 1435, ""num_items"": 21, ""num_interactions"": 3000, ""feature_dim"": 4, ""lr"": 0.001, ""neg_sample_size"": 5, ""k"": 10, ""selection_metric"": ""mrr"", ""device"": ""cuda"", ""seed"": 42, ""partition_size"": 2000, ""partition_strategy"": ""count"", ""partition_overlap_ratio"": 0.0, ""num_pipeline_stages"": 3, ""pipeline_worker_gpus"": 1.0, ""pipeline_worker_cpus"": 1.0, ""pipeline_stage_train_workers"": ""1,1,1"", ""pipeline_stage_eval_workers"": ""1,1,1"", ""stage_balance_strategy"": ""cost"", ""stage_balance_user_weight"": 0.25, ""stage_balance_item_weight"": 0.25, ""stage_balance_span_weight"": 0.0, ""pipeline_mode"": ""naive"", ""pipeline_trace"": false, ""pipeline_trace_log_path"": ""results/20260827_131557/pipeline_naive/pipeline_trace.log"", ""ray_address"": """", ""output_dir"": ""results/20260827_131557/pipeline_naive"", ""enable_efficiency_monitor"": false, ""efficiency_monitor_interval"": 10, ""data_parallel_workers"": 3, ""data_parallel_worker_gpus"": 1.0, ""data_parallel_visible_gpus"": ""0,1,2"", ""data_parallel_sync_level"": ""micro_batch"", ""data_parallel_micro_batch_size"": 200, ""gpu_list"": ""0,1,2"", ""enable_auto_pipeline_config"": false, ""batch_training"": false, ""train_batch_size"": 32, ""batch_mode"": ""stale_batch"", ""tgn_loss_mode"": ""all"", ""tgn_window_size"": 10.0, ""eval_frozen"": false, ""max_neighbors"": 0, ""model"": ""jodie_rnn"", ""embedding_dim"": 32, ""memory_cell"": ""rnn"", ""time_proj"": ""off"", ""use_static_embeddings"": ""off"", ""normalize_state"": ""on"", ""event_agg"": ""none"", ""agg_activation"": ""none"", ""attn_type"": ""dot"", ""time_decay"": ""none"", ""hidden_dim"": 0, ""memory_gate"": ""off"", ""enable_event_agg"": ""off"", ""enable_graph_update"": ""off"", ""message_mode"": ""peer"", ""msg_linear"": ""off""}"
44,coarse_pipeline,val,0.3643694780915487,0.3643694780915487,,0.3643694780915487,0.7403701850925463,60608,257.0915,jodie_rnn,"{""dataset"": ""public_csv"", ""dataset_dir"": ""data/public"", ""local_data_path"": ""data/public/mooc.csv"", ""train_ratio"": 0.7, ""val_ratio"": 0.1, ""max_events"": 20000, ""num_users"": 1435, ""num_items"": 21, ""num_interactions"": 3000, ""feature_dim"": 4, ""lr"": 0.001, ""neg_sample_size"": 5, ""k"": 10, ""selection_metric"": ""mrr"", ""device"": ""cuda"", ""seed"": 42, ""partition_size"": 2000, ""partition_strategy"": ""count"", ""partition_overlap_ratio"": 0.0, ""num_pipeline_stages"": 3, ""pipeline_worker_gpus"": 1.0, ""pipeline_worker_cpus"": 1.0, ""pipeline_stage_train_workers"": ""1,1,1"", ""pipeline_stage_eval_workers"": ""1,1,1"", ""stage_balance_strategy"": ""cost"", ""stage_balance_user_weight"": 0.25, ""stage_balance_item_weight"": 0.25, ""stage_balance_span_weight"": 0.0, ""pipeline_mode"": ""naive"", ""pipeline_trace"": false, ""pipeline_trace_log_path"": ""results/20260827_131557/pipeline_naive/pipeline_trace.log"", ""ray_address"": """", ""output_dir"": ""results/20260827_131557/pipeline_naive"", ""enable_efficiency_monitor"": false, ""efficiency_monitor_interval"": 10, ""data_parallel_workers"": 3, ""data_parallel_worker_gpus"": 1.0, ""data_parallel_visible_gpus"": ""0,1,2"", ""data_parallel_sync_level"": ""micro_batch"", ""data_parallel_micro_batch_size"": 200, ""gpu_list"": ""0,1,2"", ""enable_auto_pipeline_config"": false, ""batch_training"": false, ""train_batch_size"": 32, ""batch_mode"": ""stale_batch"", ""tgn_loss_mode"": ""all"", ""tgn_window_size"": 10.0, ""eval_frozen"": false, ""max_neighbors"": 0, ""model"": ""jodie_rnn"", ""embedding_dim"": 32, ""memory_cell"": ""rnn"", ""time_proj"": ""off"", ""use_static_embeddings"": ""on"", ""normalize_state"": ""on"", ""event_agg"": ""none"", ""agg_activation"": ""none"", ""attn_type"": ""dot"", ""time_decay"": ""none"", ""hidden_dim"": 0, ""memory_gate"": ""off"", ""enable_event_agg"": ""off"", ""enable_graph_update"": ""off"", ""message_mode"": ""peer"", ""msg_linear"": ""off""}"
45,coarse_pipeline,val,0.3519934007402596,0.3519934007402596,,0.3519934007402596,0.7033516758379189,110976,351.1668,jodie_rnn,"{""dataset"": ""public_csv"", ""dataset_dir"": ""data/public"", ""local_data_path"": ""data/public/mooc.csv"", ""train_ratio"": 0.7, ""val_ratio"": 0.1, ""max_events"": 20000, ""num_users"": 1435, ""num_items"": 21, ""num_interactions"": 3000, ""feature_dim"": 4, ""lr"": 0.001, ""neg_sample_size"": 5, ""k"": 10, ""selection_metric"": ""mrr"", ""device"": ""cuda"", ""seed"": 42, ""partition_size"": 2000, ""partition_strategy"": ""count"", ""partition_overlap_ratio"": 0.0, ""num_pipeline_stages"": 3, ""pipeline_worker_gpus"": 1.0, ""pipeline_worker_cpus"": 1.0, ""pipeline_stage_train_workers"": ""1,1,1"", ""pipeline_stage_eval_workers"": ""1,1,1"", ""stage_balance_strategy"": ""cost"", ""stage_balance_user_weight"": 0.25, ""stage_balance_item_weight"": 0.25, ""stage_balance_span_weight"": 0.0, ""pipeline_mode"": ""naive"", ""pipeline_trace"": false, ""pipeline_trace_log_path"": ""results/20260827_131557/pipeline_naive/pipeline_trace.log"", ""ray_address"": """", ""output_dir"": ""results/20260827_131557/pipeline_naive"", ""enable_efficiency_monitor"": false, ""efficiency_monitor_interval"": 10, ""data_parallel_workers"": 3, ""data_parallel_worker_gpus"": 1.0, ""data_parallel_visible_gpus"": ""0,1,2"", ""data_parallel_sync_level"": ""micro_batch"", ""data_parallel_micro_batch_size"": 200, ""gpu_list"": ""0,1,2"", ""enable_auto_pipeline_config"": false, ""batch_training"": false, ""train_batch_size"": 32, ""batch_mode"": ""stale_batch"", ""tgn_loss_mode"": ""all"", ""tgn_window_size"": 10.0, ""eval_frozen"": false, ""max_neighbors"": 0, ""model"": ""jodie_rnn"", ""embedding_dim"": 64, ""memory_cell"": ""lstm"", ""time_proj"": ""off"", ""use_static_embeddings"": ""off"", ""normalize_state"": ""on"", ""event_agg"": ""none"", ""agg_activation"": ""none"", ""attn_type"": ""dot"", ""time_decay"": ""none"", ""hidden_dim"": 0, ""memory_gate"": ""off"", ""enable_event_agg"": ""off"", ""enable_graph_update"": ""off"", ""message_mode"": ""peer"", ""msg_linear"": ""off""}"
46,coarse_pipeline,val,0.34639012070866587,0.34639012070866587,,0.34639012070866587,0.6453226613306653,28864,320.8649,jodie_rnn,"{""dataset"": ""public_csv"", ""dataset_dir"": ""data/public"", ""local_data_path"": ""data/public/mooc.csv"", ""train_ratio"": 0.7, ""val_ratio"": 0.1, ""max_events"": 20000, ""num_users"": 1435, ""num_items"": 21, ""num_interactions"": 3000, ""feature_dim"": 4, ""lr"": 0.001, ""neg_sample_size"": 5, ""k"": 10, ""selection_metric"": ""mrr"", ""device"": ""cuda"", ""seed"": 42, ""partition_size"": 2000, ""partition_strategy"": ""count"", ""partition_overlap_ratio"": 0.0, ""num_pipeline_stages"": 3, ""pipeline_worker_gpus"": 1.0, ""pipeline_worker_cpus"": 1.0, ""pipeline_stage_train_workers"": ""1,1,1"", ""pipeline_stage_eval_workers"": ""1,1,1"", ""stage_balance_strategy"": ""cost"", ""stage_balance_user_weight"": 0.25, ""stage_balance_item_weight"": 0.25, ""stage_balance_span_weight"": 0.0, ""pipeline_mode"": ""naive"", ""pipeline_trace"": false, ""pipeline_trace_log_path"": ""results/20260827_131557/pipeline_naive/pipeline_trace.log"", ""ray_address"": """", ""output_dir"": ""results/20260827_131557/pipeline_naive"", ""enable_efficiency_monitor"": false, ""efficiency_monitor_interval"": 10, ""data_parallel_workers"": 3, ""data_parallel_worker_gpus"": 1.0, ""data_parallel_visible_gpus"": ""0,1,2"", ""data_parallel_sync_level"": ""micro_batch"", ""data_parallel_micro_batch_size"": 200, ""gpu_list"": ""0,1,2"", ""enable_auto_pipeline_config"": false, ""batch_training"": false, ""train_batch_size"": 32, ""batch_mode"": ""stale_batch"", ""tgn_loss_mode"": ""all"", ""tgn_window_size"": 10.0, ""eval_frozen"": false, ""max_neighbors"": 0, ""model"": ""jodie_rnn"", ""embedding_dim"": 32, ""memory_cell"": ""lstm"", ""time_proj"": ""linear"", ""use_static_embeddings"": ""off"", ""normalize_state"": ""off"", ""event_agg"": ""none"", ""agg_activation"": ""none"", ""attn_type"": ""dot"", ""time_decay"": ""none"", ""hidden_dim"": 0, ""memory_gate"": ""off"", ""enable_event_agg"": ""off"", ""enable_graph_update"": ""off"", ""message_mode"": ""peer"", ""msg_linear"": ""off""}"
47,coarse_pipeline,val,0.3440179163187729,0.3440179163187729,,0.3440179163187729,0.6778389194597298,434944,256.9618,jodie_rnn,"{""dataset"": ""public_csv"", ""dataset_dir"": ""data/public"", ""local_data_path"": ""data/public/mooc.csv"", ""train_ratio"": 0.7, ""val_ratio"": 0.1, ""max_events"": 20000, ""num_users"": 1435, ""num_items"": 21, ""num_interactions"": 3000, ""feature_dim"": 4, ""lr"": 0.001, ""neg_sample_size"": 5, ""k"": 10, ""selection_metric"": ""mrr"", ""device"": ""cuda"", ""seed"": 42, ""partition_size"": 2000, ""partition_strategy"": ""count"", ""partition_overlap_ratio"": 0.0, ""num_pipeline_stages"": 3, ""pipeline_worker_gpus"": 1.0, ""pipeline_worker_cpus"": 1.0, ""pipeline_stage_train_workers"": ""1,1,1"", ""pipeline_stage_eval_workers"": ""1,1,1"", ""stage_balance_strategy"": ""cost"", ""stage_balance_user_weight"": 0.25, ""stage_balance_item_weight"": 0.25, ""stage_balance_span_weight"": 0.0, ""pipeline_mode"": ""naive"", ""pipeline_trace"": false, ""pipeline_trace_log_path"": ""results/20260827_131557/pipeline_naive/pipeline_trace.log"", ""ray_address"": """", ""output_dir"": ""results/20260827_131557/pipeline_naive"", ""enable_efficiency_monitor"": false, ""efficiency_monitor_interval"": 10, ""data_parallel_workers"": 3, ""data_parallel_worker_gpus"": 1.0, ""data_parallel_visible_gpus"": ""0,1,2"", ""data_parallel_sync_level"": ""micro_batch"", ""data_parallel_micro_batch_size"": 200, ""gpu_list"": ""0,1,2"", ""enable_auto_pipeline_config"": false, ""batch_training"": false, ""train_batch_size"": 32, ""batch_mode"": ""stale_batch"", ""tgn_loss_mode"": ""all"", ""tgn_window_size"": 10.0, ""eval_frozen"": false, ""max_neighbors"": 0, ""model"": ""jodie_rnn"", ""embedding_dim"": 128, ""memory_cell"": ""lstm"", ""time_proj"": ""linear"", ""use_static_embeddings"": ""off"", ""normalize_state"": ""on"", ""event_agg"": ""none"", ""agg_activation"": ""none"", ""attn_type"": ""dot"", ""time_decay"": ""none"", ""hidden_dim"": 0, ""memory_gate"": ""off"", ""enable_event_agg"": ""off"", ""enable_graph_update"": ""off"", ""message_mode"": ""peer"", ""msg_linear"": ""off""}"
48,coarse_pipeline,val,0.34337903429440303,0.34337903429440303,,0.34337903429440303,0.6923461730865432,434944,263.0784,jodie_rnn,"{""dataset"": ""public_csv"", ""dataset_dir"": ""data/public"", ""local_data_path"": ""data/public/mooc.csv"", ""train_ratio"": 0.7, ""val_ratio"": 0.1, ""max_events"": 20000, ""num_users"": 1435, ""num_items"": 21, ""num_interactions"": 3000, ""feature_dim"": 4, ""lr"": 0.001, ""neg_sample_size"": 5, ""k"": 10, ""selection_metric"": ""mrr"", ""device"": ""cuda"", ""seed"": 42, ""partition_size"": 2000, ""partition_strategy"": ""count"", ""partition_overlap_ratio"": 0.0, ""num_pipeline_stages"": 3, ""pipeline_worker_gpus"": 1.0, ""pipeline_worker_cpus"": 1.0, ""pipeline_stage_train_workers"": ""1,1,1"", ""pipeline_stage_eval_workers"": ""1,1,1"", ""stage_balance_strategy"": ""cost"", ""stage_balance_user_weight"": 0.25, ""stage_balance_item_weight"": 0.25, ""stage_balance_span_weight"": 0.0, ""pipeline_mode"": ""naive"", ""pipeline_trace"": false, ""pipeline_trace_log_path"": ""results/20260827_131557/pipeline_naive/pipeline_trace.log"", ""ray_address"": """", ""output_dir"": ""results/20260827_131557/pipeline_naive"", ""enable_efficiency_monitor"": false, ""efficiency_monitor_interval"": 10, ""data_parallel_workers"": 3, ""data_parallel_worker_gpus"": 1.0, ""data_parallel_visible_gpus"": ""0,1,2"", ""data_parallel_sync_level"": ""micro_batch"", ""data_parallel_micro_batch_size"": 200, ""gpu_list"": ""0,1,2"", ""enable_auto_pipeline_config"": false, ""batch_training"": false, ""train_batch_size"": 32, ""batch_mode"": ""stale_batch"", ""tgn_loss_mode"": ""all"", ""tgn_window_size"": 10.0, ""eval_frozen"": false, ""max_neighbors"": 0, ""model"": ""jodie_rnn"", ""embedding_dim"": 128, ""memory_cell"": ""lstm"", ""time_proj"": ""off"", ""use_static_embeddings"": ""off"", ""normalize_state"": ""on"", ""event_agg"": ""none"", ""agg_activation"": ""none"", ""attn_type"": ""dot"", ""time_decay"": ""none"", ""hidden_dim"": 0, ""memory_gate"": ""off"", ""enable_event_agg"": ""off"", ""enable_graph_update"": ""off"", ""message_mode"": ""peer"", ""msg_linear"": ""off""}"
49,coarse_pipeline,val,0.333232982763999,0.333232982763999,,0.333232982763999,0.6698349174587294,733952,313.6744,jodie_rnn,"{""dataset"": ""public_csv"", ""dataset_dir"": ""data/public"", ""local_data_path"": ""data/public/mooc.csv"", ""train_ratio"": 0.7, ""val_ratio"": 0.1, ""max_events"": 20000, ""num_users"": 1435, ""num_items"": 21, ""num_interactions"": 3000, ""feature_dim"": 4, ""lr"": 0.001, ""neg_sample_size"": 5, ""k"": 10, ""selection_metric"": ""mrr"", ""device"": ""cuda"", ""seed"": 42, ""partition_size"": 2000, ""partition_strategy"": ""count"", ""partition_overlap_ratio"": 0.0, ""num_pipeline_stages"": 3, ""pipeline_worker_gpus"": 1.0, ""pipeline_worker_cpus"": 1.0, ""pipeline_stage_train_workers"": ""1,1,1"", ""pipeline_stage_eval_workers"": ""1,1,1"", ""stage_balance_strategy"": ""cost"", ""stage_balance_user_weight"": 0.25, ""stage_balance_item_weight"": 0.25, ""stage_balance_span_weight"": 0.0, ""pipeline_mode"": ""naive"", ""pipeline_trace"": false, ""pipeline_trace_log_path"": ""results/20260827_131557/pipeline_naive/pipeline_trace.log"", ""ray_address"": """", ""output_dir"": ""results/20260827_131557/pipeline_naive"", ""enable_efficiency_monitor"": false, ""efficiency_monitor_interval"": 10, ""data_parallel_workers"": 3, ""data_parallel_worker_gpus"": 1.0, ""data_parallel_visible_gpus"": ""0,1,2"", ""data_parallel_sync_level"": ""micro_batch"", ""data_parallel_micro_batch_size"": 200, ""gpu_list"": ""0,1,2"", ""enable_auto_pipeline_config"": false, ""batch_training"": false, ""train_batch_size"": 32, ""batch_mode"": ""stale_batch"", ""tgn_loss_mode"": ""all"", ""tgn_window_size"": 10.0, ""eval_frozen"": false, ""max_neighbors"": 0, ""model"": ""jodie_rnn"", ""embedding_dim"": 128, ""memory_cell"": ""gru"", ""time_proj"": ""linear"", ""use_static_embeddings"": ""on"", ""normalize_state"": ""on"", ""event_agg"": ""none"", ""agg_activation"": ""none"", ""attn_type"": ""dot"", ""time_decay"": ""none"", ""hidden_dim"": 0, ""memory_gate"": ""off"", ""enable_event_agg"": ""off"", ""enable_graph_update"": ""off"", ""message_mode"": ""peer"", ""msg_linear"": ""off""}"
50,coarse_pipeline,val,0.32154320277100723,0.32154320277100723,,0.32154320277100723,0.6438219109554777,110976,442.4364,jodie_rnn,"{""dataset"": ""public_csv"", ""dataset_dir"": ""data/public"", ""local_data_path"": ""data/public/mooc.csv"", ""train_ratio"": 0.7, ""val_ratio"": 0.1, ""max_events"": 20000, ""num_users"": 1435, ""num_items"": 21, ""num_interactions"": 3000, ""feature_dim"": 4, ""lr"": 0.001, ""neg_sample_size"": 5, ""k"": 10, ""selection_metric"": ""mrr"", ""device"": ""cuda"", ""seed"": 42, ""partition_size"": 2000, ""partition_strategy"": ""count"", ""partition_overlap_ratio"": 0.0, ""num_pipeline_stages"": 3, ""pipeline_worker_gpus"": 1.0, ""pipeline_worker_cpus"": 1.0, ""pipeline_stage_train_workers"": ""1,1,1"", ""pipeline_stage_eval_workers"": ""1,1,1"", ""stage_balance_strategy"": ""cost"", ""stage_balance_user_weight"": 0.25, ""stage_balance_item_weight"": 0.25, ""stage_balance_span_weight"": 0.0, ""pipeline_mode"": ""naive"", ""pipeline_trace"": false, ""pipeline_trace_log_path"": ""results/20260827_131557/pipeline_naive/pipeline_trace.log"", ""ray_address"": """", ""output_dir"": ""results/20260827_131557/pipeline_naive"", ""enable_efficiency_monitor"": false, ""efficiency_monitor_interval"": 10, ""data_parallel_workers"": 3, ""data_parallel_worker_gpus"": 1.0, ""data_parallel_visible_gpus"": ""0,1,2"", ""data_parallel_sync_level"": ""micro_batch"", ""data_parallel_micro_batch_size"": 200, ""gpu_list"": ""0,1,2"", ""enable_auto_pipeline_config"": false, ""batch_training"": false, ""train_batch_size"": 32, ""batch_mode"": ""stale_batch"", ""tgn_loss_mode"": ""all"", ""tgn_window_size"": 10.0, ""eval_frozen"": false, ""max_neighbors"": 0, ""model"": ""jodie_rnn"", ""embedding_dim"": 64, ""memory_cell"": ""lstm"", ""time_proj"": ""linear"", ""use_static_embeddings"": ""off"", ""normalize_state"": ""on"", ""event_agg"": ""none"", ""agg_activation"": ""none"", ""attn_type"": ""dot"", ""time_decay"": ""none"", ""hidden_dim"": 0, ""memory_gate"": ""off"", ""enable_event_agg"": ""off"", ""enable_graph_update"": ""off"", ""message_mode"": ""peer"", ""msg_linear"": ""off""}"
51,coarse_pipeline,val,0.3184188757584003,0.3184188757584003,,0.3184188757584003,0.6238119059529765,28864,327.7982,jodie_rnn,"{""dataset"": ""public_csv"", ""dataset_dir"": ""data/public"", ""local_data_path"": ""data/public/mooc.csv"", ""train_ratio"": 0.7, ""val_ratio"": 0.1, ""max_events"": 20000, ""num_users"": 1435, ""num_items"": 21, ""num_interactions"": 3000, ""feature_dim"": 4, ""lr"": 0.001, ""neg_sample_size"": 5, ""k"": 10, ""selection_metric"": ""mrr"", ""device"": ""cuda"", ""seed"": 42, ""partition_size"": 2000, ""partition_strategy"": ""count"", ""partition_overlap_ratio"": 0.0, ""num_pipeline_stages"": 3, ""pipeline_worker_gpus"": 1.0, ""pipeline_worker_cpus"": 1.0, ""pipeline_stage_train_workers"": ""1,1,1"", ""pipeline_stage_eval_workers"": ""1,1,1"", ""stage_balance_strategy"": ""cost"", ""stage_balance_user_weight"": 0.25, ""stage_balance_item_weight"": 0.25, ""stage_balance_span_weight"": 0.0, ""pipeline_mode"": ""naive"", ""pipeline_trace"": false, ""pipeline_trace_log_path"": ""results/20260827_131557/pipeline_naive/pipeline_trace.log"", ""ray_address"": """", ""output_dir"": ""results/20260827_131557/pipeline_naive"", ""enable_efficiency_monitor"": false, ""efficiency_monitor_interval"": 10, ""data_parallel_workers"": 3, ""data_parallel_worker_gpus"": 1.0, ""data_parallel_visible_gpus"": ""0,1,2"", ""data_parallel_sync_level"": ""micro_batch"", ""data_parallel_micro_batch_size"": 200, ""gpu_list"": ""0,1,2"", ""enable_auto_pipeline_config"": false, ""batch_training"": false, ""train_batch_size"": 32, ""batch_mode"": ""stale_batch"", ""tgn_loss_mode"": ""all"", ""tgn_window_size"": 10.0, ""eval_frozen"": false, ""max_neighbors"": 0, ""model"": ""jodie_rnn"", ""embedding_dim"": 32, ""memory_cell"": ""lstm"", ""time_proj"": ""off"", ""use_static_embeddings"": ""off"", ""normalize_state"": ""on"", ""event_agg"": ""none"", ""agg_activation"": ""none"", ""attn_type"": ""dot"", ""time_decay"": ""none"", ""hidden_dim"": 0, ""memory_gate"": ""off"", ""enable_event_agg"": ""off"", ""enable_graph_update"": ""off"", ""message_mode"": ""peer"", ""msg_linear"": ""off""}"
52,coarse_pipeline,val,0.28146336998150534,0.28146336998150534,,0.28146336998150534,0.5797898949474737,434944,140.0647,jodie_rnn,"{""dataset"": ""public_csv"", ""dataset_dir"": ""data/public"", ""local_data_path"": ""data/public/mooc.csv"", ""train_ratio"": 0.7, ""val_ratio"": 0.1, ""max_events"": 20000, ""num_users"": 1435, ""num_items"": 21, ""num_interactions"": 3000, ""feature_dim"": 4, ""lr"": 0.001, ""neg_sample_size"": 5, ""k"": 10, ""selection_metric"": ""mrr"", ""device"": ""cuda"", ""seed"": 42, ""partition_size"": 2000, ""partition_strategy"": ""count"", ""partition_overlap_ratio"": 0.0, ""num_pipeline_stages"": 3, ""pipeline_worker_gpus"": 1.0, ""pipeline_worker_cpus"": 1.0, ""pipeline_stage_train_workers"": ""1,1,1"", ""pipeline_stage_eval_workers"": ""1,1,1"", ""stage_balance_strategy"": ""cost"", ""stage_balance_user_weight"": 0.25, ""stage_balance_item_weight"": 0.25, ""stage_balance_span_weight"": 0.0, ""pipeline_mode"": ""naive"", ""pipeline_trace"": false, ""pipeline_trace_log_path"": ""results/20260827_131557/pipeline_naive/pipeline_trace.log"", ""ray_address"": """", ""output_dir"": ""results/20260827_131557/pipeline_naive"", ""enable_efficiency_monitor"": false, ""efficiency_monitor_interval"": 10, ""data_parallel_workers"": 3, ""data_parallel_worker_gpus"": 1.0, ""data_parallel_visible_gpus"": ""0,1,2"", ""data_parallel_sync_level"": ""micro_batch"", ""data_parallel_micro_batch_size"": 200, ""gpu_list"": ""0,1,2"", ""enable_auto_pipeline_config"": false, ""batch_training"": false, ""train_batch_size"": 32, ""batch_mode"": ""stale_batch"", ""tgn_loss_mode"": ""all"", ""tgn_window_size"": 10.0, ""eval_frozen"": false, ""max_neighbors"": 0, ""model"": ""jodie_rnn"", ""embedding_dim"": 128, ""memory_cell"": ""lstm"", ""time_proj"": ""linear"", ""use_static_embeddings"": ""off"", ""normalize_state"": ""off"", ""event_agg"": ""none"", ""agg_activation"": ""none"", ""attn_type"": ""dot"", ""time_decay"": ""none"", ""hidden_dim"": 0, ""memory_gate"": ""off"", ""enable_event_agg"": ""off"", ""enable_graph_update"": ""off"", ""message_mode"": ""peer"", ""msg_linear"": ""off""}"
53,coarse_pipeline,val,0.2757298716692105,0.2757298716692105,,0.2757298716692105,0.5792896448224112,110976,352.7928,jodie_rnn,"{""dataset"": ""public_csv"", ""dataset_dir"": ""data/public"", ""local_data_path"": ""data/public/mooc.csv"", ""train_ratio"": 0.7, ""val_ratio"": 0.1, ""max_events"": 20000, ""num_users"": 1435, ""num_items"": 21, ""num_interactions"": 3000, ""feature_dim"": 4, ""lr"": 0.001, ""neg_sample_size"": 5, ""k"": 10, ""selection_metric"": ""mrr"", ""device"": ""cuda"", ""seed"": 42, ""partition_size"": 2000, ""partition_strategy"": ""count"", ""partition_overlap_ratio"": 0.0, ""num_pipeline_stages"": 3, ""pipeline_worker_gpus"": 1.0, ""pipeline_worker_cpus"": 1.0, ""pipeline_stage_train_workers"": ""1,1,1"", ""pipeline_stage_eval_workers"": ""1,1,1"", ""stage_balance_strategy"": ""cost"", ""stage_balance_user_weight"": 0.25, ""stage_balance_item_weight"": 0.25, ""stage_balance_span_weight"": 0.0, ""pipeline_mode"": ""naive"", ""pipeline_trace"": false, ""pipeline_trace_log_path"": ""results/20260827_131557/pipeline_naive/pipeline_trace.log"", ""ray_address"": """", ""output_dir"": ""results/20260827_131557/pipeline_naive"", ""enable_efficiency_monitor"": false, ""efficiency_monitor_interval"": 10, ""data_parallel_workers"": 3, ""data_parallel_worker_gpus"": 1.0, ""data_parallel_visible_gpus"": ""0,1,2"", ""data_parallel_sync_level"": ""micro_batch"", ""data_parallel_micro_batch_size"": 200, ""gpu_list"": ""0,1,2"", ""enable_auto_pipeline_config"": false, ""batch_training"": false, ""train_batch_size"": 32, ""batch_mode"": ""stale_batch"", ""tgn_loss_mode"": ""all"", ""tgn_window_size"": 10.0, ""eval_frozen"": false, ""max_neighbors"": 0, ""model"": ""jodie_rnn"", ""embedding_dim"": 64, ""memory_cell"": ""lstm"", ""time_proj"": ""linear"", ""use_static_embeddings"": ""off"", ""normalize_state"": ""off"", ""event_agg"": ""none"", ""agg_activation"": ""none"", ""attn_type"": ""dot"", ""time_decay"": ""none"", ""hidden_dim"": 0, ""memory_gate"": ""off"", ""enable_event_agg"": ""off"", ""enable_graph_update"": ""off"", ""message_mode"": ""peer"", ""msg_linear"": ""off""}"
54,coarse_pipeline,val,0.2363369362414539,0.2363369362414539,,0.2363369362414539,0.7288644322161081,273792,365.1472,jodie_rnn,"{""dataset"": ""public_csv"", ""dataset_dir"": ""data/public"", ""local_data_path"": ""data/public/mooc.csv"", ""train_ratio"": 0.7, ""val_ratio"": 0.1, ""max_events"": 20000, ""num_users"": 1435, ""num_items"": 21, ""num_interactions"": 3000, ""feature_dim"": 4, ""lr"": 0.001, ""neg_sample_size"": 5, ""k"": 10, ""selection_metric"": ""mrr"", ""device"": ""cuda"", ""seed"": 42, ""partition_size"": 2000, ""partition_strategy"": ""count"", ""partition_overlap_ratio"": 0.0, ""num_pipeline_stages"": 3, ""pipeline_worker_gpus"": 1.0, ""pipeline_worker_cpus"": 1.0, ""pipeline_stage_train_workers"": ""1,1,1"", ""pipeline_stage_eval_workers"": ""1,1,1"", ""stage_balance_strategy"": ""cost"", ""stage_balance_user_weight"": 0.25, ""stage_balance_item_weight"": 0.25, ""stage_balance_span_weight"": 0.0, ""pipeline_mode"": ""naive"", ""pipeline_trace"": false, ""pipeline_trace_log_path"": ""results/20260827_131557/pipeline_naive/pipeline_trace.log"", ""ray_address"": """", ""output_dir"": ""results/20260827_131557/pipeline_naive"", ""enable_efficiency_monitor"": false, ""efficiency_monitor_interval"": 10, ""data_parallel_workers"": 3, ""data_parallel_worker_gpus"": 1.0, ""data_parallel_visible_gpus"": ""0,1,2"", ""data_parallel_sync_level"": ""micro_batch"", ""data_parallel_micro_batch_size"": 200, ""gpu_list"": ""0,1,2"", ""enable_auto_pipeline_config"": false, ""batch_training"": false, ""train_batch_size"": 32, ""batch_mode"": ""stale_batch"", ""tgn_loss_mode"": ""all"", ""tgn_window_size"": 10.0, ""eval_frozen"": false, ""max_neighbors"": 0, ""model"": ""jodie_rnn"", ""embedding_dim"": 64, ""memory_cell"": ""lstm"", ""time_proj"": ""linear"", ""use_static_embeddings"": ""on"", ""normalize_state"": ""off"", ""event_agg"": ""none"", ""agg_activation"": ""none"", ""attn_type"": ""dot"", ""time_decay"": ""none"", ""hidden_dim"": 0, ""memory_gate"": ""off"", ""enable_event_agg"": ""off"", ""enable_graph_update"": ""off"", ""message_mode"": ""peer"", ""msg_linear"": ""off""}"
55,coarse_pipeline,val,0.23566809201816993,0.23566809201816993,,0.23566809201816993,0.6873436718359179,899840,243.9656,jodie_rnn,"{""dataset"": ""public_csv"", ""dataset_dir"": ""data/public"", ""local_data_path"": ""data/public/mooc.csv"", ""train_ratio"": 0.7, ""val_ratio"": 0.1, ""max_events"": 20000, ""num_users"": 1435, ""num_items"": 21, ""num_interactions"": 3000, ""feature_dim"": 4, ""lr"": 0.001, ""neg_sample_size"": 5, ""k"": 10, ""selection_metric"": ""mrr"", ""device"": ""cuda"", ""seed"": 42, ""partition_size"": 2000, ""partition_strategy"": ""count"", ""partition_overlap_ratio"": 0.0, ""num_pipeline_stages"": 3, ""pipeline_worker_gpus"": 1.0, ""pipeline_worker_cpus"": 1.0, ""pipeline_stage_train_workers"": ""1,1,1"", ""pipeline_stage_eval_workers"": ""1,1,1"", ""stage_balance_strategy"": ""cost"", ""stage_balance_user_weight"": 0.25, ""stage_balance_item_weight"": 0.25, ""stage_balance_span_weight"": 0.0, ""pipeline_mode"": ""naive"", ""pipeline_trace"": false, ""pipeline_trace_log_path"": ""results/20260827_131557/pipeline_naive/pipeline_trace.log"", ""ray_address"": """", ""output_dir"": ""results/20260827_131557/pipeline_naive"", ""enable_efficiency_monitor"": false, ""efficiency_monitor_interval"": 10, ""data_parallel_workers"": 3, ""data_parallel_worker_gpus"": 1.0, ""data_parallel_visible_gpus"": ""0,1,2"", ""data_parallel_sync_level"": ""micro_batch"", ""data_parallel_micro_batch_size"": 200, ""gpu_list"": ""0,1,2"", ""enable_auto_pipeline_config"": false, ""batch_training"": false, ""train_batch_size"": 32, ""batch_mode"": ""stale_batch"", ""tgn_loss_mode"": ""all"", ""tgn_window_size"": 10.0, ""eval_frozen"": false, ""max_neighbors"": 0, ""model"": ""jodie_rnn"", ""embedding_dim"": 128, ""memory_cell"": ""lstm"", ""time_proj"": ""linear"", ""use_static_embeddings"": ""on"", ""normalize_state"": ""off"", ""event_agg"": ""none"", ""agg_activation"": ""none"", ""attn_type"": ""dot"", ""time_decay"": ""none"", ""hidden_dim"": 0, ""memory_gate"": ""off"", ""enable_event_agg"": ""off"", ""enable_graph_update"": ""off"", ""message_mode"": ""peer"", ""msg_linear"": ""off""}"
56,coarse_pipeline,val,0.12660258734946606,0.12660258734946606,,0.12660258734946606,0.29814907453726863,82112,134.3238,jodie_rnn,"{""dataset"": ""public_csv"", ""dataset_dir"": ""data/public"", ""local_data_path"": ""data/public/mooc.csv"", ""train_ratio"": 0.7, ""val_ratio"": 0.1, ""max_events"": 20000, ""num_users"": 1435, ""num_items"": 21, ""num_interactions"": 3000, ""feature_dim"": 4, ""lr"": 0.001, ""neg_sample_size"": 5, ""k"": 10, ""selection_metric"": ""mrr"", ""device"": ""cuda"", ""seed"": 42, ""partition_size"": 2000, ""partition_strategy"": ""count"", ""partition_overlap_ratio"": 0.0, ""num_pipeline_stages"": 3, ""pipeline_worker_gpus"": 1.0, ""pipeline_worker_cpus"": 1.0, ""pipeline_stage_train_workers"": ""1,1,1"", ""pipeline_stage_eval_workers"": ""1,1,1"", ""stage_balance_strategy"": ""cost"", ""stage_balance_user_weight"": 0.25, ""stage_balance_item_weight"": 0.25, ""stage_balance_span_weight"": 0.0, ""pipeline_mode"": ""naive"", ""pipeline_trace"": false, ""pipeline_trace_log_path"": ""results/20260827_131557/pipeline_naive/pipeline_trace.log"", ""ray_address"": """", ""output_dir"": ""results/20260827_131557/pipeline_naive"", ""enable_efficiency_monitor"": false, ""efficiency_monitor_interval"": 10, ""data_parallel_workers"": 3, ""data_parallel_worker_gpus"": 1.0, ""data_parallel_visible_gpus"": ""0,1,2"", ""data_parallel_sync_level"": ""micro_batch"", ""data_parallel_micro_batch_size"": 200, ""gpu_list"": ""0,1,2"", ""enable_auto_pipeline_config"": false, ""batch_training"": false, ""train_batch_size"": 32, ""batch_mode"": ""stale_batch"", ""tgn_loss_mode"": ""all"", ""tgn_window_size"": 10.0, ""eval_frozen"": false, ""max_neighbors"": 0, ""model"": ""jodie_rnn"", ""embedding_dim"": 32, ""memory_cell"": ""gru"", ""time_proj"": ""linear"", ""use_static_embeddings"": ""on"", ""normalize_state"": ""off"", ""event_agg"": ""none"", ""agg_activation"": ""none"", ""attn_type"": ""dot"", ""time_decay"": ""none"", ""hidden_dim"": 0, ""memory_gate"": ""off"", ""enable_event_agg"": ""off"", ""enable_graph_update"": ""off"", ""message_mode"": ""peer"", ""msg_linear"": ""off""}"
57,coarse_pipeline,val,0.12660258734946606,0.12660258734946606,,0.12660258734946606,0.29814907453726863,85376,195.1941,jodie_rnn,"{""dataset"": ""public_csv"", ""dataset_dir"": ""data/public"", ""local_data_path"": ""data/public/mooc.csv"", ""train_ratio"": 0.7, ""val_ratio"": 0.1, ""max_events"": 20000, ""num_users"": 1435, ""num_items"": 21, ""num_interactions"": 3000, ""feature_dim"": 4, ""lr"": 0.001, ""neg_sample_size"": 5, ""k"": 10, ""selection_metric"": ""mrr"", ""device"": ""cuda"", ""seed"": 42, ""partition_size"": 2000, ""partition_strategy"": ""count"", ""partition_overlap_ratio"": 0.0, ""num_pipeline_stages"": 3, ""pipeline_worker_gpus"": 1.0, ""pipeline_worker_cpus"": 1.0, ""pipeline_stage_train_workers"": ""1,1,1"", ""pipeline_stage_eval_workers"": ""1,1,1"", ""stage_balance_strategy"": ""cost"", ""stage_balance_user_weight"": 0.25, ""stage_balance_item_weight"": 0.25, ""stage_balance_span_weight"": 0.0, ""pipeline_mode"": ""naive"", ""pipeline_trace"": false, ""pipeline_trace_log_path"": ""results/20260827_131557/pipeline_naive/pipeline_trace.log"", ""ray_address"": """", ""output_dir"": ""results/20260827_131557/pipeline_naive"", ""enable_efficiency_monitor"": false, ""efficiency_monitor_interval"": 10, ""data_parallel_workers"": 3, ""data_parallel_worker_gpus"": 1.0, ""data_parallel_visible_gpus"": ""0,1,2"", ""data_parallel_sync_level"": ""micro_batch"", ""data_parallel_micro_batch_size"": 200, ""gpu_list"": ""0,1,2"", ""enable_auto_pipeline_config"": false, ""batch_training"": false, ""train_batch_size"": 32, ""batch_mode"": ""stale_batch"", ""tgn_loss_mode"": ""all"", ""tgn_window_size"": 10.0, ""eval_frozen"": false, ""max_neighbors"": 0, ""model"": ""jodie_rnn"", ""embedding_dim"": 64, ""memory_cell"": ""gru"", ""time_proj"": ""linear"", ""use_static_embeddings"": ""off"", ""normalize_state"": ""off"", ""event_agg"": ""none"", ""agg_activation"": ""none"", ""attn_type"": ""dot"", ""time_decay"": ""none"", ""hidden_dim"": 0, ""memory_gate"": ""off"", ""enable_event_agg"": ""off"", ""enable_graph_update"": ""off"", ""message_mode"": ""peer"", ""msg_linear"": ""off""}"
58,coarse_pipeline,val,0.12660258734946606,0.12660258734946606,,0.12660258734946606,0.29814907453726863,231808,455.7014,jodie_rnn,"{""dataset"": ""public_csv"", ""dataset_dir"": ""data/public"", ""local_data_path"": ""data/public/mooc.csv"", ""train_ratio"": 0.7, ""val_ratio"": 0.1, ""max_events"": 20000, ""num_users"": 1435, ""num_items"": 21, ""num_interactions"": 3000, ""feature_dim"": 4, ""lr"": 0.001, ""neg_sample_size"": 5, ""k"": 10, ""selection_metric"": ""mrr"", ""device"": ""cuda"", ""seed"": 42, ""partition_size"": 2000, ""partition_strategy"": ""count"", ""partition_overlap_ratio"": 0.0, ""num_pipeline_stages"": 3, ""pipeline_worker_gpus"": 1.0, ""pipeline_worker_cpus"": 1.0, ""pipeline_stage_train_workers"": ""1,1,1"", ""pipeline_stage_eval_workers"": ""1,1,1"", ""stage_balance_strategy"": ""cost"", ""stage_balance_user_weight"": 0.25, ""stage_balance_item_weight"": 0.25, ""stage_balance_span_weight"": 0.0, ""pipeline_mode"": ""naive"", ""pipeline_trace"": false, ""pipeline_trace_log_path"": ""results/20260827_131557/pipeline_naive/pipeline_trace.log"", ""ray_address"": """", ""output_dir"": ""results/20260827_131557/pipeline_naive"", ""enable_efficiency_monitor"": false, ""efficiency_monitor_interval"": 10, ""data_parallel_workers"": 3, ""data_parallel_worker_gpus"": 1.0, ""data_parallel_visible_gpus"": ""0,1,2"", ""data_parallel_sync_level"": ""micro_batch"", ""data_parallel_micro_batch_size"": 200, ""gpu_list"": ""0,1,2"", ""enable_auto_pipeline_config"": false, ""batch_training"": false, ""train_batch_size"": 32, ""batch_mode"": ""stale_batch"", ""tgn_loss_mode"": ""all"", ""tgn_window_size"": 10.0, ""eval_frozen"": false, ""max_neighbors"": 0, ""model"": ""jodie_rnn"", ""embedding_dim"": 64, ""memory_cell"": ""gru"", ""time_proj"": ""linear"", ""use_static_embeddings"": ""on"", ""normalize_state"": ""off"", ""event_agg"": ""none"", ""agg_activation"": ""none"", ""attn_type"": ""dot"", ""time_decay"": ""none"", ""hidden_dim"": 0, ""memory_gate"": ""off"", ""enable_event_agg"": ""off"", ""enable_graph_update"": ""off"", ""message_mode"": ""peer"", ""msg_linear"": ""off""}"
