rank,phase,eval_split,score,val_score,test_score,mrr,recall_at_k,params,time_sec,model,config_json
1,coarse_dp,val,0.8453412792513655,0.8453412792513655,,0.8453412792513655,0.9556,134912,261.4101,jodie_rnn,"{""dataset"": ""public_csv"", ""dataset_dir"": ""data/public"", ""local_data_path"": ""data/public/mooc.csv"", ""train_ratio"": 0.7, ""val_ratio"": 0.1, ""max_events"": 50000, ""num_users"": 2828, ""num_items"": 21, ""num_interactions"": 3000, ""feature_dim"": 8, ""lr"": 0.001, ""neg_sample_size"": 5, ""k"": 10, ""selection_metric"": ""mrr"", ""device"": ""cuda"", ""seed"": 42, ""partition_size"": 7500, ""partition_strategy"": ""count"", ""num_pipeline_stages"": 2, ""pipeline_worker_gpus"": 0.0, ""pipeline_worker_cpus"": 1.0, ""pipeline_stage_train_workers"": """", ""pipeline_stage_eval_workers"": """", ""stage_balance_strategy"": ""cost"", ""stage_balance_user_weight"": 0.25, ""stage_balance_item_weight"": 0.25, ""stage_balance_span_weight"": 0.0, ""ray_address"": """", ""pipeline_trace"": false, ""pipeline_trace_log_path"": """", ""output_dir"": ""outputs/50k_comparison/seed_42/data_parallel_improved"", ""enable_efficiency_monitor"": false, ""efficiency_monitor_interval"": 10, ""data_parallel_workers"": 3, ""data_parallel_worker_gpus"": 1.0, ""data_parallel_visible_gpus"": ""0,1,2"", ""data_parallel_sync_level"": ""micro_batch"", ""data_parallel_micro_batch_size"": 32, ""gpu_list"": ""0,1,2"", ""enable_auto_pipeline_config"": false, ""pipeline_mode"": ""naive"", ""batch_training"": false, ""train_batch_size"": 32, ""batch_mode"": ""tbatch"", ""tgn_loss_mode"": ""all"", ""tgn_window_size"": 10.0, ""eval_frozen"": false, ""model"": ""jodie_rnn"", ""embedding_dim"": 128, ""memory_cell"": ""rnn"", ""time_proj"": ""off"", ""use_static_embeddings"": ""off"", ""normalize_state"": ""off"", ""event_agg"": ""none"", ""agg_activation"": ""none"", ""attn_type"": ""dot"", ""time_decay"": ""none"", ""max_neighbors"": 0, ""hidden_dim"": 0, ""memory_gate"": ""off"", ""enable_event_agg"": ""off"", ""enable_graph_update"": ""off"", ""message_mode"": ""peer"", ""msg_linear"": ""off""}"
2,final_dp,test,0.8453412792513655,0.8453412792513655,0.801235433477334,0.8453412792513655,0.9556,134912,272.5338,jodie_rnn,"{""dataset"": ""public_csv"", ""dataset_dir"": ""data/public"", ""local_data_path"": ""data/public/mooc.csv"", ""train_ratio"": 0.7, ""val_ratio"": 0.1, ""max_events"": 50000, ""num_users"": 2828, ""num_items"": 21, ""num_interactions"": 3000, ""feature_dim"": 8, ""lr"": 0.001, ""neg_sample_size"": 5, ""k"": 10, ""selection_metric"": ""mrr"", ""device"": ""cuda"", ""seed"": 42, ""partition_size"": 7500, ""partition_strategy"": ""count"", ""num_pipeline_stages"": 2, ""pipeline_worker_gpus"": 0.0, ""pipeline_worker_cpus"": 1.0, ""pipeline_stage_train_workers"": """", ""pipeline_stage_eval_workers"": """", ""stage_balance_strategy"": ""cost"", ""stage_balance_user_weight"": 0.25, ""stage_balance_item_weight"": 0.25, ""stage_balance_span_weight"": 0.0, ""ray_address"": """", ""pipeline_trace"": false, ""pipeline_trace_log_path"": """", ""output_dir"": ""outputs/50k_comparison/seed_42/data_parallel_improved"", ""enable_efficiency_monitor"": false, ""efficiency_monitor_interval"": 10, ""data_parallel_workers"": 3, ""data_parallel_worker_gpus"": 1.0, ""data_parallel_visible_gpus"": ""0,1,2"", ""data_parallel_sync_level"": ""micro_batch"", ""data_parallel_micro_batch_size"": 32, ""gpu_list"": ""0,1,2"", ""enable_auto_pipeline_config"": false, ""pipeline_mode"": ""naive"", ""batch_training"": false, ""train_batch_size"": 32, ""batch_mode"": ""tbatch"", ""tgn_loss_mode"": ""all"", ""tgn_window_size"": 10.0, ""eval_frozen"": false, ""model"": ""jodie_rnn"", ""embedding_dim"": 128, ""memory_cell"": ""rnn"", ""time_proj"": ""off"", ""use_static_embeddings"": ""off"", ""normalize_state"": ""off"", ""event_agg"": ""none"", ""agg_activation"": ""none"", ""attn_type"": ""dot"", ""time_decay"": ""none"", ""max_neighbors"": 0, ""hidden_dim"": 0, ""memory_gate"": ""off"", ""enable_event_agg"": ""off"", ""enable_graph_update"": ""off"", ""message_mode"": ""peer"", ""msg_linear"": ""off""}"
3,coarse_dp,val,0.6904105431015494,0.6904105431015494,,0.6904105431015494,0.88,134912,340.2919,jodie_rnn,"{""dataset"": ""public_csv"", ""dataset_dir"": ""data/public"", ""local_data_path"": ""data/public/mooc.csv"", ""train_ratio"": 0.7, ""val_ratio"": 0.1, ""max_events"": 50000, ""num_users"": 2828, ""num_items"": 21, ""num_interactions"": 3000, ""feature_dim"": 8, ""lr"": 0.001, ""neg_sample_size"": 5, ""k"": 10, ""selection_metric"": ""mrr"", ""device"": ""cuda"", ""seed"": 42, ""partition_size"": 7500, ""partition_strategy"": ""count"", ""num_pipeline_stages"": 2, ""pipeline_worker_gpus"": 0.0, ""pipeline_worker_cpus"": 1.0, ""pipeline_stage_train_workers"": """", ""pipeline_stage_eval_workers"": """", ""stage_balance_strategy"": ""cost"", ""stage_balance_user_weight"": 0.25, ""stage_balance_item_weight"": 0.25, ""stage_balance_span_weight"": 0.0, ""ray_address"": """", ""pipeline_trace"": false, ""pipeline_trace_log_path"": """", ""output_dir"": ""outputs/50k_comparison/seed_42/data_parallel_improved"", ""enable_efficiency_monitor"": false, ""efficiency_monitor_interval"": 10, ""data_parallel_workers"": 3, ""data_parallel_worker_gpus"": 1.0, ""data_parallel_visible_gpus"": ""0,1,2"", ""data_parallel_sync_level"": ""micro_batch"", ""data_parallel_micro_batch_size"": 32, ""gpu_list"": ""0,1,2"", ""enable_auto_pipeline_config"": false, ""pipeline_mode"": ""naive"", ""batch_training"": false, ""train_batch_size"": 32, ""batch_mode"": ""tbatch"", ""tgn_loss_mode"": ""all"", ""tgn_window_size"": 10.0, ""eval_frozen"": false, ""model"": ""jodie_rnn"", ""embedding_dim"": 128, ""memory_cell"": ""rnn"", ""time_proj"": ""linear"", ""use_static_embeddings"": ""off"", ""normalize_state"": ""on"", ""event_agg"": ""none"", ""agg_activation"": ""none"", ""attn_type"": ""dot"", ""time_decay"": ""none"", ""max_neighbors"": 0, ""hidden_dim"": 0, ""memory_gate"": ""off"", ""enable_event_agg"": ""off"", ""enable_graph_update"": ""off"", ""message_mode"": ""peer"", ""msg_linear"": ""off""}"
4,coarse_dp,val,0.6774342654791029,0.6774342654791029,,0.6774342654791029,0.883,34688,236.4258,jodie_rnn,"{""dataset"": ""public_csv"", ""dataset_dir"": ""data/public"", ""local_data_path"": ""data/public/mooc.csv"", ""train_ratio"": 0.7, ""val_ratio"": 0.1, ""max_events"": 50000, ""num_users"": 2828, ""num_items"": 21, ""num_interactions"": 3000, ""feature_dim"": 8, ""lr"": 0.001, ""neg_sample_size"": 5, ""k"": 10, ""selection_metric"": ""mrr"", ""device"": ""cuda"", ""seed"": 42, ""partition_size"": 7500, ""partition_strategy"": ""count"", ""num_pipeline_stages"": 2, ""pipeline_worker_gpus"": 0.0, ""pipeline_worker_cpus"": 1.0, ""pipeline_stage_train_workers"": """", ""pipeline_stage_eval_workers"": """", ""stage_balance_strategy"": ""cost"", ""stage_balance_user_weight"": 0.25, ""stage_balance_item_weight"": 0.25, ""stage_balance_span_weight"": 0.0, ""ray_address"": """", ""pipeline_trace"": false, ""pipeline_trace_log_path"": """", ""output_dir"": ""outputs/50k_comparison/seed_42/data_parallel_improved"", ""enable_efficiency_monitor"": false, ""efficiency_monitor_interval"": 10, ""data_parallel_workers"": 3, ""data_parallel_worker_gpus"": 1.0, ""data_parallel_visible_gpus"": ""0,1,2"", ""data_parallel_sync_level"": ""micro_batch"", ""data_parallel_micro_batch_size"": 32, ""gpu_list"": ""0,1,2"", ""enable_auto_pipeline_config"": false, ""pipeline_mode"": ""naive"", ""batch_training"": false, ""train_batch_size"": 32, ""batch_mode"": ""tbatch"", ""tgn_loss_mode"": ""all"", ""tgn_window_size"": 10.0, ""eval_frozen"": false, ""model"": ""jodie_rnn"", ""embedding_dim"": 64, ""memory_cell"": ""rnn"", ""time_proj"": ""linear"", ""use_static_embeddings"": ""off"", ""normalize_state"": ""on"", ""event_agg"": ""none"", ""agg_activation"": ""none"", ""attn_type"": ""dot"", ""time_decay"": ""none"", ""max_neighbors"": 0, ""hidden_dim"": 0, ""memory_gate"": ""off"", ""enable_event_agg"": ""off"", ""enable_graph_update"": ""off"", ""message_mode"": ""peer"", ""msg_linear"": ""off""}"
5,coarse_dp,val,0.6664813599326361,0.6664813599326361,,0.6664813599326361,0.8906,581504,307.016,jodie_rnn,"{""dataset"": ""public_csv"", ""dataset_dir"": ""data/public"", ""local_data_path"": ""data/public/mooc.csv"", ""train_ratio"": 0.7, ""val_ratio"": 0.1, ""max_events"": 50000, ""num_users"": 2828, ""num_items"": 21, ""num_interactions"": 3000, ""feature_dim"": 8, ""lr"": 0.001, ""neg_sample_size"": 5, ""k"": 10, ""selection_metric"": ""mrr"", ""device"": ""cuda"", ""seed"": 42, ""partition_size"": 7500, ""partition_strategy"": ""count"", ""num_pipeline_stages"": 2, ""pipeline_worker_gpus"": 0.0, ""pipeline_worker_cpus"": 1.0, ""pipeline_stage_train_workers"": """", ""pipeline_stage_eval_workers"": """", ""stage_balance_strategy"": ""cost"", ""stage_balance_user_weight"": 0.25, ""stage_balance_item_weight"": 0.25, ""stage_balance_span_weight"": 0.0, ""ray_address"": """", ""pipeline_trace"": false, ""pipeline_trace_log_path"": """", ""output_dir"": ""outputs/50k_comparison/seed_42/data_parallel_improved"", ""enable_efficiency_monitor"": false, ""efficiency_monitor_interval"": 10, ""data_parallel_workers"": 3, ""data_parallel_worker_gpus"": 1.0, ""data_parallel_visible_gpus"": ""0,1,2"", ""data_parallel_sync_level"": ""micro_batch"", ""data_parallel_micro_batch_size"": 32, ""gpu_list"": ""0,1,2"", ""enable_auto_pipeline_config"": false, ""pipeline_mode"": ""naive"", ""batch_training"": false, ""train_batch_size"": 32, ""batch_mode"": ""tbatch"", ""tgn_loss_mode"": ""all"", ""tgn_window_size"": 10.0, ""eval_frozen"": false, ""model"": ""jodie_rnn"", ""embedding_dim"": 128, ""memory_cell"": ""rnn"", ""time_proj"": ""linear"", ""use_static_embeddings"": ""on"", ""normalize_state"": ""on"", ""event_agg"": ""none"", ""agg_activation"": ""none"", ""attn_type"": ""dot"", ""time_decay"": ""none"", ""max_neighbors"": 0, ""hidden_dim"": 0, ""memory_gate"": ""off"", ""enable_event_agg"": ""off"", ""enable_graph_update"": ""off"", ""message_mode"": ""peer"", ""msg_linear"": ""off""}"
6,coarse_dp,val,0.6576555618177821,0.6576555618177821,,0.6576555618177821,0.8856,237504,273.7001,jodie_rnn,"{""dataset"": ""public_csv"", ""dataset_dir"": ""data/public"", ""local_data_path"": ""data/public/mooc.csv"", ""train_ratio"": 0.7, ""val_ratio"": 0.1, ""max_events"": 50000, ""num_users"": 2828, ""num_items"": 21, ""num_interactions"": 3000, ""feature_dim"": 8, ""lr"": 0.001, ""neg_sample_size"": 5, ""k"": 10, ""selection_metric"": ""mrr"", ""device"": ""cuda"", ""seed"": 42, ""partition_size"": 7500, ""partition_strategy"": ""count"", ""num_pipeline_stages"": 2, ""pipeline_worker_gpus"": 0.0, ""pipeline_worker_cpus"": 1.0, ""pipeline_stage_train_workers"": """", ""pipeline_stage_eval_workers"": """", ""stage_balance_strategy"": ""cost"", ""stage_balance_user_weight"": 0.25, ""stage_balance_item_weight"": 0.25, ""stage_balance_span_weight"": 0.0, ""ray_address"": """", ""pipeline_trace"": false, ""pipeline_trace_log_path"": """", ""output_dir"": ""outputs/50k_comparison/seed_42/data_parallel_improved"", ""enable_efficiency_monitor"": false, ""efficiency_monitor_interval"": 10, ""data_parallel_workers"": 3, ""data_parallel_worker_gpus"": 1.0, ""data_parallel_visible_gpus"": ""0,1,2"", ""data_parallel_sync_level"": ""micro_batch"", ""data_parallel_micro_batch_size"": 32, ""gpu_list"": ""0,1,2"", ""enable_auto_pipeline_config"": false, ""pipeline_mode"": ""naive"", ""batch_training"": false, ""train_batch_size"": 32, ""batch_mode"": ""tbatch"", ""tgn_loss_mode"": ""all"", ""tgn_window_size"": 10.0, ""eval_frozen"": false, ""model"": ""jodie_rnn"", ""embedding_dim"": 64, ""memory_cell"": ""rnn"", ""time_proj"": ""linear"", ""use_static_embeddings"": ""on"", ""normalize_state"": ""on"", ""event_agg"": ""none"", ""agg_activation"": ""none"", ""attn_type"": ""dot"", ""time_decay"": ""none"", ""max_neighbors"": 0, ""hidden_dim"": 0, ""memory_gate"": ""off"", ""enable_event_agg"": ""off"", ""enable_graph_update"": ""off"", ""message_mode"": ""peer"", ""msg_linear"": ""off""}"
7,coarse_dp,val,0.6435500748425992,0.6435500748425992,,0.6435500748425992,0.8602,9152,233.122,jodie_rnn,"{""dataset"": ""public_csv"", ""dataset_dir"": ""data/public"", ""local_data_path"": ""data/public/mooc.csv"", ""train_ratio"": 0.7, ""val_ratio"": 0.1, ""max_events"": 50000, ""num_users"": 2828, ""num_items"": 21, ""num_interactions"": 3000, ""feature_dim"": 8, ""lr"": 0.001, ""neg_sample_size"": 5, ""k"": 10, ""selection_metric"": ""mrr"", ""device"": ""cuda"", ""seed"": 42, ""partition_size"": 7500, ""partition_strategy"": ""count"", ""num_pipeline_stages"": 2, ""pipeline_worker_gpus"": 0.0, ""pipeline_worker_cpus"": 1.0, ""pipeline_stage_train_workers"": """", ""pipeline_stage_eval_workers"": """", ""stage_balance_strategy"": ""cost"", ""stage_balance_user_weight"": 0.25, ""stage_balance_item_weight"": 0.25, ""stage_balance_span_weight"": 0.0, ""ray_address"": """", ""pipeline_trace"": false, ""pipeline_trace_log_path"": """", ""output_dir"": ""outputs/50k_comparison/seed_42/data_parallel_improved"", ""enable_efficiency_monitor"": false, ""efficiency_monitor_interval"": 10, ""data_parallel_workers"": 3, ""data_parallel_worker_gpus"": 1.0, ""data_parallel_visible_gpus"": ""0,1,2"", ""data_parallel_sync_level"": ""micro_batch"", ""data_parallel_micro_batch_size"": 32, ""gpu_list"": ""0,1,2"", ""enable_auto_pipeline_config"": false, ""pipeline_mode"": ""naive"", ""batch_training"": false, ""train_batch_size"": 32, ""batch_mode"": ""tbatch"", ""tgn_loss_mode"": ""all"", ""tgn_window_size"": 10.0, ""eval_frozen"": false, ""model"": ""jodie_rnn"", ""embedding_dim"": 32, ""memory_cell"": ""rnn"", ""time_proj"": ""linear"", ""use_static_embeddings"": ""off"", ""normalize_state"": ""on"", ""event_agg"": ""none"", ""agg_activation"": ""none"", ""attn_type"": ""dot"", ""time_decay"": ""none"", ""max_neighbors"": 0, ""hidden_dim"": 0, ""memory_gate"": ""off"", ""enable_event_agg"": ""off"", ""enable_graph_update"": ""off"", ""message_mode"": ""peer"", ""msg_linear"": ""off""}"
8,coarse_dp,val,0.6012214617941393,0.6012214617941393,,0.6012214617941393,0.8422,105440,251.441,jodie_rnn,"{""dataset"": ""public_csv"", ""dataset_dir"": ""data/public"", ""local_data_path"": ""data/public/mooc.csv"", ""train_ratio"": 0.7, ""val_ratio"": 0.1, ""max_events"": 50000, ""num_users"": 2828, ""num_items"": 21, ""num_interactions"": 3000, ""feature_dim"": 8, ""lr"": 0.001, ""neg_sample_size"": 5, ""k"": 10, ""selection_metric"": ""mrr"", ""device"": ""cuda"", ""seed"": 42, ""partition_size"": 7500, ""partition_strategy"": ""count"", ""num_pipeline_stages"": 2, ""pipeline_worker_gpus"": 0.0, ""pipeline_worker_cpus"": 1.0, ""pipeline_stage_train_workers"": """", ""pipeline_stage_eval_workers"": """", ""stage_balance_strategy"": ""cost"", ""stage_balance_user_weight"": 0.25, ""stage_balance_item_weight"": 0.25, ""stage_balance_span_weight"": 0.0, ""ray_address"": """", ""pipeline_trace"": false, ""pipeline_trace_log_path"": """", ""output_dir"": ""outputs/50k_comparison/seed_42/data_parallel_improved"", ""enable_efficiency_monitor"": false, ""efficiency_monitor_interval"": 10, ""data_parallel_workers"": 3, ""data_parallel_worker_gpus"": 1.0, ""data_parallel_visible_gpus"": ""0,1,2"", ""data_parallel_sync_level"": ""micro_batch"", ""data_parallel_micro_batch_size"": 32, ""gpu_list"": ""0,1,2"", ""enable_auto_pipeline_config"": false, ""pipeline_mode"": ""naive"", ""batch_training"": false, ""train_batch_size"": 32, ""batch_mode"": ""tbatch"", ""tgn_loss_mode"": ""all"", ""tgn_window_size"": 10.0, ""eval_frozen"": false, ""model"": ""jodie_rnn"", ""embedding_dim"": 32, ""memory_cell"": ""rnn"", ""time_proj"": ""linear"", ""use_static_embeddings"": ""on"", ""normalize_state"": ""on"", ""event_agg"": ""none"", ""agg_activation"": ""none"", ""attn_type"": ""dot"", ""time_decay"": ""none"", ""max_neighbors"": 0, ""hidden_dim"": 0, ""memory_gate"": ""off"", ""enable_event_agg"": ""off"", ""enable_graph_update"": ""off"", ""message_mode"": ""peer"", ""msg_linear"": ""off""}"
9,coarse_dp,val,0.5476454172753611,0.5476454172753611,,0.5476454172753611,0.8356,337664,272.9706,jodie_rnn,"{""dataset"": ""public_csv"", ""dataset_dir"": ""data/public"", ""local_data_path"": ""data/public/mooc.csv"", ""train_ratio"": 0.7, ""val_ratio"": 0.1, ""max_events"": 50000, ""num_users"": 2828, ""num_items"": 21, ""num_interactions"": 3000, ""feature_dim"": 8, ""lr"": 0.001, ""neg_sample_size"": 5, ""k"": 10, ""selection_metric"": ""mrr"", ""device"": ""cuda"", ""seed"": 42, ""partition_size"": 7500, ""partition_strategy"": ""count"", ""num_pipeline_stages"": 2, ""pipeline_worker_gpus"": 0.0, ""pipeline_worker_cpus"": 1.0, ""pipeline_stage_train_workers"": """", ""pipeline_stage_eval_workers"": """", ""stage_balance_strategy"": ""cost"", ""stage_balance_user_weight"": 0.25, ""stage_balance_item_weight"": 0.25, ""stage_balance_span_weight"": 0.0, ""ray_address"": """", ""pipeline_trace"": false, ""pipeline_trace_log_path"": """", ""output_dir"": ""outputs/50k_comparison/seed_42/data_parallel_improved"", ""enable_efficiency_monitor"": false, ""efficiency_monitor_interval"": 10, ""data_parallel_workers"": 3, ""data_parallel_worker_gpus"": 1.0, ""data_parallel_visible_gpus"": ""0,1,2"", ""data_parallel_sync_level"": ""micro_batch"", ""data_parallel_micro_batch_size"": 32, ""gpu_list"": ""0,1,2"", ""enable_auto_pipeline_config"": false, ""pipeline_mode"": ""naive"", ""batch_training"": false, ""train_batch_size"": 32, ""batch_mode"": ""tbatch"", ""tgn_loss_mode"": ""all"", ""tgn_window_size"": 10.0, ""eval_frozen"": false, ""model"": ""jodie_rnn"", ""embedding_dim"": 128, ""memory_cell"": ""gru"", ""time_proj"": ""linear"", ""use_static_embeddings"": ""off"", ""normalize_state"": ""on"", ""event_agg"": ""none"", ""agg_activation"": ""none"", ""attn_type"": ""dot"", ""time_decay"": ""none"", ""max_neighbors"": 0, ""hidden_dim"": 0, ""memory_gate"": ""off"", ""enable_event_agg"": ""off"", ""enable_graph_update"": ""off"", ""message_mode"": ""peer"", ""msg_linear"": ""off""}"
10,coarse_dp,val,0.5422742363407126,0.5422742363407126,,0.5422742363407126,0.9134,105440,278.3253,jodie_rnn,"{""dataset"": ""public_csv"", ""dataset_dir"": ""data/public"", ""local_data_path"": ""data/public/mooc.csv"", ""train_ratio"": 0.7, ""val_ratio"": 0.1, ""max_events"": 50000, ""num_users"": 2828, ""num_items"": 21, ""num_interactions"": 3000, ""feature_dim"": 8, ""lr"": 0.001, ""neg_sample_size"": 5, ""k"": 10, ""selection_metric"": ""mrr"", ""device"": ""cuda"", ""seed"": 42, ""partition_size"": 7500, ""partition_strategy"": ""count"", ""num_pipeline_stages"": 2, ""pipeline_worker_gpus"": 0.0, ""pipeline_worker_cpus"": 1.0, ""pipeline_stage_train_workers"": """", ""pipeline_stage_eval_workers"": """", ""stage_balance_strategy"": ""cost"", ""stage_balance_user_weight"": 0.25, ""stage_balance_item_weight"": 0.25, ""stage_balance_span_weight"": 0.0, ""ray_address"": """", ""pipeline_trace"": false, ""pipeline_trace_log_path"": """", ""output_dir"": ""outputs/50k_comparison/seed_42/data_parallel_improved"", ""enable_efficiency_monitor"": false, ""efficiency_monitor_interval"": 10, ""data_parallel_workers"": 3, ""data_parallel_worker_gpus"": 1.0, ""data_parallel_visible_gpus"": ""0,1,2"", ""data_parallel_sync_level"": ""micro_batch"", ""data_parallel_micro_batch_size"": 32, ""gpu_list"": ""0,1,2"", ""enable_auto_pipeline_config"": false, ""pipeline_mode"": ""naive"", ""batch_training"": false, ""train_batch_size"": 32, ""batch_mode"": ""tbatch"", ""tgn_loss_mode"": ""all"", ""tgn_window_size"": 10.0, ""eval_frozen"": false, ""model"": ""jodie_rnn"", ""embedding_dim"": 32, ""memory_cell"": ""rnn"", ""time_proj"": ""off"", ""use_static_embeddings"": ""on"", ""normalize_state"": ""off"", ""event_agg"": ""none"", ""agg_activation"": ""none"", ""attn_type"": ""dot"", ""time_decay"": ""none"", ""max_neighbors"": 0, ""hidden_dim"": 0, ""memory_gate"": ""off"", ""enable_event_agg"": ""off"", ""enable_graph_update"": ""off"", ""message_mode"": ""peer"", ""msg_linear"": ""off""}"
11,coarse_dp,val,0.5368173544145899,0.5368173544145899,,0.5368173544145899,0.8414,915328,307.2068,jodie_rnn,"{""dataset"": ""public_csv"", ""dataset_dir"": ""data/public"", ""local_data_path"": ""data/public/mooc.csv"", ""train_ratio"": 0.7, ""val_ratio"": 0.1, ""max_events"": 50000, ""num_users"": 2828, ""num_items"": 21, ""num_interactions"": 3000, ""feature_dim"": 8, ""lr"": 0.001, ""neg_sample_size"": 5, ""k"": 10, ""selection_metric"": ""mrr"", ""device"": ""cuda"", ""seed"": 42, ""partition_size"": 7500, ""partition_strategy"": ""count"", ""num_pipeline_stages"": 2, ""pipeline_worker_gpus"": 0.0, ""pipeline_worker_cpus"": 1.0, ""pipeline_stage_train_workers"": """", ""pipeline_stage_eval_workers"": """", ""stage_balance_strategy"": ""cost"", ""stage_balance_user_weight"": 0.25, ""stage_balance_item_weight"": 0.25, ""stage_balance_span_weight"": 0.0, ""ray_address"": """", ""pipeline_trace"": false, ""pipeline_trace_log_path"": """", ""output_dir"": ""outputs/50k_comparison/seed_42/data_parallel_improved"", ""enable_efficiency_monitor"": false, ""efficiency_monitor_interval"": 10, ""data_parallel_workers"": 3, ""data_parallel_worker_gpus"": 1.0, ""data_parallel_visible_gpus"": ""0,1,2"", ""data_parallel_sync_level"": ""micro_batch"", ""data_parallel_micro_batch_size"": 32, ""gpu_list"": ""0,1,2"", ""enable_auto_pipeline_config"": false, ""pipeline_mode"": ""naive"", ""batch_training"": false, ""train_batch_size"": 32, ""batch_mode"": ""tbatch"", ""tgn_loss_mode"": ""all"", ""tgn_window_size"": 10.0, ""eval_frozen"": false, ""model"": ""jodie_rnn"", ""embedding_dim"": 128, ""memory_cell"": ""gru"", ""time_proj"": ""linear"", ""use_static_embeddings"": ""on"", ""normalize_state"": ""on"", ""event_agg"": ""none"", ""agg_activation"": ""none"", ""attn_type"": ""dot"", ""time_decay"": ""none"", ""max_neighbors"": 0, ""hidden_dim"": 0, ""memory_gate"": ""off"", ""enable_event_agg"": ""off"", ""enable_graph_update"": ""off"", ""message_mode"": ""peer"", ""msg_linear"": ""off""}"
12,coarse_dp,val,0.5177737265099847,0.5177737265099847,,0.5177737265099847,0.8558,439040,373.1439,jodie_rnn,"{""dataset"": ""public_csv"", ""dataset_dir"": ""data/public"", ""local_data_path"": ""data/public/mooc.csv"", ""train_ratio"": 0.7, ""val_ratio"": 0.1, ""max_events"": 50000, ""num_users"": 2828, ""num_items"": 21, ""num_interactions"": 3000, ""feature_dim"": 8, ""lr"": 0.001, ""neg_sample_size"": 5, ""k"": 10, ""selection_metric"": ""mrr"", ""device"": ""cuda"", ""seed"": 42, ""partition_size"": 7500, ""partition_strategy"": ""count"", ""num_pipeline_stages"": 2, ""pipeline_worker_gpus"": 0.0, ""pipeline_worker_cpus"": 1.0, ""pipeline_stage_train_workers"": """", ""pipeline_stage_eval_workers"": """", ""stage_balance_strategy"": ""cost"", ""stage_balance_user_weight"": 0.25, ""stage_balance_item_weight"": 0.25, ""stage_balance_span_weight"": 0.0, ""ray_address"": """", ""pipeline_trace"": false, ""pipeline_trace_log_path"": """", ""output_dir"": ""outputs/50k_comparison/seed_42/data_parallel_improved"", ""enable_efficiency_monitor"": false, ""efficiency_monitor_interval"": 10, ""data_parallel_workers"": 3, ""data_parallel_worker_gpus"": 1.0, ""data_parallel_visible_gpus"": ""0,1,2"", ""data_parallel_sync_level"": ""micro_batch"", ""data_parallel_micro_batch_size"": 32, ""gpu_list"": ""0,1,2"", ""enable_auto_pipeline_config"": false, ""pipeline_mode"": ""naive"", ""batch_training"": false, ""train_batch_size"": 32, ""batch_mode"": ""tbatch"", ""tgn_loss_mode"": ""all"", ""tgn_window_size"": 10.0, ""eval_frozen"": false, ""model"": ""jodie_rnn"", ""embedding_dim"": 128, ""memory_cell"": ""lstm"", ""time_proj"": ""linear"", ""use_static_embeddings"": ""off"", ""normalize_state"": ""on"", ""event_agg"": ""none"", ""agg_activation"": ""none"", ""attn_type"": ""dot"", ""time_decay"": ""none"", ""max_neighbors"": 0, ""hidden_dim"": 0, ""memory_gate"": ""off"", ""enable_event_agg"": ""off"", ""enable_graph_update"": ""off"", ""message_mode"": ""peer"", ""msg_linear"": ""off""}"
13,coarse_dp,val,0.5053371430667697,0.5053371430667697,,0.5053371430667697,0.8444,113024,342.3086,jodie_rnn,"{""dataset"": ""public_csv"", ""dataset_dir"": ""data/public"", ""local_data_path"": ""data/public/mooc.csv"", ""train_ratio"": 0.7, ""val_ratio"": 0.1, ""max_events"": 50000, ""num_users"": 2828, ""num_items"": 21, ""num_interactions"": 3000, ""feature_dim"": 8, ""lr"": 0.001, ""neg_sample_size"": 5, ""k"": 10, ""selection_metric"": ""mrr"", ""device"": ""cuda"", ""seed"": 42, ""partition_size"": 7500, ""partition_strategy"": ""count"", ""num_pipeline_stages"": 2, ""pipeline_worker_gpus"": 0.0, ""pipeline_worker_cpus"": 1.0, ""pipeline_stage_train_workers"": """", ""pipeline_stage_eval_workers"": """", ""stage_balance_strategy"": ""cost"", ""stage_balance_user_weight"": 0.25, ""stage_balance_item_weight"": 0.25, ""stage_balance_span_weight"": 0.0, ""ray_address"": """", ""pipeline_trace"": false, ""pipeline_trace_log_path"": """", ""output_dir"": ""outputs/50k_comparison/seed_42/data_parallel_improved"", ""enable_efficiency_monitor"": false, ""efficiency_monitor_interval"": 10, ""data_parallel_workers"": 3, ""data_parallel_worker_gpus"": 1.0, ""data_parallel_visible_gpus"": ""0,1,2"", ""data_parallel_sync_level"": ""micro_batch"", ""data_parallel_micro_batch_size"": 32, ""gpu_list"": ""0,1,2"", ""enable_auto_pipeline_config"": false, ""pipeline_mode"": ""naive"", ""batch_training"": false, ""train_batch_size"": 32, ""batch_mode"": ""tbatch"", ""tgn_loss_mode"": ""all"", ""tgn_window_size"": 10.0, ""eval_frozen"": false, ""model"": ""jodie_rnn"", ""embedding_dim"": 64, ""memory_cell"": ""lstm"", ""time_proj"": ""linear"", ""use_static_embeddings"": ""off"", ""normalize_state"": ""on"", ""event_agg"": ""none"", ""agg_activation"": ""none"", ""attn_type"": ""dot"", ""time_decay"": ""none"", ""max_neighbors"": 0, ""hidden_dim"": 0, ""memory_gate"": ""off"", ""enable_event_agg"": ""off"", ""enable_graph_update"": ""off"", ""message_mode"": ""peer"", ""msg_linear"": ""off""}"
14,coarse_dp,val,0.5044244496258792,0.5044244496258792,,0.5044244496258792,0.8506,915328,326.1731,jodie_rnn,"{""dataset"": ""public_csv"", ""dataset_dir"": ""data/public"", ""local_data_path"": ""data/public/mooc.csv"", ""train_ratio"": 0.7, ""val_ratio"": 0.1, ""max_events"": 50000, ""num_users"": 2828, ""num_items"": 21, ""num_interactions"": 3000, ""feature_dim"": 8, ""lr"": 0.001, ""neg_sample_size"": 5, ""k"": 10, ""selection_metric"": ""mrr"", ""device"": ""cuda"", ""seed"": 42, ""partition_size"": 7500, ""partition_strategy"": ""count"", ""num_pipeline_stages"": 2, ""pipeline_worker_gpus"": 0.0, ""pipeline_worker_cpus"": 1.0, ""pipeline_stage_train_workers"": """", ""pipeline_stage_eval_workers"": """", ""stage_balance_strategy"": ""cost"", ""stage_balance_user_weight"": 0.25, ""stage_balance_item_weight"": 0.25, ""stage_balance_span_weight"": 0.0, ""ray_address"": """", ""pipeline_trace"": false, ""pipeline_trace_log_path"": """", ""output_dir"": ""outputs/50k_comparison/seed_42/data_parallel_improved"", ""enable_efficiency_monitor"": false, ""efficiency_monitor_interval"": 10, ""data_parallel_workers"": 3, ""data_parallel_worker_gpus"": 1.0, ""data_parallel_visible_gpus"": ""0,1,2"", ""data_parallel_sync_level"": ""micro_batch"", ""data_parallel_micro_batch_size"": 32, ""gpu_list"": ""0,1,2"", ""enable_auto_pipeline_config"": false, ""pipeline_mode"": ""naive"", ""batch_training"": false, ""train_batch_size"": 32, ""batch_mode"": ""tbatch"", ""tgn_loss_mode"": ""all"", ""tgn_window_size"": 10.0, ""eval_frozen"": false, ""model"": ""jodie_rnn"", ""embedding_dim"": 128, ""memory_cell"": ""gru"", ""time_proj"": ""off"", ""use_static_embeddings"": ""on"", ""normalize_state"": ""off"", ""event_agg"": ""none"", ""agg_activation"": ""none"", ""attn_type"": ""dot"", ""time_decay"": ""none"", ""max_neighbors"": 0, ""hidden_dim"": 0, ""memory_gate"": ""off"", ""enable_event_agg"": ""off"", ""enable_graph_update"": ""off"", ""message_mode"": ""peer"", ""msg_linear"": ""off""}"
15,coarse_dp,val,0.4953908054320949,0.4953908054320949,,0.4953908054320949,0.8412,364992,380.253,jodie_rnn,"{""dataset"": ""public_csv"", ""dataset_dir"": ""data/public"", ""local_data_path"": ""data/public/mooc.csv"", ""train_ratio"": 0.7, ""val_ratio"": 0.1, ""max_events"": 50000, ""num_users"": 2828, ""num_items"": 21, ""num_interactions"": 3000, ""feature_dim"": 8, ""lr"": 0.001, ""neg_sample_size"": 5, ""k"": 10, ""selection_metric"": ""mrr"", ""device"": ""cuda"", ""seed"": 42, ""partition_size"": 7500, ""partition_strategy"": ""count"", ""num_pipeline_stages"": 2, ""pipeline_worker_gpus"": 0.0, ""pipeline_worker_cpus"": 1.0, ""pipeline_stage_train_workers"": """", ""pipeline_stage_eval_workers"": """", ""stage_balance_strategy"": ""cost"", ""stage_balance_user_weight"": 0.25, ""stage_balance_item_weight"": 0.25, ""stage_balance_span_weight"": 0.0, ""ray_address"": """", ""pipeline_trace"": false, ""pipeline_trace_log_path"": """", ""output_dir"": ""outputs/50k_comparison/seed_42/data_parallel_improved"", ""enable_efficiency_monitor"": false, ""efficiency_monitor_interval"": 10, ""data_parallel_workers"": 3, ""data_parallel_worker_gpus"": 1.0, ""data_parallel_visible_gpus"": ""0,1,2"", ""data_parallel_sync_level"": ""micro_batch"", ""data_parallel_micro_batch_size"": 32, ""gpu_list"": ""0,1,2"", ""enable_auto_pipeline_config"": false, ""pipeline_mode"": ""naive"", ""batch_training"": false, ""train_batch_size"": 32, ""batch_mode"": ""tbatch"", ""tgn_loss_mode"": ""all"", ""tgn_window_size"": 10.0, ""eval_frozen"": false, ""model"": ""jodie_rnn"", ""embedding_dim"": 64, ""memory_cell"": ""lstm"", ""time_proj"": ""linear"", ""use_static_embeddings"": ""on"", ""normalize_state"": ""on"", ""event_agg"": ""none"", ""agg_activation"": ""none"", ""attn_type"": ""dot"", ""time_decay"": ""none"", ""max_neighbors"": 0, ""hidden_dim"": 0, ""memory_gate"": ""off"", ""enable_event_agg"": ""off"", ""enable_graph_update"": ""off"", ""message_mode"": ""peer"", ""msg_linear"": ""off""}"
16,coarse_dp,val,0.4891383371547604,0.4891383371547604,,0.4891383371547604,0.8572,337664,280.5744,jodie_rnn,"{""dataset"": ""public_csv"", ""dataset_dir"": ""data/public"", ""local_data_path"": ""data/public/mooc.csv"", ""train_ratio"": 0.7, ""val_ratio"": 0.1, ""max_events"": 50000, ""num_users"": 2828, ""num_items"": 21, ""num_interactions"": 3000, ""feature_dim"": 8, ""lr"": 0.001, ""neg_sample_size"": 5, ""k"": 10, ""selection_metric"": ""mrr"", ""device"": ""cuda"", ""seed"": 42, ""partition_size"": 7500, ""partition_strategy"": ""count"", ""num_pipeline_stages"": 2, ""pipeline_worker_gpus"": 0.0, ""pipeline_worker_cpus"": 1.0, ""pipeline_stage_train_workers"": """", ""pipeline_stage_eval_workers"": """", ""stage_balance_strategy"": ""cost"", ""stage_balance_user_weight"": 0.25, ""stage_balance_item_weight"": 0.25, ""stage_balance_span_weight"": 0.0, ""ray_address"": """", ""pipeline_trace"": false, ""pipeline_trace_log_path"": """", ""output_dir"": ""outputs/50k_comparison/seed_42/data_parallel_improved"", ""enable_efficiency_monitor"": false, ""efficiency_monitor_interval"": 10, ""data_parallel_workers"": 3, ""data_parallel_worker_gpus"": 1.0, ""data_parallel_visible_gpus"": ""0,1,2"", ""data_parallel_sync_level"": ""micro_batch"", ""data_parallel_micro_batch_size"": 32, ""gpu_list"": ""0,1,2"", ""enable_auto_pipeline_config"": false, ""pipeline_mode"": ""naive"", ""batch_training"": false, ""train_batch_size"": 32, ""batch_mode"": ""tbatch"", ""tgn_loss_mode"": ""all"", ""tgn_window_size"": 10.0, ""eval_frozen"": false, ""model"": ""jodie_rnn"", ""embedding_dim"": 128, ""memory_cell"": ""gru"", ""time_proj"": ""off"", ""use_static_embeddings"": ""off"", ""normalize_state"": ""off"", ""event_agg"": ""none"", ""agg_activation"": ""none"", ""attn_type"": ""dot"", ""time_decay"": ""none"", ""max_neighbors"": 0, ""hidden_dim"": 0, ""memory_gate"": ""off"", ""enable_event_agg"": ""off"", ""enable_graph_update"": ""off"", ""message_mode"": ""peer"", ""msg_linear"": ""off""}"
17,coarse_dp,val,0.4723873168506726,0.4723873168506726,,0.4723873168506726,0.7912,322496,276.39,jodie_rnn,"{""dataset"": ""public_csv"", ""dataset_dir"": ""data/public"", ""local_data_path"": ""data/public/mooc.csv"", ""train_ratio"": 0.7, ""val_ratio"": 0.1, ""max_events"": 50000, ""num_users"": 2828, ""num_items"": 21, ""num_interactions"": 3000, ""feature_dim"": 8, ""lr"": 0.001, ""neg_sample_size"": 5, ""k"": 10, ""selection_metric"": ""mrr"", ""device"": ""cuda"", ""seed"": 42, ""partition_size"": 7500, ""partition_strategy"": ""count"", ""num_pipeline_stages"": 2, ""pipeline_worker_gpus"": 0.0, ""pipeline_worker_cpus"": 1.0, ""pipeline_stage_train_workers"": """", ""pipeline_stage_eval_workers"": """", ""stage_balance_strategy"": ""cost"", ""stage_balance_user_weight"": 0.25, ""stage_balance_item_weight"": 0.25, ""stage_balance_span_weight"": 0.0, ""ray_address"": """", ""pipeline_trace"": false, ""pipeline_trace_log_path"": """", ""output_dir"": ""outputs/50k_comparison/seed_42/data_parallel_improved"", ""enable_efficiency_monitor"": false, ""efficiency_monitor_interval"": 10, ""data_parallel_workers"": 3, ""data_parallel_worker_gpus"": 1.0, ""data_parallel_visible_gpus"": ""0,1,2"", ""data_parallel_sync_level"": ""micro_batch"", ""data_parallel_micro_batch_size"": 32, ""gpu_list"": ""0,1,2"", ""enable_auto_pipeline_config"": false, ""pipeline_mode"": ""naive"", ""batch_training"": false, ""train_batch_size"": 32, ""batch_mode"": ""tbatch"", ""tgn_loss_mode"": ""all"", ""tgn_window_size"": 10.0, ""eval_frozen"": false, ""model"": ""jodie_rnn"", ""embedding_dim"": 64, ""memory_cell"": ""gru"", ""time_proj"": ""linear"", ""use_static_embeddings"": ""on"", ""normalize_state"": ""on"", ""event_agg"": ""none"", ""agg_activation"": ""none"", ""attn_type"": ""dot"", ""time_decay"": ""none"", ""max_neighbors"": 0, ""hidden_dim"": 0, ""memory_gate"": ""off"", ""enable_event_agg"": ""off"", ""enable_graph_update"": ""off"", ""message_mode"": ""peer"", ""msg_linear"": ""off""}"
18,coarse_dp,val,0.46436432604890654,0.46436432604890654,,0.46436432604890654,0.81,1082240,371.6855,jodie_rnn,"{""dataset"": ""public_csv"", ""dataset_dir"": ""data/public"", ""local_data_path"": ""data/public/mooc.csv"", ""train_ratio"": 0.7, ""val_ratio"": 0.1, ""max_events"": 50000, ""num_users"": 2828, ""num_items"": 21, ""num_interactions"": 3000, ""feature_dim"": 8, ""lr"": 0.001, ""neg_sample_size"": 5, ""k"": 10, ""selection_metric"": ""mrr"", ""device"": ""cuda"", ""seed"": 42, ""partition_size"": 7500, ""partition_strategy"": ""count"", ""num_pipeline_stages"": 2, ""pipeline_worker_gpus"": 0.0, ""pipeline_worker_cpus"": 1.0, ""pipeline_stage_train_workers"": """", ""pipeline_stage_eval_workers"": """", ""stage_balance_strategy"": ""cost"", ""stage_balance_user_weight"": 0.25, ""stage_balance_item_weight"": 0.25, ""stage_balance_span_weight"": 0.0, ""ray_address"": """", ""pipeline_trace"": false, ""pipeline_trace_log_path"": """", ""output_dir"": ""outputs/50k_comparison/seed_42/data_parallel_improved"", ""enable_efficiency_monitor"": false, ""efficiency_monitor_interval"": 10, ""data_parallel_workers"": 3, ""data_parallel_worker_gpus"": 1.0, ""data_parallel_visible_gpus"": ""0,1,2"", ""data_parallel_sync_level"": ""micro_batch"", ""data_parallel_micro_batch_size"": 32, ""gpu_list"": ""0,1,2"", ""enable_auto_pipeline_config"": false, ""pipeline_mode"": ""naive"", ""batch_training"": false, ""train_batch_size"": 32, ""batch_mode"": ""tbatch"", ""tgn_loss_mode"": ""all"", ""tgn_window_size"": 10.0, ""eval_frozen"": false, ""model"": ""jodie_rnn"", ""embedding_dim"": 128, ""memory_cell"": ""lstm"", ""time_proj"": ""linear"", ""use_static_embeddings"": ""on"", ""normalize_state"": ""off"", ""event_agg"": ""none"", ""agg_activation"": ""none"", ""attn_type"": ""dot"", ""time_decay"": ""none"", ""max_neighbors"": 0, ""hidden_dim"": 0, ""memory_gate"": ""off"", ""enable_event_agg"": ""off"", ""enable_graph_update"": ""off"", ""message_mode"": ""peer"", ""msg_linear"": ""off""}"
19,coarse_dp,val,0.4580491180594398,0.4580491180594398,,0.4580491180594398,0.797,86912,249.842,jodie_rnn,"{""dataset"": ""public_csv"", ""dataset_dir"": ""data/public"", ""local_data_path"": ""data/public/mooc.csv"", ""train_ratio"": 0.7, ""val_ratio"": 0.1, ""max_events"": 50000, ""num_users"": 2828, ""num_items"": 21, ""num_interactions"": 3000, ""feature_dim"": 8, ""lr"": 0.001, ""neg_sample_size"": 5, ""k"": 10, ""selection_metric"": ""mrr"", ""device"": ""cuda"", ""seed"": 42, ""partition_size"": 7500, ""partition_strategy"": ""count"", ""num_pipeline_stages"": 2, ""pipeline_worker_gpus"": 0.0, ""pipeline_worker_cpus"": 1.0, ""pipeline_stage_train_workers"": """", ""pipeline_stage_eval_workers"": """", ""stage_balance_strategy"": ""cost"", ""stage_balance_user_weight"": 0.25, ""stage_balance_item_weight"": 0.25, ""stage_balance_span_weight"": 0.0, ""ray_address"": """", ""pipeline_trace"": false, ""pipeline_trace_log_path"": """", ""output_dir"": ""outputs/50k_comparison/seed_42/data_parallel_improved"", ""enable_efficiency_monitor"": false, ""efficiency_monitor_interval"": 10, ""data_parallel_workers"": 3, ""data_parallel_worker_gpus"": 1.0, ""data_parallel_visible_gpus"": ""0,1,2"", ""data_parallel_sync_level"": ""micro_batch"", ""data_parallel_micro_batch_size"": 32, ""gpu_list"": ""0,1,2"", ""enable_auto_pipeline_config"": false, ""pipeline_mode"": ""naive"", ""batch_training"": false, ""train_batch_size"": 32, ""batch_mode"": ""tbatch"", ""tgn_loss_mode"": ""all"", ""tgn_window_size"": 10.0, ""eval_frozen"": false, ""model"": ""jodie_rnn"", ""embedding_dim"": 64, ""memory_cell"": ""gru"", ""time_proj"": ""linear"", ""use_static_embeddings"": ""off"", ""normalize_state"": ""on"", ""event_agg"": ""none"", ""agg_activation"": ""none"", ""attn_type"": ""dot"", ""time_decay"": ""none"", ""max_neighbors"": 0, ""hidden_dim"": 0, ""memory_gate"": ""off"", ""enable_event_agg"": ""off"", ""enable_graph_update"": ""off"", ""message_mode"": ""peer"", ""msg_linear"": ""off""}"
20,coarse_dp,val,0.43859074552811855,0.43859074552811855,,0.43859074552811855,0.779,113024,220.9469,jodie_rnn,"{""dataset"": ""public_csv"", ""dataset_dir"": ""data/public"", ""local_data_path"": ""data/public/mooc.csv"", ""train_ratio"": 0.7, ""val_ratio"": 0.1, ""max_events"": 50000, ""num_users"": 2828, ""num_items"": 21, ""num_interactions"": 3000, ""feature_dim"": 8, ""lr"": 0.001, ""neg_sample_size"": 5, ""k"": 10, ""selection_metric"": ""mrr"", ""device"": ""cuda"", ""seed"": 42, ""partition_size"": 7500, ""partition_strategy"": ""count"", ""num_pipeline_stages"": 2, ""pipeline_worker_gpus"": 0.0, ""pipeline_worker_cpus"": 1.0, ""pipeline_stage_train_workers"": """", ""pipeline_stage_eval_workers"": """", ""stage_balance_strategy"": ""cost"", ""stage_balance_user_weight"": 0.25, ""stage_balance_item_weight"": 0.25, ""stage_balance_span_weight"": 0.0, ""ray_address"": """", ""pipeline_trace"": false, ""pipeline_trace_log_path"": """", ""output_dir"": ""outputs/50k_comparison/seed_42/data_parallel_improved"", ""enable_efficiency_monitor"": false, ""efficiency_monitor_interval"": 10, ""data_parallel_workers"": 3, ""data_parallel_worker_gpus"": 1.0, ""data_parallel_visible_gpus"": ""0,1,2"", ""data_parallel_sync_level"": ""micro_batch"", ""data_parallel_micro_batch_size"": 32, ""gpu_list"": ""0,1,2"", ""enable_auto_pipeline_config"": false, ""pipeline_mode"": ""naive"", ""batch_training"": false, ""train_batch_size"": 32, ""batch_mode"": ""tbatch"", ""tgn_loss_mode"": ""all"", ""tgn_window_size"": 10.0, ""eval_frozen"": false, ""model"": ""jodie_rnn"", ""embedding_dim"": 64, ""memory_cell"": ""lstm"", ""time_proj"": ""linear"", ""use_static_embeddings"": ""off"", ""normalize_state"": ""off"", ""event_agg"": ""none"", ""agg_activation"": ""none"", ""attn_type"": ""dot"", ""time_decay"": ""none"", ""max_neighbors"": 0, ""hidden_dim"": 0, ""memory_gate"": ""off"", ""enable_event_agg"": ""off"", ""enable_graph_update"": ""off"", ""message_mode"": ""peer"", ""msg_linear"": ""off""}"
21,coarse_dp,val,0.4316028420762199,0.4316028420762199,,0.4316028420762199,0.848,134912,205.403,jodie_rnn,"{""dataset"": ""public_csv"", ""dataset_dir"": ""data/public"", ""local_data_path"": ""data/public/mooc.csv"", ""train_ratio"": 0.7, ""val_ratio"": 0.1, ""max_events"": 50000, ""num_users"": 2828, ""num_items"": 21, ""num_interactions"": 3000, ""feature_dim"": 8, ""lr"": 0.001, ""neg_sample_size"": 5, ""k"": 10, ""selection_metric"": ""mrr"", ""device"": ""cuda"", ""seed"": 42, ""partition_size"": 7500, ""partition_strategy"": ""count"", ""num_pipeline_stages"": 2, ""pipeline_worker_gpus"": 0.0, ""pipeline_worker_cpus"": 1.0, ""pipeline_stage_train_workers"": """", ""pipeline_stage_eval_workers"": """", ""stage_balance_strategy"": ""cost"", ""stage_balance_user_weight"": 0.25, ""stage_balance_item_weight"": 0.25, ""stage_balance_span_weight"": 0.0, ""ray_address"": """", ""pipeline_trace"": false, ""pipeline_trace_log_path"": """", ""output_dir"": ""outputs/50k_comparison/seed_42/data_parallel_improved"", ""enable_efficiency_monitor"": false, ""efficiency_monitor_interval"": 10, ""data_parallel_workers"": 3, ""data_parallel_worker_gpus"": 1.0, ""data_parallel_visible_gpus"": ""0,1,2"", ""data_parallel_sync_level"": ""micro_batch"", ""data_parallel_micro_batch_size"": 32, ""gpu_list"": ""0,1,2"", ""enable_auto_pipeline_config"": false, ""pipeline_mode"": ""naive"", ""batch_training"": false, ""train_batch_size"": 32, ""batch_mode"": ""tbatch"", ""tgn_loss_mode"": ""all"", ""tgn_window_size"": 10.0, ""eval_frozen"": false, ""model"": ""jodie_rnn"", ""embedding_dim"": 128, ""memory_cell"": ""rnn"", ""time_proj"": ""linear"", ""use_static_embeddings"": ""off"", ""normalize_state"": ""off"", ""event_agg"": ""none"", ""agg_activation"": ""none"", ""attn_type"": ""dot"", ""time_decay"": ""none"", ""max_neighbors"": 0, ""hidden_dim"": 0, ""memory_gate"": ""off"", ""enable_event_agg"": ""off"", ""enable_graph_update"": ""off"", ""message_mode"": ""peer"", ""msg_linear"": ""off""}"
22,coarse_dp,val,0.4051324551566368,0.4051324551566368,,0.4051324551566368,0.7388,322496,225.6201,jodie_rnn,"{""dataset"": ""public_csv"", ""dataset_dir"": ""data/public"", ""local_data_path"": ""data/public/mooc.csv"", ""train_ratio"": 0.7, ""val_ratio"": 0.1, ""max_events"": 50000, ""num_users"": 2828, ""num_items"": 21, ""num_interactions"": 3000, ""feature_dim"": 8, ""lr"": 0.001, ""neg_sample_size"": 5, ""k"": 10, ""selection_metric"": ""mrr"", ""device"": ""cuda"", ""seed"": 42, ""partition_size"": 7500, ""partition_strategy"": ""count"", ""num_pipeline_stages"": 2, ""pipeline_worker_gpus"": 0.0, ""pipeline_worker_cpus"": 1.0, ""pipeline_stage_train_workers"": """", ""pipeline_stage_eval_workers"": """", ""stage_balance_strategy"": ""cost"", ""stage_balance_user_weight"": 0.25, ""stage_balance_item_weight"": 0.25, ""stage_balance_span_weight"": 0.0, ""ray_address"": """", ""pipeline_trace"": false, ""pipeline_trace_log_path"": """", ""output_dir"": ""outputs/50k_comparison/seed_42/data_parallel_improved"", ""enable_efficiency_monitor"": false, ""efficiency_monitor_interval"": 10, ""data_parallel_workers"": 3, ""data_parallel_worker_gpus"": 1.0, ""data_parallel_visible_gpus"": ""0,1,2"", ""data_parallel_sync_level"": ""micro_batch"", ""data_parallel_micro_batch_size"": 32, ""gpu_list"": ""0,1,2"", ""enable_auto_pipeline_config"": false, ""pipeline_mode"": ""naive"", ""batch_training"": false, ""train_batch_size"": 32, ""batch_mode"": ""tbatch"", ""tgn_loss_mode"": ""all"", ""tgn_window_size"": 10.0, ""eval_frozen"": false, ""model"": ""jodie_rnn"", ""embedding_dim"": 64, ""memory_cell"": ""gru"", ""time_proj"": ""off"", ""use_static_embeddings"": ""on"", ""normalize_state"": ""off"", ""event_agg"": ""none"", ""agg_activation"": ""none"", ""attn_type"": ""dot"", ""time_decay"": ""none"", ""max_neighbors"": 0, ""hidden_dim"": 0, ""memory_gate"": ""off"", ""enable_event_agg"": ""off"", ""enable_graph_update"": ""off"", ""message_mode"": ""peer"", ""msg_linear"": ""off""}"
23,coarse_dp,val,0.4009158169298842,0.4009158169298842,,0.4009158169298842,0.769,364992,262.4892,jodie_rnn,"{""dataset"": ""public_csv"", ""dataset_dir"": ""data/public"", ""local_data_path"": ""data/public/mooc.csv"", ""train_ratio"": 0.7, ""val_ratio"": 0.1, ""max_events"": 50000, ""num_users"": 2828, ""num_items"": 21, ""num_interactions"": 3000, ""feature_dim"": 8, ""lr"": 0.001, ""neg_sample_size"": 5, ""k"": 10, ""selection_metric"": ""mrr"", ""device"": ""cuda"", ""seed"": 42, ""partition_size"": 7500, ""partition_strategy"": ""count"", ""num_pipeline_stages"": 2, ""pipeline_worker_gpus"": 0.0, ""pipeline_worker_cpus"": 1.0, ""pipeline_stage_train_workers"": """", ""pipeline_stage_eval_workers"": """", ""stage_balance_strategy"": ""cost"", ""stage_balance_user_weight"": 0.25, ""stage_balance_item_weight"": 0.25, ""stage_balance_span_weight"": 0.0, ""ray_address"": """", ""pipeline_trace"": false, ""pipeline_trace_log_path"": """", ""output_dir"": ""outputs/50k_comparison/seed_42/data_parallel_improved"", ""enable_efficiency_monitor"": false, ""efficiency_monitor_interval"": 10, ""data_parallel_workers"": 3, ""data_parallel_worker_gpus"": 1.0, ""data_parallel_visible_gpus"": ""0,1,2"", ""data_parallel_sync_level"": ""micro_batch"", ""data_parallel_micro_batch_size"": 32, ""gpu_list"": ""0,1,2"", ""enable_auto_pipeline_config"": false, ""pipeline_mode"": ""naive"", ""batch_training"": false, ""train_batch_size"": 32, ""batch_mode"": ""tbatch"", ""tgn_loss_mode"": ""all"", ""tgn_window_size"": 10.0, ""eval_frozen"": false, ""model"": ""jodie_rnn"", ""embedding_dim"": 64, ""memory_cell"": ""lstm"", ""time_proj"": ""linear"", ""use_static_embeddings"": ""on"", ""normalize_state"": ""off"", ""event_agg"": ""none"", ""agg_activation"": ""none"", ""attn_type"": ""dot"", ""time_decay"": ""none"", ""max_neighbors"": 0, ""hidden_dim"": 0, ""memory_gate"": ""off"", ""enable_event_agg"": ""off"", ""enable_graph_update"": ""off"", ""message_mode"": ""peer"", ""msg_linear"": ""off""}"
24,coarse_dp,val,0.3967320470456569,0.3967320470456569,,0.3967320470456569,0.7446,127456,255.104,jodie_rnn,"{""dataset"": ""public_csv"", ""dataset_dir"": ""data/public"", ""local_data_path"": ""data/public/mooc.csv"", ""train_ratio"": 0.7, ""val_ratio"": 0.1, ""max_events"": 50000, ""num_users"": 2828, ""num_items"": 21, ""num_interactions"": 3000, ""feature_dim"": 8, ""lr"": 0.001, ""neg_sample_size"": 5, ""k"": 10, ""selection_metric"": ""mrr"", ""device"": ""cuda"", ""seed"": 42, ""partition_size"": 7500, ""partition_strategy"": ""count"", ""num_pipeline_stages"": 2, ""pipeline_worker_gpus"": 0.0, ""pipeline_worker_cpus"": 1.0, ""pipeline_stage_train_workers"": """", ""pipeline_stage_eval_workers"": """", ""stage_balance_strategy"": ""cost"", ""stage_balance_user_weight"": 0.25, ""stage_balance_item_weight"": 0.25, ""stage_balance_span_weight"": 0.0, ""ray_address"": """", ""pipeline_trace"": false, ""pipeline_trace_log_path"": """", ""output_dir"": ""outputs/50k_comparison/seed_42/data_parallel_improved"", ""enable_efficiency_monitor"": false, ""efficiency_monitor_interval"": 10, ""data_parallel_workers"": 3, ""data_parallel_worker_gpus"": 1.0, ""data_parallel_visible_gpus"": ""0,1,2"", ""data_parallel_sync_level"": ""micro_batch"", ""data_parallel_micro_batch_size"": 32, ""gpu_list"": ""0,1,2"", ""enable_auto_pipeline_config"": false, ""pipeline_mode"": ""naive"", ""batch_training"": false, ""train_batch_size"": 32, ""batch_mode"": ""tbatch"", ""tgn_loss_mode"": ""all"", ""tgn_window_size"": 10.0, ""eval_frozen"": false, ""model"": ""jodie_rnn"", ""embedding_dim"": 32, ""memory_cell"": ""gru"", ""time_proj"": ""linear"", ""use_static_embeddings"": ""on"", ""normalize_state"": ""on"", ""event_agg"": ""none"", ""agg_activation"": ""none"", ""attn_type"": ""dot"", ""time_decay"": ""none"", ""max_neighbors"": 0, ""hidden_dim"": 0, ""memory_gate"": ""off"", ""enable_event_agg"": ""off"", ""enable_graph_update"": ""off"", ""message_mode"": ""peer"", ""msg_linear"": ""off""}"
25,coarse_dp,val,0.3913673670558844,0.3913673670558844,,0.3913673670558844,0.7326,138464,306.5655,jodie_rnn,"{""dataset"": ""public_csv"", ""dataset_dir"": ""data/public"", ""local_data_path"": ""data/public/mooc.csv"", ""train_ratio"": 0.7, ""val_ratio"": 0.1, ""max_events"": 50000, ""num_users"": 2828, ""num_items"": 21, ""num_interactions"": 3000, ""feature_dim"": 8, ""lr"": 0.001, ""neg_sample_size"": 5, ""k"": 10, ""selection_metric"": ""mrr"", ""device"": ""cuda"", ""seed"": 42, ""partition_size"": 7500, ""partition_strategy"": ""count"", ""num_pipeline_stages"": 2, ""pipeline_worker_gpus"": 0.0, ""pipeline_worker_cpus"": 1.0, ""pipeline_stage_train_workers"": """", ""pipeline_stage_eval_workers"": """", ""stage_balance_strategy"": ""cost"", ""stage_balance_user_weight"": 0.25, ""stage_balance_item_weight"": 0.25, ""stage_balance_span_weight"": 0.0, ""ray_address"": """", ""pipeline_trace"": false, ""pipeline_trace_log_path"": """", ""output_dir"": ""outputs/50k_comparison/seed_42/data_parallel_improved"", ""enable_efficiency_monitor"": false, ""efficiency_monitor_interval"": 10, ""data_parallel_workers"": 3, ""data_parallel_worker_gpus"": 1.0, ""data_parallel_visible_gpus"": ""0,1,2"", ""data_parallel_sync_level"": ""micro_batch"", ""data_parallel_micro_batch_size"": 32, ""gpu_list"": ""0,1,2"", ""enable_auto_pipeline_config"": false, ""pipeline_mode"": ""naive"", ""batch_training"": false, ""train_batch_size"": 32, ""batch_mode"": ""tbatch"", ""tgn_loss_mode"": ""all"", ""tgn_window_size"": 10.0, ""eval_frozen"": false, ""model"": ""jodie_rnn"", ""embedding_dim"": 32, ""memory_cell"": ""lstm"", ""time_proj"": ""linear"", ""use_static_embeddings"": ""on"", ""normalize_state"": ""off"", ""event_agg"": ""none"", ""agg_activation"": ""none"", ""attn_type"": ""dot"", ""time_decay"": ""none"", ""max_neighbors"": 0, ""hidden_dim"": 0, ""memory_gate"": ""off"", ""enable_event_agg"": ""off"", ""enable_graph_update"": ""off"", ""message_mode"": ""peer"", ""msg_linear"": ""off""}"
26,coarse_dp,val,0.390280055494896,0.390280055494896,,0.390280055494896,0.7872,1082240,350.1501,jodie_rnn,"{""dataset"": ""public_csv"", ""dataset_dir"": ""data/public"", ""local_data_path"": ""data/public/mooc.csv"", ""train_ratio"": 0.7, ""val_ratio"": 0.1, ""max_events"": 50000, ""num_users"": 2828, ""num_items"": 21, ""num_interactions"": 3000, ""feature_dim"": 8, ""lr"": 0.001, ""neg_sample_size"": 5, ""k"": 10, ""selection_metric"": ""mrr"", ""device"": ""cuda"", ""seed"": 42, ""partition_size"": 7500, ""partition_strategy"": ""count"", ""num_pipeline_stages"": 2, ""pipeline_worker_gpus"": 0.0, ""pipeline_worker_cpus"": 1.0, ""pipeline_stage_train_workers"": """", ""pipeline_stage_eval_workers"": """", ""stage_balance_strategy"": ""cost"", ""stage_balance_user_weight"": 0.25, ""stage_balance_item_weight"": 0.25, ""stage_balance_span_weight"": 0.0, ""ray_address"": """", ""pipeline_trace"": false, ""pipeline_trace_log_path"": """", ""output_dir"": ""outputs/50k_comparison/seed_42/data_parallel_improved"", ""enable_efficiency_monitor"": false, ""efficiency_monitor_interval"": 10, ""data_parallel_workers"": 3, ""data_parallel_worker_gpus"": 1.0, ""data_parallel_visible_gpus"": ""0,1,2"", ""data_parallel_sync_level"": ""micro_batch"", ""data_parallel_micro_batch_size"": 32, ""gpu_list"": ""0,1,2"", ""enable_auto_pipeline_config"": false, ""pipeline_mode"": ""naive"", ""batch_training"": false, ""train_batch_size"": 32, ""batch_mode"": ""tbatch"", ""tgn_loss_mode"": ""all"", ""tgn_window_size"": 10.0, ""eval_frozen"": false, ""model"": ""jodie_rnn"", ""embedding_dim"": 128, ""memory_cell"": ""lstm"", ""time_proj"": ""off"", ""use_static_embeddings"": ""on"", ""normalize_state"": ""off"", ""event_agg"": ""none"", ""agg_activation"": ""none"", ""attn_type"": ""dot"", ""time_decay"": ""none"", ""max_neighbors"": 0, ""hidden_dim"": 0, ""memory_gate"": ""off"", ""enable_event_agg"": ""off"", ""enable_graph_update"": ""off"", ""message_mode"": ""peer"", ""msg_linear"": ""off""}"
27,coarse_dp,val,0.389710961474023,0.389710961474023,,0.389710961474023,0.8148,364992,318.7959,jodie_rnn,"{""dataset"": ""public_csv"", ""dataset_dir"": ""data/public"", ""local_data_path"": ""data/public/mooc.csv"", ""train_ratio"": 0.7, ""val_ratio"": 0.1, ""max_events"": 50000, ""num_users"": 2828, ""num_items"": 21, ""num_interactions"": 3000, ""feature_dim"": 8, ""lr"": 0.001, ""neg_sample_size"": 5, ""k"": 10, ""selection_metric"": ""mrr"", ""device"": ""cuda"", ""seed"": 42, ""partition_size"": 7500, ""partition_strategy"": ""count"", ""num_pipeline_stages"": 2, ""pipeline_worker_gpus"": 0.0, ""pipeline_worker_cpus"": 1.0, ""pipeline_stage_train_workers"": """", ""pipeline_stage_eval_workers"": """", ""stage_balance_strategy"": ""cost"", ""stage_balance_user_weight"": 0.25, ""stage_balance_item_weight"": 0.25, ""stage_balance_span_weight"": 0.0, ""ray_address"": """", ""pipeline_trace"": false, ""pipeline_trace_log_path"": """", ""output_dir"": ""outputs/50k_comparison/seed_42/data_parallel_improved"", ""enable_efficiency_monitor"": false, ""efficiency_monitor_interval"": 10, ""data_parallel_workers"": 3, ""data_parallel_worker_gpus"": 1.0, ""data_parallel_visible_gpus"": ""0,1,2"", ""data_parallel_sync_level"": ""micro_batch"", ""data_parallel_micro_batch_size"": 32, ""gpu_list"": ""0,1,2"", ""enable_auto_pipeline_config"": false, ""pipeline_mode"": ""naive"", ""batch_training"": false, ""train_batch_size"": 32, ""batch_mode"": ""tbatch"", ""tgn_loss_mode"": ""all"", ""tgn_window_size"": 10.0, ""eval_frozen"": false, ""model"": ""jodie_rnn"", ""embedding_dim"": 64, ""memory_cell"": ""lstm"", ""time_proj"": ""off"", ""use_static_embeddings"": ""on"", ""normalize_state"": ""off"", ""event_agg"": ""none"", ""agg_activation"": ""none"", ""attn_type"": ""dot"", ""time_decay"": ""none"", ""max_neighbors"": 0, ""hidden_dim"": 0, ""memory_gate"": ""off"", ""enable_event_agg"": ""off"", ""enable_graph_update"": ""off"", ""message_mode"": ""peer"", ""msg_linear"": ""off""}"
28,coarse_dp,val,0.38899877967233565,0.38899877967233565,,0.38899877967233565,0.7758,29888,330.0341,jodie_rnn,"{""dataset"": ""public_csv"", ""dataset_dir"": ""data/public"", ""local_data_path"": ""data/public/mooc.csv"", ""train_ratio"": 0.7, ""val_ratio"": 0.1, ""max_events"": 50000, ""num_users"": 2828, ""num_items"": 21, ""num_interactions"": 3000, ""feature_dim"": 8, ""lr"": 0.001, ""neg_sample_size"": 5, ""k"": 10, ""selection_metric"": ""mrr"", ""device"": ""cuda"", ""seed"": 42, ""partition_size"": 7500, ""partition_strategy"": ""count"", ""num_pipeline_stages"": 2, ""pipeline_worker_gpus"": 0.0, ""pipeline_worker_cpus"": 1.0, ""pipeline_stage_train_workers"": """", ""pipeline_stage_eval_workers"": """", ""stage_balance_strategy"": ""cost"", ""stage_balance_user_weight"": 0.25, ""stage_balance_item_weight"": 0.25, ""stage_balance_span_weight"": 0.0, ""ray_address"": """", ""pipeline_trace"": false, ""pipeline_trace_log_path"": """", ""output_dir"": ""outputs/50k_comparison/seed_42/data_parallel_improved"", ""enable_efficiency_monitor"": false, ""efficiency_monitor_interval"": 10, ""data_parallel_workers"": 3, ""data_parallel_worker_gpus"": 1.0, ""data_parallel_visible_gpus"": ""0,1,2"", ""data_parallel_sync_level"": ""micro_batch"", ""data_parallel_micro_batch_size"": 32, ""gpu_list"": ""0,1,2"", ""enable_auto_pipeline_config"": false, ""pipeline_mode"": ""naive"", ""batch_training"": false, ""train_batch_size"": 32, ""batch_mode"": ""tbatch"", ""tgn_loss_mode"": ""all"", ""tgn_window_size"": 10.0, ""eval_frozen"": false, ""model"": ""jodie_rnn"", ""embedding_dim"": 32, ""memory_cell"": ""lstm"", ""time_proj"": ""linear"", ""use_static_embeddings"": ""off"", ""normalize_state"": ""on"", ""event_agg"": ""none"", ""agg_activation"": ""none"", ""attn_type"": ""dot"", ""time_decay"": ""none"", ""max_neighbors"": 0, ""hidden_dim"": 0, ""memory_gate"": ""off"", ""enable_event_agg"": ""off"", ""enable_graph_update"": ""off"", ""message_mode"": ""peer"", ""msg_linear"": ""off""}"
29,coarse_dp,val,0.38350122211207704,0.38350122211207704,,0.38350122211207704,0.7294,34688,301.0657,jodie_rnn,"{""dataset"": ""public_csv"", ""dataset_dir"": ""data/public"", ""local_data_path"": ""data/public/mooc.csv"", ""train_ratio"": 0.7, ""val_ratio"": 0.1, ""max_events"": 50000, ""num_users"": 2828, ""num_items"": 21, ""num_interactions"": 3000, ""feature_dim"": 8, ""lr"": 0.001, ""neg_sample_size"": 5, ""k"": 10, ""selection_metric"": ""mrr"", ""device"": ""cuda"", ""seed"": 42, ""partition_size"": 7500, ""partition_strategy"": ""count"", ""num_pipeline_stages"": 2, ""pipeline_worker_gpus"": 0.0, ""pipeline_worker_cpus"": 1.0, ""pipeline_stage_train_workers"": """", ""pipeline_stage_eval_workers"": """", ""stage_balance_strategy"": ""cost"", ""stage_balance_user_weight"": 0.25, ""stage_balance_item_weight"": 0.25, ""stage_balance_span_weight"": 0.0, ""ray_address"": """", ""pipeline_trace"": false, ""pipeline_trace_log_path"": """", ""output_dir"": ""outputs/50k_comparison/seed_42/data_parallel_improved"", ""enable_efficiency_monitor"": false, ""efficiency_monitor_interval"": 10, ""data_parallel_workers"": 3, ""data_parallel_worker_gpus"": 1.0, ""data_parallel_visible_gpus"": ""0,1,2"", ""data_parallel_sync_level"": ""micro_batch"", ""data_parallel_micro_batch_size"": 32, ""gpu_list"": ""0,1,2"", ""enable_auto_pipeline_config"": false, ""pipeline_mode"": ""naive"", ""batch_training"": false, ""train_batch_size"": 32, ""batch_mode"": ""tbatch"", ""tgn_loss_mode"": ""all"", ""tgn_window_size"": 10.0, ""eval_frozen"": false, ""model"": ""jodie_rnn"", ""embedding_dim"": 64, ""memory_cell"": ""rnn"", ""time_proj"": ""off"", ""use_static_embeddings"": ""off"", ""normalize_state"": ""on"", ""event_agg"": ""none"", ""agg_activation"": ""none"", ""attn_type"": ""dot"", ""time_decay"": ""none"", ""max_neighbors"": 0, ""hidden_dim"": 0, ""memory_gate"": ""off"", ""enable_event_agg"": ""off"", ""enable_graph_update"": ""off"", ""message_mode"": ""peer"", ""msg_linear"": ""off""}"
30,coarse_dp,val,0.381377556975184,0.381377556975184,,0.381377556975184,0.7528,29888,196.495,jodie_rnn,"{""dataset"": ""public_csv"", ""dataset_dir"": ""data/public"", ""local_data_path"": ""data/public/mooc.csv"", ""train_ratio"": 0.7, ""val_ratio"": 0.1, ""max_events"": 50000, ""num_users"": 2828, ""num_items"": 21, ""num_interactions"": 3000, ""feature_dim"": 8, ""lr"": 0.001, ""neg_sample_size"": 5, ""k"": 10, ""selection_metric"": ""mrr"", ""device"": ""cuda"", ""seed"": 42, ""partition_size"": 7500, ""partition_strategy"": ""count"", ""num_pipeline_stages"": 2, ""pipeline_worker_gpus"": 0.0, ""pipeline_worker_cpus"": 1.0, ""pipeline_stage_train_workers"": """", ""pipeline_stage_eval_workers"": """", ""stage_balance_strategy"": ""cost"", ""stage_balance_user_weight"": 0.25, ""stage_balance_item_weight"": 0.25, ""stage_balance_span_weight"": 0.0, ""ray_address"": """", ""pipeline_trace"": false, ""pipeline_trace_log_path"": """", ""output_dir"": ""outputs/50k_comparison/seed_42/data_parallel_improved"", ""enable_efficiency_monitor"": false, ""efficiency_monitor_interval"": 10, ""data_parallel_workers"": 3, ""data_parallel_worker_gpus"": 1.0, ""data_parallel_visible_gpus"": ""0,1,2"", ""data_parallel_sync_level"": ""micro_batch"", ""data_parallel_micro_batch_size"": 32, ""gpu_list"": ""0,1,2"", ""enable_auto_pipeline_config"": false, ""pipeline_mode"": ""naive"", ""batch_training"": false, ""train_batch_size"": 32, ""batch_mode"": ""tbatch"", ""tgn_loss_mode"": ""all"", ""tgn_window_size"": 10.0, ""eval_frozen"": false, ""model"": ""jodie_rnn"", ""embedding_dim"": 32, ""memory_cell"": ""lstm"", ""time_proj"": ""linear"", ""use_static_embeddings"": ""off"", ""normalize_state"": ""off"", ""event_agg"": ""none"", ""agg_activation"": ""none"", ""attn_type"": ""dot"", ""time_decay"": ""none"", ""max_neighbors"": 0, ""hidden_dim"": 0, ""memory_gate"": ""off"", ""enable_event_agg"": ""off"", ""enable_graph_update"": ""off"", ""message_mode"": ""peer"", ""msg_linear"": ""off""}"
31,coarse_dp,val,0.37552915121256014,0.37552915121256014,,0.37552915121256014,0.7034,915328,380.6971,jodie_rnn,"{""dataset"": ""public_csv"", ""dataset_dir"": ""data/public"", ""local_data_path"": ""data/public/mooc.csv"", ""train_ratio"": 0.7, ""val_ratio"": 0.1, ""max_events"": 50000, ""num_users"": 2828, ""num_items"": 21, ""num_interactions"": 3000, ""feature_dim"": 8, ""lr"": 0.001, ""neg_sample_size"": 5, ""k"": 10, ""selection_metric"": ""mrr"", ""device"": ""cuda"", ""seed"": 42, ""partition_size"": 7500, ""partition_strategy"": ""count"", ""num_pipeline_stages"": 2, ""pipeline_worker_gpus"": 0.0, ""pipeline_worker_cpus"": 1.0, ""pipeline_stage_train_workers"": """", ""pipeline_stage_eval_workers"": """", ""stage_balance_strategy"": ""cost"", ""stage_balance_user_weight"": 0.25, ""stage_balance_item_weight"": 0.25, ""stage_balance_span_weight"": 0.0, ""ray_address"": """", ""pipeline_trace"": false, ""pipeline_trace_log_path"": """", ""output_dir"": ""outputs/50k_comparison/seed_42/data_parallel_improved"", ""enable_efficiency_monitor"": false, ""efficiency_monitor_interval"": 10, ""data_parallel_workers"": 3, ""data_parallel_worker_gpus"": 1.0, ""data_parallel_visible_gpus"": ""0,1,2"", ""data_parallel_sync_level"": ""micro_batch"", ""data_parallel_micro_batch_size"": 32, ""gpu_list"": ""0,1,2"", ""enable_auto_pipeline_config"": false, ""pipeline_mode"": ""naive"", ""batch_training"": false, ""train_batch_size"": 32, ""batch_mode"": ""tbatch"", ""tgn_loss_mode"": ""all"", ""tgn_window_size"": 10.0, ""eval_frozen"": false, ""model"": ""jodie_rnn"", ""embedding_dim"": 128, ""memory_cell"": ""gru"", ""time_proj"": ""off"", ""use_static_embeddings"": ""on"", ""normalize_state"": ""on"", ""event_agg"": ""none"", ""agg_activation"": ""none"", ""attn_type"": ""dot"", ""time_decay"": ""none"", ""max_neighbors"": 0, ""hidden_dim"": 0, ""memory_gate"": ""off"", ""enable_event_agg"": ""off"", ""enable_graph_update"": ""off"", ""message_mode"": ""peer"", ""msg_linear"": ""off""}"
32,coarse_dp,val,0.37389789576092664,0.37389789576092664,,0.37389789576092664,0.8026,9152,271.3392,jodie_rnn,"{""dataset"": ""public_csv"", ""dataset_dir"": ""data/public"", ""local_data_path"": ""data/public/mooc.csv"", ""train_ratio"": 0.7, ""val_ratio"": 0.1, ""max_events"": 50000, ""num_users"": 2828, ""num_items"": 21, ""num_interactions"": 3000, ""feature_dim"": 8, ""lr"": 0.001, ""neg_sample_size"": 5, ""k"": 10, ""selection_metric"": ""mrr"", ""device"": ""cuda"", ""seed"": 42, ""partition_size"": 7500, ""partition_strategy"": ""count"", ""num_pipeline_stages"": 2, ""pipeline_worker_gpus"": 0.0, ""pipeline_worker_cpus"": 1.0, ""pipeline_stage_train_workers"": """", ""pipeline_stage_eval_workers"": """", ""stage_balance_strategy"": ""cost"", ""stage_balance_user_weight"": 0.25, ""stage_balance_item_weight"": 0.25, ""stage_balance_span_weight"": 0.0, ""ray_address"": """", ""pipeline_trace"": false, ""pipeline_trace_log_path"": """", ""output_dir"": ""outputs/50k_comparison/seed_42/data_parallel_improved"", ""enable_efficiency_monitor"": false, ""efficiency_monitor_interval"": 10, ""data_parallel_workers"": 3, ""data_parallel_worker_gpus"": 1.0, ""data_parallel_visible_gpus"": ""0,1,2"", ""data_parallel_sync_level"": ""micro_batch"", ""data_parallel_micro_batch_size"": 32, ""gpu_list"": ""0,1,2"", ""enable_auto_pipeline_config"": false, ""pipeline_mode"": ""naive"", ""batch_training"": false, ""train_batch_size"": 32, ""batch_mode"": ""tbatch"", ""tgn_loss_mode"": ""all"", ""tgn_window_size"": 10.0, ""eval_frozen"": false, ""model"": ""jodie_rnn"", ""embedding_dim"": 32, ""memory_cell"": ""rnn"", ""time_proj"": ""linear"", ""use_static_embeddings"": ""off"", ""normalize_state"": ""off"", ""event_agg"": ""none"", ""agg_activation"": ""none"", ""attn_type"": ""dot"", ""time_decay"": ""none"", ""max_neighbors"": 0, ""hidden_dim"": 0, ""memory_gate"": ""off"", ""enable_event_agg"": ""off"", ""enable_graph_update"": ""off"", ""message_mode"": ""peer"", ""msg_linear"": ""off""}"
33,coarse_dp,val,0.37099828759303627,0.37099828759303627,,0.37099828759303627,0.7834,22976,176.6696,jodie_rnn,"{""dataset"": ""public_csv"", ""dataset_dir"": ""data/public"", ""local_data_path"": ""data/public/mooc.csv"", ""train_ratio"": 0.7, ""val_ratio"": 0.1, ""max_events"": 50000, ""num_users"": 2828, ""num_items"": 21, ""num_interactions"": 3000, ""feature_dim"": 8, ""lr"": 0.001, ""neg_sample_size"": 5, ""k"": 10, ""selection_metric"": ""mrr"", ""device"": ""cuda"", ""seed"": 42, ""partition_size"": 7500, ""partition_strategy"": ""count"", ""num_pipeline_stages"": 2, ""pipeline_worker_gpus"": 0.0, ""pipeline_worker_cpus"": 1.0, ""pipeline_stage_train_workers"": """", ""pipeline_stage_eval_workers"": """", ""stage_balance_strategy"": ""cost"", ""stage_balance_user_weight"": 0.25, ""stage_balance_item_weight"": 0.25, ""stage_balance_span_weight"": 0.0, ""ray_address"": """", ""pipeline_trace"": false, ""pipeline_trace_log_path"": """", ""output_dir"": ""outputs/50k_comparison/seed_42/data_parallel_improved"", ""enable_efficiency_monitor"": false, ""efficiency_monitor_interval"": 10, ""data_parallel_workers"": 3, ""data_parallel_worker_gpus"": 1.0, ""data_parallel_visible_gpus"": ""0,1,2"", ""data_parallel_sync_level"": ""micro_batch"", ""data_parallel_micro_batch_size"": 32, ""gpu_list"": ""0,1,2"", ""enable_auto_pipeline_config"": false, ""pipeline_mode"": ""naive"", ""batch_training"": false, ""train_batch_size"": 32, ""batch_mode"": ""tbatch"", ""tgn_loss_mode"": ""all"", ""tgn_window_size"": 10.0, ""eval_frozen"": false, ""model"": ""jodie_rnn"", ""embedding_dim"": 32, ""memory_cell"": ""gru"", ""time_proj"": ""off"", ""use_static_embeddings"": ""off"", ""normalize_state"": ""off"", ""event_agg"": ""none"", ""agg_activation"": ""none"", ""attn_type"": ""dot"", ""time_decay"": ""none"", ""max_neighbors"": 0, ""hidden_dim"": 0, ""memory_gate"": ""off"", ""enable_event_agg"": ""off"", ""enable_graph_update"": ""off"", ""message_mode"": ""peer"", ""msg_linear"": ""off""}"
34,coarse_dp,val,0.3649987000881786,0.3649987000881786,,0.3649987000881786,0.8634,113024,192.454,jodie_rnn,"{""dataset"": ""public_csv"", ""dataset_dir"": ""data/public"", ""local_data_path"": ""data/public/mooc.csv"", ""train_ratio"": 0.7, ""val_ratio"": 0.1, ""max_events"": 50000, ""num_users"": 2828, ""num_items"": 21, ""num_interactions"": 3000, ""feature_dim"": 8, ""lr"": 0.001, ""neg_sample_size"": 5, ""k"": 10, ""selection_metric"": ""mrr"", ""device"": ""cuda"", ""seed"": 42, ""partition_size"": 7500, ""partition_strategy"": ""count"", ""num_pipeline_stages"": 2, ""pipeline_worker_gpus"": 0.0, ""pipeline_worker_cpus"": 1.0, ""pipeline_stage_train_workers"": """", ""pipeline_stage_eval_workers"": """", ""stage_balance_strategy"": ""cost"", ""stage_balance_user_weight"": 0.25, ""stage_balance_item_weight"": 0.25, ""stage_balance_span_weight"": 0.0, ""ray_address"": """", ""pipeline_trace"": false, ""pipeline_trace_log_path"": """", ""output_dir"": ""outputs/50k_comparison/seed_42/data_parallel_improved"", ""enable_efficiency_monitor"": false, ""efficiency_monitor_interval"": 10, ""data_parallel_workers"": 3, ""data_parallel_worker_gpus"": 1.0, ""data_parallel_visible_gpus"": ""0,1,2"", ""data_parallel_sync_level"": ""micro_batch"", ""data_parallel_micro_batch_size"": 32, ""gpu_list"": ""0,1,2"", ""enable_auto_pipeline_config"": false, ""pipeline_mode"": ""naive"", ""batch_training"": false, ""train_batch_size"": 32, ""batch_mode"": ""tbatch"", ""tgn_loss_mode"": ""all"", ""tgn_window_size"": 10.0, ""eval_frozen"": false, ""model"": ""jodie_rnn"", ""embedding_dim"": 64, ""memory_cell"": ""lstm"", ""time_proj"": ""off"", ""use_static_embeddings"": ""off"", ""normalize_state"": ""off"", ""event_agg"": ""none"", ""agg_activation"": ""none"", ""attn_type"": ""dot"", ""time_decay"": ""none"", ""max_neighbors"": 0, ""hidden_dim"": 0, ""memory_gate"": ""off"", ""enable_event_agg"": ""off"", ""enable_graph_update"": ""off"", ""message_mode"": ""peer"", ""msg_linear"": ""off""}"
35,coarse_dp,val,0.3510710378286969,0.3510710378286969,,0.3510710378286969,0.7778,86912,259.7578,jodie_rnn,"{""dataset"": ""public_csv"", ""dataset_dir"": ""data/public"", ""local_data_path"": ""data/public/mooc.csv"", ""train_ratio"": 0.7, ""val_ratio"": 0.1, ""max_events"": 50000, ""num_users"": 2828, ""num_items"": 21, ""num_interactions"": 3000, ""feature_dim"": 8, ""lr"": 0.001, ""neg_sample_size"": 5, ""k"": 10, ""selection_metric"": ""mrr"", ""device"": ""cuda"", ""seed"": 42, ""partition_size"": 7500, ""partition_strategy"": ""count"", ""num_pipeline_stages"": 2, ""pipeline_worker_gpus"": 0.0, ""pipeline_worker_cpus"": 1.0, ""pipeline_stage_train_workers"": """", ""pipeline_stage_eval_workers"": """", ""stage_balance_strategy"": ""cost"", ""stage_balance_user_weight"": 0.25, ""stage_balance_item_weight"": 0.25, ""stage_balance_span_weight"": 0.0, ""ray_address"": """", ""pipeline_trace"": false, ""pipeline_trace_log_path"": """", ""output_dir"": ""outputs/50k_comparison/seed_42/data_parallel_improved"", ""enable_efficiency_monitor"": false, ""efficiency_monitor_interval"": 10, ""data_parallel_workers"": 3, ""data_parallel_worker_gpus"": 1.0, ""data_parallel_visible_gpus"": ""0,1,2"", ""data_parallel_sync_level"": ""micro_batch"", ""data_parallel_micro_batch_size"": 32, ""gpu_list"": ""0,1,2"", ""enable_auto_pipeline_config"": false, ""pipeline_mode"": ""naive"", ""batch_training"": false, ""train_batch_size"": 32, ""batch_mode"": ""tbatch"", ""tgn_loss_mode"": ""all"", ""tgn_window_size"": 10.0, ""eval_frozen"": false, ""model"": ""jodie_rnn"", ""embedding_dim"": 64, ""memory_cell"": ""gru"", ""time_proj"": ""off"", ""use_static_embeddings"": ""off"", ""normalize_state"": ""off"", ""event_agg"": ""none"", ""agg_activation"": ""none"", ""attn_type"": ""dot"", ""time_decay"": ""none"", ""max_neighbors"": 0, ""hidden_dim"": 0, ""memory_gate"": ""off"", ""enable_event_agg"": ""off"", ""enable_graph_update"": ""off"", ""message_mode"": ""peer"", ""msg_linear"": ""off""}"
36,coarse_dp,val,0.3490097360130374,0.3490097360130374,,0.3490097360130374,0.668,1082240,325.6389,jodie_rnn,"{""dataset"": ""public_csv"", ""dataset_dir"": ""data/public"", ""local_data_path"": ""data/public/mooc.csv"", ""train_ratio"": 0.7, ""val_ratio"": 0.1, ""max_events"": 50000, ""num_users"": 2828, ""num_items"": 21, ""num_interactions"": 3000, ""feature_dim"": 8, ""lr"": 0.001, ""neg_sample_size"": 5, ""k"": 10, ""selection_metric"": ""mrr"", ""device"": ""cuda"", ""seed"": 42, ""partition_size"": 7500, ""partition_strategy"": ""count"", ""num_pipeline_stages"": 2, ""pipeline_worker_gpus"": 0.0, ""pipeline_worker_cpus"": 1.0, ""pipeline_stage_train_workers"": """", ""pipeline_stage_eval_workers"": """", ""stage_balance_strategy"": ""cost"", ""stage_balance_user_weight"": 0.25, ""stage_balance_item_weight"": 0.25, ""stage_balance_span_weight"": 0.0, ""ray_address"": """", ""pipeline_trace"": false, ""pipeline_trace_log_path"": """", ""output_dir"": ""outputs/50k_comparison/seed_42/data_parallel_improved"", ""enable_efficiency_monitor"": false, ""efficiency_monitor_interval"": 10, ""data_parallel_workers"": 3, ""data_parallel_worker_gpus"": 1.0, ""data_parallel_visible_gpus"": ""0,1,2"", ""data_parallel_sync_level"": ""micro_batch"", ""data_parallel_micro_batch_size"": 32, ""gpu_list"": ""0,1,2"", ""enable_auto_pipeline_config"": false, ""pipeline_mode"": ""naive"", ""batch_training"": false, ""train_batch_size"": 32, ""batch_mode"": ""tbatch"", ""tgn_loss_mode"": ""all"", ""tgn_window_size"": 10.0, ""eval_frozen"": false, ""model"": ""jodie_rnn"", ""embedding_dim"": 128, ""memory_cell"": ""lstm"", ""time_proj"": ""off"", ""use_static_embeddings"": ""on"", ""normalize_state"": ""on"", ""event_agg"": ""none"", ""agg_activation"": ""none"", ""attn_type"": ""dot"", ""time_decay"": ""none"", ""max_neighbors"": 0, ""hidden_dim"": 0, ""memory_gate"": ""off"", ""enable_event_agg"": ""off"", ""enable_graph_update"": ""off"", ""message_mode"": ""peer"", ""msg_linear"": ""off""}"
37,coarse_dp,val,0.3472481966511268,0.3472481966511268,,0.3472481966511268,0.6906,22976,231.0374,jodie_rnn,"{""dataset"": ""public_csv"", ""dataset_dir"": ""data/public"", ""local_data_path"": ""data/public/mooc.csv"", ""train_ratio"": 0.7, ""val_ratio"": 0.1, ""max_events"": 50000, ""num_users"": 2828, ""num_items"": 21, ""num_interactions"": 3000, ""feature_dim"": 8, ""lr"": 0.001, ""neg_sample_size"": 5, ""k"": 10, ""selection_metric"": ""mrr"", ""device"": ""cuda"", ""seed"": 42, ""partition_size"": 7500, ""partition_strategy"": ""count"", ""num_pipeline_stages"": 2, ""pipeline_worker_gpus"": 0.0, ""pipeline_worker_cpus"": 1.0, ""pipeline_stage_train_workers"": """", ""pipeline_stage_eval_workers"": """", ""stage_balance_strategy"": ""cost"", ""stage_balance_user_weight"": 0.25, ""stage_balance_item_weight"": 0.25, ""stage_balance_span_weight"": 0.0, ""ray_address"": """", ""pipeline_trace"": false, ""pipeline_trace_log_path"": """", ""output_dir"": ""outputs/50k_comparison/seed_42/data_parallel_improved"", ""enable_efficiency_monitor"": false, ""efficiency_monitor_interval"": 10, ""data_parallel_workers"": 3, ""data_parallel_worker_gpus"": 1.0, ""data_parallel_visible_gpus"": ""0,1,2"", ""data_parallel_sync_level"": ""micro_batch"", ""data_parallel_micro_batch_size"": 32, ""gpu_list"": ""0,1,2"", ""enable_auto_pipeline_config"": false, ""pipeline_mode"": ""naive"", ""batch_training"": false, ""train_batch_size"": 32, ""batch_mode"": ""tbatch"", ""tgn_loss_mode"": ""all"", ""tgn_window_size"": 10.0, ""eval_frozen"": false, ""model"": ""jodie_rnn"", ""embedding_dim"": 32, ""memory_cell"": ""gru"", ""time_proj"": ""linear"", ""use_static_embeddings"": ""off"", ""normalize_state"": ""on"", ""event_agg"": ""none"", ""agg_activation"": ""none"", ""attn_type"": ""dot"", ""time_decay"": ""none"", ""max_neighbors"": 0, ""hidden_dim"": 0, ""memory_gate"": ""off"", ""enable_event_agg"": ""off"", ""enable_graph_update"": ""off"", ""message_mode"": ""peer"", ""msg_linear"": ""off""}"
38,coarse_dp,val,0.3470036977298545,0.3470036977298545,,0.3470036977298545,0.7134,105440,241.2432,jodie_rnn,"{""dataset"": ""public_csv"", ""dataset_dir"": ""data/public"", ""local_data_path"": ""data/public/mooc.csv"", ""train_ratio"": 0.7, ""val_ratio"": 0.1, ""max_events"": 50000, ""num_users"": 2828, ""num_items"": 21, ""num_interactions"": 3000, ""feature_dim"": 8, ""lr"": 0.001, ""neg_sample_size"": 5, ""k"": 10, ""selection_metric"": ""mrr"", ""device"": ""cuda"", ""seed"": 42, ""partition_size"": 7500, ""partition_strategy"": ""count"", ""num_pipeline_stages"": 2, ""pipeline_worker_gpus"": 0.0, ""pipeline_worker_cpus"": 1.0, ""pipeline_stage_train_workers"": """", ""pipeline_stage_eval_workers"": """", ""stage_balance_strategy"": ""cost"", ""stage_balance_user_weight"": 0.25, ""stage_balance_item_weight"": 0.25, ""stage_balance_span_weight"": 0.0, ""ray_address"": """", ""pipeline_trace"": false, ""pipeline_trace_log_path"": """", ""output_dir"": ""outputs/50k_comparison/seed_42/data_parallel_improved"", ""enable_efficiency_monitor"": false, ""efficiency_monitor_interval"": 10, ""data_parallel_workers"": 3, ""data_parallel_worker_gpus"": 1.0, ""data_parallel_visible_gpus"": ""0,1,2"", ""data_parallel_sync_level"": ""micro_batch"", ""data_parallel_micro_batch_size"": 32, ""gpu_list"": ""0,1,2"", ""enable_auto_pipeline_config"": false, ""pipeline_mode"": ""naive"", ""batch_training"": false, ""train_batch_size"": 32, ""batch_mode"": ""tbatch"", ""tgn_loss_mode"": ""all"", ""tgn_window_size"": 10.0, ""eval_frozen"": false, ""model"": ""jodie_rnn"", ""embedding_dim"": 32, ""memory_cell"": ""rnn"", ""time_proj"": ""off"", ""use_static_embeddings"": ""on"", ""normalize_state"": ""on"", ""event_agg"": ""none"", ""agg_activation"": ""none"", ""attn_type"": ""dot"", ""time_decay"": ""none"", ""max_neighbors"": 0, ""hidden_dim"": 0, ""memory_gate"": ""off"", ""enable_event_agg"": ""off"", ""enable_graph_update"": ""off"", ""message_mode"": ""peer"", ""msg_linear"": ""off""}"
39,coarse_dp,val,0.34692753675374827,0.34692753675374827,,0.34692753675374827,0.759,9152,208.1824,jodie_rnn,"{""dataset"": ""public_csv"", ""dataset_dir"": ""data/public"", ""local_data_path"": ""data/public/mooc.csv"", ""train_ratio"": 0.7, ""val_ratio"": 0.1, ""max_events"": 50000, ""num_users"": 2828, ""num_items"": 21, ""num_interactions"": 3000, ""feature_dim"": 8, ""lr"": 0.001, ""neg_sample_size"": 5, ""k"": 10, ""selection_metric"": ""mrr"", ""device"": ""cuda"", ""seed"": 42, ""partition_size"": 7500, ""partition_strategy"": ""count"", ""num_pipeline_stages"": 2, ""pipeline_worker_gpus"": 0.0, ""pipeline_worker_cpus"": 1.0, ""pipeline_stage_train_workers"": """", ""pipeline_stage_eval_workers"": """", ""stage_balance_strategy"": ""cost"", ""stage_balance_user_weight"": 0.25, ""stage_balance_item_weight"": 0.25, ""stage_balance_span_weight"": 0.0, ""ray_address"": """", ""pipeline_trace"": false, ""pipeline_trace_log_path"": """", ""output_dir"": ""outputs/50k_comparison/seed_42/data_parallel_improved"", ""enable_efficiency_monitor"": false, ""efficiency_monitor_interval"": 10, ""data_parallel_workers"": 3, ""data_parallel_worker_gpus"": 1.0, ""data_parallel_visible_gpus"": ""0,1,2"", ""data_parallel_sync_level"": ""micro_batch"", ""data_parallel_micro_batch_size"": 32, ""gpu_list"": ""0,1,2"", ""enable_auto_pipeline_config"": false, ""pipeline_mode"": ""naive"", ""batch_training"": false, ""train_batch_size"": 32, ""batch_mode"": ""tbatch"", ""tgn_loss_mode"": ""all"", ""tgn_window_size"": 10.0, ""eval_frozen"": false, ""model"": ""jodie_rnn"", ""embedding_dim"": 32, ""memory_cell"": ""rnn"", ""time_proj"": ""off"", ""use_static_embeddings"": ""off"", ""normalize_state"": ""on"", ""event_agg"": ""none"", ""agg_activation"": ""none"", ""attn_type"": ""dot"", ""time_decay"": ""none"", ""max_neighbors"": 0, ""hidden_dim"": 0, ""memory_gate"": ""off"", ""enable_event_agg"": ""off"", ""enable_graph_update"": ""off"", ""message_mode"": ""peer"", ""msg_linear"": ""off""}"
40,coarse_dp,val,0.34205043139608704,0.34205043139608704,,0.34205043139608704,0.8214,34688,192.6466,jodie_rnn,"{""dataset"": ""public_csv"", ""dataset_dir"": ""data/public"", ""local_data_path"": ""data/public/mooc.csv"", ""train_ratio"": 0.7, ""val_ratio"": 0.1, ""max_events"": 50000, ""num_users"": 2828, ""num_items"": 21, ""num_interactions"": 3000, ""feature_dim"": 8, ""lr"": 0.001, ""neg_sample_size"": 5, ""k"": 10, ""selection_metric"": ""mrr"", ""device"": ""cuda"", ""seed"": 42, ""partition_size"": 7500, ""partition_strategy"": ""count"", ""num_pipeline_stages"": 2, ""pipeline_worker_gpus"": 0.0, ""pipeline_worker_cpus"": 1.0, ""pipeline_stage_train_workers"": """", ""pipeline_stage_eval_workers"": """", ""stage_balance_strategy"": ""cost"", ""stage_balance_user_weight"": 0.25, ""stage_balance_item_weight"": 0.25, ""stage_balance_span_weight"": 0.0, ""ray_address"": """", ""pipeline_trace"": false, ""pipeline_trace_log_path"": """", ""output_dir"": ""outputs/50k_comparison/seed_42/data_parallel_improved"", ""enable_efficiency_monitor"": false, ""efficiency_monitor_interval"": 10, ""data_parallel_workers"": 3, ""data_parallel_worker_gpus"": 1.0, ""data_parallel_visible_gpus"": ""0,1,2"", ""data_parallel_sync_level"": ""micro_batch"", ""data_parallel_micro_batch_size"": 32, ""gpu_list"": ""0,1,2"", ""enable_auto_pipeline_config"": false, ""pipeline_mode"": ""naive"", ""batch_training"": false, ""train_batch_size"": 32, ""batch_mode"": ""tbatch"", ""tgn_loss_mode"": ""all"", ""tgn_window_size"": 10.0, ""eval_frozen"": false, ""model"": ""jodie_rnn"", ""embedding_dim"": 64, ""memory_cell"": ""rnn"", ""time_proj"": ""linear"", ""use_static_embeddings"": ""off"", ""normalize_state"": ""off"", ""event_agg"": ""none"", ""agg_activation"": ""none"", ""attn_type"": ""dot"", ""time_decay"": ""none"", ""max_neighbors"": 0, ""hidden_dim"": 0, ""memory_gate"": ""off"", ""enable_event_agg"": ""off"", ""enable_graph_update"": ""off"", ""message_mode"": ""peer"", ""msg_linear"": ""off""}"
41,coarse_dp,val,0.3420247003667082,0.3420247003667082,,0.3420247003667082,0.63,134912,232.6645,jodie_rnn,"{""dataset"": ""public_csv"", ""dataset_dir"": ""data/public"", ""local_data_path"": ""data/public/mooc.csv"", ""train_ratio"": 0.7, ""val_ratio"": 0.1, ""max_events"": 50000, ""num_users"": 2828, ""num_items"": 21, ""num_interactions"": 3000, ""feature_dim"": 8, ""lr"": 0.001, ""neg_sample_size"": 5, ""k"": 10, ""selection_metric"": ""mrr"", ""device"": ""cuda"", ""seed"": 42, ""partition_size"": 7500, ""partition_strategy"": ""count"", ""num_pipeline_stages"": 2, ""pipeline_worker_gpus"": 0.0, ""pipeline_worker_cpus"": 1.0, ""pipeline_stage_train_workers"": """", ""pipeline_stage_eval_workers"": """", ""stage_balance_strategy"": ""cost"", ""stage_balance_user_weight"": 0.25, ""stage_balance_item_weight"": 0.25, ""stage_balance_span_weight"": 0.0, ""ray_address"": """", ""pipeline_trace"": false, ""pipeline_trace_log_path"": """", ""output_dir"": ""outputs/50k_comparison/seed_42/data_parallel_improved"", ""enable_efficiency_monitor"": false, ""efficiency_monitor_interval"": 10, ""data_parallel_workers"": 3, ""data_parallel_worker_gpus"": 1.0, ""data_parallel_visible_gpus"": ""0,1,2"", ""data_parallel_sync_level"": ""micro_batch"", ""data_parallel_micro_batch_size"": 32, ""gpu_list"": ""0,1,2"", ""enable_auto_pipeline_config"": false, ""pipeline_mode"": ""naive"", ""batch_training"": false, ""train_batch_size"": 32, ""batch_mode"": ""tbatch"", ""tgn_loss_mode"": ""all"", ""tgn_window_size"": 10.0, ""eval_frozen"": false, ""model"": ""jodie_rnn"", ""embedding_dim"": 128, ""memory_cell"": ""rnn"", ""time_proj"": ""off"", ""use_static_embeddings"": ""off"", ""normalize_state"": ""on"", ""event_agg"": ""none"", ""agg_activation"": ""none"", ""attn_type"": ""dot"", ""time_decay"": ""none"", ""max_neighbors"": 0, ""hidden_dim"": 0, ""memory_gate"": ""off"", ""enable_event_agg"": ""off"", ""enable_graph_update"": ""off"", ""message_mode"": ""peer"", ""msg_linear"": ""off""}"
42,coarse_dp,val,0.3183088927945099,0.3183088927945099,,0.3183088927945099,0.8064,29888,254.0767,jodie_rnn,"{""dataset"": ""public_csv"", ""dataset_dir"": ""data/public"", ""local_data_path"": ""data/public/mooc.csv"", ""train_ratio"": 0.7, ""val_ratio"": 0.1, ""max_events"": 50000, ""num_users"": 2828, ""num_items"": 21, ""num_interactions"": 3000, ""feature_dim"": 8, ""lr"": 0.001, ""neg_sample_size"": 5, ""k"": 10, ""selection_metric"": ""mrr"", ""device"": ""cuda"", ""seed"": 42, ""partition_size"": 7500, ""partition_strategy"": ""count"", ""num_pipeline_stages"": 2, ""pipeline_worker_gpus"": 0.0, ""pipeline_worker_cpus"": 1.0, ""pipeline_stage_train_workers"": """", ""pipeline_stage_eval_workers"": """", ""stage_balance_strategy"": ""cost"", ""stage_balance_user_weight"": 0.25, ""stage_balance_item_weight"": 0.25, ""stage_balance_span_weight"": 0.0, ""ray_address"": """", ""pipeline_trace"": false, ""pipeline_trace_log_path"": """", ""output_dir"": ""outputs/50k_comparison/seed_42/data_parallel_improved"", ""enable_efficiency_monitor"": false, ""efficiency_monitor_interval"": 10, ""data_parallel_workers"": 3, ""data_parallel_worker_gpus"": 1.0, ""data_parallel_visible_gpus"": ""0,1,2"", ""data_parallel_sync_level"": ""micro_batch"", ""data_parallel_micro_batch_size"": 32, ""gpu_list"": ""0,1,2"", ""enable_auto_pipeline_config"": false, ""pipeline_mode"": ""naive"", ""batch_training"": false, ""train_batch_size"": 32, ""batch_mode"": ""tbatch"", ""tgn_loss_mode"": ""all"", ""tgn_window_size"": 10.0, ""eval_frozen"": false, ""model"": ""jodie_rnn"", ""embedding_dim"": 32, ""memory_cell"": ""lstm"", ""time_proj"": ""off"", ""use_static_embeddings"": ""off"", ""normalize_state"": ""off"", ""event_agg"": ""none"", ""agg_activation"": ""none"", ""attn_type"": ""dot"", ""time_decay"": ""none"", ""max_neighbors"": 0, ""hidden_dim"": 0, ""memory_gate"": ""off"", ""enable_event_agg"": ""off"", ""enable_graph_update"": ""off"", ""message_mode"": ""peer"", ""msg_linear"": ""off""}"
43,coarse_dp,val,0.31017882768160265,0.31017882768160265,,0.31017882768160265,0.7556,439040,237.0862,jodie_rnn,"{""dataset"": ""public_csv"", ""dataset_dir"": ""data/public"", ""local_data_path"": ""data/public/mooc.csv"", ""train_ratio"": 0.7, ""val_ratio"": 0.1, ""max_events"": 50000, ""num_users"": 2828, ""num_items"": 21, ""num_interactions"": 3000, ""feature_dim"": 8, ""lr"": 0.001, ""neg_sample_size"": 5, ""k"": 10, ""selection_metric"": ""mrr"", ""device"": ""cuda"", ""seed"": 42, ""partition_size"": 7500, ""partition_strategy"": ""count"", ""num_pipeline_stages"": 2, ""pipeline_worker_gpus"": 0.0, ""pipeline_worker_cpus"": 1.0, ""pipeline_stage_train_workers"": """", ""pipeline_stage_eval_workers"": """", ""stage_balance_strategy"": ""cost"", ""stage_balance_user_weight"": 0.25, ""stage_balance_item_weight"": 0.25, ""stage_balance_span_weight"": 0.0, ""ray_address"": """", ""pipeline_trace"": false, ""pipeline_trace_log_path"": """", ""output_dir"": ""outputs/50k_comparison/seed_42/data_parallel_improved"", ""enable_efficiency_monitor"": false, ""efficiency_monitor_interval"": 10, ""data_parallel_workers"": 3, ""data_parallel_worker_gpus"": 1.0, ""data_parallel_visible_gpus"": ""0,1,2"", ""data_parallel_sync_level"": ""micro_batch"", ""data_parallel_micro_batch_size"": 32, ""gpu_list"": ""0,1,2"", ""enable_auto_pipeline_config"": false, ""pipeline_mode"": ""naive"", ""batch_training"": false, ""train_batch_size"": 32, ""batch_mode"": ""tbatch"", ""tgn_loss_mode"": ""all"", ""tgn_window_size"": 10.0, ""eval_frozen"": false, ""model"": ""jodie_rnn"", ""embedding_dim"": 128, ""memory_cell"": ""lstm"", ""time_proj"": ""off"", ""use_static_embeddings"": ""off"", ""normalize_state"": ""off"", ""event_agg"": ""none"", ""agg_activation"": ""none"", ""attn_type"": ""dot"", ""time_decay"": ""none"", ""max_neighbors"": 0, ""hidden_dim"": 0, ""memory_gate"": ""off"", ""enable_event_agg"": ""off"", ""enable_graph_update"": ""off"", ""message_mode"": ""peer"", ""msg_linear"": ""off""}"
44,coarse_dp,val,0.29113674521814503,0.29113674521814503,,0.29113674521814503,0.7904,105440,219.5028,jodie_rnn,"{""dataset"": ""public_csv"", ""dataset_dir"": ""data/public"", ""local_data_path"": ""data/public/mooc.csv"", ""train_ratio"": 0.7, ""val_ratio"": 0.1, ""max_events"": 50000, ""num_users"": 2828, ""num_items"": 21, ""num_interactions"": 3000, ""feature_dim"": 8, ""lr"": 0.001, ""neg_sample_size"": 5, ""k"": 10, ""selection_metric"": ""mrr"", ""device"": ""cuda"", ""seed"": 42, ""partition_size"": 7500, ""partition_strategy"": ""count"", ""num_pipeline_stages"": 2, ""pipeline_worker_gpus"": 0.0, ""pipeline_worker_cpus"": 1.0, ""pipeline_stage_train_workers"": """", ""pipeline_stage_eval_workers"": """", ""stage_balance_strategy"": ""cost"", ""stage_balance_user_weight"": 0.25, ""stage_balance_item_weight"": 0.25, ""stage_balance_span_weight"": 0.0, ""ray_address"": """", ""pipeline_trace"": false, ""pipeline_trace_log_path"": """", ""output_dir"": ""outputs/50k_comparison/seed_42/data_parallel_improved"", ""enable_efficiency_monitor"": false, ""efficiency_monitor_interval"": 10, ""data_parallel_workers"": 3, ""data_parallel_worker_gpus"": 1.0, ""data_parallel_visible_gpus"": ""0,1,2"", ""data_parallel_sync_level"": ""micro_batch"", ""data_parallel_micro_batch_size"": 32, ""gpu_list"": ""0,1,2"", ""enable_auto_pipeline_config"": false, ""pipeline_mode"": ""naive"", ""batch_training"": false, ""train_batch_size"": 32, ""batch_mode"": ""tbatch"", ""tgn_loss_mode"": ""all"", ""tgn_window_size"": 10.0, ""eval_frozen"": false, ""model"": ""jodie_rnn"", ""embedding_dim"": 32, ""memory_cell"": ""rnn"", ""time_proj"": ""linear"", ""use_static_embeddings"": ""on"", ""normalize_state"": ""off"", ""event_agg"": ""none"", ""agg_activation"": ""none"", ""attn_type"": ""dot"", ""time_decay"": ""none"", ""max_neighbors"": 0, ""hidden_dim"": 0, ""memory_gate"": ""off"", ""enable_event_agg"": ""off"", ""enable_graph_update"": ""off"", ""message_mode"": ""peer"", ""msg_linear"": ""off""}"
45,coarse_dp,val,0.2618152924414746,0.2618152924414746,,0.2618152924414746,0.512,86912,244.8422,jodie_rnn,"{""dataset"": ""public_csv"", ""dataset_dir"": ""data/public"", ""local_data_path"": ""data/public/mooc.csv"", ""train_ratio"": 0.7, ""val_ratio"": 0.1, ""max_events"": 50000, ""num_users"": 2828, ""num_items"": 21, ""num_interactions"": 3000, ""feature_dim"": 8, ""lr"": 0.001, ""neg_sample_size"": 5, ""k"": 10, ""selection_metric"": ""mrr"", ""device"": ""cuda"", ""seed"": 42, ""partition_size"": 7500, ""partition_strategy"": ""count"", ""num_pipeline_stages"": 2, ""pipeline_worker_gpus"": 0.0, ""pipeline_worker_cpus"": 1.0, ""pipeline_stage_train_workers"": """", ""pipeline_stage_eval_workers"": """", ""stage_balance_strategy"": ""cost"", ""stage_balance_user_weight"": 0.25, ""stage_balance_item_weight"": 0.25, ""stage_balance_span_weight"": 0.0, ""ray_address"": """", ""pipeline_trace"": false, ""pipeline_trace_log_path"": """", ""output_dir"": ""outputs/50k_comparison/seed_42/data_parallel_improved"", ""enable_efficiency_monitor"": false, ""efficiency_monitor_interval"": 10, ""data_parallel_workers"": 3, ""data_parallel_worker_gpus"": 1.0, ""data_parallel_visible_gpus"": ""0,1,2"", ""data_parallel_sync_level"": ""micro_batch"", ""data_parallel_micro_batch_size"": 32, ""gpu_list"": ""0,1,2"", ""enable_auto_pipeline_config"": false, ""pipeline_mode"": ""naive"", ""batch_training"": false, ""train_batch_size"": 32, ""batch_mode"": ""tbatch"", ""tgn_loss_mode"": ""all"", ""tgn_window_size"": 10.0, ""eval_frozen"": false, ""model"": ""jodie_rnn"", ""embedding_dim"": 64, ""memory_cell"": ""gru"", ""time_proj"": ""off"", ""use_static_embeddings"": ""off"", ""normalize_state"": ""on"", ""event_agg"": ""none"", ""agg_activation"": ""none"", ""attn_type"": ""dot"", ""time_decay"": ""none"", ""max_neighbors"": 0, ""hidden_dim"": 0, ""memory_gate"": ""off"", ""enable_event_agg"": ""off"", ""enable_graph_update"": ""off"", ""message_mode"": ""peer"", ""msg_linear"": ""off""}"
46,coarse_dp,val,0.22703026700251866,0.22703026700251866,,0.22703026700251866,0.5186,439040,266.2972,jodie_rnn,"{""dataset"": ""public_csv"", ""dataset_dir"": ""data/public"", ""local_data_path"": ""data/public/mooc.csv"", ""train_ratio"": 0.7, ""val_ratio"": 0.1, ""max_events"": 50000, ""num_users"": 2828, ""num_items"": 21, ""num_interactions"": 3000, ""feature_dim"": 8, ""lr"": 0.001, ""neg_sample_size"": 5, ""k"": 10, ""selection_metric"": ""mrr"", ""device"": ""cuda"", ""seed"": 42, ""partition_size"": 7500, ""partition_strategy"": ""count"", ""num_pipeline_stages"": 2, ""pipeline_worker_gpus"": 0.0, ""pipeline_worker_cpus"": 1.0, ""pipeline_stage_train_workers"": """", ""pipeline_stage_eval_workers"": """", ""stage_balance_strategy"": ""cost"", ""stage_balance_user_weight"": 0.25, ""stage_balance_item_weight"": 0.25, ""stage_balance_span_weight"": 0.0, ""ray_address"": """", ""pipeline_trace"": false, ""pipeline_trace_log_path"": """", ""output_dir"": ""outputs/50k_comparison/seed_42/data_parallel_improved"", ""enable_efficiency_monitor"": false, ""efficiency_monitor_interval"": 10, ""data_parallel_workers"": 3, ""data_parallel_worker_gpus"": 1.0, ""data_parallel_visible_gpus"": ""0,1,2"", ""data_parallel_sync_level"": ""micro_batch"", ""data_parallel_micro_batch_size"": 32, ""gpu_list"": ""0,1,2"", ""enable_auto_pipeline_config"": false, ""pipeline_mode"": ""naive"", ""batch_training"": false, ""train_batch_size"": 32, ""batch_mode"": ""tbatch"", ""tgn_loss_mode"": ""all"", ""tgn_window_size"": 10.0, ""eval_frozen"": false, ""model"": ""jodie_rnn"", ""embedding_dim"": 128, ""memory_cell"": ""lstm"", ""time_proj"": ""off"", ""use_static_embeddings"": ""off"", ""normalize_state"": ""on"", ""event_agg"": ""none"", ""agg_activation"": ""none"", ""attn_type"": ""dot"", ""time_decay"": ""none"", ""max_neighbors"": 0, ""hidden_dim"": 0, ""memory_gate"": ""off"", ""enable_event_agg"": ""off"", ""enable_graph_update"": ""off"", ""message_mode"": ""peer"", ""msg_linear"": ""off""}"
47,coarse_dp,val,0.11810250280678906,0.11810250280678906,,0.11810250280678906,0.3452,22976,265.357,jodie_rnn,"{""dataset"": ""public_csv"", ""dataset_dir"": ""data/public"", ""local_data_path"": ""data/public/mooc.csv"", ""train_ratio"": 0.7, ""val_ratio"": 0.1, ""max_events"": 50000, ""num_users"": 2828, ""num_items"": 21, ""num_interactions"": 3000, ""feature_dim"": 8, ""lr"": 0.001, ""neg_sample_size"": 5, ""k"": 10, ""selection_metric"": ""mrr"", ""device"": ""cuda"", ""seed"": 42, ""partition_size"": 7500, ""partition_strategy"": ""count"", ""num_pipeline_stages"": 2, ""pipeline_worker_gpus"": 0.0, ""pipeline_worker_cpus"": 1.0, ""pipeline_stage_train_workers"": """", ""pipeline_stage_eval_workers"": """", ""stage_balance_strategy"": ""cost"", ""stage_balance_user_weight"": 0.25, ""stage_balance_item_weight"": 0.25, ""stage_balance_span_weight"": 0.0, ""ray_address"": """", ""pipeline_trace"": false, ""pipeline_trace_log_path"": """", ""output_dir"": ""outputs/50k_comparison/seed_42/data_parallel_improved"", ""enable_efficiency_monitor"": false, ""efficiency_monitor_interval"": 10, ""data_parallel_workers"": 3, ""data_parallel_worker_gpus"": 1.0, ""data_parallel_visible_gpus"": ""0,1,2"", ""data_parallel_sync_level"": ""micro_batch"", ""data_parallel_micro_batch_size"": 32, ""gpu_list"": ""0,1,2"", ""enable_auto_pipeline_config"": false, ""pipeline_mode"": ""naive"", ""batch_training"": false, ""train_batch_size"": 32, ""batch_mode"": ""tbatch"", ""tgn_loss_mode"": ""all"", ""tgn_window_size"": 10.0, ""eval_frozen"": false, ""model"": ""jodie_rnn"", ""embedding_dim"": 32, ""memory_cell"": ""gru"", ""time_proj"": ""linear"", ""use_static_embeddings"": ""off"", ""normalize_state"": ""off"", ""event_agg"": ""none"", ""agg_activation"": ""none"", ""attn_type"": ""dot"", ""time_decay"": ""none"", ""max_neighbors"": 0, ""hidden_dim"": 0, ""memory_gate"": ""off"", ""enable_event_agg"": ""off"", ""enable_graph_update"": ""off"", ""message_mode"": ""peer"", ""msg_linear"": ""off""}"
48,coarse_dp,val,0.11810250280678906,0.11810250280678906,,0.11810250280678906,0.3452,86912,200.5743,jodie_rnn,"{""dataset"": ""public_csv"", ""dataset_dir"": ""data/public"", ""local_data_path"": ""data/public/mooc.csv"", ""train_ratio"": 0.7, ""val_ratio"": 0.1, ""max_events"": 50000, ""num_users"": 2828, ""num_items"": 21, ""num_interactions"": 3000, ""feature_dim"": 8, ""lr"": 0.001, ""neg_sample_size"": 5, ""k"": 10, ""selection_metric"": ""mrr"", ""device"": ""cuda"", ""seed"": 42, ""partition_size"": 7500, ""partition_strategy"": ""count"", ""num_pipeline_stages"": 2, ""pipeline_worker_gpus"": 0.0, ""pipeline_worker_cpus"": 1.0, ""pipeline_stage_train_workers"": """", ""pipeline_stage_eval_workers"": """", ""stage_balance_strategy"": ""cost"", ""stage_balance_user_weight"": 0.25, ""stage_balance_item_weight"": 0.25, ""stage_balance_span_weight"": 0.0, ""ray_address"": """", ""pipeline_trace"": false, ""pipeline_trace_log_path"": """", ""output_dir"": ""outputs/50k_comparison/seed_42/data_parallel_improved"", ""enable_efficiency_monitor"": false, ""efficiency_monitor_interval"": 10, ""data_parallel_workers"": 3, ""data_parallel_worker_gpus"": 1.0, ""data_parallel_visible_gpus"": ""0,1,2"", ""data_parallel_sync_level"": ""micro_batch"", ""data_parallel_micro_batch_size"": 32, ""gpu_list"": ""0,1,2"", ""enable_auto_pipeline_config"": false, ""pipeline_mode"": ""naive"", ""batch_training"": false, ""train_batch_size"": 32, ""batch_mode"": ""tbatch"", ""tgn_loss_mode"": ""all"", ""tgn_window_size"": 10.0, ""eval_frozen"": false, ""model"": ""jodie_rnn"", ""embedding_dim"": 64, ""memory_cell"": ""gru"", ""time_proj"": ""linear"", ""use_static_embeddings"": ""off"", ""normalize_state"": ""off"", ""event_agg"": ""none"", ""agg_activation"": ""none"", ""attn_type"": ""dot"", ""time_decay"": ""none"", ""max_neighbors"": 0, ""hidden_dim"": 0, ""memory_gate"": ""off"", ""enable_event_agg"": ""off"", ""enable_graph_update"": ""off"", ""message_mode"": ""peer"", ""msg_linear"": ""off""}"
49,coarse_dp,val,0.11810250280678906,0.11810250280678906,,0.11810250280678906,0.3452,127456,297.6151,jodie_rnn,"{""dataset"": ""public_csv"", ""dataset_dir"": ""data/public"", ""local_data_path"": ""data/public/mooc.csv"", ""train_ratio"": 0.7, ""val_ratio"": 0.1, ""max_events"": 50000, ""num_users"": 2828, ""num_items"": 21, ""num_interactions"": 3000, ""feature_dim"": 8, ""lr"": 0.001, ""neg_sample_size"": 5, ""k"": 10, ""selection_metric"": ""mrr"", ""device"": ""cuda"", ""seed"": 42, ""partition_size"": 7500, ""partition_strategy"": ""count"", ""num_pipeline_stages"": 2, ""pipeline_worker_gpus"": 0.0, ""pipeline_worker_cpus"": 1.0, ""pipeline_stage_train_workers"": """", ""pipeline_stage_eval_workers"": """", ""stage_balance_strategy"": ""cost"", ""stage_balance_user_weight"": 0.25, ""stage_balance_item_weight"": 0.25, ""stage_balance_span_weight"": 0.0, ""ray_address"": """", ""pipeline_trace"": false, ""pipeline_trace_log_path"": """", ""output_dir"": ""outputs/50k_comparison/seed_42/data_parallel_improved"", ""enable_efficiency_monitor"": false, ""efficiency_monitor_interval"": 10, ""data_parallel_workers"": 3, ""data_parallel_worker_gpus"": 1.0, ""data_parallel_visible_gpus"": ""0,1,2"", ""data_parallel_sync_level"": ""micro_batch"", ""data_parallel_micro_batch_size"": 32, ""gpu_list"": ""0,1,2"", ""enable_auto_pipeline_config"": false, ""pipeline_mode"": ""naive"", ""batch_training"": false, ""train_batch_size"": 32, ""batch_mode"": ""tbatch"", ""tgn_loss_mode"": ""all"", ""tgn_window_size"": 10.0, ""eval_frozen"": false, ""model"": ""jodie_rnn"", ""embedding_dim"": 32, ""memory_cell"": ""gru"", ""time_proj"": ""linear"", ""use_static_embeddings"": ""on"", ""normalize_state"": ""off"", ""event_agg"": ""none"", ""agg_activation"": ""none"", ""attn_type"": ""dot"", ""time_decay"": ""none"", ""max_neighbors"": 0, ""hidden_dim"": 0, ""memory_gate"": ""off"", ""enable_event_agg"": ""off"", ""enable_graph_update"": ""off"", ""message_mode"": ""peer"", ""msg_linear"": ""off""}"
50,coarse_dp,val,0.11810250280678906,0.11810250280678906,,0.11810250280678906,0.3452,322496,324.1458,jodie_rnn,"{""dataset"": ""public_csv"", ""dataset_dir"": ""data/public"", ""local_data_path"": ""data/public/mooc.csv"", ""train_ratio"": 0.7, ""val_ratio"": 0.1, ""max_events"": 50000, ""num_users"": 2828, ""num_items"": 21, ""num_interactions"": 3000, ""feature_dim"": 8, ""lr"": 0.001, ""neg_sample_size"": 5, ""k"": 10, ""selection_metric"": ""mrr"", ""device"": ""cuda"", ""seed"": 42, ""partition_size"": 7500, ""partition_strategy"": ""count"", ""num_pipeline_stages"": 2, ""pipeline_worker_gpus"": 0.0, ""pipeline_worker_cpus"": 1.0, ""pipeline_stage_train_workers"": """", ""pipeline_stage_eval_workers"": """", ""stage_balance_strategy"": ""cost"", ""stage_balance_user_weight"": 0.25, ""stage_balance_item_weight"": 0.25, ""stage_balance_span_weight"": 0.0, ""ray_address"": """", ""pipeline_trace"": false, ""pipeline_trace_log_path"": """", ""output_dir"": ""outputs/50k_comparison/seed_42/data_parallel_improved"", ""enable_efficiency_monitor"": false, ""efficiency_monitor_interval"": 10, ""data_parallel_workers"": 3, ""data_parallel_worker_gpus"": 1.0, ""data_parallel_visible_gpus"": ""0,1,2"", ""data_parallel_sync_level"": ""micro_batch"", ""data_parallel_micro_batch_size"": 32, ""gpu_list"": ""0,1,2"", ""enable_auto_pipeline_config"": false, ""pipeline_mode"": ""naive"", ""batch_training"": false, ""train_batch_size"": 32, ""batch_mode"": ""tbatch"", ""tgn_loss_mode"": ""all"", ""tgn_window_size"": 10.0, ""eval_frozen"": false, ""model"": ""jodie_rnn"", ""embedding_dim"": 64, ""memory_cell"": ""gru"", ""time_proj"": ""linear"", ""use_static_embeddings"": ""on"", ""normalize_state"": ""off"", ""event_agg"": ""none"", ""agg_activation"": ""none"", ""attn_type"": ""dot"", ""time_decay"": ""none"", ""max_neighbors"": 0, ""hidden_dim"": 0, ""memory_gate"": ""off"", ""enable_event_agg"": ""off"", ""enable_graph_update"": ""off"", ""message_mode"": ""peer"", ""msg_linear"": ""off""}"
51,coarse_dp,val,0.11810250280678906,0.11810250280678906,,0.11810250280678906,0.3452,915328,350.9494,jodie_rnn,"{""dataset"": ""public_csv"", ""dataset_dir"": ""data/public"", ""local_data_path"": ""data/public/mooc.csv"", ""train_ratio"": 0.7, ""val_ratio"": 0.1, ""max_events"": 50000, ""num_users"": 2828, ""num_items"": 21, ""num_interactions"": 3000, ""feature_dim"": 8, ""lr"": 0.001, ""neg_sample_size"": 5, ""k"": 10, ""selection_metric"": ""mrr"", ""device"": ""cuda"", ""seed"": 42, ""partition_size"": 7500, ""partition_strategy"": ""count"", ""num_pipeline_stages"": 2, ""pipeline_worker_gpus"": 0.0, ""pipeline_worker_cpus"": 1.0, ""pipeline_stage_train_workers"": """", ""pipeline_stage_eval_workers"": """", ""stage_balance_strategy"": ""cost"", ""stage_balance_user_weight"": 0.25, ""stage_balance_item_weight"": 0.25, ""stage_balance_span_weight"": 0.0, ""ray_address"": """", ""pipeline_trace"": false, ""pipeline_trace_log_path"": """", ""output_dir"": ""outputs/50k_comparison/seed_42/data_parallel_improved"", ""enable_efficiency_monitor"": false, ""efficiency_monitor_interval"": 10, ""data_parallel_workers"": 3, ""data_parallel_worker_gpus"": 1.0, ""data_parallel_visible_gpus"": ""0,1,2"", ""data_parallel_sync_level"": ""micro_batch"", ""data_parallel_micro_batch_size"": 32, ""gpu_list"": ""0,1,2"", ""enable_auto_pipeline_config"": false, ""pipeline_mode"": ""naive"", ""batch_training"": false, ""train_batch_size"": 32, ""batch_mode"": ""tbatch"", ""tgn_loss_mode"": ""all"", ""tgn_window_size"": 10.0, ""eval_frozen"": false, ""model"": ""jodie_rnn"", ""embedding_dim"": 128, ""memory_cell"": ""gru"", ""time_proj"": ""linear"", ""use_static_embeddings"": ""on"", ""normalize_state"": ""off"", ""event_agg"": ""none"", ""agg_activation"": ""none"", ""attn_type"": ""dot"", ""time_decay"": ""none"", ""max_neighbors"": 0, ""hidden_dim"": 0, ""memory_gate"": ""off"", ""enable_event_agg"": ""off"", ""enable_graph_update"": ""off"", ""message_mode"": ""peer"", ""msg_linear"": ""off""}"
