# pipeline trace log
# created_at=2026-05-16 20:31:40
[pipeline-trace] wall=20:32:29 elapsed=33.278s phase=eval event=batch_start trial=0 partitions=[1] synthetic=False
[pipeline-trace] wall=20:32:29 elapsed=33.279s phase=eval event=partition_start trial=0 partition=1 interactions=1999
[pipeline-trace] wall=20:32:29 elapsed=33.279s phase=eval event=interaction_progress trial=0 partition=1 processed=1 total=1999 metric=ranking
[pipeline-trace] wall=20:32:29 elapsed=33.504s phase=eval event=interaction_progress trial=0 partition=1 processed=100 total=1999 metric=ranking
[pipeline-trace] wall=20:32:29 elapsed=33.640s phase=eval event=interaction_progress trial=0 partition=1 processed=200 total=1999 metric=ranking
[pipeline-trace] wall=20:32:29 elapsed=33.779s phase=eval event=interaction_progress trial=0 partition=1 processed=300 total=1999 metric=ranking
[pipeline-trace] wall=20:32:30 elapsed=33.920s phase=eval event=interaction_progress trial=0 partition=1 processed=400 total=1999 metric=ranking
[pipeline-trace] wall=20:32:30 elapsed=34.063s phase=eval event=interaction_progress trial=0 partition=1 processed=500 total=1999 metric=ranking
[pipeline-trace] wall=20:32:30 elapsed=34.206s phase=eval event=interaction_progress trial=0 partition=1 processed=600 total=1999 metric=ranking
[pipeline-trace] wall=20:32:30 elapsed=34.347s phase=eval event=interaction_progress trial=0 partition=1 processed=700 total=1999 metric=ranking
[pipeline-trace] wall=20:32:30 elapsed=34.487s phase=eval event=interaction_progress trial=0 partition=1 processed=800 total=1999 metric=ranking
[pipeline-trace] wall=20:32:30 elapsed=34.625s phase=eval event=interaction_progress trial=0 partition=1 processed=900 total=1999 metric=ranking
[pipeline-trace] wall=20:32:30 elapsed=34.763s phase=eval event=interaction_progress trial=0 partition=1 processed=1000 total=1999 metric=ranking
[pipeline-trace] wall=20:32:30 elapsed=34.902s phase=eval event=interaction_progress trial=0 partition=1 processed=1100 total=1999 metric=ranking
[pipeline-trace] wall=20:32:31 elapsed=35.043s phase=eval event=interaction_progress trial=0 partition=1 processed=1200 total=1999 metric=ranking
[pipeline-trace] wall=20:32:31 elapsed=35.187s phase=eval event=interaction_progress trial=0 partition=1 processed=1300 total=1999 metric=ranking
[pipeline-trace] wall=20:32:31 elapsed=35.330s phase=eval event=interaction_progress trial=0 partition=1 processed=1400 total=1999 metric=ranking
[pipeline-trace] wall=20:32:31 elapsed=35.469s phase=eval event=interaction_progress trial=0 partition=1 processed=1500 total=1999 metric=ranking
[pipeline-trace] wall=20:32:31 elapsed=35.608s phase=eval event=interaction_progress trial=0 partition=1 processed=1600 total=1999 metric=ranking
[pipeline-trace] wall=20:32:31 elapsed=35.750s phase=eval event=interaction_progress trial=0 partition=1 processed=1700 total=1999 metric=ranking
[pipeline-trace] wall=20:32:31 elapsed=35.888s phase=eval event=interaction_progress trial=0 partition=1 processed=1800 total=1999 metric=ranking
[pipeline-trace] wall=20:32:32 elapsed=36.027s phase=eval event=interaction_progress trial=0 partition=1 processed=1900 total=1999 metric=ranking
[pipeline-trace] wall=20:32:32 elapsed=36.165s phase=eval event=interaction_progress trial=0 partition=1 processed=1999 total=1999 metric=ranking
[pipeline-trace] wall=20:32:32 elapsed=36.166s phase=eval event=partition_complete trial=0 partition=1 elapsed_sec=2.888 hits=1226 total=1999
[pipeline-trace] wall=20:33:02 elapsed=66.873s phase=eval event=batch_start trial=3 partitions=[1] synthetic=False
[pipeline-trace] wall=20:33:02 elapsed=66.874s phase=eval event=partition_start trial=3 partition=1 interactions=1999
[pipeline-trace] wall=20:33:02 elapsed=66.874s phase=eval event=interaction_progress trial=3 partition=1 processed=1 total=1999 metric=ranking
[pipeline-trace] wall=20:33:03 elapsed=67.078s phase=eval event=interaction_progress trial=3 partition=1 processed=100 total=1999 metric=ranking
[pipeline-trace] wall=20:33:03 elapsed=67.228s phase=eval event=interaction_progress trial=3 partition=1 processed=200 total=1999 metric=ranking
[pipeline-trace] wall=20:33:03 elapsed=67.379s phase=eval event=interaction_progress trial=3 partition=1 processed=300 total=1999 metric=ranking
[pipeline-trace] wall=20:33:03 elapsed=67.523s phase=eval event=interaction_progress trial=3 partition=1 processed=400 total=1999 metric=ranking
[pipeline-trace] wall=20:33:03 elapsed=67.668s phase=eval event=interaction_progress trial=3 partition=1 processed=500 total=1999 metric=ranking
[pipeline-trace] wall=20:33:03 elapsed=67.813s phase=eval event=interaction_progress trial=3 partition=1 processed=600 total=1999 metric=ranking
[pipeline-trace] wall=20:33:04 elapsed=67.962s phase=eval event=interaction_progress trial=3 partition=1 processed=700 total=1999 metric=ranking
[pipeline-trace] wall=20:33:04 elapsed=68.110s phase=eval event=interaction_progress trial=3 partition=1 processed=800 total=1999 metric=ranking
[pipeline-trace] wall=20:33:04 elapsed=68.259s phase=eval event=interaction_progress trial=3 partition=1 processed=900 total=1999 metric=ranking
[pipeline-trace] wall=20:33:04 elapsed=68.408s phase=eval event=interaction_progress trial=3 partition=1 processed=1000 total=1999 metric=ranking
[pipeline-trace] wall=20:33:04 elapsed=68.557s phase=eval event=interaction_progress trial=3 partition=1 processed=1100 total=1999 metric=ranking
[pipeline-trace] wall=20:33:04 elapsed=68.704s phase=eval event=interaction_progress trial=3 partition=1 processed=1200 total=1999 metric=ranking
[pipeline-trace] wall=20:33:04 elapsed=68.849s phase=eval event=interaction_progress trial=3 partition=1 processed=1300 total=1999 metric=ranking
[pipeline-trace] wall=20:33:05 elapsed=68.996s phase=eval event=interaction_progress trial=3 partition=1 processed=1400 total=1999 metric=ranking
[pipeline-trace] wall=20:33:05 elapsed=69.143s phase=eval event=interaction_progress trial=3 partition=1 processed=1500 total=1999 metric=ranking
[pipeline-trace] wall=20:33:05 elapsed=69.290s phase=eval event=interaction_progress trial=3 partition=1 processed=1600 total=1999 metric=ranking
[pipeline-trace] wall=20:33:05 elapsed=69.436s phase=eval event=interaction_progress trial=3 partition=1 processed=1700 total=1999 metric=ranking
[pipeline-trace] wall=20:33:05 elapsed=69.581s phase=eval event=interaction_progress trial=3 partition=1 processed=1800 total=1999 metric=ranking
[pipeline-trace] wall=20:33:05 elapsed=69.725s phase=eval event=interaction_progress trial=3 partition=1 processed=1900 total=1999 metric=ranking
[pipeline-trace] wall=20:33:05 elapsed=69.870s phase=eval event=interaction_progress trial=3 partition=1 processed=1999 total=1999 metric=ranking
[pipeline-trace] wall=20:33:05 elapsed=69.871s phase=eval event=partition_complete trial=3 partition=1 elapsed_sec=2.998 hits=870 total=1999
[pipeline-trace] wall=20:33:41 elapsed=104.992s phase=eval event=batch_start trial=4 partitions=[1] synthetic=False
[pipeline-trace] wall=20:33:41 elapsed=104.993s phase=eval event=partition_start trial=4 partition=1 interactions=1999
[pipeline-trace] wall=20:33:41 elapsed=104.993s phase=eval event=interaction_progress trial=4 partition=1 processed=1 total=1999 metric=ranking
[pipeline-trace] wall=20:33:41 elapsed=105.147s phase=eval event=interaction_progress trial=4 partition=1 processed=100 total=1999 metric=ranking
[pipeline-trace] wall=20:33:41 elapsed=105.304s phase=eval event=interaction_progress trial=4 partition=1 processed=200 total=1999 metric=ranking
[pipeline-trace] wall=20:33:41 elapsed=105.460s phase=eval event=interaction_progress trial=4 partition=1 processed=300 total=1999 metric=ranking
[pipeline-trace] wall=20:33:41 elapsed=105.618s phase=eval event=interaction_progress trial=4 partition=1 processed=400 total=1999 metric=ranking
[pipeline-trace] wall=20:33:41 elapsed=105.778s phase=eval event=interaction_progress trial=4 partition=1 processed=500 total=1999 metric=ranking
[pipeline-trace] wall=20:33:42 elapsed=105.936s phase=eval event=interaction_progress trial=4 partition=1 processed=600 total=1999 metric=ranking
[pipeline-trace] wall=20:33:42 elapsed=106.094s phase=eval event=interaction_progress trial=4 partition=1 processed=700 total=1999 metric=ranking
[pipeline-trace] wall=20:33:42 elapsed=106.250s phase=eval event=interaction_progress trial=4 partition=1 processed=800 total=1999 metric=ranking
[pipeline-trace] wall=20:33:42 elapsed=106.404s phase=eval event=interaction_progress trial=4 partition=1 processed=900 total=1999 metric=ranking
[pipeline-trace] wall=20:33:42 elapsed=106.558s phase=eval event=interaction_progress trial=4 partition=1 processed=1000 total=1999 metric=ranking
[pipeline-trace] wall=20:33:42 elapsed=106.714s phase=eval event=interaction_progress trial=4 partition=1 processed=1100 total=1999 metric=ranking
[pipeline-trace] wall=20:33:42 elapsed=106.873s phase=eval event=interaction_progress trial=4 partition=1 processed=1200 total=1999 metric=ranking
[pipeline-trace] wall=20:33:43 elapsed=107.030s phase=eval event=interaction_progress trial=4 partition=1 processed=1300 total=1999 metric=ranking
[pipeline-trace] wall=20:33:43 elapsed=107.185s phase=eval event=interaction_progress trial=4 partition=1 processed=1400 total=1999 metric=ranking
[pipeline-trace] wall=20:33:43 elapsed=107.341s phase=eval event=interaction_progress trial=4 partition=1 processed=1500 total=1999 metric=ranking
[pipeline-trace] wall=20:33:43 elapsed=107.497s phase=eval event=interaction_progress trial=4 partition=1 processed=1600 total=1999 metric=ranking
[pipeline-trace] wall=20:33:43 elapsed=107.654s phase=eval event=interaction_progress trial=4 partition=1 processed=1700 total=1999 metric=ranking
[pipeline-trace] wall=20:33:43 elapsed=107.811s phase=eval event=interaction_progress trial=4 partition=1 processed=1800 total=1999 metric=ranking
[pipeline-trace] wall=20:33:44 elapsed=107.970s phase=eval event=interaction_progress trial=4 partition=1 processed=1900 total=1999 metric=ranking
[pipeline-trace] wall=20:33:44 elapsed=108.124s phase=eval event=interaction_progress trial=4 partition=1 processed=1999 total=1999 metric=ranking
[pipeline-trace] wall=20:33:44 elapsed=108.126s phase=eval event=partition_complete trial=4 partition=1 elapsed_sec=3.133 hits=1254 total=1999
[pipeline-trace] wall=20:34:20 elapsed=144.487s phase=eval event=batch_start trial=5 partitions=[1] synthetic=False
[pipeline-trace] wall=20:34:20 elapsed=144.488s phase=eval event=partition_start trial=5 partition=1 interactions=1999
[pipeline-trace] wall=20:34:20 elapsed=144.488s phase=eval event=interaction_progress trial=5 partition=1 processed=1 total=1999 metric=ranking
[pipeline-trace] wall=20:34:20 elapsed=144.659s phase=eval event=interaction_progress trial=5 partition=1 processed=100 total=1999 metric=ranking
[pipeline-trace] wall=20:34:20 elapsed=144.826s phase=eval event=interaction_progress trial=5 partition=1 processed=200 total=1999 metric=ranking
[pipeline-trace] wall=20:34:21 elapsed=144.997s phase=eval event=interaction_progress trial=5 partition=1 processed=300 total=1999 metric=ranking
[pipeline-trace] wall=20:34:21 elapsed=145.161s phase=eval event=interaction_progress trial=5 partition=1 processed=400 total=1999 metric=ranking
[pipeline-trace] wall=20:34:21 elapsed=145.323s phase=eval event=interaction_progress trial=5 partition=1 processed=500 total=1999 metric=ranking
[pipeline-trace] wall=20:34:21 elapsed=145.485s phase=eval event=interaction_progress trial=5 partition=1 processed=600 total=1999 metric=ranking
[pipeline-trace] wall=20:34:21 elapsed=145.642s phase=eval event=interaction_progress trial=5 partition=1 processed=700 total=1999 metric=ranking
[pipeline-trace] wall=20:34:21 elapsed=145.802s phase=eval event=interaction_progress trial=5 partition=1 processed=800 total=1999 metric=ranking
[pipeline-trace] wall=20:34:22 elapsed=145.966s phase=eval event=interaction_progress trial=5 partition=1 processed=900 total=1999 metric=ranking
[pipeline-trace] wall=20:34:22 elapsed=146.135s phase=eval event=interaction_progress trial=5 partition=1 processed=1000 total=1999 metric=ranking
[pipeline-trace] wall=20:34:22 elapsed=146.297s phase=eval event=interaction_progress trial=5 partition=1 processed=1100 total=1999 metric=ranking
[pipeline-trace] wall=20:34:22 elapsed=146.457s phase=eval event=interaction_progress trial=5 partition=1 processed=1200 total=1999 metric=ranking
[pipeline-trace] wall=20:34:22 elapsed=146.616s phase=eval event=interaction_progress trial=5 partition=1 processed=1300 total=1999 metric=ranking
[pipeline-trace] wall=20:34:22 elapsed=146.779s phase=eval event=interaction_progress trial=5 partition=1 processed=1400 total=1999 metric=ranking
[pipeline-trace] wall=20:34:23 elapsed=146.941s phase=eval event=interaction_progress trial=5 partition=1 processed=1500 total=1999 metric=ranking
[pipeline-trace] wall=20:34:23 elapsed=147.102s phase=eval event=interaction_progress trial=5 partition=1 processed=1600 total=1999 metric=ranking
[pipeline-trace] wall=20:34:23 elapsed=147.264s phase=eval event=interaction_progress trial=5 partition=1 processed=1700 total=1999 metric=ranking
[pipeline-trace] wall=20:34:23 elapsed=147.420s phase=eval event=interaction_progress trial=5 partition=1 processed=1800 total=1999 metric=ranking
[pipeline-trace] wall=20:34:23 elapsed=147.574s phase=eval event=interaction_progress trial=5 partition=1 processed=1900 total=1999 metric=ranking
[pipeline-trace] wall=20:34:23 elapsed=147.726s phase=eval event=interaction_progress trial=5 partition=1 processed=1999 total=1999 metric=ranking
[pipeline-trace] wall=20:34:23 elapsed=147.728s phase=eval event=partition_complete trial=5 partition=1 elapsed_sec=3.241 hits=1462 total=1999
[pipeline-trace] wall=20:34:30 elapsed=153.980s phase=eval event=batch_start trial=1 partitions=[1] synthetic=False
[pipeline-trace] wall=20:34:30 elapsed=153.980s phase=eval event=partition_start trial=1 partition=1 interactions=1999
[pipeline-trace] wall=20:34:30 elapsed=153.980s phase=eval event=interaction_progress trial=1 partition=1 processed=1 total=1999 metric=ranking
[pipeline-trace] wall=20:34:32 elapsed=155.716s phase=eval event=interaction_progress trial=1 partition=1 processed=100 total=1999 metric=ranking
[pipeline-trace] wall=20:34:34 elapsed=157.353s phase=eval event=interaction_progress trial=1 partition=1 processed=200 total=1999 metric=ranking
[pipeline-trace] wall=20:34:34 elapsed=156.958s phase=eval event=batch_start trial=2 partitions=[1] synthetic=False
[pipeline-trace] wall=20:34:34 elapsed=156.958s phase=eval event=partition_start trial=2 partition=1 interactions=1999
[pipeline-trace] wall=20:34:34 elapsed=156.958s phase=eval event=interaction_progress trial=2 partition=1 processed=1 total=1999 metric=ranking
[pipeline-trace] wall=20:34:35 elapsed=158.873s phase=eval event=interaction_progress trial=1 partition=1 processed=300 total=1999 metric=ranking
[pipeline-trace] wall=20:34:36 elapsed=158.710s phase=eval event=interaction_progress trial=2 partition=1 processed=100 total=1999 metric=ranking
[pipeline-trace] wall=20:34:37 elapsed=160.528s phase=eval event=interaction_progress trial=1 partition=1 processed=400 total=1999 metric=ranking
[pipeline-trace] wall=20:34:38 elapsed=160.295s phase=eval event=interaction_progress trial=2 partition=1 processed=200 total=1999 metric=ranking
[pipeline-trace] wall=20:34:38 elapsed=162.110s phase=eval event=interaction_progress trial=1 partition=1 processed=500 total=1999 metric=ranking
[pipeline-trace] wall=20:34:39 elapsed=161.876s phase=eval event=interaction_progress trial=2 partition=1 processed=300 total=1999 metric=ranking
[pipeline-trace] wall=20:34:40 elapsed=163.708s phase=eval event=interaction_progress trial=1 partition=1 processed=600 total=1999 metric=ranking
[pipeline-trace] wall=20:34:41 elapsed=163.537s phase=eval event=interaction_progress trial=2 partition=1 processed=400 total=1999 metric=ranking
[pipeline-trace] wall=20:34:42 elapsed=165.317s phase=eval event=interaction_progress trial=1 partition=1 processed=700 total=1999 metric=ranking
[pipeline-trace] wall=20:34:43 elapsed=165.158s phase=eval event=interaction_progress trial=2 partition=1 processed=500 total=1999 metric=ranking
[pipeline-trace] wall=20:34:43 elapsed=166.855s phase=eval event=interaction_progress trial=1 partition=1 processed=800 total=1999 metric=ranking
[pipeline-trace] wall=20:34:44 elapsed=166.898s phase=eval event=interaction_progress trial=2 partition=1 processed=600 total=1999 metric=ranking
[pipeline-trace] wall=20:34:45 elapsed=168.270s phase=eval event=interaction_progress trial=1 partition=1 processed=900 total=1999 metric=ranking
[pipeline-trace] wall=20:34:46 elapsed=168.518s phase=eval event=interaction_progress trial=2 partition=1 processed=700 total=1999 metric=ranking
[pipeline-trace] wall=20:34:46 elapsed=169.985s phase=eval event=interaction_progress trial=1 partition=1 processed=1000 total=1999 metric=ranking
[pipeline-trace] wall=20:34:48 elapsed=170.151s phase=eval event=interaction_progress trial=2 partition=1 processed=800 total=1999 metric=ranking
[pipeline-trace] wall=20:34:48 elapsed=171.574s phase=eval event=interaction_progress trial=1 partition=1 processed=1100 total=1999 metric=ranking
[pipeline-trace] wall=20:34:49 elapsed=171.804s phase=eval event=interaction_progress trial=2 partition=1 processed=900 total=1999 metric=ranking
[pipeline-trace] wall=20:34:50 elapsed=173.204s phase=eval event=interaction_progress trial=1 partition=1 processed=1200 total=1999 metric=ranking
[pipeline-trace] wall=20:34:51 elapsed=173.404s phase=eval event=interaction_progress trial=2 partition=1 processed=1000 total=1999 metric=ranking
[pipeline-trace] wall=20:34:51 elapsed=174.855s phase=eval event=interaction_progress trial=1 partition=1 processed=1300 total=1999 metric=ranking
[pipeline-trace] wall=20:34:53 elapsed=175.164s phase=eval event=interaction_progress trial=2 partition=1 processed=1100 total=1999 metric=ranking
[pipeline-trace] wall=20:34:53 elapsed=176.420s phase=eval event=interaction_progress trial=1 partition=1 processed=1400 total=1999 metric=ranking
[pipeline-trace] wall=20:34:54 elapsed=176.760s phase=eval event=interaction_progress trial=2 partition=1 processed=1200 total=1999 metric=ranking
[pipeline-trace] wall=20:34:54 elapsed=178.117s phase=eval event=interaction_progress trial=1 partition=1 processed=1500 total=1999 metric=ranking
[pipeline-trace] wall=20:34:56 elapsed=178.437s phase=eval event=interaction_progress trial=2 partition=1 processed=1300 total=1999 metric=ranking
[pipeline-trace] wall=20:34:56 elapsed=179.729s phase=eval event=interaction_progress trial=1 partition=1 processed=1600 total=1999 metric=ranking
[pipeline-trace] wall=20:34:58 elapsed=180.089s phase=eval event=interaction_progress trial=2 partition=1 processed=1400 total=1999 metric=ranking
[pipeline-trace] wall=20:34:58 elapsed=181.421s phase=eval event=interaction_progress trial=1 partition=1 processed=1700 total=1999 metric=ranking
[pipeline-trace] wall=20:34:59 elapsed=181.766s phase=eval event=interaction_progress trial=2 partition=1 processed=1500 total=1999 metric=ranking
[pipeline-trace] wall=20:34:59 elapsed=183.073s phase=eval event=interaction_progress trial=1 partition=1 processed=1800 total=1999 metric=ranking
[pipeline-trace] wall=20:35:01 elapsed=184.642s phase=eval event=interaction_progress trial=1 partition=1 processed=1900 total=1999 metric=ranking
[pipeline-trace] wall=20:35:01 elapsed=183.517s phase=eval event=interaction_progress trial=2 partition=1 processed=1600 total=1999 metric=ranking
[pipeline-trace] wall=20:35:02 elapsed=186.413s phase=eval event=batch_start trial=6 partitions=[1] synthetic=False
[pipeline-trace] wall=20:35:02 elapsed=186.413s phase=eval event=partition_start trial=6 partition=1 interactions=1999
[pipeline-trace] wall=20:35:02 elapsed=186.413s phase=eval event=interaction_progress trial=6 partition=1 processed=1 total=1999 metric=ranking
[pipeline-trace] wall=20:35:02 elapsed=186.677s phase=eval event=interaction_progress trial=6 partition=1 processed=100 total=1999 metric=ranking
[pipeline-trace] wall=20:35:03 elapsed=186.907s phase=eval event=interaction_progress trial=6 partition=1 processed=200 total=1999 metric=ranking
[pipeline-trace] wall=20:35:03 elapsed=185.158s phase=eval event=interaction_progress trial=2 partition=1 processed=1700 total=1999 metric=ranking
[pipeline-trace] wall=20:35:03 elapsed=186.349s phase=eval event=interaction_progress trial=1 partition=1 processed=1999 total=1999 metric=ranking
[pipeline-trace] wall=20:35:03 elapsed=186.369s phase=eval event=partition_complete trial=1 partition=1 elapsed_sec=32.390 hits=1057 total=1999
[pipeline-trace] wall=20:35:03 elapsed=187.119s phase=eval event=interaction_progress trial=6 partition=1 processed=300 total=1999 metric=ranking
[pipeline-trace] wall=20:35:03 elapsed=187.333s phase=eval event=interaction_progress trial=6 partition=1 processed=400 total=1999 metric=ranking
[pipeline-trace] wall=20:35:03 elapsed=187.545s phase=eval event=interaction_progress trial=6 partition=1 processed=500 total=1999 metric=ranking
[pipeline-trace] wall=20:35:03 elapsed=187.762s phase=eval event=interaction_progress trial=6 partition=1 processed=600 total=1999 metric=ranking
[pipeline-trace] wall=20:35:04 elapsed=187.986s phase=eval event=interaction_progress trial=6 partition=1 processed=700 total=1999 metric=ranking
[pipeline-trace] wall=20:35:04 elapsed=188.208s phase=eval event=interaction_progress trial=6 partition=1 processed=800 total=1999 metric=ranking
[pipeline-trace] wall=20:35:04 elapsed=188.426s phase=eval event=interaction_progress trial=6 partition=1 processed=900 total=1999 metric=ranking
[pipeline-trace] wall=20:35:04 elapsed=186.709s phase=eval event=interaction_progress trial=2 partition=1 processed=1800 total=1999 metric=ranking
[pipeline-trace] wall=20:35:04 elapsed=188.643s phase=eval event=interaction_progress trial=6 partition=1 processed=1000 total=1999 metric=ranking
[pipeline-trace] wall=20:35:04 elapsed=188.877s phase=eval event=interaction_progress trial=6 partition=1 processed=1100 total=1999 metric=ranking
[pipeline-trace] wall=20:35:05 elapsed=189.152s phase=eval event=interaction_progress trial=6 partition=1 processed=1200 total=1999 metric=ranking
[pipeline-trace] wall=20:35:05 elapsed=189.377s phase=eval event=interaction_progress trial=6 partition=1 processed=1300 total=1999 metric=ranking
[pipeline-trace] wall=20:35:05 elapsed=189.597s phase=eval event=interaction_progress trial=6 partition=1 processed=1400 total=1999 metric=ranking
[pipeline-trace] wall=20:35:05 elapsed=189.828s phase=eval event=interaction_progress trial=6 partition=1 processed=1500 total=1999 metric=ranking
[pipeline-trace] wall=20:35:06 elapsed=190.064s phase=eval event=interaction_progress trial=6 partition=1 processed=1600 total=1999 metric=ranking
[pipeline-trace] wall=20:35:06 elapsed=188.320s phase=eval event=interaction_progress trial=2 partition=1 processed=1900 total=1999 metric=ranking
[pipeline-trace] wall=20:35:06 elapsed=190.279s phase=eval event=interaction_progress trial=6 partition=1 processed=1700 total=1999 metric=ranking
[pipeline-trace] wall=20:35:06 elapsed=190.498s phase=eval event=interaction_progress trial=6 partition=1 processed=1800 total=1999 metric=ranking
[pipeline-trace] wall=20:35:06 elapsed=190.716s phase=eval event=interaction_progress trial=6 partition=1 processed=1900 total=1999 metric=ranking
[pipeline-trace] wall=20:35:07 elapsed=190.930s phase=eval event=interaction_progress trial=6 partition=1 processed=1999 total=1999 metric=ranking
[pipeline-trace] wall=20:35:07 elapsed=190.933s phase=eval event=partition_complete trial=6 partition=1 elapsed_sec=4.520 hits=1317 total=1999
[pipeline-trace] wall=20:35:07 elapsed=189.829s phase=eval event=interaction_progress trial=2 partition=1 processed=1999 total=1999 metric=ranking
[pipeline-trace] wall=20:35:07 elapsed=189.842s phase=eval event=partition_complete trial=2 partition=1 elapsed_sec=32.884 hits=1312 total=1999
[pipeline-trace] wall=20:35:40 elapsed=224.710s phase=eval event=batch_start trial=8 partitions=[1] synthetic=False
[pipeline-trace] wall=20:35:40 elapsed=224.711s phase=eval event=partition_start trial=8 partition=1 interactions=1999
[pipeline-trace] wall=20:35:40 elapsed=224.711s phase=eval event=interaction_progress trial=8 partition=1 processed=1 total=1999 metric=ranking
[pipeline-trace] wall=20:35:40 elapsed=224.846s phase=eval event=interaction_progress trial=8 partition=1 processed=100 total=1999 metric=ranking
[pipeline-trace] wall=20:35:41 elapsed=224.983s phase=eval event=interaction_progress trial=8 partition=1 processed=200 total=1999 metric=ranking
[pipeline-trace] wall=20:35:41 elapsed=225.149s phase=eval event=interaction_progress trial=8 partition=1 processed=300 total=1999 metric=ranking
[pipeline-trace] wall=20:35:41 elapsed=225.316s phase=eval event=interaction_progress trial=8 partition=1 processed=400 total=1999 metric=ranking
[pipeline-trace] wall=20:35:41 elapsed=225.484s phase=eval event=interaction_progress trial=8 partition=1 processed=500 total=1999 metric=ranking
[pipeline-trace] wall=20:35:41 elapsed=225.653s phase=eval event=interaction_progress trial=8 partition=1 processed=600 total=1999 metric=ranking
[pipeline-trace] wall=20:35:41 elapsed=225.822s phase=eval event=interaction_progress trial=8 partition=1 processed=700 total=1999 metric=ranking
[pipeline-trace] wall=20:35:42 elapsed=225.992s phase=eval event=interaction_progress trial=8 partition=1 processed=800 total=1999 metric=ranking
[pipeline-trace] wall=20:35:42 elapsed=226.159s phase=eval event=interaction_progress trial=8 partition=1 processed=900 total=1999 metric=ranking
[pipeline-trace] wall=20:35:42 elapsed=226.327s phase=eval event=interaction_progress trial=8 partition=1 processed=1000 total=1999 metric=ranking
[pipeline-trace] wall=20:35:42 elapsed=226.493s phase=eval event=interaction_progress trial=8 partition=1 processed=1100 total=1999 metric=ranking
[pipeline-trace] wall=20:35:42 elapsed=226.663s phase=eval event=interaction_progress trial=8 partition=1 processed=1200 total=1999 metric=ranking
[pipeline-trace] wall=20:35:42 elapsed=226.833s phase=eval event=interaction_progress trial=8 partition=1 processed=1300 total=1999 metric=ranking
[pipeline-trace] wall=20:35:43 elapsed=227.003s phase=eval event=interaction_progress trial=8 partition=1 processed=1400 total=1999 metric=ranking
[pipeline-trace] wall=20:35:43 elapsed=227.172s phase=eval event=interaction_progress trial=8 partition=1 processed=1500 total=1999 metric=ranking
[pipeline-trace] wall=20:35:43 elapsed=227.339s phase=eval event=interaction_progress trial=8 partition=1 processed=1600 total=1999 metric=ranking
[pipeline-trace] wall=20:35:43 elapsed=227.506s phase=eval event=interaction_progress trial=8 partition=1 processed=1700 total=1999 metric=ranking
[pipeline-trace] wall=20:35:43 elapsed=227.675s phase=eval event=interaction_progress trial=8 partition=1 processed=1800 total=1999 metric=ranking
[pipeline-trace] wall=20:35:43 elapsed=227.843s phase=eval event=interaction_progress trial=8 partition=1 processed=1900 total=1999 metric=ranking
[pipeline-trace] wall=20:35:44 elapsed=228.006s phase=eval event=interaction_progress trial=8 partition=1 processed=1999 total=1999 metric=ranking
[pipeline-trace] wall=20:35:44 elapsed=228.008s phase=eval event=partition_complete trial=8 partition=1 elapsed_sec=3.297 hits=960 total=1999
[pipeline-trace] wall=20:36:21 elapsed=265.074s phase=eval event=batch_start trial=10 partitions=[1] synthetic=False
[pipeline-trace] wall=20:36:21 elapsed=265.075s phase=eval event=partition_start trial=10 partition=1 interactions=1999
[pipeline-trace] wall=20:36:21 elapsed=265.075s phase=eval event=interaction_progress trial=10 partition=1 processed=1 total=1999 metric=ranking
[pipeline-trace] wall=20:36:21 elapsed=265.259s phase=eval event=interaction_progress trial=10 partition=1 processed=100 total=1999 metric=ranking
[pipeline-trace] wall=20:36:21 elapsed=265.455s phase=eval event=interaction_progress trial=10 partition=1 processed=200 total=1999 metric=ranking
[pipeline-trace] wall=20:36:21 elapsed=265.651s phase=eval event=interaction_progress trial=10 partition=1 processed=300 total=1999 metric=ranking
[pipeline-trace] wall=20:36:21 elapsed=265.846s phase=eval event=interaction_progress trial=10 partition=1 processed=400 total=1999 metric=ranking
[pipeline-trace] wall=20:36:22 elapsed=266.044s phase=eval event=interaction_progress trial=10 partition=1 processed=500 total=1999 metric=ranking
[pipeline-trace] wall=20:36:22 elapsed=266.241s phase=eval event=interaction_progress trial=10 partition=1 processed=600 total=1999 metric=ranking
[pipeline-trace] wall=20:36:22 elapsed=266.441s phase=eval event=interaction_progress trial=10 partition=1 processed=700 total=1999 metric=ranking
[pipeline-trace] wall=20:36:22 elapsed=266.656s phase=eval event=interaction_progress trial=10 partition=1 processed=800 total=1999 metric=ranking
[pipeline-trace] wall=20:36:22 elapsed=266.865s phase=eval event=interaction_progress trial=10 partition=1 processed=900 total=1999 metric=ranking
[pipeline-trace] wall=20:36:23 elapsed=267.065s phase=eval event=interaction_progress trial=10 partition=1 processed=1000 total=1999 metric=ranking
[pipeline-trace] wall=20:36:23 elapsed=267.261s phase=eval event=interaction_progress trial=10 partition=1 processed=1100 total=1999 metric=ranking
[pipeline-trace] wall=20:36:23 elapsed=267.462s phase=eval event=interaction_progress trial=10 partition=1 processed=1200 total=1999 metric=ranking
[pipeline-trace] wall=20:36:23 elapsed=267.659s phase=eval event=interaction_progress trial=10 partition=1 processed=1300 total=1999 metric=ranking
[pipeline-trace] wall=20:36:23 elapsed=267.858s phase=eval event=interaction_progress trial=10 partition=1 processed=1400 total=1999 metric=ranking
[pipeline-trace] wall=20:36:24 elapsed=268.057s phase=eval event=interaction_progress trial=10 partition=1 processed=1500 total=1999 metric=ranking
[pipeline-trace] wall=20:36:24 elapsed=268.255s phase=eval event=interaction_progress trial=10 partition=1 processed=1600 total=1999 metric=ranking
[pipeline-trace] wall=20:36:24 elapsed=268.440s phase=eval event=interaction_progress trial=10 partition=1 processed=1700 total=1999 metric=ranking
[pipeline-trace] wall=20:36:24 elapsed=268.603s phase=eval event=interaction_progress trial=10 partition=1 processed=1800 total=1999 metric=ranking
[pipeline-trace] wall=20:36:24 elapsed=268.793s phase=eval event=interaction_progress trial=10 partition=1 processed=1900 total=1999 metric=ranking
[pipeline-trace] wall=20:36:25 elapsed=268.952s phase=eval event=interaction_progress trial=10 partition=1 processed=1999 total=1999 metric=ranking
[pipeline-trace] wall=20:36:25 elapsed=268.954s phase=eval event=partition_complete trial=10 partition=1 elapsed_sec=3.879 hits=1368 total=1999
[pipeline-trace] wall=20:37:05 elapsed=309.803s phase=eval event=batch_start trial=11 partitions=[1] synthetic=False
[pipeline-trace] wall=20:37:05 elapsed=309.803s phase=eval event=partition_start trial=11 partition=1 interactions=1999
[pipeline-trace] wall=20:37:05 elapsed=309.803s phase=eval event=interaction_progress trial=11 partition=1 processed=1 total=1999 metric=ranking
[pipeline-trace] wall=20:37:06 elapsed=309.951s phase=eval event=interaction_progress trial=11 partition=1 processed=100 total=1999 metric=ranking
[pipeline-trace] wall=20:37:06 elapsed=310.100s phase=eval event=interaction_progress trial=11 partition=1 processed=200 total=1999 metric=ranking
[pipeline-trace] wall=20:37:06 elapsed=310.251s phase=eval event=interaction_progress trial=11 partition=1 processed=300 total=1999 metric=ranking
[pipeline-trace] wall=20:37:06 elapsed=310.400s phase=eval event=interaction_progress trial=11 partition=1 processed=400 total=1999 metric=ranking
[pipeline-trace] wall=20:37:06 elapsed=310.547s phase=eval event=interaction_progress trial=11 partition=1 processed=500 total=1999 metric=ranking
[pipeline-trace] wall=20:37:06 elapsed=310.694s phase=eval event=interaction_progress trial=11 partition=1 processed=600 total=1999 metric=ranking
[pipeline-trace] wall=20:37:06 elapsed=310.841s phase=eval event=interaction_progress trial=11 partition=1 processed=700 total=1999 metric=ranking
[pipeline-trace] wall=20:37:07 elapsed=310.988s phase=eval event=interaction_progress trial=11 partition=1 processed=800 total=1999 metric=ranking
[pipeline-trace] wall=20:37:07 elapsed=311.136s phase=eval event=interaction_progress trial=11 partition=1 processed=900 total=1999 metric=ranking
[pipeline-trace] wall=20:37:07 elapsed=311.283s phase=eval event=interaction_progress trial=11 partition=1 processed=1000 total=1999 metric=ranking
[pipeline-trace] wall=20:37:07 elapsed=311.431s phase=eval event=interaction_progress trial=11 partition=1 processed=1100 total=1999 metric=ranking
[pipeline-trace] wall=20:37:07 elapsed=311.582s phase=eval event=interaction_progress trial=11 partition=1 processed=1200 total=1999 metric=ranking
[pipeline-trace] wall=20:37:07 elapsed=311.731s phase=eval event=interaction_progress trial=11 partition=1 processed=1300 total=1999 metric=ranking
[pipeline-trace] wall=20:37:07 elapsed=311.878s phase=eval event=interaction_progress trial=11 partition=1 processed=1400 total=1999 metric=ranking
[pipeline-trace] wall=20:37:08 elapsed=312.023s phase=eval event=interaction_progress trial=11 partition=1 processed=1500 total=1999 metric=ranking
[pipeline-trace] wall=20:37:08 elapsed=312.175s phase=eval event=interaction_progress trial=11 partition=1 processed=1600 total=1999 metric=ranking
[pipeline-trace] wall=20:37:08 elapsed=312.342s phase=eval event=interaction_progress trial=11 partition=1 processed=1700 total=1999 metric=ranking
[pipeline-trace] wall=20:37:08 elapsed=312.504s phase=eval event=interaction_progress trial=11 partition=1 processed=1800 total=1999 metric=ranking
[pipeline-trace] wall=20:37:08 elapsed=312.649s phase=eval event=interaction_progress trial=11 partition=1 processed=1900 total=1999 metric=ranking
[pipeline-trace] wall=20:37:08 elapsed=312.795s phase=eval event=interaction_progress trial=11 partition=1 processed=1999 total=1999 metric=ranking
[pipeline-trace] wall=20:37:08 elapsed=312.796s phase=eval event=partition_complete trial=11 partition=1 elapsed_sec=2.993 hits=1318 total=1999
[pipeline-trace] wall=20:37:41 elapsed=345.874s phase=eval event=batch_start trial=12 partitions=[1] synthetic=False
[pipeline-trace] wall=20:37:41 elapsed=345.875s phase=eval event=partition_start trial=12 partition=1 interactions=1999
[pipeline-trace] wall=20:37:41 elapsed=345.875s phase=eval event=interaction_progress trial=12 partition=1 processed=1 total=1999 metric=ranking
[pipeline-trace] wall=20:37:42 elapsed=346.020s phase=eval event=interaction_progress trial=12 partition=1 processed=100 total=1999 metric=ranking
[pipeline-trace] wall=20:37:42 elapsed=346.158s phase=eval event=interaction_progress trial=12 partition=1 processed=200 total=1999 metric=ranking
[pipeline-trace] wall=20:37:42 elapsed=346.298s phase=eval event=interaction_progress trial=12 partition=1 processed=300 total=1999 metric=ranking
[pipeline-trace] wall=20:37:42 elapsed=346.445s phase=eval event=interaction_progress trial=12 partition=1 processed=400 total=1999 metric=ranking
[pipeline-trace] wall=20:37:42 elapsed=346.583s phase=eval event=interaction_progress trial=12 partition=1 processed=500 total=1999 metric=ranking
[pipeline-trace] wall=20:37:42 elapsed=346.731s phase=eval event=interaction_progress trial=12 partition=1 processed=600 total=1999 metric=ranking
[pipeline-trace] wall=20:37:42 elapsed=346.876s phase=eval event=interaction_progress trial=12 partition=1 processed=700 total=1999 metric=ranking
[pipeline-trace] wall=20:37:43 elapsed=347.019s phase=eval event=interaction_progress trial=12 partition=1 processed=800 total=1999 metric=ranking
[pipeline-trace] wall=20:37:43 elapsed=347.162s phase=eval event=interaction_progress trial=12 partition=1 processed=900 total=1999 metric=ranking
[pipeline-trace] wall=20:37:43 elapsed=347.303s phase=eval event=interaction_progress trial=12 partition=1 processed=1000 total=1999 metric=ranking
[pipeline-trace] wall=20:37:43 elapsed=347.444s phase=eval event=interaction_progress trial=12 partition=1 processed=1100 total=1999 metric=ranking
[pipeline-trace] wall=20:37:43 elapsed=347.585s phase=eval event=interaction_progress trial=12 partition=1 processed=1200 total=1999 metric=ranking
[pipeline-trace] wall=20:37:43 elapsed=347.728s phase=eval event=interaction_progress trial=12 partition=1 processed=1300 total=1999 metric=ranking
[pipeline-trace] wall=20:37:43 elapsed=347.871s phase=eval event=interaction_progress trial=12 partition=1 processed=1400 total=1999 metric=ranking
[pipeline-trace] wall=20:37:44 elapsed=348.014s phase=eval event=interaction_progress trial=12 partition=1 processed=1500 total=1999 metric=ranking
[pipeline-trace] wall=20:37:44 elapsed=348.155s phase=eval event=interaction_progress trial=12 partition=1 processed=1600 total=1999 metric=ranking
[pipeline-trace] wall=20:37:44 elapsed=348.295s phase=eval event=interaction_progress trial=12 partition=1 processed=1700 total=1999 metric=ranking
[pipeline-trace] wall=20:37:44 elapsed=348.436s phase=eval event=interaction_progress trial=12 partition=1 processed=1800 total=1999 metric=ranking
[pipeline-trace] wall=20:37:44 elapsed=348.576s phase=eval event=interaction_progress trial=12 partition=1 processed=1900 total=1999 metric=ranking
[pipeline-trace] wall=20:37:44 elapsed=348.716s phase=eval event=interaction_progress trial=12 partition=1 processed=1999 total=1999 metric=ranking
[pipeline-trace] wall=20:37:44 elapsed=348.718s phase=eval event=partition_complete trial=12 partition=1 elapsed_sec=2.843 hits=1257 total=1999
[pipeline-trace] wall=20:37:54 elapsed=356.915s phase=eval event=batch_start trial=9 partitions=[1] synthetic=False
[pipeline-trace] wall=20:37:54 elapsed=356.915s phase=eval event=partition_start trial=9 partition=1 interactions=1999
[pipeline-trace] wall=20:37:54 elapsed=356.915s phase=eval event=interaction_progress trial=9 partition=1 processed=1 total=1999 metric=ranking
[pipeline-trace] wall=20:37:56 elapsed=358.651s phase=eval event=interaction_progress trial=9 partition=1 processed=100 total=1999 metric=ranking
[pipeline-trace] wall=20:37:58 elapsed=360.341s phase=eval event=interaction_progress trial=9 partition=1 processed=200 total=1999 metric=ranking
[pipeline-trace] wall=20:38:00 elapsed=362.121s phase=eval event=interaction_progress trial=9 partition=1 processed=300 total=1999 metric=ranking
[pipeline-trace] wall=20:38:01 elapsed=363.806s phase=eval event=interaction_progress trial=9 partition=1 processed=400 total=1999 metric=ranking
[pipeline-trace] wall=20:38:03 elapsed=365.574s phase=eval event=interaction_progress trial=9 partition=1 processed=500 total=1999 metric=ranking
[pipeline-trace] wall=20:38:05 elapsed=367.288s phase=eval event=interaction_progress trial=9 partition=1 processed=600 total=1999 metric=ranking
[pipeline-trace] wall=20:38:07 elapsed=369.083s phase=eval event=interaction_progress trial=9 partition=1 processed=700 total=1999 metric=ranking
[pipeline-trace] wall=20:38:08 elapsed=370.800s phase=eval event=interaction_progress trial=9 partition=1 processed=800 total=1999 metric=ranking
[pipeline-trace] wall=20:38:10 elapsed=372.603s phase=eval event=interaction_progress trial=9 partition=1 processed=900 total=1999 metric=ranking
[pipeline-trace] wall=20:38:10 elapsed=374.460s phase=eval event=batch_start trial=13 partitions=[1] synthetic=False
[pipeline-trace] wall=20:38:10 elapsed=374.461s phase=eval event=partition_start trial=13 partition=1 interactions=1999
[pipeline-trace] wall=20:38:10 elapsed=374.461s phase=eval event=interaction_progress trial=13 partition=1 processed=1 total=1999 metric=ranking
[pipeline-trace] wall=20:38:10 elapsed=374.581s phase=eval event=interaction_progress trial=13 partition=1 processed=100 total=1999 metric=ranking
[pipeline-trace] wall=20:38:10 elapsed=374.707s phase=eval event=interaction_progress trial=13 partition=1 processed=200 total=1999 metric=ranking
[pipeline-trace] wall=20:38:10 elapsed=374.829s phase=eval event=interaction_progress trial=13 partition=1 processed=300 total=1999 metric=ranking
[pipeline-trace] wall=20:38:11 elapsed=374.952s phase=eval event=interaction_progress trial=13 partition=1 processed=400 total=1999 metric=ranking
[pipeline-trace] wall=20:38:11 elapsed=375.072s phase=eval event=interaction_progress trial=13 partition=1 processed=500 total=1999 metric=ranking
[pipeline-trace] wall=20:38:11 elapsed=375.193s phase=eval event=interaction_progress trial=13 partition=1 processed=600 total=1999 metric=ranking
[pipeline-trace] wall=20:38:11 elapsed=375.321s phase=eval event=interaction_progress trial=13 partition=1 processed=700 total=1999 metric=ranking
[pipeline-trace] wall=20:38:11 elapsed=375.443s phase=eval event=interaction_progress trial=13 partition=1 processed=800 total=1999 metric=ranking
[pipeline-trace] wall=20:38:11 elapsed=375.562s phase=eval event=interaction_progress trial=13 partition=1 processed=900 total=1999 metric=ranking
[pipeline-trace] wall=20:38:11 elapsed=375.681s phase=eval event=interaction_progress trial=13 partition=1 processed=1000 total=1999 metric=ranking
[pipeline-trace] wall=20:38:11 elapsed=375.802s phase=eval event=interaction_progress trial=13 partition=1 processed=1100 total=1999 metric=ranking
[pipeline-trace] wall=20:38:12 elapsed=375.930s phase=eval event=interaction_progress trial=13 partition=1 processed=1200 total=1999 metric=ranking
[pipeline-trace] wall=20:38:12 elapsed=376.052s phase=eval event=interaction_progress trial=13 partition=1 processed=1300 total=1999 metric=ranking
[pipeline-trace] wall=20:38:12 elapsed=374.309s phase=eval event=interaction_progress trial=9 partition=1 processed=1000 total=1999 metric=ranking
[pipeline-trace] wall=20:38:12 elapsed=376.175s phase=eval event=interaction_progress trial=13 partition=1 processed=1400 total=1999 metric=ranking
[pipeline-trace] wall=20:38:12 elapsed=376.299s phase=eval event=interaction_progress trial=13 partition=1 processed=1500 total=1999 metric=ranking
[pipeline-trace] wall=20:38:12 elapsed=376.419s phase=eval event=interaction_progress trial=13 partition=1 processed=1600 total=1999 metric=ranking
[pipeline-trace] wall=20:38:12 elapsed=376.540s phase=eval event=interaction_progress trial=13 partition=1 processed=1700 total=1999 metric=ranking
[pipeline-trace] wall=20:38:12 elapsed=376.664s phase=eval event=interaction_progress trial=13 partition=1 processed=1800 total=1999 metric=ranking
[pipeline-trace] wall=20:38:12 elapsed=376.772s phase=eval event=interaction_progress trial=13 partition=1 processed=1900 total=1999 metric=ranking
[pipeline-trace] wall=20:38:12 elapsed=376.868s phase=eval event=interaction_progress trial=13 partition=1 processed=1999 total=1999 metric=ranking
[pipeline-trace] wall=20:38:12 elapsed=376.869s phase=eval event=partition_complete trial=13 partition=1 elapsed_sec=2.408 hits=1217 total=1999
[pipeline-trace] wall=20:38:14 elapsed=376.098s phase=eval event=interaction_progress trial=9 partition=1 processed=1100 total=1999 metric=ranking
[pipeline-trace] wall=20:38:15 elapsed=377.782s phase=eval event=interaction_progress trial=9 partition=1 processed=1200 total=1999 metric=ranking
[pipeline-trace] wall=20:38:17 elapsed=379.514s phase=eval event=interaction_progress trial=9 partition=1 processed=1300 total=1999 metric=ranking
[pipeline-trace] wall=20:38:19 elapsed=381.195s phase=eval event=interaction_progress trial=9 partition=1 processed=1400 total=1999 metric=ranking
[pipeline-trace] wall=20:38:20 elapsed=382.886s phase=eval event=interaction_progress trial=9 partition=1 processed=1500 total=1999 metric=ranking
[pipeline-trace] wall=20:38:22 elapsed=384.614s phase=eval event=interaction_progress trial=9 partition=1 processed=1600 total=1999 metric=ranking
[pipeline-trace] wall=20:38:24 elapsed=386.261s phase=eval event=interaction_progress trial=9 partition=1 processed=1700 total=1999 metric=ranking
[pipeline-trace] wall=20:38:25 elapsed=388.020s phase=eval event=interaction_progress trial=9 partition=1 processed=1800 total=1999 metric=ranking
[pipeline-trace] wall=20:38:27 elapsed=389.598s phase=eval event=interaction_progress trial=9 partition=1 processed=1900 total=1999 metric=ranking
[pipeline-trace] wall=20:38:29 elapsed=391.332s phase=eval event=interaction_progress trial=9 partition=1 processed=1999 total=1999 metric=ranking
[pipeline-trace] wall=20:38:29 elapsed=391.351s phase=eval event=partition_complete trial=9 partition=1 elapsed_sec=34.436 hits=1030 total=1999
[pipeline-trace] wall=20:38:50 elapsed=413.519s phase=eval event=batch_start trial=7 partitions=[1] synthetic=False
[pipeline-trace] wall=20:38:50 elapsed=413.519s phase=eval event=partition_start trial=7 partition=1 interactions=1999
[pipeline-trace] wall=20:38:50 elapsed=413.519s phase=eval event=interaction_progress trial=7 partition=1 processed=1 total=1999 metric=ranking
[pipeline-trace] wall=20:38:51 elapsed=414.993s phase=eval event=batch_start trial=14 partitions=[1] synthetic=False
[pipeline-trace] wall=20:38:51 elapsed=414.994s phase=eval event=partition_start trial=14 partition=1 interactions=1999
[pipeline-trace] wall=20:38:51 elapsed=414.994s phase=eval event=interaction_progress trial=14 partition=1 processed=1 total=1999 metric=ranking
[pipeline-trace] wall=20:38:51 elapsed=415.196s phase=eval event=interaction_progress trial=14 partition=1 processed=100 total=1999 metric=ranking
[pipeline-trace] wall=20:38:51 elapsed=415.352s phase=eval event=interaction_progress trial=14 partition=1 processed=200 total=1999 metric=ranking
[pipeline-trace] wall=20:38:51 elapsed=415.508s phase=eval event=interaction_progress trial=14 partition=1 processed=300 total=1999 metric=ranking
[pipeline-trace] wall=20:38:51 elapsed=415.665s phase=eval event=interaction_progress trial=14 partition=1 processed=400 total=1999 metric=ranking
[pipeline-trace] wall=20:38:51 elapsed=415.825s phase=eval event=interaction_progress trial=14 partition=1 processed=500 total=1999 metric=ranking
[pipeline-trace] wall=20:38:52 elapsed=415.982s phase=eval event=interaction_progress trial=14 partition=1 processed=600 total=1999 metric=ranking
[pipeline-trace] wall=20:38:52 elapsed=416.139s phase=eval event=interaction_progress trial=14 partition=1 processed=700 total=1999 metric=ranking
[pipeline-trace] wall=20:38:52 elapsed=416.297s phase=eval event=interaction_progress trial=14 partition=1 processed=800 total=1999 metric=ranking
[pipeline-trace] wall=20:38:52 elapsed=415.614s phase=eval event=interaction_progress trial=7 partition=1 processed=100 total=1999 metric=ranking
[pipeline-trace] wall=20:38:52 elapsed=416.452s phase=eval event=interaction_progress trial=14 partition=1 processed=900 total=1999 metric=ranking
[pipeline-trace] wall=20:38:52 elapsed=416.605s phase=eval event=interaction_progress trial=14 partition=1 processed=1000 total=1999 metric=ranking
[pipeline-trace] wall=20:38:52 elapsed=416.761s phase=eval event=interaction_progress trial=14 partition=1 processed=1100 total=1999 metric=ranking
[pipeline-trace] wall=20:38:53 elapsed=416.918s phase=eval event=interaction_progress trial=14 partition=1 processed=1200 total=1999 metric=ranking
[pipeline-trace] wall=20:38:53 elapsed=417.076s phase=eval event=interaction_progress trial=14 partition=1 processed=1300 total=1999 metric=ranking
[pipeline-trace] wall=20:38:53 elapsed=417.234s phase=eval event=interaction_progress trial=14 partition=1 processed=1400 total=1999 metric=ranking
[pipeline-trace] wall=20:38:53 elapsed=417.391s phase=eval event=interaction_progress trial=14 partition=1 processed=1500 total=1999 metric=ranking
[pipeline-trace] wall=20:38:53 elapsed=417.551s phase=eval event=interaction_progress trial=14 partition=1 processed=1600 total=1999 metric=ranking
[pipeline-trace] wall=20:38:53 elapsed=417.706s phase=eval event=interaction_progress trial=14 partition=1 processed=1700 total=1999 metric=ranking
[pipeline-trace] wall=20:38:53 elapsed=417.866s phase=eval event=interaction_progress trial=14 partition=1 processed=1800 total=1999 metric=ranking
[pipeline-trace] wall=20:38:54 elapsed=418.025s phase=eval event=interaction_progress trial=14 partition=1 processed=1900 total=1999 metric=ranking
[pipeline-trace] wall=20:38:54 elapsed=418.183s phase=eval event=interaction_progress trial=14 partition=1 processed=1999 total=1999 metric=ranking
[pipeline-trace] wall=20:38:54 elapsed=418.185s phase=eval event=partition_complete trial=14 partition=1 elapsed_sec=3.191 hits=1422 total=1999
[pipeline-trace] wall=20:38:54 elapsed=417.924s phase=eval event=interaction_progress trial=7 partition=1 processed=200 total=1999 metric=ranking
[pipeline-trace] wall=20:38:57 elapsed=420.222s phase=eval event=interaction_progress trial=7 partition=1 processed=300 total=1999 metric=ranking
[pipeline-trace] wall=20:38:59 elapsed=422.554s phase=eval event=interaction_progress trial=7 partition=1 processed=400 total=1999 metric=ranking
[pipeline-trace] wall=20:39:01 elapsed=424.882s phase=eval event=interaction_progress trial=7 partition=1 processed=500 total=1999 metric=ranking
[pipeline-trace] wall=20:39:03 elapsed=427.172s phase=eval event=interaction_progress trial=7 partition=1 processed=600 total=1999 metric=ranking
[pipeline-trace] wall=20:39:06 elapsed=429.516s phase=eval event=interaction_progress trial=7 partition=1 processed=700 total=1999 metric=ranking
[pipeline-trace] wall=20:39:08 elapsed=431.867s phase=eval event=interaction_progress trial=7 partition=1 processed=800 total=1999 metric=ranking
[pipeline-trace] wall=20:39:11 elapsed=434.224s phase=eval event=interaction_progress trial=7 partition=1 processed=900 total=1999 metric=ranking
[pipeline-trace] wall=20:39:13 elapsed=436.568s phase=eval event=interaction_progress trial=7 partition=1 processed=1000 total=1999 metric=ranking
[pipeline-trace] wall=20:39:15 elapsed=438.936s phase=eval event=interaction_progress trial=7 partition=1 processed=1100 total=1999 metric=ranking
[pipeline-trace] wall=20:39:18 elapsed=441.293s phase=eval event=interaction_progress trial=7 partition=1 processed=1200 total=1999 metric=ranking
[pipeline-trace] wall=20:39:20 elapsed=443.698s phase=eval event=interaction_progress trial=7 partition=1 processed=1300 total=1999 metric=ranking
[pipeline-trace] wall=20:39:22 elapsed=446.122s phase=eval event=interaction_progress trial=7 partition=1 processed=1400 total=1999 metric=ranking
[pipeline-trace] wall=20:39:25 elapsed=448.533s phase=eval event=interaction_progress trial=7 partition=1 processed=1500 total=1999 metric=ranking
[pipeline-trace] wall=20:39:27 elapsed=450.821s phase=eval event=interaction_progress trial=7 partition=1 processed=1600 total=1999 metric=ranking
[pipeline-trace] wall=20:39:29 elapsed=453.096s phase=eval event=interaction_progress trial=7 partition=1 processed=1700 total=1999 metric=ranking
[pipeline-trace] wall=20:39:30 elapsed=454.258s phase=eval event=batch_start trial=16 partitions=[1] synthetic=False
[pipeline-trace] wall=20:39:30 elapsed=454.258s phase=eval event=partition_start trial=16 partition=1 interactions=1999
[pipeline-trace] wall=20:39:30 elapsed=454.259s phase=eval event=interaction_progress trial=16 partition=1 processed=1 total=1999 metric=ranking
[pipeline-trace] wall=20:39:30 elapsed=454.398s phase=eval event=interaction_progress trial=16 partition=1 processed=100 total=1999 metric=ranking
[pipeline-trace] wall=20:39:30 elapsed=454.550s phase=eval event=interaction_progress trial=16 partition=1 processed=200 total=1999 metric=ranking
[pipeline-trace] wall=20:39:30 elapsed=454.701s phase=eval event=interaction_progress trial=16 partition=1 processed=300 total=1999 metric=ranking
[pipeline-trace] wall=20:39:30 elapsed=454.852s phase=eval event=interaction_progress trial=16 partition=1 processed=400 total=1999 metric=ranking
[pipeline-trace] wall=20:39:31 elapsed=455.006s phase=eval event=interaction_progress trial=16 partition=1 processed=500 total=1999 metric=ranking
[pipeline-trace] wall=20:39:31 elapsed=455.157s phase=eval event=interaction_progress trial=16 partition=1 processed=600 total=1999 metric=ranking
[pipeline-trace] wall=20:39:31 elapsed=455.308s phase=eval event=interaction_progress trial=16 partition=1 processed=700 total=1999 metric=ranking
[pipeline-trace] wall=20:39:31 elapsed=455.461s phase=eval event=interaction_progress trial=16 partition=1 processed=800 total=1999 metric=ranking
[pipeline-trace] wall=20:39:31 elapsed=455.615s phase=eval event=interaction_progress trial=16 partition=1 processed=900 total=1999 metric=ranking
[pipeline-trace] wall=20:39:31 elapsed=455.771s phase=eval event=interaction_progress trial=16 partition=1 processed=1000 total=1999 metric=ranking
[pipeline-trace] wall=20:39:32 elapsed=455.928s phase=eval event=interaction_progress trial=16 partition=1 processed=1100 total=1999 metric=ranking
[pipeline-trace] wall=20:39:32 elapsed=456.082s phase=eval event=interaction_progress trial=16 partition=1 processed=1200 total=1999 metric=ranking
[pipeline-trace] wall=20:39:32 elapsed=455.481s phase=eval event=interaction_progress trial=7 partition=1 processed=1800 total=1999 metric=ranking
[pipeline-trace] wall=20:39:32 elapsed=456.236s phase=eval event=interaction_progress trial=16 partition=1 processed=1300 total=1999 metric=ranking
[pipeline-trace] wall=20:39:32 elapsed=456.390s phase=eval event=interaction_progress trial=16 partition=1 processed=1400 total=1999 metric=ranking
[pipeline-trace] wall=20:39:32 elapsed=456.545s phase=eval event=interaction_progress trial=16 partition=1 processed=1500 total=1999 metric=ranking
[pipeline-trace] wall=20:39:32 elapsed=456.698s phase=eval event=interaction_progress trial=16 partition=1 processed=1600 total=1999 metric=ranking
[pipeline-trace] wall=20:39:32 elapsed=456.855s phase=eval event=interaction_progress trial=16 partition=1 processed=1700 total=1999 metric=ranking
[pipeline-trace] wall=20:39:33 elapsed=457.010s phase=eval event=interaction_progress trial=16 partition=1 processed=1800 total=1999 metric=ranking
[pipeline-trace] wall=20:39:33 elapsed=457.164s phase=eval event=interaction_progress trial=16 partition=1 processed=1900 total=1999 metric=ranking
[pipeline-trace] wall=20:39:33 elapsed=457.289s phase=eval event=interaction_progress trial=16 partition=1 processed=1999 total=1999 metric=ranking
[pipeline-trace] wall=20:39:33 elapsed=457.290s phase=eval event=partition_complete trial=16 partition=1 elapsed_sec=3.032 hits=1251 total=1999
[pipeline-trace] wall=20:39:34 elapsed=457.815s phase=eval event=interaction_progress trial=7 partition=1 processed=1900 total=1999 metric=ranking
[pipeline-trace] wall=20:39:36 elapsed=460.105s phase=eval event=interaction_progress trial=7 partition=1 processed=1999 total=1999 metric=ranking
[pipeline-trace] wall=20:39:36 elapsed=460.135s phase=eval event=partition_complete trial=7 partition=1 elapsed_sec=46.616 hits=1371 total=1999
[pipeline-trace] wall=20:40:10 elapsed=494.495s phase=eval event=batch_start trial=17 partitions=[1] synthetic=False
[pipeline-trace] wall=20:40:10 elapsed=494.495s phase=eval event=partition_start trial=17 partition=1 interactions=1999
[pipeline-trace] wall=20:40:10 elapsed=494.495s phase=eval event=interaction_progress trial=17 partition=1 processed=1 total=1999 metric=ranking
[pipeline-trace] wall=20:40:10 elapsed=494.669s phase=eval event=interaction_progress trial=17 partition=1 processed=100 total=1999 metric=ranking
[pipeline-trace] wall=20:40:10 elapsed=494.845s phase=eval event=interaction_progress trial=17 partition=1 processed=200 total=1999 metric=ranking
[pipeline-trace] wall=20:40:11 elapsed=495.021s phase=eval event=interaction_progress trial=17 partition=1 processed=300 total=1999 metric=ranking
[pipeline-trace] wall=20:40:11 elapsed=495.201s phase=eval event=interaction_progress trial=17 partition=1 processed=400 total=1999 metric=ranking
[pipeline-trace] wall=20:40:11 elapsed=495.387s phase=eval event=interaction_progress trial=17 partition=1 processed=500 total=1999 metric=ranking
[pipeline-trace] wall=20:40:11 elapsed=495.558s phase=eval event=interaction_progress trial=17 partition=1 processed=600 total=1999 metric=ranking
[pipeline-trace] wall=20:40:11 elapsed=495.729s phase=eval event=interaction_progress trial=17 partition=1 processed=700 total=1999 metric=ranking
[pipeline-trace] wall=20:40:11 elapsed=495.903s phase=eval event=interaction_progress trial=17 partition=1 processed=800 total=1999 metric=ranking
[pipeline-trace] wall=20:40:12 elapsed=496.078s phase=eval event=interaction_progress trial=17 partition=1 processed=900 total=1999 metric=ranking
[pipeline-trace] wall=20:40:12 elapsed=496.263s phase=eval event=interaction_progress trial=17 partition=1 processed=1000 total=1999 metric=ranking
[pipeline-trace] wall=20:40:12 elapsed=496.437s phase=eval event=interaction_progress trial=17 partition=1 processed=1100 total=1999 metric=ranking
[pipeline-trace] wall=20:40:12 elapsed=496.609s phase=eval event=interaction_progress trial=17 partition=1 processed=1200 total=1999 metric=ranking
[pipeline-trace] wall=20:40:12 elapsed=496.778s phase=eval event=interaction_progress trial=17 partition=1 processed=1300 total=1999 metric=ranking
[pipeline-trace] wall=20:40:13 elapsed=496.948s phase=eval event=interaction_progress trial=17 partition=1 processed=1400 total=1999 metric=ranking
[pipeline-trace] wall=20:40:13 elapsed=497.120s phase=eval event=interaction_progress trial=17 partition=1 processed=1500 total=1999 metric=ranking
[pipeline-trace] wall=20:40:13 elapsed=497.292s phase=eval event=interaction_progress trial=17 partition=1 processed=1600 total=1999 metric=ranking
[pipeline-trace] wall=20:40:13 elapsed=497.465s phase=eval event=interaction_progress trial=17 partition=1 processed=1700 total=1999 metric=ranking
[pipeline-trace] wall=20:40:13 elapsed=497.639s phase=eval event=interaction_progress trial=17 partition=1 processed=1800 total=1999 metric=ranking
[pipeline-trace] wall=20:40:13 elapsed=497.812s phase=eval event=interaction_progress trial=17 partition=1 processed=1900 total=1999 metric=ranking
[pipeline-trace] wall=20:40:14 elapsed=497.982s phase=eval event=interaction_progress trial=17 partition=1 processed=1999 total=1999 metric=ranking
[pipeline-trace] wall=20:40:14 elapsed=497.984s phase=eval event=partition_complete trial=17 partition=1 elapsed_sec=3.489 hits=1282 total=1999
[pipeline-trace] wall=20:40:53 elapsed=537.184s phase=eval event=batch_start trial=19 partitions=[1] synthetic=False
[pipeline-trace] wall=20:40:53 elapsed=537.184s phase=eval event=partition_start trial=19 partition=1 interactions=1999
[pipeline-trace] wall=20:40:53 elapsed=537.184s phase=eval event=interaction_progress trial=19 partition=1 processed=1 total=1999 metric=ranking
[pipeline-trace] wall=20:40:53 elapsed=537.363s phase=eval event=interaction_progress trial=19 partition=1 processed=100 total=1999 metric=ranking
[pipeline-trace] wall=20:40:53 elapsed=537.538s phase=eval event=interaction_progress trial=19 partition=1 processed=200 total=1999 metric=ranking
[pipeline-trace] wall=20:40:53 elapsed=537.714s phase=eval event=interaction_progress trial=19 partition=1 processed=300 total=1999 metric=ranking
[pipeline-trace] wall=20:40:53 elapsed=537.886s phase=eval event=interaction_progress trial=19 partition=1 processed=400 total=1999 metric=ranking
[pipeline-trace] wall=20:40:54 elapsed=538.057s phase=eval event=interaction_progress trial=19 partition=1 processed=500 total=1999 metric=ranking
[pipeline-trace] wall=20:40:54 elapsed=538.228s phase=eval event=interaction_progress trial=19 partition=1 processed=600 total=1999 metric=ranking
[pipeline-trace] wall=20:40:54 elapsed=538.403s phase=eval event=interaction_progress trial=19 partition=1 processed=700 total=1999 metric=ranking
[pipeline-trace] wall=20:40:54 elapsed=538.573s phase=eval event=interaction_progress trial=19 partition=1 processed=800 total=1999 metric=ranking
[pipeline-trace] wall=20:40:54 elapsed=538.748s phase=eval event=interaction_progress trial=19 partition=1 processed=900 total=1999 metric=ranking
[pipeline-trace] wall=20:40:55 elapsed=538.918s phase=eval event=interaction_progress trial=19 partition=1 processed=1000 total=1999 metric=ranking
[pipeline-trace] wall=20:40:55 elapsed=539.089s phase=eval event=interaction_progress trial=19 partition=1 processed=1100 total=1999 metric=ranking
[pipeline-trace] wall=20:40:55 elapsed=539.256s phase=eval event=interaction_progress trial=19 partition=1 processed=1200 total=1999 metric=ranking
[pipeline-trace] wall=20:40:55 elapsed=539.426s phase=eval event=interaction_progress trial=19 partition=1 processed=1300 total=1999 metric=ranking
[pipeline-trace] wall=20:40:55 elapsed=539.596s phase=eval event=interaction_progress trial=19 partition=1 processed=1400 total=1999 metric=ranking
[pipeline-trace] wall=20:40:55 elapsed=539.766s phase=eval event=interaction_progress trial=19 partition=1 processed=1500 total=1999 metric=ranking
[pipeline-trace] wall=20:40:56 elapsed=539.938s phase=eval event=interaction_progress trial=19 partition=1 processed=1600 total=1999 metric=ranking
[pipeline-trace] wall=20:40:56 elapsed=540.109s phase=eval event=interaction_progress trial=19 partition=1 processed=1700 total=1999 metric=ranking
[pipeline-trace] wall=20:40:56 elapsed=540.280s phase=eval event=interaction_progress trial=19 partition=1 processed=1800 total=1999 metric=ranking
[pipeline-trace] wall=20:40:56 elapsed=540.449s phase=eval event=interaction_progress trial=19 partition=1 processed=1900 total=1999 metric=ranking
[pipeline-trace] wall=20:40:56 elapsed=540.616s phase=eval event=interaction_progress trial=19 partition=1 processed=1999 total=1999 metric=ranking
[pipeline-trace] wall=20:40:56 elapsed=540.619s phase=eval event=partition_complete trial=19 partition=1 elapsed_sec=3.435 hits=1505 total=1999
[pipeline-trace] wall=20:41:09 elapsed=551.558s phase=eval event=batch_start trial=15 partitions=[1] synthetic=False
[pipeline-trace] wall=20:41:09 elapsed=551.558s phase=eval event=partition_start trial=15 partition=1 interactions=1999
[pipeline-trace] wall=20:41:09 elapsed=551.558s phase=eval event=interaction_progress trial=15 partition=1 processed=1 total=1999 metric=ranking
[pipeline-trace] wall=20:41:11 elapsed=553.120s phase=eval event=interaction_progress trial=15 partition=1 processed=100 total=1999 metric=ranking
[pipeline-trace] wall=20:41:12 elapsed=554.764s phase=eval event=interaction_progress trial=15 partition=1 processed=200 total=1999 metric=ranking
[pipeline-trace] wall=20:41:14 elapsed=556.317s phase=eval event=interaction_progress trial=15 partition=1 processed=300 total=1999 metric=ranking
[pipeline-trace] wall=20:41:15 elapsed=557.880s phase=eval event=interaction_progress trial=15 partition=1 processed=400 total=1999 metric=ranking
[pipeline-trace] wall=20:41:17 elapsed=559.534s phase=eval event=interaction_progress trial=15 partition=1 processed=500 total=1999 metric=ranking
[pipeline-trace] wall=20:41:19 elapsed=561.201s phase=eval event=interaction_progress trial=15 partition=1 processed=600 total=1999 metric=ranking
[pipeline-trace] wall=20:41:20 elapsed=562.801s phase=eval event=interaction_progress trial=15 partition=1 processed=700 total=1999 metric=ranking
[pipeline-trace] wall=20:41:22 elapsed=564.480s phase=eval event=interaction_progress trial=15 partition=1 processed=800 total=1999 metric=ranking
[pipeline-trace] wall=20:41:23 elapsed=566.037s phase=eval event=interaction_progress trial=15 partition=1 processed=900 total=1999 metric=ranking
[pipeline-trace] wall=20:41:24 elapsed=568.416s phase=eval event=batch_start trial=20 partitions=[1] synthetic=False
[pipeline-trace] wall=20:41:24 elapsed=568.416s phase=eval event=partition_start trial=20 partition=1 interactions=1999
[pipeline-trace] wall=20:41:24 elapsed=568.417s phase=eval event=interaction_progress trial=20 partition=1 processed=1 total=1999 metric=ranking
[pipeline-trace] wall=20:41:24 elapsed=568.582s phase=eval event=interaction_progress trial=20 partition=1 processed=100 total=1999 metric=ranking
[pipeline-trace] wall=20:41:24 elapsed=568.752s phase=eval event=interaction_progress trial=20 partition=1 processed=200 total=1999 metric=ranking
[pipeline-trace] wall=20:41:25 elapsed=568.905s phase=eval event=interaction_progress trial=20 partition=1 processed=300 total=1999 metric=ranking
[pipeline-trace] wall=20:41:25 elapsed=569.054s phase=eval event=interaction_progress trial=20 partition=1 processed=400 total=1999 metric=ranking
[pipeline-trace] wall=20:41:25 elapsed=569.202s phase=eval event=interaction_progress trial=20 partition=1 processed=500 total=1999 metric=ranking
[pipeline-trace] wall=20:41:25 elapsed=569.425s phase=eval event=interaction_progress trial=20 partition=1 processed=600 total=1999 metric=ranking
[pipeline-trace] wall=20:41:25 elapsed=569.570s phase=eval event=interaction_progress trial=20 partition=1 processed=700 total=1999 metric=ranking
[pipeline-trace] wall=20:41:25 elapsed=567.727s phase=eval event=interaction_progress trial=15 partition=1 processed=1000 total=1999 metric=ranking
[pipeline-trace] wall=20:41:25 elapsed=569.717s phase=eval event=interaction_progress trial=20 partition=1 processed=800 total=1999 metric=ranking
[pipeline-trace] wall=20:41:25 elapsed=569.865s phase=eval event=interaction_progress trial=20 partition=1 processed=900 total=1999 metric=ranking
[pipeline-trace] wall=20:41:26 elapsed=570.017s phase=eval event=interaction_progress trial=20 partition=1 processed=1000 total=1999 metric=ranking
[pipeline-trace] wall=20:41:26 elapsed=570.164s phase=eval event=interaction_progress trial=20 partition=1 processed=1100 total=1999 metric=ranking
[pipeline-trace] wall=20:41:26 elapsed=570.311s phase=eval event=interaction_progress trial=20 partition=1 processed=1200 total=1999 metric=ranking
[pipeline-trace] wall=20:41:26 elapsed=570.457s phase=eval event=interaction_progress trial=20 partition=1 processed=1300 total=1999 metric=ranking
[pipeline-trace] wall=20:41:26 elapsed=570.604s phase=eval event=interaction_progress trial=20 partition=1 processed=1400 total=1999 metric=ranking
[pipeline-trace] wall=20:41:26 elapsed=570.749s phase=eval event=interaction_progress trial=20 partition=1 processed=1500 total=1999 metric=ranking
[pipeline-trace] wall=20:41:26 elapsed=570.897s phase=eval event=interaction_progress trial=20 partition=1 processed=1600 total=1999 metric=ranking
[pipeline-trace] wall=20:41:27 elapsed=571.142s phase=eval event=interaction_progress trial=20 partition=1 processed=1700 total=1999 metric=ranking
[pipeline-trace] wall=20:41:27 elapsed=571.286s phase=eval event=interaction_progress trial=20 partition=1 processed=1800 total=1999 metric=ranking
[pipeline-trace] wall=20:41:27 elapsed=569.470s phase=eval event=interaction_progress trial=15 partition=1 processed=1100 total=1999 metric=ranking
[pipeline-trace] wall=20:41:27 elapsed=571.433s phase=eval event=interaction_progress trial=20 partition=1 processed=1900 total=1999 metric=ranking
[pipeline-trace] wall=20:41:27 elapsed=571.577s phase=eval event=interaction_progress trial=20 partition=1 processed=1999 total=1999 metric=ranking
[pipeline-trace] wall=20:41:27 elapsed=571.579s phase=eval event=partition_complete trial=20 partition=1 elapsed_sec=3.163 hits=1280 total=1999
[pipeline-trace] wall=20:41:28 elapsed=571.016s phase=eval event=interaction_progress trial=15 partition=1 processed=1200 total=1999 metric=ranking
[pipeline-trace] wall=20:41:30 elapsed=572.679s phase=eval event=interaction_progress trial=15 partition=1 processed=1300 total=1999 metric=ranking
[pipeline-trace] wall=20:41:32 elapsed=574.258s phase=eval event=interaction_progress trial=15 partition=1 processed=1400 total=1999 metric=ranking
[pipeline-trace] wall=20:41:33 elapsed=575.980s phase=eval event=interaction_progress trial=15 partition=1 processed=1500 total=1999 metric=ranking
[pipeline-trace] wall=20:41:35 elapsed=577.726s phase=eval event=interaction_progress trial=15 partition=1 processed=1600 total=1999 metric=ranking
[pipeline-trace] wall=20:41:37 elapsed=579.422s phase=eval event=interaction_progress trial=15 partition=1 processed=1700 total=1999 metric=ranking
[pipeline-trace] wall=20:41:39 elapsed=581.079s phase=eval event=interaction_progress trial=15 partition=1 processed=1800 total=1999 metric=ranking
[pipeline-trace] wall=20:41:40 elapsed=582.669s phase=eval event=interaction_progress trial=15 partition=1 processed=1900 total=1999 metric=ranking
[pipeline-trace] wall=20:41:42 elapsed=584.412s phase=eval event=interaction_progress trial=15 partition=1 processed=1999 total=1999 metric=ranking
[pipeline-trace] wall=20:41:42 elapsed=584.427s phase=eval event=partition_complete trial=15 partition=1 elapsed_sec=32.868 hits=978 total=1999
[pipeline-trace] wall=20:42:00 elapsed=604.058s phase=eval event=batch_start trial=21 partitions=[1] synthetic=False
[pipeline-trace] wall=20:42:00 elapsed=604.058s phase=eval event=partition_start trial=21 partition=1 interactions=1999
[pipeline-trace] wall=20:42:00 elapsed=604.058s phase=eval event=interaction_progress trial=21 partition=1 processed=1 total=1999 metric=ranking
[pipeline-trace] wall=20:42:00 elapsed=604.220s phase=eval event=interaction_progress trial=21 partition=1 processed=100 total=1999 metric=ranking
[pipeline-trace] wall=20:42:00 elapsed=604.375s phase=eval event=interaction_progress trial=21 partition=1 processed=200 total=1999 metric=ranking
[pipeline-trace] wall=20:42:00 elapsed=604.532s phase=eval event=interaction_progress trial=21 partition=1 processed=300 total=1999 metric=ranking
[pipeline-trace] wall=20:42:00 elapsed=604.685s phase=eval event=interaction_progress trial=21 partition=1 processed=400 total=1999 metric=ranking
[pipeline-trace] wall=20:42:00 elapsed=604.841s phase=eval event=interaction_progress trial=21 partition=1 processed=500 total=1999 metric=ranking
[pipeline-trace] wall=20:42:01 elapsed=604.997s phase=eval event=interaction_progress trial=21 partition=1 processed=600 total=1999 metric=ranking
[pipeline-trace] wall=20:42:01 elapsed=605.186s phase=eval event=interaction_progress trial=21 partition=1 processed=700 total=1999 metric=ranking
[pipeline-trace] wall=20:42:01 elapsed=605.360s phase=eval event=interaction_progress trial=21 partition=1 processed=800 total=1999 metric=ranking
[pipeline-trace] wall=20:42:01 elapsed=605.511s phase=eval event=interaction_progress trial=21 partition=1 processed=900 total=1999 metric=ranking
[pipeline-trace] wall=20:42:01 elapsed=605.664s phase=eval event=interaction_progress trial=21 partition=1 processed=1000 total=1999 metric=ranking
[pipeline-trace] wall=20:42:01 elapsed=605.817s phase=eval event=interaction_progress trial=21 partition=1 processed=1100 total=1999 metric=ranking
[pipeline-trace] wall=20:42:02 elapsed=605.968s phase=eval event=interaction_progress trial=21 partition=1 processed=1200 total=1999 metric=ranking
[pipeline-trace] wall=20:42:02 elapsed=606.122s phase=eval event=interaction_progress trial=21 partition=1 processed=1300 total=1999 metric=ranking
[pipeline-trace] wall=20:42:02 elapsed=606.274s phase=eval event=interaction_progress trial=21 partition=1 processed=1400 total=1999 metric=ranking
[pipeline-trace] wall=20:42:02 elapsed=606.430s phase=eval event=interaction_progress trial=21 partition=1 processed=1500 total=1999 metric=ranking
[pipeline-trace] wall=20:42:02 elapsed=606.583s phase=eval event=interaction_progress trial=21 partition=1 processed=1600 total=1999 metric=ranking
[pipeline-trace] wall=20:42:02 elapsed=606.737s phase=eval event=interaction_progress trial=21 partition=1 processed=1700 total=1999 metric=ranking
[pipeline-trace] wall=20:42:02 elapsed=606.893s phase=eval event=interaction_progress trial=21 partition=1 processed=1800 total=1999 metric=ranking
[pipeline-trace] wall=20:42:03 elapsed=607.047s phase=eval event=interaction_progress trial=21 partition=1 processed=1900 total=1999 metric=ranking
[pipeline-trace] wall=20:42:03 elapsed=607.198s phase=eval event=interaction_progress trial=21 partition=1 processed=1999 total=1999 metric=ranking
[pipeline-trace] wall=20:42:03 elapsed=607.200s phase=eval event=partition_complete trial=21 partition=1 elapsed_sec=3.142 hits=1185 total=1999
[pipeline-trace] wall=20:42:37 elapsed=641.592s phase=eval event=batch_start trial=23 partitions=[1] synthetic=False
[pipeline-trace] wall=20:42:37 elapsed=641.592s phase=eval event=partition_start trial=23 partition=1 interactions=1999
[pipeline-trace] wall=20:42:37 elapsed=641.592s phase=eval event=interaction_progress trial=23 partition=1 processed=1 total=1999 metric=ranking
[pipeline-trace] wall=20:42:37 elapsed=641.747s phase=eval event=interaction_progress trial=23 partition=1 processed=100 total=1999 metric=ranking
[pipeline-trace] wall=20:42:37 elapsed=641.901s phase=eval event=interaction_progress trial=23 partition=1 processed=200 total=1999 metric=ranking
[pipeline-trace] wall=20:42:38 elapsed=642.058s phase=eval event=interaction_progress trial=23 partition=1 processed=300 total=1999 metric=ranking
[pipeline-trace] wall=20:42:38 elapsed=642.215s phase=eval event=interaction_progress trial=23 partition=1 processed=400 total=1999 metric=ranking
[pipeline-trace] wall=20:42:38 elapsed=642.370s phase=eval event=interaction_progress trial=23 partition=1 processed=500 total=1999 metric=ranking
[pipeline-trace] wall=20:42:38 elapsed=642.524s phase=eval event=interaction_progress trial=23 partition=1 processed=600 total=1999 metric=ranking
[pipeline-trace] wall=20:42:38 elapsed=642.679s phase=eval event=interaction_progress trial=23 partition=1 processed=700 total=1999 metric=ranking
[pipeline-trace] wall=20:42:38 elapsed=642.842s phase=eval event=interaction_progress trial=23 partition=1 processed=800 total=1999 metric=ranking
[pipeline-trace] wall=20:42:39 elapsed=642.996s phase=eval event=interaction_progress trial=23 partition=1 processed=900 total=1999 metric=ranking
[pipeline-trace] wall=20:42:39 elapsed=643.154s phase=eval event=interaction_progress trial=23 partition=1 processed=1000 total=1999 metric=ranking
[pipeline-trace] wall=20:42:39 elapsed=643.306s phase=eval event=interaction_progress trial=23 partition=1 processed=1100 total=1999 metric=ranking
[pipeline-trace] wall=20:42:39 elapsed=643.459s phase=eval event=interaction_progress trial=23 partition=1 processed=1200 total=1999 metric=ranking
[pipeline-trace] wall=20:42:39 elapsed=643.626s phase=eval event=interaction_progress trial=23 partition=1 processed=1300 total=1999 metric=ranking
[pipeline-trace] wall=20:42:39 elapsed=643.823s phase=eval event=interaction_progress trial=23 partition=1 processed=1400 total=1999 metric=ranking
[pipeline-trace] wall=20:42:40 elapsed=643.975s phase=eval event=interaction_progress trial=23 partition=1 processed=1500 total=1999 metric=ranking
[pipeline-trace] wall=20:42:40 elapsed=644.126s phase=eval event=interaction_progress trial=23 partition=1 processed=1600 total=1999 metric=ranking
[pipeline-trace] wall=20:42:40 elapsed=644.278s phase=eval event=interaction_progress trial=23 partition=1 processed=1700 total=1999 metric=ranking
[pipeline-trace] wall=20:42:40 elapsed=644.430s phase=eval event=interaction_progress trial=23 partition=1 processed=1800 total=1999 metric=ranking
[pipeline-trace] wall=20:42:40 elapsed=644.581s phase=eval event=interaction_progress trial=23 partition=1 processed=1900 total=1999 metric=ranking
[pipeline-trace] wall=20:42:40 elapsed=644.730s phase=eval event=interaction_progress trial=23 partition=1 processed=1999 total=1999 metric=ranking
[pipeline-trace] wall=20:42:40 elapsed=644.732s phase=eval event=partition_complete trial=23 partition=1 elapsed_sec=3.140 hits=1218 total=1999
[pipeline-trace] wall=20:42:45 elapsed=648.747s phase=eval event=batch_start trial=18 partitions=[1] synthetic=False
[pipeline-trace] wall=20:42:45 elapsed=648.747s phase=eval event=partition_start trial=18 partition=1 interactions=1999
[pipeline-trace] wall=20:42:45 elapsed=648.747s phase=eval event=interaction_progress trial=18 partition=1 processed=1 total=1999 metric=ranking
[pipeline-trace] wall=20:42:46 elapsed=650.036s phase=eval event=interaction_progress trial=18 partition=1 processed=100 total=1999 metric=ranking
[pipeline-trace] wall=20:42:48 elapsed=651.351s phase=eval event=interaction_progress trial=18 partition=1 processed=200 total=1999 metric=ranking
[pipeline-trace] wall=20:42:49 elapsed=652.586s phase=eval event=interaction_progress trial=18 partition=1 processed=300 total=1999 metric=ranking
[pipeline-trace] wall=20:42:50 elapsed=653.847s phase=eval event=interaction_progress trial=18 partition=1 processed=400 total=1999 metric=ranking
[pipeline-trace] wall=20:42:51 elapsed=655.160s phase=eval event=interaction_progress trial=18 partition=1 processed=500 total=1999 metric=ranking
[pipeline-trace] wall=20:42:53 elapsed=656.515s phase=eval event=interaction_progress trial=18 partition=1 processed=600 total=1999 metric=ranking
[pipeline-trace] wall=20:42:54 elapsed=657.856s phase=eval event=interaction_progress trial=18 partition=1 processed=700 total=1999 metric=ranking
[pipeline-trace] wall=20:42:55 elapsed=659.155s phase=eval event=interaction_progress trial=18 partition=1 processed=800 total=1999 metric=ranking
[pipeline-trace] wall=20:42:57 elapsed=660.392s phase=eval event=interaction_progress trial=18 partition=1 processed=900 total=1999 metric=ranking
[pipeline-trace] wall=20:42:58 elapsed=661.630s phase=eval event=interaction_progress trial=18 partition=1 processed=1000 total=1999 metric=ranking
[pipeline-trace] wall=20:42:59 elapsed=662.925s phase=eval event=interaction_progress trial=18 partition=1 processed=1100 total=1999 metric=ranking
[pipeline-trace] wall=20:43:01 elapsed=664.209s phase=eval event=interaction_progress trial=18 partition=1 processed=1200 total=1999 metric=ranking
[pipeline-trace] wall=20:43:02 elapsed=665.456s phase=eval event=interaction_progress trial=18 partition=1 processed=1300 total=1999 metric=ranking
[pipeline-trace] wall=20:43:03 elapsed=666.753s phase=eval event=interaction_progress trial=18 partition=1 processed=1400 total=1999 metric=ranking
[pipeline-trace] wall=20:43:04 elapsed=667.941s phase=eval event=interaction_progress trial=18 partition=1 processed=1500 total=1999 metric=ranking
[pipeline-trace] wall=20:43:05 elapsed=669.168s phase=eval event=interaction_progress trial=18 partition=1 processed=1600 total=1999 metric=ranking
[pipeline-trace] wall=20:43:07 elapsed=670.471s phase=eval event=interaction_progress trial=18 partition=1 processed=1700 total=1999 metric=ranking
[pipeline-trace] wall=20:43:08 elapsed=671.785s phase=eval event=interaction_progress trial=18 partition=1 processed=1800 total=1999 metric=ranking
[pipeline-trace] wall=20:43:09 elapsed=673.062s phase=eval event=interaction_progress trial=18 partition=1 processed=1900 total=1999 metric=ranking
[pipeline-trace] wall=20:43:11 elapsed=674.392s phase=eval event=interaction_progress trial=18 partition=1 processed=1999 total=1999 metric=ranking
[pipeline-trace] wall=20:43:11 elapsed=674.398s phase=eval event=partition_complete trial=18 partition=1 elapsed_sec=25.651 hits=1197 total=1999
[pipeline-trace] wall=20:43:15 elapsed=679.577s phase=eval event=batch_start trial=24 partitions=[1] synthetic=False
[pipeline-trace] wall=20:43:15 elapsed=679.577s phase=eval event=partition_start trial=24 partition=1 interactions=1999
[pipeline-trace] wall=20:43:15 elapsed=679.577s phase=eval event=interaction_progress trial=24 partition=1 processed=1 total=1999 metric=ranking
[pipeline-trace] wall=20:43:15 elapsed=679.738s phase=eval event=interaction_progress trial=24 partition=1 processed=100 total=1999 metric=ranking
[pipeline-trace] wall=20:43:15 elapsed=679.899s phase=eval event=interaction_progress trial=24 partition=1 processed=200 total=1999 metric=ranking
[pipeline-trace] wall=20:43:16 elapsed=680.061s phase=eval event=interaction_progress trial=24 partition=1 processed=300 total=1999 metric=ranking
[pipeline-trace] wall=20:43:16 elapsed=680.224s phase=eval event=interaction_progress trial=24 partition=1 processed=400 total=1999 metric=ranking
[pipeline-trace] wall=20:43:16 elapsed=680.388s phase=eval event=interaction_progress trial=24 partition=1 processed=500 total=1999 metric=ranking
[pipeline-trace] wall=20:43:16 elapsed=680.552s phase=eval event=interaction_progress trial=24 partition=1 processed=600 total=1999 metric=ranking
[pipeline-trace] wall=20:43:16 elapsed=680.718s phase=eval event=interaction_progress trial=24 partition=1 processed=700 total=1999 metric=ranking
[pipeline-trace] wall=20:43:16 elapsed=680.882s phase=eval event=interaction_progress trial=24 partition=1 processed=800 total=1999 metric=ranking
[pipeline-trace] wall=20:43:17 elapsed=681.045s phase=eval event=interaction_progress trial=24 partition=1 processed=900 total=1999 metric=ranking
[pipeline-trace] wall=20:43:17 elapsed=681.209s phase=eval event=interaction_progress trial=24 partition=1 processed=1000 total=1999 metric=ranking
[pipeline-trace] wall=20:43:17 elapsed=681.373s phase=eval event=interaction_progress trial=24 partition=1 processed=1100 total=1999 metric=ranking
[pipeline-trace] wall=20:43:17 elapsed=681.538s phase=eval event=interaction_progress trial=24 partition=1 processed=1200 total=1999 metric=ranking
[pipeline-trace] wall=20:43:17 elapsed=681.706s phase=eval event=interaction_progress trial=24 partition=1 processed=1300 total=1999 metric=ranking
[pipeline-trace] wall=20:43:17 elapsed=681.874s phase=eval event=interaction_progress trial=24 partition=1 processed=1400 total=1999 metric=ranking
[pipeline-trace] wall=20:43:18 elapsed=682.046s phase=eval event=interaction_progress trial=24 partition=1 processed=1500 total=1999 metric=ranking
[pipeline-trace] wall=20:43:18 elapsed=682.211s phase=eval event=interaction_progress trial=24 partition=1 processed=1600 total=1999 metric=ranking
[pipeline-trace] wall=20:43:18 elapsed=682.380s phase=eval event=interaction_progress trial=24 partition=1 processed=1700 total=1999 metric=ranking
[pipeline-trace] wall=20:43:18 elapsed=682.547s phase=eval event=interaction_progress trial=24 partition=1 processed=1800 total=1999 metric=ranking
[pipeline-trace] wall=20:43:18 elapsed=682.714s phase=eval event=interaction_progress trial=24 partition=1 processed=1900 total=1999 metric=ranking
[pipeline-trace] wall=20:43:18 elapsed=682.884s phase=eval event=interaction_progress trial=24 partition=1 processed=1999 total=1999 metric=ranking
[pipeline-trace] wall=20:43:18 elapsed=682.886s phase=eval event=partition_complete trial=24 partition=1 elapsed_sec=3.309 hits=931 total=1999
[pipeline-trace] wall=20:43:55 elapsed=719.063s phase=eval event=batch_start trial=26 partitions=[1] synthetic=False
[pipeline-trace] wall=20:43:55 elapsed=719.063s phase=eval event=partition_start trial=26 partition=1 interactions=1999
[pipeline-trace] wall=20:43:55 elapsed=719.063s phase=eval event=interaction_progress trial=26 partition=1 processed=1 total=1999 metric=ranking
[pipeline-trace] wall=20:43:55 elapsed=719.220s phase=eval event=interaction_progress trial=26 partition=1 processed=100 total=1999 metric=ranking
[pipeline-trace] wall=20:43:55 elapsed=719.374s phase=eval event=interaction_progress trial=26 partition=1 processed=200 total=1999 metric=ranking
[pipeline-trace] wall=20:43:55 elapsed=719.526s phase=eval event=interaction_progress trial=26 partition=1 processed=300 total=1999 metric=ranking
[pipeline-trace] wall=20:43:55 elapsed=719.679s phase=eval event=interaction_progress trial=26 partition=1 processed=400 total=1999 metric=ranking
[pipeline-trace] wall=20:43:55 elapsed=719.831s phase=eval event=interaction_progress trial=26 partition=1 processed=500 total=1999 metric=ranking
[pipeline-trace] wall=20:43:56 elapsed=719.980s phase=eval event=interaction_progress trial=26 partition=1 processed=600 total=1999 metric=ranking
[pipeline-trace] wall=20:43:56 elapsed=720.132s phase=eval event=interaction_progress trial=26 partition=1 processed=700 total=1999 metric=ranking
[pipeline-trace] wall=20:43:56 elapsed=720.285s phase=eval event=interaction_progress trial=26 partition=1 processed=800 total=1999 metric=ranking
[pipeline-trace] wall=20:43:56 elapsed=720.438s phase=eval event=interaction_progress trial=26 partition=1 processed=900 total=1999 metric=ranking
[pipeline-trace] wall=20:43:56 elapsed=720.589s phase=eval event=interaction_progress trial=26 partition=1 processed=1000 total=1999 metric=ranking
[pipeline-trace] wall=20:43:56 elapsed=720.742s phase=eval event=interaction_progress trial=26 partition=1 processed=1100 total=1999 metric=ranking
[pipeline-trace] wall=20:43:56 elapsed=720.897s phase=eval event=interaction_progress trial=26 partition=1 processed=1200 total=1999 metric=ranking
[pipeline-trace] wall=20:43:57 elapsed=721.050s phase=eval event=interaction_progress trial=26 partition=1 processed=1300 total=1999 metric=ranking
[pipeline-trace] wall=20:43:57 elapsed=721.202s phase=eval event=interaction_progress trial=26 partition=1 processed=1400 total=1999 metric=ranking
[pipeline-trace] wall=20:43:57 elapsed=721.355s phase=eval event=interaction_progress trial=26 partition=1 processed=1500 total=1999 metric=ranking
[pipeline-trace] wall=20:43:57 elapsed=721.509s phase=eval event=interaction_progress trial=26 partition=1 processed=1600 total=1999 metric=ranking
[pipeline-trace] wall=20:43:57 elapsed=721.663s phase=eval event=interaction_progress trial=26 partition=1 processed=1700 total=1999 metric=ranking
[pipeline-trace] wall=20:43:57 elapsed=721.818s phase=eval event=interaction_progress trial=26 partition=1 processed=1800 total=1999 metric=ranking
[pipeline-trace] wall=20:43:58 elapsed=721.973s phase=eval event=interaction_progress trial=26 partition=1 processed=1900 total=1999 metric=ranking
[pipeline-trace] wall=20:43:58 elapsed=722.163s phase=eval event=interaction_progress trial=26 partition=1 processed=1999 total=1999 metric=ranking
[pipeline-trace] wall=20:43:58 elapsed=722.165s phase=eval event=partition_complete trial=26 partition=1 elapsed_sec=3.102 hits=1190 total=1999
[pipeline-trace] wall=20:44:46 elapsed=770.112s phase=eval event=batch_start trial=25 partitions=[1] synthetic=False
[pipeline-trace] wall=20:44:46 elapsed=770.112s phase=eval event=partition_start trial=25 partition=1 interactions=1999
[pipeline-trace] wall=20:44:46 elapsed=770.113s phase=eval event=interaction_progress trial=25 partition=1 processed=1 total=1999 metric=ranking
[pipeline-trace] wall=20:44:46 elapsed=770.281s phase=eval event=interaction_progress trial=25 partition=1 processed=100 total=1999 metric=ranking
[pipeline-trace] wall=20:44:46 elapsed=770.427s phase=eval event=interaction_progress trial=25 partition=1 processed=200 total=1999 metric=ranking
[pipeline-trace] wall=20:44:46 elapsed=770.572s phase=eval event=interaction_progress trial=25 partition=1 processed=300 total=1999 metric=ranking
[pipeline-trace] wall=20:44:46 elapsed=770.714s phase=eval event=interaction_progress trial=25 partition=1 processed=400 total=1999 metric=ranking
[pipeline-trace] wall=20:44:46 elapsed=770.858s phase=eval event=interaction_progress trial=25 partition=1 processed=500 total=1999 metric=ranking
[pipeline-trace] wall=20:44:47 elapsed=771.004s phase=eval event=interaction_progress trial=25 partition=1 processed=600 total=1999 metric=ranking
[pipeline-trace] wall=20:44:47 elapsed=771.152s phase=eval event=interaction_progress trial=25 partition=1 processed=700 total=1999 metric=ranking
[pipeline-trace] wall=20:44:47 elapsed=771.298s phase=eval event=interaction_progress trial=25 partition=1 processed=800 total=1999 metric=ranking
[pipeline-trace] wall=20:44:47 elapsed=771.446s phase=eval event=interaction_progress trial=25 partition=1 processed=900 total=1999 metric=ranking
[pipeline-trace] wall=20:44:47 elapsed=771.591s phase=eval event=interaction_progress trial=25 partition=1 processed=1000 total=1999 metric=ranking
[pipeline-trace] wall=20:44:47 elapsed=771.735s phase=eval event=interaction_progress trial=25 partition=1 processed=1100 total=1999 metric=ranking
[pipeline-trace] wall=20:44:47 elapsed=771.877s phase=eval event=interaction_progress trial=25 partition=1 processed=1200 total=1999 metric=ranking
[pipeline-trace] wall=20:44:48 elapsed=772.020s phase=eval event=interaction_progress trial=25 partition=1 processed=1300 total=1999 metric=ranking
[pipeline-trace] wall=20:44:48 elapsed=772.166s phase=eval event=interaction_progress trial=25 partition=1 processed=1400 total=1999 metric=ranking
[pipeline-trace] wall=20:44:48 elapsed=772.311s phase=eval event=interaction_progress trial=25 partition=1 processed=1500 total=1999 metric=ranking
[pipeline-trace] wall=20:44:48 elapsed=772.460s phase=eval event=interaction_progress trial=25 partition=1 processed=1600 total=1999 metric=ranking
[pipeline-trace] wall=20:44:48 elapsed=772.605s phase=eval event=interaction_progress trial=25 partition=1 processed=1700 total=1999 metric=ranking
[pipeline-trace] wall=20:44:48 elapsed=772.749s phase=eval event=interaction_progress trial=25 partition=1 processed=1800 total=1999 metric=ranking
[pipeline-trace] wall=20:44:48 elapsed=772.893s phase=eval event=interaction_progress trial=25 partition=1 processed=1900 total=1999 metric=ranking
[pipeline-trace] wall=20:44:49 elapsed=773.037s phase=eval event=interaction_progress trial=25 partition=1 processed=1999 total=1999 metric=ranking
[pipeline-trace] wall=20:44:49 elapsed=773.039s phase=eval event=partition_complete trial=25 partition=1 elapsed_sec=2.926 hits=1341 total=1999
[pipeline-trace] wall=20:44:54 elapsed=778.104s phase=eval event=batch_start trial=22 partitions=[1] synthetic=False
[pipeline-trace] wall=20:44:54 elapsed=778.104s phase=eval event=partition_start trial=22 partition=1 interactions=1999
[pipeline-trace] wall=20:44:54 elapsed=778.104s phase=eval event=interaction_progress trial=22 partition=1 processed=1 total=1999 metric=ranking
[pipeline-trace] wall=20:44:55 elapsed=778.265s phase=eval event=interaction_progress trial=22 partition=1 processed=100 total=1999 metric=ranking
[pipeline-trace] wall=20:44:55 elapsed=778.417s phase=eval event=interaction_progress trial=22 partition=1 processed=200 total=1999 metric=ranking
[pipeline-trace] wall=20:44:55 elapsed=778.565s phase=eval event=interaction_progress trial=22 partition=1 processed=300 total=1999 metric=ranking
[pipeline-trace] wall=20:44:55 elapsed=778.711s phase=eval event=interaction_progress trial=22 partition=1 processed=400 total=1999 metric=ranking
[pipeline-trace] wall=20:44:55 elapsed=778.856s phase=eval event=interaction_progress trial=22 partition=1 processed=500 total=1999 metric=ranking
[pipeline-trace] wall=20:44:55 elapsed=779.001s phase=eval event=interaction_progress trial=22 partition=1 processed=600 total=1999 metric=ranking
[pipeline-trace] wall=20:44:55 elapsed=779.147s phase=eval event=interaction_progress trial=22 partition=1 processed=700 total=1999 metric=ranking
[pipeline-trace] wall=20:44:56 elapsed=779.292s phase=eval event=interaction_progress trial=22 partition=1 processed=800 total=1999 metric=ranking
[pipeline-trace] wall=20:44:56 elapsed=779.437s phase=eval event=interaction_progress trial=22 partition=1 processed=900 total=1999 metric=ranking
[pipeline-trace] wall=20:44:56 elapsed=779.582s phase=eval event=interaction_progress trial=22 partition=1 processed=1000 total=1999 metric=ranking
[pipeline-trace] wall=20:44:56 elapsed=779.727s phase=eval event=interaction_progress trial=22 partition=1 processed=1100 total=1999 metric=ranking
[pipeline-trace] wall=20:44:56 elapsed=779.873s phase=eval event=interaction_progress trial=22 partition=1 processed=1200 total=1999 metric=ranking
[pipeline-trace] wall=20:44:56 elapsed=780.018s phase=eval event=interaction_progress trial=22 partition=1 processed=1300 total=1999 metric=ranking
[pipeline-trace] wall=20:44:56 elapsed=780.163s phase=eval event=interaction_progress trial=22 partition=1 processed=1400 total=1999 metric=ranking
[pipeline-trace] wall=20:44:57 elapsed=780.307s phase=eval event=interaction_progress trial=22 partition=1 processed=1500 total=1999 metric=ranking
[pipeline-trace] wall=20:44:57 elapsed=780.454s phase=eval event=interaction_progress trial=22 partition=1 processed=1600 total=1999 metric=ranking
[pipeline-trace] wall=20:44:57 elapsed=780.602s phase=eval event=interaction_progress trial=22 partition=1 processed=1700 total=1999 metric=ranking
[pipeline-trace] wall=20:44:57 elapsed=780.750s phase=eval event=interaction_progress trial=22 partition=1 processed=1800 total=1999 metric=ranking
[pipeline-trace] wall=20:44:57 elapsed=780.895s phase=eval event=interaction_progress trial=22 partition=1 processed=1900 total=1999 metric=ranking
[pipeline-trace] wall=20:44:57 elapsed=781.041s phase=eval event=interaction_progress trial=22 partition=1 processed=1999 total=1999 metric=ranking
[pipeline-trace] wall=20:44:57 elapsed=781.043s phase=eval event=partition_complete trial=22 partition=1 elapsed_sec=2.939 hits=1233 total=1999
[pipeline-trace] wall=20:45:02 elapsed=797.885s phase=train event=dispatch trial=0 stage=1/1
[pipeline-trace] wall=20:45:49 elapsed=844.755s phase=train event=complete trial=0 stage=1/1 stage_duration_sec=46.870
[pipeline-trace] wall=20:45:49 elapsed=844.755s phase=train event=dispatch trial=0 stage=1/1
[pipeline-trace] wall=20:46:28 elapsed=883.740s phase=train event=complete trial=0 stage=1/1 stage_duration_sec=38.985
[pipeline-trace] wall=20:46:28 elapsed=883.740s phase=train event=dispatch trial=0 stage=1/2
[pipeline-trace] wall=20:47:07 elapsed=923.651s phase=train event=complete trial=0 stage=1/2 stage_duration_sec=39.910
[pipeline-trace] wall=20:47:07 elapsed=923.651s phase=eval event=dispatch trial=0 stage=1/2
[pipeline-trace] wall=20:47:08 elapsed=118.495s phase=eval event=batch_start trial=0 partitions=[2] synthetic=False
[pipeline-trace] wall=20:47:08 elapsed=118.495s phase=eval event=partition_start trial=0 partition=2 interactions=4001
[pipeline-trace] wall=20:47:08 elapsed=118.495s phase=eval event=interaction_progress trial=0 partition=2 processed=1 total=4001 metric=ranking
[pipeline-trace] wall=20:47:08 elapsed=118.949s phase=eval event=interaction_progress trial=0 partition=2 processed=100 total=4001 metric=ranking
[pipeline-trace] wall=20:47:08 elapsed=119.118s phase=eval event=interaction_progress trial=0 partition=2 processed=200 total=4001 metric=ranking
[pipeline-trace] wall=20:47:09 elapsed=119.288s phase=eval event=interaction_progress trial=0 partition=2 processed=300 total=4001 metric=ranking
[pipeline-trace] wall=20:47:09 elapsed=119.457s phase=eval event=interaction_progress trial=0 partition=2 processed=400 total=4001 metric=ranking
[pipeline-trace] wall=20:47:09 elapsed=119.632s phase=eval event=interaction_progress trial=0 partition=2 processed=500 total=4001 metric=ranking
[pipeline-trace] wall=20:47:09 elapsed=119.830s phase=eval event=interaction_progress trial=0 partition=2 processed=600 total=4001 metric=ranking
[pipeline-trace] wall=20:47:09 elapsed=120.073s phase=eval event=interaction_progress trial=0 partition=2 processed=700 total=4001 metric=ranking
[pipeline-trace] wall=20:47:10 elapsed=120.300s phase=eval event=interaction_progress trial=0 partition=2 processed=800 total=4001 metric=ranking
[pipeline-trace] wall=20:47:10 elapsed=120.503s phase=eval event=interaction_progress trial=0 partition=2 processed=900 total=4001 metric=ranking
[pipeline-trace] wall=20:47:10 elapsed=120.734s phase=eval event=interaction_progress trial=0 partition=2 processed=1000 total=4001 metric=ranking
[pipeline-trace] wall=20:47:10 elapsed=120.925s phase=eval event=interaction_progress trial=0 partition=2 processed=1100 total=4001 metric=ranking
[pipeline-trace] wall=20:47:10 elapsed=121.105s phase=eval event=interaction_progress trial=0 partition=2 processed=1200 total=4001 metric=ranking
[pipeline-trace] wall=20:47:11 elapsed=121.274s phase=eval event=interaction_progress trial=0 partition=2 processed=1300 total=4001 metric=ranking
[pipeline-trace] wall=20:47:11 elapsed=121.444s phase=eval event=interaction_progress trial=0 partition=2 processed=1400 total=4001 metric=ranking
[pipeline-trace] wall=20:47:11 elapsed=121.615s phase=eval event=interaction_progress trial=0 partition=2 processed=1500 total=4001 metric=ranking
[pipeline-trace] wall=20:47:11 elapsed=121.790s phase=eval event=interaction_progress trial=0 partition=2 processed=1600 total=4001 metric=ranking
[pipeline-trace] wall=20:47:11 elapsed=121.959s phase=eval event=interaction_progress trial=0 partition=2 processed=1700 total=4001 metric=ranking
[pipeline-trace] wall=20:47:12 elapsed=122.130s phase=eval event=interaction_progress trial=0 partition=2 processed=1800 total=4001 metric=ranking
[pipeline-trace] wall=20:47:12 elapsed=122.305s phase=eval event=interaction_progress trial=0 partition=2 processed=1900 total=4001 metric=ranking
[pipeline-trace] wall=20:47:12 elapsed=122.477s phase=eval event=interaction_progress trial=0 partition=2 processed=2000 total=4001 metric=ranking
[pipeline-trace] wall=20:47:12 elapsed=122.648s phase=eval event=interaction_progress trial=0 partition=2 processed=2100 total=4001 metric=ranking
[pipeline-trace] wall=20:47:12 elapsed=122.820s phase=eval event=interaction_progress trial=0 partition=2 processed=2200 total=4001 metric=ranking
[pipeline-trace] wall=20:47:12 elapsed=122.991s phase=eval event=interaction_progress trial=0 partition=2 processed=2300 total=4001 metric=ranking
[pipeline-trace] wall=20:47:13 elapsed=123.163s phase=eval event=interaction_progress trial=0 partition=2 processed=2400 total=4001 metric=ranking
[pipeline-trace] wall=20:47:13 elapsed=123.351s phase=eval event=interaction_progress trial=0 partition=2 processed=2500 total=4001 metric=ranking
[pipeline-trace] wall=20:47:13 elapsed=123.526s phase=eval event=interaction_progress trial=0 partition=2 processed=2600 total=4001 metric=ranking
[pipeline-trace] wall=20:47:13 elapsed=123.699s phase=eval event=interaction_progress trial=0 partition=2 processed=2700 total=4001 metric=ranking
[pipeline-trace] wall=20:47:13 elapsed=123.871s phase=eval event=interaction_progress trial=0 partition=2 processed=2800 total=4001 metric=ranking
[pipeline-trace] wall=20:47:13 elapsed=124.056s phase=eval event=interaction_progress trial=0 partition=2 processed=2900 total=4001 metric=ranking
[pipeline-trace] wall=20:47:14 elapsed=124.232s phase=eval event=interaction_progress trial=0 partition=2 processed=3000 total=4001 metric=ranking
[pipeline-trace] wall=20:47:14 elapsed=124.403s phase=eval event=interaction_progress trial=0 partition=2 processed=3100 total=4001 metric=ranking
[pipeline-trace] wall=20:47:14 elapsed=124.575s phase=eval event=interaction_progress trial=0 partition=2 processed=3200 total=4001 metric=ranking
[pipeline-trace] wall=20:47:14 elapsed=124.747s phase=eval event=interaction_progress trial=0 partition=2 processed=3300 total=4001 metric=ranking
[pipeline-trace] wall=20:47:14 elapsed=124.921s phase=eval event=interaction_progress trial=0 partition=2 processed=3400 total=4001 metric=ranking
[pipeline-trace] wall=20:47:14 elapsed=125.097s phase=eval event=interaction_progress trial=0 partition=2 processed=3500 total=4001 metric=ranking
[pipeline-trace] wall=20:47:15 elapsed=125.274s phase=eval event=interaction_progress trial=0 partition=2 processed=3600 total=4001 metric=ranking
[pipeline-trace] wall=20:47:15 elapsed=125.446s phase=eval event=interaction_progress trial=0 partition=2 processed=3700 total=4001 metric=ranking
[pipeline-trace] wall=20:47:15 elapsed=125.619s phase=eval event=interaction_progress trial=0 partition=2 processed=3800 total=4001 metric=ranking
[pipeline-trace] wall=20:47:15 elapsed=125.794s phase=eval event=interaction_progress trial=0 partition=2 processed=3900 total=4001 metric=ranking
[pipeline-trace] wall=20:47:15 elapsed=125.975s phase=eval event=interaction_progress trial=0 partition=2 processed=4000 total=4001 metric=ranking
[pipeline-trace] wall=20:47:15 elapsed=125.977s phase=eval event=interaction_progress trial=0 partition=2 processed=4001 total=4001 metric=ranking
[pipeline-trace] wall=20:47:15 elapsed=125.979s phase=eval event=partition_complete trial=0 partition=2 elapsed_sec=7.484 hits=2801 total=4001
[pipeline-trace] wall=20:47:15 elapsed=931.636s phase=eval event=complete trial=0 stage=1/2 stage_duration_sec=7.985
