# pipeline trace log
# created_at=2026-05-12 23:23:30
[pipeline-trace] wall=23:23:43 elapsed=1.083s phase=train event=interaction_progress trial=0 partition=0 processed=1 total=14000 metric=ce epoch=1/1
[pipeline-trace] wall=23:23:44 elapsed=1.614s phase=train event=interaction_progress trial=0 partition=0 processed=100 total=14000 metric=ce epoch=1/1
[pipeline-trace] wall=23:23:44 elapsed=1.911s phase=train event=interaction_progress trial=0 partition=0 processed=200 total=14000 metric=ce epoch=1/1
[pipeline-trace] wall=23:23:44 elapsed=2.291s phase=train event=interaction_progress trial=0 partition=0 processed=300 total=14000 metric=ce epoch=1/1
[pipeline-trace] wall=23:23:45 elapsed=2.613s phase=train event=interaction_progress trial=0 partition=0 processed=400 total=14000 metric=ce epoch=1/1
[pipeline-trace] wall=23:23:45 elapsed=1.329s phase=train event=interaction_progress trial=1 partition=0 processed=1 total=14000 metric=ce epoch=1/1
[pipeline-trace] wall=23:23:45 elapsed=2.943s phase=train event=interaction_progress trial=0 partition=0 processed=500 total=14000 metric=ce epoch=1/1
[pipeline-trace] wall=23:23:45 elapsed=1.787s phase=train event=interaction_progress trial=1 partition=0 processed=100 total=14000 metric=ce epoch=1/1
[pipeline-trace] wall=23:23:45 elapsed=3.254s phase=train event=interaction_progress trial=0 partition=0 processed=600 total=14000 metric=ce epoch=1/1
[pipeline-trace] wall=23:23:46 elapsed=2.037s phase=train event=interaction_progress trial=1 partition=0 processed=200 total=14000 metric=ce epoch=1/1
[pipeline-trace] wall=23:23:46 elapsed=3.571s phase=train event=interaction_progress trial=0 partition=0 processed=700 total=14000 metric=ce epoch=1/1
[pipeline-trace] wall=23:23:46 elapsed=2.304s phase=train event=interaction_progress trial=1 partition=0 processed=300 total=14000 metric=ce epoch=1/1
[pipeline-trace] wall=23:23:46 elapsed=3.882s phase=train event=interaction_progress trial=0 partition=0 processed=800 total=14000 metric=ce epoch=1/1
[pipeline-trace] wall=23:23:46 elapsed=2.553s phase=train event=interaction_progress trial=1 partition=0 processed=400 total=14000 metric=ce epoch=1/1
[pipeline-trace] wall=23:23:46 elapsed=4.222s phase=train event=interaction_progress trial=0 partition=0 processed=900 total=14000 metric=ce epoch=1/1
[pipeline-trace] wall=23:23:46 elapsed=2.807s phase=train event=interaction_progress trial=1 partition=0 processed=500 total=14000 metric=ce epoch=1/1
[pipeline-trace] wall=23:23:47 elapsed=3.064s phase=train event=interaction_progress trial=1 partition=0 processed=600 total=14000 metric=ce epoch=1/1
[pipeline-trace] wall=23:23:47 elapsed=4.560s phase=train event=interaction_progress trial=0 partition=0 processed=1000 total=14000 metric=ce epoch=1/1
[pipeline-trace] wall=23:23:47 elapsed=3.312s phase=train event=interaction_progress trial=1 partition=0 processed=700 total=14000 metric=ce epoch=1/1
[pipeline-trace] wall=23:23:47 elapsed=4.883s phase=train event=interaction_progress trial=0 partition=0 processed=1100 total=14000 metric=ce epoch=1/1
[pipeline-trace] wall=23:23:47 elapsed=3.561s phase=train event=interaction_progress trial=1 partition=0 processed=800 total=14000 metric=ce epoch=1/1
[pipeline-trace] wall=23:23:47 elapsed=5.200s phase=train event=interaction_progress trial=0 partition=0 processed=1200 total=14000 metric=ce epoch=1/1
[pipeline-trace] wall=23:23:47 elapsed=3.817s phase=train event=interaction_progress trial=1 partition=0 processed=900 total=14000 metric=ce epoch=1/1
[pipeline-trace] wall=23:23:48 elapsed=4.061s phase=train event=interaction_progress trial=1 partition=0 processed=1000 total=14000 metric=ce epoch=1/1
[pipeline-trace] wall=23:23:48 elapsed=5.525s phase=train event=interaction_progress trial=0 partition=0 processed=1300 total=14000 metric=ce epoch=1/1
[pipeline-trace] wall=23:23:48 elapsed=4.406s phase=train event=interaction_progress trial=1 partition=0 processed=1100 total=14000 metric=ce epoch=1/1
[pipeline-trace] wall=23:23:48 elapsed=4.743s phase=train event=interaction_progress trial=1 partition=0 processed=1200 total=14000 metric=ce epoch=1/1
[pipeline-trace] wall=23:23:49 elapsed=5.164s phase=train event=interaction_progress trial=1 partition=0 processed=1300 total=14000 metric=ce epoch=1/1
[pipeline-trace] wall=23:23:49 elapsed=6.611s phase=train event=interaction_progress trial=0 partition=0 processed=1400 total=14000 metric=ce epoch=1/1
[pipeline-trace] wall=23:23:49 elapsed=5.714s phase=train event=interaction_progress trial=1 partition=0 processed=1400 total=14000 metric=ce epoch=1/1
[pipeline-trace] wall=23:23:50 elapsed=6.201s phase=train event=interaction_progress trial=1 partition=0 processed=1500 total=14000 metric=ce epoch=1/1
[pipeline-trace] wall=23:23:50 elapsed=8.106s phase=train event=interaction_progress trial=0 partition=0 processed=1500 total=14000 metric=ce epoch=1/1
[pipeline-trace] wall=23:23:51 elapsed=8.506s phase=train event=interaction_progress trial=0 partition=0 processed=1600 total=14000 metric=ce epoch=1/1
[pipeline-trace] wall=23:23:51 elapsed=8.935s phase=train event=interaction_progress trial=0 partition=0 processed=1700 total=14000 metric=ce epoch=1/1
[pipeline-trace] wall=23:23:52 elapsed=9.435s phase=train event=interaction_progress trial=0 partition=0 processed=1800 total=14000 metric=ce epoch=1/1
[pipeline-trace] wall=23:23:52 elapsed=9.893s phase=train event=interaction_progress trial=0 partition=0 processed=1900 total=14000 metric=ce epoch=1/1
[pipeline-trace] wall=23:23:53 elapsed=10.423s phase=train event=interaction_progress trial=0 partition=0 processed=2000 total=14000 metric=ce epoch=1/1
[pipeline-trace] wall=23:23:53 elapsed=11.012s phase=train event=interaction_progress trial=0 partition=0 processed=2100 total=14000 metric=ce epoch=1/1
[pipeline-trace] wall=23:23:54 elapsed=11.490s phase=train event=interaction_progress trial=0 partition=0 processed=2200 total=14000 metric=ce epoch=1/1
[pipeline-trace] wall=23:23:54 elapsed=11.947s phase=train event=interaction_progress trial=0 partition=0 processed=2300 total=14000 metric=ce epoch=1/1
[pipeline-trace] wall=23:23:54 elapsed=10.854s phase=train event=interaction_progress trial=1 partition=0 processed=1600 total=14000 metric=ce epoch=1/1
[pipeline-trace] wall=23:23:55 elapsed=12.429s phase=train event=interaction_progress trial=0 partition=0 processed=2400 total=14000 metric=ce epoch=1/1
[pipeline-trace] wall=23:23:55 elapsed=11.238s phase=train event=interaction_progress trial=1 partition=0 processed=1700 total=14000 metric=ce epoch=1/1
[pipeline-trace] wall=23:23:55 elapsed=12.938s phase=train event=interaction_progress trial=0 partition=0 processed=2500 total=14000 metric=ce epoch=1/1
[pipeline-trace] wall=23:23:55 elapsed=11.584s phase=train event=interaction_progress trial=1 partition=0 processed=1800 total=14000 metric=ce epoch=1/1
[pipeline-trace] wall=23:23:55 elapsed=11.857s phase=train event=interaction_progress trial=1 partition=0 processed=1900 total=14000 metric=ce epoch=1/1
[pipeline-trace] wall=23:23:55 elapsed=13.303s phase=train event=interaction_progress trial=0 partition=0 processed=2600 total=14000 metric=ce epoch=1/1
[pipeline-trace] wall=23:23:56 elapsed=12.127s phase=train event=interaction_progress trial=1 partition=0 processed=2000 total=14000 metric=ce epoch=1/1
[pipeline-trace] wall=23:23:56 elapsed=13.696s phase=train event=interaction_progress trial=0 partition=0 processed=2700 total=14000 metric=ce epoch=1/1
[pipeline-trace] wall=23:23:56 elapsed=12.349s phase=train event=interaction_progress trial=1 partition=0 processed=2100 total=14000 metric=ce epoch=1/1
[pipeline-trace] wall=23:23:56 elapsed=12.593s phase=train event=interaction_progress trial=1 partition=0 processed=2200 total=14000 metric=ce epoch=1/1
[pipeline-trace] wall=23:23:56 elapsed=14.075s phase=train event=interaction_progress trial=0 partition=0 processed=2800 total=14000 metric=ce epoch=1/1
[pipeline-trace] wall=23:23:56 elapsed=12.816s phase=train event=interaction_progress trial=1 partition=0 processed=2300 total=14000 metric=ce epoch=1/1
[pipeline-trace] wall=23:23:57 elapsed=14.391s phase=train event=interaction_progress trial=0 partition=0 processed=2900 total=14000 metric=ce epoch=1/1
[pipeline-trace] wall=23:23:57 elapsed=13.052s phase=train event=interaction_progress trial=1 partition=0 processed=2400 total=14000 metric=ce epoch=1/1
[pipeline-trace] wall=23:23:57 elapsed=14.696s phase=train event=interaction_progress trial=0 partition=0 processed=3000 total=14000 metric=ce epoch=1/1
[pipeline-trace] wall=23:23:57 elapsed=13.277s phase=train event=interaction_progress trial=1 partition=0 processed=2500 total=14000 metric=ce epoch=1/1
[pipeline-trace] wall=23:23:57 elapsed=13.507s phase=train event=interaction_progress trial=1 partition=0 processed=2600 total=14000 metric=ce epoch=1/1
[pipeline-trace] wall=23:23:57 elapsed=15.049s phase=train event=interaction_progress trial=0 partition=0 processed=3100 total=14000 metric=ce epoch=1/1
[pipeline-trace] wall=23:23:57 elapsed=13.738s phase=train event=interaction_progress trial=1 partition=0 processed=2700 total=14000 metric=ce epoch=1/1
[pipeline-trace] wall=23:23:58 elapsed=13.994s phase=train event=interaction_progress trial=1 partition=0 processed=2800 total=14000 metric=ce epoch=1/1
[pipeline-trace] wall=23:23:58 elapsed=15.428s phase=train event=interaction_progress trial=0 partition=0 processed=3200 total=14000 metric=ce epoch=1/1
[pipeline-trace] wall=23:23:58 elapsed=14.197s phase=train event=interaction_progress trial=1 partition=0 processed=2900 total=14000 metric=ce epoch=1/1
[pipeline-trace] wall=23:23:58 elapsed=15.804s phase=train event=interaction_progress trial=0 partition=0 processed=3300 total=14000 metric=ce epoch=1/1
[pipeline-trace] wall=23:23:58 elapsed=14.448s phase=train event=interaction_progress trial=1 partition=0 processed=3000 total=14000 metric=ce epoch=1/1
[pipeline-trace] wall=23:23:58 elapsed=14.658s phase=train event=interaction_progress trial=1 partition=0 processed=3100 total=14000 metric=ce epoch=1/1
[pipeline-trace] wall=23:23:58 elapsed=16.183s phase=train event=interaction_progress trial=0 partition=0 processed=3400 total=14000 metric=ce epoch=1/1
[pipeline-trace] wall=23:23:58 elapsed=14.885s phase=train event=interaction_progress trial=1 partition=0 processed=3200 total=14000 metric=ce epoch=1/1
[pipeline-trace] wall=23:23:59 elapsed=16.551s phase=train event=interaction_progress trial=0 partition=0 processed=3500 total=14000 metric=ce epoch=1/1
[pipeline-trace] wall=23:23:59 elapsed=15.176s phase=train event=interaction_progress trial=1 partition=0 processed=3300 total=14000 metric=ce epoch=1/1
[pipeline-trace] wall=23:23:59 elapsed=15.432s phase=train event=interaction_progress trial=1 partition=0 processed=3400 total=14000 metric=ce epoch=1/1
[pipeline-trace] wall=23:23:59 elapsed=16.919s phase=train event=interaction_progress trial=0 partition=0 processed=3600 total=14000 metric=ce epoch=1/1
[pipeline-trace] wall=23:23:59 elapsed=15.636s phase=train event=interaction_progress trial=1 partition=0 processed=3500 total=14000 metric=ce epoch=1/1
[pipeline-trace] wall=23:23:59 elapsed=17.201s phase=train event=interaction_progress trial=0 partition=0 processed=3700 total=14000 metric=ce epoch=1/1
[pipeline-trace] wall=23:23:59 elapsed=15.852s phase=train event=interaction_progress trial=1 partition=0 processed=3600 total=14000 metric=ce epoch=1/1
[pipeline-trace] wall=23:24:00 elapsed=17.507s phase=train event=interaction_progress trial=0 partition=0 processed=3800 total=14000 metric=ce epoch=1/1
[pipeline-trace] wall=23:24:00 elapsed=16.087s phase=train event=interaction_progress trial=1 partition=0 processed=3700 total=14000 metric=ce epoch=1/1
[pipeline-trace] wall=23:24:00 elapsed=16.276s phase=train event=interaction_progress trial=1 partition=0 processed=3800 total=14000 metric=ce epoch=1/1
[pipeline-trace] wall=23:24:00 elapsed=17.840s phase=train event=interaction_progress trial=0 partition=0 processed=3900 total=14000 metric=ce epoch=1/1
[pipeline-trace] wall=23:24:00 elapsed=16.462s phase=train event=interaction_progress trial=1 partition=0 processed=3900 total=14000 metric=ce epoch=1/1
[pipeline-trace] wall=23:24:00 elapsed=16.658s phase=train event=interaction_progress trial=1 partition=0 processed=4000 total=14000 metric=ce epoch=1/1
[pipeline-trace] wall=23:24:00 elapsed=18.141s phase=train event=interaction_progress trial=0 partition=0 processed=4000 total=14000 metric=ce epoch=1/1
[pipeline-trace] wall=23:24:00 elapsed=16.879s phase=train event=interaction_progress trial=1 partition=0 processed=4100 total=14000 metric=ce epoch=1/1
[pipeline-trace] wall=23:24:01 elapsed=18.464s phase=train event=interaction_progress trial=0 partition=0 processed=4100 total=14000 metric=ce epoch=1/1
[pipeline-trace] wall=23:24:01 elapsed=17.100s phase=train event=interaction_progress trial=1 partition=0 processed=4200 total=14000 metric=ce epoch=1/1
[pipeline-trace] wall=23:24:01 elapsed=17.334s phase=train event=interaction_progress trial=1 partition=0 processed=4300 total=14000 metric=ce epoch=1/1
[pipeline-trace] wall=23:24:01 elapsed=18.795s phase=train event=interaction_progress trial=0 partition=0 processed=4200 total=14000 metric=ce epoch=1/1
[pipeline-trace] wall=23:24:01 elapsed=17.551s phase=train event=interaction_progress trial=1 partition=0 processed=4400 total=14000 metric=ce epoch=1/1
[pipeline-trace] wall=23:24:01 elapsed=19.080s phase=train event=interaction_progress trial=0 partition=0 processed=4300 total=14000 metric=ce epoch=1/1
[pipeline-trace] wall=23:24:01 elapsed=17.773s phase=train event=interaction_progress trial=1 partition=0 processed=4500 total=14000 metric=ce epoch=1/1
[pipeline-trace] wall=23:24:02 elapsed=19.382s phase=train event=interaction_progress trial=0 partition=0 processed=4400 total=14000 metric=ce epoch=1/1
[pipeline-trace] wall=23:24:02 elapsed=17.973s phase=train event=interaction_progress trial=1 partition=0 processed=4600 total=14000 metric=ce epoch=1/1
[pipeline-trace] wall=23:24:02 elapsed=18.189s phase=train event=interaction_progress trial=1 partition=0 processed=4700 total=14000 metric=ce epoch=1/1
[pipeline-trace] wall=23:24:02 elapsed=19.666s phase=train event=interaction_progress trial=0 partition=0 processed=4500 total=14000 metric=ce epoch=1/1
[pipeline-trace] wall=23:24:02 elapsed=18.406s phase=train event=interaction_progress trial=1 partition=0 processed=4800 total=14000 metric=ce epoch=1/1
[pipeline-trace] wall=23:24:02 elapsed=19.972s phase=train event=interaction_progress trial=0 partition=0 processed=4600 total=14000 metric=ce epoch=1/1
[pipeline-trace] wall=23:24:02 elapsed=18.620s phase=train event=interaction_progress trial=1 partition=0 processed=4900 total=14000 metric=ce epoch=1/1
[pipeline-trace] wall=23:24:02 elapsed=20.286s phase=train event=interaction_progress trial=0 partition=0 processed=4700 total=14000 metric=ce epoch=1/1
[pipeline-trace] wall=23:24:02 elapsed=18.861s phase=train event=interaction_progress trial=1 partition=0 processed=5000 total=14000 metric=ce epoch=1/1
[pipeline-trace] wall=23:24:03 elapsed=19.087s phase=train event=interaction_progress trial=1 partition=0 processed=5100 total=14000 metric=ce epoch=1/1
[pipeline-trace] wall=23:24:03 elapsed=20.608s phase=train event=interaction_progress trial=0 partition=0 processed=4800 total=14000 metric=ce epoch=1/1
[pipeline-trace] wall=23:24:03 elapsed=19.310s phase=train event=interaction_progress trial=1 partition=0 processed=5200 total=14000 metric=ce epoch=1/1
[pipeline-trace] wall=23:24:03 elapsed=20.911s phase=train event=interaction_progress trial=0 partition=0 processed=4900 total=14000 metric=ce epoch=1/1
[pipeline-trace] wall=23:24:03 elapsed=19.557s phase=train event=interaction_progress trial=1 partition=0 processed=5300 total=14000 metric=ce epoch=1/1
[pipeline-trace] wall=23:24:03 elapsed=19.764s phase=train event=interaction_progress trial=1 partition=0 processed=5400 total=14000 metric=ce epoch=1/1
[pipeline-trace] wall=23:24:03 elapsed=21.231s phase=train event=interaction_progress trial=0 partition=0 processed=5000 total=14000 metric=ce epoch=1/1
[pipeline-trace] wall=23:24:04 elapsed=19.964s phase=train event=interaction_progress trial=1 partition=0 processed=5500 total=14000 metric=ce epoch=1/1
[pipeline-trace] wall=23:24:04 elapsed=21.563s phase=train event=interaction_progress trial=0 partition=0 processed=5100 total=14000 metric=ce epoch=1/1
[pipeline-trace] wall=23:24:04 elapsed=20.151s phase=train event=interaction_progress trial=1 partition=0 processed=5600 total=14000 metric=ce epoch=1/1
[pipeline-trace] wall=23:24:04 elapsed=20.378s phase=train event=interaction_progress trial=1 partition=0 processed=5700 total=14000 metric=ce epoch=1/1
[pipeline-trace] wall=23:24:04 elapsed=21.878s phase=train event=interaction_progress trial=0 partition=0 processed=5200 total=14000 metric=ce epoch=1/1
[pipeline-trace] wall=23:24:04 elapsed=20.596s phase=train event=interaction_progress trial=1 partition=0 processed=5800 total=14000 metric=ce epoch=1/1
[pipeline-trace] wall=23:24:04 elapsed=22.193s phase=train event=interaction_progress trial=0 partition=0 processed=5300 total=14000 metric=ce epoch=1/1
[pipeline-trace] wall=23:24:04 elapsed=20.805s phase=train event=interaction_progress trial=1 partition=0 processed=5900 total=14000 metric=ce epoch=1/1
[pipeline-trace] wall=23:24:05 elapsed=21.062s phase=train event=interaction_progress trial=1 partition=0 processed=6000 total=14000 metric=ce epoch=1/1
[pipeline-trace] wall=23:24:05 elapsed=22.517s phase=train event=interaction_progress trial=0 partition=0 processed=5400 total=14000 metric=ce epoch=1/1
[pipeline-trace] wall=23:24:05 elapsed=21.314s phase=train event=interaction_progress trial=1 partition=0 processed=6100 total=14000 metric=ce epoch=1/1
[pipeline-trace] wall=23:24:05 elapsed=22.854s phase=train event=interaction_progress trial=0 partition=0 processed=5500 total=14000 metric=ce epoch=1/1
[pipeline-trace] wall=23:24:05 elapsed=21.567s phase=train event=interaction_progress trial=1 partition=0 processed=6200 total=14000 metric=ce epoch=1/1
[pipeline-trace] wall=23:24:05 elapsed=23.184s phase=train event=interaction_progress trial=0 partition=0 processed=5600 total=14000 metric=ce epoch=1/1
[pipeline-trace] wall=23:24:05 elapsed=21.821s phase=train event=interaction_progress trial=1 partition=0 processed=6300 total=14000 metric=ce epoch=1/1
[pipeline-trace] wall=23:24:06 elapsed=22.073s phase=train event=interaction_progress trial=1 partition=0 processed=6400 total=14000 metric=ce epoch=1/1
[pipeline-trace] wall=23:24:06 elapsed=23.519s phase=train event=interaction_progress trial=0 partition=0 processed=5700 total=14000 metric=ce epoch=1/1
[pipeline-trace] wall=23:24:06 elapsed=22.326s phase=train event=interaction_progress trial=1 partition=0 processed=6500 total=14000 metric=ce epoch=1/1
[pipeline-trace] wall=23:24:06 elapsed=23.849s phase=train event=interaction_progress trial=0 partition=0 processed=5800 total=14000 metric=ce epoch=1/1
[pipeline-trace] wall=23:24:06 elapsed=22.573s phase=train event=interaction_progress trial=1 partition=0 processed=6600 total=14000 metric=ce epoch=1/1
[pipeline-trace] wall=23:24:06 elapsed=24.155s phase=train event=interaction_progress trial=0 partition=0 processed=5900 total=14000 metric=ce epoch=1/1
[pipeline-trace] wall=23:24:06 elapsed=22.831s phase=train event=interaction_progress trial=1 partition=0 processed=6700 total=14000 metric=ce epoch=1/1
[pipeline-trace] wall=23:24:07 elapsed=24.485s phase=train event=interaction_progress trial=0 partition=0 processed=6000 total=14000 metric=ce epoch=1/1
[pipeline-trace] wall=23:24:07 elapsed=23.058s phase=train event=interaction_progress trial=1 partition=0 processed=6800 total=14000 metric=ce epoch=1/1
[pipeline-trace] wall=23:24:07 elapsed=23.270s phase=train event=interaction_progress trial=1 partition=0 processed=6900 total=14000 metric=ce epoch=1/1
[pipeline-trace] wall=23:24:07 elapsed=24.821s phase=train event=interaction_progress trial=0 partition=0 processed=6100 total=14000 metric=ce epoch=1/1
[pipeline-trace] wall=23:24:07 elapsed=23.487s phase=train event=interaction_progress trial=1 partition=0 processed=7000 total=14000 metric=ce epoch=1/1
[pipeline-trace] wall=23:24:07 elapsed=25.136s phase=train event=interaction_progress trial=0 partition=0 processed=6200 total=14000 metric=ce epoch=1/1
[pipeline-trace] wall=23:24:07 elapsed=23.716s phase=train event=interaction_progress trial=1 partition=0 processed=7100 total=14000 metric=ce epoch=1/1
[pipeline-trace] wall=23:24:08 elapsed=23.967s phase=train event=interaction_progress trial=1 partition=0 processed=7200 total=14000 metric=ce epoch=1/1
[pipeline-trace] wall=23:24:08 elapsed=25.471s phase=train event=interaction_progress trial=0 partition=0 processed=6300 total=14000 metric=ce epoch=1/1
[pipeline-trace] wall=23:24:08 elapsed=24.196s phase=train event=interaction_progress trial=1 partition=0 processed=7300 total=14000 metric=ce epoch=1/1
[pipeline-trace] wall=23:24:08 elapsed=25.796s phase=train event=interaction_progress trial=0 partition=0 processed=6400 total=14000 metric=ce epoch=1/1
[pipeline-trace] wall=23:24:08 elapsed=24.410s phase=train event=interaction_progress trial=1 partition=0 processed=7400 total=14000 metric=ce epoch=1/1
[pipeline-trace] wall=23:24:08 elapsed=24.624s phase=train event=interaction_progress trial=1 partition=0 processed=7500 total=14000 metric=ce epoch=1/1
[pipeline-trace] wall=23:24:08 elapsed=26.123s phase=train event=interaction_progress trial=0 partition=0 processed=6500 total=14000 metric=ce epoch=1/1
[pipeline-trace] wall=23:24:08 elapsed=24.840s phase=train event=interaction_progress trial=1 partition=0 processed=7600 total=14000 metric=ce epoch=1/1
[pipeline-trace] wall=23:24:09 elapsed=25.058s phase=train event=interaction_progress trial=1 partition=0 processed=7700 total=14000 metric=ce epoch=1/1
[pipeline-trace] wall=23:24:09 elapsed=26.490s phase=train event=interaction_progress trial=0 partition=0 processed=6600 total=14000 metric=ce epoch=1/1
[pipeline-trace] wall=23:24:09 elapsed=25.286s phase=train event=interaction_progress trial=1 partition=0 processed=7800 total=14000 metric=ce epoch=1/1
[pipeline-trace] wall=23:24:09 elapsed=26.815s phase=train event=interaction_progress trial=0 partition=0 processed=6700 total=14000 metric=ce epoch=1/1
[pipeline-trace] wall=23:24:09 elapsed=25.544s phase=train event=interaction_progress trial=1 partition=0 processed=7900 total=14000 metric=ce epoch=1/1
[pipeline-trace] wall=23:24:09 elapsed=27.129s phase=train event=interaction_progress trial=0 partition=0 processed=6800 total=14000 metric=ce epoch=1/1
[pipeline-trace] wall=23:24:09 elapsed=25.805s phase=train event=interaction_progress trial=1 partition=0 processed=8000 total=14000 metric=ce epoch=1/1
[pipeline-trace] wall=23:24:10 elapsed=27.454s phase=train event=interaction_progress trial=0 partition=0 processed=6900 total=14000 metric=ce epoch=1/1
[pipeline-trace] wall=23:24:10 elapsed=26.052s phase=train event=interaction_progress trial=1 partition=0 processed=8100 total=14000 metric=ce epoch=1/1
[pipeline-trace] wall=23:24:10 elapsed=26.288s phase=train event=interaction_progress trial=1 partition=0 processed=8200 total=14000 metric=ce epoch=1/1
[pipeline-trace] wall=23:24:10 elapsed=27.805s phase=train event=interaction_progress trial=0 partition=0 processed=7000 total=14000 metric=ce epoch=1/1
[pipeline-trace] wall=23:24:10 elapsed=26.540s phase=train event=interaction_progress trial=1 partition=0 processed=8300 total=14000 metric=ce epoch=1/1
[pipeline-trace] wall=23:24:10 elapsed=28.124s phase=train event=interaction_progress trial=0 partition=0 processed=7100 total=14000 metric=ce epoch=1/1
[pipeline-trace] wall=23:24:10 elapsed=26.762s phase=train event=interaction_progress trial=1 partition=0 processed=8400 total=14000 metric=ce epoch=1/1
[pipeline-trace] wall=23:24:11 elapsed=26.994s phase=train event=interaction_progress trial=1 partition=0 processed=8500 total=14000 metric=ce epoch=1/1
[pipeline-trace] wall=23:24:11 elapsed=28.462s phase=train event=interaction_progress trial=0 partition=0 processed=7200 total=14000 metric=ce epoch=1/1
[pipeline-trace] wall=23:24:11 elapsed=27.202s phase=train event=interaction_progress trial=1 partition=0 processed=8600 total=14000 metric=ce epoch=1/1
[pipeline-trace] wall=23:24:11 elapsed=28.764s phase=train event=interaction_progress trial=0 partition=0 processed=7300 total=14000 metric=ce epoch=1/1
[pipeline-trace] wall=23:24:11 elapsed=27.406s phase=train event=interaction_progress trial=1 partition=0 processed=8700 total=14000 metric=ce epoch=1/1
[pipeline-trace] wall=23:24:11 elapsed=27.626s phase=train event=interaction_progress trial=1 partition=0 processed=8800 total=14000 metric=ce epoch=1/1
[pipeline-trace] wall=23:24:11 elapsed=29.076s phase=train event=interaction_progress trial=0 partition=0 processed=7400 total=14000 metric=ce epoch=1/1
[pipeline-trace] wall=23:24:11 elapsed=27.828s phase=train event=interaction_progress trial=1 partition=0 processed=8900 total=14000 metric=ce epoch=1/1
[pipeline-trace] wall=23:24:12 elapsed=29.427s phase=train event=interaction_progress trial=0 partition=0 processed=7500 total=14000 metric=ce epoch=1/1
[pipeline-trace] wall=23:24:12 elapsed=28.060s phase=train event=interaction_progress trial=1 partition=0 processed=9000 total=14000 metric=ce epoch=1/1
[pipeline-trace] wall=23:24:12 elapsed=28.267s phase=train event=interaction_progress trial=1 partition=0 processed=9100 total=14000 metric=ce epoch=1/1
[pipeline-trace] wall=23:24:12 elapsed=29.745s phase=train event=interaction_progress trial=0 partition=0 processed=7600 total=14000 metric=ce epoch=1/1
[pipeline-trace] wall=23:24:12 elapsed=28.496s phase=train event=interaction_progress trial=1 partition=0 processed=9200 total=14000 metric=ce epoch=1/1
[pipeline-trace] wall=23:24:12 elapsed=30.055s phase=train event=interaction_progress trial=0 partition=0 processed=7700 total=14000 metric=ce epoch=1/1
[pipeline-trace] wall=23:24:12 elapsed=28.802s phase=train event=interaction_progress trial=1 partition=0 processed=9300 total=14000 metric=ce epoch=1/1
[pipeline-trace] wall=23:24:13 elapsed=30.377s phase=train event=interaction_progress trial=0 partition=0 processed=7800 total=14000 metric=ce epoch=1/1
[pipeline-trace] wall=23:24:13 elapsed=29.065s phase=train event=interaction_progress trial=1 partition=0 processed=9400 total=14000 metric=ce epoch=1/1
[pipeline-trace] wall=23:24:13 elapsed=30.697s phase=train event=interaction_progress trial=0 partition=0 processed=7900 total=14000 metric=ce epoch=1/1
[pipeline-trace] wall=23:24:13 elapsed=29.320s phase=train event=interaction_progress trial=1 partition=0 processed=9500 total=14000 metric=ce epoch=1/1
[pipeline-trace] wall=23:24:13 elapsed=29.575s phase=train event=interaction_progress trial=1 partition=0 processed=9600 total=14000 metric=ce epoch=1/1
[pipeline-trace] wall=23:24:13 elapsed=31.016s phase=train event=interaction_progress trial=0 partition=0 processed=8000 total=14000 metric=ce epoch=1/1
[pipeline-trace] wall=23:24:13 elapsed=29.856s phase=train event=interaction_progress trial=1 partition=0 processed=9700 total=14000 metric=ce epoch=1/1
[pipeline-trace] wall=23:24:13 elapsed=31.355s phase=train event=interaction_progress trial=0 partition=0 processed=8100 total=14000 metric=ce epoch=1/1
[pipeline-trace] wall=23:24:14 elapsed=30.111s phase=train event=interaction_progress trial=1 partition=0 processed=9800 total=14000 metric=ce epoch=1/1
[pipeline-trace] wall=23:24:14 elapsed=31.709s phase=train event=interaction_progress trial=0 partition=0 processed=8200 total=14000 metric=ce epoch=1/1
[pipeline-trace] wall=23:24:14 elapsed=30.367s phase=train event=interaction_progress trial=1 partition=0 processed=9900 total=14000 metric=ce epoch=1/1
[pipeline-trace] wall=23:24:14 elapsed=32.029s phase=train event=interaction_progress trial=0 partition=0 processed=8300 total=14000 metric=ce epoch=1/1
[pipeline-trace] wall=23:24:14 elapsed=30.631s phase=train event=interaction_progress trial=1 partition=0 processed=10000 total=14000 metric=ce epoch=1/1
[pipeline-trace] wall=23:24:14 elapsed=30.878s phase=train event=interaction_progress trial=1 partition=0 processed=10100 total=14000 metric=ce epoch=1/1
[pipeline-trace] wall=23:24:14 elapsed=32.354s phase=train event=interaction_progress trial=0 partition=0 processed=8400 total=14000 metric=ce epoch=1/1
[pipeline-trace] wall=23:24:15 elapsed=31.126s phase=train event=interaction_progress trial=1 partition=0 processed=10200 total=14000 metric=ce epoch=1/1
[pipeline-trace] wall=23:24:15 elapsed=32.700s phase=train event=interaction_progress trial=0 partition=0 processed=8500 total=14000 metric=ce epoch=1/1
[pipeline-trace] wall=23:24:15 elapsed=31.376s phase=train event=interaction_progress trial=1 partition=0 processed=10300 total=14000 metric=ce epoch=1/1
[pipeline-trace] wall=23:24:15 elapsed=31.624s phase=train event=interaction_progress trial=1 partition=0 processed=10400 total=14000 metric=ce epoch=1/1
[pipeline-trace] wall=23:24:15 elapsed=33.054s phase=train event=interaction_progress trial=0 partition=0 processed=8600 total=14000 metric=ce epoch=1/1
[pipeline-trace] wall=23:24:15 elapsed=31.882s phase=train event=interaction_progress trial=1 partition=0 processed=10500 total=14000 metric=ce epoch=1/1
[pipeline-trace] wall=23:24:16 elapsed=33.445s phase=train event=interaction_progress trial=0 partition=0 processed=8700 total=14000 metric=ce epoch=1/1
[pipeline-trace] wall=23:24:16 elapsed=32.127s phase=train event=interaction_progress trial=1 partition=0 processed=10600 total=14000 metric=ce epoch=1/1
[pipeline-trace] wall=23:24:16 elapsed=32.379s phase=train event=interaction_progress trial=1 partition=0 processed=10700 total=14000 metric=ce epoch=1/1
[pipeline-trace] wall=23:24:16 elapsed=33.838s phase=train event=interaction_progress trial=0 partition=0 processed=8800 total=14000 metric=ce epoch=1/1
[pipeline-trace] wall=23:24:16 elapsed=32.634s phase=train event=interaction_progress trial=1 partition=0 processed=10800 total=14000 metric=ce epoch=1/1
[pipeline-trace] wall=23:24:16 elapsed=34.256s phase=train event=interaction_progress trial=0 partition=0 processed=8900 total=14000 metric=ce epoch=1/1
[pipeline-trace] wall=23:24:16 elapsed=32.888s phase=train event=interaction_progress trial=1 partition=0 processed=10900 total=14000 metric=ce epoch=1/1
[pipeline-trace] wall=23:24:17 elapsed=33.144s phase=train event=interaction_progress trial=1 partition=0 processed=11000 total=14000 metric=ce epoch=1/1
[pipeline-trace] wall=23:24:17 elapsed=34.644s phase=train event=interaction_progress trial=0 partition=0 processed=9000 total=14000 metric=ce epoch=1/1
[pipeline-trace] wall=23:24:17 elapsed=33.403s phase=train event=interaction_progress trial=1 partition=0 processed=11100 total=14000 metric=ce epoch=1/1
[pipeline-trace] wall=23:24:17 elapsed=35.037s phase=train event=interaction_progress trial=0 partition=0 processed=9100 total=14000 metric=ce epoch=1/1
[pipeline-trace] wall=23:24:17 elapsed=33.659s phase=train event=interaction_progress trial=1 partition=0 processed=11200 total=14000 metric=ce epoch=1/1
[pipeline-trace] wall=23:24:17 elapsed=33.916s phase=train event=interaction_progress trial=1 partition=0 processed=11300 total=14000 metric=ce epoch=1/1
[pipeline-trace] wall=23:24:18 elapsed=35.432s phase=train event=interaction_progress trial=0 partition=0 processed=9200 total=14000 metric=ce epoch=1/1
[pipeline-trace] wall=23:24:18 elapsed=34.155s phase=train event=interaction_progress trial=1 partition=0 processed=11400 total=14000 metric=ce epoch=1/1
[pipeline-trace] wall=23:24:18 elapsed=34.364s phase=train event=interaction_progress trial=1 partition=0 processed=11500 total=14000 metric=ce epoch=1/1
[pipeline-trace] wall=23:24:18 elapsed=35.809s phase=train event=interaction_progress trial=0 partition=0 processed=9300 total=14000 metric=ce epoch=1/1
[pipeline-trace] wall=23:24:18 elapsed=34.578s phase=train event=interaction_progress trial=1 partition=0 processed=11600 total=14000 metric=ce epoch=1/1
[pipeline-trace] wall=23:24:18 elapsed=36.204s phase=train event=interaction_progress trial=0 partition=0 processed=9400 total=14000 metric=ce epoch=1/1
[pipeline-trace] wall=23:24:18 elapsed=34.794s phase=train event=interaction_progress trial=1 partition=0 processed=11700 total=14000 metric=ce epoch=1/1
[pipeline-trace] wall=23:24:19 elapsed=35.008s phase=train event=interaction_progress trial=1 partition=0 processed=11800 total=14000 metric=ce epoch=1/1
[pipeline-trace] wall=23:24:19 elapsed=36.567s phase=train event=interaction_progress trial=0 partition=0 processed=9500 total=14000 metric=ce epoch=1/1
[pipeline-trace] wall=23:24:19 elapsed=35.206s phase=train event=interaction_progress trial=1 partition=0 processed=11900 total=14000 metric=ce epoch=1/1
[pipeline-trace] wall=23:24:19 elapsed=35.416s phase=train event=interaction_progress trial=1 partition=0 processed=12000 total=14000 metric=ce epoch=1/1
[pipeline-trace] wall=23:24:19 elapsed=36.941s phase=train event=interaction_progress trial=0 partition=0 processed=9600 total=14000 metric=ce epoch=1/1
[pipeline-trace] wall=23:24:19 elapsed=35.643s phase=train event=interaction_progress trial=1 partition=0 processed=12100 total=14000 metric=ce epoch=1/1
[pipeline-trace] wall=23:24:19 elapsed=37.316s phase=train event=interaction_progress trial=0 partition=0 processed=9700 total=14000 metric=ce epoch=1/1
[pipeline-trace] wall=23:24:19 elapsed=35.901s phase=train event=interaction_progress trial=1 partition=0 processed=12200 total=14000 metric=ce epoch=1/1
[pipeline-trace] wall=23:24:20 elapsed=36.162s phase=train event=interaction_progress trial=1 partition=0 processed=12300 total=14000 metric=ce epoch=1/1
[pipeline-trace] wall=23:24:20 elapsed=37.700s phase=train event=interaction_progress trial=0 partition=0 processed=9800 total=14000 metric=ce epoch=1/1
[pipeline-trace] wall=23:24:20 elapsed=36.406s phase=train event=interaction_progress trial=1 partition=0 processed=12400 total=14000 metric=ce epoch=1/1
[pipeline-trace] wall=23:24:20 elapsed=36.664s phase=train event=interaction_progress trial=1 partition=0 processed=12500 total=14000 metric=ce epoch=1/1
[pipeline-trace] wall=23:24:20 elapsed=38.093s phase=train event=interaction_progress trial=0 partition=0 processed=9900 total=14000 metric=ce epoch=1/1
[pipeline-trace] wall=23:24:20 elapsed=36.892s phase=train event=interaction_progress trial=1 partition=0 processed=12600 total=14000 metric=ce epoch=1/1
[pipeline-trace] wall=23:24:21 elapsed=38.480s phase=train event=interaction_progress trial=0 partition=0 processed=10000 total=14000 metric=ce epoch=1/1
[pipeline-trace] wall=23:24:21 elapsed=37.110s phase=train event=interaction_progress trial=1 partition=0 processed=12700 total=14000 metric=ce epoch=1/1
[pipeline-trace] wall=23:24:21 elapsed=37.319s phase=train event=interaction_progress trial=1 partition=0 processed=12800 total=14000 metric=ce epoch=1/1
[pipeline-trace] wall=23:24:21 elapsed=38.870s phase=train event=interaction_progress trial=0 partition=0 processed=10100 total=14000 metric=ce epoch=1/1
[pipeline-trace] wall=23:24:21 elapsed=37.527s phase=train event=interaction_progress trial=1 partition=0 processed=12900 total=14000 metric=ce epoch=1/1
[pipeline-trace] wall=23:24:21 elapsed=37.741s phase=train event=interaction_progress trial=1 partition=0 processed=13000 total=14000 metric=ce epoch=1/1
[pipeline-trace] wall=23:24:21 elapsed=39.255s phase=train event=interaction_progress trial=0 partition=0 processed=10200 total=14000 metric=ce epoch=1/1
[pipeline-trace] wall=23:24:22 elapsed=37.953s phase=train event=interaction_progress trial=1 partition=0 processed=13100 total=14000 metric=ce epoch=1/1
[pipeline-trace] wall=23:24:22 elapsed=38.164s phase=train event=interaction_progress trial=1 partition=0 processed=13200 total=14000 metric=ce epoch=1/1
[pipeline-trace] wall=23:24:22 elapsed=39.651s phase=train event=interaction_progress trial=0 partition=0 processed=10300 total=14000 metric=ce epoch=1/1
[pipeline-trace] wall=23:24:22 elapsed=38.374s phase=train event=interaction_progress trial=1 partition=0 processed=13300 total=14000 metric=ce epoch=1/1
[pipeline-trace] wall=23:24:22 elapsed=38.592s phase=train event=interaction_progress trial=1 partition=0 processed=13400 total=14000 metric=ce epoch=1/1
[pipeline-trace] wall=23:24:22 elapsed=40.048s phase=train event=interaction_progress trial=0 partition=0 processed=10400 total=14000 metric=ce epoch=1/1
[pipeline-trace] wall=23:24:22 elapsed=38.806s phase=train event=interaction_progress trial=1 partition=0 processed=13500 total=14000 metric=ce epoch=1/1
[pipeline-trace] wall=23:24:23 elapsed=40.436s phase=train event=interaction_progress trial=0 partition=0 processed=10500 total=14000 metric=ce epoch=1/1
[pipeline-trace] wall=23:24:23 elapsed=39.068s phase=train event=interaction_progress trial=1 partition=0 processed=13600 total=14000 metric=ce epoch=1/1
[pipeline-trace] wall=23:24:23 elapsed=39.295s phase=train event=interaction_progress trial=1 partition=0 processed=13700 total=14000 metric=ce epoch=1/1
[pipeline-trace] wall=23:24:23 elapsed=40.836s phase=train event=interaction_progress trial=0 partition=0 processed=10600 total=14000 metric=ce epoch=1/1
[pipeline-trace] wall=23:24:23 elapsed=39.527s phase=train event=interaction_progress trial=1 partition=0 processed=13800 total=14000 metric=ce epoch=1/1
[pipeline-trace] wall=23:24:23 elapsed=39.765s phase=train event=interaction_progress trial=1 partition=0 processed=13900 total=14000 metric=ce epoch=1/1
[pipeline-trace] wall=23:24:23 elapsed=41.218s phase=train event=interaction_progress trial=0 partition=0 processed=10700 total=14000 metric=ce epoch=1/1
[pipeline-trace] wall=23:24:24 elapsed=40.004s phase=train event=interaction_progress trial=1 partition=0 processed=14000 total=14000 metric=ce epoch=1/1
[pipeline-trace] wall=23:24:24 elapsed=41.620s phase=train event=interaction_progress trial=0 partition=0 processed=10800 total=14000 metric=ce epoch=1/1
[pipeline-trace] wall=23:24:24 elapsed=40.211s phase=eval event=batch_start trial=1 partitions=[1] synthetic=False
[pipeline-trace] wall=23:24:24 elapsed=40.211s phase=eval event=partition_start trial=1 partition=1 interactions=1999
[pipeline-trace] wall=23:24:24 elapsed=40.211s phase=eval event=interaction_progress trial=1 partition=1 processed=1 total=1999 metric=ranking
[pipeline-trace] wall=23:24:24 elapsed=40.435s phase=eval event=interaction_progress trial=1 partition=1 processed=100 total=1999 metric=ranking
[pipeline-trace] wall=23:24:24 elapsed=42.007s phase=train event=interaction_progress trial=0 partition=0 processed=10900 total=14000 metric=ce epoch=1/1
[pipeline-trace] wall=23:24:24 elapsed=40.589s phase=eval event=interaction_progress trial=1 partition=1 processed=200 total=1999 metric=ranking
[pipeline-trace] wall=23:24:24 elapsed=40.744s phase=eval event=interaction_progress trial=1 partition=1 processed=300 total=1999 metric=ranking
[pipeline-trace] wall=23:24:24 elapsed=40.898s phase=eval event=interaction_progress trial=1 partition=1 processed=400 total=1999 metric=ranking
[pipeline-trace] wall=23:24:25 elapsed=42.404s phase=train event=interaction_progress trial=0 partition=0 processed=11000 total=14000 metric=ce epoch=1/1
[pipeline-trace] wall=23:24:25 elapsed=41.052s phase=eval event=interaction_progress trial=1 partition=1 processed=500 total=1999 metric=ranking
[pipeline-trace] wall=23:24:25 elapsed=41.206s phase=eval event=interaction_progress trial=1 partition=1 processed=600 total=1999 metric=ranking
[pipeline-trace] wall=23:24:25 elapsed=41.359s phase=eval event=interaction_progress trial=1 partition=1 processed=700 total=1999 metric=ranking
[pipeline-trace] wall=23:24:25 elapsed=42.811s phase=train event=interaction_progress trial=0 partition=0 processed=11100 total=14000 metric=ce epoch=1/1
[pipeline-trace] wall=23:24:25 elapsed=41.512s phase=eval event=interaction_progress trial=1 partition=1 processed=800 total=1999 metric=ranking
[pipeline-trace] wall=23:24:25 elapsed=41.666s phase=eval event=interaction_progress trial=1 partition=1 processed=900 total=1999 metric=ranking
[pipeline-trace] wall=23:24:25 elapsed=43.211s phase=train event=interaction_progress trial=0 partition=0 processed=11200 total=14000 metric=ce epoch=1/1
[pipeline-trace] wall=23:24:25 elapsed=41.819s phase=eval event=interaction_progress trial=1 partition=1 processed=1000 total=1999 metric=ranking
[pipeline-trace] wall=23:24:26 elapsed=41.972s phase=eval event=interaction_progress trial=1 partition=1 processed=1100 total=1999 metric=ranking
[pipeline-trace] wall=23:24:26 elapsed=42.126s phase=eval event=interaction_progress trial=1 partition=1 processed=1200 total=1999 metric=ranking
[pipeline-trace] wall=23:24:26 elapsed=43.587s phase=train event=interaction_progress trial=0 partition=0 processed=11300 total=14000 metric=ce epoch=1/1
[pipeline-trace] wall=23:24:26 elapsed=42.282s phase=eval event=interaction_progress trial=1 partition=1 processed=1300 total=1999 metric=ranking
[pipeline-trace] wall=23:24:26 elapsed=42.436s phase=eval event=interaction_progress trial=1 partition=1 processed=1400 total=1999 metric=ranking
[pipeline-trace] wall=23:24:26 elapsed=43.936s phase=train event=interaction_progress trial=0 partition=0 processed=11400 total=14000 metric=ce epoch=1/1
[pipeline-trace] wall=23:24:26 elapsed=42.592s phase=eval event=interaction_progress trial=1 partition=1 processed=1500 total=1999 metric=ranking
[pipeline-trace] wall=23:24:26 elapsed=42.745s phase=eval event=interaction_progress trial=1 partition=1 processed=1600 total=1999 metric=ranking
[pipeline-trace] wall=23:24:26 elapsed=42.897s phase=eval event=interaction_progress trial=1 partition=1 processed=1700 total=1999 metric=ranking
[pipeline-trace] wall=23:24:26 elapsed=44.332s phase=train event=interaction_progress trial=0 partition=0 processed=11500 total=14000 metric=ce epoch=1/1
[pipeline-trace] wall=23:24:27 elapsed=43.050s phase=eval event=interaction_progress trial=1 partition=1 processed=1800 total=1999 metric=ranking
[pipeline-trace] wall=23:24:27 elapsed=43.203s phase=eval event=interaction_progress trial=1 partition=1 processed=1900 total=1999 metric=ranking
[pipeline-trace] wall=23:24:27 elapsed=44.736s phase=train event=interaction_progress trial=0 partition=0 processed=11600 total=14000 metric=ce epoch=1/1
[pipeline-trace] wall=23:24:27 elapsed=43.354s phase=eval event=interaction_progress trial=1 partition=1 processed=1999 total=1999 metric=ranking
[pipeline-trace] wall=23:24:27 elapsed=43.356s phase=eval event=partition_complete trial=1 partition=1 elapsed_sec=3.145 hits=1124 total=1999
[pipeline-trace] wall=23:24:27 elapsed=43.393s phase=train event=interaction_progress trial=2 partition=0 processed=1 total=14000 metric=ce epoch=1/1
[pipeline-trace] wall=23:24:27 elapsed=45.121s phase=train event=interaction_progress trial=0 partition=0 processed=11700 total=14000 metric=ce epoch=1/1
[pipeline-trace] wall=23:24:27 elapsed=43.907s phase=train event=interaction_progress trial=2 partition=0 processed=100 total=14000 metric=ce epoch=1/1
[pipeline-trace] wall=23:24:28 elapsed=45.420s phase=train event=interaction_progress trial=0 partition=0 processed=11800 total=14000 metric=ce epoch=1/1
[pipeline-trace] wall=23:24:28 elapsed=44.248s phase=train event=interaction_progress trial=2 partition=0 processed=200 total=14000 metric=ce epoch=1/1
[pipeline-trace] wall=23:24:28 elapsed=45.698s phase=train event=interaction_progress trial=0 partition=0 processed=11900 total=14000 metric=ce epoch=1/1
[pipeline-trace] wall=23:24:28 elapsed=46.041s phase=train event=interaction_progress trial=0 partition=0 processed=12000 total=14000 metric=ce epoch=1/1
[pipeline-trace] wall=23:24:28 elapsed=44.630s phase=train event=interaction_progress trial=2 partition=0 processed=300 total=14000 metric=ce epoch=1/1
[pipeline-trace] wall=23:24:29 elapsed=46.424s phase=train event=interaction_progress trial=0 partition=0 processed=12100 total=14000 metric=ce epoch=1/1
[pipeline-trace] wall=23:24:29 elapsed=45.047s phase=train event=interaction_progress trial=2 partition=0 processed=400 total=14000 metric=ce epoch=1/1
[pipeline-trace] wall=23:24:29 elapsed=46.802s phase=train event=interaction_progress trial=0 partition=0 processed=12200 total=14000 metric=ce epoch=1/1
[pipeline-trace] wall=23:24:29 elapsed=45.458s phase=train event=interaction_progress trial=2 partition=0 processed=500 total=14000 metric=ce epoch=1/1
[pipeline-trace] wall=23:24:29 elapsed=47.181s phase=train event=interaction_progress trial=0 partition=0 processed=12300 total=14000 metric=ce epoch=1/1
[pipeline-trace] wall=23:24:29 elapsed=45.873s phase=train event=interaction_progress trial=2 partition=0 processed=600 total=14000 metric=ce epoch=1/1
[pipeline-trace] wall=23:24:30 elapsed=47.576s phase=train event=interaction_progress trial=0 partition=0 processed=12400 total=14000 metric=ce epoch=1/1
[pipeline-trace] wall=23:24:30 elapsed=46.268s phase=train event=interaction_progress trial=2 partition=0 processed=700 total=14000 metric=ce epoch=1/1
[pipeline-trace] wall=23:24:30 elapsed=47.971s phase=train event=interaction_progress trial=0 partition=0 processed=12500 total=14000 metric=ce epoch=1/1
[pipeline-trace] wall=23:24:30 elapsed=46.682s phase=train event=interaction_progress trial=2 partition=0 processed=800 total=14000 metric=ce epoch=1/1
[pipeline-trace] wall=23:24:31 elapsed=48.369s phase=train event=interaction_progress trial=0 partition=0 processed=12600 total=14000 metric=ce epoch=1/1
[pipeline-trace] wall=23:24:31 elapsed=47.100s phase=train event=interaction_progress trial=2 partition=0 processed=900 total=14000 metric=ce epoch=1/1
[pipeline-trace] wall=23:24:31 elapsed=48.764s phase=train event=interaction_progress trial=0 partition=0 processed=12700 total=14000 metric=ce epoch=1/1
[pipeline-trace] wall=23:24:31 elapsed=47.519s phase=train event=interaction_progress trial=2 partition=0 processed=1000 total=14000 metric=ce epoch=1/1
[pipeline-trace] wall=23:24:31 elapsed=49.158s phase=train event=interaction_progress trial=0 partition=0 processed=12800 total=14000 metric=ce epoch=1/1
[pipeline-trace] wall=23:24:31 elapsed=47.876s phase=train event=interaction_progress trial=2 partition=0 processed=1100 total=14000 metric=ce epoch=1/1
[pipeline-trace] wall=23:24:32 elapsed=49.514s phase=train event=interaction_progress trial=0 partition=0 processed=12900 total=14000 metric=ce epoch=1/1
[pipeline-trace] wall=23:24:32 elapsed=48.249s phase=train event=interaction_progress trial=2 partition=0 processed=1200 total=14000 metric=ce epoch=1/1
[pipeline-trace] wall=23:24:32 elapsed=49.891s phase=train event=interaction_progress trial=0 partition=0 processed=13000 total=14000 metric=ce epoch=1/1
[pipeline-trace] wall=23:24:32 elapsed=48.657s phase=train event=interaction_progress trial=2 partition=0 processed=1300 total=14000 metric=ce epoch=1/1
[pipeline-trace] wall=23:24:32 elapsed=50.255s phase=train event=interaction_progress trial=0 partition=0 processed=13100 total=14000 metric=ce epoch=1/1
[pipeline-trace] wall=23:24:33 elapsed=49.051s phase=train event=interaction_progress trial=2 partition=0 processed=1400 total=14000 metric=ce epoch=1/1
[pipeline-trace] wall=23:24:33 elapsed=50.611s phase=train event=interaction_progress trial=0 partition=0 processed=13200 total=14000 metric=ce epoch=1/1
[pipeline-trace] wall=23:24:33 elapsed=49.460s phase=train event=interaction_progress trial=2 partition=0 processed=1500 total=14000 metric=ce epoch=1/1
[pipeline-trace] wall=23:24:33 elapsed=50.988s phase=train event=interaction_progress trial=0 partition=0 processed=13300 total=14000 metric=ce epoch=1/1
[pipeline-trace] wall=23:24:33 elapsed=51.269s phase=train event=interaction_progress trial=0 partition=0 processed=13400 total=14000 metric=ce epoch=1/1
[pipeline-trace] wall=23:24:33 elapsed=49.873s phase=train event=interaction_progress trial=2 partition=0 processed=1600 total=14000 metric=ce epoch=1/1
[pipeline-trace] wall=23:24:34 elapsed=51.628s phase=train event=interaction_progress trial=0 partition=0 processed=13500 total=14000 metric=ce epoch=1/1
[pipeline-trace] wall=23:24:34 elapsed=50.249s phase=train event=interaction_progress trial=2 partition=0 processed=1700 total=14000 metric=ce epoch=1/1
[pipeline-trace] wall=23:24:34 elapsed=51.980s phase=train event=interaction_progress trial=0 partition=0 processed=13600 total=14000 metric=ce epoch=1/1
[pipeline-trace] wall=23:24:34 elapsed=50.639s phase=train event=interaction_progress trial=2 partition=0 processed=1800 total=14000 metric=ce epoch=1/1
[pipeline-trace] wall=23:24:34 elapsed=52.344s phase=train event=interaction_progress trial=0 partition=0 processed=13700 total=14000 metric=ce epoch=1/1
[pipeline-trace] wall=23:24:35 elapsed=51.027s phase=train event=interaction_progress trial=2 partition=0 processed=1900 total=14000 metric=ce epoch=1/1
[pipeline-trace] wall=23:24:35 elapsed=52.697s phase=train event=interaction_progress trial=0 partition=0 processed=13800 total=14000 metric=ce epoch=1/1
[pipeline-trace] wall=23:24:35 elapsed=51.439s phase=train event=interaction_progress trial=2 partition=0 processed=2000 total=14000 metric=ce epoch=1/1
[pipeline-trace] wall=23:24:35 elapsed=53.030s phase=train event=interaction_progress trial=0 partition=0 processed=13900 total=14000 metric=ce epoch=1/1
[pipeline-trace] wall=23:24:35 elapsed=51.813s phase=train event=interaction_progress trial=2 partition=0 processed=2100 total=14000 metric=ce epoch=1/1
[pipeline-trace] wall=23:24:36 elapsed=53.386s phase=train event=interaction_progress trial=0 partition=0 processed=14000 total=14000 metric=ce epoch=1/1
[pipeline-trace] wall=23:24:36 elapsed=53.458s phase=eval event=batch_start trial=0 partitions=[1] synthetic=False
[pipeline-trace] wall=23:24:36 elapsed=53.458s phase=eval event=partition_start trial=0 partition=1 interactions=1999
[pipeline-trace] wall=23:24:36 elapsed=53.458s phase=eval event=interaction_progress trial=0 partition=1 processed=1 total=1999 metric=ranking
[pipeline-trace] wall=23:24:36 elapsed=52.194s phase=train event=interaction_progress trial=2 partition=0 processed=2200 total=14000 metric=ce epoch=1/1
[pipeline-trace] wall=23:24:36 elapsed=53.676s phase=eval event=interaction_progress trial=0 partition=1 processed=100 total=1999 metric=ranking
[pipeline-trace] wall=23:24:36 elapsed=53.822s phase=eval event=interaction_progress trial=0 partition=1 processed=200 total=1999 metric=ranking
[pipeline-trace] wall=23:24:36 elapsed=53.967s phase=eval event=interaction_progress trial=0 partition=1 processed=300 total=1999 metric=ranking
[pipeline-trace] wall=23:24:36 elapsed=52.596s phase=train event=interaction_progress trial=2 partition=0 processed=2300 total=14000 metric=ce epoch=1/1
[pipeline-trace] wall=23:24:36 elapsed=54.111s phase=eval event=interaction_progress trial=0 partition=1 processed=400 total=1999 metric=ranking
[pipeline-trace] wall=23:24:36 elapsed=54.254s phase=eval event=interaction_progress trial=0 partition=1 processed=500 total=1999 metric=ranking
[pipeline-trace] wall=23:24:37 elapsed=54.396s phase=eval event=interaction_progress trial=0 partition=1 processed=600 total=1999 metric=ranking
[pipeline-trace] wall=23:24:37 elapsed=53.003s phase=train event=interaction_progress trial=2 partition=0 processed=2400 total=14000 metric=ce epoch=1/1
[pipeline-trace] wall=23:24:37 elapsed=54.541s phase=eval event=interaction_progress trial=0 partition=1 processed=700 total=1999 metric=ranking
[pipeline-trace] wall=23:24:37 elapsed=54.684s phase=eval event=interaction_progress trial=0 partition=1 processed=800 total=1999 metric=ranking
[pipeline-trace] wall=23:24:37 elapsed=54.828s phase=eval event=interaction_progress trial=0 partition=1 processed=900 total=1999 metric=ranking
[pipeline-trace] wall=23:24:37 elapsed=53.421s phase=train event=interaction_progress trial=2 partition=0 processed=2500 total=14000 metric=ce epoch=1/1
[pipeline-trace] wall=23:24:37 elapsed=55.002s phase=eval event=interaction_progress trial=0 partition=1 processed=1000 total=1999 metric=ranking
[pipeline-trace] wall=23:24:37 elapsed=55.149s phase=eval event=interaction_progress trial=0 partition=1 processed=1100 total=1999 metric=ranking
[pipeline-trace] wall=23:24:37 elapsed=53.751s phase=train event=interaction_progress trial=2 partition=0 processed=2600 total=14000 metric=ce epoch=1/1
[pipeline-trace] wall=23:24:37 elapsed=55.292s phase=eval event=interaction_progress trial=0 partition=1 processed=1200 total=1999 metric=ranking
[pipeline-trace] wall=23:24:38 elapsed=55.439s phase=eval event=interaction_progress trial=0 partition=1 processed=1300 total=1999 metric=ranking
[pipeline-trace] wall=23:24:38 elapsed=54.104s phase=train event=interaction_progress trial=2 partition=0 processed=2700 total=14000 metric=ce epoch=1/1
[pipeline-trace] wall=23:24:38 elapsed=55.584s phase=eval event=interaction_progress trial=0 partition=1 processed=1400 total=1999 metric=ranking
[pipeline-trace] wall=23:24:38 elapsed=55.727s phase=eval event=interaction_progress trial=0 partition=1 processed=1500 total=1999 metric=ranking
[pipeline-trace] wall=23:24:38 elapsed=54.421s phase=train event=interaction_progress trial=2 partition=0 processed=2800 total=14000 metric=ce epoch=1/1
[pipeline-trace] wall=23:24:38 elapsed=55.871s phase=eval event=interaction_progress trial=0 partition=1 processed=1600 total=1999 metric=ranking
[pipeline-trace] wall=23:24:38 elapsed=56.016s phase=eval event=interaction_progress trial=0 partition=1 processed=1700 total=1999 metric=ranking
[pipeline-trace] wall=23:24:38 elapsed=56.161s phase=eval event=interaction_progress trial=0 partition=1 processed=1800 total=1999 metric=ranking
[pipeline-trace] wall=23:24:38 elapsed=54.751s phase=train event=interaction_progress trial=2 partition=0 processed=2900 total=14000 metric=ce epoch=1/1
[pipeline-trace] wall=23:24:38 elapsed=56.305s phase=eval event=interaction_progress trial=0 partition=1 processed=1900 total=1999 metric=ranking
[pipeline-trace] wall=23:24:39 elapsed=56.434s phase=eval event=interaction_progress trial=0 partition=1 processed=1999 total=1999 metric=ranking
[pipeline-trace] wall=23:24:39 elapsed=56.436s phase=eval event=partition_complete trial=0 partition=1 elapsed_sec=2.978 hits=596 total=1999
[pipeline-trace] wall=23:24:39 elapsed=56.508s phase=train event=interaction_progress trial=3 partition=0 processed=1 total=14000 metric=ce epoch=1/1
[pipeline-trace] wall=23:24:39 elapsed=55.141s phase=train event=interaction_progress trial=2 partition=0 processed=3000 total=14000 metric=ce epoch=1/1
[pipeline-trace] wall=23:24:39 elapsed=56.753s phase=train event=interaction_progress trial=3 partition=0 processed=100 total=14000 metric=ce epoch=1/1
[pipeline-trace] wall=23:24:39 elapsed=55.486s phase=train event=interaction_progress trial=2 partition=0 processed=3100 total=14000 metric=ce epoch=1/1
[pipeline-trace] wall=23:24:39 elapsed=56.990s phase=train event=interaction_progress trial=3 partition=0 processed=200 total=14000 metric=ce epoch=1/1
[pipeline-trace] wall=23:24:39 elapsed=55.828s phase=train event=interaction_progress trial=2 partition=0 processed=3200 total=14000 metric=ce epoch=1/1
[pipeline-trace] wall=23:24:39 elapsed=57.258s phase=train event=interaction_progress trial=3 partition=0 processed=300 total=14000 metric=ce epoch=1/1
[pipeline-trace] wall=23:24:40 elapsed=57.521s phase=train event=interaction_progress trial=3 partition=0 processed=400 total=14000 metric=ce epoch=1/1
[pipeline-trace] wall=23:24:40 elapsed=56.250s phase=train event=interaction_progress trial=2 partition=0 processed=3300 total=14000 metric=ce epoch=1/1
[pipeline-trace] wall=23:24:40 elapsed=57.782s phase=train event=interaction_progress trial=3 partition=0 processed=500 total=14000 metric=ce epoch=1/1
[pipeline-trace] wall=23:24:40 elapsed=58.043s phase=train event=interaction_progress trial=3 partition=0 processed=600 total=14000 metric=ce epoch=1/1
[pipeline-trace] wall=23:24:40 elapsed=56.625s phase=train event=interaction_progress trial=2 partition=0 processed=3400 total=14000 metric=ce epoch=1/1
[pipeline-trace] wall=23:24:40 elapsed=58.313s phase=train event=interaction_progress trial=3 partition=0 processed=700 total=14000 metric=ce epoch=1/1
[pipeline-trace] wall=23:24:41 elapsed=57.045s phase=train event=interaction_progress trial=2 partition=0 processed=3500 total=14000 metric=ce epoch=1/1
[pipeline-trace] wall=23:24:41 elapsed=58.568s phase=train event=interaction_progress trial=3 partition=0 processed=800 total=14000 metric=ce epoch=1/1
[pipeline-trace] wall=23:24:41 elapsed=58.817s phase=train event=interaction_progress trial=3 partition=0 processed=900 total=14000 metric=ce epoch=1/1
[pipeline-trace] wall=23:24:41 elapsed=57.413s phase=train event=interaction_progress trial=2 partition=0 processed=3600 total=14000 metric=ce epoch=1/1
[pipeline-trace] wall=23:24:41 elapsed=59.067s phase=train event=interaction_progress trial=3 partition=0 processed=1000 total=14000 metric=ce epoch=1/1
[pipeline-trace] wall=23:24:41 elapsed=57.776s phase=train event=interaction_progress trial=2 partition=0 processed=3700 total=14000 metric=ce epoch=1/1
[pipeline-trace] wall=23:24:41 elapsed=59.332s phase=train event=interaction_progress trial=3 partition=0 processed=1100 total=14000 metric=ce epoch=1/1
[pipeline-trace] wall=23:24:42 elapsed=58.141s phase=train event=interaction_progress trial=2 partition=0 processed=3800 total=14000 metric=ce epoch=1/1
[pipeline-trace] wall=23:24:42 elapsed=59.588s phase=train event=interaction_progress trial=3 partition=0 processed=1200 total=14000 metric=ce epoch=1/1
[pipeline-trace] wall=23:24:42 elapsed=59.850s phase=train event=interaction_progress trial=3 partition=0 processed=1300 total=14000 metric=ce epoch=1/1
[pipeline-trace] wall=23:24:42 elapsed=58.529s phase=train event=interaction_progress trial=2 partition=0 processed=3900 total=14000 metric=ce epoch=1/1
[pipeline-trace] wall=23:24:42 elapsed=60.145s phase=train event=interaction_progress trial=3 partition=0 processed=1400 total=14000 metric=ce epoch=1/1
[pipeline-trace] wall=23:24:42 elapsed=58.918s phase=train event=interaction_progress trial=2 partition=0 processed=4000 total=14000 metric=ce epoch=1/1
[pipeline-trace] wall=23:24:43 elapsed=60.439s phase=train event=interaction_progress trial=3 partition=0 processed=1500 total=14000 metric=ce epoch=1/1
[pipeline-trace] wall=23:24:43 elapsed=60.710s phase=train event=interaction_progress trial=3 partition=0 processed=1600 total=14000 metric=ce epoch=1/1
[pipeline-trace] wall=23:24:43 elapsed=59.290s phase=train event=interaction_progress trial=2 partition=0 processed=4100 total=14000 metric=ce epoch=1/1
[pipeline-trace] wall=23:24:43 elapsed=61.010s phase=train event=interaction_progress trial=3 partition=0 processed=1700 total=14000 metric=ce epoch=1/1
[pipeline-trace] wall=23:24:43 elapsed=59.673s phase=train event=interaction_progress trial=2 partition=0 processed=4200 total=14000 metric=ce epoch=1/1
[pipeline-trace] wall=23:24:43 elapsed=61.298s phase=train event=interaction_progress trial=3 partition=0 processed=1800 total=14000 metric=ce epoch=1/1
[pipeline-trace] wall=23:24:44 elapsed=60.072s phase=train event=interaction_progress trial=2 partition=0 processed=4300 total=14000 metric=ce epoch=1/1
[pipeline-trace] wall=23:24:44 elapsed=61.593s phase=train event=interaction_progress trial=3 partition=0 processed=1900 total=14000 metric=ce epoch=1/1
[pipeline-trace] wall=23:24:44 elapsed=61.900s phase=train event=interaction_progress trial=3 partition=0 processed=2000 total=14000 metric=ce epoch=1/1
[pipeline-trace] wall=23:24:44 elapsed=60.478s phase=train event=interaction_progress trial=2 partition=0 processed=4400 total=14000 metric=ce epoch=1/1
[pipeline-trace] wall=23:24:44 elapsed=62.179s phase=train event=interaction_progress trial=3 partition=0 processed=2100 total=14000 metric=ce epoch=1/1
[pipeline-trace] wall=23:24:44 elapsed=60.871s phase=train event=interaction_progress trial=2 partition=0 processed=4500 total=14000 metric=ce epoch=1/1
[pipeline-trace] wall=23:24:45 elapsed=62.409s phase=train event=interaction_progress trial=3 partition=0 processed=2200 total=14000 metric=ce epoch=1/1
[pipeline-trace] wall=23:24:45 elapsed=62.640s phase=train event=interaction_progress trial=3 partition=0 processed=2300 total=14000 metric=ce epoch=1/1
[pipeline-trace] wall=23:24:45 elapsed=61.277s phase=train event=interaction_progress trial=2 partition=0 processed=4600 total=14000 metric=ce epoch=1/1
[pipeline-trace] wall=23:24:45 elapsed=62.922s phase=train event=interaction_progress trial=3 partition=0 processed=2400 total=14000 metric=ce epoch=1/1
[pipeline-trace] wall=23:24:45 elapsed=61.674s phase=train event=interaction_progress trial=2 partition=0 processed=4700 total=14000 metric=ce epoch=1/1
[pipeline-trace] wall=23:24:45 elapsed=63.218s phase=train event=interaction_progress trial=3 partition=0 processed=2500 total=14000 metric=ce epoch=1/1
[pipeline-trace] wall=23:24:46 elapsed=63.468s phase=train event=interaction_progress trial=3 partition=0 processed=2600 total=14000 metric=ce epoch=1/1
[pipeline-trace] wall=23:24:46 elapsed=62.068s phase=train event=interaction_progress trial=2 partition=0 processed=4800 total=14000 metric=ce epoch=1/1
[pipeline-trace] wall=23:24:46 elapsed=63.704s phase=train event=interaction_progress trial=3 partition=0 processed=2700 total=14000 metric=ce epoch=1/1
[pipeline-trace] wall=23:24:46 elapsed=62.454s phase=train event=interaction_progress trial=2 partition=0 processed=4900 total=14000 metric=ce epoch=1/1
[pipeline-trace] wall=23:24:46 elapsed=63.931s phase=train event=interaction_progress trial=3 partition=0 processed=2800 total=14000 metric=ce epoch=1/1
[pipeline-trace] wall=23:24:46 elapsed=64.209s phase=train event=interaction_progress trial=3 partition=0 processed=2900 total=14000 metric=ce epoch=1/1
[pipeline-trace] wall=23:24:46 elapsed=62.865s phase=train event=interaction_progress trial=2 partition=0 processed=5000 total=14000 metric=ce epoch=1/1
[pipeline-trace] wall=23:24:47 elapsed=64.415s phase=train event=interaction_progress trial=3 partition=0 processed=3000 total=14000 metric=ce epoch=1/1
[pipeline-trace] wall=23:24:47 elapsed=63.256s phase=train event=interaction_progress trial=2 partition=0 processed=5100 total=14000 metric=ce epoch=1/1
[pipeline-trace] wall=23:24:47 elapsed=64.686s phase=train event=interaction_progress trial=3 partition=0 processed=3100 total=14000 metric=ce epoch=1/1
[pipeline-trace] wall=23:24:47 elapsed=64.929s phase=train event=interaction_progress trial=3 partition=0 processed=3200 total=14000 metric=ce epoch=1/1
[pipeline-trace] wall=23:24:47 elapsed=63.644s phase=train event=interaction_progress trial=2 partition=0 processed=5200 total=14000 metric=ce epoch=1/1
[pipeline-trace] wall=23:24:47 elapsed=65.151s phase=train event=interaction_progress trial=3 partition=0 processed=3300 total=14000 metric=ce epoch=1/1
[pipeline-trace] wall=23:24:48 elapsed=65.376s phase=train event=interaction_progress trial=3 partition=0 processed=3400 total=14000 metric=ce epoch=1/1
[pipeline-trace] wall=23:24:48 elapsed=64.049s phase=train event=interaction_progress trial=2 partition=0 processed=5300 total=14000 metric=ce epoch=1/1
[pipeline-trace] wall=23:24:48 elapsed=65.660s phase=train event=interaction_progress trial=3 partition=0 processed=3500 total=14000 metric=ce epoch=1/1
[pipeline-trace] wall=23:24:48 elapsed=64.436s phase=train event=interaction_progress trial=2 partition=0 processed=5400 total=14000 metric=ce epoch=1/1
[pipeline-trace] wall=23:24:48 elapsed=65.950s phase=train event=interaction_progress trial=3 partition=0 processed=3600 total=14000 metric=ce epoch=1/1
[pipeline-trace] wall=23:24:48 elapsed=64.809s phase=train event=interaction_progress trial=2 partition=0 processed=5500 total=14000 metric=ce epoch=1/1
[pipeline-trace] wall=23:24:48 elapsed=66.248s phase=train event=interaction_progress trial=3 partition=0 processed=3700 total=14000 metric=ce epoch=1/1
[pipeline-trace] wall=23:24:49 elapsed=66.509s phase=train event=interaction_progress trial=3 partition=0 processed=3800 total=14000 metric=ce epoch=1/1
[pipeline-trace] wall=23:24:49 elapsed=65.158s phase=train event=interaction_progress trial=2 partition=0 processed=5600 total=14000 metric=ce epoch=1/1
[pipeline-trace] wall=23:24:49 elapsed=66.809s phase=train event=interaction_progress trial=3 partition=0 processed=3900 total=14000 metric=ce epoch=1/1
[pipeline-trace] wall=23:24:49 elapsed=65.547s phase=train event=interaction_progress trial=2 partition=0 processed=5700 total=14000 metric=ce epoch=1/1
[pipeline-trace] wall=23:24:49 elapsed=67.094s phase=train event=interaction_progress trial=3 partition=0 processed=4000 total=14000 metric=ce epoch=1/1
[pipeline-trace] wall=23:24:50 elapsed=65.937s phase=train event=interaction_progress trial=2 partition=0 processed=5800 total=14000 metric=ce epoch=1/1
[pipeline-trace] wall=23:24:50 elapsed=67.387s phase=train event=interaction_progress trial=3 partition=0 processed=4100 total=14000 metric=ce epoch=1/1
[pipeline-trace] wall=23:24:50 elapsed=67.650s phase=train event=interaction_progress trial=3 partition=0 processed=4200 total=14000 metric=ce epoch=1/1
[pipeline-trace] wall=23:24:50 elapsed=66.298s phase=train event=interaction_progress trial=2 partition=0 processed=5900 total=14000 metric=ce epoch=1/1
[pipeline-trace] wall=23:24:50 elapsed=67.892s phase=train event=interaction_progress trial=3 partition=0 processed=4300 total=14000 metric=ce epoch=1/1
[pipeline-trace] wall=23:24:50 elapsed=66.672s phase=train event=interaction_progress trial=2 partition=0 processed=6000 total=14000 metric=ce epoch=1/1
[pipeline-trace] wall=23:24:50 elapsed=68.178s phase=train event=interaction_progress trial=3 partition=0 processed=4400 total=14000 metric=ce epoch=1/1
[pipeline-trace] wall=23:24:51 elapsed=68.454s phase=train event=interaction_progress trial=3 partition=0 processed=4500 total=14000 metric=ce epoch=1/1
[pipeline-trace] wall=23:24:51 elapsed=67.079s phase=train event=interaction_progress trial=2 partition=0 processed=6100 total=14000 metric=ce epoch=1/1
[pipeline-trace] wall=23:24:51 elapsed=68.674s phase=train event=interaction_progress trial=3 partition=0 processed=4600 total=14000 metric=ce epoch=1/1
[pipeline-trace] wall=23:24:51 elapsed=68.879s phase=train event=interaction_progress trial=3 partition=0 processed=4700 total=14000 metric=ce epoch=1/1
[pipeline-trace] wall=23:24:51 elapsed=67.469s phase=train event=interaction_progress trial=2 partition=0 processed=6200 total=14000 metric=ce epoch=1/1
[pipeline-trace] wall=23:24:51 elapsed=69.111s phase=train event=interaction_progress trial=3 partition=0 processed=4800 total=14000 metric=ce epoch=1/1
[pipeline-trace] wall=23:24:51 elapsed=67.871s phase=train event=interaction_progress trial=2 partition=0 processed=6300 total=14000 metric=ce epoch=1/1
[pipeline-trace] wall=23:24:51 elapsed=69.330s phase=train event=interaction_progress trial=3 partition=0 processed=4900 total=14000 metric=ce epoch=1/1
[pipeline-trace] wall=23:24:52 elapsed=69.536s phase=train event=interaction_progress trial=3 partition=0 processed=5000 total=14000 metric=ce epoch=1/1
[pipeline-trace] wall=23:24:52 elapsed=69.741s phase=train event=interaction_progress trial=3 partition=0 processed=5100 total=14000 metric=ce epoch=1/1
[pipeline-trace] wall=23:24:52 elapsed=68.321s phase=train event=interaction_progress trial=2 partition=0 processed=6400 total=14000 metric=ce epoch=1/1
[pipeline-trace] wall=23:24:52 elapsed=69.944s phase=train event=interaction_progress trial=3 partition=0 processed=5200 total=14000 metric=ce epoch=1/1
[pipeline-trace] wall=23:24:52 elapsed=70.154s phase=train event=interaction_progress trial=3 partition=0 processed=5300 total=14000 metric=ce epoch=1/1
[pipeline-trace] wall=23:24:52 elapsed=68.763s phase=train event=interaction_progress trial=2 partition=0 processed=6500 total=14000 metric=ce epoch=1/1
[pipeline-trace] wall=23:24:52 elapsed=70.355s phase=train event=interaction_progress trial=3 partition=0 processed=5400 total=14000 metric=ce epoch=1/1
[pipeline-trace] wall=23:24:53 elapsed=70.564s phase=train event=interaction_progress trial=3 partition=0 processed=5500 total=14000 metric=ce epoch=1/1
[pipeline-trace] wall=23:24:53 elapsed=69.145s phase=train event=interaction_progress trial=2 partition=0 processed=6600 total=14000 metric=ce epoch=1/1
[pipeline-trace] wall=23:24:53 elapsed=70.768s phase=train event=interaction_progress trial=3 partition=0 processed=5600 total=14000 metric=ce epoch=1/1
[pipeline-trace] wall=23:24:53 elapsed=69.485s phase=train event=interaction_progress trial=2 partition=0 processed=6700 total=14000 metric=ce epoch=1/1
[pipeline-trace] wall=23:24:53 elapsed=70.975s phase=train event=interaction_progress trial=3 partition=0 processed=5700 total=14000 metric=ce epoch=1/1
[pipeline-trace] wall=23:24:53 elapsed=71.248s phase=train event=interaction_progress trial=3 partition=0 processed=5800 total=14000 metric=ce epoch=1/1
[pipeline-trace] wall=23:24:53 elapsed=69.901s phase=train event=interaction_progress trial=2 partition=0 processed=6800 total=14000 metric=ce epoch=1/1
[pipeline-trace] wall=23:24:54 elapsed=71.474s phase=train event=interaction_progress trial=3 partition=0 processed=5900 total=14000 metric=ce epoch=1/1
[pipeline-trace] wall=23:24:54 elapsed=71.748s phase=train event=interaction_progress trial=3 partition=0 processed=6000 total=14000 metric=ce epoch=1/1
[pipeline-trace] wall=23:24:54 elapsed=70.333s phase=train event=interaction_progress trial=2 partition=0 processed=6900 total=14000 metric=ce epoch=1/1
[pipeline-trace] wall=23:24:54 elapsed=72.045s phase=train event=interaction_progress trial=3 partition=0 processed=6100 total=14000 metric=ce epoch=1/1
[pipeline-trace] wall=23:24:54 elapsed=70.746s phase=train event=interaction_progress trial=2 partition=0 processed=7000 total=14000 metric=ce epoch=1/1
[pipeline-trace] wall=23:24:54 elapsed=72.282s phase=train event=interaction_progress trial=3 partition=0 processed=6200 total=14000 metric=ce epoch=1/1
[pipeline-trace] wall=23:24:55 elapsed=71.080s phase=train event=interaction_progress trial=2 partition=0 processed=7100 total=14000 metric=ce epoch=1/1
[pipeline-trace] wall=23:24:55 elapsed=72.521s phase=train event=interaction_progress trial=3 partition=0 processed=6300 total=14000 metric=ce epoch=1/1
[pipeline-trace] wall=23:24:55 elapsed=72.796s phase=train event=interaction_progress trial=3 partition=0 processed=6400 total=14000 metric=ce epoch=1/1
[pipeline-trace] wall=23:24:55 elapsed=71.428s phase=train event=interaction_progress trial=2 partition=0 processed=7200 total=14000 metric=ce epoch=1/1
[pipeline-trace] wall=23:24:55 elapsed=73.040s phase=train event=interaction_progress trial=3 partition=0 processed=6500 total=14000 metric=ce epoch=1/1
[pipeline-trace] wall=23:24:55 elapsed=71.819s phase=train event=interaction_progress trial=2 partition=0 processed=7300 total=14000 metric=ce epoch=1/1
[pipeline-trace] wall=23:24:55 elapsed=73.333s phase=train event=interaction_progress trial=3 partition=0 processed=6600 total=14000 metric=ce epoch=1/1
[pipeline-trace] wall=23:24:56 elapsed=72.198s phase=train event=interaction_progress trial=2 partition=0 processed=7400 total=14000 metric=ce epoch=1/1
[pipeline-trace] wall=23:24:56 elapsed=73.633s phase=train event=interaction_progress trial=3 partition=0 processed=6700 total=14000 metric=ce epoch=1/1
[pipeline-trace] wall=23:24:56 elapsed=73.938s phase=train event=interaction_progress trial=3 partition=0 processed=6800 total=14000 metric=ce epoch=1/1
[pipeline-trace] wall=23:24:56 elapsed=72.562s phase=train event=interaction_progress trial=2 partition=0 processed=7500 total=14000 metric=ce epoch=1/1
[pipeline-trace] wall=23:24:56 elapsed=74.231s phase=train event=interaction_progress trial=3 partition=0 processed=6900 total=14000 metric=ce epoch=1/1
[pipeline-trace] wall=23:24:57 elapsed=72.981s phase=train event=interaction_progress trial=2 partition=0 processed=7600 total=14000 metric=ce epoch=1/1
[pipeline-trace] wall=23:24:57 elapsed=74.527s phase=train event=interaction_progress trial=3 partition=0 processed=7000 total=14000 metric=ce epoch=1/1
[pipeline-trace] wall=23:24:57 elapsed=73.385s phase=train event=interaction_progress trial=2 partition=0 processed=7700 total=14000 metric=ce epoch=1/1
[pipeline-trace] wall=23:24:57 elapsed=74.814s phase=train event=interaction_progress trial=3 partition=0 processed=7100 total=14000 metric=ce epoch=1/1
[pipeline-trace] wall=23:24:57 elapsed=75.114s phase=train event=interaction_progress trial=3 partition=0 processed=7200 total=14000 metric=ce epoch=1/1
[pipeline-trace] wall=23:24:57 elapsed=73.725s phase=train event=interaction_progress trial=2 partition=0 processed=7800 total=14000 metric=ce epoch=1/1
[pipeline-trace] wall=23:24:58 elapsed=75.401s phase=train event=interaction_progress trial=3 partition=0 processed=7300 total=14000 metric=ce epoch=1/1
[pipeline-trace] wall=23:24:58 elapsed=74.058s phase=train event=interaction_progress trial=2 partition=0 processed=7900 total=14000 metric=ce epoch=1/1
[pipeline-trace] wall=23:24:58 elapsed=75.693s phase=train event=interaction_progress trial=3 partition=0 processed=7400 total=14000 metric=ce epoch=1/1
[pipeline-trace] wall=23:24:58 elapsed=74.427s phase=train event=interaction_progress trial=2 partition=0 processed=8000 total=14000 metric=ce epoch=1/1
[pipeline-trace] wall=23:24:58 elapsed=75.986s phase=train event=interaction_progress trial=3 partition=0 processed=7500 total=14000 metric=ce epoch=1/1
[pipeline-trace] wall=23:24:58 elapsed=74.787s phase=train event=interaction_progress trial=2 partition=0 processed=8100 total=14000 metric=ce epoch=1/1
[pipeline-trace] wall=23:24:58 elapsed=76.259s phase=train event=interaction_progress trial=3 partition=0 processed=7600 total=14000 metric=ce epoch=1/1
[pipeline-trace] wall=23:24:59 elapsed=76.553s phase=train event=interaction_progress trial=3 partition=0 processed=7700 total=14000 metric=ce epoch=1/1
[pipeline-trace] wall=23:24:59 elapsed=75.232s phase=train event=interaction_progress trial=2 partition=0 processed=8200 total=14000 metric=ce epoch=1/1
[pipeline-trace] wall=23:24:59 elapsed=76.854s phase=train event=interaction_progress trial=3 partition=0 processed=7800 total=14000 metric=ce epoch=1/1
[pipeline-trace] wall=23:24:59 elapsed=77.101s phase=train event=interaction_progress trial=3 partition=0 processed=7900 total=14000 metric=ce epoch=1/1
[pipeline-trace] wall=23:24:59 elapsed=75.698s phase=train event=interaction_progress trial=2 partition=0 processed=8300 total=14000 metric=ce epoch=1/1
[pipeline-trace] wall=23:24:59 elapsed=77.324s phase=train event=interaction_progress trial=3 partition=0 processed=8000 total=14000 metric=ce epoch=1/1
[pipeline-trace] wall=23:25:00 elapsed=76.093s phase=train event=interaction_progress trial=2 partition=0 processed=8400 total=14000 metric=ce epoch=1/1
[pipeline-trace] wall=23:25:00 elapsed=77.557s phase=train event=interaction_progress trial=3 partition=0 processed=8100 total=14000 metric=ce epoch=1/1
[pipeline-trace] wall=23:25:00 elapsed=77.761s phase=train event=interaction_progress trial=3 partition=0 processed=8200 total=14000 metric=ce epoch=1/1
[pipeline-trace] wall=23:25:00 elapsed=76.498s phase=train event=interaction_progress trial=2 partition=0 processed=8500 total=14000 metric=ce epoch=1/1
[pipeline-trace] wall=23:25:00 elapsed=77.999s phase=train event=interaction_progress trial=3 partition=0 processed=8300 total=14000 metric=ce epoch=1/1
[pipeline-trace] wall=23:25:00 elapsed=78.225s phase=train event=interaction_progress trial=3 partition=0 processed=8400 total=14000 metric=ce epoch=1/1
[pipeline-trace] wall=23:25:01 elapsed=76.998s phase=train event=interaction_progress trial=2 partition=0 processed=8600 total=14000 metric=ce epoch=1/1
[pipeline-trace] wall=23:25:01 elapsed=78.477s phase=train event=interaction_progress trial=3 partition=0 processed=8500 total=14000 metric=ce epoch=1/1
[pipeline-trace] wall=23:25:01 elapsed=78.737s phase=train event=interaction_progress trial=3 partition=0 processed=8600 total=14000 metric=ce epoch=1/1
[pipeline-trace] wall=23:25:01 elapsed=77.454s phase=train event=interaction_progress trial=2 partition=0 processed=8700 total=14000 metric=ce epoch=1/1
[pipeline-trace] wall=23:25:01 elapsed=78.950s phase=train event=interaction_progress trial=3 partition=0 processed=8700 total=14000 metric=ce epoch=1/1
[pipeline-trace] wall=23:25:01 elapsed=77.836s phase=train event=interaction_progress trial=2 partition=0 processed=8800 total=14000 metric=ce epoch=1/1
[pipeline-trace] wall=23:25:01 elapsed=79.329s phase=train event=interaction_progress trial=3 partition=0 processed=8800 total=14000 metric=ce epoch=1/1
[pipeline-trace] wall=23:25:02 elapsed=79.552s phase=train event=interaction_progress trial=3 partition=0 processed=8900 total=14000 metric=ce epoch=1/1
[pipeline-trace] wall=23:25:02 elapsed=78.227s phase=train event=interaction_progress trial=2 partition=0 processed=8900 total=14000 metric=ce epoch=1/1
[pipeline-trace] wall=23:25:02 elapsed=79.812s phase=train event=interaction_progress trial=3 partition=0 processed=9000 total=14000 metric=ce epoch=1/1
[pipeline-trace] wall=23:25:02 elapsed=78.582s phase=train event=interaction_progress trial=2 partition=0 processed=9000 total=14000 metric=ce epoch=1/1
[pipeline-trace] wall=23:25:02 elapsed=80.109s phase=train event=interaction_progress trial=3 partition=0 processed=9100 total=14000 metric=ce epoch=1/1
[pipeline-trace] wall=23:25:03 elapsed=78.978s phase=train event=interaction_progress trial=2 partition=0 processed=9100 total=14000 metric=ce epoch=1/1
[pipeline-trace] wall=23:25:03 elapsed=80.411s phase=train event=interaction_progress trial=3 partition=0 processed=9200 total=14000 metric=ce epoch=1/1
[pipeline-trace] wall=23:25:03 elapsed=80.709s phase=train event=interaction_progress trial=3 partition=0 processed=9300 total=14000 metric=ce epoch=1/1
[pipeline-trace] wall=23:25:03 elapsed=79.366s phase=train event=interaction_progress trial=2 partition=0 processed=9200 total=14000 metric=ce epoch=1/1
[pipeline-trace] wall=23:25:03 elapsed=81.008s phase=train event=interaction_progress trial=3 partition=0 processed=9400 total=14000 metric=ce epoch=1/1
[pipeline-trace] wall=23:25:03 elapsed=79.730s phase=train event=interaction_progress trial=2 partition=0 processed=9300 total=14000 metric=ce epoch=1/1
[pipeline-trace] wall=23:25:03 elapsed=81.286s phase=train event=interaction_progress trial=3 partition=0 processed=9500 total=14000 metric=ce epoch=1/1
[pipeline-trace] wall=23:25:04 elapsed=80.123s phase=train event=interaction_progress trial=2 partition=0 processed=9400 total=14000 metric=ce epoch=1/1
[pipeline-trace] wall=23:25:04 elapsed=81.570s phase=train event=interaction_progress trial=3 partition=0 processed=9600 total=14000 metric=ce epoch=1/1
[pipeline-trace] wall=23:25:04 elapsed=81.804s phase=train event=interaction_progress trial=3 partition=0 processed=9700 total=14000 metric=ce epoch=1/1
[pipeline-trace] wall=23:25:04 elapsed=80.489s phase=train event=interaction_progress trial=2 partition=0 processed=9500 total=14000 metric=ce epoch=1/1
[pipeline-trace] wall=23:25:04 elapsed=82.038s phase=train event=interaction_progress trial=3 partition=0 processed=9800 total=14000 metric=ce epoch=1/1
[pipeline-trace] wall=23:25:04 elapsed=82.278s phase=train event=interaction_progress trial=3 partition=0 processed=9900 total=14000 metric=ce epoch=1/1
[pipeline-trace] wall=23:25:04 elapsed=80.895s phase=train event=interaction_progress trial=2 partition=0 processed=9600 total=14000 metric=ce epoch=1/1
[pipeline-trace] wall=23:25:05 elapsed=82.514s phase=train event=interaction_progress trial=3 partition=0 processed=10000 total=14000 metric=ce epoch=1/1
[pipeline-trace] wall=23:25:05 elapsed=81.266s phase=train event=interaction_progress trial=2 partition=0 processed=9700 total=14000 metric=ce epoch=1/1
[pipeline-trace] wall=23:25:05 elapsed=82.753s phase=train event=interaction_progress trial=3 partition=0 processed=10100 total=14000 metric=ce epoch=1/1
[pipeline-trace] wall=23:25:05 elapsed=83.004s phase=train event=interaction_progress trial=3 partition=0 processed=10200 total=14000 metric=ce epoch=1/1
[pipeline-trace] wall=23:25:05 elapsed=81.669s phase=train event=interaction_progress trial=2 partition=0 processed=9800 total=14000 metric=ce epoch=1/1
[pipeline-trace] wall=23:25:05 elapsed=83.340s phase=train event=interaction_progress trial=3 partition=0 processed=10300 total=14000 metric=ce epoch=1/1
[pipeline-trace] wall=23:25:06 elapsed=82.075s phase=train event=interaction_progress trial=2 partition=0 processed=9900 total=14000 metric=ce epoch=1/1
[pipeline-trace] wall=23:25:06 elapsed=83.604s phase=train event=interaction_progress trial=3 partition=0 processed=10400 total=14000 metric=ce epoch=1/1
[pipeline-trace] wall=23:25:06 elapsed=83.843s phase=train event=interaction_progress trial=3 partition=0 processed=10500 total=14000 metric=ce epoch=1/1
[pipeline-trace] wall=23:25:06 elapsed=82.429s phase=train event=interaction_progress trial=2 partition=0 processed=10000 total=14000 metric=ce epoch=1/1
[pipeline-trace] wall=23:25:06 elapsed=84.081s phase=train event=interaction_progress trial=3 partition=0 processed=10600 total=14000 metric=ce epoch=1/1
[pipeline-trace] wall=23:25:06 elapsed=82.846s phase=train event=interaction_progress trial=2 partition=0 processed=10100 total=14000 metric=ce epoch=1/1
[pipeline-trace] wall=23:25:06 elapsed=84.333s phase=train event=interaction_progress trial=3 partition=0 processed=10700 total=14000 metric=ce epoch=1/1
[pipeline-trace] wall=23:25:07 elapsed=84.590s phase=train event=interaction_progress trial=3 partition=0 processed=10800 total=14000 metric=ce epoch=1/1
[pipeline-trace] wall=23:25:07 elapsed=83.242s phase=train event=interaction_progress trial=2 partition=0 processed=10200 total=14000 metric=ce epoch=1/1
[pipeline-trace] wall=23:25:07 elapsed=84.879s phase=train event=interaction_progress trial=3 partition=0 processed=10900 total=14000 metric=ce epoch=1/1
[pipeline-trace] wall=23:25:07 elapsed=83.657s phase=train event=interaction_progress trial=2 partition=0 processed=10300 total=14000 metric=ce epoch=1/1
[pipeline-trace] wall=23:25:07 elapsed=85.205s phase=train event=interaction_progress trial=3 partition=0 processed=11000 total=14000 metric=ce epoch=1/1
[pipeline-trace] wall=23:25:08 elapsed=83.984s phase=train event=interaction_progress trial=2 partition=0 processed=10400 total=14000 metric=ce epoch=1/1
[pipeline-trace] wall=23:25:08 elapsed=85.524s phase=train event=interaction_progress trial=3 partition=0 processed=11100 total=14000 metric=ce epoch=1/1
[pipeline-trace] wall=23:25:08 elapsed=84.339s phase=train event=interaction_progress trial=2 partition=0 processed=10500 total=14000 metric=ce epoch=1/1
[pipeline-trace] wall=23:25:08 elapsed=85.834s phase=train event=interaction_progress trial=3 partition=0 processed=11200 total=14000 metric=ce epoch=1/1
[pipeline-trace] wall=23:25:08 elapsed=86.081s phase=train event=interaction_progress trial=3 partition=0 processed=11300 total=14000 metric=ce epoch=1/1
[pipeline-trace] wall=23:25:08 elapsed=84.666s phase=train event=interaction_progress trial=2 partition=0 processed=10600 total=14000 metric=ce epoch=1/1
[pipeline-trace] wall=23:25:08 elapsed=86.333s phase=train event=interaction_progress trial=3 partition=0 processed=11400 total=14000 metric=ce epoch=1/1
[pipeline-trace] wall=23:25:09 elapsed=85.093s phase=train event=interaction_progress trial=2 partition=0 processed=10700 total=14000 metric=ce epoch=1/1
[pipeline-trace] wall=23:25:09 elapsed=86.559s phase=train event=interaction_progress trial=3 partition=0 processed=11500 total=14000 metric=ce epoch=1/1
[pipeline-trace] wall=23:25:09 elapsed=86.886s phase=train event=interaction_progress trial=3 partition=0 processed=11600 total=14000 metric=ce epoch=1/1
[pipeline-trace] wall=23:25:09 elapsed=85.488s phase=train event=interaction_progress trial=2 partition=0 processed=10800 total=14000 metric=ce epoch=1/1
[pipeline-trace] wall=23:25:09 elapsed=87.128s phase=train event=interaction_progress trial=3 partition=0 processed=11700 total=14000 metric=ce epoch=1/1
[pipeline-trace] wall=23:25:09 elapsed=85.861s phase=train event=interaction_progress trial=2 partition=0 processed=10900 total=14000 metric=ce epoch=1/1
[pipeline-trace] wall=23:25:10 elapsed=87.376s phase=train event=interaction_progress trial=3 partition=0 processed=11800 total=14000 metric=ce epoch=1/1
[pipeline-trace] wall=23:25:10 elapsed=87.611s phase=train event=interaction_progress trial=3 partition=0 processed=11900 total=14000 metric=ce epoch=1/1
[pipeline-trace] wall=23:25:10 elapsed=86.235s phase=train event=interaction_progress trial=2 partition=0 processed=11000 total=14000 metric=ce epoch=1/1
[pipeline-trace] wall=23:25:10 elapsed=87.796s phase=train event=interaction_progress trial=3 partition=0 processed=12000 total=14000 metric=ce epoch=1/1
[pipeline-trace] wall=23:25:10 elapsed=87.980s phase=train event=interaction_progress trial=3 partition=0 processed=12100 total=14000 metric=ce epoch=1/1
[pipeline-trace] wall=23:25:10 elapsed=86.569s phase=train event=interaction_progress trial=2 partition=0 processed=11100 total=14000 metric=ce epoch=1/1
[pipeline-trace] wall=23:25:10 elapsed=88.176s phase=train event=interaction_progress trial=3 partition=0 processed=12200 total=14000 metric=ce epoch=1/1
[pipeline-trace] wall=23:25:10 elapsed=88.352s phase=train event=interaction_progress trial=3 partition=0 processed=12300 total=14000 metric=ce epoch=1/1
[pipeline-trace] wall=23:25:10 elapsed=86.932s phase=train event=interaction_progress trial=2 partition=0 processed=11200 total=14000 metric=ce epoch=1/1
[pipeline-trace] wall=23:25:11 elapsed=88.525s phase=train event=interaction_progress trial=3 partition=0 processed=12400 total=14000 metric=ce epoch=1/1
[pipeline-trace] wall=23:25:11 elapsed=87.271s phase=train event=interaction_progress trial=2 partition=0 processed=11300 total=14000 metric=ce epoch=1/1
[pipeline-trace] wall=23:25:11 elapsed=88.712s phase=train event=interaction_progress trial=3 partition=0 processed=12500 total=14000 metric=ce epoch=1/1
[pipeline-trace] wall=23:25:11 elapsed=88.922s phase=train event=interaction_progress trial=3 partition=0 processed=12600 total=14000 metric=ce epoch=1/1
[pipeline-trace] wall=23:25:11 elapsed=87.603s phase=train event=interaction_progress trial=2 partition=0 processed=11400 total=14000 metric=ce epoch=1/1
[pipeline-trace] wall=23:25:11 elapsed=89.148s phase=train event=interaction_progress trial=3 partition=0 processed=12700 total=14000 metric=ce epoch=1/1
[pipeline-trace] wall=23:25:12 elapsed=89.375s phase=train event=interaction_progress trial=3 partition=0 processed=12800 total=14000 metric=ce epoch=1/1
[pipeline-trace] wall=23:25:12 elapsed=88.012s phase=train event=interaction_progress trial=2 partition=0 processed=11500 total=14000 metric=ce epoch=1/1
[pipeline-trace] wall=23:25:12 elapsed=89.594s phase=train event=interaction_progress trial=3 partition=0 processed=12900 total=14000 metric=ce epoch=1/1
[pipeline-trace] wall=23:25:12 elapsed=89.810s phase=train event=interaction_progress trial=3 partition=0 processed=13000 total=14000 metric=ce epoch=1/1
[pipeline-trace] wall=23:25:12 elapsed=88.431s phase=train event=interaction_progress trial=2 partition=0 processed=11600 total=14000 metric=ce epoch=1/1
[pipeline-trace] wall=23:25:12 elapsed=90.030s phase=train event=interaction_progress trial=3 partition=0 processed=13100 total=14000 metric=ce epoch=1/1
[pipeline-trace] wall=23:25:12 elapsed=88.779s phase=train event=interaction_progress trial=2 partition=0 processed=11700 total=14000 metric=ce epoch=1/1
[pipeline-trace] wall=23:25:12 elapsed=90.249s phase=train event=interaction_progress trial=3 partition=0 processed=13200 total=14000 metric=ce epoch=1/1
[pipeline-trace] wall=23:25:13 elapsed=90.467s phase=train event=interaction_progress trial=3 partition=0 processed=13300 total=14000 metric=ce epoch=1/1
[pipeline-trace] wall=23:25:13 elapsed=89.186s phase=train event=interaction_progress trial=2 partition=0 processed=11800 total=14000 metric=ce epoch=1/1
[pipeline-trace] wall=23:25:13 elapsed=90.683s phase=train event=interaction_progress trial=3 partition=0 processed=13400 total=14000 metric=ce epoch=1/1
[pipeline-trace] wall=23:25:13 elapsed=90.890s phase=train event=interaction_progress trial=3 partition=0 processed=13500 total=14000 metric=ce epoch=1/1
[pipeline-trace] wall=23:25:13 elapsed=89.600s phase=train event=interaction_progress trial=2 partition=0 processed=11900 total=14000 metric=ce epoch=1/1
[pipeline-trace] wall=23:25:13 elapsed=91.104s phase=train event=interaction_progress trial=3 partition=0 processed=13600 total=14000 metric=ce epoch=1/1
[pipeline-trace] wall=23:25:13 elapsed=91.317s phase=train event=interaction_progress trial=3 partition=0 processed=13700 total=14000 metric=ce epoch=1/1
[pipeline-trace] wall=23:25:14 elapsed=89.999s phase=train event=interaction_progress trial=2 partition=0 processed=12000 total=14000 metric=ce epoch=1/1
[pipeline-trace] wall=23:25:14 elapsed=91.527s phase=train event=interaction_progress trial=3 partition=0 processed=13800 total=14000 metric=ce epoch=1/1
[pipeline-trace] wall=23:25:14 elapsed=91.734s phase=train event=interaction_progress trial=3 partition=0 processed=13900 total=14000 metric=ce epoch=1/1
[pipeline-trace] wall=23:25:14 elapsed=90.400s phase=train event=interaction_progress trial=2 partition=0 processed=12100 total=14000 metric=ce epoch=1/1
[pipeline-trace] wall=23:25:14 elapsed=91.945s phase=train event=interaction_progress trial=3 partition=0 processed=14000 total=14000 metric=ce epoch=1/1
[pipeline-trace] wall=23:25:14 elapsed=92.010s phase=eval event=batch_start trial=3 partitions=[1] synthetic=False
[pipeline-trace] wall=23:25:14 elapsed=92.010s phase=eval event=partition_start trial=3 partition=1 interactions=1999
[pipeline-trace] wall=23:25:14 elapsed=92.010s phase=eval event=interaction_progress trial=3 partition=1 processed=1 total=1999 metric=ranking
[pipeline-trace] wall=23:25:14 elapsed=92.105s phase=eval event=interaction_progress trial=3 partition=1 processed=100 total=1999 metric=ranking
[pipeline-trace] wall=23:25:14 elapsed=90.768s phase=train event=interaction_progress trial=2 partition=0 processed=12200 total=14000 metric=ce epoch=1/1
[pipeline-trace] wall=23:25:14 elapsed=92.200s phase=eval event=interaction_progress trial=3 partition=1 processed=200 total=1999 metric=ranking
[pipeline-trace] wall=23:25:14 elapsed=92.294s phase=eval event=interaction_progress trial=3 partition=1 processed=300 total=1999 metric=ranking
[pipeline-trace] wall=23:25:15 elapsed=92.388s phase=eval event=interaction_progress trial=3 partition=1 processed=400 total=1999 metric=ranking
[pipeline-trace] wall=23:25:15 elapsed=92.483s phase=eval event=interaction_progress trial=3 partition=1 processed=500 total=1999 metric=ranking
[pipeline-trace] wall=23:25:15 elapsed=92.576s phase=eval event=interaction_progress trial=3 partition=1 processed=600 total=1999 metric=ranking
[pipeline-trace] wall=23:25:15 elapsed=91.168s phase=train event=interaction_progress trial=2 partition=0 processed=12300 total=14000 metric=ce epoch=1/1
[pipeline-trace] wall=23:25:15 elapsed=92.669s phase=eval event=interaction_progress trial=3 partition=1 processed=700 total=1999 metric=ranking
[pipeline-trace] wall=23:25:15 elapsed=92.763s phase=eval event=interaction_progress trial=3 partition=1 processed=800 total=1999 metric=ranking
[pipeline-trace] wall=23:25:15 elapsed=92.858s phase=eval event=interaction_progress trial=3 partition=1 processed=900 total=1999 metric=ranking
[pipeline-trace] wall=23:25:15 elapsed=92.951s phase=eval event=interaction_progress trial=3 partition=1 processed=1000 total=1999 metric=ranking
[pipeline-trace] wall=23:25:15 elapsed=91.571s phase=train event=interaction_progress trial=2 partition=0 processed=12400 total=14000 metric=ce epoch=1/1
[pipeline-trace] wall=23:25:15 elapsed=93.045s phase=eval event=interaction_progress trial=3 partition=1 processed=1100 total=1999 metric=ranking
[pipeline-trace] wall=23:25:15 elapsed=93.139s phase=eval event=interaction_progress trial=3 partition=1 processed=1200 total=1999 metric=ranking
[pipeline-trace] wall=23:25:15 elapsed=93.232s phase=eval event=interaction_progress trial=3 partition=1 processed=1300 total=1999 metric=ranking
[pipeline-trace] wall=23:25:15 elapsed=93.326s phase=eval event=interaction_progress trial=3 partition=1 processed=1400 total=1999 metric=ranking
[pipeline-trace] wall=23:25:16 elapsed=91.988s phase=train event=interaction_progress trial=2 partition=0 processed=12500 total=14000 metric=ce epoch=1/1
[pipeline-trace] wall=23:25:16 elapsed=93.420s phase=eval event=interaction_progress trial=3 partition=1 processed=1500 total=1999 metric=ranking
[pipeline-trace] wall=23:25:16 elapsed=93.514s phase=eval event=interaction_progress trial=3 partition=1 processed=1600 total=1999 metric=ranking
[pipeline-trace] wall=23:25:16 elapsed=93.607s phase=eval event=interaction_progress trial=3 partition=1 processed=1700 total=1999 metric=ranking
[pipeline-trace] wall=23:25:16 elapsed=93.700s phase=eval event=interaction_progress trial=3 partition=1 processed=1800 total=1999 metric=ranking
[pipeline-trace] wall=23:25:16 elapsed=93.793s phase=eval event=interaction_progress trial=3 partition=1 processed=1900 total=1999 metric=ranking
[pipeline-trace] wall=23:25:16 elapsed=92.408s phase=train event=interaction_progress trial=2 partition=0 processed=12600 total=14000 metric=ce epoch=1/1
[pipeline-trace] wall=23:25:16 elapsed=93.885s phase=eval event=interaction_progress trial=3 partition=1 processed=1999 total=1999 metric=ranking
[pipeline-trace] wall=23:25:16 elapsed=93.886s phase=eval event=partition_complete trial=3 partition=1 elapsed_sec=1.876 hits=1719 total=1999
[pipeline-trace] wall=23:25:16 elapsed=93.942s phase=train event=interaction_progress trial=4 partition=0 processed=1 total=14000 metric=ce epoch=1/1
[pipeline-trace] wall=23:25:16 elapsed=92.783s phase=train event=interaction_progress trial=2 partition=0 processed=12700 total=14000 metric=ce epoch=1/1
[pipeline-trace] wall=23:25:16 elapsed=94.249s phase=train event=interaction_progress trial=4 partition=0 processed=100 total=14000 metric=ce epoch=1/1
[pipeline-trace] wall=23:25:17 elapsed=94.548s phase=train event=interaction_progress trial=4 partition=0 processed=200 total=14000 metric=ce epoch=1/1
[pipeline-trace] wall=23:25:17 elapsed=93.178s phase=train event=interaction_progress trial=2 partition=0 processed=12800 total=14000 metric=ce epoch=1/1
[pipeline-trace] wall=23:25:17 elapsed=94.840s phase=train event=interaction_progress trial=4 partition=0 processed=300 total=14000 metric=ce epoch=1/1
[pipeline-trace] wall=23:25:17 elapsed=93.582s phase=train event=interaction_progress trial=2 partition=0 processed=12900 total=14000 metric=ce epoch=1/1
[pipeline-trace] wall=23:25:17 elapsed=95.130s phase=train event=interaction_progress trial=4 partition=0 processed=400 total=14000 metric=ce epoch=1/1
[pipeline-trace] wall=23:25:18 elapsed=93.991s phase=train event=interaction_progress trial=2 partition=0 processed=13000 total=14000 metric=ce epoch=1/1
[pipeline-trace] wall=23:25:18 elapsed=95.430s phase=train event=interaction_progress trial=4 partition=0 processed=500 total=14000 metric=ce epoch=1/1
[pipeline-trace] wall=23:25:18 elapsed=95.705s phase=train event=interaction_progress trial=4 partition=0 processed=600 total=14000 metric=ce epoch=1/1
[pipeline-trace] wall=23:25:18 elapsed=94.400s phase=train event=interaction_progress trial=2 partition=0 processed=13100 total=14000 metric=ce epoch=1/1
[pipeline-trace] wall=23:25:18 elapsed=96.003s phase=train event=interaction_progress trial=4 partition=0 processed=700 total=14000 metric=ce epoch=1/1
[pipeline-trace] wall=23:25:18 elapsed=94.807s phase=train event=interaction_progress trial=2 partition=0 processed=13200 total=14000 metric=ce epoch=1/1
[pipeline-trace] wall=23:25:18 elapsed=96.292s phase=train event=interaction_progress trial=4 partition=0 processed=800 total=14000 metric=ce epoch=1/1
[pipeline-trace] wall=23:25:19 elapsed=96.584s phase=train event=interaction_progress trial=4 partition=0 processed=900 total=14000 metric=ce epoch=1/1
[pipeline-trace] wall=23:25:19 elapsed=95.163s phase=train event=interaction_progress trial=2 partition=0 processed=13300 total=14000 metric=ce epoch=1/1
[pipeline-trace] wall=23:25:19 elapsed=96.879s phase=train event=interaction_progress trial=4 partition=0 processed=1000 total=14000 metric=ce epoch=1/1
[pipeline-trace] wall=23:25:19 elapsed=95.577s phase=train event=interaction_progress trial=2 partition=0 processed=13400 total=14000 metric=ce epoch=1/1
[pipeline-trace] wall=23:25:19 elapsed=97.173s phase=train event=interaction_progress trial=4 partition=0 processed=1100 total=14000 metric=ce epoch=1/1
[pipeline-trace] wall=23:25:20 elapsed=95.986s phase=train event=interaction_progress trial=2 partition=0 processed=13500 total=14000 metric=ce epoch=1/1
[pipeline-trace] wall=23:25:20 elapsed=97.470s phase=train event=interaction_progress trial=4 partition=0 processed=1200 total=14000 metric=ce epoch=1/1
[pipeline-trace] wall=23:25:20 elapsed=97.742s phase=train event=interaction_progress trial=4 partition=0 processed=1300 total=14000 metric=ce epoch=1/1
[pipeline-trace] wall=23:25:20 elapsed=96.390s phase=train event=interaction_progress trial=2 partition=0 processed=13600 total=14000 metric=ce epoch=1/1
[pipeline-trace] wall=23:25:20 elapsed=97.990s phase=train event=interaction_progress trial=4 partition=0 processed=1400 total=14000 metric=ce epoch=1/1
[pipeline-trace] wall=23:25:20 elapsed=96.786s phase=train event=interaction_progress trial=2 partition=0 processed=13700 total=14000 metric=ce epoch=1/1
[pipeline-trace] wall=23:25:20 elapsed=98.272s phase=train event=interaction_progress trial=4 partition=0 processed=1500 total=14000 metric=ce epoch=1/1
[pipeline-trace] wall=23:25:21 elapsed=98.535s phase=train event=interaction_progress trial=4 partition=0 processed=1600 total=14000 metric=ce epoch=1/1
[pipeline-trace] wall=23:25:21 elapsed=97.194s phase=train event=interaction_progress trial=2 partition=0 processed=13800 total=14000 metric=ce epoch=1/1
[pipeline-trace] wall=23:25:21 elapsed=98.779s phase=train event=interaction_progress trial=4 partition=0 processed=1700 total=14000 metric=ce epoch=1/1
[pipeline-trace] wall=23:25:21 elapsed=99.023s phase=train event=interaction_progress trial=4 partition=0 processed=1800 total=14000 metric=ce epoch=1/1
[pipeline-trace] wall=23:25:21 elapsed=97.597s phase=train event=interaction_progress trial=2 partition=0 processed=13900 total=14000 metric=ce epoch=1/1
[pipeline-trace] wall=23:25:21 elapsed=99.235s phase=train event=interaction_progress trial=4 partition=0 processed=1900 total=14000 metric=ce epoch=1/1
[pipeline-trace] wall=23:25:22 elapsed=97.986s phase=train event=interaction_progress trial=2 partition=0 processed=14000 total=14000 metric=ce epoch=1/1
[pipeline-trace] wall=23:25:22 elapsed=99.451s phase=train event=interaction_progress trial=4 partition=0 processed=2000 total=14000 metric=ce epoch=1/1
[pipeline-trace] wall=23:25:22 elapsed=98.034s phase=eval event=batch_start trial=2 partitions=[1] synthetic=False
[pipeline-trace] wall=23:25:22 elapsed=98.034s phase=eval event=partition_start trial=2 partition=1 interactions=1999
[pipeline-trace] wall=23:25:22 elapsed=98.035s phase=eval event=interaction_progress trial=2 partition=1 processed=1 total=1999 metric=ranking
[pipeline-trace] wall=23:25:22 elapsed=98.187s phase=eval event=interaction_progress trial=2 partition=1 processed=100 total=1999 metric=ranking
[pipeline-trace] wall=23:25:22 elapsed=99.683s phase=train event=interaction_progress trial=4 partition=0 processed=2100 total=14000 metric=ce epoch=1/1
[pipeline-trace] wall=23:25:22 elapsed=98.376s phase=eval event=interaction_progress trial=2 partition=1 processed=200 total=1999 metric=ranking
[pipeline-trace] wall=23:25:22 elapsed=98.496s phase=eval event=interaction_progress trial=2 partition=1 processed=300 total=1999 metric=ranking
[pipeline-trace] wall=23:25:22 elapsed=99.933s phase=train event=interaction_progress trial=4 partition=0 processed=2200 total=14000 metric=ce epoch=1/1
[pipeline-trace] wall=23:25:22 elapsed=98.615s phase=eval event=interaction_progress trial=2 partition=1 processed=400 total=1999 metric=ranking
[pipeline-trace] wall=23:25:22 elapsed=100.143s phase=train event=interaction_progress trial=4 partition=0 processed=2300 total=14000 metric=ce epoch=1/1
[pipeline-trace] wall=23:25:22 elapsed=98.735s phase=eval event=interaction_progress trial=2 partition=1 processed=500 total=1999 metric=ranking
[pipeline-trace] wall=23:25:22 elapsed=98.854s phase=eval event=interaction_progress trial=2 partition=1 processed=600 total=1999 metric=ranking
[pipeline-trace] wall=23:25:22 elapsed=100.353s phase=train event=interaction_progress trial=4 partition=0 processed=2400 total=14000 metric=ce epoch=1/1
[pipeline-trace] wall=23:25:23 elapsed=98.976s phase=eval event=interaction_progress trial=2 partition=1 processed=700 total=1999 metric=ranking
[pipeline-trace] wall=23:25:23 elapsed=99.096s phase=eval event=interaction_progress trial=2 partition=1 processed=800 total=1999 metric=ranking
[pipeline-trace] wall=23:25:23 elapsed=100.631s phase=train event=interaction_progress trial=4 partition=0 processed=2500 total=14000 metric=ce epoch=1/1
[pipeline-trace] wall=23:25:23 elapsed=99.215s phase=eval event=interaction_progress trial=2 partition=1 processed=900 total=1999 metric=ranking
[pipeline-trace] wall=23:25:23 elapsed=99.334s phase=eval event=interaction_progress trial=2 partition=1 processed=1000 total=1999 metric=ranking
[pipeline-trace] wall=23:25:23 elapsed=100.841s phase=train event=interaction_progress trial=4 partition=0 processed=2600 total=14000 metric=ce epoch=1/1
[pipeline-trace] wall=23:25:23 elapsed=99.453s phase=eval event=interaction_progress trial=2 partition=1 processed=1100 total=1999 metric=ranking
[pipeline-trace] wall=23:25:23 elapsed=99.572s phase=eval event=interaction_progress trial=2 partition=1 processed=1200 total=1999 metric=ranking
[pipeline-trace] wall=23:25:23 elapsed=101.051s phase=train event=interaction_progress trial=4 partition=0 processed=2700 total=14000 metric=ce epoch=1/1
[pipeline-trace] wall=23:25:23 elapsed=99.691s phase=eval event=interaction_progress trial=2 partition=1 processed=1300 total=1999 metric=ranking
[pipeline-trace] wall=23:25:23 elapsed=99.825s phase=eval event=interaction_progress trial=2 partition=1 processed=1400 total=1999 metric=ranking
[pipeline-trace] wall=23:25:23 elapsed=101.297s phase=train event=interaction_progress trial=4 partition=0 processed=2800 total=14000 metric=ce epoch=1/1
[pipeline-trace] wall=23:25:24 elapsed=99.960s phase=eval event=interaction_progress trial=2 partition=1 processed=1500 total=1999 metric=ranking
[pipeline-trace] wall=23:25:24 elapsed=100.079s phase=eval event=interaction_progress trial=2 partition=1 processed=1600 total=1999 metric=ranking
[pipeline-trace] wall=23:25:24 elapsed=101.519s phase=train event=interaction_progress trial=4 partition=0 processed=2900 total=14000 metric=ce epoch=1/1
[pipeline-trace] wall=23:25:24 elapsed=100.198s phase=eval event=interaction_progress trial=2 partition=1 processed=1700 total=1999 metric=ranking
[pipeline-trace] wall=23:25:24 elapsed=100.317s phase=eval event=interaction_progress trial=2 partition=1 processed=1800 total=1999 metric=ranking
[pipeline-trace] wall=23:25:24 elapsed=101.747s phase=train event=interaction_progress trial=4 partition=0 processed=3000 total=14000 metric=ce epoch=1/1
[pipeline-trace] wall=23:25:24 elapsed=100.436s phase=eval event=interaction_progress trial=2 partition=1 processed=1900 total=1999 metric=ranking
[pipeline-trace] wall=23:25:24 elapsed=100.553s phase=eval event=interaction_progress trial=2 partition=1 processed=1999 total=1999 metric=ranking
[pipeline-trace] wall=23:25:24 elapsed=100.555s phase=eval event=partition_complete trial=2 partition=1 elapsed_sec=2.521 hits=1444 total=1999
[pipeline-trace] wall=23:25:24 elapsed=101.987s phase=train event=interaction_progress trial=4 partition=0 processed=3100 total=14000 metric=ce epoch=1/1
[pipeline-trace] wall=23:25:24 elapsed=100.616s phase=train event=interaction_progress trial=5 partition=0 processed=1 total=14000 metric=ce epoch=1/1
[pipeline-trace] wall=23:25:24 elapsed=102.234s phase=train event=interaction_progress trial=4 partition=0 processed=3200 total=14000 metric=ce epoch=1/1
[pipeline-trace] wall=23:25:25 elapsed=100.936s phase=train event=interaction_progress trial=5 partition=0 processed=100 total=14000 metric=ce epoch=1/1
[pipeline-trace] wall=23:25:25 elapsed=102.473s phase=train event=interaction_progress trial=4 partition=0 processed=3300 total=14000 metric=ce epoch=1/1
[pipeline-trace] wall=23:25:25 elapsed=101.274s phase=train event=interaction_progress trial=5 partition=0 processed=200 total=14000 metric=ce epoch=1/1
[pipeline-trace] wall=23:25:25 elapsed=102.709s phase=train event=interaction_progress trial=4 partition=0 processed=3400 total=14000 metric=ce epoch=1/1
[pipeline-trace] wall=23:25:25 elapsed=102.948s phase=train event=interaction_progress trial=4 partition=0 processed=3500 total=14000 metric=ce epoch=1/1
[pipeline-trace] wall=23:25:25 elapsed=101.613s phase=train event=interaction_progress trial=5 partition=0 processed=300 total=14000 metric=ce epoch=1/1
[pipeline-trace] wall=23:25:25 elapsed=103.194s phase=train event=interaction_progress trial=4 partition=0 processed=3600 total=14000 metric=ce epoch=1/1
[pipeline-trace] wall=23:25:26 elapsed=101.950s phase=train event=interaction_progress trial=5 partition=0 processed=400 total=14000 metric=ce epoch=1/1
[pipeline-trace] wall=23:25:26 elapsed=103.468s phase=train event=interaction_progress trial=4 partition=0 processed=3700 total=14000 metric=ce epoch=1/1
[pipeline-trace] wall=23:25:26 elapsed=103.840s phase=train event=interaction_progress trial=4 partition=0 processed=3800 total=14000 metric=ce epoch=1/1
[pipeline-trace] wall=23:25:26 elapsed=102.418s phase=train event=interaction_progress trial=5 partition=0 processed=500 total=14000 metric=ce epoch=1/1
[pipeline-trace] wall=23:25:26 elapsed=104.256s phase=train event=interaction_progress trial=4 partition=0 processed=3900 total=14000 metric=ce epoch=1/1
[pipeline-trace] wall=23:25:26 elapsed=102.932s phase=train event=interaction_progress trial=5 partition=0 processed=600 total=14000 metric=ce epoch=1/1
[pipeline-trace] wall=23:25:27 elapsed=104.672s phase=train event=interaction_progress trial=4 partition=0 processed=4000 total=14000 metric=ce epoch=1/1
[pipeline-trace] wall=23:25:28 elapsed=104.499s phase=train event=interaction_progress trial=5 partition=0 processed=700 total=14000 metric=ce epoch=1/1
[pipeline-trace] wall=23:25:29 elapsed=104.994s phase=train event=interaction_progress trial=5 partition=0 processed=800 total=14000 metric=ce epoch=1/1
[pipeline-trace] wall=23:25:29 elapsed=105.767s phase=train event=interaction_progress trial=5 partition=0 processed=900 total=14000 metric=ce epoch=1/1
[pipeline-trace] wall=23:25:30 elapsed=106.199s phase=train event=interaction_progress trial=5 partition=0 processed=1000 total=14000 metric=ce epoch=1/1
[pipeline-trace] wall=23:25:30 elapsed=106.630s phase=train event=interaction_progress trial=5 partition=0 processed=1100 total=14000 metric=ce epoch=1/1
[pipeline-trace] wall=23:25:31 elapsed=107.115s phase=train event=interaction_progress trial=5 partition=0 processed=1200 total=14000 metric=ce epoch=1/1
[pipeline-trace] wall=23:25:32 elapsed=108.659s phase=train event=interaction_progress trial=5 partition=0 processed=1300 total=14000 metric=ce epoch=1/1
[pipeline-trace] wall=23:25:33 elapsed=110.369s phase=train event=interaction_progress trial=4 partition=0 processed=4100 total=14000 metric=ce epoch=1/1
[pipeline-trace] wall=23:25:33 elapsed=109.165s phase=train event=interaction_progress trial=5 partition=0 processed=1400 total=14000 metric=ce epoch=1/1
[pipeline-trace] wall=23:25:33 elapsed=110.748s phase=train event=interaction_progress trial=4 partition=0 processed=4200 total=14000 metric=ce epoch=1/1
[pipeline-trace] wall=23:25:33 elapsed=109.508s phase=train event=interaction_progress trial=5 partition=0 processed=1500 total=14000 metric=ce epoch=1/1
[pipeline-trace] wall=23:25:33 elapsed=111.105s phase=train event=interaction_progress trial=4 partition=0 processed=4300 total=14000 metric=ce epoch=1/1
[pipeline-trace] wall=23:25:33 elapsed=109.871s phase=train event=interaction_progress trial=5 partition=0 processed=1600 total=14000 metric=ce epoch=1/1
[pipeline-trace] wall=23:25:34 elapsed=111.397s phase=train event=interaction_progress trial=4 partition=0 processed=4400 total=14000 metric=ce epoch=1/1
[pipeline-trace] wall=23:25:34 elapsed=110.149s phase=train event=interaction_progress trial=5 partition=0 processed=1700 total=14000 metric=ce epoch=1/1
[pipeline-trace] wall=23:25:34 elapsed=111.708s phase=train event=interaction_progress trial=4 partition=0 processed=4500 total=14000 metric=ce epoch=1/1
[pipeline-trace] wall=23:25:34 elapsed=110.410s phase=train event=interaction_progress trial=5 partition=0 processed=1800 total=14000 metric=ce epoch=1/1
[pipeline-trace] wall=23:25:34 elapsed=112.002s phase=train event=interaction_progress trial=4 partition=0 processed=4600 total=14000 metric=ce epoch=1/1
[pipeline-trace] wall=23:25:34 elapsed=110.666s phase=train event=interaction_progress trial=5 partition=0 processed=1900 total=14000 metric=ce epoch=1/1
[pipeline-trace] wall=23:25:35 elapsed=110.955s phase=train event=interaction_progress trial=5 partition=0 processed=2000 total=14000 metric=ce epoch=1/1
[pipeline-trace] wall=23:25:35 elapsed=112.386s phase=train event=interaction_progress trial=4 partition=0 processed=4700 total=14000 metric=ce epoch=1/1
[pipeline-trace] wall=23:25:35 elapsed=111.258s phase=train event=interaction_progress trial=5 partition=0 processed=2100 total=14000 metric=ce epoch=1/1
[pipeline-trace] wall=23:25:35 elapsed=112.768s phase=train event=interaction_progress trial=4 partition=0 processed=4800 total=14000 metric=ce epoch=1/1
[pipeline-trace] wall=23:25:35 elapsed=111.543s phase=train event=interaction_progress trial=5 partition=0 processed=2200 total=14000 metric=ce epoch=1/1
[pipeline-trace] wall=23:25:35 elapsed=113.110s phase=train event=interaction_progress trial=4 partition=0 processed=4900 total=14000 metric=ce epoch=1/1
[pipeline-trace] wall=23:25:35 elapsed=111.849s phase=train event=interaction_progress trial=5 partition=0 processed=2300 total=14000 metric=ce epoch=1/1
[pipeline-trace] wall=23:25:36 elapsed=113.371s phase=train event=interaction_progress trial=4 partition=0 processed=5000 total=14000 metric=ce epoch=1/1
[pipeline-trace] wall=23:25:36 elapsed=112.159s phase=train event=interaction_progress trial=5 partition=0 processed=2400 total=14000 metric=ce epoch=1/1
[pipeline-trace] wall=23:25:36 elapsed=113.658s phase=train event=interaction_progress trial=4 partition=0 processed=5100 total=14000 metric=ce epoch=1/1
[pipeline-trace] wall=23:25:36 elapsed=112.489s phase=train event=interaction_progress trial=5 partition=0 processed=2500 total=14000 metric=ce epoch=1/1
[pipeline-trace] wall=23:25:36 elapsed=113.926s phase=train event=interaction_progress trial=4 partition=0 processed=5200 total=14000 metric=ce epoch=1/1
[pipeline-trace] wall=23:25:36 elapsed=112.790s phase=train event=interaction_progress trial=5 partition=0 processed=2600 total=14000 metric=ce epoch=1/1
[pipeline-trace] wall=23:25:36 elapsed=114.251s phase=train event=interaction_progress trial=4 partition=0 processed=5300 total=14000 metric=ce epoch=1/1
[pipeline-trace] wall=23:25:37 elapsed=113.081s phase=train event=interaction_progress trial=5 partition=0 processed=2700 total=14000 metric=ce epoch=1/1
[pipeline-trace] wall=23:25:37 elapsed=114.567s phase=train event=interaction_progress trial=4 partition=0 processed=5400 total=14000 metric=ce epoch=1/1
[pipeline-trace] wall=23:25:37 elapsed=113.365s phase=train event=interaction_progress trial=5 partition=0 processed=2800 total=14000 metric=ce epoch=1/1
[pipeline-trace] wall=23:25:37 elapsed=114.877s phase=train event=interaction_progress trial=4 partition=0 processed=5500 total=14000 metric=ce epoch=1/1
[pipeline-trace] wall=23:25:37 elapsed=113.661s phase=train event=interaction_progress trial=5 partition=0 processed=2900 total=14000 metric=ce epoch=1/1
[pipeline-trace] wall=23:25:37 elapsed=115.172s phase=train event=interaction_progress trial=4 partition=0 processed=5600 total=14000 metric=ce epoch=1/1
[pipeline-trace] wall=23:25:38 elapsed=113.965s phase=train event=interaction_progress trial=5 partition=0 processed=3000 total=14000 metric=ce epoch=1/1
[pipeline-trace] wall=23:25:38 elapsed=115.403s phase=train event=interaction_progress trial=4 partition=0 processed=5700 total=14000 metric=ce epoch=1/1
[pipeline-trace] wall=23:25:38 elapsed=115.629s phase=train event=interaction_progress trial=4 partition=0 processed=5800 total=14000 metric=ce epoch=1/1
[pipeline-trace] wall=23:25:38 elapsed=114.268s phase=train event=interaction_progress trial=5 partition=0 processed=3100 total=14000 metric=ce epoch=1/1
[pipeline-trace] wall=23:25:38 elapsed=115.893s phase=train event=interaction_progress trial=4 partition=0 processed=5900 total=14000 metric=ce epoch=1/1
[pipeline-trace] wall=23:25:38 elapsed=114.552s phase=train event=interaction_progress trial=5 partition=0 processed=3200 total=14000 metric=ce epoch=1/1
[pipeline-trace] wall=23:25:38 elapsed=116.154s phase=train event=interaction_progress trial=4 partition=0 processed=6000 total=14000 metric=ce epoch=1/1
[pipeline-trace] wall=23:25:38 elapsed=114.846s phase=train event=interaction_progress trial=5 partition=0 processed=3300 total=14000 metric=ce epoch=1/1
[pipeline-trace] wall=23:25:39 elapsed=116.393s phase=train event=interaction_progress trial=4 partition=0 processed=6100 total=14000 metric=ce epoch=1/1
[pipeline-trace] wall=23:25:39 elapsed=115.122s phase=train event=interaction_progress trial=5 partition=0 processed=3400 total=14000 metric=ce epoch=1/1
[pipeline-trace] wall=23:25:39 elapsed=116.630s phase=train event=interaction_progress trial=4 partition=0 processed=6200 total=14000 metric=ce epoch=1/1
[pipeline-trace] wall=23:25:39 elapsed=115.443s phase=train event=interaction_progress trial=5 partition=0 processed=3500 total=14000 metric=ce epoch=1/1
[pipeline-trace] wall=23:25:39 elapsed=116.880s phase=train event=interaction_progress trial=4 partition=0 processed=6300 total=14000 metric=ce epoch=1/1
[pipeline-trace] wall=23:25:39 elapsed=117.125s phase=train event=interaction_progress trial=4 partition=0 processed=6400 total=14000 metric=ce epoch=1/1
[pipeline-trace] wall=23:25:39 elapsed=115.787s phase=train event=interaction_progress trial=5 partition=0 processed=3600 total=14000 metric=ce epoch=1/1
[pipeline-trace] wall=23:25:39 elapsed=117.361s phase=train event=interaction_progress trial=4 partition=0 processed=6500 total=14000 metric=ce epoch=1/1
[pipeline-trace] wall=23:25:40 elapsed=116.096s phase=train event=interaction_progress trial=5 partition=0 processed=3700 total=14000 metric=ce epoch=1/1
[pipeline-trace] wall=23:25:40 elapsed=117.596s phase=train event=interaction_progress trial=4 partition=0 processed=6600 total=14000 metric=ce epoch=1/1
[pipeline-trace] wall=23:25:40 elapsed=116.353s phase=train event=interaction_progress trial=5 partition=0 processed=3800 total=14000 metric=ce epoch=1/1
[pipeline-trace] wall=23:25:40 elapsed=117.830s phase=train event=interaction_progress trial=4 partition=0 processed=6700 total=14000 metric=ce epoch=1/1
[pipeline-trace] wall=23:25:40 elapsed=116.611s phase=train event=interaction_progress trial=5 partition=0 processed=3900 total=14000 metric=ce epoch=1/1
[pipeline-trace] wall=23:25:40 elapsed=118.065s phase=train event=interaction_progress trial=4 partition=0 processed=6800 total=14000 metric=ce epoch=1/1
[pipeline-trace] wall=23:25:40 elapsed=118.298s phase=train event=interaction_progress trial=4 partition=0 processed=6900 total=14000 metric=ce epoch=1/1
[pipeline-trace] wall=23:25:40 elapsed=116.898s phase=train event=interaction_progress trial=5 partition=0 processed=4000 total=14000 metric=ce epoch=1/1
[pipeline-trace] wall=23:25:41 elapsed=118.530s phase=train event=interaction_progress trial=4 partition=0 processed=7000 total=14000 metric=ce epoch=1/1
[pipeline-trace] wall=23:25:41 elapsed=117.202s phase=train event=interaction_progress trial=5 partition=0 processed=4100 total=14000 metric=ce epoch=1/1
[pipeline-trace] wall=23:25:41 elapsed=118.765s phase=train event=interaction_progress trial=4 partition=0 processed=7100 total=14000 metric=ce epoch=1/1
[pipeline-trace] wall=23:25:41 elapsed=117.546s phase=train event=interaction_progress trial=5 partition=0 processed=4200 total=14000 metric=ce epoch=1/1
[pipeline-trace] wall=23:25:41 elapsed=118.999s phase=train event=interaction_progress trial=4 partition=0 processed=7200 total=14000 metric=ce epoch=1/1
[pipeline-trace] wall=23:25:41 elapsed=119.253s phase=train event=interaction_progress trial=4 partition=0 processed=7300 total=14000 metric=ce epoch=1/1
[pipeline-trace] wall=23:25:41 elapsed=117.886s phase=train event=interaction_progress trial=5 partition=0 processed=4300 total=14000 metric=ce epoch=1/1
[pipeline-trace] wall=23:25:42 elapsed=119.467s phase=train event=interaction_progress trial=4 partition=0 processed=7400 total=14000 metric=ce epoch=1/1
[pipeline-trace] wall=23:25:42 elapsed=118.231s phase=train event=interaction_progress trial=5 partition=0 processed=4400 total=14000 metric=ce epoch=1/1
[pipeline-trace] wall=23:25:42 elapsed=119.707s phase=train event=interaction_progress trial=4 partition=0 processed=7500 total=14000 metric=ce epoch=1/1
[pipeline-trace] wall=23:25:42 elapsed=119.968s phase=train event=interaction_progress trial=4 partition=0 processed=7600 total=14000 metric=ce epoch=1/1
[pipeline-trace] wall=23:25:42 elapsed=118.576s phase=train event=interaction_progress trial=5 partition=0 processed=4500 total=14000 metric=ce epoch=1/1
[pipeline-trace] wall=23:25:42 elapsed=120.212s phase=train event=interaction_progress trial=4 partition=0 processed=7700 total=14000 metric=ce epoch=1/1
[pipeline-trace] wall=23:25:42 elapsed=118.927s phase=train event=interaction_progress trial=5 partition=0 processed=4600 total=14000 metric=ce epoch=1/1
[pipeline-trace] wall=23:25:43 elapsed=120.449s phase=train event=interaction_progress trial=4 partition=0 processed=7800 total=14000 metric=ce epoch=1/1
[pipeline-trace] wall=23:25:43 elapsed=120.684s phase=train event=interaction_progress trial=4 partition=0 processed=7900 total=14000 metric=ce epoch=1/1
[pipeline-trace] wall=23:25:43 elapsed=119.273s phase=train event=interaction_progress trial=5 partition=0 processed=4700 total=14000 metric=ce epoch=1/1
[pipeline-trace] wall=23:25:43 elapsed=120.953s phase=train event=interaction_progress trial=4 partition=0 processed=8000 total=14000 metric=ce epoch=1/1
[pipeline-trace] wall=23:25:43 elapsed=119.620s phase=train event=interaction_progress trial=5 partition=0 processed=4800 total=14000 metric=ce epoch=1/1
[pipeline-trace] wall=23:25:43 elapsed=121.198s phase=train event=interaction_progress trial=4 partition=0 processed=8100 total=14000 metric=ce epoch=1/1
[pipeline-trace] wall=23:25:44 elapsed=119.969s phase=train event=interaction_progress trial=5 partition=0 processed=4900 total=14000 metric=ce epoch=1/1
[pipeline-trace] wall=23:25:44 elapsed=121.493s phase=train event=interaction_progress trial=4 partition=0 processed=8200 total=14000 metric=ce epoch=1/1
[pipeline-trace] wall=23:25:44 elapsed=121.741s phase=train event=interaction_progress trial=4 partition=0 processed=8300 total=14000 metric=ce epoch=1/1
[pipeline-trace] wall=23:25:44 elapsed=120.319s phase=train event=interaction_progress trial=5 partition=0 processed=5000 total=14000 metric=ce epoch=1/1
[pipeline-trace] wall=23:25:44 elapsed=121.975s phase=train event=interaction_progress trial=4 partition=0 processed=8400 total=14000 metric=ce epoch=1/1
[pipeline-trace] wall=23:25:44 elapsed=120.653s phase=train event=interaction_progress trial=5 partition=0 processed=5100 total=14000 metric=ce epoch=1/1
[pipeline-trace] wall=23:25:44 elapsed=122.210s phase=train event=interaction_progress trial=4 partition=0 processed=8500 total=14000 metric=ce epoch=1/1
[pipeline-trace] wall=23:25:45 elapsed=121.001s phase=train event=interaction_progress trial=5 partition=0 processed=5200 total=14000 metric=ce epoch=1/1
[pipeline-trace] wall=23:25:45 elapsed=122.452s phase=train event=interaction_progress trial=4 partition=0 processed=8600 total=14000 metric=ce epoch=1/1
[pipeline-trace] wall=23:25:45 elapsed=122.690s phase=train event=interaction_progress trial=4 partition=0 processed=8700 total=14000 metric=ce epoch=1/1
[pipeline-trace] wall=23:25:45 elapsed=121.325s phase=train event=interaction_progress trial=5 partition=0 processed=5300 total=14000 metric=ce epoch=1/1
[pipeline-trace] wall=23:25:45 elapsed=122.943s phase=train event=interaction_progress trial=4 partition=0 processed=8800 total=14000 metric=ce epoch=1/1
[pipeline-trace] wall=23:25:45 elapsed=121.661s phase=train event=interaction_progress trial=5 partition=0 processed=5400 total=14000 metric=ce epoch=1/1
[pipeline-trace] wall=23:25:45 elapsed=123.194s phase=train event=interaction_progress trial=4 partition=0 processed=8900 total=14000 metric=ce epoch=1/1
[pipeline-trace] wall=23:25:46 elapsed=121.998s phase=train event=interaction_progress trial=5 partition=0 processed=5500 total=14000 metric=ce epoch=1/1
[pipeline-trace] wall=23:25:46 elapsed=123.458s phase=train event=interaction_progress trial=4 partition=0 processed=9000 total=14000 metric=ce epoch=1/1
[pipeline-trace] wall=23:25:46 elapsed=123.698s phase=train event=interaction_progress trial=4 partition=0 processed=9100 total=14000 metric=ce epoch=1/1
[pipeline-trace] wall=23:25:46 elapsed=122.345s phase=train event=interaction_progress trial=5 partition=0 processed=5600 total=14000 metric=ce epoch=1/1
[pipeline-trace] wall=23:25:46 elapsed=123.930s phase=train event=interaction_progress trial=4 partition=0 processed=9200 total=14000 metric=ce epoch=1/1
[pipeline-trace] wall=23:25:46 elapsed=122.694s phase=train event=interaction_progress trial=5 partition=0 processed=5700 total=14000 metric=ce epoch=1/1
[pipeline-trace] wall=23:25:46 elapsed=124.169s phase=train event=interaction_progress trial=4 partition=0 processed=9300 total=14000 metric=ce epoch=1/1
[pipeline-trace] wall=23:25:47 elapsed=124.407s phase=train event=interaction_progress trial=4 partition=0 processed=9400 total=14000 metric=ce epoch=1/1
[pipeline-trace] wall=23:25:47 elapsed=123.035s phase=train event=interaction_progress trial=5 partition=0 processed=5800 total=14000 metric=ce epoch=1/1
[pipeline-trace] wall=23:25:47 elapsed=124.654s phase=train event=interaction_progress trial=4 partition=0 processed=9500 total=14000 metric=ce epoch=1/1
[pipeline-trace] wall=23:25:47 elapsed=123.372s phase=train event=interaction_progress trial=5 partition=0 processed=5900 total=14000 metric=ce epoch=1/1
[pipeline-trace] wall=23:25:47 elapsed=124.930s phase=train event=interaction_progress trial=4 partition=0 processed=9600 total=14000 metric=ce epoch=1/1
[pipeline-trace] wall=23:25:47 elapsed=123.702s phase=train event=interaction_progress trial=5 partition=0 processed=6000 total=14000 metric=ce epoch=1/1
[pipeline-trace] wall=23:25:47 elapsed=125.149s phase=train event=interaction_progress trial=4 partition=0 processed=9700 total=14000 metric=ce epoch=1/1
[pipeline-trace] wall=23:25:47 elapsed=125.356s phase=train event=interaction_progress trial=4 partition=0 processed=9800 total=14000 metric=ce epoch=1/1
[pipeline-trace] wall=23:25:48 elapsed=124.020s phase=train event=interaction_progress trial=5 partition=0 processed=6100 total=14000 metric=ce epoch=1/1
[pipeline-trace] wall=23:25:48 elapsed=125.579s phase=train event=interaction_progress trial=4 partition=0 processed=9900 total=14000 metric=ce epoch=1/1
[pipeline-trace] wall=23:25:48 elapsed=124.285s phase=train event=interaction_progress trial=5 partition=0 processed=6200 total=14000 metric=ce epoch=1/1
[pipeline-trace] wall=23:25:48 elapsed=125.795s phase=train event=interaction_progress trial=4 partition=0 processed=10000 total=14000 metric=ce epoch=1/1
[pipeline-trace] wall=23:25:48 elapsed=126.000s phase=train event=interaction_progress trial=4 partition=0 processed=10100 total=14000 metric=ce epoch=1/1
[pipeline-trace] wall=23:25:48 elapsed=124.594s phase=train event=interaction_progress trial=5 partition=0 processed=6300 total=14000 metric=ce epoch=1/1
[pipeline-trace] wall=23:25:48 elapsed=126.240s phase=train event=interaction_progress trial=4 partition=0 processed=10200 total=14000 metric=ce epoch=1/1
[pipeline-trace] wall=23:25:48 elapsed=124.896s phase=train event=interaction_progress trial=5 partition=0 processed=6400 total=14000 metric=ce epoch=1/1
[pipeline-trace] wall=23:25:49 elapsed=126.472s phase=train event=interaction_progress trial=4 partition=0 processed=10300 total=14000 metric=ce epoch=1/1
[pipeline-trace] wall=23:25:49 elapsed=125.196s phase=train event=interaction_progress trial=5 partition=0 processed=6500 total=14000 metric=ce epoch=1/1
[pipeline-trace] wall=23:25:49 elapsed=126.720s phase=train event=interaction_progress trial=4 partition=0 processed=10400 total=14000 metric=ce epoch=1/1
[pipeline-trace] wall=23:25:49 elapsed=125.497s phase=train event=interaction_progress trial=5 partition=0 processed=6600 total=14000 metric=ce epoch=1/1
[pipeline-trace] wall=23:25:49 elapsed=127.030s phase=train event=interaction_progress trial=4 partition=0 processed=10500 total=14000 metric=ce epoch=1/1
[pipeline-trace] wall=23:25:49 elapsed=125.814s phase=train event=interaction_progress trial=5 partition=0 processed=6700 total=14000 metric=ce epoch=1/1
[pipeline-trace] wall=23:25:49 elapsed=127.313s phase=train event=interaction_progress trial=4 partition=0 processed=10600 total=14000 metric=ce epoch=1/1
[pipeline-trace] wall=23:25:50 elapsed=126.122s phase=train event=interaction_progress trial=5 partition=0 processed=6800 total=14000 metric=ce epoch=1/1
[pipeline-trace] wall=23:25:50 elapsed=127.594s phase=train event=interaction_progress trial=4 partition=0 processed=10700 total=14000 metric=ce epoch=1/1
[pipeline-trace] wall=23:25:50 elapsed=127.876s phase=train event=interaction_progress trial=4 partition=0 processed=10800 total=14000 metric=ce epoch=1/1
[pipeline-trace] wall=23:25:50 elapsed=126.451s phase=train event=interaction_progress trial=5 partition=0 processed=6900 total=14000 metric=ce epoch=1/1
[pipeline-trace] wall=23:25:50 elapsed=128.142s phase=train event=interaction_progress trial=4 partition=0 processed=10900 total=14000 metric=ce epoch=1/1
[pipeline-trace] wall=23:25:50 elapsed=126.783s phase=train event=interaction_progress trial=5 partition=0 processed=7000 total=14000 metric=ce epoch=1/1
[pipeline-trace] wall=23:25:51 elapsed=128.385s phase=train event=interaction_progress trial=4 partition=0 processed=11000 total=14000 metric=ce epoch=1/1
[pipeline-trace] wall=23:25:51 elapsed=127.137s phase=train event=interaction_progress trial=5 partition=0 processed=7100 total=14000 metric=ce epoch=1/1
[pipeline-trace] wall=23:25:51 elapsed=128.651s phase=train event=interaction_progress trial=4 partition=0 processed=11100 total=14000 metric=ce epoch=1/1
[pipeline-trace] wall=23:25:51 elapsed=127.480s phase=train event=interaction_progress trial=5 partition=0 processed=7200 total=14000 metric=ce epoch=1/1
[pipeline-trace] wall=23:25:51 elapsed=128.931s phase=train event=interaction_progress trial=4 partition=0 processed=11200 total=14000 metric=ce epoch=1/1
[pipeline-trace] wall=23:25:51 elapsed=129.205s phase=train event=interaction_progress trial=4 partition=0 processed=11300 total=14000 metric=ce epoch=1/1
[pipeline-trace] wall=23:25:51 elapsed=127.825s phase=train event=interaction_progress trial=5 partition=0 processed=7300 total=14000 metric=ce epoch=1/1
[pipeline-trace] wall=23:25:52 elapsed=129.490s phase=train event=interaction_progress trial=4 partition=0 processed=11400 total=14000 metric=ce epoch=1/1
[pipeline-trace] wall=23:25:52 elapsed=128.167s phase=train event=interaction_progress trial=5 partition=0 processed=7400 total=14000 metric=ce epoch=1/1
[pipeline-trace] wall=23:25:52 elapsed=129.735s phase=train event=interaction_progress trial=4 partition=0 processed=11500 total=14000 metric=ce epoch=1/1
[pipeline-trace] wall=23:25:52 elapsed=128.494s phase=train event=interaction_progress trial=5 partition=0 processed=7500 total=14000 metric=ce epoch=1/1
[pipeline-trace] wall=23:25:52 elapsed=130.002s phase=train event=interaction_progress trial=4 partition=0 processed=11600 total=14000 metric=ce epoch=1/1
[pipeline-trace] wall=23:25:52 elapsed=130.237s phase=train event=interaction_progress trial=4 partition=0 processed=11700 total=14000 metric=ce epoch=1/1
[pipeline-trace] wall=23:25:52 elapsed=128.829s phase=train event=interaction_progress trial=5 partition=0 processed=7600 total=14000 metric=ce epoch=1/1
[pipeline-trace] wall=23:25:53 elapsed=130.483s phase=train event=interaction_progress trial=4 partition=0 processed=11800 total=14000 metric=ce epoch=1/1
[pipeline-trace] wall=23:25:53 elapsed=129.144s phase=train event=interaction_progress trial=5 partition=0 processed=7700 total=14000 metric=ce epoch=1/1
[pipeline-trace] wall=23:25:53 elapsed=130.725s phase=train event=interaction_progress trial=4 partition=0 processed=11900 total=14000 metric=ce epoch=1/1
[pipeline-trace] wall=23:25:53 elapsed=129.459s phase=train event=interaction_progress trial=5 partition=0 processed=7800 total=14000 metric=ce epoch=1/1
[pipeline-trace] wall=23:25:53 elapsed=130.977s phase=train event=interaction_progress trial=4 partition=0 processed=12000 total=14000 metric=ce epoch=1/1
[pipeline-trace] wall=23:25:53 elapsed=129.799s phase=train event=interaction_progress trial=5 partition=0 processed=7900 total=14000 metric=ce epoch=1/1
[pipeline-trace] wall=23:25:53 elapsed=131.234s phase=train event=interaction_progress trial=4 partition=0 processed=12100 total=14000 metric=ce epoch=1/1
[pipeline-trace] wall=23:25:54 elapsed=131.518s phase=train event=interaction_progress trial=4 partition=0 processed=12200 total=14000 metric=ce epoch=1/1
[pipeline-trace] wall=23:25:54 elapsed=130.143s phase=train event=interaction_progress trial=5 partition=0 processed=8000 total=14000 metric=ce epoch=1/1
[pipeline-trace] wall=23:25:54 elapsed=131.801s phase=train event=interaction_progress trial=4 partition=0 processed=12300 total=14000 metric=ce epoch=1/1
[pipeline-trace] wall=23:25:54 elapsed=130.469s phase=train event=interaction_progress trial=5 partition=0 processed=8100 total=14000 metric=ce epoch=1/1
[pipeline-trace] wall=23:25:54 elapsed=132.094s phase=train event=interaction_progress trial=4 partition=0 processed=12400 total=14000 metric=ce epoch=1/1
[pipeline-trace] wall=23:25:54 elapsed=130.790s phase=train event=interaction_progress trial=5 partition=0 processed=8200 total=14000 metric=ce epoch=1/1
[pipeline-trace] wall=23:25:55 elapsed=132.379s phase=train event=interaction_progress trial=4 partition=0 processed=12500 total=14000 metric=ce epoch=1/1
[pipeline-trace] wall=23:25:55 elapsed=131.035s phase=train event=interaction_progress trial=5 partition=0 processed=8300 total=14000 metric=ce epoch=1/1
[pipeline-trace] wall=23:25:55 elapsed=132.680s phase=train event=interaction_progress trial=4 partition=0 processed=12600 total=14000 metric=ce epoch=1/1
[pipeline-trace] wall=23:25:55 elapsed=131.271s phase=train event=interaction_progress trial=5 partition=0 processed=8400 total=14000 metric=ce epoch=1/1
[pipeline-trace] wall=23:25:55 elapsed=131.536s phase=train event=interaction_progress trial=5 partition=0 processed=8500 total=14000 metric=ce epoch=1/1
[pipeline-trace] wall=23:25:55 elapsed=132.968s phase=train event=interaction_progress trial=4 partition=0 processed=12700 total=14000 metric=ce epoch=1/1
[pipeline-trace] wall=23:25:55 elapsed=131.805s phase=train event=interaction_progress trial=5 partition=0 processed=8600 total=14000 metric=ce epoch=1/1
[pipeline-trace] wall=23:25:55 elapsed=133.276s phase=train event=interaction_progress trial=4 partition=0 processed=12800 total=14000 metric=ce epoch=1/1
[pipeline-trace] wall=23:25:56 elapsed=132.058s phase=train event=interaction_progress trial=5 partition=0 processed=8700 total=14000 metric=ce epoch=1/1
[pipeline-trace] wall=23:25:56 elapsed=133.581s phase=train event=interaction_progress trial=4 partition=0 processed=12900 total=14000 metric=ce epoch=1/1
[pipeline-trace] wall=23:25:56 elapsed=132.314s phase=train event=interaction_progress trial=5 partition=0 processed=8800 total=14000 metric=ce epoch=1/1
[pipeline-trace] wall=23:25:56 elapsed=133.885s phase=train event=interaction_progress trial=4 partition=0 processed=13000 total=14000 metric=ce epoch=1/1
[pipeline-trace] wall=23:25:56 elapsed=132.576s phase=train event=interaction_progress trial=5 partition=0 processed=8900 total=14000 metric=ce epoch=1/1
[pipeline-trace] wall=23:25:56 elapsed=134.189s phase=train event=interaction_progress trial=4 partition=0 processed=13100 total=14000 metric=ce epoch=1/1
[pipeline-trace] wall=23:25:56 elapsed=132.898s phase=train event=interaction_progress trial=5 partition=0 processed=9000 total=14000 metric=ce epoch=1/1
[pipeline-trace] wall=23:25:57 elapsed=134.500s phase=train event=interaction_progress trial=4 partition=0 processed=13200 total=14000 metric=ce epoch=1/1
[pipeline-trace] wall=23:25:57 elapsed=133.183s phase=train event=interaction_progress trial=5 partition=0 processed=9100 total=14000 metric=ce epoch=1/1
[pipeline-trace] wall=23:25:57 elapsed=134.782s phase=train event=interaction_progress trial=4 partition=0 processed=13300 total=14000 metric=ce epoch=1/1
[pipeline-trace] wall=23:25:57 elapsed=133.503s phase=train event=interaction_progress trial=5 partition=0 processed=9200 total=14000 metric=ce epoch=1/1
[pipeline-trace] wall=23:25:57 elapsed=135.064s phase=train event=interaction_progress trial=4 partition=0 processed=13400 total=14000 metric=ce epoch=1/1
[pipeline-trace] wall=23:25:57 elapsed=133.826s phase=train event=interaction_progress trial=5 partition=0 processed=9300 total=14000 metric=ce epoch=1/1
[pipeline-trace] wall=23:25:57 elapsed=135.349s phase=train event=interaction_progress trial=4 partition=0 processed=13500 total=14000 metric=ce epoch=1/1
[pipeline-trace] wall=23:25:58 elapsed=134.142s phase=train event=interaction_progress trial=5 partition=0 processed=9400 total=14000 metric=ce epoch=1/1
[pipeline-trace] wall=23:25:58 elapsed=135.617s phase=train event=interaction_progress trial=4 partition=0 processed=13600 total=14000 metric=ce epoch=1/1
[pipeline-trace] wall=23:25:58 elapsed=135.899s phase=train event=interaction_progress trial=4 partition=0 processed=13700 total=14000 metric=ce epoch=1/1
[pipeline-trace] wall=23:25:58 elapsed=134.477s phase=train event=interaction_progress trial=5 partition=0 processed=9500 total=14000 metric=ce epoch=1/1
[pipeline-trace] wall=23:25:58 elapsed=136.195s phase=train event=interaction_progress trial=4 partition=0 processed=13800 total=14000 metric=ce epoch=1/1
[pipeline-trace] wall=23:25:58 elapsed=134.818s phase=train event=interaction_progress trial=5 partition=0 processed=9600 total=14000 metric=ce epoch=1/1
[pipeline-trace] wall=23:25:59 elapsed=136.495s phase=train event=interaction_progress trial=4 partition=0 processed=13900 total=14000 metric=ce epoch=1/1
[pipeline-trace] wall=23:25:59 elapsed=135.152s phase=train event=interaction_progress trial=5 partition=0 processed=9700 total=14000 metric=ce epoch=1/1
[pipeline-trace] wall=23:25:59 elapsed=136.757s phase=train event=interaction_progress trial=4 partition=0 processed=14000 total=14000 metric=ce epoch=1/1
[pipeline-trace] wall=23:25:59 elapsed=136.814s phase=eval event=batch_start trial=4 partitions=[1] synthetic=False
[pipeline-trace] wall=23:25:59 elapsed=136.815s phase=eval event=partition_start trial=4 partition=1 interactions=1999
[pipeline-trace] wall=23:25:59 elapsed=136.815s phase=eval event=interaction_progress trial=4 partition=1 processed=1 total=1999 metric=ranking
[pipeline-trace] wall=23:25:59 elapsed=135.467s phase=train event=interaction_progress trial=5 partition=0 processed=9800 total=14000 metric=ce epoch=1/1
[pipeline-trace] wall=23:25:59 elapsed=136.972s phase=eval event=interaction_progress trial=4 partition=1 processed=100 total=1999 metric=ranking
[pipeline-trace] wall=23:25:59 elapsed=137.129s phase=eval event=interaction_progress trial=4 partition=1 processed=200 total=1999 metric=ranking
[pipeline-trace] wall=23:25:59 elapsed=135.807s phase=train event=interaction_progress trial=5 partition=0 processed=9900 total=14000 metric=ce epoch=1/1
[pipeline-trace] wall=23:25:59 elapsed=137.297s phase=eval event=interaction_progress trial=4 partition=1 processed=300 total=1999 metric=ranking
[pipeline-trace] wall=23:26:00 elapsed=137.464s phase=eval event=interaction_progress trial=4 partition=1 processed=400 total=1999 metric=ranking
[pipeline-trace] wall=23:26:00 elapsed=136.178s phase=train event=interaction_progress trial=5 partition=0 processed=10000 total=14000 metric=ce epoch=1/1
[pipeline-trace] wall=23:26:00 elapsed=137.620s phase=eval event=interaction_progress trial=4 partition=1 processed=500 total=1999 metric=ranking
[pipeline-trace] wall=23:26:00 elapsed=137.777s phase=eval event=interaction_progress trial=4 partition=1 processed=600 total=1999 metric=ranking
[pipeline-trace] wall=23:26:00 elapsed=137.934s phase=eval event=interaction_progress trial=4 partition=1 processed=700 total=1999 metric=ranking
[pipeline-trace] wall=23:26:00 elapsed=136.536s phase=train event=interaction_progress trial=5 partition=0 processed=10100 total=14000 metric=ce epoch=1/1
[pipeline-trace] wall=23:26:00 elapsed=138.091s phase=eval event=interaction_progress trial=4 partition=1 processed=800 total=1999 metric=ranking
[pipeline-trace] wall=23:26:00 elapsed=138.258s phase=eval event=interaction_progress trial=4 partition=1 processed=900 total=1999 metric=ranking
[pipeline-trace] wall=23:26:00 elapsed=136.887s phase=train event=interaction_progress trial=5 partition=0 processed=10200 total=14000 metric=ce epoch=1/1
[pipeline-trace] wall=23:26:01 elapsed=138.413s phase=eval event=interaction_progress trial=4 partition=1 processed=1000 total=1999 metric=ranking
[pipeline-trace] wall=23:26:01 elapsed=138.568s phase=eval event=interaction_progress trial=4 partition=1 processed=1100 total=1999 metric=ranking
[pipeline-trace] wall=23:26:01 elapsed=137.223s phase=train event=interaction_progress trial=5 partition=0 processed=10300 total=14000 metric=ce epoch=1/1
[pipeline-trace] wall=23:26:01 elapsed=138.722s phase=eval event=interaction_progress trial=4 partition=1 processed=1200 total=1999 metric=ranking
[pipeline-trace] wall=23:26:01 elapsed=138.901s phase=eval event=interaction_progress trial=4 partition=1 processed=1300 total=1999 metric=ranking
[pipeline-trace] wall=23:26:01 elapsed=137.543s phase=train event=interaction_progress trial=5 partition=0 processed=10400 total=14000 metric=ce epoch=1/1
[pipeline-trace] wall=23:26:01 elapsed=139.060s phase=eval event=interaction_progress trial=4 partition=1 processed=1400 total=1999 metric=ranking
[pipeline-trace] wall=23:26:01 elapsed=139.219s phase=eval event=interaction_progress trial=4 partition=1 processed=1500 total=1999 metric=ranking
[pipeline-trace] wall=23:26:01 elapsed=137.862s phase=train event=interaction_progress trial=5 partition=0 processed=10500 total=14000 metric=ce epoch=1/1
[pipeline-trace] wall=23:26:02 elapsed=139.377s phase=eval event=interaction_progress trial=4 partition=1 processed=1600 total=1999 metric=ranking
[pipeline-trace] wall=23:26:02 elapsed=139.535s phase=eval event=interaction_progress trial=4 partition=1 processed=1700 total=1999 metric=ranking
[pipeline-trace] wall=23:26:02 elapsed=138.165s phase=train event=interaction_progress trial=5 partition=0 processed=10600 total=14000 metric=ce epoch=1/1
[pipeline-trace] wall=23:26:02 elapsed=139.694s phase=eval event=interaction_progress trial=4 partition=1 processed=1800 total=1999 metric=ranking
[pipeline-trace] wall=23:26:02 elapsed=139.851s phase=eval event=interaction_progress trial=4 partition=1 processed=1900 total=1999 metric=ranking
[pipeline-trace] wall=23:26:02 elapsed=138.497s phase=train event=interaction_progress trial=5 partition=0 processed=10700 total=14000 metric=ce epoch=1/1
[pipeline-trace] wall=23:26:02 elapsed=140.006s phase=eval event=interaction_progress trial=4 partition=1 processed=1999 total=1999 metric=ranking
[pipeline-trace] wall=23:26:02 elapsed=140.008s phase=eval event=partition_complete trial=4 partition=1 elapsed_sec=3.194 hits=976 total=1999
[pipeline-trace] wall=23:26:02 elapsed=140.058s phase=train event=interaction_progress trial=6 partition=0 processed=1 total=14000 metric=ce epoch=1/1
[pipeline-trace] wall=23:26:02 elapsed=138.827s phase=train event=interaction_progress trial=5 partition=0 processed=10800 total=14000 metric=ce epoch=1/1
[pipeline-trace] wall=23:26:02 elapsed=140.338s phase=train event=interaction_progress trial=6 partition=0 processed=100 total=14000 metric=ce epoch=1/1
[pipeline-trace] wall=23:26:03 elapsed=139.142s phase=train event=interaction_progress trial=5 partition=0 processed=10900 total=14000 metric=ce epoch=1/1
[pipeline-trace] wall=23:26:03 elapsed=140.584s phase=train event=interaction_progress trial=6 partition=0 processed=200 total=14000 metric=ce epoch=1/1
[pipeline-trace] wall=23:26:03 elapsed=140.820s phase=train event=interaction_progress trial=6 partition=0 processed=300 total=14000 metric=ce epoch=1/1
[pipeline-trace] wall=23:26:03 elapsed=139.477s phase=train event=interaction_progress trial=5 partition=0 processed=11000 total=14000 metric=ce epoch=1/1
[pipeline-trace] wall=23:26:03 elapsed=141.128s phase=train event=interaction_progress trial=6 partition=0 processed=400 total=14000 metric=ce epoch=1/1
[pipeline-trace] wall=23:26:03 elapsed=139.822s phase=train event=interaction_progress trial=5 partition=0 processed=11100 total=14000 metric=ce epoch=1/1
[pipeline-trace] wall=23:26:04 elapsed=141.419s phase=train event=interaction_progress trial=6 partition=0 processed=500 total=14000 metric=ce epoch=1/1
[pipeline-trace] wall=23:26:04 elapsed=140.153s phase=train event=interaction_progress trial=5 partition=0 processed=11200 total=14000 metric=ce epoch=1/1
[pipeline-trace] wall=23:26:04 elapsed=141.679s phase=train event=interaction_progress trial=6 partition=0 processed=600 total=14000 metric=ce epoch=1/1
[pipeline-trace] wall=23:26:04 elapsed=140.486s phase=train event=interaction_progress trial=5 partition=0 processed=11300 total=14000 metric=ce epoch=1/1
[pipeline-trace] wall=23:26:04 elapsed=141.939s phase=train event=interaction_progress trial=6 partition=0 processed=700 total=14000 metric=ce epoch=1/1
[pipeline-trace] wall=23:26:04 elapsed=142.215s phase=train event=interaction_progress trial=6 partition=0 processed=800 total=14000 metric=ce epoch=1/1
[pipeline-trace] wall=23:26:04 elapsed=140.825s phase=train event=interaction_progress trial=5 partition=0 processed=11400 total=14000 metric=ce epoch=1/1
[pipeline-trace] wall=23:26:05 elapsed=142.461s phase=train event=interaction_progress trial=6 partition=0 processed=900 total=14000 metric=ce epoch=1/1
[pipeline-trace] wall=23:26:05 elapsed=141.157s phase=train event=interaction_progress trial=5 partition=0 processed=11500 total=14000 metric=ce epoch=1/1
[pipeline-trace] wall=23:26:05 elapsed=142.750s phase=train event=interaction_progress trial=6 partition=0 processed=1000 total=14000 metric=ce epoch=1/1
[pipeline-trace] wall=23:26:05 elapsed=141.500s phase=train event=interaction_progress trial=5 partition=0 processed=11600 total=14000 metric=ce epoch=1/1
[pipeline-trace] wall=23:26:05 elapsed=143.011s phase=train event=interaction_progress trial=6 partition=0 processed=1100 total=14000 metric=ce epoch=1/1
[pipeline-trace] wall=23:26:05 elapsed=141.817s phase=train event=interaction_progress trial=5 partition=0 processed=11700 total=14000 metric=ce epoch=1/1
[pipeline-trace] wall=23:26:05 elapsed=143.283s phase=train event=interaction_progress trial=6 partition=0 processed=1200 total=14000 metric=ce epoch=1/1
[pipeline-trace] wall=23:26:06 elapsed=142.106s phase=train event=interaction_progress trial=5 partition=0 processed=11800 total=14000 metric=ce epoch=1/1
[pipeline-trace] wall=23:26:06 elapsed=143.568s phase=train event=interaction_progress trial=6 partition=0 processed=1300 total=14000 metric=ce epoch=1/1
[pipeline-trace] wall=23:26:06 elapsed=142.408s phase=train event=interaction_progress trial=5 partition=0 processed=11900 total=14000 metric=ce epoch=1/1
[pipeline-trace] wall=23:26:06 elapsed=143.848s phase=train event=interaction_progress trial=6 partition=0 processed=1400 total=14000 metric=ce epoch=1/1
[pipeline-trace] wall=23:26:06 elapsed=144.176s phase=train event=interaction_progress trial=6 partition=0 processed=1500 total=14000 metric=ce epoch=1/1
[pipeline-trace] wall=23:26:06 elapsed=142.751s phase=train event=interaction_progress trial=5 partition=0 processed=12000 total=14000 metric=ce epoch=1/1
[pipeline-trace] wall=23:26:07 elapsed=144.468s phase=train event=interaction_progress trial=6 partition=0 processed=1600 total=14000 metric=ce epoch=1/1
[pipeline-trace] wall=23:26:07 elapsed=143.043s phase=train event=interaction_progress trial=5 partition=0 processed=12100 total=14000 metric=ce epoch=1/1
[pipeline-trace] wall=23:26:07 elapsed=144.753s phase=train event=interaction_progress trial=6 partition=0 processed=1700 total=14000 metric=ce epoch=1/1
[pipeline-trace] wall=23:26:07 elapsed=143.378s phase=train event=interaction_progress trial=5 partition=0 processed=12200 total=14000 metric=ce epoch=1/1
[pipeline-trace] wall=23:26:07 elapsed=145.056s phase=train event=interaction_progress trial=6 partition=0 processed=1800 total=14000 metric=ce epoch=1/1
[pipeline-trace] wall=23:26:07 elapsed=143.719s phase=train event=interaction_progress trial=5 partition=0 processed=12300 total=14000 metric=ce epoch=1/1
[pipeline-trace] wall=23:26:07 elapsed=145.314s phase=train event=interaction_progress trial=6 partition=0 processed=1900 total=14000 metric=ce epoch=1/1
[pipeline-trace] wall=23:26:08 elapsed=144.021s phase=train event=interaction_progress trial=5 partition=0 processed=12400 total=14000 metric=ce epoch=1/1
[pipeline-trace] wall=23:26:08 elapsed=145.592s phase=train event=interaction_progress trial=6 partition=0 processed=2000 total=14000 metric=ce epoch=1/1
[pipeline-trace] wall=23:26:08 elapsed=144.365s phase=train event=interaction_progress trial=5 partition=0 processed=12500 total=14000 metric=ce epoch=1/1
[pipeline-trace] wall=23:26:08 elapsed=145.862s phase=train event=interaction_progress trial=6 partition=0 processed=2100 total=14000 metric=ce epoch=1/1
[pipeline-trace] wall=23:26:08 elapsed=144.717s phase=train event=interaction_progress trial=5 partition=0 processed=12600 total=14000 metric=ce epoch=1/1
[pipeline-trace] wall=23:26:08 elapsed=146.176s phase=train event=interaction_progress trial=6 partition=0 processed=2200 total=14000 metric=ce epoch=1/1
[pipeline-trace] wall=23:26:09 elapsed=146.469s phase=train event=interaction_progress trial=6 partition=0 processed=2300 total=14000 metric=ce epoch=1/1
[pipeline-trace] wall=23:26:09 elapsed=145.064s phase=train event=interaction_progress trial=5 partition=0 processed=12700 total=14000 metric=ce epoch=1/1
[pipeline-trace] wall=23:26:09 elapsed=146.715s phase=train event=interaction_progress trial=6 partition=0 processed=2400 total=14000 metric=ce epoch=1/1
[pipeline-trace] wall=23:26:09 elapsed=145.418s phase=train event=interaction_progress trial=5 partition=0 processed=12800 total=14000 metric=ce epoch=1/1
[pipeline-trace] wall=23:26:09 elapsed=146.973s phase=train event=interaction_progress trial=6 partition=0 processed=2500 total=14000 metric=ce epoch=1/1
[pipeline-trace] wall=23:26:09 elapsed=145.791s phase=train event=interaction_progress trial=5 partition=0 processed=12900 total=14000 metric=ce epoch=1/1
[pipeline-trace] wall=23:26:09 elapsed=147.225s phase=train event=interaction_progress trial=6 partition=0 processed=2600 total=14000 metric=ce epoch=1/1
[pipeline-trace] wall=23:26:10 elapsed=147.478s phase=train event=interaction_progress trial=6 partition=0 processed=2700 total=14000 metric=ce epoch=1/1
[pipeline-trace] wall=23:26:10 elapsed=146.154s phase=train event=interaction_progress trial=5 partition=0 processed=13000 total=14000 metric=ce epoch=1/1
[pipeline-trace] wall=23:26:10 elapsed=147.723s phase=train event=interaction_progress trial=6 partition=0 processed=2800 total=14000 metric=ce epoch=1/1
[pipeline-trace] wall=23:26:10 elapsed=146.514s phase=train event=interaction_progress trial=5 partition=0 processed=13100 total=14000 metric=ce epoch=1/1
[pipeline-trace] wall=23:26:10 elapsed=147.968s phase=train event=interaction_progress trial=6 partition=0 processed=2900 total=14000 metric=ce epoch=1/1
[pipeline-trace] wall=23:26:10 elapsed=148.206s phase=train event=interaction_progress trial=6 partition=0 processed=3000 total=14000 metric=ce epoch=1/1
[pipeline-trace] wall=23:26:10 elapsed=146.872s phase=train event=interaction_progress trial=5 partition=0 processed=13200 total=14000 metric=ce epoch=1/1
[pipeline-trace] wall=23:26:11 elapsed=148.458s phase=train event=interaction_progress trial=6 partition=0 processed=3100 total=14000 metric=ce epoch=1/1
[pipeline-trace] wall=23:26:11 elapsed=148.703s phase=train event=interaction_progress trial=6 partition=0 processed=3200 total=14000 metric=ce epoch=1/1
[pipeline-trace] wall=23:26:11 elapsed=147.285s phase=train event=interaction_progress trial=5 partition=0 processed=13300 total=14000 metric=ce epoch=1/1
[pipeline-trace] wall=23:26:11 elapsed=148.953s phase=train event=interaction_progress trial=6 partition=0 processed=3300 total=14000 metric=ce epoch=1/1
[pipeline-trace] wall=23:26:11 elapsed=147.718s phase=train event=interaction_progress trial=5 partition=0 processed=13400 total=14000 metric=ce epoch=1/1
[pipeline-trace] wall=23:26:11 elapsed=149.207s phase=train event=interaction_progress trial=6 partition=0 processed=3400 total=14000 metric=ce epoch=1/1
[pipeline-trace] wall=23:26:12 elapsed=149.417s phase=train event=interaction_progress trial=6 partition=0 processed=3500 total=14000 metric=ce epoch=1/1
[pipeline-trace] wall=23:26:12 elapsed=148.062s phase=train event=interaction_progress trial=5 partition=0 processed=13500 total=14000 metric=ce epoch=1/1
[pipeline-trace] wall=23:26:12 elapsed=149.634s phase=train event=interaction_progress trial=6 partition=0 processed=3600 total=14000 metric=ce epoch=1/1
[pipeline-trace] wall=23:26:12 elapsed=148.441s phase=train event=interaction_progress trial=5 partition=0 processed=13600 total=14000 metric=ce epoch=1/1
[pipeline-trace] wall=23:26:12 elapsed=149.870s phase=train event=interaction_progress trial=6 partition=0 processed=3700 total=14000 metric=ce epoch=1/1
[pipeline-trace] wall=23:26:12 elapsed=150.086s phase=train event=interaction_progress trial=6 partition=0 processed=3800 total=14000 metric=ce epoch=1/1
[pipeline-trace] wall=23:26:12 elapsed=148.835s phase=train event=interaction_progress trial=5 partition=0 processed=13700 total=14000 metric=ce epoch=1/1
[pipeline-trace] wall=23:26:12 elapsed=150.296s phase=train event=interaction_progress trial=6 partition=0 processed=3900 total=14000 metric=ce epoch=1/1
[pipeline-trace] wall=23:26:13 elapsed=150.538s phase=train event=interaction_progress trial=6 partition=0 processed=4000 total=14000 metric=ce epoch=1/1
[pipeline-trace] wall=23:26:13 elapsed=149.227s phase=train event=interaction_progress trial=5 partition=0 processed=13800 total=14000 metric=ce epoch=1/1
[pipeline-trace] wall=23:26:13 elapsed=150.775s phase=train event=interaction_progress trial=6 partition=0 processed=4100 total=14000 metric=ce epoch=1/1
[pipeline-trace] wall=23:26:13 elapsed=151.012s phase=train event=interaction_progress trial=6 partition=0 processed=4200 total=14000 metric=ce epoch=1/1
[pipeline-trace] wall=23:26:13 elapsed=149.597s phase=train event=interaction_progress trial=5 partition=0 processed=13900 total=14000 metric=ce epoch=1/1
[pipeline-trace] wall=23:26:13 elapsed=151.269s phase=train event=interaction_progress trial=6 partition=0 processed=4300 total=14000 metric=ce epoch=1/1
[pipeline-trace] wall=23:26:13 elapsed=149.911s phase=train event=interaction_progress trial=5 partition=0 processed=14000 total=14000 metric=ce epoch=1/1
[pipeline-trace] wall=23:26:14 elapsed=149.971s phase=eval event=batch_start trial=5 partitions=[1] synthetic=False
[pipeline-trace] wall=23:26:14 elapsed=149.971s phase=eval event=partition_start trial=5 partition=1 interactions=1999
[pipeline-trace] wall=23:26:14 elapsed=149.971s phase=eval event=interaction_progress trial=5 partition=1 processed=1 total=1999 metric=ranking
[pipeline-trace] wall=23:26:14 elapsed=151.549s phase=train event=interaction_progress trial=6 partition=0 processed=4400 total=14000 metric=ce epoch=1/1
[pipeline-trace] wall=23:26:14 elapsed=150.129s phase=eval event=interaction_progress trial=5 partition=1 processed=100 total=1999 metric=ranking
[pipeline-trace] wall=23:26:14 elapsed=150.289s phase=eval event=interaction_progress trial=5 partition=1 processed=200 total=1999 metric=ranking
[pipeline-trace] wall=23:26:14 elapsed=151.792s phase=train event=interaction_progress trial=6 partition=0 processed=4500 total=14000 metric=ce epoch=1/1
[pipeline-trace] wall=23:26:14 elapsed=150.447s phase=eval event=interaction_progress trial=5 partition=1 processed=300 total=1999 metric=ranking
[pipeline-trace] wall=23:26:14 elapsed=151.995s phase=train event=interaction_progress trial=6 partition=0 processed=4600 total=14000 metric=ce epoch=1/1
[pipeline-trace] wall=23:26:14 elapsed=150.605s phase=eval event=interaction_progress trial=5 partition=1 processed=400 total=1999 metric=ranking
[pipeline-trace] wall=23:26:14 elapsed=150.764s phase=eval event=interaction_progress trial=5 partition=1 processed=500 total=1999 metric=ranking
[pipeline-trace] wall=23:26:14 elapsed=152.211s phase=train event=interaction_progress trial=6 partition=0 processed=4700 total=14000 metric=ce epoch=1/1
[pipeline-trace] wall=23:26:14 elapsed=150.922s phase=eval event=interaction_progress trial=5 partition=1 processed=600 total=1999 metric=ranking
[pipeline-trace] wall=23:26:15 elapsed=152.419s phase=train event=interaction_progress trial=6 partition=0 processed=4800 total=14000 metric=ce epoch=1/1
[pipeline-trace] wall=23:26:15 elapsed=151.080s phase=eval event=interaction_progress trial=5 partition=1 processed=700 total=1999 metric=ranking
[pipeline-trace] wall=23:26:15 elapsed=152.646s phase=train event=interaction_progress trial=6 partition=0 processed=4900 total=14000 metric=ce epoch=1/1
[pipeline-trace] wall=23:26:15 elapsed=151.240s phase=eval event=interaction_progress trial=5 partition=1 processed=800 total=1999 metric=ranking
[pipeline-trace] wall=23:26:15 elapsed=151.399s phase=eval event=interaction_progress trial=5 partition=1 processed=900 total=1999 metric=ranking
[pipeline-trace] wall=23:26:15 elapsed=152.910s phase=train event=interaction_progress trial=6 partition=0 processed=5000 total=14000 metric=ce epoch=1/1
[pipeline-trace] wall=23:26:15 elapsed=151.558s phase=eval event=interaction_progress trial=5 partition=1 processed=1000 total=1999 metric=ranking
[pipeline-trace] wall=23:26:15 elapsed=151.717s phase=eval event=interaction_progress trial=5 partition=1 processed=1100 total=1999 metric=ranking
[pipeline-trace] wall=23:26:15 elapsed=153.191s phase=train event=interaction_progress trial=6 partition=0 processed=5100 total=14000 metric=ce epoch=1/1
[pipeline-trace] wall=23:26:15 elapsed=151.877s phase=eval event=interaction_progress trial=5 partition=1 processed=1200 total=1999 metric=ranking
[pipeline-trace] wall=23:26:16 elapsed=152.034s phase=eval event=interaction_progress trial=5 partition=1 processed=1300 total=1999 metric=ranking
[pipeline-trace] wall=23:26:16 elapsed=153.487s phase=train event=interaction_progress trial=6 partition=0 processed=5200 total=14000 metric=ce epoch=1/1
[pipeline-trace] wall=23:26:16 elapsed=152.191s phase=eval event=interaction_progress trial=5 partition=1 processed=1400 total=1999 metric=ranking
[pipeline-trace] wall=23:26:16 elapsed=153.775s phase=train event=interaction_progress trial=6 partition=0 processed=5300 total=14000 metric=ce epoch=1/1
[pipeline-trace] wall=23:26:16 elapsed=152.349s phase=eval event=interaction_progress trial=5 partition=1 processed=1500 total=1999 metric=ranking
[pipeline-trace] wall=23:26:16 elapsed=152.506s phase=eval event=interaction_progress trial=5 partition=1 processed=1600 total=1999 metric=ranking
[pipeline-trace] wall=23:26:16 elapsed=154.057s phase=train event=interaction_progress trial=6 partition=0 processed=5400 total=14000 metric=ce epoch=1/1
[pipeline-trace] wall=23:26:16 elapsed=152.664s phase=eval event=interaction_progress trial=5 partition=1 processed=1700 total=1999 metric=ranking
[pipeline-trace] wall=23:26:16 elapsed=152.821s phase=eval event=interaction_progress trial=5 partition=1 processed=1800 total=1999 metric=ranking
[pipeline-trace] wall=23:26:16 elapsed=154.358s phase=train event=interaction_progress trial=6 partition=0 processed=5500 total=14000 metric=ce epoch=1/1
[pipeline-trace] wall=23:26:17 elapsed=152.979s phase=eval event=interaction_progress trial=5 partition=1 processed=1900 total=1999 metric=ranking
[pipeline-trace] wall=23:26:17 elapsed=153.134s phase=eval event=interaction_progress trial=5 partition=1 processed=1999 total=1999 metric=ranking
[pipeline-trace] wall=23:26:17 elapsed=153.136s phase=eval event=partition_complete trial=5 partition=1 elapsed_sec=3.165 hits=1559 total=1999
[pipeline-trace] wall=23:26:17 elapsed=154.664s phase=train event=interaction_progress trial=6 partition=0 processed=5600 total=14000 metric=ce epoch=1/1
[pipeline-trace] wall=23:26:17 elapsed=153.236s phase=train event=interaction_progress trial=7 partition=0 processed=1 total=14000 metric=ce epoch=1/1
[pipeline-trace] wall=23:26:17 elapsed=154.964s phase=train event=interaction_progress trial=6 partition=0 processed=5700 total=14000 metric=ce epoch=1/1
[pipeline-trace] wall=23:26:17 elapsed=153.646s phase=train event=interaction_progress trial=7 partition=0 processed=100 total=14000 metric=ce epoch=1/1
[pipeline-trace] wall=23:26:17 elapsed=155.255s phase=train event=interaction_progress trial=6 partition=0 processed=5800 total=14000 metric=ce epoch=1/1
[pipeline-trace] wall=23:26:18 elapsed=154.084s phase=train event=interaction_progress trial=7 partition=0 processed=200 total=14000 metric=ce epoch=1/1
[pipeline-trace] wall=23:26:18 elapsed=155.562s phase=train event=interaction_progress trial=6 partition=0 processed=5900 total=14000 metric=ce epoch=1/1
[pipeline-trace] wall=23:26:18 elapsed=155.893s phase=train event=interaction_progress trial=6 partition=0 processed=6000 total=14000 metric=ce epoch=1/1
[pipeline-trace] wall=23:26:18 elapsed=154.536s phase=train event=interaction_progress trial=7 partition=0 processed=300 total=14000 metric=ce epoch=1/1
[pipeline-trace] wall=23:26:18 elapsed=156.185s phase=train event=interaction_progress trial=6 partition=0 processed=6100 total=14000 metric=ce epoch=1/1
[pipeline-trace] wall=23:26:19 elapsed=154.973s phase=train event=interaction_progress trial=7 partition=0 processed=400 total=14000 metric=ce epoch=1/1
[pipeline-trace] wall=23:26:19 elapsed=156.493s phase=train event=interaction_progress trial=6 partition=0 processed=6200 total=14000 metric=ce epoch=1/1
[pipeline-trace] wall=23:26:19 elapsed=156.770s phase=train event=interaction_progress trial=6 partition=0 processed=6300 total=14000 metric=ce epoch=1/1
[pipeline-trace] wall=23:26:19 elapsed=155.352s phase=train event=interaction_progress trial=7 partition=0 processed=500 total=14000 metric=ce epoch=1/1
[pipeline-trace] wall=23:26:19 elapsed=157.063s phase=train event=interaction_progress trial=6 partition=0 processed=6400 total=14000 metric=ce epoch=1/1
[pipeline-trace] wall=23:26:19 elapsed=155.786s phase=train event=interaction_progress trial=7 partition=0 processed=600 total=14000 metric=ce epoch=1/1
[pipeline-trace] wall=23:26:20 elapsed=157.401s phase=train event=interaction_progress trial=6 partition=0 processed=6500 total=14000 metric=ce epoch=1/1
[pipeline-trace] wall=23:26:20 elapsed=157.707s phase=train event=interaction_progress trial=6 partition=0 processed=6600 total=14000 metric=ce epoch=1/1
[pipeline-trace] wall=23:26:20 elapsed=156.280s phase=train event=interaction_progress trial=7 partition=0 processed=700 total=14000 metric=ce epoch=1/1
[pipeline-trace] wall=23:26:20 elapsed=158.122s phase=train event=interaction_progress trial=6 partition=0 processed=6700 total=14000 metric=ce epoch=1/1
[pipeline-trace] wall=23:26:20 elapsed=156.749s phase=train event=interaction_progress trial=7 partition=0 processed=800 total=14000 metric=ce epoch=1/1
[pipeline-trace] wall=23:26:21 elapsed=158.451s phase=train event=interaction_progress trial=6 partition=0 processed=6800 total=14000 metric=ce epoch=1/1
[pipeline-trace] wall=23:26:21 elapsed=157.139s phase=train event=interaction_progress trial=7 partition=0 processed=900 total=14000 metric=ce epoch=1/1
[pipeline-trace] wall=23:26:21 elapsed=158.737s phase=train event=interaction_progress trial=6 partition=0 processed=6900 total=14000 metric=ce epoch=1/1
[pipeline-trace] wall=23:26:21 elapsed=157.542s phase=train event=interaction_progress trial=7 partition=0 processed=1000 total=14000 metric=ce epoch=1/1
[pipeline-trace] wall=23:26:21 elapsed=158.997s phase=train event=interaction_progress trial=6 partition=0 processed=7000 total=14000 metric=ce epoch=1/1
[pipeline-trace] wall=23:26:21 elapsed=159.293s phase=train event=interaction_progress trial=6 partition=0 processed=7100 total=14000 metric=ce epoch=1/1
[pipeline-trace] wall=23:26:22 elapsed=157.964s phase=train event=interaction_progress trial=7 partition=0 processed=1100 total=14000 metric=ce epoch=1/1
[pipeline-trace] wall=23:26:22 elapsed=159.637s phase=train event=interaction_progress trial=6 partition=0 processed=7200 total=14000 metric=ce epoch=1/1
[pipeline-trace] wall=23:26:22 elapsed=158.360s phase=train event=interaction_progress trial=7 partition=0 processed=1200 total=14000 metric=ce epoch=1/1
[pipeline-trace] wall=23:26:22 elapsed=159.979s phase=train event=interaction_progress trial=6 partition=0 processed=7300 total=14000 metric=ce epoch=1/1
[pipeline-trace] wall=23:26:22 elapsed=158.759s phase=train event=interaction_progress trial=7 partition=0 processed=1300 total=14000 metric=ce epoch=1/1
[pipeline-trace] wall=23:26:22 elapsed=160.276s phase=train event=interaction_progress trial=6 partition=0 processed=7400 total=14000 metric=ce epoch=1/1
[pipeline-trace] wall=23:26:23 elapsed=160.543s phase=train event=interaction_progress trial=6 partition=0 processed=7500 total=14000 metric=ce epoch=1/1
[pipeline-trace] wall=23:26:23 elapsed=159.171s phase=train event=interaction_progress trial=7 partition=0 processed=1400 total=14000 metric=ce epoch=1/1
[pipeline-trace] wall=23:26:23 elapsed=160.803s phase=train event=interaction_progress trial=6 partition=0 processed=7600 total=14000 metric=ce epoch=1/1
[pipeline-trace] wall=23:26:23 elapsed=159.547s phase=train event=interaction_progress trial=7 partition=0 processed=1500 total=14000 metric=ce epoch=1/1
[pipeline-trace] wall=23:26:23 elapsed=161.085s phase=train event=interaction_progress trial=6 partition=0 processed=7700 total=14000 metric=ce epoch=1/1
[pipeline-trace] wall=23:26:24 elapsed=161.365s phase=train event=interaction_progress trial=6 partition=0 processed=7800 total=14000 metric=ce epoch=1/1
[pipeline-trace] wall=23:26:24 elapsed=159.967s phase=train event=interaction_progress trial=7 partition=0 processed=1600 total=14000 metric=ce epoch=1/1
[pipeline-trace] wall=23:26:24 elapsed=161.658s phase=train event=interaction_progress trial=6 partition=0 processed=7900 total=14000 metric=ce epoch=1/1
[pipeline-trace] wall=23:26:24 elapsed=160.368s phase=train event=interaction_progress trial=7 partition=0 processed=1700 total=14000 metric=ce epoch=1/1
[pipeline-trace] wall=23:26:24 elapsed=161.951s phase=train event=interaction_progress trial=6 partition=0 processed=8000 total=14000 metric=ce epoch=1/1
[pipeline-trace] wall=23:26:24 elapsed=160.740s phase=train event=interaction_progress trial=7 partition=0 processed=1800 total=14000 metric=ce epoch=1/1
[pipeline-trace] wall=23:26:24 elapsed=162.252s phase=train event=interaction_progress trial=6 partition=0 processed=8100 total=14000 metric=ce epoch=1/1
[pipeline-trace] wall=23:26:25 elapsed=162.548s phase=train event=interaction_progress trial=6 partition=0 processed=8200 total=14000 metric=ce epoch=1/1
[pipeline-trace] wall=23:26:25 elapsed=161.155s phase=train event=interaction_progress trial=7 partition=0 processed=1900 total=14000 metric=ce epoch=1/1
[pipeline-trace] wall=23:26:25 elapsed=162.837s phase=train event=interaction_progress trial=6 partition=0 processed=8300 total=14000 metric=ce epoch=1/1
[pipeline-trace] wall=23:26:25 elapsed=161.573s phase=train event=interaction_progress trial=7 partition=0 processed=2000 total=14000 metric=ce epoch=1/1
[pipeline-trace] wall=23:26:25 elapsed=163.094s phase=train event=interaction_progress trial=6 partition=0 processed=8400 total=14000 metric=ce epoch=1/1
[pipeline-trace] wall=23:26:25 elapsed=163.363s phase=train event=interaction_progress trial=6 partition=0 processed=8500 total=14000 metric=ce epoch=1/1
[pipeline-trace] wall=23:26:26 elapsed=161.954s phase=train event=interaction_progress trial=7 partition=0 processed=2100 total=14000 metric=ce epoch=1/1
[pipeline-trace] wall=23:26:26 elapsed=163.624s phase=train event=interaction_progress trial=6 partition=0 processed=8600 total=14000 metric=ce epoch=1/1
[pipeline-trace] wall=23:26:26 elapsed=162.355s phase=train event=interaction_progress trial=7 partition=0 processed=2200 total=14000 metric=ce epoch=1/1
[pipeline-trace] wall=23:26:26 elapsed=163.881s phase=train event=interaction_progress trial=6 partition=0 processed=8700 total=14000 metric=ce epoch=1/1
[pipeline-trace] wall=23:26:26 elapsed=164.129s phase=train event=interaction_progress trial=6 partition=0 processed=8800 total=14000 metric=ce epoch=1/1
[pipeline-trace] wall=23:26:26 elapsed=162.753s phase=train event=interaction_progress trial=7 partition=0 processed=2300 total=14000 metric=ce epoch=1/1
[pipeline-trace] wall=23:26:27 elapsed=164.401s phase=train event=interaction_progress trial=6 partition=0 processed=8900 total=14000 metric=ce epoch=1/1
[pipeline-trace] wall=23:26:27 elapsed=163.169s phase=train event=interaction_progress trial=7 partition=0 processed=2400 total=14000 metric=ce epoch=1/1
[pipeline-trace] wall=23:26:27 elapsed=164.717s phase=train event=interaction_progress trial=6 partition=0 processed=9000 total=14000 metric=ce epoch=1/1
[pipeline-trace] wall=23:26:27 elapsed=163.581s phase=train event=interaction_progress trial=7 partition=0 processed=2500 total=14000 metric=ce epoch=1/1
[pipeline-trace] wall=23:26:27 elapsed=165.027s phase=train event=interaction_progress trial=6 partition=0 processed=9100 total=14000 metric=ce epoch=1/1
[pipeline-trace] wall=23:26:27 elapsed=165.277s phase=train event=interaction_progress trial=6 partition=0 processed=9200 total=14000 metric=ce epoch=1/1
[pipeline-trace] wall=23:26:28 elapsed=163.967s phase=train event=interaction_progress trial=7 partition=0 processed=2600 total=14000 metric=ce epoch=1/1
[pipeline-trace] wall=23:26:28 elapsed=165.536s phase=train event=interaction_progress trial=6 partition=0 processed=9300 total=14000 metric=ce epoch=1/1
[pipeline-trace] wall=23:26:28 elapsed=164.380s phase=train event=interaction_progress trial=7 partition=0 processed=2700 total=14000 metric=ce epoch=1/1
[pipeline-trace] wall=23:26:28 elapsed=165.822s phase=train event=interaction_progress trial=6 partition=0 processed=9400 total=14000 metric=ce epoch=1/1
[pipeline-trace] wall=23:26:28 elapsed=166.128s phase=train event=interaction_progress trial=6 partition=0 processed=9500 total=14000 metric=ce epoch=1/1
[pipeline-trace] wall=23:26:28 elapsed=164.788s phase=train event=interaction_progress trial=7 partition=0 processed=2800 total=14000 metric=ce epoch=1/1
[pipeline-trace] wall=23:26:29 elapsed=166.412s phase=train event=interaction_progress trial=6 partition=0 processed=9600 total=14000 metric=ce epoch=1/1
[pipeline-trace] wall=23:26:29 elapsed=165.201s phase=train event=interaction_progress trial=7 partition=0 processed=2900 total=14000 metric=ce epoch=1/1
[pipeline-trace] wall=23:26:29 elapsed=166.699s phase=train event=interaction_progress trial=6 partition=0 processed=9700 total=14000 metric=ce epoch=1/1
[pipeline-trace] wall=23:26:29 elapsed=166.987s phase=train event=interaction_progress trial=6 partition=0 processed=9800 total=14000 metric=ce epoch=1/1
[pipeline-trace] wall=23:26:29 elapsed=165.565s phase=train event=interaction_progress trial=7 partition=0 processed=3000 total=14000 metric=ce epoch=1/1
[pipeline-trace] wall=23:26:29 elapsed=167.283s phase=train event=interaction_progress trial=6 partition=0 processed=9900 total=14000 metric=ce epoch=1/1
[pipeline-trace] wall=23:26:30 elapsed=165.941s phase=train event=interaction_progress trial=7 partition=0 processed=3100 total=14000 metric=ce epoch=1/1
[pipeline-trace] wall=23:26:30 elapsed=167.579s phase=train event=interaction_progress trial=6 partition=0 processed=10000 total=14000 metric=ce epoch=1/1
[pipeline-trace] wall=23:26:30 elapsed=166.344s phase=train event=interaction_progress trial=7 partition=0 processed=3200 total=14000 metric=ce epoch=1/1
[pipeline-trace] wall=23:26:30 elapsed=167.868s phase=train event=interaction_progress trial=6 partition=0 processed=10100 total=14000 metric=ce epoch=1/1
[pipeline-trace] wall=23:26:30 elapsed=166.746s phase=train event=interaction_progress trial=7 partition=0 processed=3300 total=14000 metric=ce epoch=1/1
[pipeline-trace] wall=23:26:30 elapsed=168.177s phase=train event=interaction_progress trial=6 partition=0 processed=10200 total=14000 metric=ce epoch=1/1
[pipeline-trace] wall=23:26:31 elapsed=168.464s phase=train event=interaction_progress trial=6 partition=0 processed=10300 total=14000 metric=ce epoch=1/1
[pipeline-trace] wall=23:26:31 elapsed=167.154s phase=train event=interaction_progress trial=7 partition=0 processed=3400 total=14000 metric=ce epoch=1/1
[pipeline-trace] wall=23:26:31 elapsed=168.749s phase=train event=interaction_progress trial=6 partition=0 processed=10400 total=14000 metric=ce epoch=1/1
[pipeline-trace] wall=23:26:31 elapsed=168.996s phase=train event=interaction_progress trial=6 partition=0 processed=10500 total=14000 metric=ce epoch=1/1
[pipeline-trace] wall=23:26:31 elapsed=167.576s phase=train event=interaction_progress trial=7 partition=0 processed=3500 total=14000 metric=ce epoch=1/1
[pipeline-trace] wall=23:26:31 elapsed=169.250s phase=train event=interaction_progress trial=6 partition=0 processed=10600 total=14000 metric=ce epoch=1/1
[pipeline-trace] wall=23:26:32 elapsed=167.988s phase=train event=interaction_progress trial=7 partition=0 processed=3600 total=14000 metric=ce epoch=1/1
[pipeline-trace] wall=23:26:32 elapsed=169.482s phase=train event=interaction_progress trial=6 partition=0 processed=10700 total=14000 metric=ce epoch=1/1
[pipeline-trace] wall=23:26:32 elapsed=169.703s phase=train event=interaction_progress trial=6 partition=0 processed=10800 total=14000 metric=ce epoch=1/1
[pipeline-trace] wall=23:26:32 elapsed=168.364s phase=train event=interaction_progress trial=7 partition=0 processed=3700 total=14000 metric=ce epoch=1/1
[pipeline-trace] wall=23:26:32 elapsed=169.964s phase=train event=interaction_progress trial=6 partition=0 processed=10900 total=14000 metric=ce epoch=1/1
[pipeline-trace] wall=23:26:32 elapsed=168.759s phase=train event=interaction_progress trial=7 partition=0 processed=3800 total=14000 metric=ce epoch=1/1
[pipeline-trace] wall=23:26:32 elapsed=170.288s phase=train event=interaction_progress trial=6 partition=0 processed=11000 total=14000 metric=ce epoch=1/1
[pipeline-trace] wall=23:26:33 elapsed=170.512s phase=train event=interaction_progress trial=6 partition=0 processed=11100 total=14000 metric=ce epoch=1/1
[pipeline-trace] wall=23:26:33 elapsed=169.162s phase=train event=interaction_progress trial=7 partition=0 processed=3900 total=14000 metric=ce epoch=1/1
[pipeline-trace] wall=23:26:33 elapsed=170.758s phase=train event=interaction_progress trial=6 partition=0 processed=11200 total=14000 metric=ce epoch=1/1
[pipeline-trace] wall=23:26:33 elapsed=169.573s phase=train event=interaction_progress trial=7 partition=0 processed=4000 total=14000 metric=ce epoch=1/1
[pipeline-trace] wall=23:26:33 elapsed=171.003s phase=train event=interaction_progress trial=6 partition=0 processed=11300 total=14000 metric=ce epoch=1/1
[pipeline-trace] wall=23:26:33 elapsed=171.289s phase=train event=interaction_progress trial=6 partition=0 processed=11400 total=14000 metric=ce epoch=1/1
[pipeline-trace] wall=23:26:34 elapsed=169.981s phase=train event=interaction_progress trial=7 partition=0 processed=4100 total=14000 metric=ce epoch=1/1
[pipeline-trace] wall=23:26:34 elapsed=171.544s phase=train event=interaction_progress trial=6 partition=0 processed=11500 total=14000 metric=ce epoch=1/1
[pipeline-trace] wall=23:26:34 elapsed=170.278s phase=train event=interaction_progress trial=7 partition=0 processed=4200 total=14000 metric=ce epoch=1/1
[pipeline-trace] wall=23:26:34 elapsed=171.786s phase=train event=interaction_progress trial=6 partition=0 processed=11600 total=14000 metric=ce epoch=1/1
[pipeline-trace] wall=23:26:34 elapsed=170.646s phase=train event=interaction_progress trial=7 partition=0 processed=4300 total=14000 metric=ce epoch=1/1
[pipeline-trace] wall=23:26:34 elapsed=172.100s phase=train event=interaction_progress trial=6 partition=0 processed=11700 total=14000 metric=ce epoch=1/1
[pipeline-trace] wall=23:26:34 elapsed=172.347s phase=train event=interaction_progress trial=6 partition=0 processed=11800 total=14000 metric=ce epoch=1/1
[pipeline-trace] wall=23:26:35 elapsed=171.038s phase=train event=interaction_progress trial=7 partition=0 processed=4400 total=14000 metric=ce epoch=1/1
[pipeline-trace] wall=23:26:35 elapsed=172.623s phase=train event=interaction_progress trial=6 partition=0 processed=11900 total=14000 metric=ce epoch=1/1
[pipeline-trace] wall=23:26:35 elapsed=171.462s phase=train event=interaction_progress trial=7 partition=0 processed=4500 total=14000 metric=ce epoch=1/1
[pipeline-trace] wall=23:26:35 elapsed=172.945s phase=train event=interaction_progress trial=6 partition=0 processed=12000 total=14000 metric=ce epoch=1/1
[pipeline-trace] wall=23:26:35 elapsed=173.240s phase=train event=interaction_progress trial=6 partition=0 processed=12100 total=14000 metric=ce epoch=1/1
[pipeline-trace] wall=23:26:35 elapsed=171.869s phase=train event=interaction_progress trial=7 partition=0 processed=4600 total=14000 metric=ce epoch=1/1
[pipeline-trace] wall=23:26:36 elapsed=173.558s phase=train event=interaction_progress trial=6 partition=0 processed=12200 total=14000 metric=ce epoch=1/1
[pipeline-trace] wall=23:26:36 elapsed=172.206s phase=train event=interaction_progress trial=7 partition=0 processed=4700 total=14000 metric=ce epoch=1/1
[pipeline-trace] wall=23:26:36 elapsed=173.902s phase=train event=interaction_progress trial=6 partition=0 processed=12300 total=14000 metric=ce epoch=1/1
[pipeline-trace] wall=23:26:36 elapsed=172.562s phase=train event=interaction_progress trial=7 partition=0 processed=4800 total=14000 metric=ce epoch=1/1
[pipeline-trace] wall=23:26:36 elapsed=174.208s phase=train event=interaction_progress trial=6 partition=0 processed=12400 total=14000 metric=ce epoch=1/1
[pipeline-trace] wall=23:26:37 elapsed=172.957s phase=train event=interaction_progress trial=7 partition=0 processed=4900 total=14000 metric=ce epoch=1/1
[pipeline-trace] wall=23:26:37 elapsed=174.512s phase=train event=interaction_progress trial=6 partition=0 processed=12500 total=14000 metric=ce epoch=1/1
[pipeline-trace] wall=23:26:37 elapsed=173.291s phase=train event=interaction_progress trial=7 partition=0 processed=5000 total=14000 metric=ce epoch=1/1
[pipeline-trace] wall=23:26:37 elapsed=174.806s phase=train event=interaction_progress trial=6 partition=0 processed=12600 total=14000 metric=ce epoch=1/1
[pipeline-trace] wall=23:26:37 elapsed=173.692s phase=train event=interaction_progress trial=7 partition=0 processed=5100 total=14000 metric=ce epoch=1/1
[pipeline-trace] wall=23:26:37 elapsed=175.136s phase=train event=interaction_progress trial=6 partition=0 processed=12700 total=14000 metric=ce epoch=1/1
[pipeline-trace] wall=23:26:38 elapsed=175.454s phase=train event=interaction_progress trial=6 partition=0 processed=12800 total=14000 metric=ce epoch=1/1
[pipeline-trace] wall=23:26:38 elapsed=174.032s phase=train event=interaction_progress trial=7 partition=0 processed=5200 total=14000 metric=ce epoch=1/1
[pipeline-trace] wall=23:26:38 elapsed=174.316s phase=train event=interaction_progress trial=7 partition=0 processed=5300 total=14000 metric=ce epoch=1/1
[pipeline-trace] wall=23:26:38 elapsed=175.746s phase=train event=interaction_progress trial=6 partition=0 processed=12900 total=14000 metric=ce epoch=1/1
[pipeline-trace] wall=23:26:38 elapsed=176.050s phase=train event=interaction_progress trial=6 partition=0 processed=13000 total=14000 metric=ce epoch=1/1
[pipeline-trace] wall=23:26:38 elapsed=174.701s phase=train event=interaction_progress trial=7 partition=0 processed=5400 total=14000 metric=ce epoch=1/1
[pipeline-trace] wall=23:26:39 elapsed=176.372s phase=train event=interaction_progress trial=6 partition=0 processed=13100 total=14000 metric=ce epoch=1/1
[pipeline-trace] wall=23:26:39 elapsed=175.063s phase=train event=interaction_progress trial=7 partition=0 processed=5500 total=14000 metric=ce epoch=1/1
[pipeline-trace] wall=23:26:39 elapsed=176.689s phase=train event=interaction_progress trial=6 partition=0 processed=13200 total=14000 metric=ce epoch=1/1
[pipeline-trace] wall=23:26:39 elapsed=175.433s phase=train event=interaction_progress trial=7 partition=0 processed=5600 total=14000 metric=ce epoch=1/1
[pipeline-trace] wall=23:26:39 elapsed=176.989s phase=train event=interaction_progress trial=6 partition=0 processed=13300 total=14000 metric=ce epoch=1/1
[pipeline-trace] wall=23:26:39 elapsed=175.823s phase=train event=interaction_progress trial=7 partition=0 processed=5700 total=14000 metric=ce epoch=1/1
[pipeline-trace] wall=23:26:39 elapsed=177.300s phase=train event=interaction_progress trial=6 partition=0 processed=13400 total=14000 metric=ce epoch=1/1
[pipeline-trace] wall=23:26:40 elapsed=177.620s phase=train event=interaction_progress trial=6 partition=0 processed=13500 total=14000 metric=ce epoch=1/1
[pipeline-trace] wall=23:26:40 elapsed=176.228s phase=train event=interaction_progress trial=7 partition=0 processed=5800 total=14000 metric=ce epoch=1/1
[pipeline-trace] wall=23:26:40 elapsed=177.879s phase=train event=interaction_progress trial=6 partition=0 processed=13600 total=14000 metric=ce epoch=1/1
[pipeline-trace] wall=23:26:40 elapsed=176.577s phase=train event=interaction_progress trial=7 partition=0 processed=5900 total=14000 metric=ce epoch=1/1
[pipeline-trace] wall=23:26:40 elapsed=178.118s phase=train event=interaction_progress trial=6 partition=0 processed=13700 total=14000 metric=ce epoch=1/1
[pipeline-trace] wall=23:26:40 elapsed=178.364s phase=train event=interaction_progress trial=6 partition=0 processed=13800 total=14000 metric=ce epoch=1/1
[pipeline-trace] wall=23:26:41 elapsed=176.974s phase=train event=interaction_progress trial=7 partition=0 processed=6000 total=14000 metric=ce epoch=1/1
[pipeline-trace] wall=23:26:41 elapsed=178.658s phase=train event=interaction_progress trial=6 partition=0 processed=13900 total=14000 metric=ce epoch=1/1
[pipeline-trace] wall=23:26:41 elapsed=177.383s phase=train event=interaction_progress trial=7 partition=0 processed=6100 total=14000 metric=ce epoch=1/1
[pipeline-trace] wall=23:26:41 elapsed=178.975s phase=train event=interaction_progress trial=6 partition=0 processed=14000 total=14000 metric=ce epoch=1/1
[pipeline-trace] wall=23:26:41 elapsed=179.032s phase=eval event=batch_start trial=6 partitions=[1] synthetic=False
[pipeline-trace] wall=23:26:41 elapsed=179.032s phase=eval event=partition_start trial=6 partition=1 interactions=1999
[pipeline-trace] wall=23:26:41 elapsed=179.033s phase=eval event=interaction_progress trial=6 partition=1 processed=1 total=1999 metric=ranking
[pipeline-trace] wall=23:26:41 elapsed=179.193s phase=eval event=interaction_progress trial=6 partition=1 processed=100 total=1999 metric=ranking
[pipeline-trace] wall=23:26:41 elapsed=177.810s phase=train event=interaction_progress trial=7 partition=0 processed=6200 total=14000 metric=ce epoch=1/1
[pipeline-trace] wall=23:26:41 elapsed=179.352s phase=eval event=interaction_progress trial=6 partition=1 processed=200 total=1999 metric=ranking
[pipeline-trace] wall=23:26:42 elapsed=179.510s phase=eval event=interaction_progress trial=6 partition=1 processed=300 total=1999 metric=ranking
[pipeline-trace] wall=23:26:42 elapsed=178.195s phase=train event=interaction_progress trial=7 partition=0 processed=6300 total=14000 metric=ce epoch=1/1
[pipeline-trace] wall=23:26:42 elapsed=179.667s phase=eval event=interaction_progress trial=6 partition=1 processed=400 total=1999 metric=ranking
[pipeline-trace] wall=23:26:42 elapsed=179.870s phase=eval event=interaction_progress trial=6 partition=1 processed=500 total=1999 metric=ranking
[pipeline-trace] wall=23:26:42 elapsed=178.593s phase=train event=interaction_progress trial=7 partition=0 processed=6400 total=14000 metric=ce epoch=1/1
[pipeline-trace] wall=23:26:42 elapsed=180.138s phase=eval event=interaction_progress trial=6 partition=1 processed=600 total=1999 metric=ranking
[pipeline-trace] wall=23:26:43 elapsed=180.405s phase=eval event=interaction_progress trial=6 partition=1 processed=700 total=1999 metric=ranking
[pipeline-trace] wall=23:26:43 elapsed=178.999s phase=train event=interaction_progress trial=7 partition=0 processed=6500 total=14000 metric=ce epoch=1/1
[pipeline-trace] wall=23:26:43 elapsed=180.625s phase=eval event=interaction_progress trial=6 partition=1 processed=800 total=1999 metric=ranking
[pipeline-trace] wall=23:26:43 elapsed=180.752s phase=eval event=interaction_progress trial=6 partition=1 processed=900 total=1999 metric=ranking
[pipeline-trace] wall=23:26:43 elapsed=179.400s phase=train event=interaction_progress trial=7 partition=0 processed=6600 total=14000 metric=ce epoch=1/1
[pipeline-trace] wall=23:26:43 elapsed=180.880s phase=eval event=interaction_progress trial=6 partition=1 processed=1000 total=1999 metric=ranking
[pipeline-trace] wall=23:26:43 elapsed=181.008s phase=eval event=interaction_progress trial=6 partition=1 processed=1100 total=1999 metric=ranking
[pipeline-trace] wall=23:26:43 elapsed=181.137s phase=eval event=interaction_progress trial=6 partition=1 processed=1200 total=1999 metric=ranking
[pipeline-trace] wall=23:26:43 elapsed=179.801s phase=train event=interaction_progress trial=7 partition=0 processed=6700 total=14000 metric=ce epoch=1/1
[pipeline-trace] wall=23:26:43 elapsed=181.265s phase=eval event=interaction_progress trial=6 partition=1 processed=1300 total=1999 metric=ranking
[pipeline-trace] wall=23:26:44 elapsed=181.394s phase=eval event=interaction_progress trial=6 partition=1 processed=1400 total=1999 metric=ranking
[pipeline-trace] wall=23:26:44 elapsed=181.523s phase=eval event=interaction_progress trial=6 partition=1 processed=1500 total=1999 metric=ranking
[pipeline-trace] wall=23:26:44 elapsed=180.206s phase=train event=interaction_progress trial=7 partition=0 processed=6800 total=14000 metric=ce epoch=1/1
[pipeline-trace] wall=23:26:44 elapsed=181.651s phase=eval event=interaction_progress trial=6 partition=1 processed=1600 total=1999 metric=ranking
[pipeline-trace] wall=23:26:44 elapsed=181.781s phase=eval event=interaction_progress trial=6 partition=1 processed=1700 total=1999 metric=ranking
[pipeline-trace] wall=23:26:44 elapsed=181.909s phase=eval event=interaction_progress trial=6 partition=1 processed=1800 total=1999 metric=ranking
[pipeline-trace] wall=23:26:44 elapsed=180.581s phase=train event=interaction_progress trial=7 partition=0 processed=6900 total=14000 metric=ce epoch=1/1
[pipeline-trace] wall=23:26:44 elapsed=182.036s phase=eval event=interaction_progress trial=6 partition=1 processed=1900 total=1999 metric=ranking
[pipeline-trace] wall=23:26:44 elapsed=182.162s phase=eval event=interaction_progress trial=6 partition=1 processed=1999 total=1999 metric=ranking
[pipeline-trace] wall=23:26:44 elapsed=182.164s phase=eval event=partition_complete trial=6 partition=1 elapsed_sec=3.131 hits=1125 total=1999
[pipeline-trace] wall=23:26:44 elapsed=182.211s phase=train event=interaction_progress trial=8 partition=0 processed=1 total=14000 metric=ce epoch=1/1
[pipeline-trace] wall=23:26:44 elapsed=180.877s phase=train event=interaction_progress trial=7 partition=0 processed=7000 total=14000 metric=ce epoch=1/1
[pipeline-trace] wall=23:26:45 elapsed=181.185s phase=train event=interaction_progress trial=7 partition=0 processed=7100 total=14000 metric=ce epoch=1/1
[pipeline-trace] wall=23:26:45 elapsed=182.636s phase=train event=interaction_progress trial=8 partition=0 processed=100 total=14000 metric=ce epoch=1/1
[pipeline-trace] wall=23:26:45 elapsed=181.565s phase=train event=interaction_progress trial=7 partition=0 processed=7200 total=14000 metric=ce epoch=1/1
[pipeline-trace] wall=23:26:45 elapsed=183.179s phase=train event=interaction_progress trial=8 partition=0 processed=200 total=14000 metric=ce epoch=1/1
[pipeline-trace] wall=23:26:46 elapsed=181.986s phase=train event=interaction_progress trial=7 partition=0 processed=7300 total=14000 metric=ce epoch=1/1
[pipeline-trace] wall=23:26:46 elapsed=183.684s phase=train event=interaction_progress trial=8 partition=0 processed=300 total=14000 metric=ce epoch=1/1
[pipeline-trace] wall=23:26:46 elapsed=182.334s phase=train event=interaction_progress trial=7 partition=0 processed=7400 total=14000 metric=ce epoch=1/1
[pipeline-trace] wall=23:26:46 elapsed=182.708s phase=train event=interaction_progress trial=7 partition=0 processed=7500 total=14000 metric=ce epoch=1/1
[pipeline-trace] wall=23:26:46 elapsed=184.137s phase=train event=interaction_progress trial=8 partition=0 processed=400 total=14000 metric=ce epoch=1/1
[pipeline-trace] wall=23:26:47 elapsed=183.104s phase=train event=interaction_progress trial=7 partition=0 processed=7600 total=14000 metric=ce epoch=1/1
[pipeline-trace] wall=23:26:47 elapsed=184.572s phase=train event=interaction_progress trial=8 partition=0 processed=500 total=14000 metric=ce epoch=1/1
[pipeline-trace] wall=23:26:47 elapsed=183.520s phase=train event=interaction_progress trial=7 partition=0 processed=7700 total=14000 metric=ce epoch=1/1
[pipeline-trace] wall=23:26:47 elapsed=184.950s phase=train event=interaction_progress trial=8 partition=0 processed=600 total=14000 metric=ce epoch=1/1
[pipeline-trace] wall=23:26:47 elapsed=185.342s phase=train event=interaction_progress trial=8 partition=0 processed=700 total=14000 metric=ce epoch=1/1
[pipeline-trace] wall=23:26:47 elapsed=183.915s phase=train event=interaction_progress trial=7 partition=0 processed=7800 total=14000 metric=ce epoch=1/1
[pipeline-trace] wall=23:26:48 elapsed=185.705s phase=train event=interaction_progress trial=8 partition=0 processed=800 total=14000 metric=ce epoch=1/1
[pipeline-trace] wall=23:26:48 elapsed=184.331s phase=train event=interaction_progress trial=7 partition=0 processed=7900 total=14000 metric=ce epoch=1/1
[pipeline-trace] wall=23:26:48 elapsed=186.070s phase=train event=interaction_progress trial=8 partition=0 processed=900 total=14000 metric=ce epoch=1/1
[pipeline-trace] wall=23:26:48 elapsed=184.727s phase=train event=interaction_progress trial=7 partition=0 processed=8000 total=14000 metric=ce epoch=1/1
[pipeline-trace] wall=23:26:49 elapsed=186.443s phase=train event=interaction_progress trial=8 partition=0 processed=1000 total=14000 metric=ce epoch=1/1
[pipeline-trace] wall=23:26:49 elapsed=185.059s phase=train event=interaction_progress trial=7 partition=0 processed=8100 total=14000 metric=ce epoch=1/1
[pipeline-trace] wall=23:26:49 elapsed=186.841s phase=train event=interaction_progress trial=8 partition=0 processed=1100 total=14000 metric=ce epoch=1/1
[pipeline-trace] wall=23:26:49 elapsed=185.459s phase=train event=interaction_progress trial=7 partition=0 processed=8200 total=14000 metric=ce epoch=1/1
[pipeline-trace] wall=23:26:49 elapsed=187.161s phase=train event=interaction_progress trial=8 partition=0 processed=1200 total=14000 metric=ce epoch=1/1
[pipeline-trace] wall=23:26:49 elapsed=185.862s phase=train event=interaction_progress trial=7 partition=0 processed=8300 total=14000 metric=ce epoch=1/1
[pipeline-trace] wall=23:26:50 elapsed=187.551s phase=train event=interaction_progress trial=8 partition=0 processed=1300 total=14000 metric=ce epoch=1/1
[pipeline-trace] wall=23:26:50 elapsed=186.255s phase=train event=interaction_progress trial=7 partition=0 processed=8400 total=14000 metric=ce epoch=1/1
[pipeline-trace] wall=23:26:50 elapsed=187.966s phase=train event=interaction_progress trial=8 partition=0 processed=1400 total=14000 metric=ce epoch=1/1
[pipeline-trace] wall=23:26:50 elapsed=186.654s phase=train event=interaction_progress trial=7 partition=0 processed=8500 total=14000 metric=ce epoch=1/1
[pipeline-trace] wall=23:26:51 elapsed=188.403s phase=train event=interaction_progress trial=8 partition=0 processed=1500 total=14000 metric=ce epoch=1/1
[pipeline-trace] wall=23:26:51 elapsed=187.069s phase=train event=interaction_progress trial=7 partition=0 processed=8600 total=14000 metric=ce epoch=1/1
[pipeline-trace] wall=23:26:51 elapsed=188.829s phase=train event=interaction_progress trial=8 partition=0 processed=1600 total=14000 metric=ce epoch=1/1
[pipeline-trace] wall=23:26:51 elapsed=187.473s phase=train event=interaction_progress trial=7 partition=0 processed=8700 total=14000 metric=ce epoch=1/1
[pipeline-trace] wall=23:26:51 elapsed=187.830s phase=train event=interaction_progress trial=7 partition=0 processed=8800 total=14000 metric=ce epoch=1/1
[pipeline-trace] wall=23:26:51 elapsed=189.260s phase=train event=interaction_progress trial=8 partition=0 processed=1700 total=14000 metric=ce epoch=1/1
[pipeline-trace] wall=23:26:52 elapsed=188.140s phase=train event=interaction_progress trial=7 partition=0 processed=8900 total=14000 metric=ce epoch=1/1
[pipeline-trace] wall=23:26:52 elapsed=189.687s phase=train event=interaction_progress trial=8 partition=0 processed=1800 total=14000 metric=ce epoch=1/1
[pipeline-trace] wall=23:26:52 elapsed=188.507s phase=train event=interaction_progress trial=7 partition=0 processed=9000 total=14000 metric=ce epoch=1/1
[pipeline-trace] wall=23:26:52 elapsed=190.116s phase=train event=interaction_progress trial=8 partition=0 processed=1900 total=14000 metric=ce epoch=1/1
[pipeline-trace] wall=23:26:52 elapsed=188.906s phase=train event=interaction_progress trial=7 partition=0 processed=9100 total=14000 metric=ce epoch=1/1
[pipeline-trace] wall=23:26:53 elapsed=190.560s phase=train event=interaction_progress trial=8 partition=0 processed=2000 total=14000 metric=ce epoch=1/1
[pipeline-trace] wall=23:26:53 elapsed=189.283s phase=train event=interaction_progress trial=7 partition=0 processed=9200 total=14000 metric=ce epoch=1/1
[pipeline-trace] wall=23:26:53 elapsed=190.937s phase=train event=interaction_progress trial=8 partition=0 processed=2100 total=14000 metric=ce epoch=1/1
[pipeline-trace] wall=23:26:53 elapsed=189.695s phase=train event=interaction_progress trial=7 partition=0 processed=9300 total=14000 metric=ce epoch=1/1
[pipeline-trace] wall=23:26:53 elapsed=191.346s phase=train event=interaction_progress trial=8 partition=0 processed=2200 total=14000 metric=ce epoch=1/1
[pipeline-trace] wall=23:26:54 elapsed=190.108s phase=train event=interaction_progress trial=7 partition=0 processed=9400 total=14000 metric=ce epoch=1/1
[pipeline-trace] wall=23:26:54 elapsed=191.776s phase=train event=interaction_progress trial=8 partition=0 processed=2300 total=14000 metric=ce epoch=1/1
[pipeline-trace] wall=23:26:54 elapsed=190.512s phase=train event=interaction_progress trial=7 partition=0 processed=9500 total=14000 metric=ce epoch=1/1
[pipeline-trace] wall=23:26:54 elapsed=192.184s phase=train event=interaction_progress trial=8 partition=0 processed=2400 total=14000 metric=ce epoch=1/1
[pipeline-trace] wall=23:26:54 elapsed=190.920s phase=train event=interaction_progress trial=7 partition=0 processed=9600 total=14000 metric=ce epoch=1/1
[pipeline-trace] wall=23:26:55 elapsed=192.610s phase=train event=interaction_progress trial=8 partition=0 processed=2500 total=14000 metric=ce epoch=1/1
[pipeline-trace] wall=23:26:55 elapsed=191.333s phase=train event=interaction_progress trial=7 partition=0 processed=9700 total=14000 metric=ce epoch=1/1
[pipeline-trace] wall=23:26:55 elapsed=193.040s phase=train event=interaction_progress trial=8 partition=0 processed=2600 total=14000 metric=ce epoch=1/1
[pipeline-trace] wall=23:26:55 elapsed=191.812s phase=train event=interaction_progress trial=7 partition=0 processed=9800 total=14000 metric=ce epoch=1/1
[pipeline-trace] wall=23:26:56 elapsed=193.493s phase=train event=interaction_progress trial=8 partition=0 processed=2700 total=14000 metric=ce epoch=1/1
[pipeline-trace] wall=23:26:56 elapsed=192.283s phase=train event=interaction_progress trial=7 partition=0 processed=9900 total=14000 metric=ce epoch=1/1
[pipeline-trace] wall=23:26:56 elapsed=193.888s phase=train event=interaction_progress trial=8 partition=0 processed=2800 total=14000 metric=ce epoch=1/1
[pipeline-trace] wall=23:26:56 elapsed=192.744s phase=train event=interaction_progress trial=7 partition=0 processed=10000 total=14000 metric=ce epoch=1/1
[pipeline-trace] wall=23:26:56 elapsed=194.205s phase=train event=interaction_progress trial=8 partition=0 processed=2900 total=14000 metric=ce epoch=1/1
[pipeline-trace] wall=23:26:57 elapsed=194.556s phase=train event=interaction_progress trial=8 partition=0 processed=3000 total=14000 metric=ce epoch=1/1
[pipeline-trace] wall=23:26:57 elapsed=193.238s phase=train event=interaction_progress trial=7 partition=0 processed=10100 total=14000 metric=ce epoch=1/1
[pipeline-trace] wall=23:26:57 elapsed=194.973s phase=train event=interaction_progress trial=8 partition=0 processed=3100 total=14000 metric=ce epoch=1/1
[pipeline-trace] wall=23:26:57 elapsed=193.706s phase=train event=interaction_progress trial=7 partition=0 processed=10200 total=14000 metric=ce epoch=1/1
[pipeline-trace] wall=23:26:58 elapsed=195.409s phase=train event=interaction_progress trial=8 partition=0 processed=3200 total=14000 metric=ce epoch=1/1
[pipeline-trace] wall=23:26:58 elapsed=194.165s phase=train event=interaction_progress trial=7 partition=0 processed=10300 total=14000 metric=ce epoch=1/1
[pipeline-trace] wall=23:26:58 elapsed=195.790s phase=train event=interaction_progress trial=8 partition=0 processed=3300 total=14000 metric=ce epoch=1/1
[pipeline-trace] wall=23:26:58 elapsed=194.596s phase=train event=interaction_progress trial=7 partition=0 processed=10400 total=14000 metric=ce epoch=1/1
[pipeline-trace] wall=23:26:58 elapsed=196.200s phase=train event=interaction_progress trial=8 partition=0 processed=3400 total=14000 metric=ce epoch=1/1
[pipeline-trace] wall=23:26:58 elapsed=194.927s phase=train event=interaction_progress trial=7 partition=0 processed=10500 total=14000 metric=ce epoch=1/1
[pipeline-trace] wall=23:26:59 elapsed=196.597s phase=train event=interaction_progress trial=8 partition=0 processed=3500 total=14000 metric=ce epoch=1/1
[pipeline-trace] wall=23:26:59 elapsed=195.405s phase=train event=interaction_progress trial=7 partition=0 processed=10600 total=14000 metric=ce epoch=1/1
[pipeline-trace] wall=23:26:59 elapsed=196.997s phase=train event=interaction_progress trial=8 partition=0 processed=3600 total=14000 metric=ce epoch=1/1
[pipeline-trace] wall=23:26:59 elapsed=195.797s phase=train event=interaction_progress trial=7 partition=0 processed=10700 total=14000 metric=ce epoch=1/1
[pipeline-trace] wall=23:27:00 elapsed=197.451s phase=train event=interaction_progress trial=8 partition=0 processed=3700 total=14000 metric=ce epoch=1/1
[pipeline-trace] wall=23:27:00 elapsed=196.155s phase=train event=interaction_progress trial=7 partition=0 processed=10800 total=14000 metric=ce epoch=1/1
[pipeline-trace] wall=23:27:00 elapsed=197.878s phase=train event=interaction_progress trial=8 partition=0 processed=3800 total=14000 metric=ce epoch=1/1
[pipeline-trace] wall=23:27:00 elapsed=196.595s phase=train event=interaction_progress trial=7 partition=0 processed=10900 total=14000 metric=ce epoch=1/1
[pipeline-trace] wall=23:27:00 elapsed=198.315s phase=train event=interaction_progress trial=8 partition=0 processed=3900 total=14000 metric=ce epoch=1/1
[pipeline-trace] wall=23:27:01 elapsed=197.003s phase=train event=interaction_progress trial=7 partition=0 processed=11000 total=14000 metric=ce epoch=1/1
[pipeline-trace] wall=23:27:01 elapsed=198.756s phase=train event=interaction_progress trial=8 partition=0 processed=4000 total=14000 metric=ce epoch=1/1
[pipeline-trace] wall=23:27:01 elapsed=197.335s phase=train event=interaction_progress trial=7 partition=0 processed=11100 total=14000 metric=ce epoch=1/1
[pipeline-trace] wall=23:27:01 elapsed=197.665s phase=train event=interaction_progress trial=7 partition=0 processed=11200 total=14000 metric=ce epoch=1/1
[pipeline-trace] wall=23:27:01 elapsed=199.186s phase=train event=interaction_progress trial=8 partition=0 processed=4100 total=14000 metric=ce epoch=1/1
[pipeline-trace] wall=23:27:02 elapsed=198.056s phase=train event=interaction_progress trial=7 partition=0 processed=11300 total=14000 metric=ce epoch=1/1
[pipeline-trace] wall=23:27:02 elapsed=199.553s phase=train event=interaction_progress trial=8 partition=0 processed=4200 total=14000 metric=ce epoch=1/1
[pipeline-trace] wall=23:27:02 elapsed=199.870s phase=train event=interaction_progress trial=8 partition=0 processed=4300 total=14000 metric=ce epoch=1/1
[pipeline-trace] wall=23:27:02 elapsed=198.529s phase=train event=interaction_progress trial=7 partition=0 processed=11400 total=14000 metric=ce epoch=1/1
[pipeline-trace] wall=23:27:02 elapsed=200.239s phase=train event=interaction_progress trial=8 partition=0 processed=4400 total=14000 metric=ce epoch=1/1
[pipeline-trace] wall=23:27:03 elapsed=199.012s phase=train event=interaction_progress trial=7 partition=0 processed=11500 total=14000 metric=ce epoch=1/1
[pipeline-trace] wall=23:27:03 elapsed=200.748s phase=train event=interaction_progress trial=8 partition=0 processed=4500 total=14000 metric=ce epoch=1/1
[pipeline-trace] wall=23:27:03 elapsed=201.361s phase=train event=interaction_progress trial=8 partition=0 processed=4600 total=14000 metric=ce epoch=1/1
[pipeline-trace] wall=23:27:04 elapsed=201.834s phase=train event=interaction_progress trial=8 partition=0 processed=4700 total=14000 metric=ce epoch=1/1
[pipeline-trace] wall=23:27:04 elapsed=202.341s phase=train event=interaction_progress trial=8 partition=0 processed=4800 total=14000 metric=ce epoch=1/1
[pipeline-trace] wall=23:27:05 elapsed=202.860s phase=train event=interaction_progress trial=8 partition=0 processed=4900 total=14000 metric=ce epoch=1/1
[pipeline-trace] wall=23:27:09 elapsed=206.510s phase=train event=interaction_progress trial=8 partition=0 processed=5000 total=14000 metric=ce epoch=1/1
[pipeline-trace] wall=23:27:09 elapsed=205.210s phase=train event=interaction_progress trial=7 partition=0 processed=11600 total=14000 metric=ce epoch=1/1
[pipeline-trace] wall=23:27:09 elapsed=205.654s phase=train event=interaction_progress trial=7 partition=0 processed=11700 total=14000 metric=ce epoch=1/1
[pipeline-trace] wall=23:27:10 elapsed=207.494s phase=train event=interaction_progress trial=8 partition=0 processed=5100 total=14000 metric=ce epoch=1/1
[pipeline-trace] wall=23:27:10 elapsed=206.190s phase=train event=interaction_progress trial=7 partition=0 processed=11800 total=14000 metric=ce epoch=1/1
[pipeline-trace] wall=23:27:10 elapsed=207.999s phase=train event=interaction_progress trial=8 partition=0 processed=5200 total=14000 metric=ce epoch=1/1
[pipeline-trace] wall=23:27:10 elapsed=206.615s phase=train event=interaction_progress trial=7 partition=0 processed=11900 total=14000 metric=ce epoch=1/1
[pipeline-trace] wall=23:27:11 elapsed=206.943s phase=train event=interaction_progress trial=7 partition=0 processed=12000 total=14000 metric=ce epoch=1/1
[pipeline-trace] wall=23:27:11 elapsed=208.400s phase=train event=interaction_progress trial=8 partition=0 processed=5300 total=14000 metric=ce epoch=1/1
[pipeline-trace] wall=23:27:11 elapsed=207.358s phase=train event=interaction_progress trial=7 partition=0 processed=12100 total=14000 metric=ce epoch=1/1
[pipeline-trace] wall=23:27:11 elapsed=208.875s phase=train event=interaction_progress trial=8 partition=0 processed=5400 total=14000 metric=ce epoch=1/1
[pipeline-trace] wall=23:27:11 elapsed=207.730s phase=train event=interaction_progress trial=7 partition=0 processed=12200 total=14000 metric=ce epoch=1/1
[pipeline-trace] wall=23:27:11 elapsed=209.346s phase=train event=interaction_progress trial=8 partition=0 processed=5500 total=14000 metric=ce epoch=1/1
[pipeline-trace] wall=23:27:12 elapsed=208.105s phase=train event=interaction_progress trial=7 partition=0 processed=12300 total=14000 metric=ce epoch=1/1
[pipeline-trace] wall=23:27:12 elapsed=209.821s phase=train event=interaction_progress trial=8 partition=0 processed=5600 total=14000 metric=ce epoch=1/1
[pipeline-trace] wall=23:27:12 elapsed=208.456s phase=train event=interaction_progress trial=7 partition=0 processed=12400 total=14000 metric=ce epoch=1/1
[pipeline-trace] wall=23:27:12 elapsed=208.779s phase=train event=interaction_progress trial=7 partition=0 processed=12500 total=14000 metric=ce epoch=1/1
[pipeline-trace] wall=23:27:12 elapsed=210.291s phase=train event=interaction_progress trial=8 partition=0 processed=5700 total=14000 metric=ce epoch=1/1
[pipeline-trace] wall=23:27:13 elapsed=209.054s phase=train event=interaction_progress trial=7 partition=0 processed=12600 total=14000 metric=ce epoch=1/1
[pipeline-trace] wall=23:27:13 elapsed=210.768s phase=train event=interaction_progress trial=8 partition=0 processed=5800 total=14000 metric=ce epoch=1/1
[pipeline-trace] wall=23:27:13 elapsed=209.378s phase=train event=interaction_progress trial=7 partition=0 processed=12700 total=14000 metric=ce epoch=1/1
[pipeline-trace] wall=23:27:13 elapsed=209.728s phase=train event=interaction_progress trial=7 partition=0 processed=12800 total=14000 metric=ce epoch=1/1
[pipeline-trace] wall=23:27:13 elapsed=211.246s phase=train event=interaction_progress trial=8 partition=0 processed=5900 total=14000 metric=ce epoch=1/1
[pipeline-trace] wall=23:27:14 elapsed=210.041s phase=train event=interaction_progress trial=7 partition=0 processed=12900 total=14000 metric=ce epoch=1/1
[pipeline-trace] wall=23:27:14 elapsed=211.718s phase=train event=interaction_progress trial=8 partition=0 processed=6000 total=14000 metric=ce epoch=1/1
[pipeline-trace] wall=23:27:14 elapsed=210.439s phase=train event=interaction_progress trial=7 partition=0 processed=13000 total=14000 metric=ce epoch=1/1
[pipeline-trace] wall=23:27:14 elapsed=212.169s phase=train event=interaction_progress trial=8 partition=0 processed=6100 total=14000 metric=ce epoch=1/1
[pipeline-trace] wall=23:27:14 elapsed=210.761s phase=train event=interaction_progress trial=7 partition=0 processed=13100 total=14000 metric=ce epoch=1/1
[pipeline-trace] wall=23:27:15 elapsed=211.050s phase=train event=interaction_progress trial=7 partition=0 processed=13200 total=14000 metric=ce epoch=1/1
[pipeline-trace] wall=23:27:15 elapsed=212.550s phase=train event=interaction_progress trial=8 partition=0 processed=6200 total=14000 metric=ce epoch=1/1
[pipeline-trace] wall=23:27:15 elapsed=211.381s phase=train event=interaction_progress trial=7 partition=0 processed=13300 total=14000 metric=ce epoch=1/1
[pipeline-trace] wall=23:27:15 elapsed=212.910s phase=train event=interaction_progress trial=8 partition=0 processed=6300 total=14000 metric=ce epoch=1/1
[pipeline-trace] wall=23:27:15 elapsed=211.715s phase=train event=interaction_progress trial=7 partition=0 processed=13400 total=14000 metric=ce epoch=1/1
[pipeline-trace] wall=23:27:15 elapsed=213.331s phase=train event=interaction_progress trial=8 partition=0 processed=6400 total=14000 metric=ce epoch=1/1
[pipeline-trace] wall=23:27:16 elapsed=212.085s phase=train event=interaction_progress trial=7 partition=0 processed=13500 total=14000 metric=ce epoch=1/1
[pipeline-trace] wall=23:27:16 elapsed=213.770s phase=train event=interaction_progress trial=8 partition=0 processed=6500 total=14000 metric=ce epoch=1/1
[pipeline-trace] wall=23:27:16 elapsed=212.476s phase=train event=interaction_progress trial=7 partition=0 processed=13600 total=14000 metric=ce epoch=1/1
[pipeline-trace] wall=23:27:16 elapsed=214.198s phase=train event=interaction_progress trial=8 partition=0 processed=6600 total=14000 metric=ce epoch=1/1
[pipeline-trace] wall=23:27:16 elapsed=212.886s phase=train event=interaction_progress trial=7 partition=0 processed=13700 total=14000 metric=ce epoch=1/1
[pipeline-trace] wall=23:27:17 elapsed=214.597s phase=train event=interaction_progress trial=8 partition=0 processed=6700 total=14000 metric=ce epoch=1/1
[pipeline-trace] wall=23:27:17 elapsed=213.291s phase=train event=interaction_progress trial=7 partition=0 processed=13800 total=14000 metric=ce epoch=1/1
[pipeline-trace] wall=23:27:17 elapsed=215.016s phase=train event=interaction_progress trial=8 partition=0 processed=6800 total=14000 metric=ce epoch=1/1
[pipeline-trace] wall=23:27:17 elapsed=213.674s phase=train event=interaction_progress trial=7 partition=0 processed=13900 total=14000 metric=ce epoch=1/1
[pipeline-trace] wall=23:27:18 elapsed=213.996s phase=train event=interaction_progress trial=7 partition=0 processed=14000 total=14000 metric=ce epoch=1/1
[pipeline-trace] wall=23:27:18 elapsed=215.439s phase=train event=interaction_progress trial=8 partition=0 processed=6900 total=14000 metric=ce epoch=1/1
[pipeline-trace] wall=23:27:18 elapsed=214.082s phase=eval event=batch_start trial=7 partitions=[1] synthetic=False
[pipeline-trace] wall=23:27:18 elapsed=214.082s phase=eval event=partition_start trial=7 partition=1 interactions=1999
[pipeline-trace] wall=23:27:18 elapsed=214.083s phase=eval event=interaction_progress trial=7 partition=1 processed=1 total=1999 metric=ranking
[pipeline-trace] wall=23:27:18 elapsed=214.226s phase=eval event=interaction_progress trial=7 partition=1 processed=100 total=1999 metric=ranking
[pipeline-trace] wall=23:27:18 elapsed=214.371s phase=eval event=interaction_progress trial=7 partition=1 processed=200 total=1999 metric=ranking
[pipeline-trace] wall=23:27:18 elapsed=215.865s phase=train event=interaction_progress trial=8 partition=0 processed=7000 total=14000 metric=ce epoch=1/1
[pipeline-trace] wall=23:27:18 elapsed=214.517s phase=eval event=interaction_progress trial=7 partition=1 processed=300 total=1999 metric=ranking
[pipeline-trace] wall=23:27:18 elapsed=214.661s phase=eval event=interaction_progress trial=7 partition=1 processed=400 total=1999 metric=ranking
[pipeline-trace] wall=23:27:18 elapsed=214.807s phase=eval event=interaction_progress trial=7 partition=1 processed=500 total=1999 metric=ranking
[pipeline-trace] wall=23:27:18 elapsed=216.294s phase=train event=interaction_progress trial=8 partition=0 processed=7100 total=14000 metric=ce epoch=1/1
[pipeline-trace] wall=23:27:19 elapsed=214.954s phase=eval event=interaction_progress trial=7 partition=1 processed=600 total=1999 metric=ranking
[pipeline-trace] wall=23:27:19 elapsed=215.099s phase=eval event=interaction_progress trial=7 partition=1 processed=700 total=1999 metric=ranking
[pipeline-trace] wall=23:27:19 elapsed=215.245s phase=eval event=interaction_progress trial=7 partition=1 processed=800 total=1999 metric=ranking
[pipeline-trace] wall=23:27:19 elapsed=216.677s phase=train event=interaction_progress trial=8 partition=0 processed=7200 total=14000 metric=ce epoch=1/1
[pipeline-trace] wall=23:27:19 elapsed=215.391s phase=eval event=interaction_progress trial=7 partition=1 processed=900 total=1999 metric=ranking
[pipeline-trace] wall=23:27:19 elapsed=215.536s phase=eval event=interaction_progress trial=7 partition=1 processed=1000 total=1999 metric=ranking
[pipeline-trace] wall=23:27:19 elapsed=217.074s phase=train event=interaction_progress trial=8 partition=0 processed=7300 total=14000 metric=ce epoch=1/1
[pipeline-trace] wall=23:27:19 elapsed=215.665s phase=eval event=interaction_progress trial=7 partition=1 processed=1100 total=1999 metric=ranking
[pipeline-trace] wall=23:27:19 elapsed=215.792s phase=eval event=interaction_progress trial=7 partition=1 processed=1200 total=1999 metric=ranking
[pipeline-trace] wall=23:27:19 elapsed=215.911s phase=eval event=interaction_progress trial=7 partition=1 processed=1300 total=1999 metric=ranking
[pipeline-trace] wall=23:27:20 elapsed=216.030s phase=eval event=interaction_progress trial=7 partition=1 processed=1400 total=1999 metric=ranking
[pipeline-trace] wall=23:27:20 elapsed=217.499s phase=train event=interaction_progress trial=8 partition=0 processed=7400 total=14000 metric=ce epoch=1/1
[pipeline-trace] wall=23:27:20 elapsed=216.148s phase=eval event=interaction_progress trial=7 partition=1 processed=1500 total=1999 metric=ranking
[pipeline-trace] wall=23:27:20 elapsed=216.266s phase=eval event=interaction_progress trial=7 partition=1 processed=1600 total=1999 metric=ranking
[pipeline-trace] wall=23:27:20 elapsed=216.385s phase=eval event=interaction_progress trial=7 partition=1 processed=1700 total=1999 metric=ranking
[pipeline-trace] wall=23:27:20 elapsed=217.929s phase=train event=interaction_progress trial=8 partition=0 processed=7500 total=14000 metric=ce epoch=1/1
[pipeline-trace] wall=23:27:20 elapsed=216.502s phase=eval event=interaction_progress trial=7 partition=1 processed=1800 total=1999 metric=ranking
[pipeline-trace] wall=23:27:20 elapsed=216.621s phase=eval event=interaction_progress trial=7 partition=1 processed=1900 total=1999 metric=ranking
[pipeline-trace] wall=23:27:20 elapsed=216.738s phase=eval event=interaction_progress trial=7 partition=1 processed=1999 total=1999 metric=ranking
[pipeline-trace] wall=23:27:20 elapsed=216.740s phase=eval event=partition_complete trial=7 partition=1 elapsed_sec=2.657 hits=1537 total=1999
[pipeline-trace] wall=23:27:20 elapsed=216.835s phase=train event=interaction_progress trial=9 partition=0 processed=1 total=14000 metric=ce epoch=1/1
[pipeline-trace] wall=23:27:20 elapsed=218.355s phase=train event=interaction_progress trial=8 partition=0 processed=7600 total=14000 metric=ce epoch=1/1
[pipeline-trace] wall=23:27:21 elapsed=217.137s phase=train event=interaction_progress trial=9 partition=0 processed=100 total=14000 metric=ce epoch=1/1
[pipeline-trace] wall=23:27:21 elapsed=218.802s phase=train event=interaction_progress trial=8 partition=0 processed=7700 total=14000 metric=ce epoch=1/1
[pipeline-trace] wall=23:27:21 elapsed=217.450s phase=train event=interaction_progress trial=9 partition=0 processed=200 total=14000 metric=ce epoch=1/1
[pipeline-trace] wall=23:27:21 elapsed=217.781s phase=train event=interaction_progress trial=9 partition=0 processed=300 total=14000 metric=ce epoch=1/1
[pipeline-trace] wall=23:27:21 elapsed=219.272s phase=train event=interaction_progress trial=8 partition=0 processed=7800 total=14000 metric=ce epoch=1/1
[pipeline-trace] wall=23:27:22 elapsed=218.078s phase=train event=interaction_progress trial=9 partition=0 processed=400 total=14000 metric=ce epoch=1/1
[pipeline-trace] wall=23:27:22 elapsed=219.700s phase=train event=interaction_progress trial=8 partition=0 processed=7900 total=14000 metric=ce epoch=1/1
[pipeline-trace] wall=23:27:22 elapsed=218.366s phase=train event=interaction_progress trial=9 partition=0 processed=500 total=14000 metric=ce epoch=1/1
[pipeline-trace] wall=23:27:22 elapsed=220.100s phase=train event=interaction_progress trial=8 partition=0 processed=8000 total=14000 metric=ce epoch=1/1
[pipeline-trace] wall=23:27:22 elapsed=218.681s phase=train event=interaction_progress trial=9 partition=0 processed=600 total=14000 metric=ce epoch=1/1
[pipeline-trace] wall=23:27:23 elapsed=218.977s phase=train event=interaction_progress trial=9 partition=0 processed=700 total=14000 metric=ce epoch=1/1
[pipeline-trace] wall=23:27:23 elapsed=220.486s phase=train event=interaction_progress trial=8 partition=0 processed=8100 total=14000 metric=ce epoch=1/1
[pipeline-trace] wall=23:27:23 elapsed=219.275s phase=train event=interaction_progress trial=9 partition=0 processed=800 total=14000 metric=ce epoch=1/1
[pipeline-trace] wall=23:27:23 elapsed=220.893s phase=train event=interaction_progress trial=8 partition=0 processed=8200 total=14000 metric=ce epoch=1/1
[pipeline-trace] wall=23:27:23 elapsed=219.582s phase=train event=interaction_progress trial=9 partition=0 processed=900 total=14000 metric=ce epoch=1/1
[pipeline-trace] wall=23:27:23 elapsed=219.880s phase=train event=interaction_progress trial=9 partition=0 processed=1000 total=14000 metric=ce epoch=1/1
[pipeline-trace] wall=23:27:24 elapsed=221.375s phase=train event=interaction_progress trial=8 partition=0 processed=8300 total=14000 metric=ce epoch=1/1
[pipeline-trace] wall=23:27:24 elapsed=220.190s phase=train event=interaction_progress trial=9 partition=0 processed=1100 total=14000 metric=ce epoch=1/1
[pipeline-trace] wall=23:27:24 elapsed=221.854s phase=train event=interaction_progress trial=8 partition=0 processed=8400 total=14000 metric=ce epoch=1/1
[pipeline-trace] wall=23:27:24 elapsed=220.493s phase=train event=interaction_progress trial=9 partition=0 processed=1200 total=14000 metric=ce epoch=1/1
[pipeline-trace] wall=23:27:24 elapsed=220.815s phase=train event=interaction_progress trial=9 partition=0 processed=1300 total=14000 metric=ce epoch=1/1
[pipeline-trace] wall=23:27:24 elapsed=222.285s phase=train event=interaction_progress trial=8 partition=0 processed=8500 total=14000 metric=ce epoch=1/1
[pipeline-trace] wall=23:27:25 elapsed=221.093s phase=train event=interaction_progress trial=9 partition=0 processed=1400 total=14000 metric=ce epoch=1/1
[pipeline-trace] wall=23:27:25 elapsed=222.728s phase=train event=interaction_progress trial=8 partition=0 processed=8600 total=14000 metric=ce epoch=1/1
[pipeline-trace] wall=23:27:25 elapsed=221.380s phase=train event=interaction_progress trial=9 partition=0 processed=1500 total=14000 metric=ce epoch=1/1
[pipeline-trace] wall=23:27:25 elapsed=221.666s phase=train event=interaction_progress trial=9 partition=0 processed=1600 total=14000 metric=ce epoch=1/1
[pipeline-trace] wall=23:27:25 elapsed=223.226s phase=train event=interaction_progress trial=8 partition=0 processed=8700 total=14000 metric=ce epoch=1/1
[pipeline-trace] wall=23:27:26 elapsed=221.992s phase=train event=interaction_progress trial=9 partition=0 processed=1700 total=14000 metric=ce epoch=1/1
[pipeline-trace] wall=23:27:26 elapsed=223.651s phase=train event=interaction_progress trial=8 partition=0 processed=8800 total=14000 metric=ce epoch=1/1
[pipeline-trace] wall=23:27:26 elapsed=222.296s phase=train event=interaction_progress trial=9 partition=0 processed=1800 total=14000 metric=ce epoch=1/1
[pipeline-trace] wall=23:27:26 elapsed=224.028s phase=train event=interaction_progress trial=8 partition=0 processed=8900 total=14000 metric=ce epoch=1/1
[pipeline-trace] wall=23:27:26 elapsed=222.613s phase=train event=interaction_progress trial=9 partition=0 processed=1900 total=14000 metric=ce epoch=1/1
[pipeline-trace] wall=23:27:26 elapsed=222.878s phase=train event=interaction_progress trial=9 partition=0 processed=2000 total=14000 metric=ce epoch=1/1
[pipeline-trace] wall=23:27:27 elapsed=224.445s phase=train event=interaction_progress trial=8 partition=0 processed=9000 total=14000 metric=ce epoch=1/1
[pipeline-trace] wall=23:27:27 elapsed=223.159s phase=train event=interaction_progress trial=9 partition=0 processed=2100 total=14000 metric=ce epoch=1/1
[pipeline-trace] wall=23:27:27 elapsed=224.856s phase=train event=interaction_progress trial=8 partition=0 processed=9100 total=14000 metric=ce epoch=1/1
[pipeline-trace] wall=23:27:27 elapsed=223.466s phase=train event=interaction_progress trial=9 partition=0 processed=2200 total=14000 metric=ce epoch=1/1
[pipeline-trace] wall=23:27:27 elapsed=223.756s phase=train event=interaction_progress trial=9 partition=0 processed=2300 total=14000 metric=ce epoch=1/1
[pipeline-trace] wall=23:27:27 elapsed=225.286s phase=train event=interaction_progress trial=8 partition=0 processed=9200 total=14000 metric=ce epoch=1/1
[pipeline-trace] wall=23:27:28 elapsed=224.050s phase=train event=interaction_progress trial=9 partition=0 processed=2400 total=14000 metric=ce epoch=1/1
[pipeline-trace] wall=23:27:28 elapsed=225.717s phase=train event=interaction_progress trial=8 partition=0 processed=9300 total=14000 metric=ce epoch=1/1
[pipeline-trace] wall=23:27:28 elapsed=224.366s phase=train event=interaction_progress trial=9 partition=0 processed=2500 total=14000 metric=ce epoch=1/1
[pipeline-trace] wall=23:27:28 elapsed=224.628s phase=train event=interaction_progress trial=9 partition=0 processed=2600 total=14000 metric=ce epoch=1/1
[pipeline-trace] wall=23:27:28 elapsed=226.104s phase=train event=interaction_progress trial=8 partition=0 processed=9400 total=14000 metric=ce epoch=1/1
[pipeline-trace] wall=23:27:28 elapsed=224.923s phase=train event=interaction_progress trial=9 partition=0 processed=2700 total=14000 metric=ce epoch=1/1
[pipeline-trace] wall=23:27:29 elapsed=226.539s phase=train event=interaction_progress trial=8 partition=0 processed=9500 total=14000 metric=ce epoch=1/1
[pipeline-trace] wall=23:27:29 elapsed=225.221s phase=train event=interaction_progress trial=9 partition=0 processed=2800 total=14000 metric=ce epoch=1/1
[pipeline-trace] wall=23:27:29 elapsed=225.514s phase=train event=interaction_progress trial=9 partition=0 processed=2900 total=14000 metric=ce epoch=1/1
[pipeline-trace] wall=23:27:29 elapsed=226.996s phase=train event=interaction_progress trial=8 partition=0 processed=9600 total=14000 metric=ce epoch=1/1
[pipeline-trace] wall=23:27:29 elapsed=225.802s phase=train event=interaction_progress trial=9 partition=0 processed=3000 total=14000 metric=ce epoch=1/1
[pipeline-trace] wall=23:27:30 elapsed=227.441s phase=train event=interaction_progress trial=8 partition=0 processed=9700 total=14000 metric=ce epoch=1/1
[pipeline-trace] wall=23:27:30 elapsed=226.099s phase=train event=interaction_progress trial=9 partition=0 processed=3100 total=14000 metric=ce epoch=1/1
[pipeline-trace] wall=23:27:30 elapsed=226.392s phase=train event=interaction_progress trial=9 partition=0 processed=3200 total=14000 metric=ce epoch=1/1
[pipeline-trace] wall=23:27:30 elapsed=227.883s phase=train event=interaction_progress trial=8 partition=0 processed=9800 total=14000 metric=ce epoch=1/1
[pipeline-trace] wall=23:27:30 elapsed=226.698s phase=train event=interaction_progress trial=9 partition=0 processed=3300 total=14000 metric=ce epoch=1/1
[pipeline-trace] wall=23:27:30 elapsed=228.311s phase=train event=interaction_progress trial=8 partition=0 processed=9900 total=14000 metric=ce epoch=1/1
[pipeline-trace] wall=23:27:31 elapsed=227.020s phase=train event=interaction_progress trial=9 partition=0 processed=3400 total=14000 metric=ce epoch=1/1
[pipeline-trace] wall=23:27:31 elapsed=228.763s phase=train event=interaction_progress trial=8 partition=0 processed=10000 total=14000 metric=ce epoch=1/1
[pipeline-trace] wall=23:27:31 elapsed=227.359s phase=train event=interaction_progress trial=9 partition=0 processed=3500 total=14000 metric=ce epoch=1/1
[pipeline-trace] wall=23:27:31 elapsed=227.666s phase=train event=interaction_progress trial=9 partition=0 processed=3600 total=14000 metric=ce epoch=1/1
[pipeline-trace] wall=23:27:31 elapsed=229.207s phase=train event=interaction_progress trial=8 partition=0 processed=10100 total=14000 metric=ce epoch=1/1
[pipeline-trace] wall=23:27:32 elapsed=227.949s phase=train event=interaction_progress trial=9 partition=0 processed=3700 total=14000 metric=ce epoch=1/1
[pipeline-trace] wall=23:27:32 elapsed=229.612s phase=train event=interaction_progress trial=8 partition=0 processed=10200 total=14000 metric=ce epoch=1/1
[pipeline-trace] wall=23:27:32 elapsed=228.249s phase=train event=interaction_progress trial=9 partition=0 processed=3800 total=14000 metric=ce epoch=1/1
[pipeline-trace] wall=23:27:32 elapsed=228.552s phase=train event=interaction_progress trial=9 partition=0 processed=3900 total=14000 metric=ce epoch=1/1
[pipeline-trace] wall=23:27:32 elapsed=230.015s phase=train event=interaction_progress trial=8 partition=0 processed=10300 total=14000 metric=ce epoch=1/1
[pipeline-trace] wall=23:27:32 elapsed=228.848s phase=train event=interaction_progress trial=9 partition=0 processed=4000 total=14000 metric=ce epoch=1/1
[pipeline-trace] wall=23:27:33 elapsed=230.453s phase=train event=interaction_progress trial=8 partition=0 processed=10400 total=14000 metric=ce epoch=1/1
[pipeline-trace] wall=23:27:33 elapsed=229.141s phase=train event=interaction_progress trial=9 partition=0 processed=4100 total=14000 metric=ce epoch=1/1
[pipeline-trace] wall=23:27:33 elapsed=229.440s phase=train event=interaction_progress trial=9 partition=0 processed=4200 total=14000 metric=ce epoch=1/1
[pipeline-trace] wall=23:27:33 elapsed=230.890s phase=train event=interaction_progress trial=8 partition=0 processed=10500 total=14000 metric=ce epoch=1/1
[pipeline-trace] wall=23:27:33 elapsed=229.742s phase=train event=interaction_progress trial=9 partition=0 processed=4300 total=14000 metric=ce epoch=1/1
[pipeline-trace] wall=23:27:33 elapsed=231.329s phase=train event=interaction_progress trial=8 partition=0 processed=10600 total=14000 metric=ce epoch=1/1
[pipeline-trace] wall=23:27:34 elapsed=230.053s phase=train event=interaction_progress trial=9 partition=0 processed=4400 total=14000 metric=ce epoch=1/1
[pipeline-trace] wall=23:27:34 elapsed=231.773s phase=train event=interaction_progress trial=8 partition=0 processed=10700 total=14000 metric=ce epoch=1/1
[pipeline-trace] wall=23:27:34 elapsed=230.356s phase=train event=interaction_progress trial=9 partition=0 processed=4500 total=14000 metric=ce epoch=1/1
[pipeline-trace] wall=23:27:34 elapsed=230.658s phase=train event=interaction_progress trial=9 partition=0 processed=4600 total=14000 metric=ce epoch=1/1
[pipeline-trace] wall=23:27:34 elapsed=232.205s phase=train event=interaction_progress trial=8 partition=0 processed=10800 total=14000 metric=ce epoch=1/1
[pipeline-trace] wall=23:27:35 elapsed=230.957s phase=train event=interaction_progress trial=9 partition=0 processed=4700 total=14000 metric=ce epoch=1/1
[pipeline-trace] wall=23:27:35 elapsed=232.639s phase=train event=interaction_progress trial=8 partition=0 processed=10900 total=14000 metric=ce epoch=1/1
[pipeline-trace] wall=23:27:35 elapsed=231.258s phase=train event=interaction_progress trial=9 partition=0 processed=4800 total=14000 metric=ce epoch=1/1
[pipeline-trace] wall=23:27:35 elapsed=231.544s phase=train event=interaction_progress trial=9 partition=0 processed=4900 total=14000 metric=ce epoch=1/1
[pipeline-trace] wall=23:27:35 elapsed=233.067s phase=train event=interaction_progress trial=8 partition=0 processed=11000 total=14000 metric=ce epoch=1/1
[pipeline-trace] wall=23:27:35 elapsed=231.847s phase=train event=interaction_progress trial=9 partition=0 processed=5000 total=14000 metric=ce epoch=1/1
[pipeline-trace] wall=23:27:36 elapsed=233.525s phase=train event=interaction_progress trial=8 partition=0 processed=11100 total=14000 metric=ce epoch=1/1
[pipeline-trace] wall=23:27:36 elapsed=232.146s phase=train event=interaction_progress trial=9 partition=0 processed=5100 total=14000 metric=ce epoch=1/1
[pipeline-trace] wall=23:27:36 elapsed=232.440s phase=train event=interaction_progress trial=9 partition=0 processed=5200 total=14000 metric=ce epoch=1/1
[pipeline-trace] wall=23:27:36 elapsed=233.954s phase=train event=interaction_progress trial=8 partition=0 processed=11200 total=14000 metric=ce epoch=1/1
[pipeline-trace] wall=23:27:36 elapsed=232.735s phase=train event=interaction_progress trial=9 partition=0 processed=5300 total=14000 metric=ce epoch=1/1
[pipeline-trace] wall=23:27:37 elapsed=234.411s phase=train event=interaction_progress trial=8 partition=0 processed=11300 total=14000 metric=ce epoch=1/1
[pipeline-trace] wall=23:27:37 elapsed=233.034s phase=train event=interaction_progress trial=9 partition=0 processed=5400 total=14000 metric=ce epoch=1/1
[pipeline-trace] wall=23:27:37 elapsed=233.322s phase=train event=interaction_progress trial=9 partition=0 processed=5500 total=14000 metric=ce epoch=1/1
[pipeline-trace] wall=23:27:37 elapsed=234.836s phase=train event=interaction_progress trial=8 partition=0 processed=11400 total=14000 metric=ce epoch=1/1
[pipeline-trace] wall=23:27:37 elapsed=233.609s phase=train event=interaction_progress trial=9 partition=0 processed=5600 total=14000 metric=ce epoch=1/1
[pipeline-trace] wall=23:27:37 elapsed=235.273s phase=train event=interaction_progress trial=8 partition=0 processed=11500 total=14000 metric=ce epoch=1/1
[pipeline-trace] wall=23:27:37 elapsed=233.905s phase=train event=interaction_progress trial=9 partition=0 processed=5700 total=14000 metric=ce epoch=1/1
[pipeline-trace] wall=23:27:38 elapsed=234.200s phase=train event=interaction_progress trial=9 partition=0 processed=5800 total=14000 metric=ce epoch=1/1
[pipeline-trace] wall=23:27:38 elapsed=235.708s phase=train event=interaction_progress trial=8 partition=0 processed=11600 total=14000 metric=ce epoch=1/1
[pipeline-trace] wall=23:27:38 elapsed=234.486s phase=train event=interaction_progress trial=9 partition=0 processed=5900 total=14000 metric=ce epoch=1/1
[pipeline-trace] wall=23:27:38 elapsed=236.145s phase=train event=interaction_progress trial=8 partition=0 processed=11700 total=14000 metric=ce epoch=1/1
[pipeline-trace] wall=23:27:38 elapsed=234.770s phase=train event=interaction_progress trial=9 partition=0 processed=6000 total=14000 metric=ce epoch=1/1
[pipeline-trace] wall=23:27:39 elapsed=235.049s phase=train event=interaction_progress trial=9 partition=0 processed=6100 total=14000 metric=ce epoch=1/1
[pipeline-trace] wall=23:27:39 elapsed=236.590s phase=train event=interaction_progress trial=8 partition=0 processed=11800 total=14000 metric=ce epoch=1/1
[pipeline-trace] wall=23:27:39 elapsed=235.306s phase=train event=interaction_progress trial=9 partition=0 processed=6200 total=14000 metric=ce epoch=1/1
[pipeline-trace] wall=23:27:39 elapsed=235.564s phase=train event=interaction_progress trial=9 partition=0 processed=6300 total=14000 metric=ce epoch=1/1
[pipeline-trace] wall=23:27:39 elapsed=237.024s phase=train event=interaction_progress trial=8 partition=0 processed=11900 total=14000 metric=ce epoch=1/1
[pipeline-trace] wall=23:27:39 elapsed=235.850s phase=train event=interaction_progress trial=9 partition=0 processed=6400 total=14000 metric=ce epoch=1/1
[pipeline-trace] wall=23:27:40 elapsed=237.460s phase=train event=interaction_progress trial=8 partition=0 processed=12000 total=14000 metric=ce epoch=1/1
[pipeline-trace] wall=23:27:40 elapsed=236.134s phase=train event=interaction_progress trial=9 partition=0 processed=6500 total=14000 metric=ce epoch=1/1
[pipeline-trace] wall=23:27:40 elapsed=236.409s phase=train event=interaction_progress trial=9 partition=0 processed=6600 total=14000 metric=ce epoch=1/1
[pipeline-trace] wall=23:27:40 elapsed=237.881s phase=train event=interaction_progress trial=8 partition=0 processed=12100 total=14000 metric=ce epoch=1/1
[pipeline-trace] wall=23:27:40 elapsed=236.698s phase=train event=interaction_progress trial=9 partition=0 processed=6700 total=14000 metric=ce epoch=1/1
[pipeline-trace] wall=23:27:40 elapsed=238.328s phase=train event=interaction_progress trial=8 partition=0 processed=12200 total=14000 metric=ce epoch=1/1
[pipeline-trace] wall=23:27:41 elapsed=236.993s phase=train event=interaction_progress trial=9 partition=0 processed=6800 total=14000 metric=ce epoch=1/1
[pipeline-trace] wall=23:27:41 elapsed=237.308s phase=train event=interaction_progress trial=9 partition=0 processed=6900 total=14000 metric=ce epoch=1/1
[pipeline-trace] wall=23:27:41 elapsed=238.770s phase=train event=interaction_progress trial=8 partition=0 processed=12300 total=14000 metric=ce epoch=1/1
[pipeline-trace] wall=23:27:41 elapsed=237.629s phase=train event=interaction_progress trial=9 partition=0 processed=7000 total=14000 metric=ce epoch=1/1
[pipeline-trace] wall=23:27:41 elapsed=239.220s phase=train event=interaction_progress trial=8 partition=0 processed=12400 total=14000 metric=ce epoch=1/1
[pipeline-trace] wall=23:27:41 elapsed=237.925s phase=train event=interaction_progress trial=9 partition=0 processed=7100 total=14000 metric=ce epoch=1/1
[pipeline-trace] wall=23:27:42 elapsed=238.220s phase=train event=interaction_progress trial=9 partition=0 processed=7200 total=14000 metric=ce epoch=1/1
[pipeline-trace] wall=23:27:42 elapsed=239.665s phase=train event=interaction_progress trial=8 partition=0 processed=12500 total=14000 metric=ce epoch=1/1
[pipeline-trace] wall=23:27:42 elapsed=238.512s phase=train event=interaction_progress trial=9 partition=0 processed=7300 total=14000 metric=ce epoch=1/1
[pipeline-trace] wall=23:27:42 elapsed=240.087s phase=train event=interaction_progress trial=8 partition=0 processed=12600 total=14000 metric=ce epoch=1/1
[pipeline-trace] wall=23:27:42 elapsed=238.804s phase=train event=interaction_progress trial=9 partition=0 processed=7400 total=14000 metric=ce epoch=1/1
[pipeline-trace] wall=23:27:43 elapsed=240.528s phase=train event=interaction_progress trial=8 partition=0 processed=12700 total=14000 metric=ce epoch=1/1
[pipeline-trace] wall=23:27:43 elapsed=239.100s phase=train event=interaction_progress trial=9 partition=0 processed=7500 total=14000 metric=ce epoch=1/1
[pipeline-trace] wall=23:27:43 elapsed=239.396s phase=train event=interaction_progress trial=9 partition=0 processed=7600 total=14000 metric=ce epoch=1/1
[pipeline-trace] wall=23:27:43 elapsed=240.956s phase=train event=interaction_progress trial=8 partition=0 processed=12800 total=14000 metric=ce epoch=1/1
[pipeline-trace] wall=23:27:43 elapsed=239.694s phase=train event=interaction_progress trial=9 partition=0 processed=7700 total=14000 metric=ce epoch=1/1
[pipeline-trace] wall=23:27:44 elapsed=241.417s phase=train event=interaction_progress trial=8 partition=0 processed=12900 total=14000 metric=ce epoch=1/1
[pipeline-trace] wall=23:27:44 elapsed=239.994s phase=train event=interaction_progress trial=9 partition=0 processed=7800 total=14000 metric=ce epoch=1/1
[pipeline-trace] wall=23:27:44 elapsed=240.285s phase=train event=interaction_progress trial=9 partition=0 processed=7900 total=14000 metric=ce epoch=1/1
[pipeline-trace] wall=23:27:44 elapsed=241.831s phase=train event=interaction_progress trial=8 partition=0 processed=13000 total=14000 metric=ce epoch=1/1
[pipeline-trace] wall=23:27:44 elapsed=240.580s phase=train event=interaction_progress trial=9 partition=0 processed=8000 total=14000 metric=ce epoch=1/1
[pipeline-trace] wall=23:27:44 elapsed=242.234s phase=train event=interaction_progress trial=8 partition=0 processed=13100 total=14000 metric=ce epoch=1/1
[pipeline-trace] wall=23:27:44 elapsed=240.885s phase=train event=interaction_progress trial=9 partition=0 processed=8100 total=14000 metric=ce epoch=1/1
[pipeline-trace] wall=23:27:45 elapsed=242.604s phase=train event=interaction_progress trial=8 partition=0 processed=13200 total=14000 metric=ce epoch=1/1
[pipeline-trace] wall=23:27:45 elapsed=241.182s phase=train event=interaction_progress trial=9 partition=0 processed=8200 total=14000 metric=ce epoch=1/1
[pipeline-trace] wall=23:27:45 elapsed=241.478s phase=train event=interaction_progress trial=9 partition=0 processed=8300 total=14000 metric=ce epoch=1/1
[pipeline-trace] wall=23:27:45 elapsed=243.015s phase=train event=interaction_progress trial=8 partition=0 processed=13300 total=14000 metric=ce epoch=1/1
[pipeline-trace] wall=23:27:45 elapsed=241.815s phase=train event=interaction_progress trial=9 partition=0 processed=8400 total=14000 metric=ce epoch=1/1
[pipeline-trace] wall=23:27:46 elapsed=243.483s phase=train event=interaction_progress trial=8 partition=0 processed=13400 total=14000 metric=ce epoch=1/1
[pipeline-trace] wall=23:27:46 elapsed=242.119s phase=train event=interaction_progress trial=9 partition=0 processed=8500 total=14000 metric=ce epoch=1/1
[pipeline-trace] wall=23:27:46 elapsed=242.411s phase=train event=interaction_progress trial=9 partition=0 processed=8600 total=14000 metric=ce epoch=1/1
[pipeline-trace] wall=23:27:46 elapsed=243.964s phase=train event=interaction_progress trial=8 partition=0 processed=13500 total=14000 metric=ce epoch=1/1
[pipeline-trace] wall=23:27:46 elapsed=242.702s phase=train event=interaction_progress trial=9 partition=0 processed=8700 total=14000 metric=ce epoch=1/1
[pipeline-trace] wall=23:27:47 elapsed=242.984s phase=train event=interaction_progress trial=9 partition=0 processed=8800 total=14000 metric=ce epoch=1/1
[pipeline-trace] wall=23:27:47 elapsed=244.442s phase=train event=interaction_progress trial=8 partition=0 processed=13600 total=14000 metric=ce epoch=1/1
[pipeline-trace] wall=23:27:47 elapsed=243.264s phase=train event=interaction_progress trial=9 partition=0 processed=8900 total=14000 metric=ce epoch=1/1
[pipeline-trace] wall=23:27:47 elapsed=244.888s phase=train event=interaction_progress trial=8 partition=0 processed=13700 total=14000 metric=ce epoch=1/1
[pipeline-trace] wall=23:27:47 elapsed=243.538s phase=train event=interaction_progress trial=9 partition=0 processed=9000 total=14000 metric=ce epoch=1/1
[pipeline-trace] wall=23:27:47 elapsed=243.829s phase=train event=interaction_progress trial=9 partition=0 processed=9100 total=14000 metric=ce epoch=1/1
[pipeline-trace] wall=23:27:47 elapsed=245.354s phase=train event=interaction_progress trial=8 partition=0 processed=13800 total=14000 metric=ce epoch=1/1
[pipeline-trace] wall=23:27:48 elapsed=244.141s phase=train event=interaction_progress trial=9 partition=0 processed=9200 total=14000 metric=ce epoch=1/1
[pipeline-trace] wall=23:27:48 elapsed=245.782s phase=train event=interaction_progress trial=8 partition=0 processed=13900 total=14000 metric=ce epoch=1/1
[pipeline-trace] wall=23:27:48 elapsed=244.450s phase=train event=interaction_progress trial=9 partition=0 processed=9300 total=14000 metric=ce epoch=1/1
[pipeline-trace] wall=23:27:48 elapsed=244.740s phase=train event=interaction_progress trial=9 partition=0 processed=9400 total=14000 metric=ce epoch=1/1
[pipeline-trace] wall=23:27:48 elapsed=246.172s phase=train event=interaction_progress trial=8 partition=0 processed=14000 total=14000 metric=ce epoch=1/1
[pipeline-trace] wall=23:27:48 elapsed=246.236s phase=eval event=batch_start trial=8 partitions=[1] synthetic=False
[pipeline-trace] wall=23:27:48 elapsed=246.237s phase=eval event=partition_start trial=8 partition=1 interactions=1999
[pipeline-trace] wall=23:27:48 elapsed=246.237s phase=eval event=interaction_progress trial=8 partition=1 processed=1 total=1999 metric=ranking
[pipeline-trace] wall=23:27:49 elapsed=246.417s phase=eval event=interaction_progress trial=8 partition=1 processed=100 total=1999 metric=ranking
[pipeline-trace] wall=23:27:49 elapsed=245.022s phase=train event=interaction_progress trial=9 partition=0 processed=9500 total=14000 metric=ce epoch=1/1
[pipeline-trace] wall=23:27:49 elapsed=246.598s phase=eval event=interaction_progress trial=8 partition=1 processed=200 total=1999 metric=ranking
[pipeline-trace] wall=23:27:49 elapsed=245.324s phase=train event=interaction_progress trial=9 partition=0 processed=9600 total=14000 metric=ce epoch=1/1
[pipeline-trace] wall=23:27:49 elapsed=246.778s phase=eval event=interaction_progress trial=8 partition=1 processed=300 total=1999 metric=ranking
[pipeline-trace] wall=23:27:49 elapsed=246.957s phase=eval event=interaction_progress trial=8 partition=1 processed=400 total=1999 metric=ranking
[pipeline-trace] wall=23:27:49 elapsed=245.611s phase=train event=interaction_progress trial=9 partition=0 processed=9700 total=14000 metric=ce epoch=1/1
[pipeline-trace] wall=23:27:49 elapsed=247.137s phase=eval event=interaction_progress trial=8 partition=1 processed=500 total=1999 metric=ranking
[pipeline-trace] wall=23:27:49 elapsed=247.318s phase=eval event=interaction_progress trial=8 partition=1 processed=600 total=1999 metric=ranking
[pipeline-trace] wall=23:27:49 elapsed=245.905s phase=train event=interaction_progress trial=9 partition=0 processed=9800 total=14000 metric=ce epoch=1/1
[pipeline-trace] wall=23:27:50 elapsed=247.501s phase=eval event=interaction_progress trial=8 partition=1 processed=700 total=1999 metric=ranking
[pipeline-trace] wall=23:27:50 elapsed=246.226s phase=train event=interaction_progress trial=9 partition=0 processed=9900 total=14000 metric=ce epoch=1/1
[pipeline-trace] wall=23:27:50 elapsed=247.712s phase=eval event=interaction_progress trial=8 partition=1 processed=800 total=1999 metric=ranking
[pipeline-trace] wall=23:27:50 elapsed=247.893s phase=eval event=interaction_progress trial=8 partition=1 processed=900 total=1999 metric=ranking
[pipeline-trace] wall=23:27:50 elapsed=246.474s phase=train event=interaction_progress trial=9 partition=0 processed=10000 total=14000 metric=ce epoch=1/1
[pipeline-trace] wall=23:27:50 elapsed=248.072s phase=eval event=interaction_progress trial=8 partition=1 processed=1000 total=1999 metric=ranking
[pipeline-trace] wall=23:27:50 elapsed=246.742s phase=train event=interaction_progress trial=9 partition=0 processed=10100 total=14000 metric=ce epoch=1/1
[pipeline-trace] wall=23:27:50 elapsed=248.251s phase=eval event=interaction_progress trial=8 partition=1 processed=1100 total=1999 metric=ranking
[pipeline-trace] wall=23:27:51 elapsed=248.432s phase=eval event=interaction_progress trial=8 partition=1 processed=1200 total=1999 metric=ranking
[pipeline-trace] wall=23:27:51 elapsed=247.043s phase=train event=interaction_progress trial=9 partition=0 processed=10200 total=14000 metric=ce epoch=1/1
[pipeline-trace] wall=23:27:51 elapsed=248.612s phase=eval event=interaction_progress trial=8 partition=1 processed=1300 total=1999 metric=ranking
[pipeline-trace] wall=23:27:51 elapsed=247.351s phase=train event=interaction_progress trial=9 partition=0 processed=10300 total=14000 metric=ce epoch=1/1
[pipeline-trace] wall=23:27:51 elapsed=248.792s phase=eval event=interaction_progress trial=8 partition=1 processed=1400 total=1999 metric=ranking
[pipeline-trace] wall=23:27:51 elapsed=248.971s phase=eval event=interaction_progress trial=8 partition=1 processed=1500 total=1999 metric=ranking
[pipeline-trace] wall=23:27:51 elapsed=247.666s phase=train event=interaction_progress trial=9 partition=0 processed=10400 total=14000 metric=ce epoch=1/1
[pipeline-trace] wall=23:27:51 elapsed=249.151s phase=eval event=interaction_progress trial=8 partition=1 processed=1600 total=1999 metric=ranking
[pipeline-trace] wall=23:27:51 elapsed=249.331s phase=eval event=interaction_progress trial=8 partition=1 processed=1700 total=1999 metric=ranking
[pipeline-trace] wall=23:27:52 elapsed=247.976s phase=train event=interaction_progress trial=9 partition=0 processed=10500 total=14000 metric=ce epoch=1/1
[pipeline-trace] wall=23:27:52 elapsed=249.513s phase=eval event=interaction_progress trial=8 partition=1 processed=1800 total=1999 metric=ranking
[pipeline-trace] wall=23:27:52 elapsed=249.693s phase=eval event=interaction_progress trial=8 partition=1 processed=1900 total=1999 metric=ranking
[pipeline-trace] wall=23:27:52 elapsed=248.291s phase=train event=interaction_progress trial=9 partition=0 processed=10600 total=14000 metric=ce epoch=1/1
[pipeline-trace] wall=23:27:52 elapsed=249.871s phase=eval event=interaction_progress trial=8 partition=1 processed=1999 total=1999 metric=ranking
[pipeline-trace] wall=23:27:52 elapsed=249.873s phase=eval event=partition_complete trial=8 partition=1 elapsed_sec=3.637 hits=1619 total=1999
[pipeline-trace] wall=23:27:52 elapsed=249.934s phase=train event=interaction_progress trial=10 partition=0 processed=1 total=14000 metric=ce epoch=1/1
[pipeline-trace] wall=23:27:52 elapsed=248.607s phase=train event=interaction_progress trial=9 partition=0 processed=10700 total=14000 metric=ce epoch=1/1
[pipeline-trace] wall=23:27:52 elapsed=250.276s phase=train event=interaction_progress trial=10 partition=0 processed=100 total=14000 metric=ce epoch=1/1
[pipeline-trace] wall=23:27:52 elapsed=248.905s phase=train event=interaction_progress trial=9 partition=0 processed=10800 total=14000 metric=ce epoch=1/1
[pipeline-trace] wall=23:27:53 elapsed=250.610s phase=train event=interaction_progress trial=10 partition=0 processed=200 total=14000 metric=ce epoch=1/1
[pipeline-trace] wall=23:27:53 elapsed=249.193s phase=train event=interaction_progress trial=9 partition=0 processed=10900 total=14000 metric=ce epoch=1/1
[pipeline-trace] wall=23:27:53 elapsed=249.519s phase=train event=interaction_progress trial=9 partition=0 processed=11000 total=14000 metric=ce epoch=1/1
[pipeline-trace] wall=23:27:53 elapsed=250.992s phase=train event=interaction_progress trial=10 partition=0 processed=300 total=14000 metric=ce epoch=1/1
[pipeline-trace] wall=23:27:53 elapsed=249.887s phase=train event=interaction_progress trial=9 partition=0 processed=11100 total=14000 metric=ce epoch=1/1
[pipeline-trace] wall=23:27:54 elapsed=251.449s phase=train event=interaction_progress trial=10 partition=0 processed=400 total=14000 metric=ce epoch=1/1
[pipeline-trace] wall=23:27:54 elapsed=250.256s phase=train event=interaction_progress trial=9 partition=0 processed=11200 total=14000 metric=ce epoch=1/1
[pipeline-trace] wall=23:27:54 elapsed=251.816s phase=train event=interaction_progress trial=10 partition=0 processed=500 total=14000 metric=ce epoch=1/1
[pipeline-trace] wall=23:27:54 elapsed=250.647s phase=train event=interaction_progress trial=9 partition=0 processed=11300 total=14000 metric=ce epoch=1/1
[pipeline-trace] wall=23:27:54 elapsed=252.184s phase=train event=interaction_progress trial=10 partition=0 processed=600 total=14000 metric=ce epoch=1/1
[pipeline-trace] wall=23:27:55 elapsed=250.953s phase=train event=interaction_progress trial=9 partition=0 processed=11400 total=14000 metric=ce epoch=1/1
[pipeline-trace] wall=23:27:55 elapsed=252.492s phase=train event=interaction_progress trial=10 partition=0 processed=700 total=14000 metric=ce epoch=1/1
[pipeline-trace] wall=23:27:55 elapsed=251.245s phase=train event=interaction_progress trial=9 partition=0 processed=11500 total=14000 metric=ce epoch=1/1
[pipeline-trace] wall=23:27:55 elapsed=252.783s phase=train event=interaction_progress trial=10 partition=0 processed=800 total=14000 metric=ce epoch=1/1
[pipeline-trace] wall=23:27:55 elapsed=251.540s phase=train event=interaction_progress trial=9 partition=0 processed=11600 total=14000 metric=ce epoch=1/1
[pipeline-trace] wall=23:27:55 elapsed=253.088s phase=train event=interaction_progress trial=10 partition=0 processed=900 total=14000 metric=ce epoch=1/1
[pipeline-trace] wall=23:27:55 elapsed=251.833s phase=train event=interaction_progress trial=9 partition=0 processed=11700 total=14000 metric=ce epoch=1/1
[pipeline-trace] wall=23:27:56 elapsed=253.412s phase=train event=interaction_progress trial=10 partition=0 processed=1000 total=14000 metric=ce epoch=1/1
[pipeline-trace] wall=23:27:56 elapsed=252.126s phase=train event=interaction_progress trial=9 partition=0 processed=11800 total=14000 metric=ce epoch=1/1
[pipeline-trace] wall=23:27:56 elapsed=253.808s phase=train event=interaction_progress trial=10 partition=0 processed=1100 total=14000 metric=ce epoch=1/1
[pipeline-trace] wall=23:27:56 elapsed=252.423s phase=train event=interaction_progress trial=9 partition=0 processed=11900 total=14000 metric=ce epoch=1/1
[pipeline-trace] wall=23:27:56 elapsed=252.714s phase=train event=interaction_progress trial=9 partition=0 processed=12000 total=14000 metric=ce epoch=1/1
[pipeline-trace] wall=23:27:56 elapsed=254.211s phase=train event=interaction_progress trial=10 partition=0 processed=1200 total=14000 metric=ce epoch=1/1
[pipeline-trace] wall=23:27:57 elapsed=253.010s phase=train event=interaction_progress trial=9 partition=0 processed=12100 total=14000 metric=ce epoch=1/1
[pipeline-trace] wall=23:27:57 elapsed=254.618s phase=train event=interaction_progress trial=10 partition=0 processed=1300 total=14000 metric=ce epoch=1/1
[pipeline-trace] wall=23:27:57 elapsed=253.301s phase=train event=interaction_progress trial=9 partition=0 processed=12200 total=14000 metric=ce epoch=1/1
[pipeline-trace] wall=23:27:57 elapsed=254.959s phase=train event=interaction_progress trial=10 partition=0 processed=1400 total=14000 metric=ce epoch=1/1
[pipeline-trace] wall=23:27:57 elapsed=253.589s phase=train event=interaction_progress trial=9 partition=0 processed=12300 total=14000 metric=ce epoch=1/1
[pipeline-trace] wall=23:27:57 elapsed=255.297s phase=train event=interaction_progress trial=10 partition=0 processed=1500 total=14000 metric=ce epoch=1/1
[pipeline-trace] wall=23:27:57 elapsed=253.883s phase=train event=interaction_progress trial=9 partition=0 processed=12400 total=14000 metric=ce epoch=1/1
[pipeline-trace] wall=23:27:58 elapsed=254.168s phase=train event=interaction_progress trial=9 partition=0 processed=12500 total=14000 metric=ce epoch=1/1
[pipeline-trace] wall=23:27:58 elapsed=255.678s phase=train event=interaction_progress trial=10 partition=0 processed=1600 total=14000 metric=ce epoch=1/1
[pipeline-trace] wall=23:27:58 elapsed=254.448s phase=train event=interaction_progress trial=9 partition=0 processed=12600 total=14000 metric=ce epoch=1/1
[pipeline-trace] wall=23:27:58 elapsed=256.063s phase=train event=interaction_progress trial=10 partition=0 processed=1700 total=14000 metric=ce epoch=1/1
[pipeline-trace] wall=23:27:58 elapsed=254.766s phase=train event=interaction_progress trial=9 partition=0 processed=12700 total=14000 metric=ce epoch=1/1
[pipeline-trace] wall=23:27:59 elapsed=256.443s phase=train event=interaction_progress trial=10 partition=0 processed=1800 total=14000 metric=ce epoch=1/1
[pipeline-trace] wall=23:27:59 elapsed=255.058s phase=train event=interaction_progress trial=9 partition=0 processed=12800 total=14000 metric=ce epoch=1/1
[pipeline-trace] wall=23:27:59 elapsed=255.348s phase=train event=interaction_progress trial=9 partition=0 processed=12900 total=14000 metric=ce epoch=1/1
[pipeline-trace] wall=23:27:59 elapsed=256.829s phase=train event=interaction_progress trial=10 partition=0 processed=1900 total=14000 metric=ce epoch=1/1
[pipeline-trace] wall=23:27:59 elapsed=255.646s phase=train event=interaction_progress trial=9 partition=0 processed=13000 total=14000 metric=ce epoch=1/1
[pipeline-trace] wall=23:27:59 elapsed=257.216s phase=train event=interaction_progress trial=10 partition=0 processed=2000 total=14000 metric=ce epoch=1/1
[pipeline-trace] wall=23:28:00 elapsed=255.941s phase=train event=interaction_progress trial=9 partition=0 processed=13100 total=14000 metric=ce epoch=1/1
[pipeline-trace] wall=23:28:00 elapsed=257.615s phase=train event=interaction_progress trial=10 partition=0 processed=2100 total=14000 metric=ce epoch=1/1
[pipeline-trace] wall=23:28:00 elapsed=256.227s phase=train event=interaction_progress trial=9 partition=0 processed=13200 total=14000 metric=ce epoch=1/1
[pipeline-trace] wall=23:28:00 elapsed=256.525s phase=train event=interaction_progress trial=9 partition=0 processed=13300 total=14000 metric=ce epoch=1/1
[pipeline-trace] wall=23:28:00 elapsed=258.004s phase=train event=interaction_progress trial=10 partition=0 processed=2200 total=14000 metric=ce epoch=1/1
[pipeline-trace] wall=23:28:00 elapsed=256.821s phase=train event=interaction_progress trial=9 partition=0 processed=13400 total=14000 metric=ce epoch=1/1
[pipeline-trace] wall=23:28:01 elapsed=258.406s phase=train event=interaction_progress trial=10 partition=0 processed=2300 total=14000 metric=ce epoch=1/1
[pipeline-trace] wall=23:28:01 elapsed=257.099s phase=train event=interaction_progress trial=9 partition=0 processed=13500 total=14000 metric=ce epoch=1/1
[pipeline-trace] wall=23:28:01 elapsed=257.376s phase=train event=interaction_progress trial=9 partition=0 processed=13600 total=14000 metric=ce epoch=1/1
[pipeline-trace] wall=23:28:01 elapsed=258.809s phase=train event=interaction_progress trial=10 partition=0 processed=2400 total=14000 metric=ce epoch=1/1
[pipeline-trace] wall=23:28:01 elapsed=257.648s phase=train event=interaction_progress trial=9 partition=0 processed=13700 total=14000 metric=ce epoch=1/1
[pipeline-trace] wall=23:28:01 elapsed=259.193s phase=train event=interaction_progress trial=10 partition=0 processed=2500 total=14000 metric=ce epoch=1/1
[pipeline-trace] wall=23:28:01 elapsed=257.936s phase=train event=interaction_progress trial=9 partition=0 processed=13800 total=14000 metric=ce epoch=1/1
[pipeline-trace] wall=23:28:02 elapsed=259.567s phase=train event=interaction_progress trial=10 partition=0 processed=2600 total=14000 metric=ce epoch=1/1
[pipeline-trace] wall=23:28:02 elapsed=258.226s phase=train event=interaction_progress trial=9 partition=0 processed=13900 total=14000 metric=ce epoch=1/1
[pipeline-trace] wall=23:28:02 elapsed=258.515s phase=train event=interaction_progress trial=9 partition=0 processed=14000 total=14000 metric=ce epoch=1/1
[pipeline-trace] wall=23:28:02 elapsed=259.955s phase=train event=interaction_progress trial=10 partition=0 processed=2700 total=14000 metric=ce epoch=1/1
[pipeline-trace] wall=23:28:02 elapsed=258.584s phase=eval event=batch_start trial=9 partitions=[1] synthetic=False
[pipeline-trace] wall=23:28:02 elapsed=258.584s phase=eval event=partition_start trial=9 partition=1 interactions=1999
[pipeline-trace] wall=23:28:02 elapsed=258.584s phase=eval event=interaction_progress trial=9 partition=1 processed=1 total=1999 metric=ranking
[pipeline-trace] wall=23:28:02 elapsed=258.742s phase=eval event=interaction_progress trial=9 partition=1 processed=100 total=1999 metric=ranking
[pipeline-trace] wall=23:28:02 elapsed=258.901s phase=eval event=interaction_progress trial=9 partition=1 processed=200 total=1999 metric=ranking
[pipeline-trace] wall=23:28:02 elapsed=260.341s phase=train event=interaction_progress trial=10 partition=0 processed=2800 total=14000 metric=ce epoch=1/1
[pipeline-trace] wall=23:28:03 elapsed=259.063s phase=eval event=interaction_progress trial=9 partition=1 processed=300 total=1999 metric=ranking
[pipeline-trace] wall=23:28:03 elapsed=259.224s phase=eval event=interaction_progress trial=9 partition=1 processed=400 total=1999 metric=ranking
[pipeline-trace] wall=23:28:03 elapsed=260.731s phase=train event=interaction_progress trial=10 partition=0 processed=2900 total=14000 metric=ce epoch=1/1
[pipeline-trace] wall=23:28:03 elapsed=259.383s phase=eval event=interaction_progress trial=9 partition=1 processed=500 total=1999 metric=ranking
[pipeline-trace] wall=23:28:03 elapsed=259.546s phase=eval event=interaction_progress trial=9 partition=1 processed=600 total=1999 metric=ranking
[pipeline-trace] wall=23:28:03 elapsed=261.109s phase=train event=interaction_progress trial=10 partition=0 processed=3000 total=14000 metric=ce epoch=1/1
[pipeline-trace] wall=23:28:03 elapsed=259.706s phase=eval event=interaction_progress trial=9 partition=1 processed=700 total=1999 metric=ranking
[pipeline-trace] wall=23:28:03 elapsed=259.865s phase=eval event=interaction_progress trial=9 partition=1 processed=800 total=1999 metric=ranking
[pipeline-trace] wall=23:28:04 elapsed=260.005s phase=eval event=interaction_progress trial=9 partition=1 processed=900 total=1999 metric=ranking
[pipeline-trace] wall=23:28:04 elapsed=261.492s phase=train event=interaction_progress trial=10 partition=0 processed=3100 total=14000 metric=ce epoch=1/1
[pipeline-trace] wall=23:28:04 elapsed=260.133s phase=eval event=interaction_progress trial=9 partition=1 processed=1000 total=1999 metric=ranking
[pipeline-trace] wall=23:28:04 elapsed=260.264s phase=eval event=interaction_progress trial=9 partition=1 processed=1100 total=1999 metric=ranking
[pipeline-trace] wall=23:28:04 elapsed=260.393s phase=eval event=interaction_progress trial=9 partition=1 processed=1200 total=1999 metric=ranking
[pipeline-trace] wall=23:28:04 elapsed=261.852s phase=train event=interaction_progress trial=10 partition=0 processed=3200 total=14000 metric=ce epoch=1/1
[pipeline-trace] wall=23:28:04 elapsed=260.523s phase=eval event=interaction_progress trial=9 partition=1 processed=1300 total=1999 metric=ranking
[pipeline-trace] wall=23:28:04 elapsed=260.652s phase=eval event=interaction_progress trial=9 partition=1 processed=1400 total=1999 metric=ranking
[pipeline-trace] wall=23:28:04 elapsed=260.781s phase=eval event=interaction_progress trial=9 partition=1 processed=1500 total=1999 metric=ranking
[pipeline-trace] wall=23:28:04 elapsed=262.210s phase=train event=interaction_progress trial=10 partition=0 processed=3300 total=14000 metric=ce epoch=1/1
[pipeline-trace] wall=23:28:04 elapsed=260.909s phase=eval event=interaction_progress trial=9 partition=1 processed=1600 total=1999 metric=ranking
[pipeline-trace] wall=23:28:05 elapsed=261.039s phase=eval event=interaction_progress trial=9 partition=1 processed=1700 total=1999 metric=ranking
[pipeline-trace] wall=23:28:05 elapsed=261.167s phase=eval event=interaction_progress trial=9 partition=1 processed=1800 total=1999 metric=ranking
[pipeline-trace] wall=23:28:05 elapsed=262.600s phase=train event=interaction_progress trial=10 partition=0 processed=3400 total=14000 metric=ce epoch=1/1
[pipeline-trace] wall=23:28:05 elapsed=261.297s phase=eval event=interaction_progress trial=9 partition=1 processed=1900 total=1999 metric=ranking
[pipeline-trace] wall=23:28:05 elapsed=261.425s phase=eval event=interaction_progress trial=9 partition=1 processed=1999 total=1999 metric=ranking
[pipeline-trace] wall=23:28:05 elapsed=261.427s phase=eval event=partition_complete trial=9 partition=1 elapsed_sec=2.843 hits=1004 total=1999
[pipeline-trace] wall=23:28:05 elapsed=261.489s phase=train event=interaction_progress trial=11 partition=0 processed=1 total=14000 metric=ce epoch=1/1
[pipeline-trace] wall=23:28:05 elapsed=262.985s phase=train event=interaction_progress trial=10 partition=0 processed=3500 total=14000 metric=ce epoch=1/1
[pipeline-trace] wall=23:28:05 elapsed=261.880s phase=train event=interaction_progress trial=11 partition=0 processed=100 total=14000 metric=ce epoch=1/1
[pipeline-trace] wall=23:28:06 elapsed=263.372s phase=train event=interaction_progress trial=10 partition=0 processed=3600 total=14000 metric=ce epoch=1/1
[pipeline-trace] wall=23:28:06 elapsed=262.238s phase=train event=interaction_progress trial=11 partition=0 processed=200 total=14000 metric=ce epoch=1/1
[pipeline-trace] wall=23:28:06 elapsed=263.752s phase=train event=interaction_progress trial=10 partition=0 processed=3700 total=14000 metric=ce epoch=1/1
[pipeline-trace] wall=23:28:06 elapsed=262.606s phase=train event=interaction_progress trial=11 partition=0 processed=300 total=14000 metric=ce epoch=1/1
[pipeline-trace] wall=23:28:06 elapsed=264.139s phase=train event=interaction_progress trial=10 partition=0 processed=3800 total=14000 metric=ce epoch=1/1
[pipeline-trace] wall=23:28:07 elapsed=263.013s phase=train event=interaction_progress trial=11 partition=0 processed=400 total=14000 metric=ce epoch=1/1
[pipeline-trace] wall=23:28:07 elapsed=264.517s phase=train event=interaction_progress trial=10 partition=0 processed=3900 total=14000 metric=ce epoch=1/1
[pipeline-trace] wall=23:28:07 elapsed=263.417s phase=train event=interaction_progress trial=11 partition=0 processed=500 total=14000 metric=ce epoch=1/1
[pipeline-trace] wall=23:28:07 elapsed=264.898s phase=train event=interaction_progress trial=10 partition=0 processed=4000 total=14000 metric=ce epoch=1/1
[pipeline-trace] wall=23:28:07 elapsed=263.827s phase=train event=interaction_progress trial=11 partition=0 processed=600 total=14000 metric=ce epoch=1/1
[pipeline-trace] wall=23:28:07 elapsed=265.288s phase=train event=interaction_progress trial=10 partition=0 processed=4100 total=14000 metric=ce epoch=1/1
[pipeline-trace] wall=23:28:08 elapsed=265.644s phase=train event=interaction_progress trial=10 partition=0 processed=4200 total=14000 metric=ce epoch=1/1
[pipeline-trace] wall=23:28:08 elapsed=264.221s phase=train event=interaction_progress trial=11 partition=0 processed=700 total=14000 metric=ce epoch=1/1
[pipeline-trace] wall=23:28:08 elapsed=265.949s phase=train event=interaction_progress trial=10 partition=0 processed=4300 total=14000 metric=ce epoch=1/1
[pipeline-trace] wall=23:28:08 elapsed=264.628s phase=train event=interaction_progress trial=11 partition=0 processed=800 total=14000 metric=ce epoch=1/1
[pipeline-trace] wall=23:28:08 elapsed=266.309s phase=train event=interaction_progress trial=10 partition=0 processed=4400 total=14000 metric=ce epoch=1/1
[pipeline-trace] wall=23:28:09 elapsed=264.983s phase=train event=interaction_progress trial=11 partition=0 processed=900 total=14000 metric=ce epoch=1/1
[pipeline-trace] wall=23:28:09 elapsed=266.697s phase=train event=interaction_progress trial=10 partition=0 processed=4500 total=14000 metric=ce epoch=1/1
[pipeline-trace] wall=23:28:09 elapsed=265.345s phase=train event=interaction_progress trial=11 partition=0 processed=1000 total=14000 metric=ce epoch=1/1
[pipeline-trace] wall=23:28:09 elapsed=267.077s phase=train event=interaction_progress trial=10 partition=0 processed=4600 total=14000 metric=ce epoch=1/1
[pipeline-trace] wall=23:28:09 elapsed=265.708s phase=train event=interaction_progress trial=11 partition=0 processed=1100 total=14000 metric=ce epoch=1/1
[pipeline-trace] wall=23:28:10 elapsed=266.048s phase=train event=interaction_progress trial=11 partition=0 processed=1200 total=14000 metric=ce epoch=1/1
[pipeline-trace] wall=23:28:10 elapsed=267.479s phase=train event=interaction_progress trial=10 partition=0 processed=4700 total=14000 metric=ce epoch=1/1
[pipeline-trace] wall=23:28:10 elapsed=266.371s phase=train event=interaction_progress trial=11 partition=0 processed=1300 total=14000 metric=ce epoch=1/1
[pipeline-trace] wall=23:28:10 elapsed=267.831s phase=train event=interaction_progress trial=10 partition=0 processed=4800 total=14000 metric=ce epoch=1/1
[pipeline-trace] wall=23:28:10 elapsed=266.697s phase=train event=interaction_progress trial=11 partition=0 processed=1400 total=14000 metric=ce epoch=1/1
[pipeline-trace] wall=23:28:10 elapsed=268.159s phase=train event=interaction_progress trial=10 partition=0 processed=4900 total=14000 metric=ce epoch=1/1
[pipeline-trace] wall=23:28:11 elapsed=268.512s phase=train event=interaction_progress trial=10 partition=0 processed=5000 total=14000 metric=ce epoch=1/1
[pipeline-trace] wall=23:28:11 elapsed=267.086s phase=train event=interaction_progress trial=11 partition=0 processed=1500 total=14000 metric=ce epoch=1/1
[pipeline-trace] wall=23:28:11 elapsed=268.889s phase=train event=interaction_progress trial=10 partition=0 processed=5100 total=14000 metric=ce epoch=1/1
[pipeline-trace] wall=23:28:11 elapsed=267.479s phase=train event=interaction_progress trial=11 partition=0 processed=1600 total=14000 metric=ce epoch=1/1
[pipeline-trace] wall=23:28:11 elapsed=269.284s phase=train event=interaction_progress trial=10 partition=0 processed=5200 total=14000 metric=ce epoch=1/1
[pipeline-trace] wall=23:28:11 elapsed=267.881s phase=train event=interaction_progress trial=11 partition=0 processed=1700 total=14000 metric=ce epoch=1/1
[pipeline-trace] wall=23:28:12 elapsed=269.662s phase=train event=interaction_progress trial=10 partition=0 processed=5300 total=14000 metric=ce epoch=1/1
[pipeline-trace] wall=23:28:12 elapsed=268.292s phase=train event=interaction_progress trial=11 partition=0 processed=1800 total=14000 metric=ce epoch=1/1
[pipeline-trace] wall=23:28:12 elapsed=270.010s phase=train event=interaction_progress trial=10 partition=0 processed=5400 total=14000 metric=ce epoch=1/1
[pipeline-trace] wall=23:28:12 elapsed=268.663s phase=train event=interaction_progress trial=11 partition=0 processed=1900 total=14000 metric=ce epoch=1/1
[pipeline-trace] wall=23:28:13 elapsed=270.392s phase=train event=interaction_progress trial=10 partition=0 processed=5500 total=14000 metric=ce epoch=1/1
[pipeline-trace] wall=23:28:13 elapsed=269.012s phase=train event=interaction_progress trial=11 partition=0 processed=2000 total=14000 metric=ce epoch=1/1
[pipeline-trace] wall=23:28:13 elapsed=270.723s phase=train event=interaction_progress trial=10 partition=0 processed=5600 total=14000 metric=ce epoch=1/1
[pipeline-trace] wall=23:28:13 elapsed=269.353s phase=train event=interaction_progress trial=11 partition=0 processed=2100 total=14000 metric=ce epoch=1/1
[pipeline-trace] wall=23:28:13 elapsed=271.107s phase=train event=interaction_progress trial=10 partition=0 processed=5700 total=14000 metric=ce epoch=1/1
[pipeline-trace] wall=23:28:13 elapsed=269.697s phase=train event=interaction_progress trial=11 partition=0 processed=2200 total=14000 metric=ce epoch=1/1
[pipeline-trace] wall=23:28:14 elapsed=271.502s phase=train event=interaction_progress trial=10 partition=0 processed=5800 total=14000 metric=ce epoch=1/1
[pipeline-trace] wall=23:28:14 elapsed=270.110s phase=train event=interaction_progress trial=11 partition=0 processed=2300 total=14000 metric=ce epoch=1/1
[pipeline-trace] wall=23:28:14 elapsed=271.870s phase=train event=interaction_progress trial=10 partition=0 processed=5900 total=14000 metric=ce epoch=1/1
[pipeline-trace] wall=23:28:14 elapsed=270.480s phase=train event=interaction_progress trial=11 partition=0 processed=2400 total=14000 metric=ce epoch=1/1
[pipeline-trace] wall=23:28:14 elapsed=272.235s phase=train event=interaction_progress trial=10 partition=0 processed=6000 total=14000 metric=ce epoch=1/1
[pipeline-trace] wall=23:28:14 elapsed=270.873s phase=train event=interaction_progress trial=11 partition=0 processed=2500 total=14000 metric=ce epoch=1/1
[pipeline-trace] wall=23:28:15 elapsed=272.595s phase=train event=interaction_progress trial=10 partition=0 processed=6100 total=14000 metric=ce epoch=1/1
[pipeline-trace] wall=23:28:15 elapsed=271.277s phase=train event=interaction_progress trial=11 partition=0 processed=2600 total=14000 metric=ce epoch=1/1
[pipeline-trace] wall=23:28:15 elapsed=272.896s phase=train event=interaction_progress trial=10 partition=0 processed=6200 total=14000 metric=ce epoch=1/1
[pipeline-trace] wall=23:28:15 elapsed=271.689s phase=train event=interaction_progress trial=11 partition=0 processed=2700 total=14000 metric=ce epoch=1/1
[pipeline-trace] wall=23:28:15 elapsed=273.296s phase=train event=interaction_progress trial=10 partition=0 processed=6300 total=14000 metric=ce epoch=1/1
[pipeline-trace] wall=23:28:16 elapsed=272.096s phase=train event=interaction_progress trial=11 partition=0 processed=2800 total=14000 metric=ce epoch=1/1
[pipeline-trace] wall=23:28:16 elapsed=273.710s phase=train event=interaction_progress trial=10 partition=0 processed=6400 total=14000 metric=ce epoch=1/1
[pipeline-trace] wall=23:28:16 elapsed=272.413s phase=train event=interaction_progress trial=11 partition=0 processed=2900 total=14000 metric=ce epoch=1/1
[pipeline-trace] wall=23:28:16 elapsed=274.057s phase=train event=interaction_progress trial=10 partition=0 processed=6500 total=14000 metric=ce epoch=1/1
[pipeline-trace] wall=23:28:16 elapsed=272.763s phase=train event=interaction_progress trial=11 partition=0 processed=3000 total=14000 metric=ce epoch=1/1
[pipeline-trace] wall=23:28:16 elapsed=274.348s phase=train event=interaction_progress trial=10 partition=0 processed=6600 total=14000 metric=ce epoch=1/1
[pipeline-trace] wall=23:28:17 elapsed=273.125s phase=train event=interaction_progress trial=11 partition=0 processed=3100 total=14000 metric=ce epoch=1/1
[pipeline-trace] wall=23:28:17 elapsed=274.632s phase=train event=interaction_progress trial=10 partition=0 processed=6700 total=14000 metric=ce epoch=1/1
[pipeline-trace] wall=23:28:17 elapsed=274.913s phase=train event=interaction_progress trial=10 partition=0 processed=6800 total=14000 metric=ce epoch=1/1
[pipeline-trace] wall=23:28:17 elapsed=273.533s phase=train event=interaction_progress trial=11 partition=0 processed=3200 total=14000 metric=ce epoch=1/1
[pipeline-trace] wall=23:28:17 elapsed=275.202s phase=train event=interaction_progress trial=10 partition=0 processed=6900 total=14000 metric=ce epoch=1/1
[pipeline-trace] wall=23:28:17 elapsed=273.926s phase=train event=interaction_progress trial=11 partition=0 processed=3300 total=14000 metric=ce epoch=1/1
[pipeline-trace] wall=23:28:18 elapsed=275.489s phase=train event=interaction_progress trial=10 partition=0 processed=7000 total=14000 metric=ce epoch=1/1
[pipeline-trace] wall=23:28:18 elapsed=274.313s phase=train event=interaction_progress trial=11 partition=0 processed=3400 total=14000 metric=ce epoch=1/1
[pipeline-trace] wall=23:28:18 elapsed=275.775s phase=train event=interaction_progress trial=10 partition=0 processed=7100 total=14000 metric=ce epoch=1/1
[pipeline-trace] wall=23:28:18 elapsed=276.068s phase=train event=interaction_progress trial=10 partition=0 processed=7200 total=14000 metric=ce epoch=1/1
[pipeline-trace] wall=23:28:18 elapsed=274.697s phase=train event=interaction_progress trial=11 partition=0 processed=3500 total=14000 metric=ce epoch=1/1
[pipeline-trace] wall=23:28:19 elapsed=276.432s phase=train event=interaction_progress trial=10 partition=0 processed=7300 total=14000 metric=ce epoch=1/1
[pipeline-trace] wall=23:28:19 elapsed=275.096s phase=train event=interaction_progress trial=11 partition=0 processed=3600 total=14000 metric=ce epoch=1/1
[pipeline-trace] wall=23:28:19 elapsed=276.795s phase=train event=interaction_progress trial=10 partition=0 processed=7400 total=14000 metric=ce epoch=1/1
[pipeline-trace] wall=23:28:19 elapsed=275.504s phase=train event=interaction_progress trial=11 partition=0 processed=3700 total=14000 metric=ce epoch=1/1
[pipeline-trace] wall=23:28:19 elapsed=277.186s phase=train event=interaction_progress trial=10 partition=0 processed=7500 total=14000 metric=ce epoch=1/1
[pipeline-trace] wall=23:28:19 elapsed=275.921s phase=train event=interaction_progress trial=11 partition=0 processed=3800 total=14000 metric=ce epoch=1/1
[pipeline-trace] wall=23:28:20 elapsed=277.533s phase=train event=interaction_progress trial=10 partition=0 processed=7600 total=14000 metric=ce epoch=1/1
[pipeline-trace] wall=23:28:20 elapsed=276.325s phase=train event=interaction_progress trial=11 partition=0 processed=3900 total=14000 metric=ce epoch=1/1
[pipeline-trace] wall=23:28:20 elapsed=277.968s phase=train event=interaction_progress trial=10 partition=0 processed=7700 total=14000 metric=ce epoch=1/1
[pipeline-trace] wall=23:28:20 elapsed=276.741s phase=train event=interaction_progress trial=11 partition=0 processed=4000 total=14000 metric=ce epoch=1/1
[pipeline-trace] wall=23:28:21 elapsed=278.404s phase=train event=interaction_progress trial=10 partition=0 processed=7800 total=14000 metric=ce epoch=1/1
[pipeline-trace] wall=23:28:21 elapsed=277.169s phase=train event=interaction_progress trial=11 partition=0 processed=4100 total=14000 metric=ce epoch=1/1
[pipeline-trace] wall=23:28:21 elapsed=278.834s phase=train event=interaction_progress trial=10 partition=0 processed=7900 total=14000 metric=ce epoch=1/1
[pipeline-trace] wall=23:28:21 elapsed=277.596s phase=train event=interaction_progress trial=11 partition=0 processed=4200 total=14000 metric=ce epoch=1/1
[pipeline-trace] wall=23:28:21 elapsed=279.250s phase=train event=interaction_progress trial=10 partition=0 processed=8000 total=14000 metric=ce epoch=1/1
[pipeline-trace] wall=23:28:22 elapsed=278.005s phase=train event=interaction_progress trial=11 partition=0 processed=4300 total=14000 metric=ce epoch=1/1
[pipeline-trace] wall=23:28:22 elapsed=279.682s phase=train event=interaction_progress trial=10 partition=0 processed=8100 total=14000 metric=ce epoch=1/1
[pipeline-trace] wall=23:28:22 elapsed=278.427s phase=train event=interaction_progress trial=11 partition=0 processed=4400 total=14000 metric=ce epoch=1/1
[pipeline-trace] wall=23:28:22 elapsed=280.117s phase=train event=interaction_progress trial=10 partition=0 processed=8200 total=14000 metric=ce epoch=1/1
[pipeline-trace] wall=23:28:22 elapsed=278.836s phase=train event=interaction_progress trial=11 partition=0 processed=4500 total=14000 metric=ce epoch=1/1
[pipeline-trace] wall=23:28:23 elapsed=280.512s phase=train event=interaction_progress trial=10 partition=0 processed=8300 total=14000 metric=ce epoch=1/1
[pipeline-trace] wall=23:28:23 elapsed=279.182s phase=train event=interaction_progress trial=11 partition=0 processed=4600 total=14000 metric=ce epoch=1/1
[pipeline-trace] wall=23:28:23 elapsed=280.870s phase=train event=interaction_progress trial=10 partition=0 processed=8400 total=14000 metric=ce epoch=1/1
[pipeline-trace] wall=23:28:23 elapsed=279.571s phase=train event=interaction_progress trial=11 partition=0 processed=4700 total=14000 metric=ce epoch=1/1
[pipeline-trace] wall=23:28:23 elapsed=281.226s phase=train event=interaction_progress trial=10 partition=0 processed=8500 total=14000 metric=ce epoch=1/1
[pipeline-trace] wall=23:28:24 elapsed=279.983s phase=train event=interaction_progress trial=11 partition=0 processed=4800 total=14000 metric=ce epoch=1/1
[pipeline-trace] wall=23:28:24 elapsed=281.579s phase=train event=interaction_progress trial=10 partition=0 processed=8600 total=14000 metric=ce epoch=1/1
[pipeline-trace] wall=23:28:24 elapsed=280.367s phase=train event=interaction_progress trial=11 partition=0 processed=4900 total=14000 metric=ce epoch=1/1
[pipeline-trace] wall=23:28:24 elapsed=281.886s phase=train event=interaction_progress trial=10 partition=0 processed=8700 total=14000 metric=ce epoch=1/1
[pipeline-trace] wall=23:28:24 elapsed=282.148s phase=train event=interaction_progress trial=10 partition=0 processed=8800 total=14000 metric=ce epoch=1/1
[pipeline-trace] wall=23:28:24 elapsed=280.788s phase=train event=interaction_progress trial=11 partition=0 processed=5000 total=14000 metric=ce epoch=1/1
[pipeline-trace] wall=23:28:25 elapsed=282.433s phase=train event=interaction_progress trial=10 partition=0 processed=8900 total=14000 metric=ce epoch=1/1
[pipeline-trace] wall=23:28:25 elapsed=281.212s phase=train event=interaction_progress trial=11 partition=0 processed=5100 total=14000 metric=ce epoch=1/1
[pipeline-trace] wall=23:28:25 elapsed=282.732s phase=train event=interaction_progress trial=10 partition=0 processed=9000 total=14000 metric=ce epoch=1/1
[pipeline-trace] wall=23:28:25 elapsed=283.040s phase=train event=interaction_progress trial=10 partition=0 processed=9100 total=14000 metric=ce epoch=1/1
[pipeline-trace] wall=23:28:25 elapsed=281.618s phase=train event=interaction_progress trial=11 partition=0 processed=5200 total=14000 metric=ce epoch=1/1
[pipeline-trace] wall=23:28:25 elapsed=283.340s phase=train event=interaction_progress trial=10 partition=0 processed=9200 total=14000 metric=ce epoch=1/1
[pipeline-trace] wall=23:28:26 elapsed=281.999s phase=train event=interaction_progress trial=11 partition=0 processed=5300 total=14000 metric=ce epoch=1/1
[pipeline-trace] wall=23:28:26 elapsed=283.657s phase=train event=interaction_progress trial=10 partition=0 processed=9300 total=14000 metric=ce epoch=1/1
[pipeline-trace] wall=23:28:26 elapsed=282.400s phase=train event=interaction_progress trial=11 partition=0 processed=5400 total=14000 metric=ce epoch=1/1
[pipeline-trace] wall=23:28:26 elapsed=283.981s phase=train event=interaction_progress trial=10 partition=0 processed=9400 total=14000 metric=ce epoch=1/1
[pipeline-trace] wall=23:28:26 elapsed=282.732s phase=train event=interaction_progress trial=11 partition=0 processed=5500 total=14000 metric=ce epoch=1/1
[pipeline-trace] wall=23:28:26 elapsed=284.295s phase=train event=interaction_progress trial=10 partition=0 processed=9500 total=14000 metric=ce epoch=1/1
[pipeline-trace] wall=23:28:27 elapsed=283.059s phase=train event=interaction_progress trial=11 partition=0 processed=5600 total=14000 metric=ce epoch=1/1
[pipeline-trace] wall=23:28:27 elapsed=284.600s phase=train event=interaction_progress trial=10 partition=0 processed=9600 total=14000 metric=ce epoch=1/1
[pipeline-trace] wall=23:28:27 elapsed=283.399s phase=train event=interaction_progress trial=11 partition=0 processed=5700 total=14000 metric=ce epoch=1/1
[pipeline-trace] wall=23:28:27 elapsed=284.900s phase=train event=interaction_progress trial=10 partition=0 processed=9700 total=14000 metric=ce epoch=1/1
[pipeline-trace] wall=23:28:27 elapsed=283.785s phase=train event=interaction_progress trial=11 partition=0 processed=5800 total=14000 metric=ce epoch=1/1
[pipeline-trace] wall=23:28:27 elapsed=285.215s phase=train event=interaction_progress trial=10 partition=0 processed=9800 total=14000 metric=ce epoch=1/1
[pipeline-trace] wall=23:28:28 elapsed=285.531s phase=train event=interaction_progress trial=10 partition=0 processed=9900 total=14000 metric=ce epoch=1/1
[pipeline-trace] wall=23:28:28 elapsed=284.190s phase=train event=interaction_progress trial=11 partition=0 processed=5900 total=14000 metric=ce epoch=1/1
[pipeline-trace] wall=23:28:28 elapsed=285.836s phase=train event=interaction_progress trial=10 partition=0 processed=10000 total=14000 metric=ce epoch=1/1
[pipeline-trace] wall=23:28:28 elapsed=284.589s phase=train event=interaction_progress trial=11 partition=0 processed=6000 total=14000 metric=ce epoch=1/1
[pipeline-trace] wall=23:28:28 elapsed=286.151s phase=train event=interaction_progress trial=10 partition=0 processed=10100 total=14000 metric=ce epoch=1/1
[pipeline-trace] wall=23:28:28 elapsed=284.936s phase=train event=interaction_progress trial=11 partition=0 processed=6100 total=14000 metric=ce epoch=1/1
[pipeline-trace] wall=23:28:29 elapsed=286.460s phase=train event=interaction_progress trial=10 partition=0 processed=10200 total=14000 metric=ce epoch=1/1
[pipeline-trace] wall=23:28:29 elapsed=286.764s phase=train event=interaction_progress trial=10 partition=0 processed=10300 total=14000 metric=ce epoch=1/1
[pipeline-trace] wall=23:28:29 elapsed=285.338s phase=train event=interaction_progress trial=11 partition=0 processed=6200 total=14000 metric=ce epoch=1/1
[pipeline-trace] wall=23:28:29 elapsed=287.061s phase=train event=interaction_progress trial=10 partition=0 processed=10400 total=14000 metric=ce epoch=1/1
[pipeline-trace] wall=23:28:29 elapsed=285.749s phase=train event=interaction_progress trial=11 partition=0 processed=6300 total=14000 metric=ce epoch=1/1
[pipeline-trace] wall=23:28:30 elapsed=287.365s phase=train event=interaction_progress trial=10 partition=0 processed=10500 total=14000 metric=ce epoch=1/1
[pipeline-trace] wall=23:28:30 elapsed=286.158s phase=train event=interaction_progress trial=11 partition=0 processed=6400 total=14000 metric=ce epoch=1/1
[pipeline-trace] wall=23:28:30 elapsed=287.664s phase=train event=interaction_progress trial=10 partition=0 processed=10600 total=14000 metric=ce epoch=1/1
[pipeline-trace] wall=23:28:30 elapsed=286.512s phase=train event=interaction_progress trial=11 partition=0 processed=6500 total=14000 metric=ce epoch=1/1
[pipeline-trace] wall=23:28:30 elapsed=287.944s phase=train event=interaction_progress trial=10 partition=0 processed=10700 total=14000 metric=ce epoch=1/1
[pipeline-trace] wall=23:28:30 elapsed=288.242s phase=train event=interaction_progress trial=10 partition=0 processed=10800 total=14000 metric=ce epoch=1/1
[pipeline-trace] wall=23:28:30 elapsed=286.923s phase=train event=interaction_progress trial=11 partition=0 processed=6600 total=14000 metric=ce epoch=1/1
[pipeline-trace] wall=23:28:31 elapsed=288.556s phase=train event=interaction_progress trial=10 partition=0 processed=10900 total=14000 metric=ce epoch=1/1
[pipeline-trace] wall=23:28:31 elapsed=287.306s phase=train event=interaction_progress trial=11 partition=0 processed=6700 total=14000 metric=ce epoch=1/1
[pipeline-trace] wall=23:28:31 elapsed=288.818s phase=train event=interaction_progress trial=10 partition=0 processed=11000 total=14000 metric=ce epoch=1/1
[pipeline-trace] wall=23:28:31 elapsed=287.712s phase=train event=interaction_progress trial=11 partition=0 processed=6800 total=14000 metric=ce epoch=1/1
[pipeline-trace] wall=23:28:31 elapsed=289.156s phase=train event=interaction_progress trial=10 partition=0 processed=11100 total=14000 metric=ce epoch=1/1
[pipeline-trace] wall=23:28:32 elapsed=289.472s phase=train event=interaction_progress trial=10 partition=0 processed=11200 total=14000 metric=ce epoch=1/1
[pipeline-trace] wall=23:28:32 elapsed=288.087s phase=train event=interaction_progress trial=11 partition=0 processed=6900 total=14000 metric=ce epoch=1/1
[pipeline-trace] wall=23:28:32 elapsed=289.789s phase=train event=interaction_progress trial=10 partition=0 processed=11300 total=14000 metric=ce epoch=1/1
[pipeline-trace] wall=23:28:32 elapsed=288.417s phase=train event=interaction_progress trial=11 partition=0 processed=7000 total=14000 metric=ce epoch=1/1
[pipeline-trace] wall=23:28:32 elapsed=290.098s phase=train event=interaction_progress trial=10 partition=0 processed=11400 total=14000 metric=ce epoch=1/1
[pipeline-trace] wall=23:28:32 elapsed=288.746s phase=train event=interaction_progress trial=11 partition=0 processed=7100 total=14000 metric=ce epoch=1/1
[pipeline-trace] wall=23:28:33 elapsed=290.413s phase=train event=interaction_progress trial=10 partition=0 processed=11500 total=14000 metric=ce epoch=1/1
[pipeline-trace] wall=23:28:33 elapsed=289.108s phase=train event=interaction_progress trial=11 partition=0 processed=7200 total=14000 metric=ce epoch=1/1
[pipeline-trace] wall=23:28:33 elapsed=290.740s phase=train event=interaction_progress trial=10 partition=0 processed=11600 total=14000 metric=ce epoch=1/1
[pipeline-trace] wall=23:28:33 elapsed=289.520s phase=train event=interaction_progress trial=11 partition=0 processed=7300 total=14000 metric=ce epoch=1/1
[pipeline-trace] wall=23:28:33 elapsed=291.063s phase=train event=interaction_progress trial=10 partition=0 processed=11700 total=14000 metric=ce epoch=1/1
[pipeline-trace] wall=23:28:34 elapsed=289.965s phase=train event=interaction_progress trial=11 partition=0 processed=7400 total=14000 metric=ce epoch=1/1
[pipeline-trace] wall=23:28:34 elapsed=291.440s phase=train event=interaction_progress trial=10 partition=0 processed=11800 total=14000 metric=ce epoch=1/1
[pipeline-trace] wall=23:28:34 elapsed=290.329s phase=train event=interaction_progress trial=11 partition=0 processed=7500 total=14000 metric=ce epoch=1/1
[pipeline-trace] wall=23:28:34 elapsed=291.799s phase=train event=interaction_progress trial=10 partition=0 processed=11900 total=14000 metric=ce epoch=1/1
[pipeline-trace] wall=23:28:34 elapsed=292.080s phase=train event=interaction_progress trial=10 partition=0 processed=12000 total=14000 metric=ce epoch=1/1
[pipeline-trace] wall=23:28:34 elapsed=290.687s phase=train event=interaction_progress trial=11 partition=0 processed=7600 total=14000 metric=ce epoch=1/1
[pipeline-trace] wall=23:28:35 elapsed=292.379s phase=train event=interaction_progress trial=10 partition=0 processed=12100 total=14000 metric=ce epoch=1/1
[pipeline-trace] wall=23:28:35 elapsed=291.011s phase=train event=interaction_progress trial=11 partition=0 processed=7700 total=14000 metric=ce epoch=1/1
[pipeline-trace] wall=23:28:35 elapsed=292.649s phase=train event=interaction_progress trial=10 partition=0 processed=12200 total=14000 metric=ce epoch=1/1
[pipeline-trace] wall=23:28:35 elapsed=291.348s phase=train event=interaction_progress trial=11 partition=0 processed=7800 total=14000 metric=ce epoch=1/1
[pipeline-trace] wall=23:28:35 elapsed=292.939s phase=train event=interaction_progress trial=10 partition=0 processed=12300 total=14000 metric=ce epoch=1/1
[pipeline-trace] wall=23:28:35 elapsed=291.698s phase=train event=interaction_progress trial=11 partition=0 processed=7900 total=14000 metric=ce epoch=1/1
[pipeline-trace] wall=23:28:35 elapsed=293.236s phase=train event=interaction_progress trial=10 partition=0 processed=12400 total=14000 metric=ce epoch=1/1
[pipeline-trace] wall=23:28:36 elapsed=292.052s phase=train event=interaction_progress trial=11 partition=0 processed=8000 total=14000 metric=ce epoch=1/1
[pipeline-trace] wall=23:28:36 elapsed=293.496s phase=train event=interaction_progress trial=10 partition=0 processed=12500 total=14000 metric=ce epoch=1/1
[pipeline-trace] wall=23:28:36 elapsed=293.800s phase=train event=interaction_progress trial=10 partition=0 processed=12600 total=14000 metric=ce epoch=1/1
[pipeline-trace] wall=23:28:36 elapsed=292.454s phase=train event=interaction_progress trial=11 partition=0 processed=8100 total=14000 metric=ce epoch=1/1
[pipeline-trace] wall=23:28:36 elapsed=294.105s phase=train event=interaction_progress trial=10 partition=0 processed=12700 total=14000 metric=ce epoch=1/1
[pipeline-trace] wall=23:28:36 elapsed=292.876s phase=train event=interaction_progress trial=11 partition=0 processed=8200 total=14000 metric=ce epoch=1/1
[pipeline-trace] wall=23:28:36 elapsed=294.354s phase=train event=interaction_progress trial=10 partition=0 processed=12800 total=14000 metric=ce epoch=1/1
[pipeline-trace] wall=23:28:37 elapsed=294.587s phase=train event=interaction_progress trial=10 partition=0 processed=12900 total=14000 metric=ce epoch=1/1
[pipeline-trace] wall=23:28:37 elapsed=293.280s phase=train event=interaction_progress trial=11 partition=0 processed=8300 total=14000 metric=ce epoch=1/1
[pipeline-trace] wall=23:28:37 elapsed=294.809s phase=train event=interaction_progress trial=10 partition=0 processed=13000 total=14000 metric=ce epoch=1/1
[pipeline-trace] wall=23:28:37 elapsed=295.086s phase=train event=interaction_progress trial=10 partition=0 processed=13100 total=14000 metric=ce epoch=1/1
[pipeline-trace] wall=23:28:37 elapsed=293.708s phase=train event=interaction_progress trial=11 partition=0 processed=8400 total=14000 metric=ce epoch=1/1
[pipeline-trace] wall=23:28:38 elapsed=295.395s phase=train event=interaction_progress trial=10 partition=0 processed=13200 total=14000 metric=ce epoch=1/1
[pipeline-trace] wall=23:28:38 elapsed=294.138s phase=train event=interaction_progress trial=11 partition=0 processed=8500 total=14000 metric=ce epoch=1/1
[pipeline-trace] wall=23:28:38 elapsed=295.716s phase=train event=interaction_progress trial=10 partition=0 processed=13300 total=14000 metric=ce epoch=1/1
[pipeline-trace] wall=23:28:38 elapsed=294.534s phase=train event=interaction_progress trial=11 partition=0 processed=8600 total=14000 metric=ce epoch=1/1
[pipeline-trace] wall=23:28:38 elapsed=296.025s phase=train event=interaction_progress trial=10 partition=0 processed=13400 total=14000 metric=ce epoch=1/1
[pipeline-trace] wall=23:28:38 elapsed=296.300s phase=train event=interaction_progress trial=10 partition=0 processed=13500 total=14000 metric=ce epoch=1/1
[pipeline-trace] wall=23:28:39 elapsed=294.954s phase=train event=interaction_progress trial=11 partition=0 processed=8700 total=14000 metric=ce epoch=1/1
[pipeline-trace] wall=23:28:39 elapsed=296.582s phase=train event=interaction_progress trial=10 partition=0 processed=13600 total=14000 metric=ce epoch=1/1
[pipeline-trace] wall=23:28:39 elapsed=295.342s phase=train event=interaction_progress trial=11 partition=0 processed=8800 total=14000 metric=ce epoch=1/1
[pipeline-trace] wall=23:28:39 elapsed=296.885s phase=train event=interaction_progress trial=10 partition=0 processed=13700 total=14000 metric=ce epoch=1/1
[pipeline-trace] wall=23:28:39 elapsed=295.762s phase=train event=interaction_progress trial=11 partition=0 processed=8900 total=14000 metric=ce epoch=1/1
[pipeline-trace] wall=23:28:39 elapsed=297.193s phase=train event=interaction_progress trial=10 partition=0 processed=13800 total=14000 metric=ce epoch=1/1
[pipeline-trace] wall=23:28:40 elapsed=297.467s phase=train event=interaction_progress trial=10 partition=0 processed=13900 total=14000 metric=ce epoch=1/1
[pipeline-trace] wall=23:28:40 elapsed=296.122s phase=train event=interaction_progress trial=11 partition=0 processed=9000 total=14000 metric=ce epoch=1/1
[pipeline-trace] wall=23:28:40 elapsed=297.761s phase=train event=interaction_progress trial=10 partition=0 processed=14000 total=14000 metric=ce epoch=1/1
[pipeline-trace] wall=23:28:40 elapsed=297.847s phase=eval event=batch_start trial=10 partitions=[1] synthetic=False
[pipeline-trace] wall=23:28:40 elapsed=297.847s phase=eval event=partition_start trial=10 partition=1 interactions=1999
[pipeline-trace] wall=23:28:40 elapsed=297.847s phase=eval event=interaction_progress trial=10 partition=1 processed=1 total=1999 metric=ranking
[pipeline-trace] wall=23:28:40 elapsed=296.504s phase=train event=interaction_progress trial=11 partition=0 processed=9100 total=14000 metric=ce epoch=1/1
[pipeline-trace] wall=23:28:40 elapsed=297.970s phase=eval event=interaction_progress trial=10 partition=1 processed=100 total=1999 metric=ranking
[pipeline-trace] wall=23:28:40 elapsed=298.088s phase=eval event=interaction_progress trial=10 partition=1 processed=200 total=1999 metric=ranking
[pipeline-trace] wall=23:28:40 elapsed=298.206s phase=eval event=interaction_progress trial=10 partition=1 processed=300 total=1999 metric=ranking
[pipeline-trace] wall=23:28:40 elapsed=298.324s phase=eval event=interaction_progress trial=10 partition=1 processed=400 total=1999 metric=ranking
[pipeline-trace] wall=23:28:40 elapsed=296.917s phase=train event=interaction_progress trial=11 partition=0 processed=9200 total=14000 metric=ce epoch=1/1
[pipeline-trace] wall=23:28:41 elapsed=298.443s phase=eval event=interaction_progress trial=10 partition=1 processed=500 total=1999 metric=ranking
[pipeline-trace] wall=23:28:41 elapsed=298.561s phase=eval event=interaction_progress trial=10 partition=1 processed=600 total=1999 metric=ranking
[pipeline-trace] wall=23:28:41 elapsed=298.678s phase=eval event=interaction_progress trial=10 partition=1 processed=700 total=1999 metric=ranking
[pipeline-trace] wall=23:28:41 elapsed=297.326s phase=train event=interaction_progress trial=11 partition=0 processed=9300 total=14000 metric=ce epoch=1/1
[pipeline-trace] wall=23:28:41 elapsed=298.795s phase=eval event=interaction_progress trial=10 partition=1 processed=800 total=1999 metric=ranking
[pipeline-trace] wall=23:28:41 elapsed=298.913s phase=eval event=interaction_progress trial=10 partition=1 processed=900 total=1999 metric=ranking
[pipeline-trace] wall=23:28:41 elapsed=299.031s phase=eval event=interaction_progress trial=10 partition=1 processed=1000 total=1999 metric=ranking
[pipeline-trace] wall=23:28:41 elapsed=297.771s phase=train event=interaction_progress trial=11 partition=0 processed=9400 total=14000 metric=ce epoch=1/1
[pipeline-trace] wall=23:28:41 elapsed=299.218s phase=eval event=interaction_progress trial=10 partition=1 processed=1100 total=1999 metric=ranking
[pipeline-trace] wall=23:28:42 elapsed=299.419s phase=eval event=interaction_progress trial=10 partition=1 processed=1200 total=1999 metric=ranking
[pipeline-trace] wall=23:28:42 elapsed=299.620s phase=eval event=interaction_progress trial=10 partition=1 processed=1300 total=1999 metric=ranking
[pipeline-trace] wall=23:28:42 elapsed=299.823s phase=eval event=interaction_progress trial=10 partition=1 processed=1400 total=1999 metric=ranking
[pipeline-trace] wall=23:28:43 elapsed=298.996s phase=train event=interaction_progress trial=11 partition=0 processed=9500 total=14000 metric=ce epoch=1/1
[pipeline-trace] wall=23:28:43 elapsed=299.683s phase=train event=interaction_progress trial=11 partition=0 processed=9600 total=14000 metric=ce epoch=1/1
[pipeline-trace] wall=23:28:43 elapsed=301.279s phase=eval event=interaction_progress trial=10 partition=1 processed=1500 total=1999 metric=ranking
[pipeline-trace] wall=23:28:44 elapsed=300.283s phase=train event=interaction_progress trial=11 partition=0 processed=9700 total=14000 metric=ce epoch=1/1
[pipeline-trace] wall=23:28:45 elapsed=300.948s phase=train event=interaction_progress trial=11 partition=0 processed=9800 total=14000 metric=ce epoch=1/1
[pipeline-trace] wall=23:28:45 elapsed=301.517s phase=train event=interaction_progress trial=11 partition=0 processed=9900 total=14000 metric=ce epoch=1/1
[pipeline-trace] wall=23:28:46 elapsed=302.064s phase=train event=interaction_progress trial=11 partition=0 processed=10000 total=14000 metric=ce epoch=1/1
[pipeline-trace] wall=23:28:46 elapsed=302.757s phase=train event=interaction_progress trial=11 partition=0 processed=10100 total=14000 metric=ce epoch=1/1
[pipeline-trace] wall=23:28:47 elapsed=303.276s phase=train event=interaction_progress trial=11 partition=0 processed=10200 total=14000 metric=ce epoch=1/1
[pipeline-trace] wall=23:28:47 elapsed=305.024s phase=eval event=interaction_progress trial=10 partition=1 processed=1600 total=1999 metric=ranking
[pipeline-trace] wall=23:28:48 elapsed=303.941s phase=train event=interaction_progress trial=11 partition=0 processed=10300 total=14000 metric=ce epoch=1/1
[pipeline-trace] wall=23:28:48 elapsed=304.514s phase=train event=interaction_progress trial=11 partition=0 processed=10400 total=14000 metric=ce epoch=1/1
[pipeline-trace] wall=23:28:48 elapsed=306.136s phase=eval event=interaction_progress trial=10 partition=1 processed=1700 total=1999 metric=ranking
[pipeline-trace] wall=23:28:49 elapsed=304.941s phase=train event=interaction_progress trial=11 partition=0 processed=10500 total=14000 metric=ce epoch=1/1
[pipeline-trace] wall=23:28:49 elapsed=306.371s phase=eval event=interaction_progress trial=10 partition=1 processed=1800 total=1999 metric=ranking
[pipeline-trace] wall=23:28:49 elapsed=306.580s phase=eval event=interaction_progress trial=10 partition=1 processed=1900 total=1999 metric=ranking
[pipeline-trace] wall=23:28:49 elapsed=305.319s phase=train event=interaction_progress trial=11 partition=0 processed=10600 total=14000 metric=ce epoch=1/1
[pipeline-trace] wall=23:28:49 elapsed=306.785s phase=eval event=interaction_progress trial=10 partition=1 processed=1999 total=1999 metric=ranking
[pipeline-trace] wall=23:28:49 elapsed=306.787s phase=eval event=partition_complete trial=10 partition=1 elapsed_sec=8.940 hits=1804 total=1999
[pipeline-trace] wall=23:28:49 elapsed=306.861s phase=train event=interaction_progress trial=12 partition=0 processed=1 total=14000 metric=ce epoch=1/1
[pipeline-trace] wall=23:28:49 elapsed=305.613s phase=train event=interaction_progress trial=11 partition=0 processed=10700 total=14000 metric=ce epoch=1/1
[pipeline-trace] wall=23:28:49 elapsed=307.124s phase=train event=interaction_progress trial=12 partition=0 processed=100 total=14000 metric=ce epoch=1/1
[pipeline-trace] wall=23:28:50 elapsed=307.424s phase=train event=interaction_progress trial=12 partition=0 processed=200 total=14000 metric=ce epoch=1/1
[pipeline-trace] wall=23:28:50 elapsed=306.012s phase=train event=interaction_progress trial=11 partition=0 processed=10800 total=14000 metric=ce epoch=1/1
[pipeline-trace] wall=23:28:50 elapsed=307.694s phase=train event=interaction_progress trial=12 partition=0 processed=300 total=14000 metric=ce epoch=1/1
[pipeline-trace] wall=23:28:50 elapsed=306.354s phase=train event=interaction_progress trial=11 partition=0 processed=10900 total=14000 metric=ce epoch=1/1
[pipeline-trace] wall=23:28:50 elapsed=307.956s phase=train event=interaction_progress trial=12 partition=0 processed=400 total=14000 metric=ce epoch=1/1
[pipeline-trace] wall=23:28:50 elapsed=306.613s phase=train event=interaction_progress trial=11 partition=0 processed=11000 total=14000 metric=ce epoch=1/1
[pipeline-trace] wall=23:28:50 elapsed=308.262s phase=train event=interaction_progress trial=12 partition=0 processed=500 total=14000 metric=ce epoch=1/1
[pipeline-trace] wall=23:28:50 elapsed=306.879s phase=train event=interaction_progress trial=11 partition=0 processed=11100 total=14000 metric=ce epoch=1/1
[pipeline-trace] wall=23:28:51 elapsed=308.521s phase=train event=interaction_progress trial=12 partition=0 processed=600 total=14000 metric=ce epoch=1/1
[pipeline-trace] wall=23:28:51 elapsed=307.288s phase=train event=interaction_progress trial=11 partition=0 processed=11200 total=14000 metric=ce epoch=1/1
[pipeline-trace] wall=23:28:51 elapsed=308.823s phase=train event=interaction_progress trial=12 partition=0 processed=700 total=14000 metric=ce epoch=1/1
[pipeline-trace] wall=23:28:51 elapsed=307.610s phase=train event=interaction_progress trial=11 partition=0 processed=11300 total=14000 metric=ce epoch=1/1
[pipeline-trace] wall=23:28:51 elapsed=309.114s phase=train event=interaction_progress trial=12 partition=0 processed=800 total=14000 metric=ce epoch=1/1
[pipeline-trace] wall=23:28:52 elapsed=307.966s phase=train event=interaction_progress trial=11 partition=0 processed=11400 total=14000 metric=ce epoch=1/1
[pipeline-trace] wall=23:28:52 elapsed=309.409s phase=train event=interaction_progress trial=12 partition=0 processed=900 total=14000 metric=ce epoch=1/1
[pipeline-trace] wall=23:28:52 elapsed=309.734s phase=train event=interaction_progress trial=12 partition=0 processed=1000 total=14000 metric=ce epoch=1/1
[pipeline-trace] wall=23:28:52 elapsed=308.371s phase=train event=interaction_progress trial=11 partition=0 processed=11500 total=14000 metric=ce epoch=1/1
[pipeline-trace] wall=23:28:52 elapsed=310.045s phase=train event=interaction_progress trial=12 partition=0 processed=1100 total=14000 metric=ce epoch=1/1
[pipeline-trace] wall=23:28:52 elapsed=308.752s phase=train event=interaction_progress trial=11 partition=0 processed=11600 total=14000 metric=ce epoch=1/1
[pipeline-trace] wall=23:28:52 elapsed=310.331s phase=train event=interaction_progress trial=12 partition=0 processed=1200 total=14000 metric=ce epoch=1/1
[pipeline-trace] wall=23:28:53 elapsed=309.135s phase=train event=interaction_progress trial=11 partition=0 processed=11700 total=14000 metric=ce epoch=1/1
[pipeline-trace] wall=23:28:53 elapsed=310.632s phase=train event=interaction_progress trial=12 partition=0 processed=1300 total=14000 metric=ce epoch=1/1
[pipeline-trace] wall=23:28:53 elapsed=309.466s phase=train event=interaction_progress trial=11 partition=0 processed=11800 total=14000 metric=ce epoch=1/1
[pipeline-trace] wall=23:28:53 elapsed=310.920s phase=train event=interaction_progress trial=12 partition=0 processed=1400 total=14000 metric=ce epoch=1/1
[pipeline-trace] wall=23:28:53 elapsed=309.780s phase=train event=interaction_progress trial=11 partition=0 processed=11900 total=14000 metric=ce epoch=1/1
[pipeline-trace] wall=23:28:53 elapsed=311.259s phase=train event=interaction_progress trial=12 partition=0 processed=1500 total=14000 metric=ce epoch=1/1
[pipeline-trace] wall=23:28:54 elapsed=310.057s phase=train event=interaction_progress trial=11 partition=0 processed=12000 total=14000 metric=ce epoch=1/1
[pipeline-trace] wall=23:28:54 elapsed=311.582s phase=train event=interaction_progress trial=12 partition=0 processed=1600 total=14000 metric=ce epoch=1/1
[pipeline-trace] wall=23:28:54 elapsed=310.341s phase=train event=interaction_progress trial=11 partition=0 processed=12100 total=14000 metric=ce epoch=1/1
[pipeline-trace] wall=23:28:54 elapsed=311.822s phase=train event=interaction_progress trial=12 partition=0 processed=1700 total=14000 metric=ce epoch=1/1
[pipeline-trace] wall=23:28:54 elapsed=312.052s phase=train event=interaction_progress trial=12 partition=0 processed=1800 total=14000 metric=ce epoch=1/1
[pipeline-trace] wall=23:28:54 elapsed=310.661s phase=train event=interaction_progress trial=11 partition=0 processed=12200 total=14000 metric=ce epoch=1/1
[pipeline-trace] wall=23:28:54 elapsed=312.310s phase=train event=interaction_progress trial=12 partition=0 processed=1900 total=14000 metric=ce epoch=1/1
[pipeline-trace] wall=23:28:55 elapsed=311.056s phase=train event=interaction_progress trial=11 partition=0 processed=12300 total=14000 metric=ce epoch=1/1
[pipeline-trace] wall=23:28:55 elapsed=312.581s phase=train event=interaction_progress trial=12 partition=0 processed=2000 total=14000 metric=ce epoch=1/1
[pipeline-trace] wall=23:28:55 elapsed=311.398s phase=train event=interaction_progress trial=11 partition=0 processed=12400 total=14000 metric=ce epoch=1/1
[pipeline-trace] wall=23:28:55 elapsed=312.869s phase=train event=interaction_progress trial=12 partition=0 processed=2100 total=14000 metric=ce epoch=1/1
[pipeline-trace] wall=23:28:55 elapsed=313.140s phase=train event=interaction_progress trial=12 partition=0 processed=2200 total=14000 metric=ce epoch=1/1
[pipeline-trace] wall=23:28:55 elapsed=311.769s phase=train event=interaction_progress trial=11 partition=0 processed=12500 total=14000 metric=ce epoch=1/1
[pipeline-trace] wall=23:28:56 elapsed=313.471s phase=train event=interaction_progress trial=12 partition=0 processed=2300 total=14000 metric=ce epoch=1/1
[pipeline-trace] wall=23:28:56 elapsed=312.142s phase=train event=interaction_progress trial=11 partition=0 processed=12600 total=14000 metric=ce epoch=1/1
[pipeline-trace] wall=23:28:56 elapsed=313.824s phase=train event=interaction_progress trial=12 partition=0 processed=2400 total=14000 metric=ce epoch=1/1
[pipeline-trace] wall=23:28:56 elapsed=312.537s phase=train event=interaction_progress trial=11 partition=0 processed=12700 total=14000 metric=ce epoch=1/1
[pipeline-trace] wall=23:28:56 elapsed=314.171s phase=train event=interaction_progress trial=12 partition=0 processed=2500 total=14000 metric=ce epoch=1/1
[pipeline-trace] wall=23:28:57 elapsed=312.964s phase=train event=interaction_progress trial=11 partition=0 processed=12800 total=14000 metric=ce epoch=1/1
[pipeline-trace] wall=23:28:57 elapsed=314.502s phase=train event=interaction_progress trial=12 partition=0 processed=2600 total=14000 metric=ce epoch=1/1
[pipeline-trace] wall=23:28:57 elapsed=313.392s phase=train event=interaction_progress trial=11 partition=0 processed=12900 total=14000 metric=ce epoch=1/1
[pipeline-trace] wall=23:28:57 elapsed=314.823s phase=train event=interaction_progress trial=12 partition=0 processed=2700 total=14000 metric=ce epoch=1/1
[pipeline-trace] wall=23:28:57 elapsed=315.162s phase=train event=interaction_progress trial=12 partition=0 processed=2800 total=14000 metric=ce epoch=1/1
[pipeline-trace] wall=23:28:57 elapsed=313.802s phase=train event=interaction_progress trial=11 partition=0 processed=13000 total=14000 metric=ce epoch=1/1
[pipeline-trace] wall=23:28:58 elapsed=315.438s phase=train event=interaction_progress trial=12 partition=0 processed=2900 total=14000 metric=ce epoch=1/1
[pipeline-trace] wall=23:28:58 elapsed=314.192s phase=train event=interaction_progress trial=11 partition=0 processed=13100 total=14000 metric=ce epoch=1/1
[pipeline-trace] wall=23:28:58 elapsed=315.664s phase=train event=interaction_progress trial=12 partition=0 processed=3000 total=14000 metric=ce epoch=1/1
[pipeline-trace] wall=23:28:58 elapsed=315.894s phase=train event=interaction_progress trial=12 partition=0 processed=3100 total=14000 metric=ce epoch=1/1
[pipeline-trace] wall=23:28:58 elapsed=314.591s phase=train event=interaction_progress trial=11 partition=0 processed=13200 total=14000 metric=ce epoch=1/1
[pipeline-trace] wall=23:28:58 elapsed=316.120s phase=train event=interaction_progress trial=12 partition=0 processed=3200 total=14000 metric=ce epoch=1/1
[pipeline-trace] wall=23:28:58 elapsed=316.355s phase=train event=interaction_progress trial=12 partition=0 processed=3300 total=14000 metric=ce epoch=1/1
[pipeline-trace] wall=23:28:59 elapsed=315.035s phase=train event=interaction_progress trial=11 partition=0 processed=13300 total=14000 metric=ce epoch=1/1
[pipeline-trace] wall=23:28:59 elapsed=316.585s phase=train event=interaction_progress trial=12 partition=0 processed=3400 total=14000 metric=ce epoch=1/1
[pipeline-trace] wall=23:28:59 elapsed=316.817s phase=train event=interaction_progress trial=12 partition=0 processed=3500 total=14000 metric=ce epoch=1/1
[pipeline-trace] wall=23:28:59 elapsed=315.436s phase=train event=interaction_progress trial=11 partition=0 processed=13400 total=14000 metric=ce epoch=1/1
[pipeline-trace] wall=23:28:59 elapsed=317.044s phase=train event=interaction_progress trial=12 partition=0 processed=3600 total=14000 metric=ce epoch=1/1
[pipeline-trace] wall=23:28:59 elapsed=315.755s phase=train event=interaction_progress trial=11 partition=0 processed=13500 total=14000 metric=ce epoch=1/1
[pipeline-trace] wall=23:28:59 elapsed=317.273s phase=train event=interaction_progress trial=12 partition=0 processed=3700 total=14000 metric=ce epoch=1/1
[pipeline-trace] wall=23:29:00 elapsed=317.523s phase=train event=interaction_progress trial=12 partition=0 processed=3800 total=14000 metric=ce epoch=1/1
[pipeline-trace] wall=23:29:00 elapsed=316.127s phase=train event=interaction_progress trial=11 partition=0 processed=13600 total=14000 metric=ce epoch=1/1
[pipeline-trace] wall=23:29:00 elapsed=317.759s phase=train event=interaction_progress trial=12 partition=0 processed=3900 total=14000 metric=ce epoch=1/1
[pipeline-trace] wall=23:29:00 elapsed=316.491s phase=train event=interaction_progress trial=11 partition=0 processed=13700 total=14000 metric=ce epoch=1/1
[pipeline-trace] wall=23:29:00 elapsed=318.012s phase=train event=interaction_progress trial=12 partition=0 processed=4000 total=14000 metric=ce epoch=1/1
[pipeline-trace] wall=23:29:00 elapsed=316.867s phase=train event=interaction_progress trial=11 partition=0 processed=13800 total=14000 metric=ce epoch=1/1
[pipeline-trace] wall=23:29:00 elapsed=318.301s phase=train event=interaction_progress trial=12 partition=0 processed=4100 total=14000 metric=ce epoch=1/1
[pipeline-trace] wall=23:29:01 elapsed=318.593s phase=train event=interaction_progress trial=12 partition=0 processed=4200 total=14000 metric=ce epoch=1/1
[pipeline-trace] wall=23:29:01 elapsed=317.314s phase=train event=interaction_progress trial=11 partition=0 processed=13900 total=14000 metric=ce epoch=1/1
[pipeline-trace] wall=23:29:01 elapsed=318.888s phase=train event=interaction_progress trial=12 partition=0 processed=4300 total=14000 metric=ce epoch=1/1
[pipeline-trace] wall=23:29:01 elapsed=319.146s phase=train event=interaction_progress trial=12 partition=0 processed=4400 total=14000 metric=ce epoch=1/1
[pipeline-trace] wall=23:29:01 elapsed=317.733s phase=train event=interaction_progress trial=11 partition=0 processed=14000 total=14000 metric=ce epoch=1/1
[pipeline-trace] wall=23:29:01 elapsed=317.805s phase=eval event=batch_start trial=11 partitions=[1] synthetic=False
[pipeline-trace] wall=23:29:01 elapsed=317.805s phase=eval event=partition_start trial=11 partition=1 interactions=1999
[pipeline-trace] wall=23:29:01 elapsed=317.805s phase=eval event=interaction_progress trial=11 partition=1 processed=1 total=1999 metric=ranking
[pipeline-trace] wall=23:29:02 elapsed=317.960s phase=eval event=interaction_progress trial=11 partition=1 processed=100 total=1999 metric=ranking
[pipeline-trace] wall=23:29:02 elapsed=319.422s phase=train event=interaction_progress trial=12 partition=0 processed=4500 total=14000 metric=ce epoch=1/1
[pipeline-trace] wall=23:29:02 elapsed=318.112s phase=eval event=interaction_progress trial=11 partition=1 processed=200 total=1999 metric=ranking
[pipeline-trace] wall=23:29:02 elapsed=319.667s phase=train event=interaction_progress trial=12 partition=0 processed=4600 total=14000 metric=ce epoch=1/1
[pipeline-trace] wall=23:29:02 elapsed=318.264s phase=eval event=interaction_progress trial=11 partition=1 processed=300 total=1999 metric=ranking
[pipeline-trace] wall=23:29:02 elapsed=318.416s phase=eval event=interaction_progress trial=11 partition=1 processed=400 total=1999 metric=ranking
[pipeline-trace] wall=23:29:02 elapsed=319.931s phase=train event=interaction_progress trial=12 partition=0 processed=4700 total=14000 metric=ce epoch=1/1
[pipeline-trace] wall=23:29:02 elapsed=318.600s phase=eval event=interaction_progress trial=11 partition=1 processed=500 total=1999 metric=ranking
[pipeline-trace] wall=23:29:02 elapsed=318.755s phase=eval event=interaction_progress trial=11 partition=1 processed=600 total=1999 metric=ranking
[pipeline-trace] wall=23:29:02 elapsed=320.193s phase=train event=interaction_progress trial=12 partition=0 processed=4800 total=14000 metric=ce epoch=1/1
[pipeline-trace] wall=23:29:02 elapsed=318.907s phase=eval event=interaction_progress trial=11 partition=1 processed=700 total=1999 metric=ranking
[pipeline-trace] wall=23:29:03 elapsed=319.058s phase=eval event=interaction_progress trial=11 partition=1 processed=800 total=1999 metric=ranking
[pipeline-trace] wall=23:29:03 elapsed=320.496s phase=train event=interaction_progress trial=12 partition=0 processed=4900 total=14000 metric=ce epoch=1/1
[pipeline-trace] wall=23:29:03 elapsed=319.209s phase=eval event=interaction_progress trial=11 partition=1 processed=900 total=1999 metric=ranking
[pipeline-trace] wall=23:29:03 elapsed=319.360s phase=eval event=interaction_progress trial=11 partition=1 processed=1000 total=1999 metric=ranking
[pipeline-trace] wall=23:29:03 elapsed=320.825s phase=train event=interaction_progress trial=12 partition=0 processed=5000 total=14000 metric=ce epoch=1/1
[pipeline-trace] wall=23:29:03 elapsed=319.511s phase=eval event=interaction_progress trial=11 partition=1 processed=1100 total=1999 metric=ranking
[pipeline-trace] wall=23:29:03 elapsed=319.663s phase=eval event=interaction_progress trial=11 partition=1 processed=1200 total=1999 metric=ranking
[pipeline-trace] wall=23:29:03 elapsed=321.107s phase=train event=interaction_progress trial=12 partition=0 processed=5100 total=14000 metric=ce epoch=1/1
[pipeline-trace] wall=23:29:03 elapsed=319.814s phase=eval event=interaction_progress trial=11 partition=1 processed=1300 total=1999 metric=ranking
[pipeline-trace] wall=23:29:04 elapsed=319.966s phase=eval event=interaction_progress trial=11 partition=1 processed=1400 total=1999 metric=ranking
[pipeline-trace] wall=23:29:04 elapsed=321.414s phase=train event=interaction_progress trial=12 partition=0 processed=5200 total=14000 metric=ce epoch=1/1
[pipeline-trace] wall=23:29:04 elapsed=320.117s phase=eval event=interaction_progress trial=11 partition=1 processed=1500 total=1999 metric=ranking
[pipeline-trace] wall=23:29:04 elapsed=320.266s phase=eval event=interaction_progress trial=11 partition=1 processed=1600 total=1999 metric=ranking
[pipeline-trace] wall=23:29:04 elapsed=321.761s phase=train event=interaction_progress trial=12 partition=0 processed=5300 total=14000 metric=ce epoch=1/1
[pipeline-trace] wall=23:29:04 elapsed=320.414s phase=eval event=interaction_progress trial=11 partition=1 processed=1700 total=1999 metric=ranking
[pipeline-trace] wall=23:29:04 elapsed=320.563s phase=eval event=interaction_progress trial=11 partition=1 processed=1800 total=1999 metric=ranking
[pipeline-trace] wall=23:29:04 elapsed=322.041s phase=train event=interaction_progress trial=12 partition=0 processed=5400 total=14000 metric=ce epoch=1/1
[pipeline-trace] wall=23:29:04 elapsed=320.711s phase=eval event=interaction_progress trial=11 partition=1 processed=1900 total=1999 metric=ranking
[pipeline-trace] wall=23:29:04 elapsed=322.300s phase=train event=interaction_progress trial=12 partition=0 processed=5500 total=14000 metric=ce epoch=1/1
[pipeline-trace] wall=23:29:04 elapsed=320.872s phase=eval event=interaction_progress trial=11 partition=1 processed=1999 total=1999 metric=ranking
[pipeline-trace] wall=23:29:04 elapsed=320.874s phase=eval event=partition_complete trial=11 partition=1 elapsed_sec=3.069 hits=1853 total=1999
[pipeline-trace] wall=23:29:04 elapsed=320.935s phase=train event=interaction_progress trial=13 partition=0 processed=1 total=14000 metric=ce epoch=1/1
[pipeline-trace] wall=23:29:05 elapsed=321.149s phase=train event=interaction_progress trial=13 partition=0 processed=100 total=14000 metric=ce epoch=1/1
[pipeline-trace] wall=23:29:05 elapsed=322.629s phase=train event=interaction_progress trial=12 partition=0 processed=5600 total=14000 metric=ce epoch=1/1
[pipeline-trace] wall=23:29:05 elapsed=321.386s phase=train event=interaction_progress trial=13 partition=0 processed=200 total=14000 metric=ce epoch=1/1
[pipeline-trace] wall=23:29:05 elapsed=322.993s phase=train event=interaction_progress trial=12 partition=0 processed=5700 total=14000 metric=ce epoch=1/1
[pipeline-trace] wall=23:29:05 elapsed=321.670s phase=train event=interaction_progress trial=13 partition=0 processed=300 total=14000 metric=ce epoch=1/1
[pipeline-trace] wall=23:29:05 elapsed=323.306s phase=train event=interaction_progress trial=12 partition=0 processed=5800 total=14000 metric=ce epoch=1/1
[pipeline-trace] wall=23:29:05 elapsed=321.917s phase=train event=interaction_progress trial=13 partition=0 processed=400 total=14000 metric=ce epoch=1/1
[pipeline-trace] wall=23:29:06 elapsed=322.184s phase=train event=interaction_progress trial=13 partition=0 processed=500 total=14000 metric=ce epoch=1/1
[pipeline-trace] wall=23:29:06 elapsed=323.649s phase=train event=interaction_progress trial=12 partition=0 processed=5900 total=14000 metric=ce epoch=1/1
[pipeline-trace] wall=23:29:06 elapsed=322.424s phase=train event=interaction_progress trial=13 partition=0 processed=600 total=14000 metric=ce epoch=1/1
[pipeline-trace] wall=23:29:06 elapsed=324.019s phase=train event=interaction_progress trial=12 partition=0 processed=6000 total=14000 metric=ce epoch=1/1
[pipeline-trace] wall=23:29:06 elapsed=322.699s phase=train event=interaction_progress trial=13 partition=0 processed=700 total=14000 metric=ce epoch=1/1
[pipeline-trace] wall=23:29:06 elapsed=324.364s phase=train event=interaction_progress trial=12 partition=0 processed=6100 total=14000 metric=ce epoch=1/1
[pipeline-trace] wall=23:29:07 elapsed=323.004s phase=train event=interaction_progress trial=13 partition=0 processed=800 total=14000 metric=ce epoch=1/1
[pipeline-trace] wall=23:29:07 elapsed=324.683s phase=train event=interaction_progress trial=12 partition=0 processed=6200 total=14000 metric=ce epoch=1/1
[pipeline-trace] wall=23:29:07 elapsed=323.259s phase=train event=interaction_progress trial=13 partition=0 processed=900 total=14000 metric=ce epoch=1/1
[pipeline-trace] wall=23:29:07 elapsed=323.491s phase=train event=interaction_progress trial=13 partition=0 processed=1000 total=14000 metric=ce epoch=1/1
[pipeline-trace] wall=23:29:07 elapsed=325.000s phase=train event=interaction_progress trial=12 partition=0 processed=6300 total=14000 metric=ce epoch=1/1
[pipeline-trace] wall=23:29:07 elapsed=323.716s phase=train event=interaction_progress trial=13 partition=0 processed=1100 total=14000 metric=ce epoch=1/1
[pipeline-trace] wall=23:29:07 elapsed=325.322s phase=train event=interaction_progress trial=12 partition=0 processed=6400 total=14000 metric=ce epoch=1/1
[pipeline-trace] wall=23:29:08 elapsed=323.939s phase=train event=interaction_progress trial=13 partition=0 processed=1200 total=14000 metric=ce epoch=1/1
[pipeline-trace] wall=23:29:08 elapsed=324.195s phase=train event=interaction_progress trial=13 partition=0 processed=1300 total=14000 metric=ce epoch=1/1
[pipeline-trace] wall=23:29:08 elapsed=325.648s phase=train event=interaction_progress trial=12 partition=0 processed=6500 total=14000 metric=ce epoch=1/1
[pipeline-trace] wall=23:29:08 elapsed=324.449s phase=train event=interaction_progress trial=13 partition=0 processed=1400 total=14000 metric=ce epoch=1/1
[pipeline-trace] wall=23:29:08 elapsed=325.989s phase=train event=interaction_progress trial=12 partition=0 processed=6600 total=14000 metric=ce epoch=1/1
[pipeline-trace] wall=23:29:08 elapsed=324.697s phase=train event=interaction_progress trial=13 partition=0 processed=1500 total=14000 metric=ce epoch=1/1
[pipeline-trace] wall=23:29:08 elapsed=326.333s phase=train event=interaction_progress trial=12 partition=0 processed=6700 total=14000 metric=ce epoch=1/1
[pipeline-trace] wall=23:29:09 elapsed=324.946s phase=train event=interaction_progress trial=13 partition=0 processed=1600 total=14000 metric=ce epoch=1/1
[pipeline-trace] wall=23:29:09 elapsed=325.194s phase=train event=interaction_progress trial=13 partition=0 processed=1700 total=14000 metric=ce epoch=1/1
[pipeline-trace] wall=23:29:09 elapsed=326.648s phase=train event=interaction_progress trial=12 partition=0 processed=6800 total=14000 metric=ce epoch=1/1
[pipeline-trace] wall=23:29:09 elapsed=325.447s phase=train event=interaction_progress trial=13 partition=0 processed=1800 total=14000 metric=ce epoch=1/1
[pipeline-trace] wall=23:29:09 elapsed=327.006s phase=train event=interaction_progress trial=12 partition=0 processed=6900 total=14000 metric=ce epoch=1/1
[pipeline-trace] wall=23:29:09 elapsed=325.727s phase=train event=interaction_progress trial=13 partition=0 processed=1900 total=14000 metric=ce epoch=1/1
[pipeline-trace] wall=23:29:09 elapsed=327.335s phase=train event=interaction_progress trial=12 partition=0 processed=7000 total=14000 metric=ce epoch=1/1
[pipeline-trace] wall=23:29:10 elapsed=326.004s phase=train event=interaction_progress trial=13 partition=0 processed=2000 total=14000 metric=ce epoch=1/1
[pipeline-trace] wall=23:29:10 elapsed=327.650s phase=train event=interaction_progress trial=12 partition=0 processed=7100 total=14000 metric=ce epoch=1/1
[pipeline-trace] wall=23:29:10 elapsed=326.254s phase=train event=interaction_progress trial=13 partition=0 processed=2100 total=14000 metric=ce epoch=1/1
[pipeline-trace] wall=23:29:10 elapsed=326.503s phase=train event=interaction_progress trial=13 partition=0 processed=2200 total=14000 metric=ce epoch=1/1
[pipeline-trace] wall=23:29:10 elapsed=328.013s phase=train event=interaction_progress trial=12 partition=0 processed=7200 total=14000 metric=ce epoch=1/1
[pipeline-trace] wall=23:29:10 elapsed=326.746s phase=train event=interaction_progress trial=13 partition=0 processed=2300 total=14000 metric=ce epoch=1/1
[pipeline-trace] wall=23:29:11 elapsed=328.391s phase=train event=interaction_progress trial=12 partition=0 processed=7300 total=14000 metric=ce epoch=1/1
[pipeline-trace] wall=23:29:11 elapsed=326.993s phase=train event=interaction_progress trial=13 partition=0 processed=2400 total=14000 metric=ce epoch=1/1
[pipeline-trace] wall=23:29:11 elapsed=327.239s phase=train event=interaction_progress trial=13 partition=0 processed=2500 total=14000 metric=ce epoch=1/1
[pipeline-trace] wall=23:29:11 elapsed=328.721s phase=train event=interaction_progress trial=12 partition=0 processed=7400 total=14000 metric=ce epoch=1/1
[pipeline-trace] wall=23:29:11 elapsed=327.493s phase=train event=interaction_progress trial=13 partition=0 processed=2600 total=14000 metric=ce epoch=1/1
[pipeline-trace] wall=23:29:11 elapsed=329.056s phase=train event=interaction_progress trial=12 partition=0 processed=7500 total=14000 metric=ce epoch=1/1
[pipeline-trace] wall=23:29:11 elapsed=327.744s phase=train event=interaction_progress trial=13 partition=0 processed=2700 total=14000 metric=ce epoch=1/1
[pipeline-trace] wall=23:29:12 elapsed=329.376s phase=train event=interaction_progress trial=12 partition=0 processed=7600 total=14000 metric=ce epoch=1/1
[pipeline-trace] wall=23:29:12 elapsed=327.992s phase=train event=interaction_progress trial=13 partition=0 processed=2800 total=14000 metric=ce epoch=1/1
[pipeline-trace] wall=23:29:12 elapsed=328.232s phase=train event=interaction_progress trial=13 partition=0 processed=2900 total=14000 metric=ce epoch=1/1
[pipeline-trace] wall=23:29:12 elapsed=329.690s phase=train event=interaction_progress trial=12 partition=0 processed=7700 total=14000 metric=ce epoch=1/1
[pipeline-trace] wall=23:29:12 elapsed=328.476s phase=train event=interaction_progress trial=13 partition=0 processed=3000 total=14000 metric=ce epoch=1/1
[pipeline-trace] wall=23:29:12 elapsed=330.009s phase=train event=interaction_progress trial=12 partition=0 processed=7800 total=14000 metric=ce epoch=1/1
[pipeline-trace] wall=23:29:12 elapsed=328.738s phase=train event=interaction_progress trial=13 partition=0 processed=3100 total=14000 metric=ce epoch=1/1
[pipeline-trace] wall=23:29:12 elapsed=330.316s phase=train event=interaction_progress trial=12 partition=0 processed=7900 total=14000 metric=ce epoch=1/1
[pipeline-trace] wall=23:29:13 elapsed=328.981s phase=train event=interaction_progress trial=13 partition=0 processed=3200 total=14000 metric=ce epoch=1/1
[pipeline-trace] wall=23:29:13 elapsed=330.617s phase=train event=interaction_progress trial=12 partition=0 processed=8000 total=14000 metric=ce epoch=1/1
[pipeline-trace] wall=23:29:13 elapsed=329.223s phase=train event=interaction_progress trial=13 partition=0 processed=3300 total=14000 metric=ce epoch=1/1
[pipeline-trace] wall=23:29:13 elapsed=329.456s phase=train event=interaction_progress trial=13 partition=0 processed=3400 total=14000 metric=ce epoch=1/1
[pipeline-trace] wall=23:29:13 elapsed=330.922s phase=train event=interaction_progress trial=12 partition=0 processed=8100 total=14000 metric=ce epoch=1/1
[pipeline-trace] wall=23:29:13 elapsed=329.711s phase=train event=interaction_progress trial=13 partition=0 processed=3500 total=14000 metric=ce epoch=1/1
[pipeline-trace] wall=23:29:13 elapsed=331.247s phase=train event=interaction_progress trial=12 partition=0 processed=8200 total=14000 metric=ce epoch=1/1
[pipeline-trace] wall=23:29:14 elapsed=329.958s phase=train event=interaction_progress trial=13 partition=0 processed=3600 total=14000 metric=ce epoch=1/1
[pipeline-trace] wall=23:29:14 elapsed=331.560s phase=train event=interaction_progress trial=12 partition=0 processed=8300 total=14000 metric=ce epoch=1/1
[pipeline-trace] wall=23:29:14 elapsed=330.208s phase=train event=interaction_progress trial=13 partition=0 processed=3700 total=14000 metric=ce epoch=1/1
[pipeline-trace] wall=23:29:14 elapsed=330.435s phase=train event=interaction_progress trial=13 partition=0 processed=3800 total=14000 metric=ce epoch=1/1
[pipeline-trace] wall=23:29:14 elapsed=331.871s phase=train event=interaction_progress trial=12 partition=0 processed=8400 total=14000 metric=ce epoch=1/1
[pipeline-trace] wall=23:29:14 elapsed=330.686s phase=train event=interaction_progress trial=13 partition=0 processed=3900 total=14000 metric=ce epoch=1/1
[pipeline-trace] wall=23:29:14 elapsed=332.189s phase=train event=interaction_progress trial=12 partition=0 processed=8500 total=14000 metric=ce epoch=1/1
[pipeline-trace] wall=23:29:15 elapsed=330.942s phase=train event=interaction_progress trial=13 partition=0 processed=4000 total=14000 metric=ce epoch=1/1
[pipeline-trace] wall=23:29:15 elapsed=332.516s phase=train event=interaction_progress trial=12 partition=0 processed=8600 total=14000 metric=ce epoch=1/1
[pipeline-trace] wall=23:29:15 elapsed=331.177s phase=train event=interaction_progress trial=13 partition=0 processed=4100 total=14000 metric=ce epoch=1/1
[pipeline-trace] wall=23:29:15 elapsed=332.838s phase=train event=interaction_progress trial=12 partition=0 processed=8700 total=14000 metric=ce epoch=1/1
[pipeline-trace] wall=23:29:15 elapsed=331.414s phase=train event=interaction_progress trial=13 partition=0 processed=4200 total=14000 metric=ce epoch=1/1
[pipeline-trace] wall=23:29:15 elapsed=331.660s phase=train event=interaction_progress trial=13 partition=0 processed=4300 total=14000 metric=ce epoch=1/1
[pipeline-trace] wall=23:29:15 elapsed=333.165s phase=train event=interaction_progress trial=12 partition=0 processed=8800 total=14000 metric=ce epoch=1/1
[pipeline-trace] wall=23:29:15 elapsed=331.910s phase=train event=interaction_progress trial=13 partition=0 processed=4400 total=14000 metric=ce epoch=1/1
[pipeline-trace] wall=23:29:16 elapsed=333.502s phase=train event=interaction_progress trial=12 partition=0 processed=8900 total=14000 metric=ce epoch=1/1
[pipeline-trace] wall=23:29:16 elapsed=332.149s phase=train event=interaction_progress trial=13 partition=0 processed=4500 total=14000 metric=ce epoch=1/1
[pipeline-trace] wall=23:29:16 elapsed=332.376s phase=train event=interaction_progress trial=13 partition=0 processed=4600 total=14000 metric=ce epoch=1/1
[pipeline-trace] wall=23:29:16 elapsed=333.816s phase=train event=interaction_progress trial=12 partition=0 processed=9000 total=14000 metric=ce epoch=1/1
[pipeline-trace] wall=23:29:16 elapsed=332.618s phase=train event=interaction_progress trial=13 partition=0 processed=4700 total=14000 metric=ce epoch=1/1
[pipeline-trace] wall=23:29:16 elapsed=334.144s phase=train event=interaction_progress trial=12 partition=0 processed=9100 total=14000 metric=ce epoch=1/1
[pipeline-trace] wall=23:29:16 elapsed=332.859s phase=train event=interaction_progress trial=13 partition=0 processed=4800 total=14000 metric=ce epoch=1/1
[pipeline-trace] wall=23:29:17 elapsed=334.466s phase=train event=interaction_progress trial=12 partition=0 processed=9200 total=14000 metric=ce epoch=1/1
[pipeline-trace] wall=23:29:17 elapsed=333.098s phase=train event=interaction_progress trial=13 partition=0 processed=4900 total=14000 metric=ce epoch=1/1
[pipeline-trace] wall=23:29:17 elapsed=333.338s phase=train event=interaction_progress trial=13 partition=0 processed=5000 total=14000 metric=ce epoch=1/1
[pipeline-trace] wall=23:29:17 elapsed=334.781s phase=train event=interaction_progress trial=12 partition=0 processed=9300 total=14000 metric=ce epoch=1/1
[pipeline-trace] wall=23:29:17 elapsed=333.577s phase=train event=interaction_progress trial=13 partition=0 processed=5100 total=14000 metric=ce epoch=1/1
[pipeline-trace] wall=23:29:17 elapsed=335.116s phase=train event=interaction_progress trial=12 partition=0 processed=9400 total=14000 metric=ce epoch=1/1
[pipeline-trace] wall=23:29:17 elapsed=333.818s phase=train event=interaction_progress trial=13 partition=0 processed=5200 total=14000 metric=ce epoch=1/1
[pipeline-trace] wall=23:29:18 elapsed=335.450s phase=train event=interaction_progress trial=12 partition=0 processed=9500 total=14000 metric=ce epoch=1/1
[pipeline-trace] wall=23:29:18 elapsed=334.051s phase=train event=interaction_progress trial=13 partition=0 processed=5300 total=14000 metric=ce epoch=1/1
[pipeline-trace] wall=23:29:18 elapsed=334.305s phase=train event=interaction_progress trial=13 partition=0 processed=5400 total=14000 metric=ce epoch=1/1
[pipeline-trace] wall=23:29:18 elapsed=335.776s phase=train event=interaction_progress trial=12 partition=0 processed=9600 total=14000 metric=ce epoch=1/1
[pipeline-trace] wall=23:29:18 elapsed=334.545s phase=train event=interaction_progress trial=13 partition=0 processed=5500 total=14000 metric=ce epoch=1/1
[pipeline-trace] wall=23:29:18 elapsed=336.090s phase=train event=interaction_progress trial=12 partition=0 processed=9700 total=14000 metric=ce epoch=1/1
[pipeline-trace] wall=23:29:18 elapsed=334.800s phase=train event=interaction_progress trial=13 partition=0 processed=5600 total=14000 metric=ce epoch=1/1
[pipeline-trace] wall=23:29:19 elapsed=336.398s phase=train event=interaction_progress trial=12 partition=0 processed=9800 total=14000 metric=ce epoch=1/1
[pipeline-trace] wall=23:29:19 elapsed=335.043s phase=train event=interaction_progress trial=13 partition=0 processed=5700 total=14000 metric=ce epoch=1/1
[pipeline-trace] wall=23:29:19 elapsed=336.708s phase=train event=interaction_progress trial=12 partition=0 processed=9900 total=14000 metric=ce epoch=1/1
[pipeline-trace] wall=23:29:19 elapsed=335.290s phase=train event=interaction_progress trial=13 partition=0 processed=5800 total=14000 metric=ce epoch=1/1
[pipeline-trace] wall=23:29:19 elapsed=335.533s phase=train event=interaction_progress trial=13 partition=0 processed=5900 total=14000 metric=ce epoch=1/1
[pipeline-trace] wall=23:29:19 elapsed=337.031s phase=train event=interaction_progress trial=12 partition=0 processed=10000 total=14000 metric=ce epoch=1/1
[pipeline-trace] wall=23:29:19 elapsed=335.776s phase=train event=interaction_progress trial=13 partition=0 processed=6000 total=14000 metric=ce epoch=1/1
[pipeline-trace] wall=23:29:19 elapsed=337.353s phase=train event=interaction_progress trial=12 partition=0 processed=10100 total=14000 metric=ce epoch=1/1
[pipeline-trace] wall=23:29:20 elapsed=336.019s phase=train event=interaction_progress trial=13 partition=0 processed=6100 total=14000 metric=ce epoch=1/1
[pipeline-trace] wall=23:29:20 elapsed=336.261s phase=train event=interaction_progress trial=13 partition=0 processed=6200 total=14000 metric=ce epoch=1/1
[pipeline-trace] wall=23:29:20 elapsed=337.699s phase=train event=interaction_progress trial=12 partition=0 processed=10200 total=14000 metric=ce epoch=1/1
[pipeline-trace] wall=23:29:20 elapsed=336.497s phase=train event=interaction_progress trial=13 partition=0 processed=6300 total=14000 metric=ce epoch=1/1
[pipeline-trace] wall=23:29:20 elapsed=338.032s phase=train event=interaction_progress trial=12 partition=0 processed=10300 total=14000 metric=ce epoch=1/1
[pipeline-trace] wall=23:29:20 elapsed=336.749s phase=train event=interaction_progress trial=13 partition=0 processed=6400 total=14000 metric=ce epoch=1/1
[pipeline-trace] wall=23:29:21 elapsed=338.381s phase=train event=interaction_progress trial=12 partition=0 processed=10400 total=14000 metric=ce epoch=1/1
[pipeline-trace] wall=23:29:21 elapsed=337.012s phase=train event=interaction_progress trial=13 partition=0 processed=6500 total=14000 metric=ce epoch=1/1
[pipeline-trace] wall=23:29:21 elapsed=337.255s phase=train event=interaction_progress trial=13 partition=0 processed=6600 total=14000 metric=ce epoch=1/1
[pipeline-trace] wall=23:29:21 elapsed=338.767s phase=train event=interaction_progress trial=12 partition=0 processed=10500 total=14000 metric=ce epoch=1/1
[pipeline-trace] wall=23:29:21 elapsed=337.509s phase=train event=interaction_progress trial=13 partition=0 processed=6700 total=14000 metric=ce epoch=1/1
[pipeline-trace] wall=23:29:21 elapsed=339.096s phase=train event=interaction_progress trial=12 partition=0 processed=10600 total=14000 metric=ce epoch=1/1
[pipeline-trace] wall=23:29:21 elapsed=337.741s phase=train event=interaction_progress trial=13 partition=0 processed=6800 total=14000 metric=ce epoch=1/1
[pipeline-trace] wall=23:29:22 elapsed=339.370s phase=train event=interaction_progress trial=12 partition=0 processed=10700 total=14000 metric=ce epoch=1/1
[pipeline-trace] wall=23:29:22 elapsed=337.962s phase=train event=interaction_progress trial=13 partition=0 processed=6900 total=14000 metric=ce epoch=1/1
[pipeline-trace] wall=23:29:22 elapsed=339.625s phase=train event=interaction_progress trial=12 partition=0 processed=10800 total=14000 metric=ce epoch=1/1
[pipeline-trace] wall=23:29:22 elapsed=338.198s phase=train event=interaction_progress trial=13 partition=0 processed=7000 total=14000 metric=ce epoch=1/1
[pipeline-trace] wall=23:29:22 elapsed=338.439s phase=train event=interaction_progress trial=13 partition=0 processed=7100 total=14000 metric=ce epoch=1/1
[pipeline-trace] wall=23:29:22 elapsed=339.879s phase=train event=interaction_progress trial=12 partition=0 processed=10900 total=14000 metric=ce epoch=1/1
[pipeline-trace] wall=23:29:22 elapsed=338.691s phase=train event=interaction_progress trial=13 partition=0 processed=7200 total=14000 metric=ce epoch=1/1
[pipeline-trace] wall=23:29:22 elapsed=340.157s phase=train event=interaction_progress trial=12 partition=0 processed=11000 total=14000 metric=ce epoch=1/1
[pipeline-trace] wall=23:29:23 elapsed=338.936s phase=train event=interaction_progress trial=13 partition=0 processed=7300 total=14000 metric=ce epoch=1/1
[pipeline-trace] wall=23:29:23 elapsed=340.478s phase=train event=interaction_progress trial=12 partition=0 processed=11100 total=14000 metric=ce epoch=1/1
[pipeline-trace] wall=23:29:23 elapsed=339.172s phase=train event=interaction_progress trial=13 partition=0 processed=7400 total=14000 metric=ce epoch=1/1
[pipeline-trace] wall=23:29:23 elapsed=339.370s phase=train event=interaction_progress trial=13 partition=0 processed=7500 total=14000 metric=ce epoch=1/1
[pipeline-trace] wall=23:29:23 elapsed=340.807s phase=train event=interaction_progress trial=12 partition=0 processed=11200 total=14000 metric=ce epoch=1/1
[pipeline-trace] wall=23:29:23 elapsed=339.541s phase=train event=interaction_progress trial=13 partition=0 processed=7600 total=14000 metric=ce epoch=1/1
[pipeline-trace] wall=23:29:23 elapsed=341.133s phase=train event=interaction_progress trial=12 partition=0 processed=11300 total=14000 metric=ce epoch=1/1
[pipeline-trace] wall=23:29:23 elapsed=339.728s phase=train event=interaction_progress trial=13 partition=0 processed=7700 total=14000 metric=ce epoch=1/1
[pipeline-trace] wall=23:29:23 elapsed=339.917s phase=train event=interaction_progress trial=13 partition=0 processed=7800 total=14000 metric=ce epoch=1/1
[pipeline-trace] wall=23:29:24 elapsed=341.399s phase=train event=interaction_progress trial=12 partition=0 processed=11400 total=14000 metric=ce epoch=1/1
[pipeline-trace] wall=23:29:24 elapsed=340.088s phase=train event=interaction_progress trial=13 partition=0 processed=7900 total=14000 metric=ce epoch=1/1
[pipeline-trace] wall=23:29:24 elapsed=341.664s phase=train event=interaction_progress trial=12 partition=0 processed=11500 total=14000 metric=ce epoch=1/1
[pipeline-trace] wall=23:29:24 elapsed=340.273s phase=train event=interaction_progress trial=13 partition=0 processed=8000 total=14000 metric=ce epoch=1/1
[pipeline-trace] wall=23:29:24 elapsed=340.450s phase=train event=interaction_progress trial=13 partition=0 processed=8100 total=14000 metric=ce epoch=1/1
[pipeline-trace] wall=23:29:24 elapsed=341.922s phase=train event=interaction_progress trial=12 partition=0 processed=11600 total=14000 metric=ce epoch=1/1
[pipeline-trace] wall=23:29:24 elapsed=340.634s phase=train event=interaction_progress trial=13 partition=0 processed=8200 total=14000 metric=ce epoch=1/1
[pipeline-trace] wall=23:29:24 elapsed=342.198s phase=train event=interaction_progress trial=12 partition=0 processed=11700 total=14000 metric=ce epoch=1/1
[pipeline-trace] wall=23:29:24 elapsed=340.818s phase=train event=interaction_progress trial=13 partition=0 processed=8300 total=14000 metric=ce epoch=1/1
[pipeline-trace] wall=23:29:25 elapsed=340.990s phase=train event=interaction_progress trial=13 partition=0 processed=8400 total=14000 metric=ce epoch=1/1
[pipeline-trace] wall=23:29:25 elapsed=342.492s phase=train event=interaction_progress trial=12 partition=0 processed=11800 total=14000 metric=ce epoch=1/1
[pipeline-trace] wall=23:29:25 elapsed=341.166s phase=train event=interaction_progress trial=13 partition=0 processed=8500 total=14000 metric=ce epoch=1/1
[pipeline-trace] wall=23:29:25 elapsed=341.363s phase=train event=interaction_progress trial=13 partition=0 processed=8600 total=14000 metric=ce epoch=1/1
[pipeline-trace] wall=23:29:25 elapsed=342.803s phase=train event=interaction_progress trial=12 partition=0 processed=11900 total=14000 metric=ce epoch=1/1
[pipeline-trace] wall=23:29:25 elapsed=341.558s phase=train event=interaction_progress trial=13 partition=0 processed=8700 total=14000 metric=ce epoch=1/1
[pipeline-trace] wall=23:29:25 elapsed=343.083s phase=train event=interaction_progress trial=12 partition=0 processed=12000 total=14000 metric=ce epoch=1/1
[pipeline-trace] wall=23:29:25 elapsed=341.758s phase=train event=interaction_progress trial=13 partition=0 processed=8800 total=14000 metric=ce epoch=1/1
[pipeline-trace] wall=23:29:26 elapsed=343.385s phase=train event=interaction_progress trial=12 partition=0 processed=12100 total=14000 metric=ce epoch=1/1
[pipeline-trace] wall=23:29:26 elapsed=341.962s phase=train event=interaction_progress trial=13 partition=0 processed=8900 total=14000 metric=ce epoch=1/1
[pipeline-trace] wall=23:29:26 elapsed=342.202s phase=train event=interaction_progress trial=13 partition=0 processed=9000 total=14000 metric=ce epoch=1/1
[pipeline-trace] wall=23:29:26 elapsed=343.666s phase=train event=interaction_progress trial=12 partition=0 processed=12200 total=14000 metric=ce epoch=1/1
[pipeline-trace] wall=23:29:26 elapsed=342.437s phase=train event=interaction_progress trial=13 partition=0 processed=9100 total=14000 metric=ce epoch=1/1
[pipeline-trace] wall=23:29:26 elapsed=343.930s phase=train event=interaction_progress trial=12 partition=0 processed=12300 total=14000 metric=ce epoch=1/1
[pipeline-trace] wall=23:29:26 elapsed=342.672s phase=train event=interaction_progress trial=13 partition=0 processed=9200 total=14000 metric=ce epoch=1/1
[pipeline-trace] wall=23:29:26 elapsed=344.227s phase=train event=interaction_progress trial=12 partition=0 processed=12400 total=14000 metric=ce epoch=1/1
[pipeline-trace] wall=23:29:26 elapsed=342.908s phase=train event=interaction_progress trial=13 partition=0 processed=9300 total=14000 metric=ce epoch=1/1
[pipeline-trace] wall=23:29:27 elapsed=344.537s phase=train event=interaction_progress trial=12 partition=0 processed=12500 total=14000 metric=ce epoch=1/1
[pipeline-trace] wall=23:29:27 elapsed=343.119s phase=train event=interaction_progress trial=13 partition=0 processed=9400 total=14000 metric=ce epoch=1/1
[pipeline-trace] wall=23:29:27 elapsed=343.330s phase=train event=interaction_progress trial=13 partition=0 processed=9500 total=14000 metric=ce epoch=1/1
[pipeline-trace] wall=23:29:27 elapsed=344.832s phase=train event=interaction_progress trial=12 partition=0 processed=12600 total=14000 metric=ce epoch=1/1
[pipeline-trace] wall=23:29:27 elapsed=343.530s phase=train event=interaction_progress trial=13 partition=0 processed=9600 total=14000 metric=ce epoch=1/1
[pipeline-trace] wall=23:29:27 elapsed=343.721s phase=train event=interaction_progress trial=13 partition=0 processed=9700 total=14000 metric=ce epoch=1/1
[pipeline-trace] wall=23:29:27 elapsed=345.153s phase=train event=interaction_progress trial=12 partition=0 processed=12700 total=14000 metric=ce epoch=1/1
[pipeline-trace] wall=23:29:27 elapsed=343.913s phase=train event=interaction_progress trial=13 partition=0 processed=9800 total=14000 metric=ce epoch=1/1
[pipeline-trace] wall=23:29:28 elapsed=345.475s phase=train event=interaction_progress trial=12 partition=0 processed=12800 total=14000 metric=ce epoch=1/1
[pipeline-trace] wall=23:29:28 elapsed=344.128s phase=train event=interaction_progress trial=13 partition=0 processed=9900 total=14000 metric=ce epoch=1/1
[pipeline-trace] wall=23:29:28 elapsed=344.320s phase=train event=interaction_progress trial=13 partition=0 processed=10000 total=14000 metric=ce epoch=1/1
[pipeline-trace] wall=23:29:28 elapsed=345.793s phase=train event=interaction_progress trial=12 partition=0 processed=12900 total=14000 metric=ce epoch=1/1
[pipeline-trace] wall=23:29:28 elapsed=344.514s phase=train event=interaction_progress trial=13 partition=0 processed=10100 total=14000 metric=ce epoch=1/1
[pipeline-trace] wall=23:29:28 elapsed=346.120s phase=train event=interaction_progress trial=12 partition=0 processed=13000 total=14000 metric=ce epoch=1/1
[pipeline-trace] wall=23:29:28 elapsed=344.713s phase=train event=interaction_progress trial=13 partition=0 processed=10200 total=14000 metric=ce epoch=1/1
[pipeline-trace] wall=23:29:28 elapsed=344.915s phase=train event=interaction_progress trial=13 partition=0 processed=10300 total=14000 metric=ce epoch=1/1
[pipeline-trace] wall=23:29:29 elapsed=346.448s phase=train event=interaction_progress trial=12 partition=0 processed=13100 total=14000 metric=ce epoch=1/1
[pipeline-trace] wall=23:29:29 elapsed=345.116s phase=train event=interaction_progress trial=13 partition=0 processed=10400 total=14000 metric=ce epoch=1/1
[pipeline-trace] wall=23:29:29 elapsed=345.337s phase=train event=interaction_progress trial=13 partition=0 processed=10500 total=14000 metric=ce epoch=1/1
[pipeline-trace] wall=23:29:29 elapsed=346.771s phase=train event=interaction_progress trial=12 partition=0 processed=13200 total=14000 metric=ce epoch=1/1
[pipeline-trace] wall=23:29:29 elapsed=345.552s phase=train event=interaction_progress trial=13 partition=0 processed=10600 total=14000 metric=ce epoch=1/1
[pipeline-trace] wall=23:29:29 elapsed=347.090s phase=train event=interaction_progress trial=12 partition=0 processed=13300 total=14000 metric=ce epoch=1/1
[pipeline-trace] wall=23:29:29 elapsed=345.807s phase=train event=interaction_progress trial=13 partition=0 processed=10700 total=14000 metric=ce epoch=1/1
[pipeline-trace] wall=23:29:30 elapsed=347.417s phase=train event=interaction_progress trial=12 partition=0 processed=13400 total=14000 metric=ce epoch=1/1
[pipeline-trace] wall=23:29:30 elapsed=346.051s phase=train event=interaction_progress trial=13 partition=0 processed=10800 total=14000 metric=ce epoch=1/1
[pipeline-trace] wall=23:29:30 elapsed=346.260s phase=train event=interaction_progress trial=13 partition=0 processed=10900 total=14000 metric=ce epoch=1/1
[pipeline-trace] wall=23:29:30 elapsed=347.737s phase=train event=interaction_progress trial=12 partition=0 processed=13500 total=14000 metric=ce epoch=1/1
[pipeline-trace] wall=23:29:30 elapsed=346.537s phase=train event=interaction_progress trial=13 partition=0 processed=11000 total=14000 metric=ce epoch=1/1
[pipeline-trace] wall=23:29:30 elapsed=348.058s phase=train event=interaction_progress trial=12 partition=0 processed=13600 total=14000 metric=ce epoch=1/1
[pipeline-trace] wall=23:29:30 elapsed=346.774s phase=train event=interaction_progress trial=13 partition=0 processed=11100 total=14000 metric=ce epoch=1/1
[pipeline-trace] wall=23:29:31 elapsed=348.386s phase=train event=interaction_progress trial=12 partition=0 processed=13700 total=14000 metric=ce epoch=1/1
[pipeline-trace] wall=23:29:31 elapsed=346.982s phase=train event=interaction_progress trial=13 partition=0 processed=11200 total=14000 metric=ce epoch=1/1
[pipeline-trace] wall=23:29:31 elapsed=347.225s phase=train event=interaction_progress trial=13 partition=0 processed=11300 total=14000 metric=ce epoch=1/1
[pipeline-trace] wall=23:29:31 elapsed=348.693s phase=train event=interaction_progress trial=12 partition=0 processed=13800 total=14000 metric=ce epoch=1/1
[pipeline-trace] wall=23:29:31 elapsed=347.433s phase=train event=interaction_progress trial=13 partition=0 processed=11400 total=14000 metric=ce epoch=1/1
[pipeline-trace] wall=23:29:31 elapsed=349.029s phase=train event=interaction_progress trial=12 partition=0 processed=13900 total=14000 metric=ce epoch=1/1
[pipeline-trace] wall=23:29:31 elapsed=347.640s phase=train event=interaction_progress trial=13 partition=0 processed=11500 total=14000 metric=ce epoch=1/1
[pipeline-trace] wall=23:29:31 elapsed=347.843s phase=train event=interaction_progress trial=13 partition=0 processed=11600 total=14000 metric=ce epoch=1/1
[pipeline-trace] wall=23:29:31 elapsed=349.357s phase=train event=interaction_progress trial=12 partition=0 processed=14000 total=14000 metric=ce epoch=1/1
[pipeline-trace] wall=23:29:32 elapsed=349.425s phase=eval event=batch_start trial=12 partitions=[1] synthetic=False
[pipeline-trace] wall=23:29:32 elapsed=349.426s phase=eval event=partition_start trial=12 partition=1 interactions=1999
[pipeline-trace] wall=23:29:32 elapsed=349.426s phase=eval event=interaction_progress trial=12 partition=1 processed=1 total=1999 metric=ranking
[pipeline-trace] wall=23:29:32 elapsed=348.046s phase=train event=interaction_progress trial=13 partition=0 processed=11700 total=14000 metric=ce epoch=1/1
[pipeline-trace] wall=23:29:32 elapsed=349.619s phase=eval event=interaction_progress trial=12 partition=1 processed=100 total=1999 metric=ranking
[pipeline-trace] wall=23:29:32 elapsed=348.246s phase=train event=interaction_progress trial=13 partition=0 processed=11800 total=14000 metric=ce epoch=1/1
[pipeline-trace] wall=23:29:32 elapsed=349.820s phase=eval event=interaction_progress trial=12 partition=1 processed=200 total=1999 metric=ranking
[pipeline-trace] wall=23:29:32 elapsed=348.466s phase=train event=interaction_progress trial=13 partition=0 processed=11900 total=14000 metric=ce epoch=1/1
[pipeline-trace] wall=23:29:32 elapsed=350.024s phase=eval event=interaction_progress trial=12 partition=1 processed=300 total=1999 metric=ranking
[pipeline-trace] wall=23:29:32 elapsed=348.714s phase=train event=interaction_progress trial=13 partition=0 processed=12000 total=14000 metric=ce epoch=1/1
[pipeline-trace] wall=23:29:32 elapsed=350.227s phase=eval event=interaction_progress trial=12 partition=1 processed=400 total=1999 metric=ranking
[pipeline-trace] wall=23:29:32 elapsed=348.917s phase=train event=interaction_progress trial=13 partition=0 processed=12100 total=14000 metric=ce epoch=1/1
[pipeline-trace] wall=23:29:33 elapsed=350.433s phase=eval event=interaction_progress trial=12 partition=1 processed=500 total=1999 metric=ranking
[pipeline-trace] wall=23:29:33 elapsed=349.116s phase=train event=interaction_progress trial=13 partition=0 processed=12200 total=14000 metric=ce epoch=1/1
[pipeline-trace] wall=23:29:33 elapsed=350.634s phase=eval event=interaction_progress trial=12 partition=1 processed=600 total=1999 metric=ranking
[pipeline-trace] wall=23:29:33 elapsed=349.313s phase=train event=interaction_progress trial=13 partition=0 processed=12300 total=14000 metric=ce epoch=1/1
[pipeline-trace] wall=23:29:33 elapsed=350.838s phase=eval event=interaction_progress trial=12 partition=1 processed=700 total=1999 metric=ranking
[pipeline-trace] wall=23:29:33 elapsed=349.529s phase=train event=interaction_progress trial=13 partition=0 processed=12400 total=14000 metric=ce epoch=1/1
[pipeline-trace] wall=23:29:33 elapsed=351.042s phase=eval event=interaction_progress trial=12 partition=1 processed=800 total=1999 metric=ranking
[pipeline-trace] wall=23:29:33 elapsed=349.741s phase=train event=interaction_progress trial=13 partition=0 processed=12500 total=14000 metric=ce epoch=1/1
[pipeline-trace] wall=23:29:33 elapsed=351.246s phase=eval event=interaction_progress trial=12 partition=1 processed=900 total=1999 metric=ranking
[pipeline-trace] wall=23:29:34 elapsed=349.950s phase=train event=interaction_progress trial=13 partition=0 processed=12600 total=14000 metric=ce epoch=1/1
[pipeline-trace] wall=23:29:34 elapsed=351.450s phase=eval event=interaction_progress trial=12 partition=1 processed=1000 total=1999 metric=ranking
[pipeline-trace] wall=23:29:34 elapsed=350.159s phase=train event=interaction_progress trial=13 partition=0 processed=12700 total=14000 metric=ce epoch=1/1
[pipeline-trace] wall=23:29:34 elapsed=351.649s phase=eval event=interaction_progress trial=12 partition=1 processed=1100 total=1999 metric=ranking
[pipeline-trace] wall=23:29:34 elapsed=350.394s phase=train event=interaction_progress trial=13 partition=0 processed=12800 total=14000 metric=ce epoch=1/1
[pipeline-trace] wall=23:29:34 elapsed=351.848s phase=eval event=interaction_progress trial=12 partition=1 processed=1200 total=1999 metric=ranking
[pipeline-trace] wall=23:29:34 elapsed=350.597s phase=train event=interaction_progress trial=13 partition=0 processed=12900 total=14000 metric=ce epoch=1/1
[pipeline-trace] wall=23:29:34 elapsed=352.047s phase=eval event=interaction_progress trial=12 partition=1 processed=1300 total=1999 metric=ranking
[pipeline-trace] wall=23:29:34 elapsed=352.247s phase=eval event=interaction_progress trial=12 partition=1 processed=1400 total=1999 metric=ranking
[pipeline-trace] wall=23:29:34 elapsed=350.835s phase=train event=interaction_progress trial=13 partition=0 processed=13000 total=14000 metric=ce epoch=1/1
[pipeline-trace] wall=23:29:35 elapsed=352.446s phase=eval event=interaction_progress trial=12 partition=1 processed=1500 total=1999 metric=ranking
[pipeline-trace] wall=23:29:35 elapsed=351.054s phase=train event=interaction_progress trial=13 partition=0 processed=13100 total=14000 metric=ce epoch=1/1
[pipeline-trace] wall=23:29:35 elapsed=352.644s phase=eval event=interaction_progress trial=12 partition=1 processed=1600 total=1999 metric=ranking
[pipeline-trace] wall=23:29:35 elapsed=351.261s phase=train event=interaction_progress trial=13 partition=0 processed=13200 total=14000 metric=ce epoch=1/1
[pipeline-trace] wall=23:29:35 elapsed=352.840s phase=eval event=interaction_progress trial=12 partition=1 processed=1700 total=1999 metric=ranking
[pipeline-trace] wall=23:29:35 elapsed=351.475s phase=train event=interaction_progress trial=13 partition=0 processed=13300 total=14000 metric=ce epoch=1/1
[pipeline-trace] wall=23:29:35 elapsed=353.041s phase=eval event=interaction_progress trial=12 partition=1 processed=1800 total=1999 metric=ranking
[pipeline-trace] wall=23:29:35 elapsed=351.679s phase=train event=interaction_progress trial=13 partition=0 processed=13400 total=14000 metric=ce epoch=1/1
[pipeline-trace] wall=23:29:35 elapsed=353.243s phase=eval event=interaction_progress trial=12 partition=1 processed=1900 total=1999 metric=ranking
[pipeline-trace] wall=23:29:35 elapsed=351.883s phase=train event=interaction_progress trial=13 partition=0 processed=13500 total=14000 metric=ce epoch=1/1
[pipeline-trace] wall=23:29:36 elapsed=353.441s phase=eval event=interaction_progress trial=12 partition=1 processed=1999 total=1999 metric=ranking
[pipeline-trace] wall=23:29:36 elapsed=353.444s phase=eval event=partition_complete trial=12 partition=1 elapsed_sec=4.018 hits=1557 total=1999
[pipeline-trace] wall=23:29:36 elapsed=353.509s phase=train event=interaction_progress trial=14 partition=0 processed=1 total=14000 metric=ce epoch=1/1
[pipeline-trace] wall=23:29:36 elapsed=352.109s phase=train event=interaction_progress trial=13 partition=0 processed=13600 total=14000 metric=ce epoch=1/1
[pipeline-trace] wall=23:29:36 elapsed=352.318s phase=train event=interaction_progress trial=13 partition=0 processed=13700 total=14000 metric=ce epoch=1/1
[pipeline-trace] wall=23:29:36 elapsed=353.805s phase=train event=interaction_progress trial=14 partition=0 processed=100 total=14000 metric=ce epoch=1/1
[pipeline-trace] wall=23:29:36 elapsed=352.561s phase=train event=interaction_progress trial=13 partition=0 processed=13800 total=14000 metric=ce epoch=1/1
[pipeline-trace] wall=23:29:36 elapsed=354.099s phase=train event=interaction_progress trial=14 partition=0 processed=200 total=14000 metric=ce epoch=1/1
[pipeline-trace] wall=23:29:36 elapsed=352.815s phase=train event=interaction_progress trial=13 partition=0 processed=13900 total=14000 metric=ce epoch=1/1
[pipeline-trace] wall=23:29:37 elapsed=354.398s phase=train event=interaction_progress trial=14 partition=0 processed=300 total=14000 metric=ce epoch=1/1
[pipeline-trace] wall=23:29:37 elapsed=353.060s phase=train event=interaction_progress trial=13 partition=0 processed=14000 total=14000 metric=ce epoch=1/1
[pipeline-trace] wall=23:29:37 elapsed=353.121s phase=eval event=batch_start trial=13 partitions=[1] synthetic=False
[pipeline-trace] wall=23:29:37 elapsed=353.122s phase=eval event=partition_start trial=13 partition=1 interactions=1999
[pipeline-trace] wall=23:29:37 elapsed=353.122s phase=eval event=interaction_progress trial=13 partition=1 processed=1 total=1999 metric=ranking
[pipeline-trace] wall=23:29:37 elapsed=354.689s phase=train event=interaction_progress trial=14 partition=0 processed=400 total=14000 metric=ce epoch=1/1
[pipeline-trace] wall=23:29:37 elapsed=353.266s phase=eval event=interaction_progress trial=13 partition=1 processed=100 total=1999 metric=ranking
[pipeline-trace] wall=23:29:37 elapsed=353.408s phase=eval event=interaction_progress trial=13 partition=1 processed=200 total=1999 metric=ranking
[pipeline-trace] wall=23:29:37 elapsed=354.977s phase=train event=interaction_progress trial=14 partition=0 processed=500 total=14000 metric=ce epoch=1/1
[pipeline-trace] wall=23:29:37 elapsed=353.568s phase=eval event=interaction_progress trial=13 partition=1 processed=300 total=1999 metric=ranking
[pipeline-trace] wall=23:29:37 elapsed=353.734s phase=eval event=interaction_progress trial=13 partition=1 processed=400 total=1999 metric=ranking
[pipeline-trace] wall=23:29:37 elapsed=355.270s phase=train event=interaction_progress trial=14 partition=0 processed=600 total=14000 metric=ce epoch=1/1
[pipeline-trace] wall=23:29:37 elapsed=353.873s phase=eval event=interaction_progress trial=13 partition=1 processed=500 total=1999 metric=ranking
[pipeline-trace] wall=23:29:38 elapsed=354.011s phase=eval event=interaction_progress trial=13 partition=1 processed=600 total=1999 metric=ranking
[pipeline-trace] wall=23:29:38 elapsed=355.565s phase=train event=interaction_progress trial=14 partition=0 processed=700 total=14000 metric=ce epoch=1/1
[pipeline-trace] wall=23:29:38 elapsed=354.152s phase=eval event=interaction_progress trial=13 partition=1 processed=700 total=1999 metric=ranking
[pipeline-trace] wall=23:29:38 elapsed=354.290s phase=eval event=interaction_progress trial=13 partition=1 processed=800 total=1999 metric=ranking
[pipeline-trace] wall=23:29:38 elapsed=354.428s phase=eval event=interaction_progress trial=13 partition=1 processed=900 total=1999 metric=ranking
[pipeline-trace] wall=23:29:38 elapsed=355.864s phase=train event=interaction_progress trial=14 partition=0 processed=800 total=14000 metric=ce epoch=1/1
[pipeline-trace] wall=23:29:38 elapsed=354.565s phase=eval event=interaction_progress trial=13 partition=1 processed=1000 total=1999 metric=ranking
[pipeline-trace] wall=23:29:38 elapsed=354.704s phase=eval event=interaction_progress trial=13 partition=1 processed=1100 total=1999 metric=ranking
[pipeline-trace] wall=23:29:38 elapsed=356.158s phase=train event=interaction_progress trial=14 partition=0 processed=900 total=14000 metric=ce epoch=1/1
[pipeline-trace] wall=23:29:38 elapsed=354.845s phase=eval event=interaction_progress trial=13 partition=1 processed=1200 total=1999 metric=ranking
[pipeline-trace] wall=23:29:39 elapsed=354.985s phase=eval event=interaction_progress trial=13 partition=1 processed=1300 total=1999 metric=ranking
[pipeline-trace] wall=23:29:39 elapsed=356.424s phase=train event=interaction_progress trial=14 partition=0 processed=1000 total=14000 metric=ce epoch=1/1
[pipeline-trace] wall=23:29:39 elapsed=355.124s phase=eval event=interaction_progress trial=13 partition=1 processed=1400 total=1999 metric=ranking
[pipeline-trace] wall=23:29:39 elapsed=356.690s phase=train event=interaction_progress trial=14 partition=0 processed=1100 total=14000 metric=ce epoch=1/1
[pipeline-trace] wall=23:29:39 elapsed=355.262s phase=eval event=interaction_progress trial=13 partition=1 processed=1500 total=1999 metric=ranking
[pipeline-trace] wall=23:29:39 elapsed=355.401s phase=eval event=interaction_progress trial=13 partition=1 processed=1600 total=1999 metric=ranking
[pipeline-trace] wall=23:29:39 elapsed=356.932s phase=train event=interaction_progress trial=14 partition=0 processed=1200 total=14000 metric=ce epoch=1/1
[pipeline-trace] wall=23:29:39 elapsed=355.540s phase=eval event=interaction_progress trial=13 partition=1 processed=1700 total=1999 metric=ranking
[pipeline-trace] wall=23:29:39 elapsed=355.679s phase=eval event=interaction_progress trial=13 partition=1 processed=1800 total=1999 metric=ranking
[pipeline-trace] wall=23:29:39 elapsed=357.204s phase=train event=interaction_progress trial=14 partition=0 processed=1300 total=14000 metric=ce epoch=1/1
[pipeline-trace] wall=23:29:39 elapsed=355.817s phase=eval event=interaction_progress trial=13 partition=1 processed=1900 total=1999 metric=ranking
[pipeline-trace] wall=23:29:40 elapsed=355.955s phase=eval event=interaction_progress trial=13 partition=1 processed=1999 total=1999 metric=ranking
[pipeline-trace] wall=23:29:40 elapsed=355.957s phase=eval event=partition_complete trial=13 partition=1 elapsed_sec=2.835 hits=1376 total=1999
[pipeline-trace] wall=23:29:40 elapsed=356.042s phase=train event=interaction_progress trial=15 partition=0 processed=1 total=14000 metric=ce epoch=1/1
[pipeline-trace] wall=23:29:40 elapsed=357.480s phase=train event=interaction_progress trial=14 partition=0 processed=1400 total=14000 metric=ce epoch=1/1
[pipeline-trace] wall=23:29:40 elapsed=356.313s phase=train event=interaction_progress trial=15 partition=0 processed=100 total=14000 metric=ce epoch=1/1
[pipeline-trace] wall=23:29:40 elapsed=357.772s phase=train event=interaction_progress trial=14 partition=0 processed=1500 total=14000 metric=ce epoch=1/1
[pipeline-trace] wall=23:29:40 elapsed=356.554s phase=train event=interaction_progress trial=15 partition=0 processed=200 total=14000 metric=ce epoch=1/1
[pipeline-trace] wall=23:29:40 elapsed=358.061s phase=train event=interaction_progress trial=14 partition=0 processed=1600 total=14000 metric=ce epoch=1/1
[pipeline-trace] wall=23:29:40 elapsed=356.794s phase=train event=interaction_progress trial=15 partition=0 processed=300 total=14000 metric=ce epoch=1/1
[pipeline-trace] wall=23:29:40 elapsed=358.351s phase=train event=interaction_progress trial=14 partition=0 processed=1700 total=14000 metric=ce epoch=1/1
[pipeline-trace] wall=23:29:41 elapsed=357.046s phase=train event=interaction_progress trial=15 partition=0 processed=400 total=14000 metric=ce epoch=1/1
[pipeline-trace] wall=23:29:41 elapsed=358.627s phase=train event=interaction_progress trial=14 partition=0 processed=1800 total=14000 metric=ce epoch=1/1
[pipeline-trace] wall=23:29:41 elapsed=357.290s phase=train event=interaction_progress trial=15 partition=0 processed=500 total=14000 metric=ce epoch=1/1
[pipeline-trace] wall=23:29:41 elapsed=358.918s phase=train event=interaction_progress trial=14 partition=0 processed=1900 total=14000 metric=ce epoch=1/1
[pipeline-trace] wall=23:29:41 elapsed=357.536s phase=train event=interaction_progress trial=15 partition=0 processed=600 total=14000 metric=ce epoch=1/1
[pipeline-trace] wall=23:29:41 elapsed=359.205s phase=train event=interaction_progress trial=14 partition=0 processed=2000 total=14000 metric=ce epoch=1/1
[pipeline-trace] wall=23:29:41 elapsed=357.787s phase=train event=interaction_progress trial=15 partition=0 processed=700 total=14000 metric=ce epoch=1/1
[pipeline-trace] wall=23:29:42 elapsed=358.037s phase=train event=interaction_progress trial=15 partition=0 processed=800 total=14000 metric=ce epoch=1/1
[pipeline-trace] wall=23:29:42 elapsed=359.499s phase=train event=interaction_progress trial=14 partition=0 processed=2100 total=14000 metric=ce epoch=1/1
[pipeline-trace] wall=23:29:42 elapsed=358.291s phase=train event=interaction_progress trial=15 partition=0 processed=900 total=14000 metric=ce epoch=1/1
[pipeline-trace] wall=23:29:42 elapsed=359.799s phase=train event=interaction_progress trial=14 partition=0 processed=2200 total=14000 metric=ce epoch=1/1
[pipeline-trace] wall=23:29:42 elapsed=358.541s phase=train event=interaction_progress trial=15 partition=0 processed=1000 total=14000 metric=ce epoch=1/1
[pipeline-trace] wall=23:29:42 elapsed=360.094s phase=train event=interaction_progress trial=14 partition=0 processed=2300 total=14000 metric=ce epoch=1/1
[pipeline-trace] wall=23:29:42 elapsed=358.787s phase=train event=interaction_progress trial=15 partition=0 processed=1100 total=14000 metric=ce epoch=1/1
[pipeline-trace] wall=23:29:43 elapsed=360.384s phase=train event=interaction_progress trial=14 partition=0 processed=2400 total=14000 metric=ce epoch=1/1
[pipeline-trace] wall=23:29:43 elapsed=359.042s phase=train event=interaction_progress trial=15 partition=0 processed=1200 total=14000 metric=ce epoch=1/1
[pipeline-trace] wall=23:29:43 elapsed=360.692s phase=train event=interaction_progress trial=14 partition=0 processed=2500 total=14000 metric=ce epoch=1/1
[pipeline-trace] wall=23:29:43 elapsed=359.287s phase=train event=interaction_progress trial=15 partition=0 processed=1300 total=14000 metric=ce epoch=1/1
[pipeline-trace] wall=23:29:43 elapsed=359.543s phase=train event=interaction_progress trial=15 partition=0 processed=1400 total=14000 metric=ce epoch=1/1
[pipeline-trace] wall=23:29:43 elapsed=361.000s phase=train event=interaction_progress trial=14 partition=0 processed=2600 total=14000 metric=ce epoch=1/1
[pipeline-trace] wall=23:29:43 elapsed=359.806s phase=train event=interaction_progress trial=15 partition=0 processed=1500 total=14000 metric=ce epoch=1/1
[pipeline-trace] wall=23:29:43 elapsed=361.303s phase=train event=interaction_progress trial=14 partition=0 processed=2700 total=14000 metric=ce epoch=1/1
[pipeline-trace] wall=23:29:44 elapsed=360.057s phase=train event=interaction_progress trial=15 partition=0 processed=1600 total=14000 metric=ce epoch=1/1
[pipeline-trace] wall=23:29:44 elapsed=361.583s phase=train event=interaction_progress trial=14 partition=0 processed=2800 total=14000 metric=ce epoch=1/1
[pipeline-trace] wall=23:29:44 elapsed=360.295s phase=train event=interaction_progress trial=15 partition=0 processed=1700 total=14000 metric=ce epoch=1/1
[pipeline-trace] wall=23:29:44 elapsed=361.856s phase=train event=interaction_progress trial=14 partition=0 processed=2900 total=14000 metric=ce epoch=1/1
[pipeline-trace] wall=23:29:44 elapsed=360.513s phase=train event=interaction_progress trial=15 partition=0 processed=1800 total=14000 metric=ce epoch=1/1
[pipeline-trace] wall=23:29:44 elapsed=362.167s phase=train event=interaction_progress trial=14 partition=0 processed=3000 total=14000 metric=ce epoch=1/1
[pipeline-trace] wall=23:29:44 elapsed=360.747s phase=train event=interaction_progress trial=15 partition=0 processed=1900 total=14000 metric=ce epoch=1/1
[pipeline-trace] wall=23:29:45 elapsed=361.022s phase=train event=interaction_progress trial=15 partition=0 processed=2000 total=14000 metric=ce epoch=1/1
[pipeline-trace] wall=23:29:45 elapsed=362.493s phase=train event=interaction_progress trial=14 partition=0 processed=3100 total=14000 metric=ce epoch=1/1
[pipeline-trace] wall=23:29:45 elapsed=361.269s phase=train event=interaction_progress trial=15 partition=0 processed=2100 total=14000 metric=ce epoch=1/1
[pipeline-trace] wall=23:29:45 elapsed=362.811s phase=train event=interaction_progress trial=14 partition=0 processed=3200 total=14000 metric=ce epoch=1/1
[pipeline-trace] wall=23:29:45 elapsed=361.549s phase=train event=interaction_progress trial=15 partition=0 processed=2200 total=14000 metric=ce epoch=1/1
[pipeline-trace] wall=23:29:45 elapsed=363.143s phase=train event=interaction_progress trial=14 partition=0 processed=3300 total=14000 metric=ce epoch=1/1
[pipeline-trace] wall=23:29:45 elapsed=361.863s phase=train event=interaction_progress trial=15 partition=0 processed=2300 total=14000 metric=ce epoch=1/1
[pipeline-trace] wall=23:29:46 elapsed=363.397s phase=train event=interaction_progress trial=14 partition=0 processed=3400 total=14000 metric=ce epoch=1/1
[pipeline-trace] wall=23:29:46 elapsed=362.122s phase=train event=interaction_progress trial=15 partition=0 processed=2400 total=14000 metric=ce epoch=1/1
[pipeline-trace] wall=23:29:46 elapsed=363.668s phase=train event=interaction_progress trial=14 partition=0 processed=3500 total=14000 metric=ce epoch=1/1
[pipeline-trace] wall=23:29:46 elapsed=362.352s phase=train event=interaction_progress trial=15 partition=0 processed=2500 total=14000 metric=ce epoch=1/1
[pipeline-trace] wall=23:29:46 elapsed=363.942s phase=train event=interaction_progress trial=14 partition=0 processed=3600 total=14000 metric=ce epoch=1/1
[pipeline-trace] wall=23:29:46 elapsed=362.601s phase=train event=interaction_progress trial=15 partition=0 processed=2600 total=14000 metric=ce epoch=1/1
[pipeline-trace] wall=23:29:46 elapsed=364.261s phase=train event=interaction_progress trial=14 partition=0 processed=3700 total=14000 metric=ce epoch=1/1
[pipeline-trace] wall=23:29:46 elapsed=362.848s phase=train event=interaction_progress trial=15 partition=0 processed=2700 total=14000 metric=ce epoch=1/1
[pipeline-trace] wall=23:29:47 elapsed=363.095s phase=train event=interaction_progress trial=15 partition=0 processed=2800 total=14000 metric=ce epoch=1/1
[pipeline-trace] wall=23:29:47 elapsed=364.558s phase=train event=interaction_progress trial=14 partition=0 processed=3800 total=14000 metric=ce epoch=1/1
[pipeline-trace] wall=23:29:47 elapsed=363.346s phase=train event=interaction_progress trial=15 partition=0 processed=2900 total=14000 metric=ce epoch=1/1
[pipeline-trace] wall=23:29:47 elapsed=364.850s phase=train event=interaction_progress trial=14 partition=0 processed=3900 total=14000 metric=ce epoch=1/1
[pipeline-trace] wall=23:29:47 elapsed=363.599s phase=train event=interaction_progress trial=15 partition=0 processed=3000 total=14000 metric=ce epoch=1/1
[pipeline-trace] wall=23:29:47 elapsed=365.181s phase=train event=interaction_progress trial=14 partition=0 processed=4000 total=14000 metric=ce epoch=1/1
[pipeline-trace] wall=23:29:47 elapsed=363.902s phase=train event=interaction_progress trial=15 partition=0 processed=3100 total=14000 metric=ce epoch=1/1
[pipeline-trace] wall=23:29:48 elapsed=365.447s phase=train event=interaction_progress trial=14 partition=0 processed=4100 total=14000 metric=ce epoch=1/1
[pipeline-trace] wall=23:29:48 elapsed=364.140s phase=train event=interaction_progress trial=15 partition=0 processed=3200 total=14000 metric=ce epoch=1/1
[pipeline-trace] wall=23:29:48 elapsed=365.713s phase=train event=interaction_progress trial=14 partition=0 processed=4200 total=14000 metric=ce epoch=1/1
[pipeline-trace] wall=23:29:48 elapsed=364.386s phase=train event=interaction_progress trial=15 partition=0 processed=3300 total=14000 metric=ce epoch=1/1
[pipeline-trace] wall=23:29:48 elapsed=366.001s phase=train event=interaction_progress trial=14 partition=0 processed=4300 total=14000 metric=ce epoch=1/1
[pipeline-trace] wall=23:29:48 elapsed=364.637s phase=train event=interaction_progress trial=15 partition=0 processed=3400 total=14000 metric=ce epoch=1/1
[pipeline-trace] wall=23:29:48 elapsed=366.302s phase=train event=interaction_progress trial=14 partition=0 processed=4400 total=14000 metric=ce epoch=1/1
[pipeline-trace] wall=23:29:48 elapsed=364.915s phase=train event=interaction_progress trial=15 partition=0 processed=3500 total=14000 metric=ce epoch=1/1
[pipeline-trace] wall=23:29:49 elapsed=365.171s phase=train event=interaction_progress trial=15 partition=0 processed=3600 total=14000 metric=ce epoch=1/1
[pipeline-trace] wall=23:29:49 elapsed=366.603s phase=train event=interaction_progress trial=14 partition=0 processed=4500 total=14000 metric=ce epoch=1/1
[pipeline-trace] wall=23:29:49 elapsed=365.424s phase=train event=interaction_progress trial=15 partition=0 processed=3700 total=14000 metric=ce epoch=1/1
[pipeline-trace] wall=23:29:49 elapsed=366.876s phase=train event=interaction_progress trial=14 partition=0 processed=4600 total=14000 metric=ce epoch=1/1
[pipeline-trace] wall=23:29:49 elapsed=365.676s phase=train event=interaction_progress trial=15 partition=0 processed=3800 total=14000 metric=ce epoch=1/1
[pipeline-trace] wall=23:29:49 elapsed=367.166s phase=train event=interaction_progress trial=14 partition=0 processed=4700 total=14000 metric=ce epoch=1/1
[pipeline-trace] wall=23:29:49 elapsed=365.935s phase=train event=interaction_progress trial=15 partition=0 processed=3900 total=14000 metric=ce epoch=1/1
[pipeline-trace] wall=23:29:50 elapsed=367.467s phase=train event=interaction_progress trial=14 partition=0 processed=4800 total=14000 metric=ce epoch=1/1
[pipeline-trace] wall=23:29:50 elapsed=366.206s phase=train event=interaction_progress trial=15 partition=0 processed=4000 total=14000 metric=ce epoch=1/1
[pipeline-trace] wall=23:29:50 elapsed=367.826s phase=train event=interaction_progress trial=14 partition=0 processed=4900 total=14000 metric=ce epoch=1/1
[pipeline-trace] wall=23:29:50 elapsed=366.462s phase=train event=interaction_progress trial=15 partition=0 processed=4100 total=14000 metric=ce epoch=1/1
[pipeline-trace] wall=23:29:50 elapsed=368.129s phase=train event=interaction_progress trial=14 partition=0 processed=5000 total=14000 metric=ce epoch=1/1
[pipeline-trace] wall=23:29:50 elapsed=366.715s phase=train event=interaction_progress trial=15 partition=0 processed=4200 total=14000 metric=ce epoch=1/1
[pipeline-trace] wall=23:29:51 elapsed=366.975s phase=train event=interaction_progress trial=15 partition=0 processed=4300 total=14000 metric=ce epoch=1/1
[pipeline-trace] wall=23:29:51 elapsed=368.422s phase=train event=interaction_progress trial=14 partition=0 processed=5100 total=14000 metric=ce epoch=1/1
[pipeline-trace] wall=23:29:51 elapsed=367.249s phase=train event=interaction_progress trial=15 partition=0 processed=4400 total=14000 metric=ce epoch=1/1
[pipeline-trace] wall=23:29:51 elapsed=368.710s phase=train event=interaction_progress trial=14 partition=0 processed=5200 total=14000 metric=ce epoch=1/1
[pipeline-trace] wall=23:29:51 elapsed=367.529s phase=train event=interaction_progress trial=15 partition=0 processed=4500 total=14000 metric=ce epoch=1/1
[pipeline-trace] wall=23:29:51 elapsed=369.005s phase=train event=interaction_progress trial=14 partition=0 processed=5300 total=14000 metric=ce epoch=1/1
[pipeline-trace] wall=23:29:51 elapsed=367.778s phase=train event=interaction_progress trial=15 partition=0 processed=4600 total=14000 metric=ce epoch=1/1
[pipeline-trace] wall=23:29:51 elapsed=369.310s phase=train event=interaction_progress trial=14 partition=0 processed=5400 total=14000 metric=ce epoch=1/1
[pipeline-trace] wall=23:29:52 elapsed=368.037s phase=train event=interaction_progress trial=15 partition=0 processed=4700 total=14000 metric=ce epoch=1/1
[pipeline-trace] wall=23:29:52 elapsed=369.612s phase=train event=interaction_progress trial=14 partition=0 processed=5500 total=14000 metric=ce epoch=1/1
[pipeline-trace] wall=23:29:52 elapsed=368.304s phase=train event=interaction_progress trial=15 partition=0 processed=4800 total=14000 metric=ce epoch=1/1
[pipeline-trace] wall=23:29:52 elapsed=369.925s phase=train event=interaction_progress trial=14 partition=0 processed=5600 total=14000 metric=ce epoch=1/1
[pipeline-trace] wall=23:29:52 elapsed=368.552s phase=train event=interaction_progress trial=15 partition=0 processed=4900 total=14000 metric=ce epoch=1/1
[pipeline-trace] wall=23:29:52 elapsed=370.227s phase=train event=interaction_progress trial=14 partition=0 processed=5700 total=14000 metric=ce epoch=1/1
[pipeline-trace] wall=23:29:52 elapsed=368.842s phase=train event=interaction_progress trial=15 partition=0 processed=5000 total=14000 metric=ce epoch=1/1
[pipeline-trace] wall=23:29:53 elapsed=369.092s phase=train event=interaction_progress trial=15 partition=0 processed=5100 total=14000 metric=ce epoch=1/1
[pipeline-trace] wall=23:29:53 elapsed=370.532s phase=train event=interaction_progress trial=14 partition=0 processed=5800 total=14000 metric=ce epoch=1/1
[pipeline-trace] wall=23:29:53 elapsed=369.334s phase=train event=interaction_progress trial=15 partition=0 processed=5200 total=14000 metric=ce epoch=1/1
[pipeline-trace] wall=23:29:53 elapsed=370.836s phase=train event=interaction_progress trial=14 partition=0 processed=5900 total=14000 metric=ce epoch=1/1
[pipeline-trace] wall=23:29:53 elapsed=369.588s phase=train event=interaction_progress trial=15 partition=0 processed=5300 total=14000 metric=ce epoch=1/1
[pipeline-trace] wall=23:29:53 elapsed=371.138s phase=train event=interaction_progress trial=14 partition=0 processed=6000 total=14000 metric=ce epoch=1/1
[pipeline-trace] wall=23:29:53 elapsed=369.850s phase=train event=interaction_progress trial=15 partition=0 processed=5400 total=14000 metric=ce epoch=1/1
[pipeline-trace] wall=23:29:54 elapsed=371.433s phase=train event=interaction_progress trial=14 partition=0 processed=6100 total=14000 metric=ce epoch=1/1
[pipeline-trace] wall=23:29:54 elapsed=370.074s phase=train event=interaction_progress trial=15 partition=0 processed=5500 total=14000 metric=ce epoch=1/1
[pipeline-trace] wall=23:29:54 elapsed=371.699s phase=train event=interaction_progress trial=14 partition=0 processed=6200 total=14000 metric=ce epoch=1/1
[pipeline-trace] wall=23:29:54 elapsed=370.296s phase=train event=interaction_progress trial=15 partition=0 processed=5600 total=14000 metric=ce epoch=1/1
[pipeline-trace] wall=23:29:54 elapsed=370.511s phase=train event=interaction_progress trial=15 partition=0 processed=5700 total=14000 metric=ce epoch=1/1
[pipeline-trace] wall=23:29:54 elapsed=371.988s phase=train event=interaction_progress trial=14 partition=0 processed=6300 total=14000 metric=ce epoch=1/1
[pipeline-trace] wall=23:29:54 elapsed=370.759s phase=train event=interaction_progress trial=15 partition=0 processed=5800 total=14000 metric=ce epoch=1/1
[pipeline-trace] wall=23:29:54 elapsed=372.284s phase=train event=interaction_progress trial=14 partition=0 processed=6400 total=14000 metric=ce epoch=1/1
[pipeline-trace] wall=23:29:55 elapsed=371.018s phase=train event=interaction_progress trial=15 partition=0 processed=5900 total=14000 metric=ce epoch=1/1
[pipeline-trace] wall=23:29:55 elapsed=372.575s phase=train event=interaction_progress trial=14 partition=0 processed=6500 total=14000 metric=ce epoch=1/1
[pipeline-trace] wall=23:29:55 elapsed=371.257s phase=train event=interaction_progress trial=15 partition=0 processed=6000 total=14000 metric=ce epoch=1/1
[pipeline-trace] wall=23:29:55 elapsed=372.928s phase=train event=interaction_progress trial=14 partition=0 processed=6600 total=14000 metric=ce epoch=1/1
[pipeline-trace] wall=23:29:55 elapsed=371.591s phase=train event=interaction_progress trial=15 partition=0 processed=6100 total=14000 metric=ce epoch=1/1
[pipeline-trace] wall=23:29:55 elapsed=373.228s phase=train event=interaction_progress trial=14 partition=0 processed=6700 total=14000 metric=ce epoch=1/1
[pipeline-trace] wall=23:29:55 elapsed=371.860s phase=train event=interaction_progress trial=15 partition=0 processed=6200 total=14000 metric=ce epoch=1/1
[pipeline-trace] wall=23:29:56 elapsed=373.536s phase=train event=interaction_progress trial=14 partition=0 processed=6800 total=14000 metric=ce epoch=1/1
[pipeline-trace] wall=23:29:56 elapsed=372.120s phase=train event=interaction_progress trial=15 partition=0 processed=6300 total=14000 metric=ce epoch=1/1
[pipeline-trace] wall=23:29:56 elapsed=372.365s phase=train event=interaction_progress trial=15 partition=0 processed=6400 total=14000 metric=ce epoch=1/1
[pipeline-trace] wall=23:29:56 elapsed=373.846s phase=train event=interaction_progress trial=14 partition=0 processed=6900 total=14000 metric=ce epoch=1/1
[pipeline-trace] wall=23:29:56 elapsed=372.599s phase=train event=interaction_progress trial=15 partition=0 processed=6500 total=14000 metric=ce epoch=1/1
[pipeline-trace] wall=23:29:56 elapsed=374.153s phase=train event=interaction_progress trial=14 partition=0 processed=7000 total=14000 metric=ce epoch=1/1
[pipeline-trace] wall=23:29:56 elapsed=372.846s phase=train event=interaction_progress trial=15 partition=0 processed=6600 total=14000 metric=ce epoch=1/1
[pipeline-trace] wall=23:29:57 elapsed=374.413s phase=train event=interaction_progress trial=14 partition=0 processed=7100 total=14000 metric=ce epoch=1/1
[pipeline-trace] wall=23:29:57 elapsed=373.107s phase=train event=interaction_progress trial=15 partition=0 processed=6700 total=14000 metric=ce epoch=1/1
[pipeline-trace] wall=23:29:57 elapsed=374.708s phase=train event=interaction_progress trial=14 partition=0 processed=7200 total=14000 metric=ce epoch=1/1
[pipeline-trace] wall=23:29:57 elapsed=373.369s phase=train event=interaction_progress trial=15 partition=0 processed=6800 total=14000 metric=ce epoch=1/1
[pipeline-trace] wall=23:29:57 elapsed=375.008s phase=train event=interaction_progress trial=14 partition=0 processed=7300 total=14000 metric=ce epoch=1/1
[pipeline-trace] wall=23:29:57 elapsed=373.637s phase=train event=interaction_progress trial=15 partition=0 processed=6900 total=14000 metric=ce epoch=1/1
[pipeline-trace] wall=23:29:57 elapsed=375.277s phase=train event=interaction_progress trial=14 partition=0 processed=7400 total=14000 metric=ce epoch=1/1
[pipeline-trace] wall=23:29:57 elapsed=373.897s phase=train event=interaction_progress trial=15 partition=0 processed=7000 total=14000 metric=ce epoch=1/1
[pipeline-trace] wall=23:29:58 elapsed=375.561s phase=train event=interaction_progress trial=14 partition=0 processed=7500 total=14000 metric=ce epoch=1/1
[pipeline-trace] wall=23:29:58 elapsed=374.143s phase=train event=interaction_progress trial=15 partition=0 processed=7100 total=14000 metric=ce epoch=1/1
[pipeline-trace] wall=23:29:58 elapsed=374.411s phase=train event=interaction_progress trial=15 partition=0 processed=7200 total=14000 metric=ce epoch=1/1
[pipeline-trace] wall=23:29:58 elapsed=375.897s phase=train event=interaction_progress trial=14 partition=0 processed=7600 total=14000 metric=ce epoch=1/1
[pipeline-trace] wall=23:29:58 elapsed=374.669s phase=train event=interaction_progress trial=15 partition=0 processed=7300 total=14000 metric=ce epoch=1/1
[pipeline-trace] wall=23:29:58 elapsed=376.217s phase=train event=interaction_progress trial=14 partition=0 processed=7700 total=14000 metric=ce epoch=1/1
[pipeline-trace] wall=23:29:58 elapsed=374.920s phase=train event=interaction_progress trial=15 partition=0 processed=7400 total=14000 metric=ce epoch=1/1
[pipeline-trace] wall=23:29:59 elapsed=376.521s phase=train event=interaction_progress trial=14 partition=0 processed=7800 total=14000 metric=ce epoch=1/1
[pipeline-trace] wall=23:29:59 elapsed=375.180s phase=train event=interaction_progress trial=15 partition=0 processed=7500 total=14000 metric=ce epoch=1/1
[pipeline-trace] wall=23:29:59 elapsed=376.833s phase=train event=interaction_progress trial=14 partition=0 processed=7900 total=14000 metric=ce epoch=1/1
[pipeline-trace] wall=23:29:59 elapsed=375.460s phase=train event=interaction_progress trial=15 partition=0 processed=7600 total=14000 metric=ce epoch=1/1
[pipeline-trace] wall=23:29:59 elapsed=377.129s phase=train event=interaction_progress trial=14 partition=0 processed=8000 total=14000 metric=ce epoch=1/1
[pipeline-trace] wall=23:29:59 elapsed=375.712s phase=train event=interaction_progress trial=15 partition=0 processed=7700 total=14000 metric=ce epoch=1/1
[pipeline-trace] wall=23:30:00 elapsed=375.973s phase=train event=interaction_progress trial=15 partition=0 processed=7800 total=14000 metric=ce epoch=1/1
[pipeline-trace] wall=23:30:00 elapsed=377.480s phase=train event=interaction_progress trial=14 partition=0 processed=8100 total=14000 metric=ce epoch=1/1
[pipeline-trace] wall=23:30:00 elapsed=376.256s phase=train event=interaction_progress trial=15 partition=0 processed=7900 total=14000 metric=ce epoch=1/1
[pipeline-trace] wall=23:30:00 elapsed=377.797s phase=train event=interaction_progress trial=14 partition=0 processed=8200 total=14000 metric=ce epoch=1/1
[pipeline-trace] wall=23:30:00 elapsed=376.514s phase=train event=interaction_progress trial=15 partition=0 processed=8000 total=14000 metric=ce epoch=1/1
[pipeline-trace] wall=23:30:00 elapsed=378.093s phase=train event=interaction_progress trial=14 partition=0 processed=8300 total=14000 metric=ce epoch=1/1
[pipeline-trace] wall=23:30:00 elapsed=376.769s phase=train event=interaction_progress trial=15 partition=0 processed=8100 total=14000 metric=ce epoch=1/1
[pipeline-trace] wall=23:30:01 elapsed=378.397s phase=train event=interaction_progress trial=14 partition=0 processed=8400 total=14000 metric=ce epoch=1/1
[pipeline-trace] wall=23:30:01 elapsed=377.033s phase=train event=interaction_progress trial=15 partition=0 processed=8200 total=14000 metric=ce epoch=1/1
[pipeline-trace] wall=23:30:01 elapsed=377.248s phase=train event=interaction_progress trial=15 partition=0 processed=8300 total=14000 metric=ce epoch=1/1
[pipeline-trace] wall=23:30:01 elapsed=378.680s phase=train event=interaction_progress trial=14 partition=0 processed=8500 total=14000 metric=ce epoch=1/1
[pipeline-trace] wall=23:30:01 elapsed=377.515s phase=train event=interaction_progress trial=15 partition=0 processed=8400 total=14000 metric=ce epoch=1/1
[pipeline-trace] wall=23:30:01 elapsed=378.974s phase=train event=interaction_progress trial=14 partition=0 processed=8600 total=14000 metric=ce epoch=1/1
[pipeline-trace] wall=23:30:01 elapsed=377.763s phase=train event=interaction_progress trial=15 partition=0 processed=8500 total=14000 metric=ce epoch=1/1
[pipeline-trace] wall=23:30:01 elapsed=379.258s phase=train event=interaction_progress trial=14 partition=0 processed=8700 total=14000 metric=ce epoch=1/1
[pipeline-trace] wall=23:30:02 elapsed=378.018s phase=train event=interaction_progress trial=15 partition=0 processed=8600 total=14000 metric=ce epoch=1/1
[pipeline-trace] wall=23:30:02 elapsed=379.550s phase=train event=interaction_progress trial=14 partition=0 processed=8800 total=14000 metric=ce epoch=1/1
[pipeline-trace] wall=23:30:02 elapsed=378.264s phase=train event=interaction_progress trial=15 partition=0 processed=8700 total=14000 metric=ce epoch=1/1
[pipeline-trace] wall=23:30:02 elapsed=379.820s phase=train event=interaction_progress trial=14 partition=0 processed=8900 total=14000 metric=ce epoch=1/1
[pipeline-trace] wall=23:30:02 elapsed=378.525s phase=train event=interaction_progress trial=15 partition=0 processed=8800 total=14000 metric=ce epoch=1/1
[pipeline-trace] wall=23:30:02 elapsed=380.114s phase=train event=interaction_progress trial=14 partition=0 processed=9000 total=14000 metric=ce epoch=1/1
[pipeline-trace] wall=23:30:02 elapsed=378.826s phase=train event=interaction_progress trial=15 partition=0 processed=8900 total=14000 metric=ce epoch=1/1
[pipeline-trace] wall=23:30:03 elapsed=380.456s phase=train event=interaction_progress trial=14 partition=0 processed=9100 total=14000 metric=ce epoch=1/1
[pipeline-trace] wall=23:30:03 elapsed=379.098s phase=train event=interaction_progress trial=15 partition=0 processed=9000 total=14000 metric=ce epoch=1/1
[pipeline-trace] wall=23:30:03 elapsed=380.811s phase=train event=interaction_progress trial=14 partition=0 processed=9200 total=14000 metric=ce epoch=1/1
[pipeline-trace] wall=23:30:03 elapsed=379.388s phase=train event=interaction_progress trial=15 partition=0 processed=9100 total=14000 metric=ce epoch=1/1
[pipeline-trace] wall=23:30:03 elapsed=379.702s phase=train event=interaction_progress trial=15 partition=0 processed=9200 total=14000 metric=ce epoch=1/1
[pipeline-trace] wall=23:30:03 elapsed=381.174s phase=train event=interaction_progress trial=14 partition=0 processed=9300 total=14000 metric=ce epoch=1/1
[pipeline-trace] wall=23:30:04 elapsed=379.958s phase=train event=interaction_progress trial=15 partition=0 processed=9300 total=14000 metric=ce epoch=1/1
[pipeline-trace] wall=23:30:04 elapsed=381.495s phase=train event=interaction_progress trial=14 partition=0 processed=9400 total=14000 metric=ce epoch=1/1
[pipeline-trace] wall=23:30:04 elapsed=380.225s phase=train event=interaction_progress trial=15 partition=0 processed=9400 total=14000 metric=ce epoch=1/1
[pipeline-trace] wall=23:30:04 elapsed=381.806s phase=train event=interaction_progress trial=14 partition=0 processed=9500 total=14000 metric=ce epoch=1/1
[pipeline-trace] wall=23:30:04 elapsed=380.442s phase=train event=interaction_progress trial=15 partition=0 processed=9500 total=14000 metric=ce epoch=1/1
[pipeline-trace] wall=23:30:04 elapsed=380.660s phase=train event=interaction_progress trial=15 partition=0 processed=9600 total=14000 metric=ce epoch=1/1
[pipeline-trace] wall=23:30:04 elapsed=382.128s phase=train event=interaction_progress trial=14 partition=0 processed=9600 total=14000 metric=ce epoch=1/1
[pipeline-trace] wall=23:30:04 elapsed=380.887s phase=train event=interaction_progress trial=15 partition=0 processed=9700 total=14000 metric=ce epoch=1/1
[pipeline-trace] wall=23:30:05 elapsed=382.476s phase=train event=interaction_progress trial=14 partition=0 processed=9700 total=14000 metric=ce epoch=1/1
[pipeline-trace] wall=23:30:05 elapsed=381.101s phase=train event=interaction_progress trial=15 partition=0 processed=9800 total=14000 metric=ce epoch=1/1
[pipeline-trace] wall=23:30:05 elapsed=381.317s phase=train event=interaction_progress trial=15 partition=0 processed=9900 total=14000 metric=ce epoch=1/1
[pipeline-trace] wall=23:30:05 elapsed=382.778s phase=train event=interaction_progress trial=14 partition=0 processed=9800 total=14000 metric=ce epoch=1/1
[pipeline-trace] wall=23:30:05 elapsed=381.554s phase=train event=interaction_progress trial=15 partition=0 processed=10000 total=14000 metric=ce epoch=1/1
[pipeline-trace] wall=23:30:05 elapsed=383.085s phase=train event=interaction_progress trial=14 partition=0 processed=9900 total=14000 metric=ce epoch=1/1
[pipeline-trace] wall=23:30:05 elapsed=381.815s phase=train event=interaction_progress trial=15 partition=0 processed=10100 total=14000 metric=ce epoch=1/1
[pipeline-trace] wall=23:30:05 elapsed=383.355s phase=train event=interaction_progress trial=14 partition=0 processed=10000 total=14000 metric=ce epoch=1/1
[pipeline-trace] wall=23:30:06 elapsed=382.062s phase=train event=interaction_progress trial=15 partition=0 processed=10200 total=14000 metric=ce epoch=1/1
[pipeline-trace] wall=23:30:06 elapsed=383.644s phase=train event=interaction_progress trial=14 partition=0 processed=10100 total=14000 metric=ce epoch=1/1
[pipeline-trace] wall=23:30:06 elapsed=382.335s phase=train event=interaction_progress trial=15 partition=0 processed=10300 total=14000 metric=ce epoch=1/1
[pipeline-trace] wall=23:30:06 elapsed=383.910s phase=train event=interaction_progress trial=14 partition=0 processed=10200 total=14000 metric=ce epoch=1/1
[pipeline-trace] wall=23:30:06 elapsed=382.597s phase=train event=interaction_progress trial=15 partition=0 processed=10400 total=14000 metric=ce epoch=1/1
[pipeline-trace] wall=23:30:06 elapsed=384.196s phase=train event=interaction_progress trial=14 partition=0 processed=10300 total=14000 metric=ce epoch=1/1
[pipeline-trace] wall=23:30:06 elapsed=382.855s phase=train event=interaction_progress trial=15 partition=0 processed=10500 total=14000 metric=ce epoch=1/1
[pipeline-trace] wall=23:30:07 elapsed=384.474s phase=train event=interaction_progress trial=14 partition=0 processed=10400 total=14000 metric=ce epoch=1/1
[pipeline-trace] wall=23:30:07 elapsed=383.111s phase=train event=interaction_progress trial=15 partition=0 processed=10600 total=14000 metric=ce epoch=1/1
[pipeline-trace] wall=23:30:07 elapsed=384.765s phase=train event=interaction_progress trial=14 partition=0 processed=10500 total=14000 metric=ce epoch=1/1
[pipeline-trace] wall=23:30:07 elapsed=383.364s phase=train event=interaction_progress trial=15 partition=0 processed=10700 total=14000 metric=ce epoch=1/1
[pipeline-trace] wall=23:30:07 elapsed=383.621s phase=train event=interaction_progress trial=15 partition=0 processed=10800 total=14000 metric=ce epoch=1/1
[pipeline-trace] wall=23:30:07 elapsed=385.074s phase=train event=interaction_progress trial=14 partition=0 processed=10600 total=14000 metric=ce epoch=1/1
[pipeline-trace] wall=23:30:07 elapsed=383.878s phase=train event=interaction_progress trial=15 partition=0 processed=10900 total=14000 metric=ce epoch=1/1
[pipeline-trace] wall=23:30:08 elapsed=385.392s phase=train event=interaction_progress trial=14 partition=0 processed=10700 total=14000 metric=ce epoch=1/1
[pipeline-trace] wall=23:30:08 elapsed=384.115s phase=train event=interaction_progress trial=15 partition=0 processed=11000 total=14000 metric=ce epoch=1/1
[pipeline-trace] wall=23:30:08 elapsed=385.687s phase=train event=interaction_progress trial=14 partition=0 processed=10800 total=14000 metric=ce epoch=1/1
[pipeline-trace] wall=23:30:08 elapsed=384.346s phase=train event=interaction_progress trial=15 partition=0 processed=11100 total=14000 metric=ce epoch=1/1
[pipeline-trace] wall=23:30:08 elapsed=384.577s phase=train event=interaction_progress trial=15 partition=0 processed=11200 total=14000 metric=ce epoch=1/1
[pipeline-trace] wall=23:30:08 elapsed=386.007s phase=train event=interaction_progress trial=14 partition=0 processed=10900 total=14000 metric=ce epoch=1/1
[pipeline-trace] wall=23:30:08 elapsed=384.813s phase=train event=interaction_progress trial=15 partition=0 processed=11300 total=14000 metric=ce epoch=1/1
[pipeline-trace] wall=23:30:08 elapsed=386.304s phase=train event=interaction_progress trial=14 partition=0 processed=11000 total=14000 metric=ce epoch=1/1
[pipeline-trace] wall=23:30:09 elapsed=385.070s phase=train event=interaction_progress trial=15 partition=0 processed=11400 total=14000 metric=ce epoch=1/1
[pipeline-trace] wall=23:30:09 elapsed=386.587s phase=train event=interaction_progress trial=14 partition=0 processed=11100 total=14000 metric=ce epoch=1/1
[pipeline-trace] wall=23:30:09 elapsed=385.316s phase=train event=interaction_progress trial=15 partition=0 processed=11500 total=14000 metric=ce epoch=1/1
[pipeline-trace] wall=23:30:09 elapsed=386.907s phase=train event=interaction_progress trial=14 partition=0 processed=11200 total=14000 metric=ce epoch=1/1
[pipeline-trace] wall=23:30:09 elapsed=385.579s phase=train event=interaction_progress trial=15 partition=0 processed=11600 total=14000 metric=ce epoch=1/1
[pipeline-trace] wall=23:30:09 elapsed=387.187s phase=train event=interaction_progress trial=14 partition=0 processed=11300 total=14000 metric=ce epoch=1/1
[pipeline-trace] wall=23:30:09 elapsed=385.840s phase=train event=interaction_progress trial=15 partition=0 processed=11700 total=14000 metric=ce epoch=1/1
[pipeline-trace] wall=23:30:10 elapsed=387.495s phase=train event=interaction_progress trial=14 partition=0 processed=11400 total=14000 metric=ce epoch=1/1
[pipeline-trace] wall=23:30:10 elapsed=386.103s phase=train event=interaction_progress trial=15 partition=0 processed=11800 total=14000 metric=ce epoch=1/1
[pipeline-trace] wall=23:30:10 elapsed=387.775s phase=train event=interaction_progress trial=14 partition=0 processed=11500 total=14000 metric=ce epoch=1/1
[pipeline-trace] wall=23:30:10 elapsed=386.370s phase=train event=interaction_progress trial=15 partition=0 processed=11900 total=14000 metric=ce epoch=1/1
[pipeline-trace] wall=23:30:10 elapsed=388.059s phase=train event=interaction_progress trial=14 partition=0 processed=11600 total=14000 metric=ce epoch=1/1
[pipeline-trace] wall=23:30:10 elapsed=386.656s phase=train event=interaction_progress trial=15 partition=0 processed=12000 total=14000 metric=ce epoch=1/1
[pipeline-trace] wall=23:30:10 elapsed=386.902s phase=train event=interaction_progress trial=15 partition=0 processed=12100 total=14000 metric=ce epoch=1/1
[pipeline-trace] wall=23:30:10 elapsed=388.352s phase=train event=interaction_progress trial=14 partition=0 processed=11700 total=14000 metric=ce epoch=1/1
[pipeline-trace] wall=23:30:11 elapsed=387.157s phase=train event=interaction_progress trial=15 partition=0 processed=12200 total=14000 metric=ce epoch=1/1
[pipeline-trace] wall=23:30:11 elapsed=388.631s phase=train event=interaction_progress trial=14 partition=0 processed=11800 total=14000 metric=ce epoch=1/1
[pipeline-trace] wall=23:30:11 elapsed=387.420s phase=train event=interaction_progress trial=15 partition=0 processed=12300 total=14000 metric=ce epoch=1/1
[pipeline-trace] wall=23:30:11 elapsed=388.951s phase=train event=interaction_progress trial=14 partition=0 processed=11900 total=14000 metric=ce epoch=1/1
[pipeline-trace] wall=23:30:11 elapsed=387.648s phase=train event=interaction_progress trial=15 partition=0 processed=12400 total=14000 metric=ce epoch=1/1
[pipeline-trace] wall=23:30:11 elapsed=389.275s phase=train event=interaction_progress trial=14 partition=0 processed=12000 total=14000 metric=ce epoch=1/1
[pipeline-trace] wall=23:30:11 elapsed=387.879s phase=train event=interaction_progress trial=15 partition=0 processed=12500 total=14000 metric=ce epoch=1/1
[pipeline-trace] wall=23:30:12 elapsed=389.558s phase=train event=interaction_progress trial=14 partition=0 processed=12100 total=14000 metric=ce epoch=1/1
[pipeline-trace] wall=23:30:12 elapsed=388.130s phase=train event=interaction_progress trial=15 partition=0 processed=12600 total=14000 metric=ce epoch=1/1
[pipeline-trace] wall=23:30:12 elapsed=388.361s phase=train event=interaction_progress trial=15 partition=0 processed=12700 total=14000 metric=ce epoch=1/1
[pipeline-trace] wall=23:30:12 elapsed=389.837s phase=train event=interaction_progress trial=14 partition=0 processed=12200 total=14000 metric=ce epoch=1/1
[pipeline-trace] wall=23:30:12 elapsed=388.593s phase=train event=interaction_progress trial=15 partition=0 processed=12800 total=14000 metric=ce epoch=1/1
[pipeline-trace] wall=23:30:12 elapsed=390.155s phase=train event=interaction_progress trial=14 partition=0 processed=12300 total=14000 metric=ce epoch=1/1
[pipeline-trace] wall=23:30:12 elapsed=388.845s phase=train event=interaction_progress trial=15 partition=0 processed=12900 total=14000 metric=ce epoch=1/1
[pipeline-trace] wall=23:30:13 elapsed=390.492s phase=train event=interaction_progress trial=14 partition=0 processed=12400 total=14000 metric=ce epoch=1/1
[pipeline-trace] wall=23:30:13 elapsed=389.132s phase=train event=interaction_progress trial=15 partition=0 processed=13000 total=14000 metric=ce epoch=1/1
[pipeline-trace] wall=23:30:13 elapsed=389.364s phase=train event=interaction_progress trial=15 partition=0 processed=13100 total=14000 metric=ce epoch=1/1
[pipeline-trace] wall=23:30:13 elapsed=390.840s phase=train event=interaction_progress trial=14 partition=0 processed=12500 total=14000 metric=ce epoch=1/1
[pipeline-trace] wall=23:30:13 elapsed=389.593s phase=train event=interaction_progress trial=15 partition=0 processed=13200 total=14000 metric=ce epoch=1/1
[pipeline-trace] wall=23:30:13 elapsed=391.189s phase=train event=interaction_progress trial=14 partition=0 processed=12600 total=14000 metric=ce epoch=1/1
[pipeline-trace] wall=23:30:13 elapsed=389.846s phase=train event=interaction_progress trial=15 partition=0 processed=13300 total=14000 metric=ce epoch=1/1
[pipeline-trace] wall=23:30:14 elapsed=391.509s phase=train event=interaction_progress trial=14 partition=0 processed=12700 total=14000 metric=ce epoch=1/1
[pipeline-trace] wall=23:30:14 elapsed=390.122s phase=train event=interaction_progress trial=15 partition=0 processed=13400 total=14000 metric=ce epoch=1/1
[pipeline-trace] wall=23:30:14 elapsed=391.839s phase=train event=interaction_progress trial=14 partition=0 processed=12800 total=14000 metric=ce epoch=1/1
[pipeline-trace] wall=23:30:14 elapsed=390.419s phase=train event=interaction_progress trial=15 partition=0 processed=13500 total=14000 metric=ce epoch=1/1
[pipeline-trace] wall=23:30:14 elapsed=390.710s phase=train event=interaction_progress trial=15 partition=0 processed=13600 total=14000 metric=ce epoch=1/1
[pipeline-trace] wall=23:30:14 elapsed=392.177s phase=train event=interaction_progress trial=14 partition=0 processed=12900 total=14000 metric=ce epoch=1/1
[pipeline-trace] wall=23:30:15 elapsed=390.984s phase=train event=interaction_progress trial=15 partition=0 processed=13700 total=14000 metric=ce epoch=1/1
[pipeline-trace] wall=23:30:15 elapsed=392.467s phase=train event=interaction_progress trial=14 partition=0 processed=13000 total=14000 metric=ce epoch=1/1
[pipeline-trace] wall=23:30:15 elapsed=391.275s phase=train event=interaction_progress trial=15 partition=0 processed=13800 total=14000 metric=ce epoch=1/1
[pipeline-trace] wall=23:30:15 elapsed=392.817s phase=train event=interaction_progress trial=14 partition=0 processed=13100 total=14000 metric=ce epoch=1/1
[pipeline-trace] wall=23:30:15 elapsed=391.573s phase=train event=interaction_progress trial=15 partition=0 processed=13900 total=14000 metric=ce epoch=1/1
[pipeline-trace] wall=23:30:15 elapsed=393.067s phase=train event=interaction_progress trial=14 partition=0 processed=13200 total=14000 metric=ce epoch=1/1
[pipeline-trace] wall=23:30:15 elapsed=391.830s phase=train event=interaction_progress trial=15 partition=0 processed=14000 total=14000 metric=ce epoch=1/1
[pipeline-trace] wall=23:30:15 elapsed=393.320s phase=train event=interaction_progress trial=14 partition=0 processed=13300 total=14000 metric=ce epoch=1/1
[pipeline-trace] wall=23:30:15 elapsed=391.936s phase=eval event=batch_start trial=15 partitions=[1] synthetic=False
[pipeline-trace] wall=23:30:15 elapsed=391.937s phase=eval event=partition_start trial=15 partition=1 interactions=1999
[pipeline-trace] wall=23:30:16 elapsed=391.937s phase=eval event=interaction_progress trial=15 partition=1 processed=1 total=1999 metric=ranking
[pipeline-trace] wall=23:30:16 elapsed=392.090s phase=eval event=interaction_progress trial=15 partition=1 processed=100 total=1999 metric=ranking
[pipeline-trace] wall=23:30:16 elapsed=393.619s phase=train event=interaction_progress trial=14 partition=0 processed=13400 total=14000 metric=ce epoch=1/1
[pipeline-trace] wall=23:30:16 elapsed=392.242s phase=eval event=interaction_progress trial=15 partition=1 processed=200 total=1999 metric=ranking
[pipeline-trace] wall=23:30:16 elapsed=392.394s phase=eval event=interaction_progress trial=15 partition=1 processed=300 total=1999 metric=ranking
[pipeline-trace] wall=23:30:16 elapsed=393.932s phase=train event=interaction_progress trial=14 partition=0 processed=13500 total=14000 metric=ce epoch=1/1
[pipeline-trace] wall=23:30:16 elapsed=392.546s phase=eval event=interaction_progress trial=15 partition=1 processed=400 total=1999 metric=ranking
[pipeline-trace] wall=23:30:16 elapsed=392.698s phase=eval event=interaction_progress trial=15 partition=1 processed=500 total=1999 metric=ranking
[pipeline-trace] wall=23:30:16 elapsed=394.245s phase=train event=interaction_progress trial=14 partition=0 processed=13600 total=14000 metric=ce epoch=1/1
[pipeline-trace] wall=23:30:16 elapsed=392.852s phase=eval event=interaction_progress trial=15 partition=1 processed=600 total=1999 metric=ranking
[pipeline-trace] wall=23:30:17 elapsed=393.004s phase=eval event=interaction_progress trial=15 partition=1 processed=700 total=1999 metric=ranking
[pipeline-trace] wall=23:30:17 elapsed=394.527s phase=train event=interaction_progress trial=14 partition=0 processed=13700 total=14000 metric=ce epoch=1/1
[pipeline-trace] wall=23:30:17 elapsed=393.157s phase=eval event=interaction_progress trial=15 partition=1 processed=800 total=1999 metric=ranking
[pipeline-trace] wall=23:30:17 elapsed=393.308s phase=eval event=interaction_progress trial=15 partition=1 processed=900 total=1999 metric=ranking
[pipeline-trace] wall=23:30:17 elapsed=394.830s phase=train event=interaction_progress trial=14 partition=0 processed=13800 total=14000 metric=ce epoch=1/1
[pipeline-trace] wall=23:30:17 elapsed=393.458s phase=eval event=interaction_progress trial=15 partition=1 processed=1000 total=1999 metric=ranking
[pipeline-trace] wall=23:30:17 elapsed=393.608s phase=eval event=interaction_progress trial=15 partition=1 processed=1100 total=1999 metric=ranking
[pipeline-trace] wall=23:30:17 elapsed=395.124s phase=train event=interaction_progress trial=14 partition=0 processed=13900 total=14000 metric=ce epoch=1/1
[pipeline-trace] wall=23:30:17 elapsed=393.758s phase=eval event=interaction_progress trial=15 partition=1 processed=1200 total=1999 metric=ranking
[pipeline-trace] wall=23:30:17 elapsed=393.909s phase=eval event=interaction_progress trial=15 partition=1 processed=1300 total=1999 metric=ranking
[pipeline-trace] wall=23:30:18 elapsed=395.427s phase=train event=interaction_progress trial=14 partition=0 processed=14000 total=14000 metric=ce epoch=1/1
[pipeline-trace] wall=23:30:18 elapsed=394.059s phase=eval event=interaction_progress trial=15 partition=1 processed=1400 total=1999 metric=ranking
[pipeline-trace] wall=23:30:18 elapsed=395.521s phase=eval event=batch_start trial=14 partitions=[1] synthetic=False
[pipeline-trace] wall=23:30:18 elapsed=395.521s phase=eval event=partition_start trial=14 partition=1 interactions=1999
[pipeline-trace] wall=23:30:18 elapsed=395.521s phase=eval event=interaction_progress trial=14 partition=1 processed=1 total=1999 metric=ranking
[pipeline-trace] wall=23:30:18 elapsed=394.210s phase=eval event=interaction_progress trial=15 partition=1 processed=1500 total=1999 metric=ranking
[pipeline-trace] wall=23:30:18 elapsed=395.668s phase=eval event=interaction_progress trial=14 partition=1 processed=100 total=1999 metric=ranking
[pipeline-trace] wall=23:30:18 elapsed=394.360s phase=eval event=interaction_progress trial=15 partition=1 processed=1600 total=1999 metric=ranking
[pipeline-trace] wall=23:30:18 elapsed=395.814s phase=eval event=interaction_progress trial=14 partition=1 processed=200 total=1999 metric=ranking
[pipeline-trace] wall=23:30:18 elapsed=394.505s phase=eval event=interaction_progress trial=15 partition=1 processed=1700 total=1999 metric=ranking
[pipeline-trace] wall=23:30:18 elapsed=395.959s phase=eval event=interaction_progress trial=14 partition=1 processed=300 total=1999 metric=ranking
[pipeline-trace] wall=23:30:18 elapsed=394.625s phase=eval event=interaction_progress trial=15 partition=1 processed=1800 total=1999 metric=ranking
[pipeline-trace] wall=23:30:18 elapsed=396.106s phase=eval event=interaction_progress trial=14 partition=1 processed=400 total=1999 metric=ranking
[pipeline-trace] wall=23:30:18 elapsed=394.747s phase=eval event=interaction_progress trial=15 partition=1 processed=1900 total=1999 metric=ranking
[pipeline-trace] wall=23:30:18 elapsed=396.300s phase=eval event=interaction_progress trial=14 partition=1 processed=500 total=1999 metric=ranking
[pipeline-trace] wall=23:30:19 elapsed=394.944s phase=eval event=interaction_progress trial=15 partition=1 processed=1999 total=1999 metric=ranking
[pipeline-trace] wall=23:30:19 elapsed=394.947s phase=eval event=partition_complete trial=15 partition=1 elapsed_sec=3.010 hits=1223 total=1999
[pipeline-trace] wall=23:30:19 elapsed=396.553s phase=eval event=interaction_progress trial=14 partition=1 processed=600 total=1999 metric=ranking
[pipeline-trace] wall=23:30:19 elapsed=396.812s phase=eval event=interaction_progress trial=14 partition=1 processed=700 total=1999 metric=ranking
[pipeline-trace] wall=23:30:19 elapsed=395.649s phase=train event=interaction_progress trial=16 partition=0 processed=1 total=14000 metric=ce epoch=1/1
[pipeline-trace] wall=23:30:19 elapsed=397.084s phase=eval event=interaction_progress trial=14 partition=1 processed=800 total=1999 metric=ranking
[pipeline-trace] wall=23:30:21 elapsed=398.565s phase=eval event=interaction_progress trial=14 partition=1 processed=900 total=1999 metric=ranking
[pipeline-trace] wall=23:30:21 elapsed=397.217s phase=train event=interaction_progress trial=16 partition=0 processed=100 total=14000 metric=ce epoch=1/1
[pipeline-trace] wall=23:30:21 elapsed=398.811s phase=eval event=interaction_progress trial=14 partition=1 processed=1000 total=1999 metric=ranking
[pipeline-trace] wall=23:30:21 elapsed=397.601s phase=train event=interaction_progress trial=16 partition=0 processed=200 total=14000 metric=ce epoch=1/1
[pipeline-trace] wall=23:30:21 elapsed=399.037s phase=eval event=interaction_progress trial=14 partition=1 processed=1100 total=1999 metric=ranking
[pipeline-trace] wall=23:30:21 elapsed=399.287s phase=eval event=interaction_progress trial=14 partition=1 processed=1200 total=1999 metric=ranking
[pipeline-trace] wall=23:30:22 elapsed=397.980s phase=train event=interaction_progress trial=16 partition=0 processed=300 total=14000 metric=ce epoch=1/1
[pipeline-trace] wall=23:30:22 elapsed=399.495s phase=eval event=interaction_progress trial=14 partition=1 processed=1300 total=1999 metric=ranking
[pipeline-trace] wall=23:30:22 elapsed=399.711s phase=eval event=interaction_progress trial=14 partition=1 processed=1400 total=1999 metric=ranking
[pipeline-trace] wall=23:30:22 elapsed=398.405s phase=train event=interaction_progress trial=16 partition=0 processed=400 total=14000 metric=ce epoch=1/1
[pipeline-trace] wall=23:30:22 elapsed=399.966s phase=eval event=interaction_progress trial=14 partition=1 processed=1500 total=1999 metric=ranking
[pipeline-trace] wall=23:30:22 elapsed=398.779s phase=train event=interaction_progress trial=16 partition=0 processed=500 total=14000 metric=ce epoch=1/1
[pipeline-trace] wall=23:30:22 elapsed=400.235s phase=eval event=interaction_progress trial=14 partition=1 processed=1600 total=1999 metric=ranking
[pipeline-trace] wall=23:30:23 elapsed=400.501s phase=eval event=interaction_progress trial=14 partition=1 processed=1700 total=1999 metric=ranking
[pipeline-trace] wall=23:30:23 elapsed=399.175s phase=train event=interaction_progress trial=16 partition=0 processed=600 total=14000 metric=ce epoch=1/1
[pipeline-trace] wall=23:30:23 elapsed=400.767s phase=eval event=interaction_progress trial=14 partition=1 processed=1800 total=1999 metric=ranking
[pipeline-trace] wall=23:30:23 elapsed=399.582s phase=train event=interaction_progress trial=16 partition=0 processed=700 total=14000 metric=ce epoch=1/1
[pipeline-trace] wall=23:30:23 elapsed=401.026s phase=eval event=interaction_progress trial=14 partition=1 processed=1900 total=1999 metric=ranking
[pipeline-trace] wall=23:30:23 elapsed=401.318s phase=eval event=interaction_progress trial=14 partition=1 processed=1999 total=1999 metric=ranking
[pipeline-trace] wall=23:30:23 elapsed=401.323s phase=eval event=partition_complete trial=14 partition=1 elapsed_sec=5.802 hits=1561 total=1999
[pipeline-trace] wall=23:30:24 elapsed=400.022s phase=train event=interaction_progress trial=16 partition=0 processed=800 total=14000 metric=ce epoch=1/1
[pipeline-trace] wall=23:30:24 elapsed=401.514s phase=train event=interaction_progress trial=17 partition=0 processed=1 total=14000 metric=ce epoch=1/1
[pipeline-trace] wall=23:30:24 elapsed=400.446s phase=train event=interaction_progress trial=16 partition=0 processed=900 total=14000 metric=ce epoch=1/1
[pipeline-trace] wall=23:30:24 elapsed=400.915s phase=train event=interaction_progress trial=16 partition=0 processed=1000 total=14000 metric=ce epoch=1/1
[pipeline-trace] wall=23:30:25 elapsed=401.401s phase=train event=interaction_progress trial=16 partition=0 processed=1100 total=14000 metric=ce epoch=1/1
[pipeline-trace] wall=23:30:25 elapsed=403.015s phase=train event=interaction_progress trial=17 partition=0 processed=100 total=14000 metric=ce epoch=1/1
[pipeline-trace] wall=23:30:25 elapsed=401.856s phase=train event=interaction_progress trial=16 partition=0 processed=1200 total=14000 metric=ce epoch=1/1
[pipeline-trace] wall=23:30:26 elapsed=403.429s phase=train event=interaction_progress trial=17 partition=0 processed=200 total=14000 metric=ce epoch=1/1
[pipeline-trace] wall=23:30:26 elapsed=402.090s phase=train event=interaction_progress trial=16 partition=0 processed=1300 total=14000 metric=ce epoch=1/1
[pipeline-trace] wall=23:30:26 elapsed=403.762s phase=train event=interaction_progress trial=17 partition=0 processed=300 total=14000 metric=ce epoch=1/1
[pipeline-trace] wall=23:30:26 elapsed=402.374s phase=train event=interaction_progress trial=16 partition=0 processed=1400 total=14000 metric=ce epoch=1/1
[pipeline-trace] wall=23:30:26 elapsed=404.072s phase=train event=interaction_progress trial=17 partition=0 processed=400 total=14000 metric=ce epoch=1/1
[pipeline-trace] wall=23:30:26 elapsed=402.664s phase=train event=interaction_progress trial=16 partition=0 processed=1500 total=14000 metric=ce epoch=1/1
[pipeline-trace] wall=23:30:26 elapsed=404.338s phase=train event=interaction_progress trial=17 partition=0 processed=500 total=14000 metric=ce epoch=1/1
[pipeline-trace] wall=23:30:26 elapsed=402.929s phase=train event=interaction_progress trial=16 partition=0 processed=1600 total=14000 metric=ce epoch=1/1
[pipeline-trace] wall=23:30:27 elapsed=403.184s phase=train event=interaction_progress trial=16 partition=0 processed=1700 total=14000 metric=ce epoch=1/1
[pipeline-trace] wall=23:30:27 elapsed=404.634s phase=train event=interaction_progress trial=17 partition=0 processed=600 total=14000 metric=ce epoch=1/1
[pipeline-trace] wall=23:30:27 elapsed=403.433s phase=train event=interaction_progress trial=16 partition=0 processed=1800 total=14000 metric=ce epoch=1/1
[pipeline-trace] wall=23:30:27 elapsed=404.921s phase=train event=interaction_progress trial=17 partition=0 processed=700 total=14000 metric=ce epoch=1/1
[pipeline-trace] wall=23:30:27 elapsed=403.655s phase=train event=interaction_progress trial=16 partition=0 processed=1900 total=14000 metric=ce epoch=1/1
[pipeline-trace] wall=23:30:27 elapsed=405.193s phase=train event=interaction_progress trial=17 partition=0 processed=800 total=14000 metric=ce epoch=1/1
[pipeline-trace] wall=23:30:27 elapsed=403.905s phase=train event=interaction_progress trial=16 partition=0 processed=2000 total=14000 metric=ce epoch=1/1
[pipeline-trace] wall=23:30:28 elapsed=405.541s phase=train event=interaction_progress trial=17 partition=0 processed=900 total=14000 metric=ce epoch=1/1
[pipeline-trace] wall=23:30:28 elapsed=404.124s phase=train event=interaction_progress trial=16 partition=0 processed=2100 total=14000 metric=ce epoch=1/1
[pipeline-trace] wall=23:30:28 elapsed=404.339s phase=train event=interaction_progress trial=16 partition=0 processed=2200 total=14000 metric=ce epoch=1/1
[pipeline-trace] wall=23:30:28 elapsed=405.797s phase=train event=interaction_progress trial=17 partition=0 processed=1000 total=14000 metric=ce epoch=1/1
[pipeline-trace] wall=23:30:28 elapsed=404.579s phase=train event=interaction_progress trial=16 partition=0 processed=2300 total=14000 metric=ce epoch=1/1
[pipeline-trace] wall=23:30:28 elapsed=406.107s phase=train event=interaction_progress trial=17 partition=0 processed=1100 total=14000 metric=ce epoch=1/1
[pipeline-trace] wall=23:30:28 elapsed=404.858s phase=train event=interaction_progress trial=16 partition=0 processed=2400 total=14000 metric=ce epoch=1/1
[pipeline-trace] wall=23:30:29 elapsed=406.419s phase=train event=interaction_progress trial=17 partition=0 processed=1200 total=14000 metric=ce epoch=1/1
[pipeline-trace] wall=23:30:29 elapsed=405.095s phase=train event=interaction_progress trial=16 partition=0 processed=2500 total=14000 metric=ce epoch=1/1
[pipeline-trace] wall=23:30:29 elapsed=406.759s phase=train event=interaction_progress trial=17 partition=0 processed=1300 total=14000 metric=ce epoch=1/1
[pipeline-trace] wall=23:30:29 elapsed=405.344s phase=train event=interaction_progress trial=16 partition=0 processed=2600 total=14000 metric=ce epoch=1/1
[pipeline-trace] wall=23:30:29 elapsed=405.590s phase=train event=interaction_progress trial=16 partition=0 processed=2700 total=14000 metric=ce epoch=1/1
[pipeline-trace] wall=23:30:29 elapsed=407.065s phase=train event=interaction_progress trial=17 partition=0 processed=1400 total=14000 metric=ce epoch=1/1
[pipeline-trace] wall=23:30:29 elapsed=405.811s phase=train event=interaction_progress trial=16 partition=0 processed=2800 total=14000 metric=ce epoch=1/1
[pipeline-trace] wall=23:30:29 elapsed=407.328s phase=train event=interaction_progress trial=17 partition=0 processed=1500 total=14000 metric=ce epoch=1/1
[pipeline-trace] wall=23:30:30 elapsed=406.025s phase=train event=interaction_progress trial=16 partition=0 processed=2900 total=14000 metric=ce epoch=1/1
[pipeline-trace] wall=23:30:30 elapsed=407.670s phase=train event=interaction_progress trial=17 partition=0 processed=1600 total=14000 metric=ce epoch=1/1
[pipeline-trace] wall=23:30:30 elapsed=406.300s phase=train event=interaction_progress trial=16 partition=0 processed=3000 total=14000 metric=ce epoch=1/1
[pipeline-trace] wall=23:30:30 elapsed=406.549s phase=train event=interaction_progress trial=16 partition=0 processed=3100 total=14000 metric=ce epoch=1/1
[pipeline-trace] wall=23:30:30 elapsed=408.005s phase=train event=interaction_progress trial=17 partition=0 processed=1700 total=14000 metric=ce epoch=1/1
[pipeline-trace] wall=23:30:30 elapsed=406.755s phase=train event=interaction_progress trial=16 partition=0 processed=3200 total=14000 metric=ce epoch=1/1
[pipeline-trace] wall=23:30:30 elapsed=408.268s phase=train event=interaction_progress trial=17 partition=0 processed=1800 total=14000 metric=ce epoch=1/1
[pipeline-trace] wall=23:30:31 elapsed=406.955s phase=train event=interaction_progress trial=16 partition=0 processed=3300 total=14000 metric=ce epoch=1/1
[pipeline-trace] wall=23:30:31 elapsed=408.547s phase=train event=interaction_progress trial=17 partition=0 processed=1900 total=14000 metric=ce epoch=1/1
[pipeline-trace] wall=23:30:31 elapsed=407.128s phase=train event=interaction_progress trial=16 partition=0 processed=3400 total=14000 metric=ce epoch=1/1
[pipeline-trace] wall=23:30:31 elapsed=407.321s phase=train event=interaction_progress trial=16 partition=0 processed=3500 total=14000 metric=ce epoch=1/1
[pipeline-trace] wall=23:30:31 elapsed=408.793s phase=train event=interaction_progress trial=17 partition=0 processed=2000 total=14000 metric=ce epoch=1/1
[pipeline-trace] wall=23:30:31 elapsed=407.532s phase=train event=interaction_progress trial=16 partition=0 processed=3600 total=14000 metric=ce epoch=1/1
[pipeline-trace] wall=23:30:31 elapsed=409.048s phase=train event=interaction_progress trial=17 partition=0 processed=2100 total=14000 metric=ce epoch=1/1
[pipeline-trace] wall=23:30:31 elapsed=407.735s phase=train event=interaction_progress trial=16 partition=0 processed=3700 total=14000 metric=ce epoch=1/1
[pipeline-trace] wall=23:30:31 elapsed=409.281s phase=train event=interaction_progress trial=17 partition=0 processed=2200 total=14000 metric=ce epoch=1/1
[pipeline-trace] wall=23:30:32 elapsed=407.949s phase=train event=interaction_progress trial=16 partition=0 processed=3800 total=14000 metric=ce epoch=1/1
[pipeline-trace] wall=23:30:32 elapsed=409.517s phase=train event=interaction_progress trial=17 partition=0 processed=2300 total=14000 metric=ce epoch=1/1
[pipeline-trace] wall=23:30:32 elapsed=408.153s phase=train event=interaction_progress trial=16 partition=0 processed=3900 total=14000 metric=ce epoch=1/1
[pipeline-trace] wall=23:30:32 elapsed=409.784s phase=train event=interaction_progress trial=17 partition=0 processed=2400 total=14000 metric=ce epoch=1/1
[pipeline-trace] wall=23:30:32 elapsed=408.365s phase=train event=interaction_progress trial=16 partition=0 processed=4000 total=14000 metric=ce epoch=1/1
[pipeline-trace] wall=23:30:32 elapsed=408.559s phase=train event=interaction_progress trial=16 partition=0 processed=4100 total=14000 metric=ce epoch=1/1
[pipeline-trace] wall=23:30:32 elapsed=410.067s phase=train event=interaction_progress trial=17 partition=0 processed=2500 total=14000 metric=ce epoch=1/1
[pipeline-trace] wall=23:30:32 elapsed=408.762s phase=train event=interaction_progress trial=16 partition=0 processed=4200 total=14000 metric=ce epoch=1/1
[pipeline-trace] wall=23:30:32 elapsed=410.343s phase=train event=interaction_progress trial=17 partition=0 processed=2600 total=14000 metric=ce epoch=1/1
[pipeline-trace] wall=23:30:33 elapsed=408.949s phase=train event=interaction_progress trial=16 partition=0 processed=4300 total=14000 metric=ce epoch=1/1
[pipeline-trace] wall=23:30:33 elapsed=409.165s phase=train event=interaction_progress trial=16 partition=0 processed=4400 total=14000 metric=ce epoch=1/1
[pipeline-trace] wall=23:30:33 elapsed=410.636s phase=train event=interaction_progress trial=17 partition=0 processed=2700 total=14000 metric=ce epoch=1/1
[pipeline-trace] wall=23:30:33 elapsed=409.377s phase=train event=interaction_progress trial=16 partition=0 processed=4500 total=14000 metric=ce epoch=1/1
[pipeline-trace] wall=23:30:33 elapsed=410.914s phase=train event=interaction_progress trial=17 partition=0 processed=2800 total=14000 metric=ce epoch=1/1
[pipeline-trace] wall=23:30:33 elapsed=409.555s phase=train event=interaction_progress trial=16 partition=0 processed=4600 total=14000 metric=ce epoch=1/1
[pipeline-trace] wall=23:30:33 elapsed=409.726s phase=train event=interaction_progress trial=16 partition=0 processed=4700 total=14000 metric=ce epoch=1/1
[pipeline-trace] wall=23:30:33 elapsed=411.189s phase=train event=interaction_progress trial=17 partition=0 processed=2900 total=14000 metric=ce epoch=1/1
[pipeline-trace] wall=23:30:33 elapsed=409.909s phase=train event=interaction_progress trial=16 partition=0 processed=4800 total=14000 metric=ce epoch=1/1
[pipeline-trace] wall=23:30:34 elapsed=411.448s phase=train event=interaction_progress trial=17 partition=0 processed=3000 total=14000 metric=ce epoch=1/1
[pipeline-trace] wall=23:30:34 elapsed=410.109s phase=train event=interaction_progress trial=16 partition=0 processed=4900 total=14000 metric=ce epoch=1/1
[pipeline-trace] wall=23:30:34 elapsed=411.732s phase=train event=interaction_progress trial=17 partition=0 processed=3100 total=14000 metric=ce epoch=1/1
[pipeline-trace] wall=23:30:34 elapsed=410.337s phase=train event=interaction_progress trial=16 partition=0 processed=5000 total=14000 metric=ce epoch=1/1
[pipeline-trace] wall=23:30:34 elapsed=410.517s phase=train event=interaction_progress trial=16 partition=0 processed=5100 total=14000 metric=ce epoch=1/1
[pipeline-trace] wall=23:30:34 elapsed=411.970s phase=train event=interaction_progress trial=17 partition=0 processed=3200 total=14000 metric=ce epoch=1/1
[pipeline-trace] wall=23:30:34 elapsed=410.736s phase=train event=interaction_progress trial=16 partition=0 processed=5200 total=14000 metric=ce epoch=1/1
[pipeline-trace] wall=23:30:34 elapsed=412.232s phase=train event=interaction_progress trial=17 partition=0 processed=3300 total=14000 metric=ce epoch=1/1
[pipeline-trace] wall=23:30:35 elapsed=410.958s phase=train event=interaction_progress trial=16 partition=0 processed=5300 total=14000 metric=ce epoch=1/1
[pipeline-trace] wall=23:30:35 elapsed=412.528s phase=train event=interaction_progress trial=17 partition=0 processed=3400 total=14000 metric=ce epoch=1/1
[pipeline-trace] wall=23:30:35 elapsed=411.190s phase=train event=interaction_progress trial=16 partition=0 processed=5400 total=14000 metric=ce epoch=1/1
[pipeline-trace] wall=23:30:35 elapsed=412.834s phase=train event=interaction_progress trial=17 partition=0 processed=3500 total=14000 metric=ce epoch=1/1
[pipeline-trace] wall=23:30:35 elapsed=411.409s phase=train event=interaction_progress trial=16 partition=0 processed=5500 total=14000 metric=ce epoch=1/1
[pipeline-trace] wall=23:30:35 elapsed=411.646s phase=train event=interaction_progress trial=16 partition=0 processed=5600 total=14000 metric=ce epoch=1/1
[pipeline-trace] wall=23:30:35 elapsed=413.166s phase=train event=interaction_progress trial=17 partition=0 processed=3600 total=14000 metric=ce epoch=1/1
[pipeline-trace] wall=23:30:35 elapsed=411.862s phase=train event=interaction_progress trial=16 partition=0 processed=5700 total=14000 metric=ce epoch=1/1
[pipeline-trace] wall=23:30:36 elapsed=412.073s phase=train event=interaction_progress trial=16 partition=0 processed=5800 total=14000 metric=ce epoch=1/1
[pipeline-trace] wall=23:30:36 elapsed=413.512s phase=train event=interaction_progress trial=17 partition=0 processed=3700 total=14000 metric=ce epoch=1/1
[pipeline-trace] wall=23:30:36 elapsed=412.290s phase=train event=interaction_progress trial=16 partition=0 processed=5900 total=14000 metric=ce epoch=1/1
[pipeline-trace] wall=23:30:36 elapsed=413.811s phase=train event=interaction_progress trial=17 partition=0 processed=3800 total=14000 metric=ce epoch=1/1
[pipeline-trace] wall=23:30:36 elapsed=412.491s phase=train event=interaction_progress trial=16 partition=0 processed=6000 total=14000 metric=ce epoch=1/1
[pipeline-trace] wall=23:30:36 elapsed=412.694s phase=train event=interaction_progress trial=16 partition=0 processed=6100 total=14000 metric=ce epoch=1/1
[pipeline-trace] wall=23:30:36 elapsed=414.132s phase=train event=interaction_progress trial=17 partition=0 processed=3900 total=14000 metric=ce epoch=1/1
[pipeline-trace] wall=23:30:36 elapsed=412.871s phase=train event=interaction_progress trial=16 partition=0 processed=6200 total=14000 metric=ce epoch=1/1
[pipeline-trace] wall=23:30:36 elapsed=414.350s phase=train event=interaction_progress trial=17 partition=0 processed=4000 total=14000 metric=ce epoch=1/1
[pipeline-trace] wall=23:30:37 elapsed=413.063s phase=train event=interaction_progress trial=16 partition=0 processed=6300 total=14000 metric=ce epoch=1/1
[pipeline-trace] wall=23:30:37 elapsed=414.581s phase=train event=interaction_progress trial=17 partition=0 processed=4100 total=14000 metric=ce epoch=1/1
[pipeline-trace] wall=23:30:37 elapsed=413.245s phase=train event=interaction_progress trial=16 partition=0 processed=6400 total=14000 metric=ce epoch=1/1
[pipeline-trace] wall=23:30:37 elapsed=414.805s phase=train event=interaction_progress trial=17 partition=0 processed=4200 total=14000 metric=ce epoch=1/1
[pipeline-trace] wall=23:30:37 elapsed=413.423s phase=train event=interaction_progress trial=16 partition=0 processed=6500 total=14000 metric=ce epoch=1/1
[pipeline-trace] wall=23:30:37 elapsed=415.027s phase=train event=interaction_progress trial=17 partition=0 processed=4300 total=14000 metric=ce epoch=1/1
[pipeline-trace] wall=23:30:37 elapsed=413.611s phase=train event=interaction_progress trial=16 partition=0 processed=6600 total=14000 metric=ce epoch=1/1
[pipeline-trace] wall=23:30:37 elapsed=413.795s phase=train event=interaction_progress trial=16 partition=0 processed=6700 total=14000 metric=ce epoch=1/1
[pipeline-trace] wall=23:30:37 elapsed=415.263s phase=train event=interaction_progress trial=17 partition=0 processed=4400 total=14000 metric=ce epoch=1/1
[pipeline-trace] wall=23:30:38 elapsed=413.995s phase=train event=interaction_progress trial=16 partition=0 processed=6800 total=14000 metric=ce epoch=1/1
[pipeline-trace] wall=23:30:38 elapsed=415.506s phase=train event=interaction_progress trial=17 partition=0 processed=4500 total=14000 metric=ce epoch=1/1
[pipeline-trace] wall=23:30:38 elapsed=414.212s phase=train event=interaction_progress trial=16 partition=0 processed=6900 total=14000 metric=ce epoch=1/1
[pipeline-trace] wall=23:30:38 elapsed=415.738s phase=train event=interaction_progress trial=17 partition=0 processed=4600 total=14000 metric=ce epoch=1/1
[pipeline-trace] wall=23:30:38 elapsed=414.432s phase=train event=interaction_progress trial=16 partition=0 processed=7000 total=14000 metric=ce epoch=1/1
[pipeline-trace] wall=23:30:38 elapsed=415.961s phase=train event=interaction_progress trial=17 partition=0 processed=4700 total=14000 metric=ce epoch=1/1
[pipeline-trace] wall=23:30:38 elapsed=414.671s phase=train event=interaction_progress trial=16 partition=0 processed=7100 total=14000 metric=ce epoch=1/1
[pipeline-trace] wall=23:30:38 elapsed=416.183s phase=train event=interaction_progress trial=17 partition=0 processed=4800 total=14000 metric=ce epoch=1/1
[pipeline-trace] wall=23:30:38 elapsed=414.902s phase=train event=interaction_progress trial=16 partition=0 processed=7200 total=14000 metric=ce epoch=1/1
[pipeline-trace] wall=23:30:39 elapsed=416.413s phase=train event=interaction_progress trial=17 partition=0 processed=4900 total=14000 metric=ce epoch=1/1
[pipeline-trace] wall=23:30:39 elapsed=415.121s phase=train event=interaction_progress trial=16 partition=0 processed=7300 total=14000 metric=ce epoch=1/1
[pipeline-trace] wall=23:30:39 elapsed=416.635s phase=train event=interaction_progress trial=17 partition=0 processed=5000 total=14000 metric=ce epoch=1/1
[pipeline-trace] wall=23:30:39 elapsed=415.351s phase=train event=interaction_progress trial=16 partition=0 processed=7400 total=14000 metric=ce epoch=1/1
[pipeline-trace] wall=23:30:39 elapsed=416.853s phase=train event=interaction_progress trial=17 partition=0 processed=5100 total=14000 metric=ce epoch=1/1
[pipeline-trace] wall=23:30:39 elapsed=415.572s phase=train event=interaction_progress trial=16 partition=0 processed=7500 total=14000 metric=ce epoch=1/1
[pipeline-trace] wall=23:30:39 elapsed=417.070s phase=train event=interaction_progress trial=17 partition=0 processed=5200 total=14000 metric=ce epoch=1/1
[pipeline-trace] wall=23:30:39 elapsed=415.793s phase=train event=interaction_progress trial=16 partition=0 processed=7600 total=14000 metric=ce epoch=1/1
[pipeline-trace] wall=23:30:39 elapsed=417.290s phase=train event=interaction_progress trial=17 partition=0 processed=5300 total=14000 metric=ce epoch=1/1
[pipeline-trace] wall=23:30:40 elapsed=416.010s phase=train event=interaction_progress trial=16 partition=0 processed=7700 total=14000 metric=ce epoch=1/1
[pipeline-trace] wall=23:30:40 elapsed=417.515s phase=train event=interaction_progress trial=17 partition=0 processed=5400 total=14000 metric=ce epoch=1/1
[pipeline-trace] wall=23:30:40 elapsed=416.216s phase=train event=interaction_progress trial=16 partition=0 processed=7800 total=14000 metric=ce epoch=1/1
[pipeline-trace] wall=23:30:40 elapsed=417.732s phase=train event=interaction_progress trial=17 partition=0 processed=5500 total=14000 metric=ce epoch=1/1
[pipeline-trace] wall=23:30:40 elapsed=416.415s phase=train event=interaction_progress trial=16 partition=0 processed=7900 total=14000 metric=ce epoch=1/1
[pipeline-trace] wall=23:30:40 elapsed=417.949s phase=train event=interaction_progress trial=17 partition=0 processed=5600 total=14000 metric=ce epoch=1/1
[pipeline-trace] wall=23:30:40 elapsed=416.615s phase=train event=interaction_progress trial=16 partition=0 processed=8000 total=14000 metric=ce epoch=1/1
[pipeline-trace] wall=23:30:40 elapsed=418.163s phase=train event=interaction_progress trial=17 partition=0 processed=5700 total=14000 metric=ce epoch=1/1
[pipeline-trace] wall=23:30:40 elapsed=416.818s phase=train event=interaction_progress trial=16 partition=0 processed=8100 total=14000 metric=ce epoch=1/1
[pipeline-trace] wall=23:30:41 elapsed=418.399s phase=train event=interaction_progress trial=17 partition=0 processed=5800 total=14000 metric=ce epoch=1/1
[pipeline-trace] wall=23:30:41 elapsed=417.019s phase=train event=interaction_progress trial=16 partition=0 processed=8200 total=14000 metric=ce epoch=1/1
[pipeline-trace] wall=23:30:41 elapsed=418.652s phase=train event=interaction_progress trial=17 partition=0 processed=5900 total=14000 metric=ce epoch=1/1
[pipeline-trace] wall=23:30:41 elapsed=417.237s phase=train event=interaction_progress trial=16 partition=0 processed=8300 total=14000 metric=ce epoch=1/1
[pipeline-trace] wall=23:30:41 elapsed=418.873s phase=train event=interaction_progress trial=17 partition=0 processed=6000 total=14000 metric=ce epoch=1/1
[pipeline-trace] wall=23:30:41 elapsed=417.472s phase=train event=interaction_progress trial=16 partition=0 processed=8400 total=14000 metric=ce epoch=1/1
[pipeline-trace] wall=23:30:41 elapsed=419.086s phase=train event=interaction_progress trial=17 partition=0 processed=6100 total=14000 metric=ce epoch=1/1
[pipeline-trace] wall=23:30:41 elapsed=417.701s phase=train event=interaction_progress trial=16 partition=0 processed=8500 total=14000 metric=ce epoch=1/1
[pipeline-trace] wall=23:30:41 elapsed=419.313s phase=train event=interaction_progress trial=17 partition=0 processed=6200 total=14000 metric=ce epoch=1/1
[pipeline-trace] wall=23:30:42 elapsed=417.938s phase=train event=interaction_progress trial=16 partition=0 processed=8600 total=14000 metric=ce epoch=1/1
[pipeline-trace] wall=23:30:42 elapsed=419.565s phase=train event=interaction_progress trial=17 partition=0 processed=6300 total=14000 metric=ce epoch=1/1
[pipeline-trace] wall=23:30:42 elapsed=418.156s phase=train event=interaction_progress trial=16 partition=0 processed=8700 total=14000 metric=ce epoch=1/1
[pipeline-trace] wall=23:30:42 elapsed=418.356s phase=train event=interaction_progress trial=16 partition=0 processed=8800 total=14000 metric=ce epoch=1/1
[pipeline-trace] wall=23:30:42 elapsed=419.811s phase=train event=interaction_progress trial=17 partition=0 processed=6400 total=14000 metric=ce epoch=1/1
[pipeline-trace] wall=23:30:42 elapsed=418.582s phase=train event=interaction_progress trial=16 partition=0 processed=8900 total=14000 metric=ce epoch=1/1
[pipeline-trace] wall=23:30:42 elapsed=420.037s phase=train event=interaction_progress trial=17 partition=0 processed=6500 total=14000 metric=ce epoch=1/1
[pipeline-trace] wall=23:30:42 elapsed=418.825s phase=train event=interaction_progress trial=16 partition=0 processed=9000 total=14000 metric=ce epoch=1/1
[pipeline-trace] wall=23:30:42 elapsed=420.263s phase=train event=interaction_progress trial=17 partition=0 processed=6600 total=14000 metric=ce epoch=1/1
[pipeline-trace] wall=23:30:43 elapsed=420.487s phase=train event=interaction_progress trial=17 partition=0 processed=6700 total=14000 metric=ce epoch=1/1
[pipeline-trace] wall=23:30:43 elapsed=419.063s phase=train event=interaction_progress trial=16 partition=0 processed=9100 total=14000 metric=ce epoch=1/1
[pipeline-trace] wall=23:30:43 elapsed=420.700s phase=train event=interaction_progress trial=17 partition=0 processed=6800 total=14000 metric=ce epoch=1/1
[pipeline-trace] wall=23:30:43 elapsed=419.277s phase=train event=interaction_progress trial=16 partition=0 processed=9200 total=14000 metric=ce epoch=1/1
[pipeline-trace] wall=23:30:43 elapsed=420.916s phase=train event=interaction_progress trial=17 partition=0 processed=6900 total=14000 metric=ce epoch=1/1
[pipeline-trace] wall=23:30:43 elapsed=419.516s phase=train event=interaction_progress trial=16 partition=0 processed=9300 total=14000 metric=ce epoch=1/1
[pipeline-trace] wall=23:30:43 elapsed=421.144s phase=train event=interaction_progress trial=17 partition=0 processed=7000 total=14000 metric=ce epoch=1/1
[pipeline-trace] wall=23:30:43 elapsed=419.756s phase=train event=interaction_progress trial=16 partition=0 processed=9400 total=14000 metric=ce epoch=1/1
[pipeline-trace] wall=23:30:44 elapsed=421.409s phase=train event=interaction_progress trial=17 partition=0 processed=7100 total=14000 metric=ce epoch=1/1
[pipeline-trace] wall=23:30:44 elapsed=419.982s phase=train event=interaction_progress trial=16 partition=0 processed=9500 total=14000 metric=ce epoch=1/1
[pipeline-trace] wall=23:30:44 elapsed=420.220s phase=train event=interaction_progress trial=16 partition=0 processed=9600 total=14000 metric=ce epoch=1/1
[pipeline-trace] wall=23:30:44 elapsed=421.658s phase=train event=interaction_progress trial=17 partition=0 processed=7200 total=14000 metric=ce epoch=1/1
[pipeline-trace] wall=23:30:44 elapsed=420.459s phase=train event=interaction_progress trial=16 partition=0 processed=9700 total=14000 metric=ce epoch=1/1
[pipeline-trace] wall=23:30:44 elapsed=421.907s phase=train event=interaction_progress trial=17 partition=0 processed=7300 total=14000 metric=ce epoch=1/1
[pipeline-trace] wall=23:30:44 elapsed=420.698s phase=train event=interaction_progress trial=16 partition=0 processed=9800 total=14000 metric=ce epoch=1/1
[pipeline-trace] wall=23:30:44 elapsed=422.159s phase=train event=interaction_progress trial=17 partition=0 processed=7400 total=14000 metric=ce epoch=1/1
[pipeline-trace] wall=23:30:45 elapsed=420.944s phase=train event=interaction_progress trial=16 partition=0 processed=9900 total=14000 metric=ce epoch=1/1
[pipeline-trace] wall=23:30:45 elapsed=422.410s phase=train event=interaction_progress trial=17 partition=0 processed=7500 total=14000 metric=ce epoch=1/1
[pipeline-trace] wall=23:30:45 elapsed=421.189s phase=train event=interaction_progress trial=16 partition=0 processed=10000 total=14000 metric=ce epoch=1/1
[pipeline-trace] wall=23:30:45 elapsed=422.653s phase=train event=interaction_progress trial=17 partition=0 processed=7600 total=14000 metric=ce epoch=1/1
[pipeline-trace] wall=23:30:45 elapsed=421.399s phase=train event=interaction_progress trial=16 partition=0 processed=10100 total=14000 metric=ce epoch=1/1
[pipeline-trace] wall=23:30:45 elapsed=422.903s phase=train event=interaction_progress trial=17 partition=0 processed=7700 total=14000 metric=ce epoch=1/1
[pipeline-trace] wall=23:30:45 elapsed=421.618s phase=train event=interaction_progress trial=16 partition=0 processed=10200 total=14000 metric=ce epoch=1/1
[pipeline-trace] wall=23:30:45 elapsed=423.168s phase=train event=interaction_progress trial=17 partition=0 processed=7800 total=14000 metric=ce epoch=1/1
[pipeline-trace] wall=23:30:45 elapsed=421.844s phase=train event=interaction_progress trial=16 partition=0 processed=10300 total=14000 metric=ce epoch=1/1
[pipeline-trace] wall=23:30:46 elapsed=423.456s phase=train event=interaction_progress trial=17 partition=0 processed=7900 total=14000 metric=ce epoch=1/1
[pipeline-trace] wall=23:30:46 elapsed=422.063s phase=train event=interaction_progress trial=16 partition=0 processed=10400 total=14000 metric=ce epoch=1/1
[pipeline-trace] wall=23:30:46 elapsed=422.299s phase=train event=interaction_progress trial=16 partition=0 processed=10500 total=14000 metric=ce epoch=1/1
[pipeline-trace] wall=23:30:46 elapsed=423.762s phase=train event=interaction_progress trial=17 partition=0 processed=8000 total=14000 metric=ce epoch=1/1
[pipeline-trace] wall=23:30:46 elapsed=422.517s phase=train event=interaction_progress trial=16 partition=0 processed=10600 total=14000 metric=ce epoch=1/1
[pipeline-trace] wall=23:30:46 elapsed=424.059s phase=train event=interaction_progress trial=17 partition=0 processed=8100 total=14000 metric=ce epoch=1/1
[pipeline-trace] wall=23:30:46 elapsed=422.740s phase=train event=interaction_progress trial=16 partition=0 processed=10700 total=14000 metric=ce epoch=1/1
[pipeline-trace] wall=23:30:47 elapsed=422.955s phase=train event=interaction_progress trial=16 partition=0 processed=10800 total=14000 metric=ce epoch=1/1
[pipeline-trace] wall=23:30:47 elapsed=424.392s phase=train event=interaction_progress trial=17 partition=0 processed=8200 total=14000 metric=ce epoch=1/1
[pipeline-trace] wall=23:30:47 elapsed=423.182s phase=train event=interaction_progress trial=16 partition=0 processed=10900 total=14000 metric=ce epoch=1/1
[pipeline-trace] wall=23:30:47 elapsed=424.704s phase=train event=interaction_progress trial=17 partition=0 processed=8300 total=14000 metric=ce epoch=1/1
[pipeline-trace] wall=23:30:47 elapsed=423.422s phase=train event=interaction_progress trial=16 partition=0 processed=11000 total=14000 metric=ce epoch=1/1
[pipeline-trace] wall=23:30:47 elapsed=425.000s phase=train event=interaction_progress trial=17 partition=0 processed=8400 total=14000 metric=ce epoch=1/1
[pipeline-trace] wall=23:30:47 elapsed=423.657s phase=train event=interaction_progress trial=16 partition=0 processed=11100 total=14000 metric=ce epoch=1/1
[pipeline-trace] wall=23:30:47 elapsed=425.298s phase=train event=interaction_progress trial=17 partition=0 processed=8500 total=14000 metric=ce epoch=1/1
[pipeline-trace] wall=23:30:47 elapsed=423.895s phase=train event=interaction_progress trial=16 partition=0 processed=11200 total=14000 metric=ce epoch=1/1
[pipeline-trace] wall=23:30:48 elapsed=424.127s phase=train event=interaction_progress trial=16 partition=0 processed=11300 total=14000 metric=ce epoch=1/1
[pipeline-trace] wall=23:30:48 elapsed=425.593s phase=train event=interaction_progress trial=17 partition=0 processed=8600 total=14000 metric=ce epoch=1/1
[pipeline-trace] wall=23:30:48 elapsed=424.358s phase=train event=interaction_progress trial=16 partition=0 processed=11400 total=14000 metric=ce epoch=1/1
[pipeline-trace] wall=23:30:48 elapsed=425.883s phase=train event=interaction_progress trial=17 partition=0 processed=8700 total=14000 metric=ce epoch=1/1
[pipeline-trace] wall=23:30:48 elapsed=424.595s phase=train event=interaction_progress trial=16 partition=0 processed=11500 total=14000 metric=ce epoch=1/1
[pipeline-trace] wall=23:30:48 elapsed=426.180s phase=train event=interaction_progress trial=17 partition=0 processed=8800 total=14000 metric=ce epoch=1/1
[pipeline-trace] wall=23:30:48 elapsed=424.837s phase=train event=interaction_progress trial=16 partition=0 processed=11600 total=14000 metric=ce epoch=1/1
[pipeline-trace] wall=23:30:49 elapsed=426.484s phase=train event=interaction_progress trial=17 partition=0 processed=8900 total=14000 metric=ce epoch=1/1
[pipeline-trace] wall=23:30:49 elapsed=425.077s phase=train event=interaction_progress trial=16 partition=0 processed=11700 total=14000 metric=ce epoch=1/1
[pipeline-trace] wall=23:30:49 elapsed=425.314s phase=train event=interaction_progress trial=16 partition=0 processed=11800 total=14000 metric=ce epoch=1/1
[pipeline-trace] wall=23:30:49 elapsed=426.790s phase=train event=interaction_progress trial=17 partition=0 processed=9000 total=14000 metric=ce epoch=1/1
[pipeline-trace] wall=23:30:49 elapsed=425.550s phase=train event=interaction_progress trial=16 partition=0 processed=11900 total=14000 metric=ce epoch=1/1
[pipeline-trace] wall=23:30:49 elapsed=427.093s phase=train event=interaction_progress trial=17 partition=0 processed=9100 total=14000 metric=ce epoch=1/1
[pipeline-trace] wall=23:30:49 elapsed=425.793s phase=train event=interaction_progress trial=16 partition=0 processed=12000 total=14000 metric=ce epoch=1/1
[pipeline-trace] wall=23:30:50 elapsed=427.392s phase=train event=interaction_progress trial=17 partition=0 processed=9200 total=14000 metric=ce epoch=1/1
[pipeline-trace] wall=23:30:50 elapsed=426.034s phase=train event=interaction_progress trial=16 partition=0 processed=12100 total=14000 metric=ce epoch=1/1
[pipeline-trace] wall=23:30:50 elapsed=427.693s phase=train event=interaction_progress trial=17 partition=0 processed=9300 total=14000 metric=ce epoch=1/1
[pipeline-trace] wall=23:30:50 elapsed=426.274s phase=train event=interaction_progress trial=16 partition=0 processed=12200 total=14000 metric=ce epoch=1/1
[pipeline-trace] wall=23:30:50 elapsed=426.516s phase=train event=interaction_progress trial=16 partition=0 processed=12300 total=14000 metric=ce epoch=1/1
[pipeline-trace] wall=23:30:50 elapsed=427.990s phase=train event=interaction_progress trial=17 partition=0 processed=9400 total=14000 metric=ce epoch=1/1
[pipeline-trace] wall=23:30:50 elapsed=426.776s phase=train event=interaction_progress trial=16 partition=0 processed=12400 total=14000 metric=ce epoch=1/1
[pipeline-trace] wall=23:30:50 elapsed=428.325s phase=train event=interaction_progress trial=17 partition=0 processed=9500 total=14000 metric=ce epoch=1/1
[pipeline-trace] wall=23:30:51 elapsed=427.026s phase=train event=interaction_progress trial=16 partition=0 processed=12500 total=14000 metric=ce epoch=1/1
[pipeline-trace] wall=23:30:51 elapsed=428.629s phase=train event=interaction_progress trial=17 partition=0 processed=9600 total=14000 metric=ce epoch=1/1
[pipeline-trace] wall=23:30:51 elapsed=427.261s phase=train event=interaction_progress trial=16 partition=0 processed=12600 total=14000 metric=ce epoch=1/1
[pipeline-trace] wall=23:30:51 elapsed=428.924s phase=train event=interaction_progress trial=17 partition=0 processed=9700 total=14000 metric=ce epoch=1/1
[pipeline-trace] wall=23:30:51 elapsed=427.496s phase=train event=interaction_progress trial=16 partition=0 processed=12700 total=14000 metric=ce epoch=1/1
[pipeline-trace] wall=23:30:51 elapsed=427.749s phase=train event=interaction_progress trial=16 partition=0 processed=12800 total=14000 metric=ce epoch=1/1
[pipeline-trace] wall=23:30:51 elapsed=429.226s phase=train event=interaction_progress trial=17 partition=0 processed=9800 total=14000 metric=ce epoch=1/1
[pipeline-trace] wall=23:30:52 elapsed=428.008s phase=train event=interaction_progress trial=16 partition=0 processed=12900 total=14000 metric=ce epoch=1/1
[pipeline-trace] wall=23:30:52 elapsed=429.515s phase=train event=interaction_progress trial=17 partition=0 processed=9900 total=14000 metric=ce epoch=1/1
[pipeline-trace] wall=23:30:52 elapsed=428.257s phase=train event=interaction_progress trial=16 partition=0 processed=13000 total=14000 metric=ce epoch=1/1
[pipeline-trace] wall=23:30:52 elapsed=429.802s phase=train event=interaction_progress trial=17 partition=0 processed=10000 total=14000 metric=ce epoch=1/1
[pipeline-trace] wall=23:30:52 elapsed=428.480s phase=train event=interaction_progress trial=16 partition=0 processed=13100 total=14000 metric=ce epoch=1/1
[pipeline-trace] wall=23:30:52 elapsed=430.087s phase=train event=interaction_progress trial=17 partition=0 processed=10100 total=14000 metric=ce epoch=1/1
[pipeline-trace] wall=23:30:52 elapsed=428.725s phase=train event=interaction_progress trial=16 partition=0 processed=13200 total=14000 metric=ce epoch=1/1
[pipeline-trace] wall=23:30:53 elapsed=430.389s phase=train event=interaction_progress trial=17 partition=0 processed=10200 total=14000 metric=ce epoch=1/1
[pipeline-trace] wall=23:30:53 elapsed=428.981s phase=train event=interaction_progress trial=16 partition=0 processed=13300 total=14000 metric=ce epoch=1/1
[pipeline-trace] wall=23:30:53 elapsed=429.218s phase=train event=interaction_progress trial=16 partition=0 processed=13400 total=14000 metric=ce epoch=1/1
[pipeline-trace] wall=23:30:53 elapsed=430.673s phase=train event=interaction_progress trial=17 partition=0 processed=10300 total=14000 metric=ce epoch=1/1
[pipeline-trace] wall=23:30:53 elapsed=429.456s phase=train event=interaction_progress trial=16 partition=0 processed=13500 total=14000 metric=ce epoch=1/1
[pipeline-trace] wall=23:30:53 elapsed=430.959s phase=train event=interaction_progress trial=17 partition=0 processed=10400 total=14000 metric=ce epoch=1/1
[pipeline-trace] wall=23:30:53 elapsed=429.713s phase=train event=interaction_progress trial=16 partition=0 processed=13600 total=14000 metric=ce epoch=1/1
[pipeline-trace] wall=23:30:53 elapsed=431.289s phase=train event=interaction_progress trial=17 partition=0 processed=10500 total=14000 metric=ce epoch=1/1
[pipeline-trace] wall=23:30:54 elapsed=429.974s phase=train event=interaction_progress trial=16 partition=0 processed=13700 total=14000 metric=ce epoch=1/1
[pipeline-trace] wall=23:30:54 elapsed=431.604s phase=train event=interaction_progress trial=17 partition=0 processed=10600 total=14000 metric=ce epoch=1/1
[pipeline-trace] wall=23:30:54 elapsed=430.239s phase=train event=interaction_progress trial=16 partition=0 processed=13800 total=14000 metric=ce epoch=1/1
[pipeline-trace] wall=23:30:54 elapsed=431.904s phase=train event=interaction_progress trial=17 partition=0 processed=10700 total=14000 metric=ce epoch=1/1
[pipeline-trace] wall=23:30:54 elapsed=430.479s phase=train event=interaction_progress trial=16 partition=0 processed=13900 total=14000 metric=ce epoch=1/1
[pipeline-trace] wall=23:30:54 elapsed=430.731s phase=train event=interaction_progress trial=16 partition=0 processed=14000 total=14000 metric=ce epoch=1/1
[pipeline-trace] wall=23:30:54 elapsed=430.790s phase=eval event=batch_start trial=16 partitions=[1] synthetic=False
[pipeline-trace] wall=23:30:54 elapsed=430.791s phase=eval event=partition_start trial=16 partition=1 interactions=1999
[pipeline-trace] wall=23:30:54 elapsed=430.791s phase=eval event=interaction_progress trial=16 partition=1 processed=1 total=1999 metric=ranking
[pipeline-trace] wall=23:30:54 elapsed=432.247s phase=train event=interaction_progress trial=17 partition=0 processed=10800 total=14000 metric=ce epoch=1/1
[pipeline-trace] wall=23:30:55 elapsed=430.965s phase=eval event=interaction_progress trial=16 partition=1 processed=100 total=1999 metric=ranking
[pipeline-trace] wall=23:30:55 elapsed=431.137s phase=eval event=interaction_progress trial=16 partition=1 processed=200 total=1999 metric=ranking
[pipeline-trace] wall=23:30:55 elapsed=432.657s phase=train event=interaction_progress trial=17 partition=0 processed=10900 total=14000 metric=ce epoch=1/1
[pipeline-trace] wall=23:30:55 elapsed=431.315s phase=eval event=interaction_progress trial=16 partition=1 processed=300 total=1999 metric=ranking
[pipeline-trace] wall=23:30:55 elapsed=431.482s phase=eval event=interaction_progress trial=16 partition=1 processed=400 total=1999 metric=ranking
[pipeline-trace] wall=23:30:55 elapsed=433.026s phase=train event=interaction_progress trial=17 partition=0 processed=11000 total=14000 metric=ce epoch=1/1
[pipeline-trace] wall=23:30:55 elapsed=431.649s phase=eval event=interaction_progress trial=16 partition=1 processed=500 total=1999 metric=ranking
[pipeline-trace] wall=23:30:55 elapsed=431.813s phase=eval event=interaction_progress trial=16 partition=1 processed=600 total=1999 metric=ranking
[pipeline-trace] wall=23:30:56 elapsed=433.376s phase=train event=interaction_progress trial=17 partition=0 processed=11100 total=14000 metric=ce epoch=1/1
[pipeline-trace] wall=23:30:56 elapsed=431.978s phase=eval event=interaction_progress trial=16 partition=1 processed=700 total=1999 metric=ranking
[pipeline-trace] wall=23:30:56 elapsed=432.141s phase=eval event=interaction_progress trial=16 partition=1 processed=800 total=1999 metric=ranking
[pipeline-trace] wall=23:30:56 elapsed=432.303s phase=eval event=interaction_progress trial=16 partition=1 processed=900 total=1999 metric=ranking
[pipeline-trace] wall=23:30:56 elapsed=433.791s phase=train event=interaction_progress trial=17 partition=0 processed=11200 total=14000 metric=ce epoch=1/1
[pipeline-trace] wall=23:30:56 elapsed=432.467s phase=eval event=interaction_progress trial=16 partition=1 processed=1000 total=1999 metric=ranking
[pipeline-trace] wall=23:30:56 elapsed=432.629s phase=eval event=interaction_progress trial=16 partition=1 processed=1100 total=1999 metric=ranking
[pipeline-trace] wall=23:30:56 elapsed=434.197s phase=train event=interaction_progress trial=17 partition=0 processed=11300 total=14000 metric=ce epoch=1/1
[pipeline-trace] wall=23:30:56 elapsed=432.794s phase=eval event=interaction_progress trial=16 partition=1 processed=1200 total=1999 metric=ranking
[pipeline-trace] wall=23:30:57 elapsed=432.957s phase=eval event=interaction_progress trial=16 partition=1 processed=1300 total=1999 metric=ranking
[pipeline-trace] wall=23:30:57 elapsed=433.120s phase=eval event=interaction_progress trial=16 partition=1 processed=1400 total=1999 metric=ranking
[pipeline-trace] wall=23:30:57 elapsed=434.604s phase=train event=interaction_progress trial=17 partition=0 processed=11400 total=14000 metric=ce epoch=1/1
[pipeline-trace] wall=23:30:57 elapsed=433.284s phase=eval event=interaction_progress trial=16 partition=1 processed=1500 total=1999 metric=ranking
[pipeline-trace] wall=23:30:57 elapsed=433.448s phase=eval event=interaction_progress trial=16 partition=1 processed=1600 total=1999 metric=ranking
[pipeline-trace] wall=23:30:57 elapsed=435.025s phase=train event=interaction_progress trial=17 partition=0 processed=11500 total=14000 metric=ce epoch=1/1
[pipeline-trace] wall=23:30:57 elapsed=433.614s phase=eval event=interaction_progress trial=16 partition=1 processed=1700 total=1999 metric=ranking
[pipeline-trace] wall=23:30:57 elapsed=433.779s phase=eval event=interaction_progress trial=16 partition=1 processed=1800 total=1999 metric=ranking
[pipeline-trace] wall=23:30:58 elapsed=433.945s phase=eval event=interaction_progress trial=16 partition=1 processed=1900 total=1999 metric=ranking
[pipeline-trace] wall=23:30:58 elapsed=435.442s phase=train event=interaction_progress trial=17 partition=0 processed=11600 total=14000 metric=ce epoch=1/1
[pipeline-trace] wall=23:30:58 elapsed=434.109s phase=eval event=interaction_progress trial=16 partition=1 processed=1999 total=1999 metric=ranking
[pipeline-trace] wall=23:30:58 elapsed=434.111s phase=eval event=partition_complete trial=16 partition=1 elapsed_sec=3.321 hits=1337 total=1999
[pipeline-trace] wall=23:30:58 elapsed=434.164s phase=train event=interaction_progress trial=18 partition=0 processed=1 total=14000 metric=ce epoch=1/1
[pipeline-trace] wall=23:30:58 elapsed=435.867s phase=train event=interaction_progress trial=17 partition=0 processed=11700 total=14000 metric=ce epoch=1/1
[pipeline-trace] wall=23:30:58 elapsed=434.501s phase=train event=interaction_progress trial=18 partition=0 processed=100 total=14000 metric=ce epoch=1/1
[pipeline-trace] wall=23:30:58 elapsed=434.802s phase=train event=interaction_progress trial=18 partition=0 processed=200 total=14000 metric=ce epoch=1/1
[pipeline-trace] wall=23:30:58 elapsed=436.250s phase=train event=interaction_progress trial=17 partition=0 processed=11800 total=14000 metric=ce epoch=1/1
[pipeline-trace] wall=23:30:59 elapsed=435.067s phase=train event=interaction_progress trial=18 partition=0 processed=300 total=14000 metric=ce epoch=1/1
[pipeline-trace] wall=23:30:59 elapsed=436.577s phase=train event=interaction_progress trial=17 partition=0 processed=11900 total=14000 metric=ce epoch=1/1
[pipeline-trace] wall=23:30:59 elapsed=435.325s phase=train event=interaction_progress trial=18 partition=0 processed=400 total=14000 metric=ce epoch=1/1
[pipeline-trace] wall=23:30:59 elapsed=436.892s phase=train event=interaction_progress trial=17 partition=0 processed=12000 total=14000 metric=ce epoch=1/1
[pipeline-trace] wall=23:30:59 elapsed=435.598s phase=train event=interaction_progress trial=18 partition=0 processed=500 total=14000 metric=ce epoch=1/1
[pipeline-trace] wall=23:30:59 elapsed=437.215s phase=train event=interaction_progress trial=17 partition=0 processed=12100 total=14000 metric=ce epoch=1/1
[pipeline-trace] wall=23:30:59 elapsed=435.878s phase=train event=interaction_progress trial=18 partition=0 processed=600 total=14000 metric=ce epoch=1/1
[pipeline-trace] wall=23:31:00 elapsed=437.557s phase=train event=interaction_progress trial=17 partition=0 processed=12200 total=14000 metric=ce epoch=1/1
[pipeline-trace] wall=23:31:00 elapsed=436.173s phase=train event=interaction_progress trial=18 partition=0 processed=700 total=14000 metric=ce epoch=1/1
[pipeline-trace] wall=23:31:00 elapsed=437.904s phase=train event=interaction_progress trial=17 partition=0 processed=12300 total=14000 metric=ce epoch=1/1
[pipeline-trace] wall=23:31:00 elapsed=436.506s phase=train event=interaction_progress trial=18 partition=0 processed=800 total=14000 metric=ce epoch=1/1
[pipeline-trace] wall=23:31:00 elapsed=436.767s phase=train event=interaction_progress trial=18 partition=0 processed=900 total=14000 metric=ce epoch=1/1
[pipeline-trace] wall=23:31:00 elapsed=438.215s phase=train event=interaction_progress trial=17 partition=0 processed=12400 total=14000 metric=ce epoch=1/1
[pipeline-trace] wall=23:31:01 elapsed=437.026s phase=train event=interaction_progress trial=18 partition=0 processed=1000 total=14000 metric=ce epoch=1/1
[pipeline-trace] wall=23:31:01 elapsed=438.519s phase=train event=interaction_progress trial=17 partition=0 processed=12500 total=14000 metric=ce epoch=1/1
[pipeline-trace] wall=23:31:01 elapsed=437.294s phase=train event=interaction_progress trial=18 partition=0 processed=1100 total=14000 metric=ce epoch=1/1
[pipeline-trace] wall=23:31:01 elapsed=438.820s phase=train event=interaction_progress trial=17 partition=0 processed=12600 total=14000 metric=ce epoch=1/1
[pipeline-trace] wall=23:31:01 elapsed=437.590s phase=train event=interaction_progress trial=18 partition=0 processed=1200 total=14000 metric=ce epoch=1/1
[pipeline-trace] wall=23:31:01 elapsed=439.206s phase=train event=interaction_progress trial=17 partition=0 processed=12700 total=14000 metric=ce epoch=1/1
[pipeline-trace] wall=23:31:01 elapsed=437.930s phase=train event=interaction_progress trial=18 partition=0 processed=1300 total=14000 metric=ce epoch=1/1
[pipeline-trace] wall=23:31:02 elapsed=439.595s phase=train event=interaction_progress trial=17 partition=0 processed=12800 total=14000 metric=ce epoch=1/1
[pipeline-trace] wall=23:31:02 elapsed=438.276s phase=train event=interaction_progress trial=18 partition=0 processed=1400 total=14000 metric=ce epoch=1/1
[pipeline-trace] wall=23:31:02 elapsed=440.003s phase=train event=interaction_progress trial=17 partition=0 processed=12900 total=14000 metric=ce epoch=1/1
[pipeline-trace] wall=23:31:02 elapsed=438.661s phase=train event=interaction_progress trial=18 partition=0 processed=1500 total=14000 metric=ce epoch=1/1
[pipeline-trace] wall=23:31:03 elapsed=440.401s phase=train event=interaction_progress trial=17 partition=0 processed=13000 total=14000 metric=ce epoch=1/1
[pipeline-trace] wall=23:31:03 elapsed=439.007s phase=train event=interaction_progress trial=18 partition=0 processed=1600 total=14000 metric=ce epoch=1/1
[pipeline-trace] wall=23:31:03 elapsed=439.358s phase=train event=interaction_progress trial=18 partition=0 processed=1700 total=14000 metric=ce epoch=1/1
[pipeline-trace] wall=23:31:03 elapsed=440.802s phase=train event=interaction_progress trial=17 partition=0 processed=13100 total=14000 metric=ce epoch=1/1
[pipeline-trace] wall=23:31:03 elapsed=439.678s phase=train event=interaction_progress trial=18 partition=0 processed=1800 total=14000 metric=ce epoch=1/1
[pipeline-trace] wall=23:31:03 elapsed=441.170s phase=train event=interaction_progress trial=17 partition=0 processed=13200 total=14000 metric=ce epoch=1/1
[pipeline-trace] wall=23:31:04 elapsed=439.952s phase=train event=interaction_progress trial=18 partition=0 processed=1900 total=14000 metric=ce epoch=1/1
[pipeline-trace] wall=23:31:04 elapsed=441.486s phase=train event=interaction_progress trial=17 partition=0 processed=13300 total=14000 metric=ce epoch=1/1
[pipeline-trace] wall=23:31:04 elapsed=440.208s phase=train event=interaction_progress trial=18 partition=0 processed=2000 total=14000 metric=ce epoch=1/1
[pipeline-trace] wall=23:31:04 elapsed=441.787s phase=train event=interaction_progress trial=17 partition=0 processed=13400 total=14000 metric=ce epoch=1/1
[pipeline-trace] wall=23:31:04 elapsed=440.464s phase=train event=interaction_progress trial=18 partition=0 processed=2100 total=14000 metric=ce epoch=1/1
[pipeline-trace] wall=23:31:04 elapsed=442.087s phase=train event=interaction_progress trial=17 partition=0 processed=13500 total=14000 metric=ce epoch=1/1
[pipeline-trace] wall=23:31:04 elapsed=440.718s phase=train event=interaction_progress trial=18 partition=0 processed=2200 total=14000 metric=ce epoch=1/1
[pipeline-trace] wall=23:31:05 elapsed=442.393s phase=train event=interaction_progress trial=17 partition=0 processed=13600 total=14000 metric=ce epoch=1/1
[pipeline-trace] wall=23:31:05 elapsed=440.976s phase=train event=interaction_progress trial=18 partition=0 processed=2300 total=14000 metric=ce epoch=1/1
[pipeline-trace] wall=23:31:05 elapsed=441.218s phase=train event=interaction_progress trial=18 partition=0 processed=2400 total=14000 metric=ce epoch=1/1
[pipeline-trace] wall=23:31:05 elapsed=442.683s phase=train event=interaction_progress trial=17 partition=0 processed=13700 total=14000 metric=ce epoch=1/1
[pipeline-trace] wall=23:31:05 elapsed=441.469s phase=train event=interaction_progress trial=18 partition=0 processed=2500 total=14000 metric=ce epoch=1/1
[pipeline-trace] wall=23:31:05 elapsed=442.983s phase=train event=interaction_progress trial=17 partition=0 processed=13800 total=14000 metric=ce epoch=1/1
[pipeline-trace] wall=23:31:05 elapsed=441.726s phase=train event=interaction_progress trial=18 partition=0 processed=2600 total=14000 metric=ce epoch=1/1
[pipeline-trace] wall=23:31:05 elapsed=443.283s phase=train event=interaction_progress trial=17 partition=0 processed=13900 total=14000 metric=ce epoch=1/1
[pipeline-trace] wall=23:31:06 elapsed=441.991s phase=train event=interaction_progress trial=18 partition=0 processed=2700 total=14000 metric=ce epoch=1/1
[pipeline-trace] wall=23:31:06 elapsed=443.591s phase=train event=interaction_progress trial=17 partition=0 processed=14000 total=14000 metric=ce epoch=1/1
[pipeline-trace] wall=23:31:06 elapsed=443.646s phase=eval event=batch_start trial=17 partitions=[1] synthetic=False
[pipeline-trace] wall=23:31:06 elapsed=443.647s phase=eval event=partition_start trial=17 partition=1 interactions=1999
[pipeline-trace] wall=23:31:06 elapsed=443.647s phase=eval event=interaction_progress trial=17 partition=1 processed=1 total=1999 metric=ranking
[pipeline-trace] wall=23:31:06 elapsed=442.252s phase=train event=interaction_progress trial=18 partition=0 processed=2800 total=14000 metric=ce epoch=1/1
[pipeline-trace] wall=23:31:06 elapsed=443.812s phase=eval event=interaction_progress trial=17 partition=1 processed=100 total=1999 metric=ranking
[pipeline-trace] wall=23:31:06 elapsed=442.505s phase=train event=interaction_progress trial=18 partition=0 processed=2900 total=14000 metric=ce epoch=1/1
[pipeline-trace] wall=23:31:06 elapsed=443.979s phase=eval event=interaction_progress trial=17 partition=1 processed=200 total=1999 metric=ranking
[pipeline-trace] wall=23:31:06 elapsed=444.146s phase=eval event=interaction_progress trial=17 partition=1 processed=300 total=1999 metric=ranking
[pipeline-trace] wall=23:31:06 elapsed=442.759s phase=train event=interaction_progress trial=18 partition=0 processed=3000 total=14000 metric=ce epoch=1/1
[pipeline-trace] wall=23:31:06 elapsed=444.318s phase=eval event=interaction_progress trial=17 partition=1 processed=400 total=1999 metric=ranking
[pipeline-trace] wall=23:31:07 elapsed=443.030s phase=train event=interaction_progress trial=18 partition=0 processed=3100 total=14000 metric=ce epoch=1/1
[pipeline-trace] wall=23:31:07 elapsed=444.486s phase=eval event=interaction_progress trial=17 partition=1 processed=500 total=1999 metric=ranking
[pipeline-trace] wall=23:31:07 elapsed=444.656s phase=eval event=interaction_progress trial=17 partition=1 processed=600 total=1999 metric=ranking
[pipeline-trace] wall=23:31:07 elapsed=443.288s phase=train event=interaction_progress trial=18 partition=0 processed=3200 total=14000 metric=ce epoch=1/1
[pipeline-trace] wall=23:31:07 elapsed=444.823s phase=eval event=interaction_progress trial=17 partition=1 processed=700 total=1999 metric=ranking
[pipeline-trace] wall=23:31:07 elapsed=443.543s phase=train event=interaction_progress trial=18 partition=0 processed=3300 total=14000 metric=ce epoch=1/1
[pipeline-trace] wall=23:31:07 elapsed=444.989s phase=eval event=interaction_progress trial=17 partition=1 processed=800 total=1999 metric=ranking
[pipeline-trace] wall=23:31:07 elapsed=445.156s phase=eval event=interaction_progress trial=17 partition=1 processed=900 total=1999 metric=ranking
[pipeline-trace] wall=23:31:07 elapsed=443.802s phase=train event=interaction_progress trial=18 partition=0 processed=3400 total=14000 metric=ce epoch=1/1
[pipeline-trace] wall=23:31:07 elapsed=445.323s phase=eval event=interaction_progress trial=17 partition=1 processed=1000 total=1999 metric=ranking
[pipeline-trace] wall=23:31:08 elapsed=445.491s phase=eval event=interaction_progress trial=17 partition=1 processed=1100 total=1999 metric=ranking
[pipeline-trace] wall=23:31:08 elapsed=444.082s phase=train event=interaction_progress trial=18 partition=0 processed=3500 total=14000 metric=ce epoch=1/1
[pipeline-trace] wall=23:31:08 elapsed=445.657s phase=eval event=interaction_progress trial=17 partition=1 processed=1200 total=1999 metric=ranking
[pipeline-trace] wall=23:31:08 elapsed=444.327s phase=train event=interaction_progress trial=18 partition=0 processed=3600 total=14000 metric=ce epoch=1/1
[pipeline-trace] wall=23:31:08 elapsed=445.824s phase=eval event=interaction_progress trial=17 partition=1 processed=1300 total=1999 metric=ranking
[pipeline-trace] wall=23:31:08 elapsed=445.991s phase=eval event=interaction_progress trial=17 partition=1 processed=1400 total=1999 metric=ranking
[pipeline-trace] wall=23:31:08 elapsed=444.579s phase=train event=interaction_progress trial=18 partition=0 processed=3700 total=14000 metric=ce epoch=1/1
[pipeline-trace] wall=23:31:08 elapsed=446.158s phase=eval event=interaction_progress trial=17 partition=1 processed=1500 total=1999 metric=ranking
[pipeline-trace] wall=23:31:08 elapsed=444.827s phase=train event=interaction_progress trial=18 partition=0 processed=3800 total=14000 metric=ce epoch=1/1
[pipeline-trace] wall=23:31:08 elapsed=446.313s phase=eval event=interaction_progress trial=17 partition=1 processed=1600 total=1999 metric=ranking
[pipeline-trace] wall=23:31:09 elapsed=446.448s phase=eval event=interaction_progress trial=17 partition=1 processed=1700 total=1999 metric=ranking
[pipeline-trace] wall=23:31:09 elapsed=445.077s phase=train event=interaction_progress trial=18 partition=0 processed=3900 total=14000 metric=ce epoch=1/1
[pipeline-trace] wall=23:31:09 elapsed=446.583s phase=eval event=interaction_progress trial=17 partition=1 processed=1800 total=1999 metric=ranking
[pipeline-trace] wall=23:31:09 elapsed=446.719s phase=eval event=interaction_progress trial=17 partition=1 processed=1900 total=1999 metric=ranking
[pipeline-trace] wall=23:31:09 elapsed=445.326s phase=train event=interaction_progress trial=18 partition=0 processed=4000 total=14000 metric=ce epoch=1/1
[pipeline-trace] wall=23:31:09 elapsed=446.853s phase=eval event=interaction_progress trial=17 partition=1 processed=1999 total=1999 metric=ranking
[pipeline-trace] wall=23:31:09 elapsed=446.855s phase=eval event=partition_complete trial=17 partition=1 elapsed_sec=3.208 hits=1042 total=1999
[pipeline-trace] wall=23:31:09 elapsed=446.911s phase=train event=interaction_progress trial=19 partition=0 processed=1 total=14000 metric=ce epoch=1/1
[pipeline-trace] wall=23:31:09 elapsed=445.593s phase=train event=interaction_progress trial=18 partition=0 processed=4100 total=14000 metric=ce epoch=1/1
[pipeline-trace] wall=23:31:09 elapsed=445.860s phase=train event=interaction_progress trial=18 partition=0 processed=4200 total=14000 metric=ce epoch=1/1
[pipeline-trace] wall=23:31:09 elapsed=447.356s phase=train event=interaction_progress trial=19 partition=0 processed=100 total=14000 metric=ce epoch=1/1
[pipeline-trace] wall=23:31:10 elapsed=446.104s phase=train event=interaction_progress trial=18 partition=0 processed=4300 total=14000 metric=ce epoch=1/1
[pipeline-trace] wall=23:31:10 elapsed=446.356s phase=train event=interaction_progress trial=18 partition=0 processed=4400 total=14000 metric=ce epoch=1/1
[pipeline-trace] wall=23:31:10 elapsed=447.789s phase=train event=interaction_progress trial=19 partition=0 processed=200 total=14000 metric=ce epoch=1/1
[pipeline-trace] wall=23:31:10 elapsed=446.587s phase=train event=interaction_progress trial=18 partition=0 processed=4500 total=14000 metric=ce epoch=1/1
[pipeline-trace] wall=23:31:10 elapsed=448.192s phase=train event=interaction_progress trial=19 partition=0 processed=300 total=14000 metric=ce epoch=1/1
[pipeline-trace] wall=23:31:10 elapsed=446.831s phase=train event=interaction_progress trial=18 partition=0 processed=4600 total=14000 metric=ce epoch=1/1
[pipeline-trace] wall=23:31:11 elapsed=447.084s phase=train event=interaction_progress trial=18 partition=0 processed=4700 total=14000 metric=ce epoch=1/1
[pipeline-trace] wall=23:31:11 elapsed=448.548s phase=train event=interaction_progress trial=19 partition=0 processed=400 total=14000 metric=ce epoch=1/1
[pipeline-trace] wall=23:31:11 elapsed=447.342s phase=train event=interaction_progress trial=18 partition=0 processed=4800 total=14000 metric=ce epoch=1/1
[pipeline-trace] wall=23:31:11 elapsed=448.979s phase=train event=interaction_progress trial=19 partition=0 processed=500 total=14000 metric=ce epoch=1/1
[pipeline-trace] wall=23:31:11 elapsed=447.600s phase=train event=interaction_progress trial=18 partition=0 processed=4900 total=14000 metric=ce epoch=1/1
[pipeline-trace] wall=23:31:11 elapsed=447.858s phase=train event=interaction_progress trial=18 partition=0 processed=5000 total=14000 metric=ce epoch=1/1
[pipeline-trace] wall=23:31:12 elapsed=449.398s phase=train event=interaction_progress trial=19 partition=0 processed=600 total=14000 metric=ce epoch=1/1
[pipeline-trace] wall=23:31:12 elapsed=448.108s phase=train event=interaction_progress trial=18 partition=0 processed=5100 total=14000 metric=ce epoch=1/1
[pipeline-trace] wall=23:31:12 elapsed=448.356s phase=train event=interaction_progress trial=18 partition=0 processed=5200 total=14000 metric=ce epoch=1/1
[pipeline-trace] wall=23:31:12 elapsed=449.830s phase=train event=interaction_progress trial=19 partition=0 processed=700 total=14000 metric=ce epoch=1/1
[pipeline-trace] wall=23:31:12 elapsed=448.603s phase=train event=interaction_progress trial=18 partition=0 processed=5300 total=14000 metric=ce epoch=1/1
[pipeline-trace] wall=23:31:12 elapsed=450.244s phase=train event=interaction_progress trial=19 partition=0 processed=800 total=14000 metric=ce epoch=1/1
[pipeline-trace] wall=23:31:12 elapsed=448.854s phase=train event=interaction_progress trial=18 partition=0 processed=5400 total=14000 metric=ce epoch=1/1
[pipeline-trace] wall=23:31:13 elapsed=449.105s phase=train event=interaction_progress trial=18 partition=0 processed=5500 total=14000 metric=ce epoch=1/1
[pipeline-trace] wall=23:31:13 elapsed=450.641s phase=train event=interaction_progress trial=19 partition=0 processed=900 total=14000 metric=ce epoch=1/1
[pipeline-trace] wall=23:31:13 elapsed=449.355s phase=train event=interaction_progress trial=18 partition=0 processed=5600 total=14000 metric=ce epoch=1/1
[pipeline-trace] wall=23:31:13 elapsed=451.013s phase=train event=interaction_progress trial=19 partition=0 processed=1000 total=14000 metric=ce epoch=1/1
[pipeline-trace] wall=23:31:13 elapsed=449.614s phase=train event=interaction_progress trial=18 partition=0 processed=5700 total=14000 metric=ce epoch=1/1
[pipeline-trace] wall=23:31:13 elapsed=449.859s phase=train event=interaction_progress trial=18 partition=0 processed=5800 total=14000 metric=ce epoch=1/1
[pipeline-trace] wall=23:31:14 elapsed=451.381s phase=train event=interaction_progress trial=19 partition=0 processed=1100 total=14000 metric=ce epoch=1/1
[pipeline-trace] wall=23:31:14 elapsed=450.109s phase=train event=interaction_progress trial=18 partition=0 processed=5900 total=14000 metric=ce epoch=1/1
[pipeline-trace] wall=23:31:14 elapsed=451.771s phase=train event=interaction_progress trial=19 partition=0 processed=1200 total=14000 metric=ce epoch=1/1
[pipeline-trace] wall=23:31:14 elapsed=450.356s phase=train event=interaction_progress trial=18 partition=0 processed=6000 total=14000 metric=ce epoch=1/1
[pipeline-trace] wall=23:31:14 elapsed=450.608s phase=train event=interaction_progress trial=18 partition=0 processed=6100 total=14000 metric=ce epoch=1/1
[pipeline-trace] wall=23:31:14 elapsed=452.155s phase=train event=interaction_progress trial=19 partition=0 processed=1300 total=14000 metric=ce epoch=1/1
[pipeline-trace] wall=23:31:14 elapsed=450.864s phase=train event=interaction_progress trial=18 partition=0 processed=6200 total=14000 metric=ce epoch=1/1
[pipeline-trace] wall=23:31:15 elapsed=451.114s phase=train event=interaction_progress trial=18 partition=0 processed=6300 total=14000 metric=ce epoch=1/1
[pipeline-trace] wall=23:31:15 elapsed=452.592s phase=train event=interaction_progress trial=19 partition=0 processed=1400 total=14000 metric=ce epoch=1/1
[pipeline-trace] wall=23:31:15 elapsed=451.363s phase=train event=interaction_progress trial=18 partition=0 processed=6400 total=14000 metric=ce epoch=1/1
[pipeline-trace] wall=23:31:15 elapsed=453.035s phase=train event=interaction_progress trial=19 partition=0 processed=1500 total=14000 metric=ce epoch=1/1
[pipeline-trace] wall=23:31:15 elapsed=451.607s phase=train event=interaction_progress trial=18 partition=0 processed=6500 total=14000 metric=ce epoch=1/1
[pipeline-trace] wall=23:31:15 elapsed=451.854s phase=train event=interaction_progress trial=18 partition=0 processed=6600 total=14000 metric=ce epoch=1/1
[pipeline-trace] wall=23:31:16 elapsed=453.496s phase=train event=interaction_progress trial=19 partition=0 processed=1600 total=14000 metric=ce epoch=1/1
[pipeline-trace] wall=23:31:16 elapsed=452.108s phase=train event=interaction_progress trial=18 partition=0 processed=6700 total=14000 metric=ce epoch=1/1
[pipeline-trace] wall=23:31:16 elapsed=452.337s phase=train event=interaction_progress trial=18 partition=0 processed=6800 total=14000 metric=ce epoch=1/1
[pipeline-trace] wall=23:31:16 elapsed=453.954s phase=train event=interaction_progress trial=19 partition=0 processed=1700 total=14000 metric=ce epoch=1/1
[pipeline-trace] wall=23:31:16 elapsed=452.591s phase=train event=interaction_progress trial=18 partition=0 processed=6900 total=14000 metric=ce epoch=1/1
[pipeline-trace] wall=23:31:16 elapsed=452.850s phase=train event=interaction_progress trial=18 partition=0 processed=7000 total=14000 metric=ce epoch=1/1
[pipeline-trace] wall=23:31:16 elapsed=454.348s phase=train event=interaction_progress trial=19 partition=0 processed=1800 total=14000 metric=ce epoch=1/1
[pipeline-trace] wall=23:31:17 elapsed=453.097s phase=train event=interaction_progress trial=18 partition=0 processed=7100 total=14000 metric=ce epoch=1/1
[pipeline-trace] wall=23:31:17 elapsed=454.727s phase=train event=interaction_progress trial=19 partition=0 processed=1900 total=14000 metric=ce epoch=1/1
[pipeline-trace] wall=23:31:17 elapsed=453.344s phase=train event=interaction_progress trial=18 partition=0 processed=7200 total=14000 metric=ce epoch=1/1
[pipeline-trace] wall=23:31:17 elapsed=453.594s phase=train event=interaction_progress trial=18 partition=0 processed=7300 total=14000 metric=ce epoch=1/1
[pipeline-trace] wall=23:31:17 elapsed=455.163s phase=train event=interaction_progress trial=19 partition=0 processed=2000 total=14000 metric=ce epoch=1/1
[pipeline-trace] wall=23:31:17 elapsed=453.847s phase=train event=interaction_progress trial=18 partition=0 processed=7400 total=14000 metric=ce epoch=1/1
[pipeline-trace] wall=23:31:18 elapsed=454.096s phase=train event=interaction_progress trial=18 partition=0 processed=7500 total=14000 metric=ce epoch=1/1
[pipeline-trace] wall=23:31:18 elapsed=455.559s phase=train event=interaction_progress trial=19 partition=0 processed=2100 total=14000 metric=ce epoch=1/1
[pipeline-trace] wall=23:31:18 elapsed=454.362s phase=train event=interaction_progress trial=18 partition=0 processed=7600 total=14000 metric=ce epoch=1/1
[pipeline-trace] wall=23:31:18 elapsed=455.939s phase=train event=interaction_progress trial=19 partition=0 processed=2200 total=14000 metric=ce epoch=1/1
[pipeline-trace] wall=23:31:18 elapsed=454.612s phase=train event=interaction_progress trial=18 partition=0 processed=7700 total=14000 metric=ce epoch=1/1
[pipeline-trace] wall=23:31:18 elapsed=454.859s phase=train event=interaction_progress trial=18 partition=0 processed=7800 total=14000 metric=ce epoch=1/1
[pipeline-trace] wall=23:31:18 elapsed=456.361s phase=train event=interaction_progress trial=19 partition=0 processed=2300 total=14000 metric=ce epoch=1/1
[pipeline-trace] wall=23:31:19 elapsed=455.132s phase=train event=interaction_progress trial=18 partition=0 processed=7900 total=14000 metric=ce epoch=1/1
[pipeline-trace] wall=23:31:19 elapsed=456.730s phase=train event=interaction_progress trial=19 partition=0 processed=2400 total=14000 metric=ce epoch=1/1
[pipeline-trace] wall=23:31:19 elapsed=455.386s phase=train event=interaction_progress trial=18 partition=0 processed=8000 total=14000 metric=ce epoch=1/1
[pipeline-trace] wall=23:31:19 elapsed=455.627s phase=train event=interaction_progress trial=18 partition=0 processed=8100 total=14000 metric=ce epoch=1/1
[pipeline-trace] wall=23:31:19 elapsed=457.158s phase=train event=interaction_progress trial=19 partition=0 processed=2500 total=14000 metric=ce epoch=1/1
[pipeline-trace] wall=23:31:19 elapsed=455.873s phase=train event=interaction_progress trial=18 partition=0 processed=8200 total=14000 metric=ce epoch=1/1
[pipeline-trace] wall=23:31:20 elapsed=456.122s phase=train event=interaction_progress trial=18 partition=0 processed=8300 total=14000 metric=ce epoch=1/1
[pipeline-trace] wall=23:31:20 elapsed=457.605s phase=train event=interaction_progress trial=19 partition=0 processed=2600 total=14000 metric=ce epoch=1/1
[pipeline-trace] wall=23:31:20 elapsed=456.389s phase=train event=interaction_progress trial=18 partition=0 processed=8400 total=14000 metric=ce epoch=1/1
[pipeline-trace] wall=23:31:20 elapsed=458.010s phase=train event=interaction_progress trial=19 partition=0 processed=2700 total=14000 metric=ce epoch=1/1
[pipeline-trace] wall=23:31:20 elapsed=456.645s phase=train event=interaction_progress trial=18 partition=0 processed=8500 total=14000 metric=ce epoch=1/1
[pipeline-trace] wall=23:31:20 elapsed=456.909s phase=train event=interaction_progress trial=18 partition=0 processed=8600 total=14000 metric=ce epoch=1/1
[pipeline-trace] wall=23:31:21 elapsed=458.456s phase=train event=interaction_progress trial=19 partition=0 processed=2800 total=14000 metric=ce epoch=1/1
[pipeline-trace] wall=23:31:21 elapsed=457.162s phase=train event=interaction_progress trial=18 partition=0 processed=8700 total=14000 metric=ce epoch=1/1
[pipeline-trace] wall=23:31:21 elapsed=457.417s phase=train event=interaction_progress trial=18 partition=0 processed=8800 total=14000 metric=ce epoch=1/1
[pipeline-trace] wall=23:31:21 elapsed=458.891s phase=train event=interaction_progress trial=19 partition=0 processed=2900 total=14000 metric=ce epoch=1/1
[pipeline-trace] wall=23:31:21 elapsed=457.675s phase=train event=interaction_progress trial=18 partition=0 processed=8900 total=14000 metric=ce epoch=1/1
[pipeline-trace] wall=23:31:21 elapsed=459.330s phase=train event=interaction_progress trial=19 partition=0 processed=3000 total=14000 metric=ce epoch=1/1
[pipeline-trace] wall=23:31:22 elapsed=457.950s phase=train event=interaction_progress trial=18 partition=0 processed=9000 total=14000 metric=ce epoch=1/1
[pipeline-trace] wall=23:31:22 elapsed=458.230s phase=train event=interaction_progress trial=18 partition=0 processed=9100 total=14000 metric=ce epoch=1/1
[pipeline-trace] wall=23:31:22 elapsed=459.751s phase=train event=interaction_progress trial=19 partition=0 processed=3100 total=14000 metric=ce epoch=1/1
[pipeline-trace] wall=23:31:22 elapsed=458.477s phase=train event=interaction_progress trial=18 partition=0 processed=9200 total=14000 metric=ce epoch=1/1
[pipeline-trace] wall=23:31:22 elapsed=458.728s phase=train event=interaction_progress trial=18 partition=0 processed=9300 total=14000 metric=ce epoch=1/1
[pipeline-trace] wall=23:31:22 elapsed=460.204s phase=train event=interaction_progress trial=19 partition=0 processed=3200 total=14000 metric=ce epoch=1/1
[pipeline-trace] wall=23:31:23 elapsed=458.990s phase=train event=interaction_progress trial=18 partition=0 processed=9400 total=14000 metric=ce epoch=1/1
[pipeline-trace] wall=23:31:23 elapsed=460.640s phase=train event=interaction_progress trial=19 partition=0 processed=3300 total=14000 metric=ce epoch=1/1
[pipeline-trace] wall=23:31:23 elapsed=459.250s phase=train event=interaction_progress trial=18 partition=0 processed=9500 total=14000 metric=ce epoch=1/1
[pipeline-trace] wall=23:31:23 elapsed=459.524s phase=train event=interaction_progress trial=18 partition=0 processed=9600 total=14000 metric=ce epoch=1/1
[pipeline-trace] wall=23:31:23 elapsed=461.061s phase=train event=interaction_progress trial=19 partition=0 processed=3400 total=14000 metric=ce epoch=1/1
[pipeline-trace] wall=23:31:23 elapsed=459.800s phase=train event=interaction_progress trial=18 partition=0 processed=9700 total=14000 metric=ce epoch=1/1
[pipeline-trace] wall=23:31:24 elapsed=460.089s phase=train event=interaction_progress trial=18 partition=0 processed=9800 total=14000 metric=ce epoch=1/1
[pipeline-trace] wall=23:31:24 elapsed=461.544s phase=train event=interaction_progress trial=19 partition=0 processed=3500 total=14000 metric=ce epoch=1/1
[pipeline-trace] wall=23:31:24 elapsed=460.378s phase=train event=interaction_progress trial=18 partition=0 processed=9900 total=14000 metric=ce epoch=1/1
[pipeline-trace] wall=23:31:24 elapsed=461.987s phase=train event=interaction_progress trial=19 partition=0 processed=3600 total=14000 metric=ce epoch=1/1
[pipeline-trace] wall=23:31:24 elapsed=460.626s phase=train event=interaction_progress trial=18 partition=0 processed=10000 total=14000 metric=ce epoch=1/1
[pipeline-trace] wall=23:31:24 elapsed=460.908s phase=train event=interaction_progress trial=18 partition=0 processed=10100 total=14000 metric=ce epoch=1/1
[pipeline-trace] wall=23:31:25 elapsed=462.437s phase=train event=interaction_progress trial=19 partition=0 processed=3700 total=14000 metric=ce epoch=1/1
[pipeline-trace] wall=23:31:25 elapsed=461.173s phase=train event=interaction_progress trial=18 partition=0 processed=10200 total=14000 metric=ce epoch=1/1
[pipeline-trace] wall=23:31:25 elapsed=461.428s phase=train event=interaction_progress trial=18 partition=0 processed=10300 total=14000 metric=ce epoch=1/1
[pipeline-trace] wall=23:31:25 elapsed=462.904s phase=train event=interaction_progress trial=19 partition=0 processed=3800 total=14000 metric=ce epoch=1/1
[pipeline-trace] wall=23:31:25 elapsed=461.678s phase=train event=interaction_progress trial=18 partition=0 processed=10400 total=14000 metric=ce epoch=1/1
[pipeline-trace] wall=23:31:25 elapsed=461.918s phase=train event=interaction_progress trial=18 partition=0 processed=10500 total=14000 metric=ce epoch=1/1
[pipeline-trace] wall=23:31:26 elapsed=463.375s phase=train event=interaction_progress trial=19 partition=0 processed=3900 total=14000 metric=ce epoch=1/1
[pipeline-trace] wall=23:31:26 elapsed=462.180s phase=train event=interaction_progress trial=18 partition=0 processed=10600 total=14000 metric=ce epoch=1/1
[pipeline-trace] wall=23:31:26 elapsed=463.842s phase=train event=interaction_progress trial=19 partition=0 processed=4000 total=14000 metric=ce epoch=1/1
[pipeline-trace] wall=23:31:26 elapsed=462.436s phase=train event=interaction_progress trial=18 partition=0 processed=10700 total=14000 metric=ce epoch=1/1
[pipeline-trace] wall=23:31:26 elapsed=462.697s phase=train event=interaction_progress trial=18 partition=0 processed=10800 total=14000 metric=ce epoch=1/1
[pipeline-trace] wall=23:31:26 elapsed=464.301s phase=train event=interaction_progress trial=19 partition=0 processed=4100 total=14000 metric=ce epoch=1/1
[pipeline-trace] wall=23:31:27 elapsed=462.949s phase=train event=interaction_progress trial=18 partition=0 processed=10900 total=14000 metric=ce epoch=1/1
[pipeline-trace] wall=23:31:27 elapsed=463.197s phase=train event=interaction_progress trial=18 partition=0 processed=11000 total=14000 metric=ce epoch=1/1
[pipeline-trace] wall=23:31:27 elapsed=464.761s phase=train event=interaction_progress trial=19 partition=0 processed=4200 total=14000 metric=ce epoch=1/1
[pipeline-trace] wall=23:31:27 elapsed=463.445s phase=train event=interaction_progress trial=18 partition=0 processed=11100 total=14000 metric=ce epoch=1/1
[pipeline-trace] wall=23:31:27 elapsed=463.698s phase=train event=interaction_progress trial=18 partition=0 processed=11200 total=14000 metric=ce epoch=1/1
[pipeline-trace] wall=23:31:27 elapsed=465.168s phase=train event=interaction_progress trial=19 partition=0 processed=4300 total=14000 metric=ce epoch=1/1
[pipeline-trace] wall=23:31:28 elapsed=463.945s phase=train event=interaction_progress trial=18 partition=0 processed=11300 total=14000 metric=ce epoch=1/1
[pipeline-trace] wall=23:31:28 elapsed=465.604s phase=train event=interaction_progress trial=19 partition=0 processed=4400 total=14000 metric=ce epoch=1/1
[pipeline-trace] wall=23:31:28 elapsed=464.201s phase=train event=interaction_progress trial=18 partition=0 processed=11400 total=14000 metric=ce epoch=1/1
[pipeline-trace] wall=23:31:28 elapsed=464.450s phase=train event=interaction_progress trial=18 partition=0 processed=11500 total=14000 metric=ce epoch=1/1
[pipeline-trace] wall=23:31:28 elapsed=466.034s phase=train event=interaction_progress trial=19 partition=0 processed=4500 total=14000 metric=ce epoch=1/1
[pipeline-trace] wall=23:31:28 elapsed=464.698s phase=train event=interaction_progress trial=18 partition=0 processed=11600 total=14000 metric=ce epoch=1/1
[pipeline-trace] wall=23:31:29 elapsed=464.946s phase=train event=interaction_progress trial=18 partition=0 processed=11700 total=14000 metric=ce epoch=1/1
[pipeline-trace] wall=23:31:29 elapsed=466.495s phase=train event=interaction_progress trial=19 partition=0 processed=4600 total=14000 metric=ce epoch=1/1
[pipeline-trace] wall=23:31:29 elapsed=465.197s phase=train event=interaction_progress trial=18 partition=0 processed=11800 total=14000 metric=ce epoch=1/1
[pipeline-trace] wall=23:31:29 elapsed=465.462s phase=train event=interaction_progress trial=18 partition=0 processed=11900 total=14000 metric=ce epoch=1/1
[pipeline-trace] wall=23:31:29 elapsed=466.940s phase=train event=interaction_progress trial=19 partition=0 processed=4700 total=14000 metric=ce epoch=1/1
[pipeline-trace] wall=23:31:29 elapsed=465.730s phase=train event=interaction_progress trial=18 partition=0 processed=12000 total=14000 metric=ce epoch=1/1
[pipeline-trace] wall=23:31:30 elapsed=467.384s phase=train event=interaction_progress trial=19 partition=0 processed=4800 total=14000 metric=ce epoch=1/1
[pipeline-trace] wall=23:31:30 elapsed=466.026s phase=train event=interaction_progress trial=18 partition=0 processed=12100 total=14000 metric=ce epoch=1/1
[pipeline-trace] wall=23:31:30 elapsed=466.287s phase=train event=interaction_progress trial=18 partition=0 processed=12200 total=14000 metric=ce epoch=1/1
[pipeline-trace] wall=23:31:30 elapsed=467.819s phase=train event=interaction_progress trial=19 partition=0 processed=4900 total=14000 metric=ce epoch=1/1
[pipeline-trace] wall=23:31:30 elapsed=466.528s phase=train event=interaction_progress trial=18 partition=0 processed=12300 total=14000 metric=ce epoch=1/1
[pipeline-trace] wall=23:31:30 elapsed=466.816s phase=train event=interaction_progress trial=18 partition=0 processed=12400 total=14000 metric=ce epoch=1/1
[pipeline-trace] wall=23:31:30 elapsed=468.245s phase=train event=interaction_progress trial=19 partition=0 processed=5000 total=14000 metric=ce epoch=1/1
[pipeline-trace] wall=23:31:31 elapsed=467.133s phase=train event=interaction_progress trial=18 partition=0 processed=12500 total=14000 metric=ce epoch=1/1
[pipeline-trace] wall=23:31:31 elapsed=468.722s phase=train event=interaction_progress trial=19 partition=0 processed=5100 total=14000 metric=ce epoch=1/1
[pipeline-trace] wall=23:31:31 elapsed=467.425s phase=train event=interaction_progress trial=18 partition=0 processed=12600 total=14000 metric=ce epoch=1/1
[pipeline-trace] wall=23:31:31 elapsed=467.696s phase=train event=interaction_progress trial=18 partition=0 processed=12700 total=14000 metric=ce epoch=1/1
[pipeline-trace] wall=23:31:31 elapsed=469.200s phase=train event=interaction_progress trial=19 partition=0 processed=5200 total=14000 metric=ce epoch=1/1
[pipeline-trace] wall=23:31:31 elapsed=467.936s phase=train event=interaction_progress trial=18 partition=0 processed=12800 total=14000 metric=ce epoch=1/1
[pipeline-trace] wall=23:31:32 elapsed=468.203s phase=train event=interaction_progress trial=18 partition=0 processed=12900 total=14000 metric=ce epoch=1/1
[pipeline-trace] wall=23:31:32 elapsed=469.650s phase=train event=interaction_progress trial=19 partition=0 processed=5300 total=14000 metric=ce epoch=1/1
[pipeline-trace] wall=23:31:32 elapsed=468.473s phase=train event=interaction_progress trial=18 partition=0 processed=13000 total=14000 metric=ce epoch=1/1
[pipeline-trace] wall=23:31:32 elapsed=470.112s phase=train event=interaction_progress trial=19 partition=0 processed=5400 total=14000 metric=ce epoch=1/1
[pipeline-trace] wall=23:31:32 elapsed=468.769s phase=train event=interaction_progress trial=18 partition=0 processed=13100 total=14000 metric=ce epoch=1/1
[pipeline-trace] wall=23:31:33 elapsed=469.067s phase=train event=interaction_progress trial=18 partition=0 processed=13200 total=14000 metric=ce epoch=1/1
[pipeline-trace] wall=23:31:33 elapsed=470.576s phase=train event=interaction_progress trial=19 partition=0 processed=5500 total=14000 metric=ce epoch=1/1
[pipeline-trace] wall=23:31:33 elapsed=469.352s phase=train event=interaction_progress trial=18 partition=0 processed=13300 total=14000 metric=ce epoch=1/1
[pipeline-trace] wall=23:31:33 elapsed=470.988s phase=train event=interaction_progress trial=19 partition=0 processed=5600 total=14000 metric=ce epoch=1/1
[pipeline-trace] wall=23:31:33 elapsed=469.626s phase=train event=interaction_progress trial=18 partition=0 processed=13400 total=14000 metric=ce epoch=1/1
[pipeline-trace] wall=23:31:33 elapsed=469.912s phase=train event=interaction_progress trial=18 partition=0 processed=13500 total=14000 metric=ce epoch=1/1
[pipeline-trace] wall=23:31:34 elapsed=471.436s phase=train event=interaction_progress trial=19 partition=0 processed=5700 total=14000 metric=ce epoch=1/1
[pipeline-trace] wall=23:31:34 elapsed=470.190s phase=train event=interaction_progress trial=18 partition=0 processed=13600 total=14000 metric=ce epoch=1/1
[pipeline-trace] wall=23:31:34 elapsed=470.470s phase=train event=interaction_progress trial=18 partition=0 processed=13700 total=14000 metric=ce epoch=1/1
[pipeline-trace] wall=23:31:34 elapsed=471.910s phase=train event=interaction_progress trial=19 partition=0 processed=5800 total=14000 metric=ce epoch=1/1
[pipeline-trace] wall=23:31:34 elapsed=470.754s phase=train event=interaction_progress trial=18 partition=0 processed=13800 total=14000 metric=ce epoch=1/1
[pipeline-trace] wall=23:31:34 elapsed=472.309s phase=train event=interaction_progress trial=19 partition=0 processed=5900 total=14000 metric=ce epoch=1/1
[pipeline-trace] wall=23:31:35 elapsed=471.010s phase=train event=interaction_progress trial=18 partition=0 processed=13900 total=14000 metric=ce epoch=1/1
[pipeline-trace] wall=23:31:35 elapsed=471.276s phase=train event=interaction_progress trial=18 partition=0 processed=14000 total=14000 metric=ce epoch=1/1
[pipeline-trace] wall=23:31:35 elapsed=472.708s phase=train event=interaction_progress trial=19 partition=0 processed=6000 total=14000 metric=ce epoch=1/1
[pipeline-trace] wall=23:31:35 elapsed=471.332s phase=eval event=batch_start trial=18 partitions=[1] synthetic=False
[pipeline-trace] wall=23:31:35 elapsed=471.332s phase=eval event=partition_start trial=18 partition=1 interactions=1999
[pipeline-trace] wall=23:31:35 elapsed=471.332s phase=eval event=interaction_progress trial=18 partition=1 processed=1 total=1999 metric=ranking
[pipeline-trace] wall=23:31:35 elapsed=471.486s phase=eval event=interaction_progress trial=18 partition=1 processed=100 total=1999 metric=ranking
[pipeline-trace] wall=23:31:35 elapsed=471.642s phase=eval event=interaction_progress trial=18 partition=1 processed=200 total=1999 metric=ranking
[pipeline-trace] wall=23:31:35 elapsed=473.081s phase=train event=interaction_progress trial=19 partition=0 processed=6100 total=14000 metric=ce epoch=1/1
[pipeline-trace] wall=23:31:35 elapsed=471.817s phase=eval event=interaction_progress trial=18 partition=1 processed=300 total=1999 metric=ranking
[pipeline-trace] wall=23:31:36 elapsed=471.972s phase=eval event=interaction_progress trial=18 partition=1 processed=400 total=1999 metric=ranking
[pipeline-trace] wall=23:31:36 elapsed=473.505s phase=train event=interaction_progress trial=19 partition=0 processed=6200 total=14000 metric=ce epoch=1/1
[pipeline-trace] wall=23:31:36 elapsed=472.127s phase=eval event=interaction_progress trial=18 partition=1 processed=500 total=1999 metric=ranking
[pipeline-trace] wall=23:31:36 elapsed=472.297s phase=eval event=interaction_progress trial=18 partition=1 processed=600 total=1999 metric=ranking
[pipeline-trace] wall=23:31:36 elapsed=472.457s phase=eval event=interaction_progress trial=18 partition=1 processed=700 total=1999 metric=ranking
[pipeline-trace] wall=23:31:36 elapsed=473.973s phase=train event=interaction_progress trial=19 partition=0 processed=6300 total=14000 metric=ce epoch=1/1
[pipeline-trace] wall=23:31:36 elapsed=472.613s phase=eval event=interaction_progress trial=18 partition=1 processed=800 total=1999 metric=ranking
[pipeline-trace] wall=23:31:36 elapsed=472.769s phase=eval event=interaction_progress trial=18 partition=1 processed=900 total=1999 metric=ranking
[pipeline-trace] wall=23:31:36 elapsed=472.926s phase=eval event=interaction_progress trial=18 partition=1 processed=1000 total=1999 metric=ranking
[pipeline-trace] wall=23:31:37 elapsed=474.405s phase=train event=interaction_progress trial=19 partition=0 processed=6400 total=14000 metric=ce epoch=1/1
[pipeline-trace] wall=23:31:37 elapsed=473.082s phase=eval event=interaction_progress trial=18 partition=1 processed=1100 total=1999 metric=ranking
[pipeline-trace] wall=23:31:37 elapsed=473.236s phase=eval event=interaction_progress trial=18 partition=1 processed=1200 total=1999 metric=ranking
[pipeline-trace] wall=23:31:37 elapsed=473.391s phase=eval event=interaction_progress trial=18 partition=1 processed=1300 total=1999 metric=ranking
[pipeline-trace] wall=23:31:37 elapsed=474.851s phase=train event=interaction_progress trial=19 partition=0 processed=6500 total=14000 metric=ce epoch=1/1
[pipeline-trace] wall=23:31:37 elapsed=473.548s phase=eval event=interaction_progress trial=18 partition=1 processed=1400 total=1999 metric=ranking
[pipeline-trace] wall=23:31:37 elapsed=473.709s phase=eval event=interaction_progress trial=18 partition=1 processed=1500 total=1999 metric=ranking
[pipeline-trace] wall=23:31:37 elapsed=473.868s phase=eval event=interaction_progress trial=18 partition=1 processed=1600 total=1999 metric=ranking
[pipeline-trace] wall=23:31:37 elapsed=475.357s phase=train event=interaction_progress trial=19 partition=0 processed=6600 total=14000 metric=ce epoch=1/1
[pipeline-trace] wall=23:31:38 elapsed=474.023s phase=eval event=interaction_progress trial=18 partition=1 processed=1700 total=1999 metric=ranking
[pipeline-trace] wall=23:31:38 elapsed=474.180s phase=eval event=interaction_progress trial=18 partition=1 processed=1800 total=1999 metric=ranking
[pipeline-trace] wall=23:31:38 elapsed=474.336s phase=eval event=interaction_progress trial=18 partition=1 processed=1900 total=1999 metric=ranking
[pipeline-trace] wall=23:31:38 elapsed=475.802s phase=train event=interaction_progress trial=19 partition=0 processed=6700 total=14000 metric=ce epoch=1/1
[pipeline-trace] wall=23:31:38 elapsed=474.489s phase=eval event=interaction_progress trial=18 partition=1 processed=1999 total=1999 metric=ranking
[pipeline-trace] wall=23:31:38 elapsed=474.490s phase=eval event=partition_complete trial=18 partition=1 elapsed_sec=3.159 hits=959 total=1999
[pipeline-trace] wall=23:31:38 elapsed=474.546s phase=train event=interaction_progress trial=20 partition=0 processed=1 total=14000 metric=ce epoch=1/1
[pipeline-trace] wall=23:31:38 elapsed=476.232s phase=train event=interaction_progress trial=19 partition=0 processed=6800 total=14000 metric=ce epoch=1/1
[pipeline-trace] wall=23:31:38 elapsed=474.886s phase=train event=interaction_progress trial=20 partition=0 processed=100 total=14000 metric=ce epoch=1/1
[pipeline-trace] wall=23:31:39 elapsed=476.633s phase=train event=interaction_progress trial=19 partition=0 processed=6900 total=14000 metric=ce epoch=1/1
[pipeline-trace] wall=23:31:39 elapsed=475.206s phase=train event=interaction_progress trial=20 partition=0 processed=200 total=14000 metric=ce epoch=1/1
[pipeline-trace] wall=23:31:39 elapsed=475.626s phase=train event=interaction_progress trial=20 partition=0 processed=300 total=14000 metric=ce epoch=1/1
[pipeline-trace] wall=23:31:39 elapsed=477.090s phase=train event=interaction_progress trial=19 partition=0 processed=7000 total=14000 metric=ce epoch=1/1
[pipeline-trace] wall=23:31:40 elapsed=476.034s phase=train event=interaction_progress trial=20 partition=0 processed=400 total=14000 metric=ce epoch=1/1
[pipeline-trace] wall=23:31:40 elapsed=477.562s phase=train event=interaction_progress trial=19 partition=0 processed=7100 total=14000 metric=ce epoch=1/1
[pipeline-trace] wall=23:31:40 elapsed=476.480s phase=train event=interaction_progress trial=20 partition=0 processed=500 total=14000 metric=ce epoch=1/1
[pipeline-trace] wall=23:31:40 elapsed=478.041s phase=train event=interaction_progress trial=19 partition=0 processed=7200 total=14000 metric=ce epoch=1/1
[pipeline-trace] wall=23:31:40 elapsed=476.879s phase=train event=interaction_progress trial=20 partition=0 processed=600 total=14000 metric=ce epoch=1/1
[pipeline-trace] wall=23:31:41 elapsed=478.498s phase=train event=interaction_progress trial=19 partition=0 processed=7300 total=14000 metric=ce epoch=1/1
[pipeline-trace] wall=23:31:41 elapsed=477.265s phase=train event=interaction_progress trial=20 partition=0 processed=700 total=14000 metric=ce epoch=1/1
[pipeline-trace] wall=23:31:41 elapsed=478.930s phase=train event=interaction_progress trial=19 partition=0 processed=7400 total=14000 metric=ce epoch=1/1
[pipeline-trace] wall=23:31:41 elapsed=477.631s phase=train event=interaction_progress trial=20 partition=0 processed=800 total=14000 metric=ce epoch=1/1
[pipeline-trace] wall=23:31:42 elapsed=479.374s phase=train event=interaction_progress trial=19 partition=0 processed=7500 total=14000 metric=ce epoch=1/1
[pipeline-trace] wall=23:31:42 elapsed=477.975s phase=train event=interaction_progress trial=20 partition=0 processed=900 total=14000 metric=ce epoch=1/1
[pipeline-trace] wall=23:31:42 elapsed=478.346s phase=train event=interaction_progress trial=20 partition=0 processed=1000 total=14000 metric=ce epoch=1/1
[pipeline-trace] wall=23:31:42 elapsed=479.847s phase=train event=interaction_progress trial=19 partition=0 processed=7600 total=14000 metric=ce epoch=1/1
[pipeline-trace] wall=23:31:42 elapsed=478.656s phase=train event=interaction_progress trial=20 partition=0 processed=1100 total=14000 metric=ce epoch=1/1
[pipeline-trace] wall=23:31:42 elapsed=480.298s phase=train event=interaction_progress trial=19 partition=0 processed=7700 total=14000 metric=ce epoch=1/1
[pipeline-trace] wall=23:31:43 elapsed=479.031s phase=train event=interaction_progress trial=20 partition=0 processed=1200 total=14000 metric=ce epoch=1/1
[pipeline-trace] wall=23:31:43 elapsed=480.709s phase=train event=interaction_progress trial=19 partition=0 processed=7800 total=14000 metric=ce epoch=1/1
[pipeline-trace] wall=23:31:43 elapsed=479.409s phase=train event=interaction_progress trial=20 partition=0 processed=1300 total=14000 metric=ce epoch=1/1
[pipeline-trace] wall=23:31:43 elapsed=481.029s phase=train event=interaction_progress trial=19 partition=0 processed=7900 total=14000 metric=ce epoch=1/1
[pipeline-trace] wall=23:31:43 elapsed=479.744s phase=train event=interaction_progress trial=20 partition=0 processed=1400 total=14000 metric=ce epoch=1/1
[pipeline-trace] wall=23:31:44 elapsed=481.452s phase=train event=interaction_progress trial=19 partition=0 processed=8000 total=14000 metric=ce epoch=1/1
[pipeline-trace] wall=23:31:44 elapsed=480.115s phase=train event=interaction_progress trial=20 partition=0 processed=1500 total=14000 metric=ce epoch=1/1
[pipeline-trace] wall=23:31:44 elapsed=481.874s phase=train event=interaction_progress trial=19 partition=0 processed=8100 total=14000 metric=ce epoch=1/1
[pipeline-trace] wall=23:31:44 elapsed=480.492s phase=train event=interaction_progress trial=20 partition=0 processed=1600 total=14000 metric=ce epoch=1/1
[pipeline-trace] wall=23:31:44 elapsed=480.817s phase=train event=interaction_progress trial=20 partition=0 processed=1700 total=14000 metric=ce epoch=1/1
[pipeline-trace] wall=23:31:44 elapsed=482.264s phase=train event=interaction_progress trial=19 partition=0 processed=8200 total=14000 metric=ce epoch=1/1
[pipeline-trace] wall=23:31:45 elapsed=481.152s phase=train event=interaction_progress trial=20 partition=0 processed=1800 total=14000 metric=ce epoch=1/1
[pipeline-trace] wall=23:31:45 elapsed=482.683s phase=train event=interaction_progress trial=19 partition=0 processed=8300 total=14000 metric=ce epoch=1/1
[pipeline-trace] wall=23:31:45 elapsed=481.455s phase=train event=interaction_progress trial=20 partition=0 processed=1900 total=14000 metric=ce epoch=1/1
[pipeline-trace] wall=23:31:45 elapsed=483.147s phase=train event=interaction_progress trial=19 partition=0 processed=8400 total=14000 metric=ce epoch=1/1
[pipeline-trace] wall=23:31:45 elapsed=481.852s phase=train event=interaction_progress trial=20 partition=0 processed=2000 total=14000 metric=ce epoch=1/1
[pipeline-trace] wall=23:31:46 elapsed=483.576s phase=train event=interaction_progress trial=19 partition=0 processed=8500 total=14000 metric=ce epoch=1/1
[pipeline-trace] wall=23:31:46 elapsed=482.270s phase=train event=interaction_progress trial=20 partition=0 processed=2100 total=14000 metric=ce epoch=1/1
[pipeline-trace] wall=23:31:46 elapsed=484.035s phase=train event=interaction_progress trial=19 partition=0 processed=8600 total=14000 metric=ce epoch=1/1
[pipeline-trace] wall=23:31:46 elapsed=482.682s phase=train event=interaction_progress trial=20 partition=0 processed=2200 total=14000 metric=ce epoch=1/1
[pipeline-trace] wall=23:31:47 elapsed=484.477s phase=train event=interaction_progress trial=19 partition=0 processed=8700 total=14000 metric=ce epoch=1/1
[pipeline-trace] wall=23:31:47 elapsed=483.098s phase=train event=interaction_progress trial=20 partition=0 processed=2300 total=14000 metric=ce epoch=1/1
[pipeline-trace] wall=23:31:47 elapsed=483.400s phase=train event=interaction_progress trial=20 partition=0 processed=2400 total=14000 metric=ce epoch=1/1
[pipeline-trace] wall=23:31:47 elapsed=484.866s phase=train event=interaction_progress trial=19 partition=0 processed=8800 total=14000 metric=ce epoch=1/1
[pipeline-trace] wall=23:31:47 elapsed=483.688s phase=train event=interaction_progress trial=20 partition=0 processed=2500 total=14000 metric=ce epoch=1/1
[pipeline-trace] wall=23:31:47 elapsed=485.264s phase=train event=interaction_progress trial=19 partition=0 processed=8900 total=14000 metric=ce epoch=1/1
[pipeline-trace] wall=23:31:48 elapsed=484.061s phase=train event=interaction_progress trial=20 partition=0 processed=2600 total=14000 metric=ce epoch=1/1
[pipeline-trace] wall=23:31:48 elapsed=485.663s phase=train event=interaction_progress trial=19 partition=0 processed=9000 total=14000 metric=ce epoch=1/1
[pipeline-trace] wall=23:31:48 elapsed=484.452s phase=train event=interaction_progress trial=20 partition=0 processed=2700 total=14000 metric=ce epoch=1/1
[pipeline-trace] wall=23:31:48 elapsed=486.073s phase=train event=interaction_progress trial=19 partition=0 processed=9100 total=14000 metric=ce epoch=1/1
[pipeline-trace] wall=23:31:48 elapsed=484.852s phase=train event=interaction_progress trial=20 partition=0 processed=2800 total=14000 metric=ce epoch=1/1
[pipeline-trace] wall=23:31:49 elapsed=486.479s phase=train event=interaction_progress trial=19 partition=0 processed=9200 total=14000 metric=ce epoch=1/1
[pipeline-trace] wall=23:31:49 elapsed=485.258s phase=train event=interaction_progress trial=20 partition=0 processed=2900 total=14000 metric=ce epoch=1/1
[pipeline-trace] wall=23:31:49 elapsed=486.900s phase=train event=interaction_progress trial=19 partition=0 processed=9300 total=14000 metric=ce epoch=1/1
[pipeline-trace] wall=23:31:49 elapsed=485.666s phase=train event=interaction_progress trial=20 partition=0 processed=3000 total=14000 metric=ce epoch=1/1
[pipeline-trace] wall=23:31:49 elapsed=487.338s phase=train event=interaction_progress trial=19 partition=0 processed=9400 total=14000 metric=ce epoch=1/1
[pipeline-trace] wall=23:31:50 elapsed=486.075s phase=train event=interaction_progress trial=20 partition=0 processed=3100 total=14000 metric=ce epoch=1/1
[pipeline-trace] wall=23:31:50 elapsed=487.739s phase=train event=interaction_progress trial=19 partition=0 processed=9500 total=14000 metric=ce epoch=1/1
[pipeline-trace] wall=23:31:50 elapsed=486.490s phase=train event=interaction_progress trial=20 partition=0 processed=3200 total=14000 metric=ce epoch=1/1
[pipeline-trace] wall=23:31:50 elapsed=488.151s phase=train event=interaction_progress trial=19 partition=0 processed=9600 total=14000 metric=ce epoch=1/1
[pipeline-trace] wall=23:31:50 elapsed=486.882s phase=train event=interaction_progress trial=20 partition=0 processed=3300 total=14000 metric=ce epoch=1/1
[pipeline-trace] wall=23:31:51 elapsed=488.533s phase=train event=interaction_progress trial=19 partition=0 processed=9700 total=14000 metric=ce epoch=1/1
[pipeline-trace] wall=23:31:51 elapsed=487.267s phase=train event=interaction_progress trial=20 partition=0 processed=3400 total=14000 metric=ce epoch=1/1
[pipeline-trace] wall=23:31:51 elapsed=488.933s phase=train event=interaction_progress trial=19 partition=0 processed=9800 total=14000 metric=ce epoch=1/1
[pipeline-trace] wall=23:31:51 elapsed=487.667s phase=train event=interaction_progress trial=20 partition=0 processed=3500 total=14000 metric=ce epoch=1/1
[pipeline-trace] wall=23:31:51 elapsed=489.343s phase=train event=interaction_progress trial=19 partition=0 processed=9900 total=14000 metric=ce epoch=1/1
[pipeline-trace] wall=23:31:52 elapsed=488.014s phase=train event=interaction_progress trial=20 partition=0 processed=3600 total=14000 metric=ce epoch=1/1
[pipeline-trace] wall=23:31:52 elapsed=489.769s phase=train event=interaction_progress trial=19 partition=0 processed=10000 total=14000 metric=ce epoch=1/1
[pipeline-trace] wall=23:31:52 elapsed=488.387s phase=train event=interaction_progress trial=20 partition=0 processed=3700 total=14000 metric=ce epoch=1/1
[pipeline-trace] wall=23:31:52 elapsed=488.764s phase=train event=interaction_progress trial=20 partition=0 processed=3800 total=14000 metric=ce epoch=1/1
[pipeline-trace] wall=23:31:52 elapsed=490.206s phase=train event=interaction_progress trial=19 partition=0 processed=10100 total=14000 metric=ce epoch=1/1
[pipeline-trace] wall=23:31:53 elapsed=489.143s phase=train event=interaction_progress trial=20 partition=0 processed=3900 total=14000 metric=ce epoch=1/1
[pipeline-trace] wall=23:31:53 elapsed=490.653s phase=train event=interaction_progress trial=19 partition=0 processed=10200 total=14000 metric=ce epoch=1/1
[pipeline-trace] wall=23:31:53 elapsed=489.530s phase=train event=interaction_progress trial=20 partition=0 processed=4000 total=14000 metric=ce epoch=1/1
[pipeline-trace] wall=23:31:53 elapsed=491.093s phase=train event=interaction_progress trial=19 partition=0 processed=10300 total=14000 metric=ce epoch=1/1
[pipeline-trace] wall=23:31:53 elapsed=489.890s phase=train event=interaction_progress trial=20 partition=0 processed=4100 total=14000 metric=ce epoch=1/1
[pipeline-trace] wall=23:31:54 elapsed=491.534s phase=train event=interaction_progress trial=19 partition=0 processed=10400 total=14000 metric=ce epoch=1/1
[pipeline-trace] wall=23:31:54 elapsed=490.283s phase=train event=interaction_progress trial=20 partition=0 processed=4200 total=14000 metric=ce epoch=1/1
[pipeline-trace] wall=23:31:54 elapsed=491.999s phase=train event=interaction_progress trial=19 partition=0 processed=10500 total=14000 metric=ce epoch=1/1
[pipeline-trace] wall=23:31:54 elapsed=490.641s phase=train event=interaction_progress trial=20 partition=0 processed=4300 total=14000 metric=ce epoch=1/1
[pipeline-trace] wall=23:31:55 elapsed=492.413s phase=train event=interaction_progress trial=19 partition=0 processed=10600 total=14000 metric=ce epoch=1/1
[pipeline-trace] wall=23:31:55 elapsed=491.041s phase=train event=interaction_progress trial=20 partition=0 processed=4400 total=14000 metric=ce epoch=1/1
[pipeline-trace] wall=23:31:55 elapsed=492.850s phase=train event=interaction_progress trial=19 partition=0 processed=10700 total=14000 metric=ce epoch=1/1
[pipeline-trace] wall=23:31:55 elapsed=491.450s phase=train event=interaction_progress trial=20 partition=0 processed=4500 total=14000 metric=ce epoch=1/1
[pipeline-trace] wall=23:31:55 elapsed=493.236s phase=train event=interaction_progress trial=19 partition=0 processed=10800 total=14000 metric=ce epoch=1/1
[pipeline-trace] wall=23:31:55 elapsed=491.837s phase=train event=interaction_progress trial=20 partition=0 processed=4600 total=14000 metric=ce epoch=1/1
[pipeline-trace] wall=23:31:56 elapsed=493.614s phase=train event=interaction_progress trial=19 partition=0 processed=10900 total=14000 metric=ce epoch=1/1
[pipeline-trace] wall=23:31:56 elapsed=492.233s phase=train event=interaction_progress trial=20 partition=0 processed=4700 total=14000 metric=ce epoch=1/1
[pipeline-trace] wall=23:31:56 elapsed=493.990s phase=train event=interaction_progress trial=19 partition=0 processed=11000 total=14000 metric=ce epoch=1/1
[pipeline-trace] wall=23:31:56 elapsed=492.638s phase=train event=interaction_progress trial=20 partition=0 processed=4800 total=14000 metric=ce epoch=1/1
[pipeline-trace] wall=23:31:57 elapsed=494.422s phase=train event=interaction_progress trial=19 partition=0 processed=11100 total=14000 metric=ce epoch=1/1
[pipeline-trace] wall=23:31:57 elapsed=493.034s phase=train event=interaction_progress trial=20 partition=0 processed=4900 total=14000 metric=ce epoch=1/1
[pipeline-trace] wall=23:31:57 elapsed=494.870s phase=train event=interaction_progress trial=19 partition=0 processed=11200 total=14000 metric=ce epoch=1/1
[pipeline-trace] wall=23:31:57 elapsed=493.445s phase=train event=interaction_progress trial=20 partition=0 processed=5000 total=14000 metric=ce epoch=1/1
[pipeline-trace] wall=23:31:57 elapsed=495.321s phase=train event=interaction_progress trial=19 partition=0 processed=11300 total=14000 metric=ce epoch=1/1
[pipeline-trace] wall=23:31:57 elapsed=493.918s phase=train event=interaction_progress trial=20 partition=0 processed=5100 total=14000 metric=ce epoch=1/1
[pipeline-trace] wall=23:31:58 elapsed=494.432s phase=train event=interaction_progress trial=20 partition=0 processed=5200 total=14000 metric=ce epoch=1/1
[pipeline-trace] wall=23:31:58 elapsed=495.893s phase=train event=interaction_progress trial=19 partition=0 processed=11400 total=14000 metric=ce epoch=1/1
[pipeline-trace] wall=23:31:59 elapsed=494.977s phase=train event=interaction_progress trial=20 partition=0 processed=5300 total=14000 metric=ce epoch=1/1
[pipeline-trace] wall=23:31:59 elapsed=496.499s phase=train event=interaction_progress trial=19 partition=0 processed=11500 total=14000 metric=ce epoch=1/1
[pipeline-trace] wall=23:31:59 elapsed=495.553s phase=train event=interaction_progress trial=20 partition=0 processed=5400 total=14000 metric=ce epoch=1/1
[pipeline-trace] wall=23:31:59 elapsed=497.303s phase=train event=interaction_progress trial=19 partition=0 processed=11600 total=14000 metric=ce epoch=1/1
[pipeline-trace] wall=23:32:00 elapsed=496.134s phase=train event=interaction_progress trial=20 partition=0 processed=5500 total=14000 metric=ce epoch=1/1
[pipeline-trace] wall=23:32:00 elapsed=497.986s phase=train event=interaction_progress trial=19 partition=0 processed=11700 total=14000 metric=ce epoch=1/1
[pipeline-trace] wall=23:32:00 elapsed=496.671s phase=train event=interaction_progress trial=20 partition=0 processed=5600 total=14000 metric=ce epoch=1/1
[pipeline-trace] wall=23:32:01 elapsed=497.114s phase=train event=interaction_progress trial=20 partition=0 processed=5700 total=14000 metric=ce epoch=1/1
[pipeline-trace] wall=23:32:01 elapsed=498.596s phase=train event=interaction_progress trial=19 partition=0 processed=11800 total=14000 metric=ce epoch=1/1
[pipeline-trace] wall=23:32:01 elapsed=497.611s phase=train event=interaction_progress trial=20 partition=0 processed=5800 total=14000 metric=ce epoch=1/1
[pipeline-trace] wall=23:32:01 elapsed=499.087s phase=train event=interaction_progress trial=19 partition=0 processed=11900 total=14000 metric=ce epoch=1/1
[pipeline-trace] wall=23:32:02 elapsed=498.094s phase=train event=interaction_progress trial=20 partition=0 processed=5900 total=14000 metric=ce epoch=1/1
[pipeline-trace] wall=23:32:02 elapsed=499.580s phase=train event=interaction_progress trial=19 partition=0 processed=12000 total=14000 metric=ce epoch=1/1
[pipeline-trace] wall=23:32:02 elapsed=498.530s phase=train event=interaction_progress trial=20 partition=0 processed=6000 total=14000 metric=ce epoch=1/1
[pipeline-trace] wall=23:32:02 elapsed=500.077s phase=train event=interaction_progress trial=19 partition=0 processed=12100 total=14000 metric=ce epoch=1/1
[pipeline-trace] wall=23:32:03 elapsed=499.004s phase=train event=interaction_progress trial=20 partition=0 processed=6100 total=14000 metric=ce epoch=1/1
[pipeline-trace] wall=23:32:03 elapsed=500.711s phase=train event=interaction_progress trial=19 partition=0 processed=12200 total=14000 metric=ce epoch=1/1
[pipeline-trace] wall=23:32:03 elapsed=499.447s phase=train event=interaction_progress trial=20 partition=0 processed=6200 total=14000 metric=ce epoch=1/1
[pipeline-trace] wall=23:32:03 elapsed=499.920s phase=train event=interaction_progress trial=20 partition=0 processed=6300 total=14000 metric=ce epoch=1/1
[pipeline-trace] wall=23:32:04 elapsed=501.396s phase=train event=interaction_progress trial=19 partition=0 processed=12300 total=14000 metric=ce epoch=1/1
[pipeline-trace] wall=23:32:04 elapsed=500.409s phase=train event=interaction_progress trial=20 partition=0 processed=6400 total=14000 metric=ce epoch=1/1
[pipeline-trace] wall=23:32:04 elapsed=501.977s phase=train event=interaction_progress trial=19 partition=0 processed=12400 total=14000 metric=ce epoch=1/1
[pipeline-trace] wall=23:32:04 elapsed=500.832s phase=train event=interaction_progress trial=20 partition=0 processed=6500 total=14000 metric=ce epoch=1/1
[pipeline-trace] wall=23:32:05 elapsed=502.400s phase=train event=interaction_progress trial=19 partition=0 processed=12500 total=14000 metric=ce epoch=1/1
[pipeline-trace] wall=23:32:05 elapsed=501.113s phase=train event=interaction_progress trial=20 partition=0 processed=6600 total=14000 metric=ce epoch=1/1
[pipeline-trace] wall=23:32:05 elapsed=501.359s phase=train event=interaction_progress trial=20 partition=0 processed=6700 total=14000 metric=ce epoch=1/1
[pipeline-trace] wall=23:32:05 elapsed=502.803s phase=train event=interaction_progress trial=19 partition=0 processed=12600 total=14000 metric=ce epoch=1/1
[pipeline-trace] wall=23:32:05 elapsed=501.610s phase=train event=interaction_progress trial=20 partition=0 processed=6800 total=14000 metric=ce epoch=1/1
[pipeline-trace] wall=23:32:05 elapsed=503.192s phase=train event=interaction_progress trial=19 partition=0 processed=12700 total=14000 metric=ce epoch=1/1
[pipeline-trace] wall=23:32:05 elapsed=501.877s phase=train event=interaction_progress trial=20 partition=0 processed=6900 total=14000 metric=ce epoch=1/1
[pipeline-trace] wall=23:32:06 elapsed=503.571s phase=train event=interaction_progress trial=19 partition=0 processed=12800 total=14000 metric=ce epoch=1/1
[pipeline-trace] wall=23:32:06 elapsed=502.165s phase=train event=interaction_progress trial=20 partition=0 processed=7000 total=14000 metric=ce epoch=1/1
[pipeline-trace] wall=23:32:06 elapsed=503.879s phase=train event=interaction_progress trial=19 partition=0 processed=12900 total=14000 metric=ce epoch=1/1
[pipeline-trace] wall=23:32:06 elapsed=502.528s phase=train event=interaction_progress trial=20 partition=0 processed=7100 total=14000 metric=ce epoch=1/1
[pipeline-trace] wall=23:32:06 elapsed=504.192s phase=train event=interaction_progress trial=19 partition=0 processed=13000 total=14000 metric=ce epoch=1/1
[pipeline-trace] wall=23:32:06 elapsed=502.805s phase=train event=interaction_progress trial=20 partition=0 processed=7200 total=14000 metric=ce epoch=1/1
[pipeline-trace] wall=23:32:07 elapsed=503.122s phase=train event=interaction_progress trial=20 partition=0 processed=7300 total=14000 metric=ce epoch=1/1
[pipeline-trace] wall=23:32:07 elapsed=504.557s phase=train event=interaction_progress trial=19 partition=0 processed=13100 total=14000 metric=ce epoch=1/1
[pipeline-trace] wall=23:32:07 elapsed=503.459s phase=train event=interaction_progress trial=20 partition=0 processed=7400 total=14000 metric=ce epoch=1/1
[pipeline-trace] wall=23:32:07 elapsed=504.911s phase=train event=interaction_progress trial=19 partition=0 processed=13200 total=14000 metric=ce epoch=1/1
[pipeline-trace] wall=23:32:07 elapsed=503.790s phase=train event=interaction_progress trial=20 partition=0 processed=7500 total=14000 metric=ce epoch=1/1
[pipeline-trace] wall=23:32:07 elapsed=505.308s phase=train event=interaction_progress trial=19 partition=0 processed=13300 total=14000 metric=ce epoch=1/1
[pipeline-trace] wall=23:32:08 elapsed=504.155s phase=train event=interaction_progress trial=20 partition=0 processed=7600 total=14000 metric=ce epoch=1/1
[pipeline-trace] wall=23:32:08 elapsed=505.720s phase=train event=interaction_progress trial=19 partition=0 processed=13400 total=14000 metric=ce epoch=1/1
[pipeline-trace] wall=23:32:08 elapsed=504.468s phase=train event=interaction_progress trial=20 partition=0 processed=7700 total=14000 metric=ce epoch=1/1
[pipeline-trace] wall=23:32:08 elapsed=506.031s phase=train event=interaction_progress trial=19 partition=0 processed=13500 total=14000 metric=ce epoch=1/1
[pipeline-trace] wall=23:32:08 elapsed=504.737s phase=train event=interaction_progress trial=20 partition=0 processed=7800 total=14000 metric=ce epoch=1/1
[pipeline-trace] wall=23:32:08 elapsed=506.358s phase=train event=interaction_progress trial=19 partition=0 processed=13600 total=14000 metric=ce epoch=1/1
[pipeline-trace] wall=23:32:09 elapsed=505.008s phase=train event=interaction_progress trial=20 partition=0 processed=7900 total=14000 metric=ce epoch=1/1
[pipeline-trace] wall=23:32:09 elapsed=506.715s phase=train event=interaction_progress trial=19 partition=0 processed=13700 total=14000 metric=ce epoch=1/1
[pipeline-trace] wall=23:32:09 elapsed=505.292s phase=train event=interaction_progress trial=20 partition=0 processed=8000 total=14000 metric=ce epoch=1/1
[pipeline-trace] wall=23:32:09 elapsed=507.064s phase=train event=interaction_progress trial=19 partition=0 processed=13800 total=14000 metric=ce epoch=1/1
[pipeline-trace] wall=23:32:09 elapsed=505.657s phase=train event=interaction_progress trial=20 partition=0 processed=8100 total=14000 metric=ce epoch=1/1
[pipeline-trace] wall=23:32:09 elapsed=505.930s phase=train event=interaction_progress trial=20 partition=0 processed=8200 total=14000 metric=ce epoch=1/1
[pipeline-trace] wall=23:32:10 elapsed=507.391s phase=train event=interaction_progress trial=19 partition=0 processed=13900 total=14000 metric=ce epoch=1/1
[pipeline-trace] wall=23:32:10 elapsed=506.190s phase=train event=interaction_progress trial=20 partition=0 processed=8300 total=14000 metric=ce epoch=1/1
[pipeline-trace] wall=23:32:10 elapsed=507.800s phase=train event=interaction_progress trial=19 partition=0 processed=14000 total=14000 metric=ce epoch=1/1
[pipeline-trace] wall=23:32:10 elapsed=507.866s phase=eval event=batch_start trial=19 partitions=[1] synthetic=False
[pipeline-trace] wall=23:32:10 elapsed=507.866s phase=eval event=partition_start trial=19 partition=1 interactions=1999
[pipeline-trace] wall=23:32:10 elapsed=507.866s phase=eval event=interaction_progress trial=19 partition=1 processed=1 total=1999 metric=ranking
[pipeline-trace] wall=23:32:10 elapsed=506.514s phase=train event=interaction_progress trial=20 partition=0 processed=8400 total=14000 metric=ce epoch=1/1
[pipeline-trace] wall=23:32:10 elapsed=508.024s phase=eval event=interaction_progress trial=19 partition=1 processed=100 total=1999 metric=ranking
[pipeline-trace] wall=23:32:10 elapsed=508.178s phase=eval event=interaction_progress trial=19 partition=1 processed=200 total=1999 metric=ranking
[pipeline-trace] wall=23:32:10 elapsed=506.843s phase=train event=interaction_progress trial=20 partition=0 processed=8500 total=14000 metric=ce epoch=1/1
[pipeline-trace] wall=23:32:10 elapsed=508.329s phase=eval event=interaction_progress trial=19 partition=1 processed=300 total=1999 metric=ranking
[pipeline-trace] wall=23:32:11 elapsed=508.479s phase=eval event=interaction_progress trial=19 partition=1 processed=400 total=1999 metric=ranking
[pipeline-trace] wall=23:32:11 elapsed=507.153s phase=train event=interaction_progress trial=20 partition=0 processed=8600 total=14000 metric=ce epoch=1/1
[pipeline-trace] wall=23:32:11 elapsed=508.618s phase=eval event=interaction_progress trial=19 partition=1 processed=500 total=1999 metric=ranking
[pipeline-trace] wall=23:32:11 elapsed=508.756s phase=eval event=interaction_progress trial=19 partition=1 processed=600 total=1999 metric=ranking
[pipeline-trace] wall=23:32:11 elapsed=508.895s phase=eval event=interaction_progress trial=19 partition=1 processed=700 total=1999 metric=ranking
[pipeline-trace] wall=23:32:11 elapsed=507.541s phase=train event=interaction_progress trial=20 partition=0 processed=8700 total=14000 metric=ce epoch=1/1
[pipeline-trace] wall=23:32:11 elapsed=509.033s phase=eval event=interaction_progress trial=19 partition=1 processed=800 total=1999 metric=ranking
[pipeline-trace] wall=23:32:11 elapsed=509.172s phase=eval event=interaction_progress trial=19 partition=1 processed=900 total=1999 metric=ranking
[pipeline-trace] wall=23:32:11 elapsed=509.330s phase=eval event=interaction_progress trial=19 partition=1 processed=1000 total=1999 metric=ranking
[pipeline-trace] wall=23:32:11 elapsed=507.929s phase=train event=interaction_progress trial=20 partition=0 processed=8800 total=14000 metric=ce epoch=1/1
[pipeline-trace] wall=23:32:12 elapsed=509.479s phase=eval event=interaction_progress trial=19 partition=1 processed=1100 total=1999 metric=ranking
[pipeline-trace] wall=23:32:12 elapsed=509.618s phase=eval event=interaction_progress trial=19 partition=1 processed=1200 total=1999 metric=ranking
[pipeline-trace] wall=23:32:12 elapsed=508.257s phase=train event=interaction_progress trial=20 partition=0 processed=8900 total=14000 metric=ce epoch=1/1
[pipeline-trace] wall=23:32:12 elapsed=509.755s phase=eval event=interaction_progress trial=19 partition=1 processed=1300 total=1999 metric=ranking
[pipeline-trace] wall=23:32:12 elapsed=509.893s phase=eval event=interaction_progress trial=19 partition=1 processed=1400 total=1999 metric=ranking
[pipeline-trace] wall=23:32:12 elapsed=510.029s phase=eval event=interaction_progress trial=19 partition=1 processed=1500 total=1999 metric=ranking
[pipeline-trace] wall=23:32:12 elapsed=508.648s phase=train event=interaction_progress trial=20 partition=0 processed=9000 total=14000 metric=ce epoch=1/1
[pipeline-trace] wall=23:32:12 elapsed=510.165s phase=eval event=interaction_progress trial=19 partition=1 processed=1600 total=1999 metric=ranking
[pipeline-trace] wall=23:32:12 elapsed=510.302s phase=eval event=interaction_progress trial=19 partition=1 processed=1700 total=1999 metric=ranking
[pipeline-trace] wall=23:32:13 elapsed=510.438s phase=eval event=interaction_progress trial=19 partition=1 processed=1800 total=1999 metric=ranking
[pipeline-trace] wall=23:32:13 elapsed=509.052s phase=train event=interaction_progress trial=20 partition=0 processed=9100 total=14000 metric=ce epoch=1/1
[pipeline-trace] wall=23:32:13 elapsed=510.574s phase=eval event=interaction_progress trial=19 partition=1 processed=1900 total=1999 metric=ranking
[pipeline-trace] wall=23:32:13 elapsed=510.710s phase=eval event=interaction_progress trial=19 partition=1 processed=1999 total=1999 metric=ranking
[pipeline-trace] wall=23:32:13 elapsed=510.712s phase=eval event=partition_complete trial=19 partition=1 elapsed_sec=2.846 hits=1802 total=1999
[pipeline-trace] wall=23:32:13 elapsed=510.792s phase=train event=interaction_progress trial=21 partition=0 processed=1 total=14000 metric=ce epoch=1/1
[pipeline-trace] wall=23:32:13 elapsed=509.395s phase=train event=interaction_progress trial=20 partition=0 processed=9200 total=14000 metric=ce epoch=1/1
[pipeline-trace] wall=23:32:13 elapsed=511.085s phase=train event=interaction_progress trial=21 partition=0 processed=100 total=14000 metric=ce epoch=1/1
[pipeline-trace] wall=23:32:13 elapsed=509.751s phase=train event=interaction_progress trial=20 partition=0 processed=9300 total=14000 metric=ce epoch=1/1
[pipeline-trace] wall=23:32:14 elapsed=511.379s phase=train event=interaction_progress trial=21 partition=0 processed=200 total=14000 metric=ce epoch=1/1
[pipeline-trace] wall=23:32:14 elapsed=510.086s phase=train event=interaction_progress trial=20 partition=0 processed=9400 total=14000 metric=ce epoch=1/1
[pipeline-trace] wall=23:32:14 elapsed=511.654s phase=train event=interaction_progress trial=21 partition=0 processed=300 total=14000 metric=ce epoch=1/1
[pipeline-trace] wall=23:32:14 elapsed=510.406s phase=train event=interaction_progress trial=20 partition=0 processed=9500 total=14000 metric=ce epoch=1/1
[pipeline-trace] wall=23:32:14 elapsed=511.936s phase=train event=interaction_progress trial=21 partition=0 processed=400 total=14000 metric=ce epoch=1/1
[pipeline-trace] wall=23:32:14 elapsed=510.722s phase=train event=interaction_progress trial=20 partition=0 processed=9600 total=14000 metric=ce epoch=1/1
[pipeline-trace] wall=23:32:14 elapsed=512.235s phase=train event=interaction_progress trial=21 partition=0 processed=500 total=14000 metric=ce epoch=1/1
[pipeline-trace] wall=23:32:15 elapsed=511.079s phase=train event=interaction_progress trial=20 partition=0 processed=9700 total=14000 metric=ce epoch=1/1
[pipeline-trace] wall=23:32:15 elapsed=512.513s phase=train event=interaction_progress trial=21 partition=0 processed=600 total=14000 metric=ce epoch=1/1
[pipeline-trace] wall=23:32:15 elapsed=512.817s phase=train event=interaction_progress trial=21 partition=0 processed=700 total=14000 metric=ce epoch=1/1
[pipeline-trace] wall=23:32:15 elapsed=511.432s phase=train event=interaction_progress trial=20 partition=0 processed=9800 total=14000 metric=ce epoch=1/1
[pipeline-trace] wall=23:32:15 elapsed=513.109s phase=train event=interaction_progress trial=21 partition=0 processed=800 total=14000 metric=ce epoch=1/1
[pipeline-trace] wall=23:32:15 elapsed=511.735s phase=train event=interaction_progress trial=20 partition=0 processed=9900 total=14000 metric=ce epoch=1/1
[pipeline-trace] wall=23:32:16 elapsed=513.389s phase=train event=interaction_progress trial=21 partition=0 processed=900 total=14000 metric=ce epoch=1/1
[pipeline-trace] wall=23:32:16 elapsed=512.084s phase=train event=interaction_progress trial=20 partition=0 processed=10000 total=14000 metric=ce epoch=1/1
[pipeline-trace] wall=23:32:16 elapsed=513.697s phase=train event=interaction_progress trial=21 partition=0 processed=1000 total=14000 metric=ce epoch=1/1
[pipeline-trace] wall=23:32:16 elapsed=512.428s phase=train event=interaction_progress trial=20 partition=0 processed=10100 total=14000 metric=ce epoch=1/1
[pipeline-trace] wall=23:32:16 elapsed=513.986s phase=train event=interaction_progress trial=21 partition=0 processed=1100 total=14000 metric=ce epoch=1/1
[pipeline-trace] wall=23:32:16 elapsed=514.272s phase=train event=interaction_progress trial=21 partition=0 processed=1200 total=14000 metric=ce epoch=1/1
[pipeline-trace] wall=23:32:16 elapsed=512.846s phase=train event=interaction_progress trial=20 partition=0 processed=10200 total=14000 metric=ce epoch=1/1
[pipeline-trace] wall=23:32:17 elapsed=514.550s phase=train event=interaction_progress trial=21 partition=0 processed=1300 total=14000 metric=ce epoch=1/1
[pipeline-trace] wall=23:32:17 elapsed=513.237s phase=train event=interaction_progress trial=20 partition=0 processed=10300 total=14000 metric=ce epoch=1/1
[pipeline-trace] wall=23:32:17 elapsed=514.831s phase=train event=interaction_progress trial=21 partition=0 processed=1400 total=14000 metric=ce epoch=1/1
[pipeline-trace] wall=23:32:17 elapsed=513.622s phase=train event=interaction_progress trial=20 partition=0 processed=10400 total=14000 metric=ce epoch=1/1
[pipeline-trace] wall=23:32:17 elapsed=515.096s phase=train event=interaction_progress trial=21 partition=0 processed=1500 total=14000 metric=ce epoch=1/1
[pipeline-trace] wall=23:32:18 elapsed=515.379s phase=train event=interaction_progress trial=21 partition=0 processed=1600 total=14000 metric=ce epoch=1/1
[pipeline-trace] wall=23:32:18 elapsed=513.991s phase=train event=interaction_progress trial=20 partition=0 processed=10500 total=14000 metric=ce epoch=1/1
[pipeline-trace] wall=23:32:18 elapsed=515.669s phase=train event=interaction_progress trial=21 partition=0 processed=1700 total=14000 metric=ce epoch=1/1
[pipeline-trace] wall=23:32:18 elapsed=514.310s phase=train event=interaction_progress trial=20 partition=0 processed=10600 total=14000 metric=ce epoch=1/1
[pipeline-trace] wall=23:32:18 elapsed=515.948s phase=train event=interaction_progress trial=21 partition=0 processed=1800 total=14000 metric=ce epoch=1/1
[pipeline-trace] wall=23:32:18 elapsed=514.654s phase=train event=interaction_progress trial=20 partition=0 processed=10700 total=14000 metric=ce epoch=1/1
[pipeline-trace] wall=23:32:18 elapsed=516.227s phase=train event=interaction_progress trial=21 partition=0 processed=1900 total=14000 metric=ce epoch=1/1
[pipeline-trace] wall=23:32:19 elapsed=515.010s phase=train event=interaction_progress trial=20 partition=0 processed=10800 total=14000 metric=ce epoch=1/1
[pipeline-trace] wall=23:32:19 elapsed=516.513s phase=train event=interaction_progress trial=21 partition=0 processed=2000 total=14000 metric=ce epoch=1/1
[pipeline-trace] wall=23:32:19 elapsed=515.300s phase=train event=interaction_progress trial=20 partition=0 processed=10900 total=14000 metric=ce epoch=1/1
[pipeline-trace] wall=23:32:19 elapsed=516.793s phase=train event=interaction_progress trial=21 partition=0 processed=2100 total=14000 metric=ce epoch=1/1
[pipeline-trace] wall=23:32:19 elapsed=515.597s phase=train event=interaction_progress trial=20 partition=0 processed=11000 total=14000 metric=ce epoch=1/1
[pipeline-trace] wall=23:32:19 elapsed=517.072s phase=train event=interaction_progress trial=21 partition=0 processed=2200 total=14000 metric=ce epoch=1/1
[pipeline-trace] wall=23:32:19 elapsed=515.886s phase=train event=interaction_progress trial=20 partition=0 processed=11100 total=14000 metric=ce epoch=1/1
[pipeline-trace] wall=23:32:19 elapsed=517.362s phase=train event=interaction_progress trial=21 partition=0 processed=2300 total=14000 metric=ce epoch=1/1
[pipeline-trace] wall=23:32:20 elapsed=516.235s phase=train event=interaction_progress trial=20 partition=0 processed=11200 total=14000 metric=ce epoch=1/1
[pipeline-trace] wall=23:32:20 elapsed=517.664s phase=train event=interaction_progress trial=21 partition=0 processed=2400 total=14000 metric=ce epoch=1/1
[pipeline-trace] wall=23:32:20 elapsed=517.943s phase=train event=interaction_progress trial=21 partition=0 processed=2500 total=14000 metric=ce epoch=1/1
[pipeline-trace] wall=23:32:20 elapsed=516.616s phase=train event=interaction_progress trial=20 partition=0 processed=11300 total=14000 metric=ce epoch=1/1
[pipeline-trace] wall=23:32:20 elapsed=518.234s phase=train event=interaction_progress trial=21 partition=0 processed=2600 total=14000 metric=ce epoch=1/1
[pipeline-trace] wall=23:32:21 elapsed=516.963s phase=train event=interaction_progress trial=20 partition=0 processed=11400 total=14000 metric=ce epoch=1/1
[pipeline-trace] wall=23:32:21 elapsed=518.495s phase=train event=interaction_progress trial=21 partition=0 processed=2700 total=14000 metric=ce epoch=1/1
[pipeline-trace] wall=23:32:21 elapsed=517.267s phase=train event=interaction_progress trial=20 partition=0 processed=11500 total=14000 metric=ce epoch=1/1
[pipeline-trace] wall=23:32:21 elapsed=518.758s phase=train event=interaction_progress trial=21 partition=0 processed=2800 total=14000 metric=ce epoch=1/1
[pipeline-trace] wall=23:32:21 elapsed=519.023s phase=train event=interaction_progress trial=21 partition=0 processed=2900 total=14000 metric=ce epoch=1/1
[pipeline-trace] wall=23:32:21 elapsed=517.655s phase=train event=interaction_progress trial=20 partition=0 processed=11600 total=14000 metric=ce epoch=1/1
[pipeline-trace] wall=23:32:21 elapsed=519.295s phase=train event=interaction_progress trial=21 partition=0 processed=3000 total=14000 metric=ce epoch=1/1
[pipeline-trace] wall=23:32:22 elapsed=518.026s phase=train event=interaction_progress trial=20 partition=0 processed=11700 total=14000 metric=ce epoch=1/1
[pipeline-trace] wall=23:32:22 elapsed=519.552s phase=train event=interaction_progress trial=21 partition=0 processed=3100 total=14000 metric=ce epoch=1/1
[pipeline-trace] wall=23:32:22 elapsed=519.802s phase=train event=interaction_progress trial=21 partition=0 processed=3200 total=14000 metric=ce epoch=1/1
[pipeline-trace] wall=23:32:22 elapsed=518.411s phase=train event=interaction_progress trial=20 partition=0 processed=11800 total=14000 metric=ce epoch=1/1
[pipeline-trace] wall=23:32:22 elapsed=520.070s phase=train event=interaction_progress trial=21 partition=0 processed=3300 total=14000 metric=ce epoch=1/1
[pipeline-trace] wall=23:32:22 elapsed=518.792s phase=train event=interaction_progress trial=20 partition=0 processed=11900 total=14000 metric=ce epoch=1/1
[pipeline-trace] wall=23:32:23 elapsed=520.367s phase=train event=interaction_progress trial=21 partition=0 processed=3400 total=14000 metric=ce epoch=1/1
[pipeline-trace] wall=23:32:23 elapsed=519.184s phase=train event=interaction_progress trial=20 partition=0 processed=12000 total=14000 metric=ce epoch=1/1
[pipeline-trace] wall=23:32:23 elapsed=520.643s phase=train event=interaction_progress trial=21 partition=0 processed=3500 total=14000 metric=ce epoch=1/1
[pipeline-trace] wall=23:32:23 elapsed=520.938s phase=train event=interaction_progress trial=21 partition=0 processed=3600 total=14000 metric=ce epoch=1/1
[pipeline-trace] wall=23:32:23 elapsed=519.532s phase=train event=interaction_progress trial=20 partition=0 processed=12100 total=14000 metric=ce epoch=1/1
[pipeline-trace] wall=23:32:23 elapsed=521.247s phase=train event=interaction_progress trial=21 partition=0 processed=3700 total=14000 metric=ce epoch=1/1
[pipeline-trace] wall=23:32:23 elapsed=519.883s phase=train event=interaction_progress trial=20 partition=0 processed=12200 total=14000 metric=ce epoch=1/1
[pipeline-trace] wall=23:32:24 elapsed=521.544s phase=train event=interaction_progress trial=21 partition=0 processed=3800 total=14000 metric=ce epoch=1/1
[pipeline-trace] wall=23:32:24 elapsed=520.238s phase=train event=interaction_progress trial=20 partition=0 processed=12300 total=14000 metric=ce epoch=1/1
[pipeline-trace] wall=23:32:24 elapsed=521.829s phase=train event=interaction_progress trial=21 partition=0 processed=3900 total=14000 metric=ce epoch=1/1
[pipeline-trace] wall=23:32:24 elapsed=520.617s phase=train event=interaction_progress trial=20 partition=0 processed=12400 total=14000 metric=ce epoch=1/1
[pipeline-trace] wall=23:32:24 elapsed=522.113s phase=train event=interaction_progress trial=21 partition=0 processed=4000 total=14000 metric=ce epoch=1/1
[pipeline-trace] wall=23:32:25 elapsed=522.390s phase=train event=interaction_progress trial=21 partition=0 processed=4100 total=14000 metric=ce epoch=1/1
[pipeline-trace] wall=23:32:25 elapsed=521.039s phase=train event=interaction_progress trial=20 partition=0 processed=12500 total=14000 metric=ce epoch=1/1
[pipeline-trace] wall=23:32:25 elapsed=522.679s phase=train event=interaction_progress trial=21 partition=0 processed=4200 total=14000 metric=ce epoch=1/1
[pipeline-trace] wall=23:32:25 elapsed=521.457s phase=train event=interaction_progress trial=20 partition=0 processed=12600 total=14000 metric=ce epoch=1/1
[pipeline-trace] wall=23:32:25 elapsed=522.967s phase=train event=interaction_progress trial=21 partition=0 processed=4300 total=14000 metric=ce epoch=1/1
[pipeline-trace] wall=23:32:25 elapsed=523.282s phase=train event=interaction_progress trial=21 partition=0 processed=4400 total=14000 metric=ce epoch=1/1
[pipeline-trace] wall=23:32:25 elapsed=521.882s phase=train event=interaction_progress trial=20 partition=0 processed=12700 total=14000 metric=ce epoch=1/1
[pipeline-trace] wall=23:32:26 elapsed=523.590s phase=train event=interaction_progress trial=21 partition=0 processed=4500 total=14000 metric=ce epoch=1/1
[pipeline-trace] wall=23:32:26 elapsed=522.234s phase=train event=interaction_progress trial=20 partition=0 processed=12800 total=14000 metric=ce epoch=1/1
[pipeline-trace] wall=23:32:26 elapsed=523.879s phase=train event=interaction_progress trial=21 partition=0 processed=4600 total=14000 metric=ce epoch=1/1
[pipeline-trace] wall=23:32:26 elapsed=522.571s phase=train event=interaction_progress trial=20 partition=0 processed=12900 total=14000 metric=ce epoch=1/1
[pipeline-trace] wall=23:32:26 elapsed=524.191s phase=train event=interaction_progress trial=21 partition=0 processed=4700 total=14000 metric=ce epoch=1/1
[pipeline-trace] wall=23:32:27 elapsed=522.974s phase=train event=interaction_progress trial=20 partition=0 processed=13000 total=14000 metric=ce epoch=1/1
[pipeline-trace] wall=23:32:27 elapsed=524.508s phase=train event=interaction_progress trial=21 partition=0 processed=4800 total=14000 metric=ce epoch=1/1
[pipeline-trace] wall=23:32:27 elapsed=523.330s phase=train event=interaction_progress trial=20 partition=0 processed=13100 total=14000 metric=ce epoch=1/1
[pipeline-trace] wall=23:32:27 elapsed=524.821s phase=train event=interaction_progress trial=21 partition=0 processed=4900 total=14000 metric=ce epoch=1/1
[pipeline-trace] wall=23:32:27 elapsed=523.645s phase=train event=interaction_progress trial=20 partition=0 processed=13200 total=14000 metric=ce epoch=1/1
[pipeline-trace] wall=23:32:27 elapsed=525.103s phase=train event=interaction_progress trial=21 partition=0 processed=5000 total=14000 metric=ce epoch=1/1
[pipeline-trace] wall=23:32:28 elapsed=525.403s phase=train event=interaction_progress trial=21 partition=0 processed=5100 total=14000 metric=ce epoch=1/1
[pipeline-trace] wall=23:32:28 elapsed=524.035s phase=train event=interaction_progress trial=20 partition=0 processed=13300 total=14000 metric=ce epoch=1/1
[pipeline-trace] wall=23:32:28 elapsed=525.689s phase=train event=interaction_progress trial=21 partition=0 processed=5200 total=14000 metric=ce epoch=1/1
[pipeline-trace] wall=23:32:28 elapsed=524.389s phase=train event=interaction_progress trial=20 partition=0 processed=13400 total=14000 metric=ce epoch=1/1
[pipeline-trace] wall=23:32:28 elapsed=525.975s phase=train event=interaction_progress trial=21 partition=0 processed=5300 total=14000 metric=ce epoch=1/1
[pipeline-trace] wall=23:32:28 elapsed=524.713s phase=train event=interaction_progress trial=20 partition=0 processed=13500 total=14000 metric=ce epoch=1/1
[pipeline-trace] wall=23:32:28 elapsed=526.257s phase=train event=interaction_progress trial=21 partition=0 processed=5400 total=14000 metric=ce epoch=1/1
[pipeline-trace] wall=23:32:29 elapsed=525.019s phase=train event=interaction_progress trial=20 partition=0 processed=13600 total=14000 metric=ce epoch=1/1
[pipeline-trace] wall=23:32:29 elapsed=526.538s phase=train event=interaction_progress trial=21 partition=0 processed=5500 total=14000 metric=ce epoch=1/1
[pipeline-trace] wall=23:32:29 elapsed=526.842s phase=train event=interaction_progress trial=21 partition=0 processed=5600 total=14000 metric=ce epoch=1/1
[pipeline-trace] wall=23:32:29 elapsed=525.420s phase=train event=interaction_progress trial=20 partition=0 processed=13700 total=14000 metric=ce epoch=1/1
[pipeline-trace] wall=23:32:29 elapsed=527.124s phase=train event=interaction_progress trial=21 partition=0 processed=5700 total=14000 metric=ce epoch=1/1
[pipeline-trace] wall=23:32:29 elapsed=525.818s phase=train event=interaction_progress trial=20 partition=0 processed=13800 total=14000 metric=ce epoch=1/1
[pipeline-trace] wall=23:32:30 elapsed=527.413s phase=train event=interaction_progress trial=21 partition=0 processed=5800 total=14000 metric=ce epoch=1/1
[pipeline-trace] wall=23:32:30 elapsed=526.237s phase=train event=interaction_progress trial=20 partition=0 processed=13900 total=14000 metric=ce epoch=1/1
[pipeline-trace] wall=23:32:30 elapsed=527.709s phase=train event=interaction_progress trial=21 partition=0 processed=5900 total=14000 metric=ce epoch=1/1
[pipeline-trace] wall=23:32:30 elapsed=527.981s phase=train event=interaction_progress trial=21 partition=0 processed=6000 total=14000 metric=ce epoch=1/1
[pipeline-trace] wall=23:32:30 elapsed=526.611s phase=train event=interaction_progress trial=20 partition=0 processed=14000 total=14000 metric=ce epoch=1/1
[pipeline-trace] wall=23:32:30 elapsed=526.678s phase=eval event=batch_start trial=20 partitions=[1] synthetic=False
[pipeline-trace] wall=23:32:30 elapsed=526.678s phase=eval event=partition_start trial=20 partition=1 interactions=1999
[pipeline-trace] wall=23:32:30 elapsed=526.678s phase=eval event=interaction_progress trial=20 partition=1 processed=1 total=1999 metric=ranking
[pipeline-trace] wall=23:32:30 elapsed=526.824s phase=eval event=interaction_progress trial=20 partition=1 processed=100 total=1999 metric=ranking
[pipeline-trace] wall=23:32:30 elapsed=528.273s phase=train event=interaction_progress trial=21 partition=0 processed=6100 total=14000 metric=ce epoch=1/1
[pipeline-trace] wall=23:32:31 elapsed=526.968s phase=eval event=interaction_progress trial=20 partition=1 processed=200 total=1999 metric=ranking
[pipeline-trace] wall=23:32:31 elapsed=527.114s phase=eval event=interaction_progress trial=20 partition=1 processed=300 total=1999 metric=ranking
[pipeline-trace] wall=23:32:31 elapsed=528.559s phase=train event=interaction_progress trial=21 partition=0 processed=6200 total=14000 metric=ce epoch=1/1
[pipeline-trace] wall=23:32:31 elapsed=527.257s phase=eval event=interaction_progress trial=20 partition=1 processed=400 total=1999 metric=ranking
[pipeline-trace] wall=23:32:31 elapsed=528.801s phase=train event=interaction_progress trial=21 partition=0 processed=6300 total=14000 metric=ce epoch=1/1
[pipeline-trace] wall=23:32:31 elapsed=527.401s phase=eval event=interaction_progress trial=20 partition=1 processed=500 total=1999 metric=ranking
[pipeline-trace] wall=23:32:31 elapsed=527.543s phase=eval event=interaction_progress trial=20 partition=1 processed=600 total=1999 metric=ranking
[pipeline-trace] wall=23:32:31 elapsed=529.058s phase=train event=interaction_progress trial=21 partition=0 processed=6400 total=14000 metric=ce epoch=1/1
[pipeline-trace] wall=23:32:31 elapsed=527.686s phase=eval event=interaction_progress trial=20 partition=1 processed=700 total=1999 metric=ranking
[pipeline-trace] wall=23:32:31 elapsed=527.834s phase=eval event=interaction_progress trial=20 partition=1 processed=800 total=1999 metric=ranking
[pipeline-trace] wall=23:32:31 elapsed=529.327s phase=train event=interaction_progress trial=21 partition=0 processed=6500 total=14000 metric=ce epoch=1/1
[pipeline-trace] wall=23:32:32 elapsed=527.979s phase=eval event=interaction_progress trial=20 partition=1 processed=900 total=1999 metric=ranking
[pipeline-trace] wall=23:32:32 elapsed=528.126s phase=eval event=interaction_progress trial=20 partition=1 processed=1000 total=1999 metric=ranking
[pipeline-trace] wall=23:32:32 elapsed=529.608s phase=train event=interaction_progress trial=21 partition=0 processed=6600 total=14000 metric=ce epoch=1/1
[pipeline-trace] wall=23:32:32 elapsed=528.270s phase=eval event=interaction_progress trial=20 partition=1 processed=1100 total=1999 metric=ranking
[pipeline-trace] wall=23:32:32 elapsed=528.413s phase=eval event=interaction_progress trial=20 partition=1 processed=1200 total=1999 metric=ranking
[pipeline-trace] wall=23:32:32 elapsed=529.902s phase=train event=interaction_progress trial=21 partition=0 processed=6700 total=14000 metric=ce epoch=1/1
[pipeline-trace] wall=23:32:32 elapsed=528.555s phase=eval event=interaction_progress trial=20 partition=1 processed=1300 total=1999 metric=ranking
[pipeline-trace] wall=23:32:32 elapsed=528.697s phase=eval event=interaction_progress trial=20 partition=1 processed=1400 total=1999 metric=ranking
[pipeline-trace] wall=23:32:32 elapsed=530.180s phase=train event=interaction_progress trial=21 partition=0 processed=6800 total=14000 metric=ce epoch=1/1
[pipeline-trace] wall=23:32:32 elapsed=528.840s phase=eval event=interaction_progress trial=20 partition=1 processed=1500 total=1999 metric=ranking
[pipeline-trace] wall=23:32:33 elapsed=528.983s phase=eval event=interaction_progress trial=20 partition=1 processed=1600 total=1999 metric=ranking
[pipeline-trace] wall=23:32:33 elapsed=530.465s phase=train event=interaction_progress trial=21 partition=0 processed=6900 total=14000 metric=ce epoch=1/1
[pipeline-trace] wall=23:32:33 elapsed=529.125s phase=eval event=interaction_progress trial=20 partition=1 processed=1700 total=1999 metric=ranking
[pipeline-trace] wall=23:32:33 elapsed=529.300s phase=eval event=interaction_progress trial=20 partition=1 processed=1800 total=1999 metric=ranking
[pipeline-trace] wall=23:32:33 elapsed=530.797s phase=train event=interaction_progress trial=21 partition=0 processed=7000 total=14000 metric=ce epoch=1/1
[pipeline-trace] wall=23:32:33 elapsed=529.444s phase=eval event=interaction_progress trial=20 partition=1 processed=1900 total=1999 metric=ranking
[pipeline-trace] wall=23:32:33 elapsed=529.585s phase=eval event=interaction_progress trial=20 partition=1 processed=1999 total=1999 metric=ranking
[pipeline-trace] wall=23:32:33 elapsed=529.587s phase=eval event=partition_complete trial=20 partition=1 elapsed_sec=2.909 hits=1454 total=1999
[pipeline-trace] wall=23:32:33 elapsed=531.057s phase=train event=interaction_progress trial=21 partition=0 processed=7100 total=14000 metric=ce epoch=1/1
[pipeline-trace] wall=23:32:33 elapsed=529.654s phase=train event=interaction_progress trial=22 partition=0 processed=1 total=14000 metric=ce epoch=1/1
[pipeline-trace] wall=23:32:33 elapsed=531.331s phase=train event=interaction_progress trial=21 partition=0 processed=7200 total=14000 metric=ce epoch=1/1
[pipeline-trace] wall=23:32:34 elapsed=529.956s phase=train event=interaction_progress trial=22 partition=0 processed=100 total=14000 metric=ce epoch=1/1
[pipeline-trace] wall=23:32:34 elapsed=531.622s phase=train event=interaction_progress trial=21 partition=0 processed=7300 total=14000 metric=ce epoch=1/1
[pipeline-trace] wall=23:32:34 elapsed=530.214s phase=train event=interaction_progress trial=22 partition=0 processed=200 total=14000 metric=ce epoch=1/1
[pipeline-trace] wall=23:32:34 elapsed=531.896s phase=train event=interaction_progress trial=21 partition=0 processed=7400 total=14000 metric=ce epoch=1/1
[pipeline-trace] wall=23:32:34 elapsed=530.474s phase=train event=interaction_progress trial=22 partition=0 processed=300 total=14000 metric=ce epoch=1/1
[pipeline-trace] wall=23:32:34 elapsed=530.698s phase=train event=interaction_progress trial=22 partition=0 processed=400 total=14000 metric=ce epoch=1/1
[pipeline-trace] wall=23:32:34 elapsed=532.169s phase=train event=interaction_progress trial=21 partition=0 processed=7500 total=14000 metric=ce epoch=1/1
[pipeline-trace] wall=23:32:35 elapsed=530.947s phase=train event=interaction_progress trial=22 partition=0 processed=500 total=14000 metric=ce epoch=1/1
[pipeline-trace] wall=23:32:35 elapsed=532.453s phase=train event=interaction_progress trial=21 partition=0 processed=7600 total=14000 metric=ce epoch=1/1
[pipeline-trace] wall=23:32:35 elapsed=531.237s phase=train event=interaction_progress trial=22 partition=0 processed=600 total=14000 metric=ce epoch=1/1
[pipeline-trace] wall=23:32:35 elapsed=532.738s phase=train event=interaction_progress trial=21 partition=0 processed=7700 total=14000 metric=ce epoch=1/1
[pipeline-trace] wall=23:32:35 elapsed=531.497s phase=train event=interaction_progress trial=22 partition=0 processed=700 total=14000 metric=ce epoch=1/1
[pipeline-trace] wall=23:32:35 elapsed=533.018s phase=train event=interaction_progress trial=21 partition=0 processed=7800 total=14000 metric=ce epoch=1/1
[pipeline-trace] wall=23:32:35 elapsed=531.755s phase=train event=interaction_progress trial=22 partition=0 processed=800 total=14000 metric=ce epoch=1/1
[pipeline-trace] wall=23:32:35 elapsed=533.320s phase=train event=interaction_progress trial=21 partition=0 processed=7900 total=14000 metric=ce epoch=1/1
[pipeline-trace] wall=23:32:36 elapsed=532.046s phase=train event=interaction_progress trial=22 partition=0 processed=900 total=14000 metric=ce epoch=1/1
[pipeline-trace] wall=23:32:36 elapsed=533.610s phase=train event=interaction_progress trial=21 partition=0 processed=8000 total=14000 metric=ce epoch=1/1
[pipeline-trace] wall=23:32:36 elapsed=532.295s phase=train event=interaction_progress trial=22 partition=0 processed=1000 total=14000 metric=ce epoch=1/1
[pipeline-trace] wall=23:32:36 elapsed=533.892s phase=train event=interaction_progress trial=21 partition=0 processed=8100 total=14000 metric=ce epoch=1/1
[pipeline-trace] wall=23:32:36 elapsed=532.551s phase=train event=interaction_progress trial=22 partition=0 processed=1100 total=14000 metric=ce epoch=1/1
[pipeline-trace] wall=23:32:36 elapsed=534.172s phase=train event=interaction_progress trial=21 partition=0 processed=8200 total=14000 metric=ce epoch=1/1
[pipeline-trace] wall=23:32:36 elapsed=532.817s phase=train event=interaction_progress trial=22 partition=0 processed=1200 total=14000 metric=ce epoch=1/1
[pipeline-trace] wall=23:32:37 elapsed=534.432s phase=train event=interaction_progress trial=21 partition=0 processed=8300 total=14000 metric=ce epoch=1/1
[pipeline-trace] wall=23:32:37 elapsed=533.105s phase=train event=interaction_progress trial=22 partition=0 processed=1300 total=14000 metric=ce epoch=1/1
[pipeline-trace] wall=23:32:37 elapsed=534.723s phase=train event=interaction_progress trial=21 partition=0 processed=8400 total=14000 metric=ce epoch=1/1
[pipeline-trace] wall=23:32:37 elapsed=533.341s phase=train event=interaction_progress trial=22 partition=0 processed=1400 total=14000 metric=ce epoch=1/1
[pipeline-trace] wall=23:32:37 elapsed=534.996s phase=train event=interaction_progress trial=21 partition=0 processed=8500 total=14000 metric=ce epoch=1/1
[pipeline-trace] wall=23:32:37 elapsed=533.600s phase=train event=interaction_progress trial=22 partition=0 processed=1500 total=14000 metric=ce epoch=1/1
[pipeline-trace] wall=23:32:37 elapsed=535.278s phase=train event=interaction_progress trial=21 partition=0 processed=8600 total=14000 metric=ce epoch=1/1
[pipeline-trace] wall=23:32:37 elapsed=533.858s phase=train event=interaction_progress trial=22 partition=0 processed=1600 total=14000 metric=ce epoch=1/1
[pipeline-trace] wall=23:32:38 elapsed=534.116s phase=train event=interaction_progress trial=22 partition=0 processed=1700 total=14000 metric=ce epoch=1/1
[pipeline-trace] wall=23:32:38 elapsed=535.567s phase=train event=interaction_progress trial=21 partition=0 processed=8700 total=14000 metric=ce epoch=1/1
[pipeline-trace] wall=23:32:38 elapsed=534.368s phase=train event=interaction_progress trial=22 partition=0 processed=1800 total=14000 metric=ce epoch=1/1
[pipeline-trace] wall=23:32:38 elapsed=535.854s phase=train event=interaction_progress trial=21 partition=0 processed=8800 total=14000 metric=ce epoch=1/1
[pipeline-trace] wall=23:32:38 elapsed=534.642s phase=train event=interaction_progress trial=22 partition=0 processed=1900 total=14000 metric=ce epoch=1/1
[pipeline-trace] wall=23:32:38 elapsed=536.164s phase=train event=interaction_progress trial=21 partition=0 processed=8900 total=14000 metric=ce epoch=1/1
[pipeline-trace] wall=23:32:38 elapsed=534.918s phase=train event=interaction_progress trial=22 partition=0 processed=2000 total=14000 metric=ce epoch=1/1
[pipeline-trace] wall=23:32:39 elapsed=536.464s phase=train event=interaction_progress trial=21 partition=0 processed=9000 total=14000 metric=ce epoch=1/1
[pipeline-trace] wall=23:32:39 elapsed=535.169s phase=train event=interaction_progress trial=22 partition=0 processed=2100 total=14000 metric=ce epoch=1/1
[pipeline-trace] wall=23:32:39 elapsed=536.774s phase=train event=interaction_progress trial=21 partition=0 processed=9100 total=14000 metric=ce epoch=1/1
[pipeline-trace] wall=23:32:39 elapsed=535.441s phase=train event=interaction_progress trial=22 partition=0 processed=2200 total=14000 metric=ce epoch=1/1
[pipeline-trace] wall=23:32:39 elapsed=537.074s phase=train event=interaction_progress trial=21 partition=0 processed=9200 total=14000 metric=ce epoch=1/1
[pipeline-trace] wall=23:32:39 elapsed=535.703s phase=train event=interaction_progress trial=22 partition=0 processed=2300 total=14000 metric=ce epoch=1/1
[pipeline-trace] wall=23:32:40 elapsed=535.963s phase=train event=interaction_progress trial=22 partition=0 processed=2400 total=14000 metric=ce epoch=1/1
[pipeline-trace] wall=23:32:40 elapsed=537.397s phase=train event=interaction_progress trial=21 partition=0 processed=9300 total=14000 metric=ce epoch=1/1
[pipeline-trace] wall=23:32:40 elapsed=536.232s phase=train event=interaction_progress trial=22 partition=0 processed=2500 total=14000 metric=ce epoch=1/1
[pipeline-trace] wall=23:32:40 elapsed=537.690s phase=train event=interaction_progress trial=21 partition=0 processed=9400 total=14000 metric=ce epoch=1/1
[pipeline-trace] wall=23:32:40 elapsed=536.479s phase=train event=interaction_progress trial=22 partition=0 processed=2600 total=14000 metric=ce epoch=1/1
[pipeline-trace] wall=23:32:40 elapsed=537.941s phase=train event=interaction_progress trial=21 partition=0 processed=9500 total=14000 metric=ce epoch=1/1
[pipeline-trace] wall=23:32:40 elapsed=536.732s phase=train event=interaction_progress trial=22 partition=0 processed=2700 total=14000 metric=ce epoch=1/1
[pipeline-trace] wall=23:32:40 elapsed=538.208s phase=train event=interaction_progress trial=21 partition=0 processed=9600 total=14000 metric=ce epoch=1/1
[pipeline-trace] wall=23:32:41 elapsed=536.977s phase=train event=interaction_progress trial=22 partition=0 processed=2800 total=14000 metric=ce epoch=1/1
[pipeline-trace] wall=23:32:41 elapsed=538.507s phase=train event=interaction_progress trial=21 partition=0 processed=9700 total=14000 metric=ce epoch=1/1
[pipeline-trace] wall=23:32:41 elapsed=537.207s phase=train event=interaction_progress trial=22 partition=0 processed=2900 total=14000 metric=ce epoch=1/1
[pipeline-trace] wall=23:32:41 elapsed=538.810s phase=train event=interaction_progress trial=21 partition=0 processed=9800 total=14000 metric=ce epoch=1/1
[pipeline-trace] wall=23:32:41 elapsed=537.432s phase=train event=interaction_progress trial=22 partition=0 processed=3000 total=14000 metric=ce epoch=1/1
[pipeline-trace] wall=23:32:41 elapsed=539.091s phase=train event=interaction_progress trial=21 partition=0 processed=9900 total=14000 metric=ce epoch=1/1
[pipeline-trace] wall=23:32:41 elapsed=537.671s phase=train event=interaction_progress trial=22 partition=0 processed=3100 total=14000 metric=ce epoch=1/1
[pipeline-trace] wall=23:32:41 elapsed=539.351s phase=train event=interaction_progress trial=21 partition=0 processed=10000 total=14000 metric=ce epoch=1/1
[pipeline-trace] wall=23:32:42 elapsed=537.936s phase=train event=interaction_progress trial=22 partition=0 processed=3200 total=14000 metric=ce epoch=1/1
[pipeline-trace] wall=23:32:42 elapsed=539.600s phase=train event=interaction_progress trial=21 partition=0 processed=10100 total=14000 metric=ce epoch=1/1
[pipeline-trace] wall=23:32:42 elapsed=538.192s phase=train event=interaction_progress trial=22 partition=0 processed=3300 total=14000 metric=ce epoch=1/1
[pipeline-trace] wall=23:32:42 elapsed=539.851s phase=train event=interaction_progress trial=21 partition=0 processed=10200 total=14000 metric=ce epoch=1/1
[pipeline-trace] wall=23:32:42 elapsed=538.429s phase=train event=interaction_progress trial=22 partition=0 processed=3400 total=14000 metric=ce epoch=1/1
[pipeline-trace] wall=23:32:42 elapsed=538.658s phase=train event=interaction_progress trial=22 partition=0 processed=3500 total=14000 metric=ce epoch=1/1
[pipeline-trace] wall=23:32:42 elapsed=540.125s phase=train event=interaction_progress trial=21 partition=0 processed=10300 total=14000 metric=ce epoch=1/1
[pipeline-trace] wall=23:32:42 elapsed=538.882s phase=train event=interaction_progress trial=22 partition=0 processed=3600 total=14000 metric=ce epoch=1/1
[pipeline-trace] wall=23:32:43 elapsed=540.394s phase=train event=interaction_progress trial=21 partition=0 processed=10400 total=14000 metric=ce epoch=1/1
[pipeline-trace] wall=23:32:43 elapsed=539.103s phase=train event=interaction_progress trial=22 partition=0 processed=3700 total=14000 metric=ce epoch=1/1
[pipeline-trace] wall=23:32:43 elapsed=540.637s phase=train event=interaction_progress trial=21 partition=0 processed=10500 total=14000 metric=ce epoch=1/1
[pipeline-trace] wall=23:32:43 elapsed=539.351s phase=train event=interaction_progress trial=22 partition=0 processed=3800 total=14000 metric=ce epoch=1/1
[pipeline-trace] wall=23:32:43 elapsed=540.903s phase=train event=interaction_progress trial=21 partition=0 processed=10600 total=14000 metric=ce epoch=1/1
[pipeline-trace] wall=23:32:43 elapsed=539.569s phase=train event=interaction_progress trial=22 partition=0 processed=3900 total=14000 metric=ce epoch=1/1
[pipeline-trace] wall=23:32:43 elapsed=541.168s phase=train event=interaction_progress trial=21 partition=0 processed=10700 total=14000 metric=ce epoch=1/1
[pipeline-trace] wall=23:32:43 elapsed=539.786s phase=train event=interaction_progress trial=22 partition=0 processed=4000 total=14000 metric=ce epoch=1/1
[pipeline-trace] wall=23:32:44 elapsed=541.409s phase=train event=interaction_progress trial=21 partition=0 processed=10800 total=14000 metric=ce epoch=1/1
[pipeline-trace] wall=23:32:44 elapsed=540.010s phase=train event=interaction_progress trial=22 partition=0 processed=4100 total=14000 metric=ce epoch=1/1
[pipeline-trace] wall=23:32:44 elapsed=541.641s phase=train event=interaction_progress trial=21 partition=0 processed=10900 total=14000 metric=ce epoch=1/1
[pipeline-trace] wall=23:32:44 elapsed=540.237s phase=train event=interaction_progress trial=22 partition=0 processed=4200 total=14000 metric=ce epoch=1/1
[pipeline-trace] wall=23:32:44 elapsed=541.876s phase=train event=interaction_progress trial=21 partition=0 processed=11000 total=14000 metric=ce epoch=1/1
[pipeline-trace] wall=23:32:44 elapsed=540.462s phase=train event=interaction_progress trial=22 partition=0 processed=4300 total=14000 metric=ce epoch=1/1
[pipeline-trace] wall=23:32:44 elapsed=540.686s phase=train event=interaction_progress trial=22 partition=0 processed=4400 total=14000 metric=ce epoch=1/1
[pipeline-trace] wall=23:32:44 elapsed=542.138s phase=train event=interaction_progress trial=21 partition=0 processed=11100 total=14000 metric=ce epoch=1/1
[pipeline-trace] wall=23:32:44 elapsed=540.898s phase=train event=interaction_progress trial=22 partition=0 processed=4500 total=14000 metric=ce epoch=1/1
[pipeline-trace] wall=23:32:45 elapsed=542.390s phase=train event=interaction_progress trial=21 partition=0 processed=11200 total=14000 metric=ce epoch=1/1
[pipeline-trace] wall=23:32:45 elapsed=541.158s phase=train event=interaction_progress trial=22 partition=0 processed=4600 total=14000 metric=ce epoch=1/1
[pipeline-trace] wall=23:32:45 elapsed=542.671s phase=train event=interaction_progress trial=21 partition=0 processed=11300 total=14000 metric=ce epoch=1/1
[pipeline-trace] wall=23:32:45 elapsed=541.400s phase=train event=interaction_progress trial=22 partition=0 processed=4700 total=14000 metric=ce epoch=1/1
[pipeline-trace] wall=23:32:45 elapsed=542.969s phase=train event=interaction_progress trial=21 partition=0 processed=11400 total=14000 metric=ce epoch=1/1
[pipeline-trace] wall=23:32:45 elapsed=541.638s phase=train event=interaction_progress trial=22 partition=0 processed=4800 total=14000 metric=ce epoch=1/1
[pipeline-trace] wall=23:32:45 elapsed=543.244s phase=train event=interaction_progress trial=21 partition=0 processed=11500 total=14000 metric=ce epoch=1/1
[pipeline-trace] wall=23:32:45 elapsed=541.902s phase=train event=interaction_progress trial=22 partition=0 processed=4900 total=14000 metric=ce epoch=1/1
[pipeline-trace] wall=23:32:46 elapsed=543.511s phase=train event=interaction_progress trial=21 partition=0 processed=11600 total=14000 metric=ce epoch=1/1
[pipeline-trace] wall=23:32:46 elapsed=542.158s phase=train event=interaction_progress trial=22 partition=0 processed=5000 total=14000 metric=ce epoch=1/1
[pipeline-trace] wall=23:32:46 elapsed=543.774s phase=train event=interaction_progress trial=21 partition=0 processed=11700 total=14000 metric=ce epoch=1/1
[pipeline-trace] wall=23:32:46 elapsed=542.413s phase=train event=interaction_progress trial=22 partition=0 processed=5100 total=14000 metric=ce epoch=1/1
[pipeline-trace] wall=23:32:46 elapsed=544.037s phase=train event=interaction_progress trial=21 partition=0 processed=11800 total=14000 metric=ce epoch=1/1
[pipeline-trace] wall=23:32:46 elapsed=542.665s phase=train event=interaction_progress trial=22 partition=0 processed=5200 total=14000 metric=ce epoch=1/1
[pipeline-trace] wall=23:32:46 elapsed=544.323s phase=train event=interaction_progress trial=21 partition=0 processed=11900 total=14000 metric=ce epoch=1/1
[pipeline-trace] wall=23:32:46 elapsed=542.918s phase=train event=interaction_progress trial=22 partition=0 processed=5300 total=14000 metric=ce epoch=1/1
[pipeline-trace] wall=23:32:47 elapsed=543.156s phase=train event=interaction_progress trial=22 partition=0 processed=5400 total=14000 metric=ce epoch=1/1
[pipeline-trace] wall=23:32:47 elapsed=544.613s phase=train event=interaction_progress trial=21 partition=0 processed=12000 total=14000 metric=ce epoch=1/1
[pipeline-trace] wall=23:32:47 elapsed=543.403s phase=train event=interaction_progress trial=22 partition=0 processed=5500 total=14000 metric=ce epoch=1/1
[pipeline-trace] wall=23:32:47 elapsed=544.892s phase=train event=interaction_progress trial=21 partition=0 processed=12100 total=14000 metric=ce epoch=1/1
[pipeline-trace] wall=23:32:47 elapsed=543.638s phase=train event=interaction_progress trial=22 partition=0 processed=5600 total=14000 metric=ce epoch=1/1
[pipeline-trace] wall=23:32:47 elapsed=545.187s phase=train event=interaction_progress trial=21 partition=0 processed=12200 total=14000 metric=ce epoch=1/1
[pipeline-trace] wall=23:32:47 elapsed=543.907s phase=train event=interaction_progress trial=22 partition=0 processed=5700 total=14000 metric=ce epoch=1/1
[pipeline-trace] wall=23:32:48 elapsed=545.463s phase=train event=interaction_progress trial=21 partition=0 processed=12300 total=14000 metric=ce epoch=1/1
[pipeline-trace] wall=23:32:48 elapsed=544.181s phase=train event=interaction_progress trial=22 partition=0 processed=5800 total=14000 metric=ce epoch=1/1
[pipeline-trace] wall=23:32:48 elapsed=545.746s phase=train event=interaction_progress trial=21 partition=0 processed=12400 total=14000 metric=ce epoch=1/1
[pipeline-trace] wall=23:32:48 elapsed=544.445s phase=train event=interaction_progress trial=22 partition=0 processed=5900 total=14000 metric=ce epoch=1/1
[pipeline-trace] wall=23:32:48 elapsed=546.017s phase=train event=interaction_progress trial=21 partition=0 processed=12500 total=14000 metric=ce epoch=1/1
[pipeline-trace] wall=23:32:48 elapsed=544.699s phase=train event=interaction_progress trial=22 partition=0 processed=6000 total=14000 metric=ce epoch=1/1
[pipeline-trace] wall=23:32:48 elapsed=546.340s phase=train event=interaction_progress trial=21 partition=0 processed=12600 total=14000 metric=ce epoch=1/1
[pipeline-trace] wall=23:32:49 elapsed=544.959s phase=train event=interaction_progress trial=22 partition=0 processed=6100 total=14000 metric=ce epoch=1/1
[pipeline-trace] wall=23:32:49 elapsed=545.218s phase=train event=interaction_progress trial=22 partition=0 processed=6200 total=14000 metric=ce epoch=1/1
[pipeline-trace] wall=23:32:49 elapsed=546.663s phase=train event=interaction_progress trial=21 partition=0 processed=12700 total=14000 metric=ce epoch=1/1
[pipeline-trace] wall=23:32:49 elapsed=545.480s phase=train event=interaction_progress trial=22 partition=0 processed=6300 total=14000 metric=ce epoch=1/1
[pipeline-trace] wall=23:32:49 elapsed=546.988s phase=train event=interaction_progress trial=21 partition=0 processed=12800 total=14000 metric=ce epoch=1/1
[pipeline-trace] wall=23:32:49 elapsed=545.746s phase=train event=interaction_progress trial=22 partition=0 processed=6400 total=14000 metric=ce epoch=1/1
[pipeline-trace] wall=23:32:49 elapsed=547.323s phase=train event=interaction_progress trial=21 partition=0 processed=12900 total=14000 metric=ce epoch=1/1
[pipeline-trace] wall=23:32:50 elapsed=546.006s phase=train event=interaction_progress trial=22 partition=0 processed=6500 total=14000 metric=ce epoch=1/1
[pipeline-trace] wall=23:32:50 elapsed=547.621s phase=train event=interaction_progress trial=21 partition=0 processed=13000 total=14000 metric=ce epoch=1/1
[pipeline-trace] wall=23:32:50 elapsed=546.254s phase=train event=interaction_progress trial=22 partition=0 processed=6600 total=14000 metric=ce epoch=1/1
[pipeline-trace] wall=23:32:50 elapsed=546.494s phase=train event=interaction_progress trial=22 partition=0 processed=6700 total=14000 metric=ce epoch=1/1
[pipeline-trace] wall=23:32:50 elapsed=547.922s phase=train event=interaction_progress trial=21 partition=0 processed=13100 total=14000 metric=ce epoch=1/1
[pipeline-trace] wall=23:32:50 elapsed=546.744s phase=train event=interaction_progress trial=22 partition=0 processed=6800 total=14000 metric=ce epoch=1/1
[pipeline-trace] wall=23:32:50 elapsed=548.178s phase=train event=interaction_progress trial=21 partition=0 processed=13200 total=14000 metric=ce epoch=1/1
[pipeline-trace] wall=23:32:51 elapsed=546.995s phase=train event=interaction_progress trial=22 partition=0 processed=6900 total=14000 metric=ce epoch=1/1
[pipeline-trace] wall=23:32:51 elapsed=548.457s phase=train event=interaction_progress trial=21 partition=0 processed=13300 total=14000 metric=ce epoch=1/1
[pipeline-trace] wall=23:32:51 elapsed=547.209s phase=train event=interaction_progress trial=22 partition=0 processed=7000 total=14000 metric=ce epoch=1/1
[pipeline-trace] wall=23:32:51 elapsed=548.743s phase=train event=interaction_progress trial=21 partition=0 processed=13400 total=14000 metric=ce epoch=1/1
[pipeline-trace] wall=23:32:51 elapsed=547.434s phase=train event=interaction_progress trial=22 partition=0 processed=7100 total=14000 metric=ce epoch=1/1
[pipeline-trace] wall=23:32:51 elapsed=549.029s phase=train event=interaction_progress trial=21 partition=0 processed=13500 total=14000 metric=ce epoch=1/1
[pipeline-trace] wall=23:32:51 elapsed=547.653s phase=train event=interaction_progress trial=22 partition=0 processed=7200 total=14000 metric=ce epoch=1/1
[pipeline-trace] wall=23:32:51 elapsed=549.295s phase=train event=interaction_progress trial=21 partition=0 processed=13600 total=14000 metric=ce epoch=1/1
[pipeline-trace] wall=23:32:51 elapsed=547.936s phase=train event=interaction_progress trial=22 partition=0 processed=7300 total=14000 metric=ce epoch=1/1
[pipeline-trace] wall=23:32:52 elapsed=549.574s phase=train event=interaction_progress trial=21 partition=0 processed=13700 total=14000 metric=ce epoch=1/1
[pipeline-trace] wall=23:32:52 elapsed=548.209s phase=train event=interaction_progress trial=22 partition=0 processed=7400 total=14000 metric=ce epoch=1/1
[pipeline-trace] wall=23:32:52 elapsed=549.855s phase=train event=interaction_progress trial=21 partition=0 processed=13800 total=14000 metric=ce epoch=1/1
[pipeline-trace] wall=23:32:52 elapsed=548.456s phase=train event=interaction_progress trial=22 partition=0 processed=7500 total=14000 metric=ce epoch=1/1
[pipeline-trace] wall=23:32:52 elapsed=550.124s phase=train event=interaction_progress trial=21 partition=0 processed=13900 total=14000 metric=ce epoch=1/1
[pipeline-trace] wall=23:32:52 elapsed=548.709s phase=train event=interaction_progress trial=22 partition=0 processed=7600 total=14000 metric=ce epoch=1/1
[pipeline-trace] wall=23:32:53 elapsed=548.966s phase=train event=interaction_progress trial=22 partition=0 processed=7700 total=14000 metric=ce epoch=1/1
[pipeline-trace] wall=23:32:53 elapsed=550.406s phase=train event=interaction_progress trial=21 partition=0 processed=14000 total=14000 metric=ce epoch=1/1
[pipeline-trace] wall=23:32:53 elapsed=550.492s phase=eval event=batch_start trial=21 partitions=[1] synthetic=False
[pipeline-trace] wall=23:32:53 elapsed=550.492s phase=eval event=partition_start trial=21 partition=1 interactions=1999
[pipeline-trace] wall=23:32:53 elapsed=550.492s phase=eval event=interaction_progress trial=21 partition=1 processed=1 total=1999 metric=ranking
[pipeline-trace] wall=23:32:53 elapsed=550.626s phase=eval event=interaction_progress trial=21 partition=1 processed=100 total=1999 metric=ranking
[pipeline-trace] wall=23:32:53 elapsed=549.216s phase=train event=interaction_progress trial=22 partition=0 processed=7800 total=14000 metric=ce epoch=1/1
[pipeline-trace] wall=23:32:53 elapsed=550.757s phase=eval event=interaction_progress trial=21 partition=1 processed=200 total=1999 metric=ranking
[pipeline-trace] wall=23:32:53 elapsed=550.888s phase=eval event=interaction_progress trial=21 partition=1 processed=300 total=1999 metric=ranking
[pipeline-trace] wall=23:32:53 elapsed=549.469s phase=train event=interaction_progress trial=22 partition=0 processed=7900 total=14000 metric=ce epoch=1/1
[pipeline-trace] wall=23:32:53 elapsed=551.019s phase=eval event=interaction_progress trial=21 partition=1 processed=400 total=1999 metric=ranking
[pipeline-trace] wall=23:32:53 elapsed=551.147s phase=eval event=interaction_progress trial=21 partition=1 processed=500 total=1999 metric=ranking
[pipeline-trace] wall=23:32:53 elapsed=549.720s phase=train event=interaction_progress trial=22 partition=0 processed=8000 total=14000 metric=ce epoch=1/1
[pipeline-trace] wall=23:32:53 elapsed=551.275s phase=eval event=interaction_progress trial=21 partition=1 processed=600 total=1999 metric=ranking
[pipeline-trace] wall=23:32:54 elapsed=549.973s phase=train event=interaction_progress trial=22 partition=0 processed=8100 total=14000 metric=ce epoch=1/1
[pipeline-trace] wall=23:32:54 elapsed=551.403s phase=eval event=interaction_progress trial=21 partition=1 processed=700 total=1999 metric=ranking
[pipeline-trace] wall=23:32:54 elapsed=551.531s phase=eval event=interaction_progress trial=21 partition=1 processed=800 total=1999 metric=ranking
[pipeline-trace] wall=23:32:54 elapsed=550.229s phase=train event=interaction_progress trial=22 partition=0 processed=8200 total=14000 metric=ce epoch=1/1
[pipeline-trace] wall=23:32:54 elapsed=551.658s phase=eval event=interaction_progress trial=21 partition=1 processed=900 total=1999 metric=ranking
[pipeline-trace] wall=23:32:54 elapsed=551.786s phase=eval event=interaction_progress trial=21 partition=1 processed=1000 total=1999 metric=ranking
[pipeline-trace] wall=23:32:54 elapsed=550.477s phase=train event=interaction_progress trial=22 partition=0 processed=8300 total=14000 metric=ce epoch=1/1
[pipeline-trace] wall=23:32:54 elapsed=551.915s phase=eval event=interaction_progress trial=21 partition=1 processed=1100 total=1999 metric=ranking
[pipeline-trace] wall=23:32:54 elapsed=552.042s phase=eval event=interaction_progress trial=21 partition=1 processed=1200 total=1999 metric=ranking
[pipeline-trace] wall=23:32:54 elapsed=550.736s phase=train event=interaction_progress trial=22 partition=0 processed=8400 total=14000 metric=ce epoch=1/1
[pipeline-trace] wall=23:32:54 elapsed=552.171s phase=eval event=interaction_progress trial=21 partition=1 processed=1300 total=1999 metric=ranking
[pipeline-trace] wall=23:32:54 elapsed=552.299s phase=eval event=interaction_progress trial=21 partition=1 processed=1400 total=1999 metric=ranking
[pipeline-trace] wall=23:32:55 elapsed=550.994s phase=train event=interaction_progress trial=22 partition=0 processed=8500 total=14000 metric=ce epoch=1/1
[pipeline-trace] wall=23:32:55 elapsed=552.428s phase=eval event=interaction_progress trial=21 partition=1 processed=1500 total=1999 metric=ranking
[pipeline-trace] wall=23:32:55 elapsed=552.557s phase=eval event=interaction_progress trial=21 partition=1 processed=1600 total=1999 metric=ranking
[pipeline-trace] wall=23:32:55 elapsed=551.250s phase=train event=interaction_progress trial=22 partition=0 processed=8600 total=14000 metric=ce epoch=1/1
[pipeline-trace] wall=23:32:55 elapsed=552.686s phase=eval event=interaction_progress trial=21 partition=1 processed=1700 total=1999 metric=ranking
[pipeline-trace] wall=23:32:55 elapsed=552.814s phase=eval event=interaction_progress trial=21 partition=1 processed=1800 total=1999 metric=ranking
[pipeline-trace] wall=23:32:55 elapsed=551.488s phase=train event=interaction_progress trial=22 partition=0 processed=8700 total=14000 metric=ce epoch=1/1
[pipeline-trace] wall=23:32:55 elapsed=552.942s phase=eval event=interaction_progress trial=21 partition=1 processed=1900 total=1999 metric=ranking
[pipeline-trace] wall=23:32:55 elapsed=553.080s phase=eval event=interaction_progress trial=21 partition=1 processed=1999 total=1999 metric=ranking
[pipeline-trace] wall=23:32:55 elapsed=553.082s phase=eval event=partition_complete trial=21 partition=1 elapsed_sec=2.590 hits=1815 total=1999
[pipeline-trace] wall=23:32:55 elapsed=553.191s phase=train event=interaction_progress trial=23 partition=0 processed=1 total=14000 metric=ce epoch=1/1
[pipeline-trace] wall=23:32:55 elapsed=551.770s phase=train event=interaction_progress trial=22 partition=0 processed=8800 total=14000 metric=ce epoch=1/1
[pipeline-trace] wall=23:32:56 elapsed=551.993s phase=train event=interaction_progress trial=22 partition=0 processed=8900 total=14000 metric=ce epoch=1/1
[pipeline-trace] wall=23:32:56 elapsed=553.446s phase=train event=interaction_progress trial=23 partition=0 processed=100 total=14000 metric=ce epoch=1/1
[pipeline-trace] wall=23:32:56 elapsed=552.254s phase=train event=interaction_progress trial=22 partition=0 processed=9000 total=14000 metric=ce epoch=1/1
[pipeline-trace] wall=23:32:56 elapsed=553.780s phase=train event=interaction_progress trial=23 partition=0 processed=200 total=14000 metric=ce epoch=1/1
[pipeline-trace] wall=23:32:56 elapsed=552.511s phase=train event=interaction_progress trial=22 partition=0 processed=9100 total=14000 metric=ce epoch=1/1
[pipeline-trace] wall=23:32:56 elapsed=554.139s phase=train event=interaction_progress trial=23 partition=0 processed=300 total=14000 metric=ce epoch=1/1
[pipeline-trace] wall=23:32:56 elapsed=552.781s phase=train event=interaction_progress trial=22 partition=0 processed=9200 total=14000 metric=ce epoch=1/1
[pipeline-trace] wall=23:32:57 elapsed=553.044s phase=train event=interaction_progress trial=22 partition=0 processed=9300 total=14000 metric=ce epoch=1/1
[pipeline-trace] wall=23:32:57 elapsed=554.497s phase=train event=interaction_progress trial=23 partition=0 processed=400 total=14000 metric=ce epoch=1/1
[pipeline-trace] wall=23:32:57 elapsed=553.302s phase=train event=interaction_progress trial=22 partition=0 processed=9400 total=14000 metric=ce epoch=1/1
[pipeline-trace] wall=23:32:57 elapsed=554.836s phase=train event=interaction_progress trial=23 partition=0 processed=500 total=14000 metric=ce epoch=1/1
[pipeline-trace] wall=23:32:57 elapsed=553.578s phase=train event=interaction_progress trial=22 partition=0 processed=9500 total=14000 metric=ce epoch=1/1
[pipeline-trace] wall=23:32:57 elapsed=555.191s phase=train event=interaction_progress trial=23 partition=0 processed=600 total=14000 metric=ce epoch=1/1
[pipeline-trace] wall=23:32:57 elapsed=553.838s phase=train event=interaction_progress trial=22 partition=0 processed=9600 total=14000 metric=ce epoch=1/1
[pipeline-trace] wall=23:32:58 elapsed=555.575s phase=train event=interaction_progress trial=23 partition=0 processed=700 total=14000 metric=ce epoch=1/1
[pipeline-trace] wall=23:32:58 elapsed=554.173s phase=train event=interaction_progress trial=22 partition=0 processed=9700 total=14000 metric=ce epoch=1/1
[pipeline-trace] wall=23:32:58 elapsed=554.502s phase=train event=interaction_progress trial=22 partition=0 processed=9800 total=14000 metric=ce epoch=1/1
[pipeline-trace] wall=23:32:58 elapsed=555.975s phase=train event=interaction_progress trial=23 partition=0 processed=800 total=14000 metric=ce epoch=1/1
[pipeline-trace] wall=23:32:58 elapsed=554.770s phase=train event=interaction_progress trial=22 partition=0 processed=9900 total=14000 metric=ce epoch=1/1
[pipeline-trace] wall=23:32:58 elapsed=556.280s phase=train event=interaction_progress trial=23 partition=0 processed=900 total=14000 metric=ce epoch=1/1
[pipeline-trace] wall=23:32:59 elapsed=555.028s phase=train event=interaction_progress trial=22 partition=0 processed=10000 total=14000 metric=ce epoch=1/1
[pipeline-trace] wall=23:32:59 elapsed=556.589s phase=train event=interaction_progress trial=23 partition=0 processed=1000 total=14000 metric=ce epoch=1/1
[pipeline-trace] wall=23:32:59 elapsed=555.305s phase=train event=interaction_progress trial=22 partition=0 processed=10100 total=14000 metric=ce epoch=1/1
[pipeline-trace] wall=23:32:59 elapsed=556.896s phase=train event=interaction_progress trial=23 partition=0 processed=1100 total=14000 metric=ce epoch=1/1
[pipeline-trace] wall=23:32:59 elapsed=555.557s phase=train event=interaction_progress trial=22 partition=0 processed=10200 total=14000 metric=ce epoch=1/1
[pipeline-trace] wall=23:32:59 elapsed=557.223s phase=train event=interaction_progress trial=23 partition=0 processed=1200 total=14000 metric=ce epoch=1/1
[pipeline-trace] wall=23:32:59 elapsed=555.801s phase=train event=interaction_progress trial=22 partition=0 processed=10300 total=14000 metric=ce epoch=1/1
[pipeline-trace] wall=23:33:00 elapsed=556.048s phase=train event=interaction_progress trial=22 partition=0 processed=10400 total=14000 metric=ce epoch=1/1
[pipeline-trace] wall=23:33:00 elapsed=557.553s phase=train event=interaction_progress trial=23 partition=0 processed=1300 total=14000 metric=ce epoch=1/1
[pipeline-trace] wall=23:33:00 elapsed=556.271s phase=train event=interaction_progress trial=22 partition=0 processed=10500 total=14000 metric=ce epoch=1/1
[pipeline-trace] wall=23:33:00 elapsed=557.868s phase=train event=interaction_progress trial=23 partition=0 processed=1400 total=14000 metric=ce epoch=1/1
[pipeline-trace] wall=23:33:00 elapsed=556.519s phase=train event=interaction_progress trial=22 partition=0 processed=10600 total=14000 metric=ce epoch=1/1
[pipeline-trace] wall=23:33:00 elapsed=556.774s phase=train event=interaction_progress trial=22 partition=0 processed=10700 total=14000 metric=ce epoch=1/1
[pipeline-trace] wall=23:33:00 elapsed=558.215s phase=train event=interaction_progress trial=23 partition=0 processed=1500 total=14000 metric=ce epoch=1/1
[pipeline-trace] wall=23:33:01 elapsed=557.035s phase=train event=interaction_progress trial=22 partition=0 processed=10800 total=14000 metric=ce epoch=1/1
[pipeline-trace] wall=23:33:01 elapsed=558.564s phase=train event=interaction_progress trial=23 partition=0 processed=1600 total=14000 metric=ce epoch=1/1
[pipeline-trace] wall=23:33:01 elapsed=557.283s phase=train event=interaction_progress trial=22 partition=0 processed=10900 total=14000 metric=ce epoch=1/1
[pipeline-trace] wall=23:33:01 elapsed=558.899s phase=train event=interaction_progress trial=23 partition=0 processed=1700 total=14000 metric=ce epoch=1/1
[pipeline-trace] wall=23:33:01 elapsed=557.532s phase=train event=interaction_progress trial=22 partition=0 processed=11000 total=14000 metric=ce epoch=1/1
[pipeline-trace] wall=23:33:01 elapsed=557.762s phase=train event=interaction_progress trial=22 partition=0 processed=11100 total=14000 metric=ce epoch=1/1
[pipeline-trace] wall=23:33:01 elapsed=559.233s phase=train event=interaction_progress trial=23 partition=0 processed=1800 total=14000 metric=ce epoch=1/1
[pipeline-trace] wall=23:33:02 elapsed=557.998s phase=train event=interaction_progress trial=22 partition=0 processed=11200 total=14000 metric=ce epoch=1/1
[pipeline-trace] wall=23:33:02 elapsed=559.561s phase=train event=interaction_progress trial=23 partition=0 processed=1900 total=14000 metric=ce epoch=1/1
[pipeline-trace] wall=23:33:02 elapsed=558.229s phase=train event=interaction_progress trial=22 partition=0 processed=11300 total=14000 metric=ce epoch=1/1
[pipeline-trace] wall=23:33:02 elapsed=559.879s phase=train event=interaction_progress trial=23 partition=0 processed=2000 total=14000 metric=ce epoch=1/1
[pipeline-trace] wall=23:33:02 elapsed=558.476s phase=train event=interaction_progress trial=22 partition=0 processed=11400 total=14000 metric=ce epoch=1/1
[pipeline-trace] wall=23:33:02 elapsed=558.736s phase=train event=interaction_progress trial=22 partition=0 processed=11500 total=14000 metric=ce epoch=1/1
[pipeline-trace] wall=23:33:02 elapsed=560.176s phase=train event=interaction_progress trial=23 partition=0 processed=2100 total=14000 metric=ce epoch=1/1
[pipeline-trace] wall=23:33:03 elapsed=559.004s phase=train event=interaction_progress trial=22 partition=0 processed=11600 total=14000 metric=ce epoch=1/1
[pipeline-trace] wall=23:33:03 elapsed=560.500s phase=train event=interaction_progress trial=23 partition=0 processed=2200 total=14000 metric=ce epoch=1/1
[pipeline-trace] wall=23:33:03 elapsed=559.259s phase=train event=interaction_progress trial=22 partition=0 processed=11700 total=14000 metric=ce epoch=1/1
[pipeline-trace] wall=23:33:03 elapsed=560.828s phase=train event=interaction_progress trial=23 partition=0 processed=2300 total=14000 metric=ce epoch=1/1
[pipeline-trace] wall=23:33:03 elapsed=559.514s phase=train event=interaction_progress trial=22 partition=0 processed=11800 total=14000 metric=ce epoch=1/1
[pipeline-trace] wall=23:33:03 elapsed=561.159s phase=train event=interaction_progress trial=23 partition=0 processed=2400 total=14000 metric=ce epoch=1/1
[pipeline-trace] wall=23:33:03 elapsed=559.748s phase=train event=interaction_progress trial=22 partition=0 processed=11900 total=14000 metric=ce epoch=1/1
[pipeline-trace] wall=23:33:04 elapsed=560.004s phase=train event=interaction_progress trial=22 partition=0 processed=12000 total=14000 metric=ce epoch=1/1
[pipeline-trace] wall=23:33:04 elapsed=561.493s phase=train event=interaction_progress trial=23 partition=0 processed=2500 total=14000 metric=ce epoch=1/1
[pipeline-trace] wall=23:33:04 elapsed=560.266s phase=train event=interaction_progress trial=22 partition=0 processed=12100 total=14000 metric=ce epoch=1/1
[pipeline-trace] wall=23:33:04 elapsed=561.820s phase=train event=interaction_progress trial=23 partition=0 processed=2600 total=14000 metric=ce epoch=1/1
[pipeline-trace] wall=23:33:04 elapsed=560.499s phase=train event=interaction_progress trial=22 partition=0 processed=12200 total=14000 metric=ce epoch=1/1
[pipeline-trace] wall=23:33:04 elapsed=562.144s phase=train event=interaction_progress trial=23 partition=0 processed=2700 total=14000 metric=ce epoch=1/1
[pipeline-trace] wall=23:33:04 elapsed=560.730s phase=train event=interaction_progress trial=22 partition=0 processed=12300 total=14000 metric=ce epoch=1/1
[pipeline-trace] wall=23:33:05 elapsed=560.981s phase=train event=interaction_progress trial=22 partition=0 processed=12400 total=14000 metric=ce epoch=1/1
[pipeline-trace] wall=23:33:05 elapsed=562.475s phase=train event=interaction_progress trial=23 partition=0 processed=2800 total=14000 metric=ce epoch=1/1
[pipeline-trace] wall=23:33:05 elapsed=561.231s phase=train event=interaction_progress trial=22 partition=0 processed=12500 total=14000 metric=ce epoch=1/1
[pipeline-trace] wall=23:33:05 elapsed=562.790s phase=train event=interaction_progress trial=23 partition=0 processed=2900 total=14000 metric=ce epoch=1/1
[pipeline-trace] wall=23:33:05 elapsed=561.461s phase=train event=interaction_progress trial=22 partition=0 processed=12600 total=14000 metric=ce epoch=1/1
[pipeline-trace] wall=23:33:05 elapsed=563.132s phase=train event=interaction_progress trial=23 partition=0 processed=3000 total=14000 metric=ce epoch=1/1
[pipeline-trace] wall=23:33:05 elapsed=561.757s phase=train event=interaction_progress trial=22 partition=0 processed=12700 total=14000 metric=ce epoch=1/1
[pipeline-trace] wall=23:33:06 elapsed=562.035s phase=train event=interaction_progress trial=22 partition=0 processed=12800 total=14000 metric=ce epoch=1/1
[pipeline-trace] wall=23:33:06 elapsed=563.473s phase=train event=interaction_progress trial=23 partition=0 processed=3100 total=14000 metric=ce epoch=1/1
[pipeline-trace] wall=23:33:06 elapsed=562.301s phase=train event=interaction_progress trial=22 partition=0 processed=12900 total=14000 metric=ce epoch=1/1
[pipeline-trace] wall=23:33:06 elapsed=563.810s phase=train event=interaction_progress trial=23 partition=0 processed=3200 total=14000 metric=ce epoch=1/1
[pipeline-trace] wall=23:33:06 elapsed=562.596s phase=train event=interaction_progress trial=22 partition=0 processed=13000 total=14000 metric=ce epoch=1/1
[pipeline-trace] wall=23:33:06 elapsed=564.182s phase=train event=interaction_progress trial=23 partition=0 processed=3300 total=14000 metric=ce epoch=1/1
[pipeline-trace] wall=23:33:06 elapsed=562.834s phase=train event=interaction_progress trial=22 partition=0 processed=13100 total=14000 metric=ce epoch=1/1
[pipeline-trace] wall=23:33:07 elapsed=564.494s phase=train event=interaction_progress trial=23 partition=0 processed=3400 total=14000 metric=ce epoch=1/1
[pipeline-trace] wall=23:33:07 elapsed=563.102s phase=train event=interaction_progress trial=22 partition=0 processed=13200 total=14000 metric=ce epoch=1/1
[pipeline-trace] wall=23:33:07 elapsed=563.346s phase=train event=interaction_progress trial=22 partition=0 processed=13300 total=14000 metric=ce epoch=1/1
[pipeline-trace] wall=23:33:07 elapsed=564.803s phase=train event=interaction_progress trial=23 partition=0 processed=3500 total=14000 metric=ce epoch=1/1
[pipeline-trace] wall=23:33:07 elapsed=563.581s phase=train event=interaction_progress trial=22 partition=0 processed=13400 total=14000 metric=ce epoch=1/1
[pipeline-trace] wall=23:33:07 elapsed=565.133s phase=train event=interaction_progress trial=23 partition=0 processed=3600 total=14000 metric=ce epoch=1/1
[pipeline-trace] wall=23:33:07 elapsed=563.811s phase=train event=interaction_progress trial=22 partition=0 processed=13500 total=14000 metric=ce epoch=1/1
[pipeline-trace] wall=23:33:08 elapsed=565.463s phase=train event=interaction_progress trial=23 partition=0 processed=3700 total=14000 metric=ce epoch=1/1
[pipeline-trace] wall=23:33:08 elapsed=564.059s phase=train event=interaction_progress trial=22 partition=0 processed=13600 total=14000 metric=ce epoch=1/1
[pipeline-trace] wall=23:33:08 elapsed=564.317s phase=train event=interaction_progress trial=22 partition=0 processed=13700 total=14000 metric=ce epoch=1/1
[pipeline-trace] wall=23:33:08 elapsed=565.780s phase=train event=interaction_progress trial=23 partition=0 processed=3800 total=14000 metric=ce epoch=1/1
[pipeline-trace] wall=23:33:08 elapsed=564.562s phase=train event=interaction_progress trial=22 partition=0 processed=13800 total=14000 metric=ce epoch=1/1
[pipeline-trace] wall=23:33:08 elapsed=566.112s phase=train event=interaction_progress trial=23 partition=0 processed=3900 total=14000 metric=ce epoch=1/1
[pipeline-trace] wall=23:33:08 elapsed=564.814s phase=train event=interaction_progress trial=22 partition=0 processed=13900 total=14000 metric=ce epoch=1/1
[pipeline-trace] wall=23:33:09 elapsed=566.465s phase=train event=interaction_progress trial=23 partition=0 processed=4000 total=14000 metric=ce epoch=1/1
[pipeline-trace] wall=23:33:09 elapsed=565.060s phase=train event=interaction_progress trial=22 partition=0 processed=14000 total=14000 metric=ce epoch=1/1
[pipeline-trace] wall=23:33:09 elapsed=565.114s phase=eval event=batch_start trial=22 partitions=[1] synthetic=False
[pipeline-trace] wall=23:33:09 elapsed=565.114s phase=eval event=partition_start trial=22 partition=1 interactions=1999
[pipeline-trace] wall=23:33:09 elapsed=565.115s phase=eval event=interaction_progress trial=22 partition=1 processed=1 total=1999 metric=ranking
[pipeline-trace] wall=23:33:09 elapsed=565.251s phase=eval event=interaction_progress trial=22 partition=1 processed=100 total=1999 metric=ranking
[pipeline-trace] wall=23:33:09 elapsed=566.770s phase=train event=interaction_progress trial=23 partition=0 processed=4100 total=14000 metric=ce epoch=1/1
[pipeline-trace] wall=23:33:09 elapsed=565.394s phase=eval event=interaction_progress trial=22 partition=1 processed=200 total=1999 metric=ranking
[pipeline-trace] wall=23:33:09 elapsed=565.533s phase=eval event=interaction_progress trial=22 partition=1 processed=300 total=1999 metric=ranking
[pipeline-trace] wall=23:33:09 elapsed=567.078s phase=train event=interaction_progress trial=23 partition=0 processed=4200 total=14000 metric=ce epoch=1/1
[pipeline-trace] wall=23:33:09 elapsed=565.657s phase=eval event=interaction_progress trial=22 partition=1 processed=400 total=1999 metric=ranking
[pipeline-trace] wall=23:33:09 elapsed=565.783s phase=eval event=interaction_progress trial=22 partition=1 processed=500 total=1999 metric=ranking
[pipeline-trace] wall=23:33:09 elapsed=565.910s phase=eval event=interaction_progress trial=22 partition=1 processed=600 total=1999 metric=ranking
[pipeline-trace] wall=23:33:10 elapsed=567.414s phase=train event=interaction_progress trial=23 partition=0 processed=4300 total=14000 metric=ce epoch=1/1
[pipeline-trace] wall=23:33:10 elapsed=566.034s phase=eval event=interaction_progress trial=22 partition=1 processed=700 total=1999 metric=ranking
[pipeline-trace] wall=23:33:10 elapsed=566.159s phase=eval event=interaction_progress trial=22 partition=1 processed=800 total=1999 metric=ranking
[pipeline-trace] wall=23:33:10 elapsed=566.283s phase=eval event=interaction_progress trial=22 partition=1 processed=900 total=1999 metric=ranking
[pipeline-trace] wall=23:33:10 elapsed=567.740s phase=train event=interaction_progress trial=23 partition=0 processed=4400 total=14000 metric=ce epoch=1/1
[pipeline-trace] wall=23:33:10 elapsed=566.408s phase=eval event=interaction_progress trial=22 partition=1 processed=1000 total=1999 metric=ranking
[pipeline-trace] wall=23:33:10 elapsed=566.533s phase=eval event=interaction_progress trial=22 partition=1 processed=1100 total=1999 metric=ranking
[pipeline-trace] wall=23:33:10 elapsed=568.059s phase=train event=interaction_progress trial=23 partition=0 processed=4500 total=14000 metric=ce epoch=1/1
[pipeline-trace] wall=23:33:10 elapsed=566.657s phase=eval event=interaction_progress trial=22 partition=1 processed=1200 total=1999 metric=ranking
[pipeline-trace] wall=23:33:10 elapsed=566.782s phase=eval event=interaction_progress trial=22 partition=1 processed=1300 total=1999 metric=ranking
[pipeline-trace] wall=23:33:10 elapsed=566.907s phase=eval event=interaction_progress trial=22 partition=1 processed=1400 total=1999 metric=ranking
[pipeline-trace] wall=23:33:11 elapsed=568.404s phase=train event=interaction_progress trial=23 partition=0 processed=4600 total=14000 metric=ce epoch=1/1
[pipeline-trace] wall=23:33:11 elapsed=567.076s phase=eval event=interaction_progress trial=22 partition=1 processed=1500 total=1999 metric=ranking
[pipeline-trace] wall=23:33:11 elapsed=567.212s phase=eval event=interaction_progress trial=22 partition=1 processed=1600 total=1999 metric=ranking
[pipeline-trace] wall=23:33:11 elapsed=568.740s phase=train event=interaction_progress trial=23 partition=0 processed=4700 total=14000 metric=ce epoch=1/1
[pipeline-trace] wall=23:33:11 elapsed=567.336s phase=eval event=interaction_progress trial=22 partition=1 processed=1700 total=1999 metric=ranking
[pipeline-trace] wall=23:33:11 elapsed=567.441s phase=eval event=interaction_progress trial=22 partition=1 processed=1800 total=1999 metric=ranking
[pipeline-trace] wall=23:33:11 elapsed=567.541s phase=eval event=interaction_progress trial=22 partition=1 processed=1900 total=1999 metric=ranking
[pipeline-trace] wall=23:33:11 elapsed=569.057s phase=train event=interaction_progress trial=23 partition=0 processed=4800 total=14000 metric=ce epoch=1/1
[pipeline-trace] wall=23:33:11 elapsed=567.639s phase=eval event=interaction_progress trial=22 partition=1 processed=1999 total=1999 metric=ranking
[pipeline-trace] wall=23:33:11 elapsed=567.641s phase=eval event=partition_complete trial=22 partition=1 elapsed_sec=2.526 hits=1549 total=1999
[pipeline-trace] wall=23:33:11 elapsed=567.679s phase=train event=interaction_progress trial=24 partition=0 processed=1 total=14000 metric=ce epoch=1/1
[pipeline-trace] wall=23:33:11 elapsed=567.904s phase=train event=interaction_progress trial=24 partition=0 processed=100 total=14000 metric=ce epoch=1/1
[pipeline-trace] wall=23:33:12 elapsed=569.374s phase=train event=interaction_progress trial=23 partition=0 processed=4900 total=14000 metric=ce epoch=1/1
[pipeline-trace] wall=23:33:12 elapsed=568.142s phase=train event=interaction_progress trial=24 partition=0 processed=200 total=14000 metric=ce epoch=1/1
[pipeline-trace] wall=23:33:12 elapsed=569.698s phase=train event=interaction_progress trial=23 partition=0 processed=5000 total=14000 metric=ce epoch=1/1
[pipeline-trace] wall=23:33:12 elapsed=568.362s phase=train event=interaction_progress trial=24 partition=0 processed=300 total=14000 metric=ce epoch=1/1
[pipeline-trace] wall=23:33:12 elapsed=568.555s phase=train event=interaction_progress trial=24 partition=0 processed=400 total=14000 metric=ce epoch=1/1
[pipeline-trace] wall=23:33:12 elapsed=570.006s phase=train event=interaction_progress trial=23 partition=0 processed=5100 total=14000 metric=ce epoch=1/1
[pipeline-trace] wall=23:33:12 elapsed=568.737s phase=train event=interaction_progress trial=24 partition=0 processed=500 total=14000 metric=ce epoch=1/1
[pipeline-trace] wall=23:33:12 elapsed=570.311s phase=train event=interaction_progress trial=23 partition=0 processed=5200 total=14000 metric=ce epoch=1/1
[pipeline-trace] wall=23:33:12 elapsed=568.911s phase=train event=interaction_progress trial=24 partition=0 processed=600 total=14000 metric=ce epoch=1/1
[pipeline-trace] wall=23:33:13 elapsed=569.090s phase=train event=interaction_progress trial=24 partition=0 processed=700 total=14000 metric=ce epoch=1/1
[pipeline-trace] wall=23:33:13 elapsed=570.615s phase=train event=interaction_progress trial=23 partition=0 processed=5300 total=14000 metric=ce epoch=1/1
[pipeline-trace] wall=23:33:13 elapsed=569.290s phase=train event=interaction_progress trial=24 partition=0 processed=800 total=14000 metric=ce epoch=1/1
[pipeline-trace] wall=23:33:13 elapsed=570.934s phase=train event=interaction_progress trial=23 partition=0 processed=5400 total=14000 metric=ce epoch=1/1
[pipeline-trace] wall=23:33:13 elapsed=569.527s phase=train event=interaction_progress trial=24 partition=0 processed=900 total=14000 metric=ce epoch=1/1
[pipeline-trace] wall=23:33:13 elapsed=569.760s phase=train event=interaction_progress trial=24 partition=0 processed=1000 total=14000 metric=ce epoch=1/1
[pipeline-trace] wall=23:33:13 elapsed=571.262s phase=train event=interaction_progress trial=23 partition=0 processed=5500 total=14000 metric=ce epoch=1/1
[pipeline-trace] wall=23:33:14 elapsed=569.999s phase=train event=interaction_progress trial=24 partition=0 processed=1100 total=14000 metric=ce epoch=1/1
[pipeline-trace] wall=23:33:14 elapsed=571.583s phase=train event=interaction_progress trial=23 partition=0 processed=5600 total=14000 metric=ce epoch=1/1
[pipeline-trace] wall=23:33:14 elapsed=570.241s phase=train event=interaction_progress trial=24 partition=0 processed=1200 total=14000 metric=ce epoch=1/1
[pipeline-trace] wall=23:33:14 elapsed=571.886s phase=train event=interaction_progress trial=23 partition=0 processed=5700 total=14000 metric=ce epoch=1/1
[pipeline-trace] wall=23:33:14 elapsed=570.486s phase=train event=interaction_progress trial=24 partition=0 processed=1300 total=14000 metric=ce epoch=1/1
[pipeline-trace] wall=23:33:14 elapsed=570.730s phase=train event=interaction_progress trial=24 partition=0 processed=1400 total=14000 metric=ce epoch=1/1
[pipeline-trace] wall=23:33:14 elapsed=572.237s phase=train event=interaction_progress trial=23 partition=0 processed=5800 total=14000 metric=ce epoch=1/1
[pipeline-trace] wall=23:33:15 elapsed=570.973s phase=train event=interaction_progress trial=24 partition=0 processed=1500 total=14000 metric=ce epoch=1/1
[pipeline-trace] wall=23:33:15 elapsed=572.616s phase=train event=interaction_progress trial=23 partition=0 processed=5900 total=14000 metric=ce epoch=1/1
[pipeline-trace] wall=23:33:15 elapsed=571.215s phase=train event=interaction_progress trial=24 partition=0 processed=1600 total=14000 metric=ce epoch=1/1
[pipeline-trace] wall=23:33:15 elapsed=571.456s phase=train event=interaction_progress trial=24 partition=0 processed=1700 total=14000 metric=ce epoch=1/1
[pipeline-trace] wall=23:33:15 elapsed=572.939s phase=train event=interaction_progress trial=23 partition=0 processed=6000 total=14000 metric=ce epoch=1/1
[pipeline-trace] wall=23:33:15 elapsed=571.691s phase=train event=interaction_progress trial=24 partition=0 processed=1800 total=14000 metric=ce epoch=1/1
[pipeline-trace] wall=23:33:15 elapsed=573.245s phase=train event=interaction_progress trial=23 partition=0 processed=6100 total=14000 metric=ce epoch=1/1
[pipeline-trace] wall=23:33:16 elapsed=571.967s phase=train event=interaction_progress trial=24 partition=0 processed=1900 total=14000 metric=ce epoch=1/1
[pipeline-trace] wall=23:33:16 elapsed=573.559s phase=train event=interaction_progress trial=23 partition=0 processed=6200 total=14000 metric=ce epoch=1/1
[pipeline-trace] wall=23:33:16 elapsed=572.213s phase=train event=interaction_progress trial=24 partition=0 processed=2000 total=14000 metric=ce epoch=1/1
[pipeline-trace] wall=23:33:16 elapsed=573.871s phase=train event=interaction_progress trial=23 partition=0 processed=6300 total=14000 metric=ce epoch=1/1
[pipeline-trace] wall=23:33:16 elapsed=572.479s phase=train event=interaction_progress trial=24 partition=0 processed=2100 total=14000 metric=ce epoch=1/1
[pipeline-trace] wall=23:33:16 elapsed=572.734s phase=train event=interaction_progress trial=24 partition=0 processed=2200 total=14000 metric=ce epoch=1/1
[pipeline-trace] wall=23:33:16 elapsed=574.172s phase=train event=interaction_progress trial=23 partition=0 processed=6400 total=14000 metric=ce epoch=1/1
[pipeline-trace] wall=23:33:16 elapsed=572.917s phase=train event=interaction_progress trial=24 partition=0 processed=2300 total=14000 metric=ce epoch=1/1
[pipeline-trace] wall=23:33:17 elapsed=574.482s phase=train event=interaction_progress trial=23 partition=0 processed=6500 total=14000 metric=ce epoch=1/1
[pipeline-trace] wall=23:33:17 elapsed=573.118s phase=train event=interaction_progress trial=24 partition=0 processed=2400 total=14000 metric=ce epoch=1/1
[pipeline-trace] wall=23:33:17 elapsed=573.342s phase=train event=interaction_progress trial=24 partition=0 processed=2500 total=14000 metric=ce epoch=1/1
[pipeline-trace] wall=23:33:17 elapsed=574.799s phase=train event=interaction_progress trial=23 partition=0 processed=6600 total=14000 metric=ce epoch=1/1
[pipeline-trace] wall=23:33:17 elapsed=573.565s phase=train event=interaction_progress trial=24 partition=0 processed=2600 total=14000 metric=ce epoch=1/1
[pipeline-trace] wall=23:33:17 elapsed=575.091s phase=train event=interaction_progress trial=23 partition=0 processed=6700 total=14000 metric=ce epoch=1/1
[pipeline-trace] wall=23:33:17 elapsed=573.793s phase=train event=interaction_progress trial=24 partition=0 processed=2700 total=14000 metric=ce epoch=1/1
[pipeline-trace] wall=23:33:18 elapsed=575.425s phase=train event=interaction_progress trial=23 partition=0 processed=6800 total=14000 metric=ce epoch=1/1
[pipeline-trace] wall=23:33:18 elapsed=574.053s phase=train event=interaction_progress trial=24 partition=0 processed=2800 total=14000 metric=ce epoch=1/1
[pipeline-trace] wall=23:33:18 elapsed=574.335s phase=train event=interaction_progress trial=24 partition=0 processed=2900 total=14000 metric=ce epoch=1/1
[pipeline-trace] wall=23:33:18 elapsed=575.811s phase=train event=interaction_progress trial=23 partition=0 processed=6900 total=14000 metric=ce epoch=1/1
[pipeline-trace] wall=23:33:18 elapsed=574.595s phase=train event=interaction_progress trial=24 partition=0 processed=3000 total=14000 metric=ce epoch=1/1
[pipeline-trace] wall=23:33:18 elapsed=576.183s phase=train event=interaction_progress trial=23 partition=0 processed=7000 total=14000 metric=ce epoch=1/1
[pipeline-trace] wall=23:33:18 elapsed=574.849s phase=train event=interaction_progress trial=24 partition=0 processed=3100 total=14000 metric=ce epoch=1/1
[pipeline-trace] wall=23:33:19 elapsed=575.098s phase=train event=interaction_progress trial=24 partition=0 processed=3200 total=14000 metric=ce epoch=1/1
[pipeline-trace] wall=23:33:19 elapsed=576.529s phase=train event=interaction_progress trial=23 partition=0 processed=7100 total=14000 metric=ce epoch=1/1
[pipeline-trace] wall=23:33:19 elapsed=575.345s phase=train event=interaction_progress trial=24 partition=0 processed=3300 total=14000 metric=ce epoch=1/1
[pipeline-trace] wall=23:33:19 elapsed=576.810s phase=train event=interaction_progress trial=23 partition=0 processed=7200 total=14000 metric=ce epoch=1/1
[pipeline-trace] wall=23:33:19 elapsed=575.570s phase=train event=interaction_progress trial=24 partition=0 processed=3400 total=14000 metric=ce epoch=1/1
[pipeline-trace] wall=23:33:19 elapsed=577.147s phase=train event=interaction_progress trial=23 partition=0 processed=7300 total=14000 metric=ce epoch=1/1
[pipeline-trace] wall=23:33:19 elapsed=575.819s phase=train event=interaction_progress trial=24 partition=0 processed=3500 total=14000 metric=ce epoch=1/1
[pipeline-trace] wall=23:33:20 elapsed=577.479s phase=train event=interaction_progress trial=23 partition=0 processed=7400 total=14000 metric=ce epoch=1/1
[pipeline-trace] wall=23:33:20 elapsed=576.057s phase=train event=interaction_progress trial=24 partition=0 processed=3600 total=14000 metric=ce epoch=1/1
[pipeline-trace] wall=23:33:20 elapsed=576.283s phase=train event=interaction_progress trial=24 partition=0 processed=3700 total=14000 metric=ce epoch=1/1
[pipeline-trace] wall=23:33:20 elapsed=577.813s phase=train event=interaction_progress trial=23 partition=0 processed=7500 total=14000 metric=ce epoch=1/1
[pipeline-trace] wall=23:33:20 elapsed=576.521s phase=train event=interaction_progress trial=24 partition=0 processed=3800 total=14000 metric=ce epoch=1/1
[pipeline-trace] wall=23:33:20 elapsed=578.137s phase=train event=interaction_progress trial=23 partition=0 processed=7600 total=14000 metric=ce epoch=1/1
[pipeline-trace] wall=23:33:20 elapsed=576.763s phase=train event=interaction_progress trial=24 partition=0 processed=3900 total=14000 metric=ce epoch=1/1
[pipeline-trace] wall=23:33:21 elapsed=577.020s phase=train event=interaction_progress trial=24 partition=0 processed=4000 total=14000 metric=ce epoch=1/1
[pipeline-trace] wall=23:33:21 elapsed=578.451s phase=train event=interaction_progress trial=23 partition=0 processed=7700 total=14000 metric=ce epoch=1/1
[pipeline-trace] wall=23:33:21 elapsed=577.264s phase=train event=interaction_progress trial=24 partition=0 processed=4100 total=14000 metric=ce epoch=1/1
[pipeline-trace] wall=23:33:21 elapsed=578.753s phase=train event=interaction_progress trial=23 partition=0 processed=7800 total=14000 metric=ce epoch=1/1
[pipeline-trace] wall=23:33:21 elapsed=577.499s phase=train event=interaction_progress trial=24 partition=0 processed=4200 total=14000 metric=ce epoch=1/1
[pipeline-trace] wall=23:33:21 elapsed=579.061s phase=train event=interaction_progress trial=23 partition=0 processed=7900 total=14000 metric=ce epoch=1/1
[pipeline-trace] wall=23:33:21 elapsed=577.742s phase=train event=interaction_progress trial=24 partition=0 processed=4300 total=14000 metric=ce epoch=1/1
[pipeline-trace] wall=23:33:22 elapsed=579.398s phase=train event=interaction_progress trial=23 partition=0 processed=8000 total=14000 metric=ce epoch=1/1
[pipeline-trace] wall=23:33:22 elapsed=578.025s phase=train event=interaction_progress trial=24 partition=0 processed=4400 total=14000 metric=ce epoch=1/1
[pipeline-trace] wall=23:33:22 elapsed=578.230s phase=train event=interaction_progress trial=24 partition=0 processed=4500 total=14000 metric=ce epoch=1/1
[pipeline-trace] wall=23:33:22 elapsed=579.705s phase=train event=interaction_progress trial=23 partition=0 processed=8100 total=14000 metric=ce epoch=1/1
[pipeline-trace] wall=23:33:22 elapsed=578.470s phase=train event=interaction_progress trial=24 partition=0 processed=4600 total=14000 metric=ce epoch=1/1
[pipeline-trace] wall=23:33:22 elapsed=580.022s phase=train event=interaction_progress trial=23 partition=0 processed=8200 total=14000 metric=ce epoch=1/1
[pipeline-trace] wall=23:33:22 elapsed=578.706s phase=train event=interaction_progress trial=24 partition=0 processed=4700 total=14000 metric=ce epoch=1/1
[pipeline-trace] wall=23:33:22 elapsed=580.328s phase=train event=interaction_progress trial=23 partition=0 processed=8300 total=14000 metric=ce epoch=1/1
[pipeline-trace] wall=23:33:23 elapsed=578.939s phase=train event=interaction_progress trial=24 partition=0 processed=4800 total=14000 metric=ce epoch=1/1
[pipeline-trace] wall=23:33:23 elapsed=579.190s phase=train event=interaction_progress trial=24 partition=0 processed=4900 total=14000 metric=ce epoch=1/1
[pipeline-trace] wall=23:33:23 elapsed=580.654s phase=train event=interaction_progress trial=23 partition=0 processed=8400 total=14000 metric=ce epoch=1/1
[pipeline-trace] wall=23:33:23 elapsed=579.436s phase=train event=interaction_progress trial=24 partition=0 processed=5000 total=14000 metric=ce epoch=1/1
[pipeline-trace] wall=23:33:23 elapsed=580.974s phase=train event=interaction_progress trial=23 partition=0 processed=8500 total=14000 metric=ce epoch=1/1
[pipeline-trace] wall=23:33:23 elapsed=579.685s phase=train event=interaction_progress trial=24 partition=0 processed=5100 total=14000 metric=ce epoch=1/1
[pipeline-trace] wall=23:33:23 elapsed=581.272s phase=train event=interaction_progress trial=23 partition=0 processed=8600 total=14000 metric=ce epoch=1/1
[pipeline-trace] wall=23:33:23 elapsed=579.919s phase=train event=interaction_progress trial=24 partition=0 processed=5200 total=14000 metric=ce epoch=1/1
[pipeline-trace] wall=23:33:24 elapsed=580.152s phase=train event=interaction_progress trial=24 partition=0 processed=5300 total=14000 metric=ce epoch=1/1
[pipeline-trace] wall=23:33:24 elapsed=581.598s phase=train event=interaction_progress trial=23 partition=0 processed=8700 total=14000 metric=ce epoch=1/1
[pipeline-trace] wall=23:33:24 elapsed=580.382s phase=train event=interaction_progress trial=24 partition=0 processed=5400 total=14000 metric=ce epoch=1/1
[pipeline-trace] wall=23:33:24 elapsed=581.929s phase=train event=interaction_progress trial=23 partition=0 processed=8800 total=14000 metric=ce epoch=1/1
[pipeline-trace] wall=23:33:24 elapsed=580.600s phase=train event=interaction_progress trial=24 partition=0 processed=5500 total=14000 metric=ce epoch=1/1
[pipeline-trace] wall=23:33:24 elapsed=580.824s phase=train event=interaction_progress trial=24 partition=0 processed=5600 total=14000 metric=ce epoch=1/1
[pipeline-trace] wall=23:33:24 elapsed=582.264s phase=train event=interaction_progress trial=23 partition=0 processed=8900 total=14000 metric=ce epoch=1/1
[pipeline-trace] wall=23:33:25 elapsed=581.060s phase=train event=interaction_progress trial=24 partition=0 processed=5700 total=14000 metric=ce epoch=1/1
[pipeline-trace] wall=23:33:25 elapsed=582.594s phase=train event=interaction_progress trial=23 partition=0 processed=9000 total=14000 metric=ce epoch=1/1
[pipeline-trace] wall=23:33:25 elapsed=581.293s phase=train event=interaction_progress trial=24 partition=0 processed=5800 total=14000 metric=ce epoch=1/1
[pipeline-trace] wall=23:33:25 elapsed=582.925s phase=train event=interaction_progress trial=23 partition=0 processed=9100 total=14000 metric=ce epoch=1/1
[pipeline-trace] wall=23:33:25 elapsed=581.521s phase=train event=interaction_progress trial=24 partition=0 processed=5900 total=14000 metric=ce epoch=1/1
[pipeline-trace] wall=23:33:25 elapsed=581.740s phase=train event=interaction_progress trial=24 partition=0 processed=6000 total=14000 metric=ce epoch=1/1
[pipeline-trace] wall=23:33:25 elapsed=583.210s phase=train event=interaction_progress trial=23 partition=0 processed=9200 total=14000 metric=ce epoch=1/1
[pipeline-trace] wall=23:33:26 elapsed=581.969s phase=train event=interaction_progress trial=24 partition=0 processed=6100 total=14000 metric=ce epoch=1/1
[pipeline-trace] wall=23:33:26 elapsed=583.505s phase=train event=interaction_progress trial=23 partition=0 processed=9300 total=14000 metric=ce epoch=1/1
[pipeline-trace] wall=23:33:26 elapsed=582.169s phase=train event=interaction_progress trial=24 partition=0 processed=6200 total=14000 metric=ce epoch=1/1
[pipeline-trace] wall=23:33:26 elapsed=582.396s phase=train event=interaction_progress trial=24 partition=0 processed=6300 total=14000 metric=ce epoch=1/1
[pipeline-trace] wall=23:33:26 elapsed=583.832s phase=train event=interaction_progress trial=23 partition=0 processed=9400 total=14000 metric=ce epoch=1/1
[pipeline-trace] wall=23:33:26 elapsed=582.609s phase=train event=interaction_progress trial=24 partition=0 processed=6400 total=14000 metric=ce epoch=1/1
[pipeline-trace] wall=23:33:26 elapsed=584.156s phase=train event=interaction_progress trial=23 partition=0 processed=9500 total=14000 metric=ce epoch=1/1
[pipeline-trace] wall=23:33:26 elapsed=582.804s phase=train event=interaction_progress trial=24 partition=0 processed=6500 total=14000 metric=ce epoch=1/1
[pipeline-trace] wall=23:33:27 elapsed=583.007s phase=train event=interaction_progress trial=24 partition=0 processed=6600 total=14000 metric=ce epoch=1/1
[pipeline-trace] wall=23:33:27 elapsed=584.472s phase=train event=interaction_progress trial=23 partition=0 processed=9600 total=14000 metric=ce epoch=1/1
[pipeline-trace] wall=23:33:27 elapsed=583.205s phase=train event=interaction_progress trial=24 partition=0 processed=6700 total=14000 metric=ce epoch=1/1
[pipeline-trace] wall=23:33:27 elapsed=584.818s phase=train event=interaction_progress trial=23 partition=0 processed=9700 total=14000 metric=ce epoch=1/1
[pipeline-trace] wall=23:33:27 elapsed=583.451s phase=train event=interaction_progress trial=24 partition=0 processed=6800 total=14000 metric=ce epoch=1/1
[pipeline-trace] wall=23:33:27 elapsed=583.687s phase=train event=interaction_progress trial=24 partition=0 processed=6900 total=14000 metric=ce epoch=1/1
[pipeline-trace] wall=23:33:27 elapsed=585.157s phase=train event=interaction_progress trial=23 partition=0 processed=9800 total=14000 metric=ce epoch=1/1
[pipeline-trace] wall=23:33:27 elapsed=583.913s phase=train event=interaction_progress trial=24 partition=0 processed=7000 total=14000 metric=ce epoch=1/1
[pipeline-trace] wall=23:33:28 elapsed=585.494s phase=train event=interaction_progress trial=23 partition=0 processed=9900 total=14000 metric=ce epoch=1/1
[pipeline-trace] wall=23:33:28 elapsed=584.140s phase=train event=interaction_progress trial=24 partition=0 processed=7100 total=14000 metric=ce epoch=1/1
[pipeline-trace] wall=23:33:28 elapsed=584.343s phase=train event=interaction_progress trial=24 partition=0 processed=7200 total=14000 metric=ce epoch=1/1
[pipeline-trace] wall=23:33:28 elapsed=585.829s phase=train event=interaction_progress trial=23 partition=0 processed=10000 total=14000 metric=ce epoch=1/1
[pipeline-trace] wall=23:33:28 elapsed=584.568s phase=train event=interaction_progress trial=24 partition=0 processed=7300 total=14000 metric=ce epoch=1/1
[pipeline-trace] wall=23:33:28 elapsed=586.163s phase=train event=interaction_progress trial=23 partition=0 processed=10100 total=14000 metric=ce epoch=1/1
[pipeline-trace] wall=23:33:28 elapsed=584.769s phase=train event=interaction_progress trial=24 partition=0 processed=7400 total=14000 metric=ce epoch=1/1
[pipeline-trace] wall=23:33:29 elapsed=584.976s phase=train event=interaction_progress trial=24 partition=0 processed=7500 total=14000 metric=ce epoch=1/1
[pipeline-trace] wall=23:33:29 elapsed=586.496s phase=train event=interaction_progress trial=23 partition=0 processed=10200 total=14000 metric=ce epoch=1/1
[pipeline-trace] wall=23:33:29 elapsed=585.188s phase=train event=interaction_progress trial=24 partition=0 processed=7600 total=14000 metric=ce epoch=1/1
[pipeline-trace] wall=23:33:29 elapsed=586.834s phase=train event=interaction_progress trial=23 partition=0 processed=10300 total=14000 metric=ce epoch=1/1
[pipeline-trace] wall=23:33:29 elapsed=585.406s phase=train event=interaction_progress trial=24 partition=0 processed=7700 total=14000 metric=ce epoch=1/1
[pipeline-trace] wall=23:33:29 elapsed=585.613s phase=train event=interaction_progress trial=24 partition=0 processed=7800 total=14000 metric=ce epoch=1/1
[pipeline-trace] wall=23:33:29 elapsed=587.170s phase=train event=interaction_progress trial=23 partition=0 processed=10400 total=14000 metric=ce epoch=1/1
[pipeline-trace] wall=23:33:29 elapsed=585.836s phase=train event=interaction_progress trial=24 partition=0 processed=7900 total=14000 metric=ce epoch=1/1
[pipeline-trace] wall=23:33:30 elapsed=586.050s phase=train event=interaction_progress trial=24 partition=0 processed=8000 total=14000 metric=ce epoch=1/1
[pipeline-trace] wall=23:33:30 elapsed=587.509s phase=train event=interaction_progress trial=23 partition=0 processed=10500 total=14000 metric=ce epoch=1/1
[pipeline-trace] wall=23:33:30 elapsed=586.293s phase=train event=interaction_progress trial=24 partition=0 processed=8100 total=14000 metric=ce epoch=1/1
[pipeline-trace] wall=23:33:30 elapsed=587.892s phase=train event=interaction_progress trial=23 partition=0 processed=10600 total=14000 metric=ce epoch=1/1
[pipeline-trace] wall=23:33:30 elapsed=586.555s phase=train event=interaction_progress trial=24 partition=0 processed=8200 total=14000 metric=ce epoch=1/1
[pipeline-trace] wall=23:33:30 elapsed=586.827s phase=train event=interaction_progress trial=24 partition=0 processed=8300 total=14000 metric=ce epoch=1/1
[pipeline-trace] wall=23:33:30 elapsed=588.275s phase=train event=interaction_progress trial=23 partition=0 processed=10700 total=14000 metric=ce epoch=1/1
[pipeline-trace] wall=23:33:31 elapsed=587.107s phase=train event=interaction_progress trial=24 partition=0 processed=8400 total=14000 metric=ce epoch=1/1
[pipeline-trace] wall=23:33:31 elapsed=588.648s phase=train event=interaction_progress trial=23 partition=0 processed=10800 total=14000 metric=ce epoch=1/1
[pipeline-trace] wall=23:33:31 elapsed=587.342s phase=train event=interaction_progress trial=24 partition=0 processed=8500 total=14000 metric=ce epoch=1/1
[pipeline-trace] wall=23:33:31 elapsed=588.983s phase=train event=interaction_progress trial=23 partition=0 processed=10900 total=14000 metric=ce epoch=1/1
[pipeline-trace] wall=23:33:31 elapsed=587.588s phase=train event=interaction_progress trial=24 partition=0 processed=8600 total=14000 metric=ce epoch=1/1
[pipeline-trace] wall=23:33:31 elapsed=587.821s phase=train event=interaction_progress trial=24 partition=0 processed=8700 total=14000 metric=ce epoch=1/1
[pipeline-trace] wall=23:33:31 elapsed=589.319s phase=train event=interaction_progress trial=23 partition=0 processed=11000 total=14000 metric=ce epoch=1/1
[pipeline-trace] wall=23:33:32 elapsed=588.058s phase=train event=interaction_progress trial=24 partition=0 processed=8800 total=14000 metric=ce epoch=1/1
[pipeline-trace] wall=23:33:32 elapsed=589.660s phase=train event=interaction_progress trial=23 partition=0 processed=11100 total=14000 metric=ce epoch=1/1
[pipeline-trace] wall=23:33:32 elapsed=588.306s phase=train event=interaction_progress trial=24 partition=0 processed=8900 total=14000 metric=ce epoch=1/1
[pipeline-trace] wall=23:33:32 elapsed=589.965s phase=train event=interaction_progress trial=23 partition=0 processed=11200 total=14000 metric=ce epoch=1/1
[pipeline-trace] wall=23:33:32 elapsed=588.580s phase=train event=interaction_progress trial=24 partition=0 processed=9000 total=14000 metric=ce epoch=1/1
[pipeline-trace] wall=23:33:32 elapsed=588.817s phase=train event=interaction_progress trial=24 partition=0 processed=9100 total=14000 metric=ce epoch=1/1
[pipeline-trace] wall=23:33:32 elapsed=590.293s phase=train event=interaction_progress trial=23 partition=0 processed=11300 total=14000 metric=ce epoch=1/1
[pipeline-trace] wall=23:33:33 elapsed=589.073s phase=train event=interaction_progress trial=24 partition=0 processed=9200 total=14000 metric=ce epoch=1/1
[pipeline-trace] wall=23:33:33 elapsed=590.595s phase=train event=interaction_progress trial=23 partition=0 processed=11400 total=14000 metric=ce epoch=1/1
[pipeline-trace] wall=23:33:33 elapsed=589.322s phase=train event=interaction_progress trial=24 partition=0 processed=9300 total=14000 metric=ce epoch=1/1
[pipeline-trace] wall=23:33:33 elapsed=590.931s phase=train event=interaction_progress trial=23 partition=0 processed=11500 total=14000 metric=ce epoch=1/1
[pipeline-trace] wall=23:33:33 elapsed=589.566s phase=train event=interaction_progress trial=24 partition=0 processed=9400 total=14000 metric=ce epoch=1/1
[pipeline-trace] wall=23:33:33 elapsed=589.827s phase=train event=interaction_progress trial=24 partition=0 processed=9500 total=14000 metric=ce epoch=1/1
[pipeline-trace] wall=23:33:33 elapsed=591.277s phase=train event=interaction_progress trial=23 partition=0 processed=11600 total=14000 metric=ce epoch=1/1
[pipeline-trace] wall=23:33:34 elapsed=590.107s phase=train event=interaction_progress trial=24 partition=0 processed=9600 total=14000 metric=ce epoch=1/1
[pipeline-trace] wall=23:33:34 elapsed=591.588s phase=train event=interaction_progress trial=23 partition=0 processed=11700 total=14000 metric=ce epoch=1/1
[pipeline-trace] wall=23:33:34 elapsed=590.355s phase=train event=interaction_progress trial=24 partition=0 processed=9700 total=14000 metric=ce epoch=1/1
[pipeline-trace] wall=23:33:34 elapsed=591.913s phase=train event=interaction_progress trial=23 partition=0 processed=11800 total=14000 metric=ce epoch=1/1
[pipeline-trace] wall=23:33:34 elapsed=590.608s phase=train event=interaction_progress trial=24 partition=0 processed=9800 total=14000 metric=ce epoch=1/1
[pipeline-trace] wall=23:33:34 elapsed=592.268s phase=train event=interaction_progress trial=23 partition=0 processed=11900 total=14000 metric=ce epoch=1/1
[pipeline-trace] wall=23:33:34 elapsed=590.869s phase=train event=interaction_progress trial=24 partition=0 processed=9900 total=14000 metric=ce epoch=1/1
[pipeline-trace] wall=23:33:35 elapsed=591.129s phase=train event=interaction_progress trial=24 partition=0 processed=10000 total=14000 metric=ce epoch=1/1
[pipeline-trace] wall=23:33:35 elapsed=592.622s phase=train event=interaction_progress trial=23 partition=0 processed=12000 total=14000 metric=ce epoch=1/1
[pipeline-trace] wall=23:33:35 elapsed=591.519s phase=train event=interaction_progress trial=24 partition=0 processed=10100 total=14000 metric=ce epoch=1/1
[pipeline-trace] wall=23:33:35 elapsed=593.154s phase=train event=interaction_progress trial=23 partition=0 processed=12100 total=14000 metric=ce epoch=1/1
[pipeline-trace] wall=23:33:35 elapsed=591.931s phase=train event=interaction_progress trial=24 partition=0 processed=10200 total=14000 metric=ce epoch=1/1
[pipeline-trace] wall=23:33:37 elapsed=595.118s phase=train event=interaction_progress trial=23 partition=0 processed=12200 total=14000 metric=ce epoch=1/1
[pipeline-trace] wall=23:33:38 elapsed=595.667s phase=train event=interaction_progress trial=23 partition=0 processed=12300 total=14000 metric=ce epoch=1/1
[pipeline-trace] wall=23:33:38 elapsed=596.178s phase=train event=interaction_progress trial=23 partition=0 processed=12400 total=14000 metric=ce epoch=1/1
[pipeline-trace] wall=23:33:39 elapsed=596.639s phase=train event=interaction_progress trial=23 partition=0 processed=12500 total=14000 metric=ce epoch=1/1
[pipeline-trace] wall=23:33:39 elapsed=595.330s phase=train event=interaction_progress trial=24 partition=0 processed=10300 total=14000 metric=ce epoch=1/1
[pipeline-trace] wall=23:33:39 elapsed=597.251s phase=train event=interaction_progress trial=23 partition=0 processed=12600 total=14000 metric=ce epoch=1/1
[pipeline-trace] wall=23:33:40 elapsed=597.764s phase=train event=interaction_progress trial=23 partition=0 processed=12700 total=14000 metric=ce epoch=1/1
[pipeline-trace] wall=23:33:40 elapsed=598.278s phase=train event=interaction_progress trial=23 partition=0 processed=12800 total=14000 metric=ce epoch=1/1
[pipeline-trace] wall=23:33:42 elapsed=599.606s phase=train event=interaction_progress trial=23 partition=0 processed=12900 total=14000 metric=ce epoch=1/1
[pipeline-trace] wall=23:33:42 elapsed=598.277s phase=train event=interaction_progress trial=24 partition=0 processed=10400 total=14000 metric=ce epoch=1/1
[pipeline-trace] wall=23:33:42 elapsed=599.963s phase=train event=interaction_progress trial=23 partition=0 processed=13000 total=14000 metric=ce epoch=1/1
[pipeline-trace] wall=23:33:42 elapsed=598.556s phase=train event=interaction_progress trial=24 partition=0 processed=10500 total=14000 metric=ce epoch=1/1
[pipeline-trace] wall=23:33:42 elapsed=598.787s phase=train event=interaction_progress trial=24 partition=0 processed=10600 total=14000 metric=ce epoch=1/1
[pipeline-trace] wall=23:33:42 elapsed=600.234s phase=train event=interaction_progress trial=23 partition=0 processed=13100 total=14000 metric=ce epoch=1/1
[pipeline-trace] wall=23:33:43 elapsed=599.047s phase=train event=interaction_progress trial=24 partition=0 processed=10700 total=14000 metric=ce epoch=1/1
[pipeline-trace] wall=23:33:43 elapsed=600.551s phase=train event=interaction_progress trial=23 partition=0 processed=13200 total=14000 metric=ce epoch=1/1
[pipeline-trace] wall=23:33:43 elapsed=599.331s phase=train event=interaction_progress trial=24 partition=0 processed=10800 total=14000 metric=ce epoch=1/1
[pipeline-trace] wall=23:33:43 elapsed=600.858s phase=train event=interaction_progress trial=23 partition=0 processed=13300 total=14000 metric=ce epoch=1/1
[pipeline-trace] wall=23:33:43 elapsed=599.613s phase=train event=interaction_progress trial=24 partition=0 processed=10900 total=14000 metric=ce epoch=1/1
[pipeline-trace] wall=23:33:43 elapsed=601.155s phase=train event=interaction_progress trial=23 partition=0 processed=13400 total=14000 metric=ce epoch=1/1
[pipeline-trace] wall=23:33:43 elapsed=599.902s phase=train event=interaction_progress trial=24 partition=0 processed=11000 total=14000 metric=ce epoch=1/1
[pipeline-trace] wall=23:33:44 elapsed=601.474s phase=train event=interaction_progress trial=23 partition=0 processed=13500 total=14000 metric=ce epoch=1/1
[pipeline-trace] wall=23:33:44 elapsed=600.203s phase=train event=interaction_progress trial=24 partition=0 processed=11100 total=14000 metric=ce epoch=1/1
[pipeline-trace] wall=23:33:44 elapsed=600.447s phase=train event=interaction_progress trial=24 partition=0 processed=11200 total=14000 metric=ce epoch=1/1
[pipeline-trace] wall=23:33:44 elapsed=601.878s phase=train event=interaction_progress trial=23 partition=0 processed=13600 total=14000 metric=ce epoch=1/1
[pipeline-trace] wall=23:33:44 elapsed=600.651s phase=train event=interaction_progress trial=24 partition=0 processed=11300 total=14000 metric=ce epoch=1/1
[pipeline-trace] wall=23:33:44 elapsed=602.228s phase=train event=interaction_progress trial=23 partition=0 processed=13700 total=14000 metric=ce epoch=1/1
[pipeline-trace] wall=23:33:44 elapsed=600.870s phase=train event=interaction_progress trial=24 partition=0 processed=11400 total=14000 metric=ce epoch=1/1
[pipeline-trace] wall=23:33:45 elapsed=602.503s phase=train event=interaction_progress trial=23 partition=0 processed=13800 total=14000 metric=ce epoch=1/1
[pipeline-trace] wall=23:33:45 elapsed=601.106s phase=train event=interaction_progress trial=24 partition=0 processed=11500 total=14000 metric=ce epoch=1/1
[pipeline-trace] wall=23:33:45 elapsed=601.328s phase=train event=interaction_progress trial=24 partition=0 processed=11600 total=14000 metric=ce epoch=1/1
[pipeline-trace] wall=23:33:45 elapsed=602.765s phase=train event=interaction_progress trial=23 partition=0 processed=13900 total=14000 metric=ce epoch=1/1
[pipeline-trace] wall=23:33:45 elapsed=601.532s phase=train event=interaction_progress trial=24 partition=0 processed=11700 total=14000 metric=ce epoch=1/1
[pipeline-trace] wall=23:33:45 elapsed=603.035s phase=train event=interaction_progress trial=23 partition=0 processed=14000 total=14000 metric=ce epoch=1/1
[pipeline-trace] wall=23:33:45 elapsed=603.109s phase=eval event=batch_start trial=23 partitions=[1] synthetic=False
[pipeline-trace] wall=23:33:45 elapsed=603.109s phase=eval event=partition_start trial=23 partition=1 interactions=1999
[pipeline-trace] wall=23:33:45 elapsed=603.109s phase=eval event=interaction_progress trial=23 partition=1 processed=1 total=1999 metric=ranking
[pipeline-trace] wall=23:33:45 elapsed=601.832s phase=train event=interaction_progress trial=24 partition=0 processed=11800 total=14000 metric=ce epoch=1/1
[pipeline-trace] wall=23:33:45 elapsed=603.309s phase=eval event=interaction_progress trial=23 partition=1 processed=100 total=1999 metric=ranking
[pipeline-trace] wall=23:33:46 elapsed=603.506s phase=eval event=interaction_progress trial=23 partition=1 processed=200 total=1999 metric=ranking
[pipeline-trace] wall=23:33:46 elapsed=602.089s phase=train event=interaction_progress trial=24 partition=0 processed=11900 total=14000 metric=ce epoch=1/1
[pipeline-trace] wall=23:33:46 elapsed=603.702s phase=eval event=interaction_progress trial=23 partition=1 processed=300 total=1999 metric=ranking
[pipeline-trace] wall=23:33:46 elapsed=602.280s phase=train event=interaction_progress trial=24 partition=0 processed=12000 total=14000 metric=ce epoch=1/1
[pipeline-trace] wall=23:33:46 elapsed=603.823s phase=eval event=interaction_progress trial=23 partition=1 processed=400 total=1999 metric=ranking
[pipeline-trace] wall=23:33:46 elapsed=602.500s phase=train event=interaction_progress trial=24 partition=0 processed=12100 total=14000 metric=ce epoch=1/1
[pipeline-trace] wall=23:33:46 elapsed=603.990s phase=eval event=interaction_progress trial=23 partition=1 processed=500 total=1999 metric=ranking
[pipeline-trace] wall=23:33:46 elapsed=602.710s phase=train event=interaction_progress trial=24 partition=0 processed=12200 total=14000 metric=ce epoch=1/1
[pipeline-trace] wall=23:33:46 elapsed=604.161s phase=eval event=interaction_progress trial=23 partition=1 processed=600 total=1999 metric=ranking
[pipeline-trace] wall=23:33:46 elapsed=604.296s phase=eval event=interaction_progress trial=23 partition=1 processed=700 total=1999 metric=ranking
[pipeline-trace] wall=23:33:46 elapsed=602.918s phase=train event=interaction_progress trial=24 partition=0 processed=12300 total=14000 metric=ce epoch=1/1
[pipeline-trace] wall=23:33:47 elapsed=604.422s phase=eval event=interaction_progress trial=23 partition=1 processed=800 total=1999 metric=ranking
[pipeline-trace] wall=23:33:47 elapsed=603.109s phase=train event=interaction_progress trial=24 partition=0 processed=12400 total=14000 metric=ce epoch=1/1
[pipeline-trace] wall=23:33:47 elapsed=604.546s phase=eval event=interaction_progress trial=23 partition=1 processed=900 total=1999 metric=ranking
[pipeline-trace] wall=23:33:47 elapsed=604.670s phase=eval event=interaction_progress trial=23 partition=1 processed=1000 total=1999 metric=ranking
[pipeline-trace] wall=23:33:47 elapsed=603.308s phase=train event=interaction_progress trial=24 partition=0 processed=12500 total=14000 metric=ce epoch=1/1
[pipeline-trace] wall=23:33:47 elapsed=604.792s phase=eval event=interaction_progress trial=23 partition=1 processed=1100 total=1999 metric=ranking
[pipeline-trace] wall=23:33:47 elapsed=604.914s phase=eval event=interaction_progress trial=23 partition=1 processed=1200 total=1999 metric=ranking
[pipeline-trace] wall=23:33:47 elapsed=603.513s phase=train event=interaction_progress trial=24 partition=0 processed=12600 total=14000 metric=ce epoch=1/1
[pipeline-trace] wall=23:33:47 elapsed=605.059s phase=eval event=interaction_progress trial=23 partition=1 processed=1300 total=1999 metric=ranking
[pipeline-trace] wall=23:33:47 elapsed=603.715s phase=train event=interaction_progress trial=24 partition=0 processed=12700 total=14000 metric=ce epoch=1/1
[pipeline-trace] wall=23:33:47 elapsed=605.188s phase=eval event=interaction_progress trial=23 partition=1 processed=1400 total=1999 metric=ranking
[pipeline-trace] wall=23:33:47 elapsed=605.310s phase=eval event=interaction_progress trial=23 partition=1 processed=1500 total=1999 metric=ranking
[pipeline-trace] wall=23:33:47 elapsed=603.907s phase=train event=interaction_progress trial=24 partition=0 processed=12800 total=14000 metric=ce epoch=1/1
[pipeline-trace] wall=23:33:48 elapsed=605.432s phase=eval event=interaction_progress trial=23 partition=1 processed=1600 total=1999 metric=ranking
[pipeline-trace] wall=23:33:48 elapsed=604.094s phase=train event=interaction_progress trial=24 partition=0 processed=12900 total=14000 metric=ce epoch=1/1
[pipeline-trace] wall=23:33:48 elapsed=605.553s phase=eval event=interaction_progress trial=23 partition=1 processed=1700 total=1999 metric=ranking
[pipeline-trace] wall=23:33:48 elapsed=605.675s phase=eval event=interaction_progress trial=23 partition=1 processed=1800 total=1999 metric=ranking
[pipeline-trace] wall=23:33:48 elapsed=604.301s phase=train event=interaction_progress trial=24 partition=0 processed=13000 total=14000 metric=ce epoch=1/1
[pipeline-trace] wall=23:33:48 elapsed=605.797s phase=eval event=interaction_progress trial=23 partition=1 processed=1900 total=1999 metric=ranking
[pipeline-trace] wall=23:33:48 elapsed=605.917s phase=eval event=interaction_progress trial=23 partition=1 processed=1999 total=1999 metric=ranking
[pipeline-trace] wall=23:33:48 elapsed=605.918s phase=eval event=partition_complete trial=23 partition=1 elapsed_sec=2.809 hits=1755 total=1999
[pipeline-trace] wall=23:33:48 elapsed=604.505s phase=train event=interaction_progress trial=24 partition=0 processed=13100 total=14000 metric=ce epoch=1/1
[pipeline-trace] wall=23:33:48 elapsed=606.011s phase=train event=interaction_progress trial=25 partition=0 processed=1 total=14000 metric=ce epoch=1/1
[pipeline-trace] wall=23:33:48 elapsed=604.706s phase=train event=interaction_progress trial=24 partition=0 processed=13200 total=14000 metric=ce epoch=1/1
[pipeline-trace] wall=23:33:48 elapsed=606.337s phase=train event=interaction_progress trial=25 partition=0 processed=100 total=14000 metric=ce epoch=1/1
[pipeline-trace] wall=23:33:48 elapsed=604.919s phase=train event=interaction_progress trial=24 partition=0 processed=13300 total=14000 metric=ce epoch=1/1
[pipeline-trace] wall=23:33:49 elapsed=605.150s phase=train event=interaction_progress trial=24 partition=0 processed=13400 total=14000 metric=ce epoch=1/1
[pipeline-trace] wall=23:33:49 elapsed=606.677s phase=train event=interaction_progress trial=25 partition=0 processed=200 total=14000 metric=ce epoch=1/1
[pipeline-trace] wall=23:33:49 elapsed=605.358s phase=train event=interaction_progress trial=24 partition=0 processed=13500 total=14000 metric=ce epoch=1/1
[pipeline-trace] wall=23:33:49 elapsed=606.971s phase=train event=interaction_progress trial=25 partition=0 processed=300 total=14000 metric=ce epoch=1/1
[pipeline-trace] wall=23:33:49 elapsed=605.563s phase=train event=interaction_progress trial=24 partition=0 processed=13600 total=14000 metric=ce epoch=1/1
[pipeline-trace] wall=23:33:49 elapsed=605.776s phase=train event=interaction_progress trial=24 partition=0 processed=13700 total=14000 metric=ce epoch=1/1
[pipeline-trace] wall=23:33:49 elapsed=607.292s phase=train event=interaction_progress trial=25 partition=0 processed=400 total=14000 metric=ce epoch=1/1
[pipeline-trace] wall=23:33:50 elapsed=605.978s phase=train event=interaction_progress trial=24 partition=0 processed=13800 total=14000 metric=ce epoch=1/1
[pipeline-trace] wall=23:33:50 elapsed=606.200s phase=train event=interaction_progress trial=24 partition=0 processed=13900 total=14000 metric=ce epoch=1/1
[pipeline-trace] wall=23:33:50 elapsed=607.650s phase=train event=interaction_progress trial=25 partition=0 processed=500 total=14000 metric=ce epoch=1/1
[pipeline-trace] wall=23:33:50 elapsed=606.438s phase=train event=interaction_progress trial=24 partition=0 processed=14000 total=14000 metric=ce epoch=1/1
[pipeline-trace] wall=23:33:50 elapsed=606.479s phase=eval event=batch_start trial=24 partitions=[1] synthetic=False
[pipeline-trace] wall=23:33:50 elapsed=606.479s phase=eval event=partition_start trial=24 partition=1 interactions=1999
[pipeline-trace] wall=23:33:50 elapsed=606.479s phase=eval event=interaction_progress trial=24 partition=1 processed=1 total=1999 metric=ranking
[pipeline-trace] wall=23:33:50 elapsed=607.992s phase=train event=interaction_progress trial=25 partition=0 processed=600 total=14000 metric=ce epoch=1/1
[pipeline-trace] wall=23:33:50 elapsed=606.589s phase=eval event=interaction_progress trial=24 partition=1 processed=100 total=1999 metric=ranking
[pipeline-trace] wall=23:33:50 elapsed=606.699s phase=eval event=interaction_progress trial=24 partition=1 processed=200 total=1999 metric=ranking
[pipeline-trace] wall=23:33:50 elapsed=606.809s phase=eval event=interaction_progress trial=24 partition=1 processed=300 total=1999 metric=ranking
[pipeline-trace] wall=23:33:50 elapsed=608.338s phase=train event=interaction_progress trial=25 partition=0 processed=700 total=14000 metric=ce epoch=1/1
[pipeline-trace] wall=23:33:50 elapsed=606.919s phase=eval event=interaction_progress trial=24 partition=1 processed=400 total=1999 metric=ranking
[pipeline-trace] wall=23:33:51 elapsed=607.029s phase=eval event=interaction_progress trial=24 partition=1 processed=500 total=1999 metric=ranking
[pipeline-trace] wall=23:33:51 elapsed=607.188s phase=eval event=interaction_progress trial=24 partition=1 processed=600 total=1999 metric=ranking
[pipeline-trace] wall=23:33:51 elapsed=608.691s phase=train event=interaction_progress trial=25 partition=0 processed=800 total=14000 metric=ce epoch=1/1
[pipeline-trace] wall=23:33:51 elapsed=607.329s phase=eval event=interaction_progress trial=24 partition=1 processed=700 total=1999 metric=ranking
[pipeline-trace] wall=23:33:51 elapsed=607.470s phase=eval event=interaction_progress trial=24 partition=1 processed=800 total=1999 metric=ranking
[pipeline-trace] wall=23:33:51 elapsed=609.005s phase=train event=interaction_progress trial=25 partition=0 processed=900 total=14000 metric=ce epoch=1/1
[pipeline-trace] wall=23:33:51 elapsed=607.610s phase=eval event=interaction_progress trial=24 partition=1 processed=900 total=1999 metric=ranking
[pipeline-trace] wall=23:33:51 elapsed=607.751s phase=eval event=interaction_progress trial=24 partition=1 processed=1000 total=1999 metric=ranking
[pipeline-trace] wall=23:33:51 elapsed=607.891s phase=eval event=interaction_progress trial=24 partition=1 processed=1100 total=1999 metric=ranking
[pipeline-trace] wall=23:33:51 elapsed=609.348s phase=train event=interaction_progress trial=25 partition=0 processed=1000 total=14000 metric=ce epoch=1/1
[pipeline-trace] wall=23:33:52 elapsed=608.031s phase=eval event=interaction_progress trial=24 partition=1 processed=1200 total=1999 metric=ranking
[pipeline-trace] wall=23:33:52 elapsed=608.170s phase=eval event=interaction_progress trial=24 partition=1 processed=1300 total=1999 metric=ranking
[pipeline-trace] wall=23:33:52 elapsed=609.689s phase=train event=interaction_progress trial=25 partition=0 processed=1100 total=14000 metric=ce epoch=1/1
[pipeline-trace] wall=23:33:52 elapsed=608.310s phase=eval event=interaction_progress trial=24 partition=1 processed=1400 total=1999 metric=ranking
[pipeline-trace] wall=23:33:52 elapsed=608.449s phase=eval event=interaction_progress trial=24 partition=1 processed=1500 total=1999 metric=ranking
[pipeline-trace] wall=23:33:52 elapsed=608.624s phase=eval event=interaction_progress trial=24 partition=1 processed=1600 total=1999 metric=ranking
[pipeline-trace] wall=23:33:52 elapsed=610.057s phase=train event=interaction_progress trial=25 partition=0 processed=1200 total=14000 metric=ce epoch=1/1
[pipeline-trace] wall=23:33:52 elapsed=608.765s phase=eval event=interaction_progress trial=24 partition=1 processed=1700 total=1999 metric=ranking
[pipeline-trace] wall=23:33:52 elapsed=608.905s phase=eval event=interaction_progress trial=24 partition=1 processed=1800 total=1999 metric=ranking
[pipeline-trace] wall=23:33:53 elapsed=610.398s phase=train event=interaction_progress trial=25 partition=0 processed=1300 total=14000 metric=ce epoch=1/1
[pipeline-trace] wall=23:33:53 elapsed=609.050s phase=eval event=interaction_progress trial=24 partition=1 processed=1900 total=1999 metric=ranking
[pipeline-trace] wall=23:33:53 elapsed=609.187s phase=eval event=interaction_progress trial=24 partition=1 processed=1999 total=1999 metric=ranking
[pipeline-trace] wall=23:33:53 elapsed=609.189s phase=eval event=partition_complete trial=24 partition=1 elapsed_sec=2.710 hits=1417 total=1999
[pipeline-trace] wall=23:33:53 elapsed=609.233s phase=train event=interaction_progress trial=26 partition=0 processed=1 total=14000 metric=ce epoch=1/1
[pipeline-trace] wall=23:33:53 elapsed=610.760s phase=train event=interaction_progress trial=25 partition=0 processed=1400 total=14000 metric=ce epoch=1/1
[pipeline-trace] wall=23:33:53 elapsed=609.551s phase=train event=interaction_progress trial=26 partition=0 processed=100 total=14000 metric=ce epoch=1/1
[pipeline-trace] wall=23:33:53 elapsed=611.136s phase=train event=interaction_progress trial=25 partition=0 processed=1500 total=14000 metric=ce epoch=1/1
[pipeline-trace] wall=23:33:53 elapsed=609.879s phase=train event=interaction_progress trial=26 partition=0 processed=200 total=14000 metric=ce epoch=1/1
[pipeline-trace] wall=23:33:54 elapsed=611.465s phase=train event=interaction_progress trial=25 partition=0 processed=1600 total=14000 metric=ce epoch=1/1
[pipeline-trace] wall=23:33:54 elapsed=610.182s phase=train event=interaction_progress trial=26 partition=0 processed=300 total=14000 metric=ce epoch=1/1
[pipeline-trace] wall=23:33:54 elapsed=611.798s phase=train event=interaction_progress trial=25 partition=0 processed=1700 total=14000 metric=ce epoch=1/1
[pipeline-trace] wall=23:33:54 elapsed=610.492s phase=train event=interaction_progress trial=26 partition=0 processed=400 total=14000 metric=ce epoch=1/1
[pipeline-trace] wall=23:33:54 elapsed=612.121s phase=train event=interaction_progress trial=25 partition=0 processed=1800 total=14000 metric=ce epoch=1/1
[pipeline-trace] wall=23:33:54 elapsed=610.771s phase=train event=interaction_progress trial=26 partition=0 processed=500 total=14000 metric=ce epoch=1/1
[pipeline-trace] wall=23:33:55 elapsed=612.475s phase=train event=interaction_progress trial=25 partition=0 processed=1900 total=14000 metric=ce epoch=1/1
[pipeline-trace] wall=23:33:55 elapsed=611.089s phase=train event=interaction_progress trial=26 partition=0 processed=600 total=14000 metric=ce epoch=1/1
[pipeline-trace] wall=23:33:55 elapsed=612.831s phase=train event=interaction_progress trial=25 partition=0 processed=2000 total=14000 metric=ce epoch=1/1
[pipeline-trace] wall=23:33:55 elapsed=611.409s phase=train event=interaction_progress trial=26 partition=0 processed=700 total=14000 metric=ce epoch=1/1
[pipeline-trace] wall=23:33:55 elapsed=611.701s phase=train event=interaction_progress trial=26 partition=0 processed=800 total=14000 metric=ce epoch=1/1
[pipeline-trace] wall=23:33:55 elapsed=613.149s phase=train event=interaction_progress trial=25 partition=0 processed=2100 total=14000 metric=ce epoch=1/1
[pipeline-trace] wall=23:33:56 elapsed=611.968s phase=train event=interaction_progress trial=26 partition=0 processed=900 total=14000 metric=ce epoch=1/1
[pipeline-trace] wall=23:33:56 elapsed=613.459s phase=train event=interaction_progress trial=25 partition=0 processed=2200 total=14000 metric=ce epoch=1/1
[pipeline-trace] wall=23:33:56 elapsed=612.263s phase=train event=interaction_progress trial=26 partition=0 processed=1000 total=14000 metric=ce epoch=1/1
[pipeline-trace] wall=23:33:56 elapsed=613.752s phase=train event=interaction_progress trial=25 partition=0 processed=2300 total=14000 metric=ce epoch=1/1
[pipeline-trace] wall=23:33:56 elapsed=612.548s phase=train event=interaction_progress trial=26 partition=0 processed=1100 total=14000 metric=ce epoch=1/1
[pipeline-trace] wall=23:33:56 elapsed=614.096s phase=train event=interaction_progress trial=25 partition=0 processed=2400 total=14000 metric=ce epoch=1/1
[pipeline-trace] wall=23:33:56 elapsed=612.826s phase=train event=interaction_progress trial=26 partition=0 processed=1200 total=14000 metric=ce epoch=1/1
[pipeline-trace] wall=23:33:57 elapsed=614.454s phase=train event=interaction_progress trial=25 partition=0 processed=2500 total=14000 metric=ce epoch=1/1
[pipeline-trace] wall=23:33:57 elapsed=613.105s phase=train event=interaction_progress trial=26 partition=0 processed=1300 total=14000 metric=ce epoch=1/1
[pipeline-trace] wall=23:33:57 elapsed=613.378s phase=train event=interaction_progress trial=26 partition=0 processed=1400 total=14000 metric=ce epoch=1/1
[pipeline-trace] wall=23:33:57 elapsed=614.812s phase=train event=interaction_progress trial=25 partition=0 processed=2600 total=14000 metric=ce epoch=1/1
[pipeline-trace] wall=23:33:57 elapsed=613.652s phase=train event=interaction_progress trial=26 partition=0 processed=1500 total=14000 metric=ce epoch=1/1
[pipeline-trace] wall=23:33:57 elapsed=615.164s phase=train event=interaction_progress trial=25 partition=0 processed=2700 total=14000 metric=ce epoch=1/1
[pipeline-trace] wall=23:33:58 elapsed=613.960s phase=train event=interaction_progress trial=26 partition=0 processed=1600 total=14000 metric=ce epoch=1/1
[pipeline-trace] wall=23:33:58 elapsed=615.529s phase=train event=interaction_progress trial=25 partition=0 processed=2800 total=14000 metric=ce epoch=1/1
[pipeline-trace] wall=23:33:58 elapsed=614.302s phase=train event=interaction_progress trial=26 partition=0 processed=1700 total=14000 metric=ce epoch=1/1
[pipeline-trace] wall=23:33:58 elapsed=615.942s phase=train event=interaction_progress trial=25 partition=0 processed=2900 total=14000 metric=ce epoch=1/1
[pipeline-trace] wall=23:33:58 elapsed=614.634s phase=train event=interaction_progress trial=26 partition=0 processed=1800 total=14000 metric=ce epoch=1/1
[pipeline-trace] wall=23:33:58 elapsed=616.342s phase=train event=interaction_progress trial=25 partition=0 processed=3000 total=14000 metric=ce epoch=1/1
[pipeline-trace] wall=23:33:59 elapsed=614.968s phase=train event=interaction_progress trial=26 partition=0 processed=1900 total=14000 metric=ce epoch=1/1
[pipeline-trace] wall=23:33:59 elapsed=616.764s phase=train event=interaction_progress trial=25 partition=0 processed=3100 total=14000 metric=ce epoch=1/1
[pipeline-trace] wall=23:33:59 elapsed=615.337s phase=train event=interaction_progress trial=26 partition=0 processed=2000 total=14000 metric=ce epoch=1/1
[pipeline-trace] wall=23:33:59 elapsed=615.670s phase=train event=interaction_progress trial=26 partition=0 processed=2100 total=14000 metric=ce epoch=1/1
[pipeline-trace] wall=23:33:59 elapsed=617.163s phase=train event=interaction_progress trial=25 partition=0 processed=3200 total=14000 metric=ce epoch=1/1
[pipeline-trace] wall=23:34:00 elapsed=615.995s phase=train event=interaction_progress trial=26 partition=0 processed=2200 total=14000 metric=ce epoch=1/1
[pipeline-trace] wall=23:34:00 elapsed=617.542s phase=train event=interaction_progress trial=25 partition=0 processed=3300 total=14000 metric=ce epoch=1/1
[pipeline-trace] wall=23:34:00 elapsed=616.297s phase=train event=interaction_progress trial=26 partition=0 processed=2300 total=14000 metric=ce epoch=1/1
[pipeline-trace] wall=23:34:00 elapsed=617.951s phase=train event=interaction_progress trial=25 partition=0 processed=3400 total=14000 metric=ce epoch=1/1
[pipeline-trace] wall=23:34:00 elapsed=616.625s phase=train event=interaction_progress trial=26 partition=0 processed=2400 total=14000 metric=ce epoch=1/1
[pipeline-trace] wall=23:34:01 elapsed=618.374s phase=train event=interaction_progress trial=25 partition=0 processed=3500 total=14000 metric=ce epoch=1/1
[pipeline-trace] wall=23:34:01 elapsed=616.965s phase=train event=interaction_progress trial=26 partition=0 processed=2500 total=14000 metric=ce epoch=1/1
[pipeline-trace] wall=23:34:01 elapsed=617.312s phase=train event=interaction_progress trial=26 partition=0 processed=2600 total=14000 metric=ce epoch=1/1
[pipeline-trace] wall=23:34:01 elapsed=618.798s phase=train event=interaction_progress trial=25 partition=0 processed=3600 total=14000 metric=ce epoch=1/1
[pipeline-trace] wall=23:34:01 elapsed=617.623s phase=train event=interaction_progress trial=26 partition=0 processed=2700 total=14000 metric=ce epoch=1/1
[pipeline-trace] wall=23:34:01 elapsed=619.179s phase=train event=interaction_progress trial=25 partition=0 processed=3700 total=14000 metric=ce epoch=1/1
[pipeline-trace] wall=23:34:01 elapsed=617.937s phase=train event=interaction_progress trial=26 partition=0 processed=2800 total=14000 metric=ce epoch=1/1
[pipeline-trace] wall=23:34:02 elapsed=619.566s phase=train event=interaction_progress trial=25 partition=0 processed=3800 total=14000 metric=ce epoch=1/1
[pipeline-trace] wall=23:34:02 elapsed=618.261s phase=train event=interaction_progress trial=26 partition=0 processed=2900 total=14000 metric=ce epoch=1/1
[pipeline-trace] wall=23:34:02 elapsed=619.925s phase=train event=interaction_progress trial=25 partition=0 processed=3900 total=14000 metric=ce epoch=1/1
[pipeline-trace] wall=23:34:02 elapsed=618.564s phase=train event=interaction_progress trial=26 partition=0 processed=3000 total=14000 metric=ce epoch=1/1
[pipeline-trace] wall=23:34:02 elapsed=620.272s phase=train event=interaction_progress trial=25 partition=0 processed=4000 total=14000 metric=ce epoch=1/1
[pipeline-trace] wall=23:34:02 elapsed=618.859s phase=train event=interaction_progress trial=26 partition=0 processed=3100 total=14000 metric=ce epoch=1/1
[pipeline-trace] wall=23:34:03 elapsed=619.142s phase=train event=interaction_progress trial=26 partition=0 processed=3200 total=14000 metric=ce epoch=1/1
[pipeline-trace] wall=23:34:03 elapsed=620.614s phase=train event=interaction_progress trial=25 partition=0 processed=4100 total=14000 metric=ce epoch=1/1
[pipeline-trace] wall=23:34:03 elapsed=619.433s phase=train event=interaction_progress trial=26 partition=0 processed=3300 total=14000 metric=ce epoch=1/1
[pipeline-trace] wall=23:34:03 elapsed=620.946s phase=train event=interaction_progress trial=25 partition=0 processed=4200 total=14000 metric=ce epoch=1/1
[pipeline-trace] wall=23:34:03 elapsed=619.715s phase=train event=interaction_progress trial=26 partition=0 processed=3400 total=14000 metric=ce epoch=1/1
[pipeline-trace] wall=23:34:03 elapsed=621.271s phase=train event=interaction_progress trial=25 partition=0 processed=4300 total=14000 metric=ce epoch=1/1
[pipeline-trace] wall=23:34:04 elapsed=620.017s phase=train event=interaction_progress trial=26 partition=0 processed=3500 total=14000 metric=ce epoch=1/1
[pipeline-trace] wall=23:34:04 elapsed=621.589s phase=train event=interaction_progress trial=25 partition=0 processed=4400 total=14000 metric=ce epoch=1/1
[pipeline-trace] wall=23:34:04 elapsed=620.294s phase=train event=interaction_progress trial=26 partition=0 processed=3600 total=14000 metric=ce epoch=1/1
[pipeline-trace] wall=23:34:04 elapsed=621.894s phase=train event=interaction_progress trial=25 partition=0 processed=4500 total=14000 metric=ce epoch=1/1
[pipeline-trace] wall=23:34:04 elapsed=620.594s phase=train event=interaction_progress trial=26 partition=0 processed=3700 total=14000 metric=ce epoch=1/1
[pipeline-trace] wall=23:34:04 elapsed=622.216s phase=train event=interaction_progress trial=25 partition=0 processed=4600 total=14000 metric=ce epoch=1/1
[pipeline-trace] wall=23:34:04 elapsed=620.882s phase=train event=interaction_progress trial=26 partition=0 processed=3800 total=14000 metric=ce epoch=1/1
[pipeline-trace] wall=23:34:05 elapsed=622.518s phase=train event=interaction_progress trial=25 partition=0 processed=4700 total=14000 metric=ce epoch=1/1
[pipeline-trace] wall=23:34:05 elapsed=621.181s phase=train event=interaction_progress trial=26 partition=0 processed=3900 total=14000 metric=ce epoch=1/1
[pipeline-trace] wall=23:34:05 elapsed=622.820s phase=train event=interaction_progress trial=25 partition=0 processed=4800 total=14000 metric=ce epoch=1/1
[pipeline-trace] wall=23:34:05 elapsed=621.464s phase=train event=interaction_progress trial=26 partition=0 processed=4000 total=14000 metric=ce epoch=1/1
[pipeline-trace] wall=23:34:05 elapsed=623.147s phase=train event=interaction_progress trial=25 partition=0 processed=4900 total=14000 metric=ce epoch=1/1
[pipeline-trace] wall=23:34:05 elapsed=621.732s phase=train event=interaction_progress trial=26 partition=0 processed=4100 total=14000 metric=ce epoch=1/1
[pipeline-trace] wall=23:34:06 elapsed=621.992s phase=train event=interaction_progress trial=26 partition=0 processed=4200 total=14000 metric=ce epoch=1/1
[pipeline-trace] wall=23:34:06 elapsed=623.487s phase=train event=interaction_progress trial=25 partition=0 processed=5000 total=14000 metric=ce epoch=1/1
[pipeline-trace] wall=23:34:06 elapsed=622.275s phase=train event=interaction_progress trial=26 partition=0 processed=4300 total=14000 metric=ce epoch=1/1
[pipeline-trace] wall=23:34:06 elapsed=623.843s phase=train event=interaction_progress trial=25 partition=0 processed=5100 total=14000 metric=ce epoch=1/1
[pipeline-trace] wall=23:34:06 elapsed=622.575s phase=train event=interaction_progress trial=26 partition=0 processed=4400 total=14000 metric=ce epoch=1/1
[pipeline-trace] wall=23:34:06 elapsed=624.191s phase=train event=interaction_progress trial=25 partition=0 processed=5200 total=14000 metric=ce epoch=1/1
[pipeline-trace] wall=23:34:06 elapsed=622.866s phase=train event=interaction_progress trial=26 partition=0 processed=4500 total=14000 metric=ce epoch=1/1
[pipeline-trace] wall=23:34:07 elapsed=624.528s phase=train event=interaction_progress trial=25 partition=0 processed=5300 total=14000 metric=ce epoch=1/1
[pipeline-trace] wall=23:34:07 elapsed=623.139s phase=train event=interaction_progress trial=26 partition=0 processed=4600 total=14000 metric=ce epoch=1/1
[pipeline-trace] wall=23:34:07 elapsed=623.420s phase=train event=interaction_progress trial=26 partition=0 processed=4700 total=14000 metric=ce epoch=1/1
[pipeline-trace] wall=23:34:07 elapsed=624.860s phase=train event=interaction_progress trial=25 partition=0 processed=5400 total=14000 metric=ce epoch=1/1
[pipeline-trace] wall=23:34:07 elapsed=623.712s phase=train event=interaction_progress trial=26 partition=0 processed=4800 total=14000 metric=ce epoch=1/1
[pipeline-trace] wall=23:34:07 elapsed=625.210s phase=train event=interaction_progress trial=25 partition=0 processed=5500 total=14000 metric=ce epoch=1/1
[pipeline-trace] wall=23:34:08 elapsed=623.987s phase=train event=interaction_progress trial=26 partition=0 processed=4900 total=14000 metric=ce epoch=1/1
[pipeline-trace] wall=23:34:08 elapsed=625.549s phase=train event=interaction_progress trial=25 partition=0 processed=5600 total=14000 metric=ce epoch=1/1
[pipeline-trace] wall=23:34:08 elapsed=624.274s phase=train event=interaction_progress trial=26 partition=0 processed=5000 total=14000 metric=ce epoch=1/1
[pipeline-trace] wall=23:34:08 elapsed=625.875s phase=train event=interaction_progress trial=25 partition=0 processed=5700 total=14000 metric=ce epoch=1/1
[pipeline-trace] wall=23:34:08 elapsed=624.523s phase=train event=interaction_progress trial=26 partition=0 processed=5100 total=14000 metric=ce epoch=1/1
[pipeline-trace] wall=23:34:08 elapsed=626.211s phase=train event=interaction_progress trial=25 partition=0 processed=5800 total=14000 metric=ce epoch=1/1
[pipeline-trace] wall=23:34:08 elapsed=624.817s phase=train event=interaction_progress trial=26 partition=0 processed=5200 total=14000 metric=ce epoch=1/1
[pipeline-trace] wall=23:34:09 elapsed=625.104s phase=train event=interaction_progress trial=26 partition=0 processed=5300 total=14000 metric=ce epoch=1/1
[pipeline-trace] wall=23:34:09 elapsed=626.546s phase=train event=interaction_progress trial=25 partition=0 processed=5900 total=14000 metric=ce epoch=1/1
[pipeline-trace] wall=23:34:09 elapsed=625.368s phase=train event=interaction_progress trial=26 partition=0 processed=5400 total=14000 metric=ce epoch=1/1
[pipeline-trace] wall=23:34:09 elapsed=626.896s phase=train event=interaction_progress trial=25 partition=0 processed=6000 total=14000 metric=ce epoch=1/1
[pipeline-trace] wall=23:34:09 elapsed=625.653s phase=train event=interaction_progress trial=26 partition=0 processed=5500 total=14000 metric=ce epoch=1/1
[pipeline-trace] wall=23:34:09 elapsed=627.235s phase=train event=interaction_progress trial=25 partition=0 processed=6100 total=14000 metric=ce epoch=1/1
[pipeline-trace] wall=23:34:10 elapsed=625.954s phase=train event=interaction_progress trial=26 partition=0 processed=5600 total=14000 metric=ce epoch=1/1
[pipeline-trace] wall=23:34:10 elapsed=627.604s phase=train event=interaction_progress trial=25 partition=0 processed=6200 total=14000 metric=ce epoch=1/1
[pipeline-trace] wall=23:34:10 elapsed=626.230s phase=train event=interaction_progress trial=26 partition=0 processed=5700 total=14000 metric=ce epoch=1/1
[pipeline-trace] wall=23:34:10 elapsed=626.506s phase=train event=interaction_progress trial=26 partition=0 processed=5800 total=14000 metric=ce epoch=1/1
[pipeline-trace] wall=23:34:10 elapsed=627.953s phase=train event=interaction_progress trial=25 partition=0 processed=6300 total=14000 metric=ce epoch=1/1
[pipeline-trace] wall=23:34:10 elapsed=626.799s phase=train event=interaction_progress trial=26 partition=0 processed=5900 total=14000 metric=ce epoch=1/1
[pipeline-trace] wall=23:34:10 elapsed=628.288s phase=train event=interaction_progress trial=25 partition=0 processed=6400 total=14000 metric=ce epoch=1/1
[pipeline-trace] wall=23:34:11 elapsed=627.148s phase=train event=interaction_progress trial=26 partition=0 processed=6000 total=14000 metric=ce epoch=1/1
[pipeline-trace] wall=23:34:11 elapsed=628.612s phase=train event=interaction_progress trial=25 partition=0 processed=6500 total=14000 metric=ce epoch=1/1
[pipeline-trace] wall=23:34:11 elapsed=627.448s phase=train event=interaction_progress trial=26 partition=0 processed=6100 total=14000 metric=ce epoch=1/1
[pipeline-trace] wall=23:34:11 elapsed=628.948s phase=train event=interaction_progress trial=25 partition=0 processed=6600 total=14000 metric=ce epoch=1/1
[pipeline-trace] wall=23:34:11 elapsed=627.746s phase=train event=interaction_progress trial=26 partition=0 processed=6200 total=14000 metric=ce epoch=1/1
[pipeline-trace] wall=23:34:11 elapsed=629.282s phase=train event=interaction_progress trial=25 partition=0 processed=6700 total=14000 metric=ce epoch=1/1
[pipeline-trace] wall=23:34:12 elapsed=628.014s phase=train event=interaction_progress trial=26 partition=0 processed=6300 total=14000 metric=ce epoch=1/1
[pipeline-trace] wall=23:34:12 elapsed=629.607s phase=train event=interaction_progress trial=25 partition=0 processed=6800 total=14000 metric=ce epoch=1/1
[pipeline-trace] wall=23:34:12 elapsed=628.268s phase=train event=interaction_progress trial=26 partition=0 processed=6400 total=14000 metric=ce epoch=1/1
[pipeline-trace] wall=23:34:12 elapsed=628.510s phase=train event=interaction_progress trial=26 partition=0 processed=6500 total=14000 metric=ce epoch=1/1
[pipeline-trace] wall=23:34:12 elapsed=629.946s phase=train event=interaction_progress trial=25 partition=0 processed=6900 total=14000 metric=ce epoch=1/1
[pipeline-trace] wall=23:34:12 elapsed=628.767s phase=train event=interaction_progress trial=26 partition=0 processed=6600 total=14000 metric=ce epoch=1/1
[pipeline-trace] wall=23:34:12 elapsed=630.271s phase=train event=interaction_progress trial=25 partition=0 processed=7000 total=14000 metric=ce epoch=1/1
[pipeline-trace] wall=23:34:13 elapsed=629.055s phase=train event=interaction_progress trial=26 partition=0 processed=6700 total=14000 metric=ce epoch=1/1
[pipeline-trace] wall=23:34:13 elapsed=630.592s phase=train event=interaction_progress trial=25 partition=0 processed=7100 total=14000 metric=ce epoch=1/1
[pipeline-trace] wall=23:34:13 elapsed=629.344s phase=train event=interaction_progress trial=26 partition=0 processed=6800 total=14000 metric=ce epoch=1/1
[pipeline-trace] wall=23:34:13 elapsed=630.933s phase=train event=interaction_progress trial=25 partition=0 processed=7200 total=14000 metric=ce epoch=1/1
[pipeline-trace] wall=23:34:13 elapsed=629.635s phase=train event=interaction_progress trial=26 partition=0 processed=6900 total=14000 metric=ce epoch=1/1
[pipeline-trace] wall=23:34:13 elapsed=631.291s phase=train event=interaction_progress trial=25 partition=0 processed=7300 total=14000 metric=ce epoch=1/1
[pipeline-trace] wall=23:34:14 elapsed=629.951s phase=train event=interaction_progress trial=26 partition=0 processed=7000 total=14000 metric=ce epoch=1/1
[pipeline-trace] wall=23:34:14 elapsed=631.640s phase=train event=interaction_progress trial=25 partition=0 processed=7400 total=14000 metric=ce epoch=1/1
[pipeline-trace] wall=23:34:14 elapsed=630.260s phase=train event=interaction_progress trial=26 partition=0 processed=7100 total=14000 metric=ce epoch=1/1
[pipeline-trace] wall=23:34:14 elapsed=631.972s phase=train event=interaction_progress trial=25 partition=0 processed=7500 total=14000 metric=ce epoch=1/1
[pipeline-trace] wall=23:34:14 elapsed=630.554s phase=train event=interaction_progress trial=26 partition=0 processed=7200 total=14000 metric=ce epoch=1/1
[pipeline-trace] wall=23:34:14 elapsed=630.853s phase=train event=interaction_progress trial=26 partition=0 processed=7300 total=14000 metric=ce epoch=1/1
[pipeline-trace] wall=23:34:14 elapsed=632.288s phase=train event=interaction_progress trial=25 partition=0 processed=7600 total=14000 metric=ce epoch=1/1
[pipeline-trace] wall=23:34:15 elapsed=631.147s phase=train event=interaction_progress trial=26 partition=0 processed=7400 total=14000 metric=ce epoch=1/1
[pipeline-trace] wall=23:34:15 elapsed=632.599s phase=train event=interaction_progress trial=25 partition=0 processed=7700 total=14000 metric=ce epoch=1/1
[pipeline-trace] wall=23:34:15 elapsed=631.418s phase=train event=interaction_progress trial=26 partition=0 processed=7500 total=14000 metric=ce epoch=1/1
[pipeline-trace] wall=23:34:15 elapsed=632.917s phase=train event=interaction_progress trial=25 partition=0 processed=7800 total=14000 metric=ce epoch=1/1
[pipeline-trace] wall=23:34:15 elapsed=631.687s phase=train event=interaction_progress trial=26 partition=0 processed=7600 total=14000 metric=ce epoch=1/1
[pipeline-trace] wall=23:34:15 elapsed=633.239s phase=train event=interaction_progress trial=25 partition=0 processed=7900 total=14000 metric=ce epoch=1/1
[pipeline-trace] wall=23:34:16 elapsed=631.978s phase=train event=interaction_progress trial=26 partition=0 processed=7700 total=14000 metric=ce epoch=1/1
[pipeline-trace] wall=23:34:16 elapsed=633.573s phase=train event=interaction_progress trial=25 partition=0 processed=8000 total=14000 metric=ce epoch=1/1
[pipeline-trace] wall=23:34:16 elapsed=632.266s phase=train event=interaction_progress trial=26 partition=0 processed=7800 total=14000 metric=ce epoch=1/1
[pipeline-trace] wall=23:34:16 elapsed=633.911s phase=train event=interaction_progress trial=25 partition=0 processed=8100 total=14000 metric=ce epoch=1/1
[pipeline-trace] wall=23:34:16 elapsed=632.543s phase=train event=interaction_progress trial=26 partition=0 processed=7900 total=14000 metric=ce epoch=1/1
[pipeline-trace] wall=23:34:16 elapsed=634.234s phase=train event=interaction_progress trial=25 partition=0 processed=8200 total=14000 metric=ce epoch=1/1
[pipeline-trace] wall=23:34:16 elapsed=632.835s phase=train event=interaction_progress trial=26 partition=0 processed=8000 total=14000 metric=ce epoch=1/1
[pipeline-trace] wall=23:34:17 elapsed=634.537s phase=train event=interaction_progress trial=25 partition=0 processed=8300 total=14000 metric=ce epoch=1/1
[pipeline-trace] wall=23:34:17 elapsed=633.124s phase=train event=interaction_progress trial=26 partition=0 processed=8100 total=14000 metric=ce epoch=1/1
[pipeline-trace] wall=23:34:17 elapsed=633.410s phase=train event=interaction_progress trial=26 partition=0 processed=8200 total=14000 metric=ce epoch=1/1
[pipeline-trace] wall=23:34:17 elapsed=634.863s phase=train event=interaction_progress trial=25 partition=0 processed=8400 total=14000 metric=ce epoch=1/1
[pipeline-trace] wall=23:34:17 elapsed=633.700s phase=train event=interaction_progress trial=26 partition=0 processed=8300 total=14000 metric=ce epoch=1/1
[pipeline-trace] wall=23:34:17 elapsed=635.199s phase=train event=interaction_progress trial=25 partition=0 processed=8500 total=14000 metric=ce epoch=1/1
[pipeline-trace] wall=23:34:18 elapsed=633.983s phase=train event=interaction_progress trial=26 partition=0 processed=8400 total=14000 metric=ce epoch=1/1
[pipeline-trace] wall=23:34:18 elapsed=635.537s phase=train event=interaction_progress trial=25 partition=0 processed=8600 total=14000 metric=ce epoch=1/1
[pipeline-trace] wall=23:34:18 elapsed=634.271s phase=train event=interaction_progress trial=26 partition=0 processed=8500 total=14000 metric=ce epoch=1/1
[pipeline-trace] wall=23:34:18 elapsed=635.875s phase=train event=interaction_progress trial=25 partition=0 processed=8700 total=14000 metric=ce epoch=1/1
[pipeline-trace] wall=23:34:18 elapsed=634.563s phase=train event=interaction_progress trial=26 partition=0 processed=8600 total=14000 metric=ce epoch=1/1
[pipeline-trace] wall=23:34:18 elapsed=636.217s phase=train event=interaction_progress trial=25 partition=0 processed=8800 total=14000 metric=ce epoch=1/1
[pipeline-trace] wall=23:34:18 elapsed=634.858s phase=train event=interaction_progress trial=26 partition=0 processed=8700 total=14000 metric=ce epoch=1/1
[pipeline-trace] wall=23:34:19 elapsed=635.131s phase=train event=interaction_progress trial=26 partition=0 processed=8800 total=14000 metric=ce epoch=1/1
[pipeline-trace] wall=23:34:19 elapsed=636.578s phase=train event=interaction_progress trial=25 partition=0 processed=8900 total=14000 metric=ce epoch=1/1
[pipeline-trace] wall=23:34:19 elapsed=635.410s phase=train event=interaction_progress trial=26 partition=0 processed=8900 total=14000 metric=ce epoch=1/1
[pipeline-trace] wall=23:34:19 elapsed=636.925s phase=train event=interaction_progress trial=25 partition=0 processed=9000 total=14000 metric=ce epoch=1/1
[pipeline-trace] wall=23:34:19 elapsed=635.695s phase=train event=interaction_progress trial=26 partition=0 processed=9000 total=14000 metric=ce epoch=1/1
[pipeline-trace] wall=23:34:19 elapsed=637.220s phase=train event=interaction_progress trial=25 partition=0 processed=9100 total=14000 metric=ce epoch=1/1
[pipeline-trace] wall=23:34:20 elapsed=635.947s phase=train event=interaction_progress trial=26 partition=0 processed=9100 total=14000 metric=ce epoch=1/1
[pipeline-trace] wall=23:34:20 elapsed=637.547s phase=train event=interaction_progress trial=25 partition=0 processed=9200 total=14000 metric=ce epoch=1/1
[pipeline-trace] wall=23:34:20 elapsed=636.234s phase=train event=interaction_progress trial=26 partition=0 processed=9200 total=14000 metric=ce epoch=1/1
[pipeline-trace] wall=23:34:20 elapsed=637.878s phase=train event=interaction_progress trial=25 partition=0 processed=9300 total=14000 metric=ce epoch=1/1
[pipeline-trace] wall=23:34:20 elapsed=636.527s phase=train event=interaction_progress trial=26 partition=0 processed=9300 total=14000 metric=ce epoch=1/1
[pipeline-trace] wall=23:34:20 elapsed=638.215s phase=train event=interaction_progress trial=25 partition=0 processed=9400 total=14000 metric=ce epoch=1/1
[pipeline-trace] wall=23:34:20 elapsed=636.808s phase=train event=interaction_progress trial=26 partition=0 processed=9400 total=14000 metric=ce epoch=1/1
[pipeline-trace] wall=23:34:21 elapsed=637.073s phase=train event=interaction_progress trial=26 partition=0 processed=9500 total=14000 metric=ce epoch=1/1
[pipeline-trace] wall=23:34:21 elapsed=638.539s phase=train event=interaction_progress trial=25 partition=0 processed=9500 total=14000 metric=ce epoch=1/1
[pipeline-trace] wall=23:34:21 elapsed=637.333s phase=train event=interaction_progress trial=26 partition=0 processed=9600 total=14000 metric=ce epoch=1/1
[pipeline-trace] wall=23:34:21 elapsed=638.871s phase=train event=interaction_progress trial=25 partition=0 processed=9600 total=14000 metric=ce epoch=1/1
[pipeline-trace] wall=23:34:21 elapsed=637.584s phase=train event=interaction_progress trial=26 partition=0 processed=9700 total=14000 metric=ce epoch=1/1
[pipeline-trace] wall=23:34:21 elapsed=639.178s phase=train event=interaction_progress trial=25 partition=0 processed=9700 total=14000 metric=ce epoch=1/1
[pipeline-trace] wall=23:34:21 elapsed=637.864s phase=train event=interaction_progress trial=26 partition=0 processed=9800 total=14000 metric=ce epoch=1/1
[pipeline-trace] wall=23:34:22 elapsed=639.515s phase=train event=interaction_progress trial=25 partition=0 processed=9800 total=14000 metric=ce epoch=1/1
[pipeline-trace] wall=23:34:22 elapsed=638.156s phase=train event=interaction_progress trial=26 partition=0 processed=9900 total=14000 metric=ce epoch=1/1
[pipeline-trace] wall=23:34:22 elapsed=639.822s phase=train event=interaction_progress trial=25 partition=0 processed=9900 total=14000 metric=ce epoch=1/1
[pipeline-trace] wall=23:34:22 elapsed=638.406s phase=train event=interaction_progress trial=26 partition=0 processed=10000 total=14000 metric=ce epoch=1/1
[pipeline-trace] wall=23:34:22 elapsed=638.683s phase=train event=interaction_progress trial=26 partition=0 processed=10100 total=14000 metric=ce epoch=1/1
[pipeline-trace] wall=23:34:22 elapsed=640.146s phase=train event=interaction_progress trial=25 partition=0 processed=10000 total=14000 metric=ce epoch=1/1
[pipeline-trace] wall=23:34:23 elapsed=639.007s phase=train event=interaction_progress trial=26 partition=0 processed=10200 total=14000 metric=ce epoch=1/1
[pipeline-trace] wall=23:34:23 elapsed=640.545s phase=train event=interaction_progress trial=25 partition=0 processed=10100 total=14000 metric=ce epoch=1/1
[pipeline-trace] wall=23:34:23 elapsed=639.318s phase=train event=interaction_progress trial=26 partition=0 processed=10300 total=14000 metric=ce epoch=1/1
[pipeline-trace] wall=23:34:23 elapsed=640.966s phase=train event=interaction_progress trial=25 partition=0 processed=10200 total=14000 metric=ce epoch=1/1
[pipeline-trace] wall=23:34:23 elapsed=639.673s phase=train event=interaction_progress trial=26 partition=0 processed=10400 total=14000 metric=ce epoch=1/1
[pipeline-trace] wall=23:34:24 elapsed=641.400s phase=train event=interaction_progress trial=25 partition=0 processed=10300 total=14000 metric=ce epoch=1/1
[pipeline-trace] wall=23:34:24 elapsed=640.055s phase=train event=interaction_progress trial=26 partition=0 processed=10500 total=14000 metric=ce epoch=1/1
[pipeline-trace] wall=23:34:24 elapsed=641.846s phase=train event=interaction_progress trial=25 partition=0 processed=10400 total=14000 metric=ce epoch=1/1
[pipeline-trace] wall=23:34:24 elapsed=640.435s phase=train event=interaction_progress trial=26 partition=0 processed=10600 total=14000 metric=ce epoch=1/1
[pipeline-trace] wall=23:34:24 elapsed=640.824s phase=train event=interaction_progress trial=26 partition=0 processed=10700 total=14000 metric=ce epoch=1/1
[pipeline-trace] wall=23:34:24 elapsed=642.288s phase=train event=interaction_progress trial=25 partition=0 processed=10500 total=14000 metric=ce epoch=1/1
[pipeline-trace] wall=23:34:25 elapsed=641.193s phase=train event=interaction_progress trial=26 partition=0 processed=10800 total=14000 metric=ce epoch=1/1
[pipeline-trace] wall=23:34:25 elapsed=642.695s phase=train event=interaction_progress trial=25 partition=0 processed=10600 total=14000 metric=ce epoch=1/1
[pipeline-trace] wall=23:34:25 elapsed=641.570s phase=train event=interaction_progress trial=26 partition=0 processed=10900 total=14000 metric=ce epoch=1/1
[pipeline-trace] wall=23:34:25 elapsed=643.122s phase=train event=interaction_progress trial=25 partition=0 processed=10700 total=14000 metric=ce epoch=1/1
[pipeline-trace] wall=23:34:26 elapsed=641.967s phase=train event=interaction_progress trial=26 partition=0 processed=11000 total=14000 metric=ce epoch=1/1
[pipeline-trace] wall=23:34:26 elapsed=643.583s phase=train event=interaction_progress trial=25 partition=0 processed=10800 total=14000 metric=ce epoch=1/1
[pipeline-trace] wall=23:34:26 elapsed=642.348s phase=train event=interaction_progress trial=26 partition=0 processed=11100 total=14000 metric=ce epoch=1/1
[pipeline-trace] wall=23:34:26 elapsed=644.032s phase=train event=interaction_progress trial=25 partition=0 processed=10900 total=14000 metric=ce epoch=1/1
[pipeline-trace] wall=23:34:26 elapsed=642.740s phase=train event=interaction_progress trial=26 partition=0 processed=11200 total=14000 metric=ce epoch=1/1
[pipeline-trace] wall=23:34:27 elapsed=644.474s phase=train event=interaction_progress trial=25 partition=0 processed=11000 total=14000 metric=ce epoch=1/1
[pipeline-trace] wall=23:34:27 elapsed=643.120s phase=train event=interaction_progress trial=26 partition=0 processed=11300 total=14000 metric=ce epoch=1/1
[pipeline-trace] wall=23:34:27 elapsed=644.827s phase=train event=interaction_progress trial=25 partition=0 processed=11100 total=14000 metric=ce epoch=1/1
[pipeline-trace] wall=23:34:27 elapsed=643.415s phase=train event=interaction_progress trial=26 partition=0 processed=11400 total=14000 metric=ce epoch=1/1
[pipeline-trace] wall=23:34:27 elapsed=643.699s phase=train event=interaction_progress trial=26 partition=0 processed=11500 total=14000 metric=ce epoch=1/1
[pipeline-trace] wall=23:34:27 elapsed=645.152s phase=train event=interaction_progress trial=25 partition=0 processed=11200 total=14000 metric=ce epoch=1/1
[pipeline-trace] wall=23:34:28 elapsed=643.982s phase=train event=interaction_progress trial=26 partition=0 processed=11600 total=14000 metric=ce epoch=1/1
[pipeline-trace] wall=23:34:28 elapsed=645.485s phase=train event=interaction_progress trial=25 partition=0 processed=11300 total=14000 metric=ce epoch=1/1
[pipeline-trace] wall=23:34:28 elapsed=644.264s phase=train event=interaction_progress trial=26 partition=0 processed=11700 total=14000 metric=ce epoch=1/1
[pipeline-trace] wall=23:34:28 elapsed=645.820s phase=train event=interaction_progress trial=25 partition=0 processed=11400 total=14000 metric=ce epoch=1/1
[pipeline-trace] wall=23:34:28 elapsed=644.546s phase=train event=interaction_progress trial=26 partition=0 processed=11800 total=14000 metric=ce epoch=1/1
[pipeline-trace] wall=23:34:28 elapsed=646.157s phase=train event=interaction_progress trial=25 partition=0 processed=11500 total=14000 metric=ce epoch=1/1
[pipeline-trace] wall=23:34:28 elapsed=644.839s phase=train event=interaction_progress trial=26 partition=0 processed=11900 total=14000 metric=ce epoch=1/1
[pipeline-trace] wall=23:34:29 elapsed=646.498s phase=train event=interaction_progress trial=25 partition=0 processed=11600 total=14000 metric=ce epoch=1/1
[pipeline-trace] wall=23:34:29 elapsed=645.130s phase=train event=interaction_progress trial=26 partition=0 processed=12000 total=14000 metric=ce epoch=1/1
[pipeline-trace] wall=23:34:29 elapsed=646.832s phase=train event=interaction_progress trial=25 partition=0 processed=11700 total=14000 metric=ce epoch=1/1
[pipeline-trace] wall=23:34:29 elapsed=645.412s phase=train event=interaction_progress trial=26 partition=0 processed=12100 total=14000 metric=ce epoch=1/1
[pipeline-trace] wall=23:34:29 elapsed=645.698s phase=train event=interaction_progress trial=26 partition=0 processed=12200 total=14000 metric=ce epoch=1/1
[pipeline-trace] wall=23:34:29 elapsed=647.142s phase=train event=interaction_progress trial=25 partition=0 processed=11800 total=14000 metric=ce epoch=1/1
[pipeline-trace] wall=23:34:30 elapsed=645.984s phase=train event=interaction_progress trial=26 partition=0 processed=12300 total=14000 metric=ce epoch=1/1
[pipeline-trace] wall=23:34:30 elapsed=647.472s phase=train event=interaction_progress trial=25 partition=0 processed=11900 total=14000 metric=ce epoch=1/1
[pipeline-trace] wall=23:34:30 elapsed=646.271s phase=train event=interaction_progress trial=26 partition=0 processed=12400 total=14000 metric=ce epoch=1/1
[pipeline-trace] wall=23:34:30 elapsed=647.805s phase=train event=interaction_progress trial=25 partition=0 processed=12000 total=14000 metric=ce epoch=1/1
[pipeline-trace] wall=23:34:30 elapsed=646.557s phase=train event=interaction_progress trial=26 partition=0 processed=12500 total=14000 metric=ce epoch=1/1
[pipeline-trace] wall=23:34:30 elapsed=648.151s phase=train event=interaction_progress trial=25 partition=0 processed=12100 total=14000 metric=ce epoch=1/1
[pipeline-trace] wall=23:34:30 elapsed=646.851s phase=train event=interaction_progress trial=26 partition=0 processed=12600 total=14000 metric=ce epoch=1/1
[pipeline-trace] wall=23:34:31 elapsed=648.493s phase=train event=interaction_progress trial=25 partition=0 processed=12200 total=14000 metric=ce epoch=1/1
[pipeline-trace] wall=23:34:31 elapsed=647.143s phase=train event=interaction_progress trial=26 partition=0 processed=12700 total=14000 metric=ce epoch=1/1
[pipeline-trace] wall=23:34:31 elapsed=648.868s phase=train event=interaction_progress trial=25 partition=0 processed=12300 total=14000 metric=ce epoch=1/1
[pipeline-trace] wall=23:34:31 elapsed=647.446s phase=train event=interaction_progress trial=26 partition=0 processed=12800 total=14000 metric=ce epoch=1/1
[pipeline-trace] wall=23:34:31 elapsed=647.738s phase=train event=interaction_progress trial=26 partition=0 processed=12900 total=14000 metric=ce epoch=1/1
[pipeline-trace] wall=23:34:31 elapsed=649.212s phase=train event=interaction_progress trial=25 partition=0 processed=12400 total=14000 metric=ce epoch=1/1
[pipeline-trace] wall=23:34:32 elapsed=648.031s phase=train event=interaction_progress trial=26 partition=0 processed=13000 total=14000 metric=ce epoch=1/1
[pipeline-trace] wall=23:34:32 elapsed=649.547s phase=train event=interaction_progress trial=25 partition=0 processed=12500 total=14000 metric=ce epoch=1/1
[pipeline-trace] wall=23:34:32 elapsed=648.325s phase=train event=interaction_progress trial=26 partition=0 processed=13100 total=14000 metric=ce epoch=1/1
[pipeline-trace] wall=23:34:32 elapsed=649.877s phase=train event=interaction_progress trial=25 partition=0 processed=12600 total=14000 metric=ce epoch=1/1
[pipeline-trace] wall=23:34:32 elapsed=648.623s phase=train event=interaction_progress trial=26 partition=0 processed=13200 total=14000 metric=ce epoch=1/1
[pipeline-trace] wall=23:34:32 elapsed=650.208s phase=train event=interaction_progress trial=25 partition=0 processed=12700 total=14000 metric=ce epoch=1/1
[pipeline-trace] wall=23:34:32 elapsed=648.905s phase=train event=interaction_progress trial=26 partition=0 processed=13300 total=14000 metric=ce epoch=1/1
[pipeline-trace] wall=23:34:33 elapsed=650.565s phase=train event=interaction_progress trial=25 partition=0 processed=12800 total=14000 metric=ce epoch=1/1
[pipeline-trace] wall=23:34:33 elapsed=649.215s phase=train event=interaction_progress trial=26 partition=0 processed=13400 total=14000 metric=ce epoch=1/1
[pipeline-trace] wall=23:34:33 elapsed=650.900s phase=train event=interaction_progress trial=25 partition=0 processed=12900 total=14000 metric=ce epoch=1/1
[pipeline-trace] wall=23:34:33 elapsed=649.491s phase=train event=interaction_progress trial=26 partition=0 processed=13500 total=14000 metric=ce epoch=1/1
[pipeline-trace] wall=23:34:33 elapsed=649.786s phase=train event=interaction_progress trial=26 partition=0 processed=13600 total=14000 metric=ce epoch=1/1
[pipeline-trace] wall=23:34:33 elapsed=651.258s phase=train event=interaction_progress trial=25 partition=0 processed=13000 total=14000 metric=ce epoch=1/1
[pipeline-trace] wall=23:34:34 elapsed=650.056s phase=train event=interaction_progress trial=26 partition=0 processed=13700 total=14000 metric=ce epoch=1/1
[pipeline-trace] wall=23:34:34 elapsed=651.595s phase=train event=interaction_progress trial=25 partition=0 processed=13100 total=14000 metric=ce epoch=1/1
[pipeline-trace] wall=23:34:34 elapsed=650.366s phase=train event=interaction_progress trial=26 partition=0 processed=13800 total=14000 metric=ce epoch=1/1
[pipeline-trace] wall=23:34:34 elapsed=651.953s phase=train event=interaction_progress trial=25 partition=0 processed=13200 total=14000 metric=ce epoch=1/1
[pipeline-trace] wall=23:34:34 elapsed=650.661s phase=train event=interaction_progress trial=26 partition=0 processed=13900 total=14000 metric=ce epoch=1/1
[pipeline-trace] wall=23:34:34 elapsed=652.306s phase=train event=interaction_progress trial=25 partition=0 processed=13300 total=14000 metric=ce epoch=1/1
[pipeline-trace] wall=23:34:35 elapsed=650.942s phase=train event=interaction_progress trial=26 partition=0 processed=14000 total=14000 metric=ce epoch=1/1
[pipeline-trace] wall=23:34:35 elapsed=651.015s phase=eval event=batch_start trial=26 partitions=[1] synthetic=False
[pipeline-trace] wall=23:34:35 elapsed=651.015s phase=eval event=partition_start trial=26 partition=1 interactions=1999
[pipeline-trace] wall=23:34:35 elapsed=651.015s phase=eval event=interaction_progress trial=26 partition=1 processed=1 total=1999 metric=ranking
[pipeline-trace] wall=23:34:35 elapsed=651.150s phase=eval event=interaction_progress trial=26 partition=1 processed=100 total=1999 metric=ranking
[pipeline-trace] wall=23:34:35 elapsed=652.657s phase=train event=interaction_progress trial=25 partition=0 processed=13400 total=14000 metric=ce epoch=1/1
[pipeline-trace] wall=23:34:35 elapsed=651.283s phase=eval event=interaction_progress trial=26 partition=1 processed=200 total=1999 metric=ranking
[pipeline-trace] wall=23:34:35 elapsed=651.417s phase=eval event=interaction_progress trial=26 partition=1 processed=300 total=1999 metric=ranking
[pipeline-trace] wall=23:34:35 elapsed=651.550s phase=eval event=interaction_progress trial=26 partition=1 processed=400 total=1999 metric=ranking
[pipeline-trace] wall=23:34:35 elapsed=653.036s phase=train event=interaction_progress trial=25 partition=0 processed=13500 total=14000 metric=ce epoch=1/1
[pipeline-trace] wall=23:34:35 elapsed=651.704s phase=eval event=interaction_progress trial=26 partition=1 processed=500 total=1999 metric=ranking
[pipeline-trace] wall=23:34:35 elapsed=651.848s phase=eval event=interaction_progress trial=26 partition=1 processed=600 total=1999 metric=ranking
[pipeline-trace] wall=23:34:35 elapsed=653.345s phase=train event=interaction_progress trial=25 partition=0 processed=13600 total=14000 metric=ce epoch=1/1
[pipeline-trace] wall=23:34:36 elapsed=651.979s phase=eval event=interaction_progress trial=26 partition=1 processed=700 total=1999 metric=ranking
[pipeline-trace] wall=23:34:36 elapsed=652.112s phase=eval event=interaction_progress trial=26 partition=1 processed=800 total=1999 metric=ranking
[pipeline-trace] wall=23:34:36 elapsed=653.664s phase=train event=interaction_progress trial=25 partition=0 processed=13700 total=14000 metric=ce epoch=1/1
[pipeline-trace] wall=23:34:36 elapsed=652.244s phase=eval event=interaction_progress trial=26 partition=1 processed=900 total=1999 metric=ranking
[pipeline-trace] wall=23:34:36 elapsed=652.377s phase=eval event=interaction_progress trial=26 partition=1 processed=1000 total=1999 metric=ranking
[pipeline-trace] wall=23:34:36 elapsed=652.510s phase=eval event=interaction_progress trial=26 partition=1 processed=1100 total=1999 metric=ranking
[pipeline-trace] wall=23:34:36 elapsed=654.046s phase=train event=interaction_progress trial=25 partition=0 processed=13800 total=14000 metric=ce epoch=1/1
[pipeline-trace] wall=23:34:36 elapsed=652.641s phase=eval event=interaction_progress trial=26 partition=1 processed=1200 total=1999 metric=ranking
[pipeline-trace] wall=23:34:36 elapsed=652.773s phase=eval event=interaction_progress trial=26 partition=1 processed=1300 total=1999 metric=ranking
[pipeline-trace] wall=23:34:36 elapsed=652.905s phase=eval event=interaction_progress trial=26 partition=1 processed=1400 total=1999 metric=ranking
[pipeline-trace] wall=23:34:37 elapsed=654.431s phase=train event=interaction_progress trial=25 partition=0 processed=13900 total=14000 metric=ce epoch=1/1
[pipeline-trace] wall=23:34:37 elapsed=653.036s phase=eval event=interaction_progress trial=26 partition=1 processed=1500 total=1999 metric=ranking
[pipeline-trace] wall=23:34:37 elapsed=653.167s phase=eval event=interaction_progress trial=26 partition=1 processed=1600 total=1999 metric=ranking
[pipeline-trace] wall=23:34:37 elapsed=653.298s phase=eval event=interaction_progress trial=26 partition=1 processed=1700 total=1999 metric=ranking
[pipeline-trace] wall=23:34:37 elapsed=654.769s phase=train event=interaction_progress trial=25 partition=0 processed=14000 total=14000 metric=ce epoch=1/1
[pipeline-trace] wall=23:34:37 elapsed=653.431s phase=eval event=interaction_progress trial=26 partition=1 processed=1800 total=1999 metric=ranking
[pipeline-trace] wall=23:34:37 elapsed=654.893s phase=eval event=batch_start trial=25 partitions=[1] synthetic=False
[pipeline-trace] wall=23:34:37 elapsed=654.893s phase=eval event=partition_start trial=25 partition=1 interactions=1999
[pipeline-trace] wall=23:34:37 elapsed=654.893s phase=eval event=interaction_progress trial=25 partition=1 processed=1 total=1999 metric=ranking
[pipeline-trace] wall=23:34:37 elapsed=653.563s phase=eval event=interaction_progress trial=26 partition=1 processed=1900 total=1999 metric=ranking
[pipeline-trace] wall=23:34:37 elapsed=655.063s phase=eval event=interaction_progress trial=25 partition=1 processed=100 total=1999 metric=ranking
[pipeline-trace] wall=23:34:37 elapsed=653.695s phase=eval event=interaction_progress trial=26 partition=1 processed=1999 total=1999 metric=ranking
[pipeline-trace] wall=23:34:37 elapsed=653.697s phase=eval event=partition_complete trial=26 partition=1 elapsed_sec=2.681 hits=596 total=1999
[pipeline-trace] wall=23:34:37 elapsed=655.217s phase=eval event=interaction_progress trial=25 partition=1 processed=200 total=1999 metric=ranking
[pipeline-trace] wall=23:34:38 elapsed=655.366s phase=eval event=interaction_progress trial=25 partition=1 processed=300 total=1999 metric=ranking
[pipeline-trace] wall=23:34:38 elapsed=655.516s phase=eval event=interaction_progress trial=25 partition=1 processed=400 total=1999 metric=ranking
[pipeline-trace] wall=23:34:38 elapsed=655.667s phase=eval event=interaction_progress trial=25 partition=1 processed=500 total=1999 metric=ranking
[pipeline-trace] wall=23:34:38 elapsed=655.820s phase=eval event=interaction_progress trial=25 partition=1 processed=600 total=1999 metric=ranking
[pipeline-trace] wall=23:34:38 elapsed=655.972s phase=eval event=interaction_progress trial=25 partition=1 processed=700 total=1999 metric=ranking
[pipeline-trace] wall=23:34:38 elapsed=656.125s phase=eval event=interaction_progress trial=25 partition=1 processed=800 total=1999 metric=ranking
[pipeline-trace] wall=23:34:38 elapsed=656.275s phase=eval event=interaction_progress trial=25 partition=1 processed=900 total=1999 metric=ranking
[pipeline-trace] wall=23:34:39 elapsed=656.424s phase=eval event=interaction_progress trial=25 partition=1 processed=1000 total=1999 metric=ranking
[pipeline-trace] wall=23:34:39 elapsed=656.573s phase=eval event=interaction_progress trial=25 partition=1 processed=1100 total=1999 metric=ranking
[pipeline-trace] wall=23:34:39 elapsed=656.722s phase=eval event=interaction_progress trial=25 partition=1 processed=1200 total=1999 metric=ranking
[pipeline-trace] wall=23:34:39 elapsed=656.871s phase=eval event=interaction_progress trial=25 partition=1 processed=1300 total=1999 metric=ranking
[pipeline-trace] wall=23:34:39 elapsed=657.021s phase=eval event=interaction_progress trial=25 partition=1 processed=1400 total=1999 metric=ranking
[pipeline-trace] wall=23:34:39 elapsed=657.171s phase=eval event=interaction_progress trial=25 partition=1 processed=1500 total=1999 metric=ranking
[pipeline-trace] wall=23:34:39 elapsed=657.320s phase=eval event=interaction_progress trial=25 partition=1 processed=1600 total=1999 metric=ranking
[pipeline-trace] wall=23:34:40 elapsed=657.469s phase=eval event=interaction_progress trial=25 partition=1 processed=1700 total=1999 metric=ranking
[pipeline-trace] wall=23:34:40 elapsed=657.619s phase=eval event=interaction_progress trial=25 partition=1 processed=1800 total=1999 metric=ranking
[pipeline-trace] wall=23:34:40 elapsed=657.758s phase=eval event=interaction_progress trial=25 partition=1 processed=1900 total=1999 metric=ranking
[pipeline-trace] wall=23:34:40 elapsed=657.877s phase=eval event=interaction_progress trial=25 partition=1 processed=1999 total=1999 metric=ranking
[pipeline-trace] wall=23:34:40 elapsed=657.878s phase=eval event=partition_complete trial=25 partition=1 elapsed_sec=2.985 hits=1843 total=1999
[pipeline-trace] wall=23:34:43 elapsed=669.857s phase=train event=dispatch trial=0 stage=1/1
[pipeline-trace] wall=23:34:50 elapsed=1.076s phase=train event=interaction_progress trial=0 partition=0 processed=1 total=14000 metric=ce epoch=1/1
[pipeline-trace] wall=23:34:50 elapsed=1.750s phase=train event=interaction_progress trial=0 partition=0 processed=100 total=14000 metric=ce epoch=1/1
[pipeline-trace] wall=23:34:51 elapsed=2.084s phase=train event=interaction_progress trial=0 partition=0 processed=200 total=14000 metric=ce epoch=1/1
[pipeline-trace] wall=23:34:51 elapsed=2.486s phase=train event=interaction_progress trial=0 partition=0 processed=300 total=14000 metric=ce epoch=1/1
[pipeline-trace] wall=23:34:52 elapsed=2.934s phase=train event=interaction_progress trial=0 partition=0 processed=400 total=14000 metric=ce epoch=1/1
[pipeline-trace] wall=23:34:52 elapsed=3.420s phase=train event=interaction_progress trial=0 partition=0 processed=500 total=14000 metric=ce epoch=1/1
[pipeline-trace] wall=23:34:52 elapsed=3.802s phase=train event=interaction_progress trial=0 partition=0 processed=600 total=14000 metric=ce epoch=1/1
[pipeline-trace] wall=23:34:53 elapsed=4.189s phase=train event=interaction_progress trial=0 partition=0 processed=700 total=14000 metric=ce epoch=1/1
[pipeline-trace] wall=23:34:53 elapsed=4.498s phase=train event=interaction_progress trial=0 partition=0 processed=800 total=14000 metric=ce epoch=1/1
[pipeline-trace] wall=23:34:53 elapsed=4.847s phase=train event=interaction_progress trial=0 partition=0 processed=900 total=14000 metric=ce epoch=1/1
[pipeline-trace] wall=23:34:54 elapsed=5.171s phase=train event=interaction_progress trial=0 partition=0 processed=1000 total=14000 metric=ce epoch=1/1
[pipeline-trace] wall=23:34:54 elapsed=5.574s phase=train event=interaction_progress trial=0 partition=0 processed=1100 total=14000 metric=ce epoch=1/1
[pipeline-trace] wall=23:34:55 elapsed=5.985s phase=train event=interaction_progress trial=0 partition=0 processed=1200 total=14000 metric=ce epoch=1/1
[pipeline-trace] wall=23:34:55 elapsed=6.314s phase=train event=interaction_progress trial=0 partition=0 processed=1300 total=14000 metric=ce epoch=1/1
[pipeline-trace] wall=23:34:55 elapsed=6.669s phase=train event=interaction_progress trial=0 partition=0 processed=1400 total=14000 metric=ce epoch=1/1
[pipeline-trace] wall=23:34:56 elapsed=7.064s phase=train event=interaction_progress trial=0 partition=0 processed=1500 total=14000 metric=ce epoch=1/1
[pipeline-trace] wall=23:34:56 elapsed=7.427s phase=train event=interaction_progress trial=0 partition=0 processed=1600 total=14000 metric=ce epoch=1/1
[pipeline-trace] wall=23:34:56 elapsed=7.809s phase=train event=interaction_progress trial=0 partition=0 processed=1700 total=14000 metric=ce epoch=1/1
[pipeline-trace] wall=23:34:57 elapsed=8.207s phase=train event=interaction_progress trial=0 partition=0 processed=1800 total=14000 metric=ce epoch=1/1
[pipeline-trace] wall=23:34:57 elapsed=8.634s phase=train event=interaction_progress trial=0 partition=0 processed=1900 total=14000 metric=ce epoch=1/1
[pipeline-trace] wall=23:34:58 elapsed=9.067s phase=train event=interaction_progress trial=0 partition=0 processed=2000 total=14000 metric=ce epoch=1/1
[pipeline-trace] wall=23:34:58 elapsed=9.445s phase=train event=interaction_progress trial=0 partition=0 processed=2100 total=14000 metric=ce epoch=1/1
[pipeline-trace] wall=23:34:58 elapsed=9.812s phase=train event=interaction_progress trial=0 partition=0 processed=2200 total=14000 metric=ce epoch=1/1
[pipeline-trace] wall=23:34:59 elapsed=10.092s phase=train event=interaction_progress trial=0 partition=0 processed=2300 total=14000 metric=ce epoch=1/1
[pipeline-trace] wall=23:34:59 elapsed=10.347s phase=train event=interaction_progress trial=0 partition=0 processed=2400 total=14000 metric=ce epoch=1/1
[pipeline-trace] wall=23:34:59 elapsed=10.688s phase=train event=interaction_progress trial=0 partition=0 processed=2500 total=14000 metric=ce epoch=1/1
[pipeline-trace] wall=23:35:00 elapsed=11.079s phase=train event=interaction_progress trial=0 partition=0 processed=2600 total=14000 metric=ce epoch=1/1
[pipeline-trace] wall=23:35:00 elapsed=11.497s phase=train event=interaction_progress trial=0 partition=0 processed=2700 total=14000 metric=ce epoch=1/1
[pipeline-trace] wall=23:35:01 elapsed=11.900s phase=train event=interaction_progress trial=0 partition=0 processed=2800 total=14000 metric=ce epoch=1/1
[pipeline-trace] wall=23:35:01 elapsed=12.259s phase=train event=interaction_progress trial=0 partition=0 processed=2900 total=14000 metric=ce epoch=1/1
[pipeline-trace] wall=23:35:01 elapsed=12.591s phase=train event=interaction_progress trial=0 partition=0 processed=3000 total=14000 metric=ce epoch=1/1
[pipeline-trace] wall=23:35:02 elapsed=12.972s phase=train event=interaction_progress trial=0 partition=0 processed=3100 total=14000 metric=ce epoch=1/1
[pipeline-trace] wall=23:35:02 elapsed=13.364s phase=train event=interaction_progress trial=0 partition=0 processed=3200 total=14000 metric=ce epoch=1/1
[pipeline-trace] wall=23:35:02 elapsed=13.769s phase=train event=interaction_progress trial=0 partition=0 processed=3300 total=14000 metric=ce epoch=1/1
[pipeline-trace] wall=23:35:03 elapsed=14.159s phase=train event=interaction_progress trial=0 partition=0 processed=3400 total=14000 metric=ce epoch=1/1
[pipeline-trace] wall=23:35:03 elapsed=14.537s phase=train event=interaction_progress trial=0 partition=0 processed=3500 total=14000 metric=ce epoch=1/1
[pipeline-trace] wall=23:35:04 elapsed=14.901s phase=train event=interaction_progress trial=0 partition=0 processed=3600 total=14000 metric=ce epoch=1/1
[pipeline-trace] wall=23:35:04 elapsed=15.286s phase=train event=interaction_progress trial=0 partition=0 processed=3700 total=14000 metric=ce epoch=1/1
[pipeline-trace] wall=23:35:04 elapsed=15.682s phase=train event=interaction_progress trial=0 partition=0 processed=3800 total=14000 metric=ce epoch=1/1
[pipeline-trace] wall=23:35:05 elapsed=16.039s phase=train event=interaction_progress trial=0 partition=0 processed=3900 total=14000 metric=ce epoch=1/1
[pipeline-trace] wall=23:35:05 elapsed=16.443s phase=train event=interaction_progress trial=0 partition=0 processed=4000 total=14000 metric=ce epoch=1/1
[pipeline-trace] wall=23:35:05 elapsed=16.805s phase=train event=interaction_progress trial=0 partition=0 processed=4100 total=14000 metric=ce epoch=1/1
[pipeline-trace] wall=23:35:06 elapsed=17.151s phase=train event=interaction_progress trial=0 partition=0 processed=4200 total=14000 metric=ce epoch=1/1
[pipeline-trace] wall=23:35:06 elapsed=17.485s phase=train event=interaction_progress trial=0 partition=0 processed=4300 total=14000 metric=ce epoch=1/1
[pipeline-trace] wall=23:35:06 elapsed=17.843s phase=train event=interaction_progress trial=0 partition=0 processed=4400 total=14000 metric=ce epoch=1/1
[pipeline-trace] wall=23:35:07 elapsed=18.249s phase=train event=interaction_progress trial=0 partition=0 processed=4500 total=14000 metric=ce epoch=1/1
[pipeline-trace] wall=23:35:07 elapsed=18.624s phase=train event=interaction_progress trial=0 partition=0 processed=4600 total=14000 metric=ce epoch=1/1
[pipeline-trace] wall=23:35:08 elapsed=19.046s phase=train event=interaction_progress trial=0 partition=0 processed=4700 total=14000 metric=ce epoch=1/1
[pipeline-trace] wall=23:35:08 elapsed=19.445s phase=train event=interaction_progress trial=0 partition=0 processed=4800 total=14000 metric=ce epoch=1/1
[pipeline-trace] wall=23:35:08 elapsed=19.832s phase=train event=interaction_progress trial=0 partition=0 processed=4900 total=14000 metric=ce epoch=1/1
[pipeline-trace] wall=23:35:09 elapsed=20.186s phase=train event=interaction_progress trial=0 partition=0 processed=5000 total=14000 metric=ce epoch=1/1
[pipeline-trace] wall=23:35:09 elapsed=20.469s phase=train event=interaction_progress trial=0 partition=0 processed=5100 total=14000 metric=ce epoch=1/1
[pipeline-trace] wall=23:35:09 elapsed=20.802s phase=train event=interaction_progress trial=0 partition=0 processed=5200 total=14000 metric=ce epoch=1/1
[pipeline-trace] wall=23:35:10 elapsed=21.168s phase=train event=interaction_progress trial=0 partition=0 processed=5300 total=14000 metric=ce epoch=1/1
[pipeline-trace] wall=23:35:10 elapsed=21.499s phase=train event=interaction_progress trial=0 partition=0 processed=5400 total=14000 metric=ce epoch=1/1
[pipeline-trace] wall=23:35:10 elapsed=21.782s phase=train event=interaction_progress trial=0 partition=0 processed=5500 total=14000 metric=ce epoch=1/1
[pipeline-trace] wall=23:35:11 elapsed=22.076s phase=train event=interaction_progress trial=0 partition=0 processed=5600 total=14000 metric=ce epoch=1/1
[pipeline-trace] wall=23:35:11 elapsed=22.449s phase=train event=interaction_progress trial=0 partition=0 processed=5700 total=14000 metric=ce epoch=1/1
[pipeline-trace] wall=23:35:11 elapsed=22.847s phase=train event=interaction_progress trial=0 partition=0 processed=5800 total=14000 metric=ce epoch=1/1
[pipeline-trace] wall=23:35:12 elapsed=23.239s phase=train event=interaction_progress trial=0 partition=0 processed=5900 total=14000 metric=ce epoch=1/1
[pipeline-trace] wall=23:35:12 elapsed=23.729s phase=train event=interaction_progress trial=0 partition=0 processed=6000 total=14000 metric=ce epoch=1/1
[pipeline-trace] wall=23:35:13 elapsed=24.262s phase=train event=interaction_progress trial=0 partition=0 processed=6100 total=14000 metric=ce epoch=1/1
[pipeline-trace] wall=23:35:13 elapsed=24.796s phase=train event=interaction_progress trial=0 partition=0 processed=6200 total=14000 metric=ce epoch=1/1
[pipeline-trace] wall=23:35:14 elapsed=25.842s phase=train event=interaction_progress trial=0 partition=0 processed=6300 total=14000 metric=ce epoch=1/1
[pipeline-trace] wall=23:35:15 elapsed=26.398s phase=train event=interaction_progress trial=0 partition=0 processed=6400 total=14000 metric=ce epoch=1/1
[pipeline-trace] wall=23:35:19 elapsed=29.911s phase=train event=interaction_progress trial=0 partition=0 processed=6500 total=14000 metric=ce epoch=1/1
[pipeline-trace] wall=23:35:19 elapsed=30.439s phase=train event=interaction_progress trial=0 partition=0 processed=6600 total=14000 metric=ce epoch=1/1
[pipeline-trace] wall=23:35:19 elapsed=30.749s phase=train event=interaction_progress trial=0 partition=0 processed=6700 total=14000 metric=ce epoch=1/1
[pipeline-trace] wall=23:35:20 elapsed=31.024s phase=train event=interaction_progress trial=0 partition=0 processed=6800 total=14000 metric=ce epoch=1/1
[pipeline-trace] wall=23:35:20 elapsed=31.291s phase=train event=interaction_progress trial=0 partition=0 processed=6900 total=14000 metric=ce epoch=1/1
[pipeline-trace] wall=23:35:20 elapsed=31.614s phase=train event=interaction_progress trial=0 partition=0 processed=7000 total=14000 metric=ce epoch=1/1
[pipeline-trace] wall=23:35:21 elapsed=31.896s phase=train event=interaction_progress trial=0 partition=0 processed=7100 total=14000 metric=ce epoch=1/1
[pipeline-trace] wall=23:35:21 elapsed=32.293s phase=train event=interaction_progress trial=0 partition=0 processed=7200 total=14000 metric=ce epoch=1/1
[pipeline-trace] wall=23:35:21 elapsed=32.670s phase=train event=interaction_progress trial=0 partition=0 processed=7300 total=14000 metric=ce epoch=1/1
[pipeline-trace] wall=23:35:22 elapsed=33.052s phase=train event=interaction_progress trial=0 partition=0 processed=7400 total=14000 metric=ce epoch=1/1
[pipeline-trace] wall=23:35:22 elapsed=33.388s phase=train event=interaction_progress trial=0 partition=0 processed=7500 total=14000 metric=ce epoch=1/1
[pipeline-trace] wall=23:35:22 elapsed=33.724s phase=train event=interaction_progress trial=0 partition=0 processed=7600 total=14000 metric=ce epoch=1/1
[pipeline-trace] wall=23:35:23 elapsed=34.061s phase=train event=interaction_progress trial=0 partition=0 processed=7700 total=14000 metric=ce epoch=1/1
[pipeline-trace] wall=23:35:23 elapsed=34.356s phase=train event=interaction_progress trial=0 partition=0 processed=7800 total=14000 metric=ce epoch=1/1
[pipeline-trace] wall=23:35:23 elapsed=34.742s phase=train event=interaction_progress trial=0 partition=0 processed=7900 total=14000 metric=ce epoch=1/1
[pipeline-trace] wall=23:35:24 elapsed=35.036s phase=train event=interaction_progress trial=0 partition=0 processed=8000 total=14000 metric=ce epoch=1/1
[pipeline-trace] wall=23:35:24 elapsed=35.369s phase=train event=interaction_progress trial=0 partition=0 processed=8100 total=14000 metric=ce epoch=1/1
[pipeline-trace] wall=23:35:24 elapsed=35.675s phase=train event=interaction_progress trial=0 partition=0 processed=8200 total=14000 metric=ce epoch=1/1
[pipeline-trace] wall=23:35:25 elapsed=35.983s phase=train event=interaction_progress trial=0 partition=0 processed=8300 total=14000 metric=ce epoch=1/1
[pipeline-trace] wall=23:35:25 elapsed=36.274s phase=train event=interaction_progress trial=0 partition=0 processed=8400 total=14000 metric=ce epoch=1/1
[pipeline-trace] wall=23:35:25 elapsed=36.648s phase=train event=interaction_progress trial=0 partition=0 processed=8500 total=14000 metric=ce epoch=1/1
[pipeline-trace] wall=23:35:26 elapsed=36.977s phase=train event=interaction_progress trial=0 partition=0 processed=8600 total=14000 metric=ce epoch=1/1
[pipeline-trace] wall=23:35:26 elapsed=37.278s phase=train event=interaction_progress trial=0 partition=0 processed=8700 total=14000 metric=ce epoch=1/1
[pipeline-trace] wall=23:35:26 elapsed=37.682s phase=train event=interaction_progress trial=0 partition=0 processed=8800 total=14000 metric=ce epoch=1/1
[pipeline-trace] wall=23:35:27 elapsed=38.084s phase=train event=interaction_progress trial=0 partition=0 processed=8900 total=14000 metric=ce epoch=1/1
[pipeline-trace] wall=23:35:27 elapsed=38.368s phase=train event=interaction_progress trial=0 partition=0 processed=9000 total=14000 metric=ce epoch=1/1
[pipeline-trace] wall=23:35:27 elapsed=38.748s phase=train event=interaction_progress trial=0 partition=0 processed=9100 total=14000 metric=ce epoch=1/1
[pipeline-trace] wall=23:35:28 elapsed=39.089s phase=train event=interaction_progress trial=0 partition=0 processed=9200 total=14000 metric=ce epoch=1/1
[pipeline-trace] wall=23:35:28 elapsed=39.478s phase=train event=interaction_progress trial=0 partition=0 processed=9300 total=14000 metric=ce epoch=1/1
[pipeline-trace] wall=23:35:28 elapsed=39.782s phase=train event=interaction_progress trial=0 partition=0 processed=9400 total=14000 metric=ce epoch=1/1
[pipeline-trace] wall=23:35:29 elapsed=40.079s phase=train event=interaction_progress trial=0 partition=0 processed=9500 total=14000 metric=ce epoch=1/1
[pipeline-trace] wall=23:35:29 elapsed=40.369s phase=train event=interaction_progress trial=0 partition=0 processed=9600 total=14000 metric=ce epoch=1/1
[pipeline-trace] wall=23:35:29 elapsed=40.692s phase=train event=interaction_progress trial=0 partition=0 processed=9700 total=14000 metric=ce epoch=1/1
[pipeline-trace] wall=23:35:30 elapsed=40.989s phase=train event=interaction_progress trial=0 partition=0 processed=9800 total=14000 metric=ce epoch=1/1
[pipeline-trace] wall=23:35:30 elapsed=41.317s phase=train event=interaction_progress trial=0 partition=0 processed=9900 total=14000 metric=ce epoch=1/1
[pipeline-trace] wall=23:35:30 elapsed=41.718s phase=train event=interaction_progress trial=0 partition=0 processed=10000 total=14000 metric=ce epoch=1/1
[pipeline-trace] wall=23:35:31 elapsed=42.126s phase=train event=interaction_progress trial=0 partition=0 processed=10100 total=14000 metric=ce epoch=1/1
[pipeline-trace] wall=23:35:31 elapsed=42.535s phase=train event=interaction_progress trial=0 partition=0 processed=10200 total=14000 metric=ce epoch=1/1
[pipeline-trace] wall=23:35:32 elapsed=42.940s phase=train event=interaction_progress trial=0 partition=0 processed=10300 total=14000 metric=ce epoch=1/1
[pipeline-trace] wall=23:35:32 elapsed=43.346s phase=train event=interaction_progress trial=0 partition=0 processed=10400 total=14000 metric=ce epoch=1/1
[pipeline-trace] wall=23:35:32 elapsed=43.746s phase=train event=interaction_progress trial=0 partition=0 processed=10500 total=14000 metric=ce epoch=1/1
[pipeline-trace] wall=23:35:33 elapsed=44.130s phase=train event=interaction_progress trial=0 partition=0 processed=10600 total=14000 metric=ce epoch=1/1
[pipeline-trace] wall=23:35:33 elapsed=44.514s phase=train event=interaction_progress trial=0 partition=0 processed=10700 total=14000 metric=ce epoch=1/1
[pipeline-trace] wall=23:35:33 elapsed=44.889s phase=train event=interaction_progress trial=0 partition=0 processed=10800 total=14000 metric=ce epoch=1/1
[pipeline-trace] wall=23:35:34 elapsed=45.288s phase=train event=interaction_progress trial=0 partition=0 processed=10900 total=14000 metric=ce epoch=1/1
[pipeline-trace] wall=23:35:34 elapsed=45.693s phase=train event=interaction_progress trial=0 partition=0 processed=11000 total=14000 metric=ce epoch=1/1
[pipeline-trace] wall=23:35:35 elapsed=46.114s phase=train event=interaction_progress trial=0 partition=0 processed=11100 total=14000 metric=ce epoch=1/1
[pipeline-trace] wall=23:35:35 elapsed=46.517s phase=train event=interaction_progress trial=0 partition=0 processed=11200 total=14000 metric=ce epoch=1/1
[pipeline-trace] wall=23:35:36 elapsed=46.932s phase=train event=interaction_progress trial=0 partition=0 processed=11300 total=14000 metric=ce epoch=1/1
[pipeline-trace] wall=23:35:36 elapsed=47.334s phase=train event=interaction_progress trial=0 partition=0 processed=11400 total=14000 metric=ce epoch=1/1
[pipeline-trace] wall=23:35:36 elapsed=47.742s phase=train event=interaction_progress trial=0 partition=0 processed=11500 total=14000 metric=ce epoch=1/1
[pipeline-trace] wall=23:35:37 elapsed=48.158s phase=train event=interaction_progress trial=0 partition=0 processed=11600 total=14000 metric=ce epoch=1/1
[pipeline-trace] wall=23:35:37 elapsed=48.574s phase=train event=interaction_progress trial=0 partition=0 processed=11700 total=14000 metric=ce epoch=1/1
[pipeline-trace] wall=23:35:38 elapsed=48.970s phase=train event=interaction_progress trial=0 partition=0 processed=11800 total=14000 metric=ce epoch=1/1
[pipeline-trace] wall=23:35:38 elapsed=49.296s phase=train event=interaction_progress trial=0 partition=0 processed=11900 total=14000 metric=ce epoch=1/1
[pipeline-trace] wall=23:35:38 elapsed=49.614s phase=train event=interaction_progress trial=0 partition=0 processed=12000 total=14000 metric=ce epoch=1/1
[pipeline-trace] wall=23:35:39 elapsed=49.983s phase=train event=interaction_progress trial=0 partition=0 processed=12100 total=14000 metric=ce epoch=1/1
[pipeline-trace] wall=23:35:39 elapsed=50.355s phase=train event=interaction_progress trial=0 partition=0 processed=12200 total=14000 metric=ce epoch=1/1
[pipeline-trace] wall=23:35:39 elapsed=50.751s phase=train event=interaction_progress trial=0 partition=0 processed=12300 total=14000 metric=ce epoch=1/1
[pipeline-trace] wall=23:35:40 elapsed=51.147s phase=train event=interaction_progress trial=0 partition=0 processed=12400 total=14000 metric=ce epoch=1/1
[pipeline-trace] wall=23:35:40 elapsed=51.547s phase=train event=interaction_progress trial=0 partition=0 processed=12500 total=14000 metric=ce epoch=1/1
[pipeline-trace] wall=23:35:41 elapsed=51.950s phase=train event=interaction_progress trial=0 partition=0 processed=12600 total=14000 metric=ce epoch=1/1
[pipeline-trace] wall=23:35:41 elapsed=52.350s phase=train event=interaction_progress trial=0 partition=0 processed=12700 total=14000 metric=ce epoch=1/1
[pipeline-trace] wall=23:35:41 elapsed=52.754s phase=train event=interaction_progress trial=0 partition=0 processed=12800 total=14000 metric=ce epoch=1/1
[pipeline-trace] wall=23:35:42 elapsed=53.149s phase=train event=interaction_progress trial=0 partition=0 processed=12900 total=14000 metric=ce epoch=1/1
[pipeline-trace] wall=23:35:42 elapsed=53.537s phase=train event=interaction_progress trial=0 partition=0 processed=13000 total=14000 metric=ce epoch=1/1
[pipeline-trace] wall=23:35:43 elapsed=53.926s phase=train event=interaction_progress trial=0 partition=0 processed=13100 total=14000 metric=ce epoch=1/1
[pipeline-trace] wall=23:35:43 elapsed=54.320s phase=train event=interaction_progress trial=0 partition=0 processed=13200 total=14000 metric=ce epoch=1/1
[pipeline-trace] wall=23:35:43 elapsed=54.722s phase=train event=interaction_progress trial=0 partition=0 processed=13300 total=14000 metric=ce epoch=1/1
[pipeline-trace] wall=23:35:44 elapsed=55.109s phase=train event=interaction_progress trial=0 partition=0 processed=13400 total=14000 metric=ce epoch=1/1
[pipeline-trace] wall=23:35:44 elapsed=55.509s phase=train event=interaction_progress trial=0 partition=0 processed=13500 total=14000 metric=ce epoch=1/1
[pipeline-trace] wall=23:35:44 elapsed=55.875s phase=train event=interaction_progress trial=0 partition=0 processed=13600 total=14000 metric=ce epoch=1/1
[pipeline-trace] wall=23:35:45 elapsed=56.201s phase=train event=interaction_progress trial=0 partition=0 processed=13700 total=14000 metric=ce epoch=1/1
[pipeline-trace] wall=23:35:45 elapsed=56.607s phase=train event=interaction_progress trial=0 partition=0 processed=13800 total=14000 metric=ce epoch=1/1
[pipeline-trace] wall=23:35:46 elapsed=57.047s phase=train event=interaction_progress trial=0 partition=0 processed=13900 total=14000 metric=ce epoch=1/1
[pipeline-trace] wall=23:35:46 elapsed=57.406s phase=train event=interaction_progress trial=0 partition=0 processed=14000 total=14000 metric=ce epoch=1/1
[pipeline-trace] wall=23:35:46 elapsed=733.058s phase=train event=complete trial=0 stage=1/1 stage_duration_sec=63.202
[pipeline-trace] wall=23:35:46 elapsed=733.059s phase=train event=dispatch trial=0 stage=1/1
[pipeline-trace] wall=23:35:46 elapsed=57.466s phase=train event=interaction_progress trial=0 partition=0 processed=1 total=14000 metric=ce epoch=1/1
[pipeline-trace] wall=23:35:46 elapsed=57.865s phase=train event=interaction_progress trial=0 partition=0 processed=100 total=14000 metric=ce epoch=1/1
[pipeline-trace] wall=23:35:47 elapsed=58.277s phase=train event=interaction_progress trial=0 partition=0 processed=200 total=14000 metric=ce epoch=1/1
[pipeline-trace] wall=23:35:47 elapsed=58.679s phase=train event=interaction_progress trial=0 partition=0 processed=300 total=14000 metric=ce epoch=1/1
[pipeline-trace] wall=23:35:48 elapsed=59.074s phase=train event=interaction_progress trial=0 partition=0 processed=400 total=14000 metric=ce epoch=1/1
[pipeline-trace] wall=23:35:48 elapsed=59.454s phase=train event=interaction_progress trial=0 partition=0 processed=500 total=14000 metric=ce epoch=1/1
[pipeline-trace] wall=23:35:48 elapsed=59.840s phase=train event=interaction_progress trial=0 partition=0 processed=600 total=14000 metric=ce epoch=1/1
[pipeline-trace] wall=23:35:49 elapsed=60.245s phase=train event=interaction_progress trial=0 partition=0 processed=700 total=14000 metric=ce epoch=1/1
[pipeline-trace] wall=23:35:49 elapsed=60.615s phase=train event=interaction_progress trial=0 partition=0 processed=800 total=14000 metric=ce epoch=1/1
[pipeline-trace] wall=23:35:50 elapsed=61.005s phase=train event=interaction_progress trial=0 partition=0 processed=900 total=14000 metric=ce epoch=1/1
[pipeline-trace] wall=23:35:50 elapsed=61.409s phase=train event=interaction_progress trial=0 partition=0 processed=1000 total=14000 metric=ce epoch=1/1
[pipeline-trace] wall=23:35:50 elapsed=61.784s phase=train event=interaction_progress trial=0 partition=0 processed=1100 total=14000 metric=ce epoch=1/1
[pipeline-trace] wall=23:35:51 elapsed=62.195s phase=train event=interaction_progress trial=0 partition=0 processed=1200 total=14000 metric=ce epoch=1/1
[pipeline-trace] wall=23:35:51 elapsed=62.613s phase=train event=interaction_progress trial=0 partition=0 processed=1300 total=14000 metric=ce epoch=1/1
[pipeline-trace] wall=23:35:52 elapsed=63.010s phase=train event=interaction_progress trial=0 partition=0 processed=1400 total=14000 metric=ce epoch=1/1
[pipeline-trace] wall=23:35:52 elapsed=63.391s phase=train event=interaction_progress trial=0 partition=0 processed=1500 total=14000 metric=ce epoch=1/1
[pipeline-trace] wall=23:35:52 elapsed=63.728s phase=train event=interaction_progress trial=0 partition=0 processed=1600 total=14000 metric=ce epoch=1/1
[pipeline-trace] wall=23:35:53 elapsed=64.086s phase=train event=interaction_progress trial=0 partition=0 processed=1700 total=14000 metric=ce epoch=1/1
[pipeline-trace] wall=23:35:53 elapsed=64.466s phase=train event=interaction_progress trial=0 partition=0 processed=1800 total=14000 metric=ce epoch=1/1
[pipeline-trace] wall=23:35:53 elapsed=64.875s phase=train event=interaction_progress trial=0 partition=0 processed=1900 total=14000 metric=ce epoch=1/1
[pipeline-trace] wall=23:35:54 elapsed=65.267s phase=train event=interaction_progress trial=0 partition=0 processed=2000 total=14000 metric=ce epoch=1/1
[pipeline-trace] wall=23:35:54 elapsed=65.661s phase=train event=interaction_progress trial=0 partition=0 processed=2100 total=14000 metric=ce epoch=1/1
[pipeline-trace] wall=23:35:55 elapsed=66.043s phase=train event=interaction_progress trial=0 partition=0 processed=2200 total=14000 metric=ce epoch=1/1
[pipeline-trace] wall=23:35:55 elapsed=66.455s phase=train event=interaction_progress trial=0 partition=0 processed=2300 total=14000 metric=ce epoch=1/1
[pipeline-trace] wall=23:35:55 elapsed=66.864s phase=train event=interaction_progress trial=0 partition=0 processed=2400 total=14000 metric=ce epoch=1/1
[pipeline-trace] wall=23:35:56 elapsed=67.270s phase=train event=interaction_progress trial=0 partition=0 processed=2500 total=14000 metric=ce epoch=1/1
[pipeline-trace] wall=23:35:56 elapsed=67.603s phase=train event=interaction_progress trial=0 partition=0 processed=2600 total=14000 metric=ce epoch=1/1
[pipeline-trace] wall=23:35:57 elapsed=67.996s phase=train event=interaction_progress trial=0 partition=0 processed=2700 total=14000 metric=ce epoch=1/1
[pipeline-trace] wall=23:35:57 elapsed=68.400s phase=train event=interaction_progress trial=0 partition=0 processed=2800 total=14000 metric=ce epoch=1/1
[pipeline-trace] wall=23:35:57 elapsed=68.805s phase=train event=interaction_progress trial=0 partition=0 processed=2900 total=14000 metric=ce epoch=1/1
[pipeline-trace] wall=23:35:58 elapsed=69.184s phase=train event=interaction_progress trial=0 partition=0 processed=3000 total=14000 metric=ce epoch=1/1
[pipeline-trace] wall=23:35:58 elapsed=69.592s phase=train event=interaction_progress trial=0 partition=0 processed=3100 total=14000 metric=ce epoch=1/1
[pipeline-trace] wall=23:35:59 elapsed=69.944s phase=train event=interaction_progress trial=0 partition=0 processed=3200 total=14000 metric=ce epoch=1/1
[pipeline-trace] wall=23:35:59 elapsed=70.299s phase=train event=interaction_progress trial=0 partition=0 processed=3300 total=14000 metric=ce epoch=1/1
[pipeline-trace] wall=23:35:59 elapsed=70.691s phase=train event=interaction_progress trial=0 partition=0 processed=3400 total=14000 metric=ce epoch=1/1
[pipeline-trace] wall=23:36:00 elapsed=71.058s phase=train event=interaction_progress trial=0 partition=0 processed=3500 total=14000 metric=ce epoch=1/1
[pipeline-trace] wall=23:36:00 elapsed=71.396s phase=train event=interaction_progress trial=0 partition=0 processed=3600 total=14000 metric=ce epoch=1/1
[pipeline-trace] wall=23:36:00 elapsed=71.778s phase=train event=interaction_progress trial=0 partition=0 processed=3700 total=14000 metric=ce epoch=1/1
[pipeline-trace] wall=23:36:01 elapsed=72.199s phase=train event=interaction_progress trial=0 partition=0 processed=3800 total=14000 metric=ce epoch=1/1
[pipeline-trace] wall=23:36:01 elapsed=72.614s phase=train event=interaction_progress trial=0 partition=0 processed=3900 total=14000 metric=ce epoch=1/1
[pipeline-trace] wall=23:36:02 elapsed=73.037s phase=train event=interaction_progress trial=0 partition=0 processed=4000 total=14000 metric=ce epoch=1/1
[pipeline-trace] wall=23:36:02 elapsed=73.468s phase=train event=interaction_progress trial=0 partition=0 processed=4100 total=14000 metric=ce epoch=1/1
[pipeline-trace] wall=23:36:02 elapsed=73.882s phase=train event=interaction_progress trial=0 partition=0 processed=4200 total=14000 metric=ce epoch=1/1
[pipeline-trace] wall=23:36:03 elapsed=74.282s phase=train event=interaction_progress trial=0 partition=0 processed=4300 total=14000 metric=ce epoch=1/1
[pipeline-trace] wall=23:36:03 elapsed=74.660s phase=train event=interaction_progress trial=0 partition=0 processed=4400 total=14000 metric=ce epoch=1/1
[pipeline-trace] wall=23:36:04 elapsed=75.038s phase=train event=interaction_progress trial=0 partition=0 processed=4500 total=14000 metric=ce epoch=1/1
[pipeline-trace] wall=23:36:04 elapsed=75.430s phase=train event=interaction_progress trial=0 partition=0 processed=4600 total=14000 metric=ce epoch=1/1
[pipeline-trace] wall=23:36:04 elapsed=75.838s phase=train event=interaction_progress trial=0 partition=0 processed=4700 total=14000 metric=ce epoch=1/1
[pipeline-trace] wall=23:36:05 elapsed=76.263s phase=train event=interaction_progress trial=0 partition=0 processed=4800 total=14000 metric=ce epoch=1/1
[pipeline-trace] wall=23:36:05 elapsed=76.690s phase=train event=interaction_progress trial=0 partition=0 processed=4900 total=14000 metric=ce epoch=1/1
[pipeline-trace] wall=23:36:06 elapsed=77.113s phase=train event=interaction_progress trial=0 partition=0 processed=5000 total=14000 metric=ce epoch=1/1
[pipeline-trace] wall=23:36:06 elapsed=77.534s phase=train event=interaction_progress trial=0 partition=0 processed=5100 total=14000 metric=ce epoch=1/1
[pipeline-trace] wall=23:36:07 elapsed=77.948s phase=train event=interaction_progress trial=0 partition=0 processed=5200 total=14000 metric=ce epoch=1/1
[pipeline-trace] wall=23:36:07 elapsed=78.357s phase=train event=interaction_progress trial=0 partition=0 processed=5300 total=14000 metric=ce epoch=1/1
[pipeline-trace] wall=23:36:07 elapsed=78.721s phase=train event=interaction_progress trial=0 partition=0 processed=5400 total=14000 metric=ce epoch=1/1
[pipeline-trace] wall=23:36:08 elapsed=79.125s phase=train event=interaction_progress trial=0 partition=0 processed=5500 total=14000 metric=ce epoch=1/1
[pipeline-trace] wall=23:36:08 elapsed=79.539s phase=train event=interaction_progress trial=0 partition=0 processed=5600 total=14000 metric=ce epoch=1/1
[pipeline-trace] wall=23:36:09 elapsed=79.899s phase=train event=interaction_progress trial=0 partition=0 processed=5700 total=14000 metric=ce epoch=1/1
[pipeline-trace] wall=23:36:09 elapsed=80.229s phase=train event=interaction_progress trial=0 partition=0 processed=5800 total=14000 metric=ce epoch=1/1
[pipeline-trace] wall=23:36:09 elapsed=80.622s phase=train event=interaction_progress trial=0 partition=0 processed=5900 total=14000 metric=ce epoch=1/1
[pipeline-trace] wall=23:36:10 elapsed=81.040s phase=train event=interaction_progress trial=0 partition=0 processed=6000 total=14000 metric=ce epoch=1/1
[pipeline-trace] wall=23:36:10 elapsed=81.431s phase=train event=interaction_progress trial=0 partition=0 processed=6100 total=14000 metric=ce epoch=1/1
[pipeline-trace] wall=23:36:10 elapsed=81.813s phase=train event=interaction_progress trial=0 partition=0 processed=6200 total=14000 metric=ce epoch=1/1
[pipeline-trace] wall=23:36:11 elapsed=82.191s phase=train event=interaction_progress trial=0 partition=0 processed=6300 total=14000 metric=ce epoch=1/1
[pipeline-trace] wall=23:36:11 elapsed=82.560s phase=train event=interaction_progress trial=0 partition=0 processed=6400 total=14000 metric=ce epoch=1/1
[pipeline-trace] wall=23:36:12 elapsed=82.896s phase=train event=interaction_progress trial=0 partition=0 processed=6500 total=14000 metric=ce epoch=1/1
[pipeline-trace] wall=23:36:12 elapsed=83.226s phase=train event=interaction_progress trial=0 partition=0 processed=6600 total=14000 metric=ce epoch=1/1
[pipeline-trace] wall=23:36:12 elapsed=83.592s phase=train event=interaction_progress trial=0 partition=0 processed=6700 total=14000 metric=ce epoch=1/1
[pipeline-trace] wall=23:36:13 elapsed=83.991s phase=train event=interaction_progress trial=0 partition=0 processed=6800 total=14000 metric=ce epoch=1/1
[pipeline-trace] wall=23:36:13 elapsed=84.393s phase=train event=interaction_progress trial=0 partition=0 processed=6900 total=14000 metric=ce epoch=1/1
[pipeline-trace] wall=23:36:13 elapsed=84.783s phase=train event=interaction_progress trial=0 partition=0 processed=7000 total=14000 metric=ce epoch=1/1
[pipeline-trace] wall=23:36:14 elapsed=85.184s phase=train event=interaction_progress trial=0 partition=0 processed=7100 total=14000 metric=ce epoch=1/1
[pipeline-trace] wall=23:36:14 elapsed=85.567s phase=train event=interaction_progress trial=0 partition=0 processed=7200 total=14000 metric=ce epoch=1/1
[pipeline-trace] wall=23:36:15 elapsed=85.971s phase=train event=interaction_progress trial=0 partition=0 processed=7300 total=14000 metric=ce epoch=1/1
[pipeline-trace] wall=23:36:15 elapsed=86.381s phase=train event=interaction_progress trial=0 partition=0 processed=7400 total=14000 metric=ce epoch=1/1
[pipeline-trace] wall=23:36:15 elapsed=86.782s phase=train event=interaction_progress trial=0 partition=0 processed=7500 total=14000 metric=ce epoch=1/1
[pipeline-trace] wall=23:36:16 elapsed=87.157s phase=train event=interaction_progress trial=0 partition=0 processed=7600 total=14000 metric=ce epoch=1/1
[pipeline-trace] wall=23:36:16 elapsed=87.550s phase=train event=interaction_progress trial=0 partition=0 processed=7700 total=14000 metric=ce epoch=1/1
[pipeline-trace] wall=23:36:16 elapsed=87.891s phase=train event=interaction_progress trial=0 partition=0 processed=7800 total=14000 metric=ce epoch=1/1
[pipeline-trace] wall=23:36:17 elapsed=88.275s phase=train event=interaction_progress trial=0 partition=0 processed=7900 total=14000 metric=ce epoch=1/1
[pipeline-trace] wall=23:36:17 elapsed=88.662s phase=train event=interaction_progress trial=0 partition=0 processed=8000 total=14000 metric=ce epoch=1/1
[pipeline-trace] wall=23:36:18 elapsed=88.983s phase=train event=interaction_progress trial=0 partition=0 processed=8100 total=14000 metric=ce epoch=1/1
[pipeline-trace] wall=23:36:18 elapsed=89.394s phase=train event=interaction_progress trial=0 partition=0 processed=8200 total=14000 metric=ce epoch=1/1
[pipeline-trace] wall=23:36:18 elapsed=89.799s phase=train event=interaction_progress trial=0 partition=0 processed=8300 total=14000 metric=ce epoch=1/1
[pipeline-trace] wall=23:36:19 elapsed=90.170s phase=train event=interaction_progress trial=0 partition=0 processed=8400 total=14000 metric=ce epoch=1/1
[pipeline-trace] wall=23:36:19 elapsed=90.562s phase=train event=interaction_progress trial=0 partition=0 processed=8500 total=14000 metric=ce epoch=1/1
[pipeline-trace] wall=23:36:20 elapsed=90.994s phase=train event=interaction_progress trial=0 partition=0 processed=8600 total=14000 metric=ce epoch=1/1
[pipeline-trace] wall=23:36:20 elapsed=91.397s phase=train event=interaction_progress trial=0 partition=0 processed=8700 total=14000 metric=ce epoch=1/1
[pipeline-trace] wall=23:36:20 elapsed=91.791s phase=train event=interaction_progress trial=0 partition=0 processed=8800 total=14000 metric=ce epoch=1/1
[pipeline-trace] wall=23:36:21 elapsed=92.192s phase=train event=interaction_progress trial=0 partition=0 processed=8900 total=14000 metric=ce epoch=1/1
[pipeline-trace] wall=23:36:21 elapsed=92.590s phase=train event=interaction_progress trial=0 partition=0 processed=9000 total=14000 metric=ce epoch=1/1
[pipeline-trace] wall=23:36:22 elapsed=93.000s phase=train event=interaction_progress trial=0 partition=0 processed=9100 total=14000 metric=ce epoch=1/1
[pipeline-trace] wall=23:36:22 elapsed=93.420s phase=train event=interaction_progress trial=0 partition=0 processed=9200 total=14000 metric=ce epoch=1/1
[pipeline-trace] wall=23:36:22 elapsed=93.839s phase=train event=interaction_progress trial=0 partition=0 processed=9300 total=14000 metric=ce epoch=1/1
[pipeline-trace] wall=23:36:23 elapsed=94.233s phase=train event=interaction_progress trial=0 partition=0 processed=9400 total=14000 metric=ce epoch=1/1
[pipeline-trace] wall=23:36:23 elapsed=94.582s phase=train event=interaction_progress trial=0 partition=0 processed=9500 total=14000 metric=ce epoch=1/1
[pipeline-trace] wall=23:36:24 elapsed=94.962s phase=train event=interaction_progress trial=0 partition=0 processed=9600 total=14000 metric=ce epoch=1/1
[pipeline-trace] wall=23:36:24 elapsed=95.352s phase=train event=interaction_progress trial=0 partition=0 processed=9700 total=14000 metric=ce epoch=1/1
[pipeline-trace] wall=23:36:24 elapsed=95.699s phase=train event=interaction_progress trial=0 partition=0 processed=9800 total=14000 metric=ce epoch=1/1
[pipeline-trace] wall=23:36:25 elapsed=96.090s phase=train event=interaction_progress trial=0 partition=0 processed=9900 total=14000 metric=ce epoch=1/1
[pipeline-trace] wall=23:36:25 elapsed=96.462s phase=train event=interaction_progress trial=0 partition=0 processed=10000 total=14000 metric=ce epoch=1/1
[pipeline-trace] wall=23:36:25 elapsed=96.855s phase=train event=interaction_progress trial=0 partition=0 processed=10100 total=14000 metric=ce epoch=1/1
[pipeline-trace] wall=23:36:26 elapsed=97.256s phase=train event=interaction_progress trial=0 partition=0 processed=10200 total=14000 metric=ce epoch=1/1
[pipeline-trace] wall=23:36:26 elapsed=97.654s phase=train event=interaction_progress trial=0 partition=0 processed=10300 total=14000 metric=ce epoch=1/1
[pipeline-trace] wall=23:36:27 elapsed=98.050s phase=train event=interaction_progress trial=0 partition=0 processed=10400 total=14000 metric=ce epoch=1/1
[pipeline-trace] wall=23:36:27 elapsed=98.454s phase=train event=interaction_progress trial=0 partition=0 processed=10500 total=14000 metric=ce epoch=1/1
[pipeline-trace] wall=23:36:27 elapsed=98.857s phase=train event=interaction_progress trial=0 partition=0 processed=10600 total=14000 metric=ce epoch=1/1
[pipeline-trace] wall=23:36:28 elapsed=99.236s phase=train event=interaction_progress trial=0 partition=0 processed=10700 total=14000 metric=ce epoch=1/1
[pipeline-trace] wall=23:36:28 elapsed=99.639s phase=train event=interaction_progress trial=0 partition=0 processed=10800 total=14000 metric=ce epoch=1/1
[pipeline-trace] wall=23:36:29 elapsed=100.000s phase=train event=interaction_progress trial=0 partition=0 processed=10900 total=14000 metric=ce epoch=1/1
[pipeline-trace] wall=23:36:29 elapsed=100.395s phase=train event=interaction_progress trial=0 partition=0 processed=11000 total=14000 metric=ce epoch=1/1
[pipeline-trace] wall=23:36:29 elapsed=100.819s phase=train event=interaction_progress trial=0 partition=0 processed=11100 total=14000 metric=ce epoch=1/1
[pipeline-trace] wall=23:36:30 elapsed=101.245s phase=train event=interaction_progress trial=0 partition=0 processed=11200 total=14000 metric=ce epoch=1/1
[pipeline-trace] wall=23:36:30 elapsed=101.637s phase=train event=interaction_progress trial=0 partition=0 processed=11300 total=14000 metric=ce epoch=1/1
[pipeline-trace] wall=23:36:31 elapsed=102.031s phase=train event=interaction_progress trial=0 partition=0 processed=11400 total=14000 metric=ce epoch=1/1
[pipeline-trace] wall=23:36:31 elapsed=102.366s phase=train event=interaction_progress trial=0 partition=0 processed=11500 total=14000 metric=ce epoch=1/1
[pipeline-trace] wall=23:36:31 elapsed=102.691s phase=train event=interaction_progress trial=0 partition=0 processed=11600 total=14000 metric=ce epoch=1/1
[pipeline-trace] wall=23:36:32 elapsed=103.027s phase=train event=interaction_progress trial=0 partition=0 processed=11700 total=14000 metric=ce epoch=1/1
[pipeline-trace] wall=23:36:32 elapsed=103.396s phase=train event=interaction_progress trial=0 partition=0 processed=11800 total=14000 metric=ce epoch=1/1
[pipeline-trace] wall=23:36:32 elapsed=103.812s phase=train event=interaction_progress trial=0 partition=0 processed=11900 total=14000 metric=ce epoch=1/1
[pipeline-trace] wall=23:36:33 elapsed=104.207s phase=train event=interaction_progress trial=0 partition=0 processed=12000 total=14000 metric=ce epoch=1/1
[pipeline-trace] wall=23:36:33 elapsed=104.590s phase=train event=interaction_progress trial=0 partition=0 processed=12100 total=14000 metric=ce epoch=1/1
[pipeline-trace] wall=23:36:34 elapsed=104.966s phase=train event=interaction_progress trial=0 partition=0 processed=12200 total=14000 metric=ce epoch=1/1
[pipeline-trace] wall=23:36:34 elapsed=105.363s phase=train event=interaction_progress trial=0 partition=0 processed=12300 total=14000 metric=ce epoch=1/1
[pipeline-trace] wall=23:36:34 elapsed=105.742s phase=train event=interaction_progress trial=0 partition=0 processed=12400 total=14000 metric=ce epoch=1/1
[pipeline-trace] wall=23:36:35 elapsed=106.125s phase=train event=interaction_progress trial=0 partition=0 processed=12500 total=14000 metric=ce epoch=1/1
[pipeline-trace] wall=23:36:35 elapsed=106.516s phase=train event=interaction_progress trial=0 partition=0 processed=12600 total=14000 metric=ce epoch=1/1
[pipeline-trace] wall=23:36:36 elapsed=106.925s phase=train event=interaction_progress trial=0 partition=0 processed=12700 total=14000 metric=ce epoch=1/1
[pipeline-trace] wall=23:36:36 elapsed=107.324s phase=train event=interaction_progress trial=0 partition=0 processed=12800 total=14000 metric=ce epoch=1/1
[pipeline-trace] wall=23:36:36 elapsed=107.738s phase=train event=interaction_progress trial=0 partition=0 processed=12900 total=14000 metric=ce epoch=1/1
[pipeline-trace] wall=23:36:37 elapsed=108.150s phase=train event=interaction_progress trial=0 partition=0 processed=13000 total=14000 metric=ce epoch=1/1
[pipeline-trace] wall=23:36:37 elapsed=108.479s phase=train event=interaction_progress trial=0 partition=0 processed=13100 total=14000 metric=ce epoch=1/1
[pipeline-trace] wall=23:36:37 elapsed=108.841s phase=train event=interaction_progress trial=0 partition=0 processed=13200 total=14000 metric=ce epoch=1/1
[pipeline-trace] wall=23:36:38 elapsed=109.244s phase=train event=interaction_progress trial=0 partition=0 processed=13300 total=14000 metric=ce epoch=1/1
[pipeline-trace] wall=23:36:38 elapsed=109.642s phase=train event=interaction_progress trial=0 partition=0 processed=13400 total=14000 metric=ce epoch=1/1
[pipeline-trace] wall=23:36:39 elapsed=110.056s phase=train event=interaction_progress trial=0 partition=0 processed=13500 total=14000 metric=ce epoch=1/1
[pipeline-trace] wall=23:36:39 elapsed=110.440s phase=train event=interaction_progress trial=0 partition=0 processed=13600 total=14000 metric=ce epoch=1/1
[pipeline-trace] wall=23:36:39 elapsed=110.821s phase=train event=interaction_progress trial=0 partition=0 processed=13700 total=14000 metric=ce epoch=1/1
[pipeline-trace] wall=23:36:40 elapsed=111.218s phase=train event=interaction_progress trial=0 partition=0 processed=13800 total=14000 metric=ce epoch=1/1
[pipeline-trace] wall=23:36:40 elapsed=111.618s phase=train event=interaction_progress trial=0 partition=0 processed=13900 total=14000 metric=ce epoch=1/1
[pipeline-trace] wall=23:36:41 elapsed=112.015s phase=train event=interaction_progress trial=0 partition=0 processed=14000 total=14000 metric=ce epoch=1/1
[pipeline-trace] wall=23:36:41 elapsed=787.666s phase=train event=complete trial=0 stage=1/1 stage_duration_sec=54.607
[pipeline-trace] wall=23:36:41 elapsed=787.667s phase=train event=dispatch trial=0 stage=1/2
[pipeline-trace] wall=23:36:41 elapsed=112.072s phase=train event=interaction_progress trial=0 partition=0 processed=1 total=14000 metric=ce epoch=1/1
[pipeline-trace] wall=23:36:41 elapsed=112.478s phase=train event=interaction_progress trial=0 partition=0 processed=100 total=14000 metric=ce epoch=1/1
[pipeline-trace] wall=23:36:41 elapsed=112.856s phase=train event=interaction_progress trial=0 partition=0 processed=200 total=14000 metric=ce epoch=1/1
[pipeline-trace] wall=23:36:42 elapsed=113.264s phase=train event=interaction_progress trial=0 partition=0 processed=300 total=14000 metric=ce epoch=1/1
[pipeline-trace] wall=23:36:42 elapsed=113.680s phase=train event=interaction_progress trial=0 partition=0 processed=400 total=14000 metric=ce epoch=1/1
[pipeline-trace] wall=23:36:43 elapsed=114.088s phase=train event=interaction_progress trial=0 partition=0 processed=500 total=14000 metric=ce epoch=1/1
[pipeline-trace] wall=23:36:43 elapsed=114.497s phase=train event=interaction_progress trial=0 partition=0 processed=600 total=14000 metric=ce epoch=1/1
[pipeline-trace] wall=23:36:44 elapsed=114.914s phase=train event=interaction_progress trial=0 partition=0 processed=700 total=14000 metric=ce epoch=1/1
[pipeline-trace] wall=23:36:44 elapsed=115.329s phase=train event=interaction_progress trial=0 partition=0 processed=800 total=14000 metric=ce epoch=1/1
[pipeline-trace] wall=23:36:44 elapsed=115.736s phase=train event=interaction_progress trial=0 partition=0 processed=900 total=14000 metric=ce epoch=1/1
[pipeline-trace] wall=23:36:45 elapsed=116.065s phase=train event=interaction_progress trial=0 partition=0 processed=1000 total=14000 metric=ce epoch=1/1
[pipeline-trace] wall=23:36:45 elapsed=116.448s phase=train event=interaction_progress trial=0 partition=0 processed=1100 total=14000 metric=ce epoch=1/1
[pipeline-trace] wall=23:36:45 elapsed=116.859s phase=train event=interaction_progress trial=0 partition=0 processed=1200 total=14000 metric=ce epoch=1/1
[pipeline-trace] wall=23:36:46 elapsed=117.250s phase=train event=interaction_progress trial=0 partition=0 processed=1300 total=14000 metric=ce epoch=1/1
[pipeline-trace] wall=23:36:46 elapsed=117.631s phase=train event=interaction_progress trial=0 partition=0 processed=1400 total=14000 metric=ce epoch=1/1
[pipeline-trace] wall=23:36:47 elapsed=118.025s phase=train event=interaction_progress trial=0 partition=0 processed=1500 total=14000 metric=ce epoch=1/1
[pipeline-trace] wall=23:36:47 elapsed=118.426s phase=train event=interaction_progress trial=0 partition=0 processed=1600 total=14000 metric=ce epoch=1/1
[pipeline-trace] wall=23:36:47 elapsed=118.816s phase=train event=interaction_progress trial=0 partition=0 processed=1700 total=14000 metric=ce epoch=1/1
[pipeline-trace] wall=23:36:48 elapsed=119.217s phase=train event=interaction_progress trial=0 partition=0 processed=1800 total=14000 metric=ce epoch=1/1
[pipeline-trace] wall=23:36:48 elapsed=119.605s phase=train event=interaction_progress trial=0 partition=0 processed=1900 total=14000 metric=ce epoch=1/1
[pipeline-trace] wall=23:36:49 elapsed=120.008s phase=train event=interaction_progress trial=0 partition=0 processed=2000 total=14000 metric=ce epoch=1/1
[pipeline-trace] wall=23:36:49 elapsed=120.525s phase=train event=interaction_progress trial=0 partition=0 processed=2100 total=14000 metric=ce epoch=1/1
[pipeline-trace] wall=23:36:50 elapsed=121.097s phase=train event=interaction_progress trial=0 partition=0 processed=2200 total=14000 metric=ce epoch=1/1
[pipeline-trace] wall=23:36:55 elapsed=126.352s phase=train event=interaction_progress trial=0 partition=0 processed=2300 total=14000 metric=ce epoch=1/1
[pipeline-trace] wall=23:36:56 elapsed=127.468s phase=train event=interaction_progress trial=0 partition=0 processed=2400 total=14000 metric=ce epoch=1/1
[pipeline-trace] wall=23:36:56 elapsed=127.832s phase=train event=interaction_progress trial=0 partition=0 processed=2500 total=14000 metric=ce epoch=1/1
[pipeline-trace] wall=23:36:57 elapsed=128.189s phase=train event=interaction_progress trial=0 partition=0 processed=2600 total=14000 metric=ce epoch=1/1
[pipeline-trace] wall=23:36:57 elapsed=128.490s phase=train event=interaction_progress trial=0 partition=0 processed=2700 total=14000 metric=ce epoch=1/1
[pipeline-trace] wall=23:36:57 elapsed=128.818s phase=train event=interaction_progress trial=0 partition=0 processed=2800 total=14000 metric=ce epoch=1/1
[pipeline-trace] wall=23:36:58 elapsed=129.124s phase=train event=interaction_progress trial=0 partition=0 processed=2900 total=14000 metric=ce epoch=1/1
[pipeline-trace] wall=23:36:58 elapsed=129.459s phase=train event=interaction_progress trial=0 partition=0 processed=3000 total=14000 metric=ce epoch=1/1
[pipeline-trace] wall=23:36:58 elapsed=129.798s phase=train event=interaction_progress trial=0 partition=0 processed=3100 total=14000 metric=ce epoch=1/1
[pipeline-trace] wall=23:36:59 elapsed=130.114s phase=train event=interaction_progress trial=0 partition=0 processed=3200 total=14000 metric=ce epoch=1/1
[pipeline-trace] wall=23:36:59 elapsed=130.449s phase=train event=interaction_progress trial=0 partition=0 processed=3300 total=14000 metric=ce epoch=1/1
[pipeline-trace] wall=23:36:59 elapsed=130.787s phase=train event=interaction_progress trial=0 partition=0 processed=3400 total=14000 metric=ce epoch=1/1
[pipeline-trace] wall=23:37:00 elapsed=131.129s phase=train event=interaction_progress trial=0 partition=0 processed=3500 total=14000 metric=ce epoch=1/1
[pipeline-trace] wall=23:37:00 elapsed=131.481s phase=train event=interaction_progress trial=0 partition=0 processed=3600 total=14000 metric=ce epoch=1/1
[pipeline-trace] wall=23:37:00 elapsed=131.876s phase=train event=interaction_progress trial=0 partition=0 processed=3700 total=14000 metric=ce epoch=1/1
[pipeline-trace] wall=23:37:01 elapsed=132.275s phase=train event=interaction_progress trial=0 partition=0 processed=3800 total=14000 metric=ce epoch=1/1
[pipeline-trace] wall=23:37:01 elapsed=132.619s phase=train event=interaction_progress trial=0 partition=0 processed=3900 total=14000 metric=ce epoch=1/1
[pipeline-trace] wall=23:37:02 elapsed=132.977s phase=train event=interaction_progress trial=0 partition=0 processed=4000 total=14000 metric=ce epoch=1/1
[pipeline-trace] wall=23:37:02 elapsed=133.370s phase=train event=interaction_progress trial=0 partition=0 processed=4100 total=14000 metric=ce epoch=1/1
[pipeline-trace] wall=23:37:02 elapsed=133.762s phase=train event=interaction_progress trial=0 partition=0 processed=4200 total=14000 metric=ce epoch=1/1
[pipeline-trace] wall=23:37:03 elapsed=134.128s phase=train event=interaction_progress trial=0 partition=0 processed=4300 total=14000 metric=ce epoch=1/1
[pipeline-trace] wall=23:37:03 elapsed=134.435s phase=train event=interaction_progress trial=0 partition=0 processed=4400 total=14000 metric=ce epoch=1/1
[pipeline-trace] wall=23:37:03 elapsed=134.819s phase=train event=interaction_progress trial=0 partition=0 processed=4500 total=14000 metric=ce epoch=1/1
[pipeline-trace] wall=23:37:04 elapsed=135.225s phase=train event=interaction_progress trial=0 partition=0 processed=4600 total=14000 metric=ce epoch=1/1
[pipeline-trace] wall=23:37:04 elapsed=135.618s phase=train event=interaction_progress trial=0 partition=0 processed=4700 total=14000 metric=ce epoch=1/1
[pipeline-trace] wall=23:37:05 elapsed=136.024s phase=train event=interaction_progress trial=0 partition=0 processed=4800 total=14000 metric=ce epoch=1/1
[pipeline-trace] wall=23:37:05 elapsed=136.416s phase=train event=interaction_progress trial=0 partition=0 processed=4900 total=14000 metric=ce epoch=1/1
[pipeline-trace] wall=23:37:05 elapsed=136.781s phase=train event=interaction_progress trial=0 partition=0 processed=5000 total=14000 metric=ce epoch=1/1
[pipeline-trace] wall=23:37:06 elapsed=137.171s phase=train event=interaction_progress trial=0 partition=0 processed=5100 total=14000 metric=ce epoch=1/1
[pipeline-trace] wall=23:37:06 elapsed=137.574s phase=train event=interaction_progress trial=0 partition=0 processed=5200 total=14000 metric=ce epoch=1/1
[pipeline-trace] wall=23:37:07 elapsed=137.978s phase=train event=interaction_progress trial=0 partition=0 processed=5300 total=14000 metric=ce epoch=1/1
[pipeline-trace] wall=23:37:07 elapsed=138.395s phase=train event=interaction_progress trial=0 partition=0 processed=5400 total=14000 metric=ce epoch=1/1
[pipeline-trace] wall=23:37:07 elapsed=138.768s phase=train event=interaction_progress trial=0 partition=0 processed=5500 total=14000 metric=ce epoch=1/1
[pipeline-trace] wall=23:37:08 elapsed=139.166s phase=train event=interaction_progress trial=0 partition=0 processed=5600 total=14000 metric=ce epoch=1/1
[pipeline-trace] wall=23:37:08 elapsed=139.568s phase=train event=interaction_progress trial=0 partition=0 processed=5700 total=14000 metric=ce epoch=1/1
[pipeline-trace] wall=23:37:09 elapsed=139.981s phase=train event=interaction_progress trial=0 partition=0 processed=5800 total=14000 metric=ce epoch=1/1
[pipeline-trace] wall=23:37:09 elapsed=140.396s phase=train event=interaction_progress trial=0 partition=0 processed=5900 total=14000 metric=ce epoch=1/1
[pipeline-trace] wall=23:37:09 elapsed=140.798s phase=train event=interaction_progress trial=0 partition=0 processed=6000 total=14000 metric=ce epoch=1/1
[pipeline-trace] wall=23:37:10 elapsed=141.197s phase=train event=interaction_progress trial=0 partition=0 processed=6100 total=14000 metric=ce epoch=1/1
[pipeline-trace] wall=23:37:10 elapsed=141.602s phase=train event=interaction_progress trial=0 partition=0 processed=6200 total=14000 metric=ce epoch=1/1
[pipeline-trace] wall=23:37:11 elapsed=142.014s phase=train event=interaction_progress trial=0 partition=0 processed=6300 total=14000 metric=ce epoch=1/1
[pipeline-trace] wall=23:37:11 elapsed=142.426s phase=train event=interaction_progress trial=0 partition=0 processed=6400 total=14000 metric=ce epoch=1/1
[pipeline-trace] wall=23:37:11 elapsed=142.857s phase=train event=interaction_progress trial=0 partition=0 processed=6500 total=14000 metric=ce epoch=1/1
[pipeline-trace] wall=23:37:12 elapsed=143.237s phase=train event=interaction_progress trial=0 partition=0 processed=6600 total=14000 metric=ce epoch=1/1
[pipeline-trace] wall=23:37:12 elapsed=143.639s phase=train event=interaction_progress trial=0 partition=0 processed=6700 total=14000 metric=ce epoch=1/1
[pipeline-trace] wall=23:37:13 elapsed=144.054s phase=train event=interaction_progress trial=0 partition=0 processed=6800 total=14000 metric=ce epoch=1/1
[pipeline-trace] wall=23:37:13 elapsed=144.458s phase=train event=interaction_progress trial=0 partition=0 processed=6900 total=14000 metric=ce epoch=1/1
[pipeline-trace] wall=23:37:13 elapsed=144.863s phase=train event=interaction_progress trial=0 partition=0 processed=7000 total=14000 metric=ce epoch=1/1
[pipeline-trace] wall=23:37:14 elapsed=145.275s phase=train event=interaction_progress trial=0 partition=0 processed=7100 total=14000 metric=ce epoch=1/1
[pipeline-trace] wall=23:37:14 elapsed=145.657s phase=train event=interaction_progress trial=0 partition=0 processed=7200 total=14000 metric=ce epoch=1/1
[pipeline-trace] wall=23:37:15 elapsed=146.058s phase=train event=interaction_progress trial=0 partition=0 processed=7300 total=14000 metric=ce epoch=1/1
[pipeline-trace] wall=23:37:15 elapsed=146.473s phase=train event=interaction_progress trial=0 partition=0 processed=7400 total=14000 metric=ce epoch=1/1
[pipeline-trace] wall=23:37:16 elapsed=146.903s phase=train event=interaction_progress trial=0 partition=0 processed=7500 total=14000 metric=ce epoch=1/1
[pipeline-trace] wall=23:37:16 elapsed=147.299s phase=train event=interaction_progress trial=0 partition=0 processed=7600 total=14000 metric=ce epoch=1/1
[pipeline-trace] wall=23:37:16 elapsed=147.707s phase=train event=interaction_progress trial=0 partition=0 processed=7700 total=14000 metric=ce epoch=1/1
[pipeline-trace] wall=23:37:17 elapsed=148.165s phase=train event=interaction_progress trial=0 partition=0 processed=7800 total=14000 metric=ce epoch=1/1
[pipeline-trace] wall=23:37:17 elapsed=148.640s phase=train event=interaction_progress trial=0 partition=0 processed=7900 total=14000 metric=ce epoch=1/1
[pipeline-trace] wall=23:37:18 elapsed=149.118s phase=train event=interaction_progress trial=0 partition=0 processed=8000 total=14000 metric=ce epoch=1/1
[pipeline-trace] wall=23:37:18 elapsed=149.550s phase=train event=interaction_progress trial=0 partition=0 processed=8100 total=14000 metric=ce epoch=1/1
[pipeline-trace] wall=23:37:19 elapsed=149.991s phase=train event=interaction_progress trial=0 partition=0 processed=8200 total=14000 metric=ce epoch=1/1
[pipeline-trace] wall=23:37:19 elapsed=150.456s phase=train event=interaction_progress trial=0 partition=0 processed=8300 total=14000 metric=ce epoch=1/1
[pipeline-trace] wall=23:37:20 elapsed=150.922s phase=train event=interaction_progress trial=0 partition=0 processed=8400 total=14000 metric=ce epoch=1/1
[pipeline-trace] wall=23:37:20 elapsed=151.306s phase=train event=interaction_progress trial=0 partition=0 processed=8500 total=14000 metric=ce epoch=1/1
[pipeline-trace] wall=23:37:20 elapsed=151.690s phase=train event=interaction_progress trial=0 partition=0 processed=8600 total=14000 metric=ce epoch=1/1
[pipeline-trace] wall=23:37:21 elapsed=152.076s phase=train event=interaction_progress trial=0 partition=0 processed=8700 total=14000 metric=ce epoch=1/1
[pipeline-trace] wall=23:37:21 elapsed=152.451s phase=train event=interaction_progress trial=0 partition=0 processed=8800 total=14000 metric=ce epoch=1/1
[pipeline-trace] wall=23:37:21 elapsed=152.849s phase=train event=interaction_progress trial=0 partition=0 processed=8900 total=14000 metric=ce epoch=1/1
[pipeline-trace] wall=23:37:22 elapsed=153.204s phase=train event=interaction_progress trial=0 partition=0 processed=9000 total=14000 metric=ce epoch=1/1
[pipeline-trace] wall=23:37:22 elapsed=153.646s phase=train event=interaction_progress trial=0 partition=0 processed=9100 total=14000 metric=ce epoch=1/1
[pipeline-trace] wall=23:37:23 elapsed=154.098s phase=train event=interaction_progress trial=0 partition=0 processed=9200 total=14000 metric=ce epoch=1/1
[pipeline-trace] wall=23:37:23 elapsed=154.550s phase=train event=interaction_progress trial=0 partition=0 processed=9300 total=14000 metric=ce epoch=1/1
[pipeline-trace] wall=23:37:24 elapsed=155.021s phase=train event=interaction_progress trial=0 partition=0 processed=9400 total=14000 metric=ce epoch=1/1
[pipeline-trace] wall=23:37:24 elapsed=155.517s phase=train event=interaction_progress trial=0 partition=0 processed=9500 total=14000 metric=ce epoch=1/1
[pipeline-trace] wall=23:37:25 elapsed=155.950s phase=train event=interaction_progress trial=0 partition=0 processed=9600 total=14000 metric=ce epoch=1/1
[pipeline-trace] wall=23:37:25 elapsed=156.377s phase=train event=interaction_progress trial=0 partition=0 processed=9700 total=14000 metric=ce epoch=1/1
[pipeline-trace] wall=23:37:25 elapsed=156.847s phase=train event=interaction_progress trial=0 partition=0 processed=9800 total=14000 metric=ce epoch=1/1
[pipeline-trace] wall=23:37:26 elapsed=157.344s phase=train event=interaction_progress trial=0 partition=0 processed=9900 total=14000 metric=ce epoch=1/1
[pipeline-trace] wall=23:37:26 elapsed=157.836s phase=train event=interaction_progress trial=0 partition=0 processed=10000 total=14000 metric=ce epoch=1/1
[pipeline-trace] wall=23:37:27 elapsed=158.329s phase=train event=interaction_progress trial=0 partition=0 processed=10100 total=14000 metric=ce epoch=1/1
[pipeline-trace] wall=23:37:27 elapsed=158.822s phase=train event=interaction_progress trial=0 partition=0 processed=10200 total=14000 metric=ce epoch=1/1
[pipeline-trace] wall=23:37:28 elapsed=159.291s phase=train event=interaction_progress trial=0 partition=0 processed=10300 total=14000 metric=ce epoch=1/1
[pipeline-trace] wall=23:37:28 elapsed=159.773s phase=train event=interaction_progress trial=0 partition=0 processed=10400 total=14000 metric=ce epoch=1/1
[pipeline-trace] wall=23:37:29 elapsed=160.240s phase=train event=interaction_progress trial=0 partition=0 processed=10500 total=14000 metric=ce epoch=1/1
[pipeline-trace] wall=23:37:29 elapsed=160.665s phase=train event=interaction_progress trial=0 partition=0 processed=10600 total=14000 metric=ce epoch=1/1
[pipeline-trace] wall=23:37:30 elapsed=161.070s phase=train event=interaction_progress trial=0 partition=0 processed=10700 total=14000 metric=ce epoch=1/1
[pipeline-trace] wall=23:37:30 elapsed=161.464s phase=train event=interaction_progress trial=0 partition=0 processed=10800 total=14000 metric=ce epoch=1/1
[pipeline-trace] wall=23:37:30 elapsed=161.867s phase=train event=interaction_progress trial=0 partition=0 processed=10900 total=14000 metric=ce epoch=1/1
[pipeline-trace] wall=23:37:31 elapsed=162.285s phase=train event=interaction_progress trial=0 partition=0 processed=11000 total=14000 metric=ce epoch=1/1
[pipeline-trace] wall=23:37:31 elapsed=162.698s phase=train event=interaction_progress trial=0 partition=0 processed=11100 total=14000 metric=ce epoch=1/1
[pipeline-trace] wall=23:37:32 elapsed=163.111s phase=train event=interaction_progress trial=0 partition=0 processed=11200 total=14000 metric=ce epoch=1/1
[pipeline-trace] wall=23:37:32 elapsed=163.494s phase=train event=interaction_progress trial=0 partition=0 processed=11300 total=14000 metric=ce epoch=1/1
[pipeline-trace] wall=23:37:33 elapsed=163.893s phase=train event=interaction_progress trial=0 partition=0 processed=11400 total=14000 metric=ce epoch=1/1
[pipeline-trace] wall=23:37:33 elapsed=164.261s phase=train event=interaction_progress trial=0 partition=0 processed=11500 total=14000 metric=ce epoch=1/1
[pipeline-trace] wall=23:37:33 elapsed=164.625s phase=train event=interaction_progress trial=0 partition=0 processed=11600 total=14000 metric=ce epoch=1/1
[pipeline-trace] wall=23:37:34 elapsed=164.956s phase=train event=interaction_progress trial=0 partition=0 processed=11700 total=14000 metric=ce epoch=1/1
[pipeline-trace] wall=23:37:34 elapsed=165.304s phase=train event=interaction_progress trial=0 partition=0 processed=11800 total=14000 metric=ce epoch=1/1
[pipeline-trace] wall=23:37:34 elapsed=165.706s phase=train event=interaction_progress trial=0 partition=0 processed=11900 total=14000 metric=ce epoch=1/1
[pipeline-trace] wall=23:37:35 elapsed=166.080s phase=train event=interaction_progress trial=0 partition=0 processed=12000 total=14000 metric=ce epoch=1/1
[pipeline-trace] wall=23:37:35 elapsed=166.480s phase=train event=interaction_progress trial=0 partition=0 processed=12100 total=14000 metric=ce epoch=1/1
[pipeline-trace] wall=23:37:35 elapsed=166.882s phase=train event=interaction_progress trial=0 partition=0 processed=12200 total=14000 metric=ce epoch=1/1
[pipeline-trace] wall=23:37:36 elapsed=167.285s phase=train event=interaction_progress trial=0 partition=0 processed=12300 total=14000 metric=ce epoch=1/1
[pipeline-trace] wall=23:37:36 elapsed=167.689s phase=train event=interaction_progress trial=0 partition=0 processed=12400 total=14000 metric=ce epoch=1/1
[pipeline-trace] wall=23:37:37 elapsed=168.087s phase=train event=interaction_progress trial=0 partition=0 processed=12500 total=14000 metric=ce epoch=1/1
[pipeline-trace] wall=23:37:37 elapsed=168.471s phase=train event=interaction_progress trial=0 partition=0 processed=12600 total=14000 metric=ce epoch=1/1
[pipeline-trace] wall=23:37:37 elapsed=168.863s phase=train event=interaction_progress trial=0 partition=0 processed=12700 total=14000 metric=ce epoch=1/1
[pipeline-trace] wall=23:37:38 elapsed=169.252s phase=train event=interaction_progress trial=0 partition=0 processed=12800 total=14000 metric=ce epoch=1/1
[pipeline-trace] wall=23:37:38 elapsed=169.648s phase=train event=interaction_progress trial=0 partition=0 processed=12900 total=14000 metric=ce epoch=1/1
[pipeline-trace] wall=23:37:39 elapsed=170.057s phase=train event=interaction_progress trial=0 partition=0 processed=13000 total=14000 metric=ce epoch=1/1
[pipeline-trace] wall=23:37:39 elapsed=170.461s phase=train event=interaction_progress trial=0 partition=0 processed=13100 total=14000 metric=ce epoch=1/1
[pipeline-trace] wall=23:37:39 elapsed=170.875s phase=train event=interaction_progress trial=0 partition=0 processed=13200 total=14000 metric=ce epoch=1/1
[pipeline-trace] wall=23:37:40 elapsed=171.346s phase=train event=interaction_progress trial=0 partition=0 processed=13300 total=14000 metric=ce epoch=1/1
[pipeline-trace] wall=23:37:40 elapsed=171.814s phase=train event=interaction_progress trial=0 partition=0 processed=13400 total=14000 metric=ce epoch=1/1
[pipeline-trace] wall=23:37:41 elapsed=172.275s phase=train event=interaction_progress trial=0 partition=0 processed=13500 total=14000 metric=ce epoch=1/1
[pipeline-trace] wall=23:37:41 elapsed=172.701s phase=train event=interaction_progress trial=0 partition=0 processed=13600 total=14000 metric=ce epoch=1/1
[pipeline-trace] wall=23:37:42 elapsed=173.117s phase=train event=interaction_progress trial=0 partition=0 processed=13700 total=14000 metric=ce epoch=1/1
[pipeline-trace] wall=23:37:42 elapsed=173.574s phase=train event=interaction_progress trial=0 partition=0 processed=13800 total=14000 metric=ce epoch=1/1
[pipeline-trace] wall=23:37:43 elapsed=174.025s phase=train event=interaction_progress trial=0 partition=0 processed=13900 total=14000 metric=ce epoch=1/1
[pipeline-trace] wall=23:37:43 elapsed=174.380s phase=train event=interaction_progress trial=0 partition=0 processed=14000 total=14000 metric=ce epoch=1/1
[pipeline-trace] wall=23:37:43 elapsed=850.032s phase=train event=complete trial=0 stage=1/2 stage_duration_sec=62.366
[pipeline-trace] wall=23:37:43 elapsed=850.033s phase=eval event=dispatch trial=0 stage=1/2
[pipeline-trace] wall=23:37:43 elapsed=172.624s phase=eval event=batch_start trial=0 partitions=[2] synthetic=False
[pipeline-trace] wall=23:37:43 elapsed=172.624s phase=eval event=partition_start trial=0 partition=2 interactions=4001
[pipeline-trace] wall=23:37:43 elapsed=172.624s phase=eval event=interaction_progress trial=0 partition=2 processed=1 total=4001 metric=ranking
[pipeline-trace] wall=23:37:44 elapsed=172.961s phase=eval event=interaction_progress trial=0 partition=2 processed=100 total=4001 metric=ranking
[pipeline-trace] wall=23:37:44 elapsed=173.113s phase=eval event=interaction_progress trial=0 partition=2 processed=200 total=4001 metric=ranking
[pipeline-trace] wall=23:37:44 elapsed=173.265s phase=eval event=interaction_progress trial=0 partition=2 processed=300 total=4001 metric=ranking
[pipeline-trace] wall=23:37:44 elapsed=173.420s phase=eval event=interaction_progress trial=0 partition=2 processed=400 total=4001 metric=ranking
[pipeline-trace] wall=23:37:44 elapsed=173.572s phase=eval event=interaction_progress trial=0 partition=2 processed=500 total=4001 metric=ranking
[pipeline-trace] wall=23:37:45 elapsed=173.745s phase=eval event=interaction_progress trial=0 partition=2 processed=600 total=4001 metric=ranking
[pipeline-trace] wall=23:37:45 elapsed=173.911s phase=eval event=interaction_progress trial=0 partition=2 processed=700 total=4001 metric=ranking
[pipeline-trace] wall=23:37:45 elapsed=174.063s phase=eval event=interaction_progress trial=0 partition=2 processed=800 total=4001 metric=ranking
[pipeline-trace] wall=23:37:45 elapsed=174.217s phase=eval event=interaction_progress trial=0 partition=2 processed=900 total=4001 metric=ranking
[pipeline-trace] wall=23:37:45 elapsed=174.370s phase=eval event=interaction_progress trial=0 partition=2 processed=1000 total=4001 metric=ranking
[pipeline-trace] wall=23:37:45 elapsed=174.523s phase=eval event=interaction_progress trial=0 partition=2 processed=1100 total=4001 metric=ranking
[pipeline-trace] wall=23:37:45 elapsed=174.675s phase=eval event=interaction_progress trial=0 partition=2 processed=1200 total=4001 metric=ranking
[pipeline-trace] wall=23:37:46 elapsed=174.826s phase=eval event=interaction_progress trial=0 partition=2 processed=1300 total=4001 metric=ranking
[pipeline-trace] wall=23:37:46 elapsed=174.976s phase=eval event=interaction_progress trial=0 partition=2 processed=1400 total=4001 metric=ranking
[pipeline-trace] wall=23:37:46 elapsed=175.126s phase=eval event=interaction_progress trial=0 partition=2 processed=1500 total=4001 metric=ranking
[pipeline-trace] wall=23:37:46 elapsed=175.276s phase=eval event=interaction_progress trial=0 partition=2 processed=1600 total=4001 metric=ranking
[pipeline-trace] wall=23:37:46 elapsed=175.427s phase=eval event=interaction_progress trial=0 partition=2 processed=1700 total=4001 metric=ranking
[pipeline-trace] wall=23:37:46 elapsed=175.581s phase=eval event=interaction_progress trial=0 partition=2 processed=1800 total=4001 metric=ranking
[pipeline-trace] wall=23:37:47 elapsed=175.734s phase=eval event=interaction_progress trial=0 partition=2 processed=1900 total=4001 metric=ranking
[pipeline-trace] wall=23:37:47 elapsed=175.886s phase=eval event=interaction_progress trial=0 partition=2 processed=2000 total=4001 metric=ranking
[pipeline-trace] wall=23:37:47 elapsed=176.039s phase=eval event=interaction_progress trial=0 partition=2 processed=2100 total=4001 metric=ranking
[pipeline-trace] wall=23:37:47 elapsed=176.191s phase=eval event=interaction_progress trial=0 partition=2 processed=2200 total=4001 metric=ranking
[pipeline-trace] wall=23:37:47 elapsed=176.343s phase=eval event=interaction_progress trial=0 partition=2 processed=2300 total=4001 metric=ranking
[pipeline-trace] wall=23:37:47 elapsed=176.495s phase=eval event=interaction_progress trial=0 partition=2 processed=2400 total=4001 metric=ranking
[pipeline-trace] wall=23:37:47 elapsed=176.649s phase=eval event=interaction_progress trial=0 partition=2 processed=2500 total=4001 metric=ranking
[pipeline-trace] wall=23:37:48 elapsed=176.801s phase=eval event=interaction_progress trial=0 partition=2 processed=2600 total=4001 metric=ranking
[pipeline-trace] wall=23:37:48 elapsed=176.953s phase=eval event=interaction_progress trial=0 partition=2 processed=2700 total=4001 metric=ranking
[pipeline-trace] wall=23:37:48 elapsed=177.106s phase=eval event=interaction_progress trial=0 partition=2 processed=2800 total=4001 metric=ranking
[pipeline-trace] wall=23:37:48 elapsed=177.260s phase=eval event=interaction_progress trial=0 partition=2 processed=2900 total=4001 metric=ranking
[pipeline-trace] wall=23:37:48 elapsed=177.387s phase=eval event=interaction_progress trial=0 partition=2 processed=3000 total=4001 metric=ranking
[pipeline-trace] wall=23:37:48 elapsed=177.510s phase=eval event=interaction_progress trial=0 partition=2 processed=3100 total=4001 metric=ranking
[pipeline-trace] wall=23:37:48 elapsed=177.633s phase=eval event=interaction_progress trial=0 partition=2 processed=3200 total=4001 metric=ranking
[pipeline-trace] wall=23:37:49 elapsed=177.755s phase=eval event=interaction_progress trial=0 partition=2 processed=3300 total=4001 metric=ranking
[pipeline-trace] wall=23:37:49 elapsed=177.878s phase=eval event=interaction_progress trial=0 partition=2 processed=3400 total=4001 metric=ranking
[pipeline-trace] wall=23:37:49 elapsed=178.000s phase=eval event=interaction_progress trial=0 partition=2 processed=3500 total=4001 metric=ranking
[pipeline-trace] wall=23:37:49 elapsed=178.122s phase=eval event=interaction_progress trial=0 partition=2 processed=3600 total=4001 metric=ranking
[pipeline-trace] wall=23:37:49 elapsed=178.245s phase=eval event=interaction_progress trial=0 partition=2 processed=3700 total=4001 metric=ranking
[pipeline-trace] wall=23:37:49 elapsed=178.368s phase=eval event=interaction_progress trial=0 partition=2 processed=3800 total=4001 metric=ranking
[pipeline-trace] wall=23:37:49 elapsed=178.489s phase=eval event=interaction_progress trial=0 partition=2 processed=3900 total=4001 metric=ranking
[pipeline-trace] wall=23:37:49 elapsed=178.612s phase=eval event=interaction_progress trial=0 partition=2 processed=4000 total=4001 metric=ranking
[pipeline-trace] wall=23:37:49 elapsed=178.613s phase=eval event=interaction_progress trial=0 partition=2 processed=4001 total=4001 metric=ranking
[pipeline-trace] wall=23:37:49 elapsed=178.615s phase=eval event=partition_complete trial=0 partition=2 elapsed_sec=5.990 hits=3540 total=4001
[pipeline-trace] wall=23:37:49 elapsed=856.458s phase=eval event=complete trial=0 stage=1/2 stage_duration_sec=6.426
