# pipeline trace log
# created_at=2026-06-22 01:46:45
[pipeline-trace] wall=01:48:46 elapsed=98.884s phase=eval event=batch_start trial=0 partitions=[3] synthetic=False
[pipeline-trace] wall=01:48:46 elapsed=98.884s phase=eval event=partition_start trial=0 partition=3 interactions=5000
[pipeline-trace] wall=01:48:46 elapsed=98.884s phase=eval event=interaction_progress trial=0 partition=3 processed=1 total=5000 metric=ranking
[pipeline-trace] wall=01:48:46 elapsed=99.144s phase=eval event=interaction_progress trial=0 partition=3 processed=100 total=5000 metric=ranking
[pipeline-trace] wall=01:48:47 elapsed=99.309s phase=eval event=interaction_progress trial=0 partition=3 processed=200 total=5000 metric=ranking
[pipeline-trace] wall=01:48:47 elapsed=99.474s phase=eval event=interaction_progress trial=0 partition=3 processed=300 total=5000 metric=ranking
[pipeline-trace] wall=01:48:47 elapsed=99.661s phase=eval event=interaction_progress trial=0 partition=3 processed=400 total=5000 metric=ranking
[pipeline-trace] wall=01:48:47 elapsed=99.832s phase=eval event=interaction_progress trial=0 partition=3 processed=500 total=5000 metric=ranking
[pipeline-trace] wall=01:48:47 elapsed=100.000s phase=eval event=interaction_progress trial=0 partition=3 processed=600 total=5000 metric=ranking
[pipeline-trace] wall=01:48:48 elapsed=100.166s phase=eval event=interaction_progress trial=0 partition=3 processed=700 total=5000 metric=ranking
[pipeline-trace] wall=01:48:48 elapsed=100.332s phase=eval event=interaction_progress trial=0 partition=3 processed=800 total=5000 metric=ranking
[pipeline-trace] wall=01:48:48 elapsed=100.499s phase=eval event=interaction_progress trial=0 partition=3 processed=900 total=5000 metric=ranking
[pipeline-trace] wall=01:48:48 elapsed=100.667s phase=eval event=interaction_progress trial=0 partition=3 processed=1000 total=5000 metric=ranking
[pipeline-trace] wall=01:48:48 elapsed=100.834s phase=eval event=interaction_progress trial=0 partition=3 processed=1100 total=5000 metric=ranking
[pipeline-trace] wall=01:48:48 elapsed=101.001s phase=eval event=interaction_progress trial=0 partition=3 processed=1200 total=5000 metric=ranking
[pipeline-trace] wall=01:48:49 elapsed=101.168s phase=eval event=interaction_progress trial=0 partition=3 processed=1300 total=5000 metric=ranking
[pipeline-trace] wall=01:48:49 elapsed=101.360s phase=eval event=interaction_progress trial=0 partition=3 processed=1400 total=5000 metric=ranking
[pipeline-trace] wall=01:48:49 elapsed=101.527s phase=eval event=interaction_progress trial=0 partition=3 processed=1500 total=5000 metric=ranking
[pipeline-trace] wall=01:48:49 elapsed=101.695s phase=eval event=interaction_progress trial=0 partition=3 processed=1600 total=5000 metric=ranking
[pipeline-trace] wall=01:48:49 elapsed=101.861s phase=eval event=interaction_progress trial=0 partition=3 processed=1700 total=5000 metric=ranking
[pipeline-trace] wall=01:48:49 elapsed=102.027s phase=eval event=interaction_progress trial=0 partition=3 processed=1800 total=5000 metric=ranking
[pipeline-trace] wall=01:48:50 elapsed=102.196s phase=eval event=interaction_progress trial=0 partition=3 processed=1900 total=5000 metric=ranking
[pipeline-trace] wall=01:48:50 elapsed=102.364s phase=eval event=interaction_progress trial=0 partition=3 processed=2000 total=5000 metric=ranking
[pipeline-trace] wall=01:48:50 elapsed=102.532s phase=eval event=interaction_progress trial=0 partition=3 processed=2100 total=5000 metric=ranking
[pipeline-trace] wall=01:48:50 elapsed=102.716s phase=eval event=interaction_progress trial=0 partition=3 processed=2200 total=5000 metric=ranking
[pipeline-trace] wall=01:48:50 elapsed=102.909s phase=eval event=interaction_progress trial=0 partition=3 processed=2300 total=5000 metric=ranking
[pipeline-trace] wall=01:48:50 elapsed=100.790s phase=eval event=batch_start trial=2 partitions=[3] synthetic=False
[pipeline-trace] wall=01:48:50 elapsed=100.790s phase=eval event=partition_start trial=2 partition=3 interactions=5000
[pipeline-trace] wall=01:48:50 elapsed=100.790s phase=eval event=interaction_progress trial=2 partition=3 processed=1 total=5000 metric=ranking
[pipeline-trace] wall=01:48:50 elapsed=103.099s phase=eval event=interaction_progress trial=0 partition=3 processed=2400 total=5000 metric=ranking
[pipeline-trace] wall=01:48:51 elapsed=101.079s phase=eval event=interaction_progress trial=2 partition=3 processed=100 total=5000 metric=ranking
[pipeline-trace] wall=01:48:51 elapsed=103.269s phase=eval event=interaction_progress trial=0 partition=3 processed=2500 total=5000 metric=ranking
[pipeline-trace] wall=01:48:51 elapsed=101.248s phase=eval event=interaction_progress trial=2 partition=3 processed=200 total=5000 metric=ranking
[pipeline-trace] wall=01:48:51 elapsed=103.437s phase=eval event=interaction_progress trial=0 partition=3 processed=2600 total=5000 metric=ranking
[pipeline-trace] wall=01:48:51 elapsed=101.417s phase=eval event=interaction_progress trial=2 partition=3 processed=300 total=5000 metric=ranking
[pipeline-trace] wall=01:48:51 elapsed=103.604s phase=eval event=interaction_progress trial=0 partition=3 processed=2700 total=5000 metric=ranking
[pipeline-trace] wall=01:48:51 elapsed=101.592s phase=eval event=interaction_progress trial=2 partition=3 processed=400 total=5000 metric=ranking
[pipeline-trace] wall=01:48:51 elapsed=103.767s phase=eval event=interaction_progress trial=0 partition=3 processed=2800 total=5000 metric=ranking
[pipeline-trace] wall=01:48:51 elapsed=101.760s phase=eval event=interaction_progress trial=2 partition=3 processed=500 total=5000 metric=ranking
[pipeline-trace] wall=01:48:51 elapsed=103.930s phase=eval event=interaction_progress trial=0 partition=3 processed=2900 total=5000 metric=ranking
[pipeline-trace] wall=01:48:51 elapsed=101.929s phase=eval event=interaction_progress trial=2 partition=3 processed=600 total=5000 metric=ranking
[pipeline-trace] wall=01:48:51 elapsed=104.093s phase=eval event=interaction_progress trial=0 partition=3 processed=3000 total=5000 metric=ranking
[pipeline-trace] wall=01:48:52 elapsed=102.096s phase=eval event=interaction_progress trial=2 partition=3 processed=700 total=5000 metric=ranking
[pipeline-trace] wall=01:48:52 elapsed=104.263s phase=eval event=interaction_progress trial=0 partition=3 processed=3100 total=5000 metric=ranking
[pipeline-trace] wall=01:48:52 elapsed=102.266s phase=eval event=interaction_progress trial=2 partition=3 processed=800 total=5000 metric=ranking
[pipeline-trace] wall=01:48:52 elapsed=104.427s phase=eval event=interaction_progress trial=0 partition=3 processed=3200 total=5000 metric=ranking
[pipeline-trace] wall=01:48:52 elapsed=102.435s phase=eval event=interaction_progress trial=2 partition=3 processed=900 total=5000 metric=ranking
[pipeline-trace] wall=01:48:52 elapsed=104.590s phase=eval event=interaction_progress trial=0 partition=3 processed=3300 total=5000 metric=ranking
[pipeline-trace] wall=01:48:52 elapsed=102.610s phase=eval event=interaction_progress trial=2 partition=3 processed=1000 total=5000 metric=ranking
[pipeline-trace] wall=01:48:52 elapsed=104.756s phase=eval event=interaction_progress trial=0 partition=3 processed=3400 total=5000 metric=ranking
[pipeline-trace] wall=01:48:52 elapsed=102.780s phase=eval event=interaction_progress trial=2 partition=3 processed=1100 total=5000 metric=ranking
[pipeline-trace] wall=01:48:52 elapsed=104.920s phase=eval event=interaction_progress trial=0 partition=3 processed=3500 total=5000 metric=ranking
[pipeline-trace] wall=01:48:52 elapsed=102.950s phase=eval event=interaction_progress trial=2 partition=3 processed=1200 total=5000 metric=ranking
[pipeline-trace] wall=01:48:52 elapsed=105.087s phase=eval event=interaction_progress trial=0 partition=3 processed=3600 total=5000 metric=ranking
[pipeline-trace] wall=01:48:53 elapsed=103.118s phase=eval event=interaction_progress trial=2 partition=3 processed=1300 total=5000 metric=ranking
[pipeline-trace] wall=01:48:53 elapsed=105.252s phase=eval event=interaction_progress trial=0 partition=3 processed=3700 total=5000 metric=ranking
[pipeline-trace] wall=01:48:53 elapsed=105.416s phase=eval event=interaction_progress trial=0 partition=3 processed=3800 total=5000 metric=ranking
[pipeline-trace] wall=01:48:53 elapsed=103.288s phase=eval event=interaction_progress trial=2 partition=3 processed=1400 total=5000 metric=ranking
[pipeline-trace] wall=01:48:53 elapsed=105.581s phase=eval event=interaction_progress trial=0 partition=3 processed=3900 total=5000 metric=ranking
[pipeline-trace] wall=01:48:53 elapsed=103.462s phase=eval event=interaction_progress trial=2 partition=3 processed=1500 total=5000 metric=ranking
[pipeline-trace] wall=01:48:53 elapsed=105.748s phase=eval event=interaction_progress trial=0 partition=3 processed=4000 total=5000 metric=ranking
[pipeline-trace] wall=01:48:53 elapsed=103.635s phase=eval event=interaction_progress trial=2 partition=3 processed=1600 total=5000 metric=ranking
[pipeline-trace] wall=01:48:53 elapsed=105.914s phase=eval event=interaction_progress trial=0 partition=3 processed=4100 total=5000 metric=ranking
[pipeline-trace] wall=01:48:53 elapsed=103.814s phase=eval event=interaction_progress trial=2 partition=3 processed=1700 total=5000 metric=ranking
[pipeline-trace] wall=01:48:53 elapsed=106.079s phase=eval event=interaction_progress trial=0 partition=3 processed=4200 total=5000 metric=ranking
[pipeline-trace] wall=01:48:53 elapsed=103.982s phase=eval event=interaction_progress trial=2 partition=3 processed=1800 total=5000 metric=ranking
[pipeline-trace] wall=01:48:54 elapsed=106.246s phase=eval event=interaction_progress trial=0 partition=3 processed=4300 total=5000 metric=ranking
[pipeline-trace] wall=01:48:54 elapsed=104.152s phase=eval event=interaction_progress trial=2 partition=3 processed=1900 total=5000 metric=ranking
[pipeline-trace] wall=01:48:54 elapsed=106.414s phase=eval event=interaction_progress trial=0 partition=3 processed=4400 total=5000 metric=ranking
[pipeline-trace] wall=01:48:54 elapsed=104.318s phase=eval event=interaction_progress trial=2 partition=3 processed=2000 total=5000 metric=ranking
[pipeline-trace] wall=01:48:54 elapsed=106.580s phase=eval event=interaction_progress trial=0 partition=3 processed=4500 total=5000 metric=ranking
[pipeline-trace] wall=01:48:54 elapsed=104.485s phase=eval event=interaction_progress trial=2 partition=3 processed=2100 total=5000 metric=ranking
[pipeline-trace] wall=01:48:54 elapsed=106.750s phase=eval event=interaction_progress trial=0 partition=3 processed=4600 total=5000 metric=ranking
[pipeline-trace] wall=01:48:54 elapsed=104.650s phase=eval event=interaction_progress trial=2 partition=3 processed=2200 total=5000 metric=ranking
[pipeline-trace] wall=01:48:54 elapsed=106.916s phase=eval event=interaction_progress trial=0 partition=3 processed=4700 total=5000 metric=ranking
[pipeline-trace] wall=01:48:54 elapsed=104.816s phase=eval event=interaction_progress trial=2 partition=3 processed=2300 total=5000 metric=ranking
[pipeline-trace] wall=01:48:54 elapsed=107.084s phase=eval event=interaction_progress trial=0 partition=3 processed=4800 total=5000 metric=ranking
[pipeline-trace] wall=01:48:54 elapsed=104.982s phase=eval event=interaction_progress trial=2 partition=3 processed=2400 total=5000 metric=ranking
[pipeline-trace] wall=01:48:55 elapsed=107.250s phase=eval event=interaction_progress trial=0 partition=3 processed=4900 total=5000 metric=ranking
[pipeline-trace] wall=01:48:55 elapsed=105.150s phase=eval event=interaction_progress trial=2 partition=3 processed=2500 total=5000 metric=ranking
[pipeline-trace] wall=01:48:55 elapsed=107.416s phase=eval event=interaction_progress trial=0 partition=3 processed=5000 total=5000 metric=ranking
[pipeline-trace] wall=01:48:55 elapsed=107.418s phase=eval event=partition_complete trial=0 partition=3 elapsed_sec=8.534 hits=4195 total=5000
[pipeline-trace] wall=01:48:55 elapsed=105.316s phase=eval event=interaction_progress trial=2 partition=3 processed=2600 total=5000 metric=ranking
[pipeline-trace] wall=01:48:55 elapsed=105.487s phase=eval event=interaction_progress trial=2 partition=3 processed=2700 total=5000 metric=ranking
[pipeline-trace] wall=01:48:55 elapsed=105.632s phase=eval event=interaction_progress trial=2 partition=3 processed=2800 total=5000 metric=ranking
[pipeline-trace] wall=01:48:55 elapsed=105.740s phase=eval event=interaction_progress trial=2 partition=3 processed=2900 total=5000 metric=ranking
[pipeline-trace] wall=01:48:55 elapsed=105.848s phase=eval event=interaction_progress trial=2 partition=3 processed=3000 total=5000 metric=ranking
[pipeline-trace] wall=01:48:55 elapsed=105.955s phase=eval event=interaction_progress trial=2 partition=3 processed=3100 total=5000 metric=ranking
[pipeline-trace] wall=01:48:56 elapsed=106.063s phase=eval event=interaction_progress trial=2 partition=3 processed=3200 total=5000 metric=ranking
[pipeline-trace] wall=01:48:56 elapsed=106.171s phase=eval event=interaction_progress trial=2 partition=3 processed=3300 total=5000 metric=ranking
[pipeline-trace] wall=01:48:56 elapsed=106.313s phase=eval event=interaction_progress trial=2 partition=3 processed=3400 total=5000 metric=ranking
[pipeline-trace] wall=01:48:56 elapsed=106.420s phase=eval event=interaction_progress trial=2 partition=3 processed=3500 total=5000 metric=ranking
[pipeline-trace] wall=01:48:56 elapsed=106.530s phase=eval event=interaction_progress trial=2 partition=3 processed=3600 total=5000 metric=ranking
[pipeline-trace] wall=01:48:56 elapsed=106.638s phase=eval event=interaction_progress trial=2 partition=3 processed=3700 total=5000 metric=ranking
[pipeline-trace] wall=01:48:56 elapsed=106.746s phase=eval event=interaction_progress trial=2 partition=3 processed=3800 total=5000 metric=ranking
[pipeline-trace] wall=01:48:56 elapsed=106.854s phase=eval event=interaction_progress trial=2 partition=3 processed=3900 total=5000 metric=ranking
[pipeline-trace] wall=01:48:56 elapsed=106.962s phase=eval event=interaction_progress trial=2 partition=3 processed=4000 total=5000 metric=ranking
[pipeline-trace] wall=01:48:57 elapsed=107.070s phase=eval event=interaction_progress trial=2 partition=3 processed=4100 total=5000 metric=ranking
[pipeline-trace] wall=01:48:57 elapsed=107.178s phase=eval event=interaction_progress trial=2 partition=3 processed=4200 total=5000 metric=ranking
[pipeline-trace] wall=01:48:57 elapsed=107.286s phase=eval event=interaction_progress trial=2 partition=3 processed=4300 total=5000 metric=ranking
[pipeline-trace] wall=01:48:57 elapsed=107.393s phase=eval event=interaction_progress trial=2 partition=3 processed=4400 total=5000 metric=ranking
[pipeline-trace] wall=01:48:57 elapsed=107.504s phase=eval event=interaction_progress trial=2 partition=3 processed=4500 total=5000 metric=ranking
[pipeline-trace] wall=01:48:57 elapsed=107.612s phase=eval event=interaction_progress trial=2 partition=3 processed=4600 total=5000 metric=ranking
[pipeline-trace] wall=01:48:57 elapsed=107.720s phase=eval event=interaction_progress trial=2 partition=3 processed=4700 total=5000 metric=ranking
[pipeline-trace] wall=01:48:57 elapsed=107.828s phase=eval event=interaction_progress trial=2 partition=3 processed=4800 total=5000 metric=ranking
[pipeline-trace] wall=01:48:57 elapsed=107.937s phase=eval event=interaction_progress trial=2 partition=3 processed=4900 total=5000 metric=ranking
[pipeline-trace] wall=01:48:58 elapsed=108.046s phase=eval event=interaction_progress trial=2 partition=3 processed=5000 total=5000 metric=ranking
[pipeline-trace] wall=01:48:58 elapsed=108.047s phase=eval event=partition_complete trial=2 partition=3 elapsed_sec=7.258 hits=3623 total=5000
[pipeline-trace] wall=01:49:24 elapsed=132.918s phase=eval event=batch_start trial=1 partitions=[3] synthetic=False
[pipeline-trace] wall=01:49:24 elapsed=132.919s phase=eval event=partition_start trial=1 partition=3 interactions=5000
[pipeline-trace] wall=01:49:24 elapsed=132.919s phase=eval event=interaction_progress trial=1 partition=3 processed=1 total=5000 metric=ranking
[pipeline-trace] wall=01:49:24 elapsed=133.173s phase=eval event=interaction_progress trial=1 partition=3 processed=100 total=5000 metric=ranking
[pipeline-trace] wall=01:49:25 elapsed=133.382s phase=eval event=interaction_progress trial=1 partition=3 processed=200 total=5000 metric=ranking
[pipeline-trace] wall=01:49:25 elapsed=133.589s phase=eval event=interaction_progress trial=1 partition=3 processed=300 total=5000 metric=ranking
[pipeline-trace] wall=01:49:25 elapsed=133.794s phase=eval event=interaction_progress trial=1 partition=3 processed=400 total=5000 metric=ranking
[pipeline-trace] wall=01:49:25 elapsed=133.991s phase=eval event=interaction_progress trial=1 partition=3 processed=500 total=5000 metric=ranking
[pipeline-trace] wall=01:49:25 elapsed=134.191s phase=eval event=interaction_progress trial=1 partition=3 processed=600 total=5000 metric=ranking
[pipeline-trace] wall=01:49:26 elapsed=134.387s phase=eval event=interaction_progress trial=1 partition=3 processed=700 total=5000 metric=ranking
[pipeline-trace] wall=01:49:26 elapsed=134.583s phase=eval event=interaction_progress trial=1 partition=3 processed=800 total=5000 metric=ranking
[pipeline-trace] wall=01:49:26 elapsed=134.778s phase=eval event=interaction_progress trial=1 partition=3 processed=900 total=5000 metric=ranking
[pipeline-trace] wall=01:49:26 elapsed=134.971s phase=eval event=interaction_progress trial=1 partition=3 processed=1000 total=5000 metric=ranking
[pipeline-trace] wall=01:49:26 elapsed=135.163s phase=eval event=interaction_progress trial=1 partition=3 processed=1100 total=5000 metric=ranking
[pipeline-trace] wall=01:49:27 elapsed=135.356s phase=eval event=interaction_progress trial=1 partition=3 processed=1200 total=5000 metric=ranking
[pipeline-trace] wall=01:49:27 elapsed=135.550s phase=eval event=interaction_progress trial=1 partition=3 processed=1300 total=5000 metric=ranking
[pipeline-trace] wall=01:49:27 elapsed=135.747s phase=eval event=interaction_progress trial=1 partition=3 processed=1400 total=5000 metric=ranking
[pipeline-trace] wall=01:49:27 elapsed=135.939s phase=eval event=interaction_progress trial=1 partition=3 processed=1500 total=5000 metric=ranking
[pipeline-trace] wall=01:49:27 elapsed=136.130s phase=eval event=interaction_progress trial=1 partition=3 processed=1600 total=5000 metric=ranking
[pipeline-trace] wall=01:49:28 elapsed=136.314s phase=eval event=interaction_progress trial=1 partition=3 processed=1700 total=5000 metric=ranking
[pipeline-trace] wall=01:49:28 elapsed=136.501s phase=eval event=interaction_progress trial=1 partition=3 processed=1800 total=5000 metric=ranking
[pipeline-trace] wall=01:49:28 elapsed=136.688s phase=eval event=interaction_progress trial=1 partition=3 processed=1900 total=5000 metric=ranking
[pipeline-trace] wall=01:49:28 elapsed=136.877s phase=eval event=interaction_progress trial=1 partition=3 processed=2000 total=5000 metric=ranking
[pipeline-trace] wall=01:49:28 elapsed=137.040s phase=eval event=interaction_progress trial=1 partition=3 processed=2100 total=5000 metric=ranking
[pipeline-trace] wall=01:49:28 elapsed=137.192s phase=eval event=interaction_progress trial=1 partition=3 processed=2200 total=5000 metric=ranking
[pipeline-trace] wall=01:49:29 elapsed=137.345s phase=eval event=interaction_progress trial=1 partition=3 processed=2300 total=5000 metric=ranking
[pipeline-trace] wall=01:49:29 elapsed=137.499s phase=eval event=interaction_progress trial=1 partition=3 processed=2400 total=5000 metric=ranking
[pipeline-trace] wall=01:49:29 elapsed=137.652s phase=eval event=interaction_progress trial=1 partition=3 processed=2500 total=5000 metric=ranking
[pipeline-trace] wall=01:49:29 elapsed=137.807s phase=eval event=interaction_progress trial=1 partition=3 processed=2600 total=5000 metric=ranking
[pipeline-trace] wall=01:49:29 elapsed=137.960s phase=eval event=interaction_progress trial=1 partition=3 processed=2700 total=5000 metric=ranking
[pipeline-trace] wall=01:49:29 elapsed=138.114s phase=eval event=interaction_progress trial=1 partition=3 processed=2800 total=5000 metric=ranking
[pipeline-trace] wall=01:49:30 elapsed=138.267s phase=eval event=interaction_progress trial=1 partition=3 processed=2900 total=5000 metric=ranking
[pipeline-trace] wall=01:49:30 elapsed=138.420s phase=eval event=interaction_progress trial=1 partition=3 processed=3000 total=5000 metric=ranking
[pipeline-trace] wall=01:49:30 elapsed=138.573s phase=eval event=interaction_progress trial=1 partition=3 processed=3100 total=5000 metric=ranking
[pipeline-trace] wall=01:49:30 elapsed=138.729s phase=eval event=interaction_progress trial=1 partition=3 processed=3200 total=5000 metric=ranking
[pipeline-trace] wall=01:49:30 elapsed=138.884s phase=eval event=interaction_progress trial=1 partition=3 processed=3300 total=5000 metric=ranking
[pipeline-trace] wall=01:49:30 elapsed=139.039s phase=eval event=interaction_progress trial=1 partition=3 processed=3400 total=5000 metric=ranking
[pipeline-trace] wall=01:49:30 elapsed=139.197s phase=eval event=interaction_progress trial=1 partition=3 processed=3500 total=5000 metric=ranking
[pipeline-trace] wall=01:49:31 elapsed=139.354s phase=eval event=interaction_progress trial=1 partition=3 processed=3600 total=5000 metric=ranking
[pipeline-trace] wall=01:49:31 elapsed=139.510s phase=eval event=interaction_progress trial=1 partition=3 processed=3700 total=5000 metric=ranking
[pipeline-trace] wall=01:49:31 elapsed=139.665s phase=eval event=interaction_progress trial=1 partition=3 processed=3800 total=5000 metric=ranking
[pipeline-trace] wall=01:49:31 elapsed=139.823s phase=eval event=interaction_progress trial=1 partition=3 processed=3900 total=5000 metric=ranking
[pipeline-trace] wall=01:49:31 elapsed=139.978s phase=eval event=interaction_progress trial=1 partition=3 processed=4000 total=5000 metric=ranking
[pipeline-trace] wall=01:49:31 elapsed=140.124s phase=eval event=interaction_progress trial=1 partition=3 processed=4100 total=5000 metric=ranking
[pipeline-trace] wall=01:49:31 elapsed=140.249s phase=eval event=interaction_progress trial=1 partition=3 processed=4200 total=5000 metric=ranking
[pipeline-trace] wall=01:49:32 elapsed=140.373s phase=eval event=interaction_progress trial=1 partition=3 processed=4300 total=5000 metric=ranking
[pipeline-trace] wall=01:49:32 elapsed=140.499s phase=eval event=interaction_progress trial=1 partition=3 processed=4400 total=5000 metric=ranking
[pipeline-trace] wall=01:49:32 elapsed=140.624s phase=eval event=interaction_progress trial=1 partition=3 processed=4500 total=5000 metric=ranking
[pipeline-trace] wall=01:49:32 elapsed=140.751s phase=eval event=interaction_progress trial=1 partition=3 processed=4600 total=5000 metric=ranking
[pipeline-trace] wall=01:49:32 elapsed=140.876s phase=eval event=interaction_progress trial=1 partition=3 processed=4700 total=5000 metric=ranking
[pipeline-trace] wall=01:49:32 elapsed=141.000s phase=eval event=interaction_progress trial=1 partition=3 processed=4800 total=5000 metric=ranking
[pipeline-trace] wall=01:49:32 elapsed=141.125s phase=eval event=interaction_progress trial=1 partition=3 processed=4900 total=5000 metric=ranking
[pipeline-trace] wall=01:49:32 elapsed=141.250s phase=eval event=interaction_progress trial=1 partition=3 processed=5000 total=5000 metric=ranking
[pipeline-trace] wall=01:49:32 elapsed=141.251s phase=eval event=partition_complete trial=1 partition=3 elapsed_sec=8.333 hits=3605 total=5000
[pipeline-trace] wall=01:50:10 elapsed=182.831s phase=eval event=batch_start trial=3 partitions=[3] synthetic=False
[pipeline-trace] wall=01:50:10 elapsed=182.831s phase=eval event=partition_start trial=3 partition=3 interactions=5000
[pipeline-trace] wall=01:50:10 elapsed=182.831s phase=eval event=interaction_progress trial=3 partition=3 processed=1 total=5000 metric=ranking
[pipeline-trace] wall=01:50:10 elapsed=182.978s phase=eval event=interaction_progress trial=3 partition=3 processed=100 total=5000 metric=ranking
[pipeline-trace] wall=01:50:10 elapsed=183.125s phase=eval event=interaction_progress trial=3 partition=3 processed=200 total=5000 metric=ranking
[pipeline-trace] wall=01:50:11 elapsed=183.272s phase=eval event=interaction_progress trial=3 partition=3 processed=300 total=5000 metric=ranking
[pipeline-trace] wall=01:50:11 elapsed=183.424s phase=eval event=interaction_progress trial=3 partition=3 processed=400 total=5000 metric=ranking
[pipeline-trace] wall=01:50:11 elapsed=183.571s phase=eval event=interaction_progress trial=3 partition=3 processed=500 total=5000 metric=ranking
[pipeline-trace] wall=01:50:11 elapsed=183.723s phase=eval event=interaction_progress trial=3 partition=3 processed=600 total=5000 metric=ranking
[pipeline-trace] wall=01:50:11 elapsed=183.901s phase=eval event=interaction_progress trial=3 partition=3 processed=700 total=5000 metric=ranking
[pipeline-trace] wall=01:50:11 elapsed=184.092s phase=eval event=interaction_progress trial=3 partition=3 processed=800 total=5000 metric=ranking
[pipeline-trace] wall=01:50:12 elapsed=184.265s phase=eval event=interaction_progress trial=3 partition=3 processed=900 total=5000 metric=ranking
[pipeline-trace] wall=01:50:12 elapsed=184.440s phase=eval event=interaction_progress trial=3 partition=3 processed=1000 total=5000 metric=ranking
[pipeline-trace] wall=01:50:12 elapsed=184.612s phase=eval event=interaction_progress trial=3 partition=3 processed=1100 total=5000 metric=ranking
[pipeline-trace] wall=01:50:12 elapsed=184.788s phase=eval event=interaction_progress trial=3 partition=3 processed=1200 total=5000 metric=ranking
[pipeline-trace] wall=01:50:12 elapsed=184.961s phase=eval event=interaction_progress trial=3 partition=3 processed=1300 total=5000 metric=ranking
[pipeline-trace] wall=01:50:12 elapsed=185.135s phase=eval event=interaction_progress trial=3 partition=3 processed=1400 total=5000 metric=ranking
[pipeline-trace] wall=01:50:13 elapsed=185.310s phase=eval event=interaction_progress trial=3 partition=3 processed=1500 total=5000 metric=ranking
[pipeline-trace] wall=01:50:13 elapsed=185.485s phase=eval event=interaction_progress trial=3 partition=3 processed=1600 total=5000 metric=ranking
[pipeline-trace] wall=01:50:13 elapsed=185.677s phase=eval event=interaction_progress trial=3 partition=3 processed=1700 total=5000 metric=ranking
[pipeline-trace] wall=01:50:13 elapsed=185.893s phase=eval event=interaction_progress trial=3 partition=3 processed=1800 total=5000 metric=ranking
[pipeline-trace] wall=01:50:13 elapsed=186.068s phase=eval event=interaction_progress trial=3 partition=3 processed=1900 total=5000 metric=ranking
[pipeline-trace] wall=01:50:14 elapsed=186.242s phase=eval event=interaction_progress trial=3 partition=3 processed=2000 total=5000 metric=ranking
[pipeline-trace] wall=01:50:14 elapsed=186.418s phase=eval event=interaction_progress trial=3 partition=3 processed=2100 total=5000 metric=ranking
[pipeline-trace] wall=01:50:14 elapsed=186.592s phase=eval event=interaction_progress trial=3 partition=3 processed=2200 total=5000 metric=ranking
[pipeline-trace] wall=01:50:14 elapsed=186.778s phase=eval event=interaction_progress trial=3 partition=3 processed=2300 total=5000 metric=ranking
[pipeline-trace] wall=01:50:14 elapsed=186.952s phase=eval event=interaction_progress trial=3 partition=3 processed=2400 total=5000 metric=ranking
[pipeline-trace] wall=01:50:14 elapsed=187.129s phase=eval event=interaction_progress trial=3 partition=3 processed=2500 total=5000 metric=ranking
[pipeline-trace] wall=01:50:15 elapsed=187.303s phase=eval event=interaction_progress trial=3 partition=3 processed=2600 total=5000 metric=ranking
[pipeline-trace] wall=01:50:15 elapsed=187.479s phase=eval event=interaction_progress trial=3 partition=3 processed=2700 total=5000 metric=ranking
[pipeline-trace] wall=01:50:15 elapsed=187.649s phase=eval event=interaction_progress trial=3 partition=3 processed=2800 total=5000 metric=ranking
[pipeline-trace] wall=01:50:15 elapsed=187.773s phase=eval event=interaction_progress trial=3 partition=3 processed=2900 total=5000 metric=ranking
[pipeline-trace] wall=01:50:15 elapsed=187.890s phase=eval event=interaction_progress trial=3 partition=3 processed=3000 total=5000 metric=ranking
[pipeline-trace] wall=01:50:15 elapsed=188.008s phase=eval event=interaction_progress trial=3 partition=3 processed=3100 total=5000 metric=ranking
[pipeline-trace] wall=01:50:15 elapsed=188.124s phase=eval event=interaction_progress trial=3 partition=3 processed=3200 total=5000 metric=ranking
[pipeline-trace] wall=01:50:16 elapsed=188.241s phase=eval event=interaction_progress trial=3 partition=3 processed=3300 total=5000 metric=ranking
[pipeline-trace] wall=01:50:16 elapsed=188.358s phase=eval event=interaction_progress trial=3 partition=3 processed=3400 total=5000 metric=ranking
[pipeline-trace] wall=01:50:16 elapsed=188.475s phase=eval event=interaction_progress trial=3 partition=3 processed=3500 total=5000 metric=ranking
[pipeline-trace] wall=01:50:16 elapsed=188.590s phase=eval event=interaction_progress trial=3 partition=3 processed=3600 total=5000 metric=ranking
[pipeline-trace] wall=01:50:16 elapsed=188.717s phase=eval event=interaction_progress trial=3 partition=3 processed=3700 total=5000 metric=ranking
[pipeline-trace] wall=01:50:16 elapsed=188.833s phase=eval event=interaction_progress trial=3 partition=3 processed=3800 total=5000 metric=ranking
[pipeline-trace] wall=01:50:16 elapsed=188.950s phase=eval event=interaction_progress trial=3 partition=3 processed=3900 total=5000 metric=ranking
[pipeline-trace] wall=01:50:16 elapsed=189.067s phase=eval event=interaction_progress trial=3 partition=3 processed=4000 total=5000 metric=ranking
[pipeline-trace] wall=01:50:17 elapsed=189.185s phase=eval event=interaction_progress trial=3 partition=3 processed=4100 total=5000 metric=ranking
[pipeline-trace] wall=01:50:17 elapsed=189.302s phase=eval event=interaction_progress trial=3 partition=3 processed=4200 total=5000 metric=ranking
[pipeline-trace] wall=01:50:17 elapsed=189.419s phase=eval event=interaction_progress trial=3 partition=3 processed=4300 total=5000 metric=ranking
[pipeline-trace] wall=01:50:17 elapsed=189.536s phase=eval event=interaction_progress trial=3 partition=3 processed=4400 total=5000 metric=ranking
[pipeline-trace] wall=01:50:17 elapsed=189.654s phase=eval event=interaction_progress trial=3 partition=3 processed=4500 total=5000 metric=ranking
[pipeline-trace] wall=01:50:17 elapsed=189.770s phase=eval event=interaction_progress trial=3 partition=3 processed=4600 total=5000 metric=ranking
[pipeline-trace] wall=01:50:17 elapsed=189.887s phase=eval event=interaction_progress trial=3 partition=3 processed=4700 total=5000 metric=ranking
[pipeline-trace] wall=01:50:17 elapsed=190.003s phase=eval event=interaction_progress trial=3 partition=3 processed=4800 total=5000 metric=ranking
[pipeline-trace] wall=01:50:17 elapsed=190.119s phase=eval event=interaction_progress trial=3 partition=3 processed=4900 total=5000 metric=ranking
[pipeline-trace] wall=01:50:18 elapsed=190.236s phase=eval event=interaction_progress trial=3 partition=3 processed=5000 total=5000 metric=ranking
[pipeline-trace] wall=01:50:18 elapsed=190.238s phase=eval event=partition_complete trial=3 partition=3 elapsed_sec=7.406 hits=1386 total=5000
[pipeline-trace] wall=01:50:18 elapsed=189.017s phase=eval event=batch_start trial=4 partitions=[3] synthetic=False
[pipeline-trace] wall=01:50:18 elapsed=189.017s phase=eval event=partition_start trial=4 partition=3 interactions=5000
[pipeline-trace] wall=01:50:18 elapsed=189.017s phase=eval event=interaction_progress trial=4 partition=3 processed=1 total=5000 metric=ranking
[pipeline-trace] wall=01:50:19 elapsed=189.165s phase=eval event=interaction_progress trial=4 partition=3 processed=100 total=5000 metric=ranking
[pipeline-trace] wall=01:50:19 elapsed=189.312s phase=eval event=interaction_progress trial=4 partition=3 processed=200 total=5000 metric=ranking
[pipeline-trace] wall=01:50:19 elapsed=189.458s phase=eval event=interaction_progress trial=4 partition=3 processed=300 total=5000 metric=ranking
[pipeline-trace] wall=01:50:19 elapsed=189.604s phase=eval event=interaction_progress trial=4 partition=3 processed=400 total=5000 metric=ranking
[pipeline-trace] wall=01:50:19 elapsed=189.749s phase=eval event=interaction_progress trial=4 partition=3 processed=500 total=5000 metric=ranking
[pipeline-trace] wall=01:50:19 elapsed=189.895s phase=eval event=interaction_progress trial=4 partition=3 processed=600 total=5000 metric=ranking
[pipeline-trace] wall=01:50:20 elapsed=190.038s phase=eval event=interaction_progress trial=4 partition=3 processed=700 total=5000 metric=ranking
[pipeline-trace] wall=01:50:20 elapsed=190.179s phase=eval event=interaction_progress trial=4 partition=3 processed=800 total=5000 metric=ranking
[pipeline-trace] wall=01:50:20 elapsed=190.321s phase=eval event=interaction_progress trial=4 partition=3 processed=900 total=5000 metric=ranking
[pipeline-trace] wall=01:50:20 elapsed=190.462s phase=eval event=interaction_progress trial=4 partition=3 processed=1000 total=5000 metric=ranking
[pipeline-trace] wall=01:50:20 elapsed=190.605s phase=eval event=interaction_progress trial=4 partition=3 processed=1100 total=5000 metric=ranking
[pipeline-trace] wall=01:50:20 elapsed=190.748s phase=eval event=interaction_progress trial=4 partition=3 processed=1200 total=5000 metric=ranking
[pipeline-trace] wall=01:50:20 elapsed=190.891s phase=eval event=interaction_progress trial=4 partition=3 processed=1300 total=5000 metric=ranking
[pipeline-trace] wall=01:50:21 elapsed=191.035s phase=eval event=interaction_progress trial=4 partition=3 processed=1400 total=5000 metric=ranking
[pipeline-trace] wall=01:50:21 elapsed=191.174s phase=eval event=interaction_progress trial=4 partition=3 processed=1500 total=5000 metric=ranking
[pipeline-trace] wall=01:50:21 elapsed=191.316s phase=eval event=interaction_progress trial=4 partition=3 processed=1600 total=5000 metric=ranking
[pipeline-trace] wall=01:50:21 elapsed=191.462s phase=eval event=interaction_progress trial=4 partition=3 processed=1700 total=5000 metric=ranking
[pipeline-trace] wall=01:50:21 elapsed=191.606s phase=eval event=interaction_progress trial=4 partition=3 processed=1800 total=5000 metric=ranking
[pipeline-trace] wall=01:50:21 elapsed=191.749s phase=eval event=interaction_progress trial=4 partition=3 processed=1900 total=5000 metric=ranking
[pipeline-trace] wall=01:50:21 elapsed=191.897s phase=eval event=interaction_progress trial=4 partition=3 processed=2000 total=5000 metric=ranking
[pipeline-trace] wall=01:50:22 elapsed=192.036s phase=eval event=interaction_progress trial=4 partition=3 processed=2100 total=5000 metric=ranking
[pipeline-trace] wall=01:50:22 elapsed=192.178s phase=eval event=interaction_progress trial=4 partition=3 processed=2200 total=5000 metric=ranking
[pipeline-trace] wall=01:50:22 elapsed=192.318s phase=eval event=interaction_progress trial=4 partition=3 processed=2300 total=5000 metric=ranking
[pipeline-trace] wall=01:50:22 elapsed=192.461s phase=eval event=interaction_progress trial=4 partition=3 processed=2400 total=5000 metric=ranking
[pipeline-trace] wall=01:50:22 elapsed=192.605s phase=eval event=interaction_progress trial=4 partition=3 processed=2500 total=5000 metric=ranking
[pipeline-trace] wall=01:50:22 elapsed=192.768s phase=eval event=interaction_progress trial=4 partition=3 processed=2600 total=5000 metric=ranking
[pipeline-trace] wall=01:50:22 elapsed=192.946s phase=eval event=interaction_progress trial=4 partition=3 processed=2700 total=5000 metric=ranking
[pipeline-trace] wall=01:50:23 elapsed=193.124s phase=eval event=interaction_progress trial=4 partition=3 processed=2800 total=5000 metric=ranking
[pipeline-trace] wall=01:50:23 elapsed=193.303s phase=eval event=interaction_progress trial=4 partition=3 processed=2900 total=5000 metric=ranking
[pipeline-trace] wall=01:50:23 elapsed=193.483s phase=eval event=interaction_progress trial=4 partition=3 processed=3000 total=5000 metric=ranking
[pipeline-trace] wall=01:50:23 elapsed=193.667s phase=eval event=interaction_progress trial=4 partition=3 processed=3100 total=5000 metric=ranking
[pipeline-trace] wall=01:50:23 elapsed=193.848s phase=eval event=interaction_progress trial=4 partition=3 processed=3200 total=5000 metric=ranking
[pipeline-trace] wall=01:50:24 elapsed=194.030s phase=eval event=interaction_progress trial=4 partition=3 processed=3300 total=5000 metric=ranking
[pipeline-trace] wall=01:50:24 elapsed=194.212s phase=eval event=interaction_progress trial=4 partition=3 processed=3400 total=5000 metric=ranking
[pipeline-trace] wall=01:50:24 elapsed=194.393s phase=eval event=interaction_progress trial=4 partition=3 processed=3500 total=5000 metric=ranking
[pipeline-trace] wall=01:50:24 elapsed=194.575s phase=eval event=interaction_progress trial=4 partition=3 processed=3600 total=5000 metric=ranking
[pipeline-trace] wall=01:50:24 elapsed=194.757s phase=eval event=interaction_progress trial=4 partition=3 processed=3700 total=5000 metric=ranking
[pipeline-trace] wall=01:50:24 elapsed=194.941s phase=eval event=interaction_progress trial=4 partition=3 processed=3800 total=5000 metric=ranking
[pipeline-trace] wall=01:50:25 elapsed=195.123s phase=eval event=interaction_progress trial=4 partition=3 processed=3900 total=5000 metric=ranking
[pipeline-trace] wall=01:50:25 elapsed=195.303s phase=eval event=interaction_progress trial=4 partition=3 processed=4000 total=5000 metric=ranking
[pipeline-trace] wall=01:50:25 elapsed=195.482s phase=eval event=interaction_progress trial=4 partition=3 processed=4100 total=5000 metric=ranking
[pipeline-trace] wall=01:50:25 elapsed=195.665s phase=eval event=interaction_progress trial=4 partition=3 processed=4200 total=5000 metric=ranking
[pipeline-trace] wall=01:50:25 elapsed=195.813s phase=eval event=interaction_progress trial=4 partition=3 processed=4300 total=5000 metric=ranking
[pipeline-trace] wall=01:50:25 elapsed=195.932s phase=eval event=interaction_progress trial=4 partition=3 processed=4400 total=5000 metric=ranking
[pipeline-trace] wall=01:50:26 elapsed=196.048s phase=eval event=interaction_progress trial=4 partition=3 processed=4500 total=5000 metric=ranking
[pipeline-trace] wall=01:50:26 elapsed=196.166s phase=eval event=interaction_progress trial=4 partition=3 processed=4600 total=5000 metric=ranking
[pipeline-trace] wall=01:50:26 elapsed=196.282s phase=eval event=interaction_progress trial=4 partition=3 processed=4700 total=5000 metric=ranking
[pipeline-trace] wall=01:50:26 elapsed=196.399s phase=eval event=interaction_progress trial=4 partition=3 processed=4800 total=5000 metric=ranking
[pipeline-trace] wall=01:50:26 elapsed=196.518s phase=eval event=interaction_progress trial=4 partition=3 processed=4900 total=5000 metric=ranking
[pipeline-trace] wall=01:50:26 elapsed=196.634s phase=eval event=interaction_progress trial=4 partition=3 processed=5000 total=5000 metric=ranking
[pipeline-trace] wall=01:50:26 elapsed=196.635s phase=eval event=partition_complete trial=4 partition=3 elapsed_sec=7.619 hits=3402 total=5000
[pipeline-trace] wall=01:50:48 elapsed=216.394s phase=eval event=batch_start trial=5 partitions=[3] synthetic=False
[pipeline-trace] wall=01:50:48 elapsed=216.394s phase=eval event=partition_start trial=5 partition=3 interactions=5000
[pipeline-trace] wall=01:50:48 elapsed=216.394s phase=eval event=interaction_progress trial=5 partition=3 processed=1 total=5000 metric=ranking
[pipeline-trace] wall=01:50:48 elapsed=216.567s phase=eval event=interaction_progress trial=5 partition=3 processed=100 total=5000 metric=ranking
[pipeline-trace] wall=01:50:48 elapsed=216.736s phase=eval event=interaction_progress trial=5 partition=3 processed=200 total=5000 metric=ranking
[pipeline-trace] wall=01:50:48 elapsed=216.908s phase=eval event=interaction_progress trial=5 partition=3 processed=300 total=5000 metric=ranking
[pipeline-trace] wall=01:50:48 elapsed=217.077s phase=eval event=interaction_progress trial=5 partition=3 processed=400 total=5000 metric=ranking
[pipeline-trace] wall=01:50:48 elapsed=217.247s phase=eval event=interaction_progress trial=5 partition=3 processed=500 total=5000 metric=ranking
[pipeline-trace] wall=01:50:49 elapsed=217.413s phase=eval event=interaction_progress trial=5 partition=3 processed=600 total=5000 metric=ranking
[pipeline-trace] wall=01:50:49 elapsed=217.577s phase=eval event=interaction_progress trial=5 partition=3 processed=700 total=5000 metric=ranking
[pipeline-trace] wall=01:50:49 elapsed=217.742s phase=eval event=interaction_progress trial=5 partition=3 processed=800 total=5000 metric=ranking
[pipeline-trace] wall=01:50:49 elapsed=217.910s phase=eval event=interaction_progress trial=5 partition=3 processed=900 total=5000 metric=ranking
[pipeline-trace] wall=01:50:49 elapsed=218.074s phase=eval event=interaction_progress trial=5 partition=3 processed=1000 total=5000 metric=ranking
[pipeline-trace] wall=01:50:49 elapsed=218.240s phase=eval event=interaction_progress trial=5 partition=3 processed=1100 total=5000 metric=ranking
[pipeline-trace] wall=01:50:50 elapsed=218.404s phase=eval event=interaction_progress trial=5 partition=3 processed=1200 total=5000 metric=ranking
[pipeline-trace] wall=01:50:50 elapsed=218.567s phase=eval event=interaction_progress trial=5 partition=3 processed=1300 total=5000 metric=ranking
[pipeline-trace] wall=01:50:50 elapsed=218.730s phase=eval event=interaction_progress trial=5 partition=3 processed=1400 total=5000 metric=ranking
[pipeline-trace] wall=01:50:50 elapsed=218.899s phase=eval event=interaction_progress trial=5 partition=3 processed=1500 total=5000 metric=ranking
[pipeline-trace] wall=01:50:50 elapsed=219.068s phase=eval event=interaction_progress trial=5 partition=3 processed=1600 total=5000 metric=ranking
[pipeline-trace] wall=01:50:50 elapsed=219.236s phase=eval event=interaction_progress trial=5 partition=3 processed=1700 total=5000 metric=ranking
[pipeline-trace] wall=01:50:51 elapsed=219.406s phase=eval event=interaction_progress trial=5 partition=3 processed=1800 total=5000 metric=ranking
[pipeline-trace] wall=01:50:51 elapsed=219.575s phase=eval event=interaction_progress trial=5 partition=3 processed=1900 total=5000 metric=ranking
[pipeline-trace] wall=01:50:51 elapsed=219.751s phase=eval event=interaction_progress trial=5 partition=3 processed=2000 total=5000 metric=ranking
[pipeline-trace] wall=01:50:51 elapsed=219.910s phase=eval event=interaction_progress trial=5 partition=3 processed=2100 total=5000 metric=ranking
[pipeline-trace] wall=01:50:51 elapsed=220.045s phase=eval event=interaction_progress trial=5 partition=3 processed=2200 total=5000 metric=ranking
[pipeline-trace] wall=01:50:51 elapsed=220.182s phase=eval event=interaction_progress trial=5 partition=3 processed=2300 total=5000 metric=ranking
[pipeline-trace] wall=01:50:52 elapsed=220.319s phase=eval event=interaction_progress trial=5 partition=3 processed=2400 total=5000 metric=ranking
[pipeline-trace] wall=01:50:52 elapsed=220.455s phase=eval event=interaction_progress trial=5 partition=3 processed=2500 total=5000 metric=ranking
[pipeline-trace] wall=01:50:52 elapsed=220.590s phase=eval event=interaction_progress trial=5 partition=3 processed=2600 total=5000 metric=ranking
[pipeline-trace] wall=01:50:52 elapsed=220.725s phase=eval event=interaction_progress trial=5 partition=3 processed=2700 total=5000 metric=ranking
[pipeline-trace] wall=01:50:52 elapsed=220.861s phase=eval event=interaction_progress trial=5 partition=3 processed=2800 total=5000 metric=ranking
[pipeline-trace] wall=01:50:52 elapsed=220.996s phase=eval event=interaction_progress trial=5 partition=3 processed=2900 total=5000 metric=ranking
[pipeline-trace] wall=01:50:52 elapsed=221.132s phase=eval event=interaction_progress trial=5 partition=3 processed=3000 total=5000 metric=ranking
[pipeline-trace] wall=01:50:53 elapsed=221.267s phase=eval event=interaction_progress trial=5 partition=3 processed=3100 total=5000 metric=ranking
[pipeline-trace] wall=01:50:53 elapsed=221.404s phase=eval event=interaction_progress trial=5 partition=3 processed=3200 total=5000 metric=ranking
[pipeline-trace] wall=01:50:53 elapsed=221.540s phase=eval event=interaction_progress trial=5 partition=3 processed=3300 total=5000 metric=ranking
[pipeline-trace] wall=01:50:53 elapsed=221.677s phase=eval event=interaction_progress trial=5 partition=3 processed=3400 total=5000 metric=ranking
[pipeline-trace] wall=01:50:53 elapsed=221.815s phase=eval event=interaction_progress trial=5 partition=3 processed=3500 total=5000 metric=ranking
[pipeline-trace] wall=01:50:53 elapsed=221.951s phase=eval event=interaction_progress trial=5 partition=3 processed=3600 total=5000 metric=ranking
[pipeline-trace] wall=01:50:53 elapsed=222.087s phase=eval event=interaction_progress trial=5 partition=3 processed=3700 total=5000 metric=ranking
[pipeline-trace] wall=01:50:53 elapsed=222.224s phase=eval event=interaction_progress trial=5 partition=3 processed=3800 total=5000 metric=ranking
[pipeline-trace] wall=01:50:54 elapsed=222.359s phase=eval event=interaction_progress trial=5 partition=3 processed=3900 total=5000 metric=ranking
[pipeline-trace] wall=01:50:54 elapsed=222.495s phase=eval event=interaction_progress trial=5 partition=3 processed=4000 total=5000 metric=ranking
[pipeline-trace] wall=01:50:54 elapsed=222.631s phase=eval event=interaction_progress trial=5 partition=3 processed=4100 total=5000 metric=ranking
[pipeline-trace] wall=01:50:54 elapsed=222.770s phase=eval event=interaction_progress trial=5 partition=3 processed=4200 total=5000 metric=ranking
[pipeline-trace] wall=01:50:54 elapsed=222.907s phase=eval event=interaction_progress trial=5 partition=3 processed=4300 total=5000 metric=ranking
[pipeline-trace] wall=01:50:54 elapsed=223.042s phase=eval event=interaction_progress trial=5 partition=3 processed=4400 total=5000 metric=ranking
[pipeline-trace] wall=01:50:54 elapsed=223.177s phase=eval event=interaction_progress trial=5 partition=3 processed=4500 total=5000 metric=ranking
[pipeline-trace] wall=01:50:55 elapsed=223.312s phase=eval event=interaction_progress trial=5 partition=3 processed=4600 total=5000 metric=ranking
[pipeline-trace] wall=01:50:55 elapsed=223.447s phase=eval event=interaction_progress trial=5 partition=3 processed=4700 total=5000 metric=ranking
[pipeline-trace] wall=01:50:55 elapsed=223.583s phase=eval event=interaction_progress trial=5 partition=3 processed=4800 total=5000 metric=ranking
[pipeline-trace] wall=01:50:55 elapsed=223.719s phase=eval event=interaction_progress trial=5 partition=3 processed=4900 total=5000 metric=ranking
[pipeline-trace] wall=01:50:55 elapsed=223.858s phase=eval event=interaction_progress trial=5 partition=3 processed=5000 total=5000 metric=ranking
[pipeline-trace] wall=01:50:55 elapsed=223.860s phase=eval event=partition_complete trial=5 partition=3 elapsed_sec=7.466 hits=3407 total=5000
[pipeline-trace] wall=01:51:16 elapsed=248.332s phase=eval event=batch_start trial=8 partitions=[3] synthetic=False
[pipeline-trace] wall=01:51:16 elapsed=248.333s phase=eval event=partition_start trial=8 partition=3 interactions=5000
[pipeline-trace] wall=01:51:16 elapsed=248.333s phase=eval event=interaction_progress trial=8 partition=3 processed=1 total=5000 metric=ranking
[pipeline-trace] wall=01:51:16 elapsed=248.490s phase=eval event=interaction_progress trial=8 partition=3 processed=100 total=5000 metric=ranking
[pipeline-trace] wall=01:51:16 elapsed=248.650s phase=eval event=interaction_progress trial=8 partition=3 processed=200 total=5000 metric=ranking
[pipeline-trace] wall=01:51:16 elapsed=248.806s phase=eval event=interaction_progress trial=8 partition=3 processed=300 total=5000 metric=ranking
[pipeline-trace] wall=01:51:16 elapsed=248.964s phase=eval event=interaction_progress trial=8 partition=3 processed=400 total=5000 metric=ranking
[pipeline-trace] wall=01:51:16 elapsed=249.122s phase=eval event=interaction_progress trial=8 partition=3 processed=500 total=5000 metric=ranking
[pipeline-trace] wall=01:51:17 elapsed=249.278s phase=eval event=interaction_progress trial=8 partition=3 processed=600 total=5000 metric=ranking
[pipeline-trace] wall=01:51:17 elapsed=249.435s phase=eval event=interaction_progress trial=8 partition=3 processed=700 total=5000 metric=ranking
[pipeline-trace] wall=01:51:17 elapsed=249.592s phase=eval event=interaction_progress trial=8 partition=3 processed=800 total=5000 metric=ranking
[pipeline-trace] wall=01:51:17 elapsed=249.751s phase=eval event=interaction_progress trial=8 partition=3 processed=900 total=5000 metric=ranking
[pipeline-trace] wall=01:51:17 elapsed=249.909s phase=eval event=interaction_progress trial=8 partition=3 processed=1000 total=5000 metric=ranking
[pipeline-trace] wall=01:51:17 elapsed=250.065s phase=eval event=interaction_progress trial=8 partition=3 processed=1100 total=5000 metric=ranking
[pipeline-trace] wall=01:51:18 elapsed=250.221s phase=eval event=interaction_progress trial=8 partition=3 processed=1200 total=5000 metric=ranking
[pipeline-trace] wall=01:51:18 elapsed=250.377s phase=eval event=interaction_progress trial=8 partition=3 processed=1300 total=5000 metric=ranking
[pipeline-trace] wall=01:51:18 elapsed=250.533s phase=eval event=interaction_progress trial=8 partition=3 processed=1400 total=5000 metric=ranking
[pipeline-trace] wall=01:51:18 elapsed=250.692s phase=eval event=interaction_progress trial=8 partition=3 processed=1500 total=5000 metric=ranking
[pipeline-trace] wall=01:51:18 elapsed=250.849s phase=eval event=interaction_progress trial=8 partition=3 processed=1600 total=5000 metric=ranking
[pipeline-trace] wall=01:51:18 elapsed=251.007s phase=eval event=interaction_progress trial=8 partition=3 processed=1700 total=5000 metric=ranking
[pipeline-trace] wall=01:51:19 elapsed=251.165s phase=eval event=interaction_progress trial=8 partition=3 processed=1800 total=5000 metric=ranking
[pipeline-trace] wall=01:51:19 elapsed=251.323s phase=eval event=interaction_progress trial=8 partition=3 processed=1900 total=5000 metric=ranking
[pipeline-trace] wall=01:51:19 elapsed=251.482s phase=eval event=interaction_progress trial=8 partition=3 processed=2000 total=5000 metric=ranking
[pipeline-trace] wall=01:51:19 elapsed=251.637s phase=eval event=interaction_progress trial=8 partition=3 processed=2100 total=5000 metric=ranking
[pipeline-trace] wall=01:51:19 elapsed=251.797s phase=eval event=interaction_progress trial=8 partition=3 processed=2200 total=5000 metric=ranking
[pipeline-trace] wall=01:51:19 elapsed=251.955s phase=eval event=interaction_progress trial=8 partition=3 processed=2300 total=5000 metric=ranking
[pipeline-trace] wall=01:51:19 elapsed=252.112s phase=eval event=interaction_progress trial=8 partition=3 processed=2400 total=5000 metric=ranking
[pipeline-trace] wall=01:51:20 elapsed=252.270s phase=eval event=interaction_progress trial=8 partition=3 processed=2500 total=5000 metric=ranking
[pipeline-trace] wall=01:51:20 elapsed=252.427s phase=eval event=interaction_progress trial=8 partition=3 processed=2600 total=5000 metric=ranking
[pipeline-trace] wall=01:51:20 elapsed=252.583s phase=eval event=interaction_progress trial=8 partition=3 processed=2700 total=5000 metric=ranking
[pipeline-trace] wall=01:51:20 elapsed=252.743s phase=eval event=interaction_progress trial=8 partition=3 processed=2800 total=5000 metric=ranking
[pipeline-trace] wall=01:51:20 elapsed=252.900s phase=eval event=interaction_progress trial=8 partition=3 processed=2900 total=5000 metric=ranking
[pipeline-trace] wall=01:51:20 elapsed=253.058s phase=eval event=interaction_progress trial=8 partition=3 processed=3000 total=5000 metric=ranking
[pipeline-trace] wall=01:51:21 elapsed=253.217s phase=eval event=interaction_progress trial=8 partition=3 processed=3100 total=5000 metric=ranking
[pipeline-trace] wall=01:51:21 elapsed=253.375s phase=eval event=interaction_progress trial=8 partition=3 processed=3200 total=5000 metric=ranking
[pipeline-trace] wall=01:51:21 elapsed=253.530s phase=eval event=interaction_progress trial=8 partition=3 processed=3300 total=5000 metric=ranking
[pipeline-trace] wall=01:51:21 elapsed=253.663s phase=eval event=interaction_progress trial=8 partition=3 processed=3400 total=5000 metric=ranking
[pipeline-trace] wall=01:51:21 elapsed=253.791s phase=eval event=interaction_progress trial=8 partition=3 processed=3500 total=5000 metric=ranking
[pipeline-trace] wall=01:51:21 elapsed=253.919s phase=eval event=interaction_progress trial=8 partition=3 processed=3600 total=5000 metric=ranking
[pipeline-trace] wall=01:51:21 elapsed=254.047s phase=eval event=interaction_progress trial=8 partition=3 processed=3700 total=5000 metric=ranking
[pipeline-trace] wall=01:51:22 elapsed=254.176s phase=eval event=interaction_progress trial=8 partition=3 processed=3800 total=5000 metric=ranking
[pipeline-trace] wall=01:51:22 elapsed=254.306s phase=eval event=interaction_progress trial=8 partition=3 processed=3900 total=5000 metric=ranking
[pipeline-trace] wall=01:51:22 elapsed=254.435s phase=eval event=interaction_progress trial=8 partition=3 processed=4000 total=5000 metric=ranking
[pipeline-trace] wall=01:51:22 elapsed=254.565s phase=eval event=interaction_progress trial=8 partition=3 processed=4100 total=5000 metric=ranking
[pipeline-trace] wall=01:51:22 elapsed=254.696s phase=eval event=interaction_progress trial=8 partition=3 processed=4200 total=5000 metric=ranking
[pipeline-trace] wall=01:51:22 elapsed=254.825s phase=eval event=interaction_progress trial=8 partition=3 processed=4300 total=5000 metric=ranking
[pipeline-trace] wall=01:51:22 elapsed=254.955s phase=eval event=interaction_progress trial=8 partition=3 processed=4400 total=5000 metric=ranking
[pipeline-trace] wall=01:51:22 elapsed=255.086s phase=eval event=interaction_progress trial=8 partition=3 processed=4500 total=5000 metric=ranking
[pipeline-trace] wall=01:51:23 elapsed=255.216s phase=eval event=interaction_progress trial=8 partition=3 processed=4600 total=5000 metric=ranking
[pipeline-trace] wall=01:51:23 elapsed=255.345s phase=eval event=interaction_progress trial=8 partition=3 processed=4700 total=5000 metric=ranking
[pipeline-trace] wall=01:51:23 elapsed=255.474s phase=eval event=interaction_progress trial=8 partition=3 processed=4800 total=5000 metric=ranking
[pipeline-trace] wall=01:51:23 elapsed=255.602s phase=eval event=interaction_progress trial=8 partition=3 processed=4900 total=5000 metric=ranking
[pipeline-trace] wall=01:51:23 elapsed=255.735s phase=eval event=interaction_progress trial=8 partition=3 processed=5000 total=5000 metric=ranking
[pipeline-trace] wall=01:51:23 elapsed=255.737s phase=eval event=partition_complete trial=8 partition=3 elapsed_sec=7.404 hits=3640 total=5000
[pipeline-trace] wall=01:51:56 elapsed=286.362s phase=eval event=batch_start trial=6 partitions=[3] synthetic=False
[pipeline-trace] wall=01:51:56 elapsed=286.362s phase=eval event=partition_start trial=6 partition=3 interactions=5000
[pipeline-trace] wall=01:51:56 elapsed=286.362s phase=eval event=interaction_progress trial=6 partition=3 processed=1 total=5000 metric=ranking
[pipeline-trace] wall=01:51:56 elapsed=286.559s phase=eval event=interaction_progress trial=6 partition=3 processed=100 total=5000 metric=ranking
[pipeline-trace] wall=01:51:56 elapsed=286.754s phase=eval event=interaction_progress trial=6 partition=3 processed=200 total=5000 metric=ranking
[pipeline-trace] wall=01:51:56 elapsed=286.948s phase=eval event=interaction_progress trial=6 partition=3 processed=300 total=5000 metric=ranking
[pipeline-trace] wall=01:51:57 elapsed=287.142s phase=eval event=interaction_progress trial=6 partition=3 processed=400 total=5000 metric=ranking
[pipeline-trace] wall=01:51:57 elapsed=287.338s phase=eval event=interaction_progress trial=6 partition=3 processed=500 total=5000 metric=ranking
[pipeline-trace] wall=01:51:57 elapsed=287.536s phase=eval event=interaction_progress trial=6 partition=3 processed=600 total=5000 metric=ranking
[pipeline-trace] wall=01:51:57 elapsed=287.755s phase=eval event=interaction_progress trial=6 partition=3 processed=700 total=5000 metric=ranking
[pipeline-trace] wall=01:51:57 elapsed=287.949s phase=eval event=interaction_progress trial=6 partition=3 processed=800 total=5000 metric=ranking
[pipeline-trace] wall=01:51:58 elapsed=288.142s phase=eval event=interaction_progress trial=6 partition=3 processed=900 total=5000 metric=ranking
[pipeline-trace] wall=01:51:58 elapsed=288.346s phase=eval event=interaction_progress trial=6 partition=3 processed=1000 total=5000 metric=ranking
[pipeline-trace] wall=01:51:58 elapsed=288.555s phase=eval event=interaction_progress trial=6 partition=3 processed=1100 total=5000 metric=ranking
[pipeline-trace] wall=01:51:58 elapsed=288.743s phase=eval event=interaction_progress trial=6 partition=3 processed=1200 total=5000 metric=ranking
[pipeline-trace] wall=01:51:58 elapsed=288.918s phase=eval event=interaction_progress trial=6 partition=3 processed=1300 total=5000 metric=ranking
[pipeline-trace] wall=01:51:59 elapsed=289.093s phase=eval event=interaction_progress trial=6 partition=3 processed=1400 total=5000 metric=ranking
[pipeline-trace] wall=01:51:59 elapsed=289.269s phase=eval event=interaction_progress trial=6 partition=3 processed=1500 total=5000 metric=ranking
[pipeline-trace] wall=01:51:59 elapsed=289.444s phase=eval event=interaction_progress trial=6 partition=3 processed=1600 total=5000 metric=ranking
[pipeline-trace] wall=01:51:59 elapsed=289.659s phase=eval event=interaction_progress trial=6 partition=3 processed=1700 total=5000 metric=ranking
[pipeline-trace] wall=01:51:59 elapsed=289.834s phase=eval event=interaction_progress trial=6 partition=3 processed=1800 total=5000 metric=ranking
[pipeline-trace] wall=01:51:59 elapsed=290.007s phase=eval event=interaction_progress trial=6 partition=3 processed=1900 total=5000 metric=ranking
[pipeline-trace] wall=01:52:00 elapsed=290.161s phase=eval event=interaction_progress trial=6 partition=3 processed=2000 total=5000 metric=ranking
[pipeline-trace] wall=01:52:00 elapsed=290.278s phase=eval event=interaction_progress trial=6 partition=3 processed=2100 total=5000 metric=ranking
[pipeline-trace] wall=01:52:00 elapsed=290.394s phase=eval event=interaction_progress trial=6 partition=3 processed=2200 total=5000 metric=ranking
[pipeline-trace] wall=01:52:00 elapsed=290.511s phase=eval event=interaction_progress trial=6 partition=3 processed=2300 total=5000 metric=ranking
[pipeline-trace] wall=01:52:00 elapsed=290.662s phase=eval event=interaction_progress trial=6 partition=3 processed=2400 total=5000 metric=ranking
[pipeline-trace] wall=01:52:00 elapsed=290.821s phase=eval event=interaction_progress trial=6 partition=3 processed=2500 total=5000 metric=ranking
[pipeline-trace] wall=01:52:00 elapsed=290.977s phase=eval event=interaction_progress trial=6 partition=3 processed=2600 total=5000 metric=ranking
[pipeline-trace] wall=01:52:01 elapsed=291.134s phase=eval event=interaction_progress trial=6 partition=3 processed=2700 total=5000 metric=ranking
[pipeline-trace] wall=01:52:01 elapsed=291.290s phase=eval event=interaction_progress trial=6 partition=3 processed=2800 total=5000 metric=ranking
[pipeline-trace] wall=01:52:01 elapsed=291.445s phase=eval event=interaction_progress trial=6 partition=3 processed=2900 total=5000 metric=ranking
[pipeline-trace] wall=01:52:01 elapsed=291.615s phase=eval event=interaction_progress trial=6 partition=3 processed=3000 total=5000 metric=ranking
[pipeline-trace] wall=01:52:01 elapsed=291.790s phase=eval event=interaction_progress trial=6 partition=3 processed=3100 total=5000 metric=ranking
[pipeline-trace] wall=01:52:01 elapsed=291.946s phase=eval event=interaction_progress trial=6 partition=3 processed=3200 total=5000 metric=ranking
[pipeline-trace] wall=01:52:02 elapsed=292.103s phase=eval event=interaction_progress trial=6 partition=3 processed=3300 total=5000 metric=ranking
[pipeline-trace] wall=01:52:02 elapsed=292.258s phase=eval event=interaction_progress trial=6 partition=3 processed=3400 total=5000 metric=ranking
[pipeline-trace] wall=01:52:02 elapsed=292.413s phase=eval event=interaction_progress trial=6 partition=3 processed=3500 total=5000 metric=ranking
[pipeline-trace] wall=01:52:02 elapsed=292.568s phase=eval event=interaction_progress trial=6 partition=3 processed=3600 total=5000 metric=ranking
[pipeline-trace] wall=01:52:02 elapsed=292.724s phase=eval event=interaction_progress trial=6 partition=3 processed=3700 total=5000 metric=ranking
[pipeline-trace] wall=01:52:02 elapsed=292.907s phase=eval event=interaction_progress trial=6 partition=3 processed=3800 total=5000 metric=ranking
[pipeline-trace] wall=01:52:03 elapsed=293.096s phase=eval event=interaction_progress trial=6 partition=3 processed=3900 total=5000 metric=ranking
[pipeline-trace] wall=01:52:03 elapsed=293.291s phase=eval event=interaction_progress trial=6 partition=3 processed=4000 total=5000 metric=ranking
[pipeline-trace] wall=01:52:03 elapsed=293.479s phase=eval event=interaction_progress trial=6 partition=3 processed=4100 total=5000 metric=ranking
[pipeline-trace] wall=01:52:03 elapsed=293.693s phase=eval event=interaction_progress trial=6 partition=3 processed=4200 total=5000 metric=ranking
[pipeline-trace] wall=01:52:03 elapsed=293.887s phase=eval event=interaction_progress trial=6 partition=3 processed=4300 total=5000 metric=ranking
[pipeline-trace] wall=01:52:04 elapsed=294.074s phase=eval event=interaction_progress trial=6 partition=3 processed=4400 total=5000 metric=ranking
[pipeline-trace] wall=01:52:04 elapsed=294.261s phase=eval event=interaction_progress trial=6 partition=3 processed=4500 total=5000 metric=ranking
[pipeline-trace] wall=01:52:04 elapsed=294.448s phase=eval event=interaction_progress trial=6 partition=3 processed=4600 total=5000 metric=ranking
[pipeline-trace] wall=01:52:04 elapsed=294.637s phase=eval event=interaction_progress trial=6 partition=3 processed=4700 total=5000 metric=ranking
[pipeline-trace] wall=01:52:04 elapsed=294.824s phase=eval event=interaction_progress trial=6 partition=3 processed=4800 total=5000 metric=ranking
[pipeline-trace] wall=01:52:04 elapsed=295.015s phase=eval event=interaction_progress trial=6 partition=3 processed=4900 total=5000 metric=ranking
[pipeline-trace] wall=01:52:05 elapsed=295.209s phase=eval event=interaction_progress trial=6 partition=3 processed=5000 total=5000 metric=ranking
[pipeline-trace] wall=01:52:05 elapsed=295.212s phase=eval event=partition_complete trial=6 partition=3 elapsed_sec=8.850 hits=3365 total=5000
[pipeline-trace] wall=01:52:26 elapsed=314.648s phase=eval event=batch_start trial=7 partitions=[3] synthetic=False
[pipeline-trace] wall=01:52:26 elapsed=314.648s phase=eval event=partition_start trial=7 partition=3 interactions=5000
[pipeline-trace] wall=01:52:26 elapsed=314.648s phase=eval event=interaction_progress trial=7 partition=3 processed=1 total=5000 metric=ranking
[pipeline-trace] wall=01:52:26 elapsed=314.855s phase=eval event=interaction_progress trial=7 partition=3 processed=100 total=5000 metric=ranking
[pipeline-trace] wall=01:52:26 elapsed=315.044s phase=eval event=interaction_progress trial=7 partition=3 processed=200 total=5000 metric=ranking
[pipeline-trace] wall=01:52:26 elapsed=315.234s phase=eval event=interaction_progress trial=7 partition=3 processed=300 total=5000 metric=ranking
[pipeline-trace] wall=01:52:27 elapsed=315.421s phase=eval event=interaction_progress trial=7 partition=3 processed=400 total=5000 metric=ranking
[pipeline-trace] wall=01:52:27 elapsed=315.610s phase=eval event=interaction_progress trial=7 partition=3 processed=500 total=5000 metric=ranking
[pipeline-trace] wall=01:52:27 elapsed=315.801s phase=eval event=interaction_progress trial=7 partition=3 processed=600 total=5000 metric=ranking
[pipeline-trace] wall=01:52:27 elapsed=315.988s phase=eval event=interaction_progress trial=7 partition=3 processed=700 total=5000 metric=ranking
[pipeline-trace] wall=01:52:27 elapsed=316.176s phase=eval event=interaction_progress trial=7 partition=3 processed=800 total=5000 metric=ranking
[pipeline-trace] wall=01:52:28 elapsed=316.362s phase=eval event=interaction_progress trial=7 partition=3 processed=900 total=5000 metric=ranking
[pipeline-trace] wall=01:52:28 elapsed=316.550s phase=eval event=interaction_progress trial=7 partition=3 processed=1000 total=5000 metric=ranking
[pipeline-trace] wall=01:52:28 elapsed=316.801s phase=eval event=interaction_progress trial=7 partition=3 processed=1100 total=5000 metric=ranking
[pipeline-trace] wall=01:52:28 elapsed=316.989s phase=eval event=interaction_progress trial=7 partition=3 processed=1200 total=5000 metric=ranking
[pipeline-trace] wall=01:52:28 elapsed=317.175s phase=eval event=interaction_progress trial=7 partition=3 processed=1300 total=5000 metric=ranking
[pipeline-trace] wall=01:52:29 elapsed=317.363s phase=eval event=interaction_progress trial=7 partition=3 processed=1400 total=5000 metric=ranking
[pipeline-trace] wall=01:52:29 elapsed=317.552s phase=eval event=interaction_progress trial=7 partition=3 processed=1500 total=5000 metric=ranking
[pipeline-trace] wall=01:52:29 elapsed=317.734s phase=eval event=interaction_progress trial=7 partition=3 processed=1600 total=5000 metric=ranking
[pipeline-trace] wall=01:52:29 elapsed=317.920s phase=eval event=interaction_progress trial=7 partition=3 processed=1700 total=5000 metric=ranking
[pipeline-trace] wall=01:52:29 elapsed=318.103s phase=eval event=interaction_progress trial=7 partition=3 processed=1800 total=5000 metric=ranking
[pipeline-trace] wall=01:52:30 elapsed=318.288s phase=eval event=interaction_progress trial=7 partition=3 processed=1900 total=5000 metric=ranking
[pipeline-trace] wall=01:52:30 elapsed=318.474s phase=eval event=interaction_progress trial=7 partition=3 processed=2000 total=5000 metric=ranking
[pipeline-trace] wall=01:52:30 elapsed=318.658s phase=eval event=interaction_progress trial=7 partition=3 processed=2100 total=5000 metric=ranking
[pipeline-trace] wall=01:52:30 elapsed=318.846s phase=eval event=interaction_progress trial=7 partition=3 processed=2200 total=5000 metric=ranking
[pipeline-trace] wall=01:52:30 elapsed=319.031s phase=eval event=interaction_progress trial=7 partition=3 processed=2300 total=5000 metric=ranking
[pipeline-trace] wall=01:52:30 elapsed=319.215s phase=eval event=interaction_progress trial=7 partition=3 processed=2400 total=5000 metric=ranking
[pipeline-trace] wall=01:52:31 elapsed=319.401s phase=eval event=interaction_progress trial=7 partition=3 processed=2500 total=5000 metric=ranking
[pipeline-trace] wall=01:52:31 elapsed=319.587s phase=eval event=interaction_progress trial=7 partition=3 processed=2600 total=5000 metric=ranking
[pipeline-trace] wall=01:52:31 elapsed=319.731s phase=eval event=interaction_progress trial=7 partition=3 processed=2700 total=5000 metric=ranking
[pipeline-trace] wall=01:52:31 elapsed=319.858s phase=eval event=interaction_progress trial=7 partition=3 processed=2800 total=5000 metric=ranking
[pipeline-trace] wall=01:52:31 elapsed=319.981s phase=eval event=interaction_progress trial=7 partition=3 processed=2900 total=5000 metric=ranking
[pipeline-trace] wall=01:52:31 elapsed=320.105s phase=eval event=interaction_progress trial=7 partition=3 processed=3000 total=5000 metric=ranking
[pipeline-trace] wall=01:52:31 elapsed=320.229s phase=eval event=interaction_progress trial=7 partition=3 processed=3100 total=5000 metric=ranking
[pipeline-trace] wall=01:52:32 elapsed=320.354s phase=eval event=interaction_progress trial=7 partition=3 processed=3200 total=5000 metric=ranking
[pipeline-trace] wall=01:52:32 elapsed=320.478s phase=eval event=interaction_progress trial=7 partition=3 processed=3300 total=5000 metric=ranking
[pipeline-trace] wall=01:52:32 elapsed=320.602s phase=eval event=interaction_progress trial=7 partition=3 processed=3400 total=5000 metric=ranking
[pipeline-trace] wall=01:52:32 elapsed=320.726s phase=eval event=interaction_progress trial=7 partition=3 processed=3500 total=5000 metric=ranking
[pipeline-trace] wall=01:52:32 elapsed=320.852s phase=eval event=interaction_progress trial=7 partition=3 processed=3600 total=5000 metric=ranking
[pipeline-trace] wall=01:52:32 elapsed=320.975s phase=eval event=interaction_progress trial=7 partition=3 processed=3700 total=5000 metric=ranking
[pipeline-trace] wall=01:52:32 elapsed=321.098s phase=eval event=interaction_progress trial=7 partition=3 processed=3800 total=5000 metric=ranking
[pipeline-trace] wall=01:52:32 elapsed=321.222s phase=eval event=interaction_progress trial=7 partition=3 processed=3900 total=5000 metric=ranking
[pipeline-trace] wall=01:52:33 elapsed=321.346s phase=eval event=interaction_progress trial=7 partition=3 processed=4000 total=5000 metric=ranking
[pipeline-trace] wall=01:52:33 elapsed=321.470s phase=eval event=interaction_progress trial=7 partition=3 processed=4100 total=5000 metric=ranking
[pipeline-trace] wall=01:52:33 elapsed=321.593s phase=eval event=interaction_progress trial=7 partition=3 processed=4200 total=5000 metric=ranking
[pipeline-trace] wall=01:52:33 elapsed=321.717s phase=eval event=interaction_progress trial=7 partition=3 processed=4300 total=5000 metric=ranking
[pipeline-trace] wall=01:52:33 elapsed=321.843s phase=eval event=interaction_progress trial=7 partition=3 processed=4400 total=5000 metric=ranking
[pipeline-trace] wall=01:52:33 elapsed=321.967s phase=eval event=interaction_progress trial=7 partition=3 processed=4500 total=5000 metric=ranking
[pipeline-trace] wall=01:52:33 elapsed=322.091s phase=eval event=interaction_progress trial=7 partition=3 processed=4600 total=5000 metric=ranking
[pipeline-trace] wall=01:52:33 elapsed=322.215s phase=eval event=interaction_progress trial=7 partition=3 processed=4700 total=5000 metric=ranking
[pipeline-trace] wall=01:52:34 elapsed=322.339s phase=eval event=interaction_progress trial=7 partition=3 processed=4800 total=5000 metric=ranking
[pipeline-trace] wall=01:52:34 elapsed=322.463s phase=eval event=interaction_progress trial=7 partition=3 processed=4900 total=5000 metric=ranking
[pipeline-trace] wall=01:52:34 elapsed=322.587s phase=eval event=interaction_progress trial=7 partition=3 processed=5000 total=5000 metric=ranking
[pipeline-trace] wall=01:52:34 elapsed=322.588s phase=eval event=partition_complete trial=7 partition=3 elapsed_sec=7.940 hits=4082 total=5000
[pipeline-trace] wall=01:52:52 elapsed=344.760s phase=eval event=batch_start trial=9 partitions=[3] synthetic=False
[pipeline-trace] wall=01:52:52 elapsed=344.760s phase=eval event=partition_start trial=9 partition=3 interactions=5000
[pipeline-trace] wall=01:52:52 elapsed=344.760s phase=eval event=interaction_progress trial=9 partition=3 processed=1 total=5000 metric=ranking
[pipeline-trace] wall=01:52:52 elapsed=344.917s phase=eval event=interaction_progress trial=9 partition=3 processed=100 total=5000 metric=ranking
[pipeline-trace] wall=01:52:52 elapsed=345.077s phase=eval event=interaction_progress trial=9 partition=3 processed=200 total=5000 metric=ranking
[pipeline-trace] wall=01:52:53 elapsed=345.234s phase=eval event=interaction_progress trial=9 partition=3 processed=300 total=5000 metric=ranking
[pipeline-trace] wall=01:52:53 elapsed=345.394s phase=eval event=interaction_progress trial=9 partition=3 processed=400 total=5000 metric=ranking
[pipeline-trace] wall=01:52:53 elapsed=345.558s phase=eval event=interaction_progress trial=9 partition=3 processed=500 total=5000 metric=ranking
[pipeline-trace] wall=01:52:53 elapsed=345.738s phase=eval event=interaction_progress trial=9 partition=3 processed=600 total=5000 metric=ranking
[pipeline-trace] wall=01:52:53 elapsed=345.893s phase=eval event=interaction_progress trial=9 partition=3 processed=700 total=5000 metric=ranking
[pipeline-trace] wall=01:52:53 elapsed=346.048s phase=eval event=interaction_progress trial=9 partition=3 processed=800 total=5000 metric=ranking
[pipeline-trace] wall=01:52:54 elapsed=346.202s phase=eval event=interaction_progress trial=9 partition=3 processed=900 total=5000 metric=ranking
[pipeline-trace] wall=01:52:54 elapsed=346.357s phase=eval event=interaction_progress trial=9 partition=3 processed=1000 total=5000 metric=ranking
[pipeline-trace] wall=01:52:54 elapsed=346.517s phase=eval event=interaction_progress trial=9 partition=3 processed=1100 total=5000 metric=ranking
[pipeline-trace] wall=01:52:54 elapsed=346.718s phase=eval event=interaction_progress trial=9 partition=3 processed=1200 total=5000 metric=ranking
[pipeline-trace] wall=01:52:54 elapsed=346.909s phase=eval event=interaction_progress trial=9 partition=3 processed=1300 total=5000 metric=ranking
[pipeline-trace] wall=01:52:54 elapsed=347.118s phase=eval event=interaction_progress trial=9 partition=3 processed=1400 total=5000 metric=ranking
[pipeline-trace] wall=01:52:55 elapsed=347.312s phase=eval event=interaction_progress trial=9 partition=3 processed=1500 total=5000 metric=ranking
[pipeline-trace] wall=01:52:55 elapsed=347.503s phase=eval event=interaction_progress trial=9 partition=3 processed=1600 total=5000 metric=ranking
[pipeline-trace] wall=01:52:55 elapsed=347.693s phase=eval event=interaction_progress trial=9 partition=3 processed=1700 total=5000 metric=ranking
[pipeline-trace] wall=01:52:55 elapsed=347.877s phase=eval event=interaction_progress trial=9 partition=3 processed=1800 total=5000 metric=ranking
[pipeline-trace] wall=01:52:55 elapsed=348.061s phase=eval event=interaction_progress trial=9 partition=3 processed=1900 total=5000 metric=ranking
[pipeline-trace] wall=01:52:56 elapsed=348.244s phase=eval event=interaction_progress trial=9 partition=3 processed=2000 total=5000 metric=ranking
[pipeline-trace] wall=01:52:56 elapsed=348.428s phase=eval event=interaction_progress trial=9 partition=3 processed=2100 total=5000 metric=ranking
[pipeline-trace] wall=01:52:56 elapsed=348.612s phase=eval event=interaction_progress trial=9 partition=3 processed=2200 total=5000 metric=ranking
[pipeline-trace] wall=01:52:56 elapsed=348.813s phase=eval event=interaction_progress trial=9 partition=3 processed=2300 total=5000 metric=ranking
[pipeline-trace] wall=01:52:56 elapsed=348.997s phase=eval event=interaction_progress trial=9 partition=3 processed=2400 total=5000 metric=ranking
[pipeline-trace] wall=01:52:57 elapsed=349.181s phase=eval event=interaction_progress trial=9 partition=3 processed=2500 total=5000 metric=ranking
[pipeline-trace] wall=01:52:57 elapsed=349.366s phase=eval event=interaction_progress trial=9 partition=3 processed=2600 total=5000 metric=ranking
[pipeline-trace] wall=01:52:57 elapsed=349.550s phase=eval event=interaction_progress trial=9 partition=3 processed=2700 total=5000 metric=ranking
[pipeline-trace] wall=01:52:57 elapsed=349.733s phase=eval event=interaction_progress trial=9 partition=3 processed=2800 total=5000 metric=ranking
[pipeline-trace] wall=01:52:57 elapsed=349.918s phase=eval event=interaction_progress trial=9 partition=3 processed=2900 total=5000 metric=ranking
[pipeline-trace] wall=01:52:57 elapsed=350.103s phase=eval event=interaction_progress trial=9 partition=3 processed=3000 total=5000 metric=ranking
[pipeline-trace] wall=01:52:58 elapsed=350.288s phase=eval event=interaction_progress trial=9 partition=3 processed=3100 total=5000 metric=ranking
[pipeline-trace] wall=01:52:58 elapsed=350.455s phase=eval event=interaction_progress trial=9 partition=3 processed=3200 total=5000 metric=ranking
[pipeline-trace] wall=01:52:58 elapsed=350.606s phase=eval event=interaction_progress trial=9 partition=3 processed=3300 total=5000 metric=ranking
[pipeline-trace] wall=01:52:58 elapsed=350.760s phase=eval event=interaction_progress trial=9 partition=3 processed=3400 total=5000 metric=ranking
[pipeline-trace] wall=01:52:58 elapsed=350.914s phase=eval event=interaction_progress trial=9 partition=3 processed=3500 total=5000 metric=ranking
[pipeline-trace] wall=01:52:58 elapsed=351.066s phase=eval event=interaction_progress trial=9 partition=3 processed=3600 total=5000 metric=ranking
[pipeline-trace] wall=01:52:59 elapsed=351.219s phase=eval event=interaction_progress trial=9 partition=3 processed=3700 total=5000 metric=ranking
[pipeline-trace] wall=01:52:59 elapsed=351.349s phase=eval event=interaction_progress trial=9 partition=3 processed=3800 total=5000 metric=ranking
[pipeline-trace] wall=01:52:59 elapsed=351.472s phase=eval event=interaction_progress trial=9 partition=3 processed=3900 total=5000 metric=ranking
[pipeline-trace] wall=01:52:59 elapsed=351.595s phase=eval event=interaction_progress trial=9 partition=3 processed=4000 total=5000 metric=ranking
[pipeline-trace] wall=01:52:59 elapsed=351.725s phase=eval event=interaction_progress trial=9 partition=3 processed=4100 total=5000 metric=ranking
[pipeline-trace] wall=01:52:59 elapsed=351.852s phase=eval event=interaction_progress trial=9 partition=3 processed=4200 total=5000 metric=ranking
[pipeline-trace] wall=01:52:59 elapsed=351.973s phase=eval event=interaction_progress trial=9 partition=3 processed=4300 total=5000 metric=ranking
[pipeline-trace] wall=01:52:59 elapsed=352.103s phase=eval event=interaction_progress trial=9 partition=3 processed=4400 total=5000 metric=ranking
[pipeline-trace] wall=01:53:00 elapsed=352.226s phase=eval event=interaction_progress trial=9 partition=3 processed=4500 total=5000 metric=ranking
[pipeline-trace] wall=01:53:00 elapsed=352.365s phase=eval event=interaction_progress trial=9 partition=3 processed=4600 total=5000 metric=ranking
[pipeline-trace] wall=01:53:00 elapsed=352.505s phase=eval event=interaction_progress trial=9 partition=3 processed=4700 total=5000 metric=ranking
[pipeline-trace] wall=01:53:00 elapsed=352.626s phase=eval event=interaction_progress trial=9 partition=3 processed=4800 total=5000 metric=ranking
[pipeline-trace] wall=01:53:00 elapsed=352.751s phase=eval event=interaction_progress trial=9 partition=3 processed=4900 total=5000 metric=ranking
[pipeline-trace] wall=01:53:00 elapsed=352.875s phase=eval event=interaction_progress trial=9 partition=3 processed=5000 total=5000 metric=ranking
[pipeline-trace] wall=01:53:00 elapsed=352.876s phase=eval event=partition_complete trial=9 partition=3 elapsed_sec=8.116 hits=3641 total=5000
[pipeline-trace] wall=01:53:38 elapsed=388.996s phase=eval event=batch_start trial=10 partitions=[3] synthetic=False
[pipeline-trace] wall=01:53:38 elapsed=388.997s phase=eval event=partition_start trial=10 partition=3 interactions=5000
[pipeline-trace] wall=01:53:38 elapsed=388.997s phase=eval event=interaction_progress trial=10 partition=3 processed=1 total=5000 metric=ranking
[pipeline-trace] wall=01:53:39 elapsed=389.187s phase=eval event=interaction_progress trial=10 partition=3 processed=100 total=5000 metric=ranking
[pipeline-trace] wall=01:53:39 elapsed=389.419s phase=eval event=interaction_progress trial=10 partition=3 processed=200 total=5000 metric=ranking
[pipeline-trace] wall=01:53:39 elapsed=389.603s phase=eval event=interaction_progress trial=10 partition=3 processed=300 total=5000 metric=ranking
[pipeline-trace] wall=01:53:39 elapsed=389.805s phase=eval event=interaction_progress trial=10 partition=3 processed=400 total=5000 metric=ranking
[pipeline-trace] wall=01:53:39 elapsed=390.008s phase=eval event=interaction_progress trial=10 partition=3 processed=500 total=5000 metric=ranking
[pipeline-trace] wall=01:53:40 elapsed=390.211s phase=eval event=interaction_progress trial=10 partition=3 processed=600 total=5000 metric=ranking
[pipeline-trace] wall=01:53:40 elapsed=390.415s phase=eval event=interaction_progress trial=10 partition=3 processed=700 total=5000 metric=ranking
[pipeline-trace] wall=01:53:40 elapsed=390.621s phase=eval event=interaction_progress trial=10 partition=3 processed=800 total=5000 metric=ranking
[pipeline-trace] wall=01:53:40 elapsed=390.839s phase=eval event=interaction_progress trial=10 partition=3 processed=900 total=5000 metric=ranking
[pipeline-trace] wall=01:53:41 elapsed=391.054s phase=eval event=interaction_progress trial=10 partition=3 processed=1000 total=5000 metric=ranking
[pipeline-trace] wall=01:53:41 elapsed=391.267s phase=eval event=interaction_progress trial=10 partition=3 processed=1100 total=5000 metric=ranking
[pipeline-trace] wall=01:53:41 elapsed=391.481s phase=eval event=interaction_progress trial=10 partition=3 processed=1200 total=5000 metric=ranking
[pipeline-trace] wall=01:53:41 elapsed=391.696s phase=eval event=interaction_progress trial=10 partition=3 processed=1300 total=5000 metric=ranking
[pipeline-trace] wall=01:53:41 elapsed=391.910s phase=eval event=interaction_progress trial=10 partition=3 processed=1400 total=5000 metric=ranking
[pipeline-trace] wall=01:53:42 elapsed=392.123s phase=eval event=interaction_progress trial=10 partition=3 processed=1500 total=5000 metric=ranking
[pipeline-trace] wall=01:53:42 elapsed=392.338s phase=eval event=interaction_progress trial=10 partition=3 processed=1600 total=5000 metric=ranking
[pipeline-trace] wall=01:53:42 elapsed=392.553s phase=eval event=interaction_progress trial=10 partition=3 processed=1700 total=5000 metric=ranking
[pipeline-trace] wall=01:53:42 elapsed=392.771s phase=eval event=interaction_progress trial=10 partition=3 processed=1800 total=5000 metric=ranking
[pipeline-trace] wall=01:53:42 elapsed=392.986s phase=eval event=interaction_progress trial=10 partition=3 processed=1900 total=5000 metric=ranking
[pipeline-trace] wall=01:53:43 elapsed=393.210s phase=eval event=interaction_progress trial=10 partition=3 processed=2000 total=5000 metric=ranking
[pipeline-trace] wall=01:53:43 elapsed=393.482s phase=eval event=interaction_progress trial=10 partition=3 processed=2100 total=5000 metric=ranking
[pipeline-trace] wall=01:53:43 elapsed=393.708s phase=eval event=interaction_progress trial=10 partition=3 processed=2200 total=5000 metric=ranking
[pipeline-trace] wall=01:53:43 elapsed=393.930s phase=eval event=interaction_progress trial=10 partition=3 processed=2300 total=5000 metric=ranking
[pipeline-trace] wall=01:53:44 elapsed=394.151s phase=eval event=interaction_progress trial=10 partition=3 processed=2400 total=5000 metric=ranking
[pipeline-trace] wall=01:53:44 elapsed=394.369s phase=eval event=interaction_progress trial=10 partition=3 processed=2500 total=5000 metric=ranking
[pipeline-trace] wall=01:53:44 elapsed=394.619s phase=eval event=interaction_progress trial=10 partition=3 processed=2600 total=5000 metric=ranking
[pipeline-trace] wall=01:53:44 elapsed=394.828s phase=eval event=interaction_progress trial=10 partition=3 processed=2700 total=5000 metric=ranking
[pipeline-trace] wall=01:53:45 elapsed=395.031s phase=eval event=interaction_progress trial=10 partition=3 processed=2800 total=5000 metric=ranking
[pipeline-trace] wall=01:53:45 elapsed=395.235s phase=eval event=interaction_progress trial=10 partition=3 processed=2900 total=5000 metric=ranking
[pipeline-trace] wall=01:53:45 elapsed=395.441s phase=eval event=interaction_progress trial=10 partition=3 processed=3000 total=5000 metric=ranking
[pipeline-trace] wall=01:53:45 elapsed=395.648s phase=eval event=interaction_progress trial=10 partition=3 processed=3100 total=5000 metric=ranking
[pipeline-trace] wall=01:53:45 elapsed=395.877s phase=eval event=interaction_progress trial=10 partition=3 processed=3200 total=5000 metric=ranking
[pipeline-trace] wall=01:53:46 elapsed=396.083s phase=eval event=interaction_progress trial=10 partition=3 processed=3300 total=5000 metric=ranking
[pipeline-trace] wall=01:53:46 elapsed=396.303s phase=eval event=interaction_progress trial=10 partition=3 processed=3400 total=5000 metric=ranking
[pipeline-trace] wall=01:53:46 elapsed=396.525s phase=eval event=interaction_progress trial=10 partition=3 processed=3500 total=5000 metric=ranking
[pipeline-trace] wall=01:53:46 elapsed=396.749s phase=eval event=interaction_progress trial=10 partition=3 processed=3600 total=5000 metric=ranking
[pipeline-trace] wall=01:53:46 elapsed=396.969s phase=eval event=interaction_progress trial=10 partition=3 processed=3700 total=5000 metric=ranking
[pipeline-trace] wall=01:53:47 elapsed=397.188s phase=eval event=interaction_progress trial=10 partition=3 processed=3800 total=5000 metric=ranking
[pipeline-trace] wall=01:53:47 elapsed=397.407s phase=eval event=interaction_progress trial=10 partition=3 processed=3900 total=5000 metric=ranking
[pipeline-trace] wall=01:53:47 elapsed=397.627s phase=eval event=interaction_progress trial=10 partition=3 processed=4000 total=5000 metric=ranking
[pipeline-trace] wall=01:53:47 elapsed=397.843s phase=eval event=interaction_progress trial=10 partition=3 processed=4100 total=5000 metric=ranking
[pipeline-trace] wall=01:53:48 elapsed=398.060s phase=eval event=interaction_progress trial=10 partition=3 processed=4200 total=5000 metric=ranking
[pipeline-trace] wall=01:53:48 elapsed=398.295s phase=eval event=interaction_progress trial=10 partition=3 processed=4300 total=5000 metric=ranking
[pipeline-trace] wall=01:53:48 elapsed=398.538s phase=eval event=interaction_progress trial=10 partition=3 processed=4400 total=5000 metric=ranking
[pipeline-trace] wall=01:53:48 elapsed=398.757s phase=eval event=interaction_progress trial=10 partition=3 processed=4500 total=5000 metric=ranking
[pipeline-trace] wall=01:53:48 elapsed=398.963s phase=eval event=interaction_progress trial=10 partition=3 processed=4600 total=5000 metric=ranking
[pipeline-trace] wall=01:53:49 elapsed=399.171s phase=eval event=interaction_progress trial=10 partition=3 processed=4700 total=5000 metric=ranking
[pipeline-trace] wall=01:53:49 elapsed=399.377s phase=eval event=interaction_progress trial=10 partition=3 processed=4800 total=5000 metric=ranking
[pipeline-trace] wall=01:53:49 elapsed=399.585s phase=eval event=interaction_progress trial=10 partition=3 processed=4900 total=5000 metric=ranking
[pipeline-trace] wall=01:53:49 elapsed=399.791s phase=eval event=interaction_progress trial=10 partition=3 processed=5000 total=5000 metric=ranking
[pipeline-trace] wall=01:53:49 elapsed=399.793s phase=eval event=partition_complete trial=10 partition=3 elapsed_sec=10.797 hits=4039 total=5000
[pipeline-trace] wall=01:53:53 elapsed=405.731s phase=eval event=batch_start trial=13 partitions=[3] synthetic=False
[pipeline-trace] wall=01:53:53 elapsed=405.731s phase=eval event=partition_start trial=13 partition=3 interactions=5000
[pipeline-trace] wall=01:53:53 elapsed=405.731s phase=eval event=interaction_progress trial=13 partition=3 processed=1 total=5000 metric=ranking
[pipeline-trace] wall=01:53:53 elapsed=405.890s phase=eval event=interaction_progress trial=13 partition=3 processed=100 total=5000 metric=ranking
[pipeline-trace] wall=01:53:53 elapsed=406.035s phase=eval event=interaction_progress trial=13 partition=3 processed=200 total=5000 metric=ranking
[pipeline-trace] wall=01:53:54 elapsed=406.181s phase=eval event=interaction_progress trial=13 partition=3 processed=300 total=5000 metric=ranking
[pipeline-trace] wall=01:53:54 elapsed=406.326s phase=eval event=interaction_progress trial=13 partition=3 processed=400 total=5000 metric=ranking
[pipeline-trace] wall=01:53:54 elapsed=406.472s phase=eval event=interaction_progress trial=13 partition=3 processed=500 total=5000 metric=ranking
[pipeline-trace] wall=01:53:54 elapsed=406.618s phase=eval event=interaction_progress trial=13 partition=3 processed=600 total=5000 metric=ranking
[pipeline-trace] wall=01:53:54 elapsed=406.769s phase=eval event=interaction_progress trial=13 partition=3 processed=700 total=5000 metric=ranking
[pipeline-trace] wall=01:53:54 elapsed=406.916s phase=eval event=interaction_progress trial=13 partition=3 processed=800 total=5000 metric=ranking
[pipeline-trace] wall=01:53:54 elapsed=407.062s phase=eval event=interaction_progress trial=13 partition=3 processed=900 total=5000 metric=ranking
[pipeline-trace] wall=01:53:55 elapsed=407.209s phase=eval event=interaction_progress trial=13 partition=3 processed=1000 total=5000 metric=ranking
[pipeline-trace] wall=01:53:55 elapsed=407.355s phase=eval event=interaction_progress trial=13 partition=3 processed=1100 total=5000 metric=ranking
[pipeline-trace] wall=01:53:55 elapsed=407.500s phase=eval event=interaction_progress trial=13 partition=3 processed=1200 total=5000 metric=ranking
[pipeline-trace] wall=01:53:55 elapsed=407.643s phase=eval event=interaction_progress trial=13 partition=3 processed=1300 total=5000 metric=ranking
[pipeline-trace] wall=01:53:55 elapsed=407.787s phase=eval event=interaction_progress trial=13 partition=3 processed=1400 total=5000 metric=ranking
[pipeline-trace] wall=01:53:55 elapsed=407.929s phase=eval event=interaction_progress trial=13 partition=3 processed=1500 total=5000 metric=ranking
[pipeline-trace] wall=01:53:55 elapsed=408.071s phase=eval event=interaction_progress trial=13 partition=3 processed=1600 total=5000 metric=ranking
[pipeline-trace] wall=01:53:56 elapsed=408.213s phase=eval event=interaction_progress trial=13 partition=3 processed=1700 total=5000 metric=ranking
[pipeline-trace] wall=01:53:56 elapsed=408.356s phase=eval event=interaction_progress trial=13 partition=3 processed=1800 total=5000 metric=ranking
[pipeline-trace] wall=01:53:56 elapsed=408.500s phase=eval event=interaction_progress trial=13 partition=3 processed=1900 total=5000 metric=ranking
[pipeline-trace] wall=01:53:56 elapsed=408.642s phase=eval event=interaction_progress trial=13 partition=3 processed=2000 total=5000 metric=ranking
[pipeline-trace] wall=01:53:56 elapsed=408.788s phase=eval event=interaction_progress trial=13 partition=3 processed=2100 total=5000 metric=ranking
[pipeline-trace] wall=01:53:56 elapsed=408.931s phase=eval event=interaction_progress trial=13 partition=3 processed=2200 total=5000 metric=ranking
[pipeline-trace] wall=01:53:56 elapsed=409.078s phase=eval event=interaction_progress trial=13 partition=3 processed=2300 total=5000 metric=ranking
[pipeline-trace] wall=01:53:57 elapsed=409.224s phase=eval event=interaction_progress trial=13 partition=3 processed=2400 total=5000 metric=ranking
[pipeline-trace] wall=01:53:57 elapsed=409.370s phase=eval event=interaction_progress trial=13 partition=3 processed=2500 total=5000 metric=ranking
[pipeline-trace] wall=01:53:57 elapsed=409.515s phase=eval event=interaction_progress trial=13 partition=3 processed=2600 total=5000 metric=ranking
[pipeline-trace] wall=01:53:57 elapsed=409.659s phase=eval event=interaction_progress trial=13 partition=3 processed=2700 total=5000 metric=ranking
[pipeline-trace] wall=01:53:57 elapsed=409.805s phase=eval event=interaction_progress trial=13 partition=3 processed=2800 total=5000 metric=ranking
[pipeline-trace] wall=01:53:57 elapsed=409.948s phase=eval event=interaction_progress trial=13 partition=3 processed=2900 total=5000 metric=ranking
[pipeline-trace] wall=01:53:57 elapsed=410.092s phase=eval event=interaction_progress trial=13 partition=3 processed=3000 total=5000 metric=ranking
[pipeline-trace] wall=01:53:58 elapsed=410.236s phase=eval event=interaction_progress trial=13 partition=3 processed=3100 total=5000 metric=ranking
[pipeline-trace] wall=01:53:58 elapsed=410.379s phase=eval event=interaction_progress trial=13 partition=3 processed=3200 total=5000 metric=ranking
[pipeline-trace] wall=01:53:58 elapsed=410.525s phase=eval event=interaction_progress trial=13 partition=3 processed=3300 total=5000 metric=ranking
[pipeline-trace] wall=01:53:58 elapsed=410.670s phase=eval event=interaction_progress trial=13 partition=3 processed=3400 total=5000 metric=ranking
[pipeline-trace] wall=01:53:58 elapsed=410.808s phase=eval event=interaction_progress trial=13 partition=3 processed=3500 total=5000 metric=ranking
[pipeline-trace] wall=01:53:58 elapsed=410.901s phase=eval event=interaction_progress trial=13 partition=3 processed=3600 total=5000 metric=ranking
[pipeline-trace] wall=01:53:58 elapsed=410.994s phase=eval event=interaction_progress trial=13 partition=3 processed=3700 total=5000 metric=ranking
[pipeline-trace] wall=01:53:58 elapsed=411.087s phase=eval event=interaction_progress trial=13 partition=3 processed=3800 total=5000 metric=ranking
[pipeline-trace] wall=01:53:59 elapsed=411.179s phase=eval event=interaction_progress trial=13 partition=3 processed=3900 total=5000 metric=ranking
[pipeline-trace] wall=01:53:59 elapsed=411.272s phase=eval event=interaction_progress trial=13 partition=3 processed=4000 total=5000 metric=ranking
[pipeline-trace] wall=01:53:59 elapsed=411.365s phase=eval event=interaction_progress trial=13 partition=3 processed=4100 total=5000 metric=ranking
[pipeline-trace] wall=01:53:59 elapsed=411.457s phase=eval event=interaction_progress trial=13 partition=3 processed=4200 total=5000 metric=ranking
[pipeline-trace] wall=01:53:59 elapsed=411.550s phase=eval event=interaction_progress trial=13 partition=3 processed=4300 total=5000 metric=ranking
[pipeline-trace] wall=01:53:59 elapsed=411.643s phase=eval event=interaction_progress trial=13 partition=3 processed=4400 total=5000 metric=ranking
[pipeline-trace] wall=01:53:59 elapsed=411.740s phase=eval event=interaction_progress trial=13 partition=3 processed=4500 total=5000 metric=ranking
[pipeline-trace] wall=01:53:59 elapsed=411.833s phase=eval event=interaction_progress trial=13 partition=3 processed=4600 total=5000 metric=ranking
[pipeline-trace] wall=01:53:59 elapsed=411.927s phase=eval event=interaction_progress trial=13 partition=3 processed=4700 total=5000 metric=ranking
[pipeline-trace] wall=01:53:59 elapsed=412.020s phase=eval event=interaction_progress trial=13 partition=3 processed=4800 total=5000 metric=ranking
[pipeline-trace] wall=01:53:59 elapsed=412.114s phase=eval event=interaction_progress trial=13 partition=3 processed=4900 total=5000 metric=ranking
[pipeline-trace] wall=01:54:00 elapsed=412.208s phase=eval event=interaction_progress trial=13 partition=3 processed=5000 total=5000 metric=ranking
[pipeline-trace] wall=01:54:00 elapsed=412.209s phase=eval event=partition_complete trial=13 partition=3 elapsed_sec=6.478 hits=4925 total=5000
[pipeline-trace] wall=01:54:01 elapsed=409.412s phase=eval event=batch_start trial=11 partitions=[3] synthetic=False
[pipeline-trace] wall=01:54:01 elapsed=409.412s phase=eval event=partition_start trial=11 partition=3 interactions=5000
[pipeline-trace] wall=01:54:01 elapsed=409.413s phase=eval event=interaction_progress trial=11 partition=3 processed=1 total=5000 metric=ranking
[pipeline-trace] wall=01:54:01 elapsed=409.571s phase=eval event=interaction_progress trial=11 partition=3 processed=100 total=5000 metric=ranking
[pipeline-trace] wall=01:54:01 elapsed=409.727s phase=eval event=interaction_progress trial=11 partition=3 processed=200 total=5000 metric=ranking
[pipeline-trace] wall=01:54:01 elapsed=409.894s phase=eval event=interaction_progress trial=11 partition=3 processed=300 total=5000 metric=ranking
[pipeline-trace] wall=01:54:01 elapsed=410.055s phase=eval event=interaction_progress trial=11 partition=3 processed=400 total=5000 metric=ranking
[pipeline-trace] wall=01:54:01 elapsed=410.216s phase=eval event=interaction_progress trial=11 partition=3 processed=500 total=5000 metric=ranking
[pipeline-trace] wall=01:54:02 elapsed=410.342s phase=eval event=interaction_progress trial=11 partition=3 processed=600 total=5000 metric=ranking
[pipeline-trace] wall=01:54:02 elapsed=410.481s phase=eval event=interaction_progress trial=11 partition=3 processed=700 total=5000 metric=ranking
[pipeline-trace] wall=01:54:02 elapsed=410.604s phase=eval event=interaction_progress trial=11 partition=3 processed=800 total=5000 metric=ranking
[pipeline-trace] wall=01:54:02 elapsed=410.730s phase=eval event=interaction_progress trial=11 partition=3 processed=900 total=5000 metric=ranking
[pipeline-trace] wall=01:54:02 elapsed=410.857s phase=eval event=interaction_progress trial=11 partition=3 processed=1000 total=5000 metric=ranking
[pipeline-trace] wall=01:54:02 elapsed=410.983s phase=eval event=interaction_progress trial=11 partition=3 processed=1100 total=5000 metric=ranking
[pipeline-trace] wall=01:54:02 elapsed=411.109s phase=eval event=interaction_progress trial=11 partition=3 processed=1200 total=5000 metric=ranking
[pipeline-trace] wall=01:54:02 elapsed=411.235s phase=eval event=interaction_progress trial=11 partition=3 processed=1300 total=5000 metric=ranking
[pipeline-trace] wall=01:54:03 elapsed=411.362s phase=eval event=interaction_progress trial=11 partition=3 processed=1400 total=5000 metric=ranking
[pipeline-trace] wall=01:54:03 elapsed=411.488s phase=eval event=interaction_progress trial=11 partition=3 processed=1500 total=5000 metric=ranking
[pipeline-trace] wall=01:54:03 elapsed=411.613s phase=eval event=interaction_progress trial=11 partition=3 processed=1600 total=5000 metric=ranking
[pipeline-trace] wall=01:54:03 elapsed=411.738s phase=eval event=interaction_progress trial=11 partition=3 processed=1700 total=5000 metric=ranking
[pipeline-trace] wall=01:54:03 elapsed=411.866s phase=eval event=interaction_progress trial=11 partition=3 processed=1800 total=5000 metric=ranking
[pipeline-trace] wall=01:54:03 elapsed=411.991s phase=eval event=interaction_progress trial=11 partition=3 processed=1900 total=5000 metric=ranking
[pipeline-trace] wall=01:54:03 elapsed=412.115s phase=eval event=interaction_progress trial=11 partition=3 processed=2000 total=5000 metric=ranking
[pipeline-trace] wall=01:54:03 elapsed=412.241s phase=eval event=interaction_progress trial=11 partition=3 processed=2100 total=5000 metric=ranking
[pipeline-trace] wall=01:54:04 elapsed=412.366s phase=eval event=interaction_progress trial=11 partition=3 processed=2200 total=5000 metric=ranking
[pipeline-trace] wall=01:54:04 elapsed=412.491s phase=eval event=interaction_progress trial=11 partition=3 processed=2300 total=5000 metric=ranking
[pipeline-trace] wall=01:54:04 elapsed=412.616s phase=eval event=interaction_progress trial=11 partition=3 processed=2400 total=5000 metric=ranking
[pipeline-trace] wall=01:54:04 elapsed=412.742s phase=eval event=interaction_progress trial=11 partition=3 processed=2500 total=5000 metric=ranking
[pipeline-trace] wall=01:54:04 elapsed=412.870s phase=eval event=interaction_progress trial=11 partition=3 processed=2600 total=5000 metric=ranking
[pipeline-trace] wall=01:54:04 elapsed=412.996s phase=eval event=interaction_progress trial=11 partition=3 processed=2700 total=5000 metric=ranking
[pipeline-trace] wall=01:54:04 elapsed=413.122s phase=eval event=interaction_progress trial=11 partition=3 processed=2800 total=5000 metric=ranking
[pipeline-trace] wall=01:54:04 elapsed=413.249s phase=eval event=interaction_progress trial=11 partition=3 processed=2900 total=5000 metric=ranking
[pipeline-trace] wall=01:54:05 elapsed=413.376s phase=eval event=interaction_progress trial=11 partition=3 processed=3000 total=5000 metric=ranking
[pipeline-trace] wall=01:54:05 elapsed=413.503s phase=eval event=interaction_progress trial=11 partition=3 processed=3100 total=5000 metric=ranking
[pipeline-trace] wall=01:54:05 elapsed=413.630s phase=eval event=interaction_progress trial=11 partition=3 processed=3200 total=5000 metric=ranking
[pipeline-trace] wall=01:54:05 elapsed=413.756s phase=eval event=interaction_progress trial=11 partition=3 processed=3300 total=5000 metric=ranking
[pipeline-trace] wall=01:54:05 elapsed=413.883s phase=eval event=interaction_progress trial=11 partition=3 processed=3400 total=5000 metric=ranking
[pipeline-trace] wall=01:54:05 elapsed=414.009s phase=eval event=interaction_progress trial=11 partition=3 processed=3500 total=5000 metric=ranking
[pipeline-trace] wall=01:54:05 elapsed=414.135s phase=eval event=interaction_progress trial=11 partition=3 processed=3600 total=5000 metric=ranking
[pipeline-trace] wall=01:54:05 elapsed=414.261s phase=eval event=interaction_progress trial=11 partition=3 processed=3700 total=5000 metric=ranking
[pipeline-trace] wall=01:54:06 elapsed=414.388s phase=eval event=interaction_progress trial=11 partition=3 processed=3800 total=5000 metric=ranking
[pipeline-trace] wall=01:54:06 elapsed=414.515s phase=eval event=interaction_progress trial=11 partition=3 processed=3900 total=5000 metric=ranking
[pipeline-trace] wall=01:54:06 elapsed=414.642s phase=eval event=interaction_progress trial=11 partition=3 processed=4000 total=5000 metric=ranking
[pipeline-trace] wall=01:54:06 elapsed=414.768s phase=eval event=interaction_progress trial=11 partition=3 processed=4100 total=5000 metric=ranking
[pipeline-trace] wall=01:54:06 elapsed=414.896s phase=eval event=interaction_progress trial=11 partition=3 processed=4200 total=5000 metric=ranking
[pipeline-trace] wall=01:54:06 elapsed=415.022s phase=eval event=interaction_progress trial=11 partition=3 processed=4300 total=5000 metric=ranking
[pipeline-trace] wall=01:54:06 elapsed=415.148s phase=eval event=interaction_progress trial=11 partition=3 processed=4400 total=5000 metric=ranking
[pipeline-trace] wall=01:54:07 elapsed=415.274s phase=eval event=interaction_progress trial=11 partition=3 processed=4500 total=5000 metric=ranking
[pipeline-trace] wall=01:54:07 elapsed=415.401s phase=eval event=interaction_progress trial=11 partition=3 processed=4600 total=5000 metric=ranking
[pipeline-trace] wall=01:54:07 elapsed=415.526s phase=eval event=interaction_progress trial=11 partition=3 processed=4700 total=5000 metric=ranking
[pipeline-trace] wall=01:54:07 elapsed=415.652s phase=eval event=interaction_progress trial=11 partition=3 processed=4800 total=5000 metric=ranking
[pipeline-trace] wall=01:54:07 elapsed=415.778s phase=eval event=interaction_progress trial=11 partition=3 processed=4900 total=5000 metric=ranking
[pipeline-trace] wall=01:54:07 elapsed=415.906s phase=eval event=interaction_progress trial=11 partition=3 processed=5000 total=5000 metric=ranking
[pipeline-trace] wall=01:54:07 elapsed=415.908s phase=eval event=partition_complete trial=11 partition=3 elapsed_sec=6.495 hits=4433 total=5000
[pipeline-trace] wall=01:55:01 elapsed=470.058s phase=eval event=batch_start trial=15 partitions=[3] synthetic=False
[pipeline-trace] wall=01:55:01 elapsed=470.059s phase=eval event=partition_start trial=15 partition=3 interactions=5000
[pipeline-trace] wall=01:55:01 elapsed=470.059s phase=eval event=interaction_progress trial=15 partition=3 processed=1 total=5000 metric=ranking
[pipeline-trace] wall=01:55:01 elapsed=470.179s phase=eval event=interaction_progress trial=15 partition=3 processed=100 total=5000 metric=ranking
[pipeline-trace] wall=01:55:02 elapsed=470.297s phase=eval event=interaction_progress trial=15 partition=3 processed=200 total=5000 metric=ranking
[pipeline-trace] wall=01:55:02 elapsed=470.415s phase=eval event=interaction_progress trial=15 partition=3 processed=300 total=5000 metric=ranking
[pipeline-trace] wall=01:55:02 elapsed=470.532s phase=eval event=interaction_progress trial=15 partition=3 processed=400 total=5000 metric=ranking
[pipeline-trace] wall=01:55:02 elapsed=470.656s phase=eval event=interaction_progress trial=15 partition=3 processed=500 total=5000 metric=ranking
[pipeline-trace] wall=01:55:02 elapsed=470.794s phase=eval event=interaction_progress trial=15 partition=3 processed=600 total=5000 metric=ranking
[pipeline-trace] wall=01:55:02 elapsed=470.942s phase=eval event=interaction_progress trial=15 partition=3 processed=700 total=5000 metric=ranking
[pipeline-trace] wall=01:55:02 elapsed=471.096s phase=eval event=interaction_progress trial=15 partition=3 processed=800 total=5000 metric=ranking
[pipeline-trace] wall=01:55:02 elapsed=471.239s phase=eval event=interaction_progress trial=15 partition=3 processed=900 total=5000 metric=ranking
[pipeline-trace] wall=01:55:03 elapsed=471.381s phase=eval event=interaction_progress trial=15 partition=3 processed=1000 total=5000 metric=ranking
[pipeline-trace] wall=01:55:03 elapsed=471.528s phase=eval event=interaction_progress trial=15 partition=3 processed=1100 total=5000 metric=ranking
[pipeline-trace] wall=01:55:03 elapsed=471.674s phase=eval event=interaction_progress trial=15 partition=3 processed=1200 total=5000 metric=ranking
[pipeline-trace] wall=01:55:03 elapsed=471.819s phase=eval event=interaction_progress trial=15 partition=3 processed=1300 total=5000 metric=ranking
[pipeline-trace] wall=01:55:03 elapsed=471.966s phase=eval event=interaction_progress trial=15 partition=3 processed=1400 total=5000 metric=ranking
[pipeline-trace] wall=01:55:03 elapsed=472.110s phase=eval event=interaction_progress trial=15 partition=3 processed=1500 total=5000 metric=ranking
[pipeline-trace] wall=01:55:03 elapsed=472.258s phase=eval event=interaction_progress trial=15 partition=3 processed=1600 total=5000 metric=ranking
[pipeline-trace] wall=01:55:04 elapsed=472.405s phase=eval event=interaction_progress trial=15 partition=3 processed=1700 total=5000 metric=ranking
[pipeline-trace] wall=01:55:04 elapsed=472.544s phase=eval event=interaction_progress trial=15 partition=3 processed=1800 total=5000 metric=ranking
[pipeline-trace] wall=01:55:04 elapsed=472.691s phase=eval event=interaction_progress trial=15 partition=3 processed=1900 total=5000 metric=ranking
[pipeline-trace] wall=01:55:04 elapsed=472.839s phase=eval event=interaction_progress trial=15 partition=3 processed=2000 total=5000 metric=ranking
[pipeline-trace] wall=01:55:04 elapsed=472.979s phase=eval event=interaction_progress trial=15 partition=3 processed=2100 total=5000 metric=ranking
[pipeline-trace] wall=01:55:04 elapsed=473.119s phase=eval event=interaction_progress trial=15 partition=3 processed=2200 total=5000 metric=ranking
[pipeline-trace] wall=01:55:04 elapsed=473.261s phase=eval event=interaction_progress trial=15 partition=3 processed=2300 total=5000 metric=ranking
[pipeline-trace] wall=01:55:05 elapsed=473.402s phase=eval event=interaction_progress trial=15 partition=3 processed=2400 total=5000 metric=ranking
[pipeline-trace] wall=01:55:05 elapsed=473.543s phase=eval event=interaction_progress trial=15 partition=3 processed=2500 total=5000 metric=ranking
[pipeline-trace] wall=01:55:05 elapsed=473.686s phase=eval event=interaction_progress trial=15 partition=3 processed=2600 total=5000 metric=ranking
[pipeline-trace] wall=01:55:05 elapsed=473.831s phase=eval event=interaction_progress trial=15 partition=3 processed=2700 total=5000 metric=ranking
[pipeline-trace] wall=01:55:05 elapsed=473.974s phase=eval event=interaction_progress trial=15 partition=3 processed=2800 total=5000 metric=ranking
[pipeline-trace] wall=01:55:05 elapsed=474.116s phase=eval event=interaction_progress trial=15 partition=3 processed=2900 total=5000 metric=ranking
[pipeline-trace] wall=01:55:05 elapsed=474.259s phase=eval event=interaction_progress trial=15 partition=3 processed=3000 total=5000 metric=ranking
[pipeline-trace] wall=01:55:06 elapsed=474.405s phase=eval event=interaction_progress trial=15 partition=3 processed=3100 total=5000 metric=ranking
[pipeline-trace] wall=01:55:06 elapsed=474.573s phase=eval event=interaction_progress trial=15 partition=3 processed=3200 total=5000 metric=ranking
[pipeline-trace] wall=01:55:06 elapsed=474.715s phase=eval event=interaction_progress trial=15 partition=3 processed=3300 total=5000 metric=ranking
[pipeline-trace] wall=01:55:06 elapsed=474.861s phase=eval event=interaction_progress trial=15 partition=3 processed=3400 total=5000 metric=ranking
[pipeline-trace] wall=01:55:06 elapsed=475.004s phase=eval event=interaction_progress trial=15 partition=3 processed=3500 total=5000 metric=ranking
[pipeline-trace] wall=01:55:06 elapsed=475.148s phase=eval event=interaction_progress trial=15 partition=3 processed=3600 total=5000 metric=ranking
[pipeline-trace] wall=01:55:07 elapsed=475.292s phase=eval event=interaction_progress trial=15 partition=3 processed=3700 total=5000 metric=ranking
[pipeline-trace] wall=01:55:07 elapsed=475.436s phase=eval event=interaction_progress trial=15 partition=3 processed=3800 total=5000 metric=ranking
[pipeline-trace] wall=01:55:07 elapsed=475.580s phase=eval event=interaction_progress trial=15 partition=3 processed=3900 total=5000 metric=ranking
[pipeline-trace] wall=01:55:07 elapsed=475.724s phase=eval event=interaction_progress trial=15 partition=3 processed=4000 total=5000 metric=ranking
[pipeline-trace] wall=01:55:07 elapsed=475.870s phase=eval event=interaction_progress trial=15 partition=3 processed=4100 total=5000 metric=ranking
[pipeline-trace] wall=01:55:07 elapsed=476.014s phase=eval event=interaction_progress trial=15 partition=3 processed=4200 total=5000 metric=ranking
[pipeline-trace] wall=01:55:07 elapsed=476.158s phase=eval event=interaction_progress trial=15 partition=3 processed=4300 total=5000 metric=ranking
[pipeline-trace] wall=01:55:08 elapsed=476.303s phase=eval event=interaction_progress trial=15 partition=3 processed=4400 total=5000 metric=ranking
[pipeline-trace] wall=01:55:08 elapsed=476.447s phase=eval event=interaction_progress trial=15 partition=3 processed=4500 total=5000 metric=ranking
[pipeline-trace] wall=01:55:08 elapsed=476.575s phase=eval event=interaction_progress trial=15 partition=3 processed=4600 total=5000 metric=ranking
[pipeline-trace] wall=01:55:08 elapsed=476.672s phase=eval event=interaction_progress trial=15 partition=3 processed=4700 total=5000 metric=ranking
[pipeline-trace] wall=01:55:08 elapsed=476.766s phase=eval event=interaction_progress trial=15 partition=3 processed=4800 total=5000 metric=ranking
[pipeline-trace] wall=01:55:08 elapsed=476.862s phase=eval event=interaction_progress trial=15 partition=3 processed=4900 total=5000 metric=ranking
[pipeline-trace] wall=01:55:08 elapsed=476.973s phase=eval event=interaction_progress trial=15 partition=3 processed=5000 total=5000 metric=ranking
[pipeline-trace] wall=01:55:08 elapsed=476.975s phase=eval event=partition_complete trial=15 partition=3 elapsed_sec=6.917 hits=4549 total=5000
[pipeline-trace] wall=01:55:10 elapsed=480.308s phase=eval event=batch_start trial=12 partitions=[3] synthetic=False
[pipeline-trace] wall=01:55:10 elapsed=480.308s phase=eval event=partition_start trial=12 partition=3 interactions=5000
[pipeline-trace] wall=01:55:10 elapsed=480.308s phase=eval event=interaction_progress trial=12 partition=3 processed=1 total=5000 metric=ranking
[pipeline-trace] wall=01:55:10 elapsed=480.518s phase=eval event=interaction_progress trial=12 partition=3 processed=100 total=5000 metric=ranking
[pipeline-trace] wall=01:55:10 elapsed=480.729s phase=eval event=interaction_progress trial=12 partition=3 processed=200 total=5000 metric=ranking
[pipeline-trace] wall=01:55:10 elapsed=480.937s phase=eval event=interaction_progress trial=12 partition=3 processed=300 total=5000 metric=ranking
[pipeline-trace] wall=01:55:11 elapsed=481.147s phase=eval event=interaction_progress trial=12 partition=3 processed=400 total=5000 metric=ranking
[pipeline-trace] wall=01:55:11 elapsed=481.356s phase=eval event=interaction_progress trial=12 partition=3 processed=500 total=5000 metric=ranking
[pipeline-trace] wall=01:55:11 elapsed=481.563s phase=eval event=interaction_progress trial=12 partition=3 processed=600 total=5000 metric=ranking
[pipeline-trace] wall=01:55:11 elapsed=481.769s phase=eval event=interaction_progress trial=12 partition=3 processed=700 total=5000 metric=ranking
[pipeline-trace] wall=01:55:11 elapsed=481.971s phase=eval event=interaction_progress trial=12 partition=3 processed=800 total=5000 metric=ranking
[pipeline-trace] wall=01:55:12 elapsed=482.176s phase=eval event=interaction_progress trial=12 partition=3 processed=900 total=5000 metric=ranking
[pipeline-trace] wall=01:55:12 elapsed=482.389s phase=eval event=interaction_progress trial=12 partition=3 processed=1000 total=5000 metric=ranking
[pipeline-trace] wall=01:55:12 elapsed=482.611s phase=eval event=interaction_progress trial=12 partition=3 processed=1100 total=5000 metric=ranking
[pipeline-trace] wall=01:55:12 elapsed=482.819s phase=eval event=interaction_progress trial=12 partition=3 processed=1200 total=5000 metric=ranking
[pipeline-trace] wall=01:55:13 elapsed=483.029s phase=eval event=interaction_progress trial=12 partition=3 processed=1300 total=5000 metric=ranking
[pipeline-trace] wall=01:55:13 elapsed=483.240s phase=eval event=interaction_progress trial=12 partition=3 processed=1400 total=5000 metric=ranking
[pipeline-trace] wall=01:55:13 elapsed=483.454s phase=eval event=interaction_progress trial=12 partition=3 processed=1500 total=5000 metric=ranking
[pipeline-trace] wall=01:55:13 elapsed=483.667s phase=eval event=interaction_progress trial=12 partition=3 processed=1600 total=5000 metric=ranking
[pipeline-trace] wall=01:55:13 elapsed=483.878s phase=eval event=interaction_progress trial=12 partition=3 processed=1700 total=5000 metric=ranking
[pipeline-trace] wall=01:55:14 elapsed=484.091s phase=eval event=interaction_progress trial=12 partition=3 processed=1800 total=5000 metric=ranking
[pipeline-trace] wall=01:55:14 elapsed=484.301s phase=eval event=interaction_progress trial=12 partition=3 processed=1900 total=5000 metric=ranking
[pipeline-trace] wall=01:55:14 elapsed=484.513s phase=eval event=interaction_progress trial=12 partition=3 processed=2000 total=5000 metric=ranking
[pipeline-trace] wall=01:55:14 elapsed=484.725s phase=eval event=interaction_progress trial=12 partition=3 processed=2100 total=5000 metric=ranking
[pipeline-trace] wall=01:55:14 elapsed=484.935s phase=eval event=interaction_progress trial=12 partition=3 processed=2200 total=5000 metric=ranking
[pipeline-trace] wall=01:55:15 elapsed=485.147s phase=eval event=interaction_progress trial=12 partition=3 processed=2300 total=5000 metric=ranking
[pipeline-trace] wall=01:55:15 elapsed=485.359s phase=eval event=interaction_progress trial=12 partition=3 processed=2400 total=5000 metric=ranking
[pipeline-trace] wall=01:55:15 elapsed=485.573s phase=eval event=interaction_progress trial=12 partition=3 processed=2500 total=5000 metric=ranking
[pipeline-trace] wall=01:55:15 elapsed=485.791s phase=eval event=interaction_progress trial=12 partition=3 processed=2600 total=5000 metric=ranking
[pipeline-trace] wall=01:55:15 elapsed=486.004s phase=eval event=interaction_progress trial=12 partition=3 processed=2700 total=5000 metric=ranking
[pipeline-trace] wall=01:55:16 elapsed=486.218s phase=eval event=interaction_progress trial=12 partition=3 processed=2800 total=5000 metric=ranking
[pipeline-trace] wall=01:55:16 elapsed=486.432s phase=eval event=interaction_progress trial=12 partition=3 processed=2900 total=5000 metric=ranking
[pipeline-trace] wall=01:55:16 elapsed=486.649s phase=eval event=interaction_progress trial=12 partition=3 processed=3000 total=5000 metric=ranking
[pipeline-trace] wall=01:55:16 elapsed=486.864s phase=eval event=interaction_progress trial=12 partition=3 processed=3100 total=5000 metric=ranking
[pipeline-trace] wall=01:55:17 elapsed=487.077s phase=eval event=interaction_progress trial=12 partition=3 processed=3200 total=5000 metric=ranking
[pipeline-trace] wall=01:55:17 elapsed=487.244s phase=eval event=interaction_progress trial=12 partition=3 processed=3300 total=5000 metric=ranking
[pipeline-trace] wall=01:55:17 elapsed=487.384s phase=eval event=interaction_progress trial=12 partition=3 processed=3400 total=5000 metric=ranking
[pipeline-trace] wall=01:55:17 elapsed=487.523s phase=eval event=interaction_progress trial=12 partition=3 processed=3500 total=5000 metric=ranking
[pipeline-trace] wall=01:55:17 elapsed=487.663s phase=eval event=interaction_progress trial=12 partition=3 processed=3600 total=5000 metric=ranking
[pipeline-trace] wall=01:55:17 elapsed=487.801s phase=eval event=interaction_progress trial=12 partition=3 processed=3700 total=5000 metric=ranking
[pipeline-trace] wall=01:55:17 elapsed=487.939s phase=eval event=interaction_progress trial=12 partition=3 processed=3800 total=5000 metric=ranking
[pipeline-trace] wall=01:55:18 elapsed=488.076s phase=eval event=interaction_progress trial=12 partition=3 processed=3900 total=5000 metric=ranking
[pipeline-trace] wall=01:55:18 elapsed=488.213s phase=eval event=interaction_progress trial=12 partition=3 processed=4000 total=5000 metric=ranking
[pipeline-trace] wall=01:55:18 elapsed=488.351s phase=eval event=interaction_progress trial=12 partition=3 processed=4100 total=5000 metric=ranking
[pipeline-trace] wall=01:55:18 elapsed=488.488s phase=eval event=interaction_progress trial=12 partition=3 processed=4200 total=5000 metric=ranking
[pipeline-trace] wall=01:55:18 elapsed=488.627s phase=eval event=interaction_progress trial=12 partition=3 processed=4300 total=5000 metric=ranking
[pipeline-trace] wall=01:55:18 elapsed=488.765s phase=eval event=interaction_progress trial=12 partition=3 processed=4400 total=5000 metric=ranking
[pipeline-trace] wall=01:55:18 elapsed=488.902s phase=eval event=interaction_progress trial=12 partition=3 processed=4500 total=5000 metric=ranking
[pipeline-trace] wall=01:55:19 elapsed=491.157s phase=eval event=batch_start trial=14 partitions=[3] synthetic=False
[pipeline-trace] wall=01:55:19 elapsed=491.157s phase=eval event=partition_start trial=14 partition=3 interactions=5000
[pipeline-trace] wall=01:55:19 elapsed=491.157s phase=eval event=interaction_progress trial=14 partition=3 processed=1 total=5000 metric=ranking
[pipeline-trace] wall=01:55:19 elapsed=489.040s phase=eval event=interaction_progress trial=12 partition=3 processed=4600 total=5000 metric=ranking
[pipeline-trace] wall=01:55:19 elapsed=489.178s phase=eval event=interaction_progress trial=12 partition=3 processed=4700 total=5000 metric=ranking
[pipeline-trace] wall=01:55:19 elapsed=491.316s phase=eval event=interaction_progress trial=14 partition=3 processed=100 total=5000 metric=ranking
[pipeline-trace] wall=01:55:19 elapsed=489.316s phase=eval event=interaction_progress trial=12 partition=3 processed=4800 total=5000 metric=ranking
[pipeline-trace] wall=01:55:19 elapsed=491.495s phase=eval event=interaction_progress trial=14 partition=3 processed=200 total=5000 metric=ranking
[pipeline-trace] wall=01:55:19 elapsed=489.454s phase=eval event=interaction_progress trial=12 partition=3 processed=4900 total=5000 metric=ranking
[pipeline-trace] wall=01:55:19 elapsed=491.658s phase=eval event=interaction_progress trial=14 partition=3 processed=300 total=5000 metric=ranking
[pipeline-trace] wall=01:55:19 elapsed=489.594s phase=eval event=interaction_progress trial=12 partition=3 processed=5000 total=5000 metric=ranking
[pipeline-trace] wall=01:55:19 elapsed=489.596s phase=eval event=partition_complete trial=12 partition=3 elapsed_sec=9.287 hits=3088 total=5000
[pipeline-trace] wall=01:55:19 elapsed=491.869s phase=eval event=interaction_progress trial=14 partition=3 processed=400 total=5000 metric=ranking
[pipeline-trace] wall=01:55:19 elapsed=492.034s phase=eval event=interaction_progress trial=14 partition=3 processed=500 total=5000 metric=ranking
[pipeline-trace] wall=01:55:20 elapsed=492.197s phase=eval event=interaction_progress trial=14 partition=3 processed=600 total=5000 metric=ranking
[pipeline-trace] wall=01:55:20 elapsed=492.357s phase=eval event=interaction_progress trial=14 partition=3 processed=700 total=5000 metric=ranking
[pipeline-trace] wall=01:55:20 elapsed=492.517s phase=eval event=interaction_progress trial=14 partition=3 processed=800 total=5000 metric=ranking
[pipeline-trace] wall=01:55:20 elapsed=492.678s phase=eval event=interaction_progress trial=14 partition=3 processed=900 total=5000 metric=ranking
[pipeline-trace] wall=01:55:20 elapsed=492.841s phase=eval event=interaction_progress trial=14 partition=3 processed=1000 total=5000 metric=ranking
[pipeline-trace] wall=01:55:20 elapsed=493.001s phase=eval event=interaction_progress trial=14 partition=3 processed=1100 total=5000 metric=ranking
[pipeline-trace] wall=01:55:21 elapsed=493.161s phase=eval event=interaction_progress trial=14 partition=3 processed=1200 total=5000 metric=ranking
[pipeline-trace] wall=01:55:21 elapsed=493.320s phase=eval event=interaction_progress trial=14 partition=3 processed=1300 total=5000 metric=ranking
[pipeline-trace] wall=01:55:21 elapsed=493.480s phase=eval event=interaction_progress trial=14 partition=3 processed=1400 total=5000 metric=ranking
[pipeline-trace] wall=01:55:21 elapsed=493.639s phase=eval event=interaction_progress trial=14 partition=3 processed=1500 total=5000 metric=ranking
[pipeline-trace] wall=01:55:21 elapsed=493.802s phase=eval event=interaction_progress trial=14 partition=3 processed=1600 total=5000 metric=ranking
[pipeline-trace] wall=01:55:21 elapsed=493.965s phase=eval event=interaction_progress trial=14 partition=3 processed=1700 total=5000 metric=ranking
[pipeline-trace] wall=01:55:21 elapsed=494.127s phase=eval event=interaction_progress trial=14 partition=3 processed=1800 total=5000 metric=ranking
[pipeline-trace] wall=01:55:22 elapsed=494.291s phase=eval event=interaction_progress trial=14 partition=3 processed=1900 total=5000 metric=ranking
[pipeline-trace] wall=01:55:22 elapsed=494.459s phase=eval event=interaction_progress trial=14 partition=3 processed=2000 total=5000 metric=ranking
[pipeline-trace] wall=01:55:22 elapsed=494.627s phase=eval event=interaction_progress trial=14 partition=3 processed=2100 total=5000 metric=ranking
[pipeline-trace] wall=01:55:22 elapsed=494.801s phase=eval event=interaction_progress trial=14 partition=3 processed=2200 total=5000 metric=ranking
[pipeline-trace] wall=01:55:22 elapsed=494.974s phase=eval event=interaction_progress trial=14 partition=3 processed=2300 total=5000 metric=ranking
[pipeline-trace] wall=01:55:23 elapsed=495.154s phase=eval event=interaction_progress trial=14 partition=3 processed=2400 total=5000 metric=ranking
[pipeline-trace] wall=01:55:23 elapsed=495.320s phase=eval event=interaction_progress trial=14 partition=3 processed=2500 total=5000 metric=ranking
[pipeline-trace] wall=01:55:23 elapsed=495.489s phase=eval event=interaction_progress trial=14 partition=3 processed=2600 total=5000 metric=ranking
[pipeline-trace] wall=01:55:23 elapsed=495.659s phase=eval event=interaction_progress trial=14 partition=3 processed=2700 total=5000 metric=ranking
[pipeline-trace] wall=01:55:23 elapsed=495.830s phase=eval event=interaction_progress trial=14 partition=3 processed=2800 total=5000 metric=ranking
[pipeline-trace] wall=01:55:23 elapsed=495.996s phase=eval event=interaction_progress trial=14 partition=3 processed=2900 total=5000 metric=ranking
[pipeline-trace] wall=01:55:24 elapsed=496.161s phase=eval event=interaction_progress trial=14 partition=3 processed=3000 total=5000 metric=ranking
[pipeline-trace] wall=01:55:24 elapsed=496.326s phase=eval event=interaction_progress trial=14 partition=3 processed=3100 total=5000 metric=ranking
[pipeline-trace] wall=01:55:24 elapsed=496.493s phase=eval event=interaction_progress trial=14 partition=3 processed=3200 total=5000 metric=ranking
[pipeline-trace] wall=01:55:24 elapsed=496.658s phase=eval event=interaction_progress trial=14 partition=3 processed=3300 total=5000 metric=ranking
[pipeline-trace] wall=01:55:24 elapsed=496.826s phase=eval event=interaction_progress trial=14 partition=3 processed=3400 total=5000 metric=ranking
[pipeline-trace] wall=01:55:24 elapsed=496.991s phase=eval event=interaction_progress trial=14 partition=3 processed=3500 total=5000 metric=ranking
[pipeline-trace] wall=01:55:25 elapsed=497.157s phase=eval event=interaction_progress trial=14 partition=3 processed=3600 total=5000 metric=ranking
[pipeline-trace] wall=01:55:25 elapsed=497.323s phase=eval event=interaction_progress trial=14 partition=3 processed=3700 total=5000 metric=ranking
[pipeline-trace] wall=01:55:25 elapsed=497.492s phase=eval event=interaction_progress trial=14 partition=3 processed=3800 total=5000 metric=ranking
[pipeline-trace] wall=01:55:25 elapsed=497.661s phase=eval event=interaction_progress trial=14 partition=3 processed=3900 total=5000 metric=ranking
[pipeline-trace] wall=01:55:25 elapsed=497.831s phase=eval event=interaction_progress trial=14 partition=3 processed=4000 total=5000 metric=ranking
[pipeline-trace] wall=01:55:25 elapsed=498.003s phase=eval event=interaction_progress trial=14 partition=3 processed=4100 total=5000 metric=ranking
[pipeline-trace] wall=01:55:26 elapsed=498.195s phase=eval event=interaction_progress trial=14 partition=3 processed=4200 total=5000 metric=ranking
[pipeline-trace] wall=01:55:26 elapsed=498.366s phase=eval event=interaction_progress trial=14 partition=3 processed=4300 total=5000 metric=ranking
[pipeline-trace] wall=01:55:26 elapsed=498.534s phase=eval event=interaction_progress trial=14 partition=3 processed=4400 total=5000 metric=ranking
[pipeline-trace] wall=01:55:26 elapsed=498.701s phase=eval event=interaction_progress trial=14 partition=3 processed=4500 total=5000 metric=ranking
[pipeline-trace] wall=01:55:26 elapsed=498.871s phase=eval event=interaction_progress trial=14 partition=3 processed=4600 total=5000 metric=ranking
[pipeline-trace] wall=01:55:26 elapsed=499.038s phase=eval event=interaction_progress trial=14 partition=3 processed=4700 total=5000 metric=ranking
[pipeline-trace] wall=01:55:27 elapsed=499.206s phase=eval event=interaction_progress trial=14 partition=3 processed=4800 total=5000 metric=ranking
[pipeline-trace] wall=01:55:27 elapsed=499.372s phase=eval event=interaction_progress trial=14 partition=3 processed=4900 total=5000 metric=ranking
[pipeline-trace] wall=01:55:27 elapsed=499.537s phase=eval event=interaction_progress trial=14 partition=3 processed=5000 total=5000 metric=ranking
[pipeline-trace] wall=01:55:27 elapsed=499.539s phase=eval event=partition_complete trial=14 partition=3 elapsed_sec=8.382 hits=3102 total=5000
[pipeline-trace] wall=01:56:38 elapsed=566.332s phase=eval event=batch_start trial=16 partitions=[3] synthetic=False
[pipeline-trace] wall=01:56:38 elapsed=566.332s phase=eval event=partition_start trial=16 partition=3 interactions=5000
[pipeline-trace] wall=01:56:38 elapsed=566.332s phase=eval event=interaction_progress trial=16 partition=3 processed=1 total=5000 metric=ranking
[pipeline-trace] wall=01:56:38 elapsed=566.537s phase=eval event=interaction_progress trial=16 partition=3 processed=100 total=5000 metric=ranking
[pipeline-trace] wall=01:56:38 elapsed=566.742s phase=eval event=interaction_progress trial=16 partition=3 processed=200 total=5000 metric=ranking
[pipeline-trace] wall=01:56:38 elapsed=566.929s phase=eval event=interaction_progress trial=16 partition=3 processed=300 total=5000 metric=ranking
[pipeline-trace] wall=01:56:38 elapsed=567.104s phase=eval event=interaction_progress trial=16 partition=3 processed=400 total=5000 metric=ranking
[pipeline-trace] wall=01:56:39 elapsed=567.279s phase=eval event=interaction_progress trial=16 partition=3 processed=500 total=5000 metric=ranking
[pipeline-trace] wall=01:56:39 elapsed=567.454s phase=eval event=interaction_progress trial=16 partition=3 processed=600 total=5000 metric=ranking
[pipeline-trace] wall=01:56:39 elapsed=567.627s phase=eval event=interaction_progress trial=16 partition=3 processed=700 total=5000 metric=ranking
[pipeline-trace] wall=01:56:39 elapsed=567.801s phase=eval event=interaction_progress trial=16 partition=3 processed=800 total=5000 metric=ranking
[pipeline-trace] wall=01:56:39 elapsed=568.021s phase=eval event=interaction_progress trial=16 partition=3 processed=900 total=5000 metric=ranking
[pipeline-trace] wall=01:56:39 elapsed=568.204s phase=eval event=interaction_progress trial=16 partition=3 processed=1000 total=5000 metric=ranking
[pipeline-trace] wall=01:56:40 elapsed=568.379s phase=eval event=interaction_progress trial=16 partition=3 processed=1100 total=5000 metric=ranking
[pipeline-trace] wall=01:56:40 elapsed=568.553s phase=eval event=interaction_progress trial=16 partition=3 processed=1200 total=5000 metric=ranking
[pipeline-trace] wall=01:56:40 elapsed=568.727s phase=eval event=interaction_progress trial=16 partition=3 processed=1300 total=5000 metric=ranking
[pipeline-trace] wall=01:56:40 elapsed=568.903s phase=eval event=interaction_progress trial=16 partition=3 processed=1400 total=5000 metric=ranking
[pipeline-trace] wall=01:56:40 elapsed=570.660s phase=eval event=batch_start trial=17 partitions=[3] synthetic=False
[pipeline-trace] wall=01:56:40 elapsed=570.661s phase=eval event=partition_start trial=17 partition=3 interactions=5000
[pipeline-trace] wall=01:56:40 elapsed=570.661s phase=eval event=interaction_progress trial=17 partition=3 processed=1 total=5000 metric=ranking
[pipeline-trace] wall=01:56:40 elapsed=569.079s phase=eval event=interaction_progress trial=16 partition=3 processed=1500 total=5000 metric=ranking
[pipeline-trace] wall=01:56:40 elapsed=570.874s phase=eval event=interaction_progress trial=17 partition=3 processed=100 total=5000 metric=ranking
[pipeline-trace] wall=01:56:40 elapsed=569.256s phase=eval event=interaction_progress trial=16 partition=3 processed=1600 total=5000 metric=ranking
[pipeline-trace] wall=01:56:41 elapsed=571.088s phase=eval event=interaction_progress trial=17 partition=3 processed=200 total=5000 metric=ranking
[pipeline-trace] wall=01:56:41 elapsed=569.433s phase=eval event=interaction_progress trial=16 partition=3 processed=1700 total=5000 metric=ranking
[pipeline-trace] wall=01:56:41 elapsed=571.300s phase=eval event=interaction_progress trial=17 partition=3 processed=300 total=5000 metric=ranking
[pipeline-trace] wall=01:56:41 elapsed=569.599s phase=eval event=interaction_progress trial=16 partition=3 processed=1800 total=5000 metric=ranking
[pipeline-trace] wall=01:56:41 elapsed=571.477s phase=eval event=interaction_progress trial=17 partition=3 processed=400 total=5000 metric=ranking
[pipeline-trace] wall=01:56:41 elapsed=569.746s phase=eval event=interaction_progress trial=16 partition=3 processed=1900 total=5000 metric=ranking
[pipeline-trace] wall=01:56:41 elapsed=569.899s phase=eval event=interaction_progress trial=16 partition=3 processed=2000 total=5000 metric=ranking
[pipeline-trace] wall=01:56:41 elapsed=571.658s phase=eval event=interaction_progress trial=17 partition=3 processed=500 total=5000 metric=ranking
[pipeline-trace] wall=01:56:41 elapsed=570.054s phase=eval event=interaction_progress trial=16 partition=3 processed=2100 total=5000 metric=ranking
[pipeline-trace] wall=01:56:41 elapsed=571.858s phase=eval event=interaction_progress trial=17 partition=3 processed=600 total=5000 metric=ranking
[pipeline-trace] wall=01:56:41 elapsed=570.204s phase=eval event=interaction_progress trial=16 partition=3 processed=2200 total=5000 metric=ranking
[pipeline-trace] wall=01:56:42 elapsed=572.047s phase=eval event=interaction_progress trial=17 partition=3 processed=700 total=5000 metric=ranking
[pipeline-trace] wall=01:56:42 elapsed=570.352s phase=eval event=interaction_progress trial=16 partition=3 processed=2300 total=5000 metric=ranking
[pipeline-trace] wall=01:56:42 elapsed=572.220s phase=eval event=interaction_progress trial=17 partition=3 processed=800 total=5000 metric=ranking
[pipeline-trace] wall=01:56:42 elapsed=570.501s phase=eval event=interaction_progress trial=16 partition=3 processed=2400 total=5000 metric=ranking
[pipeline-trace] wall=01:56:42 elapsed=572.393s phase=eval event=interaction_progress trial=17 partition=3 processed=900 total=5000 metric=ranking
[pipeline-trace] wall=01:56:42 elapsed=570.652s phase=eval event=interaction_progress trial=16 partition=3 processed=2500 total=5000 metric=ranking
[pipeline-trace] wall=01:56:42 elapsed=570.801s phase=eval event=interaction_progress trial=16 partition=3 processed=2600 total=5000 metric=ranking
[pipeline-trace] wall=01:56:42 elapsed=572.575s phase=eval event=interaction_progress trial=17 partition=3 processed=1000 total=5000 metric=ranking
[pipeline-trace] wall=01:56:42 elapsed=570.951s phase=eval event=interaction_progress trial=16 partition=3 processed=2700 total=5000 metric=ranking
[pipeline-trace] wall=01:56:42 elapsed=572.762s phase=eval event=interaction_progress trial=17 partition=3 processed=1100 total=5000 metric=ranking
[pipeline-trace] wall=01:56:42 elapsed=571.100s phase=eval event=interaction_progress trial=16 partition=3 processed=2800 total=5000 metric=ranking
[pipeline-trace] wall=01:56:42 elapsed=572.932s phase=eval event=interaction_progress trial=17 partition=3 processed=1200 total=5000 metric=ranking
[pipeline-trace] wall=01:56:42 elapsed=571.247s phase=eval event=interaction_progress trial=16 partition=3 processed=2900 total=5000 metric=ranking
[pipeline-trace] wall=01:56:43 elapsed=573.104s phase=eval event=interaction_progress trial=17 partition=3 processed=1300 total=5000 metric=ranking
[pipeline-trace] wall=01:56:43 elapsed=571.390s phase=eval event=interaction_progress trial=16 partition=3 processed=3000 total=5000 metric=ranking
[pipeline-trace] wall=01:56:43 elapsed=573.275s phase=eval event=interaction_progress trial=17 partition=3 processed=1400 total=5000 metric=ranking
[pipeline-trace] wall=01:56:43 elapsed=571.533s phase=eval event=interaction_progress trial=16 partition=3 processed=3100 total=5000 metric=ranking
[pipeline-trace] wall=01:56:43 elapsed=571.676s phase=eval event=interaction_progress trial=16 partition=3 processed=3200 total=5000 metric=ranking
[pipeline-trace] wall=01:56:43 elapsed=573.447s phase=eval event=interaction_progress trial=17 partition=3 processed=1500 total=5000 metric=ranking
[pipeline-trace] wall=01:56:43 elapsed=571.820s phase=eval event=interaction_progress trial=16 partition=3 processed=3300 total=5000 metric=ranking
[pipeline-trace] wall=01:56:43 elapsed=573.621s phase=eval event=interaction_progress trial=17 partition=3 processed=1600 total=5000 metric=ranking
[pipeline-trace] wall=01:56:43 elapsed=571.983s phase=eval event=interaction_progress trial=16 partition=3 processed=3400 total=5000 metric=ranking
[pipeline-trace] wall=01:56:43 elapsed=573.792s phase=eval event=interaction_progress trial=17 partition=3 processed=1700 total=5000 metric=ranking
[pipeline-trace] wall=01:56:43 elapsed=572.148s phase=eval event=interaction_progress trial=16 partition=3 processed=3500 total=5000 metric=ranking
[pipeline-trace] wall=01:56:43 elapsed=573.964s phase=eval event=interaction_progress trial=17 partition=3 processed=1800 total=5000 metric=ranking
[pipeline-trace] wall=01:56:44 elapsed=572.314s phase=eval event=interaction_progress trial=16 partition=3 processed=3600 total=5000 metric=ranking
[pipeline-trace] wall=01:56:44 elapsed=574.136s phase=eval event=interaction_progress trial=17 partition=3 processed=1900 total=5000 metric=ranking
[pipeline-trace] wall=01:56:44 elapsed=572.472s phase=eval event=interaction_progress trial=16 partition=3 processed=3700 total=5000 metric=ranking
[pipeline-trace] wall=01:56:44 elapsed=574.308s phase=eval event=interaction_progress trial=17 partition=3 processed=2000 total=5000 metric=ranking
[pipeline-trace] wall=01:56:44 elapsed=572.618s phase=eval event=interaction_progress trial=16 partition=3 processed=3800 total=5000 metric=ranking
[pipeline-trace] wall=01:56:44 elapsed=574.481s phase=eval event=interaction_progress trial=17 partition=3 processed=2100 total=5000 metric=ranking
[pipeline-trace] wall=01:56:44 elapsed=572.761s phase=eval event=interaction_progress trial=16 partition=3 processed=3900 total=5000 metric=ranking
[pipeline-trace] wall=01:56:44 elapsed=574.656s phase=eval event=interaction_progress trial=17 partition=3 processed=2200 total=5000 metric=ranking
[pipeline-trace] wall=01:56:44 elapsed=572.908s phase=eval event=interaction_progress trial=16 partition=3 processed=4000 total=5000 metric=ranking
[pipeline-trace] wall=01:56:44 elapsed=573.053s phase=eval event=interaction_progress trial=16 partition=3 processed=4100 total=5000 metric=ranking
[pipeline-trace] wall=01:56:44 elapsed=574.829s phase=eval event=interaction_progress trial=17 partition=3 processed=2300 total=5000 metric=ranking
[pipeline-trace] wall=01:56:44 elapsed=573.198s phase=eval event=interaction_progress trial=16 partition=3 processed=4200 total=5000 metric=ranking
[pipeline-trace] wall=01:56:44 elapsed=574.981s phase=eval event=interaction_progress trial=17 partition=3 processed=2400 total=5000 metric=ranking
[pipeline-trace] wall=01:56:45 elapsed=573.343s phase=eval event=interaction_progress trial=16 partition=3 processed=4300 total=5000 metric=ranking
[pipeline-trace] wall=01:56:45 elapsed=575.120s phase=eval event=interaction_progress trial=17 partition=3 processed=2500 total=5000 metric=ranking
[pipeline-trace] wall=01:56:45 elapsed=573.488s phase=eval event=interaction_progress trial=16 partition=3 processed=4400 total=5000 metric=ranking
[pipeline-trace] wall=01:56:45 elapsed=575.258s phase=eval event=interaction_progress trial=17 partition=3 processed=2600 total=5000 metric=ranking
[pipeline-trace] wall=01:56:45 elapsed=573.634s phase=eval event=interaction_progress trial=16 partition=3 processed=4500 total=5000 metric=ranking
[pipeline-trace] wall=01:56:45 elapsed=575.398s phase=eval event=interaction_progress trial=17 partition=3 processed=2700 total=5000 metric=ranking
[pipeline-trace] wall=01:56:45 elapsed=573.779s phase=eval event=interaction_progress trial=16 partition=3 processed=4600 total=5000 metric=ranking
[pipeline-trace] wall=01:56:45 elapsed=575.537s phase=eval event=interaction_progress trial=17 partition=3 processed=2800 total=5000 metric=ranking
[pipeline-trace] wall=01:56:45 elapsed=575.677s phase=eval event=interaction_progress trial=17 partition=3 processed=2900 total=5000 metric=ranking
[pipeline-trace] wall=01:56:45 elapsed=573.929s phase=eval event=interaction_progress trial=16 partition=3 processed=4700 total=5000 metric=ranking
[pipeline-trace] wall=01:56:45 elapsed=575.815s phase=eval event=interaction_progress trial=17 partition=3 processed=3000 total=5000 metric=ranking
[pipeline-trace] wall=01:56:45 elapsed=574.076s phase=eval event=interaction_progress trial=16 partition=3 processed=4800 total=5000 metric=ranking
[pipeline-trace] wall=01:56:45 elapsed=575.954s phase=eval event=interaction_progress trial=17 partition=3 processed=3100 total=5000 metric=ranking
[pipeline-trace] wall=01:56:45 elapsed=574.225s phase=eval event=interaction_progress trial=16 partition=3 processed=4900 total=5000 metric=ranking
[pipeline-trace] wall=01:56:46 elapsed=576.092s phase=eval event=interaction_progress trial=17 partition=3 processed=3200 total=5000 metric=ranking
[pipeline-trace] wall=01:56:46 elapsed=574.373s phase=eval event=interaction_progress trial=16 partition=3 processed=5000 total=5000 metric=ranking
[pipeline-trace] wall=01:56:46 elapsed=574.375s phase=eval event=partition_complete trial=16 partition=3 elapsed_sec=8.043 hits=3481 total=5000
[pipeline-trace] wall=01:56:46 elapsed=576.232s phase=eval event=interaction_progress trial=17 partition=3 processed=3300 total=5000 metric=ranking
[pipeline-trace] wall=01:56:46 elapsed=576.370s phase=eval event=interaction_progress trial=17 partition=3 processed=3400 total=5000 metric=ranking
[pipeline-trace] wall=01:56:46 elapsed=576.509s phase=eval event=interaction_progress trial=17 partition=3 processed=3500 total=5000 metric=ranking
[pipeline-trace] wall=01:56:46 elapsed=576.649s phase=eval event=interaction_progress trial=17 partition=3 processed=3600 total=5000 metric=ranking
[pipeline-trace] wall=01:56:46 elapsed=576.789s phase=eval event=interaction_progress trial=17 partition=3 processed=3700 total=5000 metric=ranking
[pipeline-trace] wall=01:56:46 elapsed=576.928s phase=eval event=interaction_progress trial=17 partition=3 processed=3800 total=5000 metric=ranking
[pipeline-trace] wall=01:56:47 elapsed=577.067s phase=eval event=interaction_progress trial=17 partition=3 processed=3900 total=5000 metric=ranking
[pipeline-trace] wall=01:56:47 elapsed=577.206s phase=eval event=interaction_progress trial=17 partition=3 processed=4000 total=5000 metric=ranking
[pipeline-trace] wall=01:56:47 elapsed=577.344s phase=eval event=interaction_progress trial=17 partition=3 processed=4100 total=5000 metric=ranking
[pipeline-trace] wall=01:56:47 elapsed=577.483s phase=eval event=interaction_progress trial=17 partition=3 processed=4200 total=5000 metric=ranking
[pipeline-trace] wall=01:56:47 elapsed=577.623s phase=eval event=interaction_progress trial=17 partition=3 processed=4300 total=5000 metric=ranking
[pipeline-trace] wall=01:56:47 elapsed=577.763s phase=eval event=interaction_progress trial=17 partition=3 processed=4400 total=5000 metric=ranking
[pipeline-trace] wall=01:56:47 elapsed=577.901s phase=eval event=interaction_progress trial=17 partition=3 processed=4500 total=5000 metric=ranking
[pipeline-trace] wall=01:56:48 elapsed=578.040s phase=eval event=interaction_progress trial=17 partition=3 processed=4600 total=5000 metric=ranking
[pipeline-trace] wall=01:56:48 elapsed=578.178s phase=eval event=interaction_progress trial=17 partition=3 processed=4700 total=5000 metric=ranking
[pipeline-trace] wall=01:56:48 elapsed=578.318s phase=eval event=interaction_progress trial=17 partition=3 processed=4800 total=5000 metric=ranking
[pipeline-trace] wall=01:56:48 elapsed=578.455s phase=eval event=interaction_progress trial=17 partition=3 processed=4900 total=5000 metric=ranking
[pipeline-trace] wall=01:56:48 elapsed=578.593s phase=eval event=interaction_progress trial=17 partition=3 processed=5000 total=5000 metric=ranking
[pipeline-trace] wall=01:56:48 elapsed=578.594s phase=eval event=partition_complete trial=17 partition=3 elapsed_sec=7.934 hits=3340 total=5000
[pipeline-trace] wall=01:57:06 elapsed=599.088s phase=eval event=batch_start trial=18 partitions=[3] synthetic=False
[pipeline-trace] wall=01:57:06 elapsed=599.088s phase=eval event=partition_start trial=18 partition=3 interactions=5000
[pipeline-trace] wall=01:57:06 elapsed=599.088s phase=eval event=interaction_progress trial=18 partition=3 processed=1 total=5000 metric=ranking
[pipeline-trace] wall=01:57:07 elapsed=599.300s phase=eval event=interaction_progress trial=18 partition=3 processed=100 total=5000 metric=ranking
[pipeline-trace] wall=01:57:07 elapsed=599.515s phase=eval event=interaction_progress trial=18 partition=3 processed=200 total=5000 metric=ranking
[pipeline-trace] wall=01:57:07 elapsed=599.728s phase=eval event=interaction_progress trial=18 partition=3 processed=300 total=5000 metric=ranking
[pipeline-trace] wall=01:57:07 elapsed=599.943s phase=eval event=interaction_progress trial=18 partition=3 processed=400 total=5000 metric=ranking
[pipeline-trace] wall=01:57:08 elapsed=600.155s phase=eval event=interaction_progress trial=18 partition=3 processed=500 total=5000 metric=ranking
[pipeline-trace] wall=01:57:08 elapsed=600.368s phase=eval event=interaction_progress trial=18 partition=3 processed=600 total=5000 metric=ranking
[pipeline-trace] wall=01:57:08 elapsed=600.580s phase=eval event=interaction_progress trial=18 partition=3 processed=700 total=5000 metric=ranking
[pipeline-trace] wall=01:57:08 elapsed=600.759s phase=eval event=interaction_progress trial=18 partition=3 processed=800 total=5000 metric=ranking
[pipeline-trace] wall=01:57:08 elapsed=600.930s phase=eval event=interaction_progress trial=18 partition=3 processed=900 total=5000 metric=ranking
[pipeline-trace] wall=01:57:08 elapsed=601.104s phase=eval event=interaction_progress trial=18 partition=3 processed=1000 total=5000 metric=ranking
[pipeline-trace] wall=01:57:09 elapsed=601.298s phase=eval event=interaction_progress trial=18 partition=3 processed=1100 total=5000 metric=ranking
[pipeline-trace] wall=01:57:09 elapsed=601.471s phase=eval event=interaction_progress trial=18 partition=3 processed=1200 total=5000 metric=ranking
[pipeline-trace] wall=01:57:09 elapsed=601.645s phase=eval event=interaction_progress trial=18 partition=3 processed=1300 total=5000 metric=ranking
[pipeline-trace] wall=01:57:09 elapsed=601.824s phase=eval event=interaction_progress trial=18 partition=3 processed=1400 total=5000 metric=ranking
[pipeline-trace] wall=01:57:09 elapsed=602.000s phase=eval event=interaction_progress trial=18 partition=3 processed=1500 total=5000 metric=ranking
[pipeline-trace] wall=01:57:10 elapsed=602.175s phase=eval event=interaction_progress trial=18 partition=3 processed=1600 total=5000 metric=ranking
[pipeline-trace] wall=01:57:10 elapsed=602.349s phase=eval event=interaction_progress trial=18 partition=3 processed=1700 total=5000 metric=ranking
[pipeline-trace] wall=01:57:10 elapsed=602.519s phase=eval event=interaction_progress trial=18 partition=3 processed=1800 total=5000 metric=ranking
[pipeline-trace] wall=01:57:10 elapsed=602.688s phase=eval event=interaction_progress trial=18 partition=3 processed=1900 total=5000 metric=ranking
[pipeline-trace] wall=01:57:10 elapsed=602.860s phase=eval event=interaction_progress trial=18 partition=3 processed=2000 total=5000 metric=ranking
[pipeline-trace] wall=01:57:10 elapsed=603.030s phase=eval event=interaction_progress trial=18 partition=3 processed=2100 total=5000 metric=ranking
[pipeline-trace] wall=01:57:11 elapsed=603.215s phase=eval event=interaction_progress trial=18 partition=3 processed=2200 total=5000 metric=ranking
[pipeline-trace] wall=01:57:11 elapsed=603.431s phase=eval event=interaction_progress trial=18 partition=3 processed=2300 total=5000 metric=ranking
[pipeline-trace] wall=01:57:11 elapsed=603.646s phase=eval event=interaction_progress trial=18 partition=3 processed=2400 total=5000 metric=ranking
[pipeline-trace] wall=01:57:11 elapsed=603.860s phase=eval event=interaction_progress trial=18 partition=3 processed=2500 total=5000 metric=ranking
[pipeline-trace] wall=01:57:11 elapsed=604.070s phase=eval event=interaction_progress trial=18 partition=3 processed=2600 total=5000 metric=ranking
[pipeline-trace] wall=01:57:12 elapsed=604.281s phase=eval event=interaction_progress trial=18 partition=3 processed=2700 total=5000 metric=ranking
[pipeline-trace] wall=01:57:12 elapsed=604.495s phase=eval event=interaction_progress trial=18 partition=3 processed=2800 total=5000 metric=ranking
[pipeline-trace] wall=01:57:12 elapsed=604.705s phase=eval event=interaction_progress trial=18 partition=3 processed=2900 total=5000 metric=ranking
[pipeline-trace] wall=01:57:12 elapsed=604.919s phase=eval event=interaction_progress trial=18 partition=3 processed=3000 total=5000 metric=ranking
[pipeline-trace] wall=01:57:12 elapsed=605.129s phase=eval event=interaction_progress trial=18 partition=3 processed=3100 total=5000 metric=ranking
[pipeline-trace] wall=01:57:13 elapsed=605.340s phase=eval event=interaction_progress trial=18 partition=3 processed=3200 total=5000 metric=ranking
[pipeline-trace] wall=01:57:13 elapsed=605.498s phase=eval event=interaction_progress trial=18 partition=3 processed=3300 total=5000 metric=ranking
[pipeline-trace] wall=01:57:13 elapsed=605.633s phase=eval event=interaction_progress trial=18 partition=3 processed=3400 total=5000 metric=ranking
[pipeline-trace] wall=01:57:13 elapsed=605.771s phase=eval event=interaction_progress trial=18 partition=3 processed=3500 total=5000 metric=ranking
[pipeline-trace] wall=01:57:13 elapsed=605.907s phase=eval event=interaction_progress trial=18 partition=3 processed=3600 total=5000 metric=ranking
[pipeline-trace] wall=01:57:13 elapsed=606.042s phase=eval event=interaction_progress trial=18 partition=3 processed=3700 total=5000 metric=ranking
[pipeline-trace] wall=01:57:14 elapsed=606.179s phase=eval event=interaction_progress trial=18 partition=3 processed=3800 total=5000 metric=ranking
[pipeline-trace] wall=01:57:14 elapsed=606.315s phase=eval event=interaction_progress trial=18 partition=3 processed=3900 total=5000 metric=ranking
[pipeline-trace] wall=01:57:14 elapsed=606.452s phase=eval event=interaction_progress trial=18 partition=3 processed=4000 total=5000 metric=ranking
[pipeline-trace] wall=01:57:14 elapsed=606.588s phase=eval event=interaction_progress trial=18 partition=3 processed=4100 total=5000 metric=ranking
[pipeline-trace] wall=01:57:14 elapsed=606.724s phase=eval event=interaction_progress trial=18 partition=3 processed=4200 total=5000 metric=ranking
[pipeline-trace] wall=01:57:14 elapsed=606.863s phase=eval event=interaction_progress trial=18 partition=3 processed=4300 total=5000 metric=ranking
[pipeline-trace] wall=01:57:14 elapsed=606.999s phase=eval event=interaction_progress trial=18 partition=3 processed=4400 total=5000 metric=ranking
[pipeline-trace] wall=01:57:14 elapsed=607.137s phase=eval event=interaction_progress trial=18 partition=3 processed=4500 total=5000 metric=ranking
[pipeline-trace] wall=01:57:15 elapsed=607.306s phase=eval event=interaction_progress trial=18 partition=3 processed=4600 total=5000 metric=ranking
[pipeline-trace] wall=01:57:15 elapsed=607.478s phase=eval event=interaction_progress trial=18 partition=3 processed=4700 total=5000 metric=ranking
[pipeline-trace] wall=01:57:15 elapsed=607.650s phase=eval event=interaction_progress trial=18 partition=3 processed=4800 total=5000 metric=ranking
[pipeline-trace] wall=01:57:15 elapsed=607.822s phase=eval event=interaction_progress trial=18 partition=3 processed=4900 total=5000 metric=ranking
[pipeline-trace] wall=01:57:15 elapsed=608.021s phase=eval event=interaction_progress trial=18 partition=3 processed=5000 total=5000 metric=ranking
[pipeline-trace] wall=01:57:15 elapsed=608.023s phase=eval event=partition_complete trial=18 partition=3 elapsed_sec=8.935 hits=4448 total=5000
[pipeline-trace] wall=01:58:01 elapsed=650.015s phase=eval event=batch_start trial=19 partitions=[3] synthetic=False
[pipeline-trace] wall=01:58:01 elapsed=650.015s phase=eval event=partition_start trial=19 partition=3 interactions=5000
[pipeline-trace] wall=01:58:01 elapsed=650.015s phase=eval event=interaction_progress trial=19 partition=3 processed=1 total=5000 metric=ranking
[pipeline-trace] wall=01:58:01 elapsed=650.151s phase=eval event=interaction_progress trial=19 partition=3 processed=100 total=5000 metric=ranking
[pipeline-trace] wall=01:58:02 elapsed=650.297s phase=eval event=interaction_progress trial=19 partition=3 processed=200 total=5000 metric=ranking
[pipeline-trace] wall=01:58:02 elapsed=650.436s phase=eval event=interaction_progress trial=19 partition=3 processed=300 total=5000 metric=ranking
[pipeline-trace] wall=01:58:02 elapsed=650.573s phase=eval event=interaction_progress trial=19 partition=3 processed=400 total=5000 metric=ranking
[pipeline-trace] wall=01:58:02 elapsed=650.711s phase=eval event=interaction_progress trial=19 partition=3 processed=500 total=5000 metric=ranking
[pipeline-trace] wall=01:58:02 elapsed=650.849s phase=eval event=interaction_progress trial=19 partition=3 processed=600 total=5000 metric=ranking
[pipeline-trace] wall=01:58:02 elapsed=650.988s phase=eval event=interaction_progress trial=19 partition=3 processed=700 total=5000 metric=ranking
[pipeline-trace] wall=01:58:02 elapsed=651.123s phase=eval event=interaction_progress trial=19 partition=3 processed=800 total=5000 metric=ranking
[pipeline-trace] wall=01:58:02 elapsed=651.260s phase=eval event=interaction_progress trial=19 partition=3 processed=900 total=5000 metric=ranking
[pipeline-trace] wall=01:58:03 elapsed=651.395s phase=eval event=interaction_progress trial=19 partition=3 processed=1000 total=5000 metric=ranking
[pipeline-trace] wall=01:58:03 elapsed=651.530s phase=eval event=interaction_progress trial=19 partition=3 processed=1100 total=5000 metric=ranking
[pipeline-trace] wall=01:58:03 elapsed=651.666s phase=eval event=interaction_progress trial=19 partition=3 processed=1200 total=5000 metric=ranking
[pipeline-trace] wall=01:58:03 elapsed=651.801s phase=eval event=interaction_progress trial=19 partition=3 processed=1300 total=5000 metric=ranking
[pipeline-trace] wall=01:58:03 elapsed=651.939s phase=eval event=interaction_progress trial=19 partition=3 processed=1400 total=5000 metric=ranking
[pipeline-trace] wall=01:58:03 elapsed=652.076s phase=eval event=interaction_progress trial=19 partition=3 processed=1500 total=5000 metric=ranking
[pipeline-trace] wall=01:58:03 elapsed=652.209s phase=eval event=interaction_progress trial=19 partition=3 processed=1600 total=5000 metric=ranking
[pipeline-trace] wall=01:58:04 elapsed=652.343s phase=eval event=interaction_progress trial=19 partition=3 processed=1700 total=5000 metric=ranking
[pipeline-trace] wall=01:58:04 elapsed=652.477s phase=eval event=interaction_progress trial=19 partition=3 processed=1800 total=5000 metric=ranking
[pipeline-trace] wall=01:58:04 elapsed=652.610s phase=eval event=interaction_progress trial=19 partition=3 processed=1900 total=5000 metric=ranking
[pipeline-trace] wall=01:58:04 elapsed=652.744s phase=eval event=interaction_progress trial=19 partition=3 processed=2000 total=5000 metric=ranking
[pipeline-trace] wall=01:58:04 elapsed=652.879s phase=eval event=interaction_progress trial=19 partition=3 processed=2100 total=5000 metric=ranking
[pipeline-trace] wall=01:58:04 elapsed=653.073s phase=eval event=interaction_progress trial=19 partition=3 processed=2200 total=5000 metric=ranking
[pipeline-trace] wall=01:58:04 elapsed=653.264s phase=eval event=interaction_progress trial=19 partition=3 processed=2300 total=5000 metric=ranking
[pipeline-trace] wall=01:58:05 elapsed=653.416s phase=eval event=interaction_progress trial=19 partition=3 processed=2400 total=5000 metric=ranking
[pipeline-trace] wall=01:58:05 elapsed=653.557s phase=eval event=interaction_progress trial=19 partition=3 processed=2500 total=5000 metric=ranking
[pipeline-trace] wall=01:58:05 elapsed=653.722s phase=eval event=interaction_progress trial=19 partition=3 processed=2600 total=5000 metric=ranking
[pipeline-trace] wall=01:58:05 elapsed=653.893s phase=eval event=interaction_progress trial=19 partition=3 processed=2700 total=5000 metric=ranking
[pipeline-trace] wall=01:58:05 elapsed=654.056s phase=eval event=interaction_progress trial=19 partition=3 processed=2800 total=5000 metric=ranking
[pipeline-trace] wall=01:58:05 elapsed=654.218s phase=eval event=interaction_progress trial=19 partition=3 processed=2900 total=5000 metric=ranking
[pipeline-trace] wall=01:58:06 elapsed=654.382s phase=eval event=interaction_progress trial=19 partition=3 processed=3000 total=5000 metric=ranking
[pipeline-trace] wall=01:58:06 elapsed=654.547s phase=eval event=interaction_progress trial=19 partition=3 processed=3100 total=5000 metric=ranking
[pipeline-trace] wall=01:58:06 elapsed=654.711s phase=eval event=interaction_progress trial=19 partition=3 processed=3200 total=5000 metric=ranking
[pipeline-trace] wall=01:58:06 elapsed=654.874s phase=eval event=interaction_progress trial=19 partition=3 processed=3300 total=5000 metric=ranking
[pipeline-trace] wall=01:58:06 elapsed=655.042s phase=eval event=interaction_progress trial=19 partition=3 processed=3400 total=5000 metric=ranking
[pipeline-trace] wall=01:58:06 elapsed=655.205s phase=eval event=interaction_progress trial=19 partition=3 processed=3500 total=5000 metric=ranking
[pipeline-trace] wall=01:58:07 elapsed=655.367s phase=eval event=interaction_progress trial=19 partition=3 processed=3600 total=5000 metric=ranking
[pipeline-trace] wall=01:58:07 elapsed=655.529s phase=eval event=interaction_progress trial=19 partition=3 processed=3700 total=5000 metric=ranking
[pipeline-trace] wall=01:58:07 elapsed=655.690s phase=eval event=interaction_progress trial=19 partition=3 processed=3800 total=5000 metric=ranking
[pipeline-trace] wall=01:58:07 elapsed=655.853s phase=eval event=interaction_progress trial=19 partition=3 processed=3900 total=5000 metric=ranking
[pipeline-trace] wall=01:58:07 elapsed=656.042s phase=eval event=interaction_progress trial=19 partition=3 processed=4000 total=5000 metric=ranking
[pipeline-trace] wall=01:58:07 elapsed=656.230s phase=eval event=interaction_progress trial=19 partition=3 processed=4100 total=5000 metric=ranking
[pipeline-trace] wall=01:58:08 elapsed=656.415s phase=eval event=interaction_progress trial=19 partition=3 processed=4200 total=5000 metric=ranking
[pipeline-trace] wall=01:58:08 elapsed=656.587s phase=eval event=interaction_progress trial=19 partition=3 processed=4300 total=5000 metric=ranking
[pipeline-trace] wall=01:58:08 elapsed=656.749s phase=eval event=interaction_progress trial=19 partition=3 processed=4400 total=5000 metric=ranking
[pipeline-trace] wall=01:58:08 elapsed=656.921s phase=eval event=interaction_progress trial=19 partition=3 processed=4500 total=5000 metric=ranking
[pipeline-trace] wall=01:58:08 elapsed=657.088s phase=eval event=interaction_progress trial=19 partition=3 processed=4600 total=5000 metric=ranking
[pipeline-trace] wall=01:58:08 elapsed=657.257s phase=eval event=interaction_progress trial=19 partition=3 processed=4700 total=5000 metric=ranking
[pipeline-trace] wall=01:58:09 elapsed=657.425s phase=eval event=interaction_progress trial=19 partition=3 processed=4800 total=5000 metric=ranking
[pipeline-trace] wall=01:58:09 elapsed=657.594s phase=eval event=interaction_progress trial=19 partition=3 processed=4900 total=5000 metric=ranking
[pipeline-trace] wall=01:58:09 elapsed=657.767s phase=eval event=interaction_progress trial=19 partition=3 processed=5000 total=5000 metric=ranking
[pipeline-trace] wall=01:58:09 elapsed=657.769s phase=eval event=partition_complete trial=19 partition=3 elapsed_sec=7.755 hits=3534 total=5000
[pipeline-trace] wall=01:58:28 elapsed=678.952s phase=eval event=batch_start trial=20 partitions=[3] synthetic=False
[pipeline-trace] wall=01:58:28 elapsed=678.952s phase=eval event=partition_start trial=20 partition=3 interactions=5000
[pipeline-trace] wall=01:58:28 elapsed=678.952s phase=eval event=interaction_progress trial=20 partition=3 processed=1 total=5000 metric=ranking
[pipeline-trace] wall=01:58:29 elapsed=679.185s phase=eval event=interaction_progress trial=20 partition=3 processed=100 total=5000 metric=ranking
[pipeline-trace] wall=01:58:29 elapsed=679.411s phase=eval event=interaction_progress trial=20 partition=3 processed=200 total=5000 metric=ranking
[pipeline-trace] wall=01:58:29 elapsed=679.633s phase=eval event=interaction_progress trial=20 partition=3 processed=300 total=5000 metric=ranking
[pipeline-trace] wall=01:58:29 elapsed=679.858s phase=eval event=interaction_progress trial=20 partition=3 processed=400 total=5000 metric=ranking
[pipeline-trace] wall=01:58:30 elapsed=680.092s phase=eval event=interaction_progress trial=20 partition=3 processed=500 total=5000 metric=ranking
[pipeline-trace] wall=01:58:30 elapsed=680.314s phase=eval event=interaction_progress trial=20 partition=3 processed=600 total=5000 metric=ranking
[pipeline-trace] wall=01:58:30 elapsed=680.539s phase=eval event=interaction_progress trial=20 partition=3 processed=700 total=5000 metric=ranking
[pipeline-trace] wall=01:58:30 elapsed=680.783s phase=eval event=interaction_progress trial=20 partition=3 processed=800 total=5000 metric=ranking
[pipeline-trace] wall=01:58:31 elapsed=681.028s phase=eval event=interaction_progress trial=20 partition=3 processed=900 total=5000 metric=ranking
[pipeline-trace] wall=01:58:31 elapsed=681.269s phase=eval event=interaction_progress trial=20 partition=3 processed=1000 total=5000 metric=ranking
[pipeline-trace] wall=01:58:31 elapsed=681.523s phase=eval event=interaction_progress trial=20 partition=3 processed=1100 total=5000 metric=ranking
[pipeline-trace] wall=01:58:31 elapsed=681.768s phase=eval event=interaction_progress trial=20 partition=3 processed=1200 total=5000 metric=ranking
[pipeline-trace] wall=01:58:31 elapsed=681.975s phase=eval event=interaction_progress trial=20 partition=3 processed=1300 total=5000 metric=ranking
[pipeline-trace] wall=01:58:32 elapsed=682.175s phase=eval event=interaction_progress trial=20 partition=3 processed=1400 total=5000 metric=ranking
[pipeline-trace] wall=01:58:32 elapsed=682.373s phase=eval event=interaction_progress trial=20 partition=3 processed=1500 total=5000 metric=ranking
[pipeline-trace] wall=01:58:32 elapsed=682.551s phase=eval event=interaction_progress trial=20 partition=3 processed=1600 total=5000 metric=ranking
[pipeline-trace] wall=01:58:32 elapsed=682.731s phase=eval event=interaction_progress trial=20 partition=3 processed=1700 total=5000 metric=ranking
[pipeline-trace] wall=01:58:32 elapsed=682.909s phase=eval event=interaction_progress trial=20 partition=3 processed=1800 total=5000 metric=ranking
[pipeline-trace] wall=01:58:33 elapsed=683.093s phase=eval event=interaction_progress trial=20 partition=3 processed=1900 total=5000 metric=ranking
[pipeline-trace] wall=01:58:33 elapsed=683.271s phase=eval event=interaction_progress trial=20 partition=3 processed=2000 total=5000 metric=ranking
[pipeline-trace] wall=01:58:33 elapsed=683.449s phase=eval event=interaction_progress trial=20 partition=3 processed=2100 total=5000 metric=ranking
[pipeline-trace] wall=01:58:33 elapsed=683.628s phase=eval event=interaction_progress trial=20 partition=3 processed=2200 total=5000 metric=ranking
[pipeline-trace] wall=01:58:33 elapsed=683.788s phase=eval event=interaction_progress trial=20 partition=3 processed=2300 total=5000 metric=ranking
[pipeline-trace] wall=01:58:33 elapsed=683.932s phase=eval event=interaction_progress trial=20 partition=3 processed=2400 total=5000 metric=ranking
[pipeline-trace] wall=01:58:34 elapsed=684.077s phase=eval event=interaction_progress trial=20 partition=3 processed=2500 total=5000 metric=ranking
[pipeline-trace] wall=01:58:34 elapsed=684.222s phase=eval event=interaction_progress trial=20 partition=3 processed=2600 total=5000 metric=ranking
[pipeline-trace] wall=01:58:34 elapsed=684.366s phase=eval event=interaction_progress trial=20 partition=3 processed=2700 total=5000 metric=ranking
[pipeline-trace] wall=01:58:34 elapsed=684.510s phase=eval event=interaction_progress trial=20 partition=3 processed=2800 total=5000 metric=ranking
[pipeline-trace] wall=01:58:34 elapsed=684.657s phase=eval event=interaction_progress trial=20 partition=3 processed=2900 total=5000 metric=ranking
[pipeline-trace] wall=01:58:34 elapsed=684.801s phase=eval event=interaction_progress trial=20 partition=3 processed=3000 total=5000 metric=ranking
[pipeline-trace] wall=01:58:34 elapsed=684.945s phase=eval event=interaction_progress trial=20 partition=3 processed=3100 total=5000 metric=ranking
[pipeline-trace] wall=01:58:35 elapsed=685.092s phase=eval event=interaction_progress trial=20 partition=3 processed=3200 total=5000 metric=ranking
[pipeline-trace] wall=01:58:35 elapsed=685.238s phase=eval event=interaction_progress trial=20 partition=3 processed=3300 total=5000 metric=ranking
[pipeline-trace] wall=01:58:35 elapsed=685.382s phase=eval event=interaction_progress trial=20 partition=3 processed=3400 total=5000 metric=ranking
[pipeline-trace] wall=01:58:35 elapsed=685.526s phase=eval event=interaction_progress trial=20 partition=3 processed=3500 total=5000 metric=ranking
[pipeline-trace] wall=01:58:35 elapsed=685.672s phase=eval event=interaction_progress trial=20 partition=3 processed=3600 total=5000 metric=ranking
[pipeline-trace] wall=01:58:35 elapsed=685.817s phase=eval event=interaction_progress trial=20 partition=3 processed=3700 total=5000 metric=ranking
[pipeline-trace] wall=01:58:35 elapsed=685.961s phase=eval event=interaction_progress trial=20 partition=3 processed=3800 total=5000 metric=ranking
[pipeline-trace] wall=01:58:36 elapsed=686.106s phase=eval event=interaction_progress trial=20 partition=3 processed=3900 total=5000 metric=ranking
[pipeline-trace] wall=01:58:36 elapsed=686.249s phase=eval event=interaction_progress trial=20 partition=3 processed=4000 total=5000 metric=ranking
[pipeline-trace] wall=01:58:36 elapsed=686.393s phase=eval event=interaction_progress trial=20 partition=3 processed=4100 total=5000 metric=ranking
[pipeline-trace] wall=01:58:36 elapsed=686.538s phase=eval event=interaction_progress trial=20 partition=3 processed=4200 total=5000 metric=ranking
[pipeline-trace] wall=01:58:36 elapsed=686.686s phase=eval event=interaction_progress trial=20 partition=3 processed=4300 total=5000 metric=ranking
[pipeline-trace] wall=01:58:36 elapsed=686.830s phase=eval event=interaction_progress trial=20 partition=3 processed=4400 total=5000 metric=ranking
[pipeline-trace] wall=01:58:36 elapsed=686.974s phase=eval event=interaction_progress trial=20 partition=3 processed=4500 total=5000 metric=ranking
[pipeline-trace] wall=01:58:37 elapsed=687.121s phase=eval event=interaction_progress trial=20 partition=3 processed=4600 total=5000 metric=ranking
[pipeline-trace] wall=01:58:37 elapsed=687.267s phase=eval event=interaction_progress trial=20 partition=3 processed=4700 total=5000 metric=ranking
[pipeline-trace] wall=01:58:37 elapsed=687.412s phase=eval event=interaction_progress trial=20 partition=3 processed=4800 total=5000 metric=ranking
[pipeline-trace] wall=01:58:37 elapsed=687.557s phase=eval event=interaction_progress trial=20 partition=3 processed=4900 total=5000 metric=ranking
[pipeline-trace] wall=01:58:37 elapsed=687.704s phase=eval event=interaction_progress trial=20 partition=3 processed=5000 total=5000 metric=ranking
[pipeline-trace] wall=01:58:37 elapsed=687.706s phase=eval event=partition_complete trial=20 partition=3 elapsed_sec=8.754 hits=2856 total=5000
[pipeline-trace] wall=01:58:47 elapsed=699.251s phase=eval event=batch_start trial=21 partitions=[3] synthetic=False
[pipeline-trace] wall=01:58:47 elapsed=699.252s phase=eval event=partition_start trial=21 partition=3 interactions=5000
[pipeline-trace] wall=01:58:47 elapsed=699.252s phase=eval event=interaction_progress trial=21 partition=3 processed=1 total=5000 metric=ranking
[pipeline-trace] wall=01:58:47 elapsed=699.459s phase=eval event=interaction_progress trial=21 partition=3 processed=100 total=5000 metric=ranking
[pipeline-trace] wall=01:58:47 elapsed=699.664s phase=eval event=interaction_progress trial=21 partition=3 processed=200 total=5000 metric=ranking
[pipeline-trace] wall=01:58:47 elapsed=699.872s phase=eval event=interaction_progress trial=21 partition=3 processed=300 total=5000 metric=ranking
[pipeline-trace] wall=01:58:47 elapsed=700.077s phase=eval event=interaction_progress trial=21 partition=3 processed=400 total=5000 metric=ranking
[pipeline-trace] wall=01:58:48 elapsed=700.284s phase=eval event=interaction_progress trial=21 partition=3 processed=500 total=5000 metric=ranking
[pipeline-trace] wall=01:58:48 elapsed=700.490s phase=eval event=interaction_progress trial=21 partition=3 processed=600 total=5000 metric=ranking
[pipeline-trace] wall=01:58:48 elapsed=700.694s phase=eval event=interaction_progress trial=21 partition=3 processed=700 total=5000 metric=ranking
[pipeline-trace] wall=01:58:48 elapsed=700.921s phase=eval event=interaction_progress trial=21 partition=3 processed=800 total=5000 metric=ranking
[pipeline-trace] wall=01:58:48 elapsed=701.134s phase=eval event=interaction_progress trial=21 partition=3 processed=900 total=5000 metric=ranking
[pipeline-trace] wall=01:58:49 elapsed=701.338s phase=eval event=interaction_progress trial=21 partition=3 processed=1000 total=5000 metric=ranking
[pipeline-trace] wall=01:58:49 elapsed=701.545s phase=eval event=interaction_progress trial=21 partition=3 processed=1100 total=5000 metric=ranking
[pipeline-trace] wall=01:58:49 elapsed=701.749s phase=eval event=interaction_progress trial=21 partition=3 processed=1200 total=5000 metric=ranking
[pipeline-trace] wall=01:58:49 elapsed=701.956s phase=eval event=interaction_progress trial=21 partition=3 processed=1300 total=5000 metric=ranking
[pipeline-trace] wall=01:58:50 elapsed=702.161s phase=eval event=interaction_progress trial=21 partition=3 processed=1400 total=5000 metric=ranking
[pipeline-trace] wall=01:58:50 elapsed=702.367s phase=eval event=interaction_progress trial=21 partition=3 processed=1500 total=5000 metric=ranking
[pipeline-trace] wall=01:58:50 elapsed=702.571s phase=eval event=interaction_progress trial=21 partition=3 processed=1600 total=5000 metric=ranking
[pipeline-trace] wall=01:58:50 elapsed=702.772s phase=eval event=interaction_progress trial=21 partition=3 processed=1700 total=5000 metric=ranking
[pipeline-trace] wall=01:58:50 elapsed=702.979s phase=eval event=interaction_progress trial=21 partition=3 processed=1800 total=5000 metric=ranking
[pipeline-trace] wall=01:58:51 elapsed=703.185s phase=eval event=interaction_progress trial=21 partition=3 processed=1900 total=5000 metric=ranking
[pipeline-trace] wall=01:58:51 elapsed=703.393s phase=eval event=interaction_progress trial=21 partition=3 processed=2000 total=5000 metric=ranking
[pipeline-trace] wall=01:58:51 elapsed=703.601s phase=eval event=interaction_progress trial=21 partition=3 processed=2100 total=5000 metric=ranking
[pipeline-trace] wall=01:58:51 elapsed=703.795s phase=eval event=interaction_progress trial=21 partition=3 processed=2200 total=5000 metric=ranking
[pipeline-trace] wall=01:58:51 elapsed=703.936s phase=eval event=interaction_progress trial=21 partition=3 processed=2300 total=5000 metric=ranking
[pipeline-trace] wall=01:58:51 elapsed=704.073s phase=eval event=interaction_progress trial=21 partition=3 processed=2400 total=5000 metric=ranking
[pipeline-trace] wall=01:58:52 elapsed=704.208s phase=eval event=interaction_progress trial=21 partition=3 processed=2500 total=5000 metric=ranking
[pipeline-trace] wall=01:58:52 elapsed=704.345s phase=eval event=interaction_progress trial=21 partition=3 processed=2600 total=5000 metric=ranking
[pipeline-trace] wall=01:58:52 elapsed=704.481s phase=eval event=interaction_progress trial=21 partition=3 processed=2700 total=5000 metric=ranking
[pipeline-trace] wall=01:58:52 elapsed=704.616s phase=eval event=interaction_progress trial=21 partition=3 processed=2800 total=5000 metric=ranking
[pipeline-trace] wall=01:58:52 elapsed=704.752s phase=eval event=interaction_progress trial=21 partition=3 processed=2900 total=5000 metric=ranking
[pipeline-trace] wall=01:58:52 elapsed=704.890s phase=eval event=interaction_progress trial=21 partition=3 processed=3000 total=5000 metric=ranking
[pipeline-trace] wall=01:58:52 elapsed=705.027s phase=eval event=interaction_progress trial=21 partition=3 processed=3100 total=5000 metric=ranking
[pipeline-trace] wall=01:58:53 elapsed=705.163s phase=eval event=interaction_progress trial=21 partition=3 processed=3200 total=5000 metric=ranking
[pipeline-trace] wall=01:58:53 elapsed=705.299s phase=eval event=interaction_progress trial=21 partition=3 processed=3300 total=5000 metric=ranking
[pipeline-trace] wall=01:58:53 elapsed=705.435s phase=eval event=interaction_progress trial=21 partition=3 processed=3400 total=5000 metric=ranking
[pipeline-trace] wall=01:58:53 elapsed=705.572s phase=eval event=interaction_progress trial=21 partition=3 processed=3500 total=5000 metric=ranking
[pipeline-trace] wall=01:58:53 elapsed=705.707s phase=eval event=interaction_progress trial=21 partition=3 processed=3600 total=5000 metric=ranking
[pipeline-trace] wall=01:58:53 elapsed=705.844s phase=eval event=interaction_progress trial=21 partition=3 processed=3700 total=5000 metric=ranking
[pipeline-trace] wall=01:58:53 elapsed=705.980s phase=eval event=interaction_progress trial=21 partition=3 processed=3800 total=5000 metric=ranking
[pipeline-trace] wall=01:58:53 elapsed=706.116s phase=eval event=interaction_progress trial=21 partition=3 processed=3900 total=5000 metric=ranking
[pipeline-trace] wall=01:58:54 elapsed=706.252s phase=eval event=interaction_progress trial=21 partition=3 processed=4000 total=5000 metric=ranking
[pipeline-trace] wall=01:58:54 elapsed=706.388s phase=eval event=interaction_progress trial=21 partition=3 processed=4100 total=5000 metric=ranking
[pipeline-trace] wall=01:58:54 elapsed=706.524s phase=eval event=interaction_progress trial=21 partition=3 processed=4200 total=5000 metric=ranking
[pipeline-trace] wall=01:58:54 elapsed=706.660s phase=eval event=interaction_progress trial=21 partition=3 processed=4300 total=5000 metric=ranking
[pipeline-trace] wall=01:58:54 elapsed=706.798s phase=eval event=interaction_progress trial=21 partition=3 processed=4400 total=5000 metric=ranking
[pipeline-trace] wall=01:58:54 elapsed=706.934s phase=eval event=interaction_progress trial=21 partition=3 processed=4500 total=5000 metric=ranking
[pipeline-trace] wall=01:58:54 elapsed=707.070s phase=eval event=interaction_progress trial=21 partition=3 processed=4600 total=5000 metric=ranking
[pipeline-trace] wall=01:58:55 elapsed=707.206s phase=eval event=interaction_progress trial=21 partition=3 processed=4700 total=5000 metric=ranking
[pipeline-trace] wall=01:58:55 elapsed=707.342s phase=eval event=interaction_progress trial=21 partition=3 processed=4800 total=5000 metric=ranking
[pipeline-trace] wall=01:58:55 elapsed=707.478s phase=eval event=interaction_progress trial=21 partition=3 processed=4900 total=5000 metric=ranking
[pipeline-trace] wall=01:58:55 elapsed=707.614s phase=eval event=interaction_progress trial=21 partition=3 processed=5000 total=5000 metric=ranking
[pipeline-trace] wall=01:58:55 elapsed=707.616s phase=eval event=partition_complete trial=21 partition=3 elapsed_sec=8.365 hits=3978 total=5000
[pipeline-trace] wall=01:59:13 elapsed=732.875s phase=eval event=batch_start trial=22 partitions=[3] synthetic=False
[pipeline-trace] wall=01:59:13 elapsed=732.876s phase=eval event=partition_start trial=22 partition=3 interactions=5000
[pipeline-trace] wall=01:59:13 elapsed=732.876s phase=eval event=interaction_progress trial=22 partition=3 processed=1 total=5000 metric=ranking
[pipeline-trace] wall=01:59:13 elapsed=733.050s phase=eval event=interaction_progress trial=22 partition=3 processed=100 total=5000 metric=ranking
[pipeline-trace] wall=01:59:14 elapsed=733.192s phase=eval event=interaction_progress trial=22 partition=3 processed=200 total=5000 metric=ranking
[pipeline-trace] wall=01:59:14 elapsed=733.334s phase=eval event=interaction_progress trial=22 partition=3 processed=300 total=5000 metric=ranking
[pipeline-trace] wall=01:59:14 elapsed=733.496s phase=eval event=interaction_progress trial=22 partition=3 processed=400 total=5000 metric=ranking
[pipeline-trace] wall=01:59:14 elapsed=733.669s phase=eval event=interaction_progress trial=22 partition=3 processed=500 total=5000 metric=ranking
[pipeline-trace] wall=01:59:14 elapsed=733.844s phase=eval event=interaction_progress trial=22 partition=3 processed=600 total=5000 metric=ranking
[pipeline-trace] wall=01:59:14 elapsed=734.016s phase=eval event=interaction_progress trial=22 partition=3 processed=700 total=5000 metric=ranking
[pipeline-trace] wall=01:59:15 elapsed=734.189s phase=eval event=interaction_progress trial=22 partition=3 processed=800 total=5000 metric=ranking
[pipeline-trace] wall=01:59:15 elapsed=734.361s phase=eval event=interaction_progress trial=22 partition=3 processed=900 total=5000 metric=ranking
[pipeline-trace] wall=01:59:15 elapsed=734.534s phase=eval event=interaction_progress trial=22 partition=3 processed=1000 total=5000 metric=ranking
[pipeline-trace] wall=01:59:15 elapsed=734.707s phase=eval event=interaction_progress trial=22 partition=3 processed=1100 total=5000 metric=ranking
[pipeline-trace] wall=01:59:15 elapsed=734.882s phase=eval event=interaction_progress trial=22 partition=3 processed=1200 total=5000 metric=ranking
[pipeline-trace] wall=01:59:16 elapsed=735.117s phase=eval event=interaction_progress trial=22 partition=3 processed=1300 total=5000 metric=ranking
[pipeline-trace] wall=01:59:16 elapsed=735.308s phase=eval event=interaction_progress trial=22 partition=3 processed=1400 total=5000 metric=ranking
[pipeline-trace] wall=01:59:16 elapsed=735.475s phase=eval event=interaction_progress trial=22 partition=3 processed=1500 total=5000 metric=ranking
[pipeline-trace] wall=01:59:16 elapsed=735.643s phase=eval event=interaction_progress trial=22 partition=3 processed=1600 total=5000 metric=ranking
[pipeline-trace] wall=01:59:16 elapsed=735.813s phase=eval event=interaction_progress trial=22 partition=3 processed=1700 total=5000 metric=ranking
[pipeline-trace] wall=01:59:16 elapsed=735.980s phase=eval event=interaction_progress trial=22 partition=3 processed=1800 total=5000 metric=ranking
[pipeline-trace] wall=01:59:17 elapsed=736.149s phase=eval event=interaction_progress trial=22 partition=3 processed=1900 total=5000 metric=ranking
[pipeline-trace] wall=01:59:17 elapsed=736.317s phase=eval event=interaction_progress trial=22 partition=3 processed=2000 total=5000 metric=ranking
[pipeline-trace] wall=01:59:17 elapsed=736.478s phase=eval event=interaction_progress trial=22 partition=3 processed=2100 total=5000 metric=ranking
[pipeline-trace] wall=01:59:17 elapsed=736.619s phase=eval event=interaction_progress trial=22 partition=3 processed=2200 total=5000 metric=ranking
[pipeline-trace] wall=01:59:17 elapsed=736.761s phase=eval event=interaction_progress trial=22 partition=3 processed=2300 total=5000 metric=ranking
[pipeline-trace] wall=01:59:17 elapsed=736.902s phase=eval event=interaction_progress trial=22 partition=3 processed=2400 total=5000 metric=ranking
[pipeline-trace] wall=01:59:17 elapsed=737.042s phase=eval event=interaction_progress trial=22 partition=3 processed=2500 total=5000 metric=ranking
[pipeline-trace] wall=01:59:18 elapsed=737.184s phase=eval event=interaction_progress trial=22 partition=3 processed=2600 total=5000 metric=ranking
[pipeline-trace] wall=01:59:18 elapsed=737.324s phase=eval event=interaction_progress trial=22 partition=3 processed=2700 total=5000 metric=ranking
[pipeline-trace] wall=01:59:18 elapsed=737.464s phase=eval event=interaction_progress trial=22 partition=3 processed=2800 total=5000 metric=ranking
[pipeline-trace] wall=01:59:18 elapsed=737.603s phase=eval event=interaction_progress trial=22 partition=3 processed=2900 total=5000 metric=ranking
[pipeline-trace] wall=01:59:18 elapsed=737.745s phase=eval event=interaction_progress trial=22 partition=3 processed=3000 total=5000 metric=ranking
[pipeline-trace] wall=01:59:18 elapsed=737.887s phase=eval event=interaction_progress trial=22 partition=3 processed=3100 total=5000 metric=ranking
[pipeline-trace] wall=01:59:18 elapsed=738.033s phase=eval event=interaction_progress trial=22 partition=3 processed=3200 total=5000 metric=ranking
[pipeline-trace] wall=01:59:19 elapsed=738.188s phase=eval event=interaction_progress trial=22 partition=3 processed=3300 total=5000 metric=ranking
[pipeline-trace] wall=01:59:19 elapsed=738.352s phase=eval event=interaction_progress trial=22 partition=3 processed=3400 total=5000 metric=ranking
[pipeline-trace] wall=01:59:19 elapsed=738.518s phase=eval event=interaction_progress trial=22 partition=3 processed=3500 total=5000 metric=ranking
[pipeline-trace] wall=01:59:19 elapsed=738.671s phase=eval event=interaction_progress trial=22 partition=3 processed=3600 total=5000 metric=ranking
[pipeline-trace] wall=01:59:19 elapsed=738.822s phase=eval event=interaction_progress trial=22 partition=3 processed=3700 total=5000 metric=ranking
[pipeline-trace] wall=01:59:19 elapsed=738.968s phase=eval event=interaction_progress trial=22 partition=3 processed=3800 total=5000 metric=ranking
[pipeline-trace] wall=01:59:20 elapsed=739.112s phase=eval event=interaction_progress trial=22 partition=3 processed=3900 total=5000 metric=ranking
[pipeline-trace] wall=01:59:20 elapsed=739.252s phase=eval event=interaction_progress trial=22 partition=3 processed=4000 total=5000 metric=ranking
[pipeline-trace] wall=01:59:20 elapsed=739.392s phase=eval event=interaction_progress trial=22 partition=3 processed=4100 total=5000 metric=ranking
[pipeline-trace] wall=01:59:20 elapsed=739.532s phase=eval event=interaction_progress trial=22 partition=3 processed=4200 total=5000 metric=ranking
[pipeline-trace] wall=01:59:20 elapsed=739.651s phase=eval event=interaction_progress trial=22 partition=3 processed=4300 total=5000 metric=ranking
[pipeline-trace] wall=01:59:20 elapsed=739.765s phase=eval event=interaction_progress trial=22 partition=3 processed=4400 total=5000 metric=ranking
[pipeline-trace] wall=01:59:20 elapsed=739.877s phase=eval event=interaction_progress trial=22 partition=3 processed=4500 total=5000 metric=ranking
[pipeline-trace] wall=01:59:20 elapsed=739.989s phase=eval event=interaction_progress trial=22 partition=3 processed=4600 total=5000 metric=ranking
[pipeline-trace] wall=01:59:20 elapsed=740.102s phase=eval event=interaction_progress trial=22 partition=3 processed=4700 total=5000 metric=ranking
[pipeline-trace] wall=01:59:21 elapsed=740.214s phase=eval event=interaction_progress trial=22 partition=3 processed=4800 total=5000 metric=ranking
[pipeline-trace] wall=01:59:21 elapsed=740.326s phase=eval event=interaction_progress trial=22 partition=3 processed=4900 total=5000 metric=ranking
[pipeline-trace] wall=01:59:21 elapsed=740.437s phase=eval event=interaction_progress trial=22 partition=3 processed=5000 total=5000 metric=ranking
[pipeline-trace] wall=01:59:21 elapsed=740.439s phase=eval event=partition_complete trial=22 partition=3 elapsed_sec=7.563 hits=3546 total=5000
[pipeline-trace] wall=01:59:40 elapsed=757.665s phase=eval event=batch_start trial=23 partitions=[3] synthetic=False
[pipeline-trace] wall=01:59:40 elapsed=757.665s phase=eval event=partition_start trial=23 partition=3 interactions=5000
[pipeline-trace] wall=01:59:40 elapsed=757.665s phase=eval event=interaction_progress trial=23 partition=3 processed=1 total=5000 metric=ranking
[pipeline-trace] wall=01:59:41 elapsed=757.871s phase=eval event=interaction_progress trial=23 partition=3 processed=100 total=5000 metric=ranking
[pipeline-trace] wall=01:59:41 elapsed=758.037s phase=eval event=interaction_progress trial=23 partition=3 processed=200 total=5000 metric=ranking
[pipeline-trace] wall=01:59:41 elapsed=758.203s phase=eval event=interaction_progress trial=23 partition=3 processed=300 total=5000 metric=ranking
[pipeline-trace] wall=01:59:41 elapsed=758.372s phase=eval event=interaction_progress trial=23 partition=3 processed=400 total=5000 metric=ranking
[pipeline-trace] wall=01:59:41 elapsed=758.540s phase=eval event=interaction_progress trial=23 partition=3 processed=500 total=5000 metric=ranking
[pipeline-trace] wall=01:59:41 elapsed=758.703s phase=eval event=interaction_progress trial=23 partition=3 processed=600 total=5000 metric=ranking
[pipeline-trace] wall=01:59:42 elapsed=758.864s phase=eval event=interaction_progress trial=23 partition=3 processed=700 total=5000 metric=ranking
[pipeline-trace] wall=01:59:42 elapsed=759.029s phase=eval event=interaction_progress trial=23 partition=3 processed=800 total=5000 metric=ranking
[pipeline-trace] wall=01:59:42 elapsed=759.190s phase=eval event=interaction_progress trial=23 partition=3 processed=900 total=5000 metric=ranking
[pipeline-trace] wall=01:59:42 elapsed=759.351s phase=eval event=interaction_progress trial=23 partition=3 processed=1000 total=5000 metric=ranking
[pipeline-trace] wall=01:59:42 elapsed=759.515s phase=eval event=interaction_progress trial=23 partition=3 processed=1100 total=5000 metric=ranking
[pipeline-trace] wall=01:59:42 elapsed=759.678s phase=eval event=interaction_progress trial=23 partition=3 processed=1200 total=5000 metric=ranking
[pipeline-trace] wall=01:59:43 elapsed=759.840s phase=eval event=interaction_progress trial=23 partition=3 processed=1300 total=5000 metric=ranking
[pipeline-trace] wall=01:59:43 elapsed=760.004s phase=eval event=interaction_progress trial=23 partition=3 processed=1400 total=5000 metric=ranking
[pipeline-trace] wall=01:59:43 elapsed=760.167s phase=eval event=interaction_progress trial=23 partition=3 processed=1500 total=5000 metric=ranking
[pipeline-trace] wall=01:59:43 elapsed=760.329s phase=eval event=interaction_progress trial=23 partition=3 processed=1600 total=5000 metric=ranking
[pipeline-trace] wall=01:59:43 elapsed=760.496s phase=eval event=interaction_progress trial=23 partition=3 processed=1700 total=5000 metric=ranking
[pipeline-trace] wall=01:59:43 elapsed=760.659s phase=eval event=interaction_progress trial=23 partition=3 processed=1800 total=5000 metric=ranking
[pipeline-trace] wall=01:59:44 elapsed=760.818s phase=eval event=interaction_progress trial=23 partition=3 processed=1900 total=5000 metric=ranking
[pipeline-trace] wall=01:59:44 elapsed=760.978s phase=eval event=interaction_progress trial=23 partition=3 processed=2000 total=5000 metric=ranking
[pipeline-trace] wall=01:59:44 elapsed=761.139s phase=eval event=interaction_progress trial=23 partition=3 processed=2100 total=5000 metric=ranking
[pipeline-trace] wall=01:59:44 elapsed=761.300s phase=eval event=interaction_progress trial=23 partition=3 processed=2200 total=5000 metric=ranking
[pipeline-trace] wall=01:59:44 elapsed=761.465s phase=eval event=interaction_progress trial=23 partition=3 processed=2300 total=5000 metric=ranking
[pipeline-trace] wall=01:59:44 elapsed=761.627s phase=eval event=interaction_progress trial=23 partition=3 processed=2400 total=5000 metric=ranking
[pipeline-trace] wall=01:59:44 elapsed=761.777s phase=eval event=interaction_progress trial=23 partition=3 processed=2500 total=5000 metric=ranking
[pipeline-trace] wall=01:59:45 elapsed=761.907s phase=eval event=interaction_progress trial=23 partition=3 processed=2600 total=5000 metric=ranking
[pipeline-trace] wall=01:59:45 elapsed=762.037s phase=eval event=interaction_progress trial=23 partition=3 processed=2700 total=5000 metric=ranking
[pipeline-trace] wall=01:59:45 elapsed=762.149s phase=eval event=interaction_progress trial=23 partition=3 processed=2800 total=5000 metric=ranking
[pipeline-trace] wall=01:59:45 elapsed=762.255s phase=eval event=interaction_progress trial=23 partition=3 processed=2900 total=5000 metric=ranking
[pipeline-trace] wall=01:59:45 elapsed=762.360s phase=eval event=interaction_progress trial=23 partition=3 processed=3000 total=5000 metric=ranking
[pipeline-trace] wall=01:59:45 elapsed=762.468s phase=eval event=interaction_progress trial=23 partition=3 processed=3100 total=5000 metric=ranking
[pipeline-trace] wall=01:59:45 elapsed=762.574s phase=eval event=interaction_progress trial=23 partition=3 processed=3200 total=5000 metric=ranking
[pipeline-trace] wall=01:59:45 elapsed=762.679s phase=eval event=interaction_progress trial=23 partition=3 processed=3300 total=5000 metric=ranking
[pipeline-trace] wall=01:59:46 elapsed=762.783s phase=eval event=interaction_progress trial=23 partition=3 processed=3400 total=5000 metric=ranking
[pipeline-trace] wall=01:59:46 elapsed=762.887s phase=eval event=interaction_progress trial=23 partition=3 processed=3500 total=5000 metric=ranking
[pipeline-trace] wall=01:59:46 elapsed=762.992s phase=eval event=interaction_progress trial=23 partition=3 processed=3600 total=5000 metric=ranking
[pipeline-trace] wall=01:59:46 elapsed=763.096s phase=eval event=interaction_progress trial=23 partition=3 processed=3700 total=5000 metric=ranking
[pipeline-trace] wall=01:59:46 elapsed=763.201s phase=eval event=interaction_progress trial=23 partition=3 processed=3800 total=5000 metric=ranking
[pipeline-trace] wall=01:59:46 elapsed=763.306s phase=eval event=interaction_progress trial=23 partition=3 processed=3900 total=5000 metric=ranking
[pipeline-trace] wall=01:59:46 elapsed=763.412s phase=eval event=interaction_progress trial=23 partition=3 processed=4000 total=5000 metric=ranking
[pipeline-trace] wall=01:59:46 elapsed=763.520s phase=eval event=interaction_progress trial=23 partition=3 processed=4100 total=5000 metric=ranking
[pipeline-trace] wall=01:59:46 elapsed=763.626s phase=eval event=interaction_progress trial=23 partition=3 processed=4200 total=5000 metric=ranking
[pipeline-trace] wall=01:59:46 elapsed=763.732s phase=eval event=interaction_progress trial=23 partition=3 processed=4300 total=5000 metric=ranking
[pipeline-trace] wall=01:59:47 elapsed=763.838s phase=eval event=interaction_progress trial=23 partition=3 processed=4400 total=5000 metric=ranking
[pipeline-trace] wall=01:59:47 elapsed=763.944s phase=eval event=interaction_progress trial=23 partition=3 processed=4500 total=5000 metric=ranking
[pipeline-trace] wall=01:59:47 elapsed=764.050s phase=eval event=interaction_progress trial=23 partition=3 processed=4600 total=5000 metric=ranking
[pipeline-trace] wall=01:59:47 elapsed=764.156s phase=eval event=interaction_progress trial=23 partition=3 processed=4700 total=5000 metric=ranking
[pipeline-trace] wall=01:59:47 elapsed=764.262s phase=eval event=interaction_progress trial=23 partition=3 processed=4800 total=5000 metric=ranking
[pipeline-trace] wall=01:59:47 elapsed=764.367s phase=eval event=interaction_progress trial=23 partition=3 processed=4900 total=5000 metric=ranking
[pipeline-trace] wall=01:59:47 elapsed=764.475s phase=eval event=interaction_progress trial=23 partition=3 processed=5000 total=5000 metric=ranking
[pipeline-trace] wall=01:59:47 elapsed=764.476s phase=eval event=partition_complete trial=23 partition=3 elapsed_sec=6.811 hits=4613 total=5000
[pipeline-trace] wall=01:59:48 elapsed=768.619s phase=eval event=batch_start trial=24 partitions=[3] synthetic=False
[pipeline-trace] wall=01:59:48 elapsed=768.619s phase=eval event=partition_start trial=24 partition=3 interactions=5000
[pipeline-trace] wall=01:59:48 elapsed=768.619s phase=eval event=interaction_progress trial=24 partition=3 processed=1 total=5000 metric=ranking
[pipeline-trace] wall=01:59:48 elapsed=768.785s phase=eval event=interaction_progress trial=24 partition=3 processed=100 total=5000 metric=ranking
[pipeline-trace] wall=01:59:49 elapsed=768.913s phase=eval event=interaction_progress trial=24 partition=3 processed=200 total=5000 metric=ranking
[pipeline-trace] wall=01:59:49 elapsed=769.042s phase=eval event=interaction_progress trial=24 partition=3 processed=300 total=5000 metric=ranking
[pipeline-trace] wall=01:59:49 elapsed=769.170s phase=eval event=interaction_progress trial=24 partition=3 processed=400 total=5000 metric=ranking
[pipeline-trace] wall=01:59:49 elapsed=769.299s phase=eval event=interaction_progress trial=24 partition=3 processed=500 total=5000 metric=ranking
[pipeline-trace] wall=01:59:49 elapsed=769.430s phase=eval event=interaction_progress trial=24 partition=3 processed=600 total=5000 metric=ranking
[pipeline-trace] wall=01:59:49 elapsed=769.560s phase=eval event=interaction_progress trial=24 partition=3 processed=700 total=5000 metric=ranking
[pipeline-trace] wall=01:59:49 elapsed=769.690s phase=eval event=interaction_progress trial=24 partition=3 processed=800 total=5000 metric=ranking
[pipeline-trace] wall=01:59:50 elapsed=769.820s phase=eval event=interaction_progress trial=24 partition=3 processed=900 total=5000 metric=ranking
[pipeline-trace] wall=01:59:50 elapsed=769.948s phase=eval event=interaction_progress trial=24 partition=3 processed=1000 total=5000 metric=ranking
[pipeline-trace] wall=01:59:50 elapsed=770.077s phase=eval event=interaction_progress trial=24 partition=3 processed=1100 total=5000 metric=ranking
[pipeline-trace] wall=01:59:50 elapsed=770.206s phase=eval event=interaction_progress trial=24 partition=3 processed=1200 total=5000 metric=ranking
[pipeline-trace] wall=01:59:50 elapsed=770.333s phase=eval event=interaction_progress trial=24 partition=3 processed=1300 total=5000 metric=ranking
[pipeline-trace] wall=01:59:50 elapsed=770.463s phase=eval event=interaction_progress trial=24 partition=3 processed=1400 total=5000 metric=ranking
[pipeline-trace] wall=01:59:50 elapsed=770.591s phase=eval event=interaction_progress trial=24 partition=3 processed=1500 total=5000 metric=ranking
[pipeline-trace] wall=01:59:50 elapsed=770.719s phase=eval event=interaction_progress trial=24 partition=3 processed=1600 total=5000 metric=ranking
[pipeline-trace] wall=01:59:51 elapsed=770.847s phase=eval event=interaction_progress trial=24 partition=3 processed=1700 total=5000 metric=ranking
[pipeline-trace] wall=01:59:51 elapsed=770.977s phase=eval event=interaction_progress trial=24 partition=3 processed=1800 total=5000 metric=ranking
[pipeline-trace] wall=01:59:51 elapsed=771.103s phase=eval event=interaction_progress trial=24 partition=3 processed=1900 total=5000 metric=ranking
[pipeline-trace] wall=01:59:51 elapsed=771.231s phase=eval event=interaction_progress trial=24 partition=3 processed=2000 total=5000 metric=ranking
[pipeline-trace] wall=01:59:51 elapsed=771.359s phase=eval event=interaction_progress trial=24 partition=3 processed=2100 total=5000 metric=ranking
[pipeline-trace] wall=01:59:51 elapsed=771.490s phase=eval event=interaction_progress trial=24 partition=3 processed=2200 total=5000 metric=ranking
[pipeline-trace] wall=01:59:51 elapsed=771.620s phase=eval event=interaction_progress trial=24 partition=3 processed=2300 total=5000 metric=ranking
[pipeline-trace] wall=01:59:51 elapsed=771.749s phase=eval event=interaction_progress trial=24 partition=3 processed=2400 total=5000 metric=ranking
[pipeline-trace] wall=01:59:52 elapsed=771.878s phase=eval event=interaction_progress trial=24 partition=3 processed=2500 total=5000 metric=ranking
[pipeline-trace] wall=01:59:52 elapsed=772.007s phase=eval event=interaction_progress trial=24 partition=3 processed=2600 total=5000 metric=ranking
[pipeline-trace] wall=01:59:52 elapsed=772.135s phase=eval event=interaction_progress trial=24 partition=3 processed=2700 total=5000 metric=ranking
[pipeline-trace] wall=01:59:52 elapsed=772.263s phase=eval event=interaction_progress trial=24 partition=3 processed=2800 total=5000 metric=ranking
[pipeline-trace] wall=01:59:52 elapsed=772.392s phase=eval event=interaction_progress trial=24 partition=3 processed=2900 total=5000 metric=ranking
[pipeline-trace] wall=01:59:52 elapsed=772.525s phase=eval event=interaction_progress trial=24 partition=3 processed=3000 total=5000 metric=ranking
[pipeline-trace] wall=01:59:52 elapsed=772.676s phase=eval event=interaction_progress trial=24 partition=3 processed=3100 total=5000 metric=ranking
[pipeline-trace] wall=01:59:53 elapsed=772.832s phase=eval event=interaction_progress trial=24 partition=3 processed=3200 total=5000 metric=ranking
[pipeline-trace] wall=01:59:53 elapsed=772.986s phase=eval event=interaction_progress trial=24 partition=3 processed=3300 total=5000 metric=ranking
[pipeline-trace] wall=01:59:53 elapsed=773.139s phase=eval event=interaction_progress trial=24 partition=3 processed=3400 total=5000 metric=ranking
[pipeline-trace] wall=01:59:53 elapsed=773.292s phase=eval event=interaction_progress trial=24 partition=3 processed=3500 total=5000 metric=ranking
[pipeline-trace] wall=01:59:53 elapsed=773.430s phase=eval event=interaction_progress trial=24 partition=3 processed=3600 total=5000 metric=ranking
[pipeline-trace] wall=01:59:53 elapsed=773.540s phase=eval event=interaction_progress trial=24 partition=3 processed=3700 total=5000 metric=ranking
[pipeline-trace] wall=01:59:53 elapsed=773.643s phase=eval event=interaction_progress trial=24 partition=3 processed=3800 total=5000 metric=ranking
[pipeline-trace] wall=01:59:53 elapsed=773.746s phase=eval event=interaction_progress trial=24 partition=3 processed=3900 total=5000 metric=ranking
[pipeline-trace] wall=01:59:54 elapsed=773.849s phase=eval event=interaction_progress trial=24 partition=3 processed=4000 total=5000 metric=ranking
[pipeline-trace] wall=01:59:54 elapsed=773.952s phase=eval event=interaction_progress trial=24 partition=3 processed=4100 total=5000 metric=ranking
[pipeline-trace] wall=01:59:54 elapsed=774.081s phase=eval event=interaction_progress trial=24 partition=3 processed=4200 total=5000 metric=ranking
[pipeline-trace] wall=01:59:54 elapsed=774.184s phase=eval event=interaction_progress trial=24 partition=3 processed=4300 total=5000 metric=ranking
[pipeline-trace] wall=01:59:54 elapsed=774.330s phase=eval event=interaction_progress trial=24 partition=3 processed=4400 total=5000 metric=ranking
[pipeline-trace] wall=01:59:54 elapsed=774.481s phase=eval event=interaction_progress trial=24 partition=3 processed=4500 total=5000 metric=ranking
[pipeline-trace] wall=01:59:54 elapsed=774.618s phase=eval event=interaction_progress trial=24 partition=3 processed=4600 total=5000 metric=ranking
[pipeline-trace] wall=01:59:54 elapsed=774.767s phase=eval event=interaction_progress trial=24 partition=3 processed=4700 total=5000 metric=ranking
[pipeline-trace] wall=01:59:55 elapsed=774.917s phase=eval event=interaction_progress trial=24 partition=3 processed=4800 total=5000 metric=ranking
[pipeline-trace] wall=01:59:55 elapsed=775.062s phase=eval event=interaction_progress trial=24 partition=3 processed=4900 total=5000 metric=ranking
[pipeline-trace] wall=01:59:55 elapsed=775.207s phase=eval event=interaction_progress trial=24 partition=3 processed=5000 total=5000 metric=ranking
[pipeline-trace] wall=01:59:55 elapsed=775.210s phase=eval event=partition_complete trial=24 partition=3 elapsed_sec=6.590 hits=3624 total=5000
[pipeline-trace] wall=02:00:27 elapsed=806.461s phase=eval event=batch_start trial=25 partitions=[3] synthetic=False
[pipeline-trace] wall=02:00:27 elapsed=806.461s phase=eval event=partition_start trial=25 partition=3 interactions=5000
[pipeline-trace] wall=02:00:27 elapsed=806.461s phase=eval event=interaction_progress trial=25 partition=3 processed=1 total=5000 metric=ranking
[pipeline-trace] wall=02:00:27 elapsed=806.652s phase=eval event=interaction_progress trial=25 partition=3 processed=100 total=5000 metric=ranking
[pipeline-trace] wall=02:00:27 elapsed=806.838s phase=eval event=interaction_progress trial=25 partition=3 processed=200 total=5000 metric=ranking
[pipeline-trace] wall=02:00:27 elapsed=807.021s phase=eval event=interaction_progress trial=25 partition=3 processed=300 total=5000 metric=ranking
[pipeline-trace] wall=02:00:28 elapsed=807.204s phase=eval event=interaction_progress trial=25 partition=3 processed=400 total=5000 metric=ranking
[pipeline-trace] wall=02:00:28 elapsed=807.388s phase=eval event=interaction_progress trial=25 partition=3 processed=500 total=5000 metric=ranking
[pipeline-trace] wall=02:00:28 elapsed=807.598s phase=eval event=interaction_progress trial=25 partition=3 processed=600 total=5000 metric=ranking
[pipeline-trace] wall=02:00:28 elapsed=807.781s phase=eval event=interaction_progress trial=25 partition=3 processed=700 total=5000 metric=ranking
[pipeline-trace] wall=02:00:28 elapsed=807.960s phase=eval event=interaction_progress trial=25 partition=3 processed=800 total=5000 metric=ranking
[pipeline-trace] wall=02:00:29 elapsed=808.143s phase=eval event=interaction_progress trial=25 partition=3 processed=900 total=5000 metric=ranking
[pipeline-trace] wall=02:00:29 elapsed=808.325s phase=eval event=interaction_progress trial=25 partition=3 processed=1000 total=5000 metric=ranking
[pipeline-trace] wall=02:00:29 elapsed=808.508s phase=eval event=interaction_progress trial=25 partition=3 processed=1100 total=5000 metric=ranking
[pipeline-trace] wall=02:00:29 elapsed=808.690s phase=eval event=interaction_progress trial=25 partition=3 processed=1200 total=5000 metric=ranking
[pipeline-trace] wall=02:00:29 elapsed=808.876s phase=eval event=interaction_progress trial=25 partition=3 processed=1300 total=5000 metric=ranking
[pipeline-trace] wall=02:00:29 elapsed=809.061s phase=eval event=interaction_progress trial=25 partition=3 processed=1400 total=5000 metric=ranking
[pipeline-trace] wall=02:00:30 elapsed=809.242s phase=eval event=interaction_progress trial=25 partition=3 processed=1500 total=5000 metric=ranking
[pipeline-trace] wall=02:00:30 elapsed=809.421s phase=eval event=interaction_progress trial=25 partition=3 processed=1600 total=5000 metric=ranking
[pipeline-trace] wall=02:00:30 elapsed=809.601s phase=eval event=interaction_progress trial=25 partition=3 processed=1700 total=5000 metric=ranking
[pipeline-trace] wall=02:00:30 elapsed=809.782s phase=eval event=interaction_progress trial=25 partition=3 processed=1800 total=5000 metric=ranking
[pipeline-trace] wall=02:00:30 elapsed=809.960s phase=eval event=interaction_progress trial=25 partition=3 processed=1900 total=5000 metric=ranking
[pipeline-trace] wall=02:00:31 elapsed=810.138s phase=eval event=interaction_progress trial=25 partition=3 processed=2000 total=5000 metric=ranking
[pipeline-trace] wall=02:00:31 elapsed=810.318s phase=eval event=interaction_progress trial=25 partition=3 processed=2100 total=5000 metric=ranking
[pipeline-trace] wall=02:00:31 elapsed=810.498s phase=eval event=interaction_progress trial=25 partition=3 processed=2200 total=5000 metric=ranking
[pipeline-trace] wall=02:00:31 elapsed=810.678s phase=eval event=interaction_progress trial=25 partition=3 processed=2300 total=5000 metric=ranking
[pipeline-trace] wall=02:00:31 elapsed=810.859s phase=eval event=interaction_progress trial=25 partition=3 processed=2400 total=5000 metric=ranking
[pipeline-trace] wall=02:00:31 elapsed=811.039s phase=eval event=interaction_progress trial=25 partition=3 processed=2500 total=5000 metric=ranking
[pipeline-trace] wall=02:00:32 elapsed=811.221s phase=eval event=interaction_progress trial=25 partition=3 processed=2600 total=5000 metric=ranking
[pipeline-trace] wall=02:00:32 elapsed=811.393s phase=eval event=interaction_progress trial=25 partition=3 processed=2700 total=5000 metric=ranking
[pipeline-trace] wall=02:00:32 elapsed=811.518s phase=eval event=interaction_progress trial=25 partition=3 processed=2800 total=5000 metric=ranking
[pipeline-trace] wall=02:00:32 elapsed=811.637s phase=eval event=interaction_progress trial=25 partition=3 processed=2900 total=5000 metric=ranking
[pipeline-trace] wall=02:00:32 elapsed=811.755s phase=eval event=interaction_progress trial=25 partition=3 processed=3000 total=5000 metric=ranking
[pipeline-trace] wall=02:00:32 elapsed=811.874s phase=eval event=interaction_progress trial=25 partition=3 processed=3100 total=5000 metric=ranking
[pipeline-trace] wall=02:00:32 elapsed=811.992s phase=eval event=interaction_progress trial=25 partition=3 processed=3200 total=5000 metric=ranking
[pipeline-trace] wall=02:00:33 elapsed=812.110s phase=eval event=interaction_progress trial=25 partition=3 processed=3300 total=5000 metric=ranking
[pipeline-trace] wall=02:00:33 elapsed=812.228s phase=eval event=interaction_progress trial=25 partition=3 processed=3400 total=5000 metric=ranking
[pipeline-trace] wall=02:00:33 elapsed=812.347s phase=eval event=interaction_progress trial=25 partition=3 processed=3500 total=5000 metric=ranking
[pipeline-trace] wall=02:00:33 elapsed=812.465s phase=eval event=interaction_progress trial=25 partition=3 processed=3600 total=5000 metric=ranking
[pipeline-trace] wall=02:00:33 elapsed=812.583s phase=eval event=interaction_progress trial=25 partition=3 processed=3700 total=5000 metric=ranking
[pipeline-trace] wall=02:00:33 elapsed=812.700s phase=eval event=interaction_progress trial=25 partition=3 processed=3800 total=5000 metric=ranking
[pipeline-trace] wall=02:00:33 elapsed=812.821s phase=eval event=interaction_progress trial=25 partition=3 processed=3900 total=5000 metric=ranking
[pipeline-trace] wall=02:00:33 elapsed=812.939s phase=eval event=interaction_progress trial=25 partition=3 processed=4000 total=5000 metric=ranking
[pipeline-trace] wall=02:00:33 elapsed=813.057s phase=eval event=interaction_progress trial=25 partition=3 processed=4100 total=5000 metric=ranking
[pipeline-trace] wall=02:00:34 elapsed=813.176s phase=eval event=interaction_progress trial=25 partition=3 processed=4200 total=5000 metric=ranking
[pipeline-trace] wall=02:00:34 elapsed=813.293s phase=eval event=interaction_progress trial=25 partition=3 processed=4300 total=5000 metric=ranking
[pipeline-trace] wall=02:00:34 elapsed=813.411s phase=eval event=interaction_progress trial=25 partition=3 processed=4400 total=5000 metric=ranking
[pipeline-trace] wall=02:00:34 elapsed=813.530s phase=eval event=interaction_progress trial=25 partition=3 processed=4500 total=5000 metric=ranking
[pipeline-trace] wall=02:00:34 elapsed=813.649s phase=eval event=interaction_progress trial=25 partition=3 processed=4600 total=5000 metric=ranking
[pipeline-trace] wall=02:00:34 elapsed=813.769s phase=eval event=interaction_progress trial=25 partition=3 processed=4700 total=5000 metric=ranking
[pipeline-trace] wall=02:00:34 elapsed=813.886s phase=eval event=interaction_progress trial=25 partition=3 processed=4800 total=5000 metric=ranking
[pipeline-trace] wall=02:00:34 elapsed=814.004s phase=eval event=interaction_progress trial=25 partition=3 processed=4900 total=5000 metric=ranking
[pipeline-trace] wall=02:00:35 elapsed=814.122s phase=eval event=interaction_progress trial=25 partition=3 processed=5000 total=5000 metric=ranking
[pipeline-trace] wall=02:00:35 elapsed=814.123s phase=eval event=partition_complete trial=25 partition=3 elapsed_sec=7.662 hits=1386 total=5000
[pipeline-trace] wall=02:00:37 elapsed=814.658s phase=eval event=batch_start trial=26 partitions=[3] synthetic=False
[pipeline-trace] wall=02:00:37 elapsed=814.658s phase=eval event=partition_start trial=26 partition=3 interactions=5000
[pipeline-trace] wall=02:00:37 elapsed=814.659s phase=eval event=interaction_progress trial=26 partition=3 processed=1 total=5000 metric=ranking
[pipeline-trace] wall=02:00:38 elapsed=814.797s phase=eval event=interaction_progress trial=26 partition=3 processed=100 total=5000 metric=ranking
[pipeline-trace] wall=02:00:38 elapsed=814.940s phase=eval event=interaction_progress trial=26 partition=3 processed=200 total=5000 metric=ranking
[pipeline-trace] wall=02:00:38 elapsed=815.072s phase=eval event=interaction_progress trial=26 partition=3 processed=300 total=5000 metric=ranking
[pipeline-trace] wall=02:00:38 elapsed=815.204s phase=eval event=interaction_progress trial=26 partition=3 processed=400 total=5000 metric=ranking
[pipeline-trace] wall=02:00:38 elapsed=815.337s phase=eval event=interaction_progress trial=26 partition=3 processed=500 total=5000 metric=ranking
[pipeline-trace] wall=02:00:38 elapsed=815.471s phase=eval event=interaction_progress trial=26 partition=3 processed=600 total=5000 metric=ranking
[pipeline-trace] wall=02:00:38 elapsed=815.603s phase=eval event=interaction_progress trial=26 partition=3 processed=700 total=5000 metric=ranking
[pipeline-trace] wall=02:00:38 elapsed=815.735s phase=eval event=interaction_progress trial=26 partition=3 processed=800 total=5000 metric=ranking
[pipeline-trace] wall=02:00:39 elapsed=815.867s phase=eval event=interaction_progress trial=26 partition=3 processed=900 total=5000 metric=ranking
[pipeline-trace] wall=02:00:39 elapsed=816.000s phase=eval event=interaction_progress trial=26 partition=3 processed=1000 total=5000 metric=ranking
[pipeline-trace] wall=02:00:39 elapsed=816.132s phase=eval event=interaction_progress trial=26 partition=3 processed=1100 total=5000 metric=ranking
[pipeline-trace] wall=02:00:39 elapsed=816.263s phase=eval event=interaction_progress trial=26 partition=3 processed=1200 total=5000 metric=ranking
[pipeline-trace] wall=02:00:39 elapsed=816.395s phase=eval event=interaction_progress trial=26 partition=3 processed=1300 total=5000 metric=ranking
[pipeline-trace] wall=02:00:39 elapsed=816.529s phase=eval event=interaction_progress trial=26 partition=3 processed=1400 total=5000 metric=ranking
[pipeline-trace] wall=02:00:39 elapsed=816.661s phase=eval event=interaction_progress trial=26 partition=3 processed=1500 total=5000 metric=ranking
[pipeline-trace] wall=02:00:40 elapsed=816.795s phase=eval event=interaction_progress trial=26 partition=3 processed=1600 total=5000 metric=ranking
[pipeline-trace] wall=02:00:40 elapsed=819.838s phase=eval event=batch_start trial=27 partitions=[3] synthetic=False
[pipeline-trace] wall=02:00:40 elapsed=819.838s phase=eval event=partition_start trial=27 partition=3 interactions=5000
[pipeline-trace] wall=02:00:40 elapsed=819.838s phase=eval event=interaction_progress trial=27 partition=3 processed=1 total=5000 metric=ranking
[pipeline-trace] wall=02:00:40 elapsed=816.928s phase=eval event=interaction_progress trial=26 partition=3 processed=1700 total=5000 metric=ranking
[pipeline-trace] wall=02:00:40 elapsed=819.958s phase=eval event=interaction_progress trial=27 partition=3 processed=100 total=5000 metric=ranking
[pipeline-trace] wall=02:00:40 elapsed=820.077s phase=eval event=interaction_progress trial=27 partition=3 processed=200 total=5000 metric=ranking
[pipeline-trace] wall=02:00:40 elapsed=817.062s phase=eval event=interaction_progress trial=26 partition=3 processed=1800 total=5000 metric=ranking
[pipeline-trace] wall=02:00:40 elapsed=820.195s phase=eval event=interaction_progress trial=27 partition=3 processed=300 total=5000 metric=ranking
[pipeline-trace] wall=02:00:40 elapsed=817.197s phase=eval event=interaction_progress trial=26 partition=3 processed=1900 total=5000 metric=ranking
[pipeline-trace] wall=02:00:40 elapsed=820.313s phase=eval event=interaction_progress trial=27 partition=3 processed=400 total=5000 metric=ranking
[pipeline-trace] wall=02:00:40 elapsed=817.331s phase=eval event=interaction_progress trial=26 partition=3 processed=2000 total=5000 metric=ranking
[pipeline-trace] wall=02:00:40 elapsed=820.432s phase=eval event=interaction_progress trial=27 partition=3 processed=500 total=5000 metric=ranking
[pipeline-trace] wall=02:00:40 elapsed=817.466s phase=eval event=interaction_progress trial=26 partition=3 processed=2100 total=5000 metric=ranking
[pipeline-trace] wall=02:00:40 elapsed=820.551s phase=eval event=interaction_progress trial=27 partition=3 processed=600 total=5000 metric=ranking
[pipeline-trace] wall=02:00:40 elapsed=817.598s phase=eval event=interaction_progress trial=26 partition=3 processed=2200 total=5000 metric=ranking
[pipeline-trace] wall=02:00:40 elapsed=820.668s phase=eval event=interaction_progress trial=27 partition=3 processed=700 total=5000 metric=ranking
[pipeline-trace] wall=02:00:40 elapsed=817.730s phase=eval event=interaction_progress trial=26 partition=3 processed=2300 total=5000 metric=ranking
[pipeline-trace] wall=02:00:40 elapsed=820.785s phase=eval event=interaction_progress trial=27 partition=3 processed=800 total=5000 metric=ranking
[pipeline-trace] wall=02:00:41 elapsed=817.864s phase=eval event=interaction_progress trial=26 partition=3 processed=2400 total=5000 metric=ranking
[pipeline-trace] wall=02:00:41 elapsed=820.903s phase=eval event=interaction_progress trial=27 partition=3 processed=900 total=5000 metric=ranking
[pipeline-trace] wall=02:00:41 elapsed=817.997s phase=eval event=interaction_progress trial=26 partition=3 processed=2500 total=5000 metric=ranking
[pipeline-trace] wall=02:00:41 elapsed=821.021s phase=eval event=interaction_progress trial=27 partition=3 processed=1000 total=5000 metric=ranking
[pipeline-trace] wall=02:00:41 elapsed=821.138s phase=eval event=interaction_progress trial=27 partition=3 processed=1100 total=5000 metric=ranking
[pipeline-trace] wall=02:00:41 elapsed=818.131s phase=eval event=interaction_progress trial=26 partition=3 processed=2600 total=5000 metric=ranking
[pipeline-trace] wall=02:00:41 elapsed=821.256s phase=eval event=interaction_progress trial=27 partition=3 processed=1200 total=5000 metric=ranking
[pipeline-trace] wall=02:00:41 elapsed=818.265s phase=eval event=interaction_progress trial=26 partition=3 processed=2700 total=5000 metric=ranking
[pipeline-trace] wall=02:00:41 elapsed=821.374s phase=eval event=interaction_progress trial=27 partition=3 processed=1300 total=5000 metric=ranking
[pipeline-trace] wall=02:00:41 elapsed=818.398s phase=eval event=interaction_progress trial=26 partition=3 processed=2800 total=5000 metric=ranking
[pipeline-trace] wall=02:00:41 elapsed=821.495s phase=eval event=interaction_progress trial=27 partition=3 processed=1400 total=5000 metric=ranking
[pipeline-trace] wall=02:00:41 elapsed=818.535s phase=eval event=interaction_progress trial=26 partition=3 processed=2900 total=5000 metric=ranking
[pipeline-trace] wall=02:00:41 elapsed=821.612s phase=eval event=interaction_progress trial=27 partition=3 processed=1500 total=5000 metric=ranking
[pipeline-trace] wall=02:00:41 elapsed=818.669s phase=eval event=interaction_progress trial=26 partition=3 processed=3000 total=5000 metric=ranking
[pipeline-trace] wall=02:00:41 elapsed=821.730s phase=eval event=interaction_progress trial=27 partition=3 processed=1600 total=5000 metric=ranking
[pipeline-trace] wall=02:00:42 elapsed=818.803s phase=eval event=interaction_progress trial=26 partition=3 processed=3100 total=5000 metric=ranking
[pipeline-trace] wall=02:00:42 elapsed=821.847s phase=eval event=interaction_progress trial=27 partition=3 processed=1700 total=5000 metric=ranking
[pipeline-trace] wall=02:00:42 elapsed=818.938s phase=eval event=interaction_progress trial=26 partition=3 processed=3200 total=5000 metric=ranking
[pipeline-trace] wall=02:00:42 elapsed=821.973s phase=eval event=interaction_progress trial=27 partition=3 processed=1800 total=5000 metric=ranking
[pipeline-trace] wall=02:00:42 elapsed=819.071s phase=eval event=interaction_progress trial=26 partition=3 processed=3300 total=5000 metric=ranking
[pipeline-trace] wall=02:00:42 elapsed=822.090s phase=eval event=interaction_progress trial=27 partition=3 processed=1900 total=5000 metric=ranking
[pipeline-trace] wall=02:00:42 elapsed=822.207s phase=eval event=interaction_progress trial=27 partition=3 processed=2000 total=5000 metric=ranking
[pipeline-trace] wall=02:00:42 elapsed=819.205s phase=eval event=interaction_progress trial=26 partition=3 processed=3400 total=5000 metric=ranking
[pipeline-trace] wall=02:00:42 elapsed=822.324s phase=eval event=interaction_progress trial=27 partition=3 processed=2100 total=5000 metric=ranking
[pipeline-trace] wall=02:00:42 elapsed=819.322s phase=eval event=interaction_progress trial=26 partition=3 processed=3500 total=5000 metric=ranking
[pipeline-trace] wall=02:00:42 elapsed=822.440s phase=eval event=interaction_progress trial=27 partition=3 processed=2200 total=5000 metric=ranking
[pipeline-trace] wall=02:00:42 elapsed=819.428s phase=eval event=interaction_progress trial=26 partition=3 processed=3600 total=5000 metric=ranking
[pipeline-trace] wall=02:00:42 elapsed=819.537s phase=eval event=interaction_progress trial=26 partition=3 processed=3700 total=5000 metric=ranking
[pipeline-trace] wall=02:00:42 elapsed=822.558s phase=eval event=interaction_progress trial=27 partition=3 processed=2300 total=5000 metric=ranking
[pipeline-trace] wall=02:00:42 elapsed=819.644s phase=eval event=interaction_progress trial=26 partition=3 processed=3800 total=5000 metric=ranking
[pipeline-trace] wall=02:00:42 elapsed=822.676s phase=eval event=interaction_progress trial=27 partition=3 processed=2400 total=5000 metric=ranking
[pipeline-trace] wall=02:00:42 elapsed=819.752s phase=eval event=interaction_progress trial=26 partition=3 processed=3900 total=5000 metric=ranking
[pipeline-trace] wall=02:00:42 elapsed=822.792s phase=eval event=interaction_progress trial=27 partition=3 processed=2500 total=5000 metric=ranking
[pipeline-trace] wall=02:00:43 elapsed=819.859s phase=eval event=interaction_progress trial=26 partition=3 processed=4000 total=5000 metric=ranking
[pipeline-trace] wall=02:00:43 elapsed=822.909s phase=eval event=interaction_progress trial=27 partition=3 processed=2600 total=5000 metric=ranking
[pipeline-trace] wall=02:00:43 elapsed=819.965s phase=eval event=interaction_progress trial=26 partition=3 processed=4100 total=5000 metric=ranking
[pipeline-trace] wall=02:00:43 elapsed=823.024s phase=eval event=interaction_progress trial=27 partition=3 processed=2700 total=5000 metric=ranking
[pipeline-trace] wall=02:00:43 elapsed=820.072s phase=eval event=interaction_progress trial=26 partition=3 processed=4200 total=5000 metric=ranking
[pipeline-trace] wall=02:00:43 elapsed=823.139s phase=eval event=interaction_progress trial=27 partition=3 processed=2800 total=5000 metric=ranking
[pipeline-trace] wall=02:00:43 elapsed=820.179s phase=eval event=interaction_progress trial=26 partition=3 processed=4300 total=5000 metric=ranking
[pipeline-trace] wall=02:00:43 elapsed=823.255s phase=eval event=interaction_progress trial=27 partition=3 processed=2900 total=5000 metric=ranking
[pipeline-trace] wall=02:00:43 elapsed=820.287s phase=eval event=interaction_progress trial=26 partition=3 processed=4400 total=5000 metric=ranking
[pipeline-trace] wall=02:00:43 elapsed=823.372s phase=eval event=interaction_progress trial=27 partition=3 processed=3000 total=5000 metric=ranking
[pipeline-trace] wall=02:00:43 elapsed=820.395s phase=eval event=interaction_progress trial=26 partition=3 processed=4500 total=5000 metric=ranking
[pipeline-trace] wall=02:00:43 elapsed=823.490s phase=eval event=interaction_progress trial=27 partition=3 processed=3100 total=5000 metric=ranking
[pipeline-trace] wall=02:00:43 elapsed=820.505s phase=eval event=interaction_progress trial=26 partition=3 processed=4600 total=5000 metric=ranking
[pipeline-trace] wall=02:00:43 elapsed=823.605s phase=eval event=interaction_progress trial=27 partition=3 processed=3200 total=5000 metric=ranking
[pipeline-trace] wall=02:00:43 elapsed=820.611s phase=eval event=interaction_progress trial=26 partition=3 processed=4700 total=5000 metric=ranking
[pipeline-trace] wall=02:00:43 elapsed=823.721s phase=eval event=interaction_progress trial=27 partition=3 processed=3300 total=5000 metric=ranking
[pipeline-trace] wall=02:00:43 elapsed=820.718s phase=eval event=interaction_progress trial=26 partition=3 processed=4800 total=5000 metric=ranking
[pipeline-trace] wall=02:00:44 elapsed=823.837s phase=eval event=interaction_progress trial=27 partition=3 processed=3400 total=5000 metric=ranking
[pipeline-trace] wall=02:00:44 elapsed=820.826s phase=eval event=interaction_progress trial=26 partition=3 processed=4900 total=5000 metric=ranking
[pipeline-trace] wall=02:00:44 elapsed=823.936s phase=eval event=interaction_progress trial=27 partition=3 processed=3500 total=5000 metric=ranking
[pipeline-trace] wall=02:00:44 elapsed=820.932s phase=eval event=interaction_progress trial=26 partition=3 processed=5000 total=5000 metric=ranking
[pipeline-trace] wall=02:00:44 elapsed=820.934s phase=eval event=partition_complete trial=26 partition=3 elapsed_sec=6.275 hits=3559 total=5000
[pipeline-trace] wall=02:00:44 elapsed=824.045s phase=eval event=interaction_progress trial=27 partition=3 processed=3600 total=5000 metric=ranking
[pipeline-trace] wall=02:00:44 elapsed=824.147s phase=eval event=interaction_progress trial=27 partition=3 processed=3700 total=5000 metric=ranking
[pipeline-trace] wall=02:00:44 elapsed=824.240s phase=eval event=interaction_progress trial=27 partition=3 processed=3800 total=5000 metric=ranking
[pipeline-trace] wall=02:00:44 elapsed=824.334s phase=eval event=interaction_progress trial=27 partition=3 processed=3900 total=5000 metric=ranking
[pipeline-trace] wall=02:00:44 elapsed=824.429s phase=eval event=interaction_progress trial=27 partition=3 processed=4000 total=5000 metric=ranking
[pipeline-trace] wall=02:00:44 elapsed=824.524s phase=eval event=interaction_progress trial=27 partition=3 processed=4100 total=5000 metric=ranking
[pipeline-trace] wall=02:00:44 elapsed=824.617s phase=eval event=interaction_progress trial=27 partition=3 processed=4200 total=5000 metric=ranking
[pipeline-trace] wall=02:00:44 elapsed=824.710s phase=eval event=interaction_progress trial=27 partition=3 processed=4300 total=5000 metric=ranking
[pipeline-trace] wall=02:00:45 elapsed=824.802s phase=eval event=interaction_progress trial=27 partition=3 processed=4400 total=5000 metric=ranking
[pipeline-trace] wall=02:00:45 elapsed=824.895s phase=eval event=interaction_progress trial=27 partition=3 processed=4500 total=5000 metric=ranking
[pipeline-trace] wall=02:00:45 elapsed=824.987s phase=eval event=interaction_progress trial=27 partition=3 processed=4600 total=5000 metric=ranking
[pipeline-trace] wall=02:00:45 elapsed=825.080s phase=eval event=interaction_progress trial=27 partition=3 processed=4700 total=5000 metric=ranking
[pipeline-trace] wall=02:00:45 elapsed=825.173s phase=eval event=interaction_progress trial=27 partition=3 processed=4800 total=5000 metric=ranking
[pipeline-trace] wall=02:00:45 elapsed=825.266s phase=eval event=interaction_progress trial=27 partition=3 processed=4900 total=5000 metric=ranking
[pipeline-trace] wall=02:00:45 elapsed=825.358s phase=eval event=interaction_progress trial=27 partition=3 processed=5000 total=5000 metric=ranking
[pipeline-trace] wall=02:00:45 elapsed=825.360s phase=eval event=partition_complete trial=27 partition=3 elapsed_sec=5.522 hits=4101 total=5000
[pipeline-trace] wall=02:01:41 elapsed=880.199s phase=eval event=batch_start trial=30 partitions=[3] synthetic=False
[pipeline-trace] wall=02:01:41 elapsed=880.200s phase=eval event=partition_start trial=30 partition=3 interactions=5000
[pipeline-trace] wall=02:01:41 elapsed=880.200s phase=eval event=interaction_progress trial=30 partition=3 processed=1 total=5000 metric=ranking
[pipeline-trace] wall=02:01:41 elapsed=880.403s phase=eval event=interaction_progress trial=30 partition=3 processed=100 total=5000 metric=ranking
[pipeline-trace] wall=02:01:41 elapsed=880.574s phase=eval event=interaction_progress trial=30 partition=3 processed=200 total=5000 metric=ranking
[pipeline-trace] wall=02:01:41 elapsed=880.745s phase=eval event=interaction_progress trial=30 partition=3 processed=300 total=5000 metric=ranking
[pipeline-trace] wall=02:01:41 elapsed=880.919s phase=eval event=interaction_progress trial=30 partition=3 processed=400 total=5000 metric=ranking
[pipeline-trace] wall=02:01:41 elapsed=881.093s phase=eval event=interaction_progress trial=30 partition=3 processed=500 total=5000 metric=ranking
[pipeline-trace] wall=02:01:42 elapsed=881.265s phase=eval event=interaction_progress trial=30 partition=3 processed=600 total=5000 metric=ranking
[pipeline-trace] wall=02:01:42 elapsed=881.436s phase=eval event=interaction_progress trial=30 partition=3 processed=700 total=5000 metric=ranking
[pipeline-trace] wall=02:01:42 elapsed=881.606s phase=eval event=interaction_progress trial=30 partition=3 processed=800 total=5000 metric=ranking
[pipeline-trace] wall=02:01:42 elapsed=881.778s phase=eval event=interaction_progress trial=30 partition=3 processed=900 total=5000 metric=ranking
[pipeline-trace] wall=02:01:42 elapsed=881.948s phase=eval event=interaction_progress trial=30 partition=3 processed=1000 total=5000 metric=ranking
[pipeline-trace] wall=02:01:43 elapsed=882.118s phase=eval event=interaction_progress trial=30 partition=3 processed=1100 total=5000 metric=ranking
[pipeline-trace] wall=02:01:43 elapsed=882.291s phase=eval event=interaction_progress trial=30 partition=3 processed=1200 total=5000 metric=ranking
[pipeline-trace] wall=02:01:43 elapsed=880.081s phase=eval event=batch_start trial=29 partitions=[3] synthetic=False
[pipeline-trace] wall=02:01:43 elapsed=880.081s phase=eval event=partition_start trial=29 partition=3 interactions=5000
[pipeline-trace] wall=02:01:43 elapsed=880.081s phase=eval event=interaction_progress trial=29 partition=3 processed=1 total=5000 metric=ranking
[pipeline-trace] wall=02:01:43 elapsed=882.464s phase=eval event=interaction_progress trial=30 partition=3 processed=1300 total=5000 metric=ranking
[pipeline-trace] wall=02:01:43 elapsed=880.256s phase=eval event=interaction_progress trial=29 partition=3 processed=100 total=5000 metric=ranking
[pipeline-trace] wall=02:01:43 elapsed=882.634s phase=eval event=interaction_progress trial=30 partition=3 processed=1400 total=5000 metric=ranking
[pipeline-trace] wall=02:01:43 elapsed=880.432s phase=eval event=interaction_progress trial=29 partition=3 processed=200 total=5000 metric=ranking
[pipeline-trace] wall=02:01:43 elapsed=882.828s phase=eval event=interaction_progress trial=30 partition=3 processed=1500 total=5000 metric=ranking
[pipeline-trace] wall=02:01:43 elapsed=880.613s phase=eval event=interaction_progress trial=29 partition=3 processed=300 total=5000 metric=ranking
[pipeline-trace] wall=02:01:43 elapsed=882.997s phase=eval event=interaction_progress trial=30 partition=3 processed=1600 total=5000 metric=ranking
[pipeline-trace] wall=02:01:43 elapsed=880.780s phase=eval event=interaction_progress trial=29 partition=3 processed=400 total=5000 metric=ranking
[pipeline-trace] wall=02:01:44 elapsed=883.170s phase=eval event=interaction_progress trial=30 partition=3 processed=1700 total=5000 metric=ranking
[pipeline-trace] wall=02:01:44 elapsed=880.947s phase=eval event=interaction_progress trial=29 partition=3 processed=500 total=5000 metric=ranking
[pipeline-trace] wall=02:01:44 elapsed=883.340s phase=eval event=interaction_progress trial=30 partition=3 processed=1800 total=5000 metric=ranking
[pipeline-trace] wall=02:01:44 elapsed=881.112s phase=eval event=interaction_progress trial=29 partition=3 processed=600 total=5000 metric=ranking
[pipeline-trace] wall=02:01:44 elapsed=883.521s phase=eval event=interaction_progress trial=30 partition=3 processed=1900 total=5000 metric=ranking
[pipeline-trace] wall=02:01:44 elapsed=881.277s phase=eval event=interaction_progress trial=29 partition=3 processed=700 total=5000 metric=ranking
[pipeline-trace] wall=02:01:44 elapsed=883.715s phase=eval event=interaction_progress trial=30 partition=3 processed=2000 total=5000 metric=ranking
[pipeline-trace] wall=02:01:44 elapsed=881.440s phase=eval event=interaction_progress trial=29 partition=3 processed=800 total=5000 metric=ranking
[pipeline-trace] wall=02:01:44 elapsed=884.481s phase=eval event=batch_start trial=28 partitions=[3] synthetic=False
[pipeline-trace] wall=02:01:44 elapsed=884.481s phase=eval event=partition_start trial=28 partition=3 interactions=5000
[pipeline-trace] wall=02:01:44 elapsed=884.481s phase=eval event=interaction_progress trial=28 partition=3 processed=1 total=5000 metric=ranking
[pipeline-trace] wall=02:01:44 elapsed=883.900s phase=eval event=interaction_progress trial=30 partition=3 processed=2100 total=5000 metric=ranking
[pipeline-trace] wall=02:01:44 elapsed=881.613s phase=eval event=interaction_progress trial=29 partition=3 processed=900 total=5000 metric=ranking
[pipeline-trace] wall=02:01:44 elapsed=884.661s phase=eval event=interaction_progress trial=28 partition=3 processed=100 total=5000 metric=ranking
[pipeline-trace] wall=02:01:44 elapsed=884.079s phase=eval event=interaction_progress trial=30 partition=3 processed=2200 total=5000 metric=ranking
[pipeline-trace] wall=02:01:45 elapsed=881.784s phase=eval event=interaction_progress trial=29 partition=3 processed=1000 total=5000 metric=ranking
[pipeline-trace] wall=02:01:45 elapsed=884.837s phase=eval event=interaction_progress trial=28 partition=3 processed=200 total=5000 metric=ranking
[pipeline-trace] wall=02:01:45 elapsed=884.256s phase=eval event=interaction_progress trial=30 partition=3 processed=2300 total=5000 metric=ranking
[pipeline-trace] wall=02:01:45 elapsed=881.953s phase=eval event=interaction_progress trial=29 partition=3 processed=1100 total=5000 metric=ranking
[pipeline-trace] wall=02:01:45 elapsed=885.009s phase=eval event=interaction_progress trial=28 partition=3 processed=300 total=5000 metric=ranking
[pipeline-trace] wall=02:01:45 elapsed=882.121s phase=eval event=interaction_progress trial=29 partition=3 processed=1200 total=5000 metric=ranking
[pipeline-trace] wall=02:01:45 elapsed=884.442s phase=eval event=interaction_progress trial=30 partition=3 processed=2400 total=5000 metric=ranking
[pipeline-trace] wall=02:01:45 elapsed=885.187s phase=eval event=interaction_progress trial=28 partition=3 processed=400 total=5000 metric=ranking
[pipeline-trace] wall=02:01:45 elapsed=882.288s phase=eval event=interaction_progress trial=29 partition=3 processed=1300 total=5000 metric=ranking
[pipeline-trace] wall=02:01:45 elapsed=884.633s phase=eval event=interaction_progress trial=30 partition=3 processed=2500 total=5000 metric=ranking
[pipeline-trace] wall=02:01:45 elapsed=885.363s phase=eval event=interaction_progress trial=28 partition=3 processed=500 total=5000 metric=ranking
[pipeline-trace] wall=02:01:45 elapsed=882.459s phase=eval event=interaction_progress trial=29 partition=3 processed=1400 total=5000 metric=ranking
[pipeline-trace] wall=02:01:45 elapsed=884.806s phase=eval event=interaction_progress trial=30 partition=3 processed=2600 total=5000 metric=ranking
[pipeline-trace] wall=02:01:45 elapsed=885.542s phase=eval event=interaction_progress trial=28 partition=3 processed=600 total=5000 metric=ranking
[pipeline-trace] wall=02:01:45 elapsed=882.629s phase=eval event=interaction_progress trial=29 partition=3 processed=1500 total=5000 metric=ranking
[pipeline-trace] wall=02:01:45 elapsed=884.973s phase=eval event=interaction_progress trial=30 partition=3 processed=2700 total=5000 metric=ranking
[pipeline-trace] wall=02:01:45 elapsed=885.715s phase=eval event=interaction_progress trial=28 partition=3 processed=700 total=5000 metric=ranking
[pipeline-trace] wall=02:01:46 elapsed=882.801s phase=eval event=interaction_progress trial=29 partition=3 processed=1600 total=5000 metric=ranking
[pipeline-trace] wall=02:01:46 elapsed=885.135s phase=eval event=interaction_progress trial=30 partition=3 processed=2800 total=5000 metric=ranking
[pipeline-trace] wall=02:01:46 elapsed=885.888s phase=eval event=interaction_progress trial=28 partition=3 processed=800 total=5000 metric=ranking
[pipeline-trace] wall=02:01:46 elapsed=882.975s phase=eval event=interaction_progress trial=29 partition=3 processed=1700 total=5000 metric=ranking
[pipeline-trace] wall=02:01:46 elapsed=885.297s phase=eval event=interaction_progress trial=30 partition=3 processed=2900 total=5000 metric=ranking
[pipeline-trace] wall=02:01:46 elapsed=886.063s phase=eval event=interaction_progress trial=28 partition=3 processed=900 total=5000 metric=ranking
[pipeline-trace] wall=02:01:46 elapsed=885.459s phase=eval event=interaction_progress trial=30 partition=3 processed=3000 total=5000 metric=ranking
[pipeline-trace] wall=02:01:46 elapsed=883.144s phase=eval event=interaction_progress trial=29 partition=3 processed=1800 total=5000 metric=ranking
[pipeline-trace] wall=02:01:46 elapsed=886.238s phase=eval event=interaction_progress trial=28 partition=3 processed=1000 total=5000 metric=ranking
[pipeline-trace] wall=02:01:46 elapsed=885.621s phase=eval event=interaction_progress trial=30 partition=3 processed=3100 total=5000 metric=ranking
[pipeline-trace] wall=02:01:46 elapsed=883.314s phase=eval event=interaction_progress trial=29 partition=3 processed=1900 total=5000 metric=ranking
[pipeline-trace] wall=02:01:46 elapsed=886.410s phase=eval event=interaction_progress trial=28 partition=3 processed=1100 total=5000 metric=ranking
[pipeline-trace] wall=02:01:46 elapsed=885.782s phase=eval event=interaction_progress trial=30 partition=3 processed=3200 total=5000 metric=ranking
[pipeline-trace] wall=02:01:46 elapsed=883.485s phase=eval event=interaction_progress trial=29 partition=3 processed=2000 total=5000 metric=ranking
[pipeline-trace] wall=02:01:46 elapsed=886.588s phase=eval event=interaction_progress trial=28 partition=3 processed=1200 total=5000 metric=ranking
[pipeline-trace] wall=02:01:46 elapsed=885.944s phase=eval event=interaction_progress trial=30 partition=3 processed=3300 total=5000 metric=ranking
[pipeline-trace] wall=02:01:46 elapsed=883.657s phase=eval event=interaction_progress trial=29 partition=3 processed=2100 total=5000 metric=ranking
[pipeline-trace] wall=02:01:46 elapsed=886.761s phase=eval event=interaction_progress trial=28 partition=3 processed=1300 total=5000 metric=ranking
[pipeline-trace] wall=02:01:47 elapsed=886.105s phase=eval event=interaction_progress trial=30 partition=3 processed=3400 total=5000 metric=ranking
[pipeline-trace] wall=02:01:47 elapsed=883.835s phase=eval event=interaction_progress trial=29 partition=3 processed=2200 total=5000 metric=ranking
[pipeline-trace] wall=02:01:47 elapsed=886.932s phase=eval event=interaction_progress trial=28 partition=3 processed=1400 total=5000 metric=ranking
[pipeline-trace] wall=02:01:47 elapsed=886.267s phase=eval event=interaction_progress trial=30 partition=3 processed=3500 total=5000 metric=ranking
[pipeline-trace] wall=02:01:47 elapsed=884.005s phase=eval event=interaction_progress trial=29 partition=3 processed=2300 total=5000 metric=ranking
[pipeline-trace] wall=02:01:47 elapsed=887.104s phase=eval event=interaction_progress trial=28 partition=3 processed=1500 total=5000 metric=ranking
[pipeline-trace] wall=02:01:47 elapsed=886.431s phase=eval event=interaction_progress trial=30 partition=3 processed=3600 total=5000 metric=ranking
[pipeline-trace] wall=02:01:47 elapsed=884.179s phase=eval event=interaction_progress trial=29 partition=3 processed=2400 total=5000 metric=ranking
[pipeline-trace] wall=02:01:47 elapsed=887.278s phase=eval event=interaction_progress trial=28 partition=3 processed=1600 total=5000 metric=ranking
[pipeline-trace] wall=02:01:47 elapsed=886.596s phase=eval event=interaction_progress trial=30 partition=3 processed=3700 total=5000 metric=ranking
[pipeline-trace] wall=02:01:47 elapsed=884.352s phase=eval event=interaction_progress trial=29 partition=3 processed=2500 total=5000 metric=ranking
[pipeline-trace] wall=02:01:47 elapsed=887.448s phase=eval event=interaction_progress trial=28 partition=3 processed=1700 total=5000 metric=ranking
[pipeline-trace] wall=02:01:47 elapsed=886.756s phase=eval event=interaction_progress trial=30 partition=3 processed=3800 total=5000 metric=ranking
[pipeline-trace] wall=02:01:47 elapsed=884.528s phase=eval event=interaction_progress trial=29 partition=3 processed=2600 total=5000 metric=ranking
[pipeline-trace] wall=02:01:47 elapsed=886.919s phase=eval event=interaction_progress trial=30 partition=3 processed=3900 total=5000 metric=ranking
[pipeline-trace] wall=02:01:47 elapsed=887.624s phase=eval event=interaction_progress trial=28 partition=3 processed=1800 total=5000 metric=ranking
[pipeline-trace] wall=02:01:47 elapsed=884.703s phase=eval event=interaction_progress trial=29 partition=3 processed=2700 total=5000 metric=ranking
[pipeline-trace] wall=02:01:47 elapsed=887.081s phase=eval event=interaction_progress trial=30 partition=3 processed=4000 total=5000 metric=ranking
[pipeline-trace] wall=02:01:47 elapsed=887.797s phase=eval event=interaction_progress trial=28 partition=3 processed=1900 total=5000 metric=ranking
[pipeline-trace] wall=02:01:48 elapsed=884.878s phase=eval event=interaction_progress trial=29 partition=3 processed=2800 total=5000 metric=ranking
[pipeline-trace] wall=02:01:48 elapsed=887.243s phase=eval event=interaction_progress trial=30 partition=3 processed=4100 total=5000 metric=ranking
[pipeline-trace] wall=02:01:48 elapsed=887.971s phase=eval event=interaction_progress trial=28 partition=3 processed=2000 total=5000 metric=ranking
[pipeline-trace] wall=02:01:48 elapsed=885.050s phase=eval event=interaction_progress trial=29 partition=3 processed=2900 total=5000 metric=ranking
[pipeline-trace] wall=02:01:48 elapsed=887.408s phase=eval event=interaction_progress trial=30 partition=3 processed=4200 total=5000 metric=ranking
[pipeline-trace] wall=02:01:48 elapsed=888.145s phase=eval event=interaction_progress trial=28 partition=3 processed=2100 total=5000 metric=ranking
[pipeline-trace] wall=02:01:48 elapsed=885.226s phase=eval event=interaction_progress trial=29 partition=3 processed=3000 total=5000 metric=ranking
[pipeline-trace] wall=02:01:48 elapsed=887.573s phase=eval event=interaction_progress trial=30 partition=3 processed=4300 total=5000 metric=ranking
[pipeline-trace] wall=02:01:48 elapsed=888.321s phase=eval event=interaction_progress trial=28 partition=3 processed=2200 total=5000 metric=ranking
[pipeline-trace] wall=02:01:48 elapsed=885.400s phase=eval event=interaction_progress trial=29 partition=3 processed=3100 total=5000 metric=ranking
[pipeline-trace] wall=02:01:48 elapsed=887.738s phase=eval event=interaction_progress trial=30 partition=3 processed=4400 total=5000 metric=ranking
[pipeline-trace] wall=02:01:48 elapsed=888.498s phase=eval event=interaction_progress trial=28 partition=3 processed=2300 total=5000 metric=ranking
[pipeline-trace] wall=02:01:48 elapsed=885.572s phase=eval event=interaction_progress trial=29 partition=3 processed=3200 total=5000 metric=ranking
[pipeline-trace] wall=02:01:48 elapsed=887.903s phase=eval event=interaction_progress trial=30 partition=3 processed=4500 total=5000 metric=ranking
[pipeline-trace] wall=02:01:48 elapsed=888.672s phase=eval event=interaction_progress trial=28 partition=3 processed=2400 total=5000 metric=ranking
[pipeline-trace] wall=02:01:48 elapsed=885.743s phase=eval event=interaction_progress trial=29 partition=3 processed=3300 total=5000 metric=ranking
[pipeline-trace] wall=02:01:48 elapsed=888.066s phase=eval event=interaction_progress trial=30 partition=3 processed=4600 total=5000 metric=ranking
[pipeline-trace] wall=02:01:49 elapsed=888.848s phase=eval event=interaction_progress trial=28 partition=3 processed=2500 total=5000 metric=ranking
[pipeline-trace] wall=02:01:49 elapsed=888.229s phase=eval event=interaction_progress trial=30 partition=3 processed=4700 total=5000 metric=ranking
[pipeline-trace] wall=02:01:49 elapsed=885.916s phase=eval event=interaction_progress trial=29 partition=3 processed=3400 total=5000 metric=ranking
[pipeline-trace] wall=02:01:49 elapsed=889.020s phase=eval event=interaction_progress trial=28 partition=3 processed=2600 total=5000 metric=ranking
[pipeline-trace] wall=02:01:49 elapsed=886.052s phase=eval event=interaction_progress trial=29 partition=3 processed=3500 total=5000 metric=ranking
[pipeline-trace] wall=02:01:49 elapsed=888.385s phase=eval event=interaction_progress trial=30 partition=3 processed=4800 total=5000 metric=ranking
[pipeline-trace] wall=02:01:49 elapsed=889.164s phase=eval event=interaction_progress trial=28 partition=3 processed=2700 total=5000 metric=ranking
[pipeline-trace] wall=02:01:49 elapsed=886.164s phase=eval event=interaction_progress trial=29 partition=3 processed=3600 total=5000 metric=ranking
[pipeline-trace] wall=02:01:49 elapsed=888.520s phase=eval event=interaction_progress trial=30 partition=3 processed=4900 total=5000 metric=ranking
[pipeline-trace] wall=02:01:49 elapsed=886.277s phase=eval event=interaction_progress trial=29 partition=3 processed=3700 total=5000 metric=ranking
[pipeline-trace] wall=02:01:49 elapsed=889.303s phase=eval event=interaction_progress trial=28 partition=3 processed=2800 total=5000 metric=ranking
[pipeline-trace] wall=02:01:49 elapsed=888.656s phase=eval event=interaction_progress trial=30 partition=3 processed=5000 total=5000 metric=ranking
[pipeline-trace] wall=02:01:49 elapsed=888.658s phase=eval event=partition_complete trial=30 partition=3 elapsed_sec=8.459 hits=4332 total=5000
[pipeline-trace] wall=02:01:49 elapsed=886.390s phase=eval event=interaction_progress trial=29 partition=3 processed=3800 total=5000 metric=ranking
[pipeline-trace] wall=02:01:49 elapsed=889.443s phase=eval event=interaction_progress trial=28 partition=3 processed=2900 total=5000 metric=ranking
[pipeline-trace] wall=02:01:49 elapsed=886.505s phase=eval event=interaction_progress trial=29 partition=3 processed=3900 total=5000 metric=ranking
[pipeline-trace] wall=02:01:49 elapsed=889.585s phase=eval event=interaction_progress trial=28 partition=3 processed=3000 total=5000 metric=ranking
[pipeline-trace] wall=02:01:49 elapsed=886.617s phase=eval event=interaction_progress trial=29 partition=3 processed=4000 total=5000 metric=ranking
[pipeline-trace] wall=02:01:49 elapsed=889.726s phase=eval event=interaction_progress trial=28 partition=3 processed=3100 total=5000 metric=ranking
[pipeline-trace] wall=02:01:49 elapsed=886.730s phase=eval event=interaction_progress trial=29 partition=3 processed=4100 total=5000 metric=ranking
[pipeline-trace] wall=02:01:50 elapsed=886.845s phase=eval event=interaction_progress trial=29 partition=3 processed=4200 total=5000 metric=ranking
[pipeline-trace] wall=02:01:50 elapsed=889.865s phase=eval event=interaction_progress trial=28 partition=3 processed=3200 total=5000 metric=ranking
[pipeline-trace] wall=02:01:50 elapsed=886.958s phase=eval event=interaction_progress trial=29 partition=3 processed=4300 total=5000 metric=ranking
[pipeline-trace] wall=02:01:50 elapsed=889.982s phase=eval event=interaction_progress trial=28 partition=3 processed=3300 total=5000 metric=ranking
[pipeline-trace] wall=02:01:50 elapsed=887.070s phase=eval event=interaction_progress trial=29 partition=3 processed=4400 total=5000 metric=ranking
[pipeline-trace] wall=02:01:50 elapsed=890.096s phase=eval event=interaction_progress trial=28 partition=3 processed=3400 total=5000 metric=ranking
[pipeline-trace] wall=02:01:50 elapsed=887.183s phase=eval event=interaction_progress trial=29 partition=3 processed=4500 total=5000 metric=ranking
[pipeline-trace] wall=02:01:50 elapsed=890.209s phase=eval event=interaction_progress trial=28 partition=3 processed=3500 total=5000 metric=ranking
[pipeline-trace] wall=02:01:50 elapsed=887.297s phase=eval event=interaction_progress trial=29 partition=3 processed=4600 total=5000 metric=ranking
[pipeline-trace] wall=02:01:50 elapsed=890.322s phase=eval event=interaction_progress trial=28 partition=3 processed=3600 total=5000 metric=ranking
[pipeline-trace] wall=02:01:50 elapsed=887.409s phase=eval event=interaction_progress trial=29 partition=3 processed=4700 total=5000 metric=ranking
[pipeline-trace] wall=02:01:50 elapsed=890.435s phase=eval event=interaction_progress trial=28 partition=3 processed=3700 total=5000 metric=ranking
[pipeline-trace] wall=02:01:50 elapsed=887.524s phase=eval event=interaction_progress trial=29 partition=3 processed=4800 total=5000 metric=ranking
[pipeline-trace] wall=02:01:50 elapsed=890.552s phase=eval event=interaction_progress trial=28 partition=3 processed=3800 total=5000 metric=ranking
[pipeline-trace] wall=02:01:50 elapsed=887.637s phase=eval event=interaction_progress trial=29 partition=3 processed=4900 total=5000 metric=ranking
[pipeline-trace] wall=02:01:50 elapsed=890.665s phase=eval event=interaction_progress trial=28 partition=3 processed=3900 total=5000 metric=ranking
[pipeline-trace] wall=02:01:50 elapsed=887.750s phase=eval event=interaction_progress trial=29 partition=3 processed=5000 total=5000 metric=ranking
[pipeline-trace] wall=02:01:50 elapsed=887.751s phase=eval event=partition_complete trial=29 partition=3 elapsed_sec=7.670 hits=1386 total=5000
[pipeline-trace] wall=02:01:50 elapsed=890.779s phase=eval event=interaction_progress trial=28 partition=3 processed=4000 total=5000 metric=ranking
[pipeline-trace] wall=02:01:51 elapsed=890.895s phase=eval event=interaction_progress trial=28 partition=3 processed=4100 total=5000 metric=ranking
[pipeline-trace] wall=02:01:51 elapsed=891.010s phase=eval event=interaction_progress trial=28 partition=3 processed=4200 total=5000 metric=ranking
[pipeline-trace] wall=02:01:51 elapsed=891.124s phase=eval event=interaction_progress trial=28 partition=3 processed=4300 total=5000 metric=ranking
[pipeline-trace] wall=02:01:51 elapsed=891.238s phase=eval event=interaction_progress trial=28 partition=3 processed=4400 total=5000 metric=ranking
[pipeline-trace] wall=02:01:51 elapsed=891.351s phase=eval event=interaction_progress trial=28 partition=3 processed=4500 total=5000 metric=ranking
[pipeline-trace] wall=02:01:51 elapsed=891.464s phase=eval event=interaction_progress trial=28 partition=3 processed=4600 total=5000 metric=ranking
[pipeline-trace] wall=02:01:51 elapsed=891.580s phase=eval event=interaction_progress trial=28 partition=3 processed=4700 total=5000 metric=ranking
[pipeline-trace] wall=02:01:51 elapsed=891.692s phase=eval event=interaction_progress trial=28 partition=3 processed=4800 total=5000 metric=ranking
[pipeline-trace] wall=02:01:52 elapsed=891.803s phase=eval event=interaction_progress trial=28 partition=3 processed=4900 total=5000 metric=ranking
[pipeline-trace] wall=02:01:52 elapsed=891.914s phase=eval event=interaction_progress trial=28 partition=3 processed=5000 total=5000 metric=ranking
[pipeline-trace] wall=02:01:52 elapsed=891.916s phase=eval event=partition_complete trial=28 partition=3 elapsed_sec=7.435 hits=3275 total=5000
[pipeline-trace] wall=02:02:50 elapsed=949.629s phase=eval event=batch_start trial=32 partitions=[3] synthetic=False
[pipeline-trace] wall=02:02:50 elapsed=949.629s phase=eval event=partition_start trial=32 partition=3 interactions=5000
[pipeline-trace] wall=02:02:50 elapsed=949.629s phase=eval event=interaction_progress trial=32 partition=3 processed=1 total=5000 metric=ranking
[pipeline-trace] wall=02:02:50 elapsed=949.760s phase=eval event=interaction_progress trial=32 partition=3 processed=100 total=5000 metric=ranking
[pipeline-trace] wall=02:02:50 elapsed=949.895s phase=eval event=interaction_progress trial=32 partition=3 processed=200 total=5000 metric=ranking
[pipeline-trace] wall=02:02:50 elapsed=950.028s phase=eval event=interaction_progress trial=32 partition=3 processed=300 total=5000 metric=ranking
[pipeline-trace] wall=02:02:51 elapsed=950.160s phase=eval event=interaction_progress trial=32 partition=3 processed=400 total=5000 metric=ranking
[pipeline-trace] wall=02:02:51 elapsed=950.292s phase=eval event=interaction_progress trial=32 partition=3 processed=500 total=5000 metric=ranking
[pipeline-trace] wall=02:02:51 elapsed=950.424s phase=eval event=interaction_progress trial=32 partition=3 processed=600 total=5000 metric=ranking
[pipeline-trace] wall=02:02:51 elapsed=950.556s phase=eval event=interaction_progress trial=32 partition=3 processed=700 total=5000 metric=ranking
[pipeline-trace] wall=02:02:51 elapsed=950.688s phase=eval event=interaction_progress trial=32 partition=3 processed=800 total=5000 metric=ranking
[pipeline-trace] wall=02:02:51 elapsed=950.822s phase=eval event=interaction_progress trial=32 partition=3 processed=900 total=5000 metric=ranking
[pipeline-trace] wall=02:02:51 elapsed=950.955s phase=eval event=interaction_progress trial=32 partition=3 processed=1000 total=5000 metric=ranking
[pipeline-trace] wall=02:02:51 elapsed=951.087s phase=eval event=interaction_progress trial=32 partition=3 processed=1100 total=5000 metric=ranking
[pipeline-trace] wall=02:02:52 elapsed=951.220s phase=eval event=interaction_progress trial=32 partition=3 processed=1200 total=5000 metric=ranking
[pipeline-trace] wall=02:02:52 elapsed=951.352s phase=eval event=interaction_progress trial=32 partition=3 processed=1300 total=5000 metric=ranking
[pipeline-trace] wall=02:02:52 elapsed=951.486s phase=eval event=interaction_progress trial=32 partition=3 processed=1400 total=5000 metric=ranking
[pipeline-trace] wall=02:02:52 elapsed=951.618s phase=eval event=interaction_progress trial=32 partition=3 processed=1500 total=5000 metric=ranking
[pipeline-trace] wall=02:02:52 elapsed=951.749s phase=eval event=interaction_progress trial=32 partition=3 processed=1600 total=5000 metric=ranking
[pipeline-trace] wall=02:02:52 elapsed=951.883s phase=eval event=interaction_progress trial=32 partition=3 processed=1700 total=5000 metric=ranking
[pipeline-trace] wall=02:02:52 elapsed=952.016s phase=eval event=interaction_progress trial=32 partition=3 processed=1800 total=5000 metric=ranking
[pipeline-trace] wall=02:02:53 elapsed=952.148s phase=eval event=interaction_progress trial=32 partition=3 processed=1900 total=5000 metric=ranking
[pipeline-trace] wall=02:02:53 elapsed=952.281s phase=eval event=interaction_progress trial=32 partition=3 processed=2000 total=5000 metric=ranking
[pipeline-trace] wall=02:02:53 elapsed=952.415s phase=eval event=interaction_progress trial=32 partition=3 processed=2100 total=5000 metric=ranking
[pipeline-trace] wall=02:02:53 elapsed=952.549s phase=eval event=interaction_progress trial=32 partition=3 processed=2200 total=5000 metric=ranking
[pipeline-trace] wall=02:02:53 elapsed=952.682s phase=eval event=interaction_progress trial=32 partition=3 processed=2300 total=5000 metric=ranking
[pipeline-trace] wall=02:02:53 elapsed=952.818s phase=eval event=interaction_progress trial=32 partition=3 processed=2400 total=5000 metric=ranking
[pipeline-trace] wall=02:02:53 elapsed=952.950s phase=eval event=interaction_progress trial=32 partition=3 processed=2500 total=5000 metric=ranking
[pipeline-trace] wall=02:02:53 elapsed=953.084s phase=eval event=interaction_progress trial=32 partition=3 processed=2600 total=5000 metric=ranking
[pipeline-trace] wall=02:02:54 elapsed=950.820s phase=eval event=batch_start trial=31 partitions=[3] synthetic=False
[pipeline-trace] wall=02:02:54 elapsed=950.821s phase=eval event=partition_start trial=31 partition=3 interactions=5000
[pipeline-trace] wall=02:02:54 elapsed=950.821s phase=eval event=interaction_progress trial=31 partition=3 processed=1 total=5000 metric=ranking
[pipeline-trace] wall=02:02:54 elapsed=953.217s phase=eval event=interaction_progress trial=32 partition=3 processed=2700 total=5000 metric=ranking
[pipeline-trace] wall=02:02:54 elapsed=950.972s phase=eval event=interaction_progress trial=31 partition=3 processed=100 total=5000 metric=ranking
[pipeline-trace] wall=02:02:54 elapsed=953.349s phase=eval event=interaction_progress trial=32 partition=3 processed=2800 total=5000 metric=ranking
[pipeline-trace] wall=02:02:54 elapsed=951.125s phase=eval event=interaction_progress trial=31 partition=3 processed=200 total=5000 metric=ranking
[pipeline-trace] wall=02:02:54 elapsed=953.482s phase=eval event=interaction_progress trial=32 partition=3 processed=2900 total=5000 metric=ranking
[pipeline-trace] wall=02:02:54 elapsed=951.277s phase=eval event=interaction_progress trial=31 partition=3 processed=300 total=5000 metric=ranking
[pipeline-trace] wall=02:02:54 elapsed=953.615s phase=eval event=interaction_progress trial=32 partition=3 processed=3000 total=5000 metric=ranking
[pipeline-trace] wall=02:02:54 elapsed=951.430s phase=eval event=interaction_progress trial=31 partition=3 processed=400 total=5000 metric=ranking
[pipeline-trace] wall=02:02:54 elapsed=953.750s phase=eval event=interaction_progress trial=32 partition=3 processed=3100 total=5000 metric=ranking
[pipeline-trace] wall=02:02:54 elapsed=953.886s phase=eval event=interaction_progress trial=32 partition=3 processed=3200 total=5000 metric=ranking
[pipeline-trace] wall=02:02:54 elapsed=951.584s phase=eval event=interaction_progress trial=31 partition=3 processed=500 total=5000 metric=ranking
[pipeline-trace] wall=02:02:54 elapsed=954.019s phase=eval event=interaction_progress trial=32 partition=3 processed=3300 total=5000 metric=ranking
[pipeline-trace] wall=02:02:54 elapsed=951.740s phase=eval event=interaction_progress trial=31 partition=3 processed=600 total=5000 metric=ranking
[pipeline-trace] wall=02:02:55 elapsed=954.148s phase=eval event=interaction_progress trial=32 partition=3 processed=3400 total=5000 metric=ranking
[pipeline-trace] wall=02:02:55 elapsed=951.890s phase=eval event=interaction_progress trial=31 partition=3 processed=700 total=5000 metric=ranking
[pipeline-trace] wall=02:02:55 elapsed=954.276s phase=eval event=interaction_progress trial=32 partition=3 processed=3500 total=5000 metric=ranking
[pipeline-trace] wall=02:02:55 elapsed=952.041s phase=eval event=interaction_progress trial=31 partition=3 processed=800 total=5000 metric=ranking
[pipeline-trace] wall=02:02:55 elapsed=954.405s phase=eval event=interaction_progress trial=32 partition=3 processed=3600 total=5000 metric=ranking
[pipeline-trace] wall=02:02:55 elapsed=952.190s phase=eval event=interaction_progress trial=31 partition=3 processed=900 total=5000 metric=ranking
[pipeline-trace] wall=02:02:55 elapsed=954.534s phase=eval event=interaction_progress trial=32 partition=3 processed=3700 total=5000 metric=ranking
[pipeline-trace] wall=02:02:55 elapsed=952.339s phase=eval event=interaction_progress trial=31 partition=3 processed=1000 total=5000 metric=ranking
[pipeline-trace] wall=02:02:55 elapsed=954.662s phase=eval event=interaction_progress trial=32 partition=3 processed=3800 total=5000 metric=ranking
[pipeline-trace] wall=02:02:55 elapsed=954.793s phase=eval event=interaction_progress trial=32 partition=3 processed=3900 total=5000 metric=ranking
[pipeline-trace] wall=02:02:55 elapsed=952.491s phase=eval event=interaction_progress trial=31 partition=3 processed=1100 total=5000 metric=ranking
[pipeline-trace] wall=02:02:55 elapsed=954.927s phase=eval event=interaction_progress trial=32 partition=3 processed=4000 total=5000 metric=ranking
[pipeline-trace] wall=02:02:55 elapsed=952.640s phase=eval event=interaction_progress trial=31 partition=3 processed=1200 total=5000 metric=ranking
[pipeline-trace] wall=02:02:55 elapsed=955.058s phase=eval event=interaction_progress trial=32 partition=3 processed=4100 total=5000 metric=ranking
[pipeline-trace] wall=02:02:56 elapsed=952.788s phase=eval event=interaction_progress trial=31 partition=3 processed=1300 total=5000 metric=ranking
[pipeline-trace] wall=02:02:56 elapsed=955.191s phase=eval event=interaction_progress trial=32 partition=3 processed=4200 total=5000 metric=ranking
[pipeline-trace] wall=02:02:56 elapsed=952.935s phase=eval event=interaction_progress trial=31 partition=3 processed=1400 total=5000 metric=ranking
[pipeline-trace] wall=02:02:56 elapsed=955.323s phase=eval event=interaction_progress trial=32 partition=3 processed=4300 total=5000 metric=ranking
[pipeline-trace] wall=02:02:56 elapsed=953.083s phase=eval event=interaction_progress trial=31 partition=3 processed=1500 total=5000 metric=ranking
[pipeline-trace] wall=02:02:56 elapsed=955.456s phase=eval event=interaction_progress trial=32 partition=3 processed=4400 total=5000 metric=ranking
[pipeline-trace] wall=02:02:56 elapsed=953.232s phase=eval event=interaction_progress trial=31 partition=3 processed=1600 total=5000 metric=ranking
[pipeline-trace] wall=02:02:56 elapsed=955.595s phase=eval event=interaction_progress trial=32 partition=3 processed=4500 total=5000 metric=ranking
[pipeline-trace] wall=02:02:56 elapsed=953.396s phase=eval event=interaction_progress trial=31 partition=3 processed=1700 total=5000 metric=ranking
[pipeline-trace] wall=02:02:56 elapsed=955.740s phase=eval event=interaction_progress trial=32 partition=3 processed=4600 total=5000 metric=ranking
[pipeline-trace] wall=02:02:56 elapsed=953.547s phase=eval event=interaction_progress trial=31 partition=3 processed=1800 total=5000 metric=ranking
[pipeline-trace] wall=02:02:56 elapsed=955.874s phase=eval event=interaction_progress trial=32 partition=3 processed=4700 total=5000 metric=ranking
[pipeline-trace] wall=02:02:56 elapsed=956.005s phase=eval event=interaction_progress trial=32 partition=3 processed=4800 total=5000 metric=ranking
[pipeline-trace] wall=02:02:56 elapsed=953.695s phase=eval event=interaction_progress trial=31 partition=3 processed=1900 total=5000 metric=ranking
[pipeline-trace] wall=02:02:57 elapsed=956.810s phase=eval event=batch_start trial=33 partitions=[3] synthetic=False
[pipeline-trace] wall=02:02:57 elapsed=956.810s phase=eval event=partition_start trial=33 partition=3 interactions=5000
[pipeline-trace] wall=02:02:57 elapsed=956.810s phase=eval event=interaction_progress trial=33 partition=3 processed=1 total=5000 metric=ranking
[pipeline-trace] wall=02:02:57 elapsed=956.136s phase=eval event=interaction_progress trial=32 partition=3 processed=4900 total=5000 metric=ranking
[pipeline-trace] wall=02:02:57 elapsed=953.844s phase=eval event=interaction_progress trial=31 partition=3 processed=2000 total=5000 metric=ranking
[pipeline-trace] wall=02:02:57 elapsed=956.268s phase=eval event=interaction_progress trial=32 partition=3 processed=5000 total=5000 metric=ranking
[pipeline-trace] wall=02:02:57 elapsed=956.270s phase=eval event=partition_complete trial=32 partition=3 elapsed_sec=6.641 hits=4790 total=5000
[pipeline-trace] wall=02:02:57 elapsed=956.966s phase=eval event=interaction_progress trial=33 partition=3 processed=100 total=5000 metric=ranking
[pipeline-trace] wall=02:02:57 elapsed=953.992s phase=eval event=interaction_progress trial=31 partition=3 processed=2100 total=5000 metric=ranking
[pipeline-trace] wall=02:02:57 elapsed=957.119s phase=eval event=interaction_progress trial=33 partition=3 processed=200 total=5000 metric=ranking
[pipeline-trace] wall=02:02:57 elapsed=954.143s phase=eval event=interaction_progress trial=31 partition=3 processed=2200 total=5000 metric=ranking
[pipeline-trace] wall=02:02:57 elapsed=957.272s phase=eval event=interaction_progress trial=33 partition=3 processed=300 total=5000 metric=ranking
[pipeline-trace] wall=02:02:57 elapsed=954.295s phase=eval event=interaction_progress trial=31 partition=3 processed=2300 total=5000 metric=ranking
[pipeline-trace] wall=02:02:57 elapsed=957.424s phase=eval event=interaction_progress trial=33 partition=3 processed=400 total=5000 metric=ranking
[pipeline-trace] wall=02:02:57 elapsed=954.443s phase=eval event=interaction_progress trial=31 partition=3 processed=2400 total=5000 metric=ranking
[pipeline-trace] wall=02:02:57 elapsed=957.581s phase=eval event=interaction_progress trial=33 partition=3 processed=500 total=5000 metric=ranking
[pipeline-trace] wall=02:02:57 elapsed=954.597s phase=eval event=interaction_progress trial=31 partition=3 processed=2500 total=5000 metric=ranking
[pipeline-trace] wall=02:02:57 elapsed=957.736s phase=eval event=interaction_progress trial=33 partition=3 processed=600 total=5000 metric=ranking
[pipeline-trace] wall=02:02:57 elapsed=954.748s phase=eval event=interaction_progress trial=31 partition=3 processed=2600 total=5000 metric=ranking
[pipeline-trace] wall=02:02:58 elapsed=957.892s phase=eval event=interaction_progress trial=33 partition=3 processed=700 total=5000 metric=ranking
[pipeline-trace] wall=02:02:58 elapsed=954.899s phase=eval event=interaction_progress trial=31 partition=3 processed=2700 total=5000 metric=ranking
[pipeline-trace] wall=02:02:58 elapsed=958.046s phase=eval event=interaction_progress trial=33 partition=3 processed=800 total=5000 metric=ranking
[pipeline-trace] wall=02:02:58 elapsed=955.051s phase=eval event=interaction_progress trial=31 partition=3 processed=2800 total=5000 metric=ranking
[pipeline-trace] wall=02:02:58 elapsed=958.199s phase=eval event=interaction_progress trial=33 partition=3 processed=900 total=5000 metric=ranking
[pipeline-trace] wall=02:02:58 elapsed=955.200s phase=eval event=interaction_progress trial=31 partition=3 processed=2900 total=5000 metric=ranking
[pipeline-trace] wall=02:02:58 elapsed=958.353s phase=eval event=interaction_progress trial=33 partition=3 processed=1000 total=5000 metric=ranking
[pipeline-trace] wall=02:02:58 elapsed=955.351s phase=eval event=interaction_progress trial=31 partition=3 processed=3000 total=5000 metric=ranking
[pipeline-trace] wall=02:02:58 elapsed=958.507s phase=eval event=interaction_progress trial=33 partition=3 processed=1100 total=5000 metric=ranking
[pipeline-trace] wall=02:02:58 elapsed=955.503s phase=eval event=interaction_progress trial=31 partition=3 processed=3100 total=5000 metric=ranking
[pipeline-trace] wall=02:02:58 elapsed=958.659s phase=eval event=interaction_progress trial=33 partition=3 processed=1200 total=5000 metric=ranking
[pipeline-trace] wall=02:02:58 elapsed=955.651s phase=eval event=interaction_progress trial=31 partition=3 processed=3200 total=5000 metric=ranking
[pipeline-trace] wall=02:02:59 elapsed=958.813s phase=eval event=interaction_progress trial=33 partition=3 processed=1300 total=5000 metric=ranking
[pipeline-trace] wall=02:02:59 elapsed=955.801s phase=eval event=interaction_progress trial=31 partition=3 processed=3300 total=5000 metric=ranking
[pipeline-trace] wall=02:02:59 elapsed=955.956s phase=eval event=interaction_progress trial=31 partition=3 processed=3400 total=5000 metric=ranking
[pipeline-trace] wall=02:02:59 elapsed=958.976s phase=eval event=interaction_progress trial=33 partition=3 processed=1400 total=5000 metric=ranking
[pipeline-trace] wall=02:02:59 elapsed=956.101s phase=eval event=interaction_progress trial=31 partition=3 processed=3500 total=5000 metric=ranking
[pipeline-trace] wall=02:02:59 elapsed=959.158s phase=eval event=interaction_progress trial=33 partition=3 processed=1500 total=5000 metric=ranking
[pipeline-trace] wall=02:02:59 elapsed=956.228s phase=eval event=interaction_progress trial=31 partition=3 processed=3600 total=5000 metric=ranking
[pipeline-trace] wall=02:02:59 elapsed=959.309s phase=eval event=interaction_progress trial=33 partition=3 processed=1600 total=5000 metric=ranking
[pipeline-trace] wall=02:02:59 elapsed=956.351s phase=eval event=interaction_progress trial=31 partition=3 processed=3700 total=5000 metric=ranking
[pipeline-trace] wall=02:02:59 elapsed=959.457s phase=eval event=interaction_progress trial=33 partition=3 processed=1700 total=5000 metric=ranking
[pipeline-trace] wall=02:02:59 elapsed=956.471s phase=eval event=interaction_progress trial=31 partition=3 processed=3800 total=5000 metric=ranking
[pipeline-trace] wall=02:02:59 elapsed=959.609s phase=eval event=interaction_progress trial=33 partition=3 processed=1800 total=5000 metric=ranking
[pipeline-trace] wall=02:02:59 elapsed=956.594s phase=eval event=interaction_progress trial=31 partition=3 processed=3900 total=5000 metric=ranking
[pipeline-trace] wall=02:02:59 elapsed=956.714s phase=eval event=interaction_progress trial=31 partition=3 processed=4000 total=5000 metric=ranking
[pipeline-trace] wall=02:02:59 elapsed=959.760s phase=eval event=interaction_progress trial=33 partition=3 processed=1900 total=5000 metric=ranking
[pipeline-trace] wall=02:03:00 elapsed=956.835s phase=eval event=interaction_progress trial=31 partition=3 processed=4100 total=5000 metric=ranking
[pipeline-trace] wall=02:03:00 elapsed=959.911s phase=eval event=interaction_progress trial=33 partition=3 processed=2000 total=5000 metric=ranking
[pipeline-trace] wall=02:03:00 elapsed=956.956s phase=eval event=interaction_progress trial=31 partition=3 processed=4200 total=5000 metric=ranking
[pipeline-trace] wall=02:03:00 elapsed=960.062s phase=eval event=interaction_progress trial=33 partition=3 processed=2100 total=5000 metric=ranking
[pipeline-trace] wall=02:03:00 elapsed=957.077s phase=eval event=interaction_progress trial=31 partition=3 processed=4300 total=5000 metric=ranking
[pipeline-trace] wall=02:03:00 elapsed=957.197s phase=eval event=interaction_progress trial=31 partition=3 processed=4400 total=5000 metric=ranking
[pipeline-trace] wall=02:03:00 elapsed=960.213s phase=eval event=interaction_progress trial=33 partition=3 processed=2200 total=5000 metric=ranking
[pipeline-trace] wall=02:03:00 elapsed=957.319s phase=eval event=interaction_progress trial=31 partition=3 processed=4500 total=5000 metric=ranking
[pipeline-trace] wall=02:03:00 elapsed=960.364s phase=eval event=interaction_progress trial=33 partition=3 processed=2300 total=5000 metric=ranking
[pipeline-trace] wall=02:03:00 elapsed=957.439s phase=eval event=interaction_progress trial=31 partition=3 processed=4600 total=5000 metric=ranking
[pipeline-trace] wall=02:03:00 elapsed=960.502s phase=eval event=interaction_progress trial=33 partition=3 processed=2400 total=5000 metric=ranking
[pipeline-trace] wall=02:03:00 elapsed=957.562s phase=eval event=interaction_progress trial=31 partition=3 processed=4700 total=5000 metric=ranking
[pipeline-trace] wall=02:03:00 elapsed=960.626s phase=eval event=interaction_progress trial=33 partition=3 processed=2500 total=5000 metric=ranking
[pipeline-trace] wall=02:03:00 elapsed=957.684s phase=eval event=interaction_progress trial=31 partition=3 processed=4800 total=5000 metric=ranking
[pipeline-trace] wall=02:03:00 elapsed=960.751s phase=eval event=interaction_progress trial=33 partition=3 processed=2600 total=5000 metric=ranking
[pipeline-trace] wall=02:03:01 elapsed=957.806s phase=eval event=interaction_progress trial=31 partition=3 processed=4900 total=5000 metric=ranking
[pipeline-trace] wall=02:03:01 elapsed=960.876s phase=eval event=interaction_progress trial=33 partition=3 processed=2700 total=5000 metric=ranking
[pipeline-trace] wall=02:03:01 elapsed=957.947s phase=eval event=interaction_progress trial=31 partition=3 processed=5000 total=5000 metric=ranking
[pipeline-trace] wall=02:03:01 elapsed=957.949s phase=eval event=partition_complete trial=31 partition=3 elapsed_sec=7.128 hits=4018 total=5000
[pipeline-trace] wall=02:03:01 elapsed=961.001s phase=eval event=interaction_progress trial=33 partition=3 processed=2800 total=5000 metric=ranking
[pipeline-trace] wall=02:03:01 elapsed=961.142s phase=eval event=interaction_progress trial=33 partition=3 processed=2900 total=5000 metric=ranking
[pipeline-trace] wall=02:03:01 elapsed=961.280s phase=eval event=interaction_progress trial=33 partition=3 processed=3000 total=5000 metric=ranking
[pipeline-trace] wall=02:03:01 elapsed=961.404s phase=eval event=interaction_progress trial=33 partition=3 processed=3100 total=5000 metric=ranking
[pipeline-trace] wall=02:03:01 elapsed=961.534s phase=eval event=interaction_progress trial=33 partition=3 processed=3200 total=5000 metric=ranking
[pipeline-trace] wall=02:03:01 elapsed=961.673s phase=eval event=interaction_progress trial=33 partition=3 processed=3300 total=5000 metric=ranking
[pipeline-trace] wall=02:03:01 elapsed=961.797s phase=eval event=interaction_progress trial=33 partition=3 processed=3400 total=5000 metric=ranking
[pipeline-trace] wall=02:03:02 elapsed=961.921s phase=eval event=interaction_progress trial=33 partition=3 processed=3500 total=5000 metric=ranking
[pipeline-trace] wall=02:03:02 elapsed=962.047s phase=eval event=interaction_progress trial=33 partition=3 processed=3600 total=5000 metric=ranking
[pipeline-trace] wall=02:03:02 elapsed=962.171s phase=eval event=interaction_progress trial=33 partition=3 processed=3700 total=5000 metric=ranking
[pipeline-trace] wall=02:03:02 elapsed=962.296s phase=eval event=interaction_progress trial=33 partition=3 processed=3800 total=5000 metric=ranking
[pipeline-trace] wall=02:03:02 elapsed=962.420s phase=eval event=interaction_progress trial=33 partition=3 processed=3900 total=5000 metric=ranking
[pipeline-trace] wall=02:03:02 elapsed=962.545s phase=eval event=interaction_progress trial=33 partition=3 processed=4000 total=5000 metric=ranking
[pipeline-trace] wall=02:03:02 elapsed=962.668s phase=eval event=interaction_progress trial=33 partition=3 processed=4100 total=5000 metric=ranking
[pipeline-trace] wall=02:03:02 elapsed=962.791s phase=eval event=interaction_progress trial=33 partition=3 processed=4200 total=5000 metric=ranking
[pipeline-trace] wall=02:03:03 elapsed=962.916s phase=eval event=interaction_progress trial=33 partition=3 processed=4300 total=5000 metric=ranking
[pipeline-trace] wall=02:03:03 elapsed=963.041s phase=eval event=interaction_progress trial=33 partition=3 processed=4400 total=5000 metric=ranking
[pipeline-trace] wall=02:03:03 elapsed=963.165s phase=eval event=interaction_progress trial=33 partition=3 processed=4500 total=5000 metric=ranking
[pipeline-trace] wall=02:03:03 elapsed=963.289s phase=eval event=interaction_progress trial=33 partition=3 processed=4600 total=5000 metric=ranking
[pipeline-trace] wall=02:03:03 elapsed=963.413s phase=eval event=interaction_progress trial=33 partition=3 processed=4700 total=5000 metric=ranking
[pipeline-trace] wall=02:03:03 elapsed=963.540s phase=eval event=interaction_progress trial=33 partition=3 processed=4800 total=5000 metric=ranking
[pipeline-trace] wall=02:03:03 elapsed=963.665s phase=eval event=interaction_progress trial=33 partition=3 processed=4900 total=5000 metric=ranking
[pipeline-trace] wall=02:03:03 elapsed=963.788s phase=eval event=interaction_progress trial=33 partition=3 processed=5000 total=5000 metric=ranking
[pipeline-trace] wall=02:03:03 elapsed=963.790s phase=eval event=partition_complete trial=33 partition=3 elapsed_sec=6.980 hits=1386 total=5000
[pipeline-trace] wall=02:04:04 elapsed=1023.654s phase=eval event=batch_start trial=35 partitions=[3] synthetic=False
[pipeline-trace] wall=02:04:04 elapsed=1023.654s phase=eval event=partition_start trial=35 partition=3 interactions=5000
[pipeline-trace] wall=02:04:04 elapsed=1023.654s phase=eval event=interaction_progress trial=35 partition=3 processed=1 total=5000 metric=ranking
[pipeline-trace] wall=02:04:04 elapsed=1023.805s phase=eval event=interaction_progress trial=35 partition=3 processed=100 total=5000 metric=ranking
[pipeline-trace] wall=02:04:04 elapsed=1023.959s phase=eval event=interaction_progress trial=35 partition=3 processed=200 total=5000 metric=ranking
[pipeline-trace] wall=02:04:05 elapsed=1024.110s phase=eval event=interaction_progress trial=35 partition=3 processed=300 total=5000 metric=ranking
[pipeline-trace] wall=02:04:05 elapsed=1024.261s phase=eval event=interaction_progress trial=35 partition=3 processed=400 total=5000 metric=ranking
[pipeline-trace] wall=02:04:05 elapsed=1024.411s phase=eval event=interaction_progress trial=35 partition=3 processed=500 total=5000 metric=ranking
[pipeline-trace] wall=02:04:05 elapsed=1024.561s phase=eval event=interaction_progress trial=35 partition=3 processed=600 total=5000 metric=ranking
[pipeline-trace] wall=02:04:05 elapsed=1024.714s phase=eval event=interaction_progress trial=35 partition=3 processed=700 total=5000 metric=ranking
[pipeline-trace] wall=02:04:05 elapsed=1024.868s phase=eval event=interaction_progress trial=35 partition=3 processed=800 total=5000 metric=ranking
[pipeline-trace] wall=02:04:05 elapsed=1025.020s phase=eval event=interaction_progress trial=35 partition=3 processed=900 total=5000 metric=ranking
[pipeline-trace] wall=02:04:06 elapsed=1025.172s phase=eval event=interaction_progress trial=35 partition=3 processed=1000 total=5000 metric=ranking
[pipeline-trace] wall=02:04:06 elapsed=1025.320s phase=eval event=interaction_progress trial=35 partition=3 processed=1100 total=5000 metric=ranking
[pipeline-trace] wall=02:04:06 elapsed=1025.468s phase=eval event=interaction_progress trial=35 partition=3 processed=1200 total=5000 metric=ranking
[pipeline-trace] wall=02:04:06 elapsed=1025.616s phase=eval event=interaction_progress trial=35 partition=3 processed=1300 total=5000 metric=ranking
[pipeline-trace] wall=02:04:06 elapsed=1025.764s phase=eval event=interaction_progress trial=35 partition=3 processed=1400 total=5000 metric=ranking
[pipeline-trace] wall=02:04:06 elapsed=1025.914s phase=eval event=interaction_progress trial=35 partition=3 processed=1500 total=5000 metric=ranking
[pipeline-trace] wall=02:04:06 elapsed=1026.062s phase=eval event=interaction_progress trial=35 partition=3 processed=1600 total=5000 metric=ranking
[pipeline-trace] wall=02:04:07 elapsed=1026.212s phase=eval event=interaction_progress trial=35 partition=3 processed=1700 total=5000 metric=ranking
[pipeline-trace] wall=02:04:07 elapsed=1026.362s phase=eval event=interaction_progress trial=35 partition=3 processed=1800 total=5000 metric=ranking
[pipeline-trace] wall=02:04:07 elapsed=1026.512s phase=eval event=interaction_progress trial=35 partition=3 processed=1900 total=5000 metric=ranking
[pipeline-trace] wall=02:04:07 elapsed=1026.663s phase=eval event=interaction_progress trial=35 partition=3 processed=2000 total=5000 metric=ranking
[pipeline-trace] wall=02:04:07 elapsed=1026.829s phase=eval event=interaction_progress trial=35 partition=3 processed=2100 total=5000 metric=ranking
[pipeline-trace] wall=02:04:07 elapsed=1026.981s phase=eval event=interaction_progress trial=35 partition=3 processed=2200 total=5000 metric=ranking
[pipeline-trace] wall=02:04:08 elapsed=1027.132s phase=eval event=interaction_progress trial=35 partition=3 processed=2300 total=5000 metric=ranking
[pipeline-trace] wall=02:04:08 elapsed=1027.286s phase=eval event=interaction_progress trial=35 partition=3 processed=2400 total=5000 metric=ranking
[pipeline-trace] wall=02:04:08 elapsed=1027.437s phase=eval event=interaction_progress trial=35 partition=3 processed=2500 total=5000 metric=ranking
[pipeline-trace] wall=02:04:08 elapsed=1027.590s phase=eval event=interaction_progress trial=35 partition=3 processed=2600 total=5000 metric=ranking
[pipeline-trace] wall=02:04:08 elapsed=1027.741s phase=eval event=interaction_progress trial=35 partition=3 processed=2700 total=5000 metric=ranking
[pipeline-trace] wall=02:04:08 elapsed=1027.893s phase=eval event=interaction_progress trial=35 partition=3 processed=2800 total=5000 metric=ranking
[pipeline-trace] wall=02:04:08 elapsed=1028.018s phase=eval event=interaction_progress trial=35 partition=3 processed=2900 total=5000 metric=ranking
[pipeline-trace] wall=02:04:09 elapsed=1028.140s phase=eval event=interaction_progress trial=35 partition=3 processed=3000 total=5000 metric=ranking
[pipeline-trace] wall=02:04:09 elapsed=1028.263s phase=eval event=interaction_progress trial=35 partition=3 processed=3100 total=5000 metric=ranking
[pipeline-trace] wall=02:04:09 elapsed=1028.385s phase=eval event=interaction_progress trial=35 partition=3 processed=3200 total=5000 metric=ranking
[pipeline-trace] wall=02:04:09 elapsed=1028.507s phase=eval event=interaction_progress trial=35 partition=3 processed=3300 total=5000 metric=ranking
[pipeline-trace] wall=02:04:09 elapsed=1028.663s phase=eval event=interaction_progress trial=35 partition=3 processed=3400 total=5000 metric=ranking
[pipeline-trace] wall=02:04:09 elapsed=1028.829s phase=eval event=interaction_progress trial=35 partition=3 processed=3500 total=5000 metric=ranking
[pipeline-trace] wall=02:04:09 elapsed=1028.979s phase=eval event=interaction_progress trial=35 partition=3 processed=3600 total=5000 metric=ranking
[pipeline-trace] wall=02:04:10 elapsed=1029.130s phase=eval event=interaction_progress trial=35 partition=3 processed=3700 total=5000 metric=ranking
[pipeline-trace] wall=02:04:10 elapsed=1029.280s phase=eval event=interaction_progress trial=35 partition=3 processed=3800 total=5000 metric=ranking
[pipeline-trace] wall=02:04:10 elapsed=1029.438s phase=eval event=interaction_progress trial=35 partition=3 processed=3900 total=5000 metric=ranking
[pipeline-trace] wall=02:04:10 elapsed=1029.612s phase=eval event=interaction_progress trial=35 partition=3 processed=4000 total=5000 metric=ranking
[pipeline-trace] wall=02:04:10 elapsed=1029.763s phase=eval event=interaction_progress trial=35 partition=3 processed=4100 total=5000 metric=ranking
[pipeline-trace] wall=02:04:10 elapsed=1029.915s phase=eval event=interaction_progress trial=35 partition=3 processed=4200 total=5000 metric=ranking
[pipeline-trace] wall=02:04:10 elapsed=1030.064s phase=eval event=interaction_progress trial=35 partition=3 processed=4300 total=5000 metric=ranking
[pipeline-trace] wall=02:04:11 elapsed=1030.215s phase=eval event=interaction_progress trial=35 partition=3 processed=4400 total=5000 metric=ranking
[pipeline-trace] wall=02:04:11 elapsed=1030.363s phase=eval event=interaction_progress trial=35 partition=3 processed=4500 total=5000 metric=ranking
[pipeline-trace] wall=02:04:11 elapsed=1030.513s phase=eval event=interaction_progress trial=35 partition=3 processed=4600 total=5000 metric=ranking
[pipeline-trace] wall=02:04:11 elapsed=1030.663s phase=eval event=interaction_progress trial=35 partition=3 processed=4700 total=5000 metric=ranking
[pipeline-trace] wall=02:04:11 elapsed=1030.813s phase=eval event=interaction_progress trial=35 partition=3 processed=4800 total=5000 metric=ranking
[pipeline-trace] wall=02:04:11 elapsed=1030.973s phase=eval event=interaction_progress trial=35 partition=3 processed=4900 total=5000 metric=ranking
[pipeline-trace] wall=02:04:12 elapsed=1031.121s phase=eval event=interaction_progress trial=35 partition=3 processed=5000 total=5000 metric=ranking
[pipeline-trace] wall=02:04:12 elapsed=1031.123s phase=eval event=partition_complete trial=35 partition=3 elapsed_sec=7.469 hits=4276 total=5000
[pipeline-trace] wall=02:04:12 elapsed=1029.494s phase=eval event=batch_start trial=36 partitions=[3] synthetic=False
[pipeline-trace] wall=02:04:12 elapsed=1029.494s phase=eval event=partition_start trial=36 partition=3 interactions=5000
[pipeline-trace] wall=02:04:12 elapsed=1029.494s phase=eval event=interaction_progress trial=36 partition=3 processed=1 total=5000 metric=ranking
[pipeline-trace] wall=02:04:12 elapsed=1029.651s phase=eval event=interaction_progress trial=36 partition=3 processed=100 total=5000 metric=ranking
[pipeline-trace] wall=02:04:13 elapsed=1029.804s phase=eval event=interaction_progress trial=36 partition=3 processed=200 total=5000 metric=ranking
[pipeline-trace] wall=02:04:13 elapsed=1029.958s phase=eval event=interaction_progress trial=36 partition=3 processed=300 total=5000 metric=ranking
[pipeline-trace] wall=02:04:13 elapsed=1030.115s phase=eval event=interaction_progress trial=36 partition=3 processed=400 total=5000 metric=ranking
[pipeline-trace] wall=02:04:13 elapsed=1030.270s phase=eval event=interaction_progress trial=36 partition=3 processed=500 total=5000 metric=ranking
[pipeline-trace] wall=02:04:13 elapsed=1030.423s phase=eval event=interaction_progress trial=36 partition=3 processed=600 total=5000 metric=ranking
[pipeline-trace] wall=02:04:13 elapsed=1030.578s phase=eval event=interaction_progress trial=36 partition=3 processed=700 total=5000 metric=ranking
[pipeline-trace] wall=02:04:13 elapsed=1030.733s phase=eval event=interaction_progress trial=36 partition=3 processed=800 total=5000 metric=ranking
[pipeline-trace] wall=02:04:14 elapsed=1030.891s phase=eval event=interaction_progress trial=36 partition=3 processed=900 total=5000 metric=ranking
[pipeline-trace] wall=02:04:14 elapsed=1031.075s phase=eval event=interaction_progress trial=36 partition=3 processed=1000 total=5000 metric=ranking
[pipeline-trace] wall=02:04:14 elapsed=1031.266s phase=eval event=interaction_progress trial=36 partition=3 processed=1100 total=5000 metric=ranking
[pipeline-trace] wall=02:04:14 elapsed=1031.457s phase=eval event=interaction_progress trial=36 partition=3 processed=1200 total=5000 metric=ranking
[pipeline-trace] wall=02:04:14 elapsed=1031.650s phase=eval event=interaction_progress trial=36 partition=3 processed=1300 total=5000 metric=ranking
[pipeline-trace] wall=02:04:15 elapsed=1031.843s phase=eval event=interaction_progress trial=36 partition=3 processed=1400 total=5000 metric=ranking
[pipeline-trace] wall=02:04:15 elapsed=1032.033s phase=eval event=interaction_progress trial=36 partition=3 processed=1500 total=5000 metric=ranking
[pipeline-trace] wall=02:04:15 elapsed=1032.222s phase=eval event=interaction_progress trial=36 partition=3 processed=1600 total=5000 metric=ranking
[pipeline-trace] wall=02:04:15 elapsed=1032.413s phase=eval event=interaction_progress trial=36 partition=3 processed=1700 total=5000 metric=ranking
[pipeline-trace] wall=02:04:15 elapsed=1032.606s phase=eval event=interaction_progress trial=36 partition=3 processed=1800 total=5000 metric=ranking
[pipeline-trace] wall=02:04:16 elapsed=1032.788s phase=eval event=interaction_progress trial=36 partition=3 processed=1900 total=5000 metric=ranking
[pipeline-trace] wall=02:04:16 elapsed=1032.920s phase=eval event=interaction_progress trial=36 partition=3 processed=2000 total=5000 metric=ranking
[pipeline-trace] wall=02:04:16 elapsed=1033.045s phase=eval event=interaction_progress trial=36 partition=3 processed=2100 total=5000 metric=ranking
[pipeline-trace] wall=02:04:16 elapsed=1033.170s phase=eval event=interaction_progress trial=36 partition=3 processed=2200 total=5000 metric=ranking
[pipeline-trace] wall=02:04:16 elapsed=1033.296s phase=eval event=interaction_progress trial=36 partition=3 processed=2300 total=5000 metric=ranking
[pipeline-trace] wall=02:04:16 elapsed=1033.422s phase=eval event=interaction_progress trial=36 partition=3 processed=2400 total=5000 metric=ranking
[pipeline-trace] wall=02:04:16 elapsed=1033.549s phase=eval event=interaction_progress trial=36 partition=3 processed=2500 total=5000 metric=ranking
[pipeline-trace] wall=02:04:16 elapsed=1033.673s phase=eval event=interaction_progress trial=36 partition=3 processed=2600 total=5000 metric=ranking
[pipeline-trace] wall=02:04:17 elapsed=1033.799s phase=eval event=interaction_progress trial=36 partition=3 processed=2700 total=5000 metric=ranking
[pipeline-trace] wall=02:04:17 elapsed=1033.923s phase=eval event=interaction_progress trial=36 partition=3 processed=2800 total=5000 metric=ranking
[pipeline-trace] wall=02:04:17 elapsed=1034.048s phase=eval event=interaction_progress trial=36 partition=3 processed=2900 total=5000 metric=ranking
[pipeline-trace] wall=02:04:17 elapsed=1034.172s phase=eval event=interaction_progress trial=36 partition=3 processed=3000 total=5000 metric=ranking
[pipeline-trace] wall=02:04:17 elapsed=1037.255s phase=eval event=batch_start trial=34 partitions=[3] synthetic=False
[pipeline-trace] wall=02:04:17 elapsed=1037.255s phase=eval event=partition_start trial=34 partition=3 interactions=5000
[pipeline-trace] wall=02:04:17 elapsed=1037.255s phase=eval event=interaction_progress trial=34 partition=3 processed=1 total=5000 metric=ranking
[pipeline-trace] wall=02:04:17 elapsed=1034.298s phase=eval event=interaction_progress trial=36 partition=3 processed=3100 total=5000 metric=ranking
[pipeline-trace] wall=02:04:17 elapsed=1037.416s phase=eval event=interaction_progress trial=34 partition=3 processed=100 total=5000 metric=ranking
[pipeline-trace] wall=02:04:17 elapsed=1034.423s phase=eval event=interaction_progress trial=36 partition=3 processed=3200 total=5000 metric=ranking
[pipeline-trace] wall=02:04:17 elapsed=1034.551s phase=eval event=interaction_progress trial=36 partition=3 processed=3300 total=5000 metric=ranking
[pipeline-trace] wall=02:04:17 elapsed=1037.572s phase=eval event=interaction_progress trial=34 partition=3 processed=200 total=5000 metric=ranking
[pipeline-trace] wall=02:04:17 elapsed=1034.676s phase=eval event=interaction_progress trial=36 partition=3 processed=3400 total=5000 metric=ranking
[pipeline-trace] wall=02:04:17 elapsed=1037.721s phase=eval event=interaction_progress trial=34 partition=3 processed=300 total=5000 metric=ranking
[pipeline-trace] wall=02:04:18 elapsed=1034.802s phase=eval event=interaction_progress trial=36 partition=3 processed=3500 total=5000 metric=ranking
[pipeline-trace] wall=02:04:18 elapsed=1037.872s phase=eval event=interaction_progress trial=34 partition=3 processed=400 total=5000 metric=ranking
[pipeline-trace] wall=02:04:18 elapsed=1034.926s phase=eval event=interaction_progress trial=36 partition=3 processed=3600 total=5000 metric=ranking
[pipeline-trace] wall=02:04:18 elapsed=1038.022s phase=eval event=interaction_progress trial=34 partition=3 processed=500 total=5000 metric=ranking
[pipeline-trace] wall=02:04:18 elapsed=1035.051s phase=eval event=interaction_progress trial=36 partition=3 processed=3700 total=5000 metric=ranking
[pipeline-trace] wall=02:04:18 elapsed=1038.172s phase=eval event=interaction_progress trial=34 partition=3 processed=600 total=5000 metric=ranking
[pipeline-trace] wall=02:04:18 elapsed=1035.177s phase=eval event=interaction_progress trial=36 partition=3 processed=3800 total=5000 metric=ranking
[pipeline-trace] wall=02:04:18 elapsed=1035.303s phase=eval event=interaction_progress trial=36 partition=3 processed=3900 total=5000 metric=ranking
[pipeline-trace] wall=02:04:18 elapsed=1038.321s phase=eval event=interaction_progress trial=34 partition=3 processed=700 total=5000 metric=ranking
[pipeline-trace] wall=02:04:18 elapsed=1035.429s phase=eval event=interaction_progress trial=36 partition=3 processed=4000 total=5000 metric=ranking
[pipeline-trace] wall=02:04:18 elapsed=1038.471s phase=eval event=interaction_progress trial=34 partition=3 processed=800 total=5000 metric=ranking
[pipeline-trace] wall=02:04:18 elapsed=1035.556s phase=eval event=interaction_progress trial=36 partition=3 processed=4100 total=5000 metric=ranking
[pipeline-trace] wall=02:04:18 elapsed=1038.626s phase=eval event=interaction_progress trial=34 partition=3 processed=900 total=5000 metric=ranking
[pipeline-trace] wall=02:04:18 elapsed=1035.681s phase=eval event=interaction_progress trial=36 partition=3 processed=4200 total=5000 metric=ranking
[pipeline-trace] wall=02:04:18 elapsed=1038.779s phase=eval event=interaction_progress trial=34 partition=3 processed=1000 total=5000 metric=ranking
[pipeline-trace] wall=02:04:19 elapsed=1035.808s phase=eval event=interaction_progress trial=36 partition=3 processed=4300 total=5000 metric=ranking
[pipeline-trace] wall=02:04:19 elapsed=1038.930s phase=eval event=interaction_progress trial=34 partition=3 processed=1100 total=5000 metric=ranking
[pipeline-trace] wall=02:04:19 elapsed=1035.933s phase=eval event=interaction_progress trial=36 partition=3 processed=4400 total=5000 metric=ranking
[pipeline-trace] wall=02:04:19 elapsed=1036.058s phase=eval event=interaction_progress trial=36 partition=3 processed=4500 total=5000 metric=ranking
[pipeline-trace] wall=02:04:19 elapsed=1039.081s phase=eval event=interaction_progress trial=34 partition=3 processed=1200 total=5000 metric=ranking
[pipeline-trace] wall=02:04:19 elapsed=1036.183s phase=eval event=interaction_progress trial=36 partition=3 processed=4600 total=5000 metric=ranking
[pipeline-trace] wall=02:04:19 elapsed=1039.231s phase=eval event=interaction_progress trial=34 partition=3 processed=1300 total=5000 metric=ranking
[pipeline-trace] wall=02:04:19 elapsed=1036.308s phase=eval event=interaction_progress trial=36 partition=3 processed=4700 total=5000 metric=ranking
[pipeline-trace] wall=02:04:19 elapsed=1039.381s phase=eval event=interaction_progress trial=34 partition=3 processed=1400 total=5000 metric=ranking
[pipeline-trace] wall=02:04:19 elapsed=1036.429s phase=eval event=interaction_progress trial=36 partition=3 processed=4800 total=5000 metric=ranking
[pipeline-trace] wall=02:04:19 elapsed=1039.533s phase=eval event=interaction_progress trial=34 partition=3 processed=1500 total=5000 metric=ranking
[pipeline-trace] wall=02:04:19 elapsed=1036.553s phase=eval event=interaction_progress trial=36 partition=3 processed=4900 total=5000 metric=ranking
[pipeline-trace] wall=02:04:19 elapsed=1039.682s phase=eval event=interaction_progress trial=34 partition=3 processed=1600 total=5000 metric=ranking
[pipeline-trace] wall=02:04:19 elapsed=1036.675s phase=eval event=interaction_progress trial=36 partition=3 processed=5000 total=5000 metric=ranking
[pipeline-trace] wall=02:04:19 elapsed=1036.677s phase=eval event=partition_complete trial=36 partition=3 elapsed_sec=7.183 hits=3384 total=5000
[pipeline-trace] wall=02:04:20 elapsed=1039.834s phase=eval event=interaction_progress trial=34 partition=3 processed=1700 total=5000 metric=ranking
[pipeline-trace] wall=02:04:20 elapsed=1039.985s phase=eval event=interaction_progress trial=34 partition=3 processed=1800 total=5000 metric=ranking
[pipeline-trace] wall=02:04:20 elapsed=1040.135s phase=eval event=interaction_progress trial=34 partition=3 processed=1900 total=5000 metric=ranking
[pipeline-trace] wall=02:04:20 elapsed=1040.286s phase=eval event=interaction_progress trial=34 partition=3 processed=2000 total=5000 metric=ranking
[pipeline-trace] wall=02:04:20 elapsed=1040.437s phase=eval event=interaction_progress trial=34 partition=3 processed=2100 total=5000 metric=ranking
[pipeline-trace] wall=02:04:20 elapsed=1040.590s phase=eval event=interaction_progress trial=34 partition=3 processed=2200 total=5000 metric=ranking
[pipeline-trace] wall=02:04:20 elapsed=1040.742s phase=eval event=interaction_progress trial=34 partition=3 processed=2300 total=5000 metric=ranking
[pipeline-trace] wall=02:04:21 elapsed=1040.895s phase=eval event=interaction_progress trial=34 partition=3 processed=2400 total=5000 metric=ranking
[pipeline-trace] wall=02:04:21 elapsed=1041.046s phase=eval event=interaction_progress trial=34 partition=3 processed=2500 total=5000 metric=ranking
[pipeline-trace] wall=02:04:21 elapsed=1041.171s phase=eval event=interaction_progress trial=34 partition=3 processed=2600 total=5000 metric=ranking
[pipeline-trace] wall=02:04:21 elapsed=1041.293s phase=eval event=interaction_progress trial=34 partition=3 processed=2700 total=5000 metric=ranking
[pipeline-trace] wall=02:04:21 elapsed=1041.416s phase=eval event=interaction_progress trial=34 partition=3 processed=2800 total=5000 metric=ranking
[pipeline-trace] wall=02:04:21 elapsed=1041.541s phase=eval event=interaction_progress trial=34 partition=3 processed=2900 total=5000 metric=ranking
[pipeline-trace] wall=02:04:21 elapsed=1041.664s phase=eval event=interaction_progress trial=34 partition=3 processed=3000 total=5000 metric=ranking
[pipeline-trace] wall=02:04:21 elapsed=1041.788s phase=eval event=interaction_progress trial=34 partition=3 processed=3100 total=5000 metric=ranking
[pipeline-trace] wall=02:04:22 elapsed=1041.912s phase=eval event=interaction_progress trial=34 partition=3 processed=3200 total=5000 metric=ranking
[pipeline-trace] wall=02:04:22 elapsed=1042.035s phase=eval event=interaction_progress trial=34 partition=3 processed=3300 total=5000 metric=ranking
[pipeline-trace] wall=02:04:22 elapsed=1042.159s phase=eval event=interaction_progress trial=34 partition=3 processed=3400 total=5000 metric=ranking
[pipeline-trace] wall=02:04:22 elapsed=1042.283s phase=eval event=interaction_progress trial=34 partition=3 processed=3500 total=5000 metric=ranking
[pipeline-trace] wall=02:04:22 elapsed=1042.407s phase=eval event=interaction_progress trial=34 partition=3 processed=3600 total=5000 metric=ranking
[pipeline-trace] wall=02:04:22 elapsed=1042.533s phase=eval event=interaction_progress trial=34 partition=3 processed=3700 total=5000 metric=ranking
[pipeline-trace] wall=02:04:22 elapsed=1042.657s phase=eval event=interaction_progress trial=34 partition=3 processed=3800 total=5000 metric=ranking
[pipeline-trace] wall=02:04:22 elapsed=1042.782s phase=eval event=interaction_progress trial=34 partition=3 processed=3900 total=5000 metric=ranking
[pipeline-trace] wall=02:04:23 elapsed=1042.906s phase=eval event=interaction_progress trial=34 partition=3 processed=4000 total=5000 metric=ranking
[pipeline-trace] wall=02:04:23 elapsed=1043.030s phase=eval event=interaction_progress trial=34 partition=3 processed=4100 total=5000 metric=ranking
[pipeline-trace] wall=02:04:23 elapsed=1043.154s phase=eval event=interaction_progress trial=34 partition=3 processed=4200 total=5000 metric=ranking
[pipeline-trace] wall=02:04:23 elapsed=1043.278s phase=eval event=interaction_progress trial=34 partition=3 processed=4300 total=5000 metric=ranking
[pipeline-trace] wall=02:04:23 elapsed=1043.401s phase=eval event=interaction_progress trial=34 partition=3 processed=4400 total=5000 metric=ranking
[pipeline-trace] wall=02:04:23 elapsed=1043.527s phase=eval event=interaction_progress trial=34 partition=3 processed=4500 total=5000 metric=ranking
[pipeline-trace] wall=02:04:23 elapsed=1043.651s phase=eval event=interaction_progress trial=34 partition=3 processed=4600 total=5000 metric=ranking
[pipeline-trace] wall=02:04:23 elapsed=1043.775s phase=eval event=interaction_progress trial=34 partition=3 processed=4700 total=5000 metric=ranking
[pipeline-trace] wall=02:04:24 elapsed=1043.900s phase=eval event=interaction_progress trial=34 partition=3 processed=4800 total=5000 metric=ranking
[pipeline-trace] wall=02:04:24 elapsed=1044.025s phase=eval event=interaction_progress trial=34 partition=3 processed=4900 total=5000 metric=ranking
[pipeline-trace] wall=02:04:24 elapsed=1044.149s phase=eval event=interaction_progress trial=34 partition=3 processed=5000 total=5000 metric=ranking
[pipeline-trace] wall=02:04:24 elapsed=1044.150s phase=eval event=partition_complete trial=34 partition=3 elapsed_sec=6.895 hits=3513 total=5000
[pipeline-trace] wall=02:05:13 elapsed=1092.130s phase=eval event=batch_start trial=37 partitions=[3] synthetic=False
[pipeline-trace] wall=02:05:13 elapsed=1092.130s phase=eval event=partition_start trial=37 partition=3 interactions=5000
[pipeline-trace] wall=02:05:13 elapsed=1092.130s phase=eval event=interaction_progress trial=37 partition=3 processed=1 total=5000 metric=ranking
[pipeline-trace] wall=02:05:13 elapsed=1092.285s phase=eval event=interaction_progress trial=37 partition=3 processed=100 total=5000 metric=ranking
[pipeline-trace] wall=02:05:13 elapsed=1092.440s phase=eval event=interaction_progress trial=37 partition=3 processed=200 total=5000 metric=ranking
[pipeline-trace] wall=02:05:13 elapsed=1092.594s phase=eval event=interaction_progress trial=37 partition=3 processed=300 total=5000 metric=ranking
[pipeline-trace] wall=02:05:13 elapsed=1092.746s phase=eval event=interaction_progress trial=37 partition=3 processed=400 total=5000 metric=ranking
[pipeline-trace] wall=02:05:13 elapsed=1092.903s phase=eval event=interaction_progress trial=37 partition=3 processed=500 total=5000 metric=ranking
[pipeline-trace] wall=02:05:13 elapsed=1093.053s phase=eval event=interaction_progress trial=37 partition=3 processed=600 total=5000 metric=ranking
[pipeline-trace] wall=02:05:14 elapsed=1093.200s phase=eval event=interaction_progress trial=37 partition=3 processed=700 total=5000 metric=ranking
[pipeline-trace] wall=02:05:14 elapsed=1093.348s phase=eval event=interaction_progress trial=37 partition=3 processed=800 total=5000 metric=ranking
[pipeline-trace] wall=02:05:14 elapsed=1093.495s phase=eval event=interaction_progress trial=37 partition=3 processed=900 total=5000 metric=ranking
[pipeline-trace] wall=02:05:14 elapsed=1093.644s phase=eval event=interaction_progress trial=37 partition=3 processed=1000 total=5000 metric=ranking
[pipeline-trace] wall=02:05:14 elapsed=1093.792s phase=eval event=interaction_progress trial=37 partition=3 processed=1100 total=5000 metric=ranking
[pipeline-trace] wall=02:05:14 elapsed=1093.943s phase=eval event=interaction_progress trial=37 partition=3 processed=1200 total=5000 metric=ranking
[pipeline-trace] wall=02:05:14 elapsed=1094.091s phase=eval event=interaction_progress trial=37 partition=3 processed=1300 total=5000 metric=ranking
[pipeline-trace] wall=02:05:15 elapsed=1094.239s phase=eval event=interaction_progress trial=37 partition=3 processed=1400 total=5000 metric=ranking
[pipeline-trace] wall=02:05:15 elapsed=1094.388s phase=eval event=interaction_progress trial=37 partition=3 processed=1500 total=5000 metric=ranking
[pipeline-trace] wall=02:05:15 elapsed=1094.539s phase=eval event=interaction_progress trial=37 partition=3 processed=1600 total=5000 metric=ranking
[pipeline-trace] wall=02:05:15 elapsed=1094.689s phase=eval event=interaction_progress trial=37 partition=3 processed=1700 total=5000 metric=ranking
[pipeline-trace] wall=02:05:15 elapsed=1094.844s phase=eval event=interaction_progress trial=37 partition=3 processed=1800 total=5000 metric=ranking
[pipeline-trace] wall=02:05:15 elapsed=1094.994s phase=eval event=interaction_progress trial=37 partition=3 processed=1900 total=5000 metric=ranking
[pipeline-trace] wall=02:05:16 elapsed=1095.144s phase=eval event=interaction_progress trial=37 partition=3 processed=2000 total=5000 metric=ranking
[pipeline-trace] wall=02:05:16 elapsed=1095.298s phase=eval event=interaction_progress trial=37 partition=3 processed=2100 total=5000 metric=ranking
[pipeline-trace] wall=02:05:16 elapsed=1095.450s phase=eval event=interaction_progress trial=37 partition=3 processed=2200 total=5000 metric=ranking
[pipeline-trace] wall=02:05:16 elapsed=1095.604s phase=eval event=interaction_progress trial=37 partition=3 processed=2300 total=5000 metric=ranking
[pipeline-trace] wall=02:05:16 elapsed=1095.756s phase=eval event=interaction_progress trial=37 partition=3 processed=2400 total=5000 metric=ranking
[pipeline-trace] wall=02:05:16 elapsed=1093.597s phase=eval event=batch_start trial=39 partitions=[3] synthetic=False
[pipeline-trace] wall=02:05:16 elapsed=1093.597s phase=eval event=partition_start trial=39 partition=3 interactions=5000
[pipeline-trace] wall=02:05:16 elapsed=1093.597s phase=eval event=interaction_progress trial=39 partition=3 processed=1 total=5000 metric=ranking
[pipeline-trace] wall=02:05:16 elapsed=1095.927s phase=eval event=interaction_progress trial=37 partition=3 processed=2500 total=5000 metric=ranking
[pipeline-trace] wall=02:05:16 elapsed=1093.744s phase=eval event=interaction_progress trial=39 partition=3 processed=100 total=5000 metric=ranking
[pipeline-trace] wall=02:05:16 elapsed=1096.075s phase=eval event=interaction_progress trial=37 partition=3 processed=2600 total=5000 metric=ranking
[pipeline-trace] wall=02:05:17 elapsed=1093.893s phase=eval event=interaction_progress trial=39 partition=3 processed=200 total=5000 metric=ranking
[pipeline-trace] wall=02:05:17 elapsed=1096.224s phase=eval event=interaction_progress trial=37 partition=3 processed=2700 total=5000 metric=ranking
[pipeline-trace] wall=02:05:17 elapsed=1094.043s phase=eval event=interaction_progress trial=39 partition=3 processed=300 total=5000 metric=ranking
[pipeline-trace] wall=02:05:17 elapsed=1096.373s phase=eval event=interaction_progress trial=37 partition=3 processed=2800 total=5000 metric=ranking
[pipeline-trace] wall=02:05:17 elapsed=1094.191s phase=eval event=interaction_progress trial=39 partition=3 processed=400 total=5000 metric=ranking
[pipeline-trace] wall=02:05:17 elapsed=1096.523s phase=eval event=interaction_progress trial=37 partition=3 processed=2900 total=5000 metric=ranking
[pipeline-trace] wall=02:05:17 elapsed=1094.340s phase=eval event=interaction_progress trial=39 partition=3 processed=500 total=5000 metric=ranking
[pipeline-trace] wall=02:05:17 elapsed=1096.672s phase=eval event=interaction_progress trial=37 partition=3 processed=3000 total=5000 metric=ranking
[pipeline-trace] wall=02:05:17 elapsed=1096.822s phase=eval event=interaction_progress trial=37 partition=3 processed=3100 total=5000 metric=ranking
[pipeline-trace] wall=02:05:17 elapsed=1094.508s phase=eval event=interaction_progress trial=39 partition=3 processed=600 total=5000 metric=ranking
[pipeline-trace] wall=02:05:17 elapsed=1096.975s phase=eval event=interaction_progress trial=37 partition=3 processed=3200 total=5000 metric=ranking
[pipeline-trace] wall=02:05:17 elapsed=1094.657s phase=eval event=interaction_progress trial=39 partition=3 processed=700 total=5000 metric=ranking
[pipeline-trace] wall=02:05:18 elapsed=1094.805s phase=eval event=interaction_progress trial=39 partition=3 processed=800 total=5000 metric=ranking
[pipeline-trace] wall=02:05:18 elapsed=1097.126s phase=eval event=interaction_progress trial=37 partition=3 processed=3300 total=5000 metric=ranking
[pipeline-trace] wall=02:05:18 elapsed=1094.955s phase=eval event=interaction_progress trial=39 partition=3 processed=900 total=5000 metric=ranking
[pipeline-trace] wall=02:05:18 elapsed=1097.278s phase=eval event=interaction_progress trial=37 partition=3 processed=3400 total=5000 metric=ranking
[pipeline-trace] wall=02:05:18 elapsed=1095.103s phase=eval event=interaction_progress trial=39 partition=3 processed=1000 total=5000 metric=ranking
[pipeline-trace] wall=02:05:18 elapsed=1097.430s phase=eval event=interaction_progress trial=37 partition=3 processed=3500 total=5000 metric=ranking
[pipeline-trace] wall=02:05:18 elapsed=1095.250s phase=eval event=interaction_progress trial=39 partition=3 processed=1100 total=5000 metric=ranking
[pipeline-trace] wall=02:05:18 elapsed=1097.581s phase=eval event=interaction_progress trial=37 partition=3 processed=3600 total=5000 metric=ranking
[pipeline-trace] wall=02:05:18 elapsed=1095.398s phase=eval event=interaction_progress trial=39 partition=3 processed=1200 total=5000 metric=ranking
[pipeline-trace] wall=02:05:18 elapsed=1097.731s phase=eval event=interaction_progress trial=37 partition=3 processed=3700 total=5000 metric=ranking
[pipeline-trace] wall=02:05:18 elapsed=1095.547s phase=eval event=interaction_progress trial=39 partition=3 processed=1300 total=5000 metric=ranking
[pipeline-trace] wall=02:05:18 elapsed=1097.883s phase=eval event=interaction_progress trial=37 partition=3 processed=3800 total=5000 metric=ranking
[pipeline-trace] wall=02:05:18 elapsed=1095.694s phase=eval event=interaction_progress trial=39 partition=3 processed=1400 total=5000 metric=ranking
[pipeline-trace] wall=02:05:18 elapsed=1098.034s phase=eval event=interaction_progress trial=37 partition=3 processed=3900 total=5000 metric=ranking
[pipeline-trace] wall=02:05:19 elapsed=1095.842s phase=eval event=interaction_progress trial=39 partition=3 processed=1500 total=5000 metric=ranking
[pipeline-trace] wall=02:05:19 elapsed=1098.186s phase=eval event=interaction_progress trial=37 partition=3 processed=4000 total=5000 metric=ranking
[pipeline-trace] wall=02:05:19 elapsed=1095.989s phase=eval event=interaction_progress trial=39 partition=3 processed=1600 total=5000 metric=ranking
[pipeline-trace] wall=02:05:19 elapsed=1098.337s phase=eval event=interaction_progress trial=37 partition=3 processed=4100 total=5000 metric=ranking
[pipeline-trace] wall=02:05:19 elapsed=1096.137s phase=eval event=interaction_progress trial=39 partition=3 processed=1700 total=5000 metric=ranking
[pipeline-trace] wall=02:05:19 elapsed=1098.488s phase=eval event=interaction_progress trial=37 partition=3 processed=4200 total=5000 metric=ranking
[pipeline-trace] wall=02:05:19 elapsed=1096.285s phase=eval event=interaction_progress trial=39 partition=3 processed=1800 total=5000 metric=ranking
[pipeline-trace] wall=02:05:19 elapsed=1098.639s phase=eval event=interaction_progress trial=37 partition=3 processed=4300 total=5000 metric=ranking
[pipeline-trace] wall=02:05:19 elapsed=1096.432s phase=eval event=interaction_progress trial=39 partition=3 processed=1900 total=5000 metric=ranking
[pipeline-trace] wall=02:05:19 elapsed=1098.790s phase=eval event=interaction_progress trial=37 partition=3 processed=4400 total=5000 metric=ranking
[pipeline-trace] wall=02:05:19 elapsed=1096.584s phase=eval event=interaction_progress trial=39 partition=3 processed=2000 total=5000 metric=ranking
[pipeline-trace] wall=02:05:19 elapsed=1098.942s phase=eval event=interaction_progress trial=37 partition=3 processed=4500 total=5000 metric=ranking
[pipeline-trace] wall=02:05:19 elapsed=1096.732s phase=eval event=interaction_progress trial=39 partition=3 processed=2100 total=5000 metric=ranking
[pipeline-trace] wall=02:05:19 elapsed=1099.093s phase=eval event=interaction_progress trial=37 partition=3 processed=4600 total=5000 metric=ranking
[pipeline-trace] wall=02:05:20 elapsed=1096.879s phase=eval event=interaction_progress trial=39 partition=3 processed=2200 total=5000 metric=ranking
[pipeline-trace] wall=02:05:20 elapsed=1099.244s phase=eval event=interaction_progress trial=37 partition=3 processed=4700 total=5000 metric=ranking
[pipeline-trace] wall=02:05:20 elapsed=1097.027s phase=eval event=interaction_progress trial=39 partition=3 processed=2300 total=5000 metric=ranking
[pipeline-trace] wall=02:05:20 elapsed=1099.396s phase=eval event=interaction_progress trial=37 partition=3 processed=4800 total=5000 metric=ranking
[pipeline-trace] wall=02:05:20 elapsed=1097.175s phase=eval event=interaction_progress trial=39 partition=3 processed=2400 total=5000 metric=ranking
[pipeline-trace] wall=02:05:20 elapsed=1099.546s phase=eval event=interaction_progress trial=37 partition=3 processed=4900 total=5000 metric=ranking
[pipeline-trace] wall=02:05:20 elapsed=1097.324s phase=eval event=interaction_progress trial=39 partition=3 processed=2500 total=5000 metric=ranking
[pipeline-trace] wall=02:05:20 elapsed=1099.698s phase=eval event=interaction_progress trial=37 partition=3 processed=5000 total=5000 metric=ranking
[pipeline-trace] wall=02:05:20 elapsed=1099.700s phase=eval event=partition_complete trial=37 partition=3 elapsed_sec=7.570 hits=3151 total=5000
[pipeline-trace] wall=02:05:20 elapsed=1097.472s phase=eval event=interaction_progress trial=39 partition=3 processed=2600 total=5000 metric=ranking
[pipeline-trace] wall=02:05:20 elapsed=1097.623s phase=eval event=interaction_progress trial=39 partition=3 processed=2700 total=5000 metric=ranking
[pipeline-trace] wall=02:05:20 elapsed=1097.772s phase=eval event=interaction_progress trial=39 partition=3 processed=2800 total=5000 metric=ranking
[pipeline-trace] wall=02:05:21 elapsed=1097.922s phase=eval event=interaction_progress trial=39 partition=3 processed=2900 total=5000 metric=ranking
[pipeline-trace] wall=02:05:21 elapsed=1098.071s phase=eval event=interaction_progress trial=39 partition=3 processed=3000 total=5000 metric=ranking
[pipeline-trace] wall=02:05:21 elapsed=1098.221s phase=eval event=interaction_progress trial=39 partition=3 processed=3100 total=5000 metric=ranking
[pipeline-trace] wall=02:05:21 elapsed=1098.371s phase=eval event=interaction_progress trial=39 partition=3 processed=3200 total=5000 metric=ranking
[pipeline-trace] wall=02:05:21 elapsed=1098.491s phase=eval event=interaction_progress trial=39 partition=3 processed=3300 total=5000 metric=ranking
[pipeline-trace] wall=02:05:21 elapsed=1098.614s phase=eval event=interaction_progress trial=39 partition=3 processed=3400 total=5000 metric=ranking
[pipeline-trace] wall=02:05:21 elapsed=1098.734s phase=eval event=interaction_progress trial=39 partition=3 processed=3500 total=5000 metric=ranking
[pipeline-trace] wall=02:05:22 elapsed=1098.855s phase=eval event=interaction_progress trial=39 partition=3 processed=3600 total=5000 metric=ranking
[pipeline-trace] wall=02:05:22 elapsed=1098.978s phase=eval event=interaction_progress trial=39 partition=3 processed=3700 total=5000 metric=ranking
[pipeline-trace] wall=02:05:22 elapsed=1099.099s phase=eval event=interaction_progress trial=39 partition=3 processed=3800 total=5000 metric=ranking
[pipeline-trace] wall=02:05:22 elapsed=1099.220s phase=eval event=interaction_progress trial=39 partition=3 processed=3900 total=5000 metric=ranking
[pipeline-trace] wall=02:05:22 elapsed=1099.341s phase=eval event=interaction_progress trial=39 partition=3 processed=4000 total=5000 metric=ranking
[pipeline-trace] wall=02:05:22 elapsed=1099.461s phase=eval event=interaction_progress trial=39 partition=3 processed=4100 total=5000 metric=ranking
[pipeline-trace] wall=02:05:22 elapsed=1099.584s phase=eval event=interaction_progress trial=39 partition=3 processed=4200 total=5000 metric=ranking
[pipeline-trace] wall=02:05:22 elapsed=1099.704s phase=eval event=interaction_progress trial=39 partition=3 processed=4300 total=5000 metric=ranking
[pipeline-trace] wall=02:05:23 elapsed=1099.825s phase=eval event=interaction_progress trial=39 partition=3 processed=4400 total=5000 metric=ranking
[pipeline-trace] wall=02:05:23 elapsed=1099.946s phase=eval event=interaction_progress trial=39 partition=3 processed=4500 total=5000 metric=ranking
[pipeline-trace] wall=02:05:23 elapsed=1100.085s phase=eval event=interaction_progress trial=39 partition=3 processed=4600 total=5000 metric=ranking
[pipeline-trace] wall=02:05:23 elapsed=1100.215s phase=eval event=interaction_progress trial=39 partition=3 processed=4700 total=5000 metric=ranking
[pipeline-trace] wall=02:05:23 elapsed=1100.335s phase=eval event=interaction_progress trial=39 partition=3 processed=4800 total=5000 metric=ranking
[pipeline-trace] wall=02:05:23 elapsed=1100.454s phase=eval event=interaction_progress trial=39 partition=3 processed=4900 total=5000 metric=ranking
[pipeline-trace] wall=02:05:23 elapsed=1100.576s phase=eval event=interaction_progress trial=39 partition=3 processed=5000 total=5000 metric=ranking
[pipeline-trace] wall=02:05:23 elapsed=1100.577s phase=eval event=partition_complete trial=39 partition=3 elapsed_sec=6.980 hits=3810 total=5000
[pipeline-trace] wall=02:05:51 elapsed=1131.067s phase=eval event=batch_start trial=38 partitions=[3] synthetic=False
[pipeline-trace] wall=02:05:51 elapsed=1131.067s phase=eval event=partition_start trial=38 partition=3 interactions=5000
[pipeline-trace] wall=02:05:51 elapsed=1131.067s phase=eval event=interaction_progress trial=38 partition=3 processed=1 total=5000 metric=ranking
[pipeline-trace] wall=02:05:51 elapsed=1131.309s phase=eval event=interaction_progress trial=38 partition=3 processed=100 total=5000 metric=ranking
[pipeline-trace] wall=02:05:51 elapsed=1131.513s phase=eval event=interaction_progress trial=38 partition=3 processed=200 total=5000 metric=ranking
[pipeline-trace] wall=02:05:51 elapsed=1131.722s phase=eval event=interaction_progress trial=38 partition=3 processed=300 total=5000 metric=ranking
[pipeline-trace] wall=02:05:52 elapsed=1131.928s phase=eval event=interaction_progress trial=38 partition=3 processed=400 total=5000 metric=ranking
[pipeline-trace] wall=02:05:52 elapsed=1132.133s phase=eval event=interaction_progress trial=38 partition=3 processed=500 total=5000 metric=ranking
[pipeline-trace] wall=02:05:52 elapsed=1132.337s phase=eval event=interaction_progress trial=38 partition=3 processed=600 total=5000 metric=ranking
[pipeline-trace] wall=02:05:52 elapsed=1132.535s phase=eval event=interaction_progress trial=38 partition=3 processed=700 total=5000 metric=ranking
[pipeline-trace] wall=02:05:52 elapsed=1132.741s phase=eval event=interaction_progress trial=38 partition=3 processed=800 total=5000 metric=ranking
[pipeline-trace] wall=02:05:53 elapsed=1132.944s phase=eval event=interaction_progress trial=38 partition=3 processed=900 total=5000 metric=ranking
[pipeline-trace] wall=02:05:53 elapsed=1133.148s phase=eval event=interaction_progress trial=38 partition=3 processed=1000 total=5000 metric=ranking
[pipeline-trace] wall=02:05:53 elapsed=1133.351s phase=eval event=interaction_progress trial=38 partition=3 processed=1100 total=5000 metric=ranking
[pipeline-trace] wall=02:05:53 elapsed=1133.557s phase=eval event=interaction_progress trial=38 partition=3 processed=1200 total=5000 metric=ranking
[pipeline-trace] wall=02:05:53 elapsed=1133.763s phase=eval event=interaction_progress trial=38 partition=3 processed=1300 total=5000 metric=ranking
[pipeline-trace] wall=02:05:54 elapsed=1133.969s phase=eval event=interaction_progress trial=38 partition=3 processed=1400 total=5000 metric=ranking
[pipeline-trace] wall=02:05:54 elapsed=1134.174s phase=eval event=interaction_progress trial=38 partition=3 processed=1500 total=5000 metric=ranking
[pipeline-trace] wall=02:05:54 elapsed=1134.378s phase=eval event=interaction_progress trial=38 partition=3 processed=1600 total=5000 metric=ranking
[pipeline-trace] wall=02:05:54 elapsed=1134.586s phase=eval event=interaction_progress trial=38 partition=3 processed=1700 total=5000 metric=ranking
[pipeline-trace] wall=02:05:54 elapsed=1134.788s phase=eval event=interaction_progress trial=38 partition=3 processed=1800 total=5000 metric=ranking
[pipeline-trace] wall=02:05:55 elapsed=1134.993s phase=eval event=interaction_progress trial=38 partition=3 processed=1900 total=5000 metric=ranking
[pipeline-trace] wall=02:05:55 elapsed=1135.198s phase=eval event=interaction_progress trial=38 partition=3 processed=2000 total=5000 metric=ranking
[pipeline-trace] wall=02:05:55 elapsed=1135.401s phase=eval event=interaction_progress trial=38 partition=3 processed=2100 total=5000 metric=ranking
[pipeline-trace] wall=02:05:55 elapsed=1135.588s phase=eval event=interaction_progress trial=38 partition=3 processed=2200 total=5000 metric=ranking
[pipeline-trace] wall=02:05:55 elapsed=1135.725s phase=eval event=interaction_progress trial=38 partition=3 processed=2300 total=5000 metric=ranking
[pipeline-trace] wall=02:05:56 elapsed=1135.859s phase=eval event=interaction_progress trial=38 partition=3 processed=2400 total=5000 metric=ranking
[pipeline-trace] wall=02:05:56 elapsed=1135.994s phase=eval event=interaction_progress trial=38 partition=3 processed=2500 total=5000 metric=ranking
[pipeline-trace] wall=02:05:56 elapsed=1136.130s phase=eval event=interaction_progress trial=38 partition=3 processed=2600 total=5000 metric=ranking
[pipeline-trace] wall=02:05:56 elapsed=1136.264s phase=eval event=interaction_progress trial=38 partition=3 processed=2700 total=5000 metric=ranking
[pipeline-trace] wall=02:05:56 elapsed=1136.398s phase=eval event=interaction_progress trial=38 partition=3 processed=2800 total=5000 metric=ranking
[pipeline-trace] wall=02:05:56 elapsed=1136.532s phase=eval event=interaction_progress trial=38 partition=3 processed=2900 total=5000 metric=ranking
[pipeline-trace] wall=02:05:56 elapsed=1136.668s phase=eval event=interaction_progress trial=38 partition=3 processed=3000 total=5000 metric=ranking
[pipeline-trace] wall=02:05:57 elapsed=1136.802s phase=eval event=interaction_progress trial=38 partition=3 processed=3100 total=5000 metric=ranking
[pipeline-trace] wall=02:05:57 elapsed=1136.936s phase=eval event=interaction_progress trial=38 partition=3 processed=3200 total=5000 metric=ranking
[pipeline-trace] wall=02:05:57 elapsed=1137.071s phase=eval event=interaction_progress trial=38 partition=3 processed=3300 total=5000 metric=ranking
[pipeline-trace] wall=02:05:57 elapsed=1137.205s phase=eval event=interaction_progress trial=38 partition=3 processed=3400 total=5000 metric=ranking
[pipeline-trace] wall=02:05:57 elapsed=1137.340s phase=eval event=interaction_progress trial=38 partition=3 processed=3500 total=5000 metric=ranking
[pipeline-trace] wall=02:05:57 elapsed=1137.474s phase=eval event=interaction_progress trial=38 partition=3 processed=3600 total=5000 metric=ranking
[pipeline-trace] wall=02:05:57 elapsed=1137.613s phase=eval event=interaction_progress trial=38 partition=3 processed=3700 total=5000 metric=ranking
[pipeline-trace] wall=02:05:57 elapsed=1137.747s phase=eval event=interaction_progress trial=38 partition=3 processed=3800 total=5000 metric=ranking
[pipeline-trace] wall=02:05:58 elapsed=1137.881s phase=eval event=interaction_progress trial=38 partition=3 processed=3900 total=5000 metric=ranking
[pipeline-trace] wall=02:05:58 elapsed=1138.017s phase=eval event=interaction_progress trial=38 partition=3 processed=4000 total=5000 metric=ranking
[pipeline-trace] wall=02:05:58 elapsed=1138.152s phase=eval event=interaction_progress trial=38 partition=3 processed=4100 total=5000 metric=ranking
[pipeline-trace] wall=02:05:58 elapsed=1138.287s phase=eval event=interaction_progress trial=38 partition=3 processed=4200 total=5000 metric=ranking
[pipeline-trace] wall=02:05:58 elapsed=1138.422s phase=eval event=interaction_progress trial=38 partition=3 processed=4300 total=5000 metric=ranking
[pipeline-trace] wall=02:05:58 elapsed=1138.560s phase=eval event=interaction_progress trial=38 partition=3 processed=4400 total=5000 metric=ranking
[pipeline-trace] wall=02:05:58 elapsed=1138.693s phase=eval event=interaction_progress trial=38 partition=3 processed=4500 total=5000 metric=ranking
[pipeline-trace] wall=02:05:59 elapsed=1138.830s phase=eval event=interaction_progress trial=38 partition=3 processed=4600 total=5000 metric=ranking
[pipeline-trace] wall=02:05:59 elapsed=1138.966s phase=eval event=interaction_progress trial=38 partition=3 processed=4700 total=5000 metric=ranking
[pipeline-trace] wall=02:05:59 elapsed=1139.100s phase=eval event=interaction_progress trial=38 partition=3 processed=4800 total=5000 metric=ranking
[pipeline-trace] wall=02:05:59 elapsed=1139.236s phase=eval event=interaction_progress trial=38 partition=3 processed=4900 total=5000 metric=ranking
[pipeline-trace] wall=02:05:59 elapsed=1139.371s phase=eval event=interaction_progress trial=38 partition=3 processed=5000 total=5000 metric=ranking
[pipeline-trace] wall=02:05:59 elapsed=1139.373s phase=eval event=partition_complete trial=38 partition=3 elapsed_sec=8.306 hits=3978 total=5000
[pipeline-trace] wall=02:06:07 elapsed=1146.596s phase=eval event=batch_start trial=42 partitions=[3] synthetic=False
[pipeline-trace] wall=02:06:07 elapsed=1146.596s phase=eval event=partition_start trial=42 partition=3 interactions=5000
[pipeline-trace] wall=02:06:07 elapsed=1146.597s phase=eval event=interaction_progress trial=42 partition=3 processed=1 total=5000 metric=ranking
[pipeline-trace] wall=02:06:07 elapsed=1146.719s phase=eval event=interaction_progress trial=42 partition=3 processed=100 total=5000 metric=ranking
[pipeline-trace] wall=02:06:07 elapsed=1146.836s phase=eval event=interaction_progress trial=42 partition=3 processed=200 total=5000 metric=ranking
[pipeline-trace] wall=02:06:07 elapsed=1146.954s phase=eval event=interaction_progress trial=42 partition=3 processed=300 total=5000 metric=ranking
[pipeline-trace] wall=02:06:07 elapsed=1147.070s phase=eval event=interaction_progress trial=42 partition=3 processed=400 total=5000 metric=ranking
[pipeline-trace] wall=02:06:08 elapsed=1147.186s phase=eval event=interaction_progress trial=42 partition=3 processed=500 total=5000 metric=ranking
[pipeline-trace] wall=02:06:08 elapsed=1147.302s phase=eval event=interaction_progress trial=42 partition=3 processed=600 total=5000 metric=ranking
[pipeline-trace] wall=02:06:08 elapsed=1147.419s phase=eval event=interaction_progress trial=42 partition=3 processed=700 total=5000 metric=ranking
[pipeline-trace] wall=02:06:08 elapsed=1147.535s phase=eval event=interaction_progress trial=42 partition=3 processed=800 total=5000 metric=ranking
[pipeline-trace] wall=02:06:08 elapsed=1147.651s phase=eval event=interaction_progress trial=42 partition=3 processed=900 total=5000 metric=ranking
[pipeline-trace] wall=02:06:08 elapsed=1147.767s phase=eval event=interaction_progress trial=42 partition=3 processed=1000 total=5000 metric=ranking
[pipeline-trace] wall=02:06:08 elapsed=1147.885s phase=eval event=interaction_progress trial=42 partition=3 processed=1100 total=5000 metric=ranking
[pipeline-trace] wall=02:06:08 elapsed=1148.001s phase=eval event=interaction_progress trial=42 partition=3 processed=1200 total=5000 metric=ranking
[pipeline-trace] wall=02:06:09 elapsed=1148.118s phase=eval event=interaction_progress trial=42 partition=3 processed=1300 total=5000 metric=ranking
[pipeline-trace] wall=02:06:09 elapsed=1148.233s phase=eval event=interaction_progress trial=42 partition=3 processed=1400 total=5000 metric=ranking
[pipeline-trace] wall=02:06:09 elapsed=1148.349s phase=eval event=interaction_progress trial=42 partition=3 processed=1500 total=5000 metric=ranking
[pipeline-trace] wall=02:06:09 elapsed=1148.467s phase=eval event=interaction_progress trial=42 partition=3 processed=1600 total=5000 metric=ranking
[pipeline-trace] wall=02:06:09 elapsed=1148.584s phase=eval event=interaction_progress trial=42 partition=3 processed=1700 total=5000 metric=ranking
[pipeline-trace] wall=02:06:09 elapsed=1148.700s phase=eval event=interaction_progress trial=42 partition=3 processed=1800 total=5000 metric=ranking
[pipeline-trace] wall=02:06:09 elapsed=1148.816s phase=eval event=interaction_progress trial=42 partition=3 processed=1900 total=5000 metric=ranking
[pipeline-trace] wall=02:06:09 elapsed=1148.934s phase=eval event=interaction_progress trial=42 partition=3 processed=2000 total=5000 metric=ranking
[pipeline-trace] wall=02:06:09 elapsed=1149.051s phase=eval event=interaction_progress trial=42 partition=3 processed=2100 total=5000 metric=ranking
[pipeline-trace] wall=02:06:10 elapsed=1149.168s phase=eval event=interaction_progress trial=42 partition=3 processed=2200 total=5000 metric=ranking
[pipeline-trace] wall=02:06:10 elapsed=1149.285s phase=eval event=interaction_progress trial=42 partition=3 processed=2300 total=5000 metric=ranking
[pipeline-trace] wall=02:06:10 elapsed=1149.402s phase=eval event=interaction_progress trial=42 partition=3 processed=2400 total=5000 metric=ranking
[pipeline-trace] wall=02:06:10 elapsed=1149.519s phase=eval event=interaction_progress trial=42 partition=3 processed=2500 total=5000 metric=ranking
[pipeline-trace] wall=02:06:10 elapsed=1149.637s phase=eval event=interaction_progress trial=42 partition=3 processed=2600 total=5000 metric=ranking
[pipeline-trace] wall=02:06:10 elapsed=1149.754s phase=eval event=interaction_progress trial=42 partition=3 processed=2700 total=5000 metric=ranking
[pipeline-trace] wall=02:06:10 elapsed=1149.872s phase=eval event=interaction_progress trial=42 partition=3 processed=2800 total=5000 metric=ranking
[pipeline-trace] wall=02:06:10 elapsed=1149.990s phase=eval event=interaction_progress trial=42 partition=3 processed=2900 total=5000 metric=ranking
[pipeline-trace] wall=02:06:11 elapsed=1150.107s phase=eval event=interaction_progress trial=42 partition=3 processed=3000 total=5000 metric=ranking
[pipeline-trace] wall=02:06:11 elapsed=1150.224s phase=eval event=interaction_progress trial=42 partition=3 processed=3100 total=5000 metric=ranking
[pipeline-trace] wall=02:06:11 elapsed=1150.341s phase=eval event=interaction_progress trial=42 partition=3 processed=3200 total=5000 metric=ranking
[pipeline-trace] wall=02:06:11 elapsed=1150.459s phase=eval event=interaction_progress trial=42 partition=3 processed=3300 total=5000 metric=ranking
[pipeline-trace] wall=02:06:11 elapsed=1150.577s phase=eval event=interaction_progress trial=42 partition=3 processed=3400 total=5000 metric=ranking
[pipeline-trace] wall=02:06:11 elapsed=1150.682s phase=eval event=interaction_progress trial=42 partition=3 processed=3500 total=5000 metric=ranking
[pipeline-trace] wall=02:06:11 elapsed=1150.777s phase=eval event=interaction_progress trial=42 partition=3 processed=3600 total=5000 metric=ranking
[pipeline-trace] wall=02:06:11 elapsed=1150.873s phase=eval event=interaction_progress trial=42 partition=3 processed=3700 total=5000 metric=ranking
[pipeline-trace] wall=02:06:11 elapsed=1150.969s phase=eval event=interaction_progress trial=42 partition=3 processed=3800 total=5000 metric=ranking
[pipeline-trace] wall=02:06:11 elapsed=1151.063s phase=eval event=interaction_progress trial=42 partition=3 processed=3900 total=5000 metric=ranking
[pipeline-trace] wall=02:06:12 elapsed=1151.160s phase=eval event=interaction_progress trial=42 partition=3 processed=4000 total=5000 metric=ranking
[pipeline-trace] wall=02:06:12 elapsed=1151.256s phase=eval event=interaction_progress trial=42 partition=3 processed=4100 total=5000 metric=ranking
[pipeline-trace] wall=02:06:12 elapsed=1151.351s phase=eval event=interaction_progress trial=42 partition=3 processed=4200 total=5000 metric=ranking
[pipeline-trace] wall=02:06:12 elapsed=1151.447s phase=eval event=interaction_progress trial=42 partition=3 processed=4300 total=5000 metric=ranking
[pipeline-trace] wall=02:06:12 elapsed=1151.542s phase=eval event=interaction_progress trial=42 partition=3 processed=4400 total=5000 metric=ranking
[pipeline-trace] wall=02:06:12 elapsed=1151.638s phase=eval event=interaction_progress trial=42 partition=3 processed=4500 total=5000 metric=ranking
[pipeline-trace] wall=02:06:12 elapsed=1151.733s phase=eval event=interaction_progress trial=42 partition=3 processed=4600 total=5000 metric=ranking
[pipeline-trace] wall=02:06:12 elapsed=1151.827s phase=eval event=interaction_progress trial=42 partition=3 processed=4700 total=5000 metric=ranking
[pipeline-trace] wall=02:06:12 elapsed=1151.924s phase=eval event=interaction_progress trial=42 partition=3 processed=4800 total=5000 metric=ranking
[pipeline-trace] wall=02:06:12 elapsed=1152.019s phase=eval event=interaction_progress trial=42 partition=3 processed=4900 total=5000 metric=ranking
[pipeline-trace] wall=02:06:13 elapsed=1152.114s phase=eval event=interaction_progress trial=42 partition=3 processed=5000 total=5000 metric=ranking
[pipeline-trace] wall=02:06:13 elapsed=1152.115s phase=eval event=partition_complete trial=42 partition=3 elapsed_sec=5.519 hits=3675 total=5000
[pipeline-trace] wall=02:06:15 elapsed=1151.956s phase=eval event=batch_start trial=41 partitions=[3] synthetic=False
[pipeline-trace] wall=02:06:15 elapsed=1151.956s phase=eval event=partition_start trial=41 partition=3 interactions=5000
[pipeline-trace] wall=02:06:15 elapsed=1151.956s phase=eval event=interaction_progress trial=41 partition=3 processed=1 total=5000 metric=ranking
[pipeline-trace] wall=02:06:15 elapsed=1152.094s phase=eval event=interaction_progress trial=41 partition=3 processed=100 total=5000 metric=ranking
[pipeline-trace] wall=02:06:15 elapsed=1152.225s phase=eval event=interaction_progress trial=41 partition=3 processed=200 total=5000 metric=ranking
[pipeline-trace] wall=02:06:15 elapsed=1152.356s phase=eval event=interaction_progress trial=41 partition=3 processed=300 total=5000 metric=ranking
[pipeline-trace] wall=02:06:15 elapsed=1152.487s phase=eval event=interaction_progress trial=41 partition=3 processed=400 total=5000 metric=ranking
[pipeline-trace] wall=02:06:15 elapsed=1152.618s phase=eval event=interaction_progress trial=41 partition=3 processed=500 total=5000 metric=ranking
[pipeline-trace] wall=02:06:15 elapsed=1152.748s phase=eval event=interaction_progress trial=41 partition=3 processed=600 total=5000 metric=ranking
[pipeline-trace] wall=02:06:16 elapsed=1152.877s phase=eval event=interaction_progress trial=41 partition=3 processed=700 total=5000 metric=ranking
[pipeline-trace] wall=02:06:16 elapsed=1153.005s phase=eval event=interaction_progress trial=41 partition=3 processed=800 total=5000 metric=ranking
[pipeline-trace] wall=02:06:16 elapsed=1153.133s phase=eval event=interaction_progress trial=41 partition=3 processed=900 total=5000 metric=ranking
[pipeline-trace] wall=02:06:16 elapsed=1153.260s phase=eval event=interaction_progress trial=41 partition=3 processed=1000 total=5000 metric=ranking
[pipeline-trace] wall=02:06:16 elapsed=1153.436s phase=eval event=interaction_progress trial=41 partition=3 processed=1100 total=5000 metric=ranking
[pipeline-trace] wall=02:06:16 elapsed=1153.589s phase=eval event=interaction_progress trial=41 partition=3 processed=1200 total=5000 metric=ranking
[pipeline-trace] wall=02:06:16 elapsed=1153.722s phase=eval event=interaction_progress trial=41 partition=3 processed=1300 total=5000 metric=ranking
[pipeline-trace] wall=02:06:17 elapsed=1153.861s phase=eval event=interaction_progress trial=41 partition=3 processed=1400 total=5000 metric=ranking
[pipeline-trace] wall=02:06:17 elapsed=1154.018s phase=eval event=interaction_progress trial=41 partition=3 processed=1500 total=5000 metric=ranking
[pipeline-trace] wall=02:06:17 elapsed=1154.182s phase=eval event=interaction_progress trial=41 partition=3 processed=1600 total=5000 metric=ranking
[pipeline-trace] wall=02:06:17 elapsed=1154.349s phase=eval event=interaction_progress trial=41 partition=3 processed=1700 total=5000 metric=ranking
[pipeline-trace] wall=02:06:17 elapsed=1154.513s phase=eval event=interaction_progress trial=41 partition=3 processed=1800 total=5000 metric=ranking
[pipeline-trace] wall=02:06:17 elapsed=1154.677s phase=eval event=interaction_progress trial=41 partition=3 processed=1900 total=5000 metric=ranking
[pipeline-trace] wall=02:06:18 elapsed=1154.838s phase=eval event=interaction_progress trial=41 partition=3 processed=2000 total=5000 metric=ranking
[pipeline-trace] wall=02:06:18 elapsed=1155.000s phase=eval event=interaction_progress trial=41 partition=3 processed=2100 total=5000 metric=ranking
[pipeline-trace] wall=02:06:18 elapsed=1155.164s phase=eval event=interaction_progress trial=41 partition=3 processed=2200 total=5000 metric=ranking
[pipeline-trace] wall=02:06:18 elapsed=1155.326s phase=eval event=interaction_progress trial=41 partition=3 processed=2300 total=5000 metric=ranking
[pipeline-trace] wall=02:06:18 elapsed=1155.483s phase=eval event=interaction_progress trial=41 partition=3 processed=2400 total=5000 metric=ranking
[pipeline-trace] wall=02:06:18 elapsed=1155.643s phase=eval event=interaction_progress trial=41 partition=3 processed=2500 total=5000 metric=ranking
[pipeline-trace] wall=02:06:19 elapsed=1155.800s phase=eval event=interaction_progress trial=41 partition=3 processed=2600 total=5000 metric=ranking
[pipeline-trace] wall=02:06:19 elapsed=1155.959s phase=eval event=interaction_progress trial=41 partition=3 processed=2700 total=5000 metric=ranking
[pipeline-trace] wall=02:06:19 elapsed=1156.116s phase=eval event=interaction_progress trial=41 partition=3 processed=2800 total=5000 metric=ranking
[pipeline-trace] wall=02:06:19 elapsed=1156.275s phase=eval event=interaction_progress trial=41 partition=3 processed=2900 total=5000 metric=ranking
[pipeline-trace] wall=02:06:19 elapsed=1156.436s phase=eval event=interaction_progress trial=41 partition=3 processed=3000 total=5000 metric=ranking
[pipeline-trace] wall=02:06:19 elapsed=1156.602s phase=eval event=interaction_progress trial=41 partition=3 processed=3100 total=5000 metric=ranking
[pipeline-trace] wall=02:06:19 elapsed=1156.764s phase=eval event=interaction_progress trial=41 partition=3 processed=3200 total=5000 metric=ranking
[pipeline-trace] wall=02:06:20 elapsed=1156.927s phase=eval event=interaction_progress trial=41 partition=3 processed=3300 total=5000 metric=ranking
[pipeline-trace] wall=02:06:20 elapsed=1157.090s phase=eval event=interaction_progress trial=41 partition=3 processed=3400 total=5000 metric=ranking
[pipeline-trace] wall=02:06:20 elapsed=1157.252s phase=eval event=interaction_progress trial=41 partition=3 processed=3500 total=5000 metric=ranking
[pipeline-trace] wall=02:06:20 elapsed=1157.412s phase=eval event=interaction_progress trial=41 partition=3 processed=3600 total=5000 metric=ranking
[pipeline-trace] wall=02:06:20 elapsed=1157.575s phase=eval event=interaction_progress trial=41 partition=3 processed=3700 total=5000 metric=ranking
[pipeline-trace] wall=02:06:20 elapsed=1157.738s phase=eval event=interaction_progress trial=41 partition=3 processed=3800 total=5000 metric=ranking
[pipeline-trace] wall=02:06:21 elapsed=1157.876s phase=eval event=interaction_progress trial=41 partition=3 processed=3900 total=5000 metric=ranking
[pipeline-trace] wall=02:06:21 elapsed=1158.008s phase=eval event=interaction_progress trial=41 partition=3 processed=4000 total=5000 metric=ranking
[pipeline-trace] wall=02:06:21 elapsed=1158.140s phase=eval event=interaction_progress trial=41 partition=3 processed=4100 total=5000 metric=ranking
[pipeline-trace] wall=02:06:21 elapsed=1158.255s phase=eval event=interaction_progress trial=41 partition=3 processed=4200 total=5000 metric=ranking
[pipeline-trace] wall=02:06:21 elapsed=1158.360s phase=eval event=interaction_progress trial=41 partition=3 processed=4300 total=5000 metric=ranking
[pipeline-trace] wall=02:06:21 elapsed=1158.467s phase=eval event=interaction_progress trial=41 partition=3 processed=4400 total=5000 metric=ranking
[pipeline-trace] wall=02:06:21 elapsed=1158.576s phase=eval event=interaction_progress trial=41 partition=3 processed=4500 total=5000 metric=ranking
[pipeline-trace] wall=02:06:21 elapsed=1158.682s phase=eval event=interaction_progress trial=41 partition=3 processed=4600 total=5000 metric=ranking
[pipeline-trace] wall=02:06:22 elapsed=1158.787s phase=eval event=interaction_progress trial=41 partition=3 processed=4700 total=5000 metric=ranking
[pipeline-trace] wall=02:06:22 elapsed=1158.890s phase=eval event=interaction_progress trial=41 partition=3 processed=4800 total=5000 metric=ranking
[pipeline-trace] wall=02:06:22 elapsed=1158.994s phase=eval event=interaction_progress trial=41 partition=3 processed=4900 total=5000 metric=ranking
[pipeline-trace] wall=02:06:22 elapsed=1159.097s phase=eval event=interaction_progress trial=41 partition=3 processed=5000 total=5000 metric=ranking
[pipeline-trace] wall=02:06:22 elapsed=1159.098s phase=eval event=partition_complete trial=41 partition=3 elapsed_sec=7.142 hits=3903 total=5000
[pipeline-trace] wall=02:06:57 elapsed=1197.024s phase=eval event=batch_start trial=43 partitions=[3] synthetic=False
[pipeline-trace] wall=02:06:57 elapsed=1197.024s phase=eval event=partition_start trial=43 partition=3 interactions=5000
[pipeline-trace] wall=02:06:57 elapsed=1197.024s phase=eval event=interaction_progress trial=43 partition=3 processed=1 total=5000 metric=ranking
[pipeline-trace] wall=02:06:57 elapsed=1197.152s phase=eval event=interaction_progress trial=43 partition=3 processed=100 total=5000 metric=ranking
[pipeline-trace] wall=02:06:57 elapsed=1197.268s phase=eval event=interaction_progress trial=43 partition=3 processed=200 total=5000 metric=ranking
[pipeline-trace] wall=02:06:57 elapsed=1197.384s phase=eval event=interaction_progress trial=43 partition=3 processed=300 total=5000 metric=ranking
[pipeline-trace] wall=02:06:57 elapsed=1197.500s phase=eval event=interaction_progress trial=43 partition=3 processed=400 total=5000 metric=ranking
[pipeline-trace] wall=02:06:57 elapsed=1197.618s phase=eval event=interaction_progress trial=43 partition=3 processed=500 total=5000 metric=ranking
[pipeline-trace] wall=02:06:57 elapsed=1197.734s phase=eval event=interaction_progress trial=43 partition=3 processed=600 total=5000 metric=ranking
[pipeline-trace] wall=02:06:58 elapsed=1197.851s phase=eval event=interaction_progress trial=43 partition=3 processed=700 total=5000 metric=ranking
[pipeline-trace] wall=02:06:58 elapsed=1197.968s phase=eval event=interaction_progress trial=43 partition=3 processed=800 total=5000 metric=ranking
[pipeline-trace] wall=02:06:58 elapsed=1198.085s phase=eval event=interaction_progress trial=43 partition=3 processed=900 total=5000 metric=ranking
[pipeline-trace] wall=02:06:58 elapsed=1198.201s phase=eval event=interaction_progress trial=43 partition=3 processed=1000 total=5000 metric=ranking
[pipeline-trace] wall=02:06:58 elapsed=1198.318s phase=eval event=interaction_progress trial=43 partition=3 processed=1100 total=5000 metric=ranking
[pipeline-trace] wall=02:06:58 elapsed=1198.436s phase=eval event=interaction_progress trial=43 partition=3 processed=1200 total=5000 metric=ranking
[pipeline-trace] wall=02:06:58 elapsed=1198.552s phase=eval event=interaction_progress trial=43 partition=3 processed=1300 total=5000 metric=ranking
[pipeline-trace] wall=02:06:58 elapsed=1198.671s phase=eval event=interaction_progress trial=43 partition=3 processed=1400 total=5000 metric=ranking
[pipeline-trace] wall=02:06:58 elapsed=1198.787s phase=eval event=interaction_progress trial=43 partition=3 processed=1500 total=5000 metric=ranking
[pipeline-trace] wall=02:06:59 elapsed=1198.904s phase=eval event=interaction_progress trial=43 partition=3 processed=1600 total=5000 metric=ranking
[pipeline-trace] wall=02:06:59 elapsed=1199.020s phase=eval event=interaction_progress trial=43 partition=3 processed=1700 total=5000 metric=ranking
[pipeline-trace] wall=02:06:59 elapsed=1199.136s phase=eval event=interaction_progress trial=43 partition=3 processed=1800 total=5000 metric=ranking
[pipeline-trace] wall=02:06:59 elapsed=1199.251s phase=eval event=interaction_progress trial=43 partition=3 processed=1900 total=5000 metric=ranking
[pipeline-trace] wall=02:06:59 elapsed=1199.370s phase=eval event=interaction_progress trial=43 partition=3 processed=2000 total=5000 metric=ranking
[pipeline-trace] wall=02:06:59 elapsed=1199.485s phase=eval event=interaction_progress trial=43 partition=3 processed=2100 total=5000 metric=ranking
[pipeline-trace] wall=02:06:59 elapsed=1199.603s phase=eval event=interaction_progress trial=43 partition=3 processed=2200 total=5000 metric=ranking
[pipeline-trace] wall=02:06:59 elapsed=1199.718s phase=eval event=interaction_progress trial=43 partition=3 processed=2300 total=5000 metric=ranking
[pipeline-trace] wall=02:07:00 elapsed=1199.834s phase=eval event=interaction_progress trial=43 partition=3 processed=2400 total=5000 metric=ranking
[pipeline-trace] wall=02:07:00 elapsed=1199.951s phase=eval event=interaction_progress trial=43 partition=3 processed=2500 total=5000 metric=ranking
[pipeline-trace] wall=02:07:00 elapsed=1200.068s phase=eval event=interaction_progress trial=43 partition=3 processed=2600 total=5000 metric=ranking
[pipeline-trace] wall=02:07:00 elapsed=1200.183s phase=eval event=interaction_progress trial=43 partition=3 processed=2700 total=5000 metric=ranking
[pipeline-trace] wall=02:07:00 elapsed=1200.298s phase=eval event=interaction_progress trial=43 partition=3 processed=2800 total=5000 metric=ranking
[pipeline-trace] wall=02:07:00 elapsed=1200.414s phase=eval event=interaction_progress trial=43 partition=3 processed=2900 total=5000 metric=ranking
[pipeline-trace] wall=02:07:00 elapsed=1200.530s phase=eval event=interaction_progress trial=43 partition=3 processed=3000 total=5000 metric=ranking
[pipeline-trace] wall=02:07:00 elapsed=1200.647s phase=eval event=interaction_progress trial=43 partition=3 processed=3100 total=5000 metric=ranking
[pipeline-trace] wall=02:07:00 elapsed=1200.762s phase=eval event=interaction_progress trial=43 partition=3 processed=3200 total=5000 metric=ranking
[pipeline-trace] wall=02:07:01 elapsed=1200.877s phase=eval event=interaction_progress trial=43 partition=3 processed=3300 total=5000 metric=ranking
[pipeline-trace] wall=02:07:01 elapsed=1200.994s phase=eval event=interaction_progress trial=43 partition=3 processed=3400 total=5000 metric=ranking
[pipeline-trace] wall=02:07:01 elapsed=1201.116s phase=eval event=interaction_progress trial=43 partition=3 processed=3500 total=5000 metric=ranking
[pipeline-trace] wall=02:07:01 elapsed=1201.230s phase=eval event=interaction_progress trial=43 partition=3 processed=3600 total=5000 metric=ranking
[pipeline-trace] wall=02:07:01 elapsed=1201.322s phase=eval event=interaction_progress trial=43 partition=3 processed=3700 total=5000 metric=ranking
[pipeline-trace] wall=02:07:01 elapsed=1201.414s phase=eval event=interaction_progress trial=43 partition=3 processed=3800 total=5000 metric=ranking
[pipeline-trace] wall=02:07:01 elapsed=1201.507s phase=eval event=interaction_progress trial=43 partition=3 processed=3900 total=5000 metric=ranking
[pipeline-trace] wall=02:07:01 elapsed=1201.601s phase=eval event=interaction_progress trial=43 partition=3 processed=4000 total=5000 metric=ranking
[pipeline-trace] wall=02:07:01 elapsed=1201.695s phase=eval event=interaction_progress trial=43 partition=3 processed=4100 total=5000 metric=ranking
[pipeline-trace] wall=02:07:01 elapsed=1201.787s phase=eval event=interaction_progress trial=43 partition=3 processed=4200 total=5000 metric=ranking
[pipeline-trace] wall=02:07:02 elapsed=1201.880s phase=eval event=interaction_progress trial=43 partition=3 processed=4300 total=5000 metric=ranking
[pipeline-trace] wall=02:07:02 elapsed=1201.975s phase=eval event=interaction_progress trial=43 partition=3 processed=4400 total=5000 metric=ranking
[pipeline-trace] wall=02:07:02 elapsed=1202.068s phase=eval event=interaction_progress trial=43 partition=3 processed=4500 total=5000 metric=ranking
[pipeline-trace] wall=02:07:02 elapsed=1202.162s phase=eval event=interaction_progress trial=43 partition=3 processed=4600 total=5000 metric=ranking
[pipeline-trace] wall=02:07:02 elapsed=1202.255s phase=eval event=interaction_progress trial=43 partition=3 processed=4700 total=5000 metric=ranking
[pipeline-trace] wall=02:07:02 elapsed=1202.349s phase=eval event=interaction_progress trial=43 partition=3 processed=4800 total=5000 metric=ranking
[pipeline-trace] wall=02:07:02 elapsed=1202.442s phase=eval event=interaction_progress trial=43 partition=3 processed=4900 total=5000 metric=ranking
[pipeline-trace] wall=02:07:02 elapsed=1202.534s phase=eval event=interaction_progress trial=43 partition=3 processed=5000 total=5000 metric=ranking
[pipeline-trace] wall=02:07:02 elapsed=1202.536s phase=eval event=partition_complete trial=43 partition=3 elapsed_sec=5.512 hits=3753 total=5000
[pipeline-trace] wall=02:07:26 elapsed=1225.419s phase=eval event=batch_start trial=40 partitions=[3] synthetic=False
[pipeline-trace] wall=02:07:26 elapsed=1225.420s phase=eval event=partition_start trial=40 partition=3 interactions=5000
[pipeline-trace] wall=02:07:26 elapsed=1225.420s phase=eval event=interaction_progress trial=40 partition=3 processed=1 total=5000 metric=ranking
[pipeline-trace] wall=02:07:26 elapsed=1225.627s phase=eval event=interaction_progress trial=40 partition=3 processed=100 total=5000 metric=ranking
[pipeline-trace] wall=02:07:26 elapsed=1225.831s phase=eval event=interaction_progress trial=40 partition=3 processed=200 total=5000 metric=ranking
[pipeline-trace] wall=02:07:26 elapsed=1226.041s phase=eval event=interaction_progress trial=40 partition=3 processed=300 total=5000 metric=ranking
[pipeline-trace] wall=02:07:27 elapsed=1226.246s phase=eval event=interaction_progress trial=40 partition=3 processed=400 total=5000 metric=ranking
[pipeline-trace] wall=02:07:27 elapsed=1226.452s phase=eval event=interaction_progress trial=40 partition=3 processed=500 total=5000 metric=ranking
[pipeline-trace] wall=02:07:27 elapsed=1226.659s phase=eval event=interaction_progress trial=40 partition=3 processed=600 total=5000 metric=ranking
[pipeline-trace] wall=02:07:27 elapsed=1226.864s phase=eval event=interaction_progress trial=40 partition=3 processed=700 total=5000 metric=ranking
[pipeline-trace] wall=02:07:27 elapsed=1227.071s phase=eval event=interaction_progress trial=40 partition=3 processed=800 total=5000 metric=ranking
[pipeline-trace] wall=02:07:28 elapsed=1227.278s phase=eval event=interaction_progress trial=40 partition=3 processed=900 total=5000 metric=ranking
[pipeline-trace] wall=02:07:28 elapsed=1227.484s phase=eval event=interaction_progress trial=40 partition=3 processed=1000 total=5000 metric=ranking
[pipeline-trace] wall=02:07:28 elapsed=1227.692s phase=eval event=interaction_progress trial=40 partition=3 processed=1100 total=5000 metric=ranking
[pipeline-trace] wall=02:07:28 elapsed=1227.903s phase=eval event=interaction_progress trial=40 partition=3 processed=1200 total=5000 metric=ranking
[pipeline-trace] wall=02:07:29 elapsed=1228.109s phase=eval event=interaction_progress trial=40 partition=3 processed=1300 total=5000 metric=ranking
[pipeline-trace] wall=02:07:29 elapsed=1228.314s phase=eval event=interaction_progress trial=40 partition=3 processed=1400 total=5000 metric=ranking
[pipeline-trace] wall=02:07:29 elapsed=1228.518s phase=eval event=interaction_progress trial=40 partition=3 processed=1500 total=5000 metric=ranking
[pipeline-trace] wall=02:07:29 elapsed=1228.722s phase=eval event=interaction_progress trial=40 partition=3 processed=1600 total=5000 metric=ranking
[pipeline-trace] wall=02:07:29 elapsed=1228.932s phase=eval event=interaction_progress trial=40 partition=3 processed=1700 total=5000 metric=ranking
[pipeline-trace] wall=02:07:30 elapsed=1229.138s phase=eval event=interaction_progress trial=40 partition=3 processed=1800 total=5000 metric=ranking
[pipeline-trace] wall=02:07:30 elapsed=1229.344s phase=eval event=interaction_progress trial=40 partition=3 processed=1900 total=5000 metric=ranking
[pipeline-trace] wall=02:07:30 elapsed=1229.551s phase=eval event=interaction_progress trial=40 partition=3 processed=2000 total=5000 metric=ranking
[pipeline-trace] wall=02:07:30 elapsed=1229.757s phase=eval event=interaction_progress trial=40 partition=3 processed=2100 total=5000 metric=ranking
[pipeline-trace] wall=02:07:30 elapsed=1229.941s phase=eval event=interaction_progress trial=40 partition=3 processed=2200 total=5000 metric=ranking
[pipeline-trace] wall=02:07:30 elapsed=1230.078s phase=eval event=interaction_progress trial=40 partition=3 processed=2300 total=5000 metric=ranking
[pipeline-trace] wall=02:07:31 elapsed=1230.211s phase=eval event=interaction_progress trial=40 partition=3 processed=2400 total=5000 metric=ranking
[pipeline-trace] wall=02:07:31 elapsed=1230.346s phase=eval event=interaction_progress trial=40 partition=3 processed=2500 total=5000 metric=ranking
[pipeline-trace] wall=02:07:31 elapsed=1230.481s phase=eval event=interaction_progress trial=40 partition=3 processed=2600 total=5000 metric=ranking
[pipeline-trace] wall=02:07:31 elapsed=1230.615s phase=eval event=interaction_progress trial=40 partition=3 processed=2700 total=5000 metric=ranking
[pipeline-trace] wall=02:07:31 elapsed=1230.745s phase=eval event=interaction_progress trial=40 partition=3 processed=2800 total=5000 metric=ranking
[pipeline-trace] wall=02:07:31 elapsed=1230.878s phase=eval event=interaction_progress trial=40 partition=3 processed=2900 total=5000 metric=ranking
[pipeline-trace] wall=02:07:31 elapsed=1231.055s phase=eval event=interaction_progress trial=40 partition=3 processed=3000 total=5000 metric=ranking
[pipeline-trace] wall=02:07:32 elapsed=1231.224s phase=eval event=interaction_progress trial=40 partition=3 processed=3100 total=5000 metric=ranking
[pipeline-trace] wall=02:07:32 elapsed=1231.395s phase=eval event=interaction_progress trial=40 partition=3 processed=3200 total=5000 metric=ranking
[pipeline-trace] wall=02:07:32 elapsed=1231.564s phase=eval event=interaction_progress trial=40 partition=3 processed=3300 total=5000 metric=ranking
[pipeline-trace] wall=02:07:32 elapsed=1231.732s phase=eval event=interaction_progress trial=40 partition=3 processed=3400 total=5000 metric=ranking
[pipeline-trace] wall=02:07:32 elapsed=1231.906s phase=eval event=interaction_progress trial=40 partition=3 processed=3500 total=5000 metric=ranking
[pipeline-trace] wall=02:07:32 elapsed=1232.102s phase=eval event=interaction_progress trial=40 partition=3 processed=3600 total=5000 metric=ranking
[pipeline-trace] wall=02:07:33 elapsed=1232.273s phase=eval event=interaction_progress trial=40 partition=3 processed=3700 total=5000 metric=ranking
[pipeline-trace] wall=02:07:33 elapsed=1232.444s phase=eval event=interaction_progress trial=40 partition=3 processed=3800 total=5000 metric=ranking
[pipeline-trace] wall=02:07:33 elapsed=1232.614s phase=eval event=interaction_progress trial=40 partition=3 processed=3900 total=5000 metric=ranking
[pipeline-trace] wall=02:07:33 elapsed=1232.784s phase=eval event=interaction_progress trial=40 partition=3 processed=4000 total=5000 metric=ranking
[pipeline-trace] wall=02:07:33 elapsed=1232.978s phase=eval event=interaction_progress trial=40 partition=3 processed=4100 total=5000 metric=ranking
[pipeline-trace] wall=02:07:34 elapsed=1233.143s phase=eval event=interaction_progress trial=40 partition=3 processed=4200 total=5000 metric=ranking
[pipeline-trace] wall=02:07:34 elapsed=1233.308s phase=eval event=interaction_progress trial=40 partition=3 processed=4300 total=5000 metric=ranking
[pipeline-trace] wall=02:07:34 elapsed=1233.474s phase=eval event=interaction_progress trial=40 partition=3 processed=4400 total=5000 metric=ranking
[pipeline-trace] wall=02:07:34 elapsed=1233.638s phase=eval event=interaction_progress trial=40 partition=3 processed=4500 total=5000 metric=ranking
[pipeline-trace] wall=02:07:34 elapsed=1233.802s phase=eval event=interaction_progress trial=40 partition=3 processed=4600 total=5000 metric=ranking
[pipeline-trace] wall=02:07:34 elapsed=1233.972s phase=eval event=interaction_progress trial=40 partition=3 processed=4700 total=5000 metric=ranking
[pipeline-trace] wall=02:07:35 elapsed=1234.167s phase=eval event=interaction_progress trial=40 partition=3 processed=4800 total=5000 metric=ranking
[pipeline-trace] wall=02:07:35 elapsed=1234.332s phase=eval event=interaction_progress trial=40 partition=3 processed=4900 total=5000 metric=ranking
[pipeline-trace] wall=02:07:35 elapsed=1234.498s phase=eval event=interaction_progress trial=40 partition=3 processed=5000 total=5000 metric=ranking
[pipeline-trace] wall=02:07:35 elapsed=1234.500s phase=eval event=partition_complete trial=40 partition=3 elapsed_sec=9.080 hits=2783 total=5000
[pipeline-trace] wall=02:07:57 elapsed=1254.098s phase=eval event=batch_start trial=44 partitions=[3] synthetic=False
[pipeline-trace] wall=02:07:57 elapsed=1254.098s phase=eval event=partition_start trial=44 partition=3 interactions=5000
[pipeline-trace] wall=02:07:57 elapsed=1254.098s phase=eval event=interaction_progress trial=44 partition=3 processed=1 total=5000 metric=ranking
[pipeline-trace] wall=02:07:57 elapsed=1254.290s phase=eval event=interaction_progress trial=44 partition=3 processed=100 total=5000 metric=ranking
[pipeline-trace] wall=02:07:57 elapsed=1254.479s phase=eval event=interaction_progress trial=44 partition=3 processed=200 total=5000 metric=ranking
[pipeline-trace] wall=02:07:57 elapsed=1254.673s phase=eval event=interaction_progress trial=44 partition=3 processed=300 total=5000 metric=ranking
[pipeline-trace] wall=02:07:58 elapsed=1254.862s phase=eval event=interaction_progress trial=44 partition=3 processed=400 total=5000 metric=ranking
[pipeline-trace] wall=02:07:58 elapsed=1255.056s phase=eval event=interaction_progress trial=44 partition=3 processed=500 total=5000 metric=ranking
[pipeline-trace] wall=02:07:58 elapsed=1255.259s phase=eval event=interaction_progress trial=44 partition=3 processed=600 total=5000 metric=ranking
[pipeline-trace] wall=02:07:58 elapsed=1255.451s phase=eval event=interaction_progress trial=44 partition=3 processed=700 total=5000 metric=ranking
[pipeline-trace] wall=02:07:58 elapsed=1255.646s phase=eval event=interaction_progress trial=44 partition=3 processed=800 total=5000 metric=ranking
[pipeline-trace] wall=02:07:59 elapsed=1255.839s phase=eval event=interaction_progress trial=44 partition=3 processed=900 total=5000 metric=ranking
[pipeline-trace] wall=02:07:59 elapsed=1256.031s phase=eval event=interaction_progress trial=44 partition=3 processed=1000 total=5000 metric=ranking
[pipeline-trace] wall=02:07:59 elapsed=1256.224s phase=eval event=interaction_progress trial=44 partition=3 processed=1100 total=5000 metric=ranking
[pipeline-trace] wall=02:07:59 elapsed=1256.416s phase=eval event=interaction_progress trial=44 partition=3 processed=1200 total=5000 metric=ranking
[pipeline-trace] wall=02:07:59 elapsed=1256.609s phase=eval event=interaction_progress trial=44 partition=3 processed=1300 total=5000 metric=ranking
[pipeline-trace] wall=02:08:00 elapsed=1256.802s phase=eval event=interaction_progress trial=44 partition=3 processed=1400 total=5000 metric=ranking
[pipeline-trace] wall=02:08:00 elapsed=1256.992s phase=eval event=interaction_progress trial=44 partition=3 processed=1500 total=5000 metric=ranking
[pipeline-trace] wall=02:08:00 elapsed=1257.183s phase=eval event=interaction_progress trial=44 partition=3 processed=1600 total=5000 metric=ranking
[pipeline-trace] wall=02:08:00 elapsed=1257.377s phase=eval event=interaction_progress trial=44 partition=3 processed=1700 total=5000 metric=ranking
[pipeline-trace] wall=02:08:00 elapsed=1257.609s phase=eval event=interaction_progress trial=44 partition=3 processed=1800 total=5000 metric=ranking
[pipeline-trace] wall=02:08:01 elapsed=1257.843s phase=eval event=interaction_progress trial=44 partition=3 processed=1900 total=5000 metric=ranking
[pipeline-trace] wall=02:08:01 elapsed=1258.078s phase=eval event=interaction_progress trial=44 partition=3 processed=2000 total=5000 metric=ranking
[pipeline-trace] wall=02:08:01 elapsed=1258.247s phase=eval event=interaction_progress trial=44 partition=3 processed=2100 total=5000 metric=ranking
[pipeline-trace] wall=02:08:01 elapsed=1258.400s phase=eval event=interaction_progress trial=44 partition=3 processed=2200 total=5000 metric=ranking
[pipeline-trace] wall=02:08:01 elapsed=1258.552s phase=eval event=interaction_progress trial=44 partition=3 processed=2300 total=5000 metric=ranking
[pipeline-trace] wall=02:08:01 elapsed=1258.706s phase=eval event=interaction_progress trial=44 partition=3 processed=2400 total=5000 metric=ranking
[pipeline-trace] wall=02:08:02 elapsed=1258.859s phase=eval event=interaction_progress trial=44 partition=3 processed=2500 total=5000 metric=ranking
[pipeline-trace] wall=02:08:02 elapsed=1259.013s phase=eval event=interaction_progress trial=44 partition=3 processed=2600 total=5000 metric=ranking
[pipeline-trace] wall=02:08:02 elapsed=1259.166s phase=eval event=interaction_progress trial=44 partition=3 processed=2700 total=5000 metric=ranking
[pipeline-trace] wall=02:08:02 elapsed=1259.320s phase=eval event=interaction_progress trial=44 partition=3 processed=2800 total=5000 metric=ranking
[pipeline-trace] wall=02:08:02 elapsed=1259.475s phase=eval event=interaction_progress trial=44 partition=3 processed=2900 total=5000 metric=ranking
[pipeline-trace] wall=02:08:02 elapsed=1259.632s phase=eval event=interaction_progress trial=44 partition=3 processed=3000 total=5000 metric=ranking
[pipeline-trace] wall=02:08:03 elapsed=1259.787s phase=eval event=interaction_progress trial=44 partition=3 processed=3100 total=5000 metric=ranking
[pipeline-trace] wall=02:08:03 elapsed=1259.954s phase=eval event=interaction_progress trial=44 partition=3 processed=3200 total=5000 metric=ranking
[pipeline-trace] wall=02:08:03 elapsed=1260.194s phase=eval event=interaction_progress trial=44 partition=3 processed=3300 total=5000 metric=ranking
[pipeline-trace] wall=02:08:03 elapsed=1260.387s phase=eval event=interaction_progress trial=44 partition=3 processed=3400 total=5000 metric=ranking
[pipeline-trace] wall=02:08:03 elapsed=1260.565s phase=eval event=interaction_progress trial=44 partition=3 processed=3500 total=5000 metric=ranking
[pipeline-trace] wall=02:08:03 elapsed=1260.717s phase=eval event=interaction_progress trial=44 partition=3 processed=3600 total=5000 metric=ranking
[pipeline-trace] wall=02:08:04 elapsed=1260.868s phase=eval event=interaction_progress trial=44 partition=3 processed=3700 total=5000 metric=ranking
[pipeline-trace] wall=02:08:04 elapsed=1261.019s phase=eval event=interaction_progress trial=44 partition=3 processed=3800 total=5000 metric=ranking
[pipeline-trace] wall=02:08:04 elapsed=1261.170s phase=eval event=interaction_progress trial=44 partition=3 processed=3900 total=5000 metric=ranking
[pipeline-trace] wall=02:08:04 elapsed=1261.323s phase=eval event=interaction_progress trial=44 partition=3 processed=4000 total=5000 metric=ranking
[pipeline-trace] wall=02:08:04 elapsed=1261.474s phase=eval event=interaction_progress trial=44 partition=3 processed=4100 total=5000 metric=ranking
[pipeline-trace] wall=02:08:04 elapsed=1261.628s phase=eval event=interaction_progress trial=44 partition=3 processed=4200 total=5000 metric=ranking
[pipeline-trace] wall=02:08:04 elapsed=1261.780s phase=eval event=interaction_progress trial=44 partition=3 processed=4300 total=5000 metric=ranking
[pipeline-trace] wall=02:08:05 elapsed=1261.932s phase=eval event=interaction_progress trial=44 partition=3 processed=4400 total=5000 metric=ranking
[pipeline-trace] wall=02:08:05 elapsed=1262.085s phase=eval event=interaction_progress trial=44 partition=3 processed=4500 total=5000 metric=ranking
[pipeline-trace] wall=02:08:05 elapsed=1262.238s phase=eval event=interaction_progress trial=44 partition=3 processed=4600 total=5000 metric=ranking
[pipeline-trace] wall=02:08:05 elapsed=1262.389s phase=eval event=interaction_progress trial=44 partition=3 processed=4700 total=5000 metric=ranking
[pipeline-trace] wall=02:08:05 elapsed=1262.542s phase=eval event=interaction_progress trial=44 partition=3 processed=4800 total=5000 metric=ranking
[pipeline-trace] wall=02:08:05 elapsed=1262.696s phase=eval event=interaction_progress trial=44 partition=3 processed=4900 total=5000 metric=ranking
[pipeline-trace] wall=02:08:06 elapsed=1262.849s phase=eval event=interaction_progress trial=44 partition=3 processed=5000 total=5000 metric=ranking
[pipeline-trace] wall=02:08:06 elapsed=1262.850s phase=eval event=partition_complete trial=44 partition=3 elapsed_sec=8.753 hits=4064 total=5000
[pipeline-trace] wall=02:08:24 elapsed=1283.819s phase=eval event=batch_start trial=45 partitions=[3] synthetic=False
[pipeline-trace] wall=02:08:24 elapsed=1283.819s phase=eval event=partition_start trial=45 partition=3 interactions=5000
[pipeline-trace] wall=02:08:24 elapsed=1283.819s phase=eval event=interaction_progress trial=45 partition=3 processed=1 total=5000 metric=ranking
[pipeline-trace] wall=02:08:24 elapsed=1283.995s phase=eval event=interaction_progress trial=45 partition=3 processed=100 total=5000 metric=ranking
[pipeline-trace] wall=02:08:24 elapsed=1284.160s phase=eval event=interaction_progress trial=45 partition=3 processed=200 total=5000 metric=ranking
[pipeline-trace] wall=02:08:24 elapsed=1284.326s phase=eval event=interaction_progress trial=45 partition=3 processed=300 total=5000 metric=ranking
[pipeline-trace] wall=02:08:24 elapsed=1284.491s phase=eval event=interaction_progress trial=45 partition=3 processed=400 total=5000 metric=ranking
[pipeline-trace] wall=02:08:24 elapsed=1284.655s phase=eval event=interaction_progress trial=45 partition=3 processed=500 total=5000 metric=ranking
[pipeline-trace] wall=02:08:25 elapsed=1284.816s phase=eval event=interaction_progress trial=45 partition=3 processed=600 total=5000 metric=ranking
[pipeline-trace] wall=02:08:25 elapsed=1284.979s phase=eval event=interaction_progress trial=45 partition=3 processed=700 total=5000 metric=ranking
[pipeline-trace] wall=02:08:25 elapsed=1285.140s phase=eval event=interaction_progress trial=45 partition=3 processed=800 total=5000 metric=ranking
[pipeline-trace] wall=02:08:25 elapsed=1285.304s phase=eval event=interaction_progress trial=45 partition=3 processed=900 total=5000 metric=ranking
[pipeline-trace] wall=02:08:25 elapsed=1285.465s phase=eval event=interaction_progress trial=45 partition=3 processed=1000 total=5000 metric=ranking
[pipeline-trace] wall=02:08:25 elapsed=1285.629s phase=eval event=interaction_progress trial=45 partition=3 processed=1100 total=5000 metric=ranking
[pipeline-trace] wall=02:08:25 elapsed=1285.792s phase=eval event=interaction_progress trial=45 partition=3 processed=1200 total=5000 metric=ranking
[pipeline-trace] wall=02:08:26 elapsed=1286.010s phase=eval event=interaction_progress trial=45 partition=3 processed=1300 total=5000 metric=ranking
[pipeline-trace] wall=02:08:26 elapsed=1286.213s phase=eval event=interaction_progress trial=45 partition=3 processed=1400 total=5000 metric=ranking
[pipeline-trace] wall=02:08:26 elapsed=1286.415s phase=eval event=interaction_progress trial=45 partition=3 processed=1500 total=5000 metric=ranking
[pipeline-trace] wall=02:08:26 elapsed=1286.633s phase=eval event=interaction_progress trial=45 partition=3 processed=1600 total=5000 metric=ranking
[pipeline-trace] wall=02:08:27 elapsed=1286.839s phase=eval event=interaction_progress trial=45 partition=3 processed=1700 total=5000 metric=ranking
[pipeline-trace] wall=02:08:27 elapsed=1287.040s phase=eval event=interaction_progress trial=45 partition=3 processed=1800 total=5000 metric=ranking
[pipeline-trace] wall=02:08:27 elapsed=1287.243s phase=eval event=interaction_progress trial=45 partition=3 processed=1900 total=5000 metric=ranking
[pipeline-trace] wall=02:08:27 elapsed=1287.443s phase=eval event=interaction_progress trial=45 partition=3 processed=2000 total=5000 metric=ranking
[pipeline-trace] wall=02:08:27 elapsed=1287.643s phase=eval event=interaction_progress trial=45 partition=3 processed=2100 total=5000 metric=ranking
[pipeline-trace] wall=02:08:28 elapsed=1287.840s phase=eval event=interaction_progress trial=45 partition=3 processed=2200 total=5000 metric=ranking
[pipeline-trace] wall=02:08:28 elapsed=1288.036s phase=eval event=interaction_progress trial=45 partition=3 processed=2300 total=5000 metric=ranking
[pipeline-trace] wall=02:08:28 elapsed=1288.233s phase=eval event=interaction_progress trial=45 partition=3 processed=2400 total=5000 metric=ranking
[pipeline-trace] wall=02:08:28 elapsed=1288.454s phase=eval event=interaction_progress trial=45 partition=3 processed=2500 total=5000 metric=ranking
[pipeline-trace] wall=02:08:28 elapsed=1288.652s phase=eval event=interaction_progress trial=45 partition=3 processed=2600 total=5000 metric=ranking
[pipeline-trace] wall=02:08:29 elapsed=1288.849s phase=eval event=interaction_progress trial=45 partition=3 processed=2700 total=5000 metric=ranking
[pipeline-trace] wall=02:08:29 elapsed=1289.048s phase=eval event=interaction_progress trial=45 partition=3 processed=2800 total=5000 metric=ranking
[pipeline-trace] wall=02:08:29 elapsed=1289.248s phase=eval event=interaction_progress trial=45 partition=3 processed=2900 total=5000 metric=ranking
[pipeline-trace] wall=02:08:29 elapsed=1289.447s phase=eval event=interaction_progress trial=45 partition=3 processed=3000 total=5000 metric=ranking
[pipeline-trace] wall=02:08:29 elapsed=1289.648s phase=eval event=interaction_progress trial=45 partition=3 processed=3100 total=5000 metric=ranking
[pipeline-trace] wall=02:08:30 elapsed=1289.847s phase=eval event=interaction_progress trial=45 partition=3 processed=3200 total=5000 metric=ranking
[pipeline-trace] wall=02:08:30 elapsed=1290.049s phase=eval event=interaction_progress trial=45 partition=3 processed=3300 total=5000 metric=ranking
[pipeline-trace] wall=02:08:30 elapsed=1290.250s phase=eval event=interaction_progress trial=45 partition=3 processed=3400 total=5000 metric=ranking
[pipeline-trace] wall=02:08:30 elapsed=1290.450s phase=eval event=interaction_progress trial=45 partition=3 processed=3500 total=5000 metric=ranking
[pipeline-trace] wall=02:08:30 elapsed=1290.652s phase=eval event=interaction_progress trial=45 partition=3 processed=3600 total=5000 metric=ranking
[pipeline-trace] wall=02:08:31 elapsed=1290.850s phase=eval event=interaction_progress trial=45 partition=3 processed=3700 total=5000 metric=ranking
[pipeline-trace] wall=02:08:31 elapsed=1291.036s phase=eval event=interaction_progress trial=45 partition=3 processed=3800 total=5000 metric=ranking
[pipeline-trace] wall=02:08:31 elapsed=1291.171s phase=eval event=interaction_progress trial=45 partition=3 processed=3900 total=5000 metric=ranking
[pipeline-trace] wall=02:08:31 elapsed=1291.301s phase=eval event=interaction_progress trial=45 partition=3 processed=4000 total=5000 metric=ranking
[pipeline-trace] wall=02:08:31 elapsed=1291.431s phase=eval event=interaction_progress trial=45 partition=3 processed=4100 total=5000 metric=ranking
[pipeline-trace] wall=02:08:31 elapsed=1291.560s phase=eval event=interaction_progress trial=45 partition=3 processed=4200 total=5000 metric=ranking
[pipeline-trace] wall=02:08:31 elapsed=1291.693s phase=eval event=interaction_progress trial=45 partition=3 processed=4300 total=5000 metric=ranking
[pipeline-trace] wall=02:08:32 elapsed=1291.824s phase=eval event=interaction_progress trial=45 partition=3 processed=4400 total=5000 metric=ranking
[pipeline-trace] wall=02:08:32 elapsed=1291.954s phase=eval event=interaction_progress trial=45 partition=3 processed=4500 total=5000 metric=ranking
[pipeline-trace] wall=02:08:32 elapsed=1292.085s phase=eval event=interaction_progress trial=45 partition=3 processed=4600 total=5000 metric=ranking
[pipeline-trace] wall=02:08:32 elapsed=1292.218s phase=eval event=interaction_progress trial=45 partition=3 processed=4700 total=5000 metric=ranking
[pipeline-trace] wall=02:08:32 elapsed=1291.524s phase=eval event=batch_start trial=46 partitions=[3] synthetic=False
[pipeline-trace] wall=02:08:32 elapsed=1291.524s phase=eval event=partition_start trial=46 partition=3 interactions=5000
[pipeline-trace] wall=02:08:32 elapsed=1291.524s phase=eval event=interaction_progress trial=46 partition=3 processed=1 total=5000 metric=ranking
[pipeline-trace] wall=02:08:32 elapsed=1291.666s phase=eval event=interaction_progress trial=46 partition=3 processed=100 total=5000 metric=ranking
[pipeline-trace] wall=02:08:32 elapsed=1292.365s phase=eval event=interaction_progress trial=45 partition=3 processed=4800 total=5000 metric=ranking
[pipeline-trace] wall=02:08:32 elapsed=1291.800s phase=eval event=interaction_progress trial=46 partition=3 processed=200 total=5000 metric=ranking
[pipeline-trace] wall=02:08:32 elapsed=1292.537s phase=eval event=interaction_progress trial=45 partition=3 processed=4900 total=5000 metric=ranking
[pipeline-trace] wall=02:08:32 elapsed=1291.935s phase=eval event=interaction_progress trial=46 partition=3 processed=300 total=5000 metric=ranking
[pipeline-trace] wall=02:08:32 elapsed=1292.699s phase=eval event=interaction_progress trial=45 partition=3 processed=5000 total=5000 metric=ranking
[pipeline-trace] wall=02:08:32 elapsed=1292.701s phase=eval event=partition_complete trial=45 partition=3 elapsed_sec=8.882 hits=3421 total=5000
[pipeline-trace] wall=02:08:32 elapsed=1292.069s phase=eval event=interaction_progress trial=46 partition=3 processed=400 total=5000 metric=ranking
[pipeline-trace] wall=02:08:33 elapsed=1292.203s phase=eval event=interaction_progress trial=46 partition=3 processed=500 total=5000 metric=ranking
[pipeline-trace] wall=02:08:33 elapsed=1292.336s phase=eval event=interaction_progress trial=46 partition=3 processed=600 total=5000 metric=ranking
[pipeline-trace] wall=02:08:33 elapsed=1292.470s phase=eval event=interaction_progress trial=46 partition=3 processed=700 total=5000 metric=ranking
[pipeline-trace] wall=02:08:33 elapsed=1292.603s phase=eval event=interaction_progress trial=46 partition=3 processed=800 total=5000 metric=ranking
[pipeline-trace] wall=02:08:33 elapsed=1292.737s phase=eval event=interaction_progress trial=46 partition=3 processed=900 total=5000 metric=ranking
[pipeline-trace] wall=02:08:33 elapsed=1292.870s phase=eval event=interaction_progress trial=46 partition=3 processed=1000 total=5000 metric=ranking
[pipeline-trace] wall=02:08:33 elapsed=1293.004s phase=eval event=interaction_progress trial=46 partition=3 processed=1100 total=5000 metric=ranking
[pipeline-trace] wall=02:08:34 elapsed=1293.139s phase=eval event=interaction_progress trial=46 partition=3 processed=1200 total=5000 metric=ranking
[pipeline-trace] wall=02:08:34 elapsed=1293.272s phase=eval event=interaction_progress trial=46 partition=3 processed=1300 total=5000 metric=ranking
[pipeline-trace] wall=02:08:34 elapsed=1293.406s phase=eval event=interaction_progress trial=46 partition=3 processed=1400 total=5000 metric=ranking
[pipeline-trace] wall=02:08:34 elapsed=1293.539s phase=eval event=interaction_progress trial=46 partition=3 processed=1500 total=5000 metric=ranking
[pipeline-trace] wall=02:08:34 elapsed=1293.674s phase=eval event=interaction_progress trial=46 partition=3 processed=1600 total=5000 metric=ranking
[pipeline-trace] wall=02:08:34 elapsed=1293.808s phase=eval event=interaction_progress trial=46 partition=3 processed=1700 total=5000 metric=ranking
[pipeline-trace] wall=02:08:34 elapsed=1293.945s phase=eval event=interaction_progress trial=46 partition=3 processed=1800 total=5000 metric=ranking
[pipeline-trace] wall=02:08:34 elapsed=1294.079s phase=eval event=interaction_progress trial=46 partition=3 processed=1900 total=5000 metric=ranking
[pipeline-trace] wall=02:08:35 elapsed=1294.215s phase=eval event=interaction_progress trial=46 partition=3 processed=2000 total=5000 metric=ranking
[pipeline-trace] wall=02:08:35 elapsed=1294.349s phase=eval event=interaction_progress trial=46 partition=3 processed=2100 total=5000 metric=ranking
[pipeline-trace] wall=02:08:35 elapsed=1294.483s phase=eval event=interaction_progress trial=46 partition=3 processed=2200 total=5000 metric=ranking
[pipeline-trace] wall=02:08:35 elapsed=1294.617s phase=eval event=interaction_progress trial=46 partition=3 processed=2300 total=5000 metric=ranking
[pipeline-trace] wall=02:08:35 elapsed=1294.751s phase=eval event=interaction_progress trial=46 partition=3 processed=2400 total=5000 metric=ranking
[pipeline-trace] wall=02:08:35 elapsed=1294.885s phase=eval event=interaction_progress trial=46 partition=3 processed=2500 total=5000 metric=ranking
[pipeline-trace] wall=02:08:35 elapsed=1295.069s phase=eval event=interaction_progress trial=46 partition=3 processed=2600 total=5000 metric=ranking
[pipeline-trace] wall=02:08:36 elapsed=1295.212s phase=eval event=interaction_progress trial=46 partition=3 processed=2700 total=5000 metric=ranking
[pipeline-trace] wall=02:08:36 elapsed=1295.346s phase=eval event=interaction_progress trial=46 partition=3 processed=2800 total=5000 metric=ranking
[pipeline-trace] wall=02:08:36 elapsed=1295.482s phase=eval event=interaction_progress trial=46 partition=3 processed=2900 total=5000 metric=ranking
[pipeline-trace] wall=02:08:36 elapsed=1295.617s phase=eval event=interaction_progress trial=46 partition=3 processed=3000 total=5000 metric=ranking
[pipeline-trace] wall=02:08:36 elapsed=1295.751s phase=eval event=interaction_progress trial=46 partition=3 processed=3100 total=5000 metric=ranking
[pipeline-trace] wall=02:08:36 elapsed=1295.886s phase=eval event=interaction_progress trial=46 partition=3 processed=3200 total=5000 metric=ranking
[pipeline-trace] wall=02:08:36 elapsed=1296.023s phase=eval event=interaction_progress trial=46 partition=3 processed=3300 total=5000 metric=ranking
[pipeline-trace] wall=02:08:37 elapsed=1296.157s phase=eval event=interaction_progress trial=46 partition=3 processed=3400 total=5000 metric=ranking
[pipeline-trace] wall=02:08:37 elapsed=1296.292s phase=eval event=interaction_progress trial=46 partition=3 processed=3500 total=5000 metric=ranking
[pipeline-trace] wall=02:08:37 elapsed=1296.427s phase=eval event=interaction_progress trial=46 partition=3 processed=3600 total=5000 metric=ranking
[pipeline-trace] wall=02:08:37 elapsed=1296.560s phase=eval event=interaction_progress trial=46 partition=3 processed=3700 total=5000 metric=ranking
[pipeline-trace] wall=02:08:37 elapsed=1296.695s phase=eval event=interaction_progress trial=46 partition=3 processed=3800 total=5000 metric=ranking
[pipeline-trace] wall=02:08:37 elapsed=1296.829s phase=eval event=interaction_progress trial=46 partition=3 processed=3900 total=5000 metric=ranking
[pipeline-trace] wall=02:08:37 elapsed=1296.966s phase=eval event=interaction_progress trial=46 partition=3 processed=4000 total=5000 metric=ranking
[pipeline-trace] wall=02:08:37 elapsed=1297.099s phase=eval event=interaction_progress trial=46 partition=3 processed=4100 total=5000 metric=ranking
[pipeline-trace] wall=02:08:38 elapsed=1297.233s phase=eval event=interaction_progress trial=46 partition=3 processed=4200 total=5000 metric=ranking
[pipeline-trace] wall=02:08:38 elapsed=1297.368s phase=eval event=interaction_progress trial=46 partition=3 processed=4300 total=5000 metric=ranking
[pipeline-trace] wall=02:08:38 elapsed=1297.502s phase=eval event=interaction_progress trial=46 partition=3 processed=4400 total=5000 metric=ranking
[pipeline-trace] wall=02:08:38 elapsed=1297.636s phase=eval event=interaction_progress trial=46 partition=3 processed=4500 total=5000 metric=ranking
[pipeline-trace] wall=02:08:38 elapsed=1297.771s phase=eval event=interaction_progress trial=46 partition=3 processed=4600 total=5000 metric=ranking
[pipeline-trace] wall=02:08:38 elapsed=1297.907s phase=eval event=interaction_progress trial=46 partition=3 processed=4700 total=5000 metric=ranking
[pipeline-trace] wall=02:08:38 elapsed=1298.041s phase=eval event=interaction_progress trial=46 partition=3 processed=4800 total=5000 metric=ranking
[pipeline-trace] wall=02:08:39 elapsed=1298.176s phase=eval event=interaction_progress trial=46 partition=3 processed=4900 total=5000 metric=ranking
[pipeline-trace] wall=02:08:39 elapsed=1298.311s phase=eval event=interaction_progress trial=46 partition=3 processed=5000 total=5000 metric=ranking
[pipeline-trace] wall=02:08:39 elapsed=1298.312s phase=eval event=partition_complete trial=46 partition=3 elapsed_sec=6.789 hits=4072 total=5000
[pipeline-trace] wall=02:09:28 elapsed=1344.853s phase=eval event=batch_start trial=47 partitions=[3] synthetic=False
[pipeline-trace] wall=02:09:28 elapsed=1344.854s phase=eval event=partition_start trial=47 partition=3 interactions=5000
[pipeline-trace] wall=02:09:28 elapsed=1344.854s phase=eval event=interaction_progress trial=47 partition=3 processed=1 total=5000 metric=ranking
[pipeline-trace] wall=02:09:28 elapsed=1345.045s phase=eval event=interaction_progress trial=47 partition=3 processed=100 total=5000 metric=ranking
[pipeline-trace] wall=02:09:28 elapsed=1345.225s phase=eval event=interaction_progress trial=47 partition=3 processed=200 total=5000 metric=ranking
[pipeline-trace] wall=02:09:28 elapsed=1345.379s phase=eval event=interaction_progress trial=47 partition=3 processed=300 total=5000 metric=ranking
[pipeline-trace] wall=02:09:28 elapsed=1345.532s phase=eval event=interaction_progress trial=47 partition=3 processed=400 total=5000 metric=ranking
[pipeline-trace] wall=02:09:28 elapsed=1345.687s phase=eval event=interaction_progress trial=47 partition=3 processed=500 total=5000 metric=ranking
[pipeline-trace] wall=02:09:29 elapsed=1345.840s phase=eval event=interaction_progress trial=47 partition=3 processed=600 total=5000 metric=ranking
[pipeline-trace] wall=02:09:29 elapsed=1345.992s phase=eval event=interaction_progress trial=47 partition=3 processed=700 total=5000 metric=ranking
[pipeline-trace] wall=02:09:29 elapsed=1346.148s phase=eval event=interaction_progress trial=47 partition=3 processed=800 total=5000 metric=ranking
[pipeline-trace] wall=02:09:29 elapsed=1346.306s phase=eval event=interaction_progress trial=47 partition=3 processed=900 total=5000 metric=ranking
[pipeline-trace] wall=02:09:29 elapsed=1346.464s phase=eval event=interaction_progress trial=47 partition=3 processed=1000 total=5000 metric=ranking
[pipeline-trace] wall=02:09:29 elapsed=1346.625s phase=eval event=interaction_progress trial=47 partition=3 processed=1100 total=5000 metric=ranking
[pipeline-trace] wall=02:09:29 elapsed=1346.783s phase=eval event=interaction_progress trial=47 partition=3 processed=1200 total=5000 metric=ranking
[pipeline-trace] wall=02:09:30 elapsed=1346.940s phase=eval event=interaction_progress trial=47 partition=3 processed=1300 total=5000 metric=ranking
[pipeline-trace] wall=02:09:30 elapsed=1347.098s phase=eval event=interaction_progress trial=47 partition=3 processed=1400 total=5000 metric=ranking
[pipeline-trace] wall=02:09:30 elapsed=1347.252s phase=eval event=interaction_progress trial=47 partition=3 processed=1500 total=5000 metric=ranking
[pipeline-trace] wall=02:09:30 elapsed=1347.403s phase=eval event=interaction_progress trial=47 partition=3 processed=1600 total=5000 metric=ranking
[pipeline-trace] wall=02:09:30 elapsed=1347.552s phase=eval event=interaction_progress trial=47 partition=3 processed=1700 total=5000 metric=ranking
[pipeline-trace] wall=02:09:30 elapsed=1347.705s phase=eval event=interaction_progress trial=47 partition=3 processed=1800 total=5000 metric=ranking
[pipeline-trace] wall=02:09:31 elapsed=1347.857s phase=eval event=interaction_progress trial=47 partition=3 processed=1900 total=5000 metric=ranking
[pipeline-trace] wall=02:09:31 elapsed=1348.011s phase=eval event=interaction_progress trial=47 partition=3 processed=2000 total=5000 metric=ranking
[pipeline-trace] wall=02:09:31 elapsed=1348.165s phase=eval event=interaction_progress trial=47 partition=3 processed=2100 total=5000 metric=ranking
[pipeline-trace] wall=02:09:31 elapsed=1348.322s phase=eval event=interaction_progress trial=47 partition=3 processed=2200 total=5000 metric=ranking
[pipeline-trace] wall=02:09:31 elapsed=1348.477s phase=eval event=interaction_progress trial=47 partition=3 processed=2300 total=5000 metric=ranking
[pipeline-trace] wall=02:09:31 elapsed=1348.635s phase=eval event=interaction_progress trial=47 partition=3 processed=2400 total=5000 metric=ranking
[pipeline-trace] wall=02:09:32 elapsed=1348.791s phase=eval event=interaction_progress trial=47 partition=3 processed=2500 total=5000 metric=ranking
[pipeline-trace] wall=02:09:32 elapsed=1348.947s phase=eval event=interaction_progress trial=47 partition=3 processed=2600 total=5000 metric=ranking
[pipeline-trace] wall=02:09:32 elapsed=1349.106s phase=eval event=interaction_progress trial=47 partition=3 processed=2700 total=5000 metric=ranking
[pipeline-trace] wall=02:09:32 elapsed=1349.260s phase=eval event=interaction_progress trial=47 partition=3 processed=2800 total=5000 metric=ranking
[pipeline-trace] wall=02:09:32 elapsed=1349.415s phase=eval event=interaction_progress trial=47 partition=3 processed=2900 total=5000 metric=ranking
[pipeline-trace] wall=02:09:32 elapsed=1349.578s phase=eval event=interaction_progress trial=47 partition=3 processed=3000 total=5000 metric=ranking
[pipeline-trace] wall=02:09:32 elapsed=1349.768s phase=eval event=interaction_progress trial=47 partition=3 processed=3100 total=5000 metric=ranking
[pipeline-trace] wall=02:09:33 elapsed=1349.956s phase=eval event=interaction_progress trial=47 partition=3 processed=3200 total=5000 metric=ranking
[pipeline-trace] wall=02:09:33 elapsed=1350.145s phase=eval event=interaction_progress trial=47 partition=3 processed=3300 total=5000 metric=ranking
[pipeline-trace] wall=02:09:33 elapsed=1350.324s phase=eval event=interaction_progress trial=47 partition=3 processed=3400 total=5000 metric=ranking
[pipeline-trace] wall=02:09:33 elapsed=1350.453s phase=eval event=interaction_progress trial=47 partition=3 processed=3500 total=5000 metric=ranking
[pipeline-trace] wall=02:09:33 elapsed=1350.602s phase=eval event=interaction_progress trial=47 partition=3 processed=3600 total=5000 metric=ranking
[pipeline-trace] wall=02:09:33 elapsed=1350.754s phase=eval event=interaction_progress trial=47 partition=3 processed=3700 total=5000 metric=ranking
[pipeline-trace] wall=02:09:34 elapsed=1350.906s phase=eval event=interaction_progress trial=47 partition=3 processed=3800 total=5000 metric=ranking
[pipeline-trace] wall=02:09:34 elapsed=1351.059s phase=eval event=interaction_progress trial=47 partition=3 processed=3900 total=5000 metric=ranking
[pipeline-trace] wall=02:09:34 elapsed=1351.212s phase=eval event=interaction_progress trial=47 partition=3 processed=4000 total=5000 metric=ranking
[pipeline-trace] wall=02:09:34 elapsed=1351.366s phase=eval event=interaction_progress trial=47 partition=3 processed=4100 total=5000 metric=ranking
[pipeline-trace] wall=02:09:34 elapsed=1351.520s phase=eval event=interaction_progress trial=47 partition=3 processed=4200 total=5000 metric=ranking
[pipeline-trace] wall=02:09:34 elapsed=1351.674s phase=eval event=interaction_progress trial=47 partition=3 processed=4300 total=5000 metric=ranking
[pipeline-trace] wall=02:09:35 elapsed=1351.826s phase=eval event=interaction_progress trial=47 partition=3 processed=4400 total=5000 metric=ranking
[pipeline-trace] wall=02:09:35 elapsed=1351.979s phase=eval event=interaction_progress trial=47 partition=3 processed=4500 total=5000 metric=ranking
[pipeline-trace] wall=02:09:35 elapsed=1352.131s phase=eval event=interaction_progress trial=47 partition=3 processed=4600 total=5000 metric=ranking
[pipeline-trace] wall=02:09:35 elapsed=1352.283s phase=eval event=interaction_progress trial=47 partition=3 processed=4700 total=5000 metric=ranking
[pipeline-trace] wall=02:09:35 elapsed=1352.435s phase=eval event=interaction_progress trial=47 partition=3 processed=4800 total=5000 metric=ranking
[pipeline-trace] wall=02:09:35 elapsed=1352.588s phase=eval event=interaction_progress trial=47 partition=3 processed=4900 total=5000 metric=ranking
[pipeline-trace] wall=02:09:35 elapsed=1352.742s phase=eval event=interaction_progress trial=47 partition=3 processed=5000 total=5000 metric=ranking
[pipeline-trace] wall=02:09:35 elapsed=1352.743s phase=eval event=partition_complete trial=47 partition=3 elapsed_sec=7.890 hits=3490 total=5000
[pipeline-trace] wall=02:10:03 elapsed=1383.584s phase=eval event=batch_start trial=48 partitions=[3] synthetic=False
[pipeline-trace] wall=02:10:03 elapsed=1383.584s phase=eval event=partition_start trial=48 partition=3 interactions=5000
[pipeline-trace] wall=02:10:03 elapsed=1383.584s phase=eval event=interaction_progress trial=48 partition=3 processed=1 total=5000 metric=ranking
[pipeline-trace] wall=02:10:03 elapsed=1383.750s phase=eval event=interaction_progress trial=48 partition=3 processed=100 total=5000 metric=ranking
[pipeline-trace] wall=02:10:04 elapsed=1383.913s phase=eval event=interaction_progress trial=48 partition=3 processed=200 total=5000 metric=ranking
[pipeline-trace] wall=02:10:04 elapsed=1384.075s phase=eval event=interaction_progress trial=48 partition=3 processed=300 total=5000 metric=ranking
[pipeline-trace] wall=02:10:04 elapsed=1384.239s phase=eval event=interaction_progress trial=48 partition=3 processed=400 total=5000 metric=ranking
[pipeline-trace] wall=02:10:04 elapsed=1384.403s phase=eval event=interaction_progress trial=48 partition=3 processed=500 total=5000 metric=ranking
[pipeline-trace] wall=02:10:04 elapsed=1384.567s phase=eval event=interaction_progress trial=48 partition=3 processed=600 total=5000 metric=ranking
[pipeline-trace] wall=02:10:04 elapsed=1384.733s phase=eval event=interaction_progress trial=48 partition=3 processed=700 total=5000 metric=ranking
[pipeline-trace] wall=02:10:05 elapsed=1384.896s phase=eval event=interaction_progress trial=48 partition=3 processed=800 total=5000 metric=ranking
[pipeline-trace] wall=02:10:05 elapsed=1385.059s phase=eval event=interaction_progress trial=48 partition=3 processed=900 total=5000 metric=ranking
[pipeline-trace] wall=02:10:05 elapsed=1385.223s phase=eval event=interaction_progress trial=48 partition=3 processed=1000 total=5000 metric=ranking
[pipeline-trace] wall=02:10:05 elapsed=1385.387s phase=eval event=interaction_progress trial=48 partition=3 processed=1100 total=5000 metric=ranking
[pipeline-trace] wall=02:10:05 elapsed=1385.550s phase=eval event=interaction_progress trial=48 partition=3 processed=1200 total=5000 metric=ranking
[pipeline-trace] wall=02:10:05 elapsed=1385.715s phase=eval event=interaction_progress trial=48 partition=3 processed=1300 total=5000 metric=ranking
[pipeline-trace] wall=02:10:06 elapsed=1385.879s phase=eval event=interaction_progress trial=48 partition=3 processed=1400 total=5000 metric=ranking
[pipeline-trace] wall=02:10:06 elapsed=1386.044s phase=eval event=interaction_progress trial=48 partition=3 processed=1500 total=5000 metric=ranking
[pipeline-trace] wall=02:10:06 elapsed=1386.208s phase=eval event=interaction_progress trial=48 partition=3 processed=1600 total=5000 metric=ranking
[pipeline-trace] wall=02:10:06 elapsed=1386.373s phase=eval event=interaction_progress trial=48 partition=3 processed=1700 total=5000 metric=ranking
[pipeline-trace] wall=02:10:06 elapsed=1386.541s phase=eval event=interaction_progress trial=48 partition=3 processed=1800 total=5000 metric=ranking
[pipeline-trace] wall=02:10:06 elapsed=1386.708s phase=eval event=interaction_progress trial=48 partition=3 processed=1900 total=5000 metric=ranking
[pipeline-trace] wall=02:10:07 elapsed=1386.876s phase=eval event=interaction_progress trial=48 partition=3 processed=2000 total=5000 metric=ranking
[pipeline-trace] wall=02:10:07 elapsed=1387.043s phase=eval event=interaction_progress trial=48 partition=3 processed=2100 total=5000 metric=ranking
[pipeline-trace] wall=02:10:07 elapsed=1387.211s phase=eval event=interaction_progress trial=48 partition=3 processed=2200 total=5000 metric=ranking
[pipeline-trace] wall=02:10:07 elapsed=1387.382s phase=eval event=interaction_progress trial=48 partition=3 processed=2300 total=5000 metric=ranking
[pipeline-trace] wall=02:10:07 elapsed=1387.542s phase=eval event=interaction_progress trial=48 partition=3 processed=2400 total=5000 metric=ranking
[pipeline-trace] wall=02:10:07 elapsed=1387.680s phase=eval event=interaction_progress trial=48 partition=3 processed=2500 total=5000 metric=ranking
[pipeline-trace] wall=02:10:08 elapsed=1387.814s phase=eval event=interaction_progress trial=48 partition=3 processed=2600 total=5000 metric=ranking
[pipeline-trace] wall=02:10:08 elapsed=1387.948s phase=eval event=interaction_progress trial=48 partition=3 processed=2700 total=5000 metric=ranking
[pipeline-trace] wall=02:10:08 elapsed=1387.314s phase=eval event=batch_start trial=49 partitions=[3] synthetic=False
[pipeline-trace] wall=02:10:08 elapsed=1387.314s phase=eval event=partition_start trial=49 partition=3 interactions=5000
[pipeline-trace] wall=02:10:08 elapsed=1387.314s phase=eval event=interaction_progress trial=49 partition=3 processed=1 total=5000 metric=ranking
[pipeline-trace] wall=02:10:08 elapsed=1388.084s phase=eval event=interaction_progress trial=48 partition=3 processed=2800 total=5000 metric=ranking
[pipeline-trace] wall=02:10:08 elapsed=1387.488s phase=eval event=interaction_progress trial=49 partition=3 processed=100 total=5000 metric=ranking
[pipeline-trace] wall=02:10:08 elapsed=1388.220s phase=eval event=interaction_progress trial=48 partition=3 processed=2900 total=5000 metric=ranking
[pipeline-trace] wall=02:10:08 elapsed=1387.659s phase=eval event=interaction_progress trial=49 partition=3 processed=200 total=5000 metric=ranking
[pipeline-trace] wall=02:10:08 elapsed=1388.355s phase=eval event=interaction_progress trial=48 partition=3 processed=3000 total=5000 metric=ranking
[pipeline-trace] wall=02:10:08 elapsed=1388.490s phase=eval event=interaction_progress trial=48 partition=3 processed=3100 total=5000 metric=ranking
[pipeline-trace] wall=02:10:08 elapsed=1387.830s phase=eval event=interaction_progress trial=49 partition=3 processed=300 total=5000 metric=ranking
[pipeline-trace] wall=02:10:08 elapsed=1388.628s phase=eval event=interaction_progress trial=48 partition=3 processed=3200 total=5000 metric=ranking
[pipeline-trace] wall=02:10:08 elapsed=1388.001s phase=eval event=interaction_progress trial=49 partition=3 processed=400 total=5000 metric=ranking
[pipeline-trace] wall=02:10:08 elapsed=1388.762s phase=eval event=interaction_progress trial=48 partition=3 processed=3300 total=5000 metric=ranking
[pipeline-trace] wall=02:10:09 elapsed=1388.164s phase=eval event=interaction_progress trial=49 partition=3 processed=500 total=5000 metric=ranking
[pipeline-trace] wall=02:10:09 elapsed=1388.895s phase=eval event=interaction_progress trial=48 partition=3 processed=3400 total=5000 metric=ranking
[pipeline-trace] wall=02:10:09 elapsed=1388.327s phase=eval event=interaction_progress trial=49 partition=3 processed=600 total=5000 metric=ranking
[pipeline-trace] wall=02:10:09 elapsed=1389.028s phase=eval event=interaction_progress trial=48 partition=3 processed=3500 total=5000 metric=ranking
[pipeline-trace] wall=02:10:09 elapsed=1389.161s phase=eval event=interaction_progress trial=48 partition=3 processed=3600 total=5000 metric=ranking
[pipeline-trace] wall=02:10:09 elapsed=1388.491s phase=eval event=interaction_progress trial=49 partition=3 processed=700 total=5000 metric=ranking
[pipeline-trace] wall=02:10:09 elapsed=1389.294s phase=eval event=interaction_progress trial=48 partition=3 processed=3700 total=5000 metric=ranking
[pipeline-trace] wall=02:10:09 elapsed=1388.653s phase=eval event=interaction_progress trial=49 partition=3 processed=800 total=5000 metric=ranking
[pipeline-trace] wall=02:10:09 elapsed=1389.428s phase=eval event=interaction_progress trial=48 partition=3 processed=3800 total=5000 metric=ranking
[pipeline-trace] wall=02:10:09 elapsed=1388.817s phase=eval event=interaction_progress trial=49 partition=3 processed=900 total=5000 metric=ranking
[pipeline-trace] wall=02:10:09 elapsed=1389.562s phase=eval event=interaction_progress trial=48 partition=3 processed=3900 total=5000 metric=ranking
[pipeline-trace] wall=02:10:09 elapsed=1388.983s phase=eval event=interaction_progress trial=49 partition=3 processed=1000 total=5000 metric=ranking
[pipeline-trace] wall=02:10:09 elapsed=1389.699s phase=eval event=interaction_progress trial=48 partition=3 processed=4000 total=5000 metric=ranking
[pipeline-trace] wall=02:10:10 elapsed=1389.834s phase=eval event=interaction_progress trial=48 partition=3 processed=4100 total=5000 metric=ranking
[pipeline-trace] wall=02:10:10 elapsed=1389.147s phase=eval event=interaction_progress trial=49 partition=3 processed=1100 total=5000 metric=ranking
[pipeline-trace] wall=02:10:10 elapsed=1389.989s phase=eval event=interaction_progress trial=48 partition=3 processed=4200 total=5000 metric=ranking
[pipeline-trace] wall=02:10:10 elapsed=1389.335s phase=eval event=interaction_progress trial=49 partition=3 processed=1200 total=5000 metric=ranking
[pipeline-trace] wall=02:10:10 elapsed=1390.165s phase=eval event=interaction_progress trial=48 partition=3 processed=4300 total=5000 metric=ranking
[pipeline-trace] wall=02:10:10 elapsed=1389.505s phase=eval event=interaction_progress trial=49 partition=3 processed=1300 total=5000 metric=ranking
[pipeline-trace] wall=02:10:10 elapsed=1390.300s phase=eval event=interaction_progress trial=48 partition=3 processed=4400 total=5000 metric=ranking
[pipeline-trace] wall=02:10:10 elapsed=1389.668s phase=eval event=interaction_progress trial=49 partition=3 processed=1400 total=5000 metric=ranking
[pipeline-trace] wall=02:10:10 elapsed=1390.434s phase=eval event=interaction_progress trial=48 partition=3 processed=4500 total=5000 metric=ranking
[pipeline-trace] wall=02:10:10 elapsed=1389.831s phase=eval event=interaction_progress trial=49 partition=3 processed=1500 total=5000 metric=ranking
[pipeline-trace] wall=02:10:10 elapsed=1390.568s phase=eval event=interaction_progress trial=48 partition=3 processed=4600 total=5000 metric=ranking
[pipeline-trace] wall=02:10:10 elapsed=1389.996s phase=eval event=interaction_progress trial=49 partition=3 processed=1600 total=5000 metric=ranking
[pipeline-trace] wall=02:10:10 elapsed=1390.704s phase=eval event=interaction_progress trial=48 partition=3 processed=4700 total=5000 metric=ranking
[pipeline-trace] wall=02:10:11 elapsed=1390.838s phase=eval event=interaction_progress trial=48 partition=3 processed=4800 total=5000 metric=ranking
[pipeline-trace] wall=02:10:11 elapsed=1390.161s phase=eval event=interaction_progress trial=49 partition=3 processed=1700 total=5000 metric=ranking
[pipeline-trace] wall=02:10:11 elapsed=1390.971s phase=eval event=interaction_progress trial=48 partition=3 processed=4900 total=5000 metric=ranking
[pipeline-trace] wall=02:10:11 elapsed=1390.327s phase=eval event=interaction_progress trial=49 partition=3 processed=1800 total=5000 metric=ranking
[pipeline-trace] wall=02:10:11 elapsed=1391.106s phase=eval event=interaction_progress trial=48 partition=3 processed=5000 total=5000 metric=ranking
[pipeline-trace] wall=02:10:11 elapsed=1391.107s phase=eval event=partition_complete trial=48 partition=3 elapsed_sec=7.523 hits=3656 total=5000
[pipeline-trace] wall=02:10:11 elapsed=1390.494s phase=eval event=interaction_progress trial=49 partition=3 processed=1900 total=5000 metric=ranking
[pipeline-trace] wall=02:10:11 elapsed=1390.662s phase=eval event=interaction_progress trial=49 partition=3 processed=2000 total=5000 metric=ranking
[pipeline-trace] wall=02:10:11 elapsed=1390.836s phase=eval event=interaction_progress trial=49 partition=3 processed=2100 total=5000 metric=ranking
[pipeline-trace] wall=02:10:11 elapsed=1391.004s phase=eval event=interaction_progress trial=49 partition=3 processed=2200 total=5000 metric=ranking
[pipeline-trace] wall=02:10:12 elapsed=1391.169s phase=eval event=interaction_progress trial=49 partition=3 processed=2300 total=5000 metric=ranking
[pipeline-trace] wall=02:10:12 elapsed=1391.368s phase=eval event=interaction_progress trial=49 partition=3 processed=2400 total=5000 metric=ranking
[pipeline-trace] wall=02:10:12 elapsed=1391.535s phase=eval event=interaction_progress trial=49 partition=3 processed=2500 total=5000 metric=ranking
[pipeline-trace] wall=02:10:12 elapsed=1391.701s phase=eval event=interaction_progress trial=49 partition=3 processed=2600 total=5000 metric=ranking
[pipeline-trace] wall=02:10:12 elapsed=1391.850s phase=eval event=interaction_progress trial=49 partition=3 processed=2700 total=5000 metric=ranking
[pipeline-trace] wall=02:10:12 elapsed=1391.986s phase=eval event=interaction_progress trial=49 partition=3 processed=2800 total=5000 metric=ranking
[pipeline-trace] wall=02:10:13 elapsed=1392.121s phase=eval event=interaction_progress trial=49 partition=3 processed=2900 total=5000 metric=ranking
[pipeline-trace] wall=02:10:13 elapsed=1392.255s phase=eval event=interaction_progress trial=49 partition=3 processed=3000 total=5000 metric=ranking
[pipeline-trace] wall=02:10:13 elapsed=1392.390s phase=eval event=interaction_progress trial=49 partition=3 processed=3100 total=5000 metric=ranking
[pipeline-trace] wall=02:10:13 elapsed=1392.525s phase=eval event=interaction_progress trial=49 partition=3 processed=3200 total=5000 metric=ranking
[pipeline-trace] wall=02:10:13 elapsed=1392.659s phase=eval event=interaction_progress trial=49 partition=3 processed=3300 total=5000 metric=ranking
[pipeline-trace] wall=02:10:13 elapsed=1392.793s phase=eval event=interaction_progress trial=49 partition=3 processed=3400 total=5000 metric=ranking
[pipeline-trace] wall=02:10:13 elapsed=1392.929s phase=eval event=interaction_progress trial=49 partition=3 processed=3500 total=5000 metric=ranking
[pipeline-trace] wall=02:10:13 elapsed=1393.063s phase=eval event=interaction_progress trial=49 partition=3 processed=3600 total=5000 metric=ranking
[pipeline-trace] wall=02:10:14 elapsed=1393.197s phase=eval event=interaction_progress trial=49 partition=3 processed=3700 total=5000 metric=ranking
[pipeline-trace] wall=02:10:14 elapsed=1393.332s phase=eval event=interaction_progress trial=49 partition=3 processed=3800 total=5000 metric=ranking
[pipeline-trace] wall=02:10:14 elapsed=1393.467s phase=eval event=interaction_progress trial=49 partition=3 processed=3900 total=5000 metric=ranking
[pipeline-trace] wall=02:10:14 elapsed=1393.602s phase=eval event=interaction_progress trial=49 partition=3 processed=4000 total=5000 metric=ranking
[pipeline-trace] wall=02:10:14 elapsed=1393.736s phase=eval event=interaction_progress trial=49 partition=3 processed=4100 total=5000 metric=ranking
[pipeline-trace] wall=02:10:14 elapsed=1393.870s phase=eval event=interaction_progress trial=49 partition=3 processed=4200 total=5000 metric=ranking
[pipeline-trace] wall=02:10:14 elapsed=1394.007s phase=eval event=interaction_progress trial=49 partition=3 processed=4300 total=5000 metric=ranking
[pipeline-trace] wall=02:10:15 elapsed=1394.141s phase=eval event=interaction_progress trial=49 partition=3 processed=4400 total=5000 metric=ranking
[pipeline-trace] wall=02:10:15 elapsed=1394.275s phase=eval event=interaction_progress trial=49 partition=3 processed=4500 total=5000 metric=ranking
[pipeline-trace] wall=02:10:15 elapsed=1394.410s phase=eval event=interaction_progress trial=49 partition=3 processed=4600 total=5000 metric=ranking
[pipeline-trace] wall=02:10:15 elapsed=1394.545s phase=eval event=interaction_progress trial=49 partition=3 processed=4700 total=5000 metric=ranking
[pipeline-trace] wall=02:10:15 elapsed=1394.680s phase=eval event=interaction_progress trial=49 partition=3 processed=4800 total=5000 metric=ranking
[pipeline-trace] wall=02:10:15 elapsed=1394.815s phase=eval event=interaction_progress trial=49 partition=3 processed=4900 total=5000 metric=ranking
[pipeline-trace] wall=02:10:15 elapsed=1394.952s phase=eval event=interaction_progress trial=49 partition=3 processed=5000 total=5000 metric=ranking
[pipeline-trace] wall=02:10:15 elapsed=1394.954s phase=eval event=partition_complete trial=49 partition=3 elapsed_sec=7.639 hits=4354 total=5000
