rank,phase,eval_split,score,val_score,test_score,mrr,recall_at_k,params,time_sec,model,config_json
1,rerank_pipeline,val,0.8267234383964764,0.8267234383964764,0.856121275963994,0.8267234383964764,0.9884942471235618,133888,107.5231,jodie_rnn,"{""dataset"": ""public_csv"", ""dataset_dir"": ""data/public"", ""local_data_path"": ""data/public/mooc.csv"", ""train_ratio"": 0.7, ""val_ratio"": 0.1, ""max_events"": 20000, ""num_users"": 1435, ""num_items"": 21, ""num_interactions"": 3000, ""feature_dim"": 4, ""lr"": 0.001, ""neg_sample_size"": 5, ""k"": 10, ""selection_metric"": ""mrr"", ""device"": ""cuda"", ""seed"": 42, ""partition_size"": 2000, ""partition_strategy"": ""count"", ""partition_overlap_ratio"": 0.0, ""num_pipeline_stages"": 3, ""pipeline_worker_gpus"": 1.0, ""pipeline_worker_cpus"": 1.0, ""pipeline_stage_train_workers"": ""1,1,1"", ""pipeline_stage_eval_workers"": ""1,1,1"", ""stage_balance_strategy"": ""cost"", ""stage_balance_user_weight"": 0.25, ""stage_balance_item_weight"": 0.25, ""stage_balance_span_weight"": 0.0, ""pipeline_mode"": ""naive"", ""pipeline_trace"": false, ""pipeline_trace_log_path"": ""results/20260824_220844/pipeline_naive/pipeline_trace.log"", ""ray_address"": """", ""output_dir"": ""results/20260824_220844/pipeline_naive"", ""enable_efficiency_monitor"": false, ""efficiency_monitor_interval"": 10, ""data_parallel_workers"": 3, ""data_parallel_worker_gpus"": 1.0, ""data_parallel_visible_gpus"": ""0,1,2"", ""data_parallel_sync_level"": ""micro_batch"", ""data_parallel_micro_batch_size"": 200, ""gpu_list"": ""0,1,2"", ""enable_auto_pipeline_config"": false, ""batch_training"": false, ""train_batch_size"": 32, ""batch_mode"": ""serial"", ""tgn_loss_mode"": ""all"", ""tgn_window_size"": 10.0, ""eval_frozen"": false, ""max_neighbors"": 0, ""model"": ""jodie_rnn"", ""embedding_dim"": 128, ""memory_cell"": ""rnn"", ""time_proj"": ""off"", ""use_static_embeddings"": ""off"", ""normalize_state"": ""off"", ""event_agg"": ""none"", ""agg_activation"": ""none"", ""attn_type"": ""dot"", ""time_decay"": ""none"", ""hidden_dim"": 0, ""memory_gate"": ""off"", ""enable_event_agg"": ""off"", ""enable_graph_update"": ""off"", ""message_mode"": ""peer"", ""msg_linear"": ""off""}"
2,coarse_pipeline,val,0.8224231220555035,0.8224231220555035,,0.8224231220555035,0.9859929964982491,133888,51.8244,jodie_rnn,"{""dataset"": ""public_csv"", ""dataset_dir"": ""data/public"", ""local_data_path"": ""data/public/mooc.csv"", ""train_ratio"": 0.7, ""val_ratio"": 0.1, ""max_events"": 20000, ""num_users"": 1435, ""num_items"": 21, ""num_interactions"": 3000, ""feature_dim"": 4, ""lr"": 0.001, ""neg_sample_size"": 5, ""k"": 10, ""selection_metric"": ""mrr"", ""device"": ""cuda"", ""seed"": 42, ""partition_size"": 2000, ""partition_strategy"": ""count"", ""partition_overlap_ratio"": 0.0, ""num_pipeline_stages"": 3, ""pipeline_worker_gpus"": 1.0, ""pipeline_worker_cpus"": 1.0, ""pipeline_stage_train_workers"": ""1,1,1"", ""pipeline_stage_eval_workers"": ""1,1,1"", ""stage_balance_strategy"": ""cost"", ""stage_balance_user_weight"": 0.25, ""stage_balance_item_weight"": 0.25, ""stage_balance_span_weight"": 0.0, ""pipeline_mode"": ""naive"", ""pipeline_trace"": false, ""pipeline_trace_log_path"": ""results/20260824_220844/pipeline_naive/pipeline_trace.log"", ""ray_address"": """", ""output_dir"": ""results/20260824_220844/pipeline_naive"", ""enable_efficiency_monitor"": false, ""efficiency_monitor_interval"": 10, ""data_parallel_workers"": 3, ""data_parallel_worker_gpus"": 1.0, ""data_parallel_visible_gpus"": ""0,1,2"", ""data_parallel_sync_level"": ""micro_batch"", ""data_parallel_micro_batch_size"": 200, ""gpu_list"": ""0,1,2"", ""enable_auto_pipeline_config"": false, ""batch_training"": false, ""train_batch_size"": 32, ""batch_mode"": ""serial"", ""tgn_loss_mode"": ""all"", ""tgn_window_size"": 10.0, ""eval_frozen"": false, ""max_neighbors"": 0, ""model"": ""jodie_rnn"", ""embedding_dim"": 128, ""memory_cell"": ""rnn"", ""time_proj"": ""off"", ""use_static_embeddings"": ""off"", ""normalize_state"": ""off"", ""event_agg"": ""none"", ""agg_activation"": ""none"", ""attn_type"": ""dot"", ""time_decay"": ""none"", ""hidden_dim"": 0, ""memory_gate"": ""off"", ""enable_event_agg"": ""off"", ""enable_graph_update"": ""off"", ""message_mode"": ""peer"", ""msg_linear"": ""off""}"
3,rerank_pipeline,val,0.7781888486819505,0.7781888486819505,,0.7781888486819505,0.9699849924962481,402176,108.7547,jodie_rnn,"{""dataset"": ""public_csv"", ""dataset_dir"": ""data/public"", ""local_data_path"": ""data/public/mooc.csv"", ""train_ratio"": 0.7, ""val_ratio"": 0.1, ""max_events"": 20000, ""num_users"": 1435, ""num_items"": 21, ""num_interactions"": 3000, ""feature_dim"": 4, ""lr"": 0.001, ""neg_sample_size"": 5, ""k"": 10, ""selection_metric"": ""mrr"", ""device"": ""cuda"", ""seed"": 42, ""partition_size"": 2000, ""partition_strategy"": ""count"", ""partition_overlap_ratio"": 0.0, ""num_pipeline_stages"": 3, ""pipeline_worker_gpus"": 1.0, ""pipeline_worker_cpus"": 1.0, ""pipeline_stage_train_workers"": ""1,1,1"", ""pipeline_stage_eval_workers"": ""1,1,1"", ""stage_balance_strategy"": ""cost"", ""stage_balance_user_weight"": 0.25, ""stage_balance_item_weight"": 0.25, ""stage_balance_span_weight"": 0.0, ""pipeline_mode"": ""naive"", ""pipeline_trace"": false, ""pipeline_trace_log_path"": ""results/20260824_220844/pipeline_naive/pipeline_trace.log"", ""ray_address"": """", ""output_dir"": ""results/20260824_220844/pipeline_naive"", ""enable_efficiency_monitor"": false, ""efficiency_monitor_interval"": 10, ""data_parallel_workers"": 3, ""data_parallel_worker_gpus"": 1.0, ""data_parallel_visible_gpus"": ""0,1,2"", ""data_parallel_sync_level"": ""micro_batch"", ""data_parallel_micro_batch_size"": 200, ""gpu_list"": ""0,1,2"", ""enable_auto_pipeline_config"": false, ""batch_training"": false, ""train_batch_size"": 32, ""batch_mode"": ""serial"", ""tgn_loss_mode"": ""all"", ""tgn_window_size"": 10.0, ""eval_frozen"": false, ""max_neighbors"": 0, ""model"": ""jodie_rnn"", ""embedding_dim"": 128, ""memory_cell"": ""rnn"", ""time_proj"": ""linear"", ""use_static_embeddings"": ""on"", ""normalize_state"": ""on"", ""event_agg"": ""none"", ""agg_activation"": ""none"", ""attn_type"": ""dot"", ""time_decay"": ""none"", ""hidden_dim"": 0, ""memory_gate"": ""off"", ""enable_event_agg"": ""off"", ""enable_graph_update"": ""off"", ""message_mode"": ""peer"", ""msg_linear"": ""off""}"
4,rerank_pipeline,val,0.7702153717329642,0.7702153717329642,,0.7702153717329642,0.9389694847423712,133888,108.4156,jodie_rnn,"{""dataset"": ""public_csv"", ""dataset_dir"": ""data/public"", ""local_data_path"": ""data/public/mooc.csv"", ""train_ratio"": 0.7, ""val_ratio"": 0.1, ""max_events"": 20000, ""num_users"": 1435, ""num_items"": 21, ""num_interactions"": 3000, ""feature_dim"": 4, ""lr"": 0.001, ""neg_sample_size"": 5, ""k"": 10, ""selection_metric"": ""mrr"", ""device"": ""cuda"", ""seed"": 42, ""partition_size"": 2000, ""partition_strategy"": ""count"", ""partition_overlap_ratio"": 0.0, ""num_pipeline_stages"": 3, ""pipeline_worker_gpus"": 1.0, ""pipeline_worker_cpus"": 1.0, ""pipeline_stage_train_workers"": ""1,1,1"", ""pipeline_stage_eval_workers"": ""1,1,1"", ""stage_balance_strategy"": ""cost"", ""stage_balance_user_weight"": 0.25, ""stage_balance_item_weight"": 0.25, ""stage_balance_span_weight"": 0.0, ""pipeline_mode"": ""naive"", ""pipeline_trace"": false, ""pipeline_trace_log_path"": ""results/20260824_220844/pipeline_naive/pipeline_trace.log"", ""ray_address"": """", ""output_dir"": ""results/20260824_220844/pipeline_naive"", ""enable_efficiency_monitor"": false, ""efficiency_monitor_interval"": 10, ""data_parallel_workers"": 3, ""data_parallel_worker_gpus"": 1.0, ""data_parallel_visible_gpus"": ""0,1,2"", ""data_parallel_sync_level"": ""micro_batch"", ""data_parallel_micro_batch_size"": 200, ""gpu_list"": ""0,1,2"", ""enable_auto_pipeline_config"": false, ""batch_training"": false, ""train_batch_size"": 32, ""batch_mode"": ""serial"", ""tgn_loss_mode"": ""all"", ""tgn_window_size"": 10.0, ""eval_frozen"": false, ""max_neighbors"": 0, ""model"": ""jodie_rnn"", ""embedding_dim"": 128, ""memory_cell"": ""rnn"", ""time_proj"": ""linear"", ""use_static_embeddings"": ""off"", ""normalize_state"": ""off"", ""event_agg"": ""none"", ""agg_activation"": ""none"", ""attn_type"": ""dot"", ""time_decay"": ""none"", ""hidden_dim"": 0, ""memory_gate"": ""off"", ""enable_event_agg"": ""off"", ""enable_graph_update"": ""off"", ""message_mode"": ""peer"", ""msg_linear"": ""off""}"
5,coarse_pipeline,val,0.7665839747390003,0.7665839747390003,,0.7665839747390003,0.9724862431215607,402176,57.3948,jodie_rnn,"{""dataset"": ""public_csv"", ""dataset_dir"": ""data/public"", ""local_data_path"": ""data/public/mooc.csv"", ""train_ratio"": 0.7, ""val_ratio"": 0.1, ""max_events"": 20000, ""num_users"": 1435, ""num_items"": 21, ""num_interactions"": 3000, ""feature_dim"": 4, ""lr"": 0.001, ""neg_sample_size"": 5, ""k"": 10, ""selection_metric"": ""mrr"", ""device"": ""cuda"", ""seed"": 42, ""partition_size"": 2000, ""partition_strategy"": ""count"", ""partition_overlap_ratio"": 0.0, ""num_pipeline_stages"": 3, ""pipeline_worker_gpus"": 1.0, ""pipeline_worker_cpus"": 1.0, ""pipeline_stage_train_workers"": ""1,1,1"", ""pipeline_stage_eval_workers"": ""1,1,1"", ""stage_balance_strategy"": ""cost"", ""stage_balance_user_weight"": 0.25, ""stage_balance_item_weight"": 0.25, ""stage_balance_span_weight"": 0.0, ""pipeline_mode"": ""naive"", ""pipeline_trace"": false, ""pipeline_trace_log_path"": ""results/20260824_220844/pipeline_naive/pipeline_trace.log"", ""ray_address"": """", ""output_dir"": ""results/20260824_220844/pipeline_naive"", ""enable_efficiency_monitor"": false, ""efficiency_monitor_interval"": 10, ""data_parallel_workers"": 3, ""data_parallel_worker_gpus"": 1.0, ""data_parallel_visible_gpus"": ""0,1,2"", ""data_parallel_sync_level"": ""micro_batch"", ""data_parallel_micro_batch_size"": 200, ""gpu_list"": ""0,1,2"", ""enable_auto_pipeline_config"": false, ""batch_training"": false, ""train_batch_size"": 32, ""batch_mode"": ""serial"", ""tgn_loss_mode"": ""all"", ""tgn_window_size"": 10.0, ""eval_frozen"": false, ""max_neighbors"": 0, ""model"": ""jodie_rnn"", ""embedding_dim"": 128, ""memory_cell"": ""rnn"", ""time_proj"": ""off"", ""use_static_embeddings"": ""on"", ""normalize_state"": ""off"", ""event_agg"": ""none"", ""agg_activation"": ""none"", ""attn_type"": ""dot"", ""time_decay"": ""none"", ""hidden_dim"": 0, ""memory_gate"": ""off"", ""enable_event_agg"": ""off"", ""enable_graph_update"": ""off"", ""message_mode"": ""peer"", ""msg_linear"": ""off""}"
6,rerank_pipeline,val,0.7524949073369568,0.7524949073369568,,0.7524949073369568,0.9629814907453726,402176,107.824,jodie_rnn,"{""dataset"": ""public_csv"", ""dataset_dir"": ""data/public"", ""local_data_path"": ""data/public/mooc.csv"", ""train_ratio"": 0.7, ""val_ratio"": 0.1, ""max_events"": 20000, ""num_users"": 1435, ""num_items"": 21, ""num_interactions"": 3000, ""feature_dim"": 4, ""lr"": 0.001, ""neg_sample_size"": 5, ""k"": 10, ""selection_metric"": ""mrr"", ""device"": ""cuda"", ""seed"": 42, ""partition_size"": 2000, ""partition_strategy"": ""count"", ""partition_overlap_ratio"": 0.0, ""num_pipeline_stages"": 3, ""pipeline_worker_gpus"": 1.0, ""pipeline_worker_cpus"": 1.0, ""pipeline_stage_train_workers"": ""1,1,1"", ""pipeline_stage_eval_workers"": ""1,1,1"", ""stage_balance_strategy"": ""cost"", ""stage_balance_user_weight"": 0.25, ""stage_balance_item_weight"": 0.25, ""stage_balance_span_weight"": 0.0, ""pipeline_mode"": ""naive"", ""pipeline_trace"": false, ""pipeline_trace_log_path"": ""results/20260824_220844/pipeline_naive/pipeline_trace.log"", ""ray_address"": """", ""output_dir"": ""results/20260824_220844/pipeline_naive"", ""enable_efficiency_monitor"": false, ""efficiency_monitor_interval"": 10, ""data_parallel_workers"": 3, ""data_parallel_worker_gpus"": 1.0, ""data_parallel_visible_gpus"": ""0,1,2"", ""data_parallel_sync_level"": ""micro_batch"", ""data_parallel_micro_batch_size"": 200, ""gpu_list"": ""0,1,2"", ""enable_auto_pipeline_config"": false, ""batch_training"": false, ""train_batch_size"": 32, ""batch_mode"": ""serial"", ""tgn_loss_mode"": ""all"", ""tgn_window_size"": 10.0, ""eval_frozen"": false, ""max_neighbors"": 0, ""model"": ""jodie_rnn"", ""embedding_dim"": 128, ""memory_cell"": ""rnn"", ""time_proj"": ""off"", ""use_static_embeddings"": ""on"", ""normalize_state"": ""off"", ""event_agg"": ""none"", ""agg_activation"": ""none"", ""attn_type"": ""dot"", ""time_decay"": ""none"", ""hidden_dim"": 0, ""memory_gate"": ""off"", ""enable_event_agg"": ""off"", ""enable_graph_update"": ""off"", ""message_mode"": ""peer"", ""msg_linear"": ""off""}"
7,rerank_pipeline,val,0.7465113607018334,0.7465113607018334,,0.7465113607018334,0.9659829914957478,133888,108.1432,jodie_rnn,"{""dataset"": ""public_csv"", ""dataset_dir"": ""data/public"", ""local_data_path"": ""data/public/mooc.csv"", ""train_ratio"": 0.7, ""val_ratio"": 0.1, ""max_events"": 20000, ""num_users"": 1435, ""num_items"": 21, ""num_interactions"": 3000, ""feature_dim"": 4, ""lr"": 0.001, ""neg_sample_size"": 5, ""k"": 10, ""selection_metric"": ""mrr"", ""device"": ""cuda"", ""seed"": 42, ""partition_size"": 2000, ""partition_strategy"": ""count"", ""partition_overlap_ratio"": 0.0, ""num_pipeline_stages"": 3, ""pipeline_worker_gpus"": 1.0, ""pipeline_worker_cpus"": 1.0, ""pipeline_stage_train_workers"": ""1,1,1"", ""pipeline_stage_eval_workers"": ""1,1,1"", ""stage_balance_strategy"": ""cost"", ""stage_balance_user_weight"": 0.25, ""stage_balance_item_weight"": 0.25, ""stage_balance_span_weight"": 0.0, ""pipeline_mode"": ""naive"", ""pipeline_trace"": false, ""pipeline_trace_log_path"": ""results/20260824_220844/pipeline_naive/pipeline_trace.log"", ""ray_address"": """", ""output_dir"": ""results/20260824_220844/pipeline_naive"", ""enable_efficiency_monitor"": false, ""efficiency_monitor_interval"": 10, ""data_parallel_workers"": 3, ""data_parallel_worker_gpus"": 1.0, ""data_parallel_visible_gpus"": ""0,1,2"", ""data_parallel_sync_level"": ""micro_batch"", ""data_parallel_micro_batch_size"": 200, ""gpu_list"": ""0,1,2"", ""enable_auto_pipeline_config"": false, ""batch_training"": false, ""train_batch_size"": 32, ""batch_mode"": ""serial"", ""tgn_loss_mode"": ""all"", ""tgn_window_size"": 10.0, ""eval_frozen"": false, ""max_neighbors"": 0, ""model"": ""jodie_rnn"", ""embedding_dim"": 128, ""memory_cell"": ""rnn"", ""time_proj"": ""linear"", ""use_static_embeddings"": ""off"", ""normalize_state"": ""on"", ""event_agg"": ""none"", ""agg_activation"": ""none"", ""attn_type"": ""dot"", ""time_decay"": ""none"", ""hidden_dim"": 0, ""memory_gate"": ""off"", ""enable_event_agg"": ""off"", ""enable_graph_update"": ""off"", ""message_mode"": ""peer"", ""msg_linear"": ""off""}"
8,coarse_pipeline,val,0.7292414366719895,0.7292414366719895,,0.7292414366719895,0.9554777388694348,133888,59.1616,jodie_rnn,"{""dataset"": ""public_csv"", ""dataset_dir"": ""data/public"", ""local_data_path"": ""data/public/mooc.csv"", ""train_ratio"": 0.7, ""val_ratio"": 0.1, ""max_events"": 20000, ""num_users"": 1435, ""num_items"": 21, ""num_interactions"": 3000, ""feature_dim"": 4, ""lr"": 0.001, ""neg_sample_size"": 5, ""k"": 10, ""selection_metric"": ""mrr"", ""device"": ""cuda"", ""seed"": 42, ""partition_size"": 2000, ""partition_strategy"": ""count"", ""partition_overlap_ratio"": 0.0, ""num_pipeline_stages"": 3, ""pipeline_worker_gpus"": 1.0, ""pipeline_worker_cpus"": 1.0, ""pipeline_stage_train_workers"": ""1,1,1"", ""pipeline_stage_eval_workers"": ""1,1,1"", ""stage_balance_strategy"": ""cost"", ""stage_balance_user_weight"": 0.25, ""stage_balance_item_weight"": 0.25, ""stage_balance_span_weight"": 0.0, ""pipeline_mode"": ""naive"", ""pipeline_trace"": false, ""pipeline_trace_log_path"": ""results/20260824_220844/pipeline_naive/pipeline_trace.log"", ""ray_address"": """", ""output_dir"": ""results/20260824_220844/pipeline_naive"", ""enable_efficiency_monitor"": false, ""efficiency_monitor_interval"": 10, ""data_parallel_workers"": 3, ""data_parallel_worker_gpus"": 1.0, ""data_parallel_visible_gpus"": ""0,1,2"", ""data_parallel_sync_level"": ""micro_batch"", ""data_parallel_micro_batch_size"": 200, ""gpu_list"": ""0,1,2"", ""enable_auto_pipeline_config"": false, ""batch_training"": false, ""train_batch_size"": 32, ""batch_mode"": ""serial"", ""tgn_loss_mode"": ""all"", ""tgn_window_size"": 10.0, ""eval_frozen"": false, ""max_neighbors"": 0, ""model"": ""jodie_rnn"", ""embedding_dim"": 128, ""memory_cell"": ""rnn"", ""time_proj"": ""linear"", ""use_static_embeddings"": ""off"", ""normalize_state"": ""on"", ""event_agg"": ""none"", ""agg_activation"": ""none"", ""attn_type"": ""dot"", ""time_decay"": ""none"", ""hidden_dim"": 0, ""memory_gate"": ""off"", ""enable_event_agg"": ""off"", ""enable_graph_update"": ""off"", ""message_mode"": ""peer"", ""msg_linear"": ""off""}"
9,rerank_pipeline,val,0.7239101480575157,0.7239101480575157,,0.7239101480575157,0.983991995997999,334592,109.6484,jodie_rnn,"{""dataset"": ""public_csv"", ""dataset_dir"": ""data/public"", ""local_data_path"": ""data/public/mooc.csv"", ""train_ratio"": 0.7, ""val_ratio"": 0.1, ""max_events"": 20000, ""num_users"": 1435, ""num_items"": 21, ""num_interactions"": 3000, ""feature_dim"": 4, ""lr"": 0.001, ""neg_sample_size"": 5, ""k"": 10, ""selection_metric"": ""mrr"", ""device"": ""cuda"", ""seed"": 42, ""partition_size"": 2000, ""partition_strategy"": ""count"", ""partition_overlap_ratio"": 0.0, ""num_pipeline_stages"": 3, ""pipeline_worker_gpus"": 1.0, ""pipeline_worker_cpus"": 1.0, ""pipeline_stage_train_workers"": ""1,1,1"", ""pipeline_stage_eval_workers"": ""1,1,1"", ""stage_balance_strategy"": ""cost"", ""stage_balance_user_weight"": 0.25, ""stage_balance_item_weight"": 0.25, ""stage_balance_span_weight"": 0.0, ""pipeline_mode"": ""naive"", ""pipeline_trace"": false, ""pipeline_trace_log_path"": ""results/20260824_220844/pipeline_naive/pipeline_trace.log"", ""ray_address"": """", ""output_dir"": ""results/20260824_220844/pipeline_naive"", ""enable_efficiency_monitor"": false, ""efficiency_monitor_interval"": 10, ""data_parallel_workers"": 3, ""data_parallel_worker_gpus"": 1.0, ""data_parallel_visible_gpus"": ""0,1,2"", ""data_parallel_sync_level"": ""micro_batch"", ""data_parallel_micro_batch_size"": 200, ""gpu_list"": ""0,1,2"", ""enable_auto_pipeline_config"": false, ""batch_training"": false, ""train_batch_size"": 32, ""batch_mode"": ""serial"", ""tgn_loss_mode"": ""all"", ""tgn_window_size"": 10.0, ""eval_frozen"": false, ""max_neighbors"": 0, ""model"": ""jodie_rnn"", ""embedding_dim"": 128, ""memory_cell"": ""gru"", ""time_proj"": ""linear"", ""use_static_embeddings"": ""off"", ""normalize_state"": ""on"", ""event_agg"": ""none"", ""agg_activation"": ""none"", ""attn_type"": ""dot"", ""time_decay"": ""none"", ""hidden_dim"": 0, ""memory_gate"": ""off"", ""enable_event_agg"": ""off"", ""enable_graph_update"": ""off"", ""message_mode"": ""peer"", ""msg_linear"": ""off""}"
10,coarse_pipeline,val,0.7236637073152264,0.7236637073152264,,0.7236637073152264,0.9414707353676839,133888,60.4243,jodie_rnn,"{""dataset"": ""public_csv"", ""dataset_dir"": ""data/public"", ""local_data_path"": ""data/public/mooc.csv"", ""train_ratio"": 0.7, ""val_ratio"": 0.1, ""max_events"": 20000, ""num_users"": 1435, ""num_items"": 21, ""num_interactions"": 3000, ""feature_dim"": 4, ""lr"": 0.001, ""neg_sample_size"": 5, ""k"": 10, ""selection_metric"": ""mrr"", ""device"": ""cuda"", ""seed"": 42, ""partition_size"": 2000, ""partition_strategy"": ""count"", ""partition_overlap_ratio"": 0.0, ""num_pipeline_stages"": 3, ""pipeline_worker_gpus"": 1.0, ""pipeline_worker_cpus"": 1.0, ""pipeline_stage_train_workers"": ""1,1,1"", ""pipeline_stage_eval_workers"": ""1,1,1"", ""stage_balance_strategy"": ""cost"", ""stage_balance_user_weight"": 0.25, ""stage_balance_item_weight"": 0.25, ""stage_balance_span_weight"": 0.0, ""pipeline_mode"": ""naive"", ""pipeline_trace"": false, ""pipeline_trace_log_path"": ""results/20260824_220844/pipeline_naive/pipeline_trace.log"", ""ray_address"": """", ""output_dir"": ""results/20260824_220844/pipeline_naive"", ""enable_efficiency_monitor"": false, ""efficiency_monitor_interval"": 10, ""data_parallel_workers"": 3, ""data_parallel_worker_gpus"": 1.0, ""data_parallel_visible_gpus"": ""0,1,2"", ""data_parallel_sync_level"": ""micro_batch"", ""data_parallel_micro_batch_size"": 200, ""gpu_list"": ""0,1,2"", ""enable_auto_pipeline_config"": false, ""batch_training"": false, ""train_batch_size"": 32, ""batch_mode"": ""serial"", ""tgn_loss_mode"": ""all"", ""tgn_window_size"": 10.0, ""eval_frozen"": false, ""max_neighbors"": 0, ""model"": ""jodie_rnn"", ""embedding_dim"": 128, ""memory_cell"": ""rnn"", ""time_proj"": ""linear"", ""use_static_embeddings"": ""off"", ""normalize_state"": ""off"", ""event_agg"": ""none"", ""agg_activation"": ""none"", ""attn_type"": ""dot"", ""time_decay"": ""none"", ""hidden_dim"": 0, ""memory_gate"": ""off"", ""enable_event_agg"": ""off"", ""enable_graph_update"": ""off"", ""message_mode"": ""peer"", ""msg_linear"": ""off""}"
11,coarse_pipeline,val,0.7102999452702168,0.7102999452702168,,0.7102999452702168,0.9429714857428715,402176,58.1253,jodie_rnn,"{""dataset"": ""public_csv"", ""dataset_dir"": ""data/public"", ""local_data_path"": ""data/public/mooc.csv"", ""train_ratio"": 0.7, ""val_ratio"": 0.1, ""max_events"": 20000, ""num_users"": 1435, ""num_items"": 21, ""num_interactions"": 3000, ""feature_dim"": 4, ""lr"": 0.001, ""neg_sample_size"": 5, ""k"": 10, ""selection_metric"": ""mrr"", ""device"": ""cuda"", ""seed"": 42, ""partition_size"": 2000, ""partition_strategy"": ""count"", ""partition_overlap_ratio"": 0.0, ""num_pipeline_stages"": 3, ""pipeline_worker_gpus"": 1.0, ""pipeline_worker_cpus"": 1.0, ""pipeline_stage_train_workers"": ""1,1,1"", ""pipeline_stage_eval_workers"": ""1,1,1"", ""stage_balance_strategy"": ""cost"", ""stage_balance_user_weight"": 0.25, ""stage_balance_item_weight"": 0.25, ""stage_balance_span_weight"": 0.0, ""pipeline_mode"": ""naive"", ""pipeline_trace"": false, ""pipeline_trace_log_path"": ""results/20260824_220844/pipeline_naive/pipeline_trace.log"", ""ray_address"": """", ""output_dir"": ""results/20260824_220844/pipeline_naive"", ""enable_efficiency_monitor"": false, ""efficiency_monitor_interval"": 10, ""data_parallel_workers"": 3, ""data_parallel_worker_gpus"": 1.0, ""data_parallel_visible_gpus"": ""0,1,2"", ""data_parallel_sync_level"": ""micro_batch"", ""data_parallel_micro_batch_size"": 200, ""gpu_list"": ""0,1,2"", ""enable_auto_pipeline_config"": false, ""batch_training"": false, ""train_batch_size"": 32, ""batch_mode"": ""serial"", ""tgn_loss_mode"": ""all"", ""tgn_window_size"": 10.0, ""eval_frozen"": false, ""max_neighbors"": 0, ""model"": ""jodie_rnn"", ""embedding_dim"": 128, ""memory_cell"": ""rnn"", ""time_proj"": ""linear"", ""use_static_embeddings"": ""on"", ""normalize_state"": ""on"", ""event_agg"": ""none"", ""agg_activation"": ""none"", ""attn_type"": ""dot"", ""time_decay"": ""none"", ""hidden_dim"": 0, ""memory_gate"": ""off"", ""enable_event_agg"": ""off"", ""enable_graph_update"": ""off"", ""message_mode"": ""peer"", ""msg_linear"": ""off""}"
12,coarse_pipeline,val,0.7042133178999791,0.7042133178999791,,0.7042133178999791,0.9254627313656828,8896,58.2083,jodie_rnn,"{""dataset"": ""public_csv"", ""dataset_dir"": ""data/public"", ""local_data_path"": ""data/public/mooc.csv"", ""train_ratio"": 0.7, ""val_ratio"": 0.1, ""max_events"": 20000, ""num_users"": 1435, ""num_items"": 21, ""num_interactions"": 3000, ""feature_dim"": 4, ""lr"": 0.001, ""neg_sample_size"": 5, ""k"": 10, ""selection_metric"": ""mrr"", ""device"": ""cuda"", ""seed"": 42, ""partition_size"": 2000, ""partition_strategy"": ""count"", ""partition_overlap_ratio"": 0.0, ""num_pipeline_stages"": 3, ""pipeline_worker_gpus"": 1.0, ""pipeline_worker_cpus"": 1.0, ""pipeline_stage_train_workers"": ""1,1,1"", ""pipeline_stage_eval_workers"": ""1,1,1"", ""stage_balance_strategy"": ""cost"", ""stage_balance_user_weight"": 0.25, ""stage_balance_item_weight"": 0.25, ""stage_balance_span_weight"": 0.0, ""pipeline_mode"": ""naive"", ""pipeline_trace"": false, ""pipeline_trace_log_path"": ""results/20260824_220844/pipeline_naive/pipeline_trace.log"", ""ray_address"": """", ""output_dir"": ""results/20260824_220844/pipeline_naive"", ""enable_efficiency_monitor"": false, ""efficiency_monitor_interval"": 10, ""data_parallel_workers"": 3, ""data_parallel_worker_gpus"": 1.0, ""data_parallel_visible_gpus"": ""0,1,2"", ""data_parallel_sync_level"": ""micro_batch"", ""data_parallel_micro_batch_size"": 200, ""gpu_list"": ""0,1,2"", ""enable_auto_pipeline_config"": false, ""batch_training"": false, ""train_batch_size"": 32, ""batch_mode"": ""serial"", ""tgn_loss_mode"": ""all"", ""tgn_window_size"": 10.0, ""eval_frozen"": false, ""max_neighbors"": 0, ""model"": ""jodie_rnn"", ""embedding_dim"": 32, ""memory_cell"": ""rnn"", ""time_proj"": ""linear"", ""use_static_embeddings"": ""off"", ""normalize_state"": ""on"", ""event_agg"": ""none"", ""agg_activation"": ""none"", ""attn_type"": ""dot"", ""time_decay"": ""none"", ""hidden_dim"": 0, ""memory_gate"": ""off"", ""enable_event_agg"": ""off"", ""enable_graph_update"": ""off"", ""message_mode"": ""peer"", ""msg_linear"": ""off""}"
13,coarse_pipeline,val,0.7001730523481908,0.7001730523481908,,0.7001730523481908,0.903951975987994,8896,54.9685,jodie_rnn,"{""dataset"": ""public_csv"", ""dataset_dir"": ""data/public"", ""local_data_path"": ""data/public/mooc.csv"", ""train_ratio"": 0.7, ""val_ratio"": 0.1, ""max_events"": 20000, ""num_users"": 1435, ""num_items"": 21, ""num_interactions"": 3000, ""feature_dim"": 4, ""lr"": 0.001, ""neg_sample_size"": 5, ""k"": 10, ""selection_metric"": ""mrr"", ""device"": ""cuda"", ""seed"": 42, ""partition_size"": 2000, ""partition_strategy"": ""count"", ""partition_overlap_ratio"": 0.0, ""num_pipeline_stages"": 3, ""pipeline_worker_gpus"": 1.0, ""pipeline_worker_cpus"": 1.0, ""pipeline_stage_train_workers"": ""1,1,1"", ""pipeline_stage_eval_workers"": ""1,1,1"", ""stage_balance_strategy"": ""cost"", ""stage_balance_user_weight"": 0.25, ""stage_balance_item_weight"": 0.25, ""stage_balance_span_weight"": 0.0, ""pipeline_mode"": ""naive"", ""pipeline_trace"": false, ""pipeline_trace_log_path"": ""results/20260824_220844/pipeline_naive/pipeline_trace.log"", ""ray_address"": """", ""output_dir"": ""results/20260824_220844/pipeline_naive"", ""enable_efficiency_monitor"": false, ""efficiency_monitor_interval"": 10, ""data_parallel_workers"": 3, ""data_parallel_worker_gpus"": 1.0, ""data_parallel_visible_gpus"": ""0,1,2"", ""data_parallel_sync_level"": ""micro_batch"", ""data_parallel_micro_batch_size"": 200, ""gpu_list"": ""0,1,2"", ""enable_auto_pipeline_config"": false, ""batch_training"": false, ""train_batch_size"": 32, ""batch_mode"": ""serial"", ""tgn_loss_mode"": ""all"", ""tgn_window_size"": 10.0, ""eval_frozen"": false, ""max_neighbors"": 0, ""model"": ""jodie_rnn"", ""embedding_dim"": 32, ""memory_cell"": ""rnn"", ""time_proj"": ""linear"", ""use_static_embeddings"": ""off"", ""normalize_state"": ""off"", ""event_agg"": ""none"", ""agg_activation"": ""none"", ""attn_type"": ""dot"", ""time_decay"": ""none"", ""hidden_dim"": 0, ""memory_gate"": ""off"", ""enable_event_agg"": ""off"", ""enable_graph_update"": ""off"", ""message_mode"": ""peer"", ""msg_linear"": ""off""}"
14,coarse_pipeline,val,0.6851227492294142,0.6851227492294142,,0.6851227492294142,0.9484742371185593,334592,57.599,jodie_rnn,"{""dataset"": ""public_csv"", ""dataset_dir"": ""data/public"", ""local_data_path"": ""data/public/mooc.csv"", ""train_ratio"": 0.7, ""val_ratio"": 0.1, ""max_events"": 20000, ""num_users"": 1435, ""num_items"": 21, ""num_interactions"": 3000, ""feature_dim"": 4, ""lr"": 0.001, ""neg_sample_size"": 5, ""k"": 10, ""selection_metric"": ""mrr"", ""device"": ""cuda"", ""seed"": 42, ""partition_size"": 2000, ""partition_strategy"": ""count"", ""partition_overlap_ratio"": 0.0, ""num_pipeline_stages"": 3, ""pipeline_worker_gpus"": 1.0, ""pipeline_worker_cpus"": 1.0, ""pipeline_stage_train_workers"": ""1,1,1"", ""pipeline_stage_eval_workers"": ""1,1,1"", ""stage_balance_strategy"": ""cost"", ""stage_balance_user_weight"": 0.25, ""stage_balance_item_weight"": 0.25, ""stage_balance_span_weight"": 0.0, ""pipeline_mode"": ""naive"", ""pipeline_trace"": false, ""pipeline_trace_log_path"": ""results/20260824_220844/pipeline_naive/pipeline_trace.log"", ""ray_address"": """", ""output_dir"": ""results/20260824_220844/pipeline_naive"", ""enable_efficiency_monitor"": false, ""efficiency_monitor_interval"": 10, ""data_parallel_workers"": 3, ""data_parallel_worker_gpus"": 1.0, ""data_parallel_visible_gpus"": ""0,1,2"", ""data_parallel_sync_level"": ""micro_batch"", ""data_parallel_micro_batch_size"": 200, ""gpu_list"": ""0,1,2"", ""enable_auto_pipeline_config"": false, ""batch_training"": false, ""train_batch_size"": 32, ""batch_mode"": ""serial"", ""tgn_loss_mode"": ""all"", ""tgn_window_size"": 10.0, ""eval_frozen"": false, ""max_neighbors"": 0, ""model"": ""jodie_rnn"", ""embedding_dim"": 128, ""memory_cell"": ""gru"", ""time_proj"": ""linear"", ""use_static_embeddings"": ""off"", ""normalize_state"": ""on"", ""event_agg"": ""none"", ""agg_activation"": ""none"", ""attn_type"": ""dot"", ""time_decay"": ""none"", ""hidden_dim"": 0, ""memory_gate"": ""off"", ""enable_event_agg"": ""off"", ""enable_graph_update"": ""off"", ""message_mode"": ""peer"", ""msg_linear"": ""off""}"
15,coarse_pipeline,val,0.6789929518333387,0.6789929518333387,,0.6789929518333387,0.9529764882441221,34176,57.4909,jodie_rnn,"{""dataset"": ""public_csv"", ""dataset_dir"": ""data/public"", ""local_data_path"": ""data/public/mooc.csv"", ""train_ratio"": 0.7, ""val_ratio"": 0.1, ""max_events"": 20000, ""num_users"": 1435, ""num_items"": 21, ""num_interactions"": 3000, ""feature_dim"": 4, ""lr"": 0.001, ""neg_sample_size"": 5, ""k"": 10, ""selection_metric"": ""mrr"", ""device"": ""cuda"", ""seed"": 42, ""partition_size"": 2000, ""partition_strategy"": ""count"", ""partition_overlap_ratio"": 0.0, ""num_pipeline_stages"": 3, ""pipeline_worker_gpus"": 1.0, ""pipeline_worker_cpus"": 1.0, ""pipeline_stage_train_workers"": ""1,1,1"", ""pipeline_stage_eval_workers"": ""1,1,1"", ""stage_balance_strategy"": ""cost"", ""stage_balance_user_weight"": 0.25, ""stage_balance_item_weight"": 0.25, ""stage_balance_span_weight"": 0.0, ""pipeline_mode"": ""naive"", ""pipeline_trace"": false, ""pipeline_trace_log_path"": ""results/20260824_220844/pipeline_naive/pipeline_trace.log"", ""ray_address"": """", ""output_dir"": ""results/20260824_220844/pipeline_naive"", ""enable_efficiency_monitor"": false, ""efficiency_monitor_interval"": 10, ""data_parallel_workers"": 3, ""data_parallel_worker_gpus"": 1.0, ""data_parallel_visible_gpus"": ""0,1,2"", ""data_parallel_sync_level"": ""micro_batch"", ""data_parallel_micro_batch_size"": 200, ""gpu_list"": ""0,1,2"", ""enable_auto_pipeline_config"": false, ""batch_training"": false, ""train_batch_size"": 32, ""batch_mode"": ""serial"", ""tgn_loss_mode"": ""all"", ""tgn_window_size"": 10.0, ""eval_frozen"": false, ""max_neighbors"": 0, ""model"": ""jodie_rnn"", ""embedding_dim"": 64, ""memory_cell"": ""rnn"", ""time_proj"": ""off"", ""use_static_embeddings"": ""off"", ""normalize_state"": ""off"", ""event_agg"": ""none"", ""agg_activation"": ""none"", ""attn_type"": ""dot"", ""time_decay"": ""none"", ""hidden_dim"": 0, ""memory_gate"": ""off"", ""enable_event_agg"": ""off"", ""enable_graph_update"": ""off"", ""message_mode"": ""peer"", ""msg_linear"": ""off""}"
16,coarse_pipeline,val,0.6786619493263827,0.6786619493263827,,0.6786619493263827,0.9399699849924963,34176,58.9476,jodie_rnn,"{""dataset"": ""public_csv"", ""dataset_dir"": ""data/public"", ""local_data_path"": ""data/public/mooc.csv"", ""train_ratio"": 0.7, ""val_ratio"": 0.1, ""max_events"": 20000, ""num_users"": 1435, ""num_items"": 21, ""num_interactions"": 3000, ""feature_dim"": 4, ""lr"": 0.001, ""neg_sample_size"": 5, ""k"": 10, ""selection_metric"": ""mrr"", ""device"": ""cuda"", ""seed"": 42, ""partition_size"": 2000, ""partition_strategy"": ""count"", ""partition_overlap_ratio"": 0.0, ""num_pipeline_stages"": 3, ""pipeline_worker_gpus"": 1.0, ""pipeline_worker_cpus"": 1.0, ""pipeline_stage_train_workers"": ""1,1,1"", ""pipeline_stage_eval_workers"": ""1,1,1"", ""stage_balance_strategy"": ""cost"", ""stage_balance_user_weight"": 0.25, ""stage_balance_item_weight"": 0.25, ""stage_balance_span_weight"": 0.0, ""pipeline_mode"": ""naive"", ""pipeline_trace"": false, ""pipeline_trace_log_path"": ""results/20260824_220844/pipeline_naive/pipeline_trace.log"", ""ray_address"": """", ""output_dir"": ""results/20260824_220844/pipeline_naive"", ""enable_efficiency_monitor"": false, ""efficiency_monitor_interval"": 10, ""data_parallel_workers"": 3, ""data_parallel_worker_gpus"": 1.0, ""data_parallel_visible_gpus"": ""0,1,2"", ""data_parallel_sync_level"": ""micro_batch"", ""data_parallel_micro_batch_size"": 200, ""gpu_list"": ""0,1,2"", ""enable_auto_pipeline_config"": false, ""batch_training"": false, ""train_batch_size"": 32, ""batch_mode"": ""serial"", ""tgn_loss_mode"": ""all"", ""tgn_window_size"": 10.0, ""eval_frozen"": false, ""max_neighbors"": 0, ""model"": ""jodie_rnn"", ""embedding_dim"": 64, ""memory_cell"": ""rnn"", ""time_proj"": ""linear"", ""use_static_embeddings"": ""off"", ""normalize_state"": ""on"", ""event_agg"": ""none"", ""agg_activation"": ""none"", ""attn_type"": ""dot"", ""time_decay"": ""none"", ""hidden_dim"": 0, ""memory_gate"": ""off"", ""enable_event_agg"": ""off"", ""enable_graph_update"": ""off"", ""message_mode"": ""peer"", ""msg_linear"": ""off""}"
17,coarse_pipeline,val,0.667757624375619,0.667757624375619,,0.667757624375619,0.9069534767383692,34176,53.8042,jodie_rnn,"{""dataset"": ""public_csv"", ""dataset_dir"": ""data/public"", ""local_data_path"": ""data/public/mooc.csv"", ""train_ratio"": 0.7, ""val_ratio"": 0.1, ""max_events"": 20000, ""num_users"": 1435, ""num_items"": 21, ""num_interactions"": 3000, ""feature_dim"": 4, ""lr"": 0.001, ""neg_sample_size"": 5, ""k"": 10, ""selection_metric"": ""mrr"", ""device"": ""cuda"", ""seed"": 42, ""partition_size"": 2000, ""partition_strategy"": ""count"", ""partition_overlap_ratio"": 0.0, ""num_pipeline_stages"": 3, ""pipeline_worker_gpus"": 1.0, ""pipeline_worker_cpus"": 1.0, ""pipeline_stage_train_workers"": ""1,1,1"", ""pipeline_stage_eval_workers"": ""1,1,1"", ""stage_balance_strategy"": ""cost"", ""stage_balance_user_weight"": 0.25, ""stage_balance_item_weight"": 0.25, ""stage_balance_span_weight"": 0.0, ""pipeline_mode"": ""naive"", ""pipeline_trace"": false, ""pipeline_trace_log_path"": ""results/20260824_220844/pipeline_naive/pipeline_trace.log"", ""ray_address"": """", ""output_dir"": ""results/20260824_220844/pipeline_naive"", ""enable_efficiency_monitor"": false, ""efficiency_monitor_interval"": 10, ""data_parallel_workers"": 3, ""data_parallel_worker_gpus"": 1.0, ""data_parallel_visible_gpus"": ""0,1,2"", ""data_parallel_sync_level"": ""micro_batch"", ""data_parallel_micro_batch_size"": 200, ""gpu_list"": ""0,1,2"", ""enable_auto_pipeline_config"": false, ""batch_training"": false, ""train_batch_size"": 32, ""batch_mode"": ""serial"", ""tgn_loss_mode"": ""all"", ""tgn_window_size"": 10.0, ""eval_frozen"": false, ""max_neighbors"": 0, ""model"": ""jodie_rnn"", ""embedding_dim"": 64, ""memory_cell"": ""rnn"", ""time_proj"": ""linear"", ""use_static_embeddings"": ""off"", ""normalize_state"": ""off"", ""event_agg"": ""none"", ""agg_activation"": ""none"", ""attn_type"": ""dot"", ""time_decay"": ""none"", ""hidden_dim"": 0, ""memory_gate"": ""off"", ""enable_event_agg"": ""off"", ""enable_graph_update"": ""off"", ""message_mode"": ""peer"", ""msg_linear"": ""off""}"
18,rerank_pipeline,val,0.6453344724545723,0.6453344724545723,,0.6453344724545723,0.888944472236118,8896,109.0658,jodie_rnn,"{""dataset"": ""public_csv"", ""dataset_dir"": ""data/public"", ""local_data_path"": ""data/public/mooc.csv"", ""train_ratio"": 0.7, ""val_ratio"": 0.1, ""max_events"": 20000, ""num_users"": 1435, ""num_items"": 21, ""num_interactions"": 3000, ""feature_dim"": 4, ""lr"": 0.001, ""neg_sample_size"": 5, ""k"": 10, ""selection_metric"": ""mrr"", ""device"": ""cuda"", ""seed"": 42, ""partition_size"": 2000, ""partition_strategy"": ""count"", ""partition_overlap_ratio"": 0.0, ""num_pipeline_stages"": 3, ""pipeline_worker_gpus"": 1.0, ""pipeline_worker_cpus"": 1.0, ""pipeline_stage_train_workers"": ""1,1,1"", ""pipeline_stage_eval_workers"": ""1,1,1"", ""stage_balance_strategy"": ""cost"", ""stage_balance_user_weight"": 0.25, ""stage_balance_item_weight"": 0.25, ""stage_balance_span_weight"": 0.0, ""pipeline_mode"": ""naive"", ""pipeline_trace"": false, ""pipeline_trace_log_path"": ""results/20260824_220844/pipeline_naive/pipeline_trace.log"", ""ray_address"": """", ""output_dir"": ""results/20260824_220844/pipeline_naive"", ""enable_efficiency_monitor"": false, ""efficiency_monitor_interval"": 10, ""data_parallel_workers"": 3, ""data_parallel_worker_gpus"": 1.0, ""data_parallel_visible_gpus"": ""0,1,2"", ""data_parallel_sync_level"": ""micro_batch"", ""data_parallel_micro_batch_size"": 200, ""gpu_list"": ""0,1,2"", ""enable_auto_pipeline_config"": false, ""batch_training"": false, ""train_batch_size"": 32, ""batch_mode"": ""serial"", ""tgn_loss_mode"": ""all"", ""tgn_window_size"": 10.0, ""eval_frozen"": false, ""max_neighbors"": 0, ""model"": ""jodie_rnn"", ""embedding_dim"": 32, ""memory_cell"": ""rnn"", ""time_proj"": ""linear"", ""use_static_embeddings"": ""off"", ""normalize_state"": ""on"", ""event_agg"": ""none"", ""agg_activation"": ""none"", ""attn_type"": ""dot"", ""time_decay"": ""none"", ""hidden_dim"": 0, ""memory_gate"": ""off"", ""enable_event_agg"": ""off"", ""enable_graph_update"": ""off"", ""message_mode"": ""peer"", ""msg_linear"": ""off""}"
19,coarse_pipeline,val,0.6283879563935426,0.6283879563935426,,0.6283879563935426,0.8824412206103052,147840,55.3575,jodie_rnn,"{""dataset"": ""public_csv"", ""dataset_dir"": ""data/public"", ""local_data_path"": ""data/public/mooc.csv"", ""train_ratio"": 0.7, ""val_ratio"": 0.1, ""max_events"": 20000, ""num_users"": 1435, ""num_items"": 21, ""num_interactions"": 3000, ""feature_dim"": 4, ""lr"": 0.001, ""neg_sample_size"": 5, ""k"": 10, ""selection_metric"": ""mrr"", ""device"": ""cuda"", ""seed"": 42, ""partition_size"": 2000, ""partition_strategy"": ""count"", ""partition_overlap_ratio"": 0.0, ""num_pipeline_stages"": 3, ""pipeline_worker_gpus"": 1.0, ""pipeline_worker_cpus"": 1.0, ""pipeline_stage_train_workers"": ""1,1,1"", ""pipeline_stage_eval_workers"": ""1,1,1"", ""stage_balance_strategy"": ""cost"", ""stage_balance_user_weight"": 0.25, ""stage_balance_item_weight"": 0.25, ""stage_balance_span_weight"": 0.0, ""pipeline_mode"": ""naive"", ""pipeline_trace"": false, ""pipeline_trace_log_path"": ""results/20260824_220844/pipeline_naive/pipeline_trace.log"", ""ray_address"": """", ""output_dir"": ""results/20260824_220844/pipeline_naive"", ""enable_efficiency_monitor"": false, ""efficiency_monitor_interval"": 10, ""data_parallel_workers"": 3, ""data_parallel_worker_gpus"": 1.0, ""data_parallel_visible_gpus"": ""0,1,2"", ""data_parallel_sync_level"": ""micro_batch"", ""data_parallel_micro_batch_size"": 200, ""gpu_list"": ""0,1,2"", ""enable_auto_pipeline_config"": false, ""batch_training"": false, ""train_batch_size"": 32, ""batch_mode"": ""serial"", ""tgn_loss_mode"": ""all"", ""tgn_window_size"": 10.0, ""eval_frozen"": false, ""max_neighbors"": 0, ""model"": ""jodie_rnn"", ""embedding_dim"": 64, ""memory_cell"": ""rnn"", ""time_proj"": ""linear"", ""use_static_embeddings"": ""on"", ""normalize_state"": ""on"", ""event_agg"": ""none"", ""agg_activation"": ""none"", ""attn_type"": ""dot"", ""time_decay"": ""none"", ""hidden_dim"": 0, ""memory_gate"": ""off"", ""enable_event_agg"": ""off"", ""enable_graph_update"": ""off"", ""message_mode"": ""peer"", ""msg_linear"": ""off""}"
20,coarse_pipeline,val,0.6172860007110148,0.6172860007110148,,0.6172860007110148,0.9339669834917459,147840,55.8065,jodie_rnn,"{""dataset"": ""public_csv"", ""dataset_dir"": ""data/public"", ""local_data_path"": ""data/public/mooc.csv"", ""train_ratio"": 0.7, ""val_ratio"": 0.1, ""max_events"": 20000, ""num_users"": 1435, ""num_items"": 21, ""num_interactions"": 3000, ""feature_dim"": 4, ""lr"": 0.001, ""neg_sample_size"": 5, ""k"": 10, ""selection_metric"": ""mrr"", ""device"": ""cuda"", ""seed"": 42, ""partition_size"": 2000, ""partition_strategy"": ""count"", ""partition_overlap_ratio"": 0.0, ""num_pipeline_stages"": 3, ""pipeline_worker_gpus"": 1.0, ""pipeline_worker_cpus"": 1.0, ""pipeline_stage_train_workers"": ""1,1,1"", ""pipeline_stage_eval_workers"": ""1,1,1"", ""stage_balance_strategy"": ""cost"", ""stage_balance_user_weight"": 0.25, ""stage_balance_item_weight"": 0.25, ""stage_balance_span_weight"": 0.0, ""pipeline_mode"": ""naive"", ""pipeline_trace"": false, ""pipeline_trace_log_path"": ""results/20260824_220844/pipeline_naive/pipeline_trace.log"", ""ray_address"": """", ""output_dir"": ""results/20260824_220844/pipeline_naive"", ""enable_efficiency_monitor"": false, ""efficiency_monitor_interval"": 10, ""data_parallel_workers"": 3, ""data_parallel_worker_gpus"": 1.0, ""data_parallel_visible_gpus"": ""0,1,2"", ""data_parallel_sync_level"": ""micro_batch"", ""data_parallel_micro_batch_size"": 200, ""gpu_list"": ""0,1,2"", ""enable_auto_pipeline_config"": false, ""batch_training"": false, ""train_batch_size"": 32, ""batch_mode"": ""serial"", ""tgn_loss_mode"": ""all"", ""tgn_window_size"": 10.0, ""eval_frozen"": false, ""max_neighbors"": 0, ""model"": ""jodie_rnn"", ""embedding_dim"": 64, ""memory_cell"": ""rnn"", ""time_proj"": ""off"", ""use_static_embeddings"": ""on"", ""normalize_state"": ""off"", ""event_agg"": ""none"", ""agg_activation"": ""none"", ""attn_type"": ""dot"", ""time_decay"": ""none"", ""hidden_dim"": 0, ""memory_gate"": ""off"", ""enable_event_agg"": ""off"", ""enable_graph_update"": ""off"", ""message_mode"": ""peer"", ""msg_linear"": ""off""}"
21,coarse_pipeline,val,0.6147442172122468,0.6147442172122468,,0.6147442172122468,0.8809404702351176,60608,57.1796,jodie_rnn,"{""dataset"": ""public_csv"", ""dataset_dir"": ""data/public"", ""local_data_path"": ""data/public/mooc.csv"", ""train_ratio"": 0.7, ""val_ratio"": 0.1, ""max_events"": 20000, ""num_users"": 1435, ""num_items"": 21, ""num_interactions"": 3000, ""feature_dim"": 4, ""lr"": 0.001, ""neg_sample_size"": 5, ""k"": 10, ""selection_metric"": ""mrr"", ""device"": ""cuda"", ""seed"": 42, ""partition_size"": 2000, ""partition_strategy"": ""count"", ""partition_overlap_ratio"": 0.0, ""num_pipeline_stages"": 3, ""pipeline_worker_gpus"": 1.0, ""pipeline_worker_cpus"": 1.0, ""pipeline_stage_train_workers"": ""1,1,1"", ""pipeline_stage_eval_workers"": ""1,1,1"", ""stage_balance_strategy"": ""cost"", ""stage_balance_user_weight"": 0.25, ""stage_balance_item_weight"": 0.25, ""stage_balance_span_weight"": 0.0, ""pipeline_mode"": ""naive"", ""pipeline_trace"": false, ""pipeline_trace_log_path"": ""results/20260824_220844/pipeline_naive/pipeline_trace.log"", ""ray_address"": """", ""output_dir"": ""results/20260824_220844/pipeline_naive"", ""enable_efficiency_monitor"": false, ""efficiency_monitor_interval"": 10, ""data_parallel_workers"": 3, ""data_parallel_worker_gpus"": 1.0, ""data_parallel_visible_gpus"": ""0,1,2"", ""data_parallel_sync_level"": ""micro_batch"", ""data_parallel_micro_batch_size"": 200, ""gpu_list"": ""0,1,2"", ""enable_auto_pipeline_config"": false, ""batch_training"": false, ""train_batch_size"": 32, ""batch_mode"": ""serial"", ""tgn_loss_mode"": ""all"", ""tgn_window_size"": 10.0, ""eval_frozen"": false, ""max_neighbors"": 0, ""model"": ""jodie_rnn"", ""embedding_dim"": 32, ""memory_cell"": ""rnn"", ""time_proj"": ""linear"", ""use_static_embeddings"": ""on"", ""normalize_state"": ""off"", ""event_agg"": ""none"", ""agg_activation"": ""none"", ""attn_type"": ""dot"", ""time_decay"": ""none"", ""hidden_dim"": 0, ""memory_gate"": ""off"", ""enable_event_agg"": ""off"", ""enable_graph_update"": ""off"", ""message_mode"": ""peer"", ""msg_linear"": ""off""}"
22,coarse_pipeline,val,0.6004631705941734,0.6004631705941734,,0.6004631705941734,0.9494747373686844,733952,58.3598,jodie_rnn,"{""dataset"": ""public_csv"", ""dataset_dir"": ""data/public"", ""local_data_path"": ""data/public/mooc.csv"", ""train_ratio"": 0.7, ""val_ratio"": 0.1, ""max_events"": 20000, ""num_users"": 1435, ""num_items"": 21, ""num_interactions"": 3000, ""feature_dim"": 4, ""lr"": 0.001, ""neg_sample_size"": 5, ""k"": 10, ""selection_metric"": ""mrr"", ""device"": ""cuda"", ""seed"": 42, ""partition_size"": 2000, ""partition_strategy"": ""count"", ""partition_overlap_ratio"": 0.0, ""num_pipeline_stages"": 3, ""pipeline_worker_gpus"": 1.0, ""pipeline_worker_cpus"": 1.0, ""pipeline_stage_train_workers"": ""1,1,1"", ""pipeline_stage_eval_workers"": ""1,1,1"", ""stage_balance_strategy"": ""cost"", ""stage_balance_user_weight"": 0.25, ""stage_balance_item_weight"": 0.25, ""stage_balance_span_weight"": 0.0, ""pipeline_mode"": ""naive"", ""pipeline_trace"": false, ""pipeline_trace_log_path"": ""results/20260824_220844/pipeline_naive/pipeline_trace.log"", ""ray_address"": """", ""output_dir"": ""results/20260824_220844/pipeline_naive"", ""enable_efficiency_monitor"": false, ""efficiency_monitor_interval"": 10, ""data_parallel_workers"": 3, ""data_parallel_worker_gpus"": 1.0, ""data_parallel_visible_gpus"": ""0,1,2"", ""data_parallel_sync_level"": ""micro_batch"", ""data_parallel_micro_batch_size"": 200, ""gpu_list"": ""0,1,2"", ""enable_auto_pipeline_config"": false, ""batch_training"": false, ""train_batch_size"": 32, ""batch_mode"": ""serial"", ""tgn_loss_mode"": ""all"", ""tgn_window_size"": 10.0, ""eval_frozen"": false, ""max_neighbors"": 0, ""model"": ""jodie_rnn"", ""embedding_dim"": 128, ""memory_cell"": ""gru"", ""time_proj"": ""linear"", ""use_static_embeddings"": ""on"", ""normalize_state"": ""on"", ""event_agg"": ""none"", ""agg_activation"": ""none"", ""attn_type"": ""dot"", ""time_decay"": ""none"", ""hidden_dim"": 0, ""memory_gate"": ""off"", ""enable_event_agg"": ""off"", ""enable_graph_update"": ""off"", ""message_mode"": ""peer"", ""msg_linear"": ""off""}"
23,coarse_pipeline,val,0.592989691903023,0.592989691903023,,0.592989691903023,0.912456228114057,402176,61.2616,jodie_rnn,"{""dataset"": ""public_csv"", ""dataset_dir"": ""data/public"", ""local_data_path"": ""data/public/mooc.csv"", ""train_ratio"": 0.7, ""val_ratio"": 0.1, ""max_events"": 20000, ""num_users"": 1435, ""num_items"": 21, ""num_interactions"": 3000, ""feature_dim"": 4, ""lr"": 0.001, ""neg_sample_size"": 5, ""k"": 10, ""selection_metric"": ""mrr"", ""device"": ""cuda"", ""seed"": 42, ""partition_size"": 2000, ""partition_strategy"": ""count"", ""partition_overlap_ratio"": 0.0, ""num_pipeline_stages"": 3, ""pipeline_worker_gpus"": 1.0, ""pipeline_worker_cpus"": 1.0, ""pipeline_stage_train_workers"": ""1,1,1"", ""pipeline_stage_eval_workers"": ""1,1,1"", ""stage_balance_strategy"": ""cost"", ""stage_balance_user_weight"": 0.25, ""stage_balance_item_weight"": 0.25, ""stage_balance_span_weight"": 0.0, ""pipeline_mode"": ""naive"", ""pipeline_trace"": false, ""pipeline_trace_log_path"": ""results/20260824_220844/pipeline_naive/pipeline_trace.log"", ""ray_address"": """", ""output_dir"": ""results/20260824_220844/pipeline_naive"", ""enable_efficiency_monitor"": false, ""efficiency_monitor_interval"": 10, ""data_parallel_workers"": 3, ""data_parallel_worker_gpus"": 1.0, ""data_parallel_visible_gpus"": ""0,1,2"", ""data_parallel_sync_level"": ""micro_batch"", ""data_parallel_micro_batch_size"": 200, ""gpu_list"": ""0,1,2"", ""enable_auto_pipeline_config"": false, ""batch_training"": false, ""train_batch_size"": 32, ""batch_mode"": ""serial"", ""tgn_loss_mode"": ""all"", ""tgn_window_size"": 10.0, ""eval_frozen"": false, ""max_neighbors"": 0, ""model"": ""jodie_rnn"", ""embedding_dim"": 128, ""memory_cell"": ""rnn"", ""time_proj"": ""linear"", ""use_static_embeddings"": ""on"", ""normalize_state"": ""off"", ""event_agg"": ""none"", ""agg_activation"": ""none"", ""attn_type"": ""dot"", ""time_decay"": ""none"", ""hidden_dim"": 0, ""memory_gate"": ""off"", ""enable_event_agg"": ""off"", ""enable_graph_update"": ""off"", ""message_mode"": ""peer"", ""msg_linear"": ""off""}"
24,coarse_pipeline,val,0.5918403573999762,0.5918403573999762,,0.5918403573999762,0.9484742371185593,899840,65.6541,jodie_rnn,"{""dataset"": ""public_csv"", ""dataset_dir"": ""data/public"", ""local_data_path"": ""data/public/mooc.csv"", ""train_ratio"": 0.7, ""val_ratio"": 0.1, ""max_events"": 20000, ""num_users"": 1435, ""num_items"": 21, ""num_interactions"": 3000, ""feature_dim"": 4, ""lr"": 0.001, ""neg_sample_size"": 5, ""k"": 10, ""selection_metric"": ""mrr"", ""device"": ""cuda"", ""seed"": 42, ""partition_size"": 2000, ""partition_strategy"": ""count"", ""partition_overlap_ratio"": 0.0, ""num_pipeline_stages"": 3, ""pipeline_worker_gpus"": 1.0, ""pipeline_worker_cpus"": 1.0, ""pipeline_stage_train_workers"": ""1,1,1"", ""pipeline_stage_eval_workers"": ""1,1,1"", ""stage_balance_strategy"": ""cost"", ""stage_balance_user_weight"": 0.25, ""stage_balance_item_weight"": 0.25, ""stage_balance_span_weight"": 0.0, ""pipeline_mode"": ""naive"", ""pipeline_trace"": false, ""pipeline_trace_log_path"": ""results/20260824_220844/pipeline_naive/pipeline_trace.log"", ""ray_address"": """", ""output_dir"": ""results/20260824_220844/pipeline_naive"", ""enable_efficiency_monitor"": false, ""efficiency_monitor_interval"": 10, ""data_parallel_workers"": 3, ""data_parallel_worker_gpus"": 1.0, ""data_parallel_visible_gpus"": ""0,1,2"", ""data_parallel_sync_level"": ""micro_batch"", ""data_parallel_micro_batch_size"": 200, ""gpu_list"": ""0,1,2"", ""enable_auto_pipeline_config"": false, ""batch_training"": false, ""train_batch_size"": 32, ""batch_mode"": ""serial"", ""tgn_loss_mode"": ""all"", ""tgn_window_size"": 10.0, ""eval_frozen"": false, ""max_neighbors"": 0, ""model"": ""jodie_rnn"", ""embedding_dim"": 128, ""memory_cell"": ""lstm"", ""time_proj"": ""linear"", ""use_static_embeddings"": ""on"", ""normalize_state"": ""on"", ""event_agg"": ""none"", ""agg_activation"": ""none"", ""attn_type"": ""dot"", ""time_decay"": ""none"", ""hidden_dim"": 0, ""memory_gate"": ""off"", ""enable_event_agg"": ""off"", ""enable_graph_update"": ""off"", ""message_mode"": ""peer"", ""msg_linear"": ""off""}"
25,coarse_pipeline,val,0.5751226308898332,0.5751226308898332,,0.5751226308898332,0.8949474737368684,231808,59.8271,jodie_rnn,"{""dataset"": ""public_csv"", ""dataset_dir"": ""data/public"", ""local_data_path"": ""data/public/mooc.csv"", ""train_ratio"": 0.7, ""val_ratio"": 0.1, ""max_events"": 20000, ""num_users"": 1435, ""num_items"": 21, ""num_interactions"": 3000, ""feature_dim"": 4, ""lr"": 0.001, ""neg_sample_size"": 5, ""k"": 10, ""selection_metric"": ""mrr"", ""device"": ""cuda"", ""seed"": 42, ""partition_size"": 2000, ""partition_strategy"": ""count"", ""partition_overlap_ratio"": 0.0, ""num_pipeline_stages"": 3, ""pipeline_worker_gpus"": 1.0, ""pipeline_worker_cpus"": 1.0, ""pipeline_stage_train_workers"": ""1,1,1"", ""pipeline_stage_eval_workers"": ""1,1,1"", ""stage_balance_strategy"": ""cost"", ""stage_balance_user_weight"": 0.25, ""stage_balance_item_weight"": 0.25, ""stage_balance_span_weight"": 0.0, ""pipeline_mode"": ""naive"", ""pipeline_trace"": false, ""pipeline_trace_log_path"": ""results/20260824_220844/pipeline_naive/pipeline_trace.log"", ""ray_address"": """", ""output_dir"": ""results/20260824_220844/pipeline_naive"", ""enable_efficiency_monitor"": false, ""efficiency_monitor_interval"": 10, ""data_parallel_workers"": 3, ""data_parallel_worker_gpus"": 1.0, ""data_parallel_visible_gpus"": ""0,1,2"", ""data_parallel_sync_level"": ""micro_batch"", ""data_parallel_micro_batch_size"": 200, ""gpu_list"": ""0,1,2"", ""enable_auto_pipeline_config"": false, ""batch_training"": false, ""train_batch_size"": 32, ""batch_mode"": ""serial"", ""tgn_loss_mode"": ""all"", ""tgn_window_size"": 10.0, ""eval_frozen"": false, ""max_neighbors"": 0, ""model"": ""jodie_rnn"", ""embedding_dim"": 64, ""memory_cell"": ""gru"", ""time_proj"": ""linear"", ""use_static_embeddings"": ""on"", ""normalize_state"": ""on"", ""event_agg"": ""none"", ""agg_activation"": ""none"", ""attn_type"": ""dot"", ""time_decay"": ""none"", ""hidden_dim"": 0, ""memory_gate"": ""off"", ""enable_event_agg"": ""off"", ""enable_graph_update"": ""off"", ""message_mode"": ""peer"", ""msg_linear"": ""off""}"
26,coarse_pipeline,val,0.5731774708280385,0.5731774708280385,,0.5731774708280385,0.8864432216108054,85376,59.8051,jodie_rnn,"{""dataset"": ""public_csv"", ""dataset_dir"": ""data/public"", ""local_data_path"": ""data/public/mooc.csv"", ""train_ratio"": 0.7, ""val_ratio"": 0.1, ""max_events"": 20000, ""num_users"": 1435, ""num_items"": 21, ""num_interactions"": 3000, ""feature_dim"": 4, ""lr"": 0.001, ""neg_sample_size"": 5, ""k"": 10, ""selection_metric"": ""mrr"", ""device"": ""cuda"", ""seed"": 42, ""partition_size"": 2000, ""partition_strategy"": ""count"", ""partition_overlap_ratio"": 0.0, ""num_pipeline_stages"": 3, ""pipeline_worker_gpus"": 1.0, ""pipeline_worker_cpus"": 1.0, ""pipeline_stage_train_workers"": ""1,1,1"", ""pipeline_stage_eval_workers"": ""1,1,1"", ""stage_balance_strategy"": ""cost"", ""stage_balance_user_weight"": 0.25, ""stage_balance_item_weight"": 0.25, ""stage_balance_span_weight"": 0.0, ""pipeline_mode"": ""naive"", ""pipeline_trace"": false, ""pipeline_trace_log_path"": ""results/20260824_220844/pipeline_naive/pipeline_trace.log"", ""ray_address"": """", ""output_dir"": ""results/20260824_220844/pipeline_naive"", ""enable_efficiency_monitor"": false, ""efficiency_monitor_interval"": 10, ""data_parallel_workers"": 3, ""data_parallel_worker_gpus"": 1.0, ""data_parallel_visible_gpus"": ""0,1,2"", ""data_parallel_sync_level"": ""micro_batch"", ""data_parallel_micro_batch_size"": 200, ""gpu_list"": ""0,1,2"", ""enable_auto_pipeline_config"": false, ""batch_training"": false, ""train_batch_size"": 32, ""batch_mode"": ""serial"", ""tgn_loss_mode"": ""all"", ""tgn_window_size"": 10.0, ""eval_frozen"": false, ""max_neighbors"": 0, ""model"": ""jodie_rnn"", ""embedding_dim"": 64, ""memory_cell"": ""gru"", ""time_proj"": ""linear"", ""use_static_embeddings"": ""off"", ""normalize_state"": ""on"", ""event_agg"": ""none"", ""agg_activation"": ""none"", ""attn_type"": ""dot"", ""time_decay"": ""none"", ""hidden_dim"": 0, ""memory_gate"": ""off"", ""enable_event_agg"": ""off"", ""enable_graph_update"": ""off"", ""message_mode"": ""peer"", ""msg_linear"": ""off""}"
27,coarse_pipeline,val,0.5586162381395141,0.5586162381395141,,0.5586162381395141,0.9314657328664332,434944,57.9388,jodie_rnn,"{""dataset"": ""public_csv"", ""dataset_dir"": ""data/public"", ""local_data_path"": ""data/public/mooc.csv"", ""train_ratio"": 0.7, ""val_ratio"": 0.1, ""max_events"": 20000, ""num_users"": 1435, ""num_items"": 21, ""num_interactions"": 3000, ""feature_dim"": 4, ""lr"": 0.001, ""neg_sample_size"": 5, ""k"": 10, ""selection_metric"": ""mrr"", ""device"": ""cuda"", ""seed"": 42, ""partition_size"": 2000, ""partition_strategy"": ""count"", ""partition_overlap_ratio"": 0.0, ""num_pipeline_stages"": 3, ""pipeline_worker_gpus"": 1.0, ""pipeline_worker_cpus"": 1.0, ""pipeline_stage_train_workers"": ""1,1,1"", ""pipeline_stage_eval_workers"": ""1,1,1"", ""stage_balance_strategy"": ""cost"", ""stage_balance_user_weight"": 0.25, ""stage_balance_item_weight"": 0.25, ""stage_balance_span_weight"": 0.0, ""pipeline_mode"": ""naive"", ""pipeline_trace"": false, ""pipeline_trace_log_path"": ""results/20260824_220844/pipeline_naive/pipeline_trace.log"", ""ray_address"": """", ""output_dir"": ""results/20260824_220844/pipeline_naive"", ""enable_efficiency_monitor"": false, ""efficiency_monitor_interval"": 10, ""data_parallel_workers"": 3, ""data_parallel_worker_gpus"": 1.0, ""data_parallel_visible_gpus"": ""0,1,2"", ""data_parallel_sync_level"": ""micro_batch"", ""data_parallel_micro_batch_size"": 200, ""gpu_list"": ""0,1,2"", ""enable_auto_pipeline_config"": false, ""batch_training"": false, ""train_batch_size"": 32, ""batch_mode"": ""serial"", ""tgn_loss_mode"": ""all"", ""tgn_window_size"": 10.0, ""eval_frozen"": false, ""max_neighbors"": 0, ""model"": ""jodie_rnn"", ""embedding_dim"": 128, ""memory_cell"": ""lstm"", ""time_proj"": ""linear"", ""use_static_embeddings"": ""off"", ""normalize_state"": ""on"", ""event_agg"": ""none"", ""agg_activation"": ""none"", ""attn_type"": ""dot"", ""time_decay"": ""none"", ""hidden_dim"": 0, ""memory_gate"": ""off"", ""enable_event_agg"": ""off"", ""enable_graph_update"": ""off"", ""message_mode"": ""peer"", ""msg_linear"": ""off""}"
28,rerank_pipeline,val,0.5535881182784369,0.5535881182784369,,0.5535881182784369,0.8819409704852427,8896,109.3372,jodie_rnn,"{""dataset"": ""public_csv"", ""dataset_dir"": ""data/public"", ""local_data_path"": ""data/public/mooc.csv"", ""train_ratio"": 0.7, ""val_ratio"": 0.1, ""max_events"": 20000, ""num_users"": 1435, ""num_items"": 21, ""num_interactions"": 3000, ""feature_dim"": 4, ""lr"": 0.001, ""neg_sample_size"": 5, ""k"": 10, ""selection_metric"": ""mrr"", ""device"": ""cuda"", ""seed"": 42, ""partition_size"": 2000, ""partition_strategy"": ""count"", ""partition_overlap_ratio"": 0.0, ""num_pipeline_stages"": 3, ""pipeline_worker_gpus"": 1.0, ""pipeline_worker_cpus"": 1.0, ""pipeline_stage_train_workers"": ""1,1,1"", ""pipeline_stage_eval_workers"": ""1,1,1"", ""stage_balance_strategy"": ""cost"", ""stage_balance_user_weight"": 0.25, ""stage_balance_item_weight"": 0.25, ""stage_balance_span_weight"": 0.0, ""pipeline_mode"": ""naive"", ""pipeline_trace"": false, ""pipeline_trace_log_path"": ""results/20260824_220844/pipeline_naive/pipeline_trace.log"", ""ray_address"": """", ""output_dir"": ""results/20260824_220844/pipeline_naive"", ""enable_efficiency_monitor"": false, ""efficiency_monitor_interval"": 10, ""data_parallel_workers"": 3, ""data_parallel_worker_gpus"": 1.0, ""data_parallel_visible_gpus"": ""0,1,2"", ""data_parallel_sync_level"": ""micro_batch"", ""data_parallel_micro_batch_size"": 200, ""gpu_list"": ""0,1,2"", ""enable_auto_pipeline_config"": false, ""batch_training"": false, ""train_batch_size"": 32, ""batch_mode"": ""serial"", ""tgn_loss_mode"": ""all"", ""tgn_window_size"": 10.0, ""eval_frozen"": false, ""max_neighbors"": 0, ""model"": ""jodie_rnn"", ""embedding_dim"": 32, ""memory_cell"": ""rnn"", ""time_proj"": ""linear"", ""use_static_embeddings"": ""off"", ""normalize_state"": ""off"", ""event_agg"": ""none"", ""agg_activation"": ""none"", ""attn_type"": ""dot"", ""time_decay"": ""none"", ""hidden_dim"": 0, ""memory_gate"": ""off"", ""enable_event_agg"": ""off"", ""enable_graph_update"": ""off"", ""message_mode"": ""peer"", ""msg_linear"": ""off""}"
29,coarse_pipeline,val,0.5351343913093654,0.5351343913093654,,0.5351343913093654,0.9104552276138069,110976,57.3393,jodie_rnn,"{""dataset"": ""public_csv"", ""dataset_dir"": ""data/public"", ""local_data_path"": ""data/public/mooc.csv"", ""train_ratio"": 0.7, ""val_ratio"": 0.1, ""max_events"": 20000, ""num_users"": 1435, ""num_items"": 21, ""num_interactions"": 3000, ""feature_dim"": 4, ""lr"": 0.001, ""neg_sample_size"": 5, ""k"": 10, ""selection_metric"": ""mrr"", ""device"": ""cuda"", ""seed"": 42, ""partition_size"": 2000, ""partition_strategy"": ""count"", ""partition_overlap_ratio"": 0.0, ""num_pipeline_stages"": 3, ""pipeline_worker_gpus"": 1.0, ""pipeline_worker_cpus"": 1.0, ""pipeline_stage_train_workers"": ""1,1,1"", ""pipeline_stage_eval_workers"": ""1,1,1"", ""stage_balance_strategy"": ""cost"", ""stage_balance_user_weight"": 0.25, ""stage_balance_item_weight"": 0.25, ""stage_balance_span_weight"": 0.0, ""pipeline_mode"": ""naive"", ""pipeline_trace"": false, ""pipeline_trace_log_path"": ""results/20260824_220844/pipeline_naive/pipeline_trace.log"", ""ray_address"": """", ""output_dir"": ""results/20260824_220844/pipeline_naive"", ""enable_efficiency_monitor"": false, ""efficiency_monitor_interval"": 10, ""data_parallel_workers"": 3, ""data_parallel_worker_gpus"": 1.0, ""data_parallel_visible_gpus"": ""0,1,2"", ""data_parallel_sync_level"": ""micro_batch"", ""data_parallel_micro_batch_size"": 200, ""gpu_list"": ""0,1,2"", ""enable_auto_pipeline_config"": false, ""batch_training"": false, ""train_batch_size"": 32, ""batch_mode"": ""serial"", ""tgn_loss_mode"": ""all"", ""tgn_window_size"": 10.0, ""eval_frozen"": false, ""max_neighbors"": 0, ""model"": ""jodie_rnn"", ""embedding_dim"": 64, ""memory_cell"": ""lstm"", ""time_proj"": ""linear"", ""use_static_embeddings"": ""off"", ""normalize_state"": ""on"", ""event_agg"": ""none"", ""agg_activation"": ""none"", ""attn_type"": ""dot"", ""time_decay"": ""none"", ""hidden_dim"": 0, ""memory_gate"": ""off"", ""enable_event_agg"": ""off"", ""enable_graph_update"": ""off"", ""message_mode"": ""peer"", ""msg_linear"": ""off""}"
30,coarse_pipeline,val,0.5337240828907732,0.5337240828907732,,0.5337240828907732,0.8764382191095548,60608,58.1772,jodie_rnn,"{""dataset"": ""public_csv"", ""dataset_dir"": ""data/public"", ""local_data_path"": ""data/public/mooc.csv"", ""train_ratio"": 0.7, ""val_ratio"": 0.1, ""max_events"": 20000, ""num_users"": 1435, ""num_items"": 21, ""num_interactions"": 3000, ""feature_dim"": 4, ""lr"": 0.001, ""neg_sample_size"": 5, ""k"": 10, ""selection_metric"": ""mrr"", ""device"": ""cuda"", ""seed"": 42, ""partition_size"": 2000, ""partition_strategy"": ""count"", ""partition_overlap_ratio"": 0.0, ""num_pipeline_stages"": 3, ""pipeline_worker_gpus"": 1.0, ""pipeline_worker_cpus"": 1.0, ""pipeline_stage_train_workers"": ""1,1,1"", ""pipeline_stage_eval_workers"": ""1,1,1"", ""stage_balance_strategy"": ""cost"", ""stage_balance_user_weight"": 0.25, ""stage_balance_item_weight"": 0.25, ""stage_balance_span_weight"": 0.0, ""pipeline_mode"": ""naive"", ""pipeline_trace"": false, ""pipeline_trace_log_path"": ""results/20260824_220844/pipeline_naive/pipeline_trace.log"", ""ray_address"": """", ""output_dir"": ""results/20260824_220844/pipeline_naive"", ""enable_efficiency_monitor"": false, ""efficiency_monitor_interval"": 10, ""data_parallel_workers"": 3, ""data_parallel_worker_gpus"": 1.0, ""data_parallel_visible_gpus"": ""0,1,2"", ""data_parallel_sync_level"": ""micro_batch"", ""data_parallel_micro_batch_size"": 200, ""gpu_list"": ""0,1,2"", ""enable_auto_pipeline_config"": false, ""batch_training"": false, ""train_batch_size"": 32, ""batch_mode"": ""serial"", ""tgn_loss_mode"": ""all"", ""tgn_window_size"": 10.0, ""eval_frozen"": false, ""max_neighbors"": 0, ""model"": ""jodie_rnn"", ""embedding_dim"": 32, ""memory_cell"": ""rnn"", ""time_proj"": ""off"", ""use_static_embeddings"": ""on"", ""normalize_state"": ""off"", ""event_agg"": ""none"", ""agg_activation"": ""none"", ""attn_type"": ""dot"", ""time_decay"": ""none"", ""hidden_dim"": 0, ""memory_gate"": ""off"", ""enable_event_agg"": ""off"", ""enable_graph_update"": ""off"", ""message_mode"": ""peer"", ""msg_linear"": ""off""}"
31,coarse_pipeline,val,0.5138699050792498,0.5138699050792498,,0.5138699050792498,0.9084542271135568,273792,57.5403,jodie_rnn,"{""dataset"": ""public_csv"", ""dataset_dir"": ""data/public"", ""local_data_path"": ""data/public/mooc.csv"", ""train_ratio"": 0.7, ""val_ratio"": 0.1, ""max_events"": 20000, ""num_users"": 1435, ""num_items"": 21, ""num_interactions"": 3000, ""feature_dim"": 4, ""lr"": 0.001, ""neg_sample_size"": 5, ""k"": 10, ""selection_metric"": ""mrr"", ""device"": ""cuda"", ""seed"": 42, ""partition_size"": 2000, ""partition_strategy"": ""count"", ""partition_overlap_ratio"": 0.0, ""num_pipeline_stages"": 3, ""pipeline_worker_gpus"": 1.0, ""pipeline_worker_cpus"": 1.0, ""pipeline_stage_train_workers"": ""1,1,1"", ""pipeline_stage_eval_workers"": ""1,1,1"", ""stage_balance_strategy"": ""cost"", ""stage_balance_user_weight"": 0.25, ""stage_balance_item_weight"": 0.25, ""stage_balance_span_weight"": 0.0, ""pipeline_mode"": ""naive"", ""pipeline_trace"": false, ""pipeline_trace_log_path"": ""results/20260824_220844/pipeline_naive/pipeline_trace.log"", ""ray_address"": """", ""output_dir"": ""results/20260824_220844/pipeline_naive"", ""enable_efficiency_monitor"": false, ""efficiency_monitor_interval"": 10, ""data_parallel_workers"": 3, ""data_parallel_worker_gpus"": 1.0, ""data_parallel_visible_gpus"": ""0,1,2"", ""data_parallel_sync_level"": ""micro_batch"", ""data_parallel_micro_batch_size"": 200, ""gpu_list"": ""0,1,2"", ""enable_auto_pipeline_config"": false, ""batch_training"": false, ""train_batch_size"": 32, ""batch_mode"": ""serial"", ""tgn_loss_mode"": ""all"", ""tgn_window_size"": 10.0, ""eval_frozen"": false, ""max_neighbors"": 0, ""model"": ""jodie_rnn"", ""embedding_dim"": 64, ""memory_cell"": ""lstm"", ""time_proj"": ""linear"", ""use_static_embeddings"": ""on"", ""normalize_state"": ""on"", ""event_agg"": ""none"", ""agg_activation"": ""none"", ""attn_type"": ""dot"", ""time_decay"": ""none"", ""hidden_dim"": 0, ""memory_gate"": ""off"", ""enable_event_agg"": ""off"", ""enable_graph_update"": ""off"", ""message_mode"": ""peer"", ""msg_linear"": ""off""}"
32,coarse_pipeline,val,0.5108017675760933,0.5108017675760933,,0.5108017675760933,0.9394697348674337,28864,61.2554,jodie_rnn,"{""dataset"": ""public_csv"", ""dataset_dir"": ""data/public"", ""local_data_path"": ""data/public/mooc.csv"", ""train_ratio"": 0.7, ""val_ratio"": 0.1, ""max_events"": 20000, ""num_users"": 1435, ""num_items"": 21, ""num_interactions"": 3000, ""feature_dim"": 4, ""lr"": 0.001, ""neg_sample_size"": 5, ""k"": 10, ""selection_metric"": ""mrr"", ""device"": ""cuda"", ""seed"": 42, ""partition_size"": 2000, ""partition_strategy"": ""count"", ""partition_overlap_ratio"": 0.0, ""num_pipeline_stages"": 3, ""pipeline_worker_gpus"": 1.0, ""pipeline_worker_cpus"": 1.0, ""pipeline_stage_train_workers"": ""1,1,1"", ""pipeline_stage_eval_workers"": ""1,1,1"", ""stage_balance_strategy"": ""cost"", ""stage_balance_user_weight"": 0.25, ""stage_balance_item_weight"": 0.25, ""stage_balance_span_weight"": 0.0, ""pipeline_mode"": ""naive"", ""pipeline_trace"": false, ""pipeline_trace_log_path"": ""results/20260824_220844/pipeline_naive/pipeline_trace.log"", ""ray_address"": """", ""output_dir"": ""results/20260824_220844/pipeline_naive"", ""enable_efficiency_monitor"": false, ""efficiency_monitor_interval"": 10, ""data_parallel_workers"": 3, ""data_parallel_worker_gpus"": 1.0, ""data_parallel_visible_gpus"": ""0,1,2"", ""data_parallel_sync_level"": ""micro_batch"", ""data_parallel_micro_batch_size"": 200, ""gpu_list"": ""0,1,2"", ""enable_auto_pipeline_config"": false, ""batch_training"": false, ""train_batch_size"": 32, ""batch_mode"": ""serial"", ""tgn_loss_mode"": ""all"", ""tgn_window_size"": 10.0, ""eval_frozen"": false, ""max_neighbors"": 0, ""model"": ""jodie_rnn"", ""embedding_dim"": 32, ""memory_cell"": ""lstm"", ""time_proj"": ""linear"", ""use_static_embeddings"": ""off"", ""normalize_state"": ""on"", ""event_agg"": ""none"", ""agg_activation"": ""none"", ""attn_type"": ""dot"", ""time_decay"": ""none"", ""hidden_dim"": 0, ""memory_gate"": ""off"", ""enable_event_agg"": ""off"", ""enable_graph_update"": ""off"", ""message_mode"": ""peer"", ""msg_linear"": ""off""}"
33,coarse_pipeline,val,0.4708798764335257,0.4708798764335257,,0.4708798764335257,0.8059029514757379,402176,66.9634,jodie_rnn,"{""dataset"": ""public_csv"", ""dataset_dir"": ""data/public"", ""local_data_path"": ""data/public/mooc.csv"", ""train_ratio"": 0.7, ""val_ratio"": 0.1, ""max_events"": 20000, ""num_users"": 1435, ""num_items"": 21, ""num_interactions"": 3000, ""feature_dim"": 4, ""lr"": 0.001, ""neg_sample_size"": 5, ""k"": 10, ""selection_metric"": ""mrr"", ""device"": ""cuda"", ""seed"": 42, ""partition_size"": 2000, ""partition_strategy"": ""count"", ""partition_overlap_ratio"": 0.0, ""num_pipeline_stages"": 3, ""pipeline_worker_gpus"": 1.0, ""pipeline_worker_cpus"": 1.0, ""pipeline_stage_train_workers"": ""1,1,1"", ""pipeline_stage_eval_workers"": ""1,1,1"", ""stage_balance_strategy"": ""cost"", ""stage_balance_user_weight"": 0.25, ""stage_balance_item_weight"": 0.25, ""stage_balance_span_weight"": 0.0, ""pipeline_mode"": ""naive"", ""pipeline_trace"": false, ""pipeline_trace_log_path"": ""results/20260824_220844/pipeline_naive/pipeline_trace.log"", ""ray_address"": """", ""output_dir"": ""results/20260824_220844/pipeline_naive"", ""enable_efficiency_monitor"": false, ""efficiency_monitor_interval"": 10, ""data_parallel_workers"": 3, ""data_parallel_worker_gpus"": 1.0, ""data_parallel_visible_gpus"": ""0,1,2"", ""data_parallel_sync_level"": ""micro_batch"", ""data_parallel_micro_batch_size"": 200, ""gpu_list"": ""0,1,2"", ""enable_auto_pipeline_config"": false, ""batch_training"": false, ""train_batch_size"": 32, ""batch_mode"": ""serial"", ""tgn_loss_mode"": ""all"", ""tgn_window_size"": 10.0, ""eval_frozen"": false, ""max_neighbors"": 0, ""model"": ""jodie_rnn"", ""embedding_dim"": 128, ""memory_cell"": ""rnn"", ""time_proj"": ""off"", ""use_static_embeddings"": ""on"", ""normalize_state"": ""on"", ""event_agg"": ""none"", ""agg_activation"": ""none"", ""attn_type"": ""dot"", ""time_decay"": ""none"", ""hidden_dim"": 0, ""memory_gate"": ""off"", ""enable_event_agg"": ""off"", ""enable_graph_update"": ""off"", ""message_mode"": ""peer"", ""msg_linear"": ""off""}"
34,coarse_pipeline,val,0.46797808827780973,0.46797808827780973,,0.46797808827780973,0.8544272136068034,92864,59.1263,jodie_rnn,"{""dataset"": ""public_csv"", ""dataset_dir"": ""data/public"", ""local_data_path"": ""data/public/mooc.csv"", ""train_ratio"": 0.7, ""val_ratio"": 0.1, ""max_events"": 20000, ""num_users"": 1435, ""num_items"": 21, ""num_interactions"": 3000, ""feature_dim"": 4, ""lr"": 0.001, ""neg_sample_size"": 5, ""k"": 10, ""selection_metric"": ""mrr"", ""device"": ""cuda"", ""seed"": 42, ""partition_size"": 2000, ""partition_strategy"": ""count"", ""partition_overlap_ratio"": 0.0, ""num_pipeline_stages"": 3, ""pipeline_worker_gpus"": 1.0, ""pipeline_worker_cpus"": 1.0, ""pipeline_stage_train_workers"": ""1,1,1"", ""pipeline_stage_eval_workers"": ""1,1,1"", ""stage_balance_strategy"": ""cost"", ""stage_balance_user_weight"": 0.25, ""stage_balance_item_weight"": 0.25, ""stage_balance_span_weight"": 0.0, ""pipeline_mode"": ""naive"", ""pipeline_trace"": false, ""pipeline_trace_log_path"": ""results/20260824_220844/pipeline_naive/pipeline_trace.log"", ""ray_address"": """", ""output_dir"": ""results/20260824_220844/pipeline_naive"", ""enable_efficiency_monitor"": false, ""efficiency_monitor_interval"": 10, ""data_parallel_workers"": 3, ""data_parallel_worker_gpus"": 1.0, ""data_parallel_visible_gpus"": ""0,1,2"", ""data_parallel_sync_level"": ""micro_batch"", ""data_parallel_micro_batch_size"": 200, ""gpu_list"": ""0,1,2"", ""enable_auto_pipeline_config"": false, ""batch_training"": false, ""train_batch_size"": 32, ""batch_mode"": ""serial"", ""tgn_loss_mode"": ""all"", ""tgn_window_size"": 10.0, ""eval_frozen"": false, ""max_neighbors"": 0, ""model"": ""jodie_rnn"", ""embedding_dim"": 32, ""memory_cell"": ""lstm"", ""time_proj"": ""linear"", ""use_static_embeddings"": ""on"", ""normalize_state"": ""on"", ""event_agg"": ""none"", ""agg_activation"": ""none"", ""attn_type"": ""dot"", ""time_decay"": ""none"", ""hidden_dim"": 0, ""memory_gate"": ""off"", ""enable_event_agg"": ""off"", ""enable_graph_update"": ""off"", ""message_mode"": ""peer"", ""msg_linear"": ""off""}"
35,coarse_pipeline,val,0.4659288251587313,0.4659288251587313,,0.4659288251587313,0.832416208104052,22208,58.8198,jodie_rnn,"{""dataset"": ""public_csv"", ""dataset_dir"": ""data/public"", ""local_data_path"": ""data/public/mooc.csv"", ""train_ratio"": 0.7, ""val_ratio"": 0.1, ""max_events"": 20000, ""num_users"": 1435, ""num_items"": 21, ""num_interactions"": 3000, ""feature_dim"": 4, ""lr"": 0.001, ""neg_sample_size"": 5, ""k"": 10, ""selection_metric"": ""mrr"", ""device"": ""cuda"", ""seed"": 42, ""partition_size"": 2000, ""partition_strategy"": ""count"", ""partition_overlap_ratio"": 0.0, ""num_pipeline_stages"": 3, ""pipeline_worker_gpus"": 1.0, ""pipeline_worker_cpus"": 1.0, ""pipeline_stage_train_workers"": ""1,1,1"", ""pipeline_stage_eval_workers"": ""1,1,1"", ""stage_balance_strategy"": ""cost"", ""stage_balance_user_weight"": 0.25, ""stage_balance_item_weight"": 0.25, ""stage_balance_span_weight"": 0.0, ""pipeline_mode"": ""naive"", ""pipeline_trace"": false, ""pipeline_trace_log_path"": ""results/20260824_220844/pipeline_naive/pipeline_trace.log"", ""ray_address"": """", ""output_dir"": ""results/20260824_220844/pipeline_naive"", ""enable_efficiency_monitor"": false, ""efficiency_monitor_interval"": 10, ""data_parallel_workers"": 3, ""data_parallel_worker_gpus"": 1.0, ""data_parallel_visible_gpus"": ""0,1,2"", ""data_parallel_sync_level"": ""micro_batch"", ""data_parallel_micro_batch_size"": 200, ""gpu_list"": ""0,1,2"", ""enable_auto_pipeline_config"": false, ""batch_training"": false, ""train_batch_size"": 32, ""batch_mode"": ""serial"", ""tgn_loss_mode"": ""all"", ""tgn_window_size"": 10.0, ""eval_frozen"": false, ""max_neighbors"": 0, ""model"": ""jodie_rnn"", ""embedding_dim"": 32, ""memory_cell"": ""gru"", ""time_proj"": ""linear"", ""use_static_embeddings"": ""off"", ""normalize_state"": ""on"", ""event_agg"": ""none"", ""agg_activation"": ""none"", ""attn_type"": ""dot"", ""time_decay"": ""none"", ""hidden_dim"": 0, ""memory_gate"": ""off"", ""enable_event_agg"": ""off"", ""enable_graph_update"": ""off"", ""message_mode"": ""peer"", ""msg_linear"": ""off""}"
36,coarse_pipeline,val,0.4120018924923519,0.4120018924923519,,0.4120018924923519,0.7933966983491746,231808,59.078,jodie_rnn,"{""dataset"": ""public_csv"", ""dataset_dir"": ""data/public"", ""local_data_path"": ""data/public/mooc.csv"", ""train_ratio"": 0.7, ""val_ratio"": 0.1, ""max_events"": 20000, ""num_users"": 1435, ""num_items"": 21, ""num_interactions"": 3000, ""feature_dim"": 4, ""lr"": 0.001, ""neg_sample_size"": 5, ""k"": 10, ""selection_metric"": ""mrr"", ""device"": ""cuda"", ""seed"": 42, ""partition_size"": 2000, ""partition_strategy"": ""count"", ""partition_overlap_ratio"": 0.0, ""num_pipeline_stages"": 3, ""pipeline_worker_gpus"": 1.0, ""pipeline_worker_cpus"": 1.0, ""pipeline_stage_train_workers"": ""1,1,1"", ""pipeline_stage_eval_workers"": ""1,1,1"", ""stage_balance_strategy"": ""cost"", ""stage_balance_user_weight"": 0.25, ""stage_balance_item_weight"": 0.25, ""stage_balance_span_weight"": 0.0, ""pipeline_mode"": ""naive"", ""pipeline_trace"": false, ""pipeline_trace_log_path"": ""results/20260824_220844/pipeline_naive/pipeline_trace.log"", ""ray_address"": """", ""output_dir"": ""results/20260824_220844/pipeline_naive"", ""enable_efficiency_monitor"": false, ""efficiency_monitor_interval"": 10, ""data_parallel_workers"": 3, ""data_parallel_worker_gpus"": 1.0, ""data_parallel_visible_gpus"": ""0,1,2"", ""data_parallel_sync_level"": ""micro_batch"", ""data_parallel_micro_batch_size"": 200, ""gpu_list"": ""0,1,2"", ""enable_auto_pipeline_config"": false, ""batch_training"": false, ""train_batch_size"": 32, ""batch_mode"": ""serial"", ""tgn_loss_mode"": ""all"", ""tgn_window_size"": 10.0, ""eval_frozen"": false, ""max_neighbors"": 0, ""model"": ""jodie_rnn"", ""embedding_dim"": 64, ""memory_cell"": ""gru"", ""time_proj"": ""off"", ""use_static_embeddings"": ""on"", ""normalize_state"": ""on"", ""event_agg"": ""none"", ""agg_activation"": ""none"", ""attn_type"": ""dot"", ""time_decay"": ""none"", ""hidden_dim"": 0, ""memory_gate"": ""off"", ""enable_event_agg"": ""off"", ""enable_graph_update"": ""off"", ""message_mode"": ""peer"", ""msg_linear"": ""off""}"
37,coarse_pipeline,val,0.4091652568398312,0.4091652568398312,,0.4091652568398312,0.8274137068534267,85376,55.8747,jodie_rnn,"{""dataset"": ""public_csv"", ""dataset_dir"": ""data/public"", ""local_data_path"": ""data/public/mooc.csv"", ""train_ratio"": 0.7, ""val_ratio"": 0.1, ""max_events"": 20000, ""num_users"": 1435, ""num_items"": 21, ""num_interactions"": 3000, ""feature_dim"": 4, ""lr"": 0.001, ""neg_sample_size"": 5, ""k"": 10, ""selection_metric"": ""mrr"", ""device"": ""cuda"", ""seed"": 42, ""partition_size"": 2000, ""partition_strategy"": ""count"", ""partition_overlap_ratio"": 0.0, ""num_pipeline_stages"": 3, ""pipeline_worker_gpus"": 1.0, ""pipeline_worker_cpus"": 1.0, ""pipeline_stage_train_workers"": ""1,1,1"", ""pipeline_stage_eval_workers"": ""1,1,1"", ""stage_balance_strategy"": ""cost"", ""stage_balance_user_weight"": 0.25, ""stage_balance_item_weight"": 0.25, ""stage_balance_span_weight"": 0.0, ""pipeline_mode"": ""naive"", ""pipeline_trace"": false, ""pipeline_trace_log_path"": ""results/20260824_220844/pipeline_naive/pipeline_trace.log"", ""ray_address"": """", ""output_dir"": ""results/20260824_220844/pipeline_naive"", ""enable_efficiency_monitor"": false, ""efficiency_monitor_interval"": 10, ""data_parallel_workers"": 3, ""data_parallel_worker_gpus"": 1.0, ""data_parallel_visible_gpus"": ""0,1,2"", ""data_parallel_sync_level"": ""micro_batch"", ""data_parallel_micro_batch_size"": 200, ""gpu_list"": ""0,1,2"", ""enable_auto_pipeline_config"": false, ""batch_training"": false, ""train_batch_size"": 32, ""batch_mode"": ""serial"", ""tgn_loss_mode"": ""all"", ""tgn_window_size"": 10.0, ""eval_frozen"": false, ""max_neighbors"": 0, ""model"": ""jodie_rnn"", ""embedding_dim"": 64, ""memory_cell"": ""gru"", ""time_proj"": ""off"", ""use_static_embeddings"": ""off"", ""normalize_state"": ""off"", ""event_agg"": ""none"", ""agg_activation"": ""none"", ""attn_type"": ""dot"", ""time_decay"": ""none"", ""hidden_dim"": 0, ""memory_gate"": ""off"", ""enable_event_agg"": ""off"", ""enable_graph_update"": ""off"", ""message_mode"": ""peer"", ""msg_linear"": ""off""}"
38,coarse_pipeline,val,0.3803584969859682,0.3803584969859682,,0.3803584969859682,0.8254127063531765,82112,71.5445,jodie_rnn,"{""dataset"": ""public_csv"", ""dataset_dir"": ""data/public"", ""local_data_path"": ""data/public/mooc.csv"", ""train_ratio"": 0.7, ""val_ratio"": 0.1, ""max_events"": 20000, ""num_users"": 1435, ""num_items"": 21, ""num_interactions"": 3000, ""feature_dim"": 4, ""lr"": 0.001, ""neg_sample_size"": 5, ""k"": 10, ""selection_metric"": ""mrr"", ""device"": ""cuda"", ""seed"": 42, ""partition_size"": 2000, ""partition_strategy"": ""count"", ""partition_overlap_ratio"": 0.0, ""num_pipeline_stages"": 3, ""pipeline_worker_gpus"": 1.0, ""pipeline_worker_cpus"": 1.0, ""pipeline_stage_train_workers"": ""1,1,1"", ""pipeline_stage_eval_workers"": ""1,1,1"", ""stage_balance_strategy"": ""cost"", ""stage_balance_user_weight"": 0.25, ""stage_balance_item_weight"": 0.25, ""stage_balance_span_weight"": 0.0, ""pipeline_mode"": ""naive"", ""pipeline_trace"": false, ""pipeline_trace_log_path"": ""results/20260824_220844/pipeline_naive/pipeline_trace.log"", ""ray_address"": """", ""output_dir"": ""results/20260824_220844/pipeline_naive"", ""enable_efficiency_monitor"": false, ""efficiency_monitor_interval"": 10, ""data_parallel_workers"": 3, ""data_parallel_worker_gpus"": 1.0, ""data_parallel_visible_gpus"": ""0,1,2"", ""data_parallel_sync_level"": ""micro_batch"", ""data_parallel_micro_batch_size"": 200, ""gpu_list"": ""0,1,2"", ""enable_auto_pipeline_config"": false, ""batch_training"": false, ""train_batch_size"": 32, ""batch_mode"": ""serial"", ""tgn_loss_mode"": ""all"", ""tgn_window_size"": 10.0, ""eval_frozen"": false, ""max_neighbors"": 0, ""model"": ""jodie_rnn"", ""embedding_dim"": 32, ""memory_cell"": ""gru"", ""time_proj"": ""off"", ""use_static_embeddings"": ""on"", ""normalize_state"": ""off"", ""event_agg"": ""none"", ""agg_activation"": ""none"", ""attn_type"": ""dot"", ""time_decay"": ""none"", ""hidden_dim"": 0, ""memory_gate"": ""off"", ""enable_event_agg"": ""off"", ""enable_graph_update"": ""off"", ""message_mode"": ""peer"", ""msg_linear"": ""off""}"
39,coarse_pipeline,val,0.37533632036152353,0.37533632036152353,,0.37533632036152353,0.7578789394697348,899840,53.9219,jodie_rnn,"{""dataset"": ""public_csv"", ""dataset_dir"": ""data/public"", ""local_data_path"": ""data/public/mooc.csv"", ""train_ratio"": 0.7, ""val_ratio"": 0.1, ""max_events"": 20000, ""num_users"": 1435, ""num_items"": 21, ""num_interactions"": 3000, ""feature_dim"": 4, ""lr"": 0.001, ""neg_sample_size"": 5, ""k"": 10, ""selection_metric"": ""mrr"", ""device"": ""cuda"", ""seed"": 42, ""partition_size"": 2000, ""partition_strategy"": ""count"", ""partition_overlap_ratio"": 0.0, ""num_pipeline_stages"": 3, ""pipeline_worker_gpus"": 1.0, ""pipeline_worker_cpus"": 1.0, ""pipeline_stage_train_workers"": ""1,1,1"", ""pipeline_stage_eval_workers"": ""1,1,1"", ""stage_balance_strategy"": ""cost"", ""stage_balance_user_weight"": 0.25, ""stage_balance_item_weight"": 0.25, ""stage_balance_span_weight"": 0.0, ""pipeline_mode"": ""naive"", ""pipeline_trace"": false, ""pipeline_trace_log_path"": ""results/20260824_220844/pipeline_naive/pipeline_trace.log"", ""ray_address"": """", ""output_dir"": ""results/20260824_220844/pipeline_naive"", ""enable_efficiency_monitor"": false, ""efficiency_monitor_interval"": 10, ""data_parallel_workers"": 3, ""data_parallel_worker_gpus"": 1.0, ""data_parallel_visible_gpus"": ""0,1,2"", ""data_parallel_sync_level"": ""micro_batch"", ""data_parallel_micro_batch_size"": 200, ""gpu_list"": ""0,1,2"", ""enable_auto_pipeline_config"": false, ""batch_training"": false, ""train_batch_size"": 32, ""batch_mode"": ""serial"", ""tgn_loss_mode"": ""all"", ""tgn_window_size"": 10.0, ""eval_frozen"": false, ""max_neighbors"": 0, ""model"": ""jodie_rnn"", ""embedding_dim"": 128, ""memory_cell"": ""lstm"", ""time_proj"": ""off"", ""use_static_embeddings"": ""on"", ""normalize_state"": ""on"", ""event_agg"": ""none"", ""agg_activation"": ""none"", ""attn_type"": ""dot"", ""time_decay"": ""none"", ""hidden_dim"": 0, ""memory_gate"": ""off"", ""enable_event_agg"": ""off"", ""enable_graph_update"": ""off"", ""message_mode"": ""peer"", ""msg_linear"": ""off""}"
40,coarse_pipeline,val,0.37412320909998564,0.37412320909998564,,0.37412320909998564,0.8039019509754878,22208,56.6538,jodie_rnn,"{""dataset"": ""public_csv"", ""dataset_dir"": ""data/public"", ""local_data_path"": ""data/public/mooc.csv"", ""train_ratio"": 0.7, ""val_ratio"": 0.1, ""max_events"": 20000, ""num_users"": 1435, ""num_items"": 21, ""num_interactions"": 3000, ""feature_dim"": 4, ""lr"": 0.001, ""neg_sample_size"": 5, ""k"": 10, ""selection_metric"": ""mrr"", ""device"": ""cuda"", ""seed"": 42, ""partition_size"": 2000, ""partition_strategy"": ""count"", ""partition_overlap_ratio"": 0.0, ""num_pipeline_stages"": 3, ""pipeline_worker_gpus"": 1.0, ""pipeline_worker_cpus"": 1.0, ""pipeline_stage_train_workers"": ""1,1,1"", ""pipeline_stage_eval_workers"": ""1,1,1"", ""stage_balance_strategy"": ""cost"", ""stage_balance_user_weight"": 0.25, ""stage_balance_item_weight"": 0.25, ""stage_balance_span_weight"": 0.0, ""pipeline_mode"": ""naive"", ""pipeline_trace"": false, ""pipeline_trace_log_path"": ""results/20260824_220844/pipeline_naive/pipeline_trace.log"", ""ray_address"": """", ""output_dir"": ""results/20260824_220844/pipeline_naive"", ""enable_efficiency_monitor"": false, ""efficiency_monitor_interval"": 10, ""data_parallel_workers"": 3, ""data_parallel_worker_gpus"": 1.0, ""data_parallel_visible_gpus"": ""0,1,2"", ""data_parallel_sync_level"": ""micro_batch"", ""data_parallel_micro_batch_size"": 200, ""gpu_list"": ""0,1,2"", ""enable_auto_pipeline_config"": false, ""batch_training"": false, ""train_batch_size"": 32, ""batch_mode"": ""serial"", ""tgn_loss_mode"": ""all"", ""tgn_window_size"": 10.0, ""eval_frozen"": false, ""max_neighbors"": 0, ""model"": ""jodie_rnn"", ""embedding_dim"": 32, ""memory_cell"": ""gru"", ""time_proj"": ""off"", ""use_static_embeddings"": ""off"", ""normalize_state"": ""off"", ""event_agg"": ""none"", ""agg_activation"": ""none"", ""attn_type"": ""dot"", ""time_decay"": ""none"", ""hidden_dim"": 0, ""memory_gate"": ""off"", ""enable_event_agg"": ""off"", ""enable_graph_update"": ""off"", ""message_mode"": ""peer"", ""msg_linear"": ""off""}"
41,coarse_pipeline,val,0.3737034400272184,0.3737034400272184,,0.3737034400272184,0.8024012006003002,273792,59.8677,jodie_rnn,"{""dataset"": ""public_csv"", ""dataset_dir"": ""data/public"", ""local_data_path"": ""data/public/mooc.csv"", ""train_ratio"": 0.7, ""val_ratio"": 0.1, ""max_events"": 20000, ""num_users"": 1435, ""num_items"": 21, ""num_interactions"": 3000, ""feature_dim"": 4, ""lr"": 0.001, ""neg_sample_size"": 5, ""k"": 10, ""selection_metric"": ""mrr"", ""device"": ""cuda"", ""seed"": 42, ""partition_size"": 2000, ""partition_strategy"": ""count"", ""partition_overlap_ratio"": 0.0, ""num_pipeline_stages"": 3, ""pipeline_worker_gpus"": 1.0, ""pipeline_worker_cpus"": 1.0, ""pipeline_stage_train_workers"": ""1,1,1"", ""pipeline_stage_eval_workers"": ""1,1,1"", ""stage_balance_strategy"": ""cost"", ""stage_balance_user_weight"": 0.25, ""stage_balance_item_weight"": 0.25, ""stage_balance_span_weight"": 0.0, ""pipeline_mode"": ""naive"", ""pipeline_trace"": false, ""pipeline_trace_log_path"": ""results/20260824_220844/pipeline_naive/pipeline_trace.log"", ""ray_address"": """", ""output_dir"": ""results/20260824_220844/pipeline_naive"", ""enable_efficiency_monitor"": false, ""efficiency_monitor_interval"": 10, ""data_parallel_workers"": 3, ""data_parallel_worker_gpus"": 1.0, ""data_parallel_visible_gpus"": ""0,1,2"", ""data_parallel_sync_level"": ""micro_batch"", ""data_parallel_micro_batch_size"": 200, ""gpu_list"": ""0,1,2"", ""enable_auto_pipeline_config"": false, ""batch_training"": false, ""train_batch_size"": 32, ""batch_mode"": ""serial"", ""tgn_loss_mode"": ""all"", ""tgn_window_size"": 10.0, ""eval_frozen"": false, ""max_neighbors"": 0, ""model"": ""jodie_rnn"", ""embedding_dim"": 64, ""memory_cell"": ""lstm"", ""time_proj"": ""off"", ""use_static_embeddings"": ""on"", ""normalize_state"": ""off"", ""event_agg"": ""none"", ""agg_activation"": ""none"", ""attn_type"": ""dot"", ""time_decay"": ""none"", ""hidden_dim"": 0, ""memory_gate"": ""off"", ""enable_event_agg"": ""off"", ""enable_graph_update"": ""off"", ""message_mode"": ""peer"", ""msg_linear"": ""off""}"
42,coarse_pipeline,val,0.34920025902728985,0.34920025902728985,,0.34920025902728985,0.7268634317158579,8896,54.5277,jodie_rnn,"{""dataset"": ""public_csv"", ""dataset_dir"": ""data/public"", ""local_data_path"": ""data/public/mooc.csv"", ""train_ratio"": 0.7, ""val_ratio"": 0.1, ""max_events"": 20000, ""num_users"": 1435, ""num_items"": 21, ""num_interactions"": 3000, ""feature_dim"": 4, ""lr"": 0.001, ""neg_sample_size"": 5, ""k"": 10, ""selection_metric"": ""mrr"", ""device"": ""cuda"", ""seed"": 42, ""partition_size"": 2000, ""partition_strategy"": ""count"", ""partition_overlap_ratio"": 0.0, ""num_pipeline_stages"": 3, ""pipeline_worker_gpus"": 1.0, ""pipeline_worker_cpus"": 1.0, ""pipeline_stage_train_workers"": ""1,1,1"", ""pipeline_stage_eval_workers"": ""1,1,1"", ""stage_balance_strategy"": ""cost"", ""stage_balance_user_weight"": 0.25, ""stage_balance_item_weight"": 0.25, ""stage_balance_span_weight"": 0.0, ""pipeline_mode"": ""naive"", ""pipeline_trace"": false, ""pipeline_trace_log_path"": ""results/20260824_220844/pipeline_naive/pipeline_trace.log"", ""ray_address"": """", ""output_dir"": ""results/20260824_220844/pipeline_naive"", ""enable_efficiency_monitor"": false, ""efficiency_monitor_interval"": 10, ""data_parallel_workers"": 3, ""data_parallel_worker_gpus"": 1.0, ""data_parallel_visible_gpus"": ""0,1,2"", ""data_parallel_sync_level"": ""micro_batch"", ""data_parallel_micro_batch_size"": 200, ""gpu_list"": ""0,1,2"", ""enable_auto_pipeline_config"": false, ""batch_training"": false, ""train_batch_size"": 32, ""batch_mode"": ""serial"", ""tgn_loss_mode"": ""all"", ""tgn_window_size"": 10.0, ""eval_frozen"": false, ""max_neighbors"": 0, ""model"": ""jodie_rnn"", ""embedding_dim"": 32, ""memory_cell"": ""rnn"", ""time_proj"": ""off"", ""use_static_embeddings"": ""off"", ""normalize_state"": ""on"", ""event_agg"": ""none"", ""agg_activation"": ""none"", ""attn_type"": ""dot"", ""time_decay"": ""none"", ""hidden_dim"": 0, ""memory_gate"": ""off"", ""enable_event_agg"": ""off"", ""enable_graph_update"": ""off"", ""message_mode"": ""peer"", ""msg_linear"": ""off""}"
43,coarse_pipeline,val,0.349183805749743,0.349183805749743,,0.349183805749743,0.704352176088044,60608,66.2298,jodie_rnn,"{""dataset"": ""public_csv"", ""dataset_dir"": ""data/public"", ""local_data_path"": ""data/public/mooc.csv"", ""train_ratio"": 0.7, ""val_ratio"": 0.1, ""max_events"": 20000, ""num_users"": 1435, ""num_items"": 21, ""num_interactions"": 3000, ""feature_dim"": 4, ""lr"": 0.001, ""neg_sample_size"": 5, ""k"": 10, ""selection_metric"": ""mrr"", ""device"": ""cuda"", ""seed"": 42, ""partition_size"": 2000, ""partition_strategy"": ""count"", ""partition_overlap_ratio"": 0.0, ""num_pipeline_stages"": 3, ""pipeline_worker_gpus"": 1.0, ""pipeline_worker_cpus"": 1.0, ""pipeline_stage_train_workers"": ""1,1,1"", ""pipeline_stage_eval_workers"": ""1,1,1"", ""stage_balance_strategy"": ""cost"", ""stage_balance_user_weight"": 0.25, ""stage_balance_item_weight"": 0.25, ""stage_balance_span_weight"": 0.0, ""pipeline_mode"": ""naive"", ""pipeline_trace"": false, ""pipeline_trace_log_path"": ""results/20260824_220844/pipeline_naive/pipeline_trace.log"", ""ray_address"": """", ""output_dir"": ""results/20260824_220844/pipeline_naive"", ""enable_efficiency_monitor"": false, ""efficiency_monitor_interval"": 10, ""data_parallel_workers"": 3, ""data_parallel_worker_gpus"": 1.0, ""data_parallel_visible_gpus"": ""0,1,2"", ""data_parallel_sync_level"": ""micro_batch"", ""data_parallel_micro_batch_size"": 200, ""gpu_list"": ""0,1,2"", ""enable_auto_pipeline_config"": false, ""batch_training"": false, ""train_batch_size"": 32, ""batch_mode"": ""serial"", ""tgn_loss_mode"": ""all"", ""tgn_window_size"": 10.0, ""eval_frozen"": false, ""max_neighbors"": 0, ""model"": ""jodie_rnn"", ""embedding_dim"": 32, ""memory_cell"": ""rnn"", ""time_proj"": ""off"", ""use_static_embeddings"": ""on"", ""normalize_state"": ""on"", ""event_agg"": ""none"", ""agg_activation"": ""none"", ""attn_type"": ""dot"", ""time_decay"": ""none"", ""hidden_dim"": 0, ""memory_gate"": ""off"", ""enable_event_agg"": ""off"", ""enable_graph_update"": ""off"", ""message_mode"": ""peer"", ""msg_linear"": ""off""}"
44,coarse_pipeline,val,0.34745199015867634,0.34745199015867634,,0.34745199015867634,0.7813906953476738,92864,56.7222,jodie_rnn,"{""dataset"": ""public_csv"", ""dataset_dir"": ""data/public"", ""local_data_path"": ""data/public/mooc.csv"", ""train_ratio"": 0.7, ""val_ratio"": 0.1, ""max_events"": 20000, ""num_users"": 1435, ""num_items"": 21, ""num_interactions"": 3000, ""feature_dim"": 4, ""lr"": 0.001, ""neg_sample_size"": 5, ""k"": 10, ""selection_metric"": ""mrr"", ""device"": ""cuda"", ""seed"": 42, ""partition_size"": 2000, ""partition_strategy"": ""count"", ""partition_overlap_ratio"": 0.0, ""num_pipeline_stages"": 3, ""pipeline_worker_gpus"": 1.0, ""pipeline_worker_cpus"": 1.0, ""pipeline_stage_train_workers"": ""1,1,1"", ""pipeline_stage_eval_workers"": ""1,1,1"", ""stage_balance_strategy"": ""cost"", ""stage_balance_user_weight"": 0.25, ""stage_balance_item_weight"": 0.25, ""stage_balance_span_weight"": 0.0, ""pipeline_mode"": ""naive"", ""pipeline_trace"": false, ""pipeline_trace_log_path"": ""results/20260824_220844/pipeline_naive/pipeline_trace.log"", ""ray_address"": """", ""output_dir"": ""results/20260824_220844/pipeline_naive"", ""enable_efficiency_monitor"": false, ""efficiency_monitor_interval"": 10, ""data_parallel_workers"": 3, ""data_parallel_worker_gpus"": 1.0, ""data_parallel_visible_gpus"": ""0,1,2"", ""data_parallel_sync_level"": ""micro_batch"", ""data_parallel_micro_batch_size"": 200, ""gpu_list"": ""0,1,2"", ""enable_auto_pipeline_config"": false, ""batch_training"": false, ""train_batch_size"": 32, ""batch_mode"": ""serial"", ""tgn_loss_mode"": ""all"", ""tgn_window_size"": 10.0, ""eval_frozen"": false, ""max_neighbors"": 0, ""model"": ""jodie_rnn"", ""embedding_dim"": 32, ""memory_cell"": ""lstm"", ""time_proj"": ""off"", ""use_static_embeddings"": ""on"", ""normalize_state"": ""on"", ""event_agg"": ""none"", ""agg_activation"": ""none"", ""attn_type"": ""dot"", ""time_decay"": ""none"", ""hidden_dim"": 0, ""memory_gate"": ""off"", ""enable_event_agg"": ""off"", ""enable_graph_update"": ""off"", ""message_mode"": ""peer"", ""msg_linear"": ""off""}"
45,coarse_pipeline,val,0.34282087781234866,0.34282087781234866,,0.34282087781234866,0.7238619309654828,85376,56.9918,jodie_rnn,"{""dataset"": ""public_csv"", ""dataset_dir"": ""data/public"", ""local_data_path"": ""data/public/mooc.csv"", ""train_ratio"": 0.7, ""val_ratio"": 0.1, ""max_events"": 20000, ""num_users"": 1435, ""num_items"": 21, ""num_interactions"": 3000, ""feature_dim"": 4, ""lr"": 0.001, ""neg_sample_size"": 5, ""k"": 10, ""selection_metric"": ""mrr"", ""device"": ""cuda"", ""seed"": 42, ""partition_size"": 2000, ""partition_strategy"": ""count"", ""partition_overlap_ratio"": 0.0, ""num_pipeline_stages"": 3, ""pipeline_worker_gpus"": 1.0, ""pipeline_worker_cpus"": 1.0, ""pipeline_stage_train_workers"": ""1,1,1"", ""pipeline_stage_eval_workers"": ""1,1,1"", ""stage_balance_strategy"": ""cost"", ""stage_balance_user_weight"": 0.25, ""stage_balance_item_weight"": 0.25, ""stage_balance_span_weight"": 0.0, ""pipeline_mode"": ""naive"", ""pipeline_trace"": false, ""pipeline_trace_log_path"": ""results/20260824_220844/pipeline_naive/pipeline_trace.log"", ""ray_address"": """", ""output_dir"": ""results/20260824_220844/pipeline_naive"", ""enable_efficiency_monitor"": false, ""efficiency_monitor_interval"": 10, ""data_parallel_workers"": 3, ""data_parallel_worker_gpus"": 1.0, ""data_parallel_visible_gpus"": ""0,1,2"", ""data_parallel_sync_level"": ""micro_batch"", ""data_parallel_micro_batch_size"": 200, ""gpu_list"": ""0,1,2"", ""enable_auto_pipeline_config"": false, ""batch_training"": false, ""train_batch_size"": 32, ""batch_mode"": ""serial"", ""tgn_loss_mode"": ""all"", ""tgn_window_size"": 10.0, ""eval_frozen"": false, ""max_neighbors"": 0, ""model"": ""jodie_rnn"", ""embedding_dim"": 64, ""memory_cell"": ""gru"", ""time_proj"": ""off"", ""use_static_embeddings"": ""off"", ""normalize_state"": ""on"", ""event_agg"": ""none"", ""agg_activation"": ""none"", ""attn_type"": ""dot"", ""time_decay"": ""none"", ""hidden_dim"": 0, ""memory_gate"": ""off"", ""enable_event_agg"": ""off"", ""enable_graph_update"": ""off"", ""message_mode"": ""peer"", ""msg_linear"": ""off""}"
46,coarse_pipeline,val,0.33612478828134257,0.33612478828134257,,0.33612478828134257,0.7688844422211105,92864,56.4212,jodie_rnn,"{""dataset"": ""public_csv"", ""dataset_dir"": ""data/public"", ""local_data_path"": ""data/public/mooc.csv"", ""train_ratio"": 0.7, ""val_ratio"": 0.1, ""max_events"": 20000, ""num_users"": 1435, ""num_items"": 21, ""num_interactions"": 3000, ""feature_dim"": 4, ""lr"": 0.001, ""neg_sample_size"": 5, ""k"": 10, ""selection_metric"": ""mrr"", ""device"": ""cuda"", ""seed"": 42, ""partition_size"": 2000, ""partition_strategy"": ""count"", ""partition_overlap_ratio"": 0.0, ""num_pipeline_stages"": 3, ""pipeline_worker_gpus"": 1.0, ""pipeline_worker_cpus"": 1.0, ""pipeline_stage_train_workers"": ""1,1,1"", ""pipeline_stage_eval_workers"": ""1,1,1"", ""stage_balance_strategy"": ""cost"", ""stage_balance_user_weight"": 0.25, ""stage_balance_item_weight"": 0.25, ""stage_balance_span_weight"": 0.0, ""pipeline_mode"": ""naive"", ""pipeline_trace"": false, ""pipeline_trace_log_path"": ""results/20260824_220844/pipeline_naive/pipeline_trace.log"", ""ray_address"": """", ""output_dir"": ""results/20260824_220844/pipeline_naive"", ""enable_efficiency_monitor"": false, ""efficiency_monitor_interval"": 10, ""data_parallel_workers"": 3, ""data_parallel_worker_gpus"": 1.0, ""data_parallel_visible_gpus"": ""0,1,2"", ""data_parallel_sync_level"": ""micro_batch"", ""data_parallel_micro_batch_size"": 200, ""gpu_list"": ""0,1,2"", ""enable_auto_pipeline_config"": false, ""batch_training"": false, ""train_batch_size"": 32, ""batch_mode"": ""serial"", ""tgn_loss_mode"": ""all"", ""tgn_window_size"": 10.0, ""eval_frozen"": false, ""max_neighbors"": 0, ""model"": ""jodie_rnn"", ""embedding_dim"": 32, ""memory_cell"": ""lstm"", ""time_proj"": ""off"", ""use_static_embeddings"": ""on"", ""normalize_state"": ""off"", ""event_agg"": ""none"", ""agg_activation"": ""none"", ""attn_type"": ""dot"", ""time_decay"": ""none"", ""hidden_dim"": 0, ""memory_gate"": ""off"", ""enable_event_agg"": ""off"", ""enable_graph_update"": ""off"", ""message_mode"": ""peer"", ""msg_linear"": ""off""}"
47,coarse_pipeline,val,0.324609973737537,0.324609973737537,,0.324609973737537,0.7358679339669835,334592,53.2754,jodie_rnn,"{""dataset"": ""public_csv"", ""dataset_dir"": ""data/public"", ""local_data_path"": ""data/public/mooc.csv"", ""train_ratio"": 0.7, ""val_ratio"": 0.1, ""max_events"": 20000, ""num_users"": 1435, ""num_items"": 21, ""num_interactions"": 3000, ""feature_dim"": 4, ""lr"": 0.001, ""neg_sample_size"": 5, ""k"": 10, ""selection_metric"": ""mrr"", ""device"": ""cuda"", ""seed"": 42, ""partition_size"": 2000, ""partition_strategy"": ""count"", ""partition_overlap_ratio"": 0.0, ""num_pipeline_stages"": 3, ""pipeline_worker_gpus"": 1.0, ""pipeline_worker_cpus"": 1.0, ""pipeline_stage_train_workers"": ""1,1,1"", ""pipeline_stage_eval_workers"": ""1,1,1"", ""stage_balance_strategy"": ""cost"", ""stage_balance_user_weight"": 0.25, ""stage_balance_item_weight"": 0.25, ""stage_balance_span_weight"": 0.0, ""pipeline_mode"": ""naive"", ""pipeline_trace"": false, ""pipeline_trace_log_path"": ""results/20260824_220844/pipeline_naive/pipeline_trace.log"", ""ray_address"": """", ""output_dir"": ""results/20260824_220844/pipeline_naive"", ""enable_efficiency_monitor"": false, ""efficiency_monitor_interval"": 10, ""data_parallel_workers"": 3, ""data_parallel_worker_gpus"": 1.0, ""data_parallel_visible_gpus"": ""0,1,2"", ""data_parallel_sync_level"": ""micro_batch"", ""data_parallel_micro_batch_size"": 200, ""gpu_list"": ""0,1,2"", ""enable_auto_pipeline_config"": false, ""batch_training"": false, ""train_batch_size"": 32, ""batch_mode"": ""serial"", ""tgn_loss_mode"": ""all"", ""tgn_window_size"": 10.0, ""eval_frozen"": false, ""max_neighbors"": 0, ""model"": ""jodie_rnn"", ""embedding_dim"": 128, ""memory_cell"": ""gru"", ""time_proj"": ""off"", ""use_static_embeddings"": ""off"", ""normalize_state"": ""on"", ""event_agg"": ""none"", ""agg_activation"": ""none"", ""attn_type"": ""dot"", ""time_decay"": ""none"", ""hidden_dim"": 0, ""memory_gate"": ""off"", ""enable_event_agg"": ""off"", ""enable_graph_update"": ""off"", ""message_mode"": ""peer"", ""msg_linear"": ""off""}"
48,coarse_pipeline,val,0.3100497114255925,0.3100497114255925,,0.3100497114255925,0.7543771885942971,110976,56.4592,jodie_rnn,"{""dataset"": ""public_csv"", ""dataset_dir"": ""data/public"", ""local_data_path"": ""data/public/mooc.csv"", ""train_ratio"": 0.7, ""val_ratio"": 0.1, ""max_events"": 20000, ""num_users"": 1435, ""num_items"": 21, ""num_interactions"": 3000, ""feature_dim"": 4, ""lr"": 0.001, ""neg_sample_size"": 5, ""k"": 10, ""selection_metric"": ""mrr"", ""device"": ""cuda"", ""seed"": 42, ""partition_size"": 2000, ""partition_strategy"": ""count"", ""partition_overlap_ratio"": 0.0, ""num_pipeline_stages"": 3, ""pipeline_worker_gpus"": 1.0, ""pipeline_worker_cpus"": 1.0, ""pipeline_stage_train_workers"": ""1,1,1"", ""pipeline_stage_eval_workers"": ""1,1,1"", ""stage_balance_strategy"": ""cost"", ""stage_balance_user_weight"": 0.25, ""stage_balance_item_weight"": 0.25, ""stage_balance_span_weight"": 0.0, ""pipeline_mode"": ""naive"", ""pipeline_trace"": false, ""pipeline_trace_log_path"": ""results/20260824_220844/pipeline_naive/pipeline_trace.log"", ""ray_address"": """", ""output_dir"": ""results/20260824_220844/pipeline_naive"", ""enable_efficiency_monitor"": false, ""efficiency_monitor_interval"": 10, ""data_parallel_workers"": 3, ""data_parallel_worker_gpus"": 1.0, ""data_parallel_visible_gpus"": ""0,1,2"", ""data_parallel_sync_level"": ""micro_batch"", ""data_parallel_micro_batch_size"": 200, ""gpu_list"": ""0,1,2"", ""enable_auto_pipeline_config"": false, ""batch_training"": false, ""train_batch_size"": 32, ""batch_mode"": ""serial"", ""tgn_loss_mode"": ""all"", ""tgn_window_size"": 10.0, ""eval_frozen"": false, ""max_neighbors"": 0, ""model"": ""jodie_rnn"", ""embedding_dim"": 64, ""memory_cell"": ""lstm"", ""time_proj"": ""off"", ""use_static_embeddings"": ""off"", ""normalize_state"": ""on"", ""event_agg"": ""none"", ""agg_activation"": ""none"", ""attn_type"": ""dot"", ""time_decay"": ""none"", ""hidden_dim"": 0, ""memory_gate"": ""off"", ""enable_event_agg"": ""off"", ""enable_graph_update"": ""off"", ""message_mode"": ""peer"", ""msg_linear"": ""off""}"
49,coarse_pipeline,val,0.3040857005324535,0.3040857005324535,,0.3040857005324535,0.7328664332166083,28864,58.0631,jodie_rnn,"{""dataset"": ""public_csv"", ""dataset_dir"": ""data/public"", ""local_data_path"": ""data/public/mooc.csv"", ""train_ratio"": 0.7, ""val_ratio"": 0.1, ""max_events"": 20000, ""num_users"": 1435, ""num_items"": 21, ""num_interactions"": 3000, ""feature_dim"": 4, ""lr"": 0.001, ""neg_sample_size"": 5, ""k"": 10, ""selection_metric"": ""mrr"", ""device"": ""cuda"", ""seed"": 42, ""partition_size"": 2000, ""partition_strategy"": ""count"", ""partition_overlap_ratio"": 0.0, ""num_pipeline_stages"": 3, ""pipeline_worker_gpus"": 1.0, ""pipeline_worker_cpus"": 1.0, ""pipeline_stage_train_workers"": ""1,1,1"", ""pipeline_stage_eval_workers"": ""1,1,1"", ""stage_balance_strategy"": ""cost"", ""stage_balance_user_weight"": 0.25, ""stage_balance_item_weight"": 0.25, ""stage_balance_span_weight"": 0.0, ""pipeline_mode"": ""naive"", ""pipeline_trace"": false, ""pipeline_trace_log_path"": ""results/20260824_220844/pipeline_naive/pipeline_trace.log"", ""ray_address"": """", ""output_dir"": ""results/20260824_220844/pipeline_naive"", ""enable_efficiency_monitor"": false, ""efficiency_monitor_interval"": 10, ""data_parallel_workers"": 3, ""data_parallel_worker_gpus"": 1.0, ""data_parallel_visible_gpus"": ""0,1,2"", ""data_parallel_sync_level"": ""micro_batch"", ""data_parallel_micro_batch_size"": 200, ""gpu_list"": ""0,1,2"", ""enable_auto_pipeline_config"": false, ""batch_training"": false, ""train_batch_size"": 32, ""batch_mode"": ""serial"", ""tgn_loss_mode"": ""all"", ""tgn_window_size"": 10.0, ""eval_frozen"": false, ""max_neighbors"": 0, ""model"": ""jodie_rnn"", ""embedding_dim"": 32, ""memory_cell"": ""lstm"", ""time_proj"": ""off"", ""use_static_embeddings"": ""off"", ""normalize_state"": ""on"", ""event_agg"": ""none"", ""agg_activation"": ""none"", ""attn_type"": ""dot"", ""time_decay"": ""none"", ""hidden_dim"": 0, ""memory_gate"": ""off"", ""enable_event_agg"": ""off"", ""enable_graph_update"": ""off"", ""message_mode"": ""peer"", ""msg_linear"": ""off""}"
50,coarse_pipeline,val,0.30197056565300706,0.30197056565300706,,0.30197056565300706,0.7458729364682342,28864,56.4149,jodie_rnn,"{""dataset"": ""public_csv"", ""dataset_dir"": ""data/public"", ""local_data_path"": ""data/public/mooc.csv"", ""train_ratio"": 0.7, ""val_ratio"": 0.1, ""max_events"": 20000, ""num_users"": 1435, ""num_items"": 21, ""num_interactions"": 3000, ""feature_dim"": 4, ""lr"": 0.001, ""neg_sample_size"": 5, ""k"": 10, ""selection_metric"": ""mrr"", ""device"": ""cuda"", ""seed"": 42, ""partition_size"": 2000, ""partition_strategy"": ""count"", ""partition_overlap_ratio"": 0.0, ""num_pipeline_stages"": 3, ""pipeline_worker_gpus"": 1.0, ""pipeline_worker_cpus"": 1.0, ""pipeline_stage_train_workers"": ""1,1,1"", ""pipeline_stage_eval_workers"": ""1,1,1"", ""stage_balance_strategy"": ""cost"", ""stage_balance_user_weight"": 0.25, ""stage_balance_item_weight"": 0.25, ""stage_balance_span_weight"": 0.0, ""pipeline_mode"": ""naive"", ""pipeline_trace"": false, ""pipeline_trace_log_path"": ""results/20260824_220844/pipeline_naive/pipeline_trace.log"", ""ray_address"": """", ""output_dir"": ""results/20260824_220844/pipeline_naive"", ""enable_efficiency_monitor"": false, ""efficiency_monitor_interval"": 10, ""data_parallel_workers"": 3, ""data_parallel_worker_gpus"": 1.0, ""data_parallel_visible_gpus"": ""0,1,2"", ""data_parallel_sync_level"": ""micro_batch"", ""data_parallel_micro_batch_size"": 200, ""gpu_list"": ""0,1,2"", ""enable_auto_pipeline_config"": false, ""batch_training"": false, ""train_batch_size"": 32, ""batch_mode"": ""serial"", ""tgn_loss_mode"": ""all"", ""tgn_window_size"": 10.0, ""eval_frozen"": false, ""max_neighbors"": 0, ""model"": ""jodie_rnn"", ""embedding_dim"": 32, ""memory_cell"": ""lstm"", ""time_proj"": ""linear"", ""use_static_embeddings"": ""off"", ""normalize_state"": ""off"", ""event_agg"": ""none"", ""agg_activation"": ""none"", ""attn_type"": ""dot"", ""time_decay"": ""none"", ""hidden_dim"": 0, ""memory_gate"": ""off"", ""enable_event_agg"": ""off"", ""enable_graph_update"": ""off"", ""message_mode"": ""peer"", ""msg_linear"": ""off""}"
51,coarse_pipeline,val,0.2970196111607952,0.2970196111607952,,0.2970196111607952,0.7213606803401701,434944,55.7568,jodie_rnn,"{""dataset"": ""public_csv"", ""dataset_dir"": ""data/public"", ""local_data_path"": ""data/public/mooc.csv"", ""train_ratio"": 0.7, ""val_ratio"": 0.1, ""max_events"": 20000, ""num_users"": 1435, ""num_items"": 21, ""num_interactions"": 3000, ""feature_dim"": 4, ""lr"": 0.001, ""neg_sample_size"": 5, ""k"": 10, ""selection_metric"": ""mrr"", ""device"": ""cuda"", ""seed"": 42, ""partition_size"": 2000, ""partition_strategy"": ""count"", ""partition_overlap_ratio"": 0.0, ""num_pipeline_stages"": 3, ""pipeline_worker_gpus"": 1.0, ""pipeline_worker_cpus"": 1.0, ""pipeline_stage_train_workers"": ""1,1,1"", ""pipeline_stage_eval_workers"": ""1,1,1"", ""stage_balance_strategy"": ""cost"", ""stage_balance_user_weight"": 0.25, ""stage_balance_item_weight"": 0.25, ""stage_balance_span_weight"": 0.0, ""pipeline_mode"": ""naive"", ""pipeline_trace"": false, ""pipeline_trace_log_path"": ""results/20260824_220844/pipeline_naive/pipeline_trace.log"", ""ray_address"": """", ""output_dir"": ""results/20260824_220844/pipeline_naive"", ""enable_efficiency_monitor"": false, ""efficiency_monitor_interval"": 10, ""data_parallel_workers"": 3, ""data_parallel_worker_gpus"": 1.0, ""data_parallel_visible_gpus"": ""0,1,2"", ""data_parallel_sync_level"": ""micro_batch"", ""data_parallel_micro_batch_size"": 200, ""gpu_list"": ""0,1,2"", ""enable_auto_pipeline_config"": false, ""batch_training"": false, ""train_batch_size"": 32, ""batch_mode"": ""serial"", ""tgn_loss_mode"": ""all"", ""tgn_window_size"": 10.0, ""eval_frozen"": false, ""max_neighbors"": 0, ""model"": ""jodie_rnn"", ""embedding_dim"": 128, ""memory_cell"": ""lstm"", ""time_proj"": ""linear"", ""use_static_embeddings"": ""off"", ""normalize_state"": ""off"", ""event_agg"": ""none"", ""agg_activation"": ""none"", ""attn_type"": ""dot"", ""time_decay"": ""none"", ""hidden_dim"": 0, ""memory_gate"": ""off"", ""enable_event_agg"": ""off"", ""enable_graph_update"": ""off"", ""message_mode"": ""peer"", ""msg_linear"": ""off""}"
52,coarse_pipeline,val,0.28863380880440065,0.28863380880440065,,0.28863380880440065,0.7098549274637319,273792,55.6373,jodie_rnn,"{""dataset"": ""public_csv"", ""dataset_dir"": ""data/public"", ""local_data_path"": ""data/public/mooc.csv"", ""train_ratio"": 0.7, ""val_ratio"": 0.1, ""max_events"": 20000, ""num_users"": 1435, ""num_items"": 21, ""num_interactions"": 3000, ""feature_dim"": 4, ""lr"": 0.001, ""neg_sample_size"": 5, ""k"": 10, ""selection_metric"": ""mrr"", ""device"": ""cuda"", ""seed"": 42, ""partition_size"": 2000, ""partition_strategy"": ""count"", ""partition_overlap_ratio"": 0.0, ""num_pipeline_stages"": 3, ""pipeline_worker_gpus"": 1.0, ""pipeline_worker_cpus"": 1.0, ""pipeline_stage_train_workers"": ""1,1,1"", ""pipeline_stage_eval_workers"": ""1,1,1"", ""stage_balance_strategy"": ""cost"", ""stage_balance_user_weight"": 0.25, ""stage_balance_item_weight"": 0.25, ""stage_balance_span_weight"": 0.0, ""pipeline_mode"": ""naive"", ""pipeline_trace"": false, ""pipeline_trace_log_path"": ""results/20260824_220844/pipeline_naive/pipeline_trace.log"", ""ray_address"": """", ""output_dir"": ""results/20260824_220844/pipeline_naive"", ""enable_efficiency_monitor"": false, ""efficiency_monitor_interval"": 10, ""data_parallel_workers"": 3, ""data_parallel_worker_gpus"": 1.0, ""data_parallel_visible_gpus"": ""0,1,2"", ""data_parallel_sync_level"": ""micro_batch"", ""data_parallel_micro_batch_size"": 200, ""gpu_list"": ""0,1,2"", ""enable_auto_pipeline_config"": false, ""batch_training"": false, ""train_batch_size"": 32, ""batch_mode"": ""serial"", ""tgn_loss_mode"": ""all"", ""tgn_window_size"": 10.0, ""eval_frozen"": false, ""max_neighbors"": 0, ""model"": ""jodie_rnn"", ""embedding_dim"": 64, ""memory_cell"": ""lstm"", ""time_proj"": ""linear"", ""use_static_embeddings"": ""on"", ""normalize_state"": ""off"", ""event_agg"": ""none"", ""agg_activation"": ""none"", ""attn_type"": ""dot"", ""time_decay"": ""none"", ""hidden_dim"": 0, ""memory_gate"": ""off"", ""enable_event_agg"": ""off"", ""enable_graph_update"": ""off"", ""message_mode"": ""peer"", ""msg_linear"": ""off""}"
53,coarse_pipeline,val,0.2853863809784489,0.2853863809784489,,0.2853863809784489,0.7113556778389195,110976,54.4432,jodie_rnn,"{""dataset"": ""public_csv"", ""dataset_dir"": ""data/public"", ""local_data_path"": ""data/public/mooc.csv"", ""train_ratio"": 0.7, ""val_ratio"": 0.1, ""max_events"": 20000, ""num_users"": 1435, ""num_items"": 21, ""num_interactions"": 3000, ""feature_dim"": 4, ""lr"": 0.001, ""neg_sample_size"": 5, ""k"": 10, ""selection_metric"": ""mrr"", ""device"": ""cuda"", ""seed"": 42, ""partition_size"": 2000, ""partition_strategy"": ""count"", ""partition_overlap_ratio"": 0.0, ""num_pipeline_stages"": 3, ""pipeline_worker_gpus"": 1.0, ""pipeline_worker_cpus"": 1.0, ""pipeline_stage_train_workers"": ""1,1,1"", ""pipeline_stage_eval_workers"": ""1,1,1"", ""stage_balance_strategy"": ""cost"", ""stage_balance_user_weight"": 0.25, ""stage_balance_item_weight"": 0.25, ""stage_balance_span_weight"": 0.0, ""pipeline_mode"": ""naive"", ""pipeline_trace"": false, ""pipeline_trace_log_path"": ""results/20260824_220844/pipeline_naive/pipeline_trace.log"", ""ray_address"": """", ""output_dir"": ""results/20260824_220844/pipeline_naive"", ""enable_efficiency_monitor"": false, ""efficiency_monitor_interval"": 10, ""data_parallel_workers"": 3, ""data_parallel_worker_gpus"": 1.0, ""data_parallel_visible_gpus"": ""0,1,2"", ""data_parallel_sync_level"": ""micro_batch"", ""data_parallel_micro_batch_size"": 200, ""gpu_list"": ""0,1,2"", ""enable_auto_pipeline_config"": false, ""batch_training"": false, ""train_batch_size"": 32, ""batch_mode"": ""serial"", ""tgn_loss_mode"": ""all"", ""tgn_window_size"": 10.0, ""eval_frozen"": false, ""max_neighbors"": 0, ""model"": ""jodie_rnn"", ""embedding_dim"": 64, ""memory_cell"": ""lstm"", ""time_proj"": ""linear"", ""use_static_embeddings"": ""off"", ""normalize_state"": ""off"", ""event_agg"": ""none"", ""agg_activation"": ""none"", ""attn_type"": ""dot"", ""time_decay"": ""none"", ""hidden_dim"": 0, ""memory_gate"": ""off"", ""enable_event_agg"": ""off"", ""enable_graph_update"": ""off"", ""message_mode"": ""peer"", ""msg_linear"": ""off""}"
54,coarse_pipeline,val,0.2737833329616833,0.2737833329616833,,0.2737833329616833,0.6978489244622311,899840,67.7018,jodie_rnn,"{""dataset"": ""public_csv"", ""dataset_dir"": ""data/public"", ""local_data_path"": ""data/public/mooc.csv"", ""train_ratio"": 0.7, ""val_ratio"": 0.1, ""max_events"": 20000, ""num_users"": 1435, ""num_items"": 21, ""num_interactions"": 3000, ""feature_dim"": 4, ""lr"": 0.001, ""neg_sample_size"": 5, ""k"": 10, ""selection_metric"": ""mrr"", ""device"": ""cuda"", ""seed"": 42, ""partition_size"": 2000, ""partition_strategy"": ""count"", ""partition_overlap_ratio"": 0.0, ""num_pipeline_stages"": 3, ""pipeline_worker_gpus"": 1.0, ""pipeline_worker_cpus"": 1.0, ""pipeline_stage_train_workers"": ""1,1,1"", ""pipeline_stage_eval_workers"": ""1,1,1"", ""stage_balance_strategy"": ""cost"", ""stage_balance_user_weight"": 0.25, ""stage_balance_item_weight"": 0.25, ""stage_balance_span_weight"": 0.0, ""pipeline_mode"": ""naive"", ""pipeline_trace"": false, ""pipeline_trace_log_path"": ""results/20260824_220844/pipeline_naive/pipeline_trace.log"", ""ray_address"": """", ""output_dir"": ""results/20260824_220844/pipeline_naive"", ""enable_efficiency_monitor"": false, ""efficiency_monitor_interval"": 10, ""data_parallel_workers"": 3, ""data_parallel_worker_gpus"": 1.0, ""data_parallel_visible_gpus"": ""0,1,2"", ""data_parallel_sync_level"": ""micro_batch"", ""data_parallel_micro_batch_size"": 200, ""gpu_list"": ""0,1,2"", ""enable_auto_pipeline_config"": false, ""batch_training"": false, ""train_batch_size"": 32, ""batch_mode"": ""serial"", ""tgn_loss_mode"": ""all"", ""tgn_window_size"": 10.0, ""eval_frozen"": false, ""max_neighbors"": 0, ""model"": ""jodie_rnn"", ""embedding_dim"": 128, ""memory_cell"": ""lstm"", ""time_proj"": ""linear"", ""use_static_embeddings"": ""on"", ""normalize_state"": ""off"", ""event_agg"": ""none"", ""agg_activation"": ""none"", ""attn_type"": ""dot"", ""time_decay"": ""none"", ""hidden_dim"": 0, ""memory_gate"": ""off"", ""enable_event_agg"": ""off"", ""enable_graph_update"": ""off"", ""message_mode"": ""peer"", ""msg_linear"": ""off""}"
55,coarse_pipeline,val,0.2573307746987458,0.2573307746987458,,0.2573307746987458,0.6863431715857929,92864,52.6421,jodie_rnn,"{""dataset"": ""public_csv"", ""dataset_dir"": ""data/public"", ""local_data_path"": ""data/public/mooc.csv"", ""train_ratio"": 0.7, ""val_ratio"": 0.1, ""max_events"": 20000, ""num_users"": 1435, ""num_items"": 21, ""num_interactions"": 3000, ""feature_dim"": 4, ""lr"": 0.001, ""neg_sample_size"": 5, ""k"": 10, ""selection_metric"": ""mrr"", ""device"": ""cuda"", ""seed"": 42, ""partition_size"": 2000, ""partition_strategy"": ""count"", ""partition_overlap_ratio"": 0.0, ""num_pipeline_stages"": 3, ""pipeline_worker_gpus"": 1.0, ""pipeline_worker_cpus"": 1.0, ""pipeline_stage_train_workers"": ""1,1,1"", ""pipeline_stage_eval_workers"": ""1,1,1"", ""stage_balance_strategy"": ""cost"", ""stage_balance_user_weight"": 0.25, ""stage_balance_item_weight"": 0.25, ""stage_balance_span_weight"": 0.0, ""pipeline_mode"": ""naive"", ""pipeline_trace"": false, ""pipeline_trace_log_path"": ""results/20260824_220844/pipeline_naive/pipeline_trace.log"", ""ray_address"": """", ""output_dir"": ""results/20260824_220844/pipeline_naive"", ""enable_efficiency_monitor"": false, ""efficiency_monitor_interval"": 10, ""data_parallel_workers"": 3, ""data_parallel_worker_gpus"": 1.0, ""data_parallel_visible_gpus"": ""0,1,2"", ""data_parallel_sync_level"": ""micro_batch"", ""data_parallel_micro_batch_size"": 200, ""gpu_list"": ""0,1,2"", ""enable_auto_pipeline_config"": false, ""batch_training"": false, ""train_batch_size"": 32, ""batch_mode"": ""serial"", ""tgn_loss_mode"": ""all"", ""tgn_window_size"": 10.0, ""eval_frozen"": false, ""max_neighbors"": 0, ""model"": ""jodie_rnn"", ""embedding_dim"": 32, ""memory_cell"": ""lstm"", ""time_proj"": ""linear"", ""use_static_embeddings"": ""on"", ""normalize_state"": ""off"", ""event_agg"": ""none"", ""agg_activation"": ""none"", ""attn_type"": ""dot"", ""time_decay"": ""none"", ""hidden_dim"": 0, ""memory_gate"": ""off"", ""enable_event_agg"": ""off"", ""enable_graph_update"": ""off"", ""message_mode"": ""peer"", ""msg_linear"": ""off""}"
56,coarse_pipeline,val,0.12660258734946606,0.12660258734946606,,0.12660258734946606,0.29814907453726863,22208,56.497,jodie_rnn,"{""dataset"": ""public_csv"", ""dataset_dir"": ""data/public"", ""local_data_path"": ""data/public/mooc.csv"", ""train_ratio"": 0.7, ""val_ratio"": 0.1, ""max_events"": 20000, ""num_users"": 1435, ""num_items"": 21, ""num_interactions"": 3000, ""feature_dim"": 4, ""lr"": 0.001, ""neg_sample_size"": 5, ""k"": 10, ""selection_metric"": ""mrr"", ""device"": ""cuda"", ""seed"": 42, ""partition_size"": 2000, ""partition_strategy"": ""count"", ""partition_overlap_ratio"": 0.0, ""num_pipeline_stages"": 3, ""pipeline_worker_gpus"": 1.0, ""pipeline_worker_cpus"": 1.0, ""pipeline_stage_train_workers"": ""1,1,1"", ""pipeline_stage_eval_workers"": ""1,1,1"", ""stage_balance_strategy"": ""cost"", ""stage_balance_user_weight"": 0.25, ""stage_balance_item_weight"": 0.25, ""stage_balance_span_weight"": 0.0, ""pipeline_mode"": ""naive"", ""pipeline_trace"": false, ""pipeline_trace_log_path"": ""results/20260824_220844/pipeline_naive/pipeline_trace.log"", ""ray_address"": """", ""output_dir"": ""results/20260824_220844/pipeline_naive"", ""enable_efficiency_monitor"": false, ""efficiency_monitor_interval"": 10, ""data_parallel_workers"": 3, ""data_parallel_worker_gpus"": 1.0, ""data_parallel_visible_gpus"": ""0,1,2"", ""data_parallel_sync_level"": ""micro_batch"", ""data_parallel_micro_batch_size"": 200, ""gpu_list"": ""0,1,2"", ""enable_auto_pipeline_config"": false, ""batch_training"": false, ""train_batch_size"": 32, ""batch_mode"": ""serial"", ""tgn_loss_mode"": ""all"", ""tgn_window_size"": 10.0, ""eval_frozen"": false, ""max_neighbors"": 0, ""model"": ""jodie_rnn"", ""embedding_dim"": 32, ""memory_cell"": ""gru"", ""time_proj"": ""linear"", ""use_static_embeddings"": ""off"", ""normalize_state"": ""off"", ""event_agg"": ""none"", ""agg_activation"": ""none"", ""attn_type"": ""dot"", ""time_decay"": ""none"", ""hidden_dim"": 0, ""memory_gate"": ""off"", ""enable_event_agg"": ""off"", ""enable_graph_update"": ""off"", ""message_mode"": ""peer"", ""msg_linear"": ""off""}"
57,coarse_pipeline,val,0.12660258734946606,0.12660258734946606,,0.12660258734946606,0.29814907453726863,334592,60.4596,jodie_rnn,"{""dataset"": ""public_csv"", ""dataset_dir"": ""data/public"", ""local_data_path"": ""data/public/mooc.csv"", ""train_ratio"": 0.7, ""val_ratio"": 0.1, ""max_events"": 20000, ""num_users"": 1435, ""num_items"": 21, ""num_interactions"": 3000, ""feature_dim"": 4, ""lr"": 0.001, ""neg_sample_size"": 5, ""k"": 10, ""selection_metric"": ""mrr"", ""device"": ""cuda"", ""seed"": 42, ""partition_size"": 2000, ""partition_strategy"": ""count"", ""partition_overlap_ratio"": 0.0, ""num_pipeline_stages"": 3, ""pipeline_worker_gpus"": 1.0, ""pipeline_worker_cpus"": 1.0, ""pipeline_stage_train_workers"": ""1,1,1"", ""pipeline_stage_eval_workers"": ""1,1,1"", ""stage_balance_strategy"": ""cost"", ""stage_balance_user_weight"": 0.25, ""stage_balance_item_weight"": 0.25, ""stage_balance_span_weight"": 0.0, ""pipeline_mode"": ""naive"", ""pipeline_trace"": false, ""pipeline_trace_log_path"": ""results/20260824_220844/pipeline_naive/pipeline_trace.log"", ""ray_address"": """", ""output_dir"": ""results/20260824_220844/pipeline_naive"", ""enable_efficiency_monitor"": false, ""efficiency_monitor_interval"": 10, ""data_parallel_workers"": 3, ""data_parallel_worker_gpus"": 1.0, ""data_parallel_visible_gpus"": ""0,1,2"", ""data_parallel_sync_level"": ""micro_batch"", ""data_parallel_micro_batch_size"": 200, ""gpu_list"": ""0,1,2"", ""enable_auto_pipeline_config"": false, ""batch_training"": false, ""train_batch_size"": 32, ""batch_mode"": ""serial"", ""tgn_loss_mode"": ""all"", ""tgn_window_size"": 10.0, ""eval_frozen"": false, ""max_neighbors"": 0, ""model"": ""jodie_rnn"", ""embedding_dim"": 128, ""memory_cell"": ""gru"", ""time_proj"": ""linear"", ""use_static_embeddings"": ""off"", ""normalize_state"": ""off"", ""event_agg"": ""none"", ""agg_activation"": ""none"", ""attn_type"": ""dot"", ""time_decay"": ""none"", ""hidden_dim"": 0, ""memory_gate"": ""off"", ""enable_event_agg"": ""off"", ""enable_graph_update"": ""off"", ""message_mode"": ""peer"", ""msg_linear"": ""off""}"
58,coarse_pipeline,val,0.12660258734946606,0.12660258734946606,,0.12660258734946606,0.29814907453726863,733952,70.4603,jodie_rnn,"{""dataset"": ""public_csv"", ""dataset_dir"": ""data/public"", ""local_data_path"": ""data/public/mooc.csv"", ""train_ratio"": 0.7, ""val_ratio"": 0.1, ""max_events"": 20000, ""num_users"": 1435, ""num_items"": 21, ""num_interactions"": 3000, ""feature_dim"": 4, ""lr"": 0.001, ""neg_sample_size"": 5, ""k"": 10, ""selection_metric"": ""mrr"", ""device"": ""cuda"", ""seed"": 42, ""partition_size"": 2000, ""partition_strategy"": ""count"", ""partition_overlap_ratio"": 0.0, ""num_pipeline_stages"": 3, ""pipeline_worker_gpus"": 1.0, ""pipeline_worker_cpus"": 1.0, ""pipeline_stage_train_workers"": ""1,1,1"", ""pipeline_stage_eval_workers"": ""1,1,1"", ""stage_balance_strategy"": ""cost"", ""stage_balance_user_weight"": 0.25, ""stage_balance_item_weight"": 0.25, ""stage_balance_span_weight"": 0.0, ""pipeline_mode"": ""naive"", ""pipeline_trace"": false, ""pipeline_trace_log_path"": ""results/20260824_220844/pipeline_naive/pipeline_trace.log"", ""ray_address"": """", ""output_dir"": ""results/20260824_220844/pipeline_naive"", ""enable_efficiency_monitor"": false, ""efficiency_monitor_interval"": 10, ""data_parallel_workers"": 3, ""data_parallel_worker_gpus"": 1.0, ""data_parallel_visible_gpus"": ""0,1,2"", ""data_parallel_sync_level"": ""micro_batch"", ""data_parallel_micro_batch_size"": 200, ""gpu_list"": ""0,1,2"", ""enable_auto_pipeline_config"": false, ""batch_training"": false, ""train_batch_size"": 32, ""batch_mode"": ""serial"", ""tgn_loss_mode"": ""all"", ""tgn_window_size"": 10.0, ""eval_frozen"": false, ""max_neighbors"": 0, ""model"": ""jodie_rnn"", ""embedding_dim"": 128, ""memory_cell"": ""gru"", ""time_proj"": ""linear"", ""use_static_embeddings"": ""on"", ""normalize_state"": ""off"", ""event_agg"": ""none"", ""agg_activation"": ""none"", ""attn_type"": ""dot"", ""time_decay"": ""none"", ""hidden_dim"": 0, ""memory_gate"": ""off"", ""enable_event_agg"": ""off"", ""enable_graph_update"": ""off"", ""message_mode"": ""peer"", ""msg_linear"": ""off""}"
