rank,phase,eval_split,score,val_score,test_score,mrr,recall_at_k,params,time_sec,model,config_json
1,coarse_dp,val,0.718024992873987,0.718024992873987,,0.718024992873987,0.9354677338669335,134912,66.1618,jodie_rnn,"{""dataset"": ""public_csv"", ""dataset_dir"": ""data/public"", ""local_data_path"": ""data/public/mooc.csv"", ""train_ratio"": 0.7, ""val_ratio"": 0.1, ""max_events"": 20000, ""num_users"": 1435, ""num_items"": 21, ""num_interactions"": 3000, ""feature_dim"": 8, ""lr"": 0.001, ""neg_sample_size"": 5, ""k"": 10, ""selection_metric"": ""mrr"", ""device"": ""cuda"", ""seed"": 42, ""partition_size"": 3000, ""partition_strategy"": ""count"", ""num_pipeline_stages"": 2, ""pipeline_worker_gpus"": 0.0, ""pipeline_worker_cpus"": 1.0, ""pipeline_stage_train_workers"": """", ""pipeline_stage_eval_workers"": """", ""stage_balance_strategy"": ""cost"", ""stage_balance_user_weight"": 0.25, ""stage_balance_item_weight"": 0.25, ""stage_balance_span_weight"": 0.0, ""ray_address"": """", ""pipeline_trace"": false, ""pipeline_trace_log_path"": """", ""output_dir"": ""outputs/comprehensive_comparison/seed_42/data_parallel_no_split"", ""enable_efficiency_monitor"": false, ""efficiency_monitor_interval"": 10, ""data_parallel_workers"": 3, ""data_parallel_worker_gpus"": 1.0, ""data_parallel_visible_gpus"": ""0,1,2"", ""data_parallel_sync_level"": ""micro_batch"", ""data_parallel_micro_batch_size"": 200, ""gpu_list"": ""0,1,2"", ""enable_auto_pipeline_config"": false, ""pipeline_mode"": ""naive"", ""batch_training"": false, ""train_batch_size"": 32, ""batch_mode"": ""tbatch"", ""tgn_loss_mode"": ""all"", ""tgn_window_size"": 10.0, ""eval_frozen"": false, ""model"": ""jodie_rnn"", ""embedding_dim"": 128, ""memory_cell"": ""rnn"", ""time_proj"": ""off"", ""use_static_embeddings"": ""off"", ""normalize_state"": ""off"", ""event_agg"": ""none"", ""agg_activation"": ""none"", ""attn_type"": ""dot"", ""time_decay"": ""none"", ""max_neighbors"": 0, ""hidden_dim"": 0, ""memory_gate"": ""off"", ""enable_event_agg"": ""off"", ""enable_graph_update"": ""off"", ""message_mode"": ""peer"", ""msg_linear"": ""off""}"
2,final_dp,test,0.718024992873987,0.718024992873987,0.8509143384198148,0.718024992873987,0.9354677338669335,134912,113.1587,jodie_rnn,"{""dataset"": ""public_csv"", ""dataset_dir"": ""data/public"", ""local_data_path"": ""data/public/mooc.csv"", ""train_ratio"": 0.7, ""val_ratio"": 0.1, ""max_events"": 20000, ""num_users"": 1435, ""num_items"": 21, ""num_interactions"": 3000, ""feature_dim"": 8, ""lr"": 0.001, ""neg_sample_size"": 5, ""k"": 10, ""selection_metric"": ""mrr"", ""device"": ""cuda"", ""seed"": 42, ""partition_size"": 3000, ""partition_strategy"": ""count"", ""num_pipeline_stages"": 2, ""pipeline_worker_gpus"": 0.0, ""pipeline_worker_cpus"": 1.0, ""pipeline_stage_train_workers"": """", ""pipeline_stage_eval_workers"": """", ""stage_balance_strategy"": ""cost"", ""stage_balance_user_weight"": 0.25, ""stage_balance_item_weight"": 0.25, ""stage_balance_span_weight"": 0.0, ""ray_address"": """", ""pipeline_trace"": false, ""pipeline_trace_log_path"": """", ""output_dir"": ""outputs/comprehensive_comparison/seed_42/data_parallel_no_split"", ""enable_efficiency_monitor"": false, ""efficiency_monitor_interval"": 10, ""data_parallel_workers"": 3, ""data_parallel_worker_gpus"": 1.0, ""data_parallel_visible_gpus"": ""0,1,2"", ""data_parallel_sync_level"": ""micro_batch"", ""data_parallel_micro_batch_size"": 200, ""gpu_list"": ""0,1,2"", ""enable_auto_pipeline_config"": false, ""pipeline_mode"": ""naive"", ""batch_training"": false, ""train_batch_size"": 32, ""batch_mode"": ""tbatch"", ""tgn_loss_mode"": ""all"", ""tgn_window_size"": 10.0, ""eval_frozen"": false, ""model"": ""jodie_rnn"", ""embedding_dim"": 128, ""memory_cell"": ""rnn"", ""time_proj"": ""off"", ""use_static_embeddings"": ""off"", ""normalize_state"": ""off"", ""event_agg"": ""none"", ""agg_activation"": ""none"", ""attn_type"": ""dot"", ""time_decay"": ""none"", ""max_neighbors"": 0, ""hidden_dim"": 0, ""memory_gate"": ""off"", ""enable_event_agg"": ""off"", ""enable_graph_update"": ""off"", ""message_mode"": ""peer"", ""msg_linear"": ""off""}"
3,coarse_dp,val,0.6848238977424892,0.6848238977424892,,0.6848238977424892,0.9654827413706853,403200,105.8086,jodie_rnn,"{""dataset"": ""public_csv"", ""dataset_dir"": ""data/public"", ""local_data_path"": ""data/public/mooc.csv"", ""train_ratio"": 0.7, ""val_ratio"": 0.1, ""max_events"": 20000, ""num_users"": 1435, ""num_items"": 21, ""num_interactions"": 3000, ""feature_dim"": 8, ""lr"": 0.001, ""neg_sample_size"": 5, ""k"": 10, ""selection_metric"": ""mrr"", ""device"": ""cuda"", ""seed"": 42, ""partition_size"": 3000, ""partition_strategy"": ""count"", ""num_pipeline_stages"": 2, ""pipeline_worker_gpus"": 0.0, ""pipeline_worker_cpus"": 1.0, ""pipeline_stage_train_workers"": """", ""pipeline_stage_eval_workers"": """", ""stage_balance_strategy"": ""cost"", ""stage_balance_user_weight"": 0.25, ""stage_balance_item_weight"": 0.25, ""stage_balance_span_weight"": 0.0, ""ray_address"": """", ""pipeline_trace"": false, ""pipeline_trace_log_path"": """", ""output_dir"": ""outputs/comprehensive_comparison/seed_42/data_parallel_no_split"", ""enable_efficiency_monitor"": false, ""efficiency_monitor_interval"": 10, ""data_parallel_workers"": 3, ""data_parallel_worker_gpus"": 1.0, ""data_parallel_visible_gpus"": ""0,1,2"", ""data_parallel_sync_level"": ""micro_batch"", ""data_parallel_micro_batch_size"": 200, ""gpu_list"": ""0,1,2"", ""enable_auto_pipeline_config"": false, ""pipeline_mode"": ""naive"", ""batch_training"": false, ""train_batch_size"": 32, ""batch_mode"": ""tbatch"", ""tgn_loss_mode"": ""all"", ""tgn_window_size"": 10.0, ""eval_frozen"": false, ""model"": ""jodie_rnn"", ""embedding_dim"": 128, ""memory_cell"": ""rnn"", ""time_proj"": ""linear"", ""use_static_embeddings"": ""on"", ""normalize_state"": ""on"", ""event_agg"": ""none"", ""agg_activation"": ""none"", ""attn_type"": ""dot"", ""time_decay"": ""none"", ""max_neighbors"": 0, ""hidden_dim"": 0, ""memory_gate"": ""off"", ""enable_event_agg"": ""off"", ""enable_graph_update"": ""off"", ""message_mode"": ""peer"", ""msg_linear"": ""off""}"
4,coarse_dp,val,0.6414752095904979,0.6414752095904979,,0.6414752095904979,0.9204602301150575,148352,98.8919,jodie_rnn,"{""dataset"": ""public_csv"", ""dataset_dir"": ""data/public"", ""local_data_path"": ""data/public/mooc.csv"", ""train_ratio"": 0.7, ""val_ratio"": 0.1, ""max_events"": 20000, ""num_users"": 1435, ""num_items"": 21, ""num_interactions"": 3000, ""feature_dim"": 8, ""lr"": 0.001, ""neg_sample_size"": 5, ""k"": 10, ""selection_metric"": ""mrr"", ""device"": ""cuda"", ""seed"": 42, ""partition_size"": 3000, ""partition_strategy"": ""count"", ""num_pipeline_stages"": 2, ""pipeline_worker_gpus"": 0.0, ""pipeline_worker_cpus"": 1.0, ""pipeline_stage_train_workers"": """", ""pipeline_stage_eval_workers"": """", ""stage_balance_strategy"": ""cost"", ""stage_balance_user_weight"": 0.25, ""stage_balance_item_weight"": 0.25, ""stage_balance_span_weight"": 0.0, ""ray_address"": """", ""pipeline_trace"": false, ""pipeline_trace_log_path"": """", ""output_dir"": ""outputs/comprehensive_comparison/seed_42/data_parallel_no_split"", ""enable_efficiency_monitor"": false, ""efficiency_monitor_interval"": 10, ""data_parallel_workers"": 3, ""data_parallel_worker_gpus"": 1.0, ""data_parallel_visible_gpus"": ""0,1,2"", ""data_parallel_sync_level"": ""micro_batch"", ""data_parallel_micro_batch_size"": 200, ""gpu_list"": ""0,1,2"", ""enable_auto_pipeline_config"": false, ""pipeline_mode"": ""naive"", ""batch_training"": false, ""train_batch_size"": 32, ""batch_mode"": ""tbatch"", ""tgn_loss_mode"": ""all"", ""tgn_window_size"": 10.0, ""eval_frozen"": false, ""model"": ""jodie_rnn"", ""embedding_dim"": 64, ""memory_cell"": ""rnn"", ""time_proj"": ""linear"", ""use_static_embeddings"": ""on"", ""normalize_state"": ""on"", ""event_agg"": ""none"", ""agg_activation"": ""none"", ""attn_type"": ""dot"", ""time_decay"": ""none"", ""max_neighbors"": 0, ""hidden_dim"": 0, ""memory_gate"": ""off"", ""enable_event_agg"": ""off"", ""enable_graph_update"": ""off"", ""message_mode"": ""peer"", ""msg_linear"": ""off""}"
5,coarse_dp,val,0.6382949051615046,0.6382949051615046,,0.6382949051615046,0.9139569784892446,403200,78.4713,jodie_rnn,"{""dataset"": ""public_csv"", ""dataset_dir"": ""data/public"", ""local_data_path"": ""data/public/mooc.csv"", ""train_ratio"": 0.7, ""val_ratio"": 0.1, ""max_events"": 20000, ""num_users"": 1435, ""num_items"": 21, ""num_interactions"": 3000, ""feature_dim"": 8, ""lr"": 0.001, ""neg_sample_size"": 5, ""k"": 10, ""selection_metric"": ""mrr"", ""device"": ""cuda"", ""seed"": 42, ""partition_size"": 3000, ""partition_strategy"": ""count"", ""num_pipeline_stages"": 2, ""pipeline_worker_gpus"": 0.0, ""pipeline_worker_cpus"": 1.0, ""pipeline_stage_train_workers"": """", ""pipeline_stage_eval_workers"": """", ""stage_balance_strategy"": ""cost"", ""stage_balance_user_weight"": 0.25, ""stage_balance_item_weight"": 0.25, ""stage_balance_span_weight"": 0.0, ""ray_address"": """", ""pipeline_trace"": false, ""pipeline_trace_log_path"": """", ""output_dir"": ""outputs/comprehensive_comparison/seed_42/data_parallel_no_split"", ""enable_efficiency_monitor"": false, ""efficiency_monitor_interval"": 10, ""data_parallel_workers"": 3, ""data_parallel_worker_gpus"": 1.0, ""data_parallel_visible_gpus"": ""0,1,2"", ""data_parallel_sync_level"": ""micro_batch"", ""data_parallel_micro_batch_size"": 200, ""gpu_list"": ""0,1,2"", ""enable_auto_pipeline_config"": false, ""pipeline_mode"": ""naive"", ""batch_training"": false, ""train_batch_size"": 32, ""batch_mode"": ""tbatch"", ""tgn_loss_mode"": ""all"", ""tgn_window_size"": 10.0, ""eval_frozen"": false, ""model"": ""jodie_rnn"", ""embedding_dim"": 128, ""memory_cell"": ""rnn"", ""time_proj"": ""off"", ""use_static_embeddings"": ""on"", ""normalize_state"": ""off"", ""event_agg"": ""none"", ""agg_activation"": ""none"", ""attn_type"": ""dot"", ""time_decay"": ""none"", ""max_neighbors"": 0, ""hidden_dim"": 0, ""memory_gate"": ""off"", ""enable_event_agg"": ""off"", ""enable_graph_update"": ""off"", ""message_mode"": ""peer"", ""msg_linear"": ""off""}"
6,coarse_dp,val,0.6203203774052669,0.6203203774052669,,0.6203203774052669,0.9054527263631816,34688,92.8057,jodie_rnn,"{""dataset"": ""public_csv"", ""dataset_dir"": ""data/public"", ""local_data_path"": ""data/public/mooc.csv"", ""train_ratio"": 0.7, ""val_ratio"": 0.1, ""max_events"": 20000, ""num_users"": 1435, ""num_items"": 21, ""num_interactions"": 3000, ""feature_dim"": 8, ""lr"": 0.001, ""neg_sample_size"": 5, ""k"": 10, ""selection_metric"": ""mrr"", ""device"": ""cuda"", ""seed"": 42, ""partition_size"": 3000, ""partition_strategy"": ""count"", ""num_pipeline_stages"": 2, ""pipeline_worker_gpus"": 0.0, ""pipeline_worker_cpus"": 1.0, ""pipeline_stage_train_workers"": """", ""pipeline_stage_eval_workers"": """", ""stage_balance_strategy"": ""cost"", ""stage_balance_user_weight"": 0.25, ""stage_balance_item_weight"": 0.25, ""stage_balance_span_weight"": 0.0, ""ray_address"": """", ""pipeline_trace"": false, ""pipeline_trace_log_path"": """", ""output_dir"": ""outputs/comprehensive_comparison/seed_42/data_parallel_no_split"", ""enable_efficiency_monitor"": false, ""efficiency_monitor_interval"": 10, ""data_parallel_workers"": 3, ""data_parallel_worker_gpus"": 1.0, ""data_parallel_visible_gpus"": ""0,1,2"", ""data_parallel_sync_level"": ""micro_batch"", ""data_parallel_micro_batch_size"": 200, ""gpu_list"": ""0,1,2"", ""enable_auto_pipeline_config"": false, ""pipeline_mode"": ""naive"", ""batch_training"": false, ""train_batch_size"": 32, ""batch_mode"": ""tbatch"", ""tgn_loss_mode"": ""all"", ""tgn_window_size"": 10.0, ""eval_frozen"": false, ""model"": ""jodie_rnn"", ""embedding_dim"": 64, ""memory_cell"": ""rnn"", ""time_proj"": ""linear"", ""use_static_embeddings"": ""off"", ""normalize_state"": ""on"", ""event_agg"": ""none"", ""agg_activation"": ""none"", ""attn_type"": ""dot"", ""time_decay"": ""none"", ""max_neighbors"": 0, ""hidden_dim"": 0, ""memory_gate"": ""off"", ""enable_event_agg"": ""off"", ""enable_graph_update"": ""off"", ""message_mode"": ""peer"", ""msg_linear"": ""off""}"
7,coarse_dp,val,0.5873781562707303,0.5873781562707303,,0.5873781562707303,0.896448224112056,337664,97.9662,jodie_rnn,"{""dataset"": ""public_csv"", ""dataset_dir"": ""data/public"", ""local_data_path"": ""data/public/mooc.csv"", ""train_ratio"": 0.7, ""val_ratio"": 0.1, ""max_events"": 20000, ""num_users"": 1435, ""num_items"": 21, ""num_interactions"": 3000, ""feature_dim"": 8, ""lr"": 0.001, ""neg_sample_size"": 5, ""k"": 10, ""selection_metric"": ""mrr"", ""device"": ""cuda"", ""seed"": 42, ""partition_size"": 3000, ""partition_strategy"": ""count"", ""num_pipeline_stages"": 2, ""pipeline_worker_gpus"": 0.0, ""pipeline_worker_cpus"": 1.0, ""pipeline_stage_train_workers"": """", ""pipeline_stage_eval_workers"": """", ""stage_balance_strategy"": ""cost"", ""stage_balance_user_weight"": 0.25, ""stage_balance_item_weight"": 0.25, ""stage_balance_span_weight"": 0.0, ""ray_address"": """", ""pipeline_trace"": false, ""pipeline_trace_log_path"": """", ""output_dir"": ""outputs/comprehensive_comparison/seed_42/data_parallel_no_split"", ""enable_efficiency_monitor"": false, ""efficiency_monitor_interval"": 10, ""data_parallel_workers"": 3, ""data_parallel_worker_gpus"": 1.0, ""data_parallel_visible_gpus"": ""0,1,2"", ""data_parallel_sync_level"": ""micro_batch"", ""data_parallel_micro_batch_size"": 200, ""gpu_list"": ""0,1,2"", ""enable_auto_pipeline_config"": false, ""pipeline_mode"": ""naive"", ""batch_training"": false, ""train_batch_size"": 32, ""batch_mode"": ""tbatch"", ""tgn_loss_mode"": ""all"", ""tgn_window_size"": 10.0, ""eval_frozen"": false, ""model"": ""jodie_rnn"", ""embedding_dim"": 128, ""memory_cell"": ""gru"", ""time_proj"": ""linear"", ""use_static_embeddings"": ""off"", ""normalize_state"": ""on"", ""event_agg"": ""none"", ""agg_activation"": ""none"", ""attn_type"": ""dot"", ""time_decay"": ""none"", ""max_neighbors"": 0, ""hidden_dim"": 0, ""memory_gate"": ""off"", ""enable_event_agg"": ""off"", ""enable_graph_update"": ""off"", ""message_mode"": ""peer"", ""msg_linear"": ""off""}"
8,coarse_dp,val,0.571682262049718,0.571682262049718,,0.571682262049718,0.897448724362181,737024,105.8083,jodie_rnn,"{""dataset"": ""public_csv"", ""dataset_dir"": ""data/public"", ""local_data_path"": ""data/public/mooc.csv"", ""train_ratio"": 0.7, ""val_ratio"": 0.1, ""max_events"": 20000, ""num_users"": 1435, ""num_items"": 21, ""num_interactions"": 3000, ""feature_dim"": 8, ""lr"": 0.001, ""neg_sample_size"": 5, ""k"": 10, ""selection_metric"": ""mrr"", ""device"": ""cuda"", ""seed"": 42, ""partition_size"": 3000, ""partition_strategy"": ""count"", ""num_pipeline_stages"": 2, ""pipeline_worker_gpus"": 0.0, ""pipeline_worker_cpus"": 1.0, ""pipeline_stage_train_workers"": """", ""pipeline_stage_eval_workers"": """", ""stage_balance_strategy"": ""cost"", ""stage_balance_user_weight"": 0.25, ""stage_balance_item_weight"": 0.25, ""stage_balance_span_weight"": 0.0, ""ray_address"": """", ""pipeline_trace"": false, ""pipeline_trace_log_path"": """", ""output_dir"": ""outputs/comprehensive_comparison/seed_42/data_parallel_no_split"", ""enable_efficiency_monitor"": false, ""efficiency_monitor_interval"": 10, ""data_parallel_workers"": 3, ""data_parallel_worker_gpus"": 1.0, ""data_parallel_visible_gpus"": ""0,1,2"", ""data_parallel_sync_level"": ""micro_batch"", ""data_parallel_micro_batch_size"": 200, ""gpu_list"": ""0,1,2"", ""enable_auto_pipeline_config"": false, ""pipeline_mode"": ""naive"", ""batch_training"": false, ""train_batch_size"": 32, ""batch_mode"": ""tbatch"", ""tgn_loss_mode"": ""all"", ""tgn_window_size"": 10.0, ""eval_frozen"": false, ""model"": ""jodie_rnn"", ""embedding_dim"": 128, ""memory_cell"": ""gru"", ""time_proj"": ""linear"", ""use_static_embeddings"": ""on"", ""normalize_state"": ""on"", ""event_agg"": ""none"", ""agg_activation"": ""none"", ""attn_type"": ""dot"", ""time_decay"": ""none"", ""max_neighbors"": 0, ""hidden_dim"": 0, ""memory_gate"": ""off"", ""enable_event_agg"": ""off"", ""enable_graph_update"": ""off"", ""message_mode"": ""peer"", ""msg_linear"": ""off""}"
9,coarse_dp,val,0.536065492355712,0.536065492355712,,0.536065492355712,0.8604302151075538,60864,99.2941,jodie_rnn,"{""dataset"": ""public_csv"", ""dataset_dir"": ""data/public"", ""local_data_path"": ""data/public/mooc.csv"", ""train_ratio"": 0.7, ""val_ratio"": 0.1, ""max_events"": 20000, ""num_users"": 1435, ""num_items"": 21, ""num_interactions"": 3000, ""feature_dim"": 8, ""lr"": 0.001, ""neg_sample_size"": 5, ""k"": 10, ""selection_metric"": ""mrr"", ""device"": ""cuda"", ""seed"": 42, ""partition_size"": 3000, ""partition_strategy"": ""count"", ""num_pipeline_stages"": 2, ""pipeline_worker_gpus"": 0.0, ""pipeline_worker_cpus"": 1.0, ""pipeline_stage_train_workers"": """", ""pipeline_stage_eval_workers"": """", ""stage_balance_strategy"": ""cost"", ""stage_balance_user_weight"": 0.25, ""stage_balance_item_weight"": 0.25, ""stage_balance_span_weight"": 0.0, ""ray_address"": """", ""pipeline_trace"": false, ""pipeline_trace_log_path"": """", ""output_dir"": ""outputs/comprehensive_comparison/seed_42/data_parallel_no_split"", ""enable_efficiency_monitor"": false, ""efficiency_monitor_interval"": 10, ""data_parallel_workers"": 3, ""data_parallel_worker_gpus"": 1.0, ""data_parallel_visible_gpus"": ""0,1,2"", ""data_parallel_sync_level"": ""micro_batch"", ""data_parallel_micro_batch_size"": 200, ""gpu_list"": ""0,1,2"", ""enable_auto_pipeline_config"": false, ""pipeline_mode"": ""naive"", ""batch_training"": false, ""train_batch_size"": 32, ""batch_mode"": ""tbatch"", ""tgn_loss_mode"": ""all"", ""tgn_window_size"": 10.0, ""eval_frozen"": false, ""model"": ""jodie_rnn"", ""embedding_dim"": 32, ""memory_cell"": ""rnn"", ""time_proj"": ""linear"", ""use_static_embeddings"": ""on"", ""normalize_state"": ""on"", ""event_agg"": ""none"", ""agg_activation"": ""none"", ""attn_type"": ""dot"", ""time_decay"": ""none"", ""max_neighbors"": 0, ""hidden_dim"": 0, ""memory_gate"": ""off"", ""enable_event_agg"": ""off"", ""enable_graph_update"": ""off"", ""message_mode"": ""peer"", ""msg_linear"": ""off""}"
10,coarse_dp,val,0.5262036472280726,0.5262036472280726,,0.5262036472280726,0.8744372186093047,233344,103.3957,jodie_rnn,"{""dataset"": ""public_csv"", ""dataset_dir"": ""data/public"", ""local_data_path"": ""data/public/mooc.csv"", ""train_ratio"": 0.7, ""val_ratio"": 0.1, ""max_events"": 20000, ""num_users"": 1435, ""num_items"": 21, ""num_interactions"": 3000, ""feature_dim"": 8, ""lr"": 0.001, ""neg_sample_size"": 5, ""k"": 10, ""selection_metric"": ""mrr"", ""device"": ""cuda"", ""seed"": 42, ""partition_size"": 3000, ""partition_strategy"": ""count"", ""num_pipeline_stages"": 2, ""pipeline_worker_gpus"": 0.0, ""pipeline_worker_cpus"": 1.0, ""pipeline_stage_train_workers"": """", ""pipeline_stage_eval_workers"": """", ""stage_balance_strategy"": ""cost"", ""stage_balance_user_weight"": 0.25, ""stage_balance_item_weight"": 0.25, ""stage_balance_span_weight"": 0.0, ""ray_address"": """", ""pipeline_trace"": false, ""pipeline_trace_log_path"": """", ""output_dir"": ""outputs/comprehensive_comparison/seed_42/data_parallel_no_split"", ""enable_efficiency_monitor"": false, ""efficiency_monitor_interval"": 10, ""data_parallel_workers"": 3, ""data_parallel_worker_gpus"": 1.0, ""data_parallel_visible_gpus"": ""0,1,2"", ""data_parallel_sync_level"": ""micro_batch"", ""data_parallel_micro_batch_size"": 200, ""gpu_list"": ""0,1,2"", ""enable_auto_pipeline_config"": false, ""pipeline_mode"": ""naive"", ""batch_training"": false, ""train_batch_size"": 32, ""batch_mode"": ""tbatch"", ""tgn_loss_mode"": ""all"", ""tgn_window_size"": 10.0, ""eval_frozen"": false, ""model"": ""jodie_rnn"", ""embedding_dim"": 64, ""memory_cell"": ""gru"", ""time_proj"": ""linear"", ""use_static_embeddings"": ""on"", ""normalize_state"": ""on"", ""event_agg"": ""none"", ""agg_activation"": ""none"", ""attn_type"": ""dot"", ""time_decay"": ""none"", ""max_neighbors"": 0, ""hidden_dim"": 0, ""memory_gate"": ""off"", ""enable_event_agg"": ""off"", ""enable_graph_update"": ""off"", ""message_mode"": ""peer"", ""msg_linear"": ""off""}"
11,coarse_dp,val,0.49063871033596357,0.49063871033596357,,0.49063871033596357,0.8234117058529264,86912,93.3237,jodie_rnn,"{""dataset"": ""public_csv"", ""dataset_dir"": ""data/public"", ""local_data_path"": ""data/public/mooc.csv"", ""train_ratio"": 0.7, ""val_ratio"": 0.1, ""max_events"": 20000, ""num_users"": 1435, ""num_items"": 21, ""num_interactions"": 3000, ""feature_dim"": 8, ""lr"": 0.001, ""neg_sample_size"": 5, ""k"": 10, ""selection_metric"": ""mrr"", ""device"": ""cuda"", ""seed"": 42, ""partition_size"": 3000, ""partition_strategy"": ""count"", ""num_pipeline_stages"": 2, ""pipeline_worker_gpus"": 0.0, ""pipeline_worker_cpus"": 1.0, ""pipeline_stage_train_workers"": """", ""pipeline_stage_eval_workers"": """", ""stage_balance_strategy"": ""cost"", ""stage_balance_user_weight"": 0.25, ""stage_balance_item_weight"": 0.25, ""stage_balance_span_weight"": 0.0, ""ray_address"": """", ""pipeline_trace"": false, ""pipeline_trace_log_path"": """", ""output_dir"": ""outputs/comprehensive_comparison/seed_42/data_parallel_no_split"", ""enable_efficiency_monitor"": false, ""efficiency_monitor_interval"": 10, ""data_parallel_workers"": 3, ""data_parallel_worker_gpus"": 1.0, ""data_parallel_visible_gpus"": ""0,1,2"", ""data_parallel_sync_level"": ""micro_batch"", ""data_parallel_micro_batch_size"": 200, ""gpu_list"": ""0,1,2"", ""enable_auto_pipeline_config"": false, ""pipeline_mode"": ""naive"", ""batch_training"": false, ""train_batch_size"": 32, ""batch_mode"": ""tbatch"", ""tgn_loss_mode"": ""all"", ""tgn_window_size"": 10.0, ""eval_frozen"": false, ""model"": ""jodie_rnn"", ""embedding_dim"": 64, ""memory_cell"": ""gru"", ""time_proj"": ""linear"", ""use_static_embeddings"": ""off"", ""normalize_state"": ""on"", ""event_agg"": ""none"", ""agg_activation"": ""none"", ""attn_type"": ""dot"", ""time_decay"": ""none"", ""max_neighbors"": 0, ""hidden_dim"": 0, ""memory_gate"": ""off"", ""enable_event_agg"": ""off"", ""enable_graph_update"": ""off"", ""message_mode"": ""peer"", ""msg_linear"": ""off""}"
12,coarse_dp,val,0.47559031416155534,0.47559031416155534,,0.47559031416155534,0.8619309654827414,34688,65.6017,jodie_rnn,"{""dataset"": ""public_csv"", ""dataset_dir"": ""data/public"", ""local_data_path"": ""data/public/mooc.csv"", ""train_ratio"": 0.7, ""val_ratio"": 0.1, ""max_events"": 20000, ""num_users"": 1435, ""num_items"": 21, ""num_interactions"": 3000, ""feature_dim"": 8, ""lr"": 0.001, ""neg_sample_size"": 5, ""k"": 10, ""selection_metric"": ""mrr"", ""device"": ""cuda"", ""seed"": 42, ""partition_size"": 3000, ""partition_strategy"": ""count"", ""num_pipeline_stages"": 2, ""pipeline_worker_gpus"": 0.0, ""pipeline_worker_cpus"": 1.0, ""pipeline_stage_train_workers"": """", ""pipeline_stage_eval_workers"": """", ""stage_balance_strategy"": ""cost"", ""stage_balance_user_weight"": 0.25, ""stage_balance_item_weight"": 0.25, ""stage_balance_span_weight"": 0.0, ""ray_address"": """", ""pipeline_trace"": false, ""pipeline_trace_log_path"": """", ""output_dir"": ""outputs/comprehensive_comparison/seed_42/data_parallel_no_split"", ""enable_efficiency_monitor"": false, ""efficiency_monitor_interval"": 10, ""data_parallel_workers"": 3, ""data_parallel_worker_gpus"": 1.0, ""data_parallel_visible_gpus"": ""0,1,2"", ""data_parallel_sync_level"": ""micro_batch"", ""data_parallel_micro_batch_size"": 200, ""gpu_list"": ""0,1,2"", ""enable_auto_pipeline_config"": false, ""pipeline_mode"": ""naive"", ""batch_training"": false, ""train_batch_size"": 32, ""batch_mode"": ""tbatch"", ""tgn_loss_mode"": ""all"", ""tgn_window_size"": 10.0, ""eval_frozen"": false, ""model"": ""jodie_rnn"", ""embedding_dim"": 64, ""memory_cell"": ""rnn"", ""time_proj"": ""off"", ""use_static_embeddings"": ""off"", ""normalize_state"": ""off"", ""event_agg"": ""none"", ""agg_activation"": ""none"", ""attn_type"": ""dot"", ""time_decay"": ""none"", ""max_neighbors"": 0, ""hidden_dim"": 0, ""memory_gate"": ""off"", ""enable_event_agg"": ""off"", ""enable_graph_update"": ""off"", ""message_mode"": ""peer"", ""msg_linear"": ""off""}"
13,coarse_dp,val,0.4724426266877264,0.4724426266877264,,0.4724426266877264,0.8294147073536768,403200,98.0358,jodie_rnn,"{""dataset"": ""public_csv"", ""dataset_dir"": ""data/public"", ""local_data_path"": ""data/public/mooc.csv"", ""train_ratio"": 0.7, ""val_ratio"": 0.1, ""max_events"": 20000, ""num_users"": 1435, ""num_items"": 21, ""num_interactions"": 3000, ""feature_dim"": 8, ""lr"": 0.001, ""neg_sample_size"": 5, ""k"": 10, ""selection_metric"": ""mrr"", ""device"": ""cuda"", ""seed"": 42, ""partition_size"": 3000, ""partition_strategy"": ""count"", ""num_pipeline_stages"": 2, ""pipeline_worker_gpus"": 0.0, ""pipeline_worker_cpus"": 1.0, ""pipeline_stage_train_workers"": """", ""pipeline_stage_eval_workers"": """", ""stage_balance_strategy"": ""cost"", ""stage_balance_user_weight"": 0.25, ""stage_balance_item_weight"": 0.25, ""stage_balance_span_weight"": 0.0, ""ray_address"": """", ""pipeline_trace"": false, ""pipeline_trace_log_path"": """", ""output_dir"": ""outputs/comprehensive_comparison/seed_42/data_parallel_no_split"", ""enable_efficiency_monitor"": false, ""efficiency_monitor_interval"": 10, ""data_parallel_workers"": 3, ""data_parallel_worker_gpus"": 1.0, ""data_parallel_visible_gpus"": ""0,1,2"", ""data_parallel_sync_level"": ""micro_batch"", ""data_parallel_micro_batch_size"": 200, ""gpu_list"": ""0,1,2"", ""enable_auto_pipeline_config"": false, ""pipeline_mode"": ""naive"", ""batch_training"": false, ""train_batch_size"": 32, ""batch_mode"": ""tbatch"", ""tgn_loss_mode"": ""all"", ""tgn_window_size"": 10.0, ""eval_frozen"": false, ""model"": ""jodie_rnn"", ""embedding_dim"": 128, ""memory_cell"": ""rnn"", ""time_proj"": ""off"", ""use_static_embeddings"": ""on"", ""normalize_state"": ""on"", ""event_agg"": ""none"", ""agg_activation"": ""none"", ""attn_type"": ""dot"", ""time_decay"": ""none"", ""max_neighbors"": 0, ""hidden_dim"": 0, ""memory_gate"": ""off"", ""enable_event_agg"": ""off"", ""enable_graph_update"": ""off"", ""message_mode"": ""peer"", ""msg_linear"": ""off""}"
14,coarse_dp,val,0.45822905654102336,0.45822905654102336,,0.45822905654102336,0.8299149574787393,9152,93.6193,jodie_rnn,"{""dataset"": ""public_csv"", ""dataset_dir"": ""data/public"", ""local_data_path"": ""data/public/mooc.csv"", ""train_ratio"": 0.7, ""val_ratio"": 0.1, ""max_events"": 20000, ""num_users"": 1435, ""num_items"": 21, ""num_interactions"": 3000, ""feature_dim"": 8, ""lr"": 0.001, ""neg_sample_size"": 5, ""k"": 10, ""selection_metric"": ""mrr"", ""device"": ""cuda"", ""seed"": 42, ""partition_size"": 3000, ""partition_strategy"": ""count"", ""num_pipeline_stages"": 2, ""pipeline_worker_gpus"": 0.0, ""pipeline_worker_cpus"": 1.0, ""pipeline_stage_train_workers"": """", ""pipeline_stage_eval_workers"": """", ""stage_balance_strategy"": ""cost"", ""stage_balance_user_weight"": 0.25, ""stage_balance_item_weight"": 0.25, ""stage_balance_span_weight"": 0.0, ""ray_address"": """", ""pipeline_trace"": false, ""pipeline_trace_log_path"": """", ""output_dir"": ""outputs/comprehensive_comparison/seed_42/data_parallel_no_split"", ""enable_efficiency_monitor"": false, ""efficiency_monitor_interval"": 10, ""data_parallel_workers"": 3, ""data_parallel_worker_gpus"": 1.0, ""data_parallel_visible_gpus"": ""0,1,2"", ""data_parallel_sync_level"": ""micro_batch"", ""data_parallel_micro_batch_size"": 200, ""gpu_list"": ""0,1,2"", ""enable_auto_pipeline_config"": false, ""pipeline_mode"": ""naive"", ""batch_training"": false, ""train_batch_size"": 32, ""batch_mode"": ""tbatch"", ""tgn_loss_mode"": ""all"", ""tgn_window_size"": 10.0, ""eval_frozen"": false, ""model"": ""jodie_rnn"", ""embedding_dim"": 32, ""memory_cell"": ""rnn"", ""time_proj"": ""linear"", ""use_static_embeddings"": ""off"", ""normalize_state"": ""on"", ""event_agg"": ""none"", ""agg_activation"": ""none"", ""attn_type"": ""dot"", ""time_decay"": ""none"", ""max_neighbors"": 0, ""hidden_dim"": 0, ""memory_gate"": ""off"", ""enable_event_agg"": ""off"", ""enable_graph_update"": ""off"", ""message_mode"": ""peer"", ""msg_linear"": ""off""}"
15,coarse_dp,val,0.41327395216863266,0.41327395216863266,,0.41327395216863266,0.8294147073536768,134912,82.9097,jodie_rnn,"{""dataset"": ""public_csv"", ""dataset_dir"": ""data/public"", ""local_data_path"": ""data/public/mooc.csv"", ""train_ratio"": 0.7, ""val_ratio"": 0.1, ""max_events"": 20000, ""num_users"": 1435, ""num_items"": 21, ""num_interactions"": 3000, ""feature_dim"": 8, ""lr"": 0.001, ""neg_sample_size"": 5, ""k"": 10, ""selection_metric"": ""mrr"", ""device"": ""cuda"", ""seed"": 42, ""partition_size"": 3000, ""partition_strategy"": ""count"", ""num_pipeline_stages"": 2, ""pipeline_worker_gpus"": 0.0, ""pipeline_worker_cpus"": 1.0, ""pipeline_stage_train_workers"": """", ""pipeline_stage_eval_workers"": """", ""stage_balance_strategy"": ""cost"", ""stage_balance_user_weight"": 0.25, ""stage_balance_item_weight"": 0.25, ""stage_balance_span_weight"": 0.0, ""ray_address"": """", ""pipeline_trace"": false, ""pipeline_trace_log_path"": """", ""output_dir"": ""outputs/comprehensive_comparison/seed_42/data_parallel_no_split"", ""enable_efficiency_monitor"": false, ""efficiency_monitor_interval"": 10, ""data_parallel_workers"": 3, ""data_parallel_worker_gpus"": 1.0, ""data_parallel_visible_gpus"": ""0,1,2"", ""data_parallel_sync_level"": ""micro_batch"", ""data_parallel_micro_batch_size"": 200, ""gpu_list"": ""0,1,2"", ""enable_auto_pipeline_config"": false, ""pipeline_mode"": ""naive"", ""batch_training"": false, ""train_batch_size"": 32, ""batch_mode"": ""tbatch"", ""tgn_loss_mode"": ""all"", ""tgn_window_size"": 10.0, ""eval_frozen"": false, ""model"": ""jodie_rnn"", ""embedding_dim"": 128, ""memory_cell"": ""rnn"", ""time_proj"": ""off"", ""use_static_embeddings"": ""off"", ""normalize_state"": ""on"", ""event_agg"": ""none"", ""agg_activation"": ""none"", ""attn_type"": ""dot"", ""time_decay"": ""none"", ""max_neighbors"": 0, ""hidden_dim"": 0, ""memory_gate"": ""off"", ""enable_event_agg"": ""off"", ""enable_graph_update"": ""off"", ""message_mode"": ""peer"", ""msg_linear"": ""off""}"
16,coarse_dp,val,0.4067212105378445,0.4067212105378445,,0.4067212105378445,0.7863931965982992,737024,98.9081,jodie_rnn,"{""dataset"": ""public_csv"", ""dataset_dir"": ""data/public"", ""local_data_path"": ""data/public/mooc.csv"", ""train_ratio"": 0.7, ""val_ratio"": 0.1, ""max_events"": 20000, ""num_users"": 1435, ""num_items"": 21, ""num_interactions"": 3000, ""feature_dim"": 8, ""lr"": 0.001, ""neg_sample_size"": 5, ""k"": 10, ""selection_metric"": ""mrr"", ""device"": ""cuda"", ""seed"": 42, ""partition_size"": 3000, ""partition_strategy"": ""count"", ""num_pipeline_stages"": 2, ""pipeline_worker_gpus"": 0.0, ""pipeline_worker_cpus"": 1.0, ""pipeline_stage_train_workers"": """", ""pipeline_stage_eval_workers"": """", ""stage_balance_strategy"": ""cost"", ""stage_balance_user_weight"": 0.25, ""stage_balance_item_weight"": 0.25, ""stage_balance_span_weight"": 0.0, ""ray_address"": """", ""pipeline_trace"": false, ""pipeline_trace_log_path"": """", ""output_dir"": ""outputs/comprehensive_comparison/seed_42/data_parallel_no_split"", ""enable_efficiency_monitor"": false, ""efficiency_monitor_interval"": 10, ""data_parallel_workers"": 3, ""data_parallel_worker_gpus"": 1.0, ""data_parallel_visible_gpus"": ""0,1,2"", ""data_parallel_sync_level"": ""micro_batch"", ""data_parallel_micro_batch_size"": 200, ""gpu_list"": ""0,1,2"", ""enable_auto_pipeline_config"": false, ""pipeline_mode"": ""naive"", ""batch_training"": false, ""train_batch_size"": 32, ""batch_mode"": ""tbatch"", ""tgn_loss_mode"": ""all"", ""tgn_window_size"": 10.0, ""eval_frozen"": false, ""model"": ""jodie_rnn"", ""embedding_dim"": 128, ""memory_cell"": ""gru"", ""time_proj"": ""off"", ""use_static_embeddings"": ""on"", ""normalize_state"": ""on"", ""event_agg"": ""none"", ""agg_activation"": ""none"", ""attn_type"": ""dot"", ""time_decay"": ""none"", ""max_neighbors"": 0, ""hidden_dim"": 0, ""memory_gate"": ""off"", ""enable_event_agg"": ""off"", ""enable_graph_update"": ""off"", ""message_mode"": ""peer"", ""msg_linear"": ""off""}"
17,coarse_dp,val,0.3972410524428611,0.3972410524428611,,0.3972410524428611,0.8394197098549274,275840,105.8001,jodie_rnn,"{""dataset"": ""public_csv"", ""dataset_dir"": ""data/public"", ""local_data_path"": ""data/public/mooc.csv"", ""train_ratio"": 0.7, ""val_ratio"": 0.1, ""max_events"": 20000, ""num_users"": 1435, ""num_items"": 21, ""num_interactions"": 3000, ""feature_dim"": 8, ""lr"": 0.001, ""neg_sample_size"": 5, ""k"": 10, ""selection_metric"": ""mrr"", ""device"": ""cuda"", ""seed"": 42, ""partition_size"": 3000, ""partition_strategy"": ""count"", ""num_pipeline_stages"": 2, ""pipeline_worker_gpus"": 0.0, ""pipeline_worker_cpus"": 1.0, ""pipeline_stage_train_workers"": """", ""pipeline_stage_eval_workers"": """", ""stage_balance_strategy"": ""cost"", ""stage_balance_user_weight"": 0.25, ""stage_balance_item_weight"": 0.25, ""stage_balance_span_weight"": 0.0, ""ray_address"": """", ""pipeline_trace"": false, ""pipeline_trace_log_path"": """", ""output_dir"": ""outputs/comprehensive_comparison/seed_42/data_parallel_no_split"", ""enable_efficiency_monitor"": false, ""efficiency_monitor_interval"": 10, ""data_parallel_workers"": 3, ""data_parallel_worker_gpus"": 1.0, ""data_parallel_visible_gpus"": ""0,1,2"", ""data_parallel_sync_level"": ""micro_batch"", ""data_parallel_micro_batch_size"": 200, ""gpu_list"": ""0,1,2"", ""enable_auto_pipeline_config"": false, ""pipeline_mode"": ""naive"", ""batch_training"": false, ""train_batch_size"": 32, ""batch_mode"": ""tbatch"", ""tgn_loss_mode"": ""all"", ""tgn_window_size"": 10.0, ""eval_frozen"": false, ""model"": ""jodie_rnn"", ""embedding_dim"": 64, ""memory_cell"": ""lstm"", ""time_proj"": ""linear"", ""use_static_embeddings"": ""on"", ""normalize_state"": ""on"", ""event_agg"": ""none"", ""agg_activation"": ""none"", ""attn_type"": ""dot"", ""time_decay"": ""none"", ""max_neighbors"": 0, ""hidden_dim"": 0, ""memory_gate"": ""off"", ""enable_event_agg"": ""off"", ""enable_graph_update"": ""off"", ""message_mode"": ""peer"", ""msg_linear"": ""off""}"
18,coarse_dp,val,0.38934481300592777,0.38934481300592777,,0.38934481300592777,0.7853926963481741,439040,80.2779,jodie_rnn,"{""dataset"": ""public_csv"", ""dataset_dir"": ""data/public"", ""local_data_path"": ""data/public/mooc.csv"", ""train_ratio"": 0.7, ""val_ratio"": 0.1, ""max_events"": 20000, ""num_users"": 1435, ""num_items"": 21, ""num_interactions"": 3000, ""feature_dim"": 8, ""lr"": 0.001, ""neg_sample_size"": 5, ""k"": 10, ""selection_metric"": ""mrr"", ""device"": ""cuda"", ""seed"": 42, ""partition_size"": 3000, ""partition_strategy"": ""count"", ""num_pipeline_stages"": 2, ""pipeline_worker_gpus"": 0.0, ""pipeline_worker_cpus"": 1.0, ""pipeline_stage_train_workers"": """", ""pipeline_stage_eval_workers"": """", ""stage_balance_strategy"": ""cost"", ""stage_balance_user_weight"": 0.25, ""stage_balance_item_weight"": 0.25, ""stage_balance_span_weight"": 0.0, ""ray_address"": """", ""pipeline_trace"": false, ""pipeline_trace_log_path"": """", ""output_dir"": ""outputs/comprehensive_comparison/seed_42/data_parallel_no_split"", ""enable_efficiency_monitor"": false, ""efficiency_monitor_interval"": 10, ""data_parallel_workers"": 3, ""data_parallel_worker_gpus"": 1.0, ""data_parallel_visible_gpus"": ""0,1,2"", ""data_parallel_sync_level"": ""micro_batch"", ""data_parallel_micro_batch_size"": 200, ""gpu_list"": ""0,1,2"", ""enable_auto_pipeline_config"": false, ""pipeline_mode"": ""naive"", ""batch_training"": false, ""train_batch_size"": 32, ""batch_mode"": ""tbatch"", ""tgn_loss_mode"": ""all"", ""tgn_window_size"": 10.0, ""eval_frozen"": false, ""model"": ""jodie_rnn"", ""embedding_dim"": 128, ""memory_cell"": ""lstm"", ""time_proj"": ""linear"", ""use_static_embeddings"": ""off"", ""normalize_state"": ""off"", ""event_agg"": ""none"", ""agg_activation"": ""none"", ""attn_type"": ""dot"", ""time_decay"": ""none"", ""max_neighbors"": 0, ""hidden_dim"": 0, ""memory_gate"": ""off"", ""enable_event_agg"": ""off"", ""enable_graph_update"": ""off"", ""message_mode"": ""peer"", ""msg_linear"": ""off""}"
19,coarse_dp,val,0.38890013016069946,0.38890013016069946,,0.38890013016069946,0.7903951975987994,903936,88.8625,jodie_rnn,"{""dataset"": ""public_csv"", ""dataset_dir"": ""data/public"", ""local_data_path"": ""data/public/mooc.csv"", ""train_ratio"": 0.7, ""val_ratio"": 0.1, ""max_events"": 20000, ""num_users"": 1435, ""num_items"": 21, ""num_interactions"": 3000, ""feature_dim"": 8, ""lr"": 0.001, ""neg_sample_size"": 5, ""k"": 10, ""selection_metric"": ""mrr"", ""device"": ""cuda"", ""seed"": 42, ""partition_size"": 3000, ""partition_strategy"": ""count"", ""num_pipeline_stages"": 2, ""pipeline_worker_gpus"": 0.0, ""pipeline_worker_cpus"": 1.0, ""pipeline_stage_train_workers"": """", ""pipeline_stage_eval_workers"": """", ""stage_balance_strategy"": ""cost"", ""stage_balance_user_weight"": 0.25, ""stage_balance_item_weight"": 0.25, ""stage_balance_span_weight"": 0.0, ""ray_address"": """", ""pipeline_trace"": false, ""pipeline_trace_log_path"": """", ""output_dir"": ""outputs/comprehensive_comparison/seed_42/data_parallel_no_split"", ""enable_efficiency_monitor"": false, ""efficiency_monitor_interval"": 10, ""data_parallel_workers"": 3, ""data_parallel_worker_gpus"": 1.0, ""data_parallel_visible_gpus"": ""0,1,2"", ""data_parallel_sync_level"": ""micro_batch"", ""data_parallel_micro_batch_size"": 200, ""gpu_list"": ""0,1,2"", ""enable_auto_pipeline_config"": false, ""pipeline_mode"": ""naive"", ""batch_training"": false, ""train_batch_size"": 32, ""batch_mode"": ""tbatch"", ""tgn_loss_mode"": ""all"", ""tgn_window_size"": 10.0, ""eval_frozen"": false, ""model"": ""jodie_rnn"", ""embedding_dim"": 128, ""memory_cell"": ""lstm"", ""time_proj"": ""linear"", ""use_static_embeddings"": ""on"", ""normalize_state"": ""off"", ""event_agg"": ""none"", ""agg_activation"": ""none"", ""attn_type"": ""dot"", ""time_decay"": ""none"", ""max_neighbors"": 0, ""hidden_dim"": 0, ""memory_gate"": ""off"", ""enable_event_agg"": ""off"", ""enable_graph_update"": ""off"", ""message_mode"": ""peer"", ""msg_linear"": ""off""}"
20,coarse_dp,val,0.379429806119893,0.379429806119893,,0.379429806119893,0.822911455727864,903936,105.167,jodie_rnn,"{""dataset"": ""public_csv"", ""dataset_dir"": ""data/public"", ""local_data_path"": ""data/public/mooc.csv"", ""train_ratio"": 0.7, ""val_ratio"": 0.1, ""max_events"": 20000, ""num_users"": 1435, ""num_items"": 21, ""num_interactions"": 3000, ""feature_dim"": 8, ""lr"": 0.001, ""neg_sample_size"": 5, ""k"": 10, ""selection_metric"": ""mrr"", ""device"": ""cuda"", ""seed"": 42, ""partition_size"": 3000, ""partition_strategy"": ""count"", ""num_pipeline_stages"": 2, ""pipeline_worker_gpus"": 0.0, ""pipeline_worker_cpus"": 1.0, ""pipeline_stage_train_workers"": """", ""pipeline_stage_eval_workers"": """", ""stage_balance_strategy"": ""cost"", ""stage_balance_user_weight"": 0.25, ""stage_balance_item_weight"": 0.25, ""stage_balance_span_weight"": 0.0, ""ray_address"": """", ""pipeline_trace"": false, ""pipeline_trace_log_path"": """", ""output_dir"": ""outputs/comprehensive_comparison/seed_42/data_parallel_no_split"", ""enable_efficiency_monitor"": false, ""efficiency_monitor_interval"": 10, ""data_parallel_workers"": 3, ""data_parallel_worker_gpus"": 1.0, ""data_parallel_visible_gpus"": ""0,1,2"", ""data_parallel_sync_level"": ""micro_batch"", ""data_parallel_micro_batch_size"": 200, ""gpu_list"": ""0,1,2"", ""enable_auto_pipeline_config"": false, ""pipeline_mode"": ""naive"", ""batch_training"": false, ""train_batch_size"": 32, ""batch_mode"": ""tbatch"", ""tgn_loss_mode"": ""all"", ""tgn_window_size"": 10.0, ""eval_frozen"": false, ""model"": ""jodie_rnn"", ""embedding_dim"": 128, ""memory_cell"": ""lstm"", ""time_proj"": ""linear"", ""use_static_embeddings"": ""on"", ""normalize_state"": ""on"", ""event_agg"": ""none"", ""agg_activation"": ""none"", ""attn_type"": ""dot"", ""time_decay"": ""none"", ""max_neighbors"": 0, ""hidden_dim"": 0, ""memory_gate"": ""off"", ""enable_event_agg"": ""off"", ""enable_graph_update"": ""off"", ""message_mode"": ""peer"", ""msg_linear"": ""off""}"
21,coarse_dp,val,0.3783491200260549,0.3783491200260549,,0.3783491200260549,0.768384192096048,34688,83.8848,jodie_rnn,"{""dataset"": ""public_csv"", ""dataset_dir"": ""data/public"", ""local_data_path"": ""data/public/mooc.csv"", ""train_ratio"": 0.7, ""val_ratio"": 0.1, ""max_events"": 20000, ""num_users"": 1435, ""num_items"": 21, ""num_interactions"": 3000, ""feature_dim"": 8, ""lr"": 0.001, ""neg_sample_size"": 5, ""k"": 10, ""selection_metric"": ""mrr"", ""device"": ""cuda"", ""seed"": 42, ""partition_size"": 3000, ""partition_strategy"": ""count"", ""num_pipeline_stages"": 2, ""pipeline_worker_gpus"": 0.0, ""pipeline_worker_cpus"": 1.0, ""pipeline_stage_train_workers"": """", ""pipeline_stage_eval_workers"": """", ""stage_balance_strategy"": ""cost"", ""stage_balance_user_weight"": 0.25, ""stage_balance_item_weight"": 0.25, ""stage_balance_span_weight"": 0.0, ""ray_address"": """", ""pipeline_trace"": false, ""pipeline_trace_log_path"": """", ""output_dir"": ""outputs/comprehensive_comparison/seed_42/data_parallel_no_split"", ""enable_efficiency_monitor"": false, ""efficiency_monitor_interval"": 10, ""data_parallel_workers"": 3, ""data_parallel_worker_gpus"": 1.0, ""data_parallel_visible_gpus"": ""0,1,2"", ""data_parallel_sync_level"": ""micro_batch"", ""data_parallel_micro_batch_size"": 200, ""gpu_list"": ""0,1,2"", ""enable_auto_pipeline_config"": false, ""pipeline_mode"": ""naive"", ""batch_training"": false, ""train_batch_size"": 32, ""batch_mode"": ""tbatch"", ""tgn_loss_mode"": ""all"", ""tgn_window_size"": 10.0, ""eval_frozen"": false, ""model"": ""jodie_rnn"", ""embedding_dim"": 64, ""memory_cell"": ""rnn"", ""time_proj"": ""off"", ""use_static_embeddings"": ""off"", ""normalize_state"": ""on"", ""event_agg"": ""none"", ""agg_activation"": ""none"", ""attn_type"": ""dot"", ""time_decay"": ""none"", ""max_neighbors"": 0, ""hidden_dim"": 0, ""memory_gate"": ""off"", ""enable_event_agg"": ""off"", ""enable_graph_update"": ""off"", ""message_mode"": ""peer"", ""msg_linear"": ""off""}"
22,coarse_dp,val,0.37560082959193203,0.37560082959193203,,0.37560082959193203,0.815407703851926,9152,74.1966,jodie_rnn,"{""dataset"": ""public_csv"", ""dataset_dir"": ""data/public"", ""local_data_path"": ""data/public/mooc.csv"", ""train_ratio"": 0.7, ""val_ratio"": 0.1, ""max_events"": 20000, ""num_users"": 1435, ""num_items"": 21, ""num_interactions"": 3000, ""feature_dim"": 8, ""lr"": 0.001, ""neg_sample_size"": 5, ""k"": 10, ""selection_metric"": ""mrr"", ""device"": ""cuda"", ""seed"": 42, ""partition_size"": 3000, ""partition_strategy"": ""count"", ""num_pipeline_stages"": 2, ""pipeline_worker_gpus"": 0.0, ""pipeline_worker_cpus"": 1.0, ""pipeline_stage_train_workers"": """", ""pipeline_stage_eval_workers"": """", ""stage_balance_strategy"": ""cost"", ""stage_balance_user_weight"": 0.25, ""stage_balance_item_weight"": 0.25, ""stage_balance_span_weight"": 0.0, ""ray_address"": """", ""pipeline_trace"": false, ""pipeline_trace_log_path"": """", ""output_dir"": ""outputs/comprehensive_comparison/seed_42/data_parallel_no_split"", ""enable_efficiency_monitor"": false, ""efficiency_monitor_interval"": 10, ""data_parallel_workers"": 3, ""data_parallel_worker_gpus"": 1.0, ""data_parallel_visible_gpus"": ""0,1,2"", ""data_parallel_sync_level"": ""micro_batch"", ""data_parallel_micro_batch_size"": 200, ""gpu_list"": ""0,1,2"", ""enable_auto_pipeline_config"": false, ""pipeline_mode"": ""naive"", ""batch_training"": false, ""train_batch_size"": 32, ""batch_mode"": ""tbatch"", ""tgn_loss_mode"": ""all"", ""tgn_window_size"": 10.0, ""eval_frozen"": false, ""model"": ""jodie_rnn"", ""embedding_dim"": 32, ""memory_cell"": ""rnn"", ""time_proj"": ""linear"", ""use_static_embeddings"": ""off"", ""normalize_state"": ""off"", ""event_agg"": ""none"", ""agg_activation"": ""none"", ""attn_type"": ""dot"", ""time_decay"": ""none"", ""max_neighbors"": 0, ""hidden_dim"": 0, ""memory_gate"": ""off"", ""enable_event_agg"": ""off"", ""enable_graph_update"": ""off"", ""message_mode"": ""peer"", ""msg_linear"": ""off""}"
23,coarse_dp,val,0.3703749961242493,0.3703749961242493,,0.3703749961242493,0.8024012006003002,439040,97.5791,jodie_rnn,"{""dataset"": ""public_csv"", ""dataset_dir"": ""data/public"", ""local_data_path"": ""data/public/mooc.csv"", ""train_ratio"": 0.7, ""val_ratio"": 0.1, ""max_events"": 20000, ""num_users"": 1435, ""num_items"": 21, ""num_interactions"": 3000, ""feature_dim"": 8, ""lr"": 0.001, ""neg_sample_size"": 5, ""k"": 10, ""selection_metric"": ""mrr"", ""device"": ""cuda"", ""seed"": 42, ""partition_size"": 3000, ""partition_strategy"": ""count"", ""num_pipeline_stages"": 2, ""pipeline_worker_gpus"": 0.0, ""pipeline_worker_cpus"": 1.0, ""pipeline_stage_train_workers"": """", ""pipeline_stage_eval_workers"": """", ""stage_balance_strategy"": ""cost"", ""stage_balance_user_weight"": 0.25, ""stage_balance_item_weight"": 0.25, ""stage_balance_span_weight"": 0.0, ""ray_address"": """", ""pipeline_trace"": false, ""pipeline_trace_log_path"": """", ""output_dir"": ""outputs/comprehensive_comparison/seed_42/data_parallel_no_split"", ""enable_efficiency_monitor"": false, ""efficiency_monitor_interval"": 10, ""data_parallel_workers"": 3, ""data_parallel_worker_gpus"": 1.0, ""data_parallel_visible_gpus"": ""0,1,2"", ""data_parallel_sync_level"": ""micro_batch"", ""data_parallel_micro_batch_size"": 200, ""gpu_list"": ""0,1,2"", ""enable_auto_pipeline_config"": false, ""pipeline_mode"": ""naive"", ""batch_training"": false, ""train_batch_size"": 32, ""batch_mode"": ""tbatch"", ""tgn_loss_mode"": ""all"", ""tgn_window_size"": 10.0, ""eval_frozen"": false, ""model"": ""jodie_rnn"", ""embedding_dim"": 128, ""memory_cell"": ""lstm"", ""time_proj"": ""linear"", ""use_static_embeddings"": ""off"", ""normalize_state"": ""on"", ""event_agg"": ""none"", ""agg_activation"": ""none"", ""attn_type"": ""dot"", ""time_decay"": ""none"", ""max_neighbors"": 0, ""hidden_dim"": 0, ""memory_gate"": ""off"", ""enable_event_agg"": ""off"", ""enable_graph_update"": ""off"", ""message_mode"": ""peer"", ""msg_linear"": ""off""}"
24,coarse_dp,val,0.36858359404491386,0.36858359404491386,,0.36858359404491386,0.8674337168584292,403200,85.6621,jodie_rnn,"{""dataset"": ""public_csv"", ""dataset_dir"": ""data/public"", ""local_data_path"": ""data/public/mooc.csv"", ""train_ratio"": 0.7, ""val_ratio"": 0.1, ""max_events"": 20000, ""num_users"": 1435, ""num_items"": 21, ""num_interactions"": 3000, ""feature_dim"": 8, ""lr"": 0.001, ""neg_sample_size"": 5, ""k"": 10, ""selection_metric"": ""mrr"", ""device"": ""cuda"", ""seed"": 42, ""partition_size"": 3000, ""partition_strategy"": ""count"", ""num_pipeline_stages"": 2, ""pipeline_worker_gpus"": 0.0, ""pipeline_worker_cpus"": 1.0, ""pipeline_stage_train_workers"": """", ""pipeline_stage_eval_workers"": """", ""stage_balance_strategy"": ""cost"", ""stage_balance_user_weight"": 0.25, ""stage_balance_item_weight"": 0.25, ""stage_balance_span_weight"": 0.0, ""ray_address"": """", ""pipeline_trace"": false, ""pipeline_trace_log_path"": """", ""output_dir"": ""outputs/comprehensive_comparison/seed_42/data_parallel_no_split"", ""enable_efficiency_monitor"": false, ""efficiency_monitor_interval"": 10, ""data_parallel_workers"": 3, ""data_parallel_worker_gpus"": 1.0, ""data_parallel_visible_gpus"": ""0,1,2"", ""data_parallel_sync_level"": ""micro_batch"", ""data_parallel_micro_batch_size"": 200, ""gpu_list"": ""0,1,2"", ""enable_auto_pipeline_config"": false, ""pipeline_mode"": ""naive"", ""batch_training"": false, ""train_batch_size"": 32, ""batch_mode"": ""tbatch"", ""tgn_loss_mode"": ""all"", ""tgn_window_size"": 10.0, ""eval_frozen"": false, ""model"": ""jodie_rnn"", ""embedding_dim"": 128, ""memory_cell"": ""rnn"", ""time_proj"": ""linear"", ""use_static_embeddings"": ""on"", ""normalize_state"": ""off"", ""event_agg"": ""none"", ""agg_activation"": ""none"", ""attn_type"": ""dot"", ""time_decay"": ""none"", ""max_neighbors"": 0, ""hidden_dim"": 0, ""memory_gate"": ""off"", ""enable_event_agg"": ""off"", ""enable_graph_update"": ""off"", ""message_mode"": ""peer"", ""msg_linear"": ""off""}"
25,coarse_dp,val,0.36846148183949584,0.36846148183949584,,0.36846148183949584,0.7693846923461731,148352,91.3494,jodie_rnn,"{""dataset"": ""public_csv"", ""dataset_dir"": ""data/public"", ""local_data_path"": ""data/public/mooc.csv"", ""train_ratio"": 0.7, ""val_ratio"": 0.1, ""max_events"": 20000, ""num_users"": 1435, ""num_items"": 21, ""num_interactions"": 3000, ""feature_dim"": 8, ""lr"": 0.001, ""neg_sample_size"": 5, ""k"": 10, ""selection_metric"": ""mrr"", ""device"": ""cuda"", ""seed"": 42, ""partition_size"": 3000, ""partition_strategy"": ""count"", ""num_pipeline_stages"": 2, ""pipeline_worker_gpus"": 0.0, ""pipeline_worker_cpus"": 1.0, ""pipeline_stage_train_workers"": """", ""pipeline_stage_eval_workers"": """", ""stage_balance_strategy"": ""cost"", ""stage_balance_user_weight"": 0.25, ""stage_balance_item_weight"": 0.25, ""stage_balance_span_weight"": 0.0, ""ray_address"": """", ""pipeline_trace"": false, ""pipeline_trace_log_path"": """", ""output_dir"": ""outputs/comprehensive_comparison/seed_42/data_parallel_no_split"", ""enable_efficiency_monitor"": false, ""efficiency_monitor_interval"": 10, ""data_parallel_workers"": 3, ""data_parallel_worker_gpus"": 1.0, ""data_parallel_visible_gpus"": ""0,1,2"", ""data_parallel_sync_level"": ""micro_batch"", ""data_parallel_micro_batch_size"": 200, ""gpu_list"": ""0,1,2"", ""enable_auto_pipeline_config"": false, ""pipeline_mode"": ""naive"", ""batch_training"": false, ""train_batch_size"": 32, ""batch_mode"": ""tbatch"", ""tgn_loss_mode"": ""all"", ""tgn_window_size"": 10.0, ""eval_frozen"": false, ""model"": ""jodie_rnn"", ""embedding_dim"": 64, ""memory_cell"": ""rnn"", ""time_proj"": ""off"", ""use_static_embeddings"": ""on"", ""normalize_state"": ""on"", ""event_agg"": ""none"", ""agg_activation"": ""none"", ""attn_type"": ""dot"", ""time_decay"": ""none"", ""max_neighbors"": 0, ""hidden_dim"": 0, ""memory_gate"": ""off"", ""enable_event_agg"": ""off"", ""enable_graph_update"": ""off"", ""message_mode"": ""peer"", ""msg_linear"": ""off""}"
26,coarse_dp,val,0.36711360574000174,0.36711360574000174,,0.36711360574000174,0.7663831915957979,29888,94.5499,jodie_rnn,"{""dataset"": ""public_csv"", ""dataset_dir"": ""data/public"", ""local_data_path"": ""data/public/mooc.csv"", ""train_ratio"": 0.7, ""val_ratio"": 0.1, ""max_events"": 20000, ""num_users"": 1435, ""num_items"": 21, ""num_interactions"": 3000, ""feature_dim"": 8, ""lr"": 0.001, ""neg_sample_size"": 5, ""k"": 10, ""selection_metric"": ""mrr"", ""device"": ""cuda"", ""seed"": 42, ""partition_size"": 3000, ""partition_strategy"": ""count"", ""num_pipeline_stages"": 2, ""pipeline_worker_gpus"": 0.0, ""pipeline_worker_cpus"": 1.0, ""pipeline_stage_train_workers"": """", ""pipeline_stage_eval_workers"": """", ""stage_balance_strategy"": ""cost"", ""stage_balance_user_weight"": 0.25, ""stage_balance_item_weight"": 0.25, ""stage_balance_span_weight"": 0.0, ""ray_address"": """", ""pipeline_trace"": false, ""pipeline_trace_log_path"": """", ""output_dir"": ""outputs/comprehensive_comparison/seed_42/data_parallel_no_split"", ""enable_efficiency_monitor"": false, ""efficiency_monitor_interval"": 10, ""data_parallel_workers"": 3, ""data_parallel_worker_gpus"": 1.0, ""data_parallel_visible_gpus"": ""0,1,2"", ""data_parallel_sync_level"": ""micro_batch"", ""data_parallel_micro_batch_size"": 200, ""gpu_list"": ""0,1,2"", ""enable_auto_pipeline_config"": false, ""pipeline_mode"": ""naive"", ""batch_training"": false, ""train_batch_size"": 32, ""batch_mode"": ""tbatch"", ""tgn_loss_mode"": ""all"", ""tgn_window_size"": 10.0, ""eval_frozen"": false, ""model"": ""jodie_rnn"", ""embedding_dim"": 32, ""memory_cell"": ""lstm"", ""time_proj"": ""linear"", ""use_static_embeddings"": ""off"", ""normalize_state"": ""on"", ""event_agg"": ""none"", ""agg_activation"": ""none"", ""attn_type"": ""dot"", ""time_decay"": ""none"", ""max_neighbors"": 0, ""hidden_dim"": 0, ""memory_gate"": ""off"", ""enable_event_agg"": ""off"", ""enable_graph_update"": ""off"", ""message_mode"": ""peer"", ""msg_linear"": ""off""}"
27,coarse_dp,val,0.36405646601572805,0.36405646601572805,,0.36405646601572805,0.8439219609804902,34688,76.6961,jodie_rnn,"{""dataset"": ""public_csv"", ""dataset_dir"": ""data/public"", ""local_data_path"": ""data/public/mooc.csv"", ""train_ratio"": 0.7, ""val_ratio"": 0.1, ""max_events"": 20000, ""num_users"": 1435, ""num_items"": 21, ""num_interactions"": 3000, ""feature_dim"": 8, ""lr"": 0.001, ""neg_sample_size"": 5, ""k"": 10, ""selection_metric"": ""mrr"", ""device"": ""cuda"", ""seed"": 42, ""partition_size"": 3000, ""partition_strategy"": ""count"", ""num_pipeline_stages"": 2, ""pipeline_worker_gpus"": 0.0, ""pipeline_worker_cpus"": 1.0, ""pipeline_stage_train_workers"": """", ""pipeline_stage_eval_workers"": """", ""stage_balance_strategy"": ""cost"", ""stage_balance_user_weight"": 0.25, ""stage_balance_item_weight"": 0.25, ""stage_balance_span_weight"": 0.0, ""ray_address"": """", ""pipeline_trace"": false, ""pipeline_trace_log_path"": """", ""output_dir"": ""outputs/comprehensive_comparison/seed_42/data_parallel_no_split"", ""enable_efficiency_monitor"": false, ""efficiency_monitor_interval"": 10, ""data_parallel_workers"": 3, ""data_parallel_worker_gpus"": 1.0, ""data_parallel_visible_gpus"": ""0,1,2"", ""data_parallel_sync_level"": ""micro_batch"", ""data_parallel_micro_batch_size"": 200, ""gpu_list"": ""0,1,2"", ""enable_auto_pipeline_config"": false, ""pipeline_mode"": ""naive"", ""batch_training"": false, ""train_batch_size"": 32, ""batch_mode"": ""tbatch"", ""tgn_loss_mode"": ""all"", ""tgn_window_size"": 10.0, ""eval_frozen"": false, ""model"": ""jodie_rnn"", ""embedding_dim"": 64, ""memory_cell"": ""rnn"", ""time_proj"": ""linear"", ""use_static_embeddings"": ""off"", ""normalize_state"": ""off"", ""event_agg"": ""none"", ""agg_activation"": ""none"", ""attn_type"": ""dot"", ""time_decay"": ""none"", ""max_neighbors"": 0, ""hidden_dim"": 0, ""memory_gate"": ""off"", ""enable_event_agg"": ""off"", ""enable_graph_update"": ""off"", ""message_mode"": ""peer"", ""msg_linear"": ""off""}"
28,coarse_dp,val,0.359752285037374,0.359752285037374,,0.359752285037374,0.791895947973987,113024,96.7381,jodie_rnn,"{""dataset"": ""public_csv"", ""dataset_dir"": ""data/public"", ""local_data_path"": ""data/public/mooc.csv"", ""train_ratio"": 0.7, ""val_ratio"": 0.1, ""max_events"": 20000, ""num_users"": 1435, ""num_items"": 21, ""num_interactions"": 3000, ""feature_dim"": 8, ""lr"": 0.001, ""neg_sample_size"": 5, ""k"": 10, ""selection_metric"": ""mrr"", ""device"": ""cuda"", ""seed"": 42, ""partition_size"": 3000, ""partition_strategy"": ""count"", ""num_pipeline_stages"": 2, ""pipeline_worker_gpus"": 0.0, ""pipeline_worker_cpus"": 1.0, ""pipeline_stage_train_workers"": """", ""pipeline_stage_eval_workers"": """", ""stage_balance_strategy"": ""cost"", ""stage_balance_user_weight"": 0.25, ""stage_balance_item_weight"": 0.25, ""stage_balance_span_weight"": 0.0, ""ray_address"": """", ""pipeline_trace"": false, ""pipeline_trace_log_path"": """", ""output_dir"": ""outputs/comprehensive_comparison/seed_42/data_parallel_no_split"", ""enable_efficiency_monitor"": false, ""efficiency_monitor_interval"": 10, ""data_parallel_workers"": 3, ""data_parallel_worker_gpus"": 1.0, ""data_parallel_visible_gpus"": ""0,1,2"", ""data_parallel_sync_level"": ""micro_batch"", ""data_parallel_micro_batch_size"": 200, ""gpu_list"": ""0,1,2"", ""enable_auto_pipeline_config"": false, ""pipeline_mode"": ""naive"", ""batch_training"": false, ""train_batch_size"": 32, ""batch_mode"": ""tbatch"", ""tgn_loss_mode"": ""all"", ""tgn_window_size"": 10.0, ""eval_frozen"": false, ""model"": ""jodie_rnn"", ""embedding_dim"": 64, ""memory_cell"": ""lstm"", ""time_proj"": ""linear"", ""use_static_embeddings"": ""off"", ""normalize_state"": ""on"", ""event_agg"": ""none"", ""agg_activation"": ""none"", ""attn_type"": ""dot"", ""time_decay"": ""none"", ""max_neighbors"": 0, ""hidden_dim"": 0, ""memory_gate"": ""off"", ""enable_event_agg"": ""off"", ""enable_graph_update"": ""off"", ""message_mode"": ""peer"", ""msg_linear"": ""off""}"
29,coarse_dp,val,0.35116033831177024,0.35116033831177024,,0.35116033831177024,0.7138569284642321,82880,99.0883,jodie_rnn,"{""dataset"": ""public_csv"", ""dataset_dir"": ""data/public"", ""local_data_path"": ""data/public/mooc.csv"", ""train_ratio"": 0.7, ""val_ratio"": 0.1, ""max_events"": 20000, ""num_users"": 1435, ""num_items"": 21, ""num_interactions"": 3000, ""feature_dim"": 8, ""lr"": 0.001, ""neg_sample_size"": 5, ""k"": 10, ""selection_metric"": ""mrr"", ""device"": ""cuda"", ""seed"": 42, ""partition_size"": 3000, ""partition_strategy"": ""count"", ""num_pipeline_stages"": 2, ""pipeline_worker_gpus"": 0.0, ""pipeline_worker_cpus"": 1.0, ""pipeline_stage_train_workers"": """", ""pipeline_stage_eval_workers"": """", ""stage_balance_strategy"": ""cost"", ""stage_balance_user_weight"": 0.25, ""stage_balance_item_weight"": 0.25, ""stage_balance_span_weight"": 0.0, ""ray_address"": """", ""pipeline_trace"": false, ""pipeline_trace_log_path"": """", ""output_dir"": ""outputs/comprehensive_comparison/seed_42/data_parallel_no_split"", ""enable_efficiency_monitor"": false, ""efficiency_monitor_interval"": 10, ""data_parallel_workers"": 3, ""data_parallel_worker_gpus"": 1.0, ""data_parallel_visible_gpus"": ""0,1,2"", ""data_parallel_sync_level"": ""micro_batch"", ""data_parallel_micro_batch_size"": 200, ""gpu_list"": ""0,1,2"", ""enable_auto_pipeline_config"": false, ""pipeline_mode"": ""naive"", ""batch_training"": false, ""train_batch_size"": 32, ""batch_mode"": ""tbatch"", ""tgn_loss_mode"": ""all"", ""tgn_window_size"": 10.0, ""eval_frozen"": false, ""model"": ""jodie_rnn"", ""embedding_dim"": 32, ""memory_cell"": ""gru"", ""time_proj"": ""linear"", ""use_static_embeddings"": ""on"", ""normalize_state"": ""on"", ""event_agg"": ""none"", ""agg_activation"": ""none"", ""attn_type"": ""dot"", ""time_decay"": ""none"", ""max_neighbors"": 0, ""hidden_dim"": 0, ""memory_gate"": ""off"", ""enable_event_agg"": ""off"", ""enable_graph_update"": ""off"", ""message_mode"": ""peer"", ""msg_linear"": ""off""}"
30,coarse_dp,val,0.34320108960364465,0.34320108960364465,,0.34320108960364465,0.7188594297148574,22976,92.0834,jodie_rnn,"{""dataset"": ""public_csv"", ""dataset_dir"": ""data/public"", ""local_data_path"": ""data/public/mooc.csv"", ""train_ratio"": 0.7, ""val_ratio"": 0.1, ""max_events"": 20000, ""num_users"": 1435, ""num_items"": 21, ""num_interactions"": 3000, ""feature_dim"": 8, ""lr"": 0.001, ""neg_sample_size"": 5, ""k"": 10, ""selection_metric"": ""mrr"", ""device"": ""cuda"", ""seed"": 42, ""partition_size"": 3000, ""partition_strategy"": ""count"", ""num_pipeline_stages"": 2, ""pipeline_worker_gpus"": 0.0, ""pipeline_worker_cpus"": 1.0, ""pipeline_stage_train_workers"": """", ""pipeline_stage_eval_workers"": """", ""stage_balance_strategy"": ""cost"", ""stage_balance_user_weight"": 0.25, ""stage_balance_item_weight"": 0.25, ""stage_balance_span_weight"": 0.0, ""ray_address"": """", ""pipeline_trace"": false, ""pipeline_trace_log_path"": """", ""output_dir"": ""outputs/comprehensive_comparison/seed_42/data_parallel_no_split"", ""enable_efficiency_monitor"": false, ""efficiency_monitor_interval"": 10, ""data_parallel_workers"": 3, ""data_parallel_worker_gpus"": 1.0, ""data_parallel_visible_gpus"": ""0,1,2"", ""data_parallel_sync_level"": ""micro_batch"", ""data_parallel_micro_batch_size"": 200, ""gpu_list"": ""0,1,2"", ""enable_auto_pipeline_config"": false, ""pipeline_mode"": ""naive"", ""batch_training"": false, ""train_batch_size"": 32, ""batch_mode"": ""tbatch"", ""tgn_loss_mode"": ""all"", ""tgn_window_size"": 10.0, ""eval_frozen"": false, ""model"": ""jodie_rnn"", ""embedding_dim"": 32, ""memory_cell"": ""gru"", ""time_proj"": ""linear"", ""use_static_embeddings"": ""off"", ""normalize_state"": ""on"", ""event_agg"": ""none"", ""agg_activation"": ""none"", ""attn_type"": ""dot"", ""time_decay"": ""none"", ""max_neighbors"": 0, ""hidden_dim"": 0, ""memory_gate"": ""off"", ""enable_event_agg"": ""off"", ""enable_graph_update"": ""off"", ""message_mode"": ""peer"", ""msg_linear"": ""off""}"
31,coarse_dp,val,0.33740203029766547,0.33740203029766547,,0.33740203029766547,0.7858929464732366,93888,93.7074,jodie_rnn,"{""dataset"": ""public_csv"", ""dataset_dir"": ""data/public"", ""local_data_path"": ""data/public/mooc.csv"", ""train_ratio"": 0.7, ""val_ratio"": 0.1, ""max_events"": 20000, ""num_users"": 1435, ""num_items"": 21, ""num_interactions"": 3000, ""feature_dim"": 8, ""lr"": 0.001, ""neg_sample_size"": 5, ""k"": 10, ""selection_metric"": ""mrr"", ""device"": ""cuda"", ""seed"": 42, ""partition_size"": 3000, ""partition_strategy"": ""count"", ""num_pipeline_stages"": 2, ""pipeline_worker_gpus"": 0.0, ""pipeline_worker_cpus"": 1.0, ""pipeline_stage_train_workers"": """", ""pipeline_stage_eval_workers"": """", ""stage_balance_strategy"": ""cost"", ""stage_balance_user_weight"": 0.25, ""stage_balance_item_weight"": 0.25, ""stage_balance_span_weight"": 0.0, ""ray_address"": """", ""pipeline_trace"": false, ""pipeline_trace_log_path"": """", ""output_dir"": ""outputs/comprehensive_comparison/seed_42/data_parallel_no_split"", ""enable_efficiency_monitor"": false, ""efficiency_monitor_interval"": 10, ""data_parallel_workers"": 3, ""data_parallel_worker_gpus"": 1.0, ""data_parallel_visible_gpus"": ""0,1,2"", ""data_parallel_sync_level"": ""micro_batch"", ""data_parallel_micro_batch_size"": 200, ""gpu_list"": ""0,1,2"", ""enable_auto_pipeline_config"": false, ""pipeline_mode"": ""naive"", ""batch_training"": false, ""train_batch_size"": 32, ""batch_mode"": ""tbatch"", ""tgn_loss_mode"": ""all"", ""tgn_window_size"": 10.0, ""eval_frozen"": false, ""model"": ""jodie_rnn"", ""embedding_dim"": 32, ""memory_cell"": ""lstm"", ""time_proj"": ""off"", ""use_static_embeddings"": ""on"", ""normalize_state"": ""on"", ""event_agg"": ""none"", ""agg_activation"": ""none"", ""attn_type"": ""dot"", ""time_decay"": ""none"", ""max_neighbors"": 0, ""hidden_dim"": 0, ""memory_gate"": ""off"", ""enable_event_agg"": ""off"", ""enable_graph_update"": ""off"", ""message_mode"": ""peer"", ""msg_linear"": ""off""}"
32,coarse_dp,val,0.33444982313979593,0.33444982313979593,,0.33444982313979593,0.8674337168584292,134912,74.3064,jodie_rnn,"{""dataset"": ""public_csv"", ""dataset_dir"": ""data/public"", ""local_data_path"": ""data/public/mooc.csv"", ""train_ratio"": 0.7, ""val_ratio"": 0.1, ""max_events"": 20000, ""num_users"": 1435, ""num_items"": 21, ""num_interactions"": 3000, ""feature_dim"": 8, ""lr"": 0.001, ""neg_sample_size"": 5, ""k"": 10, ""selection_metric"": ""mrr"", ""device"": ""cuda"", ""seed"": 42, ""partition_size"": 3000, ""partition_strategy"": ""count"", ""num_pipeline_stages"": 2, ""pipeline_worker_gpus"": 0.0, ""pipeline_worker_cpus"": 1.0, ""pipeline_stage_train_workers"": """", ""pipeline_stage_eval_workers"": """", ""stage_balance_strategy"": ""cost"", ""stage_balance_user_weight"": 0.25, ""stage_balance_item_weight"": 0.25, ""stage_balance_span_weight"": 0.0, ""ray_address"": """", ""pipeline_trace"": false, ""pipeline_trace_log_path"": """", ""output_dir"": ""outputs/comprehensive_comparison/seed_42/data_parallel_no_split"", ""enable_efficiency_monitor"": false, ""efficiency_monitor_interval"": 10, ""data_parallel_workers"": 3, ""data_parallel_worker_gpus"": 1.0, ""data_parallel_visible_gpus"": ""0,1,2"", ""data_parallel_sync_level"": ""micro_batch"", ""data_parallel_micro_batch_size"": 200, ""gpu_list"": ""0,1,2"", ""enable_auto_pipeline_config"": false, ""pipeline_mode"": ""naive"", ""batch_training"": false, ""train_batch_size"": 32, ""batch_mode"": ""tbatch"", ""tgn_loss_mode"": ""all"", ""tgn_window_size"": 10.0, ""eval_frozen"": false, ""model"": ""jodie_rnn"", ""embedding_dim"": 128, ""memory_cell"": ""rnn"", ""time_proj"": ""linear"", ""use_static_embeddings"": ""off"", ""normalize_state"": ""off"", ""event_agg"": ""none"", ""agg_activation"": ""none"", ""attn_type"": ""dot"", ""time_decay"": ""none"", ""max_neighbors"": 0, ""hidden_dim"": 0, ""memory_gate"": ""off"", ""enable_event_agg"": ""off"", ""enable_graph_update"": ""off"", ""message_mode"": ""peer"", ""msg_linear"": ""off""}"
33,coarse_dp,val,0.3274840472515933,0.3274840472515933,,0.3274840472515933,0.7208604302151076,337664,87.3683,jodie_rnn,"{""dataset"": ""public_csv"", ""dataset_dir"": ""data/public"", ""local_data_path"": ""data/public/mooc.csv"", ""train_ratio"": 0.7, ""val_ratio"": 0.1, ""max_events"": 20000, ""num_users"": 1435, ""num_items"": 21, ""num_interactions"": 3000, ""feature_dim"": 8, ""lr"": 0.001, ""neg_sample_size"": 5, ""k"": 10, ""selection_metric"": ""mrr"", ""device"": ""cuda"", ""seed"": 42, ""partition_size"": 3000, ""partition_strategy"": ""count"", ""num_pipeline_stages"": 2, ""pipeline_worker_gpus"": 0.0, ""pipeline_worker_cpus"": 1.0, ""pipeline_stage_train_workers"": """", ""pipeline_stage_eval_workers"": """", ""stage_balance_strategy"": ""cost"", ""stage_balance_user_weight"": 0.25, ""stage_balance_item_weight"": 0.25, ""stage_balance_span_weight"": 0.0, ""ray_address"": """", ""pipeline_trace"": false, ""pipeline_trace_log_path"": """", ""output_dir"": ""outputs/comprehensive_comparison/seed_42/data_parallel_no_split"", ""enable_efficiency_monitor"": false, ""efficiency_monitor_interval"": 10, ""data_parallel_workers"": 3, ""data_parallel_worker_gpus"": 1.0, ""data_parallel_visible_gpus"": ""0,1,2"", ""data_parallel_sync_level"": ""micro_batch"", ""data_parallel_micro_batch_size"": 200, ""gpu_list"": ""0,1,2"", ""enable_auto_pipeline_config"": false, ""pipeline_mode"": ""naive"", ""batch_training"": false, ""train_batch_size"": 32, ""batch_mode"": ""tbatch"", ""tgn_loss_mode"": ""all"", ""tgn_window_size"": 10.0, ""eval_frozen"": false, ""model"": ""jodie_rnn"", ""embedding_dim"": 128, ""memory_cell"": ""gru"", ""time_proj"": ""off"", ""use_static_embeddings"": ""off"", ""normalize_state"": ""on"", ""event_agg"": ""none"", ""agg_activation"": ""none"", ""attn_type"": ""dot"", ""time_decay"": ""none"", ""max_neighbors"": 0, ""hidden_dim"": 0, ""memory_gate"": ""off"", ""enable_event_agg"": ""off"", ""enable_graph_update"": ""off"", ""message_mode"": ""peer"", ""msg_linear"": ""off""}"
34,coarse_dp,val,0.32198172307050293,0.32198172307050293,,0.32198172307050293,0.7398699349674838,60864,90.1077,jodie_rnn,"{""dataset"": ""public_csv"", ""dataset_dir"": ""data/public"", ""local_data_path"": ""data/public/mooc.csv"", ""train_ratio"": 0.7, ""val_ratio"": 0.1, ""max_events"": 20000, ""num_users"": 1435, ""num_items"": 21, ""num_interactions"": 3000, ""feature_dim"": 8, ""lr"": 0.001, ""neg_sample_size"": 5, ""k"": 10, ""selection_metric"": ""mrr"", ""device"": ""cuda"", ""seed"": 42, ""partition_size"": 3000, ""partition_strategy"": ""count"", ""num_pipeline_stages"": 2, ""pipeline_worker_gpus"": 0.0, ""pipeline_worker_cpus"": 1.0, ""pipeline_stage_train_workers"": """", ""pipeline_stage_eval_workers"": """", ""stage_balance_strategy"": ""cost"", ""stage_balance_user_weight"": 0.25, ""stage_balance_item_weight"": 0.25, ""stage_balance_span_weight"": 0.0, ""ray_address"": """", ""pipeline_trace"": false, ""pipeline_trace_log_path"": """", ""output_dir"": ""outputs/comprehensive_comparison/seed_42/data_parallel_no_split"", ""enable_efficiency_monitor"": false, ""efficiency_monitor_interval"": 10, ""data_parallel_workers"": 3, ""data_parallel_worker_gpus"": 1.0, ""data_parallel_visible_gpus"": ""0,1,2"", ""data_parallel_sync_level"": ""micro_batch"", ""data_parallel_micro_batch_size"": 200, ""gpu_list"": ""0,1,2"", ""enable_auto_pipeline_config"": false, ""pipeline_mode"": ""naive"", ""batch_training"": false, ""train_batch_size"": 32, ""batch_mode"": ""tbatch"", ""tgn_loss_mode"": ""all"", ""tgn_window_size"": 10.0, ""eval_frozen"": false, ""model"": ""jodie_rnn"", ""embedding_dim"": 32, ""memory_cell"": ""rnn"", ""time_proj"": ""off"", ""use_static_embeddings"": ""on"", ""normalize_state"": ""on"", ""event_agg"": ""none"", ""agg_activation"": ""none"", ""attn_type"": ""dot"", ""time_decay"": ""none"", ""max_neighbors"": 0, ""hidden_dim"": 0, ""memory_gate"": ""off"", ""enable_event_agg"": ""off"", ""enable_graph_update"": ""off"", ""message_mode"": ""peer"", ""msg_linear"": ""off""}"
35,coarse_dp,val,0.3096115844882642,0.3096115844882642,,0.3096115844882642,0.7143571785892946,93888,100.1223,jodie_rnn,"{""dataset"": ""public_csv"", ""dataset_dir"": ""data/public"", ""local_data_path"": ""data/public/mooc.csv"", ""train_ratio"": 0.7, ""val_ratio"": 0.1, ""max_events"": 20000, ""num_users"": 1435, ""num_items"": 21, ""num_interactions"": 3000, ""feature_dim"": 8, ""lr"": 0.001, ""neg_sample_size"": 5, ""k"": 10, ""selection_metric"": ""mrr"", ""device"": ""cuda"", ""seed"": 42, ""partition_size"": 3000, ""partition_strategy"": ""count"", ""num_pipeline_stages"": 2, ""pipeline_worker_gpus"": 0.0, ""pipeline_worker_cpus"": 1.0, ""pipeline_stage_train_workers"": """", ""pipeline_stage_eval_workers"": """", ""stage_balance_strategy"": ""cost"", ""stage_balance_user_weight"": 0.25, ""stage_balance_item_weight"": 0.25, ""stage_balance_span_weight"": 0.0, ""ray_address"": """", ""pipeline_trace"": false, ""pipeline_trace_log_path"": """", ""output_dir"": ""outputs/comprehensive_comparison/seed_42/data_parallel_no_split"", ""enable_efficiency_monitor"": false, ""efficiency_monitor_interval"": 10, ""data_parallel_workers"": 3, ""data_parallel_worker_gpus"": 1.0, ""data_parallel_visible_gpus"": ""0,1,2"", ""data_parallel_sync_level"": ""micro_batch"", ""data_parallel_micro_batch_size"": 200, ""gpu_list"": ""0,1,2"", ""enable_auto_pipeline_config"": false, ""pipeline_mode"": ""naive"", ""batch_training"": false, ""train_batch_size"": 32, ""batch_mode"": ""tbatch"", ""tgn_loss_mode"": ""all"", ""tgn_window_size"": 10.0, ""eval_frozen"": false, ""model"": ""jodie_rnn"", ""embedding_dim"": 32, ""memory_cell"": ""lstm"", ""time_proj"": ""linear"", ""use_static_embeddings"": ""on"", ""normalize_state"": ""on"", ""event_agg"": ""none"", ""agg_activation"": ""none"", ""attn_type"": ""dot"", ""time_decay"": ""none"", ""max_neighbors"": 0, ""hidden_dim"": 0, ""memory_gate"": ""off"", ""enable_event_agg"": ""off"", ""enable_graph_update"": ""off"", ""message_mode"": ""peer"", ""msg_linear"": ""off""}"
36,coarse_dp,val,0.2952702617775479,0.2952702617775479,,0.2952702617775479,0.6708354177088545,337664,68.0791,jodie_rnn,"{""dataset"": ""public_csv"", ""dataset_dir"": ""data/public"", ""local_data_path"": ""data/public/mooc.csv"", ""train_ratio"": 0.7, ""val_ratio"": 0.1, ""max_events"": 20000, ""num_users"": 1435, ""num_items"": 21, ""num_interactions"": 3000, ""feature_dim"": 8, ""lr"": 0.001, ""neg_sample_size"": 5, ""k"": 10, ""selection_metric"": ""mrr"", ""device"": ""cuda"", ""seed"": 42, ""partition_size"": 3000, ""partition_strategy"": ""count"", ""num_pipeline_stages"": 2, ""pipeline_worker_gpus"": 0.0, ""pipeline_worker_cpus"": 1.0, ""pipeline_stage_train_workers"": """", ""pipeline_stage_eval_workers"": """", ""stage_balance_strategy"": ""cost"", ""stage_balance_user_weight"": 0.25, ""stage_balance_item_weight"": 0.25, ""stage_balance_span_weight"": 0.0, ""ray_address"": """", ""pipeline_trace"": false, ""pipeline_trace_log_path"": """", ""output_dir"": ""outputs/comprehensive_comparison/seed_42/data_parallel_no_split"", ""enable_efficiency_monitor"": false, ""efficiency_monitor_interval"": 10, ""data_parallel_workers"": 3, ""data_parallel_worker_gpus"": 1.0, ""data_parallel_visible_gpus"": ""0,1,2"", ""data_parallel_sync_level"": ""micro_batch"", ""data_parallel_micro_batch_size"": 200, ""gpu_list"": ""0,1,2"", ""enable_auto_pipeline_config"": false, ""pipeline_mode"": ""naive"", ""batch_training"": false, ""train_batch_size"": 32, ""batch_mode"": ""tbatch"", ""tgn_loss_mode"": ""all"", ""tgn_window_size"": 10.0, ""eval_frozen"": false, ""model"": ""jodie_rnn"", ""embedding_dim"": 128, ""memory_cell"": ""gru"", ""time_proj"": ""off"", ""use_static_embeddings"": ""off"", ""normalize_state"": ""off"", ""event_agg"": ""none"", ""agg_activation"": ""none"", ""attn_type"": ""dot"", ""time_decay"": ""none"", ""max_neighbors"": 0, ""hidden_dim"": 0, ""memory_gate"": ""off"", ""enable_event_agg"": ""off"", ""enable_graph_update"": ""off"", ""message_mode"": ""peer"", ""msg_linear"": ""off""}"
37,coarse_dp,val,0.293226766621455,0.293226766621455,,0.293226766621455,0.7088544272136068,86912,66.1754,jodie_rnn,"{""dataset"": ""public_csv"", ""dataset_dir"": ""data/public"", ""local_data_path"": ""data/public/mooc.csv"", ""train_ratio"": 0.7, ""val_ratio"": 0.1, ""max_events"": 20000, ""num_users"": 1435, ""num_items"": 21, ""num_interactions"": 3000, ""feature_dim"": 8, ""lr"": 0.001, ""neg_sample_size"": 5, ""k"": 10, ""selection_metric"": ""mrr"", ""device"": ""cuda"", ""seed"": 42, ""partition_size"": 3000, ""partition_strategy"": ""count"", ""num_pipeline_stages"": 2, ""pipeline_worker_gpus"": 0.0, ""pipeline_worker_cpus"": 1.0, ""pipeline_stage_train_workers"": """", ""pipeline_stage_eval_workers"": """", ""stage_balance_strategy"": ""cost"", ""stage_balance_user_weight"": 0.25, ""stage_balance_item_weight"": 0.25, ""stage_balance_span_weight"": 0.0, ""ray_address"": """", ""pipeline_trace"": false, ""pipeline_trace_log_path"": """", ""output_dir"": ""outputs/comprehensive_comparison/seed_42/data_parallel_no_split"", ""enable_efficiency_monitor"": false, ""efficiency_monitor_interval"": 10, ""data_parallel_workers"": 3, ""data_parallel_worker_gpus"": 1.0, ""data_parallel_visible_gpus"": ""0,1,2"", ""data_parallel_sync_level"": ""micro_batch"", ""data_parallel_micro_batch_size"": 200, ""gpu_list"": ""0,1,2"", ""enable_auto_pipeline_config"": false, ""pipeline_mode"": ""naive"", ""batch_training"": false, ""train_batch_size"": 32, ""batch_mode"": ""tbatch"", ""tgn_loss_mode"": ""all"", ""tgn_window_size"": 10.0, ""eval_frozen"": false, ""model"": ""jodie_rnn"", ""embedding_dim"": 64, ""memory_cell"": ""gru"", ""time_proj"": ""off"", ""use_static_embeddings"": ""off"", ""normalize_state"": ""off"", ""event_agg"": ""none"", ""agg_activation"": ""none"", ""attn_type"": ""dot"", ""time_decay"": ""none"", ""max_neighbors"": 0, ""hidden_dim"": 0, ""memory_gate"": ""off"", ""enable_event_agg"": ""off"", ""enable_graph_update"": ""off"", ""message_mode"": ""peer"", ""msg_linear"": ""off""}"
38,coarse_dp,val,0.2848174679218481,0.2848174679218481,,0.2848174679218481,0.7038519259629815,29888,74.122,jodie_rnn,"{""dataset"": ""public_csv"", ""dataset_dir"": ""data/public"", ""local_data_path"": ""data/public/mooc.csv"", ""train_ratio"": 0.7, ""val_ratio"": 0.1, ""max_events"": 20000, ""num_users"": 1435, ""num_items"": 21, ""num_interactions"": 3000, ""feature_dim"": 8, ""lr"": 0.001, ""neg_sample_size"": 5, ""k"": 10, ""selection_metric"": ""mrr"", ""device"": ""cuda"", ""seed"": 42, ""partition_size"": 3000, ""partition_strategy"": ""count"", ""num_pipeline_stages"": 2, ""pipeline_worker_gpus"": 0.0, ""pipeline_worker_cpus"": 1.0, ""pipeline_stage_train_workers"": """", ""pipeline_stage_eval_workers"": """", ""stage_balance_strategy"": ""cost"", ""stage_balance_user_weight"": 0.25, ""stage_balance_item_weight"": 0.25, ""stage_balance_span_weight"": 0.0, ""ray_address"": """", ""pipeline_trace"": false, ""pipeline_trace_log_path"": """", ""output_dir"": ""outputs/comprehensive_comparison/seed_42/data_parallel_no_split"", ""enable_efficiency_monitor"": false, ""efficiency_monitor_interval"": 10, ""data_parallel_workers"": 3, ""data_parallel_worker_gpus"": 1.0, ""data_parallel_visible_gpus"": ""0,1,2"", ""data_parallel_sync_level"": ""micro_batch"", ""data_parallel_micro_batch_size"": 200, ""gpu_list"": ""0,1,2"", ""enable_auto_pipeline_config"": false, ""pipeline_mode"": ""naive"", ""batch_training"": false, ""train_batch_size"": 32, ""batch_mode"": ""tbatch"", ""tgn_loss_mode"": ""all"", ""tgn_window_size"": 10.0, ""eval_frozen"": false, ""model"": ""jodie_rnn"", ""embedding_dim"": 32, ""memory_cell"": ""lstm"", ""time_proj"": ""linear"", ""use_static_embeddings"": ""off"", ""normalize_state"": ""off"", ""event_agg"": ""none"", ""agg_activation"": ""none"", ""attn_type"": ""dot"", ""time_decay"": ""none"", ""max_neighbors"": 0, ""hidden_dim"": 0, ""memory_gate"": ""off"", ""enable_event_agg"": ""off"", ""enable_graph_update"": ""off"", ""message_mode"": ""peer"", ""msg_linear"": ""off""}"
39,coarse_dp,val,0.27965868776014474,0.27965868776014474,,0.27965868776014474,0.7358679339669835,903936,79.6003,jodie_rnn,"{""dataset"": ""public_csv"", ""dataset_dir"": ""data/public"", ""local_data_path"": ""data/public/mooc.csv"", ""train_ratio"": 0.7, ""val_ratio"": 0.1, ""max_events"": 20000, ""num_users"": 1435, ""num_items"": 21, ""num_interactions"": 3000, ""feature_dim"": 8, ""lr"": 0.001, ""neg_sample_size"": 5, ""k"": 10, ""selection_metric"": ""mrr"", ""device"": ""cuda"", ""seed"": 42, ""partition_size"": 3000, ""partition_strategy"": ""count"", ""num_pipeline_stages"": 2, ""pipeline_worker_gpus"": 0.0, ""pipeline_worker_cpus"": 1.0, ""pipeline_stage_train_workers"": """", ""pipeline_stage_eval_workers"": """", ""stage_balance_strategy"": ""cost"", ""stage_balance_user_weight"": 0.25, ""stage_balance_item_weight"": 0.25, ""stage_balance_span_weight"": 0.0, ""ray_address"": """", ""pipeline_trace"": false, ""pipeline_trace_log_path"": """", ""output_dir"": ""outputs/comprehensive_comparison/seed_42/data_parallel_no_split"", ""enable_efficiency_monitor"": false, ""efficiency_monitor_interval"": 10, ""data_parallel_workers"": 3, ""data_parallel_worker_gpus"": 1.0, ""data_parallel_visible_gpus"": ""0,1,2"", ""data_parallel_sync_level"": ""micro_batch"", ""data_parallel_micro_batch_size"": 200, ""gpu_list"": ""0,1,2"", ""enable_auto_pipeline_config"": false, ""pipeline_mode"": ""naive"", ""batch_training"": false, ""train_batch_size"": 32, ""batch_mode"": ""tbatch"", ""tgn_loss_mode"": ""all"", ""tgn_window_size"": 10.0, ""eval_frozen"": false, ""model"": ""jodie_rnn"", ""embedding_dim"": 128, ""memory_cell"": ""lstm"", ""time_proj"": ""off"", ""use_static_embeddings"": ""on"", ""normalize_state"": ""off"", ""event_agg"": ""none"", ""agg_activation"": ""none"", ""attn_type"": ""dot"", ""time_decay"": ""none"", ""max_neighbors"": 0, ""hidden_dim"": 0, ""memory_gate"": ""off"", ""enable_event_agg"": ""off"", ""enable_graph_update"": ""off"", ""message_mode"": ""peer"", ""msg_linear"": ""off""}"
40,coarse_dp,val,0.2790239226895046,0.2790239226895046,,0.2790239226895046,0.6418209104552276,29888,85.4228,jodie_rnn,"{""dataset"": ""public_csv"", ""dataset_dir"": ""data/public"", ""local_data_path"": ""data/public/mooc.csv"", ""train_ratio"": 0.7, ""val_ratio"": 0.1, ""max_events"": 20000, ""num_users"": 1435, ""num_items"": 21, ""num_interactions"": 3000, ""feature_dim"": 8, ""lr"": 0.001, ""neg_sample_size"": 5, ""k"": 10, ""selection_metric"": ""mrr"", ""device"": ""cuda"", ""seed"": 42, ""partition_size"": 3000, ""partition_strategy"": ""count"", ""num_pipeline_stages"": 2, ""pipeline_worker_gpus"": 0.0, ""pipeline_worker_cpus"": 1.0, ""pipeline_stage_train_workers"": """", ""pipeline_stage_eval_workers"": """", ""stage_balance_strategy"": ""cost"", ""stage_balance_user_weight"": 0.25, ""stage_balance_item_weight"": 0.25, ""stage_balance_span_weight"": 0.0, ""ray_address"": """", ""pipeline_trace"": false, ""pipeline_trace_log_path"": """", ""output_dir"": ""outputs/comprehensive_comparison/seed_42/data_parallel_no_split"", ""enable_efficiency_monitor"": false, ""efficiency_monitor_interval"": 10, ""data_parallel_workers"": 3, ""data_parallel_worker_gpus"": 1.0, ""data_parallel_visible_gpus"": ""0,1,2"", ""data_parallel_sync_level"": ""micro_batch"", ""data_parallel_micro_batch_size"": 200, ""gpu_list"": ""0,1,2"", ""enable_auto_pipeline_config"": false, ""pipeline_mode"": ""naive"", ""batch_training"": false, ""train_batch_size"": 32, ""batch_mode"": ""tbatch"", ""tgn_loss_mode"": ""all"", ""tgn_window_size"": 10.0, ""eval_frozen"": false, ""model"": ""jodie_rnn"", ""embedding_dim"": 32, ""memory_cell"": ""lstm"", ""time_proj"": ""off"", ""use_static_embeddings"": ""off"", ""normalize_state"": ""on"", ""event_agg"": ""none"", ""agg_activation"": ""none"", ""attn_type"": ""dot"", ""time_decay"": ""none"", ""max_neighbors"": 0, ""hidden_dim"": 0, ""memory_gate"": ""off"", ""enable_event_agg"": ""off"", ""enable_graph_update"": ""off"", ""message_mode"": ""peer"", ""msg_linear"": ""off""}"
41,coarse_dp,val,0.27578404707247656,0.27578404707247656,,0.27578404707247656,0.5967983991995998,113024,86.9139,jodie_rnn,"{""dataset"": ""public_csv"", ""dataset_dir"": ""data/public"", ""local_data_path"": ""data/public/mooc.csv"", ""train_ratio"": 0.7, ""val_ratio"": 0.1, ""max_events"": 20000, ""num_users"": 1435, ""num_items"": 21, ""num_interactions"": 3000, ""feature_dim"": 8, ""lr"": 0.001, ""neg_sample_size"": 5, ""k"": 10, ""selection_metric"": ""mrr"", ""device"": ""cuda"", ""seed"": 42, ""partition_size"": 3000, ""partition_strategy"": ""count"", ""num_pipeline_stages"": 2, ""pipeline_worker_gpus"": 0.0, ""pipeline_worker_cpus"": 1.0, ""pipeline_stage_train_workers"": """", ""pipeline_stage_eval_workers"": """", ""stage_balance_strategy"": ""cost"", ""stage_balance_user_weight"": 0.25, ""stage_balance_item_weight"": 0.25, ""stage_balance_span_weight"": 0.0, ""ray_address"": """", ""pipeline_trace"": false, ""pipeline_trace_log_path"": """", ""output_dir"": ""outputs/comprehensive_comparison/seed_42/data_parallel_no_split"", ""enable_efficiency_monitor"": false, ""efficiency_monitor_interval"": 10, ""data_parallel_workers"": 3, ""data_parallel_worker_gpus"": 1.0, ""data_parallel_visible_gpus"": ""0,1,2"", ""data_parallel_sync_level"": ""micro_batch"", ""data_parallel_micro_batch_size"": 200, ""gpu_list"": ""0,1,2"", ""enable_auto_pipeline_config"": false, ""pipeline_mode"": ""naive"", ""batch_training"": false, ""train_batch_size"": 32, ""batch_mode"": ""tbatch"", ""tgn_loss_mode"": ""all"", ""tgn_window_size"": 10.0, ""eval_frozen"": false, ""model"": ""jodie_rnn"", ""embedding_dim"": 64, ""memory_cell"": ""lstm"", ""time_proj"": ""off"", ""use_static_embeddings"": ""off"", ""normalize_state"": ""on"", ""event_agg"": ""none"", ""agg_activation"": ""none"", ""attn_type"": ""dot"", ""time_decay"": ""none"", ""max_neighbors"": 0, ""hidden_dim"": 0, ""memory_gate"": ""off"", ""enable_event_agg"": ""off"", ""enable_graph_update"": ""off"", ""message_mode"": ""peer"", ""msg_linear"": ""off""}"
42,coarse_dp,val,0.23683431882740436,0.23683431882740436,,0.23683431882740436,0.6548274137068534,60864,71.6429,jodie_rnn,"{""dataset"": ""public_csv"", ""dataset_dir"": ""data/public"", ""local_data_path"": ""data/public/mooc.csv"", ""train_ratio"": 0.7, ""val_ratio"": 0.1, ""max_events"": 20000, ""num_users"": 1435, ""num_items"": 21, ""num_interactions"": 3000, ""feature_dim"": 8, ""lr"": 0.001, ""neg_sample_size"": 5, ""k"": 10, ""selection_metric"": ""mrr"", ""device"": ""cuda"", ""seed"": 42, ""partition_size"": 3000, ""partition_strategy"": ""count"", ""num_pipeline_stages"": 2, ""pipeline_worker_gpus"": 0.0, ""pipeline_worker_cpus"": 1.0, ""pipeline_stage_train_workers"": """", ""pipeline_stage_eval_workers"": """", ""stage_balance_strategy"": ""cost"", ""stage_balance_user_weight"": 0.25, ""stage_balance_item_weight"": 0.25, ""stage_balance_span_weight"": 0.0, ""ray_address"": """", ""pipeline_trace"": false, ""pipeline_trace_log_path"": """", ""output_dir"": ""outputs/comprehensive_comparison/seed_42/data_parallel_no_split"", ""enable_efficiency_monitor"": false, ""efficiency_monitor_interval"": 10, ""data_parallel_workers"": 3, ""data_parallel_worker_gpus"": 1.0, ""data_parallel_visible_gpus"": ""0,1,2"", ""data_parallel_sync_level"": ""micro_batch"", ""data_parallel_micro_batch_size"": 200, ""gpu_list"": ""0,1,2"", ""enable_auto_pipeline_config"": false, ""pipeline_mode"": ""naive"", ""batch_training"": false, ""train_batch_size"": 32, ""batch_mode"": ""tbatch"", ""tgn_loss_mode"": ""all"", ""tgn_window_size"": 10.0, ""eval_frozen"": false, ""model"": ""jodie_rnn"", ""embedding_dim"": 32, ""memory_cell"": ""rnn"", ""time_proj"": ""off"", ""use_static_embeddings"": ""on"", ""normalize_state"": ""off"", ""event_agg"": ""none"", ""agg_activation"": ""none"", ""attn_type"": ""dot"", ""time_decay"": ""none"", ""max_neighbors"": 0, ""hidden_dim"": 0, ""memory_gate"": ""off"", ""enable_event_agg"": ""off"", ""enable_graph_update"": ""off"", ""message_mode"": ""peer"", ""msg_linear"": ""off""}"
43,coarse_dp,val,0.22723091175177004,0.22723091175177004,,0.22723091175177004,0.6463231615807904,275840,77.6615,jodie_rnn,"{""dataset"": ""public_csv"", ""dataset_dir"": ""data/public"", ""local_data_path"": ""data/public/mooc.csv"", ""train_ratio"": 0.7, ""val_ratio"": 0.1, ""max_events"": 20000, ""num_users"": 1435, ""num_items"": 21, ""num_interactions"": 3000, ""feature_dim"": 8, ""lr"": 0.001, ""neg_sample_size"": 5, ""k"": 10, ""selection_metric"": ""mrr"", ""device"": ""cuda"", ""seed"": 42, ""partition_size"": 3000, ""partition_strategy"": ""count"", ""num_pipeline_stages"": 2, ""pipeline_worker_gpus"": 0.0, ""pipeline_worker_cpus"": 1.0, ""pipeline_stage_train_workers"": """", ""pipeline_stage_eval_workers"": """", ""stage_balance_strategy"": ""cost"", ""stage_balance_user_weight"": 0.25, ""stage_balance_item_weight"": 0.25, ""stage_balance_span_weight"": 0.0, ""ray_address"": """", ""pipeline_trace"": false, ""pipeline_trace_log_path"": """", ""output_dir"": ""outputs/comprehensive_comparison/seed_42/data_parallel_no_split"", ""enable_efficiency_monitor"": false, ""efficiency_monitor_interval"": 10, ""data_parallel_workers"": 3, ""data_parallel_worker_gpus"": 1.0, ""data_parallel_visible_gpus"": ""0,1,2"", ""data_parallel_sync_level"": ""micro_batch"", ""data_parallel_micro_batch_size"": 200, ""gpu_list"": ""0,1,2"", ""enable_auto_pipeline_config"": false, ""pipeline_mode"": ""naive"", ""batch_training"": false, ""train_batch_size"": 32, ""batch_mode"": ""tbatch"", ""tgn_loss_mode"": ""all"", ""tgn_window_size"": 10.0, ""eval_frozen"": false, ""model"": ""jodie_rnn"", ""embedding_dim"": 64, ""memory_cell"": ""lstm"", ""time_proj"": ""off"", ""use_static_embeddings"": ""on"", ""normalize_state"": ""off"", ""event_agg"": ""none"", ""agg_activation"": ""none"", ""attn_type"": ""dot"", ""time_decay"": ""none"", ""max_neighbors"": 0, ""hidden_dim"": 0, ""memory_gate"": ""off"", ""enable_event_agg"": ""off"", ""enable_graph_update"": ""off"", ""message_mode"": ""peer"", ""msg_linear"": ""off""}"
44,coarse_dp,val,0.17117357525899585,0.17117357525899585,,0.17117357525899585,0.6053026513256629,29888,63.6859,jodie_rnn,"{""dataset"": ""public_csv"", ""dataset_dir"": ""data/public"", ""local_data_path"": ""data/public/mooc.csv"", ""train_ratio"": 0.7, ""val_ratio"": 0.1, ""max_events"": 20000, ""num_users"": 1435, ""num_items"": 21, ""num_interactions"": 3000, ""feature_dim"": 8, ""lr"": 0.001, ""neg_sample_size"": 5, ""k"": 10, ""selection_metric"": ""mrr"", ""device"": ""cuda"", ""seed"": 42, ""partition_size"": 3000, ""partition_strategy"": ""count"", ""num_pipeline_stages"": 2, ""pipeline_worker_gpus"": 0.0, ""pipeline_worker_cpus"": 1.0, ""pipeline_stage_train_workers"": """", ""pipeline_stage_eval_workers"": """", ""stage_balance_strategy"": ""cost"", ""stage_balance_user_weight"": 0.25, ""stage_balance_item_weight"": 0.25, ""stage_balance_span_weight"": 0.0, ""ray_address"": """", ""pipeline_trace"": false, ""pipeline_trace_log_path"": """", ""output_dir"": ""outputs/comprehensive_comparison/seed_42/data_parallel_no_split"", ""enable_efficiency_monitor"": false, ""efficiency_monitor_interval"": 10, ""data_parallel_workers"": 3, ""data_parallel_worker_gpus"": 1.0, ""data_parallel_visible_gpus"": ""0,1,2"", ""data_parallel_sync_level"": ""micro_batch"", ""data_parallel_micro_batch_size"": 200, ""gpu_list"": ""0,1,2"", ""enable_auto_pipeline_config"": false, ""pipeline_mode"": ""naive"", ""batch_training"": false, ""train_batch_size"": 32, ""batch_mode"": ""tbatch"", ""tgn_loss_mode"": ""all"", ""tgn_window_size"": 10.0, ""eval_frozen"": false, ""model"": ""jodie_rnn"", ""embedding_dim"": 32, ""memory_cell"": ""lstm"", ""time_proj"": ""off"", ""use_static_embeddings"": ""off"", ""normalize_state"": ""off"", ""event_agg"": ""none"", ""agg_activation"": ""none"", ""attn_type"": ""dot"", ""time_decay"": ""none"", ""max_neighbors"": 0, ""hidden_dim"": 0, ""memory_gate"": ""off"", ""enable_event_agg"": ""off"", ""enable_graph_update"": ""off"", ""message_mode"": ""peer"", ""msg_linear"": ""off""}"
45,coarse_dp,val,0.15304357812024091,0.15304357812024091,,0.15304357812024091,0.47873936968484243,93888,73.8884,jodie_rnn,"{""dataset"": ""public_csv"", ""dataset_dir"": ""data/public"", ""local_data_path"": ""data/public/mooc.csv"", ""train_ratio"": 0.7, ""val_ratio"": 0.1, ""max_events"": 20000, ""num_users"": 1435, ""num_items"": 21, ""num_interactions"": 3000, ""feature_dim"": 8, ""lr"": 0.001, ""neg_sample_size"": 5, ""k"": 10, ""selection_metric"": ""mrr"", ""device"": ""cuda"", ""seed"": 42, ""partition_size"": 3000, ""partition_strategy"": ""count"", ""num_pipeline_stages"": 2, ""pipeline_worker_gpus"": 0.0, ""pipeline_worker_cpus"": 1.0, ""pipeline_stage_train_workers"": """", ""pipeline_stage_eval_workers"": """", ""stage_balance_strategy"": ""cost"", ""stage_balance_user_weight"": 0.25, ""stage_balance_item_weight"": 0.25, ""stage_balance_span_weight"": 0.0, ""ray_address"": """", ""pipeline_trace"": false, ""pipeline_trace_log_path"": """", ""output_dir"": ""outputs/comprehensive_comparison/seed_42/data_parallel_no_split"", ""enable_efficiency_monitor"": false, ""efficiency_monitor_interval"": 10, ""data_parallel_workers"": 3, ""data_parallel_worker_gpus"": 1.0, ""data_parallel_visible_gpus"": ""0,1,2"", ""data_parallel_sync_level"": ""micro_batch"", ""data_parallel_micro_batch_size"": 200, ""gpu_list"": ""0,1,2"", ""enable_auto_pipeline_config"": false, ""pipeline_mode"": ""naive"", ""batch_training"": false, ""train_batch_size"": 32, ""batch_mode"": ""tbatch"", ""tgn_loss_mode"": ""all"", ""tgn_window_size"": 10.0, ""eval_frozen"": false, ""model"": ""jodie_rnn"", ""embedding_dim"": 32, ""memory_cell"": ""lstm"", ""time_proj"": ""off"", ""use_static_embeddings"": ""on"", ""normalize_state"": ""off"", ""event_agg"": ""none"", ""agg_activation"": ""none"", ""attn_type"": ""dot"", ""time_decay"": ""none"", ""max_neighbors"": 0, ""hidden_dim"": 0, ""memory_gate"": ""off"", ""enable_event_agg"": ""off"", ""enable_graph_update"": ""off"", ""message_mode"": ""peer"", ""msg_linear"": ""off""}"
46,coarse_dp,val,0.11944224490456894,0.11944224490456894,,0.11944224490456894,0.3571785892946473,22976,73.3692,jodie_rnn,"{""dataset"": ""public_csv"", ""dataset_dir"": ""data/public"", ""local_data_path"": ""data/public/mooc.csv"", ""train_ratio"": 0.7, ""val_ratio"": 0.1, ""max_events"": 20000, ""num_users"": 1435, ""num_items"": 21, ""num_interactions"": 3000, ""feature_dim"": 8, ""lr"": 0.001, ""neg_sample_size"": 5, ""k"": 10, ""selection_metric"": ""mrr"", ""device"": ""cuda"", ""seed"": 42, ""partition_size"": 3000, ""partition_strategy"": ""count"", ""num_pipeline_stages"": 2, ""pipeline_worker_gpus"": 0.0, ""pipeline_worker_cpus"": 1.0, ""pipeline_stage_train_workers"": """", ""pipeline_stage_eval_workers"": """", ""stage_balance_strategy"": ""cost"", ""stage_balance_user_weight"": 0.25, ""stage_balance_item_weight"": 0.25, ""stage_balance_span_weight"": 0.0, ""ray_address"": """", ""pipeline_trace"": false, ""pipeline_trace_log_path"": """", ""output_dir"": ""outputs/comprehensive_comparison/seed_42/data_parallel_no_split"", ""enable_efficiency_monitor"": false, ""efficiency_monitor_interval"": 10, ""data_parallel_workers"": 3, ""data_parallel_worker_gpus"": 1.0, ""data_parallel_visible_gpus"": ""0,1,2"", ""data_parallel_sync_level"": ""micro_batch"", ""data_parallel_micro_batch_size"": 200, ""gpu_list"": ""0,1,2"", ""enable_auto_pipeline_config"": false, ""pipeline_mode"": ""naive"", ""batch_training"": false, ""train_batch_size"": 32, ""batch_mode"": ""tbatch"", ""tgn_loss_mode"": ""all"", ""tgn_window_size"": 10.0, ""eval_frozen"": false, ""model"": ""jodie_rnn"", ""embedding_dim"": 32, ""memory_cell"": ""gru"", ""time_proj"": ""linear"", ""use_static_embeddings"": ""off"", ""normalize_state"": ""off"", ""event_agg"": ""none"", ""agg_activation"": ""none"", ""attn_type"": ""dot"", ""time_decay"": ""none"", ""max_neighbors"": 0, ""hidden_dim"": 0, ""memory_gate"": ""off"", ""enable_event_agg"": ""off"", ""enable_graph_update"": ""off"", ""message_mode"": ""peer"", ""msg_linear"": ""off""}"
47,coarse_dp,val,0.11944224490456894,0.11944224490456894,,0.11944224490456894,0.3571785892946473,82880,80.7448,jodie_rnn,"{""dataset"": ""public_csv"", ""dataset_dir"": ""data/public"", ""local_data_path"": ""data/public/mooc.csv"", ""train_ratio"": 0.7, ""val_ratio"": 0.1, ""max_events"": 20000, ""num_users"": 1435, ""num_items"": 21, ""num_interactions"": 3000, ""feature_dim"": 8, ""lr"": 0.001, ""neg_sample_size"": 5, ""k"": 10, ""selection_metric"": ""mrr"", ""device"": ""cuda"", ""seed"": 42, ""partition_size"": 3000, ""partition_strategy"": ""count"", ""num_pipeline_stages"": 2, ""pipeline_worker_gpus"": 0.0, ""pipeline_worker_cpus"": 1.0, ""pipeline_stage_train_workers"": """", ""pipeline_stage_eval_workers"": """", ""stage_balance_strategy"": ""cost"", ""stage_balance_user_weight"": 0.25, ""stage_balance_item_weight"": 0.25, ""stage_balance_span_weight"": 0.0, ""ray_address"": """", ""pipeline_trace"": false, ""pipeline_trace_log_path"": """", ""output_dir"": ""outputs/comprehensive_comparison/seed_42/data_parallel_no_split"", ""enable_efficiency_monitor"": false, ""efficiency_monitor_interval"": 10, ""data_parallel_workers"": 3, ""data_parallel_worker_gpus"": 1.0, ""data_parallel_visible_gpus"": ""0,1,2"", ""data_parallel_sync_level"": ""micro_batch"", ""data_parallel_micro_batch_size"": 200, ""gpu_list"": ""0,1,2"", ""enable_auto_pipeline_config"": false, ""pipeline_mode"": ""naive"", ""batch_training"": false, ""train_batch_size"": 32, ""batch_mode"": ""tbatch"", ""tgn_loss_mode"": ""all"", ""tgn_window_size"": 10.0, ""eval_frozen"": false, ""model"": ""jodie_rnn"", ""embedding_dim"": 32, ""memory_cell"": ""gru"", ""time_proj"": ""linear"", ""use_static_embeddings"": ""on"", ""normalize_state"": ""off"", ""event_agg"": ""none"", ""agg_activation"": ""none"", ""attn_type"": ""dot"", ""time_decay"": ""none"", ""max_neighbors"": 0, ""hidden_dim"": 0, ""memory_gate"": ""off"", ""enable_event_agg"": ""off"", ""enable_graph_update"": ""off"", ""message_mode"": ""peer"", ""msg_linear"": ""off""}"
48,coarse_dp,val,0.11944224490456894,0.11944224490456894,,0.11944224490456894,0.3571785892946473,86912,75.6681,jodie_rnn,"{""dataset"": ""public_csv"", ""dataset_dir"": ""data/public"", ""local_data_path"": ""data/public/mooc.csv"", ""train_ratio"": 0.7, ""val_ratio"": 0.1, ""max_events"": 20000, ""num_users"": 1435, ""num_items"": 21, ""num_interactions"": 3000, ""feature_dim"": 8, ""lr"": 0.001, ""neg_sample_size"": 5, ""k"": 10, ""selection_metric"": ""mrr"", ""device"": ""cuda"", ""seed"": 42, ""partition_size"": 3000, ""partition_strategy"": ""count"", ""num_pipeline_stages"": 2, ""pipeline_worker_gpus"": 0.0, ""pipeline_worker_cpus"": 1.0, ""pipeline_stage_train_workers"": """", ""pipeline_stage_eval_workers"": """", ""stage_balance_strategy"": ""cost"", ""stage_balance_user_weight"": 0.25, ""stage_balance_item_weight"": 0.25, ""stage_balance_span_weight"": 0.0, ""ray_address"": """", ""pipeline_trace"": false, ""pipeline_trace_log_path"": """", ""output_dir"": ""outputs/comprehensive_comparison/seed_42/data_parallel_no_split"", ""enable_efficiency_monitor"": false, ""efficiency_monitor_interval"": 10, ""data_parallel_workers"": 3, ""data_parallel_worker_gpus"": 1.0, ""data_parallel_visible_gpus"": ""0,1,2"", ""data_parallel_sync_level"": ""micro_batch"", ""data_parallel_micro_batch_size"": 200, ""gpu_list"": ""0,1,2"", ""enable_auto_pipeline_config"": false, ""pipeline_mode"": ""naive"", ""batch_training"": false, ""train_batch_size"": 32, ""batch_mode"": ""tbatch"", ""tgn_loss_mode"": ""all"", ""tgn_window_size"": 10.0, ""eval_frozen"": false, ""model"": ""jodie_rnn"", ""embedding_dim"": 64, ""memory_cell"": ""gru"", ""time_proj"": ""linear"", ""use_static_embeddings"": ""off"", ""normalize_state"": ""off"", ""event_agg"": ""none"", ""agg_activation"": ""none"", ""attn_type"": ""dot"", ""time_decay"": ""none"", ""max_neighbors"": 0, ""hidden_dim"": 0, ""memory_gate"": ""off"", ""enable_event_agg"": ""off"", ""enable_graph_update"": ""off"", ""message_mode"": ""peer"", ""msg_linear"": ""off""}"
49,coarse_dp,val,0.11944224490456894,0.11944224490456894,,0.11944224490456894,0.3571785892946473,233344,80.6745,jodie_rnn,"{""dataset"": ""public_csv"", ""dataset_dir"": ""data/public"", ""local_data_path"": ""data/public/mooc.csv"", ""train_ratio"": 0.7, ""val_ratio"": 0.1, ""max_events"": 20000, ""num_users"": 1435, ""num_items"": 21, ""num_interactions"": 3000, ""feature_dim"": 8, ""lr"": 0.001, ""neg_sample_size"": 5, ""k"": 10, ""selection_metric"": ""mrr"", ""device"": ""cuda"", ""seed"": 42, ""partition_size"": 3000, ""partition_strategy"": ""count"", ""num_pipeline_stages"": 2, ""pipeline_worker_gpus"": 0.0, ""pipeline_worker_cpus"": 1.0, ""pipeline_stage_train_workers"": """", ""pipeline_stage_eval_workers"": """", ""stage_balance_strategy"": ""cost"", ""stage_balance_user_weight"": 0.25, ""stage_balance_item_weight"": 0.25, ""stage_balance_span_weight"": 0.0, ""ray_address"": """", ""pipeline_trace"": false, ""pipeline_trace_log_path"": """", ""output_dir"": ""outputs/comprehensive_comparison/seed_42/data_parallel_no_split"", ""enable_efficiency_monitor"": false, ""efficiency_monitor_interval"": 10, ""data_parallel_workers"": 3, ""data_parallel_worker_gpus"": 1.0, ""data_parallel_visible_gpus"": ""0,1,2"", ""data_parallel_sync_level"": ""micro_batch"", ""data_parallel_micro_batch_size"": 200, ""gpu_list"": ""0,1,2"", ""enable_auto_pipeline_config"": false, ""pipeline_mode"": ""naive"", ""batch_training"": false, ""train_batch_size"": 32, ""batch_mode"": ""tbatch"", ""tgn_loss_mode"": ""all"", ""tgn_window_size"": 10.0, ""eval_frozen"": false, ""model"": ""jodie_rnn"", ""embedding_dim"": 64, ""memory_cell"": ""gru"", ""time_proj"": ""linear"", ""use_static_embeddings"": ""on"", ""normalize_state"": ""off"", ""event_agg"": ""none"", ""agg_activation"": ""none"", ""attn_type"": ""dot"", ""time_decay"": ""none"", ""max_neighbors"": 0, ""hidden_dim"": 0, ""memory_gate"": ""off"", ""enable_event_agg"": ""off"", ""enable_graph_update"": ""off"", ""message_mode"": ""peer"", ""msg_linear"": ""off""}"
50,coarse_dp,val,0.11944224490456894,0.11944224490456894,,0.11944224490456894,0.3571785892946473,337664,76.9771,jodie_rnn,"{""dataset"": ""public_csv"", ""dataset_dir"": ""data/public"", ""local_data_path"": ""data/public/mooc.csv"", ""train_ratio"": 0.7, ""val_ratio"": 0.1, ""max_events"": 20000, ""num_users"": 1435, ""num_items"": 21, ""num_interactions"": 3000, ""feature_dim"": 8, ""lr"": 0.001, ""neg_sample_size"": 5, ""k"": 10, ""selection_metric"": ""mrr"", ""device"": ""cuda"", ""seed"": 42, ""partition_size"": 3000, ""partition_strategy"": ""count"", ""num_pipeline_stages"": 2, ""pipeline_worker_gpus"": 0.0, ""pipeline_worker_cpus"": 1.0, ""pipeline_stage_train_workers"": """", ""pipeline_stage_eval_workers"": """", ""stage_balance_strategy"": ""cost"", ""stage_balance_user_weight"": 0.25, ""stage_balance_item_weight"": 0.25, ""stage_balance_span_weight"": 0.0, ""ray_address"": """", ""pipeline_trace"": false, ""pipeline_trace_log_path"": """", ""output_dir"": ""outputs/comprehensive_comparison/seed_42/data_parallel_no_split"", ""enable_efficiency_monitor"": false, ""efficiency_monitor_interval"": 10, ""data_parallel_workers"": 3, ""data_parallel_worker_gpus"": 1.0, ""data_parallel_visible_gpus"": ""0,1,2"", ""data_parallel_sync_level"": ""micro_batch"", ""data_parallel_micro_batch_size"": 200, ""gpu_list"": ""0,1,2"", ""enable_auto_pipeline_config"": false, ""pipeline_mode"": ""naive"", ""batch_training"": false, ""train_batch_size"": 32, ""batch_mode"": ""tbatch"", ""tgn_loss_mode"": ""all"", ""tgn_window_size"": 10.0, ""eval_frozen"": false, ""model"": ""jodie_rnn"", ""embedding_dim"": 128, ""memory_cell"": ""gru"", ""time_proj"": ""linear"", ""use_static_embeddings"": ""off"", ""normalize_state"": ""off"", ""event_agg"": ""none"", ""agg_activation"": ""none"", ""attn_type"": ""dot"", ""time_decay"": ""none"", ""max_neighbors"": 0, ""hidden_dim"": 0, ""memory_gate"": ""off"", ""enable_event_agg"": ""off"", ""enable_graph_update"": ""off"", ""message_mode"": ""peer"", ""msg_linear"": ""off""}"
51,coarse_dp,val,0.11944224490456894,0.11944224490456894,,0.11944224490456894,0.3571785892946473,737024,88.9183,jodie_rnn,"{""dataset"": ""public_csv"", ""dataset_dir"": ""data/public"", ""local_data_path"": ""data/public/mooc.csv"", ""train_ratio"": 0.7, ""val_ratio"": 0.1, ""max_events"": 20000, ""num_users"": 1435, ""num_items"": 21, ""num_interactions"": 3000, ""feature_dim"": 8, ""lr"": 0.001, ""neg_sample_size"": 5, ""k"": 10, ""selection_metric"": ""mrr"", ""device"": ""cuda"", ""seed"": 42, ""partition_size"": 3000, ""partition_strategy"": ""count"", ""num_pipeline_stages"": 2, ""pipeline_worker_gpus"": 0.0, ""pipeline_worker_cpus"": 1.0, ""pipeline_stage_train_workers"": """", ""pipeline_stage_eval_workers"": """", ""stage_balance_strategy"": ""cost"", ""stage_balance_user_weight"": 0.25, ""stage_balance_item_weight"": 0.25, ""stage_balance_span_weight"": 0.0, ""ray_address"": """", ""pipeline_trace"": false, ""pipeline_trace_log_path"": """", ""output_dir"": ""outputs/comprehensive_comparison/seed_42/data_parallel_no_split"", ""enable_efficiency_monitor"": false, ""efficiency_monitor_interval"": 10, ""data_parallel_workers"": 3, ""data_parallel_worker_gpus"": 1.0, ""data_parallel_visible_gpus"": ""0,1,2"", ""data_parallel_sync_level"": ""micro_batch"", ""data_parallel_micro_batch_size"": 200, ""gpu_list"": ""0,1,2"", ""enable_auto_pipeline_config"": false, ""pipeline_mode"": ""naive"", ""batch_training"": false, ""train_batch_size"": 32, ""batch_mode"": ""tbatch"", ""tgn_loss_mode"": ""all"", ""tgn_window_size"": 10.0, ""eval_frozen"": false, ""model"": ""jodie_rnn"", ""embedding_dim"": 128, ""memory_cell"": ""gru"", ""time_proj"": ""linear"", ""use_static_embeddings"": ""on"", ""normalize_state"": ""off"", ""event_agg"": ""none"", ""agg_activation"": ""none"", ""attn_type"": ""dot"", ""time_decay"": ""none"", ""max_neighbors"": 0, ""hidden_dim"": 0, ""memory_gate"": ""off"", ""enable_event_agg"": ""off"", ""enable_graph_update"": ""off"", ""message_mode"": ""peer"", ""msg_linear"": ""off""}"
