# pipeline trace log
# created_at=2026-05-11 15:16:47
[pipeline-trace] wall=15:17:01 elapsed=1.428s phase=train event=interaction_progress trial=0 partition=0 processed=1 total=14000 metric=ce epoch=1/1
[pipeline-trace] wall=15:17:02 elapsed=2.053s phase=train event=interaction_progress trial=0 partition=0 processed=100 total=14000 metric=ce epoch=1/1
[pipeline-trace] wall=15:17:02 elapsed=2.356s phase=train event=interaction_progress trial=0 partition=0 processed=200 total=14000 metric=ce epoch=1/1
[pipeline-trace] wall=15:17:02 elapsed=2.658s phase=train event=interaction_progress trial=0 partition=0 processed=300 total=14000 metric=ce epoch=1/1
[pipeline-trace] wall=15:17:03 elapsed=2.979s phase=train event=interaction_progress trial=0 partition=0 processed=400 total=14000 metric=ce epoch=1/1
[pipeline-trace] wall=15:17:03 elapsed=3.304s phase=train event=interaction_progress trial=0 partition=0 processed=500 total=14000 metric=ce epoch=1/1
[pipeline-trace] wall=15:17:03 elapsed=3.612s phase=train event=interaction_progress trial=0 partition=0 processed=600 total=14000 metric=ce epoch=1/1
[pipeline-trace] wall=15:17:03 elapsed=3.914s phase=train event=interaction_progress trial=0 partition=0 processed=700 total=14000 metric=ce epoch=1/1
[pipeline-trace] wall=15:17:04 elapsed=4.209s phase=train event=interaction_progress trial=0 partition=0 processed=800 total=14000 metric=ce epoch=1/1
[pipeline-trace] wall=15:17:04 elapsed=4.504s phase=train event=interaction_progress trial=0 partition=0 processed=900 total=14000 metric=ce epoch=1/1
[pipeline-trace] wall=15:17:04 elapsed=4.806s phase=train event=interaction_progress trial=0 partition=0 processed=1000 total=14000 metric=ce epoch=1/1
[pipeline-trace] wall=15:17:05 elapsed=5.132s phase=train event=interaction_progress trial=0 partition=0 processed=1100 total=14000 metric=ce epoch=1/1
[pipeline-trace] wall=15:17:05 elapsed=5.427s phase=train event=interaction_progress trial=0 partition=0 processed=1200 total=14000 metric=ce epoch=1/1
[pipeline-trace] wall=15:17:05 elapsed=5.737s phase=train event=interaction_progress trial=0 partition=0 processed=1300 total=14000 metric=ce epoch=1/1
[pipeline-trace] wall=15:17:06 elapsed=6.030s phase=train event=interaction_progress trial=0 partition=0 processed=1400 total=14000 metric=ce epoch=1/1
[pipeline-trace] wall=15:17:06 elapsed=6.346s phase=train event=interaction_progress trial=0 partition=0 processed=1500 total=14000 metric=ce epoch=1/1
[pipeline-trace] wall=15:17:06 elapsed=6.666s phase=train event=interaction_progress trial=0 partition=0 processed=1600 total=14000 metric=ce epoch=1/1
[pipeline-trace] wall=15:17:07 elapsed=6.988s phase=train event=interaction_progress trial=0 partition=0 processed=1700 total=14000 metric=ce epoch=1/1
[pipeline-trace] wall=15:17:07 elapsed=7.299s phase=train event=interaction_progress trial=0 partition=0 processed=1800 total=14000 metric=ce epoch=1/1
[pipeline-trace] wall=15:17:07 elapsed=7.602s phase=train event=interaction_progress trial=0 partition=0 processed=1900 total=14000 metric=ce epoch=1/1
[pipeline-trace] wall=15:17:07 elapsed=7.877s phase=train event=interaction_progress trial=0 partition=0 processed=2000 total=14000 metric=ce epoch=1/1
[pipeline-trace] wall=15:17:08 elapsed=8.145s phase=train event=interaction_progress trial=0 partition=0 processed=2100 total=14000 metric=ce epoch=1/1
[pipeline-trace] wall=15:17:08 elapsed=8.467s phase=train event=interaction_progress trial=0 partition=0 processed=2200 total=14000 metric=ce epoch=1/1
[pipeline-trace] wall=15:17:08 elapsed=8.739s phase=train event=interaction_progress trial=0 partition=0 processed=2300 total=14000 metric=ce epoch=1/1
[pipeline-trace] wall=15:17:09 elapsed=9.056s phase=train event=interaction_progress trial=0 partition=0 processed=2400 total=14000 metric=ce epoch=1/1
[pipeline-trace] wall=15:17:09 elapsed=9.420s phase=train event=interaction_progress trial=0 partition=0 processed=2500 total=14000 metric=ce epoch=1/1
[pipeline-trace] wall=15:17:09 elapsed=9.736s phase=train event=interaction_progress trial=0 partition=0 processed=2600 total=14000 metric=ce epoch=1/1
[pipeline-trace] wall=15:17:10 elapsed=10.039s phase=train event=interaction_progress trial=0 partition=0 processed=2700 total=14000 metric=ce epoch=1/1
[pipeline-trace] wall=15:17:10 elapsed=10.352s phase=train event=interaction_progress trial=0 partition=0 processed=2800 total=14000 metric=ce epoch=1/1
[pipeline-trace] wall=15:17:10 elapsed=10.643s phase=train event=interaction_progress trial=0 partition=0 processed=2900 total=14000 metric=ce epoch=1/1
[pipeline-trace] wall=15:17:10 elapsed=10.921s phase=train event=interaction_progress trial=0 partition=0 processed=3000 total=14000 metric=ce epoch=1/1
[pipeline-trace] wall=15:17:11 elapsed=11.239s phase=train event=interaction_progress trial=0 partition=0 processed=3100 total=14000 metric=ce epoch=1/1
[pipeline-trace] wall=15:17:11 elapsed=11.561s phase=train event=interaction_progress trial=0 partition=0 processed=3200 total=14000 metric=ce epoch=1/1
[pipeline-trace] wall=15:17:11 elapsed=11.880s phase=train event=interaction_progress trial=0 partition=0 processed=3300 total=14000 metric=ce epoch=1/1
[pipeline-trace] wall=15:17:12 elapsed=12.196s phase=train event=interaction_progress trial=0 partition=0 processed=3400 total=14000 metric=ce epoch=1/1
[pipeline-trace] wall=15:17:12 elapsed=12.499s phase=train event=interaction_progress trial=0 partition=0 processed=3500 total=14000 metric=ce epoch=1/1
[pipeline-trace] wall=15:17:12 elapsed=12.814s phase=train event=interaction_progress trial=0 partition=0 processed=3600 total=14000 metric=ce epoch=1/1
[pipeline-trace] wall=15:17:13 elapsed=13.168s phase=train event=interaction_progress trial=0 partition=0 processed=3700 total=14000 metric=ce epoch=1/1
[pipeline-trace] wall=15:17:13 elapsed=13.509s phase=train event=interaction_progress trial=0 partition=0 processed=3800 total=14000 metric=ce epoch=1/1
[pipeline-trace] wall=15:17:13 elapsed=13.839s phase=train event=interaction_progress trial=0 partition=0 processed=3900 total=14000 metric=ce epoch=1/1
[pipeline-trace] wall=15:17:14 elapsed=14.212s phase=train event=interaction_progress trial=0 partition=0 processed=4000 total=14000 metric=ce epoch=1/1
[pipeline-trace] wall=15:17:14 elapsed=14.552s phase=train event=interaction_progress trial=0 partition=0 processed=4100 total=14000 metric=ce epoch=1/1
[pipeline-trace] wall=15:17:14 elapsed=14.886s phase=train event=interaction_progress trial=0 partition=0 processed=4200 total=14000 metric=ce epoch=1/1
[pipeline-trace] wall=15:17:15 elapsed=15.208s phase=train event=interaction_progress trial=0 partition=0 processed=4300 total=14000 metric=ce epoch=1/1
[pipeline-trace] wall=15:17:15 elapsed=15.535s phase=train event=interaction_progress trial=0 partition=0 processed=4400 total=14000 metric=ce epoch=1/1
[pipeline-trace] wall=15:17:15 elapsed=15.864s phase=train event=interaction_progress trial=0 partition=0 processed=4500 total=14000 metric=ce epoch=1/1
[pipeline-trace] wall=15:17:16 elapsed=16.206s phase=train event=interaction_progress trial=0 partition=0 processed=4600 total=14000 metric=ce epoch=1/1
[pipeline-trace] wall=15:17:16 elapsed=16.543s phase=train event=interaction_progress trial=0 partition=0 processed=4700 total=14000 metric=ce epoch=1/1
[pipeline-trace] wall=15:17:16 elapsed=16.878s phase=train event=interaction_progress trial=0 partition=0 processed=4800 total=14000 metric=ce epoch=1/1
[pipeline-trace] wall=15:17:17 elapsed=17.239s phase=train event=interaction_progress trial=0 partition=0 processed=4900 total=14000 metric=ce epoch=1/1
[pipeline-trace] wall=15:17:17 elapsed=17.600s phase=train event=interaction_progress trial=0 partition=0 processed=5000 total=14000 metric=ce epoch=1/1
[pipeline-trace] wall=15:17:17 elapsed=17.954s phase=train event=interaction_progress trial=0 partition=0 processed=5100 total=14000 metric=ce epoch=1/1
[pipeline-trace] wall=15:17:18 elapsed=18.300s phase=train event=interaction_progress trial=0 partition=0 processed=5200 total=14000 metric=ce epoch=1/1
[pipeline-trace] wall=15:17:18 elapsed=18.646s phase=train event=interaction_progress trial=0 partition=0 processed=5300 total=14000 metric=ce epoch=1/1
[pipeline-trace] wall=15:17:19 elapsed=18.994s phase=train event=interaction_progress trial=0 partition=0 processed=5400 total=14000 metric=ce epoch=1/1
[pipeline-trace] wall=15:17:19 elapsed=19.337s phase=train event=interaction_progress trial=0 partition=0 processed=5500 total=14000 metric=ce epoch=1/1
[pipeline-trace] wall=15:17:19 elapsed=19.657s phase=train event=interaction_progress trial=0 partition=0 processed=5600 total=14000 metric=ce epoch=1/1
[pipeline-trace] wall=15:17:20 elapsed=19.992s phase=train event=interaction_progress trial=0 partition=0 processed=5700 total=14000 metric=ce epoch=1/1
[pipeline-trace] wall=15:17:20 elapsed=20.321s phase=train event=interaction_progress trial=0 partition=0 processed=5800 total=14000 metric=ce epoch=1/1
[pipeline-trace] wall=15:17:20 elapsed=20.628s phase=train event=interaction_progress trial=0 partition=0 processed=5900 total=14000 metric=ce epoch=1/1
[pipeline-trace] wall=15:17:20 elapsed=20.931s phase=train event=interaction_progress trial=0 partition=0 processed=6000 total=14000 metric=ce epoch=1/1
[pipeline-trace] wall=15:17:21 elapsed=21.224s phase=train event=interaction_progress trial=0 partition=0 processed=6100 total=14000 metric=ce epoch=1/1
[pipeline-trace] wall=15:17:21 elapsed=21.538s phase=train event=interaction_progress trial=0 partition=0 processed=6200 total=14000 metric=ce epoch=1/1
[pipeline-trace] wall=15:17:21 elapsed=21.844s phase=train event=interaction_progress trial=0 partition=0 processed=6300 total=14000 metric=ce epoch=1/1
[pipeline-trace] wall=15:17:22 elapsed=22.153s phase=train event=interaction_progress trial=0 partition=0 processed=6400 total=14000 metric=ce epoch=1/1
[pipeline-trace] wall=15:17:22 elapsed=22.467s phase=train event=interaction_progress trial=0 partition=0 processed=6500 total=14000 metric=ce epoch=1/1
[pipeline-trace] wall=15:17:22 elapsed=22.770s phase=train event=interaction_progress trial=0 partition=0 processed=6600 total=14000 metric=ce epoch=1/1
[pipeline-trace] wall=15:17:23 elapsed=23.100s phase=train event=interaction_progress trial=0 partition=0 processed=6700 total=14000 metric=ce epoch=1/1
[pipeline-trace] wall=15:17:23 elapsed=23.424s phase=train event=interaction_progress trial=0 partition=0 processed=6800 total=14000 metric=ce epoch=1/1
[pipeline-trace] wall=15:17:23 elapsed=23.711s phase=train event=interaction_progress trial=0 partition=0 processed=6900 total=14000 metric=ce epoch=1/1
[pipeline-trace] wall=15:17:24 elapsed=23.964s phase=train event=interaction_progress trial=0 partition=0 processed=7000 total=14000 metric=ce epoch=1/1
[pipeline-trace] wall=15:17:24 elapsed=24.215s phase=train event=interaction_progress trial=0 partition=0 processed=7100 total=14000 metric=ce epoch=1/1
[pipeline-trace] wall=15:17:24 elapsed=24.473s phase=train event=interaction_progress trial=0 partition=0 processed=7200 total=14000 metric=ce epoch=1/1
[pipeline-trace] wall=15:17:24 elapsed=24.725s phase=train event=interaction_progress trial=0 partition=0 processed=7300 total=14000 metric=ce epoch=1/1
[pipeline-trace] wall=15:17:25 elapsed=24.983s phase=train event=interaction_progress trial=0 partition=0 processed=7400 total=14000 metric=ce epoch=1/1
[pipeline-trace] wall=15:17:25 elapsed=25.227s phase=train event=interaction_progress trial=0 partition=0 processed=7500 total=14000 metric=ce epoch=1/1
[pipeline-trace] wall=15:17:25 elapsed=25.486s phase=train event=interaction_progress trial=0 partition=0 processed=7600 total=14000 metric=ce epoch=1/1
[pipeline-trace] wall=15:17:25 elapsed=25.797s phase=train event=interaction_progress trial=0 partition=0 processed=7700 total=14000 metric=ce epoch=1/1
[pipeline-trace] wall=15:17:26 elapsed=26.106s phase=train event=interaction_progress trial=0 partition=0 processed=7800 total=14000 metric=ce epoch=1/1
[pipeline-trace] wall=15:17:26 elapsed=26.416s phase=train event=interaction_progress trial=0 partition=0 processed=7900 total=14000 metric=ce epoch=1/1
[pipeline-trace] wall=15:17:26 elapsed=26.738s phase=train event=interaction_progress trial=0 partition=0 processed=8000 total=14000 metric=ce epoch=1/1
[pipeline-trace] wall=15:17:27 elapsed=27.060s phase=train event=interaction_progress trial=0 partition=0 processed=8100 total=14000 metric=ce epoch=1/1
[pipeline-trace] wall=15:17:27 elapsed=27.378s phase=train event=interaction_progress trial=0 partition=0 processed=8200 total=14000 metric=ce epoch=1/1
[pipeline-trace] wall=15:17:27 elapsed=27.701s phase=train event=interaction_progress trial=0 partition=0 processed=8300 total=14000 metric=ce epoch=1/1
[pipeline-trace] wall=15:17:28 elapsed=28.003s phase=train event=interaction_progress trial=0 partition=0 processed=8400 total=14000 metric=ce epoch=1/1
[pipeline-trace] wall=15:17:28 elapsed=28.322s phase=train event=interaction_progress trial=0 partition=0 processed=8500 total=14000 metric=ce epoch=1/1
[pipeline-trace] wall=15:17:28 elapsed=28.643s phase=train event=interaction_progress trial=0 partition=0 processed=8600 total=14000 metric=ce epoch=1/1
[pipeline-trace] wall=15:17:29 elapsed=28.969s phase=train event=interaction_progress trial=0 partition=0 processed=8700 total=14000 metric=ce epoch=1/1
[pipeline-trace] wall=15:17:29 elapsed=29.290s phase=train event=interaction_progress trial=0 partition=0 processed=8800 total=14000 metric=ce epoch=1/1
[pipeline-trace] wall=15:17:29 elapsed=29.620s phase=train event=interaction_progress trial=0 partition=0 processed=8900 total=14000 metric=ce epoch=1/1
[pipeline-trace] wall=15:17:29 elapsed=29.942s phase=train event=interaction_progress trial=0 partition=0 processed=9000 total=14000 metric=ce epoch=1/1
[pipeline-trace] wall=15:17:30 elapsed=30.240s phase=train event=interaction_progress trial=0 partition=0 processed=9100 total=14000 metric=ce epoch=1/1
[pipeline-trace] wall=15:17:30 elapsed=30.543s phase=train event=interaction_progress trial=0 partition=0 processed=9200 total=14000 metric=ce epoch=1/1
[pipeline-trace] wall=15:17:30 elapsed=30.854s phase=train event=interaction_progress trial=0 partition=0 processed=9300 total=14000 metric=ce epoch=1/1
[pipeline-trace] wall=15:17:31 elapsed=31.159s phase=train event=interaction_progress trial=0 partition=0 processed=9400 total=14000 metric=ce epoch=1/1
[pipeline-trace] wall=15:17:31 elapsed=31.423s phase=train event=interaction_progress trial=0 partition=0 processed=9500 total=14000 metric=ce epoch=1/1
[pipeline-trace] wall=15:17:31 elapsed=31.682s phase=train event=interaction_progress trial=0 partition=0 processed=9600 total=14000 metric=ce epoch=1/1
[pipeline-trace] wall=15:17:32 elapsed=31.966s phase=train event=interaction_progress trial=0 partition=0 processed=9700 total=14000 metric=ce epoch=1/1
[pipeline-trace] wall=15:17:32 elapsed=32.278s phase=train event=interaction_progress trial=0 partition=0 processed=9800 total=14000 metric=ce epoch=1/1
[pipeline-trace] wall=15:17:32 elapsed=32.577s phase=train event=interaction_progress trial=0 partition=0 processed=9900 total=14000 metric=ce epoch=1/1
[pipeline-trace] wall=15:17:32 elapsed=32.878s phase=train event=interaction_progress trial=0 partition=0 processed=10000 total=14000 metric=ce epoch=1/1
[pipeline-trace] wall=15:17:33 elapsed=33.191s phase=train event=interaction_progress trial=0 partition=0 processed=10100 total=14000 metric=ce epoch=1/1
[pipeline-trace] wall=15:17:33 elapsed=33.508s phase=train event=interaction_progress trial=0 partition=0 processed=10200 total=14000 metric=ce epoch=1/1
[pipeline-trace] wall=15:17:33 elapsed=33.820s phase=train event=interaction_progress trial=0 partition=0 processed=10300 total=14000 metric=ce epoch=1/1
[pipeline-trace] wall=15:17:34 elapsed=34.140s phase=train event=interaction_progress trial=0 partition=0 processed=10400 total=14000 metric=ce epoch=1/1
[pipeline-trace] wall=15:17:34 elapsed=34.456s phase=train event=interaction_progress trial=0 partition=0 processed=10500 total=14000 metric=ce epoch=1/1
[pipeline-trace] wall=15:17:34 elapsed=34.781s phase=train event=interaction_progress trial=0 partition=0 processed=10600 total=14000 metric=ce epoch=1/1
[pipeline-trace] wall=15:17:35 elapsed=35.103s phase=train event=interaction_progress trial=0 partition=0 processed=10700 total=14000 metric=ce epoch=1/1
[pipeline-trace] wall=15:17:35 elapsed=35.418s phase=train event=interaction_progress trial=0 partition=0 processed=10800 total=14000 metric=ce epoch=1/1
[pipeline-trace] wall=15:17:35 elapsed=35.725s phase=train event=interaction_progress trial=0 partition=0 processed=10900 total=14000 metric=ce epoch=1/1
[pipeline-trace] wall=15:17:36 elapsed=36.054s phase=train event=interaction_progress trial=0 partition=0 processed=11000 total=14000 metric=ce epoch=1/1
[pipeline-trace] wall=15:17:36 elapsed=36.342s phase=train event=interaction_progress trial=0 partition=0 processed=11100 total=14000 metric=ce epoch=1/1
[pipeline-trace] wall=15:17:36 elapsed=36.640s phase=train event=interaction_progress trial=0 partition=0 processed=11200 total=14000 metric=ce epoch=1/1
[pipeline-trace] wall=15:17:36 elapsed=36.954s phase=train event=interaction_progress trial=0 partition=0 processed=11300 total=14000 metric=ce epoch=1/1
[pipeline-trace] wall=15:17:37 elapsed=37.281s phase=train event=interaction_progress trial=0 partition=0 processed=11400 total=14000 metric=ce epoch=1/1
[pipeline-trace] wall=15:17:37 elapsed=37.575s phase=train event=interaction_progress trial=0 partition=0 processed=11500 total=14000 metric=ce epoch=1/1
[pipeline-trace] wall=15:17:37 elapsed=37.897s phase=train event=interaction_progress trial=0 partition=0 processed=11600 total=14000 metric=ce epoch=1/1
[pipeline-trace] wall=15:17:38 elapsed=38.196s phase=train event=interaction_progress trial=0 partition=0 processed=11700 total=14000 metric=ce epoch=1/1
[pipeline-trace] wall=15:17:38 elapsed=38.455s phase=train event=interaction_progress trial=0 partition=0 processed=11800 total=14000 metric=ce epoch=1/1
[pipeline-trace] wall=15:17:38 elapsed=38.749s phase=train event=interaction_progress trial=0 partition=0 processed=11900 total=14000 metric=ce epoch=1/1
[pipeline-trace] wall=15:17:39 elapsed=39.003s phase=train event=interaction_progress trial=0 partition=0 processed=12000 total=14000 metric=ce epoch=1/1
[pipeline-trace] wall=15:17:39 elapsed=39.259s phase=train event=interaction_progress trial=0 partition=0 processed=12100 total=14000 metric=ce epoch=1/1
[pipeline-trace] wall=15:17:39 elapsed=39.501s phase=train event=interaction_progress trial=0 partition=0 processed=12200 total=14000 metric=ce epoch=1/1
[pipeline-trace] wall=15:17:39 elapsed=39.761s phase=train event=interaction_progress trial=0 partition=0 processed=12300 total=14000 metric=ce epoch=1/1
[pipeline-trace] wall=15:17:40 elapsed=40.005s phase=train event=interaction_progress trial=0 partition=0 processed=12400 total=14000 metric=ce epoch=1/1
[pipeline-trace] wall=15:17:40 elapsed=40.241s phase=train event=interaction_progress trial=0 partition=0 processed=12500 total=14000 metric=ce epoch=1/1
[pipeline-trace] wall=15:17:40 elapsed=40.470s phase=train event=interaction_progress trial=0 partition=0 processed=12600 total=14000 metric=ce epoch=1/1
[pipeline-trace] wall=15:17:40 elapsed=40.714s phase=train event=interaction_progress trial=0 partition=0 processed=12700 total=14000 metric=ce epoch=1/1
[pipeline-trace] wall=15:17:41 elapsed=40.966s phase=train event=interaction_progress trial=0 partition=0 processed=12800 total=14000 metric=ce epoch=1/1
[pipeline-trace] wall=15:17:41 elapsed=41.271s phase=train event=interaction_progress trial=0 partition=0 processed=12900 total=14000 metric=ce epoch=1/1
[pipeline-trace] wall=15:17:41 elapsed=41.543s phase=train event=interaction_progress trial=0 partition=0 processed=13000 total=14000 metric=ce epoch=1/1
[pipeline-trace] wall=15:17:41 elapsed=41.824s phase=train event=interaction_progress trial=0 partition=0 processed=13100 total=14000 metric=ce epoch=1/1
[pipeline-trace] wall=15:17:42 elapsed=42.094s phase=train event=interaction_progress trial=0 partition=0 processed=13200 total=14000 metric=ce epoch=1/1
[pipeline-trace] wall=15:17:42 elapsed=42.384s phase=train event=interaction_progress trial=0 partition=0 processed=13300 total=14000 metric=ce epoch=1/1
[pipeline-trace] wall=15:17:42 elapsed=42.698s phase=train event=interaction_progress trial=0 partition=0 processed=13400 total=14000 metric=ce epoch=1/1
[pipeline-trace] wall=15:17:43 elapsed=42.989s phase=train event=interaction_progress trial=0 partition=0 processed=13500 total=14000 metric=ce epoch=1/1
[pipeline-trace] wall=15:17:43 elapsed=43.302s phase=train event=interaction_progress trial=0 partition=0 processed=13600 total=14000 metric=ce epoch=1/1
[pipeline-trace] wall=15:17:43 elapsed=43.617s phase=train event=interaction_progress trial=0 partition=0 processed=13700 total=14000 metric=ce epoch=1/1
[pipeline-trace] wall=15:17:43 elapsed=43.928s phase=train event=interaction_progress trial=0 partition=0 processed=13800 total=14000 metric=ce epoch=1/1
[pipeline-trace] wall=15:17:44 elapsed=44.229s phase=train event=interaction_progress trial=0 partition=0 processed=13900 total=14000 metric=ce epoch=1/1
[pipeline-trace] wall=15:17:44 elapsed=44.526s phase=train event=interaction_progress trial=0 partition=0 processed=14000 total=14000 metric=ce epoch=1/1
[pipeline-trace] wall=15:17:44 elapsed=44.755s phase=eval event=batch_start trial=0 partitions=[1] synthetic=False
[pipeline-trace] wall=15:17:44 elapsed=44.755s phase=eval event=partition_start trial=0 partition=1 interactions=1999
[pipeline-trace] wall=15:17:44 elapsed=44.755s phase=eval event=interaction_progress trial=0 partition=1 processed=1 total=1999 metric=ranking
[pipeline-trace] wall=15:17:45 elapsed=44.998s phase=eval event=interaction_progress trial=0 partition=1 processed=100 total=1999 metric=ranking
[pipeline-trace] wall=15:17:45 elapsed=45.150s phase=eval event=interaction_progress trial=0 partition=1 processed=200 total=1999 metric=ranking
[pipeline-trace] wall=15:17:45 elapsed=45.303s phase=eval event=interaction_progress trial=0 partition=1 processed=300 total=1999 metric=ranking
[pipeline-trace] wall=15:17:45 elapsed=45.455s phase=eval event=interaction_progress trial=0 partition=1 processed=400 total=1999 metric=ranking
[pipeline-trace] wall=15:17:45 elapsed=45.608s phase=eval event=interaction_progress trial=0 partition=1 processed=500 total=1999 metric=ranking
[pipeline-trace] wall=15:17:45 elapsed=45.761s phase=eval event=interaction_progress trial=0 partition=1 processed=600 total=1999 metric=ranking
[pipeline-trace] wall=15:17:45 elapsed=45.917s phase=eval event=interaction_progress trial=0 partition=1 processed=700 total=1999 metric=ranking
[pipeline-trace] wall=15:17:46 elapsed=46.070s phase=eval event=interaction_progress trial=0 partition=1 processed=800 total=1999 metric=ranking
[pipeline-trace] wall=15:17:46 elapsed=46.223s phase=eval event=interaction_progress trial=0 partition=1 processed=900 total=1999 metric=ranking
[pipeline-trace] wall=15:17:46 elapsed=46.380s phase=eval event=interaction_progress trial=0 partition=1 processed=1000 total=1999 metric=ranking
[pipeline-trace] wall=15:17:46 elapsed=46.536s phase=eval event=interaction_progress trial=0 partition=1 processed=1100 total=1999 metric=ranking
[pipeline-trace] wall=15:17:46 elapsed=46.690s phase=eval event=interaction_progress trial=0 partition=1 processed=1200 total=1999 metric=ranking
[pipeline-trace] wall=15:17:46 elapsed=46.846s phase=eval event=interaction_progress trial=0 partition=1 processed=1300 total=1999 metric=ranking
[pipeline-trace] wall=15:17:47 elapsed=47.000s phase=eval event=interaction_progress trial=0 partition=1 processed=1400 total=1999 metric=ranking
[pipeline-trace] wall=15:17:47 elapsed=47.155s phase=eval event=interaction_progress trial=0 partition=1 processed=1500 total=1999 metric=ranking
[pipeline-trace] wall=15:17:47 elapsed=47.308s phase=eval event=interaction_progress trial=0 partition=1 processed=1600 total=1999 metric=ranking
[pipeline-trace] wall=15:17:47 elapsed=47.461s phase=eval event=interaction_progress trial=0 partition=1 processed=1700 total=1999 metric=ranking
[pipeline-trace] wall=15:17:47 elapsed=47.617s phase=eval event=interaction_progress trial=0 partition=1 processed=1800 total=1999 metric=ranking
[pipeline-trace] wall=15:17:47 elapsed=47.772s phase=eval event=interaction_progress trial=0 partition=1 processed=1900 total=1999 metric=ranking
[pipeline-trace] wall=15:17:47 elapsed=47.926s phase=eval event=interaction_progress trial=0 partition=1 processed=1999 total=1999 metric=ranking
[pipeline-trace] wall=15:17:47 elapsed=47.928s phase=eval event=partition_complete trial=0 partition=1 elapsed_sec=3.173 hits=1312 total=1999
[pipeline-trace] wall=15:17:48 elapsed=47.968s phase=train event=interaction_progress trial=1 partition=0 processed=1 total=14000 metric=ce epoch=1/1
[pipeline-trace] wall=15:17:48 elapsed=48.224s phase=train event=interaction_progress trial=1 partition=0 processed=100 total=14000 metric=ce epoch=1/1
[pipeline-trace] wall=15:17:48 elapsed=48.477s phase=train event=interaction_progress trial=1 partition=0 processed=200 total=14000 metric=ce epoch=1/1
[pipeline-trace] wall=15:17:48 elapsed=48.731s phase=train event=interaction_progress trial=1 partition=0 processed=300 total=14000 metric=ce epoch=1/1
[pipeline-trace] wall=15:17:49 elapsed=49.001s phase=train event=interaction_progress trial=1 partition=0 processed=400 total=14000 metric=ce epoch=1/1
[pipeline-trace] wall=15:17:49 elapsed=49.283s phase=train event=interaction_progress trial=1 partition=0 processed=500 total=14000 metric=ce epoch=1/1
[pipeline-trace] wall=15:17:49 elapsed=49.540s phase=train event=interaction_progress trial=1 partition=0 processed=600 total=14000 metric=ce epoch=1/1
[pipeline-trace] wall=15:17:49 elapsed=49.799s phase=train event=interaction_progress trial=1 partition=0 processed=700 total=14000 metric=ce epoch=1/1
[pipeline-trace] wall=15:17:50 elapsed=50.051s phase=train event=interaction_progress trial=1 partition=0 processed=800 total=14000 metric=ce epoch=1/1
[pipeline-trace] wall=15:17:50 elapsed=50.306s phase=train event=interaction_progress trial=1 partition=0 processed=900 total=14000 metric=ce epoch=1/1
[pipeline-trace] wall=15:17:50 elapsed=50.558s phase=train event=interaction_progress trial=1 partition=0 processed=1000 total=14000 metric=ce epoch=1/1
[pipeline-trace] wall=15:17:50 elapsed=50.817s phase=train event=interaction_progress trial=1 partition=0 processed=1100 total=14000 metric=ce epoch=1/1
[pipeline-trace] wall=15:17:51 elapsed=51.082s phase=train event=interaction_progress trial=1 partition=0 processed=1200 total=14000 metric=ce epoch=1/1
[pipeline-trace] wall=15:17:51 elapsed=51.346s phase=train event=interaction_progress trial=1 partition=0 processed=1300 total=14000 metric=ce epoch=1/1
[pipeline-trace] wall=15:17:51 elapsed=51.623s phase=train event=interaction_progress trial=1 partition=0 processed=1400 total=14000 metric=ce epoch=1/1
[pipeline-trace] wall=15:17:51 elapsed=51.891s phase=train event=interaction_progress trial=1 partition=0 processed=1500 total=14000 metric=ce epoch=1/1
[pipeline-trace] wall=15:17:52 elapsed=52.149s phase=train event=interaction_progress trial=1 partition=0 processed=1600 total=14000 metric=ce epoch=1/1
[pipeline-trace] wall=15:17:52 elapsed=52.401s phase=train event=interaction_progress trial=1 partition=0 processed=1700 total=14000 metric=ce epoch=1/1
[pipeline-trace] wall=15:17:52 elapsed=52.666s phase=train event=interaction_progress trial=1 partition=0 processed=1800 total=14000 metric=ce epoch=1/1
[pipeline-trace] wall=15:17:52 elapsed=52.917s phase=train event=interaction_progress trial=1 partition=0 processed=1900 total=14000 metric=ce epoch=1/1
[pipeline-trace] wall=15:17:53 elapsed=53.162s phase=train event=interaction_progress trial=1 partition=0 processed=2000 total=14000 metric=ce epoch=1/1
[pipeline-trace] wall=15:17:53 elapsed=53.366s phase=train event=interaction_progress trial=1 partition=0 processed=2100 total=14000 metric=ce epoch=1/1
[pipeline-trace] wall=15:17:53 elapsed=53.573s phase=train event=interaction_progress trial=1 partition=0 processed=2200 total=14000 metric=ce epoch=1/1
[pipeline-trace] wall=15:17:53 elapsed=53.779s phase=train event=interaction_progress trial=1 partition=0 processed=2300 total=14000 metric=ce epoch=1/1
[pipeline-trace] wall=15:17:54 elapsed=54.060s phase=train event=interaction_progress trial=1 partition=0 processed=2400 total=14000 metric=ce epoch=1/1
[pipeline-trace] wall=15:17:54 elapsed=54.282s phase=train event=interaction_progress trial=1 partition=0 processed=2500 total=14000 metric=ce epoch=1/1
[pipeline-trace] wall=15:17:54 elapsed=54.515s phase=train event=interaction_progress trial=1 partition=0 processed=2600 total=14000 metric=ce epoch=1/1
[pipeline-trace] wall=15:17:54 elapsed=54.749s phase=train event=interaction_progress trial=1 partition=0 processed=2700 total=14000 metric=ce epoch=1/1
[pipeline-trace] wall=15:17:55 elapsed=54.977s phase=train event=interaction_progress trial=1 partition=0 processed=2800 total=14000 metric=ce epoch=1/1
[pipeline-trace] wall=15:17:55 elapsed=55.220s phase=train event=interaction_progress trial=1 partition=0 processed=2900 total=14000 metric=ce epoch=1/1
[pipeline-trace] wall=15:17:55 elapsed=55.461s phase=train event=interaction_progress trial=1 partition=0 processed=3000 total=14000 metric=ce epoch=1/1
[pipeline-trace] wall=15:17:55 elapsed=55.707s phase=train event=interaction_progress trial=1 partition=0 processed=3100 total=14000 metric=ce epoch=1/1
[pipeline-trace] wall=15:17:55 elapsed=55.938s phase=train event=interaction_progress trial=1 partition=0 processed=3200 total=14000 metric=ce epoch=1/1
[pipeline-trace] wall=15:17:56 elapsed=56.182s phase=train event=interaction_progress trial=1 partition=0 processed=3300 total=14000 metric=ce epoch=1/1
[pipeline-trace] wall=15:17:56 elapsed=56.432s phase=train event=interaction_progress trial=1 partition=0 processed=3400 total=14000 metric=ce epoch=1/1
[pipeline-trace] wall=15:17:56 elapsed=56.689s phase=train event=interaction_progress trial=1 partition=0 processed=3500 total=14000 metric=ce epoch=1/1
[pipeline-trace] wall=15:17:56 elapsed=56.935s phase=train event=interaction_progress trial=1 partition=0 processed=3600 total=14000 metric=ce epoch=1/1
[pipeline-trace] wall=15:17:57 elapsed=57.184s phase=train event=interaction_progress trial=1 partition=0 processed=3700 total=14000 metric=ce epoch=1/1
[pipeline-trace] wall=15:17:57 elapsed=57.490s phase=train event=interaction_progress trial=1 partition=0 processed=3800 total=14000 metric=ce epoch=1/1
[pipeline-trace] wall=15:17:57 elapsed=57.838s phase=train event=interaction_progress trial=1 partition=0 processed=3900 total=14000 metric=ce epoch=1/1
[pipeline-trace] wall=15:17:58 elapsed=58.155s phase=train event=interaction_progress trial=1 partition=0 processed=4000 total=14000 metric=ce epoch=1/1
[pipeline-trace] wall=15:17:58 elapsed=58.429s phase=train event=interaction_progress trial=1 partition=0 processed=4100 total=14000 metric=ce epoch=1/1
[pipeline-trace] wall=15:17:58 elapsed=58.711s phase=train event=interaction_progress trial=1 partition=0 processed=4200 total=14000 metric=ce epoch=1/1
[pipeline-trace] wall=15:17:59 elapsed=59.067s phase=train event=interaction_progress trial=1 partition=0 processed=4300 total=14000 metric=ce epoch=1/1
[pipeline-trace] wall=15:17:59 elapsed=59.396s phase=train event=interaction_progress trial=1 partition=0 processed=4400 total=14000 metric=ce epoch=1/1
[pipeline-trace] wall=15:17:59 elapsed=59.667s phase=train event=interaction_progress trial=1 partition=0 processed=4500 total=14000 metric=ce epoch=1/1
[pipeline-trace] wall=15:17:59 elapsed=59.950s phase=train event=interaction_progress trial=1 partition=0 processed=4600 total=14000 metric=ce epoch=1/1
[pipeline-trace] wall=15:18:00 elapsed=60.226s phase=train event=interaction_progress trial=1 partition=0 processed=4700 total=14000 metric=ce epoch=1/1
[pipeline-trace] wall=15:18:00 elapsed=60.502s phase=train event=interaction_progress trial=1 partition=0 processed=4800 total=14000 metric=ce epoch=1/1
[pipeline-trace] wall=15:18:00 elapsed=60.747s phase=train event=interaction_progress trial=1 partition=0 processed=4900 total=14000 metric=ce epoch=1/1
[pipeline-trace] wall=15:18:01 elapsed=61.144s phase=train event=interaction_progress trial=1 partition=0 processed=5000 total=14000 metric=ce epoch=1/1
[pipeline-trace] wall=15:18:01 elapsed=61.425s phase=train event=interaction_progress trial=1 partition=0 processed=5100 total=14000 metric=ce epoch=1/1
[pipeline-trace] wall=15:18:01 elapsed=61.686s phase=train event=interaction_progress trial=1 partition=0 processed=5200 total=14000 metric=ce epoch=1/1
[pipeline-trace] wall=15:18:02 elapsed=61.972s phase=train event=interaction_progress trial=1 partition=0 processed=5300 total=14000 metric=ce epoch=1/1
[pipeline-trace] wall=15:18:02 elapsed=62.228s phase=train event=interaction_progress trial=1 partition=0 processed=5400 total=14000 metric=ce epoch=1/1
[pipeline-trace] wall=15:18:02 elapsed=62.477s phase=train event=interaction_progress trial=1 partition=0 processed=5500 total=14000 metric=ce epoch=1/1
[pipeline-trace] wall=15:18:02 elapsed=62.728s phase=train event=interaction_progress trial=1 partition=0 processed=5600 total=14000 metric=ce epoch=1/1
[pipeline-trace] wall=15:18:03 elapsed=62.972s phase=train event=interaction_progress trial=1 partition=0 processed=5700 total=14000 metric=ce epoch=1/1
[pipeline-trace] wall=15:18:03 elapsed=63.232s phase=train event=interaction_progress trial=1 partition=0 processed=5800 total=14000 metric=ce epoch=1/1
[pipeline-trace] wall=15:18:03 elapsed=63.488s phase=train event=interaction_progress trial=1 partition=0 processed=5900 total=14000 metric=ce epoch=1/1
[pipeline-trace] wall=15:18:03 elapsed=63.731s phase=train event=interaction_progress trial=1 partition=0 processed=6000 total=14000 metric=ce epoch=1/1
[pipeline-trace] wall=15:18:04 elapsed=63.985s phase=train event=interaction_progress trial=1 partition=0 processed=6100 total=14000 metric=ce epoch=1/1
[pipeline-trace] wall=15:18:04 elapsed=64.250s phase=train event=interaction_progress trial=1 partition=0 processed=6200 total=14000 metric=ce epoch=1/1
[pipeline-trace] wall=15:18:04 elapsed=64.494s phase=train event=interaction_progress trial=1 partition=0 processed=6300 total=14000 metric=ce epoch=1/1
[pipeline-trace] wall=15:18:04 elapsed=64.760s phase=train event=interaction_progress trial=1 partition=0 processed=6400 total=14000 metric=ce epoch=1/1
[pipeline-trace] wall=15:18:05 elapsed=65.070s phase=train event=interaction_progress trial=1 partition=0 processed=6500 total=14000 metric=ce epoch=1/1
[pipeline-trace] wall=15:18:05 elapsed=65.310s phase=train event=interaction_progress trial=1 partition=0 processed=6600 total=14000 metric=ce epoch=1/1
[pipeline-trace] wall=15:18:05 elapsed=65.537s phase=train event=interaction_progress trial=1 partition=0 processed=6700 total=14000 metric=ce epoch=1/1
[pipeline-trace] wall=15:18:05 elapsed=65.784s phase=train event=interaction_progress trial=1 partition=0 processed=6800 total=14000 metric=ce epoch=1/1
[pipeline-trace] wall=15:18:06 elapsed=66.031s phase=train event=interaction_progress trial=1 partition=0 processed=6900 total=14000 metric=ce epoch=1/1
[pipeline-trace] wall=15:18:06 elapsed=66.323s phase=train event=interaction_progress trial=1 partition=0 processed=7000 total=14000 metric=ce epoch=1/1
[pipeline-trace] wall=15:18:06 elapsed=66.592s phase=train event=interaction_progress trial=1 partition=0 processed=7100 total=14000 metric=ce epoch=1/1
[pipeline-trace] wall=15:18:06 elapsed=66.900s phase=train event=interaction_progress trial=1 partition=0 processed=7200 total=14000 metric=ce epoch=1/1
[pipeline-trace] wall=15:18:07 elapsed=67.161s phase=train event=interaction_progress trial=1 partition=0 processed=7300 total=14000 metric=ce epoch=1/1
[pipeline-trace] wall=15:18:07 elapsed=67.408s phase=train event=interaction_progress trial=1 partition=0 processed=7400 total=14000 metric=ce epoch=1/1
[pipeline-trace] wall=15:18:07 elapsed=67.672s phase=train event=interaction_progress trial=1 partition=0 processed=7500 total=14000 metric=ce epoch=1/1
[pipeline-trace] wall=15:18:07 elapsed=67.942s phase=train event=interaction_progress trial=1 partition=0 processed=7600 total=14000 metric=ce epoch=1/1
[pipeline-trace] wall=15:18:08 elapsed=68.225s phase=train event=interaction_progress trial=1 partition=0 processed=7700 total=14000 metric=ce epoch=1/1
[pipeline-trace] wall=15:18:08 elapsed=68.523s phase=train event=interaction_progress trial=1 partition=0 processed=7800 total=14000 metric=ce epoch=1/1
[pipeline-trace] wall=15:18:08 elapsed=68.812s phase=train event=interaction_progress trial=1 partition=0 processed=7900 total=14000 metric=ce epoch=1/1
[pipeline-trace] wall=15:18:09 elapsed=69.074s phase=train event=interaction_progress trial=1 partition=0 processed=8000 total=14000 metric=ce epoch=1/1
[pipeline-trace] wall=15:18:09 elapsed=69.370s phase=train event=interaction_progress trial=1 partition=0 processed=8100 total=14000 metric=ce epoch=1/1
[pipeline-trace] wall=15:18:09 elapsed=69.611s phase=train event=interaction_progress trial=1 partition=0 processed=8200 total=14000 metric=ce epoch=1/1
[pipeline-trace] wall=15:18:09 elapsed=69.866s phase=train event=interaction_progress trial=1 partition=0 processed=8300 total=14000 metric=ce epoch=1/1
[pipeline-trace] wall=15:18:10 elapsed=70.136s phase=train event=interaction_progress trial=1 partition=0 processed=8400 total=14000 metric=ce epoch=1/1
[pipeline-trace] wall=15:18:10 elapsed=70.413s phase=train event=interaction_progress trial=1 partition=0 processed=8500 total=14000 metric=ce epoch=1/1
[pipeline-trace] wall=15:18:10 elapsed=70.654s phase=train event=interaction_progress trial=1 partition=0 processed=8600 total=14000 metric=ce epoch=1/1
[pipeline-trace] wall=15:18:10 elapsed=70.885s phase=train event=interaction_progress trial=1 partition=0 processed=8700 total=14000 metric=ce epoch=1/1
[pipeline-trace] wall=15:18:11 elapsed=71.131s phase=train event=interaction_progress trial=1 partition=0 processed=8800 total=14000 metric=ce epoch=1/1
[pipeline-trace] wall=15:18:11 elapsed=71.397s phase=train event=interaction_progress trial=1 partition=0 processed=8900 total=14000 metric=ce epoch=1/1
[pipeline-trace] wall=15:18:11 elapsed=71.660s phase=train event=interaction_progress trial=1 partition=0 processed=9000 total=14000 metric=ce epoch=1/1
[pipeline-trace] wall=15:18:11 elapsed=71.930s phase=train event=interaction_progress trial=1 partition=0 processed=9100 total=14000 metric=ce epoch=1/1
[pipeline-trace] wall=15:18:12 elapsed=72.195s phase=train event=interaction_progress trial=1 partition=0 processed=9200 total=14000 metric=ce epoch=1/1
[pipeline-trace] wall=15:18:12 elapsed=72.463s phase=train event=interaction_progress trial=1 partition=0 processed=9300 total=14000 metric=ce epoch=1/1
[pipeline-trace] wall=15:18:12 elapsed=72.700s phase=train event=interaction_progress trial=1 partition=0 processed=9400 total=14000 metric=ce epoch=1/1
[pipeline-trace] wall=15:18:12 elapsed=72.957s phase=train event=interaction_progress trial=1 partition=0 processed=9500 total=14000 metric=ce epoch=1/1
[pipeline-trace] wall=15:18:13 elapsed=73.220s phase=train event=interaction_progress trial=1 partition=0 processed=9600 total=14000 metric=ce epoch=1/1
[pipeline-trace] wall=15:18:13 elapsed=73.476s phase=train event=interaction_progress trial=1 partition=0 processed=9700 total=14000 metric=ce epoch=1/1
[pipeline-trace] wall=15:18:13 elapsed=73.727s phase=train event=interaction_progress trial=1 partition=0 processed=9800 total=14000 metric=ce epoch=1/1
[pipeline-trace] wall=15:18:14 elapsed=73.992s phase=train event=interaction_progress trial=1 partition=0 processed=9900 total=14000 metric=ce epoch=1/1
[pipeline-trace] wall=15:18:14 elapsed=74.255s phase=train event=interaction_progress trial=1 partition=0 processed=10000 total=14000 metric=ce epoch=1/1
[pipeline-trace] wall=15:18:14 elapsed=74.501s phase=train event=interaction_progress trial=1 partition=0 processed=10100 total=14000 metric=ce epoch=1/1
[pipeline-trace] wall=15:18:14 elapsed=74.753s phase=train event=interaction_progress trial=1 partition=0 processed=10200 total=14000 metric=ce epoch=1/1
[pipeline-trace] wall=15:18:15 elapsed=75.016s phase=train event=interaction_progress trial=1 partition=0 processed=10300 total=14000 metric=ce epoch=1/1
[pipeline-trace] wall=15:18:15 elapsed=75.284s phase=train event=interaction_progress trial=1 partition=0 processed=10400 total=14000 metric=ce epoch=1/1
[pipeline-trace] wall=15:18:15 elapsed=75.553s phase=train event=interaction_progress trial=1 partition=0 processed=10500 total=14000 metric=ce epoch=1/1
[pipeline-trace] wall=15:18:15 elapsed=75.811s phase=train event=interaction_progress trial=1 partition=0 processed=10600 total=14000 metric=ce epoch=1/1
[pipeline-trace] wall=15:18:16 elapsed=76.071s phase=train event=interaction_progress trial=1 partition=0 processed=10700 total=14000 metric=ce epoch=1/1
[pipeline-trace] wall=15:18:16 elapsed=76.319s phase=train event=interaction_progress trial=1 partition=0 processed=10800 total=14000 metric=ce epoch=1/1
[pipeline-trace] wall=15:18:16 elapsed=76.557s phase=train event=interaction_progress trial=1 partition=0 processed=10900 total=14000 metric=ce epoch=1/1
[pipeline-trace] wall=15:18:16 elapsed=76.793s phase=train event=interaction_progress trial=1 partition=0 processed=11000 total=14000 metric=ce epoch=1/1
[pipeline-trace] wall=15:18:17 elapsed=77.027s phase=train event=interaction_progress trial=1 partition=0 processed=11100 total=14000 metric=ce epoch=1/1
[pipeline-trace] wall=15:18:17 elapsed=77.273s phase=train event=interaction_progress trial=1 partition=0 processed=11200 total=14000 metric=ce epoch=1/1
[pipeline-trace] wall=15:18:17 elapsed=77.523s phase=train event=interaction_progress trial=1 partition=0 processed=11300 total=14000 metric=ce epoch=1/1
[pipeline-trace] wall=15:18:17 elapsed=77.749s phase=train event=interaction_progress trial=1 partition=0 processed=11400 total=14000 metric=ce epoch=1/1
[pipeline-trace] wall=15:18:18 elapsed=78.000s phase=train event=interaction_progress trial=1 partition=0 processed=11500 total=14000 metric=ce epoch=1/1
[pipeline-trace] wall=15:18:18 elapsed=78.256s phase=train event=interaction_progress trial=1 partition=0 processed=11600 total=14000 metric=ce epoch=1/1
[pipeline-trace] wall=15:18:18 elapsed=78.575s phase=train event=interaction_progress trial=1 partition=0 processed=11700 total=14000 metric=ce epoch=1/1
[pipeline-trace] wall=15:18:18 elapsed=78.811s phase=train event=interaction_progress trial=1 partition=0 processed=11800 total=14000 metric=ce epoch=1/1
[pipeline-trace] wall=15:18:19 elapsed=79.062s phase=train event=interaction_progress trial=1 partition=0 processed=11900 total=14000 metric=ce epoch=1/1
[pipeline-trace] wall=15:18:19 elapsed=79.308s phase=train event=interaction_progress trial=1 partition=0 processed=12000 total=14000 metric=ce epoch=1/1
[pipeline-trace] wall=15:18:19 elapsed=79.556s phase=train event=interaction_progress trial=1 partition=0 processed=12100 total=14000 metric=ce epoch=1/1
[pipeline-trace] wall=15:18:19 elapsed=79.804s phase=train event=interaction_progress trial=1 partition=0 processed=12200 total=14000 metric=ce epoch=1/1
[pipeline-trace] wall=15:18:20 elapsed=80.047s phase=train event=interaction_progress trial=1 partition=0 processed=12300 total=14000 metric=ce epoch=1/1
[pipeline-trace] wall=15:18:20 elapsed=80.289s phase=train event=interaction_progress trial=1 partition=0 processed=12400 total=14000 metric=ce epoch=1/1
[pipeline-trace] wall=15:18:20 elapsed=80.534s phase=train event=interaction_progress trial=1 partition=0 processed=12500 total=14000 metric=ce epoch=1/1
[pipeline-trace] wall=15:18:20 elapsed=80.789s phase=train event=interaction_progress trial=1 partition=0 processed=12600 total=14000 metric=ce epoch=1/1
[pipeline-trace] wall=15:18:21 elapsed=81.042s phase=train event=interaction_progress trial=1 partition=0 processed=12700 total=14000 metric=ce epoch=1/1
[pipeline-trace] wall=15:18:21 elapsed=81.289s phase=train event=interaction_progress trial=1 partition=0 processed=12800 total=14000 metric=ce epoch=1/1
[pipeline-trace] wall=15:18:21 elapsed=81.513s phase=train event=interaction_progress trial=1 partition=0 processed=12900 total=14000 metric=ce epoch=1/1
[pipeline-trace] wall=15:18:21 elapsed=81.750s phase=train event=interaction_progress trial=1 partition=0 processed=13000 total=14000 metric=ce epoch=1/1
[pipeline-trace] wall=15:18:23 elapsed=83.343s phase=train event=interaction_progress trial=1 partition=0 processed=13100 total=14000 metric=ce epoch=1/1
[pipeline-trace] wall=15:18:23 elapsed=83.765s phase=train event=interaction_progress trial=1 partition=0 processed=13200 total=14000 metric=ce epoch=1/1
[pipeline-trace] wall=15:18:24 elapsed=84.151s phase=train event=interaction_progress trial=1 partition=0 processed=13300 total=14000 metric=ce epoch=1/1
[pipeline-trace] wall=15:18:24 elapsed=84.461s phase=train event=interaction_progress trial=1 partition=0 processed=13400 total=14000 metric=ce epoch=1/1
[pipeline-trace] wall=15:18:25 elapsed=85.009s phase=train event=interaction_progress trial=1 partition=0 processed=13500 total=14000 metric=ce epoch=1/1
[pipeline-trace] wall=15:18:25 elapsed=85.417s phase=train event=interaction_progress trial=1 partition=0 processed=13600 total=14000 metric=ce epoch=1/1
[pipeline-trace] wall=15:18:25 elapsed=85.769s phase=train event=interaction_progress trial=1 partition=0 processed=13700 total=14000 metric=ce epoch=1/1
[pipeline-trace] wall=15:18:26 elapsed=86.321s phase=train event=interaction_progress trial=1 partition=0 processed=13800 total=14000 metric=ce epoch=1/1
[pipeline-trace] wall=15:18:26 elapsed=86.817s phase=train event=interaction_progress trial=1 partition=0 processed=13900 total=14000 metric=ce epoch=1/1
[pipeline-trace] wall=15:18:27 elapsed=87.289s phase=train event=interaction_progress trial=1 partition=0 processed=14000 total=14000 metric=ce epoch=1/1
[pipeline-trace] wall=15:18:27 elapsed=87.814s phase=eval event=batch_start trial=1 partitions=[1] synthetic=False
[pipeline-trace] wall=15:18:27 elapsed=87.814s phase=eval event=partition_start trial=1 partition=1 interactions=1999
[pipeline-trace] wall=15:18:27 elapsed=87.814s phase=eval event=interaction_progress trial=1 partition=1 processed=1 total=1999 metric=ranking
[pipeline-trace] wall=15:18:28 elapsed=88.129s phase=eval event=interaction_progress trial=1 partition=1 processed=100 total=1999 metric=ranking
[pipeline-trace] wall=15:18:28 elapsed=88.401s phase=eval event=interaction_progress trial=1 partition=1 processed=200 total=1999 metric=ranking
[pipeline-trace] wall=15:18:28 elapsed=88.622s phase=eval event=interaction_progress trial=1 partition=1 processed=300 total=1999 metric=ranking
[pipeline-trace] wall=15:18:29 elapsed=88.983s phase=eval event=interaction_progress trial=1 partition=1 processed=400 total=1999 metric=ranking
[pipeline-trace] wall=15:18:29 elapsed=89.209s phase=eval event=interaction_progress trial=1 partition=1 processed=500 total=1999 metric=ranking
[pipeline-trace] wall=15:18:29 elapsed=89.404s phase=eval event=interaction_progress trial=1 partition=1 processed=600 total=1999 metric=ranking
[pipeline-trace] wall=15:18:29 elapsed=89.586s phase=eval event=interaction_progress trial=1 partition=1 processed=700 total=1999 metric=ranking
[pipeline-trace] wall=15:18:29 elapsed=89.784s phase=eval event=interaction_progress trial=1 partition=1 processed=800 total=1999 metric=ranking
[pipeline-trace] wall=15:18:30 elapsed=89.972s phase=eval event=interaction_progress trial=1 partition=1 processed=900 total=1999 metric=ranking
[pipeline-trace] wall=15:18:30 elapsed=90.163s phase=eval event=interaction_progress trial=1 partition=1 processed=1000 total=1999 metric=ranking
[pipeline-trace] wall=15:18:30 elapsed=90.341s phase=eval event=interaction_progress trial=1 partition=1 processed=1100 total=1999 metric=ranking
[pipeline-trace] wall=15:18:30 elapsed=90.533s phase=eval event=interaction_progress trial=1 partition=1 processed=1200 total=1999 metric=ranking
[pipeline-trace] wall=15:18:30 elapsed=90.724s phase=eval event=interaction_progress trial=1 partition=1 processed=1300 total=1999 metric=ranking
[pipeline-trace] wall=15:18:30 elapsed=90.912s phase=eval event=interaction_progress trial=1 partition=1 processed=1400 total=1999 metric=ranking
[pipeline-trace] wall=15:18:31 elapsed=91.055s phase=eval event=interaction_progress trial=1 partition=1 processed=1500 total=1999 metric=ranking
[pipeline-trace] wall=15:18:31 elapsed=91.202s phase=eval event=interaction_progress trial=1 partition=1 processed=1600 total=1999 metric=ranking
[pipeline-trace] wall=15:18:31 elapsed=91.322s phase=eval event=interaction_progress trial=1 partition=1 processed=1700 total=1999 metric=ranking
[pipeline-trace] wall=15:18:31 elapsed=91.444s phase=eval event=interaction_progress trial=1 partition=1 processed=1800 total=1999 metric=ranking
[pipeline-trace] wall=15:18:31 elapsed=91.590s phase=eval event=interaction_progress trial=1 partition=1 processed=1900 total=1999 metric=ranking
[pipeline-trace] wall=15:18:31 elapsed=91.727s phase=eval event=interaction_progress trial=1 partition=1 processed=1999 total=1999 metric=ranking
[pipeline-trace] wall=15:18:31 elapsed=91.729s phase=eval event=partition_complete trial=1 partition=1 elapsed_sec=3.914 hits=1359 total=1999
[pipeline-trace] wall=15:18:31 elapsed=91.778s phase=train event=interaction_progress trial=2 partition=0 processed=1 total=14000 metric=ce epoch=1/1
[pipeline-trace] wall=15:18:32 elapsed=92.059s phase=train event=interaction_progress trial=2 partition=0 processed=100 total=14000 metric=ce epoch=1/1
[pipeline-trace] wall=15:18:32 elapsed=92.384s phase=train event=interaction_progress trial=2 partition=0 processed=200 total=14000 metric=ce epoch=1/1
[pipeline-trace] wall=15:18:32 elapsed=92.804s phase=train event=interaction_progress trial=2 partition=0 processed=300 total=14000 metric=ce epoch=1/1
[pipeline-trace] wall=15:18:33 elapsed=93.193s phase=train event=interaction_progress trial=2 partition=0 processed=400 total=14000 metric=ce epoch=1/1
[pipeline-trace] wall=15:18:33 elapsed=93.644s phase=train event=interaction_progress trial=2 partition=0 processed=500 total=14000 metric=ce epoch=1/1
[pipeline-trace] wall=15:18:34 elapsed=94.069s phase=train event=interaction_progress trial=2 partition=0 processed=600 total=14000 metric=ce epoch=1/1
[pipeline-trace] wall=15:18:34 elapsed=94.444s phase=train event=interaction_progress trial=2 partition=0 processed=700 total=14000 metric=ce epoch=1/1
[pipeline-trace] wall=15:18:34 elapsed=94.870s phase=train event=interaction_progress trial=2 partition=0 processed=800 total=14000 metric=ce epoch=1/1
[pipeline-trace] wall=15:18:35 elapsed=95.176s phase=train event=interaction_progress trial=2 partition=0 processed=900 total=14000 metric=ce epoch=1/1
[pipeline-trace] wall=15:18:35 elapsed=95.464s phase=train event=interaction_progress trial=2 partition=0 processed=1000 total=14000 metric=ce epoch=1/1
[pipeline-trace] wall=15:18:35 elapsed=95.725s phase=train event=interaction_progress trial=2 partition=0 processed=1100 total=14000 metric=ce epoch=1/1
[pipeline-trace] wall=15:18:36 elapsed=96.008s phase=train event=interaction_progress trial=2 partition=0 processed=1200 total=14000 metric=ce epoch=1/1
[pipeline-trace] wall=15:18:36 elapsed=96.350s phase=train event=interaction_progress trial=2 partition=0 processed=1300 total=14000 metric=ce epoch=1/1
[pipeline-trace] wall=15:18:36 elapsed=96.653s phase=train event=interaction_progress trial=2 partition=0 processed=1400 total=14000 metric=ce epoch=1/1
[pipeline-trace] wall=15:18:37 elapsed=96.979s phase=train event=interaction_progress trial=2 partition=0 processed=1500 total=14000 metric=ce epoch=1/1
[pipeline-trace] wall=15:18:37 elapsed=97.278s phase=train event=interaction_progress trial=2 partition=0 processed=1600 total=14000 metric=ce epoch=1/1
[pipeline-trace] wall=15:18:37 elapsed=97.585s phase=train event=interaction_progress trial=2 partition=0 processed=1700 total=14000 metric=ce epoch=1/1
[pipeline-trace] wall=15:18:37 elapsed=97.930s phase=train event=interaction_progress trial=2 partition=0 processed=1800 total=14000 metric=ce epoch=1/1
[pipeline-trace] wall=15:18:38 elapsed=98.238s phase=train event=interaction_progress trial=2 partition=0 processed=1900 total=14000 metric=ce epoch=1/1
[pipeline-trace] wall=15:18:38 elapsed=98.531s phase=train event=interaction_progress trial=2 partition=0 processed=2000 total=14000 metric=ce epoch=1/1
[pipeline-trace] wall=15:18:38 elapsed=98.826s phase=train event=interaction_progress trial=2 partition=0 processed=2100 total=14000 metric=ce epoch=1/1
[pipeline-trace] wall=15:18:39 elapsed=99.102s phase=train event=interaction_progress trial=2 partition=0 processed=2200 total=14000 metric=ce epoch=1/1
[pipeline-trace] wall=15:18:39 elapsed=99.368s phase=train event=interaction_progress trial=2 partition=0 processed=2300 total=14000 metric=ce epoch=1/1
[pipeline-trace] wall=15:18:39 elapsed=99.662s phase=train event=interaction_progress trial=2 partition=0 processed=2400 total=14000 metric=ce epoch=1/1
[pipeline-trace] wall=15:18:40 elapsed=99.979s phase=train event=interaction_progress trial=2 partition=0 processed=2500 total=14000 metric=ce epoch=1/1
[pipeline-trace] wall=15:18:40 elapsed=100.301s phase=train event=interaction_progress trial=2 partition=0 processed=2600 total=14000 metric=ce epoch=1/1
[pipeline-trace] wall=15:18:40 elapsed=100.608s phase=train event=interaction_progress trial=2 partition=0 processed=2700 total=14000 metric=ce epoch=1/1
[pipeline-trace] wall=15:18:40 elapsed=100.884s phase=train event=interaction_progress trial=2 partition=0 processed=2800 total=14000 metric=ce epoch=1/1
[pipeline-trace] wall=15:18:41 elapsed=101.166s phase=train event=interaction_progress trial=2 partition=0 processed=2900 total=14000 metric=ce epoch=1/1
[pipeline-trace] wall=15:18:41 elapsed=101.462s phase=train event=interaction_progress trial=2 partition=0 processed=3000 total=14000 metric=ce epoch=1/1
[pipeline-trace] wall=15:18:41 elapsed=101.770s phase=train event=interaction_progress trial=2 partition=0 processed=3100 total=14000 metric=ce epoch=1/1
[pipeline-trace] wall=15:18:42 elapsed=102.070s phase=train event=interaction_progress trial=2 partition=0 processed=3200 total=14000 metric=ce epoch=1/1
[pipeline-trace] wall=15:18:42 elapsed=102.385s phase=train event=interaction_progress trial=2 partition=0 processed=3300 total=14000 metric=ce epoch=1/1
[pipeline-trace] wall=15:18:42 elapsed=102.711s phase=train event=interaction_progress trial=2 partition=0 processed=3400 total=14000 metric=ce epoch=1/1
[pipeline-trace] wall=15:18:43 elapsed=103.011s phase=train event=interaction_progress trial=2 partition=0 processed=3500 total=14000 metric=ce epoch=1/1
[pipeline-trace] wall=15:18:43 elapsed=103.298s phase=train event=interaction_progress trial=2 partition=0 processed=3600 total=14000 metric=ce epoch=1/1
[pipeline-trace] wall=15:18:43 elapsed=103.583s phase=train event=interaction_progress trial=2 partition=0 processed=3700 total=14000 metric=ce epoch=1/1
[pipeline-trace] wall=15:18:43 elapsed=103.863s phase=train event=interaction_progress trial=2 partition=0 processed=3800 total=14000 metric=ce epoch=1/1
[pipeline-trace] wall=15:18:44 elapsed=104.190s phase=train event=interaction_progress trial=2 partition=0 processed=3900 total=14000 metric=ce epoch=1/1
[pipeline-trace] wall=15:18:44 elapsed=104.524s phase=train event=interaction_progress trial=2 partition=0 processed=4000 total=14000 metric=ce epoch=1/1
[pipeline-trace] wall=15:18:44 elapsed=104.846s phase=train event=interaction_progress trial=2 partition=0 processed=4100 total=14000 metric=ce epoch=1/1
[pipeline-trace] wall=15:18:45 elapsed=105.146s phase=train event=interaction_progress trial=2 partition=0 processed=4200 total=14000 metric=ce epoch=1/1
[pipeline-trace] wall=15:18:45 elapsed=105.422s phase=train event=interaction_progress trial=2 partition=0 processed=4300 total=14000 metric=ce epoch=1/1
[pipeline-trace] wall=15:18:45 elapsed=105.703s phase=train event=interaction_progress trial=2 partition=0 processed=4400 total=14000 metric=ce epoch=1/1
[pipeline-trace] wall=15:18:46 elapsed=106.010s phase=train event=interaction_progress trial=2 partition=0 processed=4500 total=14000 metric=ce epoch=1/1
[pipeline-trace] wall=15:18:46 elapsed=106.313s phase=train event=interaction_progress trial=2 partition=0 processed=4600 total=14000 metric=ce epoch=1/1
[pipeline-trace] wall=15:18:46 elapsed=106.635s phase=train event=interaction_progress trial=2 partition=0 processed=4700 total=14000 metric=ce epoch=1/1
[pipeline-trace] wall=15:18:46 elapsed=106.963s phase=train event=interaction_progress trial=2 partition=0 processed=4800 total=14000 metric=ce epoch=1/1
[pipeline-trace] wall=15:18:47 elapsed=107.270s phase=train event=interaction_progress trial=2 partition=0 processed=4900 total=14000 metric=ce epoch=1/1
[pipeline-trace] wall=15:18:47 elapsed=107.609s phase=train event=interaction_progress trial=2 partition=0 processed=5000 total=14000 metric=ce epoch=1/1
[pipeline-trace] wall=15:18:47 elapsed=107.920s phase=train event=interaction_progress trial=2 partition=0 processed=5100 total=14000 metric=ce epoch=1/1
[pipeline-trace] wall=15:18:48 elapsed=108.240s phase=train event=interaction_progress trial=2 partition=0 processed=5200 total=14000 metric=ce epoch=1/1
[pipeline-trace] wall=15:18:48 elapsed=108.567s phase=train event=interaction_progress trial=2 partition=0 processed=5300 total=14000 metric=ce epoch=1/1
[pipeline-trace] wall=15:18:48 elapsed=108.910s phase=train event=interaction_progress trial=2 partition=0 processed=5400 total=14000 metric=ce epoch=1/1
[pipeline-trace] wall=15:18:49 elapsed=109.220s phase=train event=interaction_progress trial=2 partition=0 processed=5500 total=14000 metric=ce epoch=1/1
[pipeline-trace] wall=15:18:49 elapsed=109.545s phase=train event=interaction_progress trial=2 partition=0 processed=5600 total=14000 metric=ce epoch=1/1
[pipeline-trace] wall=15:18:49 elapsed=109.870s phase=train event=interaction_progress trial=2 partition=0 processed=5700 total=14000 metric=ce epoch=1/1
[pipeline-trace] wall=15:18:50 elapsed=110.195s phase=train event=interaction_progress trial=2 partition=0 processed=5800 total=14000 metric=ce epoch=1/1
[pipeline-trace] wall=15:18:50 elapsed=110.531s phase=train event=interaction_progress trial=2 partition=0 processed=5900 total=14000 metric=ce epoch=1/1
[pipeline-trace] wall=15:18:50 elapsed=110.863s phase=train event=interaction_progress trial=2 partition=0 processed=6000 total=14000 metric=ce epoch=1/1
[pipeline-trace] wall=15:18:51 elapsed=111.210s phase=train event=interaction_progress trial=2 partition=0 processed=6100 total=14000 metric=ce epoch=1/1
[pipeline-trace] wall=15:18:51 elapsed=111.514s phase=train event=interaction_progress trial=2 partition=0 processed=6200 total=14000 metric=ce epoch=1/1
[pipeline-trace] wall=15:18:51 elapsed=111.773s phase=train event=interaction_progress trial=2 partition=0 processed=6300 total=14000 metric=ce epoch=1/1
[pipeline-trace] wall=15:18:52 elapsed=112.088s phase=train event=interaction_progress trial=2 partition=0 processed=6400 total=14000 metric=ce epoch=1/1
[pipeline-trace] wall=15:18:52 elapsed=112.393s phase=train event=interaction_progress trial=2 partition=0 processed=6500 total=14000 metric=ce epoch=1/1
[pipeline-trace] wall=15:18:52 elapsed=112.704s phase=train event=interaction_progress trial=2 partition=0 processed=6600 total=14000 metric=ce epoch=1/1
[pipeline-trace] wall=15:18:53 elapsed=113.054s phase=train event=interaction_progress trial=2 partition=0 processed=6700 total=14000 metric=ce epoch=1/1
[pipeline-trace] wall=15:18:53 elapsed=113.363s phase=train event=interaction_progress trial=2 partition=0 processed=6800 total=14000 metric=ce epoch=1/1
[pipeline-trace] wall=15:18:53 elapsed=113.696s phase=train event=interaction_progress trial=2 partition=0 processed=6900 total=14000 metric=ce epoch=1/1
[pipeline-trace] wall=15:18:54 elapsed=114.030s phase=train event=interaction_progress trial=2 partition=0 processed=7000 total=14000 metric=ce epoch=1/1
[pipeline-trace] wall=15:18:54 elapsed=114.409s phase=train event=interaction_progress trial=2 partition=0 processed=7100 total=14000 metric=ce epoch=1/1
[pipeline-trace] wall=15:18:54 elapsed=114.730s phase=train event=interaction_progress trial=2 partition=0 processed=7200 total=14000 metric=ce epoch=1/1
[pipeline-trace] wall=15:18:55 elapsed=115.059s phase=train event=interaction_progress trial=2 partition=0 processed=7300 total=14000 metric=ce epoch=1/1
[pipeline-trace] wall=15:18:55 elapsed=115.384s phase=train event=interaction_progress trial=2 partition=0 processed=7400 total=14000 metric=ce epoch=1/1
[pipeline-trace] wall=15:18:55 elapsed=115.715s phase=train event=interaction_progress trial=2 partition=0 processed=7500 total=14000 metric=ce epoch=1/1
[pipeline-trace] wall=15:18:56 elapsed=116.049s phase=train event=interaction_progress trial=2 partition=0 processed=7600 total=14000 metric=ce epoch=1/1
[pipeline-trace] wall=15:18:56 elapsed=116.380s phase=train event=interaction_progress trial=2 partition=0 processed=7700 total=14000 metric=ce epoch=1/1
[pipeline-trace] wall=15:18:56 elapsed=116.701s phase=train event=interaction_progress trial=2 partition=0 processed=7800 total=14000 metric=ce epoch=1/1
[pipeline-trace] wall=15:18:57 elapsed=117.010s phase=train event=interaction_progress trial=2 partition=0 processed=7900 total=14000 metric=ce epoch=1/1
[pipeline-trace] wall=15:18:57 elapsed=117.317s phase=train event=interaction_progress trial=2 partition=0 processed=8000 total=14000 metric=ce epoch=1/1
[pipeline-trace] wall=15:18:57 elapsed=117.628s phase=train event=interaction_progress trial=2 partition=0 processed=8100 total=14000 metric=ce epoch=1/1
[pipeline-trace] wall=15:18:57 elapsed=117.957s phase=train event=interaction_progress trial=2 partition=0 processed=8200 total=14000 metric=ce epoch=1/1
[pipeline-trace] wall=15:18:58 elapsed=118.263s phase=train event=interaction_progress trial=2 partition=0 processed=8300 total=14000 metric=ce epoch=1/1
[pipeline-trace] wall=15:18:58 elapsed=118.571s phase=train event=interaction_progress trial=2 partition=0 processed=8400 total=14000 metric=ce epoch=1/1
[pipeline-trace] wall=15:18:58 elapsed=118.873s phase=train event=interaction_progress trial=2 partition=0 processed=8500 total=14000 metric=ce epoch=1/1
[pipeline-trace] wall=15:18:59 elapsed=119.193s phase=train event=interaction_progress trial=2 partition=0 processed=8600 total=14000 metric=ce epoch=1/1
[pipeline-trace] wall=15:18:59 elapsed=119.499s phase=train event=interaction_progress trial=2 partition=0 processed=8700 total=14000 metric=ce epoch=1/1
[pipeline-trace] wall=15:18:59 elapsed=119.833s phase=train event=interaction_progress trial=2 partition=0 processed=8800 total=14000 metric=ce epoch=1/1
[pipeline-trace] wall=15:19:00 elapsed=120.155s phase=train event=interaction_progress trial=2 partition=0 processed=8900 total=14000 metric=ce epoch=1/1
[pipeline-trace] wall=15:19:00 elapsed=120.460s phase=train event=interaction_progress trial=2 partition=0 processed=9000 total=14000 metric=ce epoch=1/1
[pipeline-trace] wall=15:19:00 elapsed=120.768s phase=train event=interaction_progress trial=2 partition=0 processed=9100 total=14000 metric=ce epoch=1/1
[pipeline-trace] wall=15:19:01 elapsed=121.098s phase=train event=interaction_progress trial=2 partition=0 processed=9200 total=14000 metric=ce epoch=1/1
[pipeline-trace] wall=15:19:01 elapsed=121.421s phase=train event=interaction_progress trial=2 partition=0 processed=9300 total=14000 metric=ce epoch=1/1
[pipeline-trace] wall=15:19:01 elapsed=121.742s phase=train event=interaction_progress trial=2 partition=0 processed=9400 total=14000 metric=ce epoch=1/1
[pipeline-trace] wall=15:19:02 elapsed=122.056s phase=train event=interaction_progress trial=2 partition=0 processed=9500 total=14000 metric=ce epoch=1/1
[pipeline-trace] wall=15:19:02 elapsed=122.365s phase=train event=interaction_progress trial=2 partition=0 processed=9600 total=14000 metric=ce epoch=1/1
[pipeline-trace] wall=15:19:02 elapsed=122.658s phase=train event=interaction_progress trial=2 partition=0 processed=9700 total=14000 metric=ce epoch=1/1
[pipeline-trace] wall=15:19:02 elapsed=122.957s phase=train event=interaction_progress trial=2 partition=0 processed=9800 total=14000 metric=ce epoch=1/1
[pipeline-trace] wall=15:19:03 elapsed=123.252s phase=train event=interaction_progress trial=2 partition=0 processed=9900 total=14000 metric=ce epoch=1/1
[pipeline-trace] wall=15:19:03 elapsed=123.573s phase=train event=interaction_progress trial=2 partition=0 processed=10000 total=14000 metric=ce epoch=1/1
[pipeline-trace] wall=15:19:03 elapsed=123.905s phase=train event=interaction_progress trial=2 partition=0 processed=10100 total=14000 metric=ce epoch=1/1
[pipeline-trace] wall=15:19:04 elapsed=124.230s phase=train event=interaction_progress trial=2 partition=0 processed=10200 total=14000 metric=ce epoch=1/1
[pipeline-trace] wall=15:19:04 elapsed=124.551s phase=train event=interaction_progress trial=2 partition=0 processed=10300 total=14000 metric=ce epoch=1/1
[pipeline-trace] wall=15:19:04 elapsed=124.847s phase=train event=interaction_progress trial=2 partition=0 processed=10400 total=14000 metric=ce epoch=1/1
[pipeline-trace] wall=15:19:05 elapsed=125.154s phase=train event=interaction_progress trial=2 partition=0 processed=10500 total=14000 metric=ce epoch=1/1
[pipeline-trace] wall=15:19:05 elapsed=125.451s phase=train event=interaction_progress trial=2 partition=0 processed=10600 total=14000 metric=ce epoch=1/1
[pipeline-trace] wall=15:19:05 elapsed=125.752s phase=train event=interaction_progress trial=2 partition=0 processed=10700 total=14000 metric=ce epoch=1/1
[pipeline-trace] wall=15:19:06 elapsed=126.072s phase=train event=interaction_progress trial=2 partition=0 processed=10800 total=14000 metric=ce epoch=1/1
[pipeline-trace] wall=15:19:06 elapsed=126.389s phase=train event=interaction_progress trial=2 partition=0 processed=10900 total=14000 metric=ce epoch=1/1
[pipeline-trace] wall=15:19:06 elapsed=126.708s phase=train event=interaction_progress trial=2 partition=0 processed=11000 total=14000 metric=ce epoch=1/1
[pipeline-trace] wall=15:19:07 elapsed=127.030s phase=train event=interaction_progress trial=2 partition=0 processed=11100 total=14000 metric=ce epoch=1/1
[pipeline-trace] wall=15:19:07 elapsed=127.378s phase=train event=interaction_progress trial=2 partition=0 processed=11200 total=14000 metric=ce epoch=1/1
[pipeline-trace] wall=15:19:07 elapsed=127.703s phase=train event=interaction_progress trial=2 partition=0 processed=11300 total=14000 metric=ce epoch=1/1
[pipeline-trace] wall=15:19:08 elapsed=128.035s phase=train event=interaction_progress trial=2 partition=0 processed=11400 total=14000 metric=ce epoch=1/1
[pipeline-trace] wall=15:19:08 elapsed=128.380s phase=train event=interaction_progress trial=2 partition=0 processed=11500 total=14000 metric=ce epoch=1/1
[pipeline-trace] wall=15:19:08 elapsed=128.712s phase=train event=interaction_progress trial=2 partition=0 processed=11600 total=14000 metric=ce epoch=1/1
[pipeline-trace] wall=15:19:09 elapsed=129.041s phase=train event=interaction_progress trial=2 partition=0 processed=11700 total=14000 metric=ce epoch=1/1
[pipeline-trace] wall=15:19:09 elapsed=129.384s phase=train event=interaction_progress trial=2 partition=0 processed=11800 total=14000 metric=ce epoch=1/1
[pipeline-trace] wall=15:19:09 elapsed=129.701s phase=train event=interaction_progress trial=2 partition=0 processed=11900 total=14000 metric=ce epoch=1/1
[pipeline-trace] wall=15:19:10 elapsed=130.032s phase=train event=interaction_progress trial=2 partition=0 processed=12000 total=14000 metric=ce epoch=1/1
[pipeline-trace] wall=15:19:10 elapsed=130.352s phase=train event=interaction_progress trial=2 partition=0 processed=12100 total=14000 metric=ce epoch=1/1
[pipeline-trace] wall=15:19:10 elapsed=130.688s phase=train event=interaction_progress trial=2 partition=0 processed=12200 total=14000 metric=ce epoch=1/1
[pipeline-trace] wall=15:19:11 elapsed=131.026s phase=train event=interaction_progress trial=2 partition=0 processed=12300 total=14000 metric=ce epoch=1/1
[pipeline-trace] wall=15:19:11 elapsed=131.391s phase=train event=interaction_progress trial=2 partition=0 processed=12400 total=14000 metric=ce epoch=1/1
[pipeline-trace] wall=15:19:11 elapsed=131.727s phase=train event=interaction_progress trial=2 partition=0 processed=12500 total=14000 metric=ce epoch=1/1
[pipeline-trace] wall=15:19:12 elapsed=132.104s phase=train event=interaction_progress trial=2 partition=0 processed=12600 total=14000 metric=ce epoch=1/1
[pipeline-trace] wall=15:19:12 elapsed=132.459s phase=train event=interaction_progress trial=2 partition=0 processed=12700 total=14000 metric=ce epoch=1/1
[pipeline-trace] wall=15:19:12 elapsed=132.813s phase=train event=interaction_progress trial=2 partition=0 processed=12800 total=14000 metric=ce epoch=1/1
[pipeline-trace] wall=15:19:13 elapsed=133.165s phase=train event=interaction_progress trial=2 partition=0 processed=12900 total=14000 metric=ce epoch=1/1
[pipeline-trace] wall=15:19:13 elapsed=133.551s phase=train event=interaction_progress trial=2 partition=0 processed=13000 total=14000 metric=ce epoch=1/1
[pipeline-trace] wall=15:19:13 elapsed=133.898s phase=train event=interaction_progress trial=2 partition=0 processed=13100 total=14000 metric=ce epoch=1/1
[pipeline-trace] wall=15:19:14 elapsed=134.226s phase=train event=interaction_progress trial=2 partition=0 processed=13200 total=14000 metric=ce epoch=1/1
[pipeline-trace] wall=15:19:14 elapsed=134.572s phase=train event=interaction_progress trial=2 partition=0 processed=13300 total=14000 metric=ce epoch=1/1
[pipeline-trace] wall=15:19:14 elapsed=134.939s phase=train event=interaction_progress trial=2 partition=0 processed=13400 total=14000 metric=ce epoch=1/1
[pipeline-trace] wall=15:19:15 elapsed=135.306s phase=train event=interaction_progress trial=2 partition=0 processed=13500 total=14000 metric=ce epoch=1/1
[pipeline-trace] wall=15:19:15 elapsed=135.661s phase=train event=interaction_progress trial=2 partition=0 processed=13600 total=14000 metric=ce epoch=1/1
[pipeline-trace] wall=15:19:16 elapsed=136.022s phase=train event=interaction_progress trial=2 partition=0 processed=13700 total=14000 metric=ce epoch=1/1
[pipeline-trace] wall=15:19:16 elapsed=136.385s phase=train event=interaction_progress trial=2 partition=0 processed=13800 total=14000 metric=ce epoch=1/1
[pipeline-trace] wall=15:19:16 elapsed=136.743s phase=train event=interaction_progress trial=2 partition=0 processed=13900 total=14000 metric=ce epoch=1/1
[pipeline-trace] wall=15:19:17 elapsed=137.077s phase=train event=interaction_progress trial=2 partition=0 processed=14000 total=14000 metric=ce epoch=1/1
[pipeline-trace] wall=15:19:17 elapsed=137.148s phase=eval event=batch_start trial=2 partitions=[1] synthetic=False
[pipeline-trace] wall=15:19:17 elapsed=137.148s phase=eval event=partition_start trial=2 partition=1 interactions=1999
[pipeline-trace] wall=15:19:17 elapsed=137.149s phase=eval event=interaction_progress trial=2 partition=1 processed=1 total=1999 metric=ranking
[pipeline-trace] wall=15:19:17 elapsed=137.341s phase=eval event=interaction_progress trial=2 partition=1 processed=100 total=1999 metric=ranking
[pipeline-trace] wall=15:19:17 elapsed=137.536s phase=eval event=interaction_progress trial=2 partition=1 processed=200 total=1999 metric=ranking
[pipeline-trace] wall=15:19:17 elapsed=137.735s phase=eval event=interaction_progress trial=2 partition=1 processed=300 total=1999 metric=ranking
[pipeline-trace] wall=15:19:17 elapsed=137.934s phase=eval event=interaction_progress trial=2 partition=1 processed=400 total=1999 metric=ranking
[pipeline-trace] wall=15:19:18 elapsed=138.132s phase=eval event=interaction_progress trial=2 partition=1 processed=500 total=1999 metric=ranking
[pipeline-trace] wall=15:19:18 elapsed=138.331s phase=eval event=interaction_progress trial=2 partition=1 processed=600 total=1999 metric=ranking
[pipeline-trace] wall=15:19:18 elapsed=138.529s phase=eval event=interaction_progress trial=2 partition=1 processed=700 total=1999 metric=ranking
[pipeline-trace] wall=15:19:18 elapsed=138.728s phase=eval event=interaction_progress trial=2 partition=1 processed=800 total=1999 metric=ranking
[pipeline-trace] wall=15:19:18 elapsed=138.926s phase=eval event=interaction_progress trial=2 partition=1 processed=900 total=1999 metric=ranking
[pipeline-trace] wall=15:19:19 elapsed=139.121s phase=eval event=interaction_progress trial=2 partition=1 processed=1000 total=1999 metric=ranking
[pipeline-trace] wall=15:19:19 elapsed=139.314s phase=eval event=interaction_progress trial=2 partition=1 processed=1100 total=1999 metric=ranking
[pipeline-trace] wall=15:19:19 elapsed=139.508s phase=eval event=interaction_progress trial=2 partition=1 processed=1200 total=1999 metric=ranking
[pipeline-trace] wall=15:19:19 elapsed=139.703s phase=eval event=interaction_progress trial=2 partition=1 processed=1300 total=1999 metric=ranking
[pipeline-trace] wall=15:19:19 elapsed=139.898s phase=eval event=interaction_progress trial=2 partition=1 processed=1400 total=1999 metric=ranking
[pipeline-trace] wall=15:19:20 elapsed=140.094s phase=eval event=interaction_progress trial=2 partition=1 processed=1500 total=1999 metric=ranking
[pipeline-trace] wall=15:19:20 elapsed=140.289s phase=eval event=interaction_progress trial=2 partition=1 processed=1600 total=1999 metric=ranking
[pipeline-trace] wall=15:19:20 elapsed=140.483s phase=eval event=interaction_progress trial=2 partition=1 processed=1700 total=1999 metric=ranking
[pipeline-trace] wall=15:19:20 elapsed=140.678s phase=eval event=interaction_progress trial=2 partition=1 processed=1800 total=1999 metric=ranking
[pipeline-trace] wall=15:19:20 elapsed=140.874s phase=eval event=interaction_progress trial=2 partition=1 processed=1900 total=1999 metric=ranking
[pipeline-trace] wall=15:19:21 elapsed=141.068s phase=eval event=interaction_progress trial=2 partition=1 processed=1999 total=1999 metric=ranking
[pipeline-trace] wall=15:19:21 elapsed=141.070s phase=eval event=partition_complete trial=2 partition=1 elapsed_sec=3.922 hits=1491 total=1999
[pipeline-trace] wall=15:19:21 elapsed=141.110s phase=train event=interaction_progress trial=3 partition=0 processed=1 total=14000 metric=ce epoch=1/1
[pipeline-trace] wall=15:19:21 elapsed=141.678s phase=train event=interaction_progress trial=3 partition=0 processed=100 total=14000 metric=ce epoch=1/1
[pipeline-trace] wall=15:19:22 elapsed=142.152s phase=train event=interaction_progress trial=3 partition=0 processed=200 total=14000 metric=ce epoch=1/1
[pipeline-trace] wall=15:19:22 elapsed=142.572s phase=train event=interaction_progress trial=3 partition=0 processed=300 total=14000 metric=ce epoch=1/1
[pipeline-trace] wall=15:19:23 elapsed=142.977s phase=train event=interaction_progress trial=3 partition=0 processed=400 total=14000 metric=ce epoch=1/1
[pipeline-trace] wall=15:19:23 elapsed=143.400s phase=train event=interaction_progress trial=3 partition=0 processed=500 total=14000 metric=ce epoch=1/1
[pipeline-trace] wall=15:19:23 elapsed=143.776s phase=train event=interaction_progress trial=3 partition=0 processed=600 total=14000 metric=ce epoch=1/1
[pipeline-trace] wall=15:19:24 elapsed=144.171s phase=train event=interaction_progress trial=3 partition=0 processed=700 total=14000 metric=ce epoch=1/1
[pipeline-trace] wall=15:19:24 elapsed=144.571s phase=train event=interaction_progress trial=3 partition=0 processed=800 total=14000 metric=ce epoch=1/1
[pipeline-trace] wall=15:19:25 elapsed=144.990s phase=train event=interaction_progress trial=3 partition=0 processed=900 total=14000 metric=ce epoch=1/1
[pipeline-trace] wall=15:19:25 elapsed=145.372s phase=train event=interaction_progress trial=3 partition=0 processed=1000 total=14000 metric=ce epoch=1/1
[pipeline-trace] wall=15:19:25 elapsed=145.753s phase=train event=interaction_progress trial=3 partition=0 processed=1100 total=14000 metric=ce epoch=1/1
[pipeline-trace] wall=15:19:26 elapsed=146.133s phase=train event=interaction_progress trial=3 partition=0 processed=1200 total=14000 metric=ce epoch=1/1
[pipeline-trace] wall=15:19:26 elapsed=146.501s phase=train event=interaction_progress trial=3 partition=0 processed=1300 total=14000 metric=ce epoch=1/1
[pipeline-trace] wall=15:19:26 elapsed=146.900s phase=train event=interaction_progress trial=3 partition=0 processed=1400 total=14000 metric=ce epoch=1/1
[pipeline-trace] wall=15:19:27 elapsed=147.311s phase=train event=interaction_progress trial=3 partition=0 processed=1500 total=14000 metric=ce epoch=1/1
[pipeline-trace] wall=15:19:27 elapsed=147.718s phase=train event=interaction_progress trial=3 partition=0 processed=1600 total=14000 metric=ce epoch=1/1
[pipeline-trace] wall=15:19:28 elapsed=148.155s phase=train event=interaction_progress trial=3 partition=0 processed=1700 total=14000 metric=ce epoch=1/1
[pipeline-trace] wall=15:19:28 elapsed=148.552s phase=train event=interaction_progress trial=3 partition=0 processed=1800 total=14000 metric=ce epoch=1/1
[pipeline-trace] wall=15:19:29 elapsed=148.987s phase=train event=interaction_progress trial=3 partition=0 processed=1900 total=14000 metric=ce epoch=1/1
[pipeline-trace] wall=15:19:29 elapsed=149.407s phase=train event=interaction_progress trial=3 partition=0 processed=2000 total=14000 metric=ce epoch=1/1
[pipeline-trace] wall=15:19:29 elapsed=149.853s phase=train event=interaction_progress trial=3 partition=0 processed=2100 total=14000 metric=ce epoch=1/1
[pipeline-trace] wall=15:19:30 elapsed=150.273s phase=train event=interaction_progress trial=3 partition=0 processed=2200 total=14000 metric=ce epoch=1/1
[pipeline-trace] wall=15:19:30 elapsed=150.677s phase=train event=interaction_progress trial=3 partition=0 processed=2300 total=14000 metric=ce epoch=1/1
[pipeline-trace] wall=15:19:31 elapsed=151.134s phase=train event=interaction_progress trial=3 partition=0 processed=2400 total=14000 metric=ce epoch=1/1
[pipeline-trace] wall=15:19:31 elapsed=151.523s phase=train event=interaction_progress trial=3 partition=0 processed=2500 total=14000 metric=ce epoch=1/1
[pipeline-trace] wall=15:19:32 elapsed=151.998s phase=train event=interaction_progress trial=3 partition=0 processed=2600 total=14000 metric=ce epoch=1/1
[pipeline-trace] wall=15:19:32 elapsed=152.513s phase=train event=interaction_progress trial=3 partition=0 processed=2700 total=14000 metric=ce epoch=1/1
[pipeline-trace] wall=15:19:33 elapsed=153.003s phase=train event=interaction_progress trial=3 partition=0 processed=2800 total=14000 metric=ce epoch=1/1
[pipeline-trace] wall=15:19:33 elapsed=153.429s phase=train event=interaction_progress trial=3 partition=0 processed=2900 total=14000 metric=ce epoch=1/1
[pipeline-trace] wall=15:19:33 elapsed=153.816s phase=train event=interaction_progress trial=3 partition=0 processed=3000 total=14000 metric=ce epoch=1/1
[pipeline-trace] wall=15:19:34 elapsed=154.219s phase=train event=interaction_progress trial=3 partition=0 processed=3100 total=14000 metric=ce epoch=1/1
[pipeline-trace] wall=15:19:34 elapsed=154.586s phase=train event=interaction_progress trial=3 partition=0 processed=3200 total=14000 metric=ce epoch=1/1
[pipeline-trace] wall=15:19:35 elapsed=154.969s phase=train event=interaction_progress trial=3 partition=0 processed=3300 total=14000 metric=ce epoch=1/1
[pipeline-trace] wall=15:19:35 elapsed=155.316s phase=train event=interaction_progress trial=3 partition=0 processed=3400 total=14000 metric=ce epoch=1/1
[pipeline-trace] wall=15:19:35 elapsed=155.677s phase=train event=interaction_progress trial=3 partition=0 processed=3500 total=14000 metric=ce epoch=1/1
[pipeline-trace] wall=15:19:36 elapsed=156.079s phase=train event=interaction_progress trial=3 partition=0 processed=3600 total=14000 metric=ce epoch=1/1
[pipeline-trace] wall=15:19:36 elapsed=156.472s phase=train event=interaction_progress trial=3 partition=0 processed=3700 total=14000 metric=ce epoch=1/1
[pipeline-trace] wall=15:19:36 elapsed=156.871s phase=train event=interaction_progress trial=3 partition=0 processed=3800 total=14000 metric=ce epoch=1/1
[pipeline-trace] wall=15:19:37 elapsed=157.242s phase=train event=interaction_progress trial=3 partition=0 processed=3900 total=14000 metric=ce epoch=1/1
[pipeline-trace] wall=15:19:37 elapsed=157.657s phase=train event=interaction_progress trial=3 partition=0 processed=4000 total=14000 metric=ce epoch=1/1
[pipeline-trace] wall=15:19:38 elapsed=158.075s phase=train event=interaction_progress trial=3 partition=0 processed=4100 total=14000 metric=ce epoch=1/1
[pipeline-trace] wall=15:19:38 elapsed=158.504s phase=train event=interaction_progress trial=3 partition=0 processed=4200 total=14000 metric=ce epoch=1/1
[pipeline-trace] wall=15:19:38 elapsed=158.956s phase=train event=interaction_progress trial=3 partition=0 processed=4300 total=14000 metric=ce epoch=1/1
[pipeline-trace] wall=15:19:39 elapsed=159.340s phase=train event=interaction_progress trial=3 partition=0 processed=4400 total=14000 metric=ce epoch=1/1
[pipeline-trace] wall=15:19:39 elapsed=159.702s phase=train event=interaction_progress trial=3 partition=0 processed=4500 total=14000 metric=ce epoch=1/1
[pipeline-trace] wall=15:19:40 elapsed=160.073s phase=train event=interaction_progress trial=3 partition=0 processed=4600 total=14000 metric=ce epoch=1/1
[pipeline-trace] wall=15:19:40 elapsed=160.448s phase=train event=interaction_progress trial=3 partition=0 processed=4700 total=14000 metric=ce epoch=1/1
[pipeline-trace] wall=15:19:40 elapsed=160.819s phase=train event=interaction_progress trial=3 partition=0 processed=4800 total=14000 metric=ce epoch=1/1
[pipeline-trace] wall=15:19:41 elapsed=161.190s phase=train event=interaction_progress trial=3 partition=0 processed=4900 total=14000 metric=ce epoch=1/1
[pipeline-trace] wall=15:19:41 elapsed=161.546s phase=train event=interaction_progress trial=3 partition=0 processed=5000 total=14000 metric=ce epoch=1/1
[pipeline-trace] wall=15:19:41 elapsed=161.949s phase=train event=interaction_progress trial=3 partition=0 processed=5100 total=14000 metric=ce epoch=1/1
[pipeline-trace] wall=15:19:42 elapsed=162.311s phase=train event=interaction_progress trial=3 partition=0 processed=5200 total=14000 metric=ce epoch=1/1
[pipeline-trace] wall=15:19:42 elapsed=162.675s phase=train event=interaction_progress trial=3 partition=0 processed=5300 total=14000 metric=ce epoch=1/1
[pipeline-trace] wall=15:19:43 elapsed=163.049s phase=train event=interaction_progress trial=3 partition=0 processed=5400 total=14000 metric=ce epoch=1/1
[pipeline-trace] wall=15:19:43 elapsed=163.434s phase=train event=interaction_progress trial=3 partition=0 processed=5500 total=14000 metric=ce epoch=1/1
[pipeline-trace] wall=15:19:43 elapsed=163.805s phase=train event=interaction_progress trial=3 partition=0 processed=5600 total=14000 metric=ce epoch=1/1
[pipeline-trace] wall=15:19:44 elapsed=164.189s phase=train event=interaction_progress trial=3 partition=0 processed=5700 total=14000 metric=ce epoch=1/1
[pipeline-trace] wall=15:19:44 elapsed=164.607s phase=train event=interaction_progress trial=3 partition=0 processed=5800 total=14000 metric=ce epoch=1/1
[pipeline-trace] wall=15:19:45 elapsed=165.037s phase=train event=interaction_progress trial=3 partition=0 processed=5900 total=14000 metric=ce epoch=1/1
[pipeline-trace] wall=15:19:45 elapsed=165.438s phase=train event=interaction_progress trial=3 partition=0 processed=6000 total=14000 metric=ce epoch=1/1
[pipeline-trace] wall=15:19:45 elapsed=165.828s phase=train event=interaction_progress trial=3 partition=0 processed=6100 total=14000 metric=ce epoch=1/1
[pipeline-trace] wall=15:19:46 elapsed=166.247s phase=train event=interaction_progress trial=3 partition=0 processed=6200 total=14000 metric=ce epoch=1/1
[pipeline-trace] wall=15:19:46 elapsed=166.711s phase=train event=interaction_progress trial=3 partition=0 processed=6300 total=14000 metric=ce epoch=1/1
[pipeline-trace] wall=15:19:47 elapsed=167.129s phase=train event=interaction_progress trial=3 partition=0 processed=6400 total=14000 metric=ce epoch=1/1
[pipeline-trace] wall=15:19:47 elapsed=167.551s phase=train event=interaction_progress trial=3 partition=0 processed=6500 total=14000 metric=ce epoch=1/1
[pipeline-trace] wall=15:19:47 elapsed=167.957s phase=train event=interaction_progress trial=3 partition=0 processed=6600 total=14000 metric=ce epoch=1/1
[pipeline-trace] wall=15:19:48 elapsed=168.392s phase=train event=interaction_progress trial=3 partition=0 processed=6700 total=14000 metric=ce epoch=1/1
[pipeline-trace] wall=15:19:48 elapsed=168.747s phase=train event=interaction_progress trial=3 partition=0 processed=6800 total=14000 metric=ce epoch=1/1
[pipeline-trace] wall=15:19:49 elapsed=169.179s phase=train event=interaction_progress trial=3 partition=0 processed=6900 total=14000 metric=ce epoch=1/1
[pipeline-trace] wall=15:19:49 elapsed=169.590s phase=train event=interaction_progress trial=3 partition=0 processed=7000 total=14000 metric=ce epoch=1/1
[pipeline-trace] wall=15:19:50 elapsed=169.977s phase=train event=interaction_progress trial=3 partition=0 processed=7100 total=14000 metric=ce epoch=1/1
[pipeline-trace] wall=15:19:50 elapsed=170.389s phase=train event=interaction_progress trial=3 partition=0 processed=7200 total=14000 metric=ce epoch=1/1
[pipeline-trace] wall=15:19:50 elapsed=170.823s phase=train event=interaction_progress trial=3 partition=0 processed=7300 total=14000 metric=ce epoch=1/1
[pipeline-trace] wall=15:19:51 elapsed=171.293s phase=train event=interaction_progress trial=3 partition=0 processed=7400 total=14000 metric=ce epoch=1/1
[pipeline-trace] wall=15:19:51 elapsed=171.807s phase=train event=interaction_progress trial=3 partition=0 processed=7500 total=14000 metric=ce epoch=1/1
[pipeline-trace] wall=15:19:52 elapsed=172.261s phase=train event=interaction_progress trial=3 partition=0 processed=7600 total=14000 metric=ce epoch=1/1
[pipeline-trace] wall=15:19:52 elapsed=172.718s phase=train event=interaction_progress trial=3 partition=0 processed=7700 total=14000 metric=ce epoch=1/1
[pipeline-trace] wall=15:19:53 elapsed=173.218s phase=train event=interaction_progress trial=3 partition=0 processed=7800 total=14000 metric=ce epoch=1/1
[pipeline-trace] wall=15:19:53 elapsed=173.687s phase=train event=interaction_progress trial=3 partition=0 processed=7900 total=14000 metric=ce epoch=1/1
[pipeline-trace] wall=15:19:54 elapsed=174.171s phase=train event=interaction_progress trial=3 partition=0 processed=8000 total=14000 metric=ce epoch=1/1
[pipeline-trace] wall=15:19:54 elapsed=174.633s phase=train event=interaction_progress trial=3 partition=0 processed=8100 total=14000 metric=ce epoch=1/1
[pipeline-trace] wall=15:19:55 elapsed=175.127s phase=train event=interaction_progress trial=3 partition=0 processed=8200 total=14000 metric=ce epoch=1/1
[pipeline-trace] wall=15:19:55 elapsed=175.569s phase=train event=interaction_progress trial=3 partition=0 processed=8300 total=14000 metric=ce epoch=1/1
[pipeline-trace] wall=15:19:56 elapsed=176.023s phase=train event=interaction_progress trial=3 partition=0 processed=8400 total=14000 metric=ce epoch=1/1
[pipeline-trace] wall=15:19:56 elapsed=176.422s phase=train event=interaction_progress trial=3 partition=0 processed=8500 total=14000 metric=ce epoch=1/1
[pipeline-trace] wall=15:19:56 elapsed=176.866s phase=train event=interaction_progress trial=3 partition=0 processed=8600 total=14000 metric=ce epoch=1/1
[pipeline-trace] wall=15:19:57 elapsed=177.232s phase=train event=interaction_progress trial=3 partition=0 processed=8700 total=14000 metric=ce epoch=1/1
[pipeline-trace] wall=15:19:57 elapsed=177.637s phase=train event=interaction_progress trial=3 partition=0 processed=8800 total=14000 metric=ce epoch=1/1
[pipeline-trace] wall=15:19:58 elapsed=178.036s phase=train event=interaction_progress trial=3 partition=0 processed=8900 total=14000 metric=ce epoch=1/1
[pipeline-trace] wall=15:19:58 elapsed=178.502s phase=train event=interaction_progress trial=3 partition=0 processed=9000 total=14000 metric=ce epoch=1/1
[pipeline-trace] wall=15:19:59 elapsed=178.997s phase=train event=interaction_progress trial=3 partition=0 processed=9100 total=14000 metric=ce epoch=1/1
[pipeline-trace] wall=15:19:59 elapsed=179.469s phase=train event=interaction_progress trial=3 partition=0 processed=9200 total=14000 metric=ce epoch=1/1
[pipeline-trace] wall=15:19:59 elapsed=179.923s phase=train event=interaction_progress trial=3 partition=0 processed=9300 total=14000 metric=ce epoch=1/1
[pipeline-trace] wall=15:20:00 elapsed=180.410s phase=train event=interaction_progress trial=3 partition=0 processed=9400 total=14000 metric=ce epoch=1/1
[pipeline-trace] wall=15:20:00 elapsed=180.838s phase=train event=interaction_progress trial=3 partition=0 processed=9500 total=14000 metric=ce epoch=1/1
[pipeline-trace] wall=15:20:01 elapsed=181.286s phase=train event=interaction_progress trial=3 partition=0 processed=9600 total=14000 metric=ce epoch=1/1
[pipeline-trace] wall=15:20:01 elapsed=181.750s phase=train event=interaction_progress trial=3 partition=0 processed=9700 total=14000 metric=ce epoch=1/1
[pipeline-trace] wall=15:20:02 elapsed=182.261s phase=train event=interaction_progress trial=3 partition=0 processed=9800 total=14000 metric=ce epoch=1/1
[pipeline-trace] wall=15:20:02 elapsed=182.660s phase=train event=interaction_progress trial=3 partition=0 processed=9900 total=14000 metric=ce epoch=1/1
[pipeline-trace] wall=15:20:03 elapsed=183.040s phase=train event=interaction_progress trial=3 partition=0 processed=10000 total=14000 metric=ce epoch=1/1
[pipeline-trace] wall=15:20:03 elapsed=183.484s phase=train event=interaction_progress trial=3 partition=0 processed=10100 total=14000 metric=ce epoch=1/1
[pipeline-trace] wall=15:20:03 elapsed=183.937s phase=train event=interaction_progress trial=3 partition=0 processed=10200 total=14000 metric=ce epoch=1/1
[pipeline-trace] wall=15:20:04 elapsed=184.406s phase=train event=interaction_progress trial=3 partition=0 processed=10300 total=14000 metric=ce epoch=1/1
[pipeline-trace] wall=15:20:04 elapsed=184.852s phase=train event=interaction_progress trial=3 partition=0 processed=10400 total=14000 metric=ce epoch=1/1
[pipeline-trace] wall=15:20:05 elapsed=185.320s phase=train event=interaction_progress trial=3 partition=0 processed=10500 total=14000 metric=ce epoch=1/1
[pipeline-trace] wall=15:20:05 elapsed=185.766s phase=train event=interaction_progress trial=3 partition=0 processed=10600 total=14000 metric=ce epoch=1/1
[pipeline-trace] wall=15:20:06 elapsed=186.227s phase=train event=interaction_progress trial=3 partition=0 processed=10700 total=14000 metric=ce epoch=1/1
[pipeline-trace] wall=15:20:06 elapsed=186.698s phase=train event=interaction_progress trial=3 partition=0 processed=10800 total=14000 metric=ce epoch=1/1
[pipeline-trace] wall=15:20:07 elapsed=187.155s phase=train event=interaction_progress trial=3 partition=0 processed=10900 total=14000 metric=ce epoch=1/1
[pipeline-trace] wall=15:20:07 elapsed=187.524s phase=train event=interaction_progress trial=3 partition=0 processed=11000 total=14000 metric=ce epoch=1/1
[pipeline-trace] wall=15:20:07 elapsed=187.953s phase=train event=interaction_progress trial=3 partition=0 processed=11100 total=14000 metric=ce epoch=1/1
[pipeline-trace] wall=15:20:08 elapsed=188.434s phase=train event=interaction_progress trial=3 partition=0 processed=11200 total=14000 metric=ce epoch=1/1
[pipeline-trace] wall=15:20:08 elapsed=188.919s phase=train event=interaction_progress trial=3 partition=0 processed=11300 total=14000 metric=ce epoch=1/1
[pipeline-trace] wall=15:20:09 elapsed=189.435s phase=train event=interaction_progress trial=3 partition=0 processed=11400 total=14000 metric=ce epoch=1/1
[pipeline-trace] wall=15:20:09 elapsed=189.890s phase=train event=interaction_progress trial=3 partition=0 processed=11500 total=14000 metric=ce epoch=1/1
[pipeline-trace] wall=15:20:10 elapsed=190.418s phase=train event=interaction_progress trial=3 partition=0 processed=11600 total=14000 metric=ce epoch=1/1
[pipeline-trace] wall=15:20:10 elapsed=190.936s phase=train event=interaction_progress trial=3 partition=0 processed=11700 total=14000 metric=ce epoch=1/1
[pipeline-trace] wall=15:20:11 elapsed=191.398s phase=train event=interaction_progress trial=3 partition=0 processed=11800 total=14000 metric=ce epoch=1/1
[pipeline-trace] wall=15:20:11 elapsed=191.780s phase=train event=interaction_progress trial=3 partition=0 processed=11900 total=14000 metric=ce epoch=1/1
[pipeline-trace] wall=15:20:12 elapsed=192.219s phase=train event=interaction_progress trial=3 partition=0 processed=12000 total=14000 metric=ce epoch=1/1
[pipeline-trace] wall=15:20:12 elapsed=192.653s phase=train event=interaction_progress trial=3 partition=0 processed=12100 total=14000 metric=ce epoch=1/1
[pipeline-trace] wall=15:20:13 elapsed=193.087s phase=train event=interaction_progress trial=3 partition=0 processed=12200 total=14000 metric=ce epoch=1/1
[pipeline-trace] wall=15:20:13 elapsed=193.517s phase=train event=interaction_progress trial=3 partition=0 processed=12300 total=14000 metric=ce epoch=1/1
[pipeline-trace] wall=15:20:13 elapsed=193.925s phase=train event=interaction_progress trial=3 partition=0 processed=12400 total=14000 metric=ce epoch=1/1
[pipeline-trace] wall=15:20:14 elapsed=194.351s phase=train event=interaction_progress trial=3 partition=0 processed=12500 total=14000 metric=ce epoch=1/1
[pipeline-trace] wall=15:20:14 elapsed=194.911s phase=train event=interaction_progress trial=3 partition=0 processed=12600 total=14000 metric=ce epoch=1/1
[pipeline-trace] wall=15:20:15 elapsed=195.626s phase=train event=interaction_progress trial=3 partition=0 processed=12700 total=14000 metric=ce epoch=1/1
[pipeline-trace] wall=15:20:19 elapsed=199.095s phase=train event=interaction_progress trial=3 partition=0 processed=12800 total=14000 metric=ce epoch=1/1
[pipeline-trace] wall=15:20:24 elapsed=204.224s phase=train event=interaction_progress trial=3 partition=0 processed=12900 total=14000 metric=ce epoch=1/1
[pipeline-trace] wall=15:20:24 elapsed=204.704s phase=train event=interaction_progress trial=3 partition=0 processed=13000 total=14000 metric=ce epoch=1/1
[pipeline-trace] wall=15:20:25 elapsed=205.121s phase=train event=interaction_progress trial=3 partition=0 processed=13100 total=14000 metric=ce epoch=1/1
[pipeline-trace] wall=15:20:25 elapsed=205.509s phase=train event=interaction_progress trial=3 partition=0 processed=13200 total=14000 metric=ce epoch=1/1
[pipeline-trace] wall=15:20:25 elapsed=205.895s phase=train event=interaction_progress trial=3 partition=0 processed=13300 total=14000 metric=ce epoch=1/1
[pipeline-trace] wall=15:20:26 elapsed=206.312s phase=train event=interaction_progress trial=3 partition=0 processed=13400 total=14000 metric=ce epoch=1/1
[pipeline-trace] wall=15:20:26 elapsed=206.673s phase=train event=interaction_progress trial=3 partition=0 processed=13500 total=14000 metric=ce epoch=1/1
[pipeline-trace] wall=15:20:27 elapsed=207.037s phase=train event=interaction_progress trial=3 partition=0 processed=13600 total=14000 metric=ce epoch=1/1
[pipeline-trace] wall=15:20:27 elapsed=207.376s phase=train event=interaction_progress trial=3 partition=0 processed=13700 total=14000 metric=ce epoch=1/1
[pipeline-trace] wall=15:20:27 elapsed=207.735s phase=train event=interaction_progress trial=3 partition=0 processed=13800 total=14000 metric=ce epoch=1/1
[pipeline-trace] wall=15:20:28 elapsed=208.176s phase=train event=interaction_progress trial=3 partition=0 processed=13900 total=14000 metric=ce epoch=1/1
[pipeline-trace] wall=15:20:28 elapsed=208.528s phase=train event=interaction_progress trial=3 partition=0 processed=14000 total=14000 metric=ce epoch=1/1
[pipeline-trace] wall=15:20:28 elapsed=208.607s phase=eval event=batch_start trial=3 partitions=[1] synthetic=False
[pipeline-trace] wall=15:20:28 elapsed=208.607s phase=eval event=partition_start trial=3 partition=1 interactions=1999
[pipeline-trace] wall=15:20:28 elapsed=208.607s phase=eval event=interaction_progress trial=3 partition=1 processed=1 total=1999 metric=ranking
[pipeline-trace] wall=15:20:28 elapsed=208.751s phase=eval event=interaction_progress trial=3 partition=1 processed=100 total=1999 metric=ranking
[pipeline-trace] wall=15:20:28 elapsed=208.899s phase=eval event=interaction_progress trial=3 partition=1 processed=200 total=1999 metric=ranking
[pipeline-trace] wall=15:20:29 elapsed=209.041s phase=eval event=interaction_progress trial=3 partition=1 processed=300 total=1999 metric=ranking
[pipeline-trace] wall=15:20:29 elapsed=209.180s phase=eval event=interaction_progress trial=3 partition=1 processed=400 total=1999 metric=ranking
[pipeline-trace] wall=15:20:29 elapsed=209.319s phase=eval event=interaction_progress trial=3 partition=1 processed=500 total=1999 metric=ranking
[pipeline-trace] wall=15:20:29 elapsed=209.489s phase=eval event=interaction_progress trial=3 partition=1 processed=600 total=1999 metric=ranking
[pipeline-trace] wall=15:20:29 elapsed=209.627s phase=eval event=interaction_progress trial=3 partition=1 processed=700 total=1999 metric=ranking
[pipeline-trace] wall=15:20:29 elapsed=209.765s phase=eval event=interaction_progress trial=3 partition=1 processed=800 total=1999 metric=ranking
[pipeline-trace] wall=15:20:29 elapsed=209.901s phase=eval event=interaction_progress trial=3 partition=1 processed=900 total=1999 metric=ranking
[pipeline-trace] wall=15:20:30 elapsed=210.035s phase=eval event=interaction_progress trial=3 partition=1 processed=1000 total=1999 metric=ranking
[pipeline-trace] wall=15:20:30 elapsed=210.169s phase=eval event=interaction_progress trial=3 partition=1 processed=1100 total=1999 metric=ranking
[pipeline-trace] wall=15:20:30 elapsed=210.302s phase=eval event=interaction_progress trial=3 partition=1 processed=1200 total=1999 metric=ranking
[pipeline-trace] wall=15:20:30 elapsed=210.437s phase=eval event=interaction_progress trial=3 partition=1 processed=1300 total=1999 metric=ranking
[pipeline-trace] wall=15:20:30 elapsed=210.570s phase=eval event=interaction_progress trial=3 partition=1 processed=1400 total=1999 metric=ranking
[pipeline-trace] wall=15:20:30 elapsed=210.704s phase=eval event=interaction_progress trial=3 partition=1 processed=1500 total=1999 metric=ranking
[pipeline-trace] wall=15:20:30 elapsed=210.838s phase=eval event=interaction_progress trial=3 partition=1 processed=1600 total=1999 metric=ranking
[pipeline-trace] wall=15:20:31 elapsed=210.972s phase=eval event=interaction_progress trial=3 partition=1 processed=1700 total=1999 metric=ranking
[pipeline-trace] wall=15:20:31 elapsed=211.137s phase=eval event=interaction_progress trial=3 partition=1 processed=1800 total=1999 metric=ranking
[pipeline-trace] wall=15:20:31 elapsed=211.272s phase=eval event=interaction_progress trial=3 partition=1 processed=1900 total=1999 metric=ranking
[pipeline-trace] wall=15:20:31 elapsed=211.406s phase=eval event=interaction_progress trial=3 partition=1 processed=1999 total=1999 metric=ranking
[pipeline-trace] wall=15:20:31 elapsed=211.408s phase=eval event=partition_complete trial=3 partition=1 elapsed_sec=2.801 hits=1768 total=1999
[pipeline-trace] wall=15:20:31 elapsed=211.460s phase=train event=interaction_progress trial=4 partition=0 processed=1 total=14000 metric=ce epoch=1/1
[pipeline-trace] wall=15:20:31 elapsed=211.708s phase=train event=interaction_progress trial=4 partition=0 processed=100 total=14000 metric=ce epoch=1/1
[pipeline-trace] wall=15:20:32 elapsed=212.013s phase=train event=interaction_progress trial=4 partition=0 processed=200 total=14000 metric=ce epoch=1/1
[pipeline-trace] wall=15:20:32 elapsed=212.290s phase=train event=interaction_progress trial=4 partition=0 processed=300 total=14000 metric=ce epoch=1/1
[pipeline-trace] wall=15:20:32 elapsed=212.602s phase=train event=interaction_progress trial=4 partition=0 processed=400 total=14000 metric=ce epoch=1/1
[pipeline-trace] wall=15:20:32 elapsed=212.895s phase=train event=interaction_progress trial=4 partition=0 processed=500 total=14000 metric=ce epoch=1/1
[pipeline-trace] wall=15:20:33 elapsed=213.187s phase=train event=interaction_progress trial=4 partition=0 processed=600 total=14000 metric=ce epoch=1/1
[pipeline-trace] wall=15:20:33 elapsed=213.454s phase=train event=interaction_progress trial=4 partition=0 processed=700 total=14000 metric=ce epoch=1/1
[pipeline-trace] wall=15:20:33 elapsed=213.753s phase=train event=interaction_progress trial=4 partition=0 processed=800 total=14000 metric=ce epoch=1/1
[pipeline-trace] wall=15:20:34 elapsed=214.062s phase=train event=interaction_progress trial=4 partition=0 processed=900 total=14000 metric=ce epoch=1/1
[pipeline-trace] wall=15:20:34 elapsed=214.380s phase=train event=interaction_progress trial=4 partition=0 processed=1000 total=14000 metric=ce epoch=1/1
[pipeline-trace] wall=15:20:34 elapsed=214.665s phase=train event=interaction_progress trial=4 partition=0 processed=1100 total=14000 metric=ce epoch=1/1
[pipeline-trace] wall=15:20:34 elapsed=214.956s phase=train event=interaction_progress trial=4 partition=0 processed=1200 total=14000 metric=ce epoch=1/1
[pipeline-trace] wall=15:20:35 elapsed=215.179s phase=train event=interaction_progress trial=4 partition=0 processed=1300 total=14000 metric=ce epoch=1/1
[pipeline-trace] wall=15:20:35 elapsed=215.457s phase=train event=interaction_progress trial=4 partition=0 processed=1400 total=14000 metric=ce epoch=1/1
[pipeline-trace] wall=15:20:35 elapsed=215.683s phase=train event=interaction_progress trial=4 partition=0 processed=1500 total=14000 metric=ce epoch=1/1
[pipeline-trace] wall=15:20:35 elapsed=215.934s phase=train event=interaction_progress trial=4 partition=0 processed=1600 total=14000 metric=ce epoch=1/1
[pipeline-trace] wall=15:20:36 elapsed=216.248s phase=train event=interaction_progress trial=4 partition=0 processed=1700 total=14000 metric=ce epoch=1/1
[pipeline-trace] wall=15:20:36 elapsed=216.576s phase=train event=interaction_progress trial=4 partition=0 processed=1800 total=14000 metric=ce epoch=1/1
[pipeline-trace] wall=15:20:36 elapsed=216.897s phase=train event=interaction_progress trial=4 partition=0 processed=1900 total=14000 metric=ce epoch=1/1
[pipeline-trace] wall=15:20:37 elapsed=217.215s phase=train event=interaction_progress trial=4 partition=0 processed=2000 total=14000 metric=ce epoch=1/1
[pipeline-trace] wall=15:20:37 elapsed=217.556s phase=train event=interaction_progress trial=4 partition=0 processed=2100 total=14000 metric=ce epoch=1/1
[pipeline-trace] wall=15:20:37 elapsed=217.891s phase=train event=interaction_progress trial=4 partition=0 processed=2200 total=14000 metric=ce epoch=1/1
[pipeline-trace] wall=15:20:38 elapsed=218.211s phase=train event=interaction_progress trial=4 partition=0 processed=2300 total=14000 metric=ce epoch=1/1
[pipeline-trace] wall=15:20:38 elapsed=218.541s phase=train event=interaction_progress trial=4 partition=0 processed=2400 total=14000 metric=ce epoch=1/1
[pipeline-trace] wall=15:20:38 elapsed=218.854s phase=train event=interaction_progress trial=4 partition=0 processed=2500 total=14000 metric=ce epoch=1/1
[pipeline-trace] wall=15:20:39 elapsed=219.182s phase=train event=interaction_progress trial=4 partition=0 processed=2600 total=14000 metric=ce epoch=1/1
[pipeline-trace] wall=15:20:39 elapsed=219.484s phase=train event=interaction_progress trial=4 partition=0 processed=2700 total=14000 metric=ce epoch=1/1
[pipeline-trace] wall=15:20:39 elapsed=219.798s phase=train event=interaction_progress trial=4 partition=0 processed=2800 total=14000 metric=ce epoch=1/1
[pipeline-trace] wall=15:20:40 elapsed=220.071s phase=train event=interaction_progress trial=4 partition=0 processed=2900 total=14000 metric=ce epoch=1/1
[pipeline-trace] wall=15:20:40 elapsed=220.385s phase=train event=interaction_progress trial=4 partition=0 processed=3000 total=14000 metric=ce epoch=1/1
[pipeline-trace] wall=15:20:40 elapsed=220.715s phase=train event=interaction_progress trial=4 partition=0 processed=3100 total=14000 metric=ce epoch=1/1
[pipeline-trace] wall=15:20:41 elapsed=221.041s phase=train event=interaction_progress trial=4 partition=0 processed=3200 total=14000 metric=ce epoch=1/1
[pipeline-trace] wall=15:20:41 elapsed=221.348s phase=train event=interaction_progress trial=4 partition=0 processed=3300 total=14000 metric=ce epoch=1/1
[pipeline-trace] wall=15:20:41 elapsed=221.634s phase=train event=interaction_progress trial=4 partition=0 processed=3400 total=14000 metric=ce epoch=1/1
[pipeline-trace] wall=15:20:41 elapsed=221.930s phase=train event=interaction_progress trial=4 partition=0 processed=3500 total=14000 metric=ce epoch=1/1
[pipeline-trace] wall=15:20:42 elapsed=222.207s phase=train event=interaction_progress trial=4 partition=0 processed=3600 total=14000 metric=ce epoch=1/1
[pipeline-trace] wall=15:20:42 elapsed=222.533s phase=train event=interaction_progress trial=4 partition=0 processed=3700 total=14000 metric=ce epoch=1/1
[pipeline-trace] wall=15:20:42 elapsed=222.855s phase=train event=interaction_progress trial=4 partition=0 processed=3800 total=14000 metric=ce epoch=1/1
[pipeline-trace] wall=15:20:43 elapsed=223.179s phase=train event=interaction_progress trial=4 partition=0 processed=3900 total=14000 metric=ce epoch=1/1
[pipeline-trace] wall=15:20:43 elapsed=223.472s phase=train event=interaction_progress trial=4 partition=0 processed=4000 total=14000 metric=ce epoch=1/1
[pipeline-trace] wall=15:20:43 elapsed=223.771s phase=train event=interaction_progress trial=4 partition=0 processed=4100 total=14000 metric=ce epoch=1/1
[pipeline-trace] wall=15:20:44 elapsed=224.077s phase=train event=interaction_progress trial=4 partition=0 processed=4200 total=14000 metric=ce epoch=1/1
[pipeline-trace] wall=15:20:44 elapsed=224.387s phase=train event=interaction_progress trial=4 partition=0 processed=4300 total=14000 metric=ce epoch=1/1
[pipeline-trace] wall=15:20:44 elapsed=224.699s phase=train event=interaction_progress trial=4 partition=0 processed=4400 total=14000 metric=ce epoch=1/1
[pipeline-trace] wall=15:20:45 elapsed=225.013s phase=train event=interaction_progress trial=4 partition=0 processed=4500 total=14000 metric=ce epoch=1/1
[pipeline-trace] wall=15:20:45 elapsed=225.305s phase=train event=interaction_progress trial=4 partition=0 processed=4600 total=14000 metric=ce epoch=1/1
[pipeline-trace] wall=15:20:45 elapsed=225.636s phase=train event=interaction_progress trial=4 partition=0 processed=4700 total=14000 metric=ce epoch=1/1
[pipeline-trace] wall=15:20:45 elapsed=225.951s phase=train event=interaction_progress trial=4 partition=0 processed=4800 total=14000 metric=ce epoch=1/1
[pipeline-trace] wall=15:20:46 elapsed=226.264s phase=train event=interaction_progress trial=4 partition=0 processed=4900 total=14000 metric=ce epoch=1/1
[pipeline-trace] wall=15:20:46 elapsed=226.599s phase=train event=interaction_progress trial=4 partition=0 processed=5000 total=14000 metric=ce epoch=1/1
[pipeline-trace] wall=15:20:46 elapsed=226.900s phase=train event=interaction_progress trial=4 partition=0 processed=5100 total=14000 metric=ce epoch=1/1
[pipeline-trace] wall=15:20:47 elapsed=227.210s phase=train event=interaction_progress trial=4 partition=0 processed=5200 total=14000 metric=ce epoch=1/1
[pipeline-trace] wall=15:20:47 elapsed=227.484s phase=train event=interaction_progress trial=4 partition=0 processed=5300 total=14000 metric=ce epoch=1/1
[pipeline-trace] wall=15:20:47 elapsed=227.799s phase=train event=interaction_progress trial=4 partition=0 processed=5400 total=14000 metric=ce epoch=1/1
[pipeline-trace] wall=15:20:48 elapsed=228.127s phase=train event=interaction_progress trial=4 partition=0 processed=5500 total=14000 metric=ce epoch=1/1
[pipeline-trace] wall=15:20:48 elapsed=228.438s phase=train event=interaction_progress trial=4 partition=0 processed=5600 total=14000 metric=ce epoch=1/1
[pipeline-trace] wall=15:20:48 elapsed=228.754s phase=train event=interaction_progress trial=4 partition=0 processed=5700 total=14000 metric=ce epoch=1/1
[pipeline-trace] wall=15:20:49 elapsed=229.100s phase=train event=interaction_progress trial=4 partition=0 processed=5800 total=14000 metric=ce epoch=1/1
[pipeline-trace] wall=15:20:49 elapsed=229.442s phase=train event=interaction_progress trial=4 partition=0 processed=5900 total=14000 metric=ce epoch=1/1
[pipeline-trace] wall=15:20:49 elapsed=229.755s phase=train event=interaction_progress trial=4 partition=0 processed=6000 total=14000 metric=ce epoch=1/1
[pipeline-trace] wall=15:20:50 elapsed=230.081s phase=train event=interaction_progress trial=4 partition=0 processed=6100 total=14000 metric=ce epoch=1/1
[pipeline-trace] wall=15:20:50 elapsed=230.401s phase=train event=interaction_progress trial=4 partition=0 processed=6200 total=14000 metric=ce epoch=1/1
[pipeline-trace] wall=15:20:50 elapsed=230.723s phase=train event=interaction_progress trial=4 partition=0 processed=6300 total=14000 metric=ce epoch=1/1
[pipeline-trace] wall=15:20:51 elapsed=231.050s phase=train event=interaction_progress trial=4 partition=0 processed=6400 total=14000 metric=ce epoch=1/1
[pipeline-trace] wall=15:20:51 elapsed=231.339s phase=train event=interaction_progress trial=4 partition=0 processed=6500 total=14000 metric=ce epoch=1/1
[pipeline-trace] wall=15:20:51 elapsed=231.651s phase=train event=interaction_progress trial=4 partition=0 processed=6600 total=14000 metric=ce epoch=1/1
[pipeline-trace] wall=15:20:52 elapsed=231.966s phase=train event=interaction_progress trial=4 partition=0 processed=6700 total=14000 metric=ce epoch=1/1
[pipeline-trace] wall=15:20:52 elapsed=232.282s phase=train event=interaction_progress trial=4 partition=0 processed=6800 total=14000 metric=ce epoch=1/1
[pipeline-trace] wall=15:20:52 elapsed=232.663s phase=train event=interaction_progress trial=4 partition=0 processed=6900 total=14000 metric=ce epoch=1/1
[pipeline-trace] wall=15:20:52 elapsed=232.937s phase=train event=interaction_progress trial=4 partition=0 processed=7000 total=14000 metric=ce epoch=1/1
[pipeline-trace] wall=15:20:53 elapsed=233.242s phase=train event=interaction_progress trial=4 partition=0 processed=7100 total=14000 metric=ce epoch=1/1
[pipeline-trace] wall=15:20:53 elapsed=233.544s phase=train event=interaction_progress trial=4 partition=0 processed=7200 total=14000 metric=ce epoch=1/1
[pipeline-trace] wall=15:20:53 elapsed=233.860s phase=train event=interaction_progress trial=4 partition=0 processed=7300 total=14000 metric=ce epoch=1/1
[pipeline-trace] wall=15:20:54 elapsed=234.173s phase=train event=interaction_progress trial=4 partition=0 processed=7400 total=14000 metric=ce epoch=1/1
[pipeline-trace] wall=15:20:54 elapsed=234.501s phase=train event=interaction_progress trial=4 partition=0 processed=7500 total=14000 metric=ce epoch=1/1
[pipeline-trace] wall=15:20:54 elapsed=234.834s phase=train event=interaction_progress trial=4 partition=0 processed=7600 total=14000 metric=ce epoch=1/1
[pipeline-trace] wall=15:20:55 elapsed=235.118s phase=train event=interaction_progress trial=4 partition=0 processed=7700 total=14000 metric=ce epoch=1/1
[pipeline-trace] wall=15:20:55 elapsed=235.397s phase=train event=interaction_progress trial=4 partition=0 processed=7800 total=14000 metric=ce epoch=1/1
[pipeline-trace] wall=15:20:55 elapsed=235.698s phase=train event=interaction_progress trial=4 partition=0 processed=7900 total=14000 metric=ce epoch=1/1
[pipeline-trace] wall=15:20:56 elapsed=235.988s phase=train event=interaction_progress trial=4 partition=0 processed=8000 total=14000 metric=ce epoch=1/1
[pipeline-trace] wall=15:20:56 elapsed=236.240s phase=train event=interaction_progress trial=4 partition=0 processed=8100 total=14000 metric=ce epoch=1/1
[pipeline-trace] wall=15:20:56 elapsed=236.564s phase=train event=interaction_progress trial=4 partition=0 processed=8200 total=14000 metric=ce epoch=1/1
[pipeline-trace] wall=15:20:56 elapsed=236.878s phase=train event=interaction_progress trial=4 partition=0 processed=8300 total=14000 metric=ce epoch=1/1
[pipeline-trace] wall=15:20:57 elapsed=237.162s phase=train event=interaction_progress trial=4 partition=0 processed=8400 total=14000 metric=ce epoch=1/1
[pipeline-trace] wall=15:20:57 elapsed=237.425s phase=train event=interaction_progress trial=4 partition=0 processed=8500 total=14000 metric=ce epoch=1/1
[pipeline-trace] wall=15:20:57 elapsed=237.701s phase=train event=interaction_progress trial=4 partition=0 processed=8600 total=14000 metric=ce epoch=1/1
[pipeline-trace] wall=15:20:58 elapsed=238.003s phase=train event=interaction_progress trial=4 partition=0 processed=8700 total=14000 metric=ce epoch=1/1
[pipeline-trace] wall=15:20:58 elapsed=238.303s phase=train event=interaction_progress trial=4 partition=0 processed=8800 total=14000 metric=ce epoch=1/1
[pipeline-trace] wall=15:20:58 elapsed=238.603s phase=train event=interaction_progress trial=4 partition=0 processed=8900 total=14000 metric=ce epoch=1/1
[pipeline-trace] wall=15:20:58 elapsed=238.926s phase=train event=interaction_progress trial=4 partition=0 processed=9000 total=14000 metric=ce epoch=1/1
[pipeline-trace] wall=15:20:59 elapsed=239.239s phase=train event=interaction_progress trial=4 partition=0 processed=9100 total=14000 metric=ce epoch=1/1
[pipeline-trace] wall=15:20:59 elapsed=239.527s phase=train event=interaction_progress trial=4 partition=0 processed=9200 total=14000 metric=ce epoch=1/1
[pipeline-trace] wall=15:20:59 elapsed=239.826s phase=train event=interaction_progress trial=4 partition=0 processed=9300 total=14000 metric=ce epoch=1/1
[pipeline-trace] wall=15:21:00 elapsed=240.132s phase=train event=interaction_progress trial=4 partition=0 processed=9400 total=14000 metric=ce epoch=1/1
[pipeline-trace] wall=15:21:00 elapsed=240.469s phase=train event=interaction_progress trial=4 partition=0 processed=9500 total=14000 metric=ce epoch=1/1
[pipeline-trace] wall=15:21:00 elapsed=240.729s phase=train event=interaction_progress trial=4 partition=0 processed=9600 total=14000 metric=ce epoch=1/1
[pipeline-trace] wall=15:21:01 elapsed=241.027s phase=train event=interaction_progress trial=4 partition=0 processed=9700 total=14000 metric=ce epoch=1/1
[pipeline-trace] wall=15:21:01 elapsed=241.271s phase=train event=interaction_progress trial=4 partition=0 processed=9800 total=14000 metric=ce epoch=1/1
[pipeline-trace] wall=15:21:01 elapsed=241.531s phase=train event=interaction_progress trial=4 partition=0 processed=9900 total=14000 metric=ce epoch=1/1
[pipeline-trace] wall=15:21:01 elapsed=241.803s phase=train event=interaction_progress trial=4 partition=0 processed=10000 total=14000 metric=ce epoch=1/1
[pipeline-trace] wall=15:21:02 elapsed=242.086s phase=train event=interaction_progress trial=4 partition=0 processed=10100 total=14000 metric=ce epoch=1/1
[pipeline-trace] wall=15:21:02 elapsed=242.345s phase=train event=interaction_progress trial=4 partition=0 processed=10200 total=14000 metric=ce epoch=1/1
[pipeline-trace] wall=15:21:02 elapsed=242.612s phase=train event=interaction_progress trial=4 partition=0 processed=10300 total=14000 metric=ce epoch=1/1
[pipeline-trace] wall=15:21:02 elapsed=242.896s phase=train event=interaction_progress trial=4 partition=0 processed=10400 total=14000 metric=ce epoch=1/1
[pipeline-trace] wall=15:21:03 elapsed=243.205s phase=train event=interaction_progress trial=4 partition=0 processed=10500 total=14000 metric=ce epoch=1/1
[pipeline-trace] wall=15:21:03 elapsed=243.522s phase=train event=interaction_progress trial=4 partition=0 processed=10600 total=14000 metric=ce epoch=1/1
[pipeline-trace] wall=15:21:03 elapsed=243.809s phase=train event=interaction_progress trial=4 partition=0 processed=10700 total=14000 metric=ce epoch=1/1
[pipeline-trace] wall=15:21:04 elapsed=244.116s phase=train event=interaction_progress trial=4 partition=0 processed=10800 total=14000 metric=ce epoch=1/1
[pipeline-trace] wall=15:21:04 elapsed=244.411s phase=train event=interaction_progress trial=4 partition=0 processed=10900 total=14000 metric=ce epoch=1/1
[pipeline-trace] wall=15:21:04 elapsed=244.726s phase=train event=interaction_progress trial=4 partition=0 processed=11000 total=14000 metric=ce epoch=1/1
[pipeline-trace] wall=15:21:05 elapsed=245.043s phase=train event=interaction_progress trial=4 partition=0 processed=11100 total=14000 metric=ce epoch=1/1
[pipeline-trace] wall=15:21:05 elapsed=245.339s phase=train event=interaction_progress trial=4 partition=0 processed=11200 total=14000 metric=ce epoch=1/1
[pipeline-trace] wall=15:21:05 elapsed=245.633s phase=train event=interaction_progress trial=4 partition=0 processed=11300 total=14000 metric=ce epoch=1/1
[pipeline-trace] wall=15:21:05 elapsed=245.949s phase=train event=interaction_progress trial=4 partition=0 processed=11400 total=14000 metric=ce epoch=1/1
[pipeline-trace] wall=15:21:06 elapsed=246.256s phase=train event=interaction_progress trial=4 partition=0 processed=11500 total=14000 metric=ce epoch=1/1
[pipeline-trace] wall=15:21:06 elapsed=246.560s phase=train event=interaction_progress trial=4 partition=0 processed=11600 total=14000 metric=ce epoch=1/1
[pipeline-trace] wall=15:21:06 elapsed=246.863s phase=train event=interaction_progress trial=4 partition=0 processed=11700 total=14000 metric=ce epoch=1/1
[pipeline-trace] wall=15:21:07 elapsed=247.179s phase=train event=interaction_progress trial=4 partition=0 processed=11800 total=14000 metric=ce epoch=1/1
[pipeline-trace] wall=15:21:07 elapsed=247.488s phase=train event=interaction_progress trial=4 partition=0 processed=11900 total=14000 metric=ce epoch=1/1
[pipeline-trace] wall=15:21:07 elapsed=247.808s phase=train event=interaction_progress trial=4 partition=0 processed=12000 total=14000 metric=ce epoch=1/1
[pipeline-trace] wall=15:21:08 elapsed=248.111s phase=train event=interaction_progress trial=4 partition=0 processed=12100 total=14000 metric=ce epoch=1/1
[pipeline-trace] wall=15:21:08 elapsed=248.388s phase=train event=interaction_progress trial=4 partition=0 processed=12200 total=14000 metric=ce epoch=1/1
[pipeline-trace] wall=15:21:08 elapsed=248.675s phase=train event=interaction_progress trial=4 partition=0 processed=12300 total=14000 metric=ce epoch=1/1
[pipeline-trace] wall=15:21:08 elapsed=248.952s phase=train event=interaction_progress trial=4 partition=0 processed=12400 total=14000 metric=ce epoch=1/1
[pipeline-trace] wall=15:21:09 elapsed=249.205s phase=train event=interaction_progress trial=4 partition=0 processed=12500 total=14000 metric=ce epoch=1/1
[pipeline-trace] wall=15:21:09 elapsed=249.473s phase=train event=interaction_progress trial=4 partition=0 processed=12600 total=14000 metric=ce epoch=1/1
[pipeline-trace] wall=15:21:09 elapsed=249.753s phase=train event=interaction_progress trial=4 partition=0 processed=12700 total=14000 metric=ce epoch=1/1
[pipeline-trace] wall=15:21:10 elapsed=250.044s phase=train event=interaction_progress trial=4 partition=0 processed=12800 total=14000 metric=ce epoch=1/1
[pipeline-trace] wall=15:21:10 elapsed=250.318s phase=train event=interaction_progress trial=4 partition=0 processed=12900 total=14000 metric=ce epoch=1/1
[pipeline-trace] wall=15:21:10 elapsed=250.569s phase=train event=interaction_progress trial=4 partition=0 processed=13000 total=14000 metric=ce epoch=1/1
[pipeline-trace] wall=15:21:10 elapsed=250.840s phase=train event=interaction_progress trial=4 partition=0 processed=13100 total=14000 metric=ce epoch=1/1
[pipeline-trace] wall=15:21:11 elapsed=251.144s phase=train event=interaction_progress trial=4 partition=0 processed=13200 total=14000 metric=ce epoch=1/1
[pipeline-trace] wall=15:21:11 elapsed=251.433s phase=train event=interaction_progress trial=4 partition=0 processed=13300 total=14000 metric=ce epoch=1/1
[pipeline-trace] wall=15:21:11 elapsed=251.724s phase=train event=interaction_progress trial=4 partition=0 processed=13400 total=14000 metric=ce epoch=1/1
[pipeline-trace] wall=15:21:12 elapsed=251.995s phase=train event=interaction_progress trial=4 partition=0 processed=13500 total=14000 metric=ce epoch=1/1
[pipeline-trace] wall=15:21:12 elapsed=252.285s phase=train event=interaction_progress trial=4 partition=0 processed=13600 total=14000 metric=ce epoch=1/1
[pipeline-trace] wall=15:21:12 elapsed=252.588s phase=train event=interaction_progress trial=4 partition=0 processed=13700 total=14000 metric=ce epoch=1/1
[pipeline-trace] wall=15:21:12 elapsed=252.891s phase=train event=interaction_progress trial=4 partition=0 processed=13800 total=14000 metric=ce epoch=1/1
[pipeline-trace] wall=15:21:13 elapsed=253.197s phase=train event=interaction_progress trial=4 partition=0 processed=13900 total=14000 metric=ce epoch=1/1
[pipeline-trace] wall=15:21:13 elapsed=253.502s phase=train event=interaction_progress trial=4 partition=0 processed=14000 total=14000 metric=ce epoch=1/1
[pipeline-trace] wall=15:21:13 elapsed=253.576s phase=eval event=batch_start trial=4 partitions=[1] synthetic=False
[pipeline-trace] wall=15:21:13 elapsed=253.576s phase=eval event=partition_start trial=4 partition=1 interactions=1999
[pipeline-trace] wall=15:21:13 elapsed=253.576s phase=eval event=interaction_progress trial=4 partition=1 processed=1 total=1999 metric=ranking
[pipeline-trace] wall=15:21:13 elapsed=253.718s phase=eval event=interaction_progress trial=4 partition=1 processed=100 total=1999 metric=ranking
[pipeline-trace] wall=15:21:13 elapsed=253.858s phase=eval event=interaction_progress trial=4 partition=1 processed=200 total=1999 metric=ranking
[pipeline-trace] wall=15:21:14 elapsed=254.000s phase=eval event=interaction_progress trial=4 partition=1 processed=300 total=1999 metric=ranking
[pipeline-trace] wall=15:21:14 elapsed=254.138s phase=eval event=interaction_progress trial=4 partition=1 processed=400 total=1999 metric=ranking
[pipeline-trace] wall=15:21:14 elapsed=254.277s phase=eval event=interaction_progress trial=4 partition=1 processed=500 total=1999 metric=ranking
[pipeline-trace] wall=15:21:14 elapsed=254.414s phase=eval event=interaction_progress trial=4 partition=1 processed=600 total=1999 metric=ranking
[pipeline-trace] wall=15:21:14 elapsed=254.552s phase=eval event=interaction_progress trial=4 partition=1 processed=700 total=1999 metric=ranking
[pipeline-trace] wall=15:21:14 elapsed=254.691s phase=eval event=interaction_progress trial=4 partition=1 processed=800 total=1999 metric=ranking
[pipeline-trace] wall=15:21:14 elapsed=254.828s phase=eval event=interaction_progress trial=4 partition=1 processed=900 total=1999 metric=ranking
[pipeline-trace] wall=15:21:15 elapsed=254.965s phase=eval event=interaction_progress trial=4 partition=1 processed=1000 total=1999 metric=ranking
[pipeline-trace] wall=15:21:15 elapsed=255.104s phase=eval event=interaction_progress trial=4 partition=1 processed=1100 total=1999 metric=ranking
[pipeline-trace] wall=15:21:15 elapsed=255.241s phase=eval event=interaction_progress trial=4 partition=1 processed=1200 total=1999 metric=ranking
[pipeline-trace] wall=15:21:15 elapsed=255.409s phase=eval event=interaction_progress trial=4 partition=1 processed=1300 total=1999 metric=ranking
[pipeline-trace] wall=15:21:15 elapsed=255.546s phase=eval event=interaction_progress trial=4 partition=1 processed=1400 total=1999 metric=ranking
[pipeline-trace] wall=15:21:15 elapsed=255.683s phase=eval event=interaction_progress trial=4 partition=1 processed=1500 total=1999 metric=ranking
[pipeline-trace] wall=15:21:15 elapsed=255.820s phase=eval event=interaction_progress trial=4 partition=1 processed=1600 total=1999 metric=ranking
[pipeline-trace] wall=15:21:15 elapsed=255.956s phase=eval event=interaction_progress trial=4 partition=1 processed=1700 total=1999 metric=ranking
[pipeline-trace] wall=15:21:16 elapsed=256.092s phase=eval event=interaction_progress trial=4 partition=1 processed=1800 total=1999 metric=ranking
[pipeline-trace] wall=15:21:16 elapsed=256.229s phase=eval event=interaction_progress trial=4 partition=1 processed=1900 total=1999 metric=ranking
[pipeline-trace] wall=15:21:16 elapsed=256.364s phase=eval event=interaction_progress trial=4 partition=1 processed=1999 total=1999 metric=ranking
[pipeline-trace] wall=15:21:16 elapsed=256.365s phase=eval event=partition_complete trial=4 partition=1 elapsed_sec=2.790 hits=1814 total=1999
[pipeline-trace] wall=15:21:16 elapsed=256.434s phase=train event=interaction_progress trial=5 partition=0 processed=1 total=14000 metric=ce epoch=1/1
[pipeline-trace] wall=15:21:16 elapsed=256.837s phase=train event=interaction_progress trial=5 partition=0 processed=100 total=14000 metric=ce epoch=1/1
[pipeline-trace] wall=15:21:17 elapsed=257.148s phase=train event=interaction_progress trial=5 partition=0 processed=200 total=14000 metric=ce epoch=1/1
[pipeline-trace] wall=15:21:17 elapsed=257.524s phase=train event=interaction_progress trial=5 partition=0 processed=300 total=14000 metric=ce epoch=1/1
[pipeline-trace] wall=15:21:17 elapsed=257.786s phase=train event=interaction_progress trial=5 partition=0 processed=400 total=14000 metric=ce epoch=1/1
[pipeline-trace] wall=15:21:18 elapsed=258.171s phase=train event=interaction_progress trial=5 partition=0 processed=500 total=14000 metric=ce epoch=1/1
[pipeline-trace] wall=15:21:18 elapsed=258.497s phase=train event=interaction_progress trial=5 partition=0 processed=600 total=14000 metric=ce epoch=1/1
[pipeline-trace] wall=15:21:18 elapsed=258.808s phase=train event=interaction_progress trial=5 partition=0 processed=700 total=14000 metric=ce epoch=1/1
[pipeline-trace] wall=15:21:19 elapsed=259.141s phase=train event=interaction_progress trial=5 partition=0 processed=800 total=14000 metric=ce epoch=1/1
[pipeline-trace] wall=15:21:19 elapsed=259.470s phase=train event=interaction_progress trial=5 partition=0 processed=900 total=14000 metric=ce epoch=1/1
[pipeline-trace] wall=15:21:19 elapsed=259.821s phase=train event=interaction_progress trial=5 partition=0 processed=1000 total=14000 metric=ce epoch=1/1
[pipeline-trace] wall=15:21:20 elapsed=260.216s phase=train event=interaction_progress trial=5 partition=0 processed=1100 total=14000 metric=ce epoch=1/1
[pipeline-trace] wall=15:21:20 elapsed=260.559s phase=train event=interaction_progress trial=5 partition=0 processed=1200 total=14000 metric=ce epoch=1/1
[pipeline-trace] wall=15:21:20 elapsed=260.873s phase=train event=interaction_progress trial=5 partition=0 processed=1300 total=14000 metric=ce epoch=1/1
[pipeline-trace] wall=15:21:21 elapsed=261.194s phase=train event=interaction_progress trial=5 partition=0 processed=1400 total=14000 metric=ce epoch=1/1
[pipeline-trace] wall=15:21:21 elapsed=261.505s phase=train event=interaction_progress trial=5 partition=0 processed=1500 total=14000 metric=ce epoch=1/1
[pipeline-trace] wall=15:21:21 elapsed=261.843s phase=train event=interaction_progress trial=5 partition=0 processed=1600 total=14000 metric=ce epoch=1/1
[pipeline-trace] wall=15:21:22 elapsed=262.215s phase=train event=interaction_progress trial=5 partition=0 processed=1700 total=14000 metric=ce epoch=1/1
[pipeline-trace] wall=15:21:22 elapsed=262.573s phase=train event=interaction_progress trial=5 partition=0 processed=1800 total=14000 metric=ce epoch=1/1
[pipeline-trace] wall=15:21:23 elapsed=262.978s phase=train event=interaction_progress trial=5 partition=0 processed=1900 total=14000 metric=ce epoch=1/1
[pipeline-trace] wall=15:21:23 elapsed=263.334s phase=train event=interaction_progress trial=5 partition=0 processed=2000 total=14000 metric=ce epoch=1/1
[pipeline-trace] wall=15:21:23 elapsed=263.677s phase=train event=interaction_progress trial=5 partition=0 processed=2100 total=14000 metric=ce epoch=1/1
[pipeline-trace] wall=15:21:24 elapsed=264.076s phase=train event=interaction_progress trial=5 partition=0 processed=2200 total=14000 metric=ce epoch=1/1
[pipeline-trace] wall=15:21:24 elapsed=264.511s phase=train event=interaction_progress trial=5 partition=0 processed=2300 total=14000 metric=ce epoch=1/1
[pipeline-trace] wall=15:21:24 elapsed=264.910s phase=train event=interaction_progress trial=5 partition=0 processed=2400 total=14000 metric=ce epoch=1/1
[pipeline-trace] wall=15:21:25 elapsed=265.297s phase=train event=interaction_progress trial=5 partition=0 processed=2500 total=14000 metric=ce epoch=1/1
[pipeline-trace] wall=15:21:25 elapsed=265.691s phase=train event=interaction_progress trial=5 partition=0 processed=2600 total=14000 metric=ce epoch=1/1
[pipeline-trace] wall=15:21:26 elapsed=266.060s phase=train event=interaction_progress trial=5 partition=0 processed=2700 total=14000 metric=ce epoch=1/1
[pipeline-trace] wall=15:21:26 elapsed=266.406s phase=train event=interaction_progress trial=5 partition=0 processed=2800 total=14000 metric=ce epoch=1/1
[pipeline-trace] wall=15:21:26 elapsed=266.765s phase=train event=interaction_progress trial=5 partition=0 processed=2900 total=14000 metric=ce epoch=1/1
[pipeline-trace] wall=15:21:27 elapsed=267.139s phase=train event=interaction_progress trial=5 partition=0 processed=3000 total=14000 metric=ce epoch=1/1
[pipeline-trace] wall=15:21:27 elapsed=267.459s phase=train event=interaction_progress trial=5 partition=0 processed=3100 total=14000 metric=ce epoch=1/1
[pipeline-trace] wall=15:21:27 elapsed=267.773s phase=train event=interaction_progress trial=5 partition=0 processed=3200 total=14000 metric=ce epoch=1/1
[pipeline-trace] wall=15:21:28 elapsed=268.131s phase=train event=interaction_progress trial=5 partition=0 processed=3300 total=14000 metric=ce epoch=1/1
[pipeline-trace] wall=15:21:28 elapsed=268.491s phase=train event=interaction_progress trial=5 partition=0 processed=3400 total=14000 metric=ce epoch=1/1
[pipeline-trace] wall=15:21:28 elapsed=268.850s phase=train event=interaction_progress trial=5 partition=0 processed=3500 total=14000 metric=ce epoch=1/1
[pipeline-trace] wall=15:21:29 elapsed=269.208s phase=train event=interaction_progress trial=5 partition=0 processed=3600 total=14000 metric=ce epoch=1/1
[pipeline-trace] wall=15:21:29 elapsed=269.561s phase=train event=interaction_progress trial=5 partition=0 processed=3700 total=14000 metric=ce epoch=1/1
[pipeline-trace] wall=15:21:29 elapsed=269.926s phase=train event=interaction_progress trial=5 partition=0 processed=3800 total=14000 metric=ce epoch=1/1
[pipeline-trace] wall=15:21:30 elapsed=270.288s phase=train event=interaction_progress trial=5 partition=0 processed=3900 total=14000 metric=ce epoch=1/1
[pipeline-trace] wall=15:21:30 elapsed=270.705s phase=train event=interaction_progress trial=5 partition=0 processed=4000 total=14000 metric=ce epoch=1/1
[pipeline-trace] wall=15:21:31 elapsed=271.146s phase=train event=interaction_progress trial=5 partition=0 processed=4100 total=14000 metric=ce epoch=1/1
[pipeline-trace] wall=15:21:31 elapsed=271.552s phase=train event=interaction_progress trial=5 partition=0 processed=4200 total=14000 metric=ce epoch=1/1
[pipeline-trace] wall=15:21:32 elapsed=271.983s phase=train event=interaction_progress trial=5 partition=0 processed=4300 total=14000 metric=ce epoch=1/1
[pipeline-trace] wall=15:21:32 elapsed=272.385s phase=train event=interaction_progress trial=5 partition=0 processed=4400 total=14000 metric=ce epoch=1/1
[pipeline-trace] wall=15:21:32 elapsed=272.794s phase=train event=interaction_progress trial=5 partition=0 processed=4500 total=14000 metric=ce epoch=1/1
[pipeline-trace] wall=15:21:33 elapsed=273.222s phase=train event=interaction_progress trial=5 partition=0 processed=4600 total=14000 metric=ce epoch=1/1
[pipeline-trace] wall=15:21:33 elapsed=273.647s phase=train event=interaction_progress trial=5 partition=0 processed=4700 total=14000 metric=ce epoch=1/1
[pipeline-trace] wall=15:21:34 elapsed=274.083s phase=train event=interaction_progress trial=5 partition=0 processed=4800 total=14000 metric=ce epoch=1/1
[pipeline-trace] wall=15:21:34 elapsed=274.467s phase=train event=interaction_progress trial=5 partition=0 processed=4900 total=14000 metric=ce epoch=1/1
[pipeline-trace] wall=15:21:34 elapsed=274.834s phase=train event=interaction_progress trial=5 partition=0 processed=5000 total=14000 metric=ce epoch=1/1
[pipeline-trace] wall=15:21:35 elapsed=275.220s phase=train event=interaction_progress trial=5 partition=0 processed=5100 total=14000 metric=ce epoch=1/1
[pipeline-trace] wall=15:21:35 elapsed=275.641s phase=train event=interaction_progress trial=5 partition=0 processed=5200 total=14000 metric=ce epoch=1/1
[pipeline-trace] wall=15:21:36 elapsed=276.049s phase=train event=interaction_progress trial=5 partition=0 processed=5300 total=14000 metric=ce epoch=1/1
[pipeline-trace] wall=15:21:36 elapsed=276.411s phase=train event=interaction_progress trial=5 partition=0 processed=5400 total=14000 metric=ce epoch=1/1
[pipeline-trace] wall=15:21:36 elapsed=276.745s phase=train event=interaction_progress trial=5 partition=0 processed=5500 total=14000 metric=ce epoch=1/1
[pipeline-trace] wall=15:21:37 elapsed=277.120s phase=train event=interaction_progress trial=5 partition=0 processed=5600 total=14000 metric=ce epoch=1/1
[pipeline-trace] wall=15:21:37 elapsed=277.531s phase=train event=interaction_progress trial=5 partition=0 processed=5700 total=14000 metric=ce epoch=1/1
[pipeline-trace] wall=15:21:37 elapsed=277.962s phase=train event=interaction_progress trial=5 partition=0 processed=5800 total=14000 metric=ce epoch=1/1
[pipeline-trace] wall=15:21:38 elapsed=278.396s phase=train event=interaction_progress trial=5 partition=0 processed=5900 total=14000 metric=ce epoch=1/1
[pipeline-trace] wall=15:21:38 elapsed=278.780s phase=train event=interaction_progress trial=5 partition=0 processed=6000 total=14000 metric=ce epoch=1/1
[pipeline-trace] wall=15:21:39 elapsed=279.142s phase=train event=interaction_progress trial=5 partition=0 processed=6100 total=14000 metric=ce epoch=1/1
[pipeline-trace] wall=15:21:39 elapsed=279.510s phase=train event=interaction_progress trial=5 partition=0 processed=6200 total=14000 metric=ce epoch=1/1
[pipeline-trace] wall=15:21:39 elapsed=279.856s phase=train event=interaction_progress trial=5 partition=0 processed=6300 total=14000 metric=ce epoch=1/1
[pipeline-trace] wall=15:21:40 elapsed=280.243s phase=train event=interaction_progress trial=5 partition=0 processed=6400 total=14000 metric=ce epoch=1/1
[pipeline-trace] wall=15:21:40 elapsed=280.657s phase=train event=interaction_progress trial=5 partition=0 processed=6500 total=14000 metric=ce epoch=1/1
[pipeline-trace] wall=15:21:41 elapsed=281.013s phase=train event=interaction_progress trial=5 partition=0 processed=6600 total=14000 metric=ce epoch=1/1
[pipeline-trace] wall=15:21:41 elapsed=281.369s phase=train event=interaction_progress trial=5 partition=0 processed=6700 total=14000 metric=ce epoch=1/1
[pipeline-trace] wall=15:21:41 elapsed=281.745s phase=train event=interaction_progress trial=5 partition=0 processed=6800 total=14000 metric=ce epoch=1/1
[pipeline-trace] wall=15:21:42 elapsed=282.090s phase=train event=interaction_progress trial=5 partition=0 processed=6900 total=14000 metric=ce epoch=1/1
[pipeline-trace] wall=15:21:42 elapsed=282.603s phase=train event=interaction_progress trial=5 partition=0 processed=7000 total=14000 metric=ce epoch=1/1
[pipeline-trace] wall=15:21:43 elapsed=283.140s phase=train event=interaction_progress trial=5 partition=0 processed=7100 total=14000 metric=ce epoch=1/1
[pipeline-trace] wall=15:21:43 elapsed=283.560s phase=train event=interaction_progress trial=5 partition=0 processed=7200 total=14000 metric=ce epoch=1/1
[pipeline-trace] wall=15:21:44 elapsed=284.037s phase=train event=interaction_progress trial=5 partition=0 processed=7300 total=14000 metric=ce epoch=1/1
[pipeline-trace] wall=15:21:44 elapsed=284.527s phase=train event=interaction_progress trial=5 partition=0 processed=7400 total=14000 metric=ce epoch=1/1
[pipeline-trace] wall=15:21:45 elapsed=285.037s phase=train event=interaction_progress trial=5 partition=0 processed=7500 total=14000 metric=ce epoch=1/1
[pipeline-trace] wall=15:21:45 elapsed=285.506s phase=train event=interaction_progress trial=5 partition=0 processed=7600 total=14000 metric=ce epoch=1/1
[pipeline-trace] wall=15:21:45 elapsed=285.928s phase=train event=interaction_progress trial=5 partition=0 processed=7700 total=14000 metric=ce epoch=1/1
[pipeline-trace] wall=15:21:46 elapsed=286.397s phase=train event=interaction_progress trial=5 partition=0 processed=7800 total=14000 metric=ce epoch=1/1
[pipeline-trace] wall=15:21:46 elapsed=286.735s phase=train event=interaction_progress trial=5 partition=0 processed=7900 total=14000 metric=ce epoch=1/1
[pipeline-trace] wall=15:21:47 elapsed=287.048s phase=train event=interaction_progress trial=5 partition=0 processed=8000 total=14000 metric=ce epoch=1/1
[pipeline-trace] wall=15:21:47 elapsed=287.384s phase=train event=interaction_progress trial=5 partition=0 processed=8100 total=14000 metric=ce epoch=1/1
[pipeline-trace] wall=15:21:47 elapsed=287.753s phase=train event=interaction_progress trial=5 partition=0 processed=8200 total=14000 metric=ce epoch=1/1
[pipeline-trace] wall=15:21:48 elapsed=288.091s phase=train event=interaction_progress trial=5 partition=0 processed=8300 total=14000 metric=ce epoch=1/1
[pipeline-trace] wall=15:21:48 elapsed=288.479s phase=train event=interaction_progress trial=5 partition=0 processed=8400 total=14000 metric=ce epoch=1/1
[pipeline-trace] wall=15:21:48 elapsed=288.884s phase=train event=interaction_progress trial=5 partition=0 processed=8500 total=14000 metric=ce epoch=1/1
[pipeline-trace] wall=15:21:49 elapsed=289.284s phase=train event=interaction_progress trial=5 partition=0 processed=8600 total=14000 metric=ce epoch=1/1
[pipeline-trace] wall=15:21:49 elapsed=289.689s phase=train event=interaction_progress trial=5 partition=0 processed=8700 total=14000 metric=ce epoch=1/1
[pipeline-trace] wall=15:21:50 elapsed=290.038s phase=train event=interaction_progress trial=5 partition=0 processed=8800 total=14000 metric=ce epoch=1/1
[pipeline-trace] wall=15:21:50 elapsed=290.425s phase=train event=interaction_progress trial=5 partition=0 processed=8900 total=14000 metric=ce epoch=1/1
[pipeline-trace] wall=15:21:50 elapsed=290.833s phase=train event=interaction_progress trial=5 partition=0 processed=9000 total=14000 metric=ce epoch=1/1
[pipeline-trace] wall=15:21:51 elapsed=291.249s phase=train event=interaction_progress trial=5 partition=0 processed=9100 total=14000 metric=ce epoch=1/1
[pipeline-trace] wall=15:21:51 elapsed=291.671s phase=train event=interaction_progress trial=5 partition=0 processed=9200 total=14000 metric=ce epoch=1/1
[pipeline-trace] wall=15:21:52 elapsed=292.090s phase=train event=interaction_progress trial=5 partition=0 processed=9300 total=14000 metric=ce epoch=1/1
[pipeline-trace] wall=15:21:52 elapsed=292.487s phase=train event=interaction_progress trial=5 partition=0 processed=9400 total=14000 metric=ce epoch=1/1
[pipeline-trace] wall=15:21:52 elapsed=292.875s phase=train event=interaction_progress trial=5 partition=0 processed=9500 total=14000 metric=ce epoch=1/1
[pipeline-trace] wall=15:21:53 elapsed=293.191s phase=train event=interaction_progress trial=5 partition=0 processed=9600 total=14000 metric=ce epoch=1/1
[pipeline-trace] wall=15:21:53 elapsed=293.586s phase=train event=interaction_progress trial=5 partition=0 processed=9700 total=14000 metric=ce epoch=1/1
[pipeline-trace] wall=15:21:54 elapsed=293.997s phase=train event=interaction_progress trial=5 partition=0 processed=9800 total=14000 metric=ce epoch=1/1
[pipeline-trace] wall=15:21:54 elapsed=294.382s phase=train event=interaction_progress trial=5 partition=0 processed=9900 total=14000 metric=ce epoch=1/1
[pipeline-trace] wall=15:21:54 elapsed=294.784s phase=train event=interaction_progress trial=5 partition=0 processed=10000 total=14000 metric=ce epoch=1/1
[pipeline-trace] wall=15:21:55 elapsed=295.187s phase=train event=interaction_progress trial=5 partition=0 processed=10100 total=14000 metric=ce epoch=1/1
[pipeline-trace] wall=15:21:55 elapsed=295.607s phase=train event=interaction_progress trial=5 partition=0 processed=10200 total=14000 metric=ce epoch=1/1
[pipeline-trace] wall=15:21:56 elapsed=296.026s phase=train event=interaction_progress trial=5 partition=0 processed=10300 total=14000 metric=ce epoch=1/1
[pipeline-trace] wall=15:21:56 elapsed=296.432s phase=train event=interaction_progress trial=5 partition=0 processed=10400 total=14000 metric=ce epoch=1/1
[pipeline-trace] wall=15:21:56 elapsed=296.759s phase=train event=interaction_progress trial=5 partition=0 processed=10500 total=14000 metric=ce epoch=1/1
[pipeline-trace] wall=15:21:57 elapsed=297.165s phase=train event=interaction_progress trial=5 partition=0 processed=10600 total=14000 metric=ce epoch=1/1
[pipeline-trace] wall=15:21:57 elapsed=297.574s phase=train event=interaction_progress trial=5 partition=0 processed=10700 total=14000 metric=ce epoch=1/1
[pipeline-trace] wall=15:21:58 elapsed=297.965s phase=train event=interaction_progress trial=5 partition=0 processed=10800 total=14000 metric=ce epoch=1/1
[pipeline-trace] wall=15:21:58 elapsed=298.312s phase=train event=interaction_progress trial=5 partition=0 processed=10900 total=14000 metric=ce epoch=1/1
[pipeline-trace] wall=15:21:58 elapsed=298.682s phase=train event=interaction_progress trial=5 partition=0 processed=11000 total=14000 metric=ce epoch=1/1
[pipeline-trace] wall=15:21:59 elapsed=299.041s phase=train event=interaction_progress trial=5 partition=0 processed=11100 total=14000 metric=ce epoch=1/1
[pipeline-trace] wall=15:21:59 elapsed=299.427s phase=train event=interaction_progress trial=5 partition=0 processed=11200 total=14000 metric=ce epoch=1/1
[pipeline-trace] wall=15:21:59 elapsed=299.865s phase=train event=interaction_progress trial=5 partition=0 processed=11300 total=14000 metric=ce epoch=1/1
[pipeline-trace] wall=15:22:00 elapsed=300.231s phase=train event=interaction_progress trial=5 partition=0 processed=11400 total=14000 metric=ce epoch=1/1
[pipeline-trace] wall=15:22:00 elapsed=300.540s phase=train event=interaction_progress trial=5 partition=0 processed=11500 total=14000 metric=ce epoch=1/1
[pipeline-trace] wall=15:22:00 elapsed=300.872s phase=train event=interaction_progress trial=5 partition=0 processed=11600 total=14000 metric=ce epoch=1/1
[pipeline-trace] wall=15:22:01 elapsed=301.230s phase=train event=interaction_progress trial=5 partition=0 processed=11700 total=14000 metric=ce epoch=1/1
[pipeline-trace] wall=15:22:01 elapsed=301.598s phase=train event=interaction_progress trial=5 partition=0 processed=11800 total=14000 metric=ce epoch=1/1
[pipeline-trace] wall=15:22:01 elapsed=301.957s phase=train event=interaction_progress trial=5 partition=0 processed=11900 total=14000 metric=ce epoch=1/1
[pipeline-trace] wall=15:22:02 elapsed=302.276s phase=train event=interaction_progress trial=5 partition=0 processed=12000 total=14000 metric=ce epoch=1/1
[pipeline-trace] wall=15:22:02 elapsed=302.620s phase=train event=interaction_progress trial=5 partition=0 processed=12100 total=14000 metric=ce epoch=1/1
[pipeline-trace] wall=15:22:03 elapsed=303.018s phase=train event=interaction_progress trial=5 partition=0 processed=12200 total=14000 metric=ce epoch=1/1
[pipeline-trace] wall=15:22:03 elapsed=303.414s phase=train event=interaction_progress trial=5 partition=0 processed=12300 total=14000 metric=ce epoch=1/1
[pipeline-trace] wall=15:22:03 elapsed=303.721s phase=train event=interaction_progress trial=5 partition=0 processed=12400 total=14000 metric=ce epoch=1/1
[pipeline-trace] wall=15:22:04 elapsed=304.118s phase=train event=interaction_progress trial=5 partition=0 processed=12500 total=14000 metric=ce epoch=1/1
[pipeline-trace] wall=15:22:04 elapsed=304.513s phase=train event=interaction_progress trial=5 partition=0 processed=12600 total=14000 metric=ce epoch=1/1
[pipeline-trace] wall=15:22:04 elapsed=304.927s phase=train event=interaction_progress trial=5 partition=0 processed=12700 total=14000 metric=ce epoch=1/1
[pipeline-trace] wall=15:22:05 elapsed=305.329s phase=train event=interaction_progress trial=5 partition=0 processed=12800 total=14000 metric=ce epoch=1/1
[pipeline-trace] wall=15:22:05 elapsed=305.695s phase=train event=interaction_progress trial=5 partition=0 processed=12900 total=14000 metric=ce epoch=1/1
[pipeline-trace] wall=15:22:06 elapsed=306.061s phase=train event=interaction_progress trial=5 partition=0 processed=13000 total=14000 metric=ce epoch=1/1
[pipeline-trace] wall=15:22:06 elapsed=306.451s phase=train event=interaction_progress trial=5 partition=0 processed=13100 total=14000 metric=ce epoch=1/1
[pipeline-trace] wall=15:22:06 elapsed=306.877s phase=train event=interaction_progress trial=5 partition=0 processed=13200 total=14000 metric=ce epoch=1/1
[pipeline-trace] wall=15:22:07 elapsed=307.291s phase=train event=interaction_progress trial=5 partition=0 processed=13300 total=14000 metric=ce epoch=1/1
[pipeline-trace] wall=15:22:07 elapsed=307.706s phase=train event=interaction_progress trial=5 partition=0 processed=13400 total=14000 metric=ce epoch=1/1
[pipeline-trace] wall=15:22:08 elapsed=308.123s phase=train event=interaction_progress trial=5 partition=0 processed=13500 total=14000 metric=ce epoch=1/1
[pipeline-trace] wall=15:22:08 elapsed=308.574s phase=train event=interaction_progress trial=5 partition=0 processed=13600 total=14000 metric=ce epoch=1/1
[pipeline-trace] wall=15:22:09 elapsed=308.979s phase=train event=interaction_progress trial=5 partition=0 processed=13700 total=14000 metric=ce epoch=1/1
[pipeline-trace] wall=15:22:09 elapsed=309.324s phase=train event=interaction_progress trial=5 partition=0 processed=13800 total=14000 metric=ce epoch=1/1
[pipeline-trace] wall=15:22:09 elapsed=309.698s phase=train event=interaction_progress trial=5 partition=0 processed=13900 total=14000 metric=ce epoch=1/1
[pipeline-trace] wall=15:22:10 elapsed=310.094s phase=train event=interaction_progress trial=5 partition=0 processed=14000 total=14000 metric=ce epoch=1/1
[pipeline-trace] wall=15:22:10 elapsed=310.179s phase=eval event=batch_start trial=5 partitions=[1] synthetic=False
[pipeline-trace] wall=15:22:10 elapsed=310.179s phase=eval event=partition_start trial=5 partition=1 interactions=1999
[pipeline-trace] wall=15:22:10 elapsed=310.179s phase=eval event=interaction_progress trial=5 partition=1 processed=1 total=1999 metric=ranking
[pipeline-trace] wall=15:22:10 elapsed=310.328s phase=eval event=interaction_progress trial=5 partition=1 processed=100 total=1999 metric=ranking
[pipeline-trace] wall=15:22:10 elapsed=310.477s phase=eval event=interaction_progress trial=5 partition=1 processed=200 total=1999 metric=ranking
[pipeline-trace] wall=15:22:10 elapsed=310.625s phase=eval event=interaction_progress trial=5 partition=1 processed=300 total=1999 metric=ranking
[pipeline-trace] wall=15:22:10 elapsed=310.774s phase=eval event=interaction_progress trial=5 partition=1 processed=400 total=1999 metric=ranking
[pipeline-trace] wall=15:22:10 elapsed=310.924s phase=eval event=interaction_progress trial=5 partition=1 processed=500 total=1999 metric=ranking
[pipeline-trace] wall=15:22:11 elapsed=311.073s phase=eval event=interaction_progress trial=5 partition=1 processed=600 total=1999 metric=ranking
[pipeline-trace] wall=15:22:11 elapsed=311.223s phase=eval event=interaction_progress trial=5 partition=1 processed=700 total=1999 metric=ranking
[pipeline-trace] wall=15:22:11 elapsed=311.371s phase=eval event=interaction_progress trial=5 partition=1 processed=800 total=1999 metric=ranking
[pipeline-trace] wall=15:22:11 elapsed=311.519s phase=eval event=interaction_progress trial=5 partition=1 processed=900 total=1999 metric=ranking
[pipeline-trace] wall=15:22:11 elapsed=311.671s phase=eval event=interaction_progress trial=5 partition=1 processed=1000 total=1999 metric=ranking
[pipeline-trace] wall=15:22:11 elapsed=311.844s phase=eval event=interaction_progress trial=5 partition=1 processed=1100 total=1999 metric=ranking
[pipeline-trace] wall=15:22:12 elapsed=311.990s phase=eval event=interaction_progress trial=5 partition=1 processed=1200 total=1999 metric=ranking
[pipeline-trace] wall=15:22:12 elapsed=312.135s phase=eval event=interaction_progress trial=5 partition=1 processed=1300 total=1999 metric=ranking
[pipeline-trace] wall=15:22:12 elapsed=312.280s phase=eval event=interaction_progress trial=5 partition=1 processed=1400 total=1999 metric=ranking
[pipeline-trace] wall=15:22:12 elapsed=312.426s phase=eval event=interaction_progress trial=5 partition=1 processed=1500 total=1999 metric=ranking
[pipeline-trace] wall=15:22:12 elapsed=312.571s phase=eval event=interaction_progress trial=5 partition=1 processed=1600 total=1999 metric=ranking
[pipeline-trace] wall=15:22:12 elapsed=312.716s phase=eval event=interaction_progress trial=5 partition=1 processed=1700 total=1999 metric=ranking
[pipeline-trace] wall=15:22:12 elapsed=312.861s phase=eval event=interaction_progress trial=5 partition=1 processed=1800 total=1999 metric=ranking
[pipeline-trace] wall=15:22:13 elapsed=313.006s phase=eval event=interaction_progress trial=5 partition=1 processed=1900 total=1999 metric=ranking
[pipeline-trace] wall=15:22:13 elapsed=313.150s phase=eval event=interaction_progress trial=5 partition=1 processed=1999 total=1999 metric=ranking
[pipeline-trace] wall=15:22:13 elapsed=313.151s phase=eval event=partition_complete trial=5 partition=1 elapsed_sec=2.972 hits=1477 total=1999
[pipeline-trace] wall=15:22:13 elapsed=313.222s phase=train event=interaction_progress trial=6 partition=0 processed=1 total=14000 metric=ce epoch=1/1
[pipeline-trace] wall=15:22:13 elapsed=313.505s phase=train event=interaction_progress trial=6 partition=0 processed=100 total=14000 metric=ce epoch=1/1
[pipeline-trace] wall=15:22:13 elapsed=313.780s phase=train event=interaction_progress trial=6 partition=0 processed=200 total=14000 metric=ce epoch=1/1
[pipeline-trace] wall=15:22:14 elapsed=314.056s phase=train event=interaction_progress trial=6 partition=0 processed=300 total=14000 metric=ce epoch=1/1
[pipeline-trace] wall=15:22:14 elapsed=314.327s phase=train event=interaction_progress trial=6 partition=0 processed=400 total=14000 metric=ce epoch=1/1
[pipeline-trace] wall=15:22:14 elapsed=314.648s phase=train event=interaction_progress trial=6 partition=0 processed=500 total=14000 metric=ce epoch=1/1
[pipeline-trace] wall=15:22:14 elapsed=314.941s phase=train event=interaction_progress trial=6 partition=0 processed=600 total=14000 metric=ce epoch=1/1
[pipeline-trace] wall=15:22:15 elapsed=315.237s phase=train event=interaction_progress trial=6 partition=0 processed=700 total=14000 metric=ce epoch=1/1
[pipeline-trace] wall=15:22:15 elapsed=315.553s phase=train event=interaction_progress trial=6 partition=0 processed=800 total=14000 metric=ce epoch=1/1
[pipeline-trace] wall=15:22:15 elapsed=315.848s phase=train event=interaction_progress trial=6 partition=0 processed=900 total=14000 metric=ce epoch=1/1
[pipeline-trace] wall=15:22:16 elapsed=316.158s phase=train event=interaction_progress trial=6 partition=0 processed=1000 total=14000 metric=ce epoch=1/1
[pipeline-trace] wall=15:22:16 elapsed=316.450s phase=train event=interaction_progress trial=6 partition=0 processed=1100 total=14000 metric=ce epoch=1/1
[pipeline-trace] wall=15:22:16 elapsed=316.764s phase=train event=interaction_progress trial=6 partition=0 processed=1200 total=14000 metric=ce epoch=1/1
[pipeline-trace] wall=15:22:17 elapsed=317.073s phase=train event=interaction_progress trial=6 partition=0 processed=1300 total=14000 metric=ce epoch=1/1
[pipeline-trace] wall=15:22:17 elapsed=317.387s phase=train event=interaction_progress trial=6 partition=0 processed=1400 total=14000 metric=ce epoch=1/1
[pipeline-trace] wall=15:22:17 elapsed=317.686s phase=train event=interaction_progress trial=6 partition=0 processed=1500 total=14000 metric=ce epoch=1/1
[pipeline-trace] wall=15:22:18 elapsed=317.974s phase=train event=interaction_progress trial=6 partition=0 processed=1600 total=14000 metric=ce epoch=1/1
[pipeline-trace] wall=15:22:18 elapsed=318.238s phase=train event=interaction_progress trial=6 partition=0 processed=1700 total=14000 metric=ce epoch=1/1
[pipeline-trace] wall=15:22:18 elapsed=318.535s phase=train event=interaction_progress trial=6 partition=0 processed=1800 total=14000 metric=ce epoch=1/1
[pipeline-trace] wall=15:22:18 elapsed=318.839s phase=train event=interaction_progress trial=6 partition=0 processed=1900 total=14000 metric=ce epoch=1/1
[pipeline-trace] wall=15:22:19 elapsed=319.110s phase=train event=interaction_progress trial=6 partition=0 processed=2000 total=14000 metric=ce epoch=1/1
[pipeline-trace] wall=15:22:19 elapsed=319.362s phase=train event=interaction_progress trial=6 partition=0 processed=2100 total=14000 metric=ce epoch=1/1
[pipeline-trace] wall=15:22:19 elapsed=319.672s phase=train event=interaction_progress trial=6 partition=0 processed=2200 total=14000 metric=ce epoch=1/1
[pipeline-trace] wall=15:22:20 elapsed=319.978s phase=train event=interaction_progress trial=6 partition=0 processed=2300 total=14000 metric=ce epoch=1/1
[pipeline-trace] wall=15:22:20 elapsed=320.263s phase=train event=interaction_progress trial=6 partition=0 processed=2400 total=14000 metric=ce epoch=1/1
[pipeline-trace] wall=15:22:20 elapsed=320.538s phase=train event=interaction_progress trial=6 partition=0 processed=2500 total=14000 metric=ce epoch=1/1
[pipeline-trace] wall=15:22:20 elapsed=320.823s phase=train event=interaction_progress trial=6 partition=0 processed=2600 total=14000 metric=ce epoch=1/1
[pipeline-trace] wall=15:22:21 elapsed=321.129s phase=train event=interaction_progress trial=6 partition=0 processed=2700 total=14000 metric=ce epoch=1/1
[pipeline-trace] wall=15:22:21 elapsed=321.429s phase=train event=interaction_progress trial=6 partition=0 processed=2800 total=14000 metric=ce epoch=1/1
[pipeline-trace] wall=15:22:21 elapsed=321.740s phase=train event=interaction_progress trial=6 partition=0 processed=2900 total=14000 metric=ce epoch=1/1
[pipeline-trace] wall=15:22:22 elapsed=322.046s phase=train event=interaction_progress trial=6 partition=0 processed=3000 total=14000 metric=ce epoch=1/1
[pipeline-trace] wall=15:22:22 elapsed=322.353s phase=train event=interaction_progress trial=6 partition=0 processed=3100 total=14000 metric=ce epoch=1/1
[pipeline-trace] wall=15:22:22 elapsed=322.652s phase=train event=interaction_progress trial=6 partition=0 processed=3200 total=14000 metric=ce epoch=1/1
[pipeline-trace] wall=15:22:22 elapsed=322.946s phase=train event=interaction_progress trial=6 partition=0 processed=3300 total=14000 metric=ce epoch=1/1
[pipeline-trace] wall=15:22:23 elapsed=323.254s phase=train event=interaction_progress trial=6 partition=0 processed=3400 total=14000 metric=ce epoch=1/1
[pipeline-trace] wall=15:22:23 elapsed=323.569s phase=train event=interaction_progress trial=6 partition=0 processed=3500 total=14000 metric=ce epoch=1/1
[pipeline-trace] wall=15:22:23 elapsed=323.880s phase=train event=interaction_progress trial=6 partition=0 processed=3600 total=14000 metric=ce epoch=1/1
[pipeline-trace] wall=15:22:24 elapsed=324.169s phase=train event=interaction_progress trial=6 partition=0 processed=3700 total=14000 metric=ce epoch=1/1
[pipeline-trace] wall=15:22:24 elapsed=324.493s phase=train event=interaction_progress trial=6 partition=0 processed=3800 total=14000 metric=ce epoch=1/1
[pipeline-trace] wall=15:22:24 elapsed=324.818s phase=train event=interaction_progress trial=6 partition=0 processed=3900 total=14000 metric=ce epoch=1/1
[pipeline-trace] wall=15:22:25 elapsed=325.126s phase=train event=interaction_progress trial=6 partition=0 processed=4000 total=14000 metric=ce epoch=1/1
[pipeline-trace] wall=15:22:25 elapsed=325.425s phase=train event=interaction_progress trial=6 partition=0 processed=4100 total=14000 metric=ce epoch=1/1
[pipeline-trace] wall=15:22:25 elapsed=325.776s phase=train event=interaction_progress trial=6 partition=0 processed=4200 total=14000 metric=ce epoch=1/1
[pipeline-trace] wall=15:22:26 elapsed=326.155s phase=train event=interaction_progress trial=6 partition=0 processed=4300 total=14000 metric=ce epoch=1/1
[pipeline-trace] wall=15:22:26 elapsed=326.435s phase=train event=interaction_progress trial=6 partition=0 processed=4400 total=14000 metric=ce epoch=1/1
[pipeline-trace] wall=15:22:26 elapsed=326.708s phase=train event=interaction_progress trial=6 partition=0 processed=4500 total=14000 metric=ce epoch=1/1
[pipeline-trace] wall=15:22:27 elapsed=327.011s phase=train event=interaction_progress trial=6 partition=0 processed=4600 total=14000 metric=ce epoch=1/1
[pipeline-trace] wall=15:22:27 elapsed=327.310s phase=train event=interaction_progress trial=6 partition=0 processed=4700 total=14000 metric=ce epoch=1/1
[pipeline-trace] wall=15:22:27 elapsed=327.612s phase=train event=interaction_progress trial=6 partition=0 processed=4800 total=14000 metric=ce epoch=1/1
[pipeline-trace] wall=15:22:27 elapsed=327.919s phase=train event=interaction_progress trial=6 partition=0 processed=4900 total=14000 metric=ce epoch=1/1
[pipeline-trace] wall=15:22:28 elapsed=328.204s phase=train event=interaction_progress trial=6 partition=0 processed=5000 total=14000 metric=ce epoch=1/1
[pipeline-trace] wall=15:22:28 elapsed=328.442s phase=train event=interaction_progress trial=6 partition=0 processed=5100 total=14000 metric=ce epoch=1/1
[pipeline-trace] wall=15:22:28 elapsed=328.728s phase=train event=interaction_progress trial=6 partition=0 processed=5200 total=14000 metric=ce epoch=1/1
[pipeline-trace] wall=15:22:29 elapsed=329.021s phase=train event=interaction_progress trial=6 partition=0 processed=5300 total=14000 metric=ce epoch=1/1
[pipeline-trace] wall=15:22:29 elapsed=329.331s phase=train event=interaction_progress trial=6 partition=0 processed=5400 total=14000 metric=ce epoch=1/1
[pipeline-trace] wall=15:22:29 elapsed=329.648s phase=train event=interaction_progress trial=6 partition=0 processed=5500 total=14000 metric=ce epoch=1/1
[pipeline-trace] wall=15:22:29 elapsed=329.962s phase=train event=interaction_progress trial=6 partition=0 processed=5600 total=14000 metric=ce epoch=1/1
[pipeline-trace] wall=15:22:30 elapsed=330.292s phase=train event=interaction_progress trial=6 partition=0 processed=5700 total=14000 metric=ce epoch=1/1
[pipeline-trace] wall=15:22:30 elapsed=330.637s phase=train event=interaction_progress trial=6 partition=0 processed=5800 total=14000 metric=ce epoch=1/1
[pipeline-trace] wall=15:22:30 elapsed=330.936s phase=train event=interaction_progress trial=6 partition=0 processed=5900 total=14000 metric=ce epoch=1/1
[pipeline-trace] wall=15:22:31 elapsed=331.245s phase=train event=interaction_progress trial=6 partition=0 processed=6000 total=14000 metric=ce epoch=1/1
[pipeline-trace] wall=15:22:31 elapsed=331.581s phase=train event=interaction_progress trial=6 partition=0 processed=6100 total=14000 metric=ce epoch=1/1
[pipeline-trace] wall=15:22:31 elapsed=331.913s phase=train event=interaction_progress trial=6 partition=0 processed=6200 total=14000 metric=ce epoch=1/1
[pipeline-trace] wall=15:22:32 elapsed=332.245s phase=train event=interaction_progress trial=6 partition=0 processed=6300 total=14000 metric=ce epoch=1/1
[pipeline-trace] wall=15:22:32 elapsed=332.553s phase=train event=interaction_progress trial=6 partition=0 processed=6400 total=14000 metric=ce epoch=1/1
[pipeline-trace] wall=15:22:32 elapsed=332.906s phase=train event=interaction_progress trial=6 partition=0 processed=6500 total=14000 metric=ce epoch=1/1
[pipeline-trace] wall=15:22:33 elapsed=333.235s phase=train event=interaction_progress trial=6 partition=0 processed=6600 total=14000 metric=ce epoch=1/1
[pipeline-trace] wall=15:22:33 elapsed=333.539s phase=train event=interaction_progress trial=6 partition=0 processed=6700 total=14000 metric=ce epoch=1/1
[pipeline-trace] wall=15:22:33 elapsed=333.850s phase=train event=interaction_progress trial=6 partition=0 processed=6800 total=14000 metric=ce epoch=1/1
[pipeline-trace] wall=15:22:34 elapsed=334.155s phase=train event=interaction_progress trial=6 partition=0 processed=6900 total=14000 metric=ce epoch=1/1
[pipeline-trace] wall=15:22:34 elapsed=334.472s phase=train event=interaction_progress trial=6 partition=0 processed=7000 total=14000 metric=ce epoch=1/1
[pipeline-trace] wall=15:22:34 elapsed=334.755s phase=train event=interaction_progress trial=6 partition=0 processed=7100 total=14000 metric=ce epoch=1/1
[pipeline-trace] wall=15:22:35 elapsed=335.065s phase=train event=interaction_progress trial=6 partition=0 processed=7200 total=14000 metric=ce epoch=1/1
[pipeline-trace] wall=15:22:35 elapsed=335.366s phase=train event=interaction_progress trial=6 partition=0 processed=7300 total=14000 metric=ce epoch=1/1
[pipeline-trace] wall=15:22:35 elapsed=335.666s phase=train event=interaction_progress trial=6 partition=0 processed=7400 total=14000 metric=ce epoch=1/1
[pipeline-trace] wall=15:22:36 elapsed=335.974s phase=train event=interaction_progress trial=6 partition=0 processed=7500 total=14000 metric=ce epoch=1/1
[pipeline-trace] wall=15:22:36 elapsed=336.283s phase=train event=interaction_progress trial=6 partition=0 processed=7600 total=14000 metric=ce epoch=1/1
[pipeline-trace] wall=15:22:36 elapsed=336.592s phase=train event=interaction_progress trial=6 partition=0 processed=7700 total=14000 metric=ce epoch=1/1
[pipeline-trace] wall=15:22:36 elapsed=336.895s phase=train event=interaction_progress trial=6 partition=0 processed=7800 total=14000 metric=ce epoch=1/1
[pipeline-trace] wall=15:22:37 elapsed=337.195s phase=train event=interaction_progress trial=6 partition=0 processed=7900 total=14000 metric=ce epoch=1/1
[pipeline-trace] wall=15:22:37 elapsed=337.481s phase=train event=interaction_progress trial=6 partition=0 processed=8000 total=14000 metric=ce epoch=1/1
[pipeline-trace] wall=15:22:37 elapsed=337.731s phase=train event=interaction_progress trial=6 partition=0 processed=8100 total=14000 metric=ce epoch=1/1
[pipeline-trace] wall=15:22:38 elapsed=338.028s phase=train event=interaction_progress trial=6 partition=0 processed=8200 total=14000 metric=ce epoch=1/1
[pipeline-trace] wall=15:22:38 elapsed=338.331s phase=train event=interaction_progress trial=6 partition=0 processed=8300 total=14000 metric=ce epoch=1/1
[pipeline-trace] wall=15:22:38 elapsed=338.635s phase=train event=interaction_progress trial=6 partition=0 processed=8400 total=14000 metric=ce epoch=1/1
[pipeline-trace] wall=15:22:38 elapsed=338.951s phase=train event=interaction_progress trial=6 partition=0 processed=8500 total=14000 metric=ce epoch=1/1
[pipeline-trace] wall=15:22:39 elapsed=339.279s phase=train event=interaction_progress trial=6 partition=0 processed=8600 total=14000 metric=ce epoch=1/1
[pipeline-trace] wall=15:22:39 elapsed=339.588s phase=train event=interaction_progress trial=6 partition=0 processed=8700 total=14000 metric=ce epoch=1/1
[pipeline-trace] wall=15:22:39 elapsed=339.896s phase=train event=interaction_progress trial=6 partition=0 processed=8800 total=14000 metric=ce epoch=1/1
[pipeline-trace] wall=15:22:40 elapsed=340.219s phase=train event=interaction_progress trial=6 partition=0 processed=8900 total=14000 metric=ce epoch=1/1
[pipeline-trace] wall=15:22:40 elapsed=340.525s phase=train event=interaction_progress trial=6 partition=0 processed=9000 total=14000 metric=ce epoch=1/1
[pipeline-trace] wall=15:22:40 elapsed=340.829s phase=train event=interaction_progress trial=6 partition=0 processed=9100 total=14000 metric=ce epoch=1/1
[pipeline-trace] wall=15:22:41 elapsed=341.114s phase=train event=interaction_progress trial=6 partition=0 processed=9200 total=14000 metric=ce epoch=1/1
[pipeline-trace] wall=15:22:41 elapsed=341.404s phase=train event=interaction_progress trial=6 partition=0 processed=9300 total=14000 metric=ce epoch=1/1
[pipeline-trace] wall=15:22:41 elapsed=341.728s phase=train event=interaction_progress trial=6 partition=0 processed=9400 total=14000 metric=ce epoch=1/1
[pipeline-trace] wall=15:22:42 elapsed=342.037s phase=train event=interaction_progress trial=6 partition=0 processed=9500 total=14000 metric=ce epoch=1/1
[pipeline-trace] wall=15:22:42 elapsed=342.350s phase=train event=interaction_progress trial=6 partition=0 processed=9600 total=14000 metric=ce epoch=1/1
[pipeline-trace] wall=15:22:42 elapsed=342.667s phase=train event=interaction_progress trial=6 partition=0 processed=9700 total=14000 metric=ce epoch=1/1
[pipeline-trace] wall=15:22:43 elapsed=342.976s phase=train event=interaction_progress trial=6 partition=0 processed=9800 total=14000 metric=ce epoch=1/1
[pipeline-trace] wall=15:22:43 elapsed=343.268s phase=train event=interaction_progress trial=6 partition=0 processed=9900 total=14000 metric=ce epoch=1/1
[pipeline-trace] wall=15:22:43 elapsed=343.571s phase=train event=interaction_progress trial=6 partition=0 processed=10000 total=14000 metric=ce epoch=1/1
[pipeline-trace] wall=15:22:43 elapsed=343.880s phase=train event=interaction_progress trial=6 partition=0 processed=10100 total=14000 metric=ce epoch=1/1
[pipeline-trace] wall=15:22:44 elapsed=344.192s phase=train event=interaction_progress trial=6 partition=0 processed=10200 total=14000 metric=ce epoch=1/1
[pipeline-trace] wall=15:22:44 elapsed=344.491s phase=train event=interaction_progress trial=6 partition=0 processed=10300 total=14000 metric=ce epoch=1/1
[pipeline-trace] wall=15:22:44 elapsed=344.790s phase=train event=interaction_progress trial=6 partition=0 processed=10400 total=14000 metric=ce epoch=1/1
[pipeline-trace] wall=15:22:45 elapsed=345.083s phase=train event=interaction_progress trial=6 partition=0 processed=10500 total=14000 metric=ce epoch=1/1
[pipeline-trace] wall=15:22:45 elapsed=345.401s phase=train event=interaction_progress trial=6 partition=0 processed=10600 total=14000 metric=ce epoch=1/1
[pipeline-trace] wall=15:22:45 elapsed=345.702s phase=train event=interaction_progress trial=6 partition=0 processed=10700 total=14000 metric=ce epoch=1/1
[pipeline-trace] wall=15:22:46 elapsed=345.987s phase=train event=interaction_progress trial=6 partition=0 processed=10800 total=14000 metric=ce epoch=1/1
[pipeline-trace] wall=15:22:46 elapsed=346.285s phase=train event=interaction_progress trial=6 partition=0 processed=10900 total=14000 metric=ce epoch=1/1
[pipeline-trace] wall=15:22:46 elapsed=346.602s phase=train event=interaction_progress trial=6 partition=0 processed=11000 total=14000 metric=ce epoch=1/1
[pipeline-trace] wall=15:22:46 elapsed=346.927s phase=train event=interaction_progress trial=6 partition=0 processed=11100 total=14000 metric=ce epoch=1/1
[pipeline-trace] wall=15:22:47 elapsed=347.242s phase=train event=interaction_progress trial=6 partition=0 processed=11200 total=14000 metric=ce epoch=1/1
[pipeline-trace] wall=15:22:47 elapsed=347.546s phase=train event=interaction_progress trial=6 partition=0 processed=11300 total=14000 metric=ce epoch=1/1
[pipeline-trace] wall=15:22:47 elapsed=347.850s phase=train event=interaction_progress trial=6 partition=0 processed=11400 total=14000 metric=ce epoch=1/1
[pipeline-trace] wall=15:22:48 elapsed=348.157s phase=train event=interaction_progress trial=6 partition=0 processed=11500 total=14000 metric=ce epoch=1/1
[pipeline-trace] wall=15:22:48 elapsed=348.453s phase=train event=interaction_progress trial=6 partition=0 processed=11600 total=14000 metric=ce epoch=1/1
[pipeline-trace] wall=15:22:48 elapsed=348.768s phase=train event=interaction_progress trial=6 partition=0 processed=11700 total=14000 metric=ce epoch=1/1
[pipeline-trace] wall=15:22:49 elapsed=349.061s phase=train event=interaction_progress trial=6 partition=0 processed=11800 total=14000 metric=ce epoch=1/1
[pipeline-trace] wall=15:22:49 elapsed=349.343s phase=train event=interaction_progress trial=6 partition=0 processed=11900 total=14000 metric=ce epoch=1/1
[pipeline-trace] wall=15:22:49 elapsed=349.625s phase=train event=interaction_progress trial=6 partition=0 processed=12000 total=14000 metric=ce epoch=1/1
[pipeline-trace] wall=15:22:49 elapsed=349.929s phase=train event=interaction_progress trial=6 partition=0 processed=12100 total=14000 metric=ce epoch=1/1
[pipeline-trace] wall=15:22:50 elapsed=350.257s phase=train event=interaction_progress trial=6 partition=0 processed=12200 total=14000 metric=ce epoch=1/1
[pipeline-trace] wall=15:22:50 elapsed=350.593s phase=train event=interaction_progress trial=6 partition=0 processed=12300 total=14000 metric=ce epoch=1/1
[pipeline-trace] wall=15:22:50 elapsed=350.903s phase=train event=interaction_progress trial=6 partition=0 processed=12400 total=14000 metric=ce epoch=1/1
[pipeline-trace] wall=15:22:51 elapsed=351.194s phase=train event=interaction_progress trial=6 partition=0 processed=12500 total=14000 metric=ce epoch=1/1
[pipeline-trace] wall=15:22:51 elapsed=351.461s phase=train event=interaction_progress trial=6 partition=0 processed=12600 total=14000 metric=ce epoch=1/1
[pipeline-trace] wall=15:22:51 elapsed=351.723s phase=train event=interaction_progress trial=6 partition=0 processed=12700 total=14000 metric=ce epoch=1/1
[pipeline-trace] wall=15:22:52 elapsed=352.025s phase=train event=interaction_progress trial=6 partition=0 processed=12800 total=14000 metric=ce epoch=1/1
[pipeline-trace] wall=15:22:52 elapsed=352.328s phase=train event=interaction_progress trial=6 partition=0 processed=12900 total=14000 metric=ce epoch=1/1
[pipeline-trace] wall=15:22:52 elapsed=352.631s phase=train event=interaction_progress trial=6 partition=0 processed=13000 total=14000 metric=ce epoch=1/1
[pipeline-trace] wall=15:22:52 elapsed=352.960s phase=train event=interaction_progress trial=6 partition=0 processed=13100 total=14000 metric=ce epoch=1/1
[pipeline-trace] wall=15:22:53 elapsed=353.283s phase=train event=interaction_progress trial=6 partition=0 processed=13200 total=14000 metric=ce epoch=1/1
[pipeline-trace] wall=15:22:53 elapsed=353.564s phase=train event=interaction_progress trial=6 partition=0 processed=13300 total=14000 metric=ce epoch=1/1
[pipeline-trace] wall=15:22:53 elapsed=353.856s phase=train event=interaction_progress trial=6 partition=0 processed=13400 total=14000 metric=ce epoch=1/1
[pipeline-trace] wall=15:22:54 elapsed=354.149s phase=train event=interaction_progress trial=6 partition=0 processed=13500 total=14000 metric=ce epoch=1/1
[pipeline-trace] wall=15:22:54 elapsed=354.473s phase=train event=interaction_progress trial=6 partition=0 processed=13600 total=14000 metric=ce epoch=1/1
[pipeline-trace] wall=15:22:54 elapsed=354.782s phase=train event=interaction_progress trial=6 partition=0 processed=13700 total=14000 metric=ce epoch=1/1
[pipeline-trace] wall=15:22:55 elapsed=355.051s phase=train event=interaction_progress trial=6 partition=0 processed=13800 total=14000 metric=ce epoch=1/1
[pipeline-trace] wall=15:22:55 elapsed=355.345s phase=train event=interaction_progress trial=6 partition=0 processed=13900 total=14000 metric=ce epoch=1/1
[pipeline-trace] wall=15:22:55 elapsed=355.644s phase=train event=interaction_progress trial=6 partition=0 processed=14000 total=14000 metric=ce epoch=1/1
[pipeline-trace] wall=15:22:55 elapsed=355.705s phase=eval event=batch_start trial=6 partitions=[1] synthetic=False
[pipeline-trace] wall=15:22:55 elapsed=355.705s phase=eval event=partition_start trial=6 partition=1 interactions=1999
[pipeline-trace] wall=15:22:55 elapsed=355.705s phase=eval event=interaction_progress trial=6 partition=1 processed=1 total=1999 metric=ranking
[pipeline-trace] wall=15:22:55 elapsed=355.856s phase=eval event=interaction_progress trial=6 partition=1 processed=100 total=1999 metric=ranking
[pipeline-trace] wall=15:22:56 elapsed=355.992s phase=eval event=interaction_progress trial=6 partition=1 processed=200 total=1999 metric=ranking
[pipeline-trace] wall=15:22:56 elapsed=356.130s phase=eval event=interaction_progress trial=6 partition=1 processed=300 total=1999 metric=ranking
[pipeline-trace] wall=15:22:56 elapsed=356.267s phase=eval event=interaction_progress trial=6 partition=1 processed=400 total=1999 metric=ranking
[pipeline-trace] wall=15:22:56 elapsed=356.403s phase=eval event=interaction_progress trial=6 partition=1 processed=500 total=1999 metric=ranking
[pipeline-trace] wall=15:22:56 elapsed=356.538s phase=eval event=interaction_progress trial=6 partition=1 processed=600 total=1999 metric=ranking
[pipeline-trace] wall=15:22:56 elapsed=356.675s phase=eval event=interaction_progress trial=6 partition=1 processed=700 total=1999 metric=ranking
[pipeline-trace] wall=15:22:56 elapsed=356.809s phase=eval event=interaction_progress trial=6 partition=1 processed=800 total=1999 metric=ranking
[pipeline-trace] wall=15:22:56 elapsed=356.945s phase=eval event=interaction_progress trial=6 partition=1 processed=900 total=1999 metric=ranking
[pipeline-trace] wall=15:22:57 elapsed=357.080s phase=eval event=interaction_progress trial=6 partition=1 processed=1000 total=1999 metric=ranking
[pipeline-trace] wall=15:22:57 elapsed=357.216s phase=eval event=interaction_progress trial=6 partition=1 processed=1100 total=1999 metric=ranking
[pipeline-trace] wall=15:22:57 elapsed=357.350s phase=eval event=interaction_progress trial=6 partition=1 processed=1200 total=1999 metric=ranking
[pipeline-trace] wall=15:22:57 elapsed=357.485s phase=eval event=interaction_progress trial=6 partition=1 processed=1300 total=1999 metric=ranking
[pipeline-trace] wall=15:22:57 elapsed=357.621s phase=eval event=interaction_progress trial=6 partition=1 processed=1400 total=1999 metric=ranking
[pipeline-trace] wall=15:22:57 elapsed=357.757s phase=eval event=interaction_progress trial=6 partition=1 processed=1500 total=1999 metric=ranking
[pipeline-trace] wall=15:22:57 elapsed=357.892s phase=eval event=interaction_progress trial=6 partition=1 processed=1600 total=1999 metric=ranking
[pipeline-trace] wall=15:22:58 elapsed=358.029s phase=eval event=interaction_progress trial=6 partition=1 processed=1700 total=1999 metric=ranking
[pipeline-trace] wall=15:22:58 elapsed=358.162s phase=eval event=interaction_progress trial=6 partition=1 processed=1800 total=1999 metric=ranking
[pipeline-trace] wall=15:22:58 elapsed=358.296s phase=eval event=interaction_progress trial=6 partition=1 processed=1900 total=1999 metric=ranking
[pipeline-trace] wall=15:22:58 elapsed=358.430s phase=eval event=interaction_progress trial=6 partition=1 processed=1999 total=1999 metric=ranking
[pipeline-trace] wall=15:22:58 elapsed=358.431s phase=eval event=partition_complete trial=6 partition=1 elapsed_sec=2.726 hits=1879 total=1999
[pipeline-trace] wall=15:22:58 elapsed=358.497s phase=train event=interaction_progress trial=7 partition=0 processed=1 total=14000 metric=ce epoch=1/1
[pipeline-trace] wall=15:22:58 elapsed=358.826s phase=train event=interaction_progress trial=7 partition=0 processed=100 total=14000 metric=ce epoch=1/1
[pipeline-trace] wall=15:22:59 elapsed=359.146s phase=train event=interaction_progress trial=7 partition=0 processed=200 total=14000 metric=ce epoch=1/1
[pipeline-trace] wall=15:22:59 elapsed=359.495s phase=train event=interaction_progress trial=7 partition=0 processed=300 total=14000 metric=ce epoch=1/1
[pipeline-trace] wall=15:22:59 elapsed=359.792s phase=train event=interaction_progress trial=7 partition=0 processed=400 total=14000 metric=ce epoch=1/1
[pipeline-trace] wall=15:23:00 elapsed=360.091s phase=train event=interaction_progress trial=7 partition=0 processed=500 total=14000 metric=ce epoch=1/1
[pipeline-trace] wall=15:23:00 elapsed=360.406s phase=train event=interaction_progress trial=7 partition=0 processed=600 total=14000 metric=ce epoch=1/1
[pipeline-trace] wall=15:23:00 elapsed=360.735s phase=train event=interaction_progress trial=7 partition=0 processed=700 total=14000 metric=ce epoch=1/1
[pipeline-trace] wall=15:23:01 elapsed=361.128s phase=train event=interaction_progress trial=7 partition=0 processed=800 total=14000 metric=ce epoch=1/1
[pipeline-trace] wall=15:23:01 elapsed=361.476s phase=train event=interaction_progress trial=7 partition=0 processed=900 total=14000 metric=ce epoch=1/1
[pipeline-trace] wall=15:23:01 elapsed=361.794s phase=train event=interaction_progress trial=7 partition=0 processed=1000 total=14000 metric=ce epoch=1/1
[pipeline-trace] wall=15:23:02 elapsed=362.101s phase=train event=interaction_progress trial=7 partition=0 processed=1100 total=14000 metric=ce epoch=1/1
[pipeline-trace] wall=15:23:02 elapsed=362.399s phase=train event=interaction_progress trial=7 partition=0 processed=1200 total=14000 metric=ce epoch=1/1
[pipeline-trace] wall=15:23:02 elapsed=362.706s phase=train event=interaction_progress trial=7 partition=0 processed=1300 total=14000 metric=ce epoch=1/1
[pipeline-trace] wall=15:23:03 elapsed=363.033s phase=train event=interaction_progress trial=7 partition=0 processed=1400 total=14000 metric=ce epoch=1/1
[pipeline-trace] wall=15:23:03 elapsed=363.359s phase=train event=interaction_progress trial=7 partition=0 processed=1500 total=14000 metric=ce epoch=1/1
[pipeline-trace] wall=15:23:03 elapsed=363.673s phase=train event=interaction_progress trial=7 partition=0 processed=1600 total=14000 metric=ce epoch=1/1
[pipeline-trace] wall=15:23:04 elapsed=363.991s phase=train event=interaction_progress trial=7 partition=0 processed=1700 total=14000 metric=ce epoch=1/1
[pipeline-trace] wall=15:23:04 elapsed=364.309s phase=train event=interaction_progress trial=7 partition=0 processed=1800 total=14000 metric=ce epoch=1/1
[pipeline-trace] wall=15:23:04 elapsed=364.620s phase=train event=interaction_progress trial=7 partition=0 processed=1900 total=14000 metric=ce epoch=1/1
[pipeline-trace] wall=15:23:04 elapsed=364.953s phase=train event=interaction_progress trial=7 partition=0 processed=2000 total=14000 metric=ce epoch=1/1
[pipeline-trace] wall=15:23:05 elapsed=365.253s phase=train event=interaction_progress trial=7 partition=0 processed=2100 total=14000 metric=ce epoch=1/1
[pipeline-trace] wall=15:23:05 elapsed=365.579s phase=train event=interaction_progress trial=7 partition=0 processed=2200 total=14000 metric=ce epoch=1/1
[pipeline-trace] wall=15:23:05 elapsed=365.896s phase=train event=interaction_progress trial=7 partition=0 processed=2300 total=14000 metric=ce epoch=1/1
[pipeline-trace] wall=15:23:06 elapsed=366.205s phase=train event=interaction_progress trial=7 partition=0 processed=2400 total=14000 metric=ce epoch=1/1
[pipeline-trace] wall=15:23:06 elapsed=366.526s phase=train event=interaction_progress trial=7 partition=0 processed=2500 total=14000 metric=ce epoch=1/1
[pipeline-trace] wall=15:23:06 elapsed=366.850s phase=train event=interaction_progress trial=7 partition=0 processed=2600 total=14000 metric=ce epoch=1/1
[pipeline-trace] wall=15:23:07 elapsed=367.171s phase=train event=interaction_progress trial=7 partition=0 processed=2700 total=14000 metric=ce epoch=1/1
[pipeline-trace] wall=15:23:07 elapsed=367.500s phase=train event=interaction_progress trial=7 partition=0 processed=2800 total=14000 metric=ce epoch=1/1
[pipeline-trace] wall=15:23:07 elapsed=367.798s phase=train event=interaction_progress trial=7 partition=0 processed=2900 total=14000 metric=ce epoch=1/1
[pipeline-trace] wall=15:23:08 elapsed=368.102s phase=train event=interaction_progress trial=7 partition=0 processed=3000 total=14000 metric=ce epoch=1/1
[pipeline-trace] wall=15:23:08 elapsed=368.413s phase=train event=interaction_progress trial=7 partition=0 processed=3100 total=14000 metric=ce epoch=1/1
[pipeline-trace] wall=15:23:08 elapsed=368.730s phase=train event=interaction_progress trial=7 partition=0 processed=3200 total=14000 metric=ce epoch=1/1
[pipeline-trace] wall=15:23:09 elapsed=369.018s phase=train event=interaction_progress trial=7 partition=0 processed=3300 total=14000 metric=ce epoch=1/1
[pipeline-trace] wall=15:23:09 elapsed=369.319s phase=train event=interaction_progress trial=7 partition=0 processed=3400 total=14000 metric=ce epoch=1/1
[pipeline-trace] wall=15:23:09 elapsed=369.613s phase=train event=interaction_progress trial=7 partition=0 processed=3500 total=14000 metric=ce epoch=1/1
[pipeline-trace] wall=15:23:09 elapsed=369.852s phase=train event=interaction_progress trial=7 partition=0 processed=3600 total=14000 metric=ce epoch=1/1
[pipeline-trace] wall=15:23:10 elapsed=370.163s phase=train event=interaction_progress trial=7 partition=0 processed=3700 total=14000 metric=ce epoch=1/1
[pipeline-trace] wall=15:23:10 elapsed=370.478s phase=train event=interaction_progress trial=7 partition=0 processed=3800 total=14000 metric=ce epoch=1/1
[pipeline-trace] wall=15:23:10 elapsed=370.771s phase=train event=interaction_progress trial=7 partition=0 processed=3900 total=14000 metric=ce epoch=1/1
[pipeline-trace] wall=15:23:11 elapsed=371.088s phase=train event=interaction_progress trial=7 partition=0 processed=4000 total=14000 metric=ce epoch=1/1
[pipeline-trace] wall=15:23:11 elapsed=371.383s phase=train event=interaction_progress trial=7 partition=0 processed=4100 total=14000 metric=ce epoch=1/1
[pipeline-trace] wall=15:23:11 elapsed=371.648s phase=train event=interaction_progress trial=7 partition=0 processed=4200 total=14000 metric=ce epoch=1/1
[pipeline-trace] wall=15:23:11 elapsed=371.944s phase=train event=interaction_progress trial=7 partition=0 processed=4300 total=14000 metric=ce epoch=1/1
[pipeline-trace] wall=15:23:12 elapsed=372.277s phase=train event=interaction_progress trial=7 partition=0 processed=4400 total=14000 metric=ce epoch=1/1
[pipeline-trace] wall=15:23:12 elapsed=372.607s phase=train event=interaction_progress trial=7 partition=0 processed=4500 total=14000 metric=ce epoch=1/1
[pipeline-trace] wall=15:23:12 elapsed=372.935s phase=train event=interaction_progress trial=7 partition=0 processed=4600 total=14000 metric=ce epoch=1/1
[pipeline-trace] wall=15:23:13 elapsed=373.214s phase=train event=interaction_progress trial=7 partition=0 processed=4700 total=14000 metric=ce epoch=1/1
[pipeline-trace] wall=15:23:13 elapsed=373.535s phase=train event=interaction_progress trial=7 partition=0 processed=4800 total=14000 metric=ce epoch=1/1
[pipeline-trace] wall=15:23:13 elapsed=373.877s phase=train event=interaction_progress trial=7 partition=0 processed=4900 total=14000 metric=ce epoch=1/1
[pipeline-trace] wall=15:23:14 elapsed=374.162s phase=train event=interaction_progress trial=7 partition=0 processed=5000 total=14000 metric=ce epoch=1/1
[pipeline-trace] wall=15:23:14 elapsed=374.457s phase=train event=interaction_progress trial=7 partition=0 processed=5100 total=14000 metric=ce epoch=1/1
[pipeline-trace] wall=15:23:14 elapsed=374.731s phase=train event=interaction_progress trial=7 partition=0 processed=5200 total=14000 metric=ce epoch=1/1
[pipeline-trace] wall=15:23:15 elapsed=375.006s phase=train event=interaction_progress trial=7 partition=0 processed=5300 total=14000 metric=ce epoch=1/1
[pipeline-trace] wall=15:23:15 elapsed=375.319s phase=train event=interaction_progress trial=7 partition=0 processed=5400 total=14000 metric=ce epoch=1/1
[pipeline-trace] wall=15:23:15 elapsed=375.655s phase=train event=interaction_progress trial=7 partition=0 processed=5500 total=14000 metric=ce epoch=1/1
[pipeline-trace] wall=15:23:16 elapsed=375.977s phase=train event=interaction_progress trial=7 partition=0 processed=5600 total=14000 metric=ce epoch=1/1
[pipeline-trace] wall=15:23:16 elapsed=376.298s phase=train event=interaction_progress trial=7 partition=0 processed=5700 total=14000 metric=ce epoch=1/1
[pipeline-trace] wall=15:23:16 elapsed=376.620s phase=train event=interaction_progress trial=7 partition=0 processed=5800 total=14000 metric=ce epoch=1/1
[pipeline-trace] wall=15:23:16 elapsed=376.947s phase=train event=interaction_progress trial=7 partition=0 processed=5900 total=14000 metric=ce epoch=1/1
[pipeline-trace] wall=15:23:17 elapsed=377.286s phase=train event=interaction_progress trial=7 partition=0 processed=6000 total=14000 metric=ce epoch=1/1
[pipeline-trace] wall=15:23:17 elapsed=377.615s phase=train event=interaction_progress trial=7 partition=0 processed=6100 total=14000 metric=ce epoch=1/1
[pipeline-trace] wall=15:23:17 elapsed=377.948s phase=train event=interaction_progress trial=7 partition=0 processed=6200 total=14000 metric=ce epoch=1/1
[pipeline-trace] wall=15:23:18 elapsed=378.289s phase=train event=interaction_progress trial=7 partition=0 processed=6300 total=14000 metric=ce epoch=1/1
[pipeline-trace] wall=15:23:18 elapsed=378.645s phase=train event=interaction_progress trial=7 partition=0 processed=6400 total=14000 metric=ce epoch=1/1
[pipeline-trace] wall=15:23:18 elapsed=378.940s phase=train event=interaction_progress trial=7 partition=0 processed=6500 total=14000 metric=ce epoch=1/1
[pipeline-trace] wall=15:23:19 elapsed=379.243s phase=train event=interaction_progress trial=7 partition=0 processed=6600 total=14000 metric=ce epoch=1/1
[pipeline-trace] wall=15:23:19 elapsed=379.552s phase=train event=interaction_progress trial=7 partition=0 processed=6700 total=14000 metric=ce epoch=1/1
[pipeline-trace] wall=15:23:19 elapsed=379.905s phase=train event=interaction_progress trial=7 partition=0 processed=6800 total=14000 metric=ce epoch=1/1
[pipeline-trace] wall=15:23:20 elapsed=380.298s phase=train event=interaction_progress trial=7 partition=0 processed=6900 total=14000 metric=ce epoch=1/1
[pipeline-trace] wall=15:23:20 elapsed=380.618s phase=train event=interaction_progress trial=7 partition=0 processed=7000 total=14000 metric=ce epoch=1/1
[pipeline-trace] wall=15:23:20 elapsed=380.958s phase=train event=interaction_progress trial=7 partition=0 processed=7100 total=14000 metric=ce epoch=1/1
[pipeline-trace] wall=15:23:21 elapsed=381.421s phase=train event=interaction_progress trial=7 partition=0 processed=7200 total=14000 metric=ce epoch=1/1
[pipeline-trace] wall=15:23:21 elapsed=381.712s phase=train event=interaction_progress trial=7 partition=0 processed=7300 total=14000 metric=ce epoch=1/1
[pipeline-trace] wall=15:23:22 elapsed=381.996s phase=train event=interaction_progress trial=7 partition=0 processed=7400 total=14000 metric=ce epoch=1/1
[pipeline-trace] wall=15:23:22 elapsed=382.287s phase=train event=interaction_progress trial=7 partition=0 processed=7500 total=14000 metric=ce epoch=1/1
[pipeline-trace] wall=15:23:22 elapsed=382.622s phase=train event=interaction_progress trial=7 partition=0 processed=7600 total=14000 metric=ce epoch=1/1
[pipeline-trace] wall=15:23:22 elapsed=382.959s phase=train event=interaction_progress trial=7 partition=0 processed=7700 total=14000 metric=ce epoch=1/1
[pipeline-trace] wall=15:23:23 elapsed=383.290s phase=train event=interaction_progress trial=7 partition=0 processed=7800 total=14000 metric=ce epoch=1/1
[pipeline-trace] wall=15:23:23 elapsed=383.597s phase=train event=interaction_progress trial=7 partition=0 processed=7900 total=14000 metric=ce epoch=1/1
[pipeline-trace] wall=15:23:23 elapsed=383.926s phase=train event=interaction_progress trial=7 partition=0 processed=8000 total=14000 metric=ce epoch=1/1
[pipeline-trace] wall=15:23:24 elapsed=384.251s phase=train event=interaction_progress trial=7 partition=0 processed=8100 total=14000 metric=ce epoch=1/1
[pipeline-trace] wall=15:23:24 elapsed=384.574s phase=train event=interaction_progress trial=7 partition=0 processed=8200 total=14000 metric=ce epoch=1/1
[pipeline-trace] wall=15:23:24 elapsed=384.897s phase=train event=interaction_progress trial=7 partition=0 processed=8300 total=14000 metric=ce epoch=1/1
[pipeline-trace] wall=15:23:25 elapsed=385.222s phase=train event=interaction_progress trial=7 partition=0 processed=8400 total=14000 metric=ce epoch=1/1
[pipeline-trace] wall=15:23:25 elapsed=385.539s phase=train event=interaction_progress trial=7 partition=0 processed=8500 total=14000 metric=ce epoch=1/1
[pipeline-trace] wall=15:23:25 elapsed=385.831s phase=train event=interaction_progress trial=7 partition=0 processed=8600 total=14000 metric=ce epoch=1/1
[pipeline-trace] wall=15:23:26 elapsed=386.136s phase=train event=interaction_progress trial=7 partition=0 processed=8700 total=14000 metric=ce epoch=1/1
[pipeline-trace] wall=15:23:26 elapsed=386.473s phase=train event=interaction_progress trial=7 partition=0 processed=8800 total=14000 metric=ce epoch=1/1
[pipeline-trace] wall=15:23:26 elapsed=386.789s phase=train event=interaction_progress trial=7 partition=0 processed=8900 total=14000 metric=ce epoch=1/1
[pipeline-trace] wall=15:23:27 elapsed=387.136s phase=train event=interaction_progress trial=7 partition=0 processed=9000 total=14000 metric=ce epoch=1/1
[pipeline-trace] wall=15:23:27 elapsed=387.464s phase=train event=interaction_progress trial=7 partition=0 processed=9100 total=14000 metric=ce epoch=1/1
[pipeline-trace] wall=15:23:28 elapsed=387.964s phase=train event=interaction_progress trial=7 partition=0 processed=9200 total=14000 metric=ce epoch=1/1
[pipeline-trace] wall=15:23:33 elapsed=393.516s phase=train event=interaction_progress trial=7 partition=0 processed=9300 total=14000 metric=ce epoch=1/1
[pipeline-trace] wall=15:23:34 elapsed=394.152s phase=train event=interaction_progress trial=7 partition=0 processed=9400 total=14000 metric=ce epoch=1/1
[pipeline-trace] wall=15:23:34 elapsed=394.757s phase=train event=interaction_progress trial=7 partition=0 processed=9500 total=14000 metric=ce epoch=1/1
[pipeline-trace] wall=15:23:35 elapsed=395.251s phase=train event=interaction_progress trial=7 partition=0 processed=9600 total=14000 metric=ce epoch=1/1
[pipeline-trace] wall=15:23:35 elapsed=395.648s phase=train event=interaction_progress trial=7 partition=0 processed=9700 total=14000 metric=ce epoch=1/1
[pipeline-trace] wall=15:23:36 elapsed=396.002s phase=train event=interaction_progress trial=7 partition=0 processed=9800 total=14000 metric=ce epoch=1/1
[pipeline-trace] wall=15:23:36 elapsed=396.408s phase=train event=interaction_progress trial=7 partition=0 processed=9900 total=14000 metric=ce epoch=1/1
[pipeline-trace] wall=15:23:36 elapsed=396.887s phase=train event=interaction_progress trial=7 partition=0 processed=10000 total=14000 metric=ce epoch=1/1
[pipeline-trace] wall=15:23:37 elapsed=397.323s phase=train event=interaction_progress trial=7 partition=0 processed=10100 total=14000 metric=ce epoch=1/1
[pipeline-trace] wall=15:23:37 elapsed=397.704s phase=train event=interaction_progress trial=7 partition=0 processed=10200 total=14000 metric=ce epoch=1/1
[pipeline-trace] wall=15:23:38 elapsed=398.149s phase=train event=interaction_progress trial=7 partition=0 processed=10300 total=14000 metric=ce epoch=1/1
[pipeline-trace] wall=15:23:38 elapsed=398.600s phase=train event=interaction_progress trial=7 partition=0 processed=10400 total=14000 metric=ce epoch=1/1
[pipeline-trace] wall=15:23:39 elapsed=399.039s phase=train event=interaction_progress trial=7 partition=0 processed=10500 total=14000 metric=ce epoch=1/1
[pipeline-trace] wall=15:23:41 elapsed=401.422s phase=train event=interaction_progress trial=7 partition=0 processed=10600 total=14000 metric=ce epoch=1/1
[pipeline-trace] wall=15:23:41 elapsed=401.852s phase=train event=interaction_progress trial=7 partition=0 processed=10700 total=14000 metric=ce epoch=1/1
[pipeline-trace] wall=15:23:42 elapsed=402.099s phase=train event=interaction_progress trial=7 partition=0 processed=10800 total=14000 metric=ce epoch=1/1
[pipeline-trace] wall=15:23:42 elapsed=402.332s phase=train event=interaction_progress trial=7 partition=0 processed=10900 total=14000 metric=ce epoch=1/1
[pipeline-trace] wall=15:23:42 elapsed=402.596s phase=train event=interaction_progress trial=7 partition=0 processed=11000 total=14000 metric=ce epoch=1/1
[pipeline-trace] wall=15:23:42 elapsed=402.876s phase=train event=interaction_progress trial=7 partition=0 processed=11100 total=14000 metric=ce epoch=1/1
[pipeline-trace] wall=15:23:43 elapsed=403.218s phase=train event=interaction_progress trial=7 partition=0 processed=11200 total=14000 metric=ce epoch=1/1
[pipeline-trace] wall=15:23:43 elapsed=403.571s phase=train event=interaction_progress trial=7 partition=0 processed=11300 total=14000 metric=ce epoch=1/1
[pipeline-trace] wall=15:23:44 elapsed=403.982s phase=train event=interaction_progress trial=7 partition=0 processed=11400 total=14000 metric=ce epoch=1/1
[pipeline-trace] wall=15:23:44 elapsed=404.292s phase=train event=interaction_progress trial=7 partition=0 processed=11500 total=14000 metric=ce epoch=1/1
[pipeline-trace] wall=15:23:44 elapsed=404.700s phase=train event=interaction_progress trial=7 partition=0 processed=11600 total=14000 metric=ce epoch=1/1
[pipeline-trace] wall=15:23:45 elapsed=405.091s phase=train event=interaction_progress trial=7 partition=0 processed=11700 total=14000 metric=ce epoch=1/1
[pipeline-trace] wall=15:23:45 elapsed=405.950s phase=train event=interaction_progress trial=7 partition=0 processed=11800 total=14000 metric=ce epoch=1/1
[pipeline-trace] wall=15:23:46 elapsed=406.661s phase=train event=interaction_progress trial=7 partition=0 processed=11900 total=14000 metric=ce epoch=1/1
[pipeline-trace] wall=15:23:48 elapsed=408.232s phase=train event=interaction_progress trial=7 partition=0 processed=12000 total=14000 metric=ce epoch=1/1
[pipeline-trace] wall=15:23:49 elapsed=409.780s phase=train event=interaction_progress trial=7 partition=0 processed=12100 total=14000 metric=ce epoch=1/1
[pipeline-trace] wall=15:23:51 elapsed=411.392s phase=train event=interaction_progress trial=7 partition=0 processed=12200 total=14000 metric=ce epoch=1/1
[pipeline-trace] wall=15:23:53 elapsed=413.055s phase=train event=interaction_progress trial=7 partition=0 processed=12300 total=14000 metric=ce epoch=1/1
[pipeline-trace] wall=15:23:54 elapsed=414.680s phase=train event=interaction_progress trial=7 partition=0 processed=12400 total=14000 metric=ce epoch=1/1
[pipeline-trace] wall=15:23:56 elapsed=416.186s phase=train event=interaction_progress trial=7 partition=0 processed=12500 total=14000 metric=ce epoch=1/1
[pipeline-trace] wall=15:23:57 elapsed=417.845s phase=train event=interaction_progress trial=7 partition=0 processed=12600 total=14000 metric=ce epoch=1/1
[pipeline-trace] wall=15:23:59 elapsed=419.419s phase=train event=interaction_progress trial=7 partition=0 processed=12700 total=14000 metric=ce epoch=1/1
[pipeline-trace] wall=15:24:00 elapsed=420.734s phase=train event=interaction_progress trial=7 partition=0 processed=12800 total=14000 metric=ce epoch=1/1
[pipeline-trace] wall=15:24:01 elapsed=421.049s phase=train event=interaction_progress trial=7 partition=0 processed=12900 total=14000 metric=ce epoch=1/1
[pipeline-trace] wall=15:24:01 elapsed=421.384s phase=train event=interaction_progress trial=7 partition=0 processed=13000 total=14000 metric=ce epoch=1/1
[pipeline-trace] wall=15:24:01 elapsed=421.708s phase=train event=interaction_progress trial=7 partition=0 processed=13100 total=14000 metric=ce epoch=1/1
[pipeline-trace] wall=15:24:02 elapsed=422.050s phase=train event=interaction_progress trial=7 partition=0 processed=13200 total=14000 metric=ce epoch=1/1
[pipeline-trace] wall=15:24:02 elapsed=422.396s phase=train event=interaction_progress trial=7 partition=0 processed=13300 total=14000 metric=ce epoch=1/1
[pipeline-trace] wall=15:24:02 elapsed=422.704s phase=train event=interaction_progress trial=7 partition=0 processed=13400 total=14000 metric=ce epoch=1/1
[pipeline-trace] wall=15:24:03 elapsed=423.043s phase=train event=interaction_progress trial=7 partition=0 processed=13500 total=14000 metric=ce epoch=1/1
[pipeline-trace] wall=15:24:03 elapsed=423.347s phase=train event=interaction_progress trial=7 partition=0 processed=13600 total=14000 metric=ce epoch=1/1
[pipeline-trace] wall=15:24:03 elapsed=423.636s phase=train event=interaction_progress trial=7 partition=0 processed=13700 total=14000 metric=ce epoch=1/1
[pipeline-trace] wall=15:24:03 elapsed=423.924s phase=train event=interaction_progress trial=7 partition=0 processed=13800 total=14000 metric=ce epoch=1/1
[pipeline-trace] wall=15:24:04 elapsed=424.230s phase=train event=interaction_progress trial=7 partition=0 processed=13900 total=14000 metric=ce epoch=1/1
[pipeline-trace] wall=15:24:04 elapsed=424.533s phase=train event=interaction_progress trial=7 partition=0 processed=14000 total=14000 metric=ce epoch=1/1
[pipeline-trace] wall=15:24:04 elapsed=424.602s phase=eval event=batch_start trial=7 partitions=[1] synthetic=False
[pipeline-trace] wall=15:24:04 elapsed=424.602s phase=eval event=partition_start trial=7 partition=1 interactions=1999
[pipeline-trace] wall=15:24:04 elapsed=424.602s phase=eval event=interaction_progress trial=7 partition=1 processed=1 total=1999 metric=ranking
[pipeline-trace] wall=15:24:04 elapsed=424.779s phase=eval event=interaction_progress trial=7 partition=1 processed=100 total=1999 metric=ranking
[pipeline-trace] wall=15:24:04 elapsed=424.958s phase=eval event=interaction_progress trial=7 partition=1 processed=200 total=1999 metric=ranking
[pipeline-trace] wall=15:24:05 elapsed=425.135s phase=eval event=interaction_progress trial=7 partition=1 processed=300 total=1999 metric=ranking
[pipeline-trace] wall=15:24:05 elapsed=425.313s phase=eval event=interaction_progress trial=7 partition=1 processed=400 total=1999 metric=ranking
[pipeline-trace] wall=15:24:05 elapsed=425.490s phase=eval event=interaction_progress trial=7 partition=1 processed=500 total=1999 metric=ranking
[pipeline-trace] wall=15:24:05 elapsed=425.668s phase=eval event=interaction_progress trial=7 partition=1 processed=600 total=1999 metric=ranking
[pipeline-trace] wall=15:24:05 elapsed=425.846s phase=eval event=interaction_progress trial=7 partition=1 processed=700 total=1999 metric=ranking
[pipeline-trace] wall=15:24:06 elapsed=426.022s phase=eval event=interaction_progress trial=7 partition=1 processed=800 total=1999 metric=ranking
[pipeline-trace] wall=15:24:06 elapsed=426.206s phase=eval event=interaction_progress trial=7 partition=1 processed=900 total=1999 metric=ranking
[pipeline-trace] wall=15:24:06 elapsed=426.408s phase=eval event=interaction_progress trial=7 partition=1 processed=1000 total=1999 metric=ranking
[pipeline-trace] wall=15:24:06 elapsed=426.550s phase=eval event=interaction_progress trial=7 partition=1 processed=1100 total=1999 metric=ranking
[pipeline-trace] wall=15:24:06 elapsed=426.693s phase=eval event=interaction_progress trial=7 partition=1 processed=1200 total=1999 metric=ranking
[pipeline-trace] wall=15:24:06 elapsed=426.835s phase=eval event=interaction_progress trial=7 partition=1 processed=1300 total=1999 metric=ranking
[pipeline-trace] wall=15:24:07 elapsed=426.978s phase=eval event=interaction_progress trial=7 partition=1 processed=1400 total=1999 metric=ranking
[pipeline-trace] wall=15:24:07 elapsed=427.120s phase=eval event=interaction_progress trial=7 partition=1 processed=1500 total=1999 metric=ranking
[pipeline-trace] wall=15:24:07 elapsed=427.280s phase=eval event=interaction_progress trial=7 partition=1 processed=1600 total=1999 metric=ranking
[pipeline-trace] wall=15:24:07 elapsed=427.437s phase=eval event=interaction_progress trial=7 partition=1 processed=1700 total=1999 metric=ranking
[pipeline-trace] wall=15:24:07 elapsed=427.581s phase=eval event=interaction_progress trial=7 partition=1 processed=1800 total=1999 metric=ranking
[pipeline-trace] wall=15:24:07 elapsed=427.724s phase=eval event=interaction_progress trial=7 partition=1 processed=1900 total=1999 metric=ranking
[pipeline-trace] wall=15:24:07 elapsed=427.865s phase=eval event=interaction_progress trial=7 partition=1 processed=1999 total=1999 metric=ranking
[pipeline-trace] wall=15:24:07 elapsed=427.867s phase=eval event=partition_complete trial=7 partition=1 elapsed_sec=3.266 hits=1089 total=1999
[pipeline-trace] wall=15:24:07 elapsed=427.931s phase=train event=interaction_progress trial=8 partition=0 processed=1 total=14000 metric=ce epoch=1/1
[pipeline-trace] wall=15:24:08 elapsed=428.380s phase=train event=interaction_progress trial=8 partition=0 processed=100 total=14000 metric=ce epoch=1/1
[pipeline-trace] wall=15:24:08 elapsed=428.827s phase=train event=interaction_progress trial=8 partition=0 processed=200 total=14000 metric=ce epoch=1/1
[pipeline-trace] wall=15:24:09 elapsed=429.239s phase=train event=interaction_progress trial=8 partition=0 processed=300 total=14000 metric=ce epoch=1/1
[pipeline-trace] wall=15:24:09 elapsed=429.565s phase=train event=interaction_progress trial=8 partition=0 processed=400 total=14000 metric=ce epoch=1/1
[pipeline-trace] wall=15:24:10 elapsed=429.977s phase=train event=interaction_progress trial=8 partition=0 processed=500 total=14000 metric=ce epoch=1/1
[pipeline-trace] wall=15:24:10 elapsed=430.427s phase=train event=interaction_progress trial=8 partition=0 processed=600 total=14000 metric=ce epoch=1/1
[pipeline-trace] wall=15:24:10 elapsed=430.788s phase=train event=interaction_progress trial=8 partition=0 processed=700 total=14000 metric=ce epoch=1/1
[pipeline-trace] wall=15:24:11 elapsed=431.147s phase=train event=interaction_progress trial=8 partition=0 processed=800 total=14000 metric=ce epoch=1/1
[pipeline-trace] wall=15:24:11 elapsed=431.520s phase=train event=interaction_progress trial=8 partition=0 processed=900 total=14000 metric=ce epoch=1/1
[pipeline-trace] wall=15:24:12 elapsed=431.978s phase=train event=interaction_progress trial=8 partition=0 processed=1000 total=14000 metric=ce epoch=1/1
[pipeline-trace] wall=15:24:12 elapsed=432.480s phase=train event=interaction_progress trial=8 partition=0 processed=1100 total=14000 metric=ce epoch=1/1
[pipeline-trace] wall=15:24:13 elapsed=432.994s phase=train event=interaction_progress trial=8 partition=0 processed=1200 total=14000 metric=ce epoch=1/1
[pipeline-trace] wall=15:24:13 elapsed=433.445s phase=train event=interaction_progress trial=8 partition=0 processed=1300 total=14000 metric=ce epoch=1/1
[pipeline-trace] wall=15:24:13 elapsed=433.878s phase=train event=interaction_progress trial=8 partition=0 processed=1400 total=14000 metric=ce epoch=1/1
[pipeline-trace] wall=15:24:14 elapsed=434.312s phase=train event=interaction_progress trial=8 partition=0 processed=1500 total=14000 metric=ce epoch=1/1
[pipeline-trace] wall=15:24:14 elapsed=434.748s phase=train event=interaction_progress trial=8 partition=0 processed=1600 total=14000 metric=ce epoch=1/1
[pipeline-trace] wall=15:24:15 elapsed=435.184s phase=train event=interaction_progress trial=8 partition=0 processed=1700 total=14000 metric=ce epoch=1/1
[pipeline-trace] wall=15:24:15 elapsed=435.625s phase=train event=interaction_progress trial=8 partition=0 processed=1800 total=14000 metric=ce epoch=1/1
[pipeline-trace] wall=15:24:16 elapsed=436.042s phase=train event=interaction_progress trial=8 partition=0 processed=1900 total=14000 metric=ce epoch=1/1
[pipeline-trace] wall=15:24:16 elapsed=436.364s phase=train event=interaction_progress trial=8 partition=0 processed=2000 total=14000 metric=ce epoch=1/1
[pipeline-trace] wall=15:24:16 elapsed=436.724s phase=train event=interaction_progress trial=8 partition=0 processed=2100 total=14000 metric=ce epoch=1/1
[pipeline-trace] wall=15:24:17 elapsed=437.163s phase=train event=interaction_progress trial=8 partition=0 processed=2200 total=14000 metric=ce epoch=1/1
[pipeline-trace] wall=15:24:17 elapsed=437.587s phase=train event=interaction_progress trial=8 partition=0 processed=2300 total=14000 metric=ce epoch=1/1
[pipeline-trace] wall=15:24:18 elapsed=437.999s phase=train event=interaction_progress trial=8 partition=0 processed=2400 total=14000 metric=ce epoch=1/1
[pipeline-trace] wall=15:24:18 elapsed=438.446s phase=train event=interaction_progress trial=8 partition=0 processed=2500 total=14000 metric=ce epoch=1/1
[pipeline-trace] wall=15:24:18 elapsed=438.903s phase=train event=interaction_progress trial=8 partition=0 processed=2600 total=14000 metric=ce epoch=1/1
[pipeline-trace] wall=15:24:19 elapsed=439.351s phase=train event=interaction_progress trial=8 partition=0 processed=2700 total=14000 metric=ce epoch=1/1
[pipeline-trace] wall=15:24:19 elapsed=439.752s phase=train event=interaction_progress trial=8 partition=0 processed=2800 total=14000 metric=ce epoch=1/1
[pipeline-trace] wall=15:24:20 elapsed=440.271s phase=train event=interaction_progress trial=8 partition=0 processed=2900 total=14000 metric=ce epoch=1/1
[pipeline-trace] wall=15:24:20 elapsed=440.821s phase=train event=interaction_progress trial=8 partition=0 processed=3000 total=14000 metric=ce epoch=1/1
[pipeline-trace] wall=15:24:21 elapsed=441.403s phase=train event=interaction_progress trial=8 partition=0 processed=3100 total=14000 metric=ce epoch=1/1
[pipeline-trace] wall=15:24:21 elapsed=441.921s phase=train event=interaction_progress trial=8 partition=0 processed=3200 total=14000 metric=ce epoch=1/1
[pipeline-trace] wall=15:24:22 elapsed=442.420s phase=train event=interaction_progress trial=8 partition=0 processed=3300 total=14000 metric=ce epoch=1/1
[pipeline-trace] wall=15:24:22 elapsed=442.896s phase=train event=interaction_progress trial=8 partition=0 processed=3400 total=14000 metric=ce epoch=1/1
[pipeline-trace] wall=15:24:23 elapsed=443.406s phase=train event=interaction_progress trial=8 partition=0 processed=3500 total=14000 metric=ce epoch=1/1
[pipeline-trace] wall=15:24:23 elapsed=443.898s phase=train event=interaction_progress trial=8 partition=0 processed=3600 total=14000 metric=ce epoch=1/1
[pipeline-trace] wall=15:24:24 elapsed=444.197s phase=train event=interaction_progress trial=8 partition=0 processed=3700 total=14000 metric=ce epoch=1/1
[pipeline-trace] wall=15:24:24 elapsed=444.566s phase=train event=interaction_progress trial=8 partition=0 processed=3800 total=14000 metric=ce epoch=1/1
[pipeline-trace] wall=15:24:25 elapsed=444.987s phase=train event=interaction_progress trial=8 partition=0 processed=3900 total=14000 metric=ce epoch=1/1
[pipeline-trace] wall=15:24:25 elapsed=445.396s phase=train event=interaction_progress trial=8 partition=0 processed=4000 total=14000 metric=ce epoch=1/1
[pipeline-trace] wall=15:24:25 elapsed=445.801s phase=train event=interaction_progress trial=8 partition=0 processed=4100 total=14000 metric=ce epoch=1/1
[pipeline-trace] wall=15:24:26 elapsed=446.183s phase=train event=interaction_progress trial=8 partition=0 processed=4200 total=14000 metric=ce epoch=1/1
[pipeline-trace] wall=15:24:26 elapsed=446.584s phase=train event=interaction_progress trial=8 partition=0 processed=4300 total=14000 metric=ce epoch=1/1
[pipeline-trace] wall=15:24:27 elapsed=446.979s phase=train event=interaction_progress trial=8 partition=0 processed=4400 total=14000 metric=ce epoch=1/1
[pipeline-trace] wall=15:24:27 elapsed=447.366s phase=train event=interaction_progress trial=8 partition=0 processed=4500 total=14000 metric=ce epoch=1/1
[pipeline-trace] wall=15:24:27 elapsed=447.806s phase=train event=interaction_progress trial=8 partition=0 processed=4600 total=14000 metric=ce epoch=1/1
[pipeline-trace] wall=15:24:28 elapsed=448.274s phase=train event=interaction_progress trial=8 partition=0 processed=4700 total=14000 metric=ce epoch=1/1
[pipeline-trace] wall=15:24:28 elapsed=448.733s phase=train event=interaction_progress trial=8 partition=0 processed=4800 total=14000 metric=ce epoch=1/1
[pipeline-trace] wall=15:24:29 elapsed=449.186s phase=train event=interaction_progress trial=8 partition=0 processed=4900 total=14000 metric=ce epoch=1/1
[pipeline-trace] wall=15:24:29 elapsed=449.628s phase=train event=interaction_progress trial=8 partition=0 processed=5000 total=14000 metric=ce epoch=1/1
[pipeline-trace] wall=15:24:30 elapsed=450.002s phase=train event=interaction_progress trial=8 partition=0 processed=5100 total=14000 metric=ce epoch=1/1
[pipeline-trace] wall=15:24:30 elapsed=450.308s phase=train event=interaction_progress trial=8 partition=0 processed=5200 total=14000 metric=ce epoch=1/1
[pipeline-trace] wall=15:24:30 elapsed=450.691s phase=train event=interaction_progress trial=8 partition=0 processed=5300 total=14000 metric=ce epoch=1/1
[pipeline-trace] wall=15:24:31 elapsed=451.124s phase=train event=interaction_progress trial=8 partition=0 processed=5400 total=14000 metric=ce epoch=1/1
[pipeline-trace] wall=15:24:31 elapsed=451.557s phase=train event=interaction_progress trial=8 partition=0 processed=5500 total=14000 metric=ce epoch=1/1
[pipeline-trace] wall=15:24:31 elapsed=451.959s phase=train event=interaction_progress trial=8 partition=0 processed=5600 total=14000 metric=ce epoch=1/1
[pipeline-trace] wall=15:24:32 elapsed=452.401s phase=train event=interaction_progress trial=8 partition=0 processed=5700 total=14000 metric=ce epoch=1/1
[pipeline-trace] wall=15:24:32 elapsed=452.852s phase=train event=interaction_progress trial=8 partition=0 processed=5800 total=14000 metric=ce epoch=1/1
[pipeline-trace] wall=15:24:33 elapsed=453.422s phase=train event=interaction_progress trial=8 partition=0 processed=5900 total=14000 metric=ce epoch=1/1
[pipeline-trace] wall=15:24:33 elapsed=453.839s phase=train event=interaction_progress trial=8 partition=0 processed=6000 total=14000 metric=ce epoch=1/1
[pipeline-trace] wall=15:24:34 elapsed=454.287s phase=train event=interaction_progress trial=8 partition=0 processed=6100 total=14000 metric=ce epoch=1/1
[pipeline-trace] wall=15:24:34 elapsed=454.713s phase=train event=interaction_progress trial=8 partition=0 processed=6200 total=14000 metric=ce epoch=1/1
[pipeline-trace] wall=15:24:35 elapsed=455.127s phase=train event=interaction_progress trial=8 partition=0 processed=6300 total=14000 metric=ce epoch=1/1
[pipeline-trace] wall=15:24:35 elapsed=455.559s phase=train event=interaction_progress trial=8 partition=0 processed=6400 total=14000 metric=ce epoch=1/1
[pipeline-trace] wall=15:24:35 elapsed=455.901s phase=train event=interaction_progress trial=8 partition=0 processed=6500 total=14000 metric=ce epoch=1/1
[pipeline-trace] wall=15:24:36 elapsed=456.365s phase=train event=interaction_progress trial=8 partition=0 processed=6600 total=14000 metric=ce epoch=1/1
[pipeline-trace] wall=15:24:36 elapsed=456.811s phase=train event=interaction_progress trial=8 partition=0 processed=6700 total=14000 metric=ce epoch=1/1
[pipeline-trace] wall=15:24:37 elapsed=457.237s phase=train event=interaction_progress trial=8 partition=0 processed=6800 total=14000 metric=ce epoch=1/1
[pipeline-trace] wall=15:24:37 elapsed=457.602s phase=train event=interaction_progress trial=8 partition=0 processed=6900 total=14000 metric=ce epoch=1/1
[pipeline-trace] wall=15:24:38 elapsed=457.993s phase=train event=interaction_progress trial=8 partition=0 processed=7000 total=14000 metric=ce epoch=1/1
[pipeline-trace] wall=15:24:38 elapsed=458.330s phase=train event=interaction_progress trial=8 partition=0 processed=7100 total=14000 metric=ce epoch=1/1
[pipeline-trace] wall=15:24:38 elapsed=458.657s phase=train event=interaction_progress trial=8 partition=0 processed=7200 total=14000 metric=ce epoch=1/1
[pipeline-trace] wall=15:24:39 elapsed=459.084s phase=train event=interaction_progress trial=8 partition=0 processed=7300 total=14000 metric=ce epoch=1/1
[pipeline-trace] wall=15:24:39 elapsed=459.530s phase=train event=interaction_progress trial=8 partition=0 processed=7400 total=14000 metric=ce epoch=1/1
[pipeline-trace] wall=15:24:40 elapsed=460.018s phase=train event=interaction_progress trial=8 partition=0 processed=7500 total=14000 metric=ce epoch=1/1
[pipeline-trace] wall=15:24:40 elapsed=460.496s phase=train event=interaction_progress trial=8 partition=0 processed=7600 total=14000 metric=ce epoch=1/1
[pipeline-trace] wall=15:24:41 elapsed=461.000s phase=train event=interaction_progress trial=8 partition=0 processed=7700 total=14000 metric=ce epoch=1/1
[pipeline-trace] wall=15:24:41 elapsed=461.504s phase=train event=interaction_progress trial=8 partition=0 processed=7800 total=14000 metric=ce epoch=1/1
[pipeline-trace] wall=15:24:42 elapsed=462.007s phase=train event=interaction_progress trial=8 partition=0 processed=7900 total=14000 metric=ce epoch=1/1
[pipeline-trace] wall=15:24:42 elapsed=462.506s phase=train event=interaction_progress trial=8 partition=0 processed=8000 total=14000 metric=ce epoch=1/1
[pipeline-trace] wall=15:24:42 elapsed=462.935s phase=train event=interaction_progress trial=8 partition=0 processed=8100 total=14000 metric=ce epoch=1/1
[pipeline-trace] wall=15:24:43 elapsed=463.363s phase=train event=interaction_progress trial=8 partition=0 processed=8200 total=14000 metric=ce epoch=1/1
[pipeline-trace] wall=15:24:43 elapsed=463.834s phase=train event=interaction_progress trial=8 partition=0 processed=8300 total=14000 metric=ce epoch=1/1
[pipeline-trace] wall=15:24:44 elapsed=464.336s phase=train event=interaction_progress trial=8 partition=0 processed=8400 total=14000 metric=ce epoch=1/1
[pipeline-trace] wall=15:24:44 elapsed=464.832s phase=train event=interaction_progress trial=8 partition=0 processed=8500 total=14000 metric=ce epoch=1/1
[pipeline-trace] wall=15:24:45 elapsed=465.307s phase=train event=interaction_progress trial=8 partition=0 processed=8600 total=14000 metric=ce epoch=1/1
[pipeline-trace] wall=15:24:45 elapsed=465.692s phase=train event=interaction_progress trial=8 partition=0 processed=8700 total=14000 metric=ce epoch=1/1
[pipeline-trace] wall=15:24:46 elapsed=466.082s phase=train event=interaction_progress trial=8 partition=0 processed=8800 total=14000 metric=ce epoch=1/1
[pipeline-trace] wall=15:24:46 elapsed=466.508s phase=train event=interaction_progress trial=8 partition=0 processed=8900 total=14000 metric=ce epoch=1/1
[pipeline-trace] wall=15:24:47 elapsed=467.006s phase=train event=interaction_progress trial=8 partition=0 processed=9000 total=14000 metric=ce epoch=1/1
[pipeline-trace] wall=15:24:47 elapsed=467.437s phase=train event=interaction_progress trial=8 partition=0 processed=9100 total=14000 metric=ce epoch=1/1
[pipeline-trace] wall=15:24:47 elapsed=467.833s phase=train event=interaction_progress trial=8 partition=0 processed=9200 total=14000 metric=ce epoch=1/1
[pipeline-trace] wall=15:24:48 elapsed=468.215s phase=train event=interaction_progress trial=8 partition=0 processed=9300 total=14000 metric=ce epoch=1/1
[pipeline-trace] wall=15:24:48 elapsed=468.638s phase=train event=interaction_progress trial=8 partition=0 processed=9400 total=14000 metric=ce epoch=1/1
[pipeline-trace] wall=15:24:49 elapsed=469.085s phase=train event=interaction_progress trial=8 partition=0 processed=9500 total=14000 metric=ce epoch=1/1
[pipeline-trace] wall=15:24:49 elapsed=469.548s phase=train event=interaction_progress trial=8 partition=0 processed=9600 total=14000 metric=ce epoch=1/1
[pipeline-trace] wall=15:24:50 elapsed=470.085s phase=train event=interaction_progress trial=8 partition=0 processed=9700 total=14000 metric=ce epoch=1/1
[pipeline-trace] wall=15:24:50 elapsed=470.542s phase=train event=interaction_progress trial=8 partition=0 processed=9800 total=14000 metric=ce epoch=1/1
[pipeline-trace] wall=15:24:51 elapsed=470.991s phase=train event=interaction_progress trial=8 partition=0 processed=9900 total=14000 metric=ce epoch=1/1
[pipeline-trace] wall=15:24:51 elapsed=471.542s phase=train event=interaction_progress trial=8 partition=0 processed=10000 total=14000 metric=ce epoch=1/1
[pipeline-trace] wall=15:24:52 elapsed=472.081s phase=train event=interaction_progress trial=8 partition=0 processed=10100 total=14000 metric=ce epoch=1/1
[pipeline-trace] wall=15:24:52 elapsed=472.569s phase=train event=interaction_progress trial=8 partition=0 processed=10200 total=14000 metric=ce epoch=1/1
[pipeline-trace] wall=15:24:53 elapsed=472.969s phase=train event=interaction_progress trial=8 partition=0 processed=10300 total=14000 metric=ce epoch=1/1
[pipeline-trace] wall=15:24:53 elapsed=473.414s phase=train event=interaction_progress trial=8 partition=0 processed=10400 total=14000 metric=ce epoch=1/1
[pipeline-trace] wall=15:24:54 elapsed=474.199s phase=train event=interaction_progress trial=8 partition=0 processed=10500 total=14000 metric=ce epoch=1/1
[pipeline-trace] wall=15:24:54 elapsed=474.890s phase=train event=interaction_progress trial=8 partition=0 processed=10600 total=14000 metric=ce epoch=1/1
[pipeline-trace] wall=15:24:55 elapsed=475.465s phase=train event=interaction_progress trial=8 partition=0 processed=10700 total=14000 metric=ce epoch=1/1
[pipeline-trace] wall=15:24:56 elapsed=476.065s phase=train event=interaction_progress trial=8 partition=0 processed=10800 total=14000 metric=ce epoch=1/1
[pipeline-trace] wall=15:24:56 elapsed=476.633s phase=train event=interaction_progress trial=8 partition=0 processed=10900 total=14000 metric=ce epoch=1/1
[pipeline-trace] wall=15:24:57 elapsed=477.315s phase=train event=interaction_progress trial=8 partition=0 processed=11000 total=14000 metric=ce epoch=1/1
[pipeline-trace] wall=15:24:57 elapsed=477.867s phase=train event=interaction_progress trial=8 partition=0 processed=11100 total=14000 metric=ce epoch=1/1
[pipeline-trace] wall=15:24:58 elapsed=478.430s phase=train event=interaction_progress trial=8 partition=0 processed=11200 total=14000 metric=ce epoch=1/1
[pipeline-trace] wall=15:24:59 elapsed=479.019s phase=train event=interaction_progress trial=8 partition=0 processed=11300 total=14000 metric=ce epoch=1/1
[pipeline-trace] wall=15:24:59 elapsed=479.567s phase=train event=interaction_progress trial=8 partition=0 processed=11400 total=14000 metric=ce epoch=1/1
[pipeline-trace] wall=15:25:00 elapsed=480.244s phase=train event=interaction_progress trial=8 partition=0 processed=11500 total=14000 metric=ce epoch=1/1
[pipeline-trace] wall=15:25:00 elapsed=480.783s phase=train event=interaction_progress trial=8 partition=0 processed=11600 total=14000 metric=ce epoch=1/1
[pipeline-trace] wall=15:25:01 elapsed=481.360s phase=train event=interaction_progress trial=8 partition=0 processed=11700 total=14000 metric=ce epoch=1/1
[pipeline-trace] wall=15:25:01 elapsed=481.951s phase=train event=interaction_progress trial=8 partition=0 processed=11800 total=14000 metric=ce epoch=1/1
[pipeline-trace] wall=15:25:02 elapsed=482.485s phase=train event=interaction_progress trial=8 partition=0 processed=11900 total=14000 metric=ce epoch=1/1
[pipeline-trace] wall=15:25:03 elapsed=483.017s phase=train event=interaction_progress trial=8 partition=0 processed=12000 total=14000 metric=ce epoch=1/1
[pipeline-trace] wall=15:25:03 elapsed=483.573s phase=train event=interaction_progress trial=8 partition=0 processed=12100 total=14000 metric=ce epoch=1/1
[pipeline-trace] wall=15:25:04 elapsed=484.107s phase=train event=interaction_progress trial=8 partition=0 processed=12200 total=14000 metric=ce epoch=1/1
[pipeline-trace] wall=15:25:04 elapsed=484.576s phase=train event=interaction_progress trial=8 partition=0 processed=12300 total=14000 metric=ce epoch=1/1
[pipeline-trace] wall=15:25:05 elapsed=484.981s phase=train event=interaction_progress trial=8 partition=0 processed=12400 total=14000 metric=ce epoch=1/1
[pipeline-trace] wall=15:25:05 elapsed=485.463s phase=train event=interaction_progress trial=8 partition=0 processed=12500 total=14000 metric=ce epoch=1/1
[pipeline-trace] wall=15:25:05 elapsed=485.925s phase=train event=interaction_progress trial=8 partition=0 processed=12600 total=14000 metric=ce epoch=1/1
[pipeline-trace] wall=15:25:06 elapsed=486.359s phase=train event=interaction_progress trial=8 partition=0 processed=12700 total=14000 metric=ce epoch=1/1
[pipeline-trace] wall=15:25:06 elapsed=486.750s phase=train event=interaction_progress trial=8 partition=0 processed=12800 total=14000 metric=ce epoch=1/1
[pipeline-trace] wall=15:25:07 elapsed=487.220s phase=train event=interaction_progress trial=8 partition=0 processed=12900 total=14000 metric=ce epoch=1/1
[pipeline-trace] wall=15:25:07 elapsed=487.611s phase=train event=interaction_progress trial=8 partition=0 processed=13000 total=14000 metric=ce epoch=1/1
[pipeline-trace] wall=15:25:08 elapsed=487.984s phase=train event=interaction_progress trial=8 partition=0 processed=13100 total=14000 metric=ce epoch=1/1
[pipeline-trace] wall=15:25:08 elapsed=488.437s phase=train event=interaction_progress trial=8 partition=0 processed=13200 total=14000 metric=ce epoch=1/1
[pipeline-trace] wall=15:25:08 elapsed=488.905s phase=train event=interaction_progress trial=8 partition=0 processed=13300 total=14000 metric=ce epoch=1/1
[pipeline-trace] wall=15:25:09 elapsed=489.298s phase=train event=interaction_progress trial=8 partition=0 processed=13400 total=14000 metric=ce epoch=1/1
[pipeline-trace] wall=15:25:09 elapsed=489.733s phase=train event=interaction_progress trial=8 partition=0 processed=13500 total=14000 metric=ce epoch=1/1
[pipeline-trace] wall=15:25:10 elapsed=490.126s phase=train event=interaction_progress trial=8 partition=0 processed=13600 total=14000 metric=ce epoch=1/1
[pipeline-trace] wall=15:25:10 elapsed=490.575s phase=train event=interaction_progress trial=8 partition=0 processed=13700 total=14000 metric=ce epoch=1/1
[pipeline-trace] wall=15:25:11 elapsed=491.065s phase=train event=interaction_progress trial=8 partition=0 processed=13800 total=14000 metric=ce epoch=1/1
[pipeline-trace] wall=15:25:11 elapsed=491.546s phase=train event=interaction_progress trial=8 partition=0 processed=13900 total=14000 metric=ce epoch=1/1
[pipeline-trace] wall=15:25:12 elapsed=491.986s phase=train event=interaction_progress trial=8 partition=0 processed=14000 total=14000 metric=ce epoch=1/1
[pipeline-trace] wall=15:25:12 elapsed=492.151s phase=eval event=batch_start trial=8 partitions=[1] synthetic=False
[pipeline-trace] wall=15:25:12 elapsed=492.151s phase=eval event=partition_start trial=8 partition=1 interactions=1999
[pipeline-trace] wall=15:25:12 elapsed=492.151s phase=eval event=interaction_progress trial=8 partition=1 processed=1 total=1999 metric=ranking
[pipeline-trace] wall=15:25:12 elapsed=492.315s phase=eval event=interaction_progress trial=8 partition=1 processed=100 total=1999 metric=ranking
[pipeline-trace] wall=15:25:12 elapsed=492.466s phase=eval event=interaction_progress trial=8 partition=1 processed=200 total=1999 metric=ranking
[pipeline-trace] wall=15:25:12 elapsed=492.623s phase=eval event=interaction_progress trial=8 partition=1 processed=300 total=1999 metric=ranking
[pipeline-trace] wall=15:25:12 elapsed=492.786s phase=eval event=interaction_progress trial=8 partition=1 processed=400 total=1999 metric=ranking
[pipeline-trace] wall=15:25:12 elapsed=492.944s phase=eval event=interaction_progress trial=8 partition=1 processed=500 total=1999 metric=ranking
[pipeline-trace] wall=15:25:13 elapsed=493.096s phase=eval event=interaction_progress trial=8 partition=1 processed=600 total=1999 metric=ranking
[pipeline-trace] wall=15:25:13 elapsed=493.247s phase=eval event=interaction_progress trial=8 partition=1 processed=700 total=1999 metric=ranking
[pipeline-trace] wall=15:25:13 elapsed=493.400s phase=eval event=interaction_progress trial=8 partition=1 processed=800 total=1999 metric=ranking
[pipeline-trace] wall=15:25:13 elapsed=493.585s phase=eval event=interaction_progress trial=8 partition=1 processed=900 total=1999 metric=ranking
[pipeline-trace] wall=15:25:13 elapsed=493.773s phase=eval event=interaction_progress trial=8 partition=1 processed=1000 total=1999 metric=ranking
[pipeline-trace] wall=15:25:13 elapsed=493.963s phase=eval event=interaction_progress trial=8 partition=1 processed=1100 total=1999 metric=ranking
[pipeline-trace] wall=15:25:14 elapsed=494.151s phase=eval event=interaction_progress trial=8 partition=1 processed=1200 total=1999 metric=ranking
[pipeline-trace] wall=15:25:14 elapsed=494.286s phase=eval event=interaction_progress trial=8 partition=1 processed=1300 total=1999 metric=ranking
[pipeline-trace] wall=15:25:14 elapsed=494.421s phase=eval event=interaction_progress trial=8 partition=1 processed=1400 total=1999 metric=ranking
[pipeline-trace] wall=15:25:14 elapsed=494.555s phase=eval event=interaction_progress trial=8 partition=1 processed=1500 total=1999 metric=ranking
[pipeline-trace] wall=15:25:14 elapsed=494.707s phase=eval event=interaction_progress trial=8 partition=1 processed=1600 total=1999 metric=ranking
[pipeline-trace] wall=15:25:14 elapsed=494.894s phase=eval event=interaction_progress trial=8 partition=1 processed=1700 total=1999 metric=ranking
[pipeline-trace] wall=15:25:15 elapsed=495.130s phase=eval event=interaction_progress trial=8 partition=1 processed=1800 total=1999 metric=ranking
[pipeline-trace] wall=15:25:15 elapsed=495.310s phase=eval event=interaction_progress trial=8 partition=1 processed=1900 total=1999 metric=ranking
[pipeline-trace] wall=15:25:15 elapsed=495.492s phase=eval event=interaction_progress trial=8 partition=1 processed=1999 total=1999 metric=ranking
[pipeline-trace] wall=15:25:15 elapsed=495.495s phase=eval event=partition_complete trial=8 partition=1 elapsed_sec=3.344 hits=1716 total=1999
[pipeline-trace] wall=15:25:15 elapsed=495.616s phase=train event=interaction_progress trial=9 partition=0 processed=1 total=14000 metric=ce epoch=1/1
[pipeline-trace] wall=15:25:15 elapsed=495.909s phase=train event=interaction_progress trial=9 partition=0 processed=100 total=14000 metric=ce epoch=1/1
[pipeline-trace] wall=15:25:16 elapsed=496.283s phase=train event=interaction_progress trial=9 partition=0 processed=200 total=14000 metric=ce epoch=1/1
[pipeline-trace] wall=15:25:16 elapsed=496.601s phase=train event=interaction_progress trial=9 partition=0 processed=300 total=14000 metric=ce epoch=1/1
[pipeline-trace] wall=15:25:16 elapsed=496.900s phase=train event=interaction_progress trial=9 partition=0 processed=400 total=14000 metric=ce epoch=1/1
[pipeline-trace] wall=15:25:17 elapsed=497.203s phase=train event=interaction_progress trial=9 partition=0 processed=500 total=14000 metric=ce epoch=1/1
[pipeline-trace] wall=15:25:17 elapsed=497.513s phase=train event=interaction_progress trial=9 partition=0 processed=600 total=14000 metric=ce epoch=1/1
[pipeline-trace] wall=15:25:17 elapsed=497.760s phase=train event=interaction_progress trial=9 partition=0 processed=700 total=14000 metric=ce epoch=1/1
[pipeline-trace] wall=15:25:18 elapsed=498.123s phase=train event=interaction_progress trial=9 partition=0 processed=800 total=14000 metric=ce epoch=1/1
[pipeline-trace] wall=15:25:18 elapsed=498.463s phase=train event=interaction_progress trial=9 partition=0 processed=900 total=14000 metric=ce epoch=1/1
[pipeline-trace] wall=15:25:18 elapsed=498.764s phase=train event=interaction_progress trial=9 partition=0 processed=1000 total=14000 metric=ce epoch=1/1
[pipeline-trace] wall=15:25:19 elapsed=499.126s phase=train event=interaction_progress trial=9 partition=0 processed=1100 total=14000 metric=ce epoch=1/1
[pipeline-trace] wall=15:25:19 elapsed=499.462s phase=train event=interaction_progress trial=9 partition=0 processed=1200 total=14000 metric=ce epoch=1/1
[pipeline-trace] wall=15:25:19 elapsed=499.772s phase=train event=interaction_progress trial=9 partition=0 processed=1300 total=14000 metric=ce epoch=1/1
[pipeline-trace] wall=15:25:20 elapsed=500.076s phase=train event=interaction_progress trial=9 partition=0 processed=1400 total=14000 metric=ce epoch=1/1
[pipeline-trace] wall=15:25:20 elapsed=500.349s phase=train event=interaction_progress trial=9 partition=0 processed=1500 total=14000 metric=ce epoch=1/1
[pipeline-trace] wall=15:25:20 elapsed=500.651s phase=train event=interaction_progress trial=9 partition=0 processed=1600 total=14000 metric=ce epoch=1/1
[pipeline-trace] wall=15:25:21 elapsed=500.973s phase=train event=interaction_progress trial=9 partition=0 processed=1700 total=14000 metric=ce epoch=1/1
[pipeline-trace] wall=15:25:21 elapsed=501.289s phase=train event=interaction_progress trial=9 partition=0 processed=1800 total=14000 metric=ce epoch=1/1
[pipeline-trace] wall=15:25:21 elapsed=501.616s phase=train event=interaction_progress trial=9 partition=0 processed=1900 total=14000 metric=ce epoch=1/1
[pipeline-trace] wall=15:25:21 elapsed=501.927s phase=train event=interaction_progress trial=9 partition=0 processed=2000 total=14000 metric=ce epoch=1/1
[pipeline-trace] wall=15:25:22 elapsed=502.251s phase=train event=interaction_progress trial=9 partition=0 processed=2100 total=14000 metric=ce epoch=1/1
[pipeline-trace] wall=15:25:22 elapsed=502.584s phase=train event=interaction_progress trial=9 partition=0 processed=2200 total=14000 metric=ce epoch=1/1
[pipeline-trace] wall=15:25:22 elapsed=502.865s phase=train event=interaction_progress trial=9 partition=0 processed=2300 total=14000 metric=ce epoch=1/1
[pipeline-trace] wall=15:25:23 elapsed=503.206s phase=train event=interaction_progress trial=9 partition=0 processed=2400 total=14000 metric=ce epoch=1/1
[pipeline-trace] wall=15:25:23 elapsed=503.545s phase=train event=interaction_progress trial=9 partition=0 processed=2500 total=14000 metric=ce epoch=1/1
[pipeline-trace] wall=15:25:23 elapsed=503.821s phase=train event=interaction_progress trial=9 partition=0 processed=2600 total=14000 metric=ce epoch=1/1
[pipeline-trace] wall=15:25:24 elapsed=504.075s phase=train event=interaction_progress trial=9 partition=0 processed=2700 total=14000 metric=ce epoch=1/1
[pipeline-trace] wall=15:25:24 elapsed=504.421s phase=train event=interaction_progress trial=9 partition=0 processed=2800 total=14000 metric=ce epoch=1/1
[pipeline-trace] wall=15:25:24 elapsed=504.741s phase=train event=interaction_progress trial=9 partition=0 processed=2900 total=14000 metric=ce epoch=1/1
[pipeline-trace] wall=15:25:25 elapsed=505.034s phase=train event=interaction_progress trial=9 partition=0 processed=3000 total=14000 metric=ce epoch=1/1
[pipeline-trace] wall=15:25:25 elapsed=505.297s phase=train event=interaction_progress trial=9 partition=0 processed=3100 total=14000 metric=ce epoch=1/1
[pipeline-trace] wall=15:25:25 elapsed=505.552s phase=train event=interaction_progress trial=9 partition=0 processed=3200 total=14000 metric=ce epoch=1/1
[pipeline-trace] wall=15:25:25 elapsed=505.766s phase=train event=interaction_progress trial=9 partition=0 processed=3300 total=14000 metric=ce epoch=1/1
[pipeline-trace] wall=15:25:26 elapsed=506.082s phase=train event=interaction_progress trial=9 partition=0 processed=3400 total=14000 metric=ce epoch=1/1
[pipeline-trace] wall=15:25:26 elapsed=506.368s phase=train event=interaction_progress trial=9 partition=0 processed=3500 total=14000 metric=ce epoch=1/1
[pipeline-trace] wall=15:25:26 elapsed=506.669s phase=train event=interaction_progress trial=9 partition=0 processed=3600 total=14000 metric=ce epoch=1/1
[pipeline-trace] wall=15:25:27 elapsed=506.974s phase=train event=interaction_progress trial=9 partition=0 processed=3700 total=14000 metric=ce epoch=1/1
[pipeline-trace] wall=15:25:27 elapsed=507.280s phase=train event=interaction_progress trial=9 partition=0 processed=3800 total=14000 metric=ce epoch=1/1
[pipeline-trace] wall=15:25:27 elapsed=507.604s phase=train event=interaction_progress trial=9 partition=0 processed=3900 total=14000 metric=ce epoch=1/1
[pipeline-trace] wall=15:25:27 elapsed=507.942s phase=train event=interaction_progress trial=9 partition=0 processed=4000 total=14000 metric=ce epoch=1/1
[pipeline-trace] wall=15:25:28 elapsed=508.294s phase=train event=interaction_progress trial=9 partition=0 processed=4100 total=14000 metric=ce epoch=1/1
[pipeline-trace] wall=15:25:28 elapsed=508.588s phase=train event=interaction_progress trial=9 partition=0 processed=4200 total=14000 metric=ce epoch=1/1
[pipeline-trace] wall=15:25:28 elapsed=508.898s phase=train event=interaction_progress trial=9 partition=0 processed=4300 total=14000 metric=ce epoch=1/1
[pipeline-trace] wall=15:25:29 elapsed=509.216s phase=train event=interaction_progress trial=9 partition=0 processed=4400 total=14000 metric=ce epoch=1/1
[pipeline-trace] wall=15:25:29 elapsed=509.522s phase=train event=interaction_progress trial=9 partition=0 processed=4500 total=14000 metric=ce epoch=1/1
[pipeline-trace] wall=15:25:29 elapsed=509.830s phase=train event=interaction_progress trial=9 partition=0 processed=4600 total=14000 metric=ce epoch=1/1
[pipeline-trace] wall=15:25:30 elapsed=510.131s phase=train event=interaction_progress trial=9 partition=0 processed=4700 total=14000 metric=ce epoch=1/1
[pipeline-trace] wall=15:25:30 elapsed=510.440s phase=train event=interaction_progress trial=9 partition=0 processed=4800 total=14000 metric=ce epoch=1/1
[pipeline-trace] wall=15:25:30 elapsed=510.707s phase=train event=interaction_progress trial=9 partition=0 processed=4900 total=14000 metric=ce epoch=1/1
[pipeline-trace] wall=15:25:31 elapsed=510.984s phase=train event=interaction_progress trial=9 partition=0 processed=5000 total=14000 metric=ce epoch=1/1
[pipeline-trace] wall=15:25:31 elapsed=511.269s phase=train event=interaction_progress trial=9 partition=0 processed=5100 total=14000 metric=ce epoch=1/1
[pipeline-trace] wall=15:25:31 elapsed=511.591s phase=train event=interaction_progress trial=9 partition=0 processed=5200 total=14000 metric=ce epoch=1/1
[pipeline-trace] wall=15:25:31 elapsed=511.920s phase=train event=interaction_progress trial=9 partition=0 processed=5300 total=14000 metric=ce epoch=1/1
[pipeline-trace] wall=15:25:32 elapsed=512.217s phase=train event=interaction_progress trial=9 partition=0 processed=5400 total=14000 metric=ce epoch=1/1
[pipeline-trace] wall=15:25:32 elapsed=512.527s phase=train event=interaction_progress trial=9 partition=0 processed=5500 total=14000 metric=ce epoch=1/1
[pipeline-trace] wall=15:25:32 elapsed=512.829s phase=train event=interaction_progress trial=9 partition=0 processed=5600 total=14000 metric=ce epoch=1/1
[pipeline-trace] wall=15:25:33 elapsed=513.125s phase=train event=interaction_progress trial=9 partition=0 processed=5700 total=14000 metric=ce epoch=1/1
[pipeline-trace] wall=15:25:33 elapsed=513.452s phase=train event=interaction_progress trial=9 partition=0 processed=5800 total=14000 metric=ce epoch=1/1
[pipeline-trace] wall=15:25:33 elapsed=513.760s phase=train event=interaction_progress trial=9 partition=0 processed=5900 total=14000 metric=ce epoch=1/1
[pipeline-trace] wall=15:25:34 elapsed=514.069s phase=train event=interaction_progress trial=9 partition=0 processed=6000 total=14000 metric=ce epoch=1/1
[pipeline-trace] wall=15:25:34 elapsed=514.385s phase=train event=interaction_progress trial=9 partition=0 processed=6100 total=14000 metric=ce epoch=1/1
[pipeline-trace] wall=15:25:34 elapsed=514.692s phase=train event=interaction_progress trial=9 partition=0 processed=6200 total=14000 metric=ce epoch=1/1
[pipeline-trace] wall=15:25:35 elapsed=514.981s phase=train event=interaction_progress trial=9 partition=0 processed=6300 total=14000 metric=ce epoch=1/1
[pipeline-trace] wall=15:25:35 elapsed=515.279s phase=train event=interaction_progress trial=9 partition=0 processed=6400 total=14000 metric=ce epoch=1/1
[pipeline-trace] wall=15:25:35 elapsed=515.579s phase=train event=interaction_progress trial=9 partition=0 processed=6500 total=14000 metric=ce epoch=1/1
[pipeline-trace] wall=15:25:35 elapsed=515.888s phase=train event=interaction_progress trial=9 partition=0 processed=6600 total=14000 metric=ce epoch=1/1
[pipeline-trace] wall=15:25:36 elapsed=516.216s phase=train event=interaction_progress trial=9 partition=0 processed=6700 total=14000 metric=ce epoch=1/1
[pipeline-trace] wall=15:25:36 elapsed=516.549s phase=train event=interaction_progress trial=9 partition=0 processed=6800 total=14000 metric=ce epoch=1/1
[pipeline-trace] wall=15:25:36 elapsed=516.873s phase=train event=interaction_progress trial=9 partition=0 processed=6900 total=14000 metric=ce epoch=1/1
[pipeline-trace] wall=15:25:37 elapsed=517.177s phase=train event=interaction_progress trial=9 partition=0 processed=7000 total=14000 metric=ce epoch=1/1
[pipeline-trace] wall=15:25:37 elapsed=517.514s phase=train event=interaction_progress trial=9 partition=0 processed=7100 total=14000 metric=ce epoch=1/1
[pipeline-trace] wall=15:25:37 elapsed=517.862s phase=train event=interaction_progress trial=9 partition=0 processed=7200 total=14000 metric=ce epoch=1/1
[pipeline-trace] wall=15:25:38 elapsed=518.208s phase=train event=interaction_progress trial=9 partition=0 processed=7300 total=14000 metric=ce epoch=1/1
[pipeline-trace] wall=15:25:38 elapsed=518.517s phase=train event=interaction_progress trial=9 partition=0 processed=7400 total=14000 metric=ce epoch=1/1
[pipeline-trace] wall=15:25:38 elapsed=518.829s phase=train event=interaction_progress trial=9 partition=0 processed=7500 total=14000 metric=ce epoch=1/1
[pipeline-trace] wall=15:25:39 elapsed=519.119s phase=train event=interaction_progress trial=9 partition=0 processed=7600 total=14000 metric=ce epoch=1/1
[pipeline-trace] wall=15:25:39 elapsed=519.449s phase=train event=interaction_progress trial=9 partition=0 processed=7700 total=14000 metric=ce epoch=1/1
[pipeline-trace] wall=15:25:39 elapsed=519.777s phase=train event=interaction_progress trial=9 partition=0 processed=7800 total=14000 metric=ce epoch=1/1
[pipeline-trace] wall=15:25:40 elapsed=520.108s phase=train event=interaction_progress trial=9 partition=0 processed=7900 total=14000 metric=ce epoch=1/1
[pipeline-trace] wall=15:25:40 elapsed=520.443s phase=train event=interaction_progress trial=9 partition=0 processed=8000 total=14000 metric=ce epoch=1/1
[pipeline-trace] wall=15:25:40 elapsed=520.782s phase=train event=interaction_progress trial=9 partition=0 processed=8100 total=14000 metric=ce epoch=1/1
[pipeline-trace] wall=15:25:41 elapsed=521.112s phase=train event=interaction_progress trial=9 partition=0 processed=8200 total=14000 metric=ce epoch=1/1
[pipeline-trace] wall=15:25:41 elapsed=521.405s phase=train event=interaction_progress trial=9 partition=0 processed=8300 total=14000 metric=ce epoch=1/1
[pipeline-trace] wall=15:25:41 elapsed=521.722s phase=train event=interaction_progress trial=9 partition=0 processed=8400 total=14000 metric=ce epoch=1/1
[pipeline-trace] wall=15:25:42 elapsed=521.997s phase=train event=interaction_progress trial=9 partition=0 processed=8500 total=14000 metric=ce epoch=1/1
[pipeline-trace] wall=15:25:42 elapsed=522.310s phase=train event=interaction_progress trial=9 partition=0 processed=8600 total=14000 metric=ce epoch=1/1
[pipeline-trace] wall=15:25:42 elapsed=522.619s phase=train event=interaction_progress trial=9 partition=0 processed=8700 total=14000 metric=ce epoch=1/1
[pipeline-trace] wall=15:25:42 elapsed=522.880s phase=train event=interaction_progress trial=9 partition=0 processed=8800 total=14000 metric=ce epoch=1/1
[pipeline-trace] wall=15:25:43 elapsed=523.147s phase=train event=interaction_progress trial=9 partition=0 processed=8900 total=14000 metric=ce epoch=1/1
[pipeline-trace] wall=15:25:43 elapsed=523.414s phase=train event=interaction_progress trial=9 partition=0 processed=9000 total=14000 metric=ce epoch=1/1
[pipeline-trace] wall=15:25:44 elapsed=524.014s phase=train event=interaction_progress trial=9 partition=0 processed=9100 total=14000 metric=ce epoch=1/1
[pipeline-trace] wall=15:25:44 elapsed=524.327s phase=train event=interaction_progress trial=9 partition=0 processed=9200 total=14000 metric=ce epoch=1/1
[pipeline-trace] wall=15:25:44 elapsed=524.637s phase=train event=interaction_progress trial=9 partition=0 processed=9300 total=14000 metric=ce epoch=1/1
[pipeline-trace] wall=15:25:44 elapsed=524.924s phase=train event=interaction_progress trial=9 partition=0 processed=9400 total=14000 metric=ce epoch=1/1
[pipeline-trace] wall=15:25:45 elapsed=525.190s phase=train event=interaction_progress trial=9 partition=0 processed=9500 total=14000 metric=ce epoch=1/1
[pipeline-trace] wall=15:25:45 elapsed=525.483s phase=train event=interaction_progress trial=9 partition=0 processed=9600 total=14000 metric=ce epoch=1/1
[pipeline-trace] wall=15:25:45 elapsed=525.769s phase=train event=interaction_progress trial=9 partition=0 processed=9700 total=14000 metric=ce epoch=1/1
[pipeline-trace] wall=15:25:46 elapsed=526.081s phase=train event=interaction_progress trial=9 partition=0 processed=9800 total=14000 metric=ce epoch=1/1
[pipeline-trace] wall=15:25:46 elapsed=526.462s phase=train event=interaction_progress trial=9 partition=0 processed=9900 total=14000 metric=ce epoch=1/1
[pipeline-trace] wall=15:25:46 elapsed=526.847s phase=train event=interaction_progress trial=9 partition=0 processed=10000 total=14000 metric=ce epoch=1/1
[pipeline-trace] wall=15:25:47 elapsed=527.195s phase=train event=interaction_progress trial=9 partition=0 processed=10100 total=14000 metric=ce epoch=1/1
[pipeline-trace] wall=15:25:47 elapsed=527.564s phase=train event=interaction_progress trial=9 partition=0 processed=10200 total=14000 metric=ce epoch=1/1
[pipeline-trace] wall=15:25:47 elapsed=527.949s phase=train event=interaction_progress trial=9 partition=0 processed=10300 total=14000 metric=ce epoch=1/1
[pipeline-trace] wall=15:25:48 elapsed=528.387s phase=train event=interaction_progress trial=9 partition=0 processed=10400 total=14000 metric=ce epoch=1/1
[pipeline-trace] wall=15:25:48 elapsed=528.861s phase=train event=interaction_progress trial=9 partition=0 processed=10500 total=14000 metric=ce epoch=1/1
[pipeline-trace] wall=15:25:49 elapsed=529.294s phase=train event=interaction_progress trial=9 partition=0 processed=10600 total=14000 metric=ce epoch=1/1
[pipeline-trace] wall=15:25:49 elapsed=529.697s phase=train event=interaction_progress trial=9 partition=0 processed=10700 total=14000 metric=ce epoch=1/1
[pipeline-trace] wall=15:25:50 elapsed=530.103s phase=train event=interaction_progress trial=9 partition=0 processed=10800 total=14000 metric=ce epoch=1/1
[pipeline-trace] wall=15:25:50 elapsed=530.449s phase=train event=interaction_progress trial=9 partition=0 processed=10900 total=14000 metric=ce epoch=1/1
[pipeline-trace] wall=15:25:50 elapsed=530.801s phase=train event=interaction_progress trial=9 partition=0 processed=11000 total=14000 metric=ce epoch=1/1
[pipeline-trace] wall=15:25:51 elapsed=531.153s phase=train event=interaction_progress trial=9 partition=0 processed=11100 total=14000 metric=ce epoch=1/1
[pipeline-trace] wall=15:25:51 elapsed=531.427s phase=train event=interaction_progress trial=9 partition=0 processed=11200 total=14000 metric=ce epoch=1/1
[pipeline-trace] wall=15:25:51 elapsed=531.734s phase=train event=interaction_progress trial=9 partition=0 processed=11300 total=14000 metric=ce epoch=1/1
[pipeline-trace] wall=15:25:52 elapsed=532.045s phase=train event=interaction_progress trial=9 partition=0 processed=11400 total=14000 metric=ce epoch=1/1
[pipeline-trace] wall=15:25:52 elapsed=532.362s phase=train event=interaction_progress trial=9 partition=0 processed=11500 total=14000 metric=ce epoch=1/1
[pipeline-trace] wall=15:25:52 elapsed=532.662s phase=train event=interaction_progress trial=9 partition=0 processed=11600 total=14000 metric=ce epoch=1/1
[pipeline-trace] wall=15:25:53 elapsed=532.981s phase=train event=interaction_progress trial=9 partition=0 processed=11700 total=14000 metric=ce epoch=1/1
[pipeline-trace] wall=15:25:53 elapsed=533.290s phase=train event=interaction_progress trial=9 partition=0 processed=11800 total=14000 metric=ce epoch=1/1
[pipeline-trace] wall=15:25:53 elapsed=533.520s phase=train event=interaction_progress trial=9 partition=0 processed=11900 total=14000 metric=ce epoch=1/1
[pipeline-trace] wall=15:25:53 elapsed=533.826s phase=train event=interaction_progress trial=9 partition=0 processed=12000 total=14000 metric=ce epoch=1/1
[pipeline-trace] wall=15:25:54 elapsed=534.165s phase=train event=interaction_progress trial=9 partition=0 processed=12100 total=14000 metric=ce epoch=1/1
[pipeline-trace] wall=15:25:54 elapsed=534.508s phase=train event=interaction_progress trial=9 partition=0 processed=12200 total=14000 metric=ce epoch=1/1
[pipeline-trace] wall=15:25:54 elapsed=534.829s phase=train event=interaction_progress trial=9 partition=0 processed=12300 total=14000 metric=ce epoch=1/1
[pipeline-trace] wall=15:25:55 elapsed=535.152s phase=train event=interaction_progress trial=9 partition=0 processed=12400 total=14000 metric=ce epoch=1/1
[pipeline-trace] wall=15:25:55 elapsed=535.474s phase=train event=interaction_progress trial=9 partition=0 processed=12500 total=14000 metric=ce epoch=1/1
[pipeline-trace] wall=15:25:55 elapsed=535.764s phase=train event=interaction_progress trial=9 partition=0 processed=12600 total=14000 metric=ce epoch=1/1
[pipeline-trace] wall=15:25:56 elapsed=536.054s phase=train event=interaction_progress trial=9 partition=0 processed=12700 total=14000 metric=ce epoch=1/1
[pipeline-trace] wall=15:25:56 elapsed=536.339s phase=train event=interaction_progress trial=9 partition=0 processed=12800 total=14000 metric=ce epoch=1/1
[pipeline-trace] wall=15:25:56 elapsed=536.676s phase=train event=interaction_progress trial=9 partition=0 processed=12900 total=14000 metric=ce epoch=1/1
[pipeline-trace] wall=15:25:57 elapsed=536.968s phase=train event=interaction_progress trial=9 partition=0 processed=13000 total=14000 metric=ce epoch=1/1
[pipeline-trace] wall=15:25:57 elapsed=537.266s phase=train event=interaction_progress trial=9 partition=0 processed=13100 total=14000 metric=ce epoch=1/1
[pipeline-trace] wall=15:25:57 elapsed=537.571s phase=train event=interaction_progress trial=9 partition=0 processed=13200 total=14000 metric=ce epoch=1/1
[pipeline-trace] wall=15:25:57 elapsed=537.884s phase=train event=interaction_progress trial=9 partition=0 processed=13300 total=14000 metric=ce epoch=1/1
[pipeline-trace] wall=15:25:58 elapsed=538.212s phase=train event=interaction_progress trial=9 partition=0 processed=13400 total=14000 metric=ce epoch=1/1
[pipeline-trace] wall=15:25:58 elapsed=538.465s phase=train event=interaction_progress trial=9 partition=0 processed=13500 total=14000 metric=ce epoch=1/1
[pipeline-trace] wall=15:25:58 elapsed=538.750s phase=train event=interaction_progress trial=9 partition=0 processed=13600 total=14000 metric=ce epoch=1/1
[pipeline-trace] wall=15:25:59 elapsed=539.057s phase=train event=interaction_progress trial=9 partition=0 processed=13700 total=14000 metric=ce epoch=1/1
[pipeline-trace] wall=15:25:59 elapsed=539.396s phase=train event=interaction_progress trial=9 partition=0 processed=13800 total=14000 metric=ce epoch=1/1
[pipeline-trace] wall=15:25:59 elapsed=539.696s phase=train event=interaction_progress trial=9 partition=0 processed=13900 total=14000 metric=ce epoch=1/1
[pipeline-trace] wall=15:26:00 elapsed=540.001s phase=train event=interaction_progress trial=9 partition=0 processed=14000 total=14000 metric=ce epoch=1/1
[pipeline-trace] wall=15:26:00 elapsed=540.142s phase=eval event=batch_start trial=9 partitions=[1] synthetic=False
[pipeline-trace] wall=15:26:00 elapsed=540.142s phase=eval event=partition_start trial=9 partition=1 interactions=1999
[pipeline-trace] wall=15:26:00 elapsed=540.142s phase=eval event=interaction_progress trial=9 partition=1 processed=1 total=1999 metric=ranking
[pipeline-trace] wall=15:26:00 elapsed=540.283s phase=eval event=interaction_progress trial=9 partition=1 processed=100 total=1999 metric=ranking
[pipeline-trace] wall=15:26:00 elapsed=540.426s phase=eval event=interaction_progress trial=9 partition=1 processed=200 total=1999 metric=ranking
[pipeline-trace] wall=15:26:00 elapsed=540.568s phase=eval event=interaction_progress trial=9 partition=1 processed=300 total=1999 metric=ranking
[pipeline-trace] wall=15:26:00 elapsed=540.713s phase=eval event=interaction_progress trial=9 partition=1 processed=400 total=1999 metric=ranking
[pipeline-trace] wall=15:26:00 elapsed=540.854s phase=eval event=interaction_progress trial=9 partition=1 processed=500 total=1999 metric=ranking
[pipeline-trace] wall=15:26:01 elapsed=540.996s phase=eval event=interaction_progress trial=9 partition=1 processed=600 total=1999 metric=ranking
[pipeline-trace] wall=15:26:01 elapsed=541.137s phase=eval event=interaction_progress trial=9 partition=1 processed=700 total=1999 metric=ranking
[pipeline-trace] wall=15:26:01 elapsed=541.277s phase=eval event=interaction_progress trial=9 partition=1 processed=800 total=1999 metric=ranking
[pipeline-trace] wall=15:26:01 elapsed=541.427s phase=eval event=interaction_progress trial=9 partition=1 processed=900 total=1999 metric=ranking
[pipeline-trace] wall=15:26:01 elapsed=541.673s phase=eval event=interaction_progress trial=9 partition=1 processed=1000 total=1999 metric=ranking
[pipeline-trace] wall=15:26:01 elapsed=541.924s phase=eval event=interaction_progress trial=9 partition=1 processed=1100 total=1999 metric=ranking
[pipeline-trace] wall=15:26:02 elapsed=542.166s phase=eval event=interaction_progress trial=9 partition=1 processed=1200 total=1999 metric=ranking
[pipeline-trace] wall=15:26:02 elapsed=542.418s phase=eval event=interaction_progress trial=9 partition=1 processed=1300 total=1999 metric=ranking
[pipeline-trace] wall=15:26:02 elapsed=542.673s phase=eval event=interaction_progress trial=9 partition=1 processed=1400 total=1999 metric=ranking
[pipeline-trace] wall=15:26:02 elapsed=542.954s phase=eval event=interaction_progress trial=9 partition=1 processed=1500 total=1999 metric=ranking
[pipeline-trace] wall=15:26:03 elapsed=543.256s phase=eval event=interaction_progress trial=9 partition=1 processed=1600 total=1999 metric=ranking
[pipeline-trace] wall=15:26:03 elapsed=543.518s phase=eval event=interaction_progress trial=9 partition=1 processed=1700 total=1999 metric=ranking
[pipeline-trace] wall=15:26:03 elapsed=543.760s phase=eval event=interaction_progress trial=9 partition=1 processed=1800 total=1999 metric=ranking
[pipeline-trace] wall=15:26:04 elapsed=543.997s phase=eval event=interaction_progress trial=9 partition=1 processed=1900 total=1999 metric=ranking
[pipeline-trace] wall=15:26:04 elapsed=544.294s phase=eval event=interaction_progress trial=9 partition=1 processed=1999 total=1999 metric=ranking
[pipeline-trace] wall=15:26:04 elapsed=544.298s phase=eval event=partition_complete trial=9 partition=1 elapsed_sec=4.155 hits=1563 total=1999
[pipeline-trace] wall=15:26:04 elapsed=544.944s phase=train event=interaction_progress trial=10 partition=0 processed=1 total=14000 metric=ce epoch=1/1
[pipeline-trace] wall=15:26:06 elapsed=546.526s phase=train event=interaction_progress trial=10 partition=0 processed=100 total=14000 metric=ce epoch=1/1
[pipeline-trace] wall=15:26:06 elapsed=546.909s phase=train event=interaction_progress trial=10 partition=0 processed=200 total=14000 metric=ce epoch=1/1
[pipeline-trace] wall=15:26:07 elapsed=547.298s phase=train event=interaction_progress trial=10 partition=0 processed=300 total=14000 metric=ce epoch=1/1
[pipeline-trace] wall=15:26:07 elapsed=547.693s phase=train event=interaction_progress trial=10 partition=0 processed=400 total=14000 metric=ce epoch=1/1
[pipeline-trace] wall=15:26:08 elapsed=548.071s phase=train event=interaction_progress trial=10 partition=0 processed=500 total=14000 metric=ce epoch=1/1
[pipeline-trace] wall=15:26:08 elapsed=548.439s phase=train event=interaction_progress trial=10 partition=0 processed=600 total=14000 metric=ce epoch=1/1
[pipeline-trace] wall=15:26:08 elapsed=548.895s phase=train event=interaction_progress trial=10 partition=0 processed=700 total=14000 metric=ce epoch=1/1
[pipeline-trace] wall=15:26:09 elapsed=549.286s phase=train event=interaction_progress trial=10 partition=0 processed=800 total=14000 metric=ce epoch=1/1
[pipeline-trace] wall=15:26:09 elapsed=549.665s phase=train event=interaction_progress trial=10 partition=0 processed=900 total=14000 metric=ce epoch=1/1
[pipeline-trace] wall=15:26:10 elapsed=550.108s phase=train event=interaction_progress trial=10 partition=0 processed=1000 total=14000 metric=ce epoch=1/1
[pipeline-trace] wall=15:26:10 elapsed=550.503s phase=train event=interaction_progress trial=10 partition=0 processed=1100 total=14000 metric=ce epoch=1/1
[pipeline-trace] wall=15:26:10 elapsed=550.836s phase=train event=interaction_progress trial=10 partition=0 processed=1200 total=14000 metric=ce epoch=1/1
[pipeline-trace] wall=15:26:11 elapsed=551.169s phase=train event=interaction_progress trial=10 partition=0 processed=1300 total=14000 metric=ce epoch=1/1
[pipeline-trace] wall=15:26:11 elapsed=551.505s phase=train event=interaction_progress trial=10 partition=0 processed=1400 total=14000 metric=ce epoch=1/1
[pipeline-trace] wall=15:26:11 elapsed=551.846s phase=train event=interaction_progress trial=10 partition=0 processed=1500 total=14000 metric=ce epoch=1/1
[pipeline-trace] wall=15:26:12 elapsed=552.201s phase=train event=interaction_progress trial=10 partition=0 processed=1600 total=14000 metric=ce epoch=1/1
[pipeline-trace] wall=15:26:12 elapsed=552.563s phase=train event=interaction_progress trial=10 partition=0 processed=1700 total=14000 metric=ce epoch=1/1
[pipeline-trace] wall=15:26:12 elapsed=552.913s phase=train event=interaction_progress trial=10 partition=0 processed=1800 total=14000 metric=ce epoch=1/1
[pipeline-trace] wall=15:26:13 elapsed=553.288s phase=train event=interaction_progress trial=10 partition=0 processed=1900 total=14000 metric=ce epoch=1/1
[pipeline-trace] wall=15:26:13 elapsed=553.626s phase=train event=interaction_progress trial=10 partition=0 processed=2000 total=14000 metric=ce epoch=1/1
[pipeline-trace] wall=15:26:13 elapsed=553.903s phase=train event=interaction_progress trial=10 partition=0 processed=2100 total=14000 metric=ce epoch=1/1
[pipeline-trace] wall=15:26:14 elapsed=554.187s phase=train event=interaction_progress trial=10 partition=0 processed=2200 total=14000 metric=ce epoch=1/1
[pipeline-trace] wall=15:26:14 elapsed=554.524s phase=train event=interaction_progress trial=10 partition=0 processed=2300 total=14000 metric=ce epoch=1/1
[pipeline-trace] wall=15:26:14 elapsed=554.812s phase=train event=interaction_progress trial=10 partition=0 processed=2400 total=14000 metric=ce epoch=1/1
[pipeline-trace] wall=15:26:15 elapsed=555.026s phase=train event=interaction_progress trial=10 partition=0 processed=2500 total=14000 metric=ce epoch=1/1
[pipeline-trace] wall=15:26:15 elapsed=555.250s phase=train event=interaction_progress trial=10 partition=0 processed=2600 total=14000 metric=ce epoch=1/1
[pipeline-trace] wall=15:26:15 elapsed=555.482s phase=train event=interaction_progress trial=10 partition=0 processed=2700 total=14000 metric=ce epoch=1/1
[pipeline-trace] wall=15:26:15 elapsed=555.707s phase=train event=interaction_progress trial=10 partition=0 processed=2800 total=14000 metric=ce epoch=1/1
[pipeline-trace] wall=15:26:15 elapsed=555.916s phase=train event=interaction_progress trial=10 partition=0 processed=2900 total=14000 metric=ce epoch=1/1
[pipeline-trace] wall=15:26:16 elapsed=556.130s phase=train event=interaction_progress trial=10 partition=0 processed=3000 total=14000 metric=ce epoch=1/1
[pipeline-trace] wall=15:26:16 elapsed=556.364s phase=train event=interaction_progress trial=10 partition=0 processed=3100 total=14000 metric=ce epoch=1/1
[pipeline-trace] wall=15:26:16 elapsed=556.626s phase=train event=interaction_progress trial=10 partition=0 processed=3200 total=14000 metric=ce epoch=1/1
[pipeline-trace] wall=15:26:16 elapsed=556.875s phase=train event=interaction_progress trial=10 partition=0 processed=3300 total=14000 metric=ce epoch=1/1
[pipeline-trace] wall=15:26:17 elapsed=557.135s phase=train event=interaction_progress trial=10 partition=0 processed=3400 total=14000 metric=ce epoch=1/1
[pipeline-trace] wall=15:26:17 elapsed=557.463s phase=train event=interaction_progress trial=10 partition=0 processed=3500 total=14000 metric=ce epoch=1/1
[pipeline-trace] wall=15:26:17 elapsed=557.760s phase=train event=interaction_progress trial=10 partition=0 processed=3600 total=14000 metric=ce epoch=1/1
[pipeline-trace] wall=15:26:18 elapsed=557.970s phase=train event=interaction_progress trial=10 partition=0 processed=3700 total=14000 metric=ce epoch=1/1
[pipeline-trace] wall=15:26:18 elapsed=558.346s phase=train event=interaction_progress trial=10 partition=0 processed=3800 total=14000 metric=ce epoch=1/1
[pipeline-trace] wall=15:26:18 elapsed=558.678s phase=train event=interaction_progress trial=10 partition=0 processed=3900 total=14000 metric=ce epoch=1/1
[pipeline-trace] wall=15:26:19 elapsed=559.500s phase=train event=interaction_progress trial=10 partition=0 processed=4000 total=14000 metric=ce epoch=1/1
[pipeline-trace] wall=15:26:20 elapsed=560.209s phase=train event=interaction_progress trial=10 partition=0 processed=4100 total=14000 metric=ce epoch=1/1
[pipeline-trace] wall=15:26:21 elapsed=561.748s phase=train event=interaction_progress trial=10 partition=0 processed=4200 total=14000 metric=ce epoch=1/1
[pipeline-trace] wall=15:26:23 elapsed=563.268s phase=train event=interaction_progress trial=10 partition=0 processed=4300 total=14000 metric=ce epoch=1/1
[pipeline-trace] wall=15:26:24 elapsed=564.696s phase=train event=interaction_progress trial=10 partition=0 processed=4400 total=14000 metric=ce epoch=1/1
[pipeline-trace] wall=15:26:26 elapsed=566.212s phase=train event=interaction_progress trial=10 partition=0 processed=4500 total=14000 metric=ce epoch=1/1
[pipeline-trace] wall=15:26:27 elapsed=567.637s phase=train event=interaction_progress trial=10 partition=0 processed=4600 total=14000 metric=ce epoch=1/1
[pipeline-trace] wall=15:26:29 elapsed=569.168s phase=train event=interaction_progress trial=10 partition=0 processed=4700 total=14000 metric=ce epoch=1/1
[pipeline-trace] wall=15:26:30 elapsed=570.675s phase=train event=interaction_progress trial=10 partition=0 processed=4800 total=14000 metric=ce epoch=1/1
[pipeline-trace] wall=15:26:32 elapsed=572.234s phase=train event=interaction_progress trial=10 partition=0 processed=4900 total=14000 metric=ce epoch=1/1
[pipeline-trace] wall=15:26:33 elapsed=573.878s phase=train event=interaction_progress trial=10 partition=0 processed=5000 total=14000 metric=ce epoch=1/1
[pipeline-trace] wall=15:26:35 elapsed=575.373s phase=train event=interaction_progress trial=10 partition=0 processed=5100 total=14000 metric=ce epoch=1/1
[pipeline-trace] wall=15:26:37 elapsed=576.981s phase=train event=interaction_progress trial=10 partition=0 processed=5200 total=14000 metric=ce epoch=1/1
[pipeline-trace] wall=15:26:38 elapsed=578.631s phase=train event=interaction_progress trial=10 partition=0 processed=5300 total=14000 metric=ce epoch=1/1
[pipeline-trace] wall=15:26:40 elapsed=580.155s phase=train event=interaction_progress trial=10 partition=0 processed=5400 total=14000 metric=ce epoch=1/1
[pipeline-trace] wall=15:26:41 elapsed=581.754s phase=train event=interaction_progress trial=10 partition=0 processed=5500 total=14000 metric=ce epoch=1/1
[pipeline-trace] wall=15:26:43 elapsed=583.363s phase=train event=interaction_progress trial=10 partition=0 processed=5600 total=14000 metric=ce epoch=1/1
[pipeline-trace] wall=15:26:44 elapsed=584.867s phase=train event=interaction_progress trial=10 partition=0 processed=5700 total=14000 metric=ce epoch=1/1
[pipeline-trace] wall=15:26:46 elapsed=586.519s phase=train event=interaction_progress trial=10 partition=0 processed=5800 total=14000 metric=ce epoch=1/1
[pipeline-trace] wall=15:26:48 elapsed=588.101s phase=train event=interaction_progress trial=10 partition=0 processed=5900 total=14000 metric=ce epoch=1/1
[pipeline-trace] wall=15:26:49 elapsed=589.615s phase=train event=interaction_progress trial=10 partition=0 processed=6000 total=14000 metric=ce epoch=1/1
[pipeline-trace] wall=15:26:51 elapsed=591.112s phase=train event=interaction_progress trial=10 partition=0 processed=6100 total=14000 metric=ce epoch=1/1
[pipeline-trace] wall=15:26:52 elapsed=592.530s phase=train event=interaction_progress trial=10 partition=0 processed=6200 total=14000 metric=ce epoch=1/1
[pipeline-trace] wall=15:26:54 elapsed=594.048s phase=train event=interaction_progress trial=10 partition=0 processed=6300 total=14000 metric=ce epoch=1/1
[pipeline-trace] wall=15:26:55 elapsed=595.724s phase=train event=interaction_progress trial=10 partition=0 processed=6400 total=14000 metric=ce epoch=1/1
[pipeline-trace] wall=15:26:57 elapsed=597.344s phase=train event=interaction_progress trial=10 partition=0 processed=6500 total=14000 metric=ce epoch=1/1
[pipeline-trace] wall=15:26:58 elapsed=598.882s phase=train event=interaction_progress trial=10 partition=0 processed=6600 total=14000 metric=ce epoch=1/1
[pipeline-trace] wall=15:27:00 elapsed=600.349s phase=train event=interaction_progress trial=10 partition=0 processed=6700 total=14000 metric=ce epoch=1/1
[pipeline-trace] wall=15:27:01 elapsed=601.817s phase=train event=interaction_progress trial=10 partition=0 processed=6800 total=14000 metric=ce epoch=1/1
[pipeline-trace] wall=15:27:03 elapsed=603.259s phase=train event=interaction_progress trial=10 partition=0 processed=6900 total=14000 metric=ce epoch=1/1
[pipeline-trace] wall=15:27:04 elapsed=604.806s phase=train event=interaction_progress trial=10 partition=0 processed=7000 total=14000 metric=ce epoch=1/1
[pipeline-trace] wall=15:27:06 elapsed=606.353s phase=train event=interaction_progress trial=10 partition=0 processed=7100 total=14000 metric=ce epoch=1/1
[pipeline-trace] wall=15:27:07 elapsed=607.774s phase=train event=interaction_progress trial=10 partition=0 processed=7200 total=14000 metric=ce epoch=1/1
[pipeline-trace] wall=15:27:09 elapsed=609.130s phase=train event=interaction_progress trial=10 partition=0 processed=7300 total=14000 metric=ce epoch=1/1
[pipeline-trace] wall=15:27:17 elapsed=617.047s phase=train event=interaction_progress trial=10 partition=0 processed=7400 total=14000 metric=ce epoch=1/1
[pipeline-trace] wall=15:27:18 elapsed=618.615s phase=train event=interaction_progress trial=10 partition=0 processed=7500 total=14000 metric=ce epoch=1/1
[pipeline-trace] wall=15:27:20 elapsed=620.175s phase=train event=interaction_progress trial=10 partition=0 processed=7600 total=14000 metric=ce epoch=1/1
[pipeline-trace] wall=15:27:21 elapsed=621.669s phase=train event=interaction_progress trial=10 partition=0 processed=7700 total=14000 metric=ce epoch=1/1
[pipeline-trace] wall=15:27:23 elapsed=623.239s phase=train event=interaction_progress trial=10 partition=0 processed=7800 total=14000 metric=ce epoch=1/1
[pipeline-trace] wall=15:27:24 elapsed=624.684s phase=train event=interaction_progress trial=10 partition=0 processed=7900 total=14000 metric=ce epoch=1/1
[pipeline-trace] wall=15:27:26 elapsed=626.123s phase=train event=interaction_progress trial=10 partition=0 processed=8000 total=14000 metric=ce epoch=1/1
[pipeline-trace] wall=15:27:27 elapsed=627.501s phase=train event=interaction_progress trial=10 partition=0 processed=8100 total=14000 metric=ce epoch=1/1
[pipeline-trace] wall=15:27:28 elapsed=628.951s phase=train event=interaction_progress trial=10 partition=0 processed=8200 total=14000 metric=ce epoch=1/1
[pipeline-trace] wall=15:27:30 elapsed=630.562s phase=train event=interaction_progress trial=10 partition=0 processed=8300 total=14000 metric=ce epoch=1/1
[pipeline-trace] wall=15:27:32 elapsed=632.111s phase=train event=interaction_progress trial=10 partition=0 processed=8400 total=14000 metric=ce epoch=1/1
[pipeline-trace] wall=15:27:33 elapsed=633.570s phase=train event=interaction_progress trial=10 partition=0 processed=8500 total=14000 metric=ce epoch=1/1
[pipeline-trace] wall=15:27:35 elapsed=635.243s phase=train event=interaction_progress trial=10 partition=0 processed=8600 total=14000 metric=ce epoch=1/1
[pipeline-trace] wall=15:27:36 elapsed=636.756s phase=train event=interaction_progress trial=10 partition=0 processed=8700 total=14000 metric=ce epoch=1/1
[pipeline-trace] wall=15:27:38 elapsed=638.237s phase=train event=interaction_progress trial=10 partition=0 processed=8800 total=14000 metric=ce epoch=1/1
[pipeline-trace] wall=15:27:39 elapsed=639.726s phase=train event=interaction_progress trial=10 partition=0 processed=8900 total=14000 metric=ce epoch=1/1
[pipeline-trace] wall=15:27:41 elapsed=641.187s phase=train event=interaction_progress trial=10 partition=0 processed=9000 total=14000 metric=ce epoch=1/1
[pipeline-trace] wall=15:27:42 elapsed=642.589s phase=train event=interaction_progress trial=10 partition=0 processed=9100 total=14000 metric=ce epoch=1/1
[pipeline-trace] wall=15:27:44 elapsed=644.052s phase=train event=interaction_progress trial=10 partition=0 processed=9200 total=14000 metric=ce epoch=1/1
[pipeline-trace] wall=15:27:45 elapsed=645.637s phase=train event=interaction_progress trial=10 partition=0 processed=9300 total=14000 metric=ce epoch=1/1
[pipeline-trace] wall=15:27:47 elapsed=647.109s phase=train event=interaction_progress trial=10 partition=0 processed=9400 total=14000 metric=ce epoch=1/1
[pipeline-trace] wall=15:27:48 elapsed=648.661s phase=train event=interaction_progress trial=10 partition=0 processed=9500 total=14000 metric=ce epoch=1/1
[pipeline-trace] wall=15:27:50 elapsed=650.266s phase=train event=interaction_progress trial=10 partition=0 processed=9600 total=14000 metric=ce epoch=1/1
[pipeline-trace] wall=15:27:51 elapsed=651.790s phase=train event=interaction_progress trial=10 partition=0 processed=9700 total=14000 metric=ce epoch=1/1
[pipeline-trace] wall=15:27:53 elapsed=653.398s phase=train event=interaction_progress trial=10 partition=0 processed=9800 total=14000 metric=ce epoch=1/1
[pipeline-trace] wall=15:27:55 elapsed=655.004s phase=train event=interaction_progress trial=10 partition=0 processed=9900 total=14000 metric=ce epoch=1/1
[pipeline-trace] wall=15:27:56 elapsed=656.581s phase=train event=interaction_progress trial=10 partition=0 processed=10000 total=14000 metric=ce epoch=1/1
[pipeline-trace] wall=15:27:58 elapsed=658.097s phase=train event=interaction_progress trial=10 partition=0 processed=10100 total=14000 metric=ce epoch=1/1
[pipeline-trace] wall=15:27:59 elapsed=659.654s phase=train event=interaction_progress trial=10 partition=0 processed=10200 total=14000 metric=ce epoch=1/1
[pipeline-trace] wall=15:28:01 elapsed=661.181s phase=train event=interaction_progress trial=10 partition=0 processed=10300 total=14000 metric=ce epoch=1/1
[pipeline-trace] wall=15:28:02 elapsed=662.763s phase=train event=interaction_progress trial=10 partition=0 processed=10400 total=14000 metric=ce epoch=1/1
[pipeline-trace] wall=15:28:04 elapsed=664.177s phase=train event=interaction_progress trial=10 partition=0 processed=10500 total=14000 metric=ce epoch=1/1
[pipeline-trace] wall=15:28:05 elapsed=665.631s phase=train event=interaction_progress trial=10 partition=0 processed=10600 total=14000 metric=ce epoch=1/1
[pipeline-trace] wall=15:28:07 elapsed=667.367s phase=train event=interaction_progress trial=10 partition=0 processed=10700 total=14000 metric=ce epoch=1/1
[pipeline-trace] wall=15:28:12 elapsed=672.651s phase=train event=interaction_progress trial=10 partition=0 processed=10800 total=14000 metric=ce epoch=1/1
[pipeline-trace] wall=15:28:15 elapsed=675.820s phase=train event=interaction_progress trial=10 partition=0 processed=10900 total=14000 metric=ce epoch=1/1
[pipeline-trace] wall=15:28:17 elapsed=677.283s phase=train event=interaction_progress trial=10 partition=0 processed=11000 total=14000 metric=ce epoch=1/1
[pipeline-trace] wall=15:28:18 elapsed=678.751s phase=train event=interaction_progress trial=10 partition=0 processed=11100 total=14000 metric=ce epoch=1/1
[pipeline-trace] wall=15:28:20 elapsed=680.420s phase=train event=interaction_progress trial=10 partition=0 processed=11200 total=14000 metric=ce epoch=1/1
[pipeline-trace] wall=15:28:22 elapsed=681.964s phase=train event=interaction_progress trial=10 partition=0 processed=11300 total=14000 metric=ce epoch=1/1
[pipeline-trace] wall=15:28:23 elapsed=683.454s phase=train event=interaction_progress trial=10 partition=0 processed=11400 total=14000 metric=ce epoch=1/1
[pipeline-trace] wall=15:28:24 elapsed=684.929s phase=train event=interaction_progress trial=10 partition=0 processed=11500 total=14000 metric=ce epoch=1/1
[pipeline-trace] wall=15:28:26 elapsed=686.345s phase=train event=interaction_progress trial=10 partition=0 processed=11600 total=14000 metric=ce epoch=1/1
[pipeline-trace] wall=15:28:27 elapsed=687.816s phase=train event=interaction_progress trial=10 partition=0 processed=11700 total=14000 metric=ce epoch=1/1
[pipeline-trace] wall=15:28:29 elapsed=689.318s phase=train event=interaction_progress trial=10 partition=0 processed=11800 total=14000 metric=ce epoch=1/1
[pipeline-trace] wall=15:28:30 elapsed=690.884s phase=train event=interaction_progress trial=10 partition=0 processed=11900 total=14000 metric=ce epoch=1/1
[pipeline-trace] wall=15:28:32 elapsed=692.441s phase=train event=interaction_progress trial=10 partition=0 processed=12000 total=14000 metric=ce epoch=1/1
[pipeline-trace] wall=15:28:33 elapsed=693.876s phase=train event=interaction_progress trial=10 partition=0 processed=12100 total=14000 metric=ce epoch=1/1
[pipeline-trace] wall=15:28:35 elapsed=695.423s phase=train event=interaction_progress trial=10 partition=0 processed=12200 total=14000 metric=ce epoch=1/1
[pipeline-trace] wall=15:28:37 elapsed=697.070s phase=train event=interaction_progress trial=10 partition=0 processed=12300 total=14000 metric=ce epoch=1/1
[pipeline-trace] wall=15:28:38 elapsed=698.631s phase=train event=interaction_progress trial=10 partition=0 processed=12400 total=14000 metric=ce epoch=1/1
[pipeline-trace] wall=15:28:40 elapsed=700.284s phase=train event=interaction_progress trial=10 partition=0 processed=12500 total=14000 metric=ce epoch=1/1
[pipeline-trace] wall=15:28:41 elapsed=701.786s phase=train event=interaction_progress trial=10 partition=0 processed=12600 total=14000 metric=ce epoch=1/1
[pipeline-trace] wall=15:28:43 elapsed=703.320s phase=train event=interaction_progress trial=10 partition=0 processed=12700 total=14000 metric=ce epoch=1/1
[pipeline-trace] wall=15:28:44 elapsed=704.905s phase=train event=interaction_progress trial=10 partition=0 processed=12800 total=14000 metric=ce epoch=1/1
[pipeline-trace] wall=15:28:46 elapsed=706.547s phase=train event=interaction_progress trial=10 partition=0 processed=12900 total=14000 metric=ce epoch=1/1
[pipeline-trace] wall=15:28:48 elapsed=708.229s phase=train event=interaction_progress trial=10 partition=0 processed=13000 total=14000 metric=ce epoch=1/1
[pipeline-trace] wall=15:28:49 elapsed=709.866s phase=train event=interaction_progress trial=10 partition=0 processed=13100 total=14000 metric=ce epoch=1/1
[pipeline-trace] wall=15:28:51 elapsed=711.383s phase=train event=interaction_progress trial=10 partition=0 processed=13200 total=14000 metric=ce epoch=1/1
[pipeline-trace] wall=15:28:53 elapsed=712.986s phase=train event=interaction_progress trial=10 partition=0 processed=13300 total=14000 metric=ce epoch=1/1
[pipeline-trace] wall=15:28:54 elapsed=714.554s phase=train event=interaction_progress trial=10 partition=0 processed=13400 total=14000 metric=ce epoch=1/1
[pipeline-trace] wall=15:28:56 elapsed=716.094s phase=train event=interaction_progress trial=10 partition=0 processed=13500 total=14000 metric=ce epoch=1/1
[pipeline-trace] wall=15:28:57 elapsed=717.666s phase=train event=interaction_progress trial=10 partition=0 processed=13600 total=14000 metric=ce epoch=1/1
[pipeline-trace] wall=15:28:59 elapsed=719.265s phase=train event=interaction_progress trial=10 partition=0 processed=13700 total=14000 metric=ce epoch=1/1
[pipeline-trace] wall=15:29:00 elapsed=720.594s phase=train event=interaction_progress trial=10 partition=0 processed=13800 total=14000 metric=ce epoch=1/1
[pipeline-trace] wall=15:29:02 elapsed=722.103s phase=train event=interaction_progress trial=10 partition=0 processed=13900 total=14000 metric=ce epoch=1/1
[pipeline-trace] wall=15:29:03 elapsed=723.617s phase=train event=interaction_progress trial=10 partition=0 processed=14000 total=14000 metric=ce epoch=1/1
[pipeline-trace] wall=15:29:03 elapsed=723.799s phase=eval event=batch_start trial=10 partitions=[1] synthetic=False
[pipeline-trace] wall=15:29:03 elapsed=723.799s phase=eval event=partition_start trial=10 partition=1 interactions=1999
[pipeline-trace] wall=15:29:03 elapsed=723.800s phase=eval event=interaction_progress trial=10 partition=1 processed=1 total=1999 metric=ranking
[pipeline-trace] wall=15:29:05 elapsed=725.467s phase=eval event=interaction_progress trial=10 partition=1 processed=100 total=1999 metric=ranking
[pipeline-trace] wall=15:29:07 elapsed=727.295s phase=eval event=interaction_progress trial=10 partition=1 processed=200 total=1999 metric=ranking
[pipeline-trace] wall=15:29:09 elapsed=729.001s phase=eval event=interaction_progress trial=10 partition=1 processed=300 total=1999 metric=ranking
[pipeline-trace] wall=15:29:10 elapsed=730.829s phase=eval event=interaction_progress trial=10 partition=1 processed=400 total=1999 metric=ranking
[pipeline-trace] wall=15:29:12 elapsed=732.599s phase=eval event=interaction_progress trial=10 partition=1 processed=500 total=1999 metric=ranking
[pipeline-trace] wall=15:29:14 elapsed=734.438s phase=eval event=interaction_progress trial=10 partition=1 processed=600 total=1999 metric=ranking
[pipeline-trace] wall=15:29:16 elapsed=736.158s phase=eval event=interaction_progress trial=10 partition=1 processed=700 total=1999 metric=ranking
[pipeline-trace] wall=15:29:17 elapsed=737.863s phase=eval event=interaction_progress trial=10 partition=1 processed=800 total=1999 metric=ranking
[pipeline-trace] wall=15:29:19 elapsed=739.320s phase=eval event=interaction_progress trial=10 partition=1 processed=900 total=1999 metric=ranking
[pipeline-trace] wall=15:29:20 elapsed=740.462s phase=eval event=interaction_progress trial=10 partition=1 processed=1000 total=1999 metric=ranking
[pipeline-trace] wall=15:29:20 elapsed=740.785s phase=eval event=interaction_progress trial=10 partition=1 processed=1100 total=1999 metric=ranking
[pipeline-trace] wall=15:29:20 elapsed=740.953s phase=eval event=interaction_progress trial=10 partition=1 processed=1200 total=1999 metric=ranking
[pipeline-trace] wall=15:29:21 elapsed=741.069s phase=eval event=interaction_progress trial=10 partition=1 processed=1300 total=1999 metric=ranking
[pipeline-trace] wall=15:29:21 elapsed=741.187s phase=eval event=interaction_progress trial=10 partition=1 processed=1400 total=1999 metric=ranking
[pipeline-trace] wall=15:29:21 elapsed=741.304s phase=eval event=interaction_progress trial=10 partition=1 processed=1500 total=1999 metric=ranking
[pipeline-trace] wall=15:29:21 elapsed=741.420s phase=eval event=interaction_progress trial=10 partition=1 processed=1600 total=1999 metric=ranking
[pipeline-trace] wall=15:29:21 elapsed=741.537s phase=eval event=interaction_progress trial=10 partition=1 processed=1700 total=1999 metric=ranking
[pipeline-trace] wall=15:29:21 elapsed=741.655s phase=eval event=interaction_progress trial=10 partition=1 processed=1800 total=1999 metric=ranking
[pipeline-trace] wall=15:29:21 elapsed=741.776s phase=eval event=interaction_progress trial=10 partition=1 processed=1900 total=1999 metric=ranking
[pipeline-trace] wall=15:29:22 elapsed=742.732s phase=eval event=interaction_progress trial=10 partition=1 processed=1999 total=1999 metric=ranking
[pipeline-trace] wall=15:29:22 elapsed=742.753s phase=eval event=partition_complete trial=10 partition=1 elapsed_sec=18.953 hits=1303 total=1999
[pipeline-trace] wall=15:29:22 elapsed=742.895s phase=train event=interaction_progress trial=11 partition=0 processed=1 total=14000 metric=ce epoch=1/1
[pipeline-trace] wall=15:29:23 elapsed=743.265s phase=train event=interaction_progress trial=11 partition=0 processed=100 total=14000 metric=ce epoch=1/1
[pipeline-trace] wall=15:29:23 elapsed=743.588s phase=train event=interaction_progress trial=11 partition=0 processed=200 total=14000 metric=ce epoch=1/1
[pipeline-trace] wall=15:29:23 elapsed=743.904s phase=train event=interaction_progress trial=11 partition=0 processed=300 total=14000 metric=ce epoch=1/1
[pipeline-trace] wall=15:29:24 elapsed=744.285s phase=train event=interaction_progress trial=11 partition=0 processed=400 total=14000 metric=ce epoch=1/1
[pipeline-trace] wall=15:29:25 elapsed=745.648s phase=train event=interaction_progress trial=11 partition=0 processed=500 total=14000 metric=ce epoch=1/1
[pipeline-trace] wall=15:29:27 elapsed=747.242s phase=train event=interaction_progress trial=11 partition=0 processed=600 total=14000 metric=ce epoch=1/1
[pipeline-trace] wall=15:29:29 elapsed=748.969s phase=train event=interaction_progress trial=11 partition=0 processed=700 total=14000 metric=ce epoch=1/1
[pipeline-trace] wall=15:29:30 elapsed=750.619s phase=train event=interaction_progress trial=11 partition=0 processed=800 total=14000 metric=ce epoch=1/1
[pipeline-trace] wall=15:29:32 elapsed=752.230s phase=train event=interaction_progress trial=11 partition=0 processed=900 total=14000 metric=ce epoch=1/1
[pipeline-trace] wall=15:29:33 elapsed=753.925s phase=train event=interaction_progress trial=11 partition=0 processed=1000 total=14000 metric=ce epoch=1/1
[pipeline-trace] wall=15:29:38 elapsed=758.088s phase=train event=interaction_progress trial=11 partition=0 processed=1100 total=14000 metric=ce epoch=1/1
[pipeline-trace] wall=15:29:39 elapsed=759.753s phase=train event=interaction_progress trial=11 partition=0 processed=1200 total=14000 metric=ce epoch=1/1
[pipeline-trace] wall=15:29:41 elapsed=761.256s phase=train event=interaction_progress trial=11 partition=0 processed=1300 total=14000 metric=ce epoch=1/1
[pipeline-trace] wall=15:29:42 elapsed=762.724s phase=train event=interaction_progress trial=11 partition=0 processed=1400 total=14000 metric=ce epoch=1/1
[pipeline-trace] wall=15:29:44 elapsed=764.298s phase=train event=interaction_progress trial=11 partition=0 processed=1500 total=14000 metric=ce epoch=1/1
[pipeline-trace] wall=15:29:45 elapsed=765.902s phase=train event=interaction_progress trial=11 partition=0 processed=1600 total=14000 metric=ce epoch=1/1
[pipeline-trace] wall=15:29:47 elapsed=767.316s phase=train event=interaction_progress trial=11 partition=0 processed=1700 total=14000 metric=ce epoch=1/1
[pipeline-trace] wall=15:29:49 elapsed=768.997s phase=train event=interaction_progress trial=11 partition=0 processed=1800 total=14000 metric=ce epoch=1/1
[pipeline-trace] wall=15:29:50 elapsed=770.702s phase=train event=interaction_progress trial=11 partition=0 processed=1900 total=14000 metric=ce epoch=1/1
[pipeline-trace] wall=15:29:52 elapsed=772.333s phase=train event=interaction_progress trial=11 partition=0 processed=2000 total=14000 metric=ce epoch=1/1
[pipeline-trace] wall=15:29:54 elapsed=774.022s phase=train event=interaction_progress trial=11 partition=0 processed=2100 total=14000 metric=ce epoch=1/1
[pipeline-trace] wall=15:29:55 elapsed=775.585s phase=train event=interaction_progress trial=11 partition=0 processed=2200 total=14000 metric=ce epoch=1/1
[pipeline-trace] wall=15:29:57 elapsed=777.182s phase=train event=interaction_progress trial=11 partition=0 processed=2300 total=14000 metric=ce epoch=1/1
[pipeline-trace] wall=15:29:58 elapsed=778.792s phase=train event=interaction_progress trial=11 partition=0 processed=2400 total=14000 metric=ce epoch=1/1
[pipeline-trace] wall=15:30:00 elapsed=780.366s phase=train event=interaction_progress trial=11 partition=0 processed=2500 total=14000 metric=ce epoch=1/1
[pipeline-trace] wall=15:30:02 elapsed=782.011s phase=train event=interaction_progress trial=11 partition=0 processed=2600 total=14000 metric=ce epoch=1/1
[pipeline-trace] wall=15:30:03 elapsed=783.578s phase=train event=interaction_progress trial=11 partition=0 processed=2700 total=14000 metric=ce epoch=1/1
[pipeline-trace] wall=15:30:05 elapsed=785.140s phase=train event=interaction_progress trial=11 partition=0 processed=2800 total=14000 metric=ce epoch=1/1
[pipeline-trace] wall=15:30:06 elapsed=786.838s phase=train event=interaction_progress trial=11 partition=0 processed=2900 total=14000 metric=ce epoch=1/1
[pipeline-trace] wall=15:30:08 elapsed=788.455s phase=train event=interaction_progress trial=11 partition=0 processed=3000 total=14000 metric=ce epoch=1/1
[pipeline-trace] wall=15:30:10 elapsed=790.108s phase=train event=interaction_progress trial=11 partition=0 processed=3100 total=14000 metric=ce epoch=1/1
[pipeline-trace] wall=15:30:11 elapsed=791.786s phase=train event=interaction_progress trial=11 partition=0 processed=3200 total=14000 metric=ce epoch=1/1
[pipeline-trace] wall=15:30:13 elapsed=793.307s phase=train event=interaction_progress trial=11 partition=0 processed=3300 total=14000 metric=ce epoch=1/1
[pipeline-trace] wall=15:30:15 elapsed=795.007s phase=train event=interaction_progress trial=11 partition=0 processed=3400 total=14000 metric=ce epoch=1/1
[pipeline-trace] wall=15:30:16 elapsed=796.631s phase=train event=interaction_progress trial=11 partition=0 processed=3500 total=14000 metric=ce epoch=1/1
[pipeline-trace] wall=15:30:18 elapsed=798.207s phase=train event=interaction_progress trial=11 partition=0 processed=3600 total=14000 metric=ce epoch=1/1
[pipeline-trace] wall=15:30:19 elapsed=799.847s phase=train event=interaction_progress trial=11 partition=0 processed=3700 total=14000 metric=ce epoch=1/1
[pipeline-trace] wall=15:30:21 elapsed=801.367s phase=train event=interaction_progress trial=11 partition=0 processed=3800 total=14000 metric=ce epoch=1/1
[pipeline-trace] wall=15:30:23 elapsed=803.244s phase=train event=interaction_progress trial=11 partition=0 processed=3900 total=14000 metric=ce epoch=1/1
[pipeline-trace] wall=15:30:24 elapsed=804.772s phase=train event=interaction_progress trial=11 partition=0 processed=4000 total=14000 metric=ce epoch=1/1
[pipeline-trace] wall=15:30:26 elapsed=806.274s phase=train event=interaction_progress trial=11 partition=0 processed=4100 total=14000 metric=ce epoch=1/1
[pipeline-trace] wall=15:30:27 elapsed=807.833s phase=train event=interaction_progress trial=11 partition=0 processed=4200 total=14000 metric=ce epoch=1/1
[pipeline-trace] wall=15:30:29 elapsed=809.479s phase=train event=interaction_progress trial=11 partition=0 processed=4300 total=14000 metric=ce epoch=1/1
[pipeline-trace] wall=15:30:31 elapsed=811.091s phase=train event=interaction_progress trial=11 partition=0 processed=4400 total=14000 metric=ce epoch=1/1
[pipeline-trace] wall=15:30:32 elapsed=812.769s phase=train event=interaction_progress trial=11 partition=0 processed=4500 total=14000 metric=ce epoch=1/1
[pipeline-trace] wall=15:30:34 elapsed=814.379s phase=train event=interaction_progress trial=11 partition=0 processed=4600 total=14000 metric=ce epoch=1/1
[pipeline-trace] wall=15:30:36 elapsed=816.078s phase=train event=interaction_progress trial=11 partition=0 processed=4700 total=14000 metric=ce epoch=1/1
[pipeline-trace] wall=15:30:37 elapsed=817.713s phase=train event=interaction_progress trial=11 partition=0 processed=4800 total=14000 metric=ce epoch=1/1
[pipeline-trace] wall=15:30:40 elapsed=820.281s phase=train event=interaction_progress trial=11 partition=0 processed=4900 total=14000 metric=ce epoch=1/1
[pipeline-trace] wall=15:30:41 elapsed=821.733s phase=train event=interaction_progress trial=11 partition=0 processed=5000 total=14000 metric=ce epoch=1/1
[pipeline-trace] wall=15:30:43 elapsed=823.115s phase=train event=interaction_progress trial=11 partition=0 processed=5100 total=14000 metric=ce epoch=1/1
[pipeline-trace] wall=15:30:44 elapsed=824.608s phase=train event=interaction_progress trial=11 partition=0 processed=5200 total=14000 metric=ce epoch=1/1
[pipeline-trace] wall=15:30:46 elapsed=826.410s phase=train event=interaction_progress trial=11 partition=0 processed=5300 total=14000 metric=ce epoch=1/1
[pipeline-trace] wall=15:30:48 elapsed=828.020s phase=train event=interaction_progress trial=11 partition=0 processed=5400 total=14000 metric=ce epoch=1/1
[pipeline-trace] wall=15:30:49 elapsed=829.624s phase=train event=interaction_progress trial=11 partition=0 processed=5500 total=14000 metric=ce epoch=1/1
[pipeline-trace] wall=15:30:51 elapsed=831.201s phase=train event=interaction_progress trial=11 partition=0 processed=5600 total=14000 metric=ce epoch=1/1
[pipeline-trace] wall=15:30:52 elapsed=832.736s phase=train event=interaction_progress trial=11 partition=0 processed=5700 total=14000 metric=ce epoch=1/1
[pipeline-trace] wall=15:30:54 elapsed=834.399s phase=train event=interaction_progress trial=11 partition=0 processed=5800 total=14000 metric=ce epoch=1/1
[pipeline-trace] wall=15:30:55 elapsed=835.928s phase=train event=interaction_progress trial=11 partition=0 processed=5900 total=14000 metric=ce epoch=1/1
[pipeline-trace] wall=15:30:57 elapsed=837.554s phase=train event=interaction_progress trial=11 partition=0 processed=6000 total=14000 metric=ce epoch=1/1
[pipeline-trace] wall=15:30:59 elapsed=839.104s phase=train event=interaction_progress trial=11 partition=0 processed=6100 total=14000 metric=ce epoch=1/1
[pipeline-trace] wall=15:31:00 elapsed=840.514s phase=train event=interaction_progress trial=11 partition=0 processed=6200 total=14000 metric=ce epoch=1/1
[pipeline-trace] wall=15:31:02 elapsed=842.134s phase=train event=interaction_progress trial=11 partition=0 processed=6300 total=14000 metric=ce epoch=1/1
[pipeline-trace] wall=15:31:03 elapsed=843.833s phase=train event=interaction_progress trial=11 partition=0 processed=6400 total=14000 metric=ce epoch=1/1
[pipeline-trace] wall=15:31:05 elapsed=845.410s phase=train event=interaction_progress trial=11 partition=0 processed=6500 total=14000 metric=ce epoch=1/1
[pipeline-trace] wall=15:31:07 elapsed=847.029s phase=train event=interaction_progress trial=11 partition=0 processed=6600 total=14000 metric=ce epoch=1/1
[pipeline-trace] wall=15:31:08 elapsed=848.663s phase=train event=interaction_progress trial=11 partition=0 processed=6700 total=14000 metric=ce epoch=1/1
[pipeline-trace] wall=15:31:10 elapsed=850.319s phase=train event=interaction_progress trial=11 partition=0 processed=6800 total=14000 metric=ce epoch=1/1
[pipeline-trace] wall=15:31:12 elapsed=852.025s phase=train event=interaction_progress trial=11 partition=0 processed=6900 total=14000 metric=ce epoch=1/1
[pipeline-trace] wall=15:31:13 elapsed=853.656s phase=train event=interaction_progress trial=11 partition=0 processed=7000 total=14000 metric=ce epoch=1/1
[pipeline-trace] wall=15:31:15 elapsed=855.295s phase=train event=interaction_progress trial=11 partition=0 processed=7100 total=14000 metric=ce epoch=1/1
[pipeline-trace] wall=15:31:16 elapsed=856.905s phase=train event=interaction_progress trial=11 partition=0 processed=7200 total=14000 metric=ce epoch=1/1
[pipeline-trace] wall=15:31:18 elapsed=858.554s phase=train event=interaction_progress trial=11 partition=0 processed=7300 total=14000 metric=ce epoch=1/1
[pipeline-trace] wall=15:31:20 elapsed=860.232s phase=train event=interaction_progress trial=11 partition=0 processed=7400 total=14000 metric=ce epoch=1/1
[pipeline-trace] wall=15:31:21 elapsed=861.889s phase=train event=interaction_progress trial=11 partition=0 processed=7500 total=14000 metric=ce epoch=1/1
[pipeline-trace] wall=15:31:23 elapsed=863.567s phase=train event=interaction_progress trial=11 partition=0 processed=7600 total=14000 metric=ce epoch=1/1
[pipeline-trace] wall=15:31:25 elapsed=865.215s phase=train event=interaction_progress trial=11 partition=0 processed=7700 total=14000 metric=ce epoch=1/1
[pipeline-trace] wall=15:31:26 elapsed=866.893s phase=train event=interaction_progress trial=11 partition=0 processed=7800 total=14000 metric=ce epoch=1/1
[pipeline-trace] wall=15:31:28 elapsed=868.456s phase=train event=interaction_progress trial=11 partition=0 processed=7900 total=14000 metric=ce epoch=1/1
[pipeline-trace] wall=15:31:30 elapsed=870.038s phase=train event=interaction_progress trial=11 partition=0 processed=8000 total=14000 metric=ce epoch=1/1
[pipeline-trace] wall=15:31:31 elapsed=871.739s phase=train event=interaction_progress trial=11 partition=0 processed=8100 total=14000 metric=ce epoch=1/1
[pipeline-trace] wall=15:31:33 elapsed=873.260s phase=train event=interaction_progress trial=11 partition=0 processed=8200 total=14000 metric=ce epoch=1/1
[pipeline-trace] wall=15:31:34 elapsed=874.870s phase=train event=interaction_progress trial=11 partition=0 processed=8300 total=14000 metric=ce epoch=1/1
[pipeline-trace] wall=15:31:36 elapsed=876.565s phase=train event=interaction_progress trial=11 partition=0 processed=8400 total=14000 metric=ce epoch=1/1
[pipeline-trace] wall=15:31:38 elapsed=878.174s phase=train event=interaction_progress trial=11 partition=0 processed=8500 total=14000 metric=ce epoch=1/1
[pipeline-trace] wall=15:31:39 elapsed=879.909s phase=train event=interaction_progress trial=11 partition=0 processed=8600 total=14000 metric=ce epoch=1/1
[pipeline-trace] wall=15:31:41 elapsed=881.523s phase=train event=interaction_progress trial=11 partition=0 processed=8700 total=14000 metric=ce epoch=1/1
[pipeline-trace] wall=15:31:43 elapsed=883.215s phase=train event=interaction_progress trial=11 partition=0 processed=8800 total=14000 metric=ce epoch=1/1
[pipeline-trace] wall=15:31:45 elapsed=885.009s phase=train event=interaction_progress trial=11 partition=0 processed=8900 total=14000 metric=ce epoch=1/1
[pipeline-trace] wall=15:31:46 elapsed=886.337s phase=train event=interaction_progress trial=11 partition=0 processed=9000 total=14000 metric=ce epoch=1/1
[pipeline-trace] wall=15:31:47 elapsed=887.705s phase=train event=interaction_progress trial=11 partition=0 processed=9100 total=14000 metric=ce epoch=1/1
[pipeline-trace] wall=15:31:49 elapsed=889.088s phase=train event=interaction_progress trial=11 partition=0 processed=9200 total=14000 metric=ce epoch=1/1
[pipeline-trace] wall=15:31:50 elapsed=890.867s phase=train event=interaction_progress trial=11 partition=0 processed=9300 total=14000 metric=ce epoch=1/1
[pipeline-trace] wall=15:31:52 elapsed=892.382s phase=train event=interaction_progress trial=11 partition=0 processed=9400 total=14000 metric=ce epoch=1/1
[pipeline-trace] wall=15:31:53 elapsed=893.903s phase=train event=interaction_progress trial=11 partition=0 processed=9500 total=14000 metric=ce epoch=1/1
[pipeline-trace] wall=15:31:55 elapsed=895.465s phase=train event=interaction_progress trial=11 partition=0 processed=9600 total=14000 metric=ce epoch=1/1
[pipeline-trace] wall=15:31:57 elapsed=897.103s phase=train event=interaction_progress trial=11 partition=0 processed=9700 total=14000 metric=ce epoch=1/1
[pipeline-trace] wall=15:31:58 elapsed=898.624s phase=train event=interaction_progress trial=11 partition=0 processed=9800 total=14000 metric=ce epoch=1/1
[pipeline-trace] wall=15:32:00 elapsed=900.255s phase=train event=interaction_progress trial=11 partition=0 processed=9900 total=14000 metric=ce epoch=1/1
[pipeline-trace] wall=15:32:01 elapsed=901.849s phase=train event=interaction_progress trial=11 partition=0 processed=10000 total=14000 metric=ce epoch=1/1
[pipeline-trace] wall=15:32:03 elapsed=903.407s phase=train event=interaction_progress trial=11 partition=0 processed=10100 total=14000 metric=ce epoch=1/1
[pipeline-trace] wall=15:32:05 elapsed=905.051s phase=train event=interaction_progress trial=11 partition=0 processed=10200 total=14000 metric=ce epoch=1/1
[pipeline-trace] wall=15:32:06 elapsed=906.576s phase=train event=interaction_progress trial=11 partition=0 processed=10300 total=14000 metric=ce epoch=1/1
[pipeline-trace] wall=15:32:08 elapsed=908.027s phase=train event=interaction_progress trial=11 partition=0 processed=10400 total=14000 metric=ce epoch=1/1
[pipeline-trace] wall=15:32:09 elapsed=909.574s phase=train event=interaction_progress trial=11 partition=0 processed=10500 total=14000 metric=ce epoch=1/1
[pipeline-trace] wall=15:32:11 elapsed=911.170s phase=train event=interaction_progress trial=11 partition=0 processed=10600 total=14000 metric=ce epoch=1/1
[pipeline-trace] wall=15:32:12 elapsed=912.761s phase=train event=interaction_progress trial=11 partition=0 processed=10700 total=14000 metric=ce epoch=1/1
[pipeline-trace] wall=15:32:14 elapsed=914.377s phase=train event=interaction_progress trial=11 partition=0 processed=10800 total=14000 metric=ce epoch=1/1
[pipeline-trace] wall=15:32:15 elapsed=915.944s phase=train event=interaction_progress trial=11 partition=0 processed=10900 total=14000 metric=ce epoch=1/1
[pipeline-trace] wall=15:32:17 elapsed=917.695s phase=train event=interaction_progress trial=11 partition=0 processed=11000 total=14000 metric=ce epoch=1/1
[pipeline-trace] wall=15:32:19 elapsed=919.348s phase=train event=interaction_progress trial=11 partition=0 processed=11100 total=14000 metric=ce epoch=1/1
[pipeline-trace] wall=15:32:21 elapsed=920.995s phase=train event=interaction_progress trial=11 partition=0 processed=11200 total=14000 metric=ce epoch=1/1
[pipeline-trace] wall=15:32:22 elapsed=922.655s phase=train event=interaction_progress trial=11 partition=0 processed=11300 total=14000 metric=ce epoch=1/1
[pipeline-trace] wall=15:32:24 elapsed=924.273s phase=train event=interaction_progress trial=11 partition=0 processed=11400 total=14000 metric=ce epoch=1/1
[pipeline-trace] wall=15:32:25 elapsed=925.831s phase=train event=interaction_progress trial=11 partition=0 processed=11500 total=14000 metric=ce epoch=1/1
[pipeline-trace] wall=15:32:27 elapsed=927.502s phase=train event=interaction_progress trial=11 partition=0 processed=11600 total=14000 metric=ce epoch=1/1
[pipeline-trace] wall=15:32:28 elapsed=928.935s phase=train event=interaction_progress trial=11 partition=0 processed=11700 total=14000 metric=ce epoch=1/1
[pipeline-trace] wall=15:32:29 elapsed=929.299s phase=train event=interaction_progress trial=11 partition=0 processed=11800 total=14000 metric=ce epoch=1/1
[pipeline-trace] wall=15:32:29 elapsed=929.585s phase=train event=interaction_progress trial=11 partition=0 processed=11900 total=14000 metric=ce epoch=1/1
[pipeline-trace] wall=15:32:29 elapsed=929.827s phase=train event=interaction_progress trial=11 partition=0 processed=12000 total=14000 metric=ce epoch=1/1
[pipeline-trace] wall=15:32:30 elapsed=930.534s phase=train event=interaction_progress trial=11 partition=0 processed=12100 total=14000 metric=ce epoch=1/1
[pipeline-trace] wall=15:32:31 elapsed=931.354s phase=train event=interaction_progress trial=11 partition=0 processed=12200 total=14000 metric=ce epoch=1/1
[pipeline-trace] wall=15:32:31 elapsed=931.750s phase=train event=interaction_progress trial=11 partition=0 processed=12300 total=14000 metric=ce epoch=1/1
[pipeline-trace] wall=15:32:32 elapsed=932.176s phase=train event=interaction_progress trial=11 partition=0 processed=12400 total=14000 metric=ce epoch=1/1
[pipeline-trace] wall=15:32:32 elapsed=932.573s phase=train event=interaction_progress trial=11 partition=0 processed=12500 total=14000 metric=ce epoch=1/1
[pipeline-trace] wall=15:32:33 elapsed=933.894s phase=train event=interaction_progress trial=11 partition=0 processed=12600 total=14000 metric=ce epoch=1/1
[pipeline-trace] wall=15:32:35 elapsed=935.494s phase=train event=interaction_progress trial=11 partition=0 processed=12700 total=14000 metric=ce epoch=1/1
[pipeline-trace] wall=15:32:37 elapsed=937.110s phase=train event=interaction_progress trial=11 partition=0 processed=12800 total=14000 metric=ce epoch=1/1
[pipeline-trace] wall=15:32:38 elapsed=938.725s phase=train event=interaction_progress trial=11 partition=0 processed=12900 total=14000 metric=ce epoch=1/1
[pipeline-trace] wall=15:32:40 elapsed=940.182s phase=train event=interaction_progress trial=11 partition=0 processed=13000 total=14000 metric=ce epoch=1/1
[pipeline-trace] wall=15:32:41 elapsed=941.946s phase=train event=interaction_progress trial=11 partition=0 processed=13100 total=14000 metric=ce epoch=1/1
[pipeline-trace] wall=15:32:43 elapsed=943.585s phase=train event=interaction_progress trial=11 partition=0 processed=13200 total=14000 metric=ce epoch=1/1
[pipeline-trace] wall=15:32:45 elapsed=945.210s phase=train event=interaction_progress trial=11 partition=0 processed=13300 total=14000 metric=ce epoch=1/1
[pipeline-trace] wall=15:32:46 elapsed=946.862s phase=train event=interaction_progress trial=11 partition=0 processed=13400 total=14000 metric=ce epoch=1/1
[pipeline-trace] wall=15:32:48 elapsed=948.457s phase=train event=interaction_progress trial=11 partition=0 processed=13500 total=14000 metric=ce epoch=1/1
[pipeline-trace] wall=15:32:49 elapsed=949.943s phase=train event=interaction_progress trial=11 partition=0 processed=13600 total=14000 metric=ce epoch=1/1
[pipeline-trace] wall=15:32:51 elapsed=951.244s phase=train event=interaction_progress trial=11 partition=0 processed=13700 total=14000 metric=ce epoch=1/1
[pipeline-trace] wall=15:32:52 elapsed=952.700s phase=train event=interaction_progress trial=11 partition=0 processed=13800 total=14000 metric=ce epoch=1/1
[pipeline-trace] wall=15:32:59 elapsed=958.974s phase=train event=interaction_progress trial=11 partition=0 processed=13900 total=14000 metric=ce epoch=1/1
[pipeline-trace] wall=15:33:00 elapsed=960.561s phase=train event=interaction_progress trial=11 partition=0 processed=14000 total=14000 metric=ce epoch=1/1
[pipeline-trace] wall=15:33:00 elapsed=960.723s phase=eval event=batch_start trial=11 partitions=[1] synthetic=False
[pipeline-trace] wall=15:33:00 elapsed=960.723s phase=eval event=partition_start trial=11 partition=1 interactions=1999
[pipeline-trace] wall=15:33:00 elapsed=960.723s phase=eval event=interaction_progress trial=11 partition=1 processed=1 total=1999 metric=ranking
[pipeline-trace] wall=15:33:02 elapsed=962.244s phase=eval event=interaction_progress trial=11 partition=1 processed=100 total=1999 metric=ranking
[pipeline-trace] wall=15:33:03 elapsed=963.888s phase=eval event=interaction_progress trial=11 partition=1 processed=200 total=1999 metric=ranking
[pipeline-trace] wall=15:33:05 elapsed=965.603s phase=eval event=interaction_progress trial=11 partition=1 processed=300 total=1999 metric=ranking
[pipeline-trace] wall=15:33:07 elapsed=967.303s phase=eval event=interaction_progress trial=11 partition=1 processed=400 total=1999 metric=ranking
[pipeline-trace] wall=15:33:09 elapsed=969.072s phase=eval event=interaction_progress trial=11 partition=1 processed=500 total=1999 metric=ranking
[pipeline-trace] wall=15:33:10 elapsed=970.801s phase=eval event=interaction_progress trial=11 partition=1 processed=600 total=1999 metric=ranking
[pipeline-trace] wall=15:33:12 elapsed=972.605s phase=eval event=interaction_progress trial=11 partition=1 processed=700 total=1999 metric=ranking
[pipeline-trace] wall=15:33:14 elapsed=974.387s phase=eval event=interaction_progress trial=11 partition=1 processed=800 total=1999 metric=ranking
[pipeline-trace] wall=15:33:16 elapsed=976.171s phase=eval event=interaction_progress trial=11 partition=1 processed=900 total=1999 metric=ranking
[pipeline-trace] wall=15:33:17 elapsed=977.938s phase=eval event=interaction_progress trial=11 partition=1 processed=1000 total=1999 metric=ranking
[pipeline-trace] wall=15:33:19 elapsed=979.672s phase=eval event=interaction_progress trial=11 partition=1 processed=1100 total=1999 metric=ranking
[pipeline-trace] wall=15:33:21 elapsed=981.450s phase=eval event=interaction_progress trial=11 partition=1 processed=1200 total=1999 metric=ranking
[pipeline-trace] wall=15:33:23 elapsed=983.173s phase=eval event=interaction_progress trial=11 partition=1 processed=1300 total=1999 metric=ranking
[pipeline-trace] wall=15:33:25 elapsed=984.984s phase=eval event=interaction_progress trial=11 partition=1 processed=1400 total=1999 metric=ranking
[pipeline-trace] wall=15:33:26 elapsed=986.677s phase=eval event=interaction_progress trial=11 partition=1 processed=1500 total=1999 metric=ranking
[pipeline-trace] wall=15:33:28 elapsed=988.457s phase=eval event=interaction_progress trial=11 partition=1 processed=1600 total=1999 metric=ranking
[pipeline-trace] wall=15:33:30 elapsed=990.182s phase=eval event=interaction_progress trial=11 partition=1 processed=1700 total=1999 metric=ranking
[pipeline-trace] wall=15:33:31 elapsed=991.957s phase=eval event=interaction_progress trial=11 partition=1 processed=1800 total=1999 metric=ranking
[pipeline-trace] wall=15:33:33 elapsed=993.699s phase=eval event=interaction_progress trial=11 partition=1 processed=1900 total=1999 metric=ranking
[pipeline-trace] wall=15:33:35 elapsed=995.502s phase=eval event=interaction_progress trial=11 partition=1 processed=1999 total=1999 metric=ranking
[pipeline-trace] wall=15:33:35 elapsed=995.523s phase=eval event=partition_complete trial=11 partition=1 elapsed_sec=34.800 hits=1157 total=1999
[pipeline-trace] wall=15:33:35 elapsed=995.694s phase=train event=interaction_progress trial=12 partition=0 processed=1 total=14000 metric=ce epoch=1/1
[pipeline-trace] wall=15:33:37 elapsed=997.090s phase=train event=interaction_progress trial=12 partition=0 processed=100 total=14000 metric=ce epoch=1/1
[pipeline-trace] wall=15:33:38 elapsed=998.566s phase=train event=interaction_progress trial=12 partition=0 processed=200 total=14000 metric=ce epoch=1/1
[pipeline-trace] wall=15:33:40 elapsed=1000.232s phase=train event=interaction_progress trial=12 partition=0 processed=300 total=14000 metric=ce epoch=1/1
[pipeline-trace] wall=15:33:41 elapsed=1001.818s phase=train event=interaction_progress trial=12 partition=0 processed=400 total=14000 metric=ce epoch=1/1
[pipeline-trace] wall=15:33:43 elapsed=1003.358s phase=train event=interaction_progress trial=12 partition=0 processed=500 total=14000 metric=ce epoch=1/1
[pipeline-trace] wall=15:33:45 elapsed=1005.020s phase=train event=interaction_progress trial=12 partition=0 processed=600 total=14000 metric=ce epoch=1/1
[pipeline-trace] wall=15:33:46 elapsed=1006.602s phase=train event=interaction_progress trial=12 partition=0 processed=700 total=14000 metric=ce epoch=1/1
[pipeline-trace] wall=15:33:48 elapsed=1008.107s phase=train event=interaction_progress trial=12 partition=0 processed=800 total=14000 metric=ce epoch=1/1
[pipeline-trace] wall=15:33:49 elapsed=1009.654s phase=train event=interaction_progress trial=12 partition=0 processed=900 total=14000 metric=ce epoch=1/1
[pipeline-trace] wall=15:33:51 elapsed=1011.126s phase=train event=interaction_progress trial=12 partition=0 processed=1000 total=14000 metric=ce epoch=1/1
[pipeline-trace] wall=15:33:52 elapsed=1012.603s phase=train event=interaction_progress trial=12 partition=0 processed=1100 total=14000 metric=ce epoch=1/1
[pipeline-trace] wall=15:33:54 elapsed=1014.166s phase=train event=interaction_progress trial=12 partition=0 processed=1200 total=14000 metric=ce epoch=1/1
[pipeline-trace] wall=15:33:55 elapsed=1015.716s phase=train event=interaction_progress trial=12 partition=0 processed=1300 total=14000 metric=ce epoch=1/1
[pipeline-trace] wall=15:34:04 elapsed=1024.418s phase=train event=interaction_progress trial=12 partition=0 processed=1400 total=14000 metric=ce epoch=1/1
[pipeline-trace] wall=15:34:05 elapsed=1025.961s phase=train event=interaction_progress trial=12 partition=0 processed=1500 total=14000 metric=ce epoch=1/1
[pipeline-trace] wall=15:34:07 elapsed=1027.524s phase=train event=interaction_progress trial=12 partition=0 processed=1600 total=14000 metric=ce epoch=1/1
[pipeline-trace] wall=15:34:08 elapsed=1028.942s phase=train event=interaction_progress trial=12 partition=0 processed=1700 total=14000 metric=ce epoch=1/1
[pipeline-trace] wall=15:34:10 elapsed=1030.481s phase=train event=interaction_progress trial=12 partition=0 processed=1800 total=14000 metric=ce epoch=1/1
[pipeline-trace] wall=15:34:11 elapsed=1031.950s phase=train event=interaction_progress trial=12 partition=0 processed=1900 total=14000 metric=ce epoch=1/1
[pipeline-trace] wall=15:34:13 elapsed=1033.550s phase=train event=interaction_progress trial=12 partition=0 processed=2000 total=14000 metric=ce epoch=1/1
[pipeline-trace] wall=15:34:15 elapsed=1035.101s phase=train event=interaction_progress trial=12 partition=0 processed=2100 total=14000 metric=ce epoch=1/1
[pipeline-trace] wall=15:34:16 elapsed=1036.573s phase=train event=interaction_progress trial=12 partition=0 processed=2200 total=14000 metric=ce epoch=1/1
[pipeline-trace] wall=15:34:18 elapsed=1038.069s phase=train event=interaction_progress trial=12 partition=0 processed=2300 total=14000 metric=ce epoch=1/1
[pipeline-trace] wall=15:34:19 elapsed=1039.640s phase=train event=interaction_progress trial=12 partition=0 processed=2400 total=14000 metric=ce epoch=1/1
[pipeline-trace] wall=15:34:21 elapsed=1041.236s phase=train event=interaction_progress trial=12 partition=0 processed=2500 total=14000 metric=ce epoch=1/1
[pipeline-trace] wall=15:34:22 elapsed=1042.829s phase=train event=interaction_progress trial=12 partition=0 processed=2600 total=14000 metric=ce epoch=1/1
[pipeline-trace] wall=15:34:24 elapsed=1044.390s phase=train event=interaction_progress trial=12 partition=0 processed=2700 total=14000 metric=ce epoch=1/1
[pipeline-trace] wall=15:34:25 elapsed=1045.902s phase=train event=interaction_progress trial=12 partition=0 processed=2800 total=14000 metric=ce epoch=1/1
[pipeline-trace] wall=15:34:27 elapsed=1047.373s phase=train event=interaction_progress trial=12 partition=0 processed=2900 total=14000 metric=ce epoch=1/1
[pipeline-trace] wall=15:34:28 elapsed=1048.832s phase=train event=interaction_progress trial=12 partition=0 processed=3000 total=14000 metric=ce epoch=1/1
[pipeline-trace] wall=15:34:30 elapsed=1050.229s phase=train event=interaction_progress trial=12 partition=0 processed=3100 total=14000 metric=ce epoch=1/1
[pipeline-trace] wall=15:34:31 elapsed=1051.672s phase=train event=interaction_progress trial=12 partition=0 processed=3200 total=14000 metric=ce epoch=1/1
[pipeline-trace] wall=15:34:33 elapsed=1053.213s phase=train event=interaction_progress trial=12 partition=0 processed=3300 total=14000 metric=ce epoch=1/1
[pipeline-trace] wall=15:34:34 elapsed=1054.815s phase=train event=interaction_progress trial=12 partition=0 processed=3400 total=14000 metric=ce epoch=1/1
[pipeline-trace] wall=15:34:36 elapsed=1056.334s phase=train event=interaction_progress trial=12 partition=0 processed=3500 total=14000 metric=ce epoch=1/1
[pipeline-trace] wall=15:34:37 elapsed=1057.807s phase=train event=interaction_progress trial=12 partition=0 processed=3600 total=14000 metric=ce epoch=1/1
[pipeline-trace] wall=15:34:39 elapsed=1059.313s phase=train event=interaction_progress trial=12 partition=0 processed=3700 total=14000 metric=ce epoch=1/1
[pipeline-trace] wall=15:34:40 elapsed=1060.730s phase=train event=interaction_progress trial=12 partition=0 processed=3800 total=14000 metric=ce epoch=1/1
[pipeline-trace] wall=15:34:42 elapsed=1062.101s phase=train event=interaction_progress trial=12 partition=0 processed=3900 total=14000 metric=ce epoch=1/1
[pipeline-trace] wall=15:34:43 elapsed=1063.567s phase=train event=interaction_progress trial=12 partition=0 processed=4000 total=14000 metric=ce epoch=1/1
[pipeline-trace] wall=15:34:45 elapsed=1065.077s phase=train event=interaction_progress trial=12 partition=0 processed=4100 total=14000 metric=ce epoch=1/1
[pipeline-trace] wall=15:34:46 elapsed=1066.642s phase=train event=interaction_progress trial=12 partition=0 processed=4200 total=14000 metric=ce epoch=1/1
[pipeline-trace] wall=15:34:48 elapsed=1068.126s phase=train event=interaction_progress trial=12 partition=0 processed=4300 total=14000 metric=ce epoch=1/1
[pipeline-trace] wall=15:34:49 elapsed=1069.634s phase=train event=interaction_progress trial=12 partition=0 processed=4400 total=14000 metric=ce epoch=1/1
[pipeline-trace] wall=15:34:51 elapsed=1071.273s phase=train event=interaction_progress trial=12 partition=0 processed=4500 total=14000 metric=ce epoch=1/1
[pipeline-trace] wall=15:34:52 elapsed=1072.831s phase=train event=interaction_progress trial=12 partition=0 processed=4600 total=14000 metric=ce epoch=1/1
[pipeline-trace] wall=15:34:54 elapsed=1074.441s phase=train event=interaction_progress trial=12 partition=0 processed=4700 total=14000 metric=ce epoch=1/1
[pipeline-trace] wall=15:34:56 elapsed=1075.983s phase=train event=interaction_progress trial=12 partition=0 processed=4800 total=14000 metric=ce epoch=1/1
[pipeline-trace] wall=15:34:57 elapsed=1077.450s phase=train event=interaction_progress trial=12 partition=0 processed=4900 total=14000 metric=ce epoch=1/1
[pipeline-trace] wall=15:34:59 elapsed=1079.063s phase=train event=interaction_progress trial=12 partition=0 processed=5000 total=14000 metric=ce epoch=1/1
[pipeline-trace] wall=15:35:00 elapsed=1080.688s phase=train event=interaction_progress trial=12 partition=0 processed=5100 total=14000 metric=ce epoch=1/1
[pipeline-trace] wall=15:35:02 elapsed=1082.125s phase=train event=interaction_progress trial=12 partition=0 processed=5200 total=14000 metric=ce epoch=1/1
[pipeline-trace] wall=15:35:11 elapsed=1091.669s phase=train event=interaction_progress trial=12 partition=0 processed=5300 total=14000 metric=ce epoch=1/1
[pipeline-trace] wall=15:35:13 elapsed=1093.137s phase=train event=interaction_progress trial=12 partition=0 processed=5400 total=14000 metric=ce epoch=1/1
[pipeline-trace] wall=15:35:14 elapsed=1094.709s phase=train event=interaction_progress trial=12 partition=0 processed=5500 total=14000 metric=ce epoch=1/1
[pipeline-trace] wall=15:35:16 elapsed=1096.309s phase=train event=interaction_progress trial=12 partition=0 processed=5600 total=14000 metric=ce epoch=1/1
[pipeline-trace] wall=15:35:17 elapsed=1097.769s phase=train event=interaction_progress trial=12 partition=0 processed=5700 total=14000 metric=ce epoch=1/1
[pipeline-trace] wall=15:35:19 elapsed=1099.183s phase=train event=interaction_progress trial=12 partition=0 processed=5800 total=14000 metric=ce epoch=1/1
[pipeline-trace] wall=15:35:20 elapsed=1100.615s phase=train event=interaction_progress trial=12 partition=0 processed=5900 total=14000 metric=ce epoch=1/1
[pipeline-trace] wall=15:35:22 elapsed=1102.109s phase=train event=interaction_progress trial=12 partition=0 processed=6000 total=14000 metric=ce epoch=1/1
[pipeline-trace] wall=15:35:23 elapsed=1103.708s phase=train event=interaction_progress trial=12 partition=0 processed=6100 total=14000 metric=ce epoch=1/1
[pipeline-trace] wall=15:35:25 elapsed=1105.216s phase=train event=interaction_progress trial=12 partition=0 processed=6200 total=14000 metric=ce epoch=1/1
[pipeline-trace] wall=15:35:26 elapsed=1106.791s phase=train event=interaction_progress trial=12 partition=0 processed=6300 total=14000 metric=ce epoch=1/1
[pipeline-trace] wall=15:35:28 elapsed=1108.368s phase=train event=interaction_progress trial=12 partition=0 processed=6400 total=14000 metric=ce epoch=1/1
[pipeline-trace] wall=15:35:29 elapsed=1109.890s phase=train event=interaction_progress trial=12 partition=0 processed=6500 total=14000 metric=ce epoch=1/1
[pipeline-trace] wall=15:35:31 elapsed=1111.457s phase=train event=interaction_progress trial=12 partition=0 processed=6600 total=14000 metric=ce epoch=1/1
[pipeline-trace] wall=15:35:33 elapsed=1113.048s phase=train event=interaction_progress trial=12 partition=0 processed=6700 total=14000 metric=ce epoch=1/1
[pipeline-trace] wall=15:35:34 elapsed=1114.468s phase=train event=interaction_progress trial=12 partition=0 processed=6800 total=14000 metric=ce epoch=1/1
[pipeline-trace] wall=15:35:34 elapsed=1114.699s phase=train event=interaction_progress trial=12 partition=0 processed=6900 total=14000 metric=ce epoch=1/1
[pipeline-trace] wall=15:35:34 elapsed=1114.925s phase=train event=interaction_progress trial=12 partition=0 processed=7000 total=14000 metric=ce epoch=1/1
[pipeline-trace] wall=15:35:35 elapsed=1115.152s phase=train event=interaction_progress trial=12 partition=0 processed=7100 total=14000 metric=ce epoch=1/1
[pipeline-trace] wall=15:35:35 elapsed=1115.359s phase=train event=interaction_progress trial=12 partition=0 processed=7200 total=14000 metric=ce epoch=1/1
[pipeline-trace] wall=15:35:36 elapsed=1116.519s phase=train event=interaction_progress trial=12 partition=0 processed=7300 total=14000 metric=ce epoch=1/1
[pipeline-trace] wall=15:35:36 elapsed=1116.819s phase=train event=interaction_progress trial=12 partition=0 processed=7400 total=14000 metric=ce epoch=1/1
[pipeline-trace] wall=15:35:37 elapsed=1117.093s phase=train event=interaction_progress trial=12 partition=0 processed=7500 total=14000 metric=ce epoch=1/1
[pipeline-trace] wall=15:35:37 elapsed=1117.426s phase=train event=interaction_progress trial=12 partition=0 processed=7600 total=14000 metric=ce epoch=1/1
[pipeline-trace] wall=15:35:37 elapsed=1117.747s phase=train event=interaction_progress trial=12 partition=0 processed=7700 total=14000 metric=ce epoch=1/1
[pipeline-trace] wall=15:35:39 elapsed=1119.235s phase=train event=interaction_progress trial=12 partition=0 processed=7800 total=14000 metric=ce epoch=1/1
[pipeline-trace] wall=15:35:40 elapsed=1120.767s phase=train event=interaction_progress trial=12 partition=0 processed=7900 total=14000 metric=ce epoch=1/1
[pipeline-trace] wall=15:35:42 elapsed=1122.293s phase=train event=interaction_progress trial=12 partition=0 processed=8000 total=14000 metric=ce epoch=1/1
[pipeline-trace] wall=15:35:43 elapsed=1123.757s phase=train event=interaction_progress trial=12 partition=0 processed=8100 total=14000 metric=ce epoch=1/1
[pipeline-trace] wall=15:35:45 elapsed=1125.215s phase=train event=interaction_progress trial=12 partition=0 processed=8200 total=14000 metric=ce epoch=1/1
[pipeline-trace] wall=15:35:46 elapsed=1126.782s phase=train event=interaction_progress trial=12 partition=0 processed=8300 total=14000 metric=ce epoch=1/1
[pipeline-trace] wall=15:35:48 elapsed=1128.438s phase=train event=interaction_progress trial=12 partition=0 processed=8400 total=14000 metric=ce epoch=1/1
[pipeline-trace] wall=15:35:50 elapsed=1129.968s phase=train event=interaction_progress trial=12 partition=0 processed=8500 total=14000 metric=ce epoch=1/1
[pipeline-trace] wall=15:35:51 elapsed=1131.624s phase=train event=interaction_progress trial=12 partition=0 processed=8600 total=14000 metric=ce epoch=1/1
[pipeline-trace] wall=15:35:53 elapsed=1133.089s phase=train event=interaction_progress trial=12 partition=0 processed=8700 total=14000 metric=ce epoch=1/1
[pipeline-trace] wall=15:35:54 elapsed=1134.535s phase=train event=interaction_progress trial=12 partition=0 processed=8800 total=14000 metric=ce epoch=1/1
[pipeline-trace] wall=15:35:56 elapsed=1136.004s phase=train event=interaction_progress trial=12 partition=0 processed=8900 total=14000 metric=ce epoch=1/1
[pipeline-trace] wall=15:35:57 elapsed=1137.510s phase=train event=interaction_progress trial=12 partition=0 processed=9000 total=14000 metric=ce epoch=1/1
[pipeline-trace] wall=15:35:59 elapsed=1139.084s phase=train event=interaction_progress trial=12 partition=0 processed=9100 total=14000 metric=ce epoch=1/1
[pipeline-trace] wall=15:36:00 elapsed=1140.505s phase=train event=interaction_progress trial=12 partition=0 processed=9200 total=14000 metric=ce epoch=1/1
[pipeline-trace] wall=15:36:02 elapsed=1141.970s phase=train event=interaction_progress trial=12 partition=0 processed=9300 total=14000 metric=ce epoch=1/1
[pipeline-trace] wall=15:36:03 elapsed=1143.531s phase=train event=interaction_progress trial=12 partition=0 processed=9400 total=14000 metric=ce epoch=1/1
[pipeline-trace] wall=15:36:05 elapsed=1145.052s phase=train event=interaction_progress trial=12 partition=0 processed=9500 total=14000 metric=ce epoch=1/1
[pipeline-trace] wall=15:36:06 elapsed=1146.609s phase=train event=interaction_progress trial=12 partition=0 processed=9600 total=14000 metric=ce epoch=1/1
[pipeline-trace] wall=15:36:08 elapsed=1148.273s phase=train event=interaction_progress trial=12 partition=0 processed=9700 total=14000 metric=ce epoch=1/1
[pipeline-trace] wall=15:36:16 elapsed=1156.658s phase=train event=interaction_progress trial=12 partition=0 processed=9800 total=14000 metric=ce epoch=1/1
[pipeline-trace] wall=15:36:18 elapsed=1158.242s phase=train event=interaction_progress trial=12 partition=0 processed=9900 total=14000 metric=ce epoch=1/1
[pipeline-trace] wall=15:36:19 elapsed=1159.732s phase=train event=interaction_progress trial=12 partition=0 processed=10000 total=14000 metric=ce epoch=1/1
[pipeline-trace] wall=15:36:21 elapsed=1161.206s phase=train event=interaction_progress trial=12 partition=0 processed=10100 total=14000 metric=ce epoch=1/1
[pipeline-trace] wall=15:36:22 elapsed=1162.736s phase=train event=interaction_progress trial=12 partition=0 processed=10200 total=14000 metric=ce epoch=1/1
[pipeline-trace] wall=15:36:24 elapsed=1164.211s phase=train event=interaction_progress trial=12 partition=0 processed=10300 total=14000 metric=ce epoch=1/1
[pipeline-trace] wall=15:36:25 elapsed=1165.720s phase=train event=interaction_progress trial=12 partition=0 processed=10400 total=14000 metric=ce epoch=1/1
[pipeline-trace] wall=15:36:27 elapsed=1167.305s phase=train event=interaction_progress trial=12 partition=0 processed=10500 total=14000 metric=ce epoch=1/1
[pipeline-trace] wall=15:36:28 elapsed=1168.824s phase=train event=interaction_progress trial=12 partition=0 processed=10600 total=14000 metric=ce epoch=1/1
[pipeline-trace] wall=15:36:30 elapsed=1170.314s phase=train event=interaction_progress trial=12 partition=0 processed=10700 total=14000 metric=ce epoch=1/1
[pipeline-trace] wall=15:36:31 elapsed=1171.669s phase=train event=interaction_progress trial=12 partition=0 processed=10800 total=14000 metric=ce epoch=1/1
[pipeline-trace] wall=15:36:33 elapsed=1173.082s phase=train event=interaction_progress trial=12 partition=0 processed=10900 total=14000 metric=ce epoch=1/1
[pipeline-trace] wall=15:36:34 elapsed=1174.572s phase=train event=interaction_progress trial=12 partition=0 processed=11000 total=14000 metric=ce epoch=1/1
[pipeline-trace] wall=15:36:36 elapsed=1176.097s phase=train event=interaction_progress trial=12 partition=0 processed=11100 total=14000 metric=ce epoch=1/1
[pipeline-trace] wall=15:36:37 elapsed=1177.638s phase=train event=interaction_progress trial=12 partition=0 processed=11200 total=14000 metric=ce epoch=1/1
[pipeline-trace] wall=15:36:39 elapsed=1179.281s phase=train event=interaction_progress trial=12 partition=0 processed=11300 total=14000 metric=ce epoch=1/1
[pipeline-trace] wall=15:36:40 elapsed=1180.855s phase=train event=interaction_progress trial=12 partition=0 processed=11400 total=14000 metric=ce epoch=1/1
[pipeline-trace] wall=15:36:42 elapsed=1182.350s phase=train event=interaction_progress trial=12 partition=0 processed=11500 total=14000 metric=ce epoch=1/1
[pipeline-trace] wall=15:36:44 elapsed=1183.984s phase=train event=interaction_progress trial=12 partition=0 processed=11600 total=14000 metric=ce epoch=1/1
[pipeline-trace] wall=15:36:45 elapsed=1185.561s phase=train event=interaction_progress trial=12 partition=0 processed=11700 total=14000 metric=ce epoch=1/1
[pipeline-trace] wall=15:36:47 elapsed=1187.198s phase=train event=interaction_progress trial=12 partition=0 processed=11800 total=14000 metric=ce epoch=1/1
[pipeline-trace] wall=15:36:48 elapsed=1188.793s phase=train event=interaction_progress trial=12 partition=0 processed=11900 total=14000 metric=ce epoch=1/1
[pipeline-trace] wall=15:36:50 elapsed=1190.256s phase=train event=interaction_progress trial=12 partition=0 processed=12000 total=14000 metric=ce epoch=1/1
[pipeline-trace] wall=15:36:51 elapsed=1191.727s phase=train event=interaction_progress trial=12 partition=0 processed=12100 total=14000 metric=ce epoch=1/1
[pipeline-trace] wall=15:36:53 elapsed=1193.227s phase=train event=interaction_progress trial=12 partition=0 processed=12200 total=14000 metric=ce epoch=1/1
[pipeline-trace] wall=15:36:54 elapsed=1194.777s phase=train event=interaction_progress trial=12 partition=0 processed=12300 total=14000 metric=ce epoch=1/1
[pipeline-trace] wall=15:36:56 elapsed=1196.426s phase=train event=interaction_progress trial=12 partition=0 processed=12400 total=14000 metric=ce epoch=1/1
[pipeline-trace] wall=15:36:58 elapsed=1197.975s phase=train event=interaction_progress trial=12 partition=0 processed=12500 total=14000 metric=ce epoch=1/1
[pipeline-trace] wall=15:36:59 elapsed=1199.492s phase=train event=interaction_progress trial=12 partition=0 processed=12600 total=14000 metric=ce epoch=1/1
[pipeline-trace] wall=15:37:01 elapsed=1201.009s phase=train event=interaction_progress trial=12 partition=0 processed=12700 total=14000 metric=ce epoch=1/1
[pipeline-trace] wall=15:37:02 elapsed=1202.624s phase=train event=interaction_progress trial=12 partition=0 processed=12800 total=14000 metric=ce epoch=1/1
[pipeline-trace] wall=15:37:04 elapsed=1204.152s phase=train event=interaction_progress trial=12 partition=0 processed=12900 total=14000 metric=ce epoch=1/1
[pipeline-trace] wall=15:37:05 elapsed=1205.603s phase=train event=interaction_progress trial=12 partition=0 processed=13000 total=14000 metric=ce epoch=1/1
[pipeline-trace] wall=15:37:07 elapsed=1207.272s phase=train event=interaction_progress trial=12 partition=0 processed=13100 total=14000 metric=ce epoch=1/1
[pipeline-trace] wall=15:37:08 elapsed=1208.832s phase=train event=interaction_progress trial=12 partition=0 processed=13200 total=14000 metric=ce epoch=1/1
[pipeline-trace] wall=15:37:10 elapsed=1210.303s phase=train event=interaction_progress trial=12 partition=0 processed=13300 total=14000 metric=ce epoch=1/1
[pipeline-trace] wall=15:37:11 elapsed=1211.821s phase=train event=interaction_progress trial=12 partition=0 processed=13400 total=14000 metric=ce epoch=1/1
[pipeline-trace] wall=15:37:13 elapsed=1213.381s phase=train event=interaction_progress trial=12 partition=0 processed=13500 total=14000 metric=ce epoch=1/1
[pipeline-trace] wall=15:37:14 elapsed=1214.908s phase=train event=interaction_progress trial=12 partition=0 processed=13600 total=14000 metric=ce epoch=1/1
[pipeline-trace] wall=15:37:17 elapsed=1217.566s phase=train event=interaction_progress trial=12 partition=0 processed=13700 total=14000 metric=ce epoch=1/1
[pipeline-trace] wall=15:37:19 elapsed=1219.220s phase=train event=interaction_progress trial=12 partition=0 processed=13800 total=14000 metric=ce epoch=1/1
[pipeline-trace] wall=15:37:20 elapsed=1220.786s phase=train event=interaction_progress trial=12 partition=0 processed=13900 total=14000 metric=ce epoch=1/1
[pipeline-trace] wall=15:37:22 elapsed=1222.705s phase=train event=interaction_progress trial=12 partition=0 processed=14000 total=14000 metric=ce epoch=1/1
[pipeline-trace] wall=15:37:22 elapsed=1222.919s phase=eval event=batch_start trial=12 partitions=[1] synthetic=False
[pipeline-trace] wall=15:37:22 elapsed=1222.919s phase=eval event=partition_start trial=12 partition=1 interactions=1999
[pipeline-trace] wall=15:37:22 elapsed=1222.920s phase=eval event=interaction_progress trial=12 partition=1 processed=1 total=1999 metric=ranking
[pipeline-trace] wall=15:37:24 elapsed=1224.713s phase=eval event=interaction_progress trial=12 partition=1 processed=100 total=1999 metric=ranking
[pipeline-trace] wall=15:37:26 elapsed=1226.374s phase=eval event=interaction_progress trial=12 partition=1 processed=200 total=1999 metric=ranking
[pipeline-trace] wall=15:37:28 elapsed=1228.041s phase=eval event=interaction_progress trial=12 partition=1 processed=300 total=1999 metric=ranking
[pipeline-trace] wall=15:37:29 elapsed=1229.794s phase=eval event=interaction_progress trial=12 partition=1 processed=400 total=1999 metric=ranking
[pipeline-trace] wall=15:37:31 elapsed=1231.323s phase=eval event=interaction_progress trial=12 partition=1 processed=500 total=1999 metric=ranking
[pipeline-trace] wall=15:37:33 elapsed=1233.088s phase=eval event=interaction_progress trial=12 partition=1 processed=600 total=1999 metric=ranking
[pipeline-trace] wall=15:37:34 elapsed=1234.793s phase=eval event=interaction_progress trial=12 partition=1 processed=700 total=1999 metric=ranking
[pipeline-trace] wall=15:37:36 elapsed=1236.535s phase=eval event=interaction_progress trial=12 partition=1 processed=800 total=1999 metric=ranking
[pipeline-trace] wall=15:37:38 elapsed=1238.142s phase=eval event=interaction_progress trial=12 partition=1 processed=900 total=1999 metric=ranking
[pipeline-trace] wall=15:37:39 elapsed=1239.812s phase=eval event=interaction_progress trial=12 partition=1 processed=1000 total=1999 metric=ranking
[pipeline-trace] wall=15:37:41 elapsed=1241.455s phase=eval event=interaction_progress trial=12 partition=1 processed=1100 total=1999 metric=ranking
[pipeline-trace] wall=15:37:43 elapsed=1243.146s phase=eval event=interaction_progress trial=12 partition=1 processed=1200 total=1999 metric=ranking
[pipeline-trace] wall=15:37:44 elapsed=1244.898s phase=eval event=interaction_progress trial=12 partition=1 processed=1300 total=1999 metric=ranking
[pipeline-trace] wall=15:37:46 elapsed=1246.617s phase=eval event=interaction_progress trial=12 partition=1 processed=1400 total=1999 metric=ranking
[pipeline-trace] wall=15:37:48 elapsed=1248.447s phase=eval event=interaction_progress trial=12 partition=1 processed=1500 total=1999 metric=ranking
[pipeline-trace] wall=15:37:50 elapsed=1250.092s phase=eval event=interaction_progress trial=12 partition=1 processed=1600 total=1999 metric=ranking
[pipeline-trace] wall=15:37:51 elapsed=1251.772s phase=eval event=interaction_progress trial=12 partition=1 processed=1700 total=1999 metric=ranking
[pipeline-trace] wall=15:37:53 elapsed=1253.378s phase=eval event=interaction_progress trial=12 partition=1 processed=1800 total=1999 metric=ranking
[pipeline-trace] wall=15:37:55 elapsed=1255.095s phase=eval event=interaction_progress trial=12 partition=1 processed=1900 total=1999 metric=ranking
[pipeline-trace] wall=15:37:56 elapsed=1256.774s phase=eval event=interaction_progress trial=12 partition=1 processed=1999 total=1999 metric=ranking
[pipeline-trace] wall=15:37:56 elapsed=1256.781s phase=eval event=partition_complete trial=12 partition=1 elapsed_sec=33.861 hits=1326 total=1999
[pipeline-trace] wall=15:37:56 elapsed=1256.956s phase=train event=interaction_progress trial=13 partition=0 processed=1 total=14000 metric=ce epoch=1/1
[pipeline-trace] wall=15:37:59 elapsed=1259.226s phase=train event=interaction_progress trial=13 partition=0 processed=100 total=14000 metric=ce epoch=1/1
[pipeline-trace] wall=15:38:01 elapsed=1261.584s phase=train event=interaction_progress trial=13 partition=0 processed=200 total=14000 metric=ce epoch=1/1
[pipeline-trace] wall=15:38:03 elapsed=1263.877s phase=train event=interaction_progress trial=13 partition=0 processed=300 total=14000 metric=ce epoch=1/1
[pipeline-trace] wall=15:38:06 elapsed=1266.113s phase=train event=interaction_progress trial=13 partition=0 processed=400 total=14000 metric=ce epoch=1/1
[pipeline-trace] wall=15:38:08 elapsed=1268.439s phase=train event=interaction_progress trial=13 partition=0 processed=500 total=14000 metric=ce epoch=1/1
[pipeline-trace] wall=15:38:10 elapsed=1270.753s phase=train event=interaction_progress trial=13 partition=0 processed=600 total=14000 metric=ce epoch=1/1
[pipeline-trace] wall=15:38:13 elapsed=1273.036s phase=train event=interaction_progress trial=13 partition=0 processed=700 total=14000 metric=ce epoch=1/1
[pipeline-trace] wall=15:38:15 elapsed=1275.386s phase=train event=interaction_progress trial=13 partition=0 processed=800 total=14000 metric=ce epoch=1/1
[pipeline-trace] wall=15:38:17 elapsed=1277.773s phase=train event=interaction_progress trial=13 partition=0 processed=900 total=14000 metric=ce epoch=1/1
[pipeline-trace] wall=15:38:20 elapsed=1280.110s phase=train event=interaction_progress trial=13 partition=0 processed=1000 total=14000 metric=ce epoch=1/1
[pipeline-trace] wall=15:38:22 elapsed=1282.396s phase=train event=interaction_progress trial=13 partition=0 processed=1100 total=14000 metric=ce epoch=1/1
[pipeline-trace] wall=15:38:24 elapsed=1284.710s phase=train event=interaction_progress trial=13 partition=0 processed=1200 total=14000 metric=ce epoch=1/1
[pipeline-trace] wall=15:38:31 elapsed=1291.748s phase=train event=interaction_progress trial=13 partition=0 processed=1300 total=14000 metric=ce epoch=1/1
[pipeline-trace] wall=15:38:36 elapsed=1296.420s phase=train event=interaction_progress trial=13 partition=0 processed=1400 total=14000 metric=ce epoch=1/1
[pipeline-trace] wall=15:38:38 elapsed=1298.845s phase=train event=interaction_progress trial=13 partition=0 processed=1500 total=14000 metric=ce epoch=1/1
[pipeline-trace] wall=15:38:39 elapsed=1299.848s phase=train event=interaction_progress trial=13 partition=0 processed=1600 total=14000 metric=ce epoch=1/1
[pipeline-trace] wall=15:38:40 elapsed=1300.263s phase=train event=interaction_progress trial=13 partition=0 processed=1700 total=14000 metric=ce epoch=1/1
[pipeline-trace] wall=15:38:40 elapsed=1300.599s phase=train event=interaction_progress trial=13 partition=0 processed=1800 total=14000 metric=ce epoch=1/1
[pipeline-trace] wall=15:38:41 elapsed=1301.848s phase=train event=interaction_progress trial=13 partition=0 processed=1900 total=14000 metric=ce epoch=1/1
[pipeline-trace] wall=15:38:42 elapsed=1302.139s phase=train event=interaction_progress trial=13 partition=0 processed=2000 total=14000 metric=ce epoch=1/1
[pipeline-trace] wall=15:38:42 elapsed=1302.433s phase=train event=interaction_progress trial=13 partition=0 processed=2100 total=14000 metric=ce epoch=1/1
[pipeline-trace] wall=15:38:42 elapsed=1302.714s phase=train event=interaction_progress trial=13 partition=0 processed=2200 total=14000 metric=ce epoch=1/1
[pipeline-trace] wall=15:38:43 elapsed=1302.972s phase=train event=interaction_progress trial=13 partition=0 processed=2300 total=14000 metric=ce epoch=1/1
[pipeline-trace] wall=15:38:44 elapsed=1304.844s phase=train event=interaction_progress trial=13 partition=0 processed=2400 total=14000 metric=ce epoch=1/1
[pipeline-trace] wall=15:38:47 elapsed=1307.175s phase=train event=interaction_progress trial=13 partition=0 processed=2500 total=14000 metric=ce epoch=1/1
[pipeline-trace] wall=15:38:49 elapsed=1309.532s phase=train event=interaction_progress trial=13 partition=0 processed=2600 total=14000 metric=ce epoch=1/1
[pipeline-trace] wall=15:38:51 elapsed=1311.874s phase=train event=interaction_progress trial=13 partition=0 processed=2700 total=14000 metric=ce epoch=1/1
[pipeline-trace] wall=15:38:54 elapsed=1314.210s phase=train event=interaction_progress trial=13 partition=0 processed=2800 total=14000 metric=ce epoch=1/1
[pipeline-trace] wall=15:38:56 elapsed=1316.561s phase=train event=interaction_progress trial=13 partition=0 processed=2900 total=14000 metric=ce epoch=1/1
[pipeline-trace] wall=15:38:58 elapsed=1318.946s phase=train event=interaction_progress trial=13 partition=0 processed=3000 total=14000 metric=ce epoch=1/1
[pipeline-trace] wall=15:39:01 elapsed=1321.283s phase=train event=interaction_progress trial=13 partition=0 processed=3100 total=14000 metric=ce epoch=1/1
[pipeline-trace] wall=15:39:03 elapsed=1323.566s phase=train event=interaction_progress trial=13 partition=0 processed=3200 total=14000 metric=ce epoch=1/1
[pipeline-trace] wall=15:39:05 elapsed=1325.893s phase=train event=interaction_progress trial=13 partition=0 processed=3300 total=14000 metric=ce epoch=1/1
[pipeline-trace] wall=15:39:08 elapsed=1328.267s phase=train event=interaction_progress trial=13 partition=0 processed=3400 total=14000 metric=ce epoch=1/1
[pipeline-trace] wall=15:39:10 elapsed=1330.523s phase=train event=interaction_progress trial=13 partition=0 processed=3500 total=14000 metric=ce epoch=1/1
[pipeline-trace] wall=15:39:12 elapsed=1332.825s phase=train event=interaction_progress trial=13 partition=0 processed=3600 total=14000 metric=ce epoch=1/1
[pipeline-trace] wall=15:39:15 elapsed=1335.182s phase=train event=interaction_progress trial=13 partition=0 processed=3700 total=14000 metric=ce epoch=1/1
[pipeline-trace] wall=15:39:17 elapsed=1337.524s phase=train event=interaction_progress trial=13 partition=0 processed=3800 total=14000 metric=ce epoch=1/1
[pipeline-trace] wall=15:39:19 elapsed=1339.815s phase=train event=interaction_progress trial=13 partition=0 processed=3900 total=14000 metric=ce epoch=1/1
[pipeline-trace] wall=15:39:22 elapsed=1342.153s phase=train event=interaction_progress trial=13 partition=0 processed=4000 total=14000 metric=ce epoch=1/1
[pipeline-trace] wall=15:39:24 elapsed=1344.508s phase=train event=interaction_progress trial=13 partition=0 processed=4100 total=14000 metric=ce epoch=1/1
[pipeline-trace] wall=15:39:26 elapsed=1346.805s phase=train event=interaction_progress trial=13 partition=0 processed=4200 total=14000 metric=ce epoch=1/1
[pipeline-trace] wall=15:39:29 elapsed=1349.195s phase=train event=interaction_progress trial=13 partition=0 processed=4300 total=14000 metric=ce epoch=1/1
[pipeline-trace] wall=15:39:31 elapsed=1351.532s phase=train event=interaction_progress trial=13 partition=0 processed=4400 total=14000 metric=ce epoch=1/1
[pipeline-trace] wall=15:39:40 elapsed=1360.095s phase=train event=interaction_progress trial=13 partition=0 processed=4500 total=14000 metric=ce epoch=1/1
[pipeline-trace] wall=15:39:42 elapsed=1362.440s phase=train event=interaction_progress trial=13 partition=0 processed=4600 total=14000 metric=ce epoch=1/1
[pipeline-trace] wall=15:39:44 elapsed=1364.798s phase=train event=interaction_progress trial=13 partition=0 processed=4700 total=14000 metric=ce epoch=1/1
[pipeline-trace] wall=15:39:47 elapsed=1367.103s phase=train event=interaction_progress trial=13 partition=0 processed=4800 total=14000 metric=ce epoch=1/1
[pipeline-trace] wall=15:39:49 elapsed=1369.400s phase=train event=interaction_progress trial=13 partition=0 processed=4900 total=14000 metric=ce epoch=1/1
[pipeline-trace] wall=15:39:51 elapsed=1371.641s phase=train event=interaction_progress trial=13 partition=0 processed=5000 total=14000 metric=ce epoch=1/1
[pipeline-trace] wall=15:39:53 elapsed=1373.836s phase=train event=interaction_progress trial=13 partition=0 processed=5100 total=14000 metric=ce epoch=1/1
[pipeline-trace] wall=15:39:56 elapsed=1376.228s phase=train event=interaction_progress trial=13 partition=0 processed=5200 total=14000 metric=ce epoch=1/1
[pipeline-trace] wall=15:39:58 elapsed=1378.582s phase=train event=interaction_progress trial=13 partition=0 processed=5300 total=14000 metric=ce epoch=1/1
[pipeline-trace] wall=15:40:00 elapsed=1380.936s phase=train event=interaction_progress trial=13 partition=0 processed=5400 total=14000 metric=ce epoch=1/1
[pipeline-trace] wall=15:40:03 elapsed=1383.250s phase=train event=interaction_progress trial=13 partition=0 processed=5500 total=14000 metric=ce epoch=1/1
[pipeline-trace] wall=15:40:05 elapsed=1385.571s phase=train event=interaction_progress trial=13 partition=0 processed=5600 total=14000 metric=ce epoch=1/1
[pipeline-trace] wall=15:40:07 elapsed=1387.853s phase=train event=interaction_progress trial=13 partition=0 processed=5700 total=14000 metric=ce epoch=1/1
[pipeline-trace] wall=15:40:10 elapsed=1390.169s phase=train event=interaction_progress trial=13 partition=0 processed=5800 total=14000 metric=ce epoch=1/1
[pipeline-trace] wall=15:40:12 elapsed=1392.556s phase=train event=interaction_progress trial=13 partition=0 processed=5900 total=14000 metric=ce epoch=1/1
[pipeline-trace] wall=15:40:14 elapsed=1394.855s phase=train event=interaction_progress trial=13 partition=0 processed=6000 total=14000 metric=ce epoch=1/1
[pipeline-trace] wall=15:40:17 elapsed=1397.158s phase=train event=interaction_progress trial=13 partition=0 processed=6100 total=14000 metric=ce epoch=1/1
[pipeline-trace] wall=15:40:19 elapsed=1399.472s phase=train event=interaction_progress trial=13 partition=0 processed=6200 total=14000 metric=ce epoch=1/1
[pipeline-trace] wall=15:40:21 elapsed=1401.774s phase=train event=interaction_progress trial=13 partition=0 processed=6300 total=14000 metric=ce epoch=1/1
[pipeline-trace] wall=15:40:24 elapsed=1404.140s phase=train event=interaction_progress trial=13 partition=0 processed=6400 total=14000 metric=ce epoch=1/1
[pipeline-trace] wall=15:40:26 elapsed=1406.524s phase=train event=interaction_progress trial=13 partition=0 processed=6500 total=14000 metric=ce epoch=1/1
[pipeline-trace] wall=15:40:28 elapsed=1408.849s phase=train event=interaction_progress trial=13 partition=0 processed=6600 total=14000 metric=ce epoch=1/1
[pipeline-trace] wall=15:40:31 elapsed=1411.087s phase=train event=interaction_progress trial=13 partition=0 processed=6700 total=14000 metric=ce epoch=1/1
[pipeline-trace] wall=15:40:33 elapsed=1413.351s phase=train event=interaction_progress trial=13 partition=0 processed=6800 total=14000 metric=ce epoch=1/1
[pipeline-trace] wall=15:40:35 elapsed=1415.684s phase=train event=interaction_progress trial=13 partition=0 processed=6900 total=14000 metric=ce epoch=1/1
[pipeline-trace] wall=15:40:38 elapsed=1418.072s phase=train event=interaction_progress trial=13 partition=0 processed=7000 total=14000 metric=ce epoch=1/1
[pipeline-trace] wall=15:40:48 elapsed=1428.378s phase=train event=interaction_progress trial=13 partition=0 processed=7100 total=14000 metric=ce epoch=1/1
[pipeline-trace] wall=15:40:50 elapsed=1430.756s phase=train event=interaction_progress trial=13 partition=0 processed=7200 total=14000 metric=ce epoch=1/1
[pipeline-trace] wall=15:40:53 elapsed=1433.151s phase=train event=interaction_progress trial=13 partition=0 processed=7300 total=14000 metric=ce epoch=1/1
[pipeline-trace] wall=15:40:55 elapsed=1435.486s phase=train event=interaction_progress trial=13 partition=0 processed=7400 total=14000 metric=ce epoch=1/1
[pipeline-trace] wall=15:40:57 elapsed=1437.760s phase=train event=interaction_progress trial=13 partition=0 processed=7500 total=14000 metric=ce epoch=1/1
[pipeline-trace] wall=15:41:00 elapsed=1439.991s phase=train event=interaction_progress trial=13 partition=0 processed=7600 total=14000 metric=ce epoch=1/1
[pipeline-trace] wall=15:41:02 elapsed=1442.286s phase=train event=interaction_progress trial=13 partition=0 processed=7700 total=14000 metric=ce epoch=1/1
[pipeline-trace] wall=15:41:04 elapsed=1444.538s phase=train event=interaction_progress trial=13 partition=0 processed=7800 total=14000 metric=ce epoch=1/1
[pipeline-trace] wall=15:41:06 elapsed=1446.820s phase=train event=interaction_progress trial=13 partition=0 processed=7900 total=14000 metric=ce epoch=1/1
[pipeline-trace] wall=15:41:09 elapsed=1449.156s phase=train event=interaction_progress trial=13 partition=0 processed=8000 total=14000 metric=ce epoch=1/1
[pipeline-trace] wall=15:41:11 elapsed=1451.483s phase=train event=interaction_progress trial=13 partition=0 processed=8100 total=14000 metric=ce epoch=1/1
[pipeline-trace] wall=15:41:13 elapsed=1453.768s phase=train event=interaction_progress trial=13 partition=0 processed=8200 total=14000 metric=ce epoch=1/1
[pipeline-trace] wall=15:41:16 elapsed=1456.048s phase=train event=interaction_progress trial=13 partition=0 processed=8300 total=14000 metric=ce epoch=1/1
[pipeline-trace] wall=15:41:18 elapsed=1458.327s phase=train event=interaction_progress trial=13 partition=0 processed=8400 total=14000 metric=ce epoch=1/1
[pipeline-trace] wall=15:41:20 elapsed=1460.665s phase=train event=interaction_progress trial=13 partition=0 processed=8500 total=14000 metric=ce epoch=1/1
[pipeline-trace] wall=15:41:23 elapsed=1463.008s phase=train event=interaction_progress trial=13 partition=0 processed=8600 total=14000 metric=ce epoch=1/1
[pipeline-trace] wall=15:41:25 elapsed=1465.293s phase=train event=interaction_progress trial=13 partition=0 processed=8700 total=14000 metric=ce epoch=1/1
[pipeline-trace] wall=15:41:27 elapsed=1467.600s phase=train event=interaction_progress trial=13 partition=0 processed=8800 total=14000 metric=ce epoch=1/1
[pipeline-trace] wall=15:41:30 elapsed=1470.057s phase=train event=interaction_progress trial=13 partition=0 processed=8900 total=14000 metric=ce epoch=1/1
[pipeline-trace] wall=15:41:32 elapsed=1472.335s phase=train event=interaction_progress trial=13 partition=0 processed=9000 total=14000 metric=ce epoch=1/1
[pipeline-trace] wall=15:41:34 elapsed=1474.727s phase=train event=interaction_progress trial=13 partition=0 processed=9100 total=14000 metric=ce epoch=1/1
[pipeline-trace] wall=15:41:37 elapsed=1477.043s phase=train event=interaction_progress trial=13 partition=0 processed=9200 total=14000 metric=ce epoch=1/1
[pipeline-trace] wall=15:41:39 elapsed=1479.355s phase=train event=interaction_progress trial=13 partition=0 processed=9300 total=14000 metric=ce epoch=1/1
[pipeline-trace] wall=15:41:41 elapsed=1481.655s phase=train event=interaction_progress trial=13 partition=0 processed=9400 total=14000 metric=ce epoch=1/1
[pipeline-trace] wall=15:41:44 elapsed=1484.010s phase=train event=interaction_progress trial=13 partition=0 processed=9500 total=14000 metric=ce epoch=1/1
[pipeline-trace] wall=15:41:44 elapsed=1484.662s phase=train event=interaction_progress trial=13 partition=0 processed=9600 total=14000 metric=ce epoch=1/1
[pipeline-trace] wall=15:41:44 elapsed=1484.939s phase=train event=interaction_progress trial=13 partition=0 processed=9700 total=14000 metric=ce epoch=1/1
[pipeline-trace] wall=15:41:45 elapsed=1485.190s phase=train event=interaction_progress trial=13 partition=0 processed=9800 total=14000 metric=ce epoch=1/1
[pipeline-trace] wall=15:41:46 elapsed=1486.444s phase=train event=interaction_progress trial=13 partition=0 processed=9900 total=14000 metric=ce epoch=1/1
[pipeline-trace] wall=15:41:46 elapsed=1486.875s phase=train event=interaction_progress trial=13 partition=0 processed=10000 total=14000 metric=ce epoch=1/1
[pipeline-trace] wall=15:41:48 elapsed=1487.974s phase=train event=interaction_progress trial=13 partition=0 processed=10100 total=14000 metric=ce epoch=1/1
[pipeline-trace] wall=15:41:56 elapsed=1496.683s phase=train event=interaction_progress trial=13 partition=0 processed=10200 total=14000 metric=ce epoch=1/1
[pipeline-trace] wall=15:41:59 elapsed=1499.015s phase=train event=interaction_progress trial=13 partition=0 processed=10300 total=14000 metric=ce epoch=1/1
[pipeline-trace] wall=15:42:01 elapsed=1501.326s phase=train event=interaction_progress trial=13 partition=0 processed=10400 total=14000 metric=ce epoch=1/1
[pipeline-trace] wall=15:42:03 elapsed=1503.581s phase=train event=interaction_progress trial=13 partition=0 processed=10500 total=14000 metric=ce epoch=1/1
[pipeline-trace] wall=15:42:05 elapsed=1505.821s phase=train event=interaction_progress trial=13 partition=0 processed=10600 total=14000 metric=ce epoch=1/1
[pipeline-trace] wall=15:42:08 elapsed=1508.104s phase=train event=interaction_progress trial=13 partition=0 processed=10700 total=14000 metric=ce epoch=1/1
[pipeline-trace] wall=15:42:10 elapsed=1510.385s phase=train event=interaction_progress trial=13 partition=0 processed=10800 total=14000 metric=ce epoch=1/1
[pipeline-trace] wall=15:42:12 elapsed=1512.721s phase=train event=interaction_progress trial=13 partition=0 processed=10900 total=14000 metric=ce epoch=1/1
[pipeline-trace] wall=15:42:15 elapsed=1515.073s phase=train event=interaction_progress trial=13 partition=0 processed=11000 total=14000 metric=ce epoch=1/1
[pipeline-trace] wall=15:42:17 elapsed=1517.416s phase=train event=interaction_progress trial=13 partition=0 processed=11100 total=14000 metric=ce epoch=1/1
[pipeline-trace] wall=15:42:19 elapsed=1519.741s phase=train event=interaction_progress trial=13 partition=0 processed=11200 total=14000 metric=ce epoch=1/1
[pipeline-trace] wall=15:42:22 elapsed=1522.071s phase=train event=interaction_progress trial=13 partition=0 processed=11300 total=14000 metric=ce epoch=1/1
[pipeline-trace] wall=15:42:24 elapsed=1524.287s phase=train event=interaction_progress trial=13 partition=0 processed=11400 total=14000 metric=ce epoch=1/1
[pipeline-trace] wall=15:42:26 elapsed=1526.602s phase=train event=interaction_progress trial=13 partition=0 processed=11500 total=14000 metric=ce epoch=1/1
[pipeline-trace] wall=15:42:28 elapsed=1528.868s phase=train event=interaction_progress trial=13 partition=0 processed=11600 total=14000 metric=ce epoch=1/1
[pipeline-trace] wall=15:42:31 elapsed=1531.159s phase=train event=interaction_progress trial=13 partition=0 processed=11700 total=14000 metric=ce epoch=1/1
[pipeline-trace] wall=15:42:33 elapsed=1533.499s phase=train event=interaction_progress trial=13 partition=0 processed=11800 total=14000 metric=ce epoch=1/1
[pipeline-trace] wall=15:42:35 elapsed=1535.835s phase=train event=interaction_progress trial=13 partition=0 processed=11900 total=14000 metric=ce epoch=1/1
[pipeline-trace] wall=15:42:38 elapsed=1538.279s phase=train event=interaction_progress trial=13 partition=0 processed=12000 total=14000 metric=ce epoch=1/1
[pipeline-trace] wall=15:42:40 elapsed=1540.513s phase=train event=interaction_progress trial=13 partition=0 processed=12100 total=14000 metric=ce epoch=1/1
[pipeline-trace] wall=15:42:42 elapsed=1542.862s phase=train event=interaction_progress trial=13 partition=0 processed=12200 total=14000 metric=ce epoch=1/1
[pipeline-trace] wall=15:42:45 elapsed=1545.280s phase=train event=interaction_progress trial=13 partition=0 processed=12300 total=14000 metric=ce epoch=1/1
[pipeline-trace] wall=15:42:47 elapsed=1547.548s phase=train event=interaction_progress trial=13 partition=0 processed=12400 total=14000 metric=ce epoch=1/1
[pipeline-trace] wall=15:42:49 elapsed=1549.782s phase=train event=interaction_progress trial=13 partition=0 processed=12500 total=14000 metric=ce epoch=1/1
[pipeline-trace] wall=15:42:51 elapsed=1551.959s phase=train event=interaction_progress trial=13 partition=0 processed=12600 total=14000 metric=ce epoch=1/1
[pipeline-trace] wall=15:42:54 elapsed=1554.270s phase=train event=interaction_progress trial=13 partition=0 processed=12700 total=14000 metric=ce epoch=1/1
[pipeline-trace] wall=15:42:56 elapsed=1556.707s phase=train event=interaction_progress trial=13 partition=0 processed=12800 total=14000 metric=ce epoch=1/1
[pipeline-trace] wall=15:43:04 elapsed=1564.581s phase=train event=interaction_progress trial=13 partition=0 processed=12900 total=14000 metric=ce epoch=1/1
[pipeline-trace] wall=15:43:06 elapsed=1566.883s phase=train event=interaction_progress trial=13 partition=0 processed=13000 total=14000 metric=ce epoch=1/1
[pipeline-trace] wall=15:43:09 elapsed=1569.162s phase=train event=interaction_progress trial=13 partition=0 processed=13100 total=14000 metric=ce epoch=1/1
[pipeline-trace] wall=15:43:11 elapsed=1571.452s phase=train event=interaction_progress trial=13 partition=0 processed=13200 total=14000 metric=ce epoch=1/1
[pipeline-trace] wall=15:43:13 elapsed=1573.705s phase=train event=interaction_progress trial=13 partition=0 processed=13300 total=14000 metric=ce epoch=1/1
[pipeline-trace] wall=15:43:16 elapsed=1575.965s phase=train event=interaction_progress trial=13 partition=0 processed=13400 total=14000 metric=ce epoch=1/1
[pipeline-trace] wall=15:43:18 elapsed=1578.195s phase=train event=interaction_progress trial=13 partition=0 processed=13500 total=14000 metric=ce epoch=1/1
[pipeline-trace] wall=15:43:20 elapsed=1580.494s phase=train event=interaction_progress trial=13 partition=0 processed=13600 total=14000 metric=ce epoch=1/1
[pipeline-trace] wall=15:43:22 elapsed=1582.740s phase=train event=interaction_progress trial=13 partition=0 processed=13700 total=14000 metric=ce epoch=1/1
[pipeline-trace] wall=15:43:25 elapsed=1585.037s phase=train event=interaction_progress trial=13 partition=0 processed=13800 total=14000 metric=ce epoch=1/1
[pipeline-trace] wall=15:43:27 elapsed=1587.338s phase=train event=interaction_progress trial=13 partition=0 processed=13900 total=14000 metric=ce epoch=1/1
[pipeline-trace] wall=15:43:29 elapsed=1589.642s phase=train event=interaction_progress trial=13 partition=0 processed=14000 total=14000 metric=ce epoch=1/1
[pipeline-trace] wall=15:43:29 elapsed=1589.857s phase=eval event=batch_start trial=13 partitions=[1] synthetic=False
[pipeline-trace] wall=15:43:29 elapsed=1589.857s phase=eval event=partition_start trial=13 partition=1 interactions=1999
[pipeline-trace] wall=15:43:29 elapsed=1589.857s phase=eval event=interaction_progress trial=13 partition=1 processed=1 total=1999 metric=ranking
[pipeline-trace] wall=15:43:32 elapsed=1591.981s phase=eval event=interaction_progress trial=13 partition=1 processed=100 total=1999 metric=ranking
[pipeline-trace] wall=15:43:34 elapsed=1594.370s phase=eval event=interaction_progress trial=13 partition=1 processed=200 total=1999 metric=ranking
[pipeline-trace] wall=15:43:36 elapsed=1596.761s phase=eval event=interaction_progress trial=13 partition=1 processed=300 total=1999 metric=ranking
[pipeline-trace] wall=15:43:39 elapsed=1599.196s phase=eval event=interaction_progress trial=13 partition=1 processed=400 total=1999 metric=ranking
[pipeline-trace] wall=15:43:41 elapsed=1601.654s phase=eval event=interaction_progress trial=13 partition=1 processed=500 total=1999 metric=ranking
[pipeline-trace] wall=15:43:44 elapsed=1604.056s phase=eval event=interaction_progress trial=13 partition=1 processed=600 total=1999 metric=ranking
[pipeline-trace] wall=15:43:46 elapsed=1606.461s phase=eval event=interaction_progress trial=13 partition=1 processed=700 total=1999 metric=ranking
[pipeline-trace] wall=15:43:48 elapsed=1608.833s phase=eval event=interaction_progress trial=13 partition=1 processed=800 total=1999 metric=ranking
[pipeline-trace] wall=15:43:51 elapsed=1611.326s phase=eval event=interaction_progress trial=13 partition=1 processed=900 total=1999 metric=ranking
[pipeline-trace] wall=15:43:53 elapsed=1613.799s phase=eval event=interaction_progress trial=13 partition=1 processed=1000 total=1999 metric=ranking
[pipeline-trace] wall=15:43:56 elapsed=1616.183s phase=eval event=interaction_progress trial=13 partition=1 processed=1100 total=1999 metric=ranking
[pipeline-trace] wall=15:43:58 elapsed=1618.532s phase=eval event=interaction_progress trial=13 partition=1 processed=1200 total=1999 metric=ranking
[pipeline-trace] wall=15:44:01 elapsed=1620.976s phase=eval event=interaction_progress trial=13 partition=1 processed=1300 total=1999 metric=ranking
[pipeline-trace] wall=15:44:03 elapsed=1623.348s phase=eval event=interaction_progress trial=13 partition=1 processed=1400 total=1999 metric=ranking
[pipeline-trace] wall=15:44:09 elapsed=1629.136s phase=eval event=interaction_progress trial=13 partition=1 processed=1500 total=1999 metric=ranking
[pipeline-trace] wall=15:44:15 elapsed=1635.413s phase=eval event=interaction_progress trial=13 partition=1 processed=1600 total=1999 metric=ranking
[pipeline-trace] wall=15:44:17 elapsed=1637.786s phase=eval event=interaction_progress trial=13 partition=1 processed=1700 total=1999 metric=ranking
[pipeline-trace] wall=15:44:20 elapsed=1640.261s phase=eval event=interaction_progress trial=13 partition=1 processed=1800 total=1999 metric=ranking
[pipeline-trace] wall=15:44:22 elapsed=1642.717s phase=eval event=interaction_progress trial=13 partition=1 processed=1900 total=1999 metric=ranking
[pipeline-trace] wall=15:44:25 elapsed=1645.139s phase=eval event=interaction_progress trial=13 partition=1 processed=1999 total=1999 metric=ranking
[pipeline-trace] wall=15:44:25 elapsed=1645.170s phase=eval event=partition_complete trial=13 partition=1 elapsed_sec=55.313 hits=1275 total=1999
[pipeline-trace] wall=15:44:25 elapsed=1645.367s phase=train event=interaction_progress trial=14 partition=0 processed=1 total=14000 metric=ce epoch=1/1
[pipeline-trace] wall=15:44:26 elapsed=1646.648s phase=train event=interaction_progress trial=14 partition=0 processed=100 total=14000 metric=ce epoch=1/1
[pipeline-trace] wall=15:44:27 elapsed=1647.878s phase=train event=interaction_progress trial=14 partition=0 processed=200 total=14000 metric=ce epoch=1/1
[pipeline-trace] wall=15:44:29 elapsed=1649.107s phase=train event=interaction_progress trial=14 partition=0 processed=300 total=14000 metric=ce epoch=1/1
[pipeline-trace] wall=15:44:30 elapsed=1650.345s phase=train event=interaction_progress trial=14 partition=0 processed=400 total=14000 metric=ce epoch=1/1
[pipeline-trace] wall=15:44:31 elapsed=1651.605s phase=train event=interaction_progress trial=14 partition=0 processed=500 total=14000 metric=ce epoch=1/1
[pipeline-trace] wall=15:44:32 elapsed=1652.843s phase=train event=interaction_progress trial=14 partition=0 processed=600 total=14000 metric=ce epoch=1/1
[pipeline-trace] wall=15:44:34 elapsed=1654.089s phase=train event=interaction_progress trial=14 partition=0 processed=700 total=14000 metric=ce epoch=1/1
[pipeline-trace] wall=15:44:35 elapsed=1655.366s phase=train event=interaction_progress trial=14 partition=0 processed=800 total=14000 metric=ce epoch=1/1
[pipeline-trace] wall=15:44:36 elapsed=1656.637s phase=train event=interaction_progress trial=14 partition=0 processed=900 total=14000 metric=ce epoch=1/1
[pipeline-trace] wall=15:44:37 elapsed=1657.881s phase=train event=interaction_progress trial=14 partition=0 processed=1000 total=14000 metric=ce epoch=1/1
[pipeline-trace] wall=15:44:39 elapsed=1659.132s phase=train event=interaction_progress trial=14 partition=0 processed=1100 total=14000 metric=ce epoch=1/1
[pipeline-trace] wall=15:44:40 elapsed=1660.384s phase=train event=interaction_progress trial=14 partition=0 processed=1200 total=14000 metric=ce epoch=1/1
[pipeline-trace] wall=15:44:41 elapsed=1661.648s phase=train event=interaction_progress trial=14 partition=0 processed=1300 total=14000 metric=ce epoch=1/1
[pipeline-trace] wall=15:44:42 elapsed=1662.894s phase=train event=interaction_progress trial=14 partition=0 processed=1400 total=14000 metric=ce epoch=1/1
[pipeline-trace] wall=15:44:44 elapsed=1664.146s phase=train event=interaction_progress trial=14 partition=0 processed=1500 total=14000 metric=ce epoch=1/1
[pipeline-trace] wall=15:44:45 elapsed=1665.394s phase=train event=interaction_progress trial=14 partition=0 processed=1600 total=14000 metric=ce epoch=1/1
[pipeline-trace] wall=15:44:46 elapsed=1666.631s phase=train event=interaction_progress trial=14 partition=0 processed=1700 total=14000 metric=ce epoch=1/1
[pipeline-trace] wall=15:44:47 elapsed=1667.861s phase=train event=interaction_progress trial=14 partition=0 processed=1800 total=14000 metric=ce epoch=1/1
[pipeline-trace] wall=15:44:49 elapsed=1669.081s phase=train event=interaction_progress trial=14 partition=0 processed=1900 total=14000 metric=ce epoch=1/1
[pipeline-trace] wall=15:44:49 elapsed=1669.487s phase=train event=interaction_progress trial=14 partition=0 processed=2000 total=14000 metric=ce epoch=1/1
[pipeline-trace] wall=15:44:49 elapsed=1669.829s phase=train event=interaction_progress trial=14 partition=0 processed=2100 total=14000 metric=ce epoch=1/1
[pipeline-trace] wall=15:44:50 elapsed=1670.301s phase=train event=interaction_progress trial=14 partition=0 processed=2200 total=14000 metric=ce epoch=1/1
[pipeline-trace] wall=15:44:51 elapsed=1671.248s phase=train event=interaction_progress trial=14 partition=0 processed=2300 total=14000 metric=ce epoch=1/1
[pipeline-trace] wall=15:44:51 elapsed=1671.562s phase=train event=interaction_progress trial=14 partition=0 processed=2400 total=14000 metric=ce epoch=1/1
[pipeline-trace] wall=15:44:51 elapsed=1671.890s phase=train event=interaction_progress trial=14 partition=0 processed=2500 total=14000 metric=ce epoch=1/1
[pipeline-trace] wall=15:44:52 elapsed=1672.255s phase=train event=interaction_progress trial=14 partition=0 processed=2600 total=14000 metric=ce epoch=1/1
[pipeline-trace] wall=15:44:52 elapsed=1672.748s phase=train event=interaction_progress trial=14 partition=0 processed=2700 total=14000 metric=ce epoch=1/1
[pipeline-trace] wall=15:44:54 elapsed=1674.010s phase=train event=interaction_progress trial=14 partition=0 processed=2800 total=14000 metric=ce epoch=1/1
[pipeline-trace] wall=15:44:55 elapsed=1675.352s phase=train event=interaction_progress trial=14 partition=0 processed=2900 total=14000 metric=ce epoch=1/1
[pipeline-trace] wall=15:44:56 elapsed=1676.595s phase=train event=interaction_progress trial=14 partition=0 processed=3000 total=14000 metric=ce epoch=1/1
[pipeline-trace] wall=15:44:57 elapsed=1677.849s phase=train event=interaction_progress trial=14 partition=0 processed=3100 total=14000 metric=ce epoch=1/1
[pipeline-trace] wall=15:44:59 elapsed=1679.119s phase=train event=interaction_progress trial=14 partition=0 processed=3200 total=14000 metric=ce epoch=1/1
[pipeline-trace] wall=15:45:00 elapsed=1680.401s phase=train event=interaction_progress trial=14 partition=0 processed=3300 total=14000 metric=ce epoch=1/1
[pipeline-trace] wall=15:45:01 elapsed=1681.675s phase=train event=interaction_progress trial=14 partition=0 processed=3400 total=14000 metric=ce epoch=1/1
[pipeline-trace] wall=15:45:02 elapsed=1682.935s phase=train event=interaction_progress trial=14 partition=0 processed=3500 total=14000 metric=ce epoch=1/1
[pipeline-trace] wall=15:45:04 elapsed=1684.186s phase=train event=interaction_progress trial=14 partition=0 processed=3600 total=14000 metric=ce epoch=1/1
[pipeline-trace] wall=15:45:05 elapsed=1685.441s phase=train event=interaction_progress trial=14 partition=0 processed=3700 total=14000 metric=ce epoch=1/1
[pipeline-trace] wall=15:45:06 elapsed=1686.695s phase=train event=interaction_progress trial=14 partition=0 processed=3800 total=14000 metric=ce epoch=1/1
[pipeline-trace] wall=15:45:07 elapsed=1687.945s phase=train event=interaction_progress trial=14 partition=0 processed=3900 total=14000 metric=ce epoch=1/1
[pipeline-trace] wall=15:45:09 elapsed=1689.214s phase=train event=interaction_progress trial=14 partition=0 processed=4000 total=14000 metric=ce epoch=1/1
[pipeline-trace] wall=15:45:10 elapsed=1690.467s phase=train event=interaction_progress trial=14 partition=0 processed=4100 total=14000 metric=ce epoch=1/1
[pipeline-trace] wall=15:45:11 elapsed=1691.723s phase=train event=interaction_progress trial=14 partition=0 processed=4200 total=14000 metric=ce epoch=1/1
[pipeline-trace] wall=15:45:13 elapsed=1692.972s phase=train event=interaction_progress trial=14 partition=0 processed=4300 total=14000 metric=ce epoch=1/1
[pipeline-trace] wall=15:45:15 elapsed=1695.380s phase=train event=interaction_progress trial=14 partition=0 processed=4400 total=14000 metric=ce epoch=1/1
[pipeline-trace] wall=15:45:16 elapsed=1696.687s phase=train event=interaction_progress trial=14 partition=0 processed=4500 total=14000 metric=ce epoch=1/1
[pipeline-trace] wall=15:45:18 elapsed=1698.230s phase=train event=interaction_progress trial=14 partition=0 processed=4600 total=14000 metric=ce epoch=1/1
[pipeline-trace] wall=15:45:19 elapsed=1699.599s phase=train event=interaction_progress trial=14 partition=0 processed=4700 total=14000 metric=ce epoch=1/1
[pipeline-trace] wall=15:45:20 elapsed=1700.867s phase=train event=interaction_progress trial=14 partition=0 processed=4800 total=14000 metric=ce epoch=1/1
[pipeline-trace] wall=15:45:22 elapsed=1702.133s phase=train event=interaction_progress trial=14 partition=0 processed=4900 total=14000 metric=ce epoch=1/1
[pipeline-trace] wall=15:45:23 elapsed=1703.390s phase=train event=interaction_progress trial=14 partition=0 processed=5000 total=14000 metric=ce epoch=1/1
[pipeline-trace] wall=15:45:24 elapsed=1704.631s phase=train event=interaction_progress trial=14 partition=0 processed=5100 total=14000 metric=ce epoch=1/1
[pipeline-trace] wall=15:45:25 elapsed=1705.875s phase=train event=interaction_progress trial=14 partition=0 processed=5200 total=14000 metric=ce epoch=1/1
[pipeline-trace] wall=15:45:27 elapsed=1707.113s phase=train event=interaction_progress trial=14 partition=0 processed=5300 total=14000 metric=ce epoch=1/1
[pipeline-trace] wall=15:45:28 elapsed=1708.336s phase=train event=interaction_progress trial=14 partition=0 processed=5400 total=14000 metric=ce epoch=1/1
[pipeline-trace] wall=15:45:29 elapsed=1709.577s phase=train event=interaction_progress trial=14 partition=0 processed=5500 total=14000 metric=ce epoch=1/1
[pipeline-trace] wall=15:45:30 elapsed=1710.813s phase=train event=interaction_progress trial=14 partition=0 processed=5600 total=14000 metric=ce epoch=1/1
[pipeline-trace] wall=15:45:32 elapsed=1712.069s phase=train event=interaction_progress trial=14 partition=0 processed=5700 total=14000 metric=ce epoch=1/1
[pipeline-trace] wall=15:45:33 elapsed=1713.308s phase=train event=interaction_progress trial=14 partition=0 processed=5800 total=14000 metric=ce epoch=1/1
[pipeline-trace] wall=15:45:34 elapsed=1714.539s phase=train event=interaction_progress trial=14 partition=0 processed=5900 total=14000 metric=ce epoch=1/1
[pipeline-trace] wall=15:45:35 elapsed=1715.780s phase=train event=interaction_progress trial=14 partition=0 processed=6000 total=14000 metric=ce epoch=1/1
[pipeline-trace] wall=15:45:37 elapsed=1717.028s phase=train event=interaction_progress trial=14 partition=0 processed=6100 total=14000 metric=ce epoch=1/1
[pipeline-trace] wall=15:45:38 elapsed=1718.269s phase=train event=interaction_progress trial=14 partition=0 processed=6200 total=14000 metric=ce epoch=1/1
[pipeline-trace] wall=15:45:39 elapsed=1719.563s phase=train event=interaction_progress trial=14 partition=0 processed=6300 total=14000 metric=ce epoch=1/1
[pipeline-trace] wall=15:45:40 elapsed=1720.814s phase=train event=interaction_progress trial=14 partition=0 processed=6400 total=14000 metric=ce epoch=1/1
[pipeline-trace] wall=15:45:42 elapsed=1722.051s phase=train event=interaction_progress trial=14 partition=0 processed=6500 total=14000 metric=ce epoch=1/1
[pipeline-trace] wall=15:45:43 elapsed=1723.278s phase=train event=interaction_progress trial=14 partition=0 processed=6600 total=14000 metric=ce epoch=1/1
[pipeline-trace] wall=15:45:44 elapsed=1724.498s phase=train event=interaction_progress trial=14 partition=0 processed=6700 total=14000 metric=ce epoch=1/1
[pipeline-trace] wall=15:45:45 elapsed=1725.746s phase=train event=interaction_progress trial=14 partition=0 processed=6800 total=14000 metric=ce epoch=1/1
[pipeline-trace] wall=15:45:47 elapsed=1726.988s phase=train event=interaction_progress trial=14 partition=0 processed=6900 total=14000 metric=ce epoch=1/1
[pipeline-trace] wall=15:45:48 elapsed=1728.230s phase=train event=interaction_progress trial=14 partition=0 processed=7000 total=14000 metric=ce epoch=1/1
[pipeline-trace] wall=15:45:49 elapsed=1729.473s phase=train event=interaction_progress trial=14 partition=0 processed=7100 total=14000 metric=ce epoch=1/1
[pipeline-trace] wall=15:45:50 elapsed=1730.723s phase=train event=interaction_progress trial=14 partition=0 processed=7200 total=14000 metric=ce epoch=1/1
[pipeline-trace] wall=15:45:52 elapsed=1731.971s phase=train event=interaction_progress trial=14 partition=0 processed=7300 total=14000 metric=ce epoch=1/1
[pipeline-trace] wall=15:45:53 elapsed=1733.204s phase=train event=interaction_progress trial=14 partition=0 processed=7400 total=14000 metric=ce epoch=1/1
[pipeline-trace] wall=15:45:54 elapsed=1734.456s phase=train event=interaction_progress trial=14 partition=0 processed=7500 total=14000 metric=ce epoch=1/1
[pipeline-trace] wall=15:45:55 elapsed=1735.689s phase=train event=interaction_progress trial=14 partition=0 processed=7600 total=14000 metric=ce epoch=1/1
[pipeline-trace] wall=15:45:56 elapsed=1736.922s phase=train event=interaction_progress trial=14 partition=0 processed=7700 total=14000 metric=ce epoch=1/1
[pipeline-trace] wall=15:45:58 elapsed=1738.163s phase=train event=interaction_progress trial=14 partition=0 processed=7800 total=14000 metric=ce epoch=1/1
[pipeline-trace] wall=15:45:59 elapsed=1739.405s phase=train event=interaction_progress trial=14 partition=0 processed=7900 total=14000 metric=ce epoch=1/1
[pipeline-trace] wall=15:46:00 elapsed=1740.685s phase=train event=interaction_progress trial=14 partition=0 processed=8000 total=14000 metric=ce epoch=1/1
[pipeline-trace] wall=15:46:01 elapsed=1741.929s phase=train event=interaction_progress trial=14 partition=0 processed=8100 total=14000 metric=ce epoch=1/1
[pipeline-trace] wall=15:46:03 elapsed=1743.151s phase=train event=interaction_progress trial=14 partition=0 processed=8200 total=14000 metric=ce epoch=1/1
[pipeline-trace] wall=15:46:04 elapsed=1744.519s phase=train event=interaction_progress trial=14 partition=0 processed=8300 total=14000 metric=ce epoch=1/1
[pipeline-trace] wall=15:46:05 elapsed=1745.790s phase=train event=interaction_progress trial=14 partition=0 processed=8400 total=14000 metric=ce epoch=1/1
[pipeline-trace] wall=15:46:07 elapsed=1747.050s phase=train event=interaction_progress trial=14 partition=0 processed=8500 total=14000 metric=ce epoch=1/1
[pipeline-trace] wall=15:46:08 elapsed=1748.309s phase=train event=interaction_progress trial=14 partition=0 processed=8600 total=14000 metric=ce epoch=1/1
[pipeline-trace] wall=15:46:09 elapsed=1749.577s phase=train event=interaction_progress trial=14 partition=0 processed=8700 total=14000 metric=ce epoch=1/1
[pipeline-trace] wall=15:46:10 elapsed=1750.840s phase=train event=interaction_progress trial=14 partition=0 processed=8800 total=14000 metric=ce epoch=1/1
[pipeline-trace] wall=15:46:12 elapsed=1752.106s phase=train event=interaction_progress trial=14 partition=0 processed=8900 total=14000 metric=ce epoch=1/1
[pipeline-trace] wall=15:46:13 elapsed=1753.346s phase=train event=interaction_progress trial=14 partition=0 processed=9000 total=14000 metric=ce epoch=1/1
[pipeline-trace] wall=15:46:14 elapsed=1754.589s phase=train event=interaction_progress trial=14 partition=0 processed=9100 total=14000 metric=ce epoch=1/1
[pipeline-trace] wall=15:46:15 elapsed=1755.839s phase=train event=interaction_progress trial=14 partition=0 processed=9200 total=14000 metric=ce epoch=1/1
[pipeline-trace] wall=15:46:17 elapsed=1757.115s phase=train event=interaction_progress trial=14 partition=0 processed=9300 total=14000 metric=ce epoch=1/1
[pipeline-trace] wall=15:46:18 elapsed=1758.350s phase=train event=interaction_progress trial=14 partition=0 processed=9400 total=14000 metric=ce epoch=1/1
[pipeline-trace] wall=15:46:21 elapsed=1761.499s phase=train event=interaction_progress trial=14 partition=0 processed=9500 total=14000 metric=ce epoch=1/1
[pipeline-trace] wall=15:46:25 elapsed=1765.017s phase=train event=interaction_progress trial=14 partition=0 processed=9600 total=14000 metric=ce epoch=1/1
[pipeline-trace] wall=15:46:26 elapsed=1766.750s phase=train event=interaction_progress trial=14 partition=0 processed=9700 total=14000 metric=ce epoch=1/1
[pipeline-trace] wall=15:46:28 elapsed=1768.039s phase=train event=interaction_progress trial=14 partition=0 processed=9800 total=14000 metric=ce epoch=1/1
[pipeline-trace] wall=15:46:29 elapsed=1769.302s phase=train event=interaction_progress trial=14 partition=0 processed=9900 total=14000 metric=ce epoch=1/1
[pipeline-trace] wall=15:46:30 elapsed=1770.613s phase=train event=interaction_progress trial=14 partition=0 processed=10000 total=14000 metric=ce epoch=1/1
[pipeline-trace] wall=15:46:31 elapsed=1771.840s phase=train event=interaction_progress trial=14 partition=0 processed=10100 total=14000 metric=ce epoch=1/1
[pipeline-trace] wall=15:46:33 elapsed=1773.086s phase=train event=interaction_progress trial=14 partition=0 processed=10200 total=14000 metric=ce epoch=1/1
[pipeline-trace] wall=15:46:34 elapsed=1774.324s phase=train event=interaction_progress trial=14 partition=0 processed=10300 total=14000 metric=ce epoch=1/1
[pipeline-trace] wall=15:46:35 elapsed=1775.551s phase=train event=interaction_progress trial=14 partition=0 processed=10400 total=14000 metric=ce epoch=1/1
[pipeline-trace] wall=15:46:36 elapsed=1776.774s phase=train event=interaction_progress trial=14 partition=0 processed=10500 total=14000 metric=ce epoch=1/1
[pipeline-trace] wall=15:46:38 elapsed=1778.017s phase=train event=interaction_progress trial=14 partition=0 processed=10600 total=14000 metric=ce epoch=1/1
[pipeline-trace] wall=15:46:39 elapsed=1779.251s phase=train event=interaction_progress trial=14 partition=0 processed=10700 total=14000 metric=ce epoch=1/1
[pipeline-trace] wall=15:46:40 elapsed=1780.482s phase=train event=interaction_progress trial=14 partition=0 processed=10800 total=14000 metric=ce epoch=1/1
[pipeline-trace] wall=15:46:41 elapsed=1781.744s phase=train event=interaction_progress trial=14 partition=0 processed=10900 total=14000 metric=ce epoch=1/1
[pipeline-trace] wall=15:46:43 elapsed=1782.986s phase=train event=interaction_progress trial=14 partition=0 processed=11000 total=14000 metric=ce epoch=1/1
[pipeline-trace] wall=15:46:44 elapsed=1784.245s phase=train event=interaction_progress trial=14 partition=0 processed=11100 total=14000 metric=ce epoch=1/1
[pipeline-trace] wall=15:46:45 elapsed=1785.484s phase=train event=interaction_progress trial=14 partition=0 processed=11200 total=14000 metric=ce epoch=1/1
[pipeline-trace] wall=15:46:46 elapsed=1786.735s phase=train event=interaction_progress trial=14 partition=0 processed=11300 total=14000 metric=ce epoch=1/1
[pipeline-trace] wall=15:46:47 elapsed=1787.951s phase=train event=interaction_progress trial=14 partition=0 processed=11400 total=14000 metric=ce epoch=1/1
[pipeline-trace] wall=15:46:49 elapsed=1789.111s phase=train event=interaction_progress trial=14 partition=0 processed=11500 total=14000 metric=ce epoch=1/1
[pipeline-trace] wall=15:46:50 elapsed=1790.334s phase=train event=interaction_progress trial=14 partition=0 processed=11600 total=14000 metric=ce epoch=1/1
[pipeline-trace] wall=15:46:51 elapsed=1791.591s phase=train event=interaction_progress trial=14 partition=0 processed=11700 total=14000 metric=ce epoch=1/1
[pipeline-trace] wall=15:46:52 elapsed=1792.832s phase=train event=interaction_progress trial=14 partition=0 processed=11800 total=14000 metric=ce epoch=1/1
[pipeline-trace] wall=15:46:54 elapsed=1794.094s phase=train event=interaction_progress trial=14 partition=0 processed=11900 total=14000 metric=ce epoch=1/1
[pipeline-trace] wall=15:46:55 elapsed=1795.342s phase=train event=interaction_progress trial=14 partition=0 processed=12000 total=14000 metric=ce epoch=1/1
[pipeline-trace] wall=15:46:56 elapsed=1796.564s phase=train event=interaction_progress trial=14 partition=0 processed=12100 total=14000 metric=ce epoch=1/1
[pipeline-trace] wall=15:46:57 elapsed=1797.781s phase=train event=interaction_progress trial=14 partition=0 processed=12200 total=14000 metric=ce epoch=1/1
[pipeline-trace] wall=15:46:59 elapsed=1799.022s phase=train event=interaction_progress trial=14 partition=0 processed=12300 total=14000 metric=ce epoch=1/1
[pipeline-trace] wall=15:47:00 elapsed=1800.253s phase=train event=interaction_progress trial=14 partition=0 processed=12400 total=14000 metric=ce epoch=1/1
[pipeline-trace] wall=15:47:01 elapsed=1801.473s phase=train event=interaction_progress trial=14 partition=0 processed=12500 total=14000 metric=ce epoch=1/1
[pipeline-trace] wall=15:47:02 elapsed=1802.709s phase=train event=interaction_progress trial=14 partition=0 processed=12600 total=14000 metric=ce epoch=1/1
[pipeline-trace] wall=15:47:04 elapsed=1803.969s phase=train event=interaction_progress trial=14 partition=0 processed=12700 total=14000 metric=ce epoch=1/1
[pipeline-trace] wall=15:47:05 elapsed=1805.231s phase=train event=interaction_progress trial=14 partition=0 processed=12800 total=14000 metric=ce epoch=1/1
[pipeline-trace] wall=15:47:06 elapsed=1806.489s phase=train event=interaction_progress trial=14 partition=0 processed=12900 total=14000 metric=ce epoch=1/1
[pipeline-trace] wall=15:47:07 elapsed=1807.737s phase=train event=interaction_progress trial=14 partition=0 processed=13000 total=14000 metric=ce epoch=1/1
[pipeline-trace] wall=15:47:09 elapsed=1808.989s phase=train event=interaction_progress trial=14 partition=0 processed=13100 total=14000 metric=ce epoch=1/1
[pipeline-trace] wall=15:47:10 elapsed=1810.254s phase=train event=interaction_progress trial=14 partition=0 processed=13200 total=14000 metric=ce epoch=1/1
[pipeline-trace] wall=15:47:11 elapsed=1811.536s phase=train event=interaction_progress trial=14 partition=0 processed=13300 total=14000 metric=ce epoch=1/1
[pipeline-trace] wall=15:47:12 elapsed=1812.873s phase=train event=interaction_progress trial=14 partition=0 processed=13400 total=14000 metric=ce epoch=1/1
[pipeline-trace] wall=15:47:14 elapsed=1814.102s phase=train event=interaction_progress trial=14 partition=0 processed=13500 total=14000 metric=ce epoch=1/1
[pipeline-trace] wall=15:47:15 elapsed=1815.338s phase=train event=interaction_progress trial=14 partition=0 processed=13600 total=14000 metric=ce epoch=1/1
[pipeline-trace] wall=15:47:16 elapsed=1816.587s phase=train event=interaction_progress trial=14 partition=0 processed=13700 total=14000 metric=ce epoch=1/1
[pipeline-trace] wall=15:47:17 elapsed=1817.805s phase=train event=interaction_progress trial=14 partition=0 processed=13800 total=14000 metric=ce epoch=1/1
[pipeline-trace] wall=15:47:19 elapsed=1819.023s phase=train event=interaction_progress trial=14 partition=0 processed=13900 total=14000 metric=ce epoch=1/1
[pipeline-trace] wall=15:47:20 elapsed=1820.253s phase=train event=interaction_progress trial=14 partition=0 processed=14000 total=14000 metric=ce epoch=1/1
[pipeline-trace] wall=15:47:20 elapsed=1820.518s phase=eval event=batch_start trial=14 partitions=[1] synthetic=False
[pipeline-trace] wall=15:47:20 elapsed=1820.518s phase=eval event=partition_start trial=14 partition=1 interactions=1999
[pipeline-trace] wall=15:47:20 elapsed=1820.518s phase=eval event=interaction_progress trial=14 partition=1 processed=1 total=1999 metric=ranking
[pipeline-trace] wall=15:47:21 elapsed=1821.941s phase=eval event=interaction_progress trial=14 partition=1 processed=100 total=1999 metric=ranking
[pipeline-trace] wall=15:47:23 elapsed=1823.333s phase=eval event=interaction_progress trial=14 partition=1 processed=200 total=1999 metric=ranking
[pipeline-trace] wall=15:47:24 elapsed=1824.645s phase=eval event=interaction_progress trial=14 partition=1 processed=300 total=1999 metric=ranking
[pipeline-trace] wall=15:47:27 elapsed=1827.658s phase=eval event=interaction_progress trial=14 partition=1 processed=400 total=1999 metric=ranking
[pipeline-trace] wall=15:47:32 elapsed=1832.240s phase=eval event=interaction_progress trial=14 partition=1 processed=500 total=1999 metric=ranking
[pipeline-trace] wall=15:47:33 elapsed=1833.514s phase=eval event=interaction_progress trial=14 partition=1 processed=600 total=1999 metric=ranking
[pipeline-trace] wall=15:47:34 elapsed=1834.773s phase=eval event=interaction_progress trial=14 partition=1 processed=700 total=1999 metric=ranking
[pipeline-trace] wall=15:47:36 elapsed=1836.075s phase=eval event=interaction_progress trial=14 partition=1 processed=800 total=1999 metric=ranking
[pipeline-trace] wall=15:47:37 elapsed=1837.382s phase=eval event=interaction_progress trial=14 partition=1 processed=900 total=1999 metric=ranking
[pipeline-trace] wall=15:47:38 elapsed=1838.775s phase=eval event=interaction_progress trial=14 partition=1 processed=1000 total=1999 metric=ranking
[pipeline-trace] wall=15:47:40 elapsed=1840.186s phase=eval event=interaction_progress trial=14 partition=1 processed=1100 total=1999 metric=ranking
[pipeline-trace] wall=15:47:41 elapsed=1841.604s phase=eval event=interaction_progress trial=14 partition=1 processed=1200 total=1999 metric=ranking
[pipeline-trace] wall=15:47:43 elapsed=1842.978s phase=eval event=interaction_progress trial=14 partition=1 processed=1300 total=1999 metric=ranking
[pipeline-trace] wall=15:47:44 elapsed=1844.325s phase=eval event=interaction_progress trial=14 partition=1 processed=1400 total=1999 metric=ranking
[pipeline-trace] wall=15:47:45 elapsed=1845.703s phase=eval event=interaction_progress trial=14 partition=1 processed=1500 total=1999 metric=ranking
[pipeline-trace] wall=15:47:47 elapsed=1847.125s phase=eval event=interaction_progress trial=14 partition=1 processed=1600 total=1999 metric=ranking
[pipeline-trace] wall=15:47:48 elapsed=1848.525s phase=eval event=interaction_progress trial=14 partition=1 processed=1700 total=1999 metric=ranking
[pipeline-trace] wall=15:47:49 elapsed=1849.910s phase=eval event=interaction_progress trial=14 partition=1 processed=1800 total=1999 metric=ranking
[pipeline-trace] wall=15:47:51 elapsed=1851.278s phase=eval event=interaction_progress trial=14 partition=1 processed=1900 total=1999 metric=ranking
[pipeline-trace] wall=15:47:52 elapsed=1852.643s phase=eval event=interaction_progress trial=14 partition=1 processed=1999 total=1999 metric=ranking
[pipeline-trace] wall=15:47:52 elapsed=1852.661s phase=eval event=partition_complete trial=14 partition=1 elapsed_sec=32.143 hits=1430 total=1999
[pipeline-trace] wall=15:47:52 elapsed=1852.890s phase=train event=interaction_progress trial=15 partition=0 processed=1 total=14000 metric=ce epoch=1/1
[pipeline-trace] wall=15:47:54 elapsed=1854.141s phase=train event=interaction_progress trial=15 partition=0 processed=100 total=14000 metric=ce epoch=1/1
[pipeline-trace] wall=15:47:55 elapsed=1855.070s phase=train event=interaction_progress trial=15 partition=0 processed=200 total=14000 metric=ce epoch=1/1
[pipeline-trace] wall=15:47:55 elapsed=1855.388s phase=train event=interaction_progress trial=15 partition=0 processed=300 total=14000 metric=ce epoch=1/1
[pipeline-trace] wall=15:47:55 elapsed=1855.732s phase=train event=interaction_progress trial=15 partition=0 processed=400 total=14000 metric=ce epoch=1/1
[pipeline-trace] wall=15:47:56 elapsed=1856.295s phase=train event=interaction_progress trial=15 partition=0 processed=500 total=14000 metric=ce epoch=1/1
[pipeline-trace] wall=15:47:57 elapsed=1857.232s phase=train event=interaction_progress trial=15 partition=0 processed=600 total=14000 metric=ce epoch=1/1
[pipeline-trace] wall=15:47:57 elapsed=1857.586s phase=train event=interaction_progress trial=15 partition=0 processed=700 total=14000 metric=ce epoch=1/1
[pipeline-trace] wall=15:47:58 elapsed=1858.017s phase=train event=interaction_progress trial=15 partition=0 processed=800 total=14000 metric=ce epoch=1/1
[pipeline-trace] wall=15:47:58 elapsed=1858.716s phase=train event=interaction_progress trial=15 partition=0 processed=900 total=14000 metric=ce epoch=1/1
[pipeline-trace] wall=15:47:59 elapsed=1859.960s phase=train event=interaction_progress trial=15 partition=0 processed=1000 total=14000 metric=ce epoch=1/1
[pipeline-trace] wall=15:48:01 elapsed=1861.191s phase=train event=interaction_progress trial=15 partition=0 processed=1100 total=14000 metric=ce epoch=1/1
[pipeline-trace] wall=15:48:02 elapsed=1862.434s phase=train event=interaction_progress trial=15 partition=0 processed=1200 total=14000 metric=ce epoch=1/1
[pipeline-trace] wall=15:48:03 elapsed=1863.677s phase=train event=interaction_progress trial=15 partition=0 processed=1300 total=14000 metric=ce epoch=1/1
[pipeline-trace] wall=15:48:04 elapsed=1864.937s phase=train event=interaction_progress trial=15 partition=0 processed=1400 total=14000 metric=ce epoch=1/1
[pipeline-trace] wall=15:48:06 elapsed=1866.211s phase=train event=interaction_progress trial=15 partition=0 processed=1500 total=14000 metric=ce epoch=1/1
[pipeline-trace] wall=15:48:07 elapsed=1867.478s phase=train event=interaction_progress trial=15 partition=0 processed=1600 total=14000 metric=ce epoch=1/1
[pipeline-trace] wall=15:48:08 elapsed=1868.738s phase=train event=interaction_progress trial=15 partition=0 processed=1700 total=14000 metric=ce epoch=1/1
[pipeline-trace] wall=15:48:10 elapsed=1870.022s phase=train event=interaction_progress trial=15 partition=0 processed=1800 total=14000 metric=ce epoch=1/1
[pipeline-trace] wall=15:48:11 elapsed=1871.306s phase=train event=interaction_progress trial=15 partition=0 processed=1900 total=14000 metric=ce epoch=1/1
[pipeline-trace] wall=15:48:12 elapsed=1872.560s phase=train event=interaction_progress trial=15 partition=0 processed=2000 total=14000 metric=ce epoch=1/1
[pipeline-trace] wall=15:48:13 elapsed=1873.820s phase=train event=interaction_progress trial=15 partition=0 processed=2100 total=14000 metric=ce epoch=1/1
[pipeline-trace] wall=15:48:15 elapsed=1875.079s phase=train event=interaction_progress trial=15 partition=0 processed=2200 total=14000 metric=ce epoch=1/1
[pipeline-trace] wall=15:48:16 elapsed=1876.420s phase=train event=interaction_progress trial=15 partition=0 processed=2300 total=14000 metric=ce epoch=1/1
[pipeline-trace] wall=15:48:17 elapsed=1877.725s phase=train event=interaction_progress trial=15 partition=0 processed=2400 total=14000 metric=ce epoch=1/1
[pipeline-trace] wall=15:48:19 elapsed=1879.037s phase=train event=interaction_progress trial=15 partition=0 processed=2500 total=14000 metric=ce epoch=1/1
[pipeline-trace] wall=15:48:20 elapsed=1880.325s phase=train event=interaction_progress trial=15 partition=0 processed=2600 total=14000 metric=ce epoch=1/1
[pipeline-trace] wall=15:48:21 elapsed=1881.584s phase=train event=interaction_progress trial=15 partition=0 processed=2700 total=14000 metric=ce epoch=1/1
[pipeline-trace] wall=15:48:22 elapsed=1882.844s phase=train event=interaction_progress trial=15 partition=0 processed=2800 total=14000 metric=ce epoch=1/1
[pipeline-trace] wall=15:48:24 elapsed=1884.094s phase=train event=interaction_progress trial=15 partition=0 processed=2900 total=14000 metric=ce epoch=1/1
[pipeline-trace] wall=15:48:25 elapsed=1885.322s phase=train event=interaction_progress trial=15 partition=0 processed=3000 total=14000 metric=ce epoch=1/1
[pipeline-trace] wall=15:48:26 elapsed=1886.523s phase=train event=interaction_progress trial=15 partition=0 processed=3100 total=14000 metric=ce epoch=1/1
[pipeline-trace] wall=15:48:27 elapsed=1887.847s phase=train event=interaction_progress trial=15 partition=0 processed=3200 total=14000 metric=ce epoch=1/1
[pipeline-trace] wall=15:48:29 elapsed=1889.095s phase=train event=interaction_progress trial=15 partition=0 processed=3300 total=14000 metric=ce epoch=1/1
[pipeline-trace] wall=15:48:30 elapsed=1890.499s phase=train event=interaction_progress trial=15 partition=0 processed=3400 total=14000 metric=ce epoch=1/1
[pipeline-trace] wall=15:48:32 elapsed=1892.016s phase=train event=interaction_progress trial=15 partition=0 processed=3500 total=14000 metric=ce epoch=1/1
[pipeline-trace] wall=15:48:33 elapsed=1893.778s phase=train event=interaction_progress trial=15 partition=0 processed=3600 total=14000 metric=ce epoch=1/1
[pipeline-trace] wall=15:48:35 elapsed=1895.314s phase=train event=interaction_progress trial=15 partition=0 processed=3700 total=14000 metric=ce epoch=1/1
[pipeline-trace] wall=15:48:36 elapsed=1896.777s phase=train event=interaction_progress trial=15 partition=0 processed=3800 total=14000 metric=ce epoch=1/1
[pipeline-trace] wall=15:48:38 elapsed=1898.114s phase=train event=interaction_progress trial=15 partition=0 processed=3900 total=14000 metric=ce epoch=1/1
[pipeline-trace] wall=15:48:39 elapsed=1899.367s phase=train event=interaction_progress trial=15 partition=0 processed=4000 total=14000 metric=ce epoch=1/1
[pipeline-trace] wall=15:48:40 elapsed=1900.660s phase=train event=interaction_progress trial=15 partition=0 processed=4100 total=14000 metric=ce epoch=1/1
[pipeline-trace] wall=15:48:41 elapsed=1901.935s phase=train event=interaction_progress trial=15 partition=0 processed=4200 total=14000 metric=ce epoch=1/1
[pipeline-trace] wall=15:48:43 elapsed=1903.199s phase=train event=interaction_progress trial=15 partition=0 processed=4300 total=14000 metric=ce epoch=1/1
[pipeline-trace] wall=15:48:44 elapsed=1904.447s phase=train event=interaction_progress trial=15 partition=0 processed=4400 total=14000 metric=ce epoch=1/1
[pipeline-trace] wall=15:48:45 elapsed=1905.708s phase=train event=interaction_progress trial=15 partition=0 processed=4500 total=14000 metric=ce epoch=1/1
[pipeline-trace] wall=15:48:46 elapsed=1906.934s phase=train event=interaction_progress trial=15 partition=0 processed=4600 total=14000 metric=ce epoch=1/1
[pipeline-trace] wall=15:48:48 elapsed=1908.184s phase=train event=interaction_progress trial=15 partition=0 processed=4700 total=14000 metric=ce epoch=1/1
[pipeline-trace] wall=15:48:49 elapsed=1909.437s phase=train event=interaction_progress trial=15 partition=0 processed=4800 total=14000 metric=ce epoch=1/1
[pipeline-trace] wall=15:48:50 elapsed=1910.680s phase=train event=interaction_progress trial=15 partition=0 processed=4900 total=14000 metric=ce epoch=1/1
[pipeline-trace] wall=15:48:51 elapsed=1911.958s phase=train event=interaction_progress trial=15 partition=0 processed=5000 total=14000 metric=ce epoch=1/1
[pipeline-trace] wall=15:48:53 elapsed=1913.259s phase=train event=interaction_progress trial=15 partition=0 processed=5100 total=14000 metric=ce epoch=1/1
[pipeline-trace] wall=15:48:54 elapsed=1914.546s phase=train event=interaction_progress trial=15 partition=0 processed=5200 total=14000 metric=ce epoch=1/1
[pipeline-trace] wall=15:48:55 elapsed=1915.816s phase=train event=interaction_progress trial=15 partition=0 processed=5300 total=14000 metric=ce epoch=1/1
[pipeline-trace] wall=15:48:57 elapsed=1917.067s phase=train event=interaction_progress trial=15 partition=0 processed=5400 total=14000 metric=ce epoch=1/1
[pipeline-trace] wall=15:48:58 elapsed=1918.322s phase=train event=interaction_progress trial=15 partition=0 processed=5500 total=14000 metric=ce epoch=1/1
[pipeline-trace] wall=15:48:59 elapsed=1919.557s phase=train event=interaction_progress trial=15 partition=0 processed=5600 total=14000 metric=ce epoch=1/1
[pipeline-trace] wall=15:49:00 elapsed=1920.770s phase=train event=interaction_progress trial=15 partition=0 processed=5700 total=14000 metric=ce epoch=1/1
[pipeline-trace] wall=15:49:02 elapsed=1922.000s phase=train event=interaction_progress trial=15 partition=0 processed=5800 total=14000 metric=ce epoch=1/1
[pipeline-trace] wall=15:49:03 elapsed=1923.287s phase=train event=interaction_progress trial=15 partition=0 processed=5900 total=14000 metric=ce epoch=1/1
[pipeline-trace] wall=15:49:04 elapsed=1924.557s phase=train event=interaction_progress trial=15 partition=0 processed=6000 total=14000 metric=ce epoch=1/1
[pipeline-trace] wall=15:49:05 elapsed=1925.839s phase=train event=interaction_progress trial=15 partition=0 processed=6100 total=14000 metric=ce epoch=1/1
[pipeline-trace] wall=15:49:07 elapsed=1927.100s phase=train event=interaction_progress trial=15 partition=0 processed=6200 total=14000 metric=ce epoch=1/1
[pipeline-trace] wall=15:49:08 elapsed=1928.363s phase=train event=interaction_progress trial=15 partition=0 processed=6300 total=14000 metric=ce epoch=1/1
[pipeline-trace] wall=15:49:09 elapsed=1929.641s phase=train event=interaction_progress trial=15 partition=0 processed=6400 total=14000 metric=ce epoch=1/1
[pipeline-trace] wall=15:49:10 elapsed=1930.930s phase=train event=interaction_progress trial=15 partition=0 processed=6500 total=14000 metric=ce epoch=1/1
[pipeline-trace] wall=15:49:12 elapsed=1932.201s phase=train event=interaction_progress trial=15 partition=0 processed=6600 total=14000 metric=ce epoch=1/1
[pipeline-trace] wall=15:49:13 elapsed=1933.491s phase=train event=interaction_progress trial=15 partition=0 processed=6700 total=14000 metric=ce epoch=1/1
[pipeline-trace] wall=15:49:14 elapsed=1934.776s phase=train event=interaction_progress trial=15 partition=0 processed=6800 total=14000 metric=ce epoch=1/1
[pipeline-trace] wall=15:49:16 elapsed=1936.031s phase=train event=interaction_progress trial=15 partition=0 processed=6900 total=14000 metric=ce epoch=1/1
[pipeline-trace] wall=15:49:17 elapsed=1937.295s phase=train event=interaction_progress trial=15 partition=0 processed=7000 total=14000 metric=ce epoch=1/1
[pipeline-trace] wall=15:49:18 elapsed=1938.575s phase=train event=interaction_progress trial=15 partition=0 processed=7100 total=14000 metric=ce epoch=1/1
[pipeline-trace] wall=15:49:19 elapsed=1939.814s phase=train event=interaction_progress trial=15 partition=0 processed=7200 total=14000 metric=ce epoch=1/1
[pipeline-trace] wall=15:49:21 elapsed=1941.064s phase=train event=interaction_progress trial=15 partition=0 processed=7300 total=14000 metric=ce epoch=1/1
[pipeline-trace] wall=15:49:22 elapsed=1942.354s phase=train event=interaction_progress trial=15 partition=0 processed=7400 total=14000 metric=ce epoch=1/1
[pipeline-trace] wall=15:49:23 elapsed=1943.628s phase=train event=interaction_progress trial=15 partition=0 processed=7500 total=14000 metric=ce epoch=1/1
[pipeline-trace] wall=15:49:24 elapsed=1944.931s phase=train event=interaction_progress trial=15 partition=0 processed=7600 total=14000 metric=ce epoch=1/1
[pipeline-trace] wall=15:49:26 elapsed=1946.204s phase=train event=interaction_progress trial=15 partition=0 processed=7700 total=14000 metric=ce epoch=1/1
[pipeline-trace] wall=15:49:27 elapsed=1947.478s phase=train event=interaction_progress trial=15 partition=0 processed=7800 total=14000 metric=ce epoch=1/1
[pipeline-trace] wall=15:49:28 elapsed=1948.750s phase=train event=interaction_progress trial=15 partition=0 processed=7900 total=14000 metric=ce epoch=1/1
[pipeline-trace] wall=15:49:30 elapsed=1950.009s phase=train event=interaction_progress trial=15 partition=0 processed=8000 total=14000 metric=ce epoch=1/1
[pipeline-trace] wall=15:49:31 elapsed=1951.269s phase=train event=interaction_progress trial=15 partition=0 processed=8100 total=14000 metric=ce epoch=1/1
[pipeline-trace] wall=15:49:32 elapsed=1952.529s phase=train event=interaction_progress trial=15 partition=0 processed=8200 total=14000 metric=ce epoch=1/1
[pipeline-trace] wall=15:49:33 elapsed=1953.804s phase=train event=interaction_progress trial=15 partition=0 processed=8300 total=14000 metric=ce epoch=1/1
[pipeline-trace] wall=15:49:35 elapsed=1955.861s phase=train event=interaction_progress trial=15 partition=0 processed=8400 total=14000 metric=ce epoch=1/1
[pipeline-trace] wall=15:49:37 elapsed=1957.416s phase=train event=interaction_progress trial=15 partition=0 processed=8500 total=14000 metric=ce epoch=1/1
[pipeline-trace] wall=15:49:38 elapsed=1958.756s phase=train event=interaction_progress trial=15 partition=0 processed=8600 total=14000 metric=ce epoch=1/1
[pipeline-trace] wall=15:49:40 elapsed=1960.238s phase=train event=interaction_progress trial=15 partition=0 processed=8700 total=14000 metric=ce epoch=1/1
[pipeline-trace] wall=15:49:41 elapsed=1961.658s phase=train event=interaction_progress trial=15 partition=0 processed=8800 total=14000 metric=ce epoch=1/1
[pipeline-trace] wall=15:49:43 elapsed=1962.995s phase=train event=interaction_progress trial=15 partition=0 processed=8900 total=14000 metric=ce epoch=1/1
[pipeline-trace] wall=15:49:44 elapsed=1964.247s phase=train event=interaction_progress trial=15 partition=0 processed=9000 total=14000 metric=ce epoch=1/1
[pipeline-trace] wall=15:49:45 elapsed=1965.515s phase=train event=interaction_progress trial=15 partition=0 processed=9100 total=14000 metric=ce epoch=1/1
[pipeline-trace] wall=15:49:46 elapsed=1966.784s phase=train event=interaction_progress trial=15 partition=0 processed=9200 total=14000 metric=ce epoch=1/1
[pipeline-trace] wall=15:49:48 elapsed=1968.070s phase=train event=interaction_progress trial=15 partition=0 processed=9300 total=14000 metric=ce epoch=1/1
[pipeline-trace] wall=15:49:49 elapsed=1969.329s phase=train event=interaction_progress trial=15 partition=0 processed=9400 total=14000 metric=ce epoch=1/1
[pipeline-trace] wall=15:49:50 elapsed=1970.563s phase=train event=interaction_progress trial=15 partition=0 processed=9500 total=14000 metric=ce epoch=1/1
[pipeline-trace] wall=15:49:51 elapsed=1971.808s phase=train event=interaction_progress trial=15 partition=0 processed=9600 total=14000 metric=ce epoch=1/1
[pipeline-trace] wall=15:49:53 elapsed=1973.052s phase=train event=interaction_progress trial=15 partition=0 processed=9700 total=14000 metric=ce epoch=1/1
[pipeline-trace] wall=15:49:54 elapsed=1974.300s phase=train event=interaction_progress trial=15 partition=0 processed=9800 total=14000 metric=ce epoch=1/1
[pipeline-trace] wall=15:49:55 elapsed=1975.551s phase=train event=interaction_progress trial=15 partition=0 processed=9900 total=14000 metric=ce epoch=1/1
[pipeline-trace] wall=15:49:56 elapsed=1976.820s phase=train event=interaction_progress trial=15 partition=0 processed=10000 total=14000 metric=ce epoch=1/1
[pipeline-trace] wall=15:49:58 elapsed=1978.082s phase=train event=interaction_progress trial=15 partition=0 processed=10100 total=14000 metric=ce epoch=1/1
[pipeline-trace] wall=15:49:59 elapsed=1979.347s phase=train event=interaction_progress trial=15 partition=0 processed=10200 total=14000 metric=ce epoch=1/1
[pipeline-trace] wall=15:50:00 elapsed=1980.635s phase=train event=interaction_progress trial=15 partition=0 processed=10300 total=14000 metric=ce epoch=1/1
[pipeline-trace] wall=15:50:01 elapsed=1981.911s phase=train event=interaction_progress trial=15 partition=0 processed=10400 total=14000 metric=ce epoch=1/1
[pipeline-trace] wall=15:50:03 elapsed=1983.169s phase=train event=interaction_progress trial=15 partition=0 processed=10500 total=14000 metric=ce epoch=1/1
[pipeline-trace] wall=15:50:04 elapsed=1984.435s phase=train event=interaction_progress trial=15 partition=0 processed=10600 total=14000 metric=ce epoch=1/1
[pipeline-trace] wall=15:50:05 elapsed=1985.689s phase=train event=interaction_progress trial=15 partition=0 processed=10700 total=14000 metric=ce epoch=1/1
[pipeline-trace] wall=15:50:06 elapsed=1986.929s phase=train event=interaction_progress trial=15 partition=0 processed=10800 total=14000 metric=ce epoch=1/1
[pipeline-trace] wall=15:50:08 elapsed=1988.166s phase=train event=interaction_progress trial=15 partition=0 processed=10900 total=14000 metric=ce epoch=1/1
[pipeline-trace] wall=15:50:09 elapsed=1989.419s phase=train event=interaction_progress trial=15 partition=0 processed=11000 total=14000 metric=ce epoch=1/1
[pipeline-trace] wall=15:50:10 elapsed=1990.671s phase=train event=interaction_progress trial=15 partition=0 processed=11100 total=14000 metric=ce epoch=1/1
[pipeline-trace] wall=15:50:11 elapsed=1991.922s phase=train event=interaction_progress trial=15 partition=0 processed=11200 total=14000 metric=ce epoch=1/1
[pipeline-trace] wall=15:50:13 elapsed=1993.223s phase=train event=interaction_progress trial=15 partition=0 processed=11300 total=14000 metric=ce epoch=1/1
[pipeline-trace] wall=15:50:14 elapsed=1994.479s phase=train event=interaction_progress trial=15 partition=0 processed=11400 total=14000 metric=ce epoch=1/1
[pipeline-trace] wall=15:50:15 elapsed=1995.738s phase=train event=interaction_progress trial=15 partition=0 processed=11500 total=14000 metric=ce epoch=1/1
[pipeline-trace] wall=15:50:17 elapsed=1997.022s phase=train event=interaction_progress trial=15 partition=0 processed=11600 total=14000 metric=ce epoch=1/1
[pipeline-trace] wall=15:50:18 elapsed=1998.292s phase=train event=interaction_progress trial=15 partition=0 processed=11700 total=14000 metric=ce epoch=1/1
[pipeline-trace] wall=15:50:19 elapsed=1999.529s phase=train event=interaction_progress trial=15 partition=0 processed=11800 total=14000 metric=ce epoch=1/1
[pipeline-trace] wall=15:50:20 elapsed=2000.792s phase=train event=interaction_progress trial=15 partition=0 processed=11900 total=14000 metric=ce epoch=1/1
[pipeline-trace] wall=15:50:22 elapsed=2002.052s phase=train event=interaction_progress trial=15 partition=0 processed=12000 total=14000 metric=ce epoch=1/1
[pipeline-trace] wall=15:50:23 elapsed=2003.409s phase=train event=interaction_progress trial=15 partition=0 processed=12100 total=14000 metric=ce epoch=1/1
[pipeline-trace] wall=15:50:24 elapsed=2004.670s phase=train event=interaction_progress trial=15 partition=0 processed=12200 total=14000 metric=ce epoch=1/1
[pipeline-trace] wall=15:50:26 elapsed=2005.973s phase=train event=interaction_progress trial=15 partition=0 processed=12300 total=14000 metric=ce epoch=1/1
[pipeline-trace] wall=15:50:27 elapsed=2007.229s phase=train event=interaction_progress trial=15 partition=0 processed=12400 total=14000 metric=ce epoch=1/1
[pipeline-trace] wall=15:50:28 elapsed=2008.624s phase=train event=interaction_progress trial=15 partition=0 processed=12500 total=14000 metric=ce epoch=1/1
[pipeline-trace] wall=15:50:29 elapsed=2009.908s phase=train event=interaction_progress trial=15 partition=0 processed=12600 total=14000 metric=ce epoch=1/1
[pipeline-trace] wall=15:50:31 elapsed=2011.169s phase=train event=interaction_progress trial=15 partition=0 processed=12700 total=14000 metric=ce epoch=1/1
[pipeline-trace] wall=15:50:32 elapsed=2012.429s phase=train event=interaction_progress trial=15 partition=0 processed=12800 total=14000 metric=ce epoch=1/1
[pipeline-trace] wall=15:50:33 elapsed=2013.677s phase=train event=interaction_progress trial=15 partition=0 processed=12900 total=14000 metric=ce epoch=1/1
[pipeline-trace] wall=15:50:34 elapsed=2014.929s phase=train event=interaction_progress trial=15 partition=0 processed=13000 total=14000 metric=ce epoch=1/1
[pipeline-trace] wall=15:50:36 elapsed=2016.199s phase=train event=interaction_progress trial=15 partition=0 processed=13100 total=14000 metric=ce epoch=1/1
[pipeline-trace] wall=15:50:37 elapsed=2017.463s phase=train event=interaction_progress trial=15 partition=0 processed=13200 total=14000 metric=ce epoch=1/1
[pipeline-trace] wall=15:50:38 elapsed=2018.702s phase=train event=interaction_progress trial=15 partition=0 processed=13300 total=14000 metric=ce epoch=1/1
[pipeline-trace] wall=15:50:39 elapsed=2019.958s phase=train event=interaction_progress trial=15 partition=0 processed=13400 total=14000 metric=ce epoch=1/1
[pipeline-trace] wall=15:50:42 elapsed=2022.658s phase=train event=interaction_progress trial=15 partition=0 processed=13500 total=14000 metric=ce epoch=1/1
[pipeline-trace] wall=15:50:47 elapsed=2027.835s phase=train event=interaction_progress trial=15 partition=0 processed=13600 total=14000 metric=ce epoch=1/1
[pipeline-trace] wall=15:50:49 elapsed=2029.163s phase=train event=interaction_progress trial=15 partition=0 processed=13700 total=14000 metric=ce epoch=1/1
[pipeline-trace] wall=15:50:50 elapsed=2030.445s phase=train event=interaction_progress trial=15 partition=0 processed=13800 total=14000 metric=ce epoch=1/1
[pipeline-trace] wall=15:50:51 elapsed=2031.738s phase=train event=interaction_progress trial=15 partition=0 processed=13900 total=14000 metric=ce epoch=1/1
[pipeline-trace] wall=15:50:53 elapsed=2032.991s phase=train event=interaction_progress trial=15 partition=0 processed=14000 total=14000 metric=ce epoch=1/1
[pipeline-trace] wall=15:50:53 elapsed=2033.253s phase=eval event=batch_start trial=15 partitions=[1] synthetic=False
[pipeline-trace] wall=15:50:53 elapsed=2033.253s phase=eval event=partition_start trial=15 partition=1 interactions=1999
[pipeline-trace] wall=15:50:53 elapsed=2033.253s phase=eval event=interaction_progress trial=15 partition=1 processed=1 total=1999 metric=ranking
[pipeline-trace] wall=15:50:54 elapsed=2034.603s phase=eval event=interaction_progress trial=15 partition=1 processed=100 total=1999 metric=ranking
[pipeline-trace] wall=15:50:56 elapsed=2036.000s phase=eval event=interaction_progress trial=15 partition=1 processed=200 total=1999 metric=ranking
[pipeline-trace] wall=15:50:57 elapsed=2037.351s phase=eval event=interaction_progress trial=15 partition=1 processed=300 total=1999 metric=ranking
[pipeline-trace] wall=15:50:58 elapsed=2038.737s phase=eval event=interaction_progress trial=15 partition=1 processed=400 total=1999 metric=ranking
[pipeline-trace] wall=15:51:00 elapsed=2040.158s phase=eval event=interaction_progress trial=15 partition=1 processed=500 total=1999 metric=ranking
[pipeline-trace] wall=15:51:01 elapsed=2041.544s phase=eval event=interaction_progress trial=15 partition=1 processed=600 total=1999 metric=ranking
[pipeline-trace] wall=15:51:02 elapsed=2042.127s phase=eval event=interaction_progress trial=15 partition=1 processed=700 total=1999 metric=ranking
[pipeline-trace] wall=15:51:02 elapsed=2042.251s phase=eval event=interaction_progress trial=15 partition=1 processed=800 total=1999 metric=ranking
[pipeline-trace] wall=15:51:02 elapsed=2042.377s phase=eval event=interaction_progress trial=15 partition=1 processed=900 total=1999 metric=ranking
[pipeline-trace] wall=15:51:02 elapsed=2042.501s phase=eval event=interaction_progress trial=15 partition=1 processed=1000 total=1999 metric=ranking
[pipeline-trace] wall=15:51:02 elapsed=2042.625s phase=eval event=interaction_progress trial=15 partition=1 processed=1100 total=1999 metric=ranking
[pipeline-trace] wall=15:51:02 elapsed=2042.749s phase=eval event=interaction_progress trial=15 partition=1 processed=1200 total=1999 metric=ranking
[pipeline-trace] wall=15:51:02 elapsed=2042.873s phase=eval event=interaction_progress trial=15 partition=1 processed=1300 total=1999 metric=ranking
[pipeline-trace] wall=15:51:03 elapsed=2043.779s phase=eval event=interaction_progress trial=15 partition=1 processed=1400 total=1999 metric=ranking
[pipeline-trace] wall=15:51:04 elapsed=2044.130s phase=eval event=interaction_progress trial=15 partition=1 processed=1500 total=1999 metric=ranking
[pipeline-trace] wall=15:51:04 elapsed=2044.254s phase=eval event=interaction_progress trial=15 partition=1 processed=1600 total=1999 metric=ranking
[pipeline-trace] wall=15:51:04 elapsed=2044.379s phase=eval event=interaction_progress trial=15 partition=1 processed=1700 total=1999 metric=ranking
[pipeline-trace] wall=15:51:04 elapsed=2044.504s phase=eval event=interaction_progress trial=15 partition=1 processed=1800 total=1999 metric=ranking
[pipeline-trace] wall=15:51:04 elapsed=2044.628s phase=eval event=interaction_progress trial=15 partition=1 processed=1900 total=1999 metric=ranking
[pipeline-trace] wall=15:51:04 elapsed=2044.755s phase=eval event=interaction_progress trial=15 partition=1 processed=1999 total=1999 metric=ranking
[pipeline-trace] wall=15:51:04 elapsed=2044.756s phase=eval event=partition_complete trial=15 partition=1 elapsed_sec=11.503 hits=1841 total=1999
[pipeline-trace] wall=15:51:04 elapsed=2044.862s phase=train event=interaction_progress trial=16 partition=0 processed=1 total=14000 metric=ce epoch=1/1
[pipeline-trace] wall=15:51:05 elapsed=2045.264s phase=train event=interaction_progress trial=16 partition=0 processed=100 total=14000 metric=ce epoch=1/1
[pipeline-trace] wall=15:51:07 elapsed=2047.479s phase=train event=interaction_progress trial=16 partition=0 processed=200 total=14000 metric=ce epoch=1/1
[pipeline-trace] wall=15:51:09 elapsed=2049.838s phase=train event=interaction_progress trial=16 partition=0 processed=300 total=14000 metric=ce epoch=1/1
[pipeline-trace] wall=15:51:12 elapsed=2052.102s phase=train event=interaction_progress trial=16 partition=0 processed=400 total=14000 metric=ce epoch=1/1
[pipeline-trace] wall=15:51:14 elapsed=2054.409s phase=train event=interaction_progress trial=16 partition=0 processed=500 total=14000 metric=ce epoch=1/1
[pipeline-trace] wall=15:51:16 elapsed=2056.788s phase=train event=interaction_progress trial=16 partition=0 processed=600 total=14000 metric=ce epoch=1/1
[pipeline-trace] wall=15:51:19 elapsed=2059.156s phase=train event=interaction_progress trial=16 partition=0 processed=700 total=14000 metric=ce epoch=1/1
[pipeline-trace] wall=15:51:21 elapsed=2061.576s phase=train event=interaction_progress trial=16 partition=0 processed=800 total=14000 metric=ce epoch=1/1
[pipeline-trace] wall=15:51:23 elapsed=2063.956s phase=train event=interaction_progress trial=16 partition=0 processed=900 total=14000 metric=ce epoch=1/1
[pipeline-trace] wall=15:51:26 elapsed=2066.299s phase=train event=interaction_progress trial=16 partition=0 processed=1000 total=14000 metric=ce epoch=1/1
[pipeline-trace] wall=15:51:28 elapsed=2068.526s phase=train event=interaction_progress trial=16 partition=0 processed=1100 total=14000 metric=ce epoch=1/1
[pipeline-trace] wall=15:51:30 elapsed=2070.857s phase=train event=interaction_progress trial=16 partition=0 processed=1200 total=14000 metric=ce epoch=1/1
[pipeline-trace] wall=15:51:33 elapsed=2073.198s phase=train event=interaction_progress trial=16 partition=0 processed=1300 total=14000 metric=ce epoch=1/1
[pipeline-trace] wall=15:51:35 elapsed=2075.484s phase=train event=interaction_progress trial=16 partition=0 processed=1400 total=14000 metric=ce epoch=1/1
[pipeline-trace] wall=15:51:37 elapsed=2077.838s phase=train event=interaction_progress trial=16 partition=0 processed=1500 total=14000 metric=ce epoch=1/1
[pipeline-trace] wall=15:51:40 elapsed=2080.225s phase=train event=interaction_progress trial=16 partition=0 processed=1600 total=14000 metric=ce epoch=1/1
[pipeline-trace] wall=15:51:42 elapsed=2082.618s phase=train event=interaction_progress trial=16 partition=0 processed=1700 total=14000 metric=ce epoch=1/1
[pipeline-trace] wall=15:51:45 elapsed=2085.044s phase=train event=interaction_progress trial=16 partition=0 processed=1800 total=14000 metric=ce epoch=1/1
[pipeline-trace] wall=15:51:48 elapsed=2088.758s phase=train event=interaction_progress trial=16 partition=0 processed=1900 total=14000 metric=ce epoch=1/1
[pipeline-trace] wall=15:51:51 elapsed=2091.866s phase=train event=interaction_progress trial=16 partition=0 processed=2000 total=14000 metric=ce epoch=1/1
[pipeline-trace] wall=15:51:54 elapsed=2094.250s phase=train event=interaction_progress trial=16 partition=0 processed=2100 total=14000 metric=ce epoch=1/1
[pipeline-trace] wall=15:51:56 elapsed=2096.608s phase=train event=interaction_progress trial=16 partition=0 processed=2200 total=14000 metric=ce epoch=1/1
[pipeline-trace] wall=15:51:58 elapsed=2098.955s phase=train event=interaction_progress trial=16 partition=0 processed=2300 total=14000 metric=ce epoch=1/1
[pipeline-trace] wall=15:52:01 elapsed=2101.330s phase=train event=interaction_progress trial=16 partition=0 processed=2400 total=14000 metric=ce epoch=1/1
[pipeline-trace] wall=15:52:03 elapsed=2103.714s phase=train event=interaction_progress trial=16 partition=0 processed=2500 total=14000 metric=ce epoch=1/1
[pipeline-trace] wall=15:52:06 elapsed=2106.051s phase=train event=interaction_progress trial=16 partition=0 processed=2600 total=14000 metric=ce epoch=1/1
[pipeline-trace] wall=15:52:08 elapsed=2108.409s phase=train event=interaction_progress trial=16 partition=0 processed=2700 total=14000 metric=ce epoch=1/1
[pipeline-trace] wall=15:52:10 elapsed=2110.786s phase=train event=interaction_progress trial=16 partition=0 processed=2800 total=14000 metric=ce epoch=1/1
[pipeline-trace] wall=15:52:13 elapsed=2113.152s phase=train event=interaction_progress trial=16 partition=0 processed=2900 total=14000 metric=ce epoch=1/1
[pipeline-trace] wall=15:52:15 elapsed=2115.494s phase=train event=interaction_progress trial=16 partition=0 processed=3000 total=14000 metric=ce epoch=1/1
[pipeline-trace] wall=15:52:17 elapsed=2117.825s phase=train event=interaction_progress trial=16 partition=0 processed=3100 total=14000 metric=ce epoch=1/1
[pipeline-trace] wall=15:52:20 elapsed=2120.169s phase=train event=interaction_progress trial=16 partition=0 processed=3200 total=14000 metric=ce epoch=1/1
[pipeline-trace] wall=15:52:22 elapsed=2122.541s phase=train event=interaction_progress trial=16 partition=0 processed=3300 total=14000 metric=ce epoch=1/1
[pipeline-trace] wall=15:52:24 elapsed=2124.919s phase=train event=interaction_progress trial=16 partition=0 processed=3400 total=14000 metric=ce epoch=1/1
[pipeline-trace] wall=15:52:27 elapsed=2127.273s phase=train event=interaction_progress trial=16 partition=0 processed=3500 total=14000 metric=ce epoch=1/1
[pipeline-trace] wall=15:52:29 elapsed=2129.661s phase=train event=interaction_progress trial=16 partition=0 processed=3600 total=14000 metric=ce epoch=1/1
[pipeline-trace] wall=15:52:32 elapsed=2132.054s phase=train event=interaction_progress trial=16 partition=0 processed=3700 total=14000 metric=ce epoch=1/1
[pipeline-trace] wall=15:52:34 elapsed=2134.460s phase=train event=interaction_progress trial=16 partition=0 processed=3800 total=14000 metric=ce epoch=1/1
[pipeline-trace] wall=15:52:36 elapsed=2136.875s phase=train event=interaction_progress trial=16 partition=0 processed=3900 total=14000 metric=ce epoch=1/1
[pipeline-trace] wall=15:52:39 elapsed=2139.267s phase=train event=interaction_progress trial=16 partition=0 processed=4000 total=14000 metric=ce epoch=1/1
[pipeline-trace] wall=15:52:41 elapsed=2141.683s phase=train event=interaction_progress trial=16 partition=0 processed=4100 total=14000 metric=ce epoch=1/1
[pipeline-trace] wall=15:52:44 elapsed=2144.081s phase=train event=interaction_progress trial=16 partition=0 processed=4200 total=14000 metric=ce epoch=1/1
[pipeline-trace] wall=15:52:46 elapsed=2146.432s phase=train event=interaction_progress trial=16 partition=0 processed=4300 total=14000 metric=ce epoch=1/1
[pipeline-trace] wall=15:52:48 elapsed=2148.783s phase=train event=interaction_progress trial=16 partition=0 processed=4400 total=14000 metric=ce epoch=1/1
[pipeline-trace] wall=15:52:51 elapsed=2151.162s phase=train event=interaction_progress trial=16 partition=0 processed=4500 total=14000 metric=ce epoch=1/1
[pipeline-trace] wall=15:52:57 elapsed=2157.583s phase=train event=interaction_progress trial=16 partition=0 processed=4600 total=14000 metric=ce epoch=1/1
[pipeline-trace] wall=15:53:00 elapsed=2160.154s phase=train event=interaction_progress trial=16 partition=0 processed=4700 total=14000 metric=ce epoch=1/1
[pipeline-trace] wall=15:53:02 elapsed=2162.498s phase=train event=interaction_progress trial=16 partition=0 processed=4800 total=14000 metric=ce epoch=1/1
[pipeline-trace] wall=15:53:04 elapsed=2164.869s phase=train event=interaction_progress trial=16 partition=0 processed=4900 total=14000 metric=ce epoch=1/1
[pipeline-trace] wall=15:53:07 elapsed=2167.246s phase=train event=interaction_progress trial=16 partition=0 processed=5000 total=14000 metric=ce epoch=1/1
[pipeline-trace] wall=15:53:09 elapsed=2169.601s phase=train event=interaction_progress trial=16 partition=0 processed=5100 total=14000 metric=ce epoch=1/1
[pipeline-trace] wall=15:53:12 elapsed=2171.986s phase=train event=interaction_progress trial=16 partition=0 processed=5200 total=14000 metric=ce epoch=1/1
[pipeline-trace] wall=15:53:14 elapsed=2174.472s phase=train event=interaction_progress trial=16 partition=0 processed=5300 total=14000 metric=ce epoch=1/1
[pipeline-trace] wall=15:53:16 elapsed=2176.925s phase=train event=interaction_progress trial=16 partition=0 processed=5400 total=14000 metric=ce epoch=1/1
[pipeline-trace] wall=15:53:19 elapsed=2179.364s phase=train event=interaction_progress trial=16 partition=0 processed=5500 total=14000 metric=ce epoch=1/1
[pipeline-trace] wall=15:53:21 elapsed=2181.746s phase=train event=interaction_progress trial=16 partition=0 processed=5600 total=14000 metric=ce epoch=1/1
[pipeline-trace] wall=15:53:24 elapsed=2184.129s phase=train event=interaction_progress trial=16 partition=0 processed=5700 total=14000 metric=ce epoch=1/1
[pipeline-trace] wall=15:53:26 elapsed=2186.482s phase=train event=interaction_progress trial=16 partition=0 processed=5800 total=14000 metric=ce epoch=1/1
[pipeline-trace] wall=15:53:28 elapsed=2188.874s phase=train event=interaction_progress trial=16 partition=0 processed=5900 total=14000 metric=ce epoch=1/1
[pipeline-trace] wall=15:53:31 elapsed=2191.234s phase=train event=interaction_progress trial=16 partition=0 processed=6000 total=14000 metric=ce epoch=1/1
[pipeline-trace] wall=15:53:33 elapsed=2193.625s phase=train event=interaction_progress trial=16 partition=0 processed=6100 total=14000 metric=ce epoch=1/1
[pipeline-trace] wall=15:53:36 elapsed=2196.006s phase=train event=interaction_progress trial=16 partition=0 processed=6200 total=14000 metric=ce epoch=1/1
[pipeline-trace] wall=15:53:38 elapsed=2198.399s phase=train event=interaction_progress trial=16 partition=0 processed=6300 total=14000 metric=ce epoch=1/1
[pipeline-trace] wall=15:53:41 elapsed=2201.046s phase=train event=interaction_progress trial=16 partition=0 processed=6400 total=14000 metric=ce epoch=1/1
[pipeline-trace] wall=15:53:43 elapsed=2203.410s phase=train event=interaction_progress trial=16 partition=0 processed=6500 total=14000 metric=ce epoch=1/1
[pipeline-trace] wall=15:53:45 elapsed=2205.726s phase=train event=interaction_progress trial=16 partition=0 processed=6600 total=14000 metric=ce epoch=1/1
[pipeline-trace] wall=15:53:48 elapsed=2208.222s phase=train event=interaction_progress trial=16 partition=0 processed=6700 total=14000 metric=ce epoch=1/1
[pipeline-trace] wall=15:53:50 elapsed=2210.648s phase=train event=interaction_progress trial=16 partition=0 processed=6800 total=14000 metric=ce epoch=1/1
[pipeline-trace] wall=15:53:53 elapsed=2213.030s phase=train event=interaction_progress trial=16 partition=0 processed=6900 total=14000 metric=ce epoch=1/1
[pipeline-trace] wall=15:53:55 elapsed=2215.375s phase=train event=interaction_progress trial=16 partition=0 processed=7000 total=14000 metric=ce epoch=1/1
[pipeline-trace] wall=15:53:57 elapsed=2217.751s phase=train event=interaction_progress trial=16 partition=0 processed=7100 total=14000 metric=ce epoch=1/1
[pipeline-trace] wall=15:54:00 elapsed=2220.089s phase=train event=interaction_progress trial=16 partition=0 processed=7200 total=14000 metric=ce epoch=1/1
[pipeline-trace] wall=15:54:02 elapsed=2222.883s phase=train event=interaction_progress trial=16 partition=0 processed=7300 total=14000 metric=ce epoch=1/1
[pipeline-trace] wall=15:54:05 elapsed=2225.410s phase=train event=interaction_progress trial=16 partition=0 processed=7400 total=14000 metric=ce epoch=1/1
[pipeline-trace] wall=15:54:07 elapsed=2227.639s phase=train event=interaction_progress trial=16 partition=0 processed=7500 total=14000 metric=ce epoch=1/1
[pipeline-trace] wall=15:54:08 elapsed=2228.352s phase=train event=interaction_progress trial=16 partition=0 processed=7600 total=14000 metric=ce epoch=1/1
[pipeline-trace] wall=15:54:08 elapsed=2228.886s phase=train event=interaction_progress trial=16 partition=0 processed=7700 total=14000 metric=ce epoch=1/1
[pipeline-trace] wall=15:54:10 elapsed=2230.234s phase=train event=interaction_progress trial=16 partition=0 processed=7800 total=14000 metric=ce epoch=1/1
[pipeline-trace] wall=15:54:10 elapsed=2230.556s phase=train event=interaction_progress trial=16 partition=0 processed=7900 total=14000 metric=ce epoch=1/1
[pipeline-trace] wall=15:54:11 elapsed=2231.002s phase=train event=interaction_progress trial=16 partition=0 processed=8000 total=14000 metric=ce epoch=1/1
[pipeline-trace] wall=15:54:11 elapsed=2231.522s phase=train event=interaction_progress trial=16 partition=0 processed=8100 total=14000 metric=ce epoch=1/1
[pipeline-trace] wall=15:54:13 elapsed=2233.695s phase=train event=interaction_progress trial=16 partition=0 processed=8200 total=14000 metric=ce epoch=1/1
[pipeline-trace] wall=15:54:16 elapsed=2236.058s phase=train event=interaction_progress trial=16 partition=0 processed=8300 total=14000 metric=ce epoch=1/1
[pipeline-trace] wall=15:54:18 elapsed=2238.439s phase=train event=interaction_progress trial=16 partition=0 processed=8400 total=14000 metric=ce epoch=1/1
[pipeline-trace] wall=15:54:20 elapsed=2240.797s phase=train event=interaction_progress trial=16 partition=0 processed=8500 total=14000 metric=ce epoch=1/1
[pipeline-trace] wall=15:54:23 elapsed=2243.192s phase=train event=interaction_progress trial=16 partition=0 processed=8600 total=14000 metric=ce epoch=1/1
[pipeline-trace] wall=15:54:25 elapsed=2245.638s phase=train event=interaction_progress trial=16 partition=0 processed=8700 total=14000 metric=ce epoch=1/1
[pipeline-trace] wall=15:54:28 elapsed=2248.017s phase=train event=interaction_progress trial=16 partition=0 processed=8800 total=14000 metric=ce epoch=1/1
[pipeline-trace] wall=15:54:30 elapsed=2250.407s phase=train event=interaction_progress trial=16 partition=0 processed=8900 total=14000 metric=ce epoch=1/1
[pipeline-trace] wall=15:54:32 elapsed=2252.774s phase=train event=interaction_progress trial=16 partition=0 processed=9000 total=14000 metric=ce epoch=1/1
[pipeline-trace] wall=15:54:35 elapsed=2255.128s phase=train event=interaction_progress trial=16 partition=0 processed=9100 total=14000 metric=ce epoch=1/1
[pipeline-trace] wall=15:54:37 elapsed=2257.494s phase=train event=interaction_progress trial=16 partition=0 processed=9200 total=14000 metric=ce epoch=1/1
[pipeline-trace] wall=15:54:39 elapsed=2259.850s phase=train event=interaction_progress trial=16 partition=0 processed=9300 total=14000 metric=ce epoch=1/1
[pipeline-trace] wall=15:54:42 elapsed=2262.280s phase=train event=interaction_progress trial=16 partition=0 processed=9400 total=14000 metric=ce epoch=1/1
[pipeline-trace] wall=15:54:44 elapsed=2264.676s phase=train event=interaction_progress trial=16 partition=0 processed=9500 total=14000 metric=ce epoch=1/1
[pipeline-trace] wall=15:54:47 elapsed=2267.046s phase=train event=interaction_progress trial=16 partition=0 processed=9600 total=14000 metric=ce epoch=1/1
[pipeline-trace] wall=15:54:49 elapsed=2269.539s phase=train event=interaction_progress trial=16 partition=0 processed=9700 total=14000 metric=ce epoch=1/1
[pipeline-trace] wall=15:54:51 elapsed=2271.923s phase=train event=interaction_progress trial=16 partition=0 processed=9800 total=14000 metric=ce epoch=1/1
[pipeline-trace] wall=15:54:54 elapsed=2274.337s phase=train event=interaction_progress trial=16 partition=0 processed=9900 total=14000 metric=ce epoch=1/1
[pipeline-trace] wall=15:54:56 elapsed=2276.655s phase=train event=interaction_progress trial=16 partition=0 processed=10000 total=14000 metric=ce epoch=1/1
[pipeline-trace] wall=15:54:59 elapsed=2279.007s phase=train event=interaction_progress trial=16 partition=0 processed=10100 total=14000 metric=ce epoch=1/1
[pipeline-trace] wall=15:55:01 elapsed=2281.346s phase=train event=interaction_progress trial=16 partition=0 processed=10200 total=14000 metric=ce epoch=1/1
[pipeline-trace] wall=15:55:03 elapsed=2283.754s phase=train event=interaction_progress trial=16 partition=0 processed=10300 total=14000 metric=ce epoch=1/1
[pipeline-trace] wall=15:55:06 elapsed=2286.063s phase=train event=interaction_progress trial=16 partition=0 processed=10400 total=14000 metric=ce epoch=1/1
[pipeline-trace] wall=15:55:09 elapsed=2289.347s phase=train event=interaction_progress trial=16 partition=0 processed=10500 total=14000 metric=ce epoch=1/1
[pipeline-trace] wall=15:55:11 elapsed=2291.744s phase=train event=interaction_progress trial=16 partition=0 processed=10600 total=14000 metric=ce epoch=1/1
[pipeline-trace] wall=15:55:14 elapsed=2294.223s phase=train event=interaction_progress trial=16 partition=0 processed=10700 total=14000 metric=ce epoch=1/1
[pipeline-trace] wall=15:55:16 elapsed=2296.737s phase=train event=interaction_progress trial=16 partition=0 processed=10800 total=14000 metric=ce epoch=1/1
[pipeline-trace] wall=15:55:19 elapsed=2299.151s phase=train event=interaction_progress trial=16 partition=0 processed=10900 total=14000 metric=ce epoch=1/1
[pipeline-trace] wall=15:55:21 elapsed=2301.515s phase=train event=interaction_progress trial=16 partition=0 processed=11000 total=14000 metric=ce epoch=1/1
[pipeline-trace] wall=15:55:23 elapsed=2303.890s phase=train event=interaction_progress trial=16 partition=0 processed=11100 total=14000 metric=ce epoch=1/1
[pipeline-trace] wall=15:55:26 elapsed=2306.244s phase=train event=interaction_progress trial=16 partition=0 processed=11200 total=14000 metric=ce epoch=1/1
[pipeline-trace] wall=15:55:28 elapsed=2308.637s phase=train event=interaction_progress trial=16 partition=0 processed=11300 total=14000 metric=ce epoch=1/1
[pipeline-trace] wall=15:55:31 elapsed=2311.031s phase=train event=interaction_progress trial=16 partition=0 processed=11400 total=14000 metric=ce epoch=1/1
[pipeline-trace] wall=15:55:33 elapsed=2313.391s phase=train event=interaction_progress trial=16 partition=0 processed=11500 total=14000 metric=ce epoch=1/1
[pipeline-trace] wall=15:55:35 elapsed=2315.771s phase=train event=interaction_progress trial=16 partition=0 processed=11600 total=14000 metric=ce epoch=1/1
[pipeline-trace] wall=15:55:38 elapsed=2318.187s phase=train event=interaction_progress trial=16 partition=0 processed=11700 total=14000 metric=ce epoch=1/1
[pipeline-trace] wall=15:55:40 elapsed=2320.538s phase=train event=interaction_progress trial=16 partition=0 processed=11800 total=14000 metric=ce epoch=1/1
[pipeline-trace] wall=15:55:42 elapsed=2322.782s phase=train event=interaction_progress trial=16 partition=0 processed=11900 total=14000 metric=ce epoch=1/1
[pipeline-trace] wall=15:55:45 elapsed=2325.036s phase=train event=interaction_progress trial=16 partition=0 processed=12000 total=14000 metric=ce epoch=1/1
[pipeline-trace] wall=15:55:47 elapsed=2327.364s phase=train event=interaction_progress trial=16 partition=0 processed=12100 total=14000 metric=ce epoch=1/1
[pipeline-trace] wall=15:55:49 elapsed=2329.740s phase=train event=interaction_progress trial=16 partition=0 processed=12200 total=14000 metric=ce epoch=1/1
[pipeline-trace] wall=15:55:52 elapsed=2332.115s phase=train event=interaction_progress trial=16 partition=0 processed=12300 total=14000 metric=ce epoch=1/1
[pipeline-trace] wall=15:55:54 elapsed=2334.483s phase=train event=interaction_progress trial=16 partition=0 processed=12400 total=14000 metric=ce epoch=1/1
[pipeline-trace] wall=15:55:56 elapsed=2336.858s phase=train event=interaction_progress trial=16 partition=0 processed=12500 total=14000 metric=ce epoch=1/1
[pipeline-trace] wall=15:55:59 elapsed=2339.265s phase=train event=interaction_progress trial=16 partition=0 processed=12600 total=14000 metric=ce epoch=1/1
[pipeline-trace] wall=15:56:01 elapsed=2341.692s phase=train event=interaction_progress trial=16 partition=0 processed=12700 total=14000 metric=ce epoch=1/1
[pipeline-trace] wall=15:56:04 elapsed=2344.126s phase=train event=interaction_progress trial=16 partition=0 processed=12800 total=14000 metric=ce epoch=1/1
[pipeline-trace] wall=15:56:06 elapsed=2346.465s phase=train event=interaction_progress trial=16 partition=0 processed=12900 total=14000 metric=ce epoch=1/1
[pipeline-trace] wall=15:56:08 elapsed=2348.871s phase=train event=interaction_progress trial=16 partition=0 processed=13000 total=14000 metric=ce epoch=1/1
[pipeline-trace] wall=15:56:11 elapsed=2351.228s phase=train event=interaction_progress trial=16 partition=0 processed=13100 total=14000 metric=ce epoch=1/1
[pipeline-trace] wall=15:56:13 elapsed=2353.677s phase=train event=interaction_progress trial=16 partition=0 processed=13200 total=14000 metric=ce epoch=1/1
[pipeline-trace] wall=15:56:16 elapsed=2356.456s phase=train event=interaction_progress trial=16 partition=0 processed=13300 total=14000 metric=ce epoch=1/1
[pipeline-trace] wall=15:56:18 elapsed=2358.865s phase=train event=interaction_progress trial=16 partition=0 processed=13400 total=14000 metric=ce epoch=1/1
[pipeline-trace] wall=15:56:21 elapsed=2361.246s phase=train event=interaction_progress trial=16 partition=0 processed=13500 total=14000 metric=ce epoch=1/1
[pipeline-trace] wall=15:56:23 elapsed=2363.635s phase=train event=interaction_progress trial=16 partition=0 processed=13600 total=14000 metric=ce epoch=1/1
[pipeline-trace] wall=15:56:26 elapsed=2366.004s phase=train event=interaction_progress trial=16 partition=0 processed=13700 total=14000 metric=ce epoch=1/1
[pipeline-trace] wall=15:56:28 elapsed=2368.354s phase=train event=interaction_progress trial=16 partition=0 processed=13800 total=14000 metric=ce epoch=1/1
[pipeline-trace] wall=15:56:30 elapsed=2370.718s phase=train event=interaction_progress trial=16 partition=0 processed=13900 total=14000 metric=ce epoch=1/1
[pipeline-trace] wall=15:56:33 elapsed=2373.112s phase=train event=interaction_progress trial=16 partition=0 processed=14000 total=14000 metric=ce epoch=1/1
[pipeline-trace] wall=15:56:33 elapsed=2373.332s phase=eval event=batch_start trial=16 partitions=[1] synthetic=False
[pipeline-trace] wall=15:56:33 elapsed=2373.332s phase=eval event=partition_start trial=16 partition=1 interactions=1999
[pipeline-trace] wall=15:56:33 elapsed=2373.332s phase=eval event=interaction_progress trial=16 partition=1 processed=1 total=1999 metric=ranking
[pipeline-trace] wall=15:56:35 elapsed=2375.561s phase=eval event=interaction_progress trial=16 partition=1 processed=100 total=1999 metric=ranking
[pipeline-trace] wall=15:56:38 elapsed=2377.992s phase=eval event=interaction_progress trial=16 partition=1 processed=200 total=1999 metric=ranking
[pipeline-trace] wall=15:56:40 elapsed=2380.417s phase=eval event=interaction_progress trial=16 partition=1 processed=300 total=1999 metric=ranking
[pipeline-trace] wall=15:56:42 elapsed=2382.796s phase=eval event=interaction_progress trial=16 partition=1 processed=400 total=1999 metric=ranking
[pipeline-trace] wall=15:56:45 elapsed=2385.274s phase=eval event=interaction_progress trial=16 partition=1 processed=500 total=1999 metric=ranking
[pipeline-trace] wall=15:56:47 elapsed=2387.617s phase=eval event=interaction_progress trial=16 partition=1 processed=600 total=1999 metric=ranking
[pipeline-trace] wall=15:56:50 elapsed=2390.115s phase=eval event=interaction_progress trial=16 partition=1 processed=700 total=1999 metric=ranking
[pipeline-trace] wall=15:56:52 elapsed=2392.566s phase=eval event=interaction_progress trial=16 partition=1 processed=800 total=1999 metric=ranking
[pipeline-trace] wall=15:56:55 elapsed=2394.993s phase=eval event=interaction_progress trial=16 partition=1 processed=900 total=1999 metric=ranking
[pipeline-trace] wall=15:56:57 elapsed=2397.466s phase=eval event=interaction_progress trial=16 partition=1 processed=1000 total=1999 metric=ranking
[pipeline-trace] wall=15:56:59 elapsed=2399.916s phase=eval event=interaction_progress trial=16 partition=1 processed=1100 total=1999 metric=ranking
[pipeline-trace] wall=15:57:02 elapsed=2402.133s phase=eval event=interaction_progress trial=16 partition=1 processed=1200 total=1999 metric=ranking
[pipeline-trace] wall=15:57:04 elapsed=2404.400s phase=eval event=interaction_progress trial=16 partition=1 processed=1300 total=1999 metric=ranking
[pipeline-trace] wall=15:57:06 elapsed=2406.862s phase=eval event=interaction_progress trial=16 partition=1 processed=1400 total=1999 metric=ranking
[pipeline-trace] wall=15:57:09 elapsed=2409.301s phase=eval event=interaction_progress trial=16 partition=1 processed=1500 total=1999 metric=ranking
[pipeline-trace] wall=15:57:11 elapsed=2411.772s phase=eval event=interaction_progress trial=16 partition=1 processed=1600 total=1999 metric=ranking
[pipeline-trace] wall=15:57:13 elapsed=2413.920s phase=eval event=interaction_progress trial=16 partition=1 processed=1700 total=1999 metric=ranking
[pipeline-trace] wall=15:57:14 elapsed=2414.108s phase=eval event=interaction_progress trial=16 partition=1 processed=1800 total=1999 metric=ranking
[pipeline-trace] wall=15:57:14 elapsed=2414.293s phase=eval event=interaction_progress trial=16 partition=1 processed=1900 total=1999 metric=ranking
[pipeline-trace] wall=15:57:14 elapsed=2414.481s phase=eval event=interaction_progress trial=16 partition=1 processed=1999 total=1999 metric=ranking
[pipeline-trace] wall=15:57:14 elapsed=2414.483s phase=eval event=partition_complete trial=16 partition=1 elapsed_sec=41.151 hits=989 total=1999
[pipeline-trace] wall=15:57:14 elapsed=2414.628s phase=train event=interaction_progress trial=17 partition=0 processed=1 total=14000 metric=ce epoch=1/1
[pipeline-trace] wall=15:57:15 elapsed=2415.469s phase=train event=interaction_progress trial=17 partition=0 processed=100 total=14000 metric=ce epoch=1/1
[pipeline-trace] wall=15:57:16 elapsed=2416.411s phase=train event=interaction_progress trial=17 partition=0 processed=200 total=14000 metric=ce epoch=1/1
[pipeline-trace] wall=15:57:16 elapsed=2416.760s phase=train event=interaction_progress trial=17 partition=0 processed=300 total=14000 metric=ce epoch=1/1
[pipeline-trace] wall=15:57:17 elapsed=2417.183s phase=train event=interaction_progress trial=17 partition=0 processed=400 total=14000 metric=ce epoch=1/1
[pipeline-trace] wall=15:57:18 elapsed=2418.026s phase=train event=interaction_progress trial=17 partition=0 processed=500 total=14000 metric=ce epoch=1/1
[pipeline-trace] wall=15:57:20 elapsed=2420.400s phase=train event=interaction_progress trial=17 partition=0 processed=600 total=14000 metric=ce epoch=1/1
[pipeline-trace] wall=15:57:22 elapsed=2422.782s phase=train event=interaction_progress trial=17 partition=0 processed=700 total=14000 metric=ce epoch=1/1
[pipeline-trace] wall=15:57:25 elapsed=2425.147s phase=train event=interaction_progress trial=17 partition=0 processed=800 total=14000 metric=ce epoch=1/1
[pipeline-trace] wall=15:57:27 elapsed=2427.536s phase=train event=interaction_progress trial=17 partition=0 processed=900 total=14000 metric=ce epoch=1/1
[pipeline-trace] wall=15:57:29 elapsed=2429.908s phase=train event=interaction_progress trial=17 partition=0 processed=1000 total=14000 metric=ce epoch=1/1
[pipeline-trace] wall=15:57:32 elapsed=2432.223s phase=train event=interaction_progress trial=17 partition=0 processed=1100 total=14000 metric=ce epoch=1/1
[pipeline-trace] wall=15:57:34 elapsed=2434.544s phase=train event=interaction_progress trial=17 partition=0 processed=1200 total=14000 metric=ce epoch=1/1
[pipeline-trace] wall=15:57:36 elapsed=2436.926s phase=train event=interaction_progress trial=17 partition=0 processed=1300 total=14000 metric=ce epoch=1/1
[pipeline-trace] wall=15:57:39 elapsed=2439.642s phase=train event=interaction_progress trial=17 partition=0 processed=1400 total=14000 metric=ce epoch=1/1
[pipeline-trace] wall=15:57:43 elapsed=2443.624s phase=train event=interaction_progress trial=17 partition=0 processed=1500 total=14000 metric=ce epoch=1/1
[pipeline-trace] wall=15:57:46 elapsed=2446.175s phase=train event=interaction_progress trial=17 partition=0 processed=1600 total=14000 metric=ce epoch=1/1
[pipeline-trace] wall=15:57:48 elapsed=2448.652s phase=train event=interaction_progress trial=17 partition=0 processed=1700 total=14000 metric=ce epoch=1/1
[pipeline-trace] wall=15:57:51 elapsed=2451.076s phase=train event=interaction_progress trial=17 partition=0 processed=1800 total=14000 metric=ce epoch=1/1
[pipeline-trace] wall=15:57:53 elapsed=2453.490s phase=train event=interaction_progress trial=17 partition=0 processed=1900 total=14000 metric=ce epoch=1/1
[pipeline-trace] wall=15:57:55 elapsed=2455.878s phase=train event=interaction_progress trial=17 partition=0 processed=2000 total=14000 metric=ce epoch=1/1
[pipeline-trace] wall=15:57:58 elapsed=2458.302s phase=train event=interaction_progress trial=17 partition=0 processed=2100 total=14000 metric=ce epoch=1/1
[pipeline-trace] wall=15:58:00 elapsed=2460.633s phase=train event=interaction_progress trial=17 partition=0 processed=2200 total=14000 metric=ce epoch=1/1
[pipeline-trace] wall=15:58:03 elapsed=2463.031s phase=train event=interaction_progress trial=17 partition=0 processed=2300 total=14000 metric=ce epoch=1/1
[pipeline-trace] wall=15:58:05 elapsed=2465.405s phase=train event=interaction_progress trial=17 partition=0 processed=2400 total=14000 metric=ce epoch=1/1
[pipeline-trace] wall=15:58:07 elapsed=2467.874s phase=train event=interaction_progress trial=17 partition=0 processed=2500 total=14000 metric=ce epoch=1/1
[pipeline-trace] wall=15:58:10 elapsed=2470.244s phase=train event=interaction_progress trial=17 partition=0 processed=2600 total=14000 metric=ce epoch=1/1
[pipeline-trace] wall=15:58:12 elapsed=2472.632s phase=train event=interaction_progress trial=17 partition=0 processed=2700 total=14000 metric=ce epoch=1/1
[pipeline-trace] wall=15:58:15 elapsed=2475.072s phase=train event=interaction_progress trial=17 partition=0 processed=2800 total=14000 metric=ce epoch=1/1
[pipeline-trace] wall=15:58:17 elapsed=2477.468s phase=train event=interaction_progress trial=17 partition=0 processed=2900 total=14000 metric=ce epoch=1/1
[pipeline-trace] wall=15:58:19 elapsed=2479.866s phase=train event=interaction_progress trial=17 partition=0 processed=3000 total=14000 metric=ce epoch=1/1
[pipeline-trace] wall=15:58:22 elapsed=2482.246s phase=train event=interaction_progress trial=17 partition=0 processed=3100 total=14000 metric=ce epoch=1/1
[pipeline-trace] wall=15:58:24 elapsed=2484.610s phase=train event=interaction_progress trial=17 partition=0 processed=3200 total=14000 metric=ce epoch=1/1
[pipeline-trace] wall=15:58:26 elapsed=2486.960s phase=train event=interaction_progress trial=17 partition=0 processed=3300 total=14000 metric=ce epoch=1/1
[pipeline-trace] wall=15:58:29 elapsed=2489.347s phase=train event=interaction_progress trial=17 partition=0 processed=3400 total=14000 metric=ce epoch=1/1
[pipeline-trace] wall=15:58:31 elapsed=2491.868s phase=train event=interaction_progress trial=17 partition=0 processed=3500 total=14000 metric=ce epoch=1/1
[pipeline-trace] wall=15:58:34 elapsed=2494.245s phase=train event=interaction_progress trial=17 partition=0 processed=3600 total=14000 metric=ce epoch=1/1
[pipeline-trace] wall=15:58:36 elapsed=2496.588s phase=train event=interaction_progress trial=17 partition=0 processed=3700 total=14000 metric=ce epoch=1/1
[pipeline-trace] wall=15:58:38 elapsed=2498.943s phase=train event=interaction_progress trial=17 partition=0 processed=3800 total=14000 metric=ce epoch=1/1
[pipeline-trace] wall=15:58:41 elapsed=2501.320s phase=train event=interaction_progress trial=17 partition=0 processed=3900 total=14000 metric=ce epoch=1/1
[pipeline-trace] wall=15:58:43 elapsed=2503.679s phase=train event=interaction_progress trial=17 partition=0 processed=4000 total=14000 metric=ce epoch=1/1
[pipeline-trace] wall=15:58:46 elapsed=2506.039s phase=train event=interaction_progress trial=17 partition=0 processed=4100 total=14000 metric=ce epoch=1/1
[pipeline-trace] wall=15:58:50 elapsed=2510.378s phase=train event=interaction_progress trial=17 partition=0 processed=4200 total=14000 metric=ce epoch=1/1
[pipeline-trace] wall=15:58:57 elapsed=2517.225s phase=train event=interaction_progress trial=17 partition=0 processed=4300 total=14000 metric=ce epoch=1/1
[pipeline-trace] wall=15:58:59 elapsed=2519.707s phase=train event=interaction_progress trial=17 partition=0 processed=4400 total=14000 metric=ce epoch=1/1
[pipeline-trace] wall=15:59:02 elapsed=2522.124s phase=train event=interaction_progress trial=17 partition=0 processed=4500 total=14000 metric=ce epoch=1/1
[pipeline-trace] wall=15:59:04 elapsed=2524.490s phase=train event=interaction_progress trial=17 partition=0 processed=4600 total=14000 metric=ce epoch=1/1
[pipeline-trace] wall=15:59:06 elapsed=2526.809s phase=train event=interaction_progress trial=17 partition=0 processed=4700 total=14000 metric=ce epoch=1/1
[pipeline-trace] wall=15:59:09 elapsed=2529.218s phase=train event=interaction_progress trial=17 partition=0 processed=4800 total=14000 metric=ce epoch=1/1
[pipeline-trace] wall=15:59:11 elapsed=2531.675s phase=train event=interaction_progress trial=17 partition=0 processed=4900 total=14000 metric=ce epoch=1/1
[pipeline-trace] wall=15:59:14 elapsed=2534.062s phase=train event=interaction_progress trial=17 partition=0 processed=5000 total=14000 metric=ce epoch=1/1
[pipeline-trace] wall=15:59:16 elapsed=2536.480s phase=train event=interaction_progress trial=17 partition=0 processed=5100 total=14000 metric=ce epoch=1/1
[pipeline-trace] wall=15:59:18 elapsed=2538.878s phase=train event=interaction_progress trial=17 partition=0 processed=5200 total=14000 metric=ce epoch=1/1
[pipeline-trace] wall=15:59:21 elapsed=2541.307s phase=train event=interaction_progress trial=17 partition=0 processed=5300 total=14000 metric=ce epoch=1/1
[pipeline-trace] wall=15:59:23 elapsed=2543.747s phase=train event=interaction_progress trial=17 partition=0 processed=5400 total=14000 metric=ce epoch=1/1
[pipeline-trace] wall=15:59:26 elapsed=2546.203s phase=train event=interaction_progress trial=17 partition=0 processed=5500 total=14000 metric=ce epoch=1/1
[pipeline-trace] wall=15:59:28 elapsed=2548.583s phase=train event=interaction_progress trial=17 partition=0 processed=5600 total=14000 metric=ce epoch=1/1
[pipeline-trace] wall=15:59:30 elapsed=2550.963s phase=train event=interaction_progress trial=17 partition=0 processed=5700 total=14000 metric=ce epoch=1/1
[pipeline-trace] wall=15:59:33 elapsed=2553.337s phase=train event=interaction_progress trial=17 partition=0 processed=5800 total=14000 metric=ce epoch=1/1
[pipeline-trace] wall=15:59:35 elapsed=2555.702s phase=train event=interaction_progress trial=17 partition=0 processed=5900 total=14000 metric=ce epoch=1/1
[pipeline-trace] wall=15:59:38 elapsed=2558.186s phase=train event=interaction_progress trial=17 partition=0 processed=6000 total=14000 metric=ce epoch=1/1
[pipeline-trace] wall=15:59:40 elapsed=2560.609s phase=train event=interaction_progress trial=17 partition=0 processed=6100 total=14000 metric=ce epoch=1/1
[pipeline-trace] wall=15:59:43 elapsed=2563.019s phase=train event=interaction_progress trial=17 partition=0 processed=6200 total=14000 metric=ce epoch=1/1
[pipeline-trace] wall=15:59:45 elapsed=2565.454s phase=train event=interaction_progress trial=17 partition=0 processed=6300 total=14000 metric=ce epoch=1/1
[pipeline-trace] wall=15:59:47 elapsed=2567.860s phase=train event=interaction_progress trial=17 partition=0 processed=6400 total=14000 metric=ce epoch=1/1
[pipeline-trace] wall=15:59:50 elapsed=2570.318s phase=train event=interaction_progress trial=17 partition=0 processed=6500 total=14000 metric=ce epoch=1/1
[pipeline-trace] wall=15:59:52 elapsed=2572.689s phase=train event=interaction_progress trial=17 partition=0 processed=6600 total=14000 metric=ce epoch=1/1
[pipeline-trace] wall=15:59:55 elapsed=2575.083s phase=train event=interaction_progress trial=17 partition=0 processed=6700 total=14000 metric=ce epoch=1/1
[pipeline-trace] wall=16:00:03 elapsed=2583.907s phase=train event=interaction_progress trial=17 partition=0 processed=6800 total=14000 metric=ce epoch=1/1
[pipeline-trace] wall=16:00:06 elapsed=2586.343s phase=train event=interaction_progress trial=17 partition=0 processed=6900 total=14000 metric=ce epoch=1/1
[pipeline-trace] wall=16:00:08 elapsed=2588.732s phase=train event=interaction_progress trial=17 partition=0 processed=7000 total=14000 metric=ce epoch=1/1
[pipeline-trace] wall=16:00:11 elapsed=2591.155s phase=train event=interaction_progress trial=17 partition=0 processed=7100 total=14000 metric=ce epoch=1/1
[pipeline-trace] wall=16:00:13 elapsed=2593.572s phase=train event=interaction_progress trial=17 partition=0 processed=7200 total=14000 metric=ce epoch=1/1
[pipeline-trace] wall=16:00:16 elapsed=2595.978s phase=train event=interaction_progress trial=17 partition=0 processed=7300 total=14000 metric=ce epoch=1/1
[pipeline-trace] wall=16:00:18 elapsed=2598.376s phase=train event=interaction_progress trial=17 partition=0 processed=7400 total=14000 metric=ce epoch=1/1
[pipeline-trace] wall=16:00:19 elapsed=2599.911s phase=train event=interaction_progress trial=17 partition=0 processed=7500 total=14000 metric=ce epoch=1/1
[pipeline-trace] wall=16:00:20 elapsed=2600.276s phase=train event=interaction_progress trial=17 partition=0 processed=7600 total=14000 metric=ce epoch=1/1
[pipeline-trace] wall=16:00:20 elapsed=2600.600s phase=train event=interaction_progress trial=17 partition=0 processed=7700 total=14000 metric=ce epoch=1/1
[pipeline-trace] wall=16:00:21 elapsed=2601.900s phase=train event=interaction_progress trial=17 partition=0 processed=7800 total=14000 metric=ce epoch=1/1
[pipeline-trace] wall=16:00:22 elapsed=2602.284s phase=train event=interaction_progress trial=17 partition=0 processed=7900 total=14000 metric=ce epoch=1/1
[pipeline-trace] wall=16:00:22 elapsed=2602.615s phase=train event=interaction_progress trial=17 partition=0 processed=8000 total=14000 metric=ce epoch=1/1
[pipeline-trace] wall=16:00:23 elapsed=2602.968s phase=train event=interaction_progress trial=17 partition=0 processed=8100 total=14000 metric=ce epoch=1/1
[pipeline-trace] wall=16:00:24 elapsed=2604.498s phase=train event=interaction_progress trial=17 partition=0 processed=8200 total=14000 metric=ce epoch=1/1
[pipeline-trace] wall=16:00:26 elapsed=2606.904s phase=train event=interaction_progress trial=17 partition=0 processed=8300 total=14000 metric=ce epoch=1/1
[pipeline-trace] wall=16:00:29 elapsed=2609.287s phase=train event=interaction_progress trial=17 partition=0 processed=8400 total=14000 metric=ce epoch=1/1
[pipeline-trace] wall=16:00:31 elapsed=2611.694s phase=train event=interaction_progress trial=17 partition=0 processed=8500 total=14000 metric=ce epoch=1/1
[pipeline-trace] wall=16:00:34 elapsed=2614.101s phase=train event=interaction_progress trial=17 partition=0 processed=8600 total=14000 metric=ce epoch=1/1
[pipeline-trace] wall=16:00:36 elapsed=2616.478s phase=train event=interaction_progress trial=17 partition=0 processed=8700 total=14000 metric=ce epoch=1/1
[pipeline-trace] wall=16:00:38 elapsed=2618.881s phase=train event=interaction_progress trial=17 partition=0 processed=8800 total=14000 metric=ce epoch=1/1
[pipeline-trace] wall=16:00:41 elapsed=2621.301s phase=train event=interaction_progress trial=17 partition=0 processed=8900 total=14000 metric=ce epoch=1/1
[pipeline-trace] wall=16:00:43 elapsed=2623.760s phase=train event=interaction_progress trial=17 partition=0 processed=9000 total=14000 metric=ce epoch=1/1
[pipeline-trace] wall=16:00:46 elapsed=2626.267s phase=train event=interaction_progress trial=17 partition=0 processed=9100 total=14000 metric=ce epoch=1/1
[pipeline-trace] wall=16:00:48 elapsed=2628.651s phase=train event=interaction_progress trial=17 partition=0 processed=9200 total=14000 metric=ce epoch=1/1
[pipeline-trace] wall=16:00:51 elapsed=2631.067s phase=train event=interaction_progress trial=17 partition=0 processed=9300 total=14000 metric=ce epoch=1/1
[pipeline-trace] wall=16:00:53 elapsed=2633.514s phase=train event=interaction_progress trial=17 partition=0 processed=9400 total=14000 metric=ce epoch=1/1
[pipeline-trace] wall=16:00:55 elapsed=2635.897s phase=train event=interaction_progress trial=17 partition=0 processed=9500 total=14000 metric=ce epoch=1/1
[pipeline-trace] wall=16:00:58 elapsed=2638.290s phase=train event=interaction_progress trial=17 partition=0 processed=9600 total=14000 metric=ce epoch=1/1
[pipeline-trace] wall=16:01:00 elapsed=2640.671s phase=train event=interaction_progress trial=17 partition=0 processed=9700 total=14000 metric=ce epoch=1/1
[pipeline-trace] wall=16:01:03 elapsed=2643.025s phase=train event=interaction_progress trial=17 partition=0 processed=9800 total=14000 metric=ce epoch=1/1
[pipeline-trace] wall=16:01:08 elapsed=2648.343s phase=train event=interaction_progress trial=17 partition=0 processed=9900 total=14000 metric=ce epoch=1/1
[pipeline-trace] wall=16:01:11 elapsed=2651.910s phase=train event=interaction_progress trial=17 partition=0 processed=10000 total=14000 metric=ce epoch=1/1
[pipeline-trace] wall=16:01:14 elapsed=2654.133s phase=train event=interaction_progress trial=17 partition=0 processed=10100 total=14000 metric=ce epoch=1/1
[pipeline-trace] wall=16:01:16 elapsed=2656.533s phase=train event=interaction_progress trial=17 partition=0 processed=10200 total=14000 metric=ce epoch=1/1
[pipeline-trace] wall=16:01:18 elapsed=2658.927s phase=train event=interaction_progress trial=17 partition=0 processed=10300 total=14000 metric=ce epoch=1/1
[pipeline-trace] wall=16:01:21 elapsed=2661.305s phase=train event=interaction_progress trial=17 partition=0 processed=10400 total=14000 metric=ce epoch=1/1
[pipeline-trace] wall=16:01:23 elapsed=2663.706s phase=train event=interaction_progress trial=17 partition=0 processed=10500 total=14000 metric=ce epoch=1/1
[pipeline-trace] wall=16:01:26 elapsed=2666.089s phase=train event=interaction_progress trial=17 partition=0 processed=10600 total=14000 metric=ce epoch=1/1
[pipeline-trace] wall=16:01:28 elapsed=2668.511s phase=train event=interaction_progress trial=17 partition=0 processed=10700 total=14000 metric=ce epoch=1/1
[pipeline-trace] wall=16:01:30 elapsed=2670.902s phase=train event=interaction_progress trial=17 partition=0 processed=10800 total=14000 metric=ce epoch=1/1
[pipeline-trace] wall=16:01:33 elapsed=2673.309s phase=train event=interaction_progress trial=17 partition=0 processed=10900 total=14000 metric=ce epoch=1/1
[pipeline-trace] wall=16:01:35 elapsed=2675.736s phase=train event=interaction_progress trial=17 partition=0 processed=11000 total=14000 metric=ce epoch=1/1
[pipeline-trace] wall=16:01:38 elapsed=2678.186s phase=train event=interaction_progress trial=17 partition=0 processed=11100 total=14000 metric=ce epoch=1/1
[pipeline-trace] wall=16:01:40 elapsed=2680.622s phase=train event=interaction_progress trial=17 partition=0 processed=11200 total=14000 metric=ce epoch=1/1
[pipeline-trace] wall=16:01:43 elapsed=2683.028s phase=train event=interaction_progress trial=17 partition=0 processed=11300 total=14000 metric=ce epoch=1/1
[pipeline-trace] wall=16:01:45 elapsed=2685.421s phase=train event=interaction_progress trial=17 partition=0 processed=11400 total=14000 metric=ce epoch=1/1
[pipeline-trace] wall=16:01:47 elapsed=2687.846s phase=train event=interaction_progress trial=17 partition=0 processed=11500 total=14000 metric=ce epoch=1/1
[pipeline-trace] wall=16:01:50 elapsed=2690.268s phase=train event=interaction_progress trial=17 partition=0 processed=11600 total=14000 metric=ce epoch=1/1
[pipeline-trace] wall=16:01:52 elapsed=2692.717s phase=train event=interaction_progress trial=17 partition=0 processed=11700 total=14000 metric=ce epoch=1/1
[pipeline-trace] wall=16:01:55 elapsed=2695.226s phase=train event=interaction_progress trial=17 partition=0 processed=11800 total=14000 metric=ce epoch=1/1
[pipeline-trace] wall=16:01:57 elapsed=2697.621s phase=train event=interaction_progress trial=17 partition=0 processed=11900 total=14000 metric=ce epoch=1/1
[pipeline-trace] wall=16:02:00 elapsed=2700.041s phase=train event=interaction_progress trial=17 partition=0 processed=12000 total=14000 metric=ce epoch=1/1
[pipeline-trace] wall=16:02:02 elapsed=2702.435s phase=train event=interaction_progress trial=17 partition=0 processed=12100 total=14000 metric=ce epoch=1/1
[pipeline-trace] wall=16:02:04 elapsed=2704.799s phase=train event=interaction_progress trial=17 partition=0 processed=12200 total=14000 metric=ce epoch=1/1
[pipeline-trace] wall=16:02:07 elapsed=2707.169s phase=train event=interaction_progress trial=17 partition=0 processed=12300 total=14000 metric=ce epoch=1/1
[pipeline-trace] wall=16:02:09 elapsed=2709.542s phase=train event=interaction_progress trial=17 partition=0 processed=12400 total=14000 metric=ce epoch=1/1
[pipeline-trace] wall=16:02:11 elapsed=2711.904s phase=train event=interaction_progress trial=17 partition=0 processed=12500 total=14000 metric=ce epoch=1/1
[pipeline-trace] wall=16:02:21 elapsed=2721.612s phase=train event=interaction_progress trial=17 partition=0 processed=12600 total=14000 metric=ce epoch=1/1
[pipeline-trace] wall=16:02:24 elapsed=2724.011s phase=train event=interaction_progress trial=17 partition=0 processed=12700 total=14000 metric=ce epoch=1/1
[pipeline-trace] wall=16:02:26 elapsed=2726.452s phase=train event=interaction_progress trial=17 partition=0 processed=12800 total=14000 metric=ce epoch=1/1
[pipeline-trace] wall=16:02:28 elapsed=2728.792s phase=train event=interaction_progress trial=17 partition=0 processed=12900 total=14000 metric=ce epoch=1/1
[pipeline-trace] wall=16:02:31 elapsed=2731.190s phase=train event=interaction_progress trial=17 partition=0 processed=13000 total=14000 metric=ce epoch=1/1
[pipeline-trace] wall=16:02:33 elapsed=2733.499s phase=train event=interaction_progress trial=17 partition=0 processed=13100 total=14000 metric=ce epoch=1/1
[pipeline-trace] wall=16:02:35 elapsed=2735.866s phase=train event=interaction_progress trial=17 partition=0 processed=13200 total=14000 metric=ce epoch=1/1
[pipeline-trace] wall=16:02:38 elapsed=2738.309s phase=train event=interaction_progress trial=17 partition=0 processed=13300 total=14000 metric=ce epoch=1/1
[pipeline-trace] wall=16:02:40 elapsed=2740.705s phase=train event=interaction_progress trial=17 partition=0 processed=13400 total=14000 metric=ce epoch=1/1
[pipeline-trace] wall=16:02:43 elapsed=2743.125s phase=train event=interaction_progress trial=17 partition=0 processed=13500 total=14000 metric=ce epoch=1/1
[pipeline-trace] wall=16:02:45 elapsed=2745.510s phase=train event=interaction_progress trial=17 partition=0 processed=13600 total=14000 metric=ce epoch=1/1
[pipeline-trace] wall=16:02:47 elapsed=2747.909s phase=train event=interaction_progress trial=17 partition=0 processed=13700 total=14000 metric=ce epoch=1/1
[pipeline-trace] wall=16:02:50 elapsed=2750.325s phase=train event=interaction_progress trial=17 partition=0 processed=13800 total=14000 metric=ce epoch=1/1
[pipeline-trace] wall=16:02:52 elapsed=2752.682s phase=train event=interaction_progress trial=17 partition=0 processed=13900 total=14000 metric=ce epoch=1/1
[pipeline-trace] wall=16:02:55 elapsed=2755.115s phase=train event=interaction_progress trial=17 partition=0 processed=14000 total=14000 metric=ce epoch=1/1
[pipeline-trace] wall=16:02:55 elapsed=2755.326s phase=eval event=batch_start trial=17 partitions=[1] synthetic=False
[pipeline-trace] wall=16:02:55 elapsed=2755.326s phase=eval event=partition_start trial=17 partition=1 interactions=1999
[pipeline-trace] wall=16:02:55 elapsed=2755.326s phase=eval event=interaction_progress trial=17 partition=1 processed=1 total=1999 metric=ranking
[pipeline-trace] wall=16:02:57 elapsed=2757.643s phase=eval event=interaction_progress trial=17 partition=1 processed=100 total=1999 metric=ranking
[pipeline-trace] wall=16:03:00 elapsed=2760.016s phase=eval event=interaction_progress trial=17 partition=1 processed=200 total=1999 metric=ranking
[pipeline-trace] wall=16:03:02 elapsed=2762.466s phase=eval event=interaction_progress trial=17 partition=1 processed=300 total=1999 metric=ranking
[pipeline-trace] wall=16:03:05 elapsed=2764.973s phase=eval event=interaction_progress trial=17 partition=1 processed=400 total=1999 metric=ranking
[pipeline-trace] wall=16:03:07 elapsed=2767.500s phase=eval event=interaction_progress trial=17 partition=1 processed=500 total=1999 metric=ranking
[pipeline-trace] wall=16:03:10 elapsed=2770.028s phase=eval event=interaction_progress trial=17 partition=1 processed=600 total=1999 metric=ranking
[pipeline-trace] wall=16:03:12 elapsed=2772.484s phase=eval event=interaction_progress trial=17 partition=1 processed=700 total=1999 metric=ranking
[pipeline-trace] wall=16:03:15 elapsed=2774.971s phase=eval event=interaction_progress trial=17 partition=1 processed=800 total=1999 metric=ranking
[pipeline-trace] wall=16:03:17 elapsed=2777.455s phase=eval event=interaction_progress trial=17 partition=1 processed=900 total=1999 metric=ranking
[pipeline-trace] wall=16:03:22 elapsed=2782.217s phase=eval event=interaction_progress trial=17 partition=1 processed=1000 total=1999 metric=ranking
[pipeline-trace] wall=16:03:25 elapsed=2785.184s phase=eval event=interaction_progress trial=17 partition=1 processed=1100 total=1999 metric=ranking
[pipeline-trace] wall=16:03:25 elapsed=2785.805s phase=eval event=interaction_progress trial=17 partition=1 processed=1200 total=1999 metric=ranking
[pipeline-trace] wall=16:03:26 elapsed=2786.183s phase=eval event=interaction_progress trial=17 partition=1 processed=1300 total=1999 metric=ranking
[pipeline-trace] wall=16:03:26 elapsed=2786.620s phase=eval event=interaction_progress trial=17 partition=1 processed=1400 total=1999 metric=ranking
[pipeline-trace] wall=16:03:27 elapsed=2787.038s phase=eval event=interaction_progress trial=17 partition=1 processed=1500 total=1999 metric=ranking
[pipeline-trace] wall=16:03:28 elapsed=2788.266s phase=eval event=interaction_progress trial=17 partition=1 processed=1600 total=1999 metric=ranking
[pipeline-trace] wall=16:03:28 elapsed=2788.627s phase=eval event=interaction_progress trial=17 partition=1 processed=1700 total=1999 metric=ranking
[pipeline-trace] wall=16:03:28 elapsed=2788.848s phase=eval event=interaction_progress trial=17 partition=1 processed=1800 total=1999 metric=ranking
[pipeline-trace] wall=16:03:29 elapsed=2789.063s phase=eval event=interaction_progress trial=17 partition=1 processed=1900 total=1999 metric=ranking
[pipeline-trace] wall=16:03:29 elapsed=2789.272s phase=eval event=interaction_progress trial=17 partition=1 processed=1999 total=1999 metric=ranking
[pipeline-trace] wall=16:03:29 elapsed=2789.274s phase=eval event=partition_complete trial=17 partition=1 elapsed_sec=33.948 hits=1064 total=1999
[pipeline-trace] wall=16:03:29 elapsed=2789.475s phase=train event=interaction_progress trial=18 partition=0 processed=1 total=14000 metric=ce epoch=1/1
[pipeline-trace] wall=16:03:29 elapsed=2789.953s phase=train event=interaction_progress trial=18 partition=0 processed=100 total=14000 metric=ce epoch=1/1
[pipeline-trace] wall=16:03:30 elapsed=2790.709s phase=train event=interaction_progress trial=18 partition=0 processed=200 total=14000 metric=ce epoch=1/1
[pipeline-trace] wall=16:03:32 elapsed=2792.179s phase=train event=interaction_progress trial=18 partition=0 processed=300 total=14000 metric=ce epoch=1/1
[pipeline-trace] wall=16:03:33 elapsed=2793.719s phase=train event=interaction_progress trial=18 partition=0 processed=400 total=14000 metric=ce epoch=1/1
[pipeline-trace] wall=16:03:35 elapsed=2795.274s phase=train event=interaction_progress trial=18 partition=0 processed=500 total=14000 metric=ce epoch=1/1
[pipeline-trace] wall=16:03:36 elapsed=2796.791s phase=train event=interaction_progress trial=18 partition=0 processed=600 total=14000 metric=ce epoch=1/1
[pipeline-trace] wall=16:03:38 elapsed=2798.466s phase=train event=interaction_progress trial=18 partition=0 processed=700 total=14000 metric=ce epoch=1/1
[pipeline-trace] wall=16:03:40 elapsed=2800.103s phase=train event=interaction_progress trial=18 partition=0 processed=800 total=14000 metric=ce epoch=1/1
[pipeline-trace] wall=16:03:41 elapsed=2801.704s phase=train event=interaction_progress trial=18 partition=0 processed=900 total=14000 metric=ce epoch=1/1
[pipeline-trace] wall=16:03:43 elapsed=2803.345s phase=train event=interaction_progress trial=18 partition=0 processed=1000 total=14000 metric=ce epoch=1/1
[pipeline-trace] wall=16:03:44 elapsed=2804.901s phase=train event=interaction_progress trial=18 partition=0 processed=1100 total=14000 metric=ce epoch=1/1
[pipeline-trace] wall=16:03:46 elapsed=2806.566s phase=train event=interaction_progress trial=18 partition=0 processed=1200 total=14000 metric=ce epoch=1/1
[pipeline-trace] wall=16:03:48 elapsed=2808.204s phase=train event=interaction_progress trial=18 partition=0 processed=1300 total=14000 metric=ce epoch=1/1
[pipeline-trace] wall=16:03:49 elapsed=2809.831s phase=train event=interaction_progress trial=18 partition=0 processed=1400 total=14000 metric=ce epoch=1/1
[pipeline-trace] wall=16:03:51 elapsed=2811.530s phase=train event=interaction_progress trial=18 partition=0 processed=1500 total=14000 metric=ce epoch=1/1
[pipeline-trace] wall=16:03:53 elapsed=2813.132s phase=train event=interaction_progress trial=18 partition=0 processed=1600 total=14000 metric=ce epoch=1/1
[pipeline-trace] wall=16:03:54 elapsed=2814.801s phase=train event=interaction_progress trial=18 partition=0 processed=1700 total=14000 metric=ce epoch=1/1
[pipeline-trace] wall=16:03:56 elapsed=2816.424s phase=train event=interaction_progress trial=18 partition=0 processed=1800 total=14000 metric=ce epoch=1/1
[pipeline-trace] wall=16:03:58 elapsed=2818.093s phase=train event=interaction_progress trial=18 partition=0 processed=1900 total=14000 metric=ce epoch=1/1
[pipeline-trace] wall=16:03:59 elapsed=2819.739s phase=train event=interaction_progress trial=18 partition=0 processed=2000 total=14000 metric=ce epoch=1/1
[pipeline-trace] wall=16:04:01 elapsed=2821.285s phase=train event=interaction_progress trial=18 partition=0 processed=2100 total=14000 metric=ce epoch=1/1
[pipeline-trace] wall=16:04:02 elapsed=2822.935s phase=train event=interaction_progress trial=18 partition=0 processed=2200 total=14000 metric=ce epoch=1/1
[pipeline-trace] wall=16:04:04 elapsed=2824.544s phase=train event=interaction_progress trial=18 partition=0 processed=2300 total=14000 metric=ce epoch=1/1
[pipeline-trace] wall=16:04:06 elapsed=2826.128s phase=train event=interaction_progress trial=18 partition=0 processed=2400 total=14000 metric=ce epoch=1/1
[pipeline-trace] wall=16:04:07 elapsed=2827.771s phase=train event=interaction_progress trial=18 partition=0 processed=2500 total=14000 metric=ce epoch=1/1
[pipeline-trace] wall=16:04:09 elapsed=2829.394s phase=train event=interaction_progress trial=18 partition=0 processed=2600 total=14000 metric=ce epoch=1/1
[pipeline-trace] wall=16:04:11 elapsed=2831.031s phase=train event=interaction_progress trial=18 partition=0 processed=2700 total=14000 metric=ce epoch=1/1
[pipeline-trace] wall=16:04:12 elapsed=2832.685s phase=train event=interaction_progress trial=18 partition=0 processed=2800 total=14000 metric=ce epoch=1/1
[pipeline-trace] wall=16:04:14 elapsed=2834.223s phase=train event=interaction_progress trial=18 partition=0 processed=2900 total=14000 metric=ce epoch=1/1
[pipeline-trace] wall=16:04:15 elapsed=2835.795s phase=train event=interaction_progress trial=18 partition=0 processed=3000 total=14000 metric=ce epoch=1/1
[pipeline-trace] wall=16:04:17 elapsed=2837.448s phase=train event=interaction_progress trial=18 partition=0 processed=3100 total=14000 metric=ce epoch=1/1
[pipeline-trace] wall=16:04:19 elapsed=2839.093s phase=train event=interaction_progress trial=18 partition=0 processed=3200 total=14000 metric=ce epoch=1/1
[pipeline-trace] wall=16:04:20 elapsed=2840.782s phase=train event=interaction_progress trial=18 partition=0 processed=3300 total=14000 metric=ce epoch=1/1
[pipeline-trace] wall=16:04:22 elapsed=2842.389s phase=train event=interaction_progress trial=18 partition=0 processed=3400 total=14000 metric=ce epoch=1/1
[pipeline-trace] wall=16:04:24 elapsed=2844.074s phase=train event=interaction_progress trial=18 partition=0 processed=3500 total=14000 metric=ce epoch=1/1
[pipeline-trace] wall=16:04:25 elapsed=2845.743s phase=train event=interaction_progress trial=18 partition=0 processed=3600 total=14000 metric=ce epoch=1/1
[pipeline-trace] wall=16:04:27 elapsed=2847.437s phase=train event=interaction_progress trial=18 partition=0 processed=3700 total=14000 metric=ce epoch=1/1
[pipeline-trace] wall=16:04:31 elapsed=2851.171s phase=train event=interaction_progress trial=18 partition=0 processed=3800 total=14000 metric=ce epoch=1/1
[pipeline-trace] wall=16:04:35 elapsed=2855.689s phase=train event=interaction_progress trial=18 partition=0 processed=3900 total=14000 metric=ce epoch=1/1
[pipeline-trace] wall=16:04:38 elapsed=2857.997s phase=train event=interaction_progress trial=18 partition=0 processed=4000 total=14000 metric=ce epoch=1/1
[pipeline-trace] wall=16:04:39 elapsed=2859.499s phase=train event=interaction_progress trial=18 partition=0 processed=4100 total=14000 metric=ce epoch=1/1
[pipeline-trace] wall=16:04:40 elapsed=2860.923s phase=train event=interaction_progress trial=18 partition=0 processed=4200 total=14000 metric=ce epoch=1/1
[pipeline-trace] wall=16:04:42 elapsed=2862.425s phase=train event=interaction_progress trial=18 partition=0 processed=4300 total=14000 metric=ce epoch=1/1
[pipeline-trace] wall=16:04:43 elapsed=2863.957s phase=train event=interaction_progress trial=18 partition=0 processed=4400 total=14000 metric=ce epoch=1/1
[pipeline-trace] wall=16:04:45 elapsed=2865.570s phase=train event=interaction_progress trial=18 partition=0 processed=4500 total=14000 metric=ce epoch=1/1
[pipeline-trace] wall=16:04:47 elapsed=2867.283s phase=train event=interaction_progress trial=18 partition=0 processed=4600 total=14000 metric=ce epoch=1/1
[pipeline-trace] wall=16:04:48 elapsed=2868.927s phase=train event=interaction_progress trial=18 partition=0 processed=4700 total=14000 metric=ce epoch=1/1
[pipeline-trace] wall=16:04:50 elapsed=2870.435s phase=train event=interaction_progress trial=18 partition=0 processed=4800 total=14000 metric=ce epoch=1/1
[pipeline-trace] wall=16:04:52 elapsed=2872.076s phase=train event=interaction_progress trial=18 partition=0 processed=4900 total=14000 metric=ce epoch=1/1
[pipeline-trace] wall=16:04:53 elapsed=2873.741s phase=train event=interaction_progress trial=18 partition=0 processed=5000 total=14000 metric=ce epoch=1/1
[pipeline-trace] wall=16:04:55 elapsed=2875.414s phase=train event=interaction_progress trial=18 partition=0 processed=5100 total=14000 metric=ce epoch=1/1
[pipeline-trace] wall=16:04:57 elapsed=2877.096s phase=train event=interaction_progress trial=18 partition=0 processed=5200 total=14000 metric=ce epoch=1/1
[pipeline-trace] wall=16:04:58 elapsed=2878.751s phase=train event=interaction_progress trial=18 partition=0 processed=5300 total=14000 metric=ce epoch=1/1
[pipeline-trace] wall=16:05:00 elapsed=2880.466s phase=train event=interaction_progress trial=18 partition=0 processed=5400 total=14000 metric=ce epoch=1/1
[pipeline-trace] wall=16:05:02 elapsed=2882.071s phase=train event=interaction_progress trial=18 partition=0 processed=5500 total=14000 metric=ce epoch=1/1
[pipeline-trace] wall=16:05:03 elapsed=2883.734s phase=train event=interaction_progress trial=18 partition=0 processed=5600 total=14000 metric=ce epoch=1/1
[pipeline-trace] wall=16:05:05 elapsed=2885.374s phase=train event=interaction_progress trial=18 partition=0 processed=5700 total=14000 metric=ce epoch=1/1
[pipeline-trace] wall=16:05:07 elapsed=2887.061s phase=train event=interaction_progress trial=18 partition=0 processed=5800 total=14000 metric=ce epoch=1/1
[pipeline-trace] wall=16:05:08 elapsed=2888.733s phase=train event=interaction_progress trial=18 partition=0 processed=5900 total=14000 metric=ce epoch=1/1
[pipeline-trace] wall=16:05:10 elapsed=2890.393s phase=train event=interaction_progress trial=18 partition=0 processed=6000 total=14000 metric=ce epoch=1/1
[pipeline-trace] wall=16:05:12 elapsed=2892.095s phase=train event=interaction_progress trial=18 partition=0 processed=6100 total=14000 metric=ce epoch=1/1
[pipeline-trace] wall=16:05:13 elapsed=2893.737s phase=train event=interaction_progress trial=18 partition=0 processed=6200 total=14000 metric=ce epoch=1/1
[pipeline-trace] wall=16:05:15 elapsed=2895.456s phase=train event=interaction_progress trial=18 partition=0 processed=6300 total=14000 metric=ce epoch=1/1
[pipeline-trace] wall=16:05:17 elapsed=2897.114s phase=train event=interaction_progress trial=18 partition=0 processed=6400 total=14000 metric=ce epoch=1/1
[pipeline-trace] wall=16:05:18 elapsed=2898.731s phase=train event=interaction_progress trial=18 partition=0 processed=6500 total=14000 metric=ce epoch=1/1
[pipeline-trace] wall=16:05:20 elapsed=2900.346s phase=train event=interaction_progress trial=18 partition=0 processed=6600 total=14000 metric=ce epoch=1/1
[pipeline-trace] wall=16:05:21 elapsed=2901.940s phase=train event=interaction_progress trial=18 partition=0 processed=6700 total=14000 metric=ce epoch=1/1
[pipeline-trace] wall=16:05:23 elapsed=2903.669s phase=train event=interaction_progress trial=18 partition=0 processed=6800 total=14000 metric=ce epoch=1/1
[pipeline-trace] wall=16:05:25 elapsed=2905.254s phase=train event=interaction_progress trial=18 partition=0 processed=6900 total=14000 metric=ce epoch=1/1
[pipeline-trace] wall=16:05:26 elapsed=2906.885s phase=train event=interaction_progress trial=18 partition=0 processed=7000 total=14000 metric=ce epoch=1/1
[pipeline-trace] wall=16:05:28 elapsed=2908.542s phase=train event=interaction_progress trial=18 partition=0 processed=7100 total=14000 metric=ce epoch=1/1
[pipeline-trace] wall=16:05:30 elapsed=2910.087s phase=train event=interaction_progress trial=18 partition=0 processed=7200 total=14000 metric=ce epoch=1/1
[pipeline-trace] wall=16:05:31 elapsed=2911.794s phase=train event=interaction_progress trial=18 partition=0 processed=7300 total=14000 metric=ce epoch=1/1
[pipeline-trace] wall=16:05:33 elapsed=2913.425s phase=train event=interaction_progress trial=18 partition=0 processed=7400 total=14000 metric=ce epoch=1/1
[pipeline-trace] wall=16:05:35 elapsed=2915.085s phase=train event=interaction_progress trial=18 partition=0 processed=7500 total=14000 metric=ce epoch=1/1
[pipeline-trace] wall=16:05:36 elapsed=2916.732s phase=train event=interaction_progress trial=18 partition=0 processed=7600 total=14000 metric=ce epoch=1/1
[pipeline-trace] wall=16:05:39 elapsed=2919.333s phase=train event=interaction_progress trial=18 partition=0 processed=7700 total=14000 metric=ce epoch=1/1
[pipeline-trace] wall=16:05:40 elapsed=2920.810s phase=train event=interaction_progress trial=18 partition=0 processed=7800 total=14000 metric=ce epoch=1/1
[pipeline-trace] wall=16:05:43 elapsed=2923.707s phase=train event=interaction_progress trial=18 partition=0 processed=7900 total=14000 metric=ce epoch=1/1
[pipeline-trace] wall=16:05:45 elapsed=2925.192s phase=train event=interaction_progress trial=18 partition=0 processed=8000 total=14000 metric=ce epoch=1/1
[pipeline-trace] wall=16:05:46 elapsed=2926.672s phase=train event=interaction_progress trial=18 partition=0 processed=8100 total=14000 metric=ce epoch=1/1
[pipeline-trace] wall=16:05:48 elapsed=2928.149s phase=train event=interaction_progress trial=18 partition=0 processed=8200 total=14000 metric=ce epoch=1/1
[pipeline-trace] wall=16:05:49 elapsed=2929.721s phase=train event=interaction_progress trial=18 partition=0 processed=8300 total=14000 metric=ce epoch=1/1
[pipeline-trace] wall=16:05:51 elapsed=2931.382s phase=train event=interaction_progress trial=18 partition=0 processed=8400 total=14000 metric=ce epoch=1/1
[pipeline-trace] wall=16:05:53 elapsed=2933.011s phase=train event=interaction_progress trial=18 partition=0 processed=8500 total=14000 metric=ce epoch=1/1
[pipeline-trace] wall=16:05:54 elapsed=2934.697s phase=train event=interaction_progress trial=18 partition=0 processed=8600 total=14000 metric=ce epoch=1/1
[pipeline-trace] wall=16:05:56 elapsed=2936.347s phase=train event=interaction_progress trial=18 partition=0 processed=8700 total=14000 metric=ce epoch=1/1
[pipeline-trace] wall=16:05:58 elapsed=2938.056s phase=train event=interaction_progress trial=18 partition=0 processed=8800 total=14000 metric=ce epoch=1/1
[pipeline-trace] wall=16:05:59 elapsed=2939.643s phase=train event=interaction_progress trial=18 partition=0 processed=8900 total=14000 metric=ce epoch=1/1
[pipeline-trace] wall=16:06:01 elapsed=2941.299s phase=train event=interaction_progress trial=18 partition=0 processed=9000 total=14000 metric=ce epoch=1/1
[pipeline-trace] wall=16:06:02 elapsed=2942.939s phase=train event=interaction_progress trial=18 partition=0 processed=9100 total=14000 metric=ce epoch=1/1
[pipeline-trace] wall=16:06:04 elapsed=2944.567s phase=train event=interaction_progress trial=18 partition=0 processed=9200 total=14000 metric=ce epoch=1/1
[pipeline-trace] wall=16:06:06 elapsed=2946.295s phase=train event=interaction_progress trial=18 partition=0 processed=9300 total=14000 metric=ce epoch=1/1
[pipeline-trace] wall=16:06:07 elapsed=2947.855s phase=train event=interaction_progress trial=18 partition=0 processed=9400 total=14000 metric=ce epoch=1/1
[pipeline-trace] wall=16:06:09 elapsed=2949.502s phase=train event=interaction_progress trial=18 partition=0 processed=9500 total=14000 metric=ce epoch=1/1
[pipeline-trace] wall=16:06:11 elapsed=2951.132s phase=train event=interaction_progress trial=18 partition=0 processed=9600 total=14000 metric=ce epoch=1/1
[pipeline-trace] wall=16:06:12 elapsed=2952.900s phase=train event=interaction_progress trial=18 partition=0 processed=9700 total=14000 metric=ce epoch=1/1
[pipeline-trace] wall=16:06:14 elapsed=2954.501s phase=train event=interaction_progress trial=18 partition=0 processed=9800 total=14000 metric=ce epoch=1/1
[pipeline-trace] wall=16:06:16 elapsed=2956.044s phase=train event=interaction_progress trial=18 partition=0 processed=9900 total=14000 metric=ce epoch=1/1
[pipeline-trace] wall=16:06:17 elapsed=2957.701s phase=train event=interaction_progress trial=18 partition=0 processed=10000 total=14000 metric=ce epoch=1/1
[pipeline-trace] wall=16:06:19 elapsed=2959.264s phase=train event=interaction_progress trial=18 partition=0 processed=10100 total=14000 metric=ce epoch=1/1
[pipeline-trace] wall=16:06:20 elapsed=2960.767s phase=train event=interaction_progress trial=18 partition=0 processed=10200 total=14000 metric=ce epoch=1/1
[pipeline-trace] wall=16:06:22 elapsed=2962.398s phase=train event=interaction_progress trial=18 partition=0 processed=10300 total=14000 metric=ce epoch=1/1
[pipeline-trace] wall=16:06:24 elapsed=2963.999s phase=train event=interaction_progress trial=18 partition=0 processed=10400 total=14000 metric=ce epoch=1/1
[pipeline-trace] wall=16:06:25 elapsed=2965.685s phase=train event=interaction_progress trial=18 partition=0 processed=10500 total=14000 metric=ce epoch=1/1
[pipeline-trace] wall=16:06:27 elapsed=2967.381s phase=train event=interaction_progress trial=18 partition=0 processed=10600 total=14000 metric=ce epoch=1/1
[pipeline-trace] wall=16:06:28 elapsed=2968.874s phase=train event=interaction_progress trial=18 partition=0 processed=10700 total=14000 metric=ce epoch=1/1
[pipeline-trace] wall=16:06:30 elapsed=2970.412s phase=train event=interaction_progress trial=18 partition=0 processed=10800 total=14000 metric=ce epoch=1/1
[pipeline-trace] wall=16:06:32 elapsed=2972.087s phase=train event=interaction_progress trial=18 partition=0 processed=10900 total=14000 metric=ce epoch=1/1
[pipeline-trace] wall=16:06:33 elapsed=2973.609s phase=train event=interaction_progress trial=18 partition=0 processed=11000 total=14000 metric=ce epoch=1/1
[pipeline-trace] wall=16:06:34 elapsed=2973.976s phase=train event=interaction_progress trial=18 partition=0 processed=11100 total=14000 metric=ce epoch=1/1
[pipeline-trace] wall=16:06:34 elapsed=2974.426s phase=train event=interaction_progress trial=18 partition=0 processed=11200 total=14000 metric=ce epoch=1/1
[pipeline-trace] wall=16:06:35 elapsed=2975.657s phase=train event=interaction_progress trial=18 partition=0 processed=11300 total=14000 metric=ce epoch=1/1
[pipeline-trace] wall=16:06:35 elapsed=2975.933s phase=train event=interaction_progress trial=18 partition=0 processed=11400 total=14000 metric=ce epoch=1/1
[pipeline-trace] wall=16:06:36 elapsed=2976.262s phase=train event=interaction_progress trial=18 partition=0 processed=11500 total=14000 metric=ce epoch=1/1
[pipeline-trace] wall=16:06:36 elapsed=2976.622s phase=train event=interaction_progress trial=18 partition=0 processed=11600 total=14000 metric=ce epoch=1/1
[pipeline-trace] wall=16:06:37 elapsed=2977.517s phase=train event=interaction_progress trial=18 partition=0 processed=11700 total=14000 metric=ce epoch=1/1
[pipeline-trace] wall=16:06:39 elapsed=2979.209s phase=train event=interaction_progress trial=18 partition=0 processed=11800 total=14000 metric=ce epoch=1/1
[pipeline-trace] wall=16:06:40 elapsed=2980.863s phase=train event=interaction_progress trial=18 partition=0 processed=11900 total=14000 metric=ce epoch=1/1
[pipeline-trace] wall=16:06:42 elapsed=2982.577s phase=train event=interaction_progress trial=18 partition=0 processed=12000 total=14000 metric=ce epoch=1/1
[pipeline-trace] wall=16:06:44 elapsed=2984.259s phase=train event=interaction_progress trial=18 partition=0 processed=12100 total=14000 metric=ce epoch=1/1
[pipeline-trace] wall=16:06:45 elapsed=2985.682s phase=train event=interaction_progress trial=18 partition=0 processed=12200 total=14000 metric=ce epoch=1/1
[pipeline-trace] wall=16:06:48 elapsed=2988.131s phase=train event=interaction_progress trial=18 partition=0 processed=12300 total=14000 metric=ce epoch=1/1
[pipeline-trace] wall=16:06:50 elapsed=2990.166s phase=train event=interaction_progress trial=18 partition=0 processed=12400 total=14000 metric=ce epoch=1/1
[pipeline-trace] wall=16:06:51 elapsed=2991.642s phase=train event=interaction_progress trial=18 partition=0 processed=12500 total=14000 metric=ce epoch=1/1
[pipeline-trace] wall=16:06:53 elapsed=2993.129s phase=train event=interaction_progress trial=18 partition=0 processed=12600 total=14000 metric=ce epoch=1/1
[pipeline-trace] wall=16:06:54 elapsed=2994.804s phase=train event=interaction_progress trial=18 partition=0 processed=12700 total=14000 metric=ce epoch=1/1
[pipeline-trace] wall=16:06:56 elapsed=2996.394s phase=train event=interaction_progress trial=18 partition=0 processed=12800 total=14000 metric=ce epoch=1/1
[pipeline-trace] wall=16:06:58 elapsed=2997.970s phase=train event=interaction_progress trial=18 partition=0 processed=12900 total=14000 metric=ce epoch=1/1
[pipeline-trace] wall=16:06:59 elapsed=2999.670s phase=train event=interaction_progress trial=18 partition=0 processed=13000 total=14000 metric=ce epoch=1/1
[pipeline-trace] wall=16:07:01 elapsed=3001.220s phase=train event=interaction_progress trial=18 partition=0 processed=13100 total=14000 metric=ce epoch=1/1
[pipeline-trace] wall=16:07:02 elapsed=3002.872s phase=train event=interaction_progress trial=18 partition=0 processed=13200 total=14000 metric=ce epoch=1/1
[pipeline-trace] wall=16:07:04 elapsed=3004.504s phase=train event=interaction_progress trial=18 partition=0 processed=13300 total=14000 metric=ce epoch=1/1
[pipeline-trace] wall=16:07:06 elapsed=3006.133s phase=train event=interaction_progress trial=18 partition=0 processed=13400 total=14000 metric=ce epoch=1/1
[pipeline-trace] wall=16:07:07 elapsed=3007.800s phase=train event=interaction_progress trial=18 partition=0 processed=13500 total=14000 metric=ce epoch=1/1
[pipeline-trace] wall=16:07:09 elapsed=3009.396s phase=train event=interaction_progress trial=18 partition=0 processed=13600 total=14000 metric=ce epoch=1/1
[pipeline-trace] wall=16:07:11 elapsed=3011.025s phase=train event=interaction_progress trial=18 partition=0 processed=13700 total=14000 metric=ce epoch=1/1
[pipeline-trace] wall=16:07:12 elapsed=3012.588s phase=train event=interaction_progress trial=18 partition=0 processed=13800 total=14000 metric=ce epoch=1/1
[pipeline-trace] wall=16:07:14 elapsed=3014.035s phase=train event=interaction_progress trial=18 partition=0 processed=13900 total=14000 metric=ce epoch=1/1
[pipeline-trace] wall=16:07:15 elapsed=3015.542s phase=train event=interaction_progress trial=18 partition=0 processed=14000 total=14000 metric=ce epoch=1/1
[pipeline-trace] wall=16:07:15 elapsed=3015.697s phase=eval event=batch_start trial=18 partitions=[1] synthetic=False
[pipeline-trace] wall=16:07:15 elapsed=3015.697s phase=eval event=partition_start trial=18 partition=1 interactions=1999
[pipeline-trace] wall=16:07:15 elapsed=3015.697s phase=eval event=interaction_progress trial=18 partition=1 processed=1 total=1999 metric=ranking
[pipeline-trace] wall=16:07:17 elapsed=3017.427s phase=eval event=interaction_progress trial=18 partition=1 processed=100 total=1999 metric=ranking
[pipeline-trace] wall=16:07:19 elapsed=3019.275s phase=eval event=interaction_progress trial=18 partition=1 processed=200 total=1999 metric=ranking
[pipeline-trace] wall=16:07:20 elapsed=3020.934s phase=eval event=interaction_progress trial=18 partition=1 processed=300 total=1999 metric=ranking
[pipeline-trace] wall=16:07:22 elapsed=3022.693s phase=eval event=interaction_progress trial=18 partition=1 processed=400 total=1999 metric=ranking
[pipeline-trace] wall=16:07:24 elapsed=3024.410s phase=eval event=interaction_progress trial=18 partition=1 processed=500 total=1999 metric=ranking
[pipeline-trace] wall=16:07:26 elapsed=3026.201s phase=eval event=interaction_progress trial=18 partition=1 processed=600 total=1999 metric=ranking
[pipeline-trace] wall=16:07:27 elapsed=3027.885s phase=eval event=interaction_progress trial=18 partition=1 processed=700 total=1999 metric=ranking
[pipeline-trace] wall=16:07:29 elapsed=3029.643s phase=eval event=interaction_progress trial=18 partition=1 processed=800 total=1999 metric=ranking
[pipeline-trace] wall=16:07:31 elapsed=3031.293s phase=eval event=interaction_progress trial=18 partition=1 processed=900 total=1999 metric=ranking
[pipeline-trace] wall=16:07:33 elapsed=3033.110s phase=eval event=interaction_progress trial=18 partition=1 processed=1000 total=1999 metric=ranking
[pipeline-trace] wall=16:07:34 elapsed=3034.773s phase=eval event=interaction_progress trial=18 partition=1 processed=1100 total=1999 metric=ranking
[pipeline-trace] wall=16:07:36 elapsed=3036.493s phase=eval event=interaction_progress trial=18 partition=1 processed=1200 total=1999 metric=ranking
[pipeline-trace] wall=16:07:38 elapsed=3038.182s phase=eval event=interaction_progress trial=18 partition=1 processed=1300 total=1999 metric=ranking
[pipeline-trace] wall=16:07:39 elapsed=3039.850s phase=eval event=interaction_progress trial=18 partition=1 processed=1400 total=1999 metric=ranking
[pipeline-trace] wall=16:07:41 elapsed=3041.621s phase=eval event=interaction_progress trial=18 partition=1 processed=1500 total=1999 metric=ranking
[pipeline-trace] wall=16:07:43 elapsed=3043.306s phase=eval event=interaction_progress trial=18 partition=1 processed=1600 total=1999 metric=ranking
[pipeline-trace] wall=16:07:45 elapsed=3045.136s phase=eval event=interaction_progress trial=18 partition=1 processed=1700 total=1999 metric=ranking
[pipeline-trace] wall=16:07:46 elapsed=3046.801s phase=eval event=interaction_progress trial=18 partition=1 processed=1800 total=1999 metric=ranking
[pipeline-trace] wall=16:07:48 elapsed=3048.567s phase=eval event=interaction_progress trial=18 partition=1 processed=1900 total=1999 metric=ranking
[pipeline-trace] wall=16:07:50 elapsed=3050.057s phase=eval event=interaction_progress trial=18 partition=1 processed=1999 total=1999 metric=ranking
[pipeline-trace] wall=16:07:50 elapsed=3050.061s phase=eval event=partition_complete trial=18 partition=1 elapsed_sec=34.364 hits=1088 total=1999
[pipeline-trace] wall=16:07:50 elapsed=3050.767s phase=train event=interaction_progress trial=19 partition=0 processed=1 total=14000 metric=ce epoch=1/1
[pipeline-trace] wall=16:07:52 elapsed=3052.921s phase=train event=interaction_progress trial=19 partition=0 processed=100 total=14000 metric=ce epoch=1/1
[pipeline-trace] wall=16:07:57 elapsed=3057.951s phase=train event=interaction_progress trial=19 partition=0 processed=200 total=14000 metric=ce epoch=1/1
[pipeline-trace] wall=16:07:59 elapsed=3059.232s phase=train event=interaction_progress trial=19 partition=0 processed=300 total=14000 metric=ce epoch=1/1
[pipeline-trace] wall=16:08:00 elapsed=3060.438s phase=train event=interaction_progress trial=19 partition=0 processed=400 total=14000 metric=ce epoch=1/1
[pipeline-trace] wall=16:08:01 elapsed=3061.652s phase=train event=interaction_progress trial=19 partition=0 processed=500 total=14000 metric=ce epoch=1/1
[pipeline-trace] wall=16:08:02 elapsed=3062.885s phase=train event=interaction_progress trial=19 partition=0 processed=600 total=14000 metric=ce epoch=1/1
[pipeline-trace] wall=16:08:04 elapsed=3064.120s phase=train event=interaction_progress trial=19 partition=0 processed=700 total=14000 metric=ce epoch=1/1
[pipeline-trace] wall=16:08:05 elapsed=3065.310s phase=train event=interaction_progress trial=19 partition=0 processed=800 total=14000 metric=ce epoch=1/1
[pipeline-trace] wall=16:08:06 elapsed=3066.476s phase=train event=interaction_progress trial=19 partition=0 processed=900 total=14000 metric=ce epoch=1/1
[pipeline-trace] wall=16:08:07 elapsed=3067.685s phase=train event=interaction_progress trial=19 partition=0 processed=1000 total=14000 metric=ce epoch=1/1
[pipeline-trace] wall=16:08:08 elapsed=3068.914s phase=train event=interaction_progress trial=19 partition=0 processed=1100 total=14000 metric=ce epoch=1/1
[pipeline-trace] wall=16:08:10 elapsed=3070.140s phase=train event=interaction_progress trial=19 partition=0 processed=1200 total=14000 metric=ce epoch=1/1
[pipeline-trace] wall=16:08:11 elapsed=3071.392s phase=train event=interaction_progress trial=19 partition=0 processed=1300 total=14000 metric=ce epoch=1/1
[pipeline-trace] wall=16:08:12 elapsed=3072.649s phase=train event=interaction_progress trial=19 partition=0 processed=1400 total=14000 metric=ce epoch=1/1
[pipeline-trace] wall=16:08:13 elapsed=3073.884s phase=train event=interaction_progress trial=19 partition=0 processed=1500 total=14000 metric=ce epoch=1/1
[pipeline-trace] wall=16:08:15 elapsed=3075.128s phase=train event=interaction_progress trial=19 partition=0 processed=1600 total=14000 metric=ce epoch=1/1
[pipeline-trace] wall=16:08:16 elapsed=3076.380s phase=train event=interaction_progress trial=19 partition=0 processed=1700 total=14000 metric=ce epoch=1/1
[pipeline-trace] wall=16:08:17 elapsed=3077.607s phase=train event=interaction_progress trial=19 partition=0 processed=1800 total=14000 metric=ce epoch=1/1
[pipeline-trace] wall=16:08:18 elapsed=3078.859s phase=train event=interaction_progress trial=19 partition=0 processed=1900 total=14000 metric=ce epoch=1/1
[pipeline-trace] wall=16:08:20 elapsed=3080.111s phase=train event=interaction_progress trial=19 partition=0 processed=2000 total=14000 metric=ce epoch=1/1
[pipeline-trace] wall=16:08:21 elapsed=3081.366s phase=train event=interaction_progress trial=19 partition=0 processed=2100 total=14000 metric=ce epoch=1/1
[pipeline-trace] wall=16:08:22 elapsed=3082.591s phase=train event=interaction_progress trial=19 partition=0 processed=2200 total=14000 metric=ce epoch=1/1
[pipeline-trace] wall=16:08:23 elapsed=3083.821s phase=train event=interaction_progress trial=19 partition=0 processed=2300 total=14000 metric=ce epoch=1/1
[pipeline-trace] wall=16:08:25 elapsed=3085.062s phase=train event=interaction_progress trial=19 partition=0 processed=2400 total=14000 metric=ce epoch=1/1
[pipeline-trace] wall=16:08:26 elapsed=3086.314s phase=train event=interaction_progress trial=19 partition=0 processed=2500 total=14000 metric=ce epoch=1/1
[pipeline-trace] wall=16:08:27 elapsed=3087.595s phase=train event=interaction_progress trial=19 partition=0 processed=2600 total=14000 metric=ce epoch=1/1
[pipeline-trace] wall=16:08:28 elapsed=3088.853s phase=train event=interaction_progress trial=19 partition=0 processed=2700 total=14000 metric=ce epoch=1/1
[pipeline-trace] wall=16:08:30 elapsed=3090.092s phase=train event=interaction_progress trial=19 partition=0 processed=2800 total=14000 metric=ce epoch=1/1
[pipeline-trace] wall=16:08:31 elapsed=3091.333s phase=train event=interaction_progress trial=19 partition=0 processed=2900 total=14000 metric=ce epoch=1/1
[pipeline-trace] wall=16:08:32 elapsed=3092.567s phase=train event=interaction_progress trial=19 partition=0 processed=3000 total=14000 metric=ce epoch=1/1
[pipeline-trace] wall=16:08:33 elapsed=3093.834s phase=train event=interaction_progress trial=19 partition=0 processed=3100 total=14000 metric=ce epoch=1/1
[pipeline-trace] wall=16:08:35 elapsed=3095.086s phase=train event=interaction_progress trial=19 partition=0 processed=3200 total=14000 metric=ce epoch=1/1
[pipeline-trace] wall=16:08:36 elapsed=3096.316s phase=train event=interaction_progress trial=19 partition=0 processed=3300 total=14000 metric=ce epoch=1/1
[pipeline-trace] wall=16:08:37 elapsed=3097.526s phase=train event=interaction_progress trial=19 partition=0 processed=3400 total=14000 metric=ce epoch=1/1
[pipeline-trace] wall=16:08:38 elapsed=3098.755s phase=train event=interaction_progress trial=19 partition=0 processed=3500 total=14000 metric=ce epoch=1/1
[pipeline-trace] wall=16:08:40 elapsed=3100.054s phase=train event=interaction_progress trial=19 partition=0 processed=3600 total=14000 metric=ce epoch=1/1
[pipeline-trace] wall=16:08:41 elapsed=3101.269s phase=train event=interaction_progress trial=19 partition=0 processed=3700 total=14000 metric=ce epoch=1/1
[pipeline-trace] wall=16:08:42 elapsed=3102.499s phase=train event=interaction_progress trial=19 partition=0 processed=3800 total=14000 metric=ce epoch=1/1
[pipeline-trace] wall=16:08:43 elapsed=3103.725s phase=train event=interaction_progress trial=19 partition=0 processed=3900 total=14000 metric=ce epoch=1/1
[pipeline-trace] wall=16:08:44 elapsed=3104.955s phase=train event=interaction_progress trial=19 partition=0 processed=4000 total=14000 metric=ce epoch=1/1
[pipeline-trace] wall=16:08:46 elapsed=3106.270s phase=train event=interaction_progress trial=19 partition=0 processed=4100 total=14000 metric=ce epoch=1/1
[pipeline-trace] wall=16:08:47 elapsed=3107.624s phase=train event=interaction_progress trial=19 partition=0 processed=4200 total=14000 metric=ce epoch=1/1
[pipeline-trace] wall=16:08:48 elapsed=3108.854s phase=train event=interaction_progress trial=19 partition=0 processed=4300 total=14000 metric=ce epoch=1/1
[pipeline-trace] wall=16:08:50 elapsed=3110.107s phase=train event=interaction_progress trial=19 partition=0 processed=4400 total=14000 metric=ce epoch=1/1
[pipeline-trace] wall=16:08:51 elapsed=3111.357s phase=train event=interaction_progress trial=19 partition=0 processed=4500 total=14000 metric=ce epoch=1/1
[pipeline-trace] wall=16:08:52 elapsed=3112.603s phase=train event=interaction_progress trial=19 partition=0 processed=4600 total=14000 metric=ce epoch=1/1
[pipeline-trace] wall=16:08:53 elapsed=3113.839s phase=train event=interaction_progress trial=19 partition=0 processed=4700 total=14000 metric=ce epoch=1/1
[pipeline-trace] wall=16:08:55 elapsed=3115.059s phase=train event=interaction_progress trial=19 partition=0 processed=4800 total=14000 metric=ce epoch=1/1
[pipeline-trace] wall=16:08:56 elapsed=3116.342s phase=train event=interaction_progress trial=19 partition=0 processed=4900 total=14000 metric=ce epoch=1/1
[pipeline-trace] wall=16:08:57 elapsed=3117.581s phase=train event=interaction_progress trial=19 partition=0 processed=5000 total=14000 metric=ce epoch=1/1
[pipeline-trace] wall=16:08:58 elapsed=3118.797s phase=train event=interaction_progress trial=19 partition=0 processed=5100 total=14000 metric=ce epoch=1/1
[pipeline-trace] wall=16:09:00 elapsed=3120.062s phase=train event=interaction_progress trial=19 partition=0 processed=5200 total=14000 metric=ce epoch=1/1
[pipeline-trace] wall=16:09:01 elapsed=3121.367s phase=train event=interaction_progress trial=19 partition=0 processed=5300 total=14000 metric=ce epoch=1/1
[pipeline-trace] wall=16:09:02 elapsed=3122.598s phase=train event=interaction_progress trial=19 partition=0 processed=5400 total=14000 metric=ce epoch=1/1
[pipeline-trace] wall=16:09:03 elapsed=3123.802s phase=train event=interaction_progress trial=19 partition=0 processed=5500 total=14000 metric=ce epoch=1/1
[pipeline-trace] wall=16:09:06 elapsed=3126.472s phase=train event=interaction_progress trial=19 partition=0 processed=5600 total=14000 metric=ce epoch=1/1
[pipeline-trace] wall=16:09:07 elapsed=3127.729s phase=train event=interaction_progress trial=19 partition=0 processed=5700 total=14000 metric=ce epoch=1/1
[pipeline-trace] wall=16:09:09 elapsed=3129.021s phase=train event=interaction_progress trial=19 partition=0 processed=5800 total=14000 metric=ce epoch=1/1
[pipeline-trace] wall=16:09:10 elapsed=3130.254s phase=train event=interaction_progress trial=19 partition=0 processed=5900 total=14000 metric=ce epoch=1/1
[pipeline-trace] wall=16:09:11 elapsed=3131.485s phase=train event=interaction_progress trial=19 partition=0 processed=6000 total=14000 metric=ce epoch=1/1
[pipeline-trace] wall=16:09:12 elapsed=3132.725s phase=train event=interaction_progress trial=19 partition=0 processed=6100 total=14000 metric=ce epoch=1/1
[pipeline-trace] wall=16:09:14 elapsed=3133.980s phase=train event=interaction_progress trial=19 partition=0 processed=6200 total=14000 metric=ce epoch=1/1
[pipeline-trace] wall=16:09:15 elapsed=3135.222s phase=train event=interaction_progress trial=19 partition=0 processed=6300 total=14000 metric=ce epoch=1/1
[pipeline-trace] wall=16:09:16 elapsed=3136.464s phase=train event=interaction_progress trial=19 partition=0 processed=6400 total=14000 metric=ce epoch=1/1
[pipeline-trace] wall=16:09:17 elapsed=3137.709s phase=train event=interaction_progress trial=19 partition=0 processed=6500 total=14000 metric=ce epoch=1/1
[pipeline-trace] wall=16:09:18 elapsed=3138.933s phase=train event=interaction_progress trial=19 partition=0 processed=6600 total=14000 metric=ce epoch=1/1
[pipeline-trace] wall=16:09:20 elapsed=3140.137s phase=train event=interaction_progress trial=19 partition=0 processed=6700 total=14000 metric=ce epoch=1/1
[pipeline-trace] wall=16:09:21 elapsed=3141.356s phase=train event=interaction_progress trial=19 partition=0 processed=6800 total=14000 metric=ce epoch=1/1
[pipeline-trace] wall=16:09:22 elapsed=3142.541s phase=train event=interaction_progress trial=19 partition=0 processed=6900 total=14000 metric=ce epoch=1/1
[pipeline-trace] wall=16:09:23 elapsed=3143.731s phase=train event=interaction_progress trial=19 partition=0 processed=7000 total=14000 metric=ce epoch=1/1
[pipeline-trace] wall=16:09:24 elapsed=3144.936s phase=train event=interaction_progress trial=19 partition=0 processed=7100 total=14000 metric=ce epoch=1/1
[pipeline-trace] wall=16:09:26 elapsed=3146.172s phase=train event=interaction_progress trial=19 partition=0 processed=7200 total=14000 metric=ce epoch=1/1
[pipeline-trace] wall=16:09:27 elapsed=3147.425s phase=train event=interaction_progress trial=19 partition=0 processed=7300 total=14000 metric=ce epoch=1/1
[pipeline-trace] wall=16:09:28 elapsed=3148.664s phase=train event=interaction_progress trial=19 partition=0 processed=7400 total=14000 metric=ce epoch=1/1
[pipeline-trace] wall=16:09:29 elapsed=3149.913s phase=train event=interaction_progress trial=19 partition=0 processed=7500 total=14000 metric=ce epoch=1/1
[pipeline-trace] wall=16:09:31 elapsed=3151.138s phase=train event=interaction_progress trial=19 partition=0 processed=7600 total=14000 metric=ce epoch=1/1
[pipeline-trace] wall=16:09:32 elapsed=3152.376s phase=train event=interaction_progress trial=19 partition=0 processed=7700 total=14000 metric=ce epoch=1/1
[pipeline-trace] wall=16:09:33 elapsed=3153.597s phase=train event=interaction_progress trial=19 partition=0 processed=7800 total=14000 metric=ce epoch=1/1
[pipeline-trace] wall=16:09:34 elapsed=3154.811s phase=train event=interaction_progress trial=19 partition=0 processed=7900 total=14000 metric=ce epoch=1/1
[pipeline-trace] wall=16:09:36 elapsed=3156.046s phase=train event=interaction_progress trial=19 partition=0 processed=8000 total=14000 metric=ce epoch=1/1
[pipeline-trace] wall=16:09:37 elapsed=3157.284s phase=train event=interaction_progress trial=19 partition=0 processed=8100 total=14000 metric=ce epoch=1/1
[pipeline-trace] wall=16:09:38 elapsed=3158.591s phase=train event=interaction_progress trial=19 partition=0 processed=8200 total=14000 metric=ce epoch=1/1
[pipeline-trace] wall=16:09:39 elapsed=3159.770s phase=train event=interaction_progress trial=19 partition=0 processed=8300 total=14000 metric=ce epoch=1/1
[pipeline-trace] wall=16:09:40 elapsed=3160.236s phase=train event=interaction_progress trial=19 partition=0 processed=8400 total=14000 metric=ce epoch=1/1
[pipeline-trace] wall=16:09:40 elapsed=3160.486s phase=train event=interaction_progress trial=19 partition=0 processed=8500 total=14000 metric=ce epoch=1/1
[pipeline-trace] wall=16:09:40 elapsed=3160.741s phase=train event=interaction_progress trial=19 partition=0 processed=8600 total=14000 metric=ce epoch=1/1
[pipeline-trace] wall=16:09:41 elapsed=3160.999s phase=train event=interaction_progress trial=19 partition=0 processed=8700 total=14000 metric=ce epoch=1/1
[pipeline-trace] wall=16:09:41 elapsed=3161.910s phase=train event=interaction_progress trial=19 partition=0 processed=8800 total=14000 metric=ce epoch=1/1
[pipeline-trace] wall=16:09:42 elapsed=3162.345s phase=train event=interaction_progress trial=19 partition=0 processed=8900 total=14000 metric=ce epoch=1/1
[pipeline-trace] wall=16:09:42 elapsed=3162.626s phase=train event=interaction_progress trial=19 partition=0 processed=9000 total=14000 metric=ce epoch=1/1
[pipeline-trace] wall=16:09:42 elapsed=3162.870s phase=train event=interaction_progress trial=19 partition=0 processed=9100 total=14000 metric=ce epoch=1/1
[pipeline-trace] wall=16:09:43 elapsed=3163.123s phase=train event=interaction_progress trial=19 partition=0 processed=9200 total=14000 metric=ce epoch=1/1
[pipeline-trace] wall=16:09:43 elapsed=3163.407s phase=train event=interaction_progress trial=19 partition=0 processed=9300 total=14000 metric=ce epoch=1/1
[pipeline-trace] wall=16:09:43 elapsed=3163.669s phase=train event=interaction_progress trial=19 partition=0 processed=9400 total=14000 metric=ce epoch=1/1
[pipeline-trace] wall=16:09:44 elapsed=3164.620s phase=train event=interaction_progress trial=19 partition=0 processed=9500 total=14000 metric=ce epoch=1/1
[pipeline-trace] wall=16:09:45 elapsed=3165.815s phase=train event=interaction_progress trial=19 partition=0 processed=9600 total=14000 metric=ce epoch=1/1
[pipeline-trace] wall=16:09:47 elapsed=3166.972s phase=train event=interaction_progress trial=19 partition=0 processed=9700 total=14000 metric=ce epoch=1/1
[pipeline-trace] wall=16:09:48 elapsed=3168.288s phase=train event=interaction_progress trial=19 partition=0 processed=9800 total=14000 metric=ce epoch=1/1
[pipeline-trace] wall=16:09:49 elapsed=3169.510s phase=train event=interaction_progress trial=19 partition=0 processed=9900 total=14000 metric=ce epoch=1/1
[pipeline-trace] wall=16:09:50 elapsed=3170.760s phase=train event=interaction_progress trial=19 partition=0 processed=10000 total=14000 metric=ce epoch=1/1
[pipeline-trace] wall=16:09:52 elapsed=3172.030s phase=train event=interaction_progress trial=19 partition=0 processed=10100 total=14000 metric=ce epoch=1/1
[pipeline-trace] wall=16:09:53 elapsed=3173.281s phase=train event=interaction_progress trial=19 partition=0 processed=10200 total=14000 metric=ce epoch=1/1
[pipeline-trace] wall=16:09:54 elapsed=3174.528s phase=train event=interaction_progress trial=19 partition=0 processed=10300 total=14000 metric=ce epoch=1/1
[pipeline-trace] wall=16:09:55 elapsed=3175.748s phase=train event=interaction_progress trial=19 partition=0 processed=10400 total=14000 metric=ce epoch=1/1
[pipeline-trace] wall=16:09:57 elapsed=3176.971s phase=train event=interaction_progress trial=19 partition=0 processed=10500 total=14000 metric=ce epoch=1/1
[pipeline-trace] wall=16:09:58 elapsed=3178.203s phase=train event=interaction_progress trial=19 partition=0 processed=10600 total=14000 metric=ce epoch=1/1
[pipeline-trace] wall=16:09:59 elapsed=3179.373s phase=train event=interaction_progress trial=19 partition=0 processed=10700 total=14000 metric=ce epoch=1/1
[pipeline-trace] wall=16:10:00 elapsed=3180.518s phase=train event=interaction_progress trial=19 partition=0 processed=10800 total=14000 metric=ce epoch=1/1
[pipeline-trace] wall=16:10:01 elapsed=3181.760s phase=train event=interaction_progress trial=19 partition=0 processed=10900 total=14000 metric=ce epoch=1/1
[pipeline-trace] wall=16:10:02 elapsed=3182.958s phase=train event=interaction_progress trial=19 partition=0 processed=11000 total=14000 metric=ce epoch=1/1
[pipeline-trace] wall=16:10:04 elapsed=3184.147s phase=train event=interaction_progress trial=19 partition=0 processed=11100 total=14000 metric=ce epoch=1/1
[pipeline-trace] wall=16:10:05 elapsed=3185.412s phase=train event=interaction_progress trial=19 partition=0 processed=11200 total=14000 metric=ce epoch=1/1
[pipeline-trace] wall=16:10:06 elapsed=3186.611s phase=train event=interaction_progress trial=19 partition=0 processed=11300 total=14000 metric=ce epoch=1/1
[pipeline-trace] wall=16:10:07 elapsed=3187.787s phase=train event=interaction_progress trial=19 partition=0 processed=11400 total=14000 metric=ce epoch=1/1
[pipeline-trace] wall=16:10:13 elapsed=3193.232s phase=train event=interaction_progress trial=19 partition=0 processed=11500 total=14000 metric=ce epoch=1/1
[pipeline-trace] wall=16:10:14 elapsed=3194.629s phase=train event=interaction_progress trial=19 partition=0 processed=11600 total=14000 metric=ce epoch=1/1
[pipeline-trace] wall=16:10:16 elapsed=3196.909s phase=train event=interaction_progress trial=19 partition=0 processed=11700 total=14000 metric=ce epoch=1/1
[pipeline-trace] wall=16:10:18 elapsed=3198.167s phase=train event=interaction_progress trial=19 partition=0 processed=11800 total=14000 metric=ce epoch=1/1
[pipeline-trace] wall=16:10:19 elapsed=3199.424s phase=train event=interaction_progress trial=19 partition=0 processed=11900 total=14000 metric=ce epoch=1/1
[pipeline-trace] wall=16:10:20 elapsed=3200.655s phase=train event=interaction_progress trial=19 partition=0 processed=12000 total=14000 metric=ce epoch=1/1
[pipeline-trace] wall=16:10:21 elapsed=3201.903s phase=train event=interaction_progress trial=19 partition=0 processed=12100 total=14000 metric=ce epoch=1/1
[pipeline-trace] wall=16:10:23 elapsed=3203.076s phase=train event=interaction_progress trial=19 partition=0 processed=12200 total=14000 metric=ce epoch=1/1
[pipeline-trace] wall=16:10:24 elapsed=3204.296s phase=train event=interaction_progress trial=19 partition=0 processed=12300 total=14000 metric=ce epoch=1/1
[pipeline-trace] wall=16:10:25 elapsed=3205.490s phase=train event=interaction_progress trial=19 partition=0 processed=12400 total=14000 metric=ce epoch=1/1
[pipeline-trace] wall=16:10:26 elapsed=3206.665s phase=train event=interaction_progress trial=19 partition=0 processed=12500 total=14000 metric=ce epoch=1/1
[pipeline-trace] wall=16:10:27 elapsed=3207.814s phase=train event=interaction_progress trial=19 partition=0 processed=12600 total=14000 metric=ce epoch=1/1
[pipeline-trace] wall=16:10:29 elapsed=3208.976s phase=train event=interaction_progress trial=19 partition=0 processed=12700 total=14000 metric=ce epoch=1/1
[pipeline-trace] wall=16:10:30 elapsed=3210.081s phase=train event=interaction_progress trial=19 partition=0 processed=12800 total=14000 metric=ce epoch=1/1
[pipeline-trace] wall=16:10:31 elapsed=3211.240s phase=train event=interaction_progress trial=19 partition=0 processed=12900 total=14000 metric=ce epoch=1/1
[pipeline-trace] wall=16:10:32 elapsed=3212.444s phase=train event=interaction_progress trial=19 partition=0 processed=13000 total=14000 metric=ce epoch=1/1
[pipeline-trace] wall=16:10:33 elapsed=3213.663s phase=train event=interaction_progress trial=19 partition=0 processed=13100 total=14000 metric=ce epoch=1/1
[pipeline-trace] wall=16:10:34 elapsed=3214.862s phase=train event=interaction_progress trial=19 partition=0 processed=13200 total=14000 metric=ce epoch=1/1
[pipeline-trace] wall=16:10:36 elapsed=3216.042s phase=train event=interaction_progress trial=19 partition=0 processed=13300 total=14000 metric=ce epoch=1/1
[pipeline-trace] wall=16:10:37 elapsed=3217.233s phase=train event=interaction_progress trial=19 partition=0 processed=13400 total=14000 metric=ce epoch=1/1
[pipeline-trace] wall=16:10:38 elapsed=3218.462s phase=train event=interaction_progress trial=19 partition=0 processed=13500 total=14000 metric=ce epoch=1/1
[pipeline-trace] wall=16:10:39 elapsed=3219.684s phase=train event=interaction_progress trial=19 partition=0 processed=13600 total=14000 metric=ce epoch=1/1
[pipeline-trace] wall=16:10:40 elapsed=3220.894s phase=train event=interaction_progress trial=19 partition=0 processed=13700 total=14000 metric=ce epoch=1/1
[pipeline-trace] wall=16:10:42 elapsed=3222.118s phase=train event=interaction_progress trial=19 partition=0 processed=13800 total=14000 metric=ce epoch=1/1
[pipeline-trace] wall=16:10:43 elapsed=3223.350s phase=train event=interaction_progress trial=19 partition=0 processed=13900 total=14000 metric=ce epoch=1/1
[pipeline-trace] wall=16:10:44 elapsed=3224.568s phase=train event=interaction_progress trial=19 partition=0 processed=14000 total=14000 metric=ce epoch=1/1
[pipeline-trace] wall=16:10:44 elapsed=3224.795s phase=eval event=batch_start trial=19 partitions=[1] synthetic=False
[pipeline-trace] wall=16:10:44 elapsed=3224.795s phase=eval event=partition_start trial=19 partition=1 interactions=1999
[pipeline-trace] wall=16:10:44 elapsed=3224.795s phase=eval event=interaction_progress trial=19 partition=1 processed=1 total=1999 metric=ranking
[pipeline-trace] wall=16:10:46 elapsed=3226.128s phase=eval event=interaction_progress trial=19 partition=1 processed=100 total=1999 metric=ranking
[pipeline-trace] wall=16:10:47 elapsed=3227.535s phase=eval event=interaction_progress trial=19 partition=1 processed=200 total=1999 metric=ranking
[pipeline-trace] wall=16:10:48 elapsed=3228.871s phase=eval event=interaction_progress trial=19 partition=1 processed=300 total=1999 metric=ranking
[pipeline-trace] wall=16:10:50 elapsed=3230.215s phase=eval event=interaction_progress trial=19 partition=1 processed=400 total=1999 metric=ranking
[pipeline-trace] wall=16:10:51 elapsed=3231.490s phase=eval event=interaction_progress trial=19 partition=1 processed=500 total=1999 metric=ranking
[pipeline-trace] wall=16:10:52 elapsed=3232.768s phase=eval event=interaction_progress trial=19 partition=1 processed=600 total=1999 metric=ranking
[pipeline-trace] wall=16:10:54 elapsed=3234.101s phase=eval event=interaction_progress trial=19 partition=1 processed=700 total=1999 metric=ranking
[pipeline-trace] wall=16:10:55 elapsed=3235.405s phase=eval event=interaction_progress trial=19 partition=1 processed=800 total=1999 metric=ranking
[pipeline-trace] wall=16:10:56 elapsed=3236.765s phase=eval event=interaction_progress trial=19 partition=1 processed=900 total=1999 metric=ranking
[pipeline-trace] wall=16:10:58 elapsed=3238.222s phase=eval event=interaction_progress trial=19 partition=1 processed=1000 total=1999 metric=ranking
[pipeline-trace] wall=16:10:59 elapsed=3239.543s phase=eval event=interaction_progress trial=19 partition=1 processed=1100 total=1999 metric=ranking
[pipeline-trace] wall=16:11:00 elapsed=3240.868s phase=eval event=interaction_progress trial=19 partition=1 processed=1200 total=1999 metric=ranking
[pipeline-trace] wall=16:11:02 elapsed=3242.140s phase=eval event=interaction_progress trial=19 partition=1 processed=1300 total=1999 metric=ranking
[pipeline-trace] wall=16:11:03 elapsed=3243.415s phase=eval event=interaction_progress trial=19 partition=1 processed=1400 total=1999 metric=ranking
[pipeline-trace] wall=16:11:04 elapsed=3244.785s phase=eval event=interaction_progress trial=19 partition=1 processed=1500 total=1999 metric=ranking
[pipeline-trace] wall=16:11:06 elapsed=3246.064s phase=eval event=interaction_progress trial=19 partition=1 processed=1600 total=1999 metric=ranking
[pipeline-trace] wall=16:11:07 elapsed=3247.390s phase=eval event=interaction_progress trial=19 partition=1 processed=1700 total=1999 metric=ranking
[pipeline-trace] wall=16:11:08 elapsed=3248.715s phase=eval event=interaction_progress trial=19 partition=1 processed=1800 total=1999 metric=ranking
[pipeline-trace] wall=16:11:10 elapsed=3250.041s phase=eval event=interaction_progress trial=19 partition=1 processed=1900 total=1999 metric=ranking
[pipeline-trace] wall=16:11:11 elapsed=3251.294s phase=eval event=interaction_progress trial=19 partition=1 processed=1999 total=1999 metric=ranking
[pipeline-trace] wall=16:11:11 elapsed=3251.311s phase=eval event=partition_complete trial=19 partition=1 elapsed_sec=26.516 hits=1942 total=1999
[pipeline-trace] wall=16:11:11 elapsed=3251.493s phase=train event=interaction_progress trial=20 partition=0 processed=1 total=14000 metric=ce epoch=1/1
[pipeline-trace] wall=16:11:12 elapsed=3252.811s phase=train event=interaction_progress trial=20 partition=0 processed=100 total=14000 metric=ce epoch=1/1
[pipeline-trace] wall=16:11:14 elapsed=3254.098s phase=train event=interaction_progress trial=20 partition=0 processed=200 total=14000 metric=ce epoch=1/1
[pipeline-trace] wall=16:11:15 elapsed=3255.357s phase=train event=interaction_progress trial=20 partition=0 processed=300 total=14000 metric=ce epoch=1/1
[pipeline-trace] wall=16:11:23 elapsed=3263.944s phase=train event=interaction_progress trial=20 partition=0 processed=400 total=14000 metric=ce epoch=1/1
[pipeline-trace] wall=16:11:25 elapsed=3265.283s phase=train event=interaction_progress trial=20 partition=0 processed=500 total=14000 metric=ce epoch=1/1
[pipeline-trace] wall=16:11:26 elapsed=3266.630s phase=train event=interaction_progress trial=20 partition=0 processed=600 total=14000 metric=ce epoch=1/1
[pipeline-trace] wall=16:11:27 elapsed=3267.962s phase=train event=interaction_progress trial=20 partition=0 processed=700 total=14000 metric=ce epoch=1/1
[pipeline-trace] wall=16:11:29 elapsed=3269.225s phase=train event=interaction_progress trial=20 partition=0 processed=800 total=14000 metric=ce epoch=1/1
[pipeline-trace] wall=16:11:30 elapsed=3270.486s phase=train event=interaction_progress trial=20 partition=0 processed=900 total=14000 metric=ce epoch=1/1
[pipeline-trace] wall=16:11:31 elapsed=3271.799s phase=train event=interaction_progress trial=20 partition=0 processed=1000 total=14000 metric=ce epoch=1/1
[pipeline-trace] wall=16:11:33 elapsed=3273.031s phase=train event=interaction_progress trial=20 partition=0 processed=1100 total=14000 metric=ce epoch=1/1
[pipeline-trace] wall=16:11:34 elapsed=3274.276s phase=train event=interaction_progress trial=20 partition=0 processed=1200 total=14000 metric=ce epoch=1/1
[pipeline-trace] wall=16:11:35 elapsed=3275.517s phase=train event=interaction_progress trial=20 partition=0 processed=1300 total=14000 metric=ce epoch=1/1
[pipeline-trace] wall=16:11:36 elapsed=3276.788s phase=train event=interaction_progress trial=20 partition=0 processed=1400 total=14000 metric=ce epoch=1/1
[pipeline-trace] wall=16:11:38 elapsed=3278.149s phase=train event=interaction_progress trial=20 partition=0 processed=1500 total=14000 metric=ce epoch=1/1
[pipeline-trace] wall=16:11:39 elapsed=3279.441s phase=train event=interaction_progress trial=20 partition=0 processed=1600 total=14000 metric=ce epoch=1/1
[pipeline-trace] wall=16:11:40 elapsed=3280.759s phase=train event=interaction_progress trial=20 partition=0 processed=1700 total=14000 metric=ce epoch=1/1
[pipeline-trace] wall=16:11:42 elapsed=3282.085s phase=train event=interaction_progress trial=20 partition=0 processed=1800 total=14000 metric=ce epoch=1/1
[pipeline-trace] wall=16:11:43 elapsed=3283.371s phase=train event=interaction_progress trial=20 partition=0 processed=1900 total=14000 metric=ce epoch=1/1
[pipeline-trace] wall=16:11:44 elapsed=3284.692s phase=train event=interaction_progress trial=20 partition=0 processed=2000 total=14000 metric=ce epoch=1/1
[pipeline-trace] wall=16:11:46 elapsed=3285.983s phase=train event=interaction_progress trial=20 partition=0 processed=2100 total=14000 metric=ce epoch=1/1
[pipeline-trace] wall=16:11:47 elapsed=3287.335s phase=train event=interaction_progress trial=20 partition=0 processed=2200 total=14000 metric=ce epoch=1/1
[pipeline-trace] wall=16:11:48 elapsed=3288.632s phase=train event=interaction_progress trial=20 partition=0 processed=2300 total=14000 metric=ce epoch=1/1
[pipeline-trace] wall=16:11:49 elapsed=3289.940s phase=train event=interaction_progress trial=20 partition=0 processed=2400 total=14000 metric=ce epoch=1/1
[pipeline-trace] wall=16:11:51 elapsed=3291.233s phase=train event=interaction_progress trial=20 partition=0 processed=2500 total=14000 metric=ce epoch=1/1
[pipeline-trace] wall=16:11:52 elapsed=3292.486s phase=train event=interaction_progress trial=20 partition=0 processed=2600 total=14000 metric=ce epoch=1/1
[pipeline-trace] wall=16:11:53 elapsed=3293.741s phase=train event=interaction_progress trial=20 partition=0 processed=2700 total=14000 metric=ce epoch=1/1
[pipeline-trace] wall=16:11:55 elapsed=3295.017s phase=train event=interaction_progress trial=20 partition=0 processed=2800 total=14000 metric=ce epoch=1/1
[pipeline-trace] wall=16:11:56 elapsed=3296.342s phase=train event=interaction_progress trial=20 partition=0 processed=2900 total=14000 metric=ce epoch=1/1
[pipeline-trace] wall=16:11:57 elapsed=3297.703s phase=train event=interaction_progress trial=20 partition=0 processed=3000 total=14000 metric=ce epoch=1/1
[pipeline-trace] wall=16:11:59 elapsed=3298.971s phase=train event=interaction_progress trial=20 partition=0 processed=3100 total=14000 metric=ce epoch=1/1
[pipeline-trace] wall=16:12:00 elapsed=3300.300s phase=train event=interaction_progress trial=20 partition=0 processed=3200 total=14000 metric=ce epoch=1/1
[pipeline-trace] wall=16:12:01 elapsed=3301.634s phase=train event=interaction_progress trial=20 partition=0 processed=3300 total=14000 metric=ce epoch=1/1
[pipeline-trace] wall=16:12:02 elapsed=3302.921s phase=train event=interaction_progress trial=20 partition=0 processed=3400 total=14000 metric=ce epoch=1/1
[pipeline-trace] wall=16:12:04 elapsed=3304.211s phase=train event=interaction_progress trial=20 partition=0 processed=3500 total=14000 metric=ce epoch=1/1
[pipeline-trace] wall=16:12:05 elapsed=3305.507s phase=train event=interaction_progress trial=20 partition=0 processed=3600 total=14000 metric=ce epoch=1/1
[pipeline-trace] wall=16:12:06 elapsed=3306.828s phase=train event=interaction_progress trial=20 partition=0 processed=3700 total=14000 metric=ce epoch=1/1
[pipeline-trace] wall=16:12:08 elapsed=3308.125s phase=train event=interaction_progress trial=20 partition=0 processed=3800 total=14000 metric=ce epoch=1/1
[pipeline-trace] wall=16:12:09 elapsed=3309.411s phase=train event=interaction_progress trial=20 partition=0 processed=3900 total=14000 metric=ce epoch=1/1
[pipeline-trace] wall=16:12:10 elapsed=3310.748s phase=train event=interaction_progress trial=20 partition=0 processed=4000 total=14000 metric=ce epoch=1/1
[pipeline-trace] wall=16:12:12 elapsed=3312.158s phase=train event=interaction_progress trial=20 partition=0 processed=4100 total=14000 metric=ce epoch=1/1
[pipeline-trace] wall=16:12:13 elapsed=3313.510s phase=train event=interaction_progress trial=20 partition=0 processed=4200 total=14000 metric=ce epoch=1/1
[pipeline-trace] wall=16:12:14 elapsed=3314.836s phase=train event=interaction_progress trial=20 partition=0 processed=4300 total=14000 metric=ce epoch=1/1
[pipeline-trace] wall=16:12:16 elapsed=3316.132s phase=train event=interaction_progress trial=20 partition=0 processed=4400 total=14000 metric=ce epoch=1/1
[pipeline-trace] wall=16:12:17 elapsed=3317.415s phase=train event=interaction_progress trial=20 partition=0 processed=4500 total=14000 metric=ce epoch=1/1
[pipeline-trace] wall=16:12:18 elapsed=3318.753s phase=train event=interaction_progress trial=20 partition=0 processed=4600 total=14000 metric=ce epoch=1/1
[pipeline-trace] wall=16:12:20 elapsed=3320.014s phase=train event=interaction_progress trial=20 partition=0 processed=4700 total=14000 metric=ce epoch=1/1
[pipeline-trace] wall=16:12:21 elapsed=3321.281s phase=train event=interaction_progress trial=20 partition=0 processed=4800 total=14000 metric=ce epoch=1/1
[pipeline-trace] wall=16:12:22 elapsed=3322.574s phase=train event=interaction_progress trial=20 partition=0 processed=4900 total=14000 metric=ce epoch=1/1
[pipeline-trace] wall=16:12:23 elapsed=3323.831s phase=train event=interaction_progress trial=20 partition=0 processed=5000 total=14000 metric=ce epoch=1/1
[pipeline-trace] wall=16:12:26 elapsed=3326.696s phase=train event=interaction_progress trial=20 partition=0 processed=5100 total=14000 metric=ce epoch=1/1
[pipeline-trace] wall=16:12:28 elapsed=3328.443s phase=train event=interaction_progress trial=20 partition=0 processed=5200 total=14000 metric=ce epoch=1/1
[pipeline-trace] wall=16:12:29 elapsed=3329.875s phase=train event=interaction_progress trial=20 partition=0 processed=5300 total=14000 metric=ce epoch=1/1
[pipeline-trace] wall=16:12:31 elapsed=3331.450s phase=train event=interaction_progress trial=20 partition=0 processed=5400 total=14000 metric=ce epoch=1/1
[pipeline-trace] wall=16:12:32 elapsed=3332.830s phase=train event=interaction_progress trial=20 partition=0 processed=5500 total=14000 metric=ce epoch=1/1
[pipeline-trace] wall=16:12:34 elapsed=3334.105s phase=train event=interaction_progress trial=20 partition=0 processed=5600 total=14000 metric=ce epoch=1/1
[pipeline-trace] wall=16:12:35 elapsed=3335.420s phase=train event=interaction_progress trial=20 partition=0 processed=5700 total=14000 metric=ce epoch=1/1
[pipeline-trace] wall=16:12:36 elapsed=3336.782s phase=train event=interaction_progress trial=20 partition=0 processed=5800 total=14000 metric=ce epoch=1/1
[pipeline-trace] wall=16:12:38 elapsed=3338.080s phase=train event=interaction_progress trial=20 partition=0 processed=5900 total=14000 metric=ce epoch=1/1
[pipeline-trace] wall=16:12:39 elapsed=3339.452s phase=train event=interaction_progress trial=20 partition=0 processed=6000 total=14000 metric=ce epoch=1/1
[pipeline-trace] wall=16:12:40 elapsed=3340.787s phase=train event=interaction_progress trial=20 partition=0 processed=6100 total=14000 metric=ce epoch=1/1
[pipeline-trace] wall=16:12:42 elapsed=3342.086s phase=train event=interaction_progress trial=20 partition=0 processed=6200 total=14000 metric=ce epoch=1/1
[pipeline-trace] wall=16:12:43 elapsed=3343.377s phase=train event=interaction_progress trial=20 partition=0 processed=6300 total=14000 metric=ce epoch=1/1
[pipeline-trace] wall=16:12:44 elapsed=3344.628s phase=train event=interaction_progress trial=20 partition=0 processed=6400 total=14000 metric=ce epoch=1/1
[pipeline-trace] wall=16:12:45 elapsed=3345.830s phase=train event=interaction_progress trial=20 partition=0 processed=6500 total=14000 metric=ce epoch=1/1
[pipeline-trace] wall=16:12:46 elapsed=3346.311s phase=train event=interaction_progress trial=20 partition=0 processed=6600 total=14000 metric=ce epoch=1/1
[pipeline-trace] wall=16:12:46 elapsed=3346.654s phase=train event=interaction_progress trial=20 partition=0 processed=6700 total=14000 metric=ce epoch=1/1
[pipeline-trace] wall=16:12:47 elapsed=3347.073s phase=train event=interaction_progress trial=20 partition=0 processed=6800 total=14000 metric=ce epoch=1/1
[pipeline-trace] wall=16:12:48 elapsed=3348.169s phase=train event=interaction_progress trial=20 partition=0 processed=6900 total=14000 metric=ce epoch=1/1
[pipeline-trace] wall=16:12:48 elapsed=3348.532s phase=train event=interaction_progress trial=20 partition=0 processed=7000 total=14000 metric=ce epoch=1/1
[pipeline-trace] wall=16:12:48 elapsed=3348.851s phase=train event=interaction_progress trial=20 partition=0 processed=7100 total=14000 metric=ce epoch=1/1
[pipeline-trace] wall=16:12:49 elapsed=3349.179s phase=train event=interaction_progress trial=20 partition=0 processed=7200 total=14000 metric=ce epoch=1/1
[pipeline-trace] wall=16:12:49 elapsed=3349.533s phase=train event=interaction_progress trial=20 partition=0 processed=7300 total=14000 metric=ce epoch=1/1
[pipeline-trace] wall=16:12:50 elapsed=3350.653s phase=train event=interaction_progress trial=20 partition=0 processed=7400 total=14000 metric=ce epoch=1/1
[pipeline-trace] wall=16:12:51 elapsed=3351.908s phase=train event=interaction_progress trial=20 partition=0 processed=7500 total=14000 metric=ce epoch=1/1
[pipeline-trace] wall=16:12:53 elapsed=3353.180s phase=train event=interaction_progress trial=20 partition=0 processed=7600 total=14000 metric=ce epoch=1/1
[pipeline-trace] wall=16:12:54 elapsed=3354.457s phase=train event=interaction_progress trial=20 partition=0 processed=7700 total=14000 metric=ce epoch=1/1
[pipeline-trace] wall=16:12:55 elapsed=3355.727s phase=train event=interaction_progress trial=20 partition=0 processed=7800 total=14000 metric=ce epoch=1/1
[pipeline-trace] wall=16:12:57 elapsed=3356.977s phase=train event=interaction_progress trial=20 partition=0 processed=7900 total=14000 metric=ce epoch=1/1
[pipeline-trace] wall=16:12:58 elapsed=3358.258s phase=train event=interaction_progress trial=20 partition=0 processed=8000 total=14000 metric=ce epoch=1/1
[pipeline-trace] wall=16:12:59 elapsed=3359.498s phase=train event=interaction_progress trial=20 partition=0 processed=8100 total=14000 metric=ce epoch=1/1
[pipeline-trace] wall=16:13:00 elapsed=3360.848s phase=train event=interaction_progress trial=20 partition=0 processed=8200 total=14000 metric=ce epoch=1/1
[pipeline-trace] wall=16:13:02 elapsed=3362.104s phase=train event=interaction_progress trial=20 partition=0 processed=8300 total=14000 metric=ce epoch=1/1
[pipeline-trace] wall=16:13:03 elapsed=3363.416s phase=train event=interaction_progress trial=20 partition=0 processed=8400 total=14000 metric=ce epoch=1/1
[pipeline-trace] wall=16:13:04 elapsed=3364.702s phase=train event=interaction_progress trial=20 partition=0 processed=8500 total=14000 metric=ce epoch=1/1
[pipeline-trace] wall=16:13:06 elapsed=3365.998s phase=train event=interaction_progress trial=20 partition=0 processed=8600 total=14000 metric=ce epoch=1/1
[pipeline-trace] wall=16:13:07 elapsed=3367.353s phase=train event=interaction_progress trial=20 partition=0 processed=8700 total=14000 metric=ce epoch=1/1
[pipeline-trace] wall=16:13:08 elapsed=3368.628s phase=train event=interaction_progress trial=20 partition=0 processed=8800 total=14000 metric=ce epoch=1/1
[pipeline-trace] wall=16:13:09 elapsed=3369.887s phase=train event=interaction_progress trial=20 partition=0 processed=8900 total=14000 metric=ce epoch=1/1
[pipeline-trace] wall=16:13:11 elapsed=3371.208s phase=train event=interaction_progress trial=20 partition=0 processed=9000 total=14000 metric=ce epoch=1/1
[pipeline-trace] wall=16:13:12 elapsed=3372.498s phase=train event=interaction_progress trial=20 partition=0 processed=9100 total=14000 metric=ce epoch=1/1
[pipeline-trace] wall=16:13:13 elapsed=3373.745s phase=train event=interaction_progress trial=20 partition=0 processed=9200 total=14000 metric=ce epoch=1/1
[pipeline-trace] wall=16:13:15 elapsed=3375.108s phase=train event=interaction_progress trial=20 partition=0 processed=9300 total=14000 metric=ce epoch=1/1
[pipeline-trace] wall=16:13:16 elapsed=3376.389s phase=train event=interaction_progress trial=20 partition=0 processed=9400 total=14000 metric=ce epoch=1/1
[pipeline-trace] wall=16:13:17 elapsed=3377.801s phase=train event=interaction_progress trial=20 partition=0 processed=9500 total=14000 metric=ce epoch=1/1
[pipeline-trace] wall=16:13:19 elapsed=3379.196s phase=train event=interaction_progress trial=20 partition=0 processed=9600 total=14000 metric=ce epoch=1/1
[pipeline-trace] wall=16:13:20 elapsed=3380.520s phase=train event=interaction_progress trial=20 partition=0 processed=9700 total=14000 metric=ce epoch=1/1
[pipeline-trace] wall=16:13:21 elapsed=3381.820s phase=train event=interaction_progress trial=20 partition=0 processed=9800 total=14000 metric=ce epoch=1/1
[pipeline-trace] wall=16:13:23 elapsed=3383.123s phase=train event=interaction_progress trial=20 partition=0 processed=9900 total=14000 metric=ce epoch=1/1
[pipeline-trace] wall=16:13:24 elapsed=3384.441s phase=train event=interaction_progress trial=20 partition=0 processed=10000 total=14000 metric=ce epoch=1/1
[pipeline-trace] wall=16:13:25 elapsed=3385.745s phase=train event=interaction_progress trial=20 partition=0 processed=10100 total=14000 metric=ce epoch=1/1
[pipeline-trace] wall=16:13:27 elapsed=3387.045s phase=train event=interaction_progress trial=20 partition=0 processed=10200 total=14000 metric=ce epoch=1/1
[pipeline-trace] wall=16:13:28 elapsed=3388.332s phase=train event=interaction_progress trial=20 partition=0 processed=10300 total=14000 metric=ce epoch=1/1
[pipeline-trace] wall=16:13:29 elapsed=3389.587s phase=train event=interaction_progress trial=20 partition=0 processed=10400 total=14000 metric=ce epoch=1/1
[pipeline-trace] wall=16:13:30 elapsed=3390.882s phase=train event=interaction_progress trial=20 partition=0 processed=10500 total=14000 metric=ce epoch=1/1
[pipeline-trace] wall=16:13:32 elapsed=3392.174s phase=train event=interaction_progress trial=20 partition=0 processed=10600 total=14000 metric=ce epoch=1/1
[pipeline-trace] wall=16:13:41 elapsed=3401.106s phase=train event=interaction_progress trial=20 partition=0 processed=10700 total=14000 metric=ce epoch=1/1
[pipeline-trace] wall=16:13:42 elapsed=3402.569s phase=train event=interaction_progress trial=20 partition=0 processed=10800 total=14000 metric=ce epoch=1/1
[pipeline-trace] wall=16:13:43 elapsed=3403.845s phase=train event=interaction_progress trial=20 partition=0 processed=10900 total=14000 metric=ce epoch=1/1
[pipeline-trace] wall=16:13:45 elapsed=3405.148s phase=train event=interaction_progress trial=20 partition=0 processed=11000 total=14000 metric=ce epoch=1/1
[pipeline-trace] wall=16:13:46 elapsed=3406.442s phase=train event=interaction_progress trial=20 partition=0 processed=11100 total=14000 metric=ce epoch=1/1
[pipeline-trace] wall=16:13:47 elapsed=3407.742s phase=train event=interaction_progress trial=20 partition=0 processed=11200 total=14000 metric=ce epoch=1/1
[pipeline-trace] wall=16:13:49 elapsed=3409.003s phase=train event=interaction_progress trial=20 partition=0 processed=11300 total=14000 metric=ce epoch=1/1
[pipeline-trace] wall=16:13:50 elapsed=3410.286s phase=train event=interaction_progress trial=20 partition=0 processed=11400 total=14000 metric=ce epoch=1/1
[pipeline-trace] wall=16:13:51 elapsed=3411.566s phase=train event=interaction_progress trial=20 partition=0 processed=11500 total=14000 metric=ce epoch=1/1
[pipeline-trace] wall=16:13:52 elapsed=3412.837s phase=train event=interaction_progress trial=20 partition=0 processed=11600 total=14000 metric=ce epoch=1/1
[pipeline-trace] wall=16:13:54 elapsed=3414.086s phase=train event=interaction_progress trial=20 partition=0 processed=11700 total=14000 metric=ce epoch=1/1
[pipeline-trace] wall=16:13:55 elapsed=3415.396s phase=train event=interaction_progress trial=20 partition=0 processed=11800 total=14000 metric=ce epoch=1/1
[pipeline-trace] wall=16:13:56 elapsed=3416.647s phase=train event=interaction_progress trial=20 partition=0 processed=11900 total=14000 metric=ce epoch=1/1
[pipeline-trace] wall=16:13:57 elapsed=3417.915s phase=train event=interaction_progress trial=20 partition=0 processed=12000 total=14000 metric=ce epoch=1/1
[pipeline-trace] wall=16:13:59 elapsed=3419.209s phase=train event=interaction_progress trial=20 partition=0 processed=12100 total=14000 metric=ce epoch=1/1
[pipeline-trace] wall=16:14:00 elapsed=3420.500s phase=train event=interaction_progress trial=20 partition=0 processed=12200 total=14000 metric=ce epoch=1/1
[pipeline-trace] wall=16:14:01 elapsed=3421.776s phase=train event=interaction_progress trial=20 partition=0 processed=12300 total=14000 metric=ce epoch=1/1
[pipeline-trace] wall=16:14:03 elapsed=3423.115s phase=train event=interaction_progress trial=20 partition=0 processed=12400 total=14000 metric=ce epoch=1/1
[pipeline-trace] wall=16:14:04 elapsed=3424.434s phase=train event=interaction_progress trial=20 partition=0 processed=12500 total=14000 metric=ce epoch=1/1
[pipeline-trace] wall=16:14:05 elapsed=3425.700s phase=train event=interaction_progress trial=20 partition=0 processed=12600 total=14000 metric=ce epoch=1/1
[pipeline-trace] wall=16:14:07 elapsed=3426.977s phase=train event=interaction_progress trial=20 partition=0 processed=12700 total=14000 metric=ce epoch=1/1
[pipeline-trace] wall=16:14:08 elapsed=3428.224s phase=train event=interaction_progress trial=20 partition=0 processed=12800 total=14000 metric=ce epoch=1/1
[pipeline-trace] wall=16:14:09 elapsed=3429.510s phase=train event=interaction_progress trial=20 partition=0 processed=12900 total=14000 metric=ce epoch=1/1
[pipeline-trace] wall=16:14:10 elapsed=3430.773s phase=train event=interaction_progress trial=20 partition=0 processed=13000 total=14000 metric=ce epoch=1/1
[pipeline-trace] wall=16:14:12 elapsed=3432.024s phase=train event=interaction_progress trial=20 partition=0 processed=13100 total=14000 metric=ce epoch=1/1
[pipeline-trace] wall=16:14:13 elapsed=3433.301s phase=train event=interaction_progress trial=20 partition=0 processed=13200 total=14000 metric=ce epoch=1/1
[pipeline-trace] wall=16:14:14 elapsed=3434.615s phase=train event=interaction_progress trial=20 partition=0 processed=13300 total=14000 metric=ce epoch=1/1
[pipeline-trace] wall=16:14:15 elapsed=3435.933s phase=train event=interaction_progress trial=20 partition=0 processed=13400 total=14000 metric=ce epoch=1/1
[pipeline-trace] wall=16:14:17 elapsed=3437.366s phase=train event=interaction_progress trial=20 partition=0 processed=13500 total=14000 metric=ce epoch=1/1
[pipeline-trace] wall=16:14:18 elapsed=3438.701s phase=train event=interaction_progress trial=20 partition=0 processed=13600 total=14000 metric=ce epoch=1/1
[pipeline-trace] wall=16:14:20 elapsed=3439.985s phase=train event=interaction_progress trial=20 partition=0 processed=13700 total=14000 metric=ce epoch=1/1
[pipeline-trace] wall=16:14:21 elapsed=3441.250s phase=train event=interaction_progress trial=20 partition=0 processed=13800 total=14000 metric=ce epoch=1/1
[pipeline-trace] wall=16:14:22 elapsed=3442.577s phase=train event=interaction_progress trial=20 partition=0 processed=13900 total=14000 metric=ce epoch=1/1
[pipeline-trace] wall=16:14:23 elapsed=3443.823s phase=train event=interaction_progress trial=20 partition=0 processed=14000 total=14000 metric=ce epoch=1/1
[pipeline-trace] wall=16:14:24 elapsed=3444.079s phase=eval event=batch_start trial=20 partitions=[1] synthetic=False
[pipeline-trace] wall=16:14:24 elapsed=3444.079s phase=eval event=partition_start trial=20 partition=1 interactions=1999
[pipeline-trace] wall=16:14:24 elapsed=3444.079s phase=eval event=interaction_progress trial=20 partition=1 processed=1 total=1999 metric=ranking
[pipeline-trace] wall=16:14:25 elapsed=3445.417s phase=eval event=interaction_progress trial=20 partition=1 processed=100 total=1999 metric=ranking
[pipeline-trace] wall=16:14:26 elapsed=3446.853s phase=eval event=interaction_progress trial=20 partition=1 processed=200 total=1999 metric=ranking
[pipeline-trace] wall=16:14:28 elapsed=3448.350s phase=eval event=interaction_progress trial=20 partition=1 processed=300 total=1999 metric=ranking
[pipeline-trace] wall=16:14:29 elapsed=3449.673s phase=eval event=interaction_progress trial=20 partition=1 processed=400 total=1999 metric=ranking
[pipeline-trace] wall=16:14:31 elapsed=3451.075s phase=eval event=interaction_progress trial=20 partition=1 processed=500 total=1999 metric=ranking
[pipeline-trace] wall=16:14:32 elapsed=3452.455s phase=eval event=interaction_progress trial=20 partition=1 processed=600 total=1999 metric=ranking
[pipeline-trace] wall=16:14:33 elapsed=3453.828s phase=eval event=interaction_progress trial=20 partition=1 processed=700 total=1999 metric=ranking
[pipeline-trace] wall=16:14:35 elapsed=3455.208s phase=eval event=interaction_progress trial=20 partition=1 processed=800 total=1999 metric=ranking
[pipeline-trace] wall=16:14:36 elapsed=3456.528s phase=eval event=interaction_progress trial=20 partition=1 processed=900 total=1999 metric=ranking
[pipeline-trace] wall=16:14:37 elapsed=3457.905s phase=eval event=interaction_progress trial=20 partition=1 processed=1000 total=1999 metric=ranking
[pipeline-trace] wall=16:14:39 elapsed=3459.310s phase=eval event=interaction_progress trial=20 partition=1 processed=1100 total=1999 metric=ranking
[pipeline-trace] wall=16:14:40 elapsed=3460.632s phase=eval event=interaction_progress trial=20 partition=1 processed=1200 total=1999 metric=ranking
[pipeline-trace] wall=16:14:48 elapsed=3468.649s phase=eval event=interaction_progress trial=20 partition=1 processed=1300 total=1999 metric=ranking
[pipeline-trace] wall=16:14:50 elapsed=3470.075s phase=eval event=interaction_progress trial=20 partition=1 processed=1400 total=1999 metric=ranking
[pipeline-trace] wall=16:14:51 elapsed=3471.460s phase=eval event=interaction_progress trial=20 partition=1 processed=1500 total=1999 metric=ranking
[pipeline-trace] wall=16:14:52 elapsed=3472.810s phase=eval event=interaction_progress trial=20 partition=1 processed=1600 total=1999 metric=ranking
[pipeline-trace] wall=16:14:54 elapsed=3474.215s phase=eval event=interaction_progress trial=20 partition=1 processed=1700 total=1999 metric=ranking
[pipeline-trace] wall=16:14:55 elapsed=3475.567s phase=eval event=interaction_progress trial=20 partition=1 processed=1800 total=1999 metric=ranking
[pipeline-trace] wall=16:14:56 elapsed=3476.887s phase=eval event=interaction_progress trial=20 partition=1 processed=1900 total=1999 metric=ranking
[pipeline-trace] wall=16:14:58 elapsed=3478.232s phase=eval event=interaction_progress trial=20 partition=1 processed=1999 total=1999 metric=ranking
[pipeline-trace] wall=16:14:58 elapsed=3478.249s phase=eval event=partition_complete trial=20 partition=1 elapsed_sec=34.170 hits=1466 total=1999
[pipeline-trace] wall=16:14:58 elapsed=3478.428s phase=train event=interaction_progress trial=21 partition=0 processed=1 total=14000 metric=ce epoch=1/1
[pipeline-trace] wall=16:15:00 elapsed=3480.119s phase=train event=interaction_progress trial=21 partition=0 processed=100 total=14000 metric=ce epoch=1/1
[pipeline-trace] wall=16:15:01 elapsed=3481.710s phase=train event=interaction_progress trial=21 partition=0 processed=200 total=14000 metric=ce epoch=1/1
[pipeline-trace] wall=16:15:03 elapsed=3483.363s phase=train event=interaction_progress trial=21 partition=0 processed=300 total=14000 metric=ce epoch=1/1
[pipeline-trace] wall=16:15:04 elapsed=3484.954s phase=train event=interaction_progress trial=21 partition=0 processed=400 total=14000 metric=ce epoch=1/1
[pipeline-trace] wall=16:15:06 elapsed=3486.459s phase=train event=interaction_progress trial=21 partition=0 processed=500 total=14000 metric=ce epoch=1/1
[pipeline-trace] wall=16:15:08 elapsed=3488.168s phase=train event=interaction_progress trial=21 partition=0 processed=600 total=14000 metric=ce epoch=1/1
[pipeline-trace] wall=16:15:09 elapsed=3489.826s phase=train event=interaction_progress trial=21 partition=0 processed=700 total=14000 metric=ce epoch=1/1
[pipeline-trace] wall=16:15:11 elapsed=3491.643s phase=train event=interaction_progress trial=21 partition=0 processed=800 total=14000 metric=ce epoch=1/1
[pipeline-trace] wall=16:15:13 elapsed=3493.266s phase=train event=interaction_progress trial=21 partition=0 processed=900 total=14000 metric=ce epoch=1/1
[pipeline-trace] wall=16:15:14 elapsed=3494.820s phase=train event=interaction_progress trial=21 partition=0 processed=1000 total=14000 metric=ce epoch=1/1
[pipeline-trace] wall=16:15:16 elapsed=3496.387s phase=train event=interaction_progress trial=21 partition=0 processed=1100 total=14000 metric=ce epoch=1/1
[pipeline-trace] wall=16:15:17 elapsed=3497.857s phase=train event=interaction_progress trial=21 partition=0 processed=1200 total=14000 metric=ce epoch=1/1
[pipeline-trace] wall=16:15:19 elapsed=3499.363s phase=train event=interaction_progress trial=21 partition=0 processed=1300 total=14000 metric=ce epoch=1/1
[pipeline-trace] wall=16:15:21 elapsed=3501.065s phase=train event=interaction_progress trial=21 partition=0 processed=1400 total=14000 metric=ce epoch=1/1
[pipeline-trace] wall=16:15:22 elapsed=3502.615s phase=train event=interaction_progress trial=21 partition=0 processed=1500 total=14000 metric=ce epoch=1/1
[pipeline-trace] wall=16:15:24 elapsed=3504.280s phase=train event=interaction_progress trial=21 partition=0 processed=1600 total=14000 metric=ce epoch=1/1
[pipeline-trace] wall=16:15:25 elapsed=3505.954s phase=train event=interaction_progress trial=21 partition=0 processed=1700 total=14000 metric=ce epoch=1/1
[pipeline-trace] wall=16:15:27 elapsed=3507.588s phase=train event=interaction_progress trial=21 partition=0 processed=1800 total=14000 metric=ce epoch=1/1
[pipeline-trace] wall=16:15:29 elapsed=3509.259s phase=train event=interaction_progress trial=21 partition=0 processed=1900 total=14000 metric=ce epoch=1/1
[pipeline-trace] wall=16:15:30 elapsed=3510.829s phase=train event=interaction_progress trial=21 partition=0 processed=2000 total=14000 metric=ce epoch=1/1
[pipeline-trace] wall=16:15:32 elapsed=3512.478s phase=train event=interaction_progress trial=21 partition=0 processed=2100 total=14000 metric=ce epoch=1/1
[pipeline-trace] wall=16:15:34 elapsed=3514.191s phase=train event=interaction_progress trial=21 partition=0 processed=2200 total=14000 metric=ce epoch=1/1
[pipeline-trace] wall=16:15:35 elapsed=3515.744s phase=train event=interaction_progress trial=21 partition=0 processed=2300 total=14000 metric=ce epoch=1/1
[pipeline-trace] wall=16:15:37 elapsed=3517.427s phase=train event=interaction_progress trial=21 partition=0 processed=2400 total=14000 metric=ce epoch=1/1
[pipeline-trace] wall=16:15:38 elapsed=3518.943s phase=train event=interaction_progress trial=21 partition=0 processed=2500 total=14000 metric=ce epoch=1/1
[pipeline-trace] wall=16:15:40 elapsed=3520.446s phase=train event=interaction_progress trial=21 partition=0 processed=2600 total=14000 metric=ce epoch=1/1
[pipeline-trace] wall=16:15:42 elapsed=3522.019s phase=train event=interaction_progress trial=21 partition=0 processed=2700 total=14000 metric=ce epoch=1/1
[pipeline-trace] wall=16:15:43 elapsed=3523.593s phase=train event=interaction_progress trial=21 partition=0 processed=2800 total=14000 metric=ce epoch=1/1
[pipeline-trace] wall=16:15:45 elapsed=3525.144s phase=train event=interaction_progress trial=21 partition=0 processed=2900 total=14000 metric=ce epoch=1/1
[pipeline-trace] wall=16:15:46 elapsed=3526.757s phase=train event=interaction_progress trial=21 partition=0 processed=3000 total=14000 metric=ce epoch=1/1
[pipeline-trace] wall=16:15:54 elapsed=3534.291s phase=train event=interaction_progress trial=21 partition=0 processed=3100 total=14000 metric=ce epoch=1/1
[pipeline-trace] wall=16:15:57 elapsed=3537.884s phase=train event=interaction_progress trial=21 partition=0 processed=3200 total=14000 metric=ce epoch=1/1
[pipeline-trace] wall=16:15:59 elapsed=3539.493s phase=train event=interaction_progress trial=21 partition=0 processed=3300 total=14000 metric=ce epoch=1/1
[pipeline-trace] wall=16:16:01 elapsed=3541.116s phase=train event=interaction_progress trial=21 partition=0 processed=3400 total=14000 metric=ce epoch=1/1
[pipeline-trace] wall=16:16:02 elapsed=3542.685s phase=train event=interaction_progress trial=21 partition=0 processed=3500 total=14000 metric=ce epoch=1/1
[pipeline-trace] wall=16:16:04 elapsed=3544.294s phase=train event=interaction_progress trial=21 partition=0 processed=3600 total=14000 metric=ce epoch=1/1
[pipeline-trace] wall=16:16:05 elapsed=3545.889s phase=train event=interaction_progress trial=21 partition=0 processed=3700 total=14000 metric=ce epoch=1/1
[pipeline-trace] wall=16:16:07 elapsed=3547.405s phase=train event=interaction_progress trial=21 partition=0 processed=3800 total=14000 metric=ce epoch=1/1
[pipeline-trace] wall=16:16:08 elapsed=3548.956s phase=train event=interaction_progress trial=21 partition=0 processed=3900 total=14000 metric=ce epoch=1/1
[pipeline-trace] wall=16:16:10 elapsed=3550.580s phase=train event=interaction_progress trial=21 partition=0 processed=4000 total=14000 metric=ce epoch=1/1
[pipeline-trace] wall=16:16:12 elapsed=3552.146s phase=train event=interaction_progress trial=21 partition=0 processed=4100 total=14000 metric=ce epoch=1/1
[pipeline-trace] wall=16:16:13 elapsed=3553.770s phase=train event=interaction_progress trial=21 partition=0 processed=4200 total=14000 metric=ce epoch=1/1
[pipeline-trace] wall=16:16:15 elapsed=3555.296s phase=train event=interaction_progress trial=21 partition=0 processed=4300 total=14000 metric=ce epoch=1/1
[pipeline-trace] wall=16:16:16 elapsed=3556.911s phase=train event=interaction_progress trial=21 partition=0 processed=4400 total=14000 metric=ce epoch=1/1
[pipeline-trace] wall=16:16:18 elapsed=3558.611s phase=train event=interaction_progress trial=21 partition=0 processed=4500 total=14000 metric=ce epoch=1/1
[pipeline-trace] wall=16:16:20 elapsed=3560.128s phase=train event=interaction_progress trial=21 partition=0 processed=4600 total=14000 metric=ce epoch=1/1
[pipeline-trace] wall=16:16:21 elapsed=3561.813s phase=train event=interaction_progress trial=21 partition=0 processed=4700 total=14000 metric=ce epoch=1/1
[pipeline-trace] wall=16:16:23 elapsed=3563.431s phase=train event=interaction_progress trial=21 partition=0 processed=4800 total=14000 metric=ce epoch=1/1
[pipeline-trace] wall=16:16:25 elapsed=3564.987s phase=train event=interaction_progress trial=21 partition=0 processed=4900 total=14000 metric=ce epoch=1/1
[pipeline-trace] wall=16:16:26 elapsed=3566.597s phase=train event=interaction_progress trial=21 partition=0 processed=5000 total=14000 metric=ce epoch=1/1
[pipeline-trace] wall=16:16:28 elapsed=3568.134s phase=train event=interaction_progress trial=21 partition=0 processed=5100 total=14000 metric=ce epoch=1/1
[pipeline-trace] wall=16:16:29 elapsed=3569.641s phase=train event=interaction_progress trial=21 partition=0 processed=5200 total=14000 metric=ce epoch=1/1
[pipeline-trace] wall=16:16:31 elapsed=3571.279s phase=train event=interaction_progress trial=21 partition=0 processed=5300 total=14000 metric=ce epoch=1/1
[pipeline-trace] wall=16:16:32 elapsed=3572.840s phase=train event=interaction_progress trial=21 partition=0 processed=5400 total=14000 metric=ce epoch=1/1
[pipeline-trace] wall=16:16:34 elapsed=3574.415s phase=train event=interaction_progress trial=21 partition=0 processed=5500 total=14000 metric=ce epoch=1/1
[pipeline-trace] wall=16:16:36 elapsed=3576.088s phase=train event=interaction_progress trial=21 partition=0 processed=5600 total=14000 metric=ce epoch=1/1
[pipeline-trace] wall=16:16:37 elapsed=3577.640s phase=train event=interaction_progress trial=21 partition=0 processed=5700 total=14000 metric=ce epoch=1/1
[pipeline-trace] wall=16:16:39 elapsed=3579.356s phase=train event=interaction_progress trial=21 partition=0 processed=5800 total=14000 metric=ce epoch=1/1
[pipeline-trace] wall=16:16:40 elapsed=3580.947s phase=train event=interaction_progress trial=21 partition=0 processed=5900 total=14000 metric=ce epoch=1/1
[pipeline-trace] wall=16:16:42 elapsed=3582.458s phase=train event=interaction_progress trial=21 partition=0 processed=6000 total=14000 metric=ce epoch=1/1
[pipeline-trace] wall=16:16:44 elapsed=3584.107s phase=train event=interaction_progress trial=21 partition=0 processed=6100 total=14000 metric=ce epoch=1/1
[pipeline-trace] wall=16:16:45 elapsed=3585.725s phase=train event=interaction_progress trial=21 partition=0 processed=6200 total=14000 metric=ce epoch=1/1
[pipeline-trace] wall=16:16:47 elapsed=3587.340s phase=train event=interaction_progress trial=21 partition=0 processed=6300 total=14000 metric=ce epoch=1/1
[pipeline-trace] wall=16:16:48 elapsed=3588.910s phase=train event=interaction_progress trial=21 partition=0 processed=6400 total=14000 metric=ce epoch=1/1
[pipeline-trace] wall=16:16:50 elapsed=3590.424s phase=train event=interaction_progress trial=21 partition=0 processed=6500 total=14000 metric=ce epoch=1/1
[pipeline-trace] wall=16:16:52 elapsed=3591.988s phase=train event=interaction_progress trial=21 partition=0 processed=6600 total=14000 metric=ce epoch=1/1
[pipeline-trace] wall=16:16:53 elapsed=3593.656s phase=train event=interaction_progress trial=21 partition=0 processed=6700 total=14000 metric=ce epoch=1/1
[pipeline-trace] wall=16:16:55 elapsed=3595.243s phase=train event=interaction_progress trial=21 partition=0 processed=6800 total=14000 metric=ce epoch=1/1
[pipeline-trace] wall=16:16:59 elapsed=3599.578s phase=train event=interaction_progress trial=21 partition=0 processed=6900 total=14000 metric=ce epoch=1/1
[pipeline-trace] wall=16:17:02 elapsed=3602.034s phase=train event=interaction_progress trial=21 partition=0 processed=7000 total=14000 metric=ce epoch=1/1
[pipeline-trace] wall=16:17:03 elapsed=3603.455s phase=train event=interaction_progress trial=21 partition=0 processed=7100 total=14000 metric=ce epoch=1/1
[pipeline-trace] wall=16:17:04 elapsed=3604.931s phase=train event=interaction_progress trial=21 partition=0 processed=7200 total=14000 metric=ce epoch=1/1
[pipeline-trace] wall=16:17:06 elapsed=3606.522s phase=train event=interaction_progress trial=21 partition=0 processed=7300 total=14000 metric=ce epoch=1/1
[pipeline-trace] wall=16:17:08 elapsed=3608.086s phase=train event=interaction_progress trial=21 partition=0 processed=7400 total=14000 metric=ce epoch=1/1
[pipeline-trace] wall=16:17:09 elapsed=3609.665s phase=train event=interaction_progress trial=21 partition=0 processed=7500 total=14000 metric=ce epoch=1/1
[pipeline-trace] wall=16:17:11 elapsed=3611.366s phase=train event=interaction_progress trial=21 partition=0 processed=7600 total=14000 metric=ce epoch=1/1
[pipeline-trace] wall=16:17:13 elapsed=3612.964s phase=train event=interaction_progress trial=21 partition=0 processed=7700 total=14000 metric=ce epoch=1/1
[pipeline-trace] wall=16:17:14 elapsed=3614.681s phase=train event=interaction_progress trial=21 partition=0 processed=7800 total=14000 metric=ce epoch=1/1
[pipeline-trace] wall=16:17:16 elapsed=3616.321s phase=train event=interaction_progress trial=21 partition=0 processed=7900 total=14000 metric=ce epoch=1/1
[pipeline-trace] wall=16:17:17 elapsed=3617.826s phase=train event=interaction_progress trial=21 partition=0 processed=8000 total=14000 metric=ce epoch=1/1
[pipeline-trace] wall=16:17:19 elapsed=3619.437s phase=train event=interaction_progress trial=21 partition=0 processed=8100 total=14000 metric=ce epoch=1/1
[pipeline-trace] wall=16:17:21 elapsed=3621.005s phase=train event=interaction_progress trial=21 partition=0 processed=8200 total=14000 metric=ce epoch=1/1
[pipeline-trace] wall=16:17:22 elapsed=3622.615s phase=train event=interaction_progress trial=21 partition=0 processed=8300 total=14000 metric=ce epoch=1/1
[pipeline-trace] wall=16:17:24 elapsed=3624.201s phase=train event=interaction_progress trial=21 partition=0 processed=8400 total=14000 metric=ce epoch=1/1
[pipeline-trace] wall=16:17:25 elapsed=3625.819s phase=train event=interaction_progress trial=21 partition=0 processed=8500 total=14000 metric=ce epoch=1/1
[pipeline-trace] wall=16:17:27 elapsed=3627.516s phase=train event=interaction_progress trial=21 partition=0 processed=8600 total=14000 metric=ce epoch=1/1
[pipeline-trace] wall=16:17:29 elapsed=3629.141s phase=train event=interaction_progress trial=21 partition=0 processed=8700 total=14000 metric=ce epoch=1/1
[pipeline-trace] wall=16:17:30 elapsed=3630.778s phase=train event=interaction_progress trial=21 partition=0 processed=8800 total=14000 metric=ce epoch=1/1
[pipeline-trace] wall=16:17:32 elapsed=3632.486s phase=train event=interaction_progress trial=21 partition=0 processed=8900 total=14000 metric=ce epoch=1/1
[pipeline-trace] wall=16:17:34 elapsed=3634.054s phase=train event=interaction_progress trial=21 partition=0 processed=9000 total=14000 metric=ce epoch=1/1
[pipeline-trace] wall=16:17:35 elapsed=3635.752s phase=train event=interaction_progress trial=21 partition=0 processed=9100 total=14000 metric=ce epoch=1/1
[pipeline-trace] wall=16:17:37 elapsed=3637.449s phase=train event=interaction_progress trial=21 partition=0 processed=9200 total=14000 metric=ce epoch=1/1
[pipeline-trace] wall=16:17:39 elapsed=3639.155s phase=train event=interaction_progress trial=21 partition=0 processed=9300 total=14000 metric=ce epoch=1/1
[pipeline-trace] wall=16:17:40 elapsed=3640.907s phase=train event=interaction_progress trial=21 partition=0 processed=9400 total=14000 metric=ce epoch=1/1
[pipeline-trace] wall=16:17:42 elapsed=3642.544s phase=train event=interaction_progress trial=21 partition=0 processed=9500 total=14000 metric=ce epoch=1/1
[pipeline-trace] wall=16:17:44 elapsed=3644.285s phase=train event=interaction_progress trial=21 partition=0 processed=9600 total=14000 metric=ce epoch=1/1
[pipeline-trace] wall=16:17:45 elapsed=3645.897s phase=train event=interaction_progress trial=21 partition=0 processed=9700 total=14000 metric=ce epoch=1/1
[pipeline-trace] wall=16:17:47 elapsed=3647.628s phase=train event=interaction_progress trial=21 partition=0 processed=9800 total=14000 metric=ce epoch=1/1
[pipeline-trace] wall=16:17:49 elapsed=3649.222s phase=train event=interaction_progress trial=21 partition=0 processed=9900 total=14000 metric=ce epoch=1/1
[pipeline-trace] wall=16:17:50 elapsed=3650.907s phase=train event=interaction_progress trial=21 partition=0 processed=10000 total=14000 metric=ce epoch=1/1
[pipeline-trace] wall=16:17:52 elapsed=3652.435s phase=train event=interaction_progress trial=21 partition=0 processed=10100 total=14000 metric=ce epoch=1/1
[pipeline-trace] wall=16:17:54 elapsed=3654.024s phase=train event=interaction_progress trial=21 partition=0 processed=10200 total=14000 metric=ce epoch=1/1
[pipeline-trace] wall=16:17:55 elapsed=3655.712s phase=train event=interaction_progress trial=21 partition=0 processed=10300 total=14000 metric=ce epoch=1/1
[pipeline-trace] wall=16:17:57 elapsed=3657.331s phase=train event=interaction_progress trial=21 partition=0 processed=10400 total=14000 metric=ce epoch=1/1
[pipeline-trace] wall=16:17:59 elapsed=3659.031s phase=train event=interaction_progress trial=21 partition=0 processed=10500 total=14000 metric=ce epoch=1/1
[pipeline-trace] wall=16:18:00 elapsed=3660.700s phase=train event=interaction_progress trial=21 partition=0 processed=10600 total=14000 metric=ce epoch=1/1
[pipeline-trace] wall=16:18:04 elapsed=3664.609s phase=train event=interaction_progress trial=21 partition=0 processed=10700 total=14000 metric=ce epoch=1/1
[pipeline-trace] wall=16:18:06 elapsed=3665.980s phase=train event=interaction_progress trial=21 partition=0 processed=10800 total=14000 metric=ce epoch=1/1
[pipeline-trace] wall=16:18:07 elapsed=3667.358s phase=train event=interaction_progress trial=21 partition=0 processed=10900 total=14000 metric=ce epoch=1/1
[pipeline-trace] wall=16:18:08 elapsed=3668.852s phase=train event=interaction_progress trial=21 partition=0 processed=11000 total=14000 metric=ce epoch=1/1
[pipeline-trace] wall=16:18:10 elapsed=3670.314s phase=train event=interaction_progress trial=21 partition=0 processed=11100 total=14000 metric=ce epoch=1/1
[pipeline-trace] wall=16:18:11 elapsed=3671.805s phase=train event=interaction_progress trial=21 partition=0 processed=11200 total=14000 metric=ce epoch=1/1
[pipeline-trace] wall=16:18:13 elapsed=3673.238s phase=train event=interaction_progress trial=21 partition=0 processed=11300 total=14000 metric=ce epoch=1/1
[pipeline-trace] wall=16:18:14 elapsed=3674.837s phase=train event=interaction_progress trial=21 partition=0 processed=11400 total=14000 metric=ce epoch=1/1
[pipeline-trace] wall=16:18:16 elapsed=3676.359s phase=train event=interaction_progress trial=21 partition=0 processed=11500 total=14000 metric=ce epoch=1/1
[pipeline-trace] wall=16:18:18 elapsed=3678.063s phase=train event=interaction_progress trial=21 partition=0 processed=11600 total=14000 metric=ce epoch=1/1
[pipeline-trace] wall=16:18:19 elapsed=3679.712s phase=train event=interaction_progress trial=21 partition=0 processed=11700 total=14000 metric=ce epoch=1/1
[pipeline-trace] wall=16:18:21 elapsed=3681.378s phase=train event=interaction_progress trial=21 partition=0 processed=11800 total=14000 metric=ce epoch=1/1
[pipeline-trace] wall=16:18:23 elapsed=3683.010s phase=train event=interaction_progress trial=21 partition=0 processed=11900 total=14000 metric=ce epoch=1/1
[pipeline-trace] wall=16:18:24 elapsed=3684.611s phase=train event=interaction_progress trial=21 partition=0 processed=12000 total=14000 metric=ce epoch=1/1
[pipeline-trace] wall=16:18:26 elapsed=3686.330s phase=train event=interaction_progress trial=21 partition=0 processed=12100 total=14000 metric=ce epoch=1/1
[pipeline-trace] wall=16:18:28 elapsed=3687.969s phase=train event=interaction_progress trial=21 partition=0 processed=12200 total=14000 metric=ce epoch=1/1
[pipeline-trace] wall=16:18:29 elapsed=3689.672s phase=train event=interaction_progress trial=21 partition=0 processed=12300 total=14000 metric=ce epoch=1/1
[pipeline-trace] wall=16:18:31 elapsed=3691.213s phase=train event=interaction_progress trial=21 partition=0 processed=12400 total=14000 metric=ce epoch=1/1
[pipeline-trace] wall=16:18:32 elapsed=3692.813s phase=train event=interaction_progress trial=21 partition=0 processed=12500 total=14000 metric=ce epoch=1/1
[pipeline-trace] wall=16:18:34 elapsed=3694.508s phase=train event=interaction_progress trial=21 partition=0 processed=12600 total=14000 metric=ce epoch=1/1
[pipeline-trace] wall=16:18:36 elapsed=3696.080s phase=train event=interaction_progress trial=21 partition=0 processed=12700 total=14000 metric=ce epoch=1/1
[pipeline-trace] wall=16:18:37 elapsed=3697.732s phase=train event=interaction_progress trial=21 partition=0 processed=12800 total=14000 metric=ce epoch=1/1
[pipeline-trace] wall=16:18:39 elapsed=3699.406s phase=train event=interaction_progress trial=21 partition=0 processed=12900 total=14000 metric=ce epoch=1/1
[pipeline-trace] wall=16:18:41 elapsed=3701.061s phase=train event=interaction_progress trial=21 partition=0 processed=13000 total=14000 metric=ce epoch=1/1
[pipeline-trace] wall=16:18:42 elapsed=3702.722s phase=train event=interaction_progress trial=21 partition=0 processed=13100 total=14000 metric=ce epoch=1/1
[pipeline-trace] wall=16:18:44 elapsed=3704.335s phase=train event=interaction_progress trial=21 partition=0 processed=13200 total=14000 metric=ce epoch=1/1
[pipeline-trace] wall=16:18:46 elapsed=3706.042s phase=train event=interaction_progress trial=21 partition=0 processed=13300 total=14000 metric=ce epoch=1/1
[pipeline-trace] wall=16:18:47 elapsed=3707.674s phase=train event=interaction_progress trial=21 partition=0 processed=13400 total=14000 metric=ce epoch=1/1
[pipeline-trace] wall=16:18:49 elapsed=3709.340s phase=train event=interaction_progress trial=21 partition=0 processed=13500 total=14000 metric=ce epoch=1/1
[pipeline-trace] wall=16:18:51 elapsed=3711.004s phase=train event=interaction_progress trial=21 partition=0 processed=13600 total=14000 metric=ce epoch=1/1
[pipeline-trace] wall=16:18:52 elapsed=3712.710s phase=train event=interaction_progress trial=21 partition=0 processed=13700 total=14000 metric=ce epoch=1/1
[pipeline-trace] wall=16:18:54 elapsed=3714.405s phase=train event=interaction_progress trial=21 partition=0 processed=13800 total=14000 metric=ce epoch=1/1
[pipeline-trace] wall=16:18:56 elapsed=3716.048s phase=train event=interaction_progress trial=21 partition=0 processed=13900 total=14000 metric=ce epoch=1/1
[pipeline-trace] wall=16:18:57 elapsed=3717.815s phase=train event=interaction_progress trial=21 partition=0 processed=14000 total=14000 metric=ce epoch=1/1
[pipeline-trace] wall=16:18:58 elapsed=3717.992s phase=eval event=batch_start trial=21 partitions=[1] synthetic=False
[pipeline-trace] wall=16:18:58 elapsed=3717.992s phase=eval event=partition_start trial=21 partition=1 interactions=1999
[pipeline-trace] wall=16:18:58 elapsed=3717.992s phase=eval event=interaction_progress trial=21 partition=1 processed=1 total=1999 metric=ranking
[pipeline-trace] wall=16:18:59 elapsed=3719.477s phase=eval event=interaction_progress trial=21 partition=1 processed=100 total=1999 metric=ranking
[pipeline-trace] wall=16:18:59 elapsed=3719.651s phase=eval event=interaction_progress trial=21 partition=1 processed=200 total=1999 metric=ranking
[pipeline-trace] wall=16:18:59 elapsed=3719.824s phase=eval event=interaction_progress trial=21 partition=1 processed=300 total=1999 metric=ranking
[pipeline-trace] wall=16:19:00 elapsed=3719.996s phase=eval event=interaction_progress trial=21 partition=1 processed=400 total=1999 metric=ranking
[pipeline-trace] wall=16:19:00 elapsed=3720.162s phase=eval event=interaction_progress trial=21 partition=1 processed=500 total=1999 metric=ranking
[pipeline-trace] wall=16:19:00 elapsed=3720.328s phase=eval event=interaction_progress trial=21 partition=1 processed=600 total=1999 metric=ranking
[pipeline-trace] wall=16:19:00 elapsed=3720.493s phase=eval event=interaction_progress trial=21 partition=1 processed=700 total=1999 metric=ranking
[pipeline-trace] wall=16:19:01 elapsed=3721.638s phase=eval event=interaction_progress trial=21 partition=1 processed=800 total=1999 metric=ranking
[pipeline-trace] wall=16:19:01 elapsed=3721.794s phase=eval event=interaction_progress trial=21 partition=1 processed=900 total=1999 metric=ranking
[pipeline-trace] wall=16:19:01 elapsed=3721.927s phase=eval event=interaction_progress trial=21 partition=1 processed=1000 total=1999 metric=ranking
[pipeline-trace] wall=16:19:02 elapsed=3722.060s phase=eval event=interaction_progress trial=21 partition=1 processed=1100 total=1999 metric=ranking
[pipeline-trace] wall=16:19:02 elapsed=3722.199s phase=eval event=interaction_progress trial=21 partition=1 processed=1200 total=1999 metric=ranking
[pipeline-trace] wall=16:19:02 elapsed=3722.346s phase=eval event=interaction_progress trial=21 partition=1 processed=1300 total=1999 metric=ranking
[pipeline-trace] wall=16:19:02 elapsed=3722.477s phase=eval event=interaction_progress trial=21 partition=1 processed=1400 total=1999 metric=ranking
[pipeline-trace] wall=16:19:02 elapsed=3722.610s phase=eval event=interaction_progress trial=21 partition=1 processed=1500 total=1999 metric=ranking
[pipeline-trace] wall=16:19:02 elapsed=3722.743s phase=eval event=interaction_progress trial=21 partition=1 processed=1600 total=1999 metric=ranking
[pipeline-trace] wall=16:19:02 elapsed=3722.875s phase=eval event=interaction_progress trial=21 partition=1 processed=1700 total=1999 metric=ranking
[pipeline-trace] wall=16:19:03 elapsed=3723.007s phase=eval event=interaction_progress trial=21 partition=1 processed=1800 total=1999 metric=ranking
[pipeline-trace] wall=16:19:03 elapsed=3723.140s phase=eval event=interaction_progress trial=21 partition=1 processed=1900 total=1999 metric=ranking
[pipeline-trace] wall=16:19:03 elapsed=3723.424s phase=eval event=interaction_progress trial=21 partition=1 processed=1999 total=1999 metric=ranking
[pipeline-trace] wall=16:19:03 elapsed=3723.438s phase=eval event=partition_complete trial=21 partition=1 elapsed_sec=5.446 hits=1151 total=1999
[pipeline-trace] wall=16:19:03 elapsed=3723.558s phase=train event=interaction_progress trial=22 partition=0 processed=1 total=14000 metric=ce epoch=1/1
[pipeline-trace] wall=16:19:04 elapsed=3724.950s phase=train event=interaction_progress trial=22 partition=0 processed=100 total=14000 metric=ce epoch=1/1
[pipeline-trace] wall=16:19:06 elapsed=3726.589s phase=train event=interaction_progress trial=22 partition=0 processed=200 total=14000 metric=ce epoch=1/1
[pipeline-trace] wall=16:19:08 elapsed=3728.123s phase=train event=interaction_progress trial=22 partition=0 processed=300 total=14000 metric=ce epoch=1/1
[pipeline-trace] wall=16:19:09 elapsed=3729.529s phase=train event=interaction_progress trial=22 partition=0 processed=400 total=14000 metric=ce epoch=1/1
[pipeline-trace] wall=16:19:15 elapsed=3735.413s phase=train event=interaction_progress trial=22 partition=0 processed=500 total=14000 metric=ce epoch=1/1
[pipeline-trace] wall=16:19:18 elapsed=3738.948s phase=train event=interaction_progress trial=22 partition=0 processed=600 total=14000 metric=ce epoch=1/1
[pipeline-trace] wall=16:19:20 elapsed=3740.529s phase=train event=interaction_progress trial=22 partition=0 processed=700 total=14000 metric=ce epoch=1/1
[pipeline-trace] wall=16:19:22 elapsed=3742.129s phase=train event=interaction_progress trial=22 partition=0 processed=800 total=14000 metric=ce epoch=1/1
[pipeline-trace] wall=16:19:23 elapsed=3743.776s phase=train event=interaction_progress trial=22 partition=0 processed=900 total=14000 metric=ce epoch=1/1
[pipeline-trace] wall=16:19:25 elapsed=3745.282s phase=train event=interaction_progress trial=22 partition=0 processed=1000 total=14000 metric=ce epoch=1/1
[pipeline-trace] wall=16:19:26 elapsed=3746.844s phase=train event=interaction_progress trial=22 partition=0 processed=1100 total=14000 metric=ce epoch=1/1
[pipeline-trace] wall=16:19:28 elapsed=3748.396s phase=train event=interaction_progress trial=22 partition=0 processed=1200 total=14000 metric=ce epoch=1/1
[pipeline-trace] wall=16:19:29 elapsed=3749.871s phase=train event=interaction_progress trial=22 partition=0 processed=1300 total=14000 metric=ce epoch=1/1
[pipeline-trace] wall=16:19:31 elapsed=3751.432s phase=train event=interaction_progress trial=22 partition=0 processed=1400 total=14000 metric=ce epoch=1/1
[pipeline-trace] wall=16:19:33 elapsed=3753.062s phase=train event=interaction_progress trial=22 partition=0 processed=1500 total=14000 metric=ce epoch=1/1
[pipeline-trace] wall=16:19:34 elapsed=3754.606s phase=train event=interaction_progress trial=22 partition=0 processed=1600 total=14000 metric=ce epoch=1/1
[pipeline-trace] wall=16:19:36 elapsed=3756.241s phase=train event=interaction_progress trial=22 partition=0 processed=1700 total=14000 metric=ce epoch=1/1
[pipeline-trace] wall=16:19:37 elapsed=3757.893s phase=train event=interaction_progress trial=22 partition=0 processed=1800 total=14000 metric=ce epoch=1/1
[pipeline-trace] wall=16:19:39 elapsed=3759.407s phase=train event=interaction_progress trial=22 partition=0 processed=1900 total=14000 metric=ce epoch=1/1
[pipeline-trace] wall=16:19:41 elapsed=3761.017s phase=train event=interaction_progress trial=22 partition=0 processed=2000 total=14000 metric=ce epoch=1/1
[pipeline-trace] wall=16:19:42 elapsed=3762.545s phase=train event=interaction_progress trial=22 partition=0 processed=2100 total=14000 metric=ce epoch=1/1
[pipeline-trace] wall=16:19:44 elapsed=3763.969s phase=train event=interaction_progress trial=22 partition=0 processed=2200 total=14000 metric=ce epoch=1/1
[pipeline-trace] wall=16:19:45 elapsed=3765.527s phase=train event=interaction_progress trial=22 partition=0 processed=2300 total=14000 metric=ce epoch=1/1
[pipeline-trace] wall=16:19:47 elapsed=3767.190s phase=train event=interaction_progress trial=22 partition=0 processed=2400 total=14000 metric=ce epoch=1/1
[pipeline-trace] wall=16:19:48 elapsed=3768.774s phase=train event=interaction_progress trial=22 partition=0 processed=2500 total=14000 metric=ce epoch=1/1
[pipeline-trace] wall=16:19:50 elapsed=3770.605s phase=train event=interaction_progress trial=22 partition=0 processed=2600 total=14000 metric=ce epoch=1/1
[pipeline-trace] wall=16:19:52 elapsed=3772.242s phase=train event=interaction_progress trial=22 partition=0 processed=2700 total=14000 metric=ce epoch=1/1
[pipeline-trace] wall=16:19:53 elapsed=3773.923s phase=train event=interaction_progress trial=22 partition=0 processed=2800 total=14000 metric=ce epoch=1/1
[pipeline-trace] wall=16:19:55 elapsed=3775.560s phase=train event=interaction_progress trial=22 partition=0 processed=2900 total=14000 metric=ce epoch=1/1
[pipeline-trace] wall=16:19:57 elapsed=3777.234s phase=train event=interaction_progress trial=22 partition=0 processed=3000 total=14000 metric=ce epoch=1/1
[pipeline-trace] wall=16:19:58 elapsed=3778.883s phase=train event=interaction_progress trial=22 partition=0 processed=3100 total=14000 metric=ce epoch=1/1
[pipeline-trace] wall=16:20:00 elapsed=3780.479s phase=train event=interaction_progress trial=22 partition=0 processed=3200 total=14000 metric=ce epoch=1/1
[pipeline-trace] wall=16:20:02 elapsed=3782.148s phase=train event=interaction_progress trial=22 partition=0 processed=3300 total=14000 metric=ce epoch=1/1
[pipeline-trace] wall=16:20:03 elapsed=3783.730s phase=train event=interaction_progress trial=22 partition=0 processed=3400 total=14000 metric=ce epoch=1/1
[pipeline-trace] wall=16:20:05 elapsed=3785.362s phase=train event=interaction_progress trial=22 partition=0 processed=3500 total=14000 metric=ce epoch=1/1
[pipeline-trace] wall=16:20:06 elapsed=3786.944s phase=train event=interaction_progress trial=22 partition=0 processed=3600 total=14000 metric=ce epoch=1/1
[pipeline-trace] wall=16:20:08 elapsed=3788.434s phase=train event=interaction_progress trial=22 partition=0 processed=3700 total=14000 metric=ce epoch=1/1
[pipeline-trace] wall=16:20:10 elapsed=3790.074s phase=train event=interaction_progress trial=22 partition=0 processed=3800 total=14000 metric=ce epoch=1/1
[pipeline-trace] wall=16:20:11 elapsed=3791.682s phase=train event=interaction_progress trial=22 partition=0 processed=3900 total=14000 metric=ce epoch=1/1
[pipeline-trace] wall=16:20:13 elapsed=3793.270s phase=train event=interaction_progress trial=22 partition=0 processed=4000 total=14000 metric=ce epoch=1/1
[pipeline-trace] wall=16:20:14 elapsed=3794.916s phase=train event=interaction_progress trial=22 partition=0 processed=4100 total=14000 metric=ce epoch=1/1
[pipeline-trace] wall=16:20:16 elapsed=3796.471s phase=train event=interaction_progress trial=22 partition=0 processed=4200 total=14000 metric=ce epoch=1/1
[pipeline-trace] wall=16:20:20 elapsed=3800.046s phase=train event=interaction_progress trial=22 partition=0 processed=4300 total=14000 metric=ce epoch=1/1
[pipeline-trace] wall=16:20:22 elapsed=3802.605s phase=train event=interaction_progress trial=22 partition=0 processed=4400 total=14000 metric=ce epoch=1/1
[pipeline-trace] wall=16:20:24 elapsed=3804.163s phase=train event=interaction_progress trial=22 partition=0 processed=4500 total=14000 metric=ce epoch=1/1
[pipeline-trace] wall=16:20:25 elapsed=3805.720s phase=train event=interaction_progress trial=22 partition=0 processed=4600 total=14000 metric=ce epoch=1/1
[pipeline-trace] wall=16:20:27 elapsed=3807.264s phase=train event=interaction_progress trial=22 partition=0 processed=4700 total=14000 metric=ce epoch=1/1
[pipeline-trace] wall=16:20:28 elapsed=3808.856s phase=train event=interaction_progress trial=22 partition=0 processed=4800 total=14000 metric=ce epoch=1/1
[pipeline-trace] wall=16:20:30 elapsed=3810.443s phase=train event=interaction_progress trial=22 partition=0 processed=4900 total=14000 metric=ce epoch=1/1
[pipeline-trace] wall=16:20:32 elapsed=3812.043s phase=train event=interaction_progress trial=22 partition=0 processed=5000 total=14000 metric=ce epoch=1/1
[pipeline-trace] wall=16:20:33 elapsed=3813.552s phase=train event=interaction_progress trial=22 partition=0 processed=5100 total=14000 metric=ce epoch=1/1
[pipeline-trace] wall=16:20:35 elapsed=3815.071s phase=train event=interaction_progress trial=22 partition=0 processed=5200 total=14000 metric=ce epoch=1/1
[pipeline-trace] wall=16:20:36 elapsed=3816.659s phase=train event=interaction_progress trial=22 partition=0 processed=5300 total=14000 metric=ce epoch=1/1
[pipeline-trace] wall=16:20:38 elapsed=3818.274s phase=train event=interaction_progress trial=22 partition=0 processed=5400 total=14000 metric=ce epoch=1/1
[pipeline-trace] wall=16:20:39 elapsed=3819.817s phase=train event=interaction_progress trial=22 partition=0 processed=5500 total=14000 metric=ce epoch=1/1
[pipeline-trace] wall=16:20:41 elapsed=3821.342s phase=train event=interaction_progress trial=22 partition=0 processed=5600 total=14000 metric=ce epoch=1/1
[pipeline-trace] wall=16:20:42 elapsed=3822.884s phase=train event=interaction_progress trial=22 partition=0 processed=5700 total=14000 metric=ce epoch=1/1
[pipeline-trace] wall=16:20:44 elapsed=3824.405s phase=train event=interaction_progress trial=22 partition=0 processed=5800 total=14000 metric=ce epoch=1/1
[pipeline-trace] wall=16:20:45 elapsed=3825.939s phase=train event=interaction_progress trial=22 partition=0 processed=5900 total=14000 metric=ce epoch=1/1
[pipeline-trace] wall=16:20:47 elapsed=3827.574s phase=train event=interaction_progress trial=22 partition=0 processed=6000 total=14000 metric=ce epoch=1/1
[pipeline-trace] wall=16:20:49 elapsed=3829.155s phase=train event=interaction_progress trial=22 partition=0 processed=6100 total=14000 metric=ce epoch=1/1
[pipeline-trace] wall=16:20:50 elapsed=3830.702s phase=train event=interaction_progress trial=22 partition=0 processed=6200 total=14000 metric=ce epoch=1/1
[pipeline-trace] wall=16:20:52 elapsed=3832.347s phase=train event=interaction_progress trial=22 partition=0 processed=6300 total=14000 metric=ce epoch=1/1
[pipeline-trace] wall=16:20:54 elapsed=3833.970s phase=train event=interaction_progress trial=22 partition=0 processed=6400 total=14000 metric=ce epoch=1/1
[pipeline-trace] wall=16:20:55 elapsed=3835.589s phase=train event=interaction_progress trial=22 partition=0 processed=6500 total=14000 metric=ce epoch=1/1
[pipeline-trace] wall=16:20:57 elapsed=3837.241s phase=train event=interaction_progress trial=22 partition=0 processed=6600 total=14000 metric=ce epoch=1/1
[pipeline-trace] wall=16:20:58 elapsed=3838.807s phase=train event=interaction_progress trial=22 partition=0 processed=6700 total=14000 metric=ce epoch=1/1
[pipeline-trace] wall=16:21:00 elapsed=3840.472s phase=train event=interaction_progress trial=22 partition=0 processed=6800 total=14000 metric=ce epoch=1/1
[pipeline-trace] wall=16:21:02 elapsed=3842.015s phase=train event=interaction_progress trial=22 partition=0 processed=6900 total=14000 metric=ce epoch=1/1
[pipeline-trace] wall=16:21:03 elapsed=3843.574s phase=train event=interaction_progress trial=22 partition=0 processed=7000 total=14000 metric=ce epoch=1/1
[pipeline-trace] wall=16:21:05 elapsed=3845.123s phase=train event=interaction_progress trial=22 partition=0 processed=7100 total=14000 metric=ce epoch=1/1
[pipeline-trace] wall=16:21:06 elapsed=3846.575s phase=train event=interaction_progress trial=22 partition=0 processed=7200 total=14000 metric=ce epoch=1/1
[pipeline-trace] wall=16:21:08 elapsed=3848.067s phase=train event=interaction_progress trial=22 partition=0 processed=7300 total=14000 metric=ce epoch=1/1
[pipeline-trace] wall=16:21:09 elapsed=3849.600s phase=train event=interaction_progress trial=22 partition=0 processed=7400 total=14000 metric=ce epoch=1/1
[pipeline-trace] wall=16:21:11 elapsed=3851.180s phase=train event=interaction_progress trial=22 partition=0 processed=7500 total=14000 metric=ce epoch=1/1
[pipeline-trace] wall=16:21:12 elapsed=3852.739s phase=train event=interaction_progress trial=22 partition=0 processed=7600 total=14000 metric=ce epoch=1/1
[pipeline-trace] wall=16:21:14 elapsed=3854.294s phase=train event=interaction_progress trial=22 partition=0 processed=7700 total=14000 metric=ce epoch=1/1
[pipeline-trace] wall=16:21:15 elapsed=3855.928s phase=train event=interaction_progress trial=22 partition=0 processed=7800 total=14000 metric=ce epoch=1/1
[pipeline-trace] wall=16:21:17 elapsed=3857.439s phase=train event=interaction_progress trial=22 partition=0 processed=7900 total=14000 metric=ce epoch=1/1
[pipeline-trace] wall=16:21:19 elapsed=3859.122s phase=train event=interaction_progress trial=22 partition=0 processed=8000 total=14000 metric=ce epoch=1/1
[pipeline-trace] wall=16:21:20 elapsed=3860.679s phase=train event=interaction_progress trial=22 partition=0 processed=8100 total=14000 metric=ce epoch=1/1
[pipeline-trace] wall=16:21:22 elapsed=3862.181s phase=train event=interaction_progress trial=22 partition=0 processed=8200 total=14000 metric=ce epoch=1/1
[pipeline-trace] wall=16:21:23 elapsed=3863.832s phase=train event=interaction_progress trial=22 partition=0 processed=8300 total=14000 metric=ce epoch=1/1
[pipeline-trace] wall=16:21:25 elapsed=3865.430s phase=train event=interaction_progress trial=22 partition=0 processed=8400 total=14000 metric=ce epoch=1/1
[pipeline-trace] wall=16:21:28 elapsed=3868.811s phase=train event=interaction_progress trial=22 partition=0 processed=8500 total=14000 metric=ce epoch=1/1
[pipeline-trace] wall=16:21:33 elapsed=3873.290s phase=train event=interaction_progress trial=22 partition=0 processed=8600 total=14000 metric=ce epoch=1/1
[pipeline-trace] wall=16:21:34 elapsed=3874.889s phase=train event=interaction_progress trial=22 partition=0 processed=8700 total=14000 metric=ce epoch=1/1
[pipeline-trace] wall=16:21:36 elapsed=3876.529s phase=train event=interaction_progress trial=22 partition=0 processed=8800 total=14000 metric=ce epoch=1/1
[pipeline-trace] wall=16:21:38 elapsed=3878.006s phase=train event=interaction_progress trial=22 partition=0 processed=8900 total=14000 metric=ce epoch=1/1
[pipeline-trace] wall=16:21:39 elapsed=3879.586s phase=train event=interaction_progress trial=22 partition=0 processed=9000 total=14000 metric=ce epoch=1/1
[pipeline-trace] wall=16:21:41 elapsed=3880.984s phase=train event=interaction_progress trial=22 partition=0 processed=9100 total=14000 metric=ce epoch=1/1
[pipeline-trace] wall=16:21:42 elapsed=3882.506s phase=train event=interaction_progress trial=22 partition=0 processed=9200 total=14000 metric=ce epoch=1/1
[pipeline-trace] wall=16:21:43 elapsed=3883.925s phase=train event=interaction_progress trial=22 partition=0 processed=9300 total=14000 metric=ce epoch=1/1
[pipeline-trace] wall=16:21:45 elapsed=3885.598s phase=train event=interaction_progress trial=22 partition=0 processed=9400 total=14000 metric=ce epoch=1/1
[pipeline-trace] wall=16:21:47 elapsed=3887.247s phase=train event=interaction_progress trial=22 partition=0 processed=9500 total=14000 metric=ce epoch=1/1
[pipeline-trace] wall=16:21:48 elapsed=3888.840s phase=train event=interaction_progress trial=22 partition=0 processed=9600 total=14000 metric=ce epoch=1/1
[pipeline-trace] wall=16:21:50 elapsed=3890.528s phase=train event=interaction_progress trial=22 partition=0 processed=9700 total=14000 metric=ce epoch=1/1
[pipeline-trace] wall=16:21:52 elapsed=3892.089s phase=train event=interaction_progress trial=22 partition=0 processed=9800 total=14000 metric=ce epoch=1/1
[pipeline-trace] wall=16:21:53 elapsed=3893.737s phase=train event=interaction_progress trial=22 partition=0 processed=9900 total=14000 metric=ce epoch=1/1
[pipeline-trace] wall=16:21:55 elapsed=3895.342s phase=train event=interaction_progress trial=22 partition=0 processed=10000 total=14000 metric=ce epoch=1/1
[pipeline-trace] wall=16:21:56 elapsed=3896.745s phase=train event=interaction_progress trial=22 partition=0 processed=10100 total=14000 metric=ce epoch=1/1
[pipeline-trace] wall=16:21:58 elapsed=3898.250s phase=train event=interaction_progress trial=22 partition=0 processed=10200 total=14000 metric=ce epoch=1/1
[pipeline-trace] wall=16:21:59 elapsed=3899.928s phase=train event=interaction_progress trial=22 partition=0 processed=10300 total=14000 metric=ce epoch=1/1
[pipeline-trace] wall=16:22:01 elapsed=3901.522s phase=train event=interaction_progress trial=22 partition=0 processed=10400 total=14000 metric=ce epoch=1/1
[pipeline-trace] wall=16:22:03 elapsed=3903.151s phase=train event=interaction_progress trial=22 partition=0 processed=10500 total=14000 metric=ce epoch=1/1
[pipeline-trace] wall=16:22:04 elapsed=3904.736s phase=train event=interaction_progress trial=22 partition=0 processed=10600 total=14000 metric=ce epoch=1/1
[pipeline-trace] wall=16:22:05 elapsed=3905.181s phase=train event=interaction_progress trial=22 partition=0 processed=10700 total=14000 metric=ce epoch=1/1
[pipeline-trace] wall=16:22:05 elapsed=3905.442s phase=train event=interaction_progress trial=22 partition=0 processed=10800 total=14000 metric=ce epoch=1/1
[pipeline-trace] wall=16:22:05 elapsed=3905.684s phase=train event=interaction_progress trial=22 partition=0 processed=10900 total=14000 metric=ce epoch=1/1
[pipeline-trace] wall=16:22:05 elapsed=3905.938s phase=train event=interaction_progress trial=22 partition=0 processed=11000 total=14000 metric=ce epoch=1/1
[pipeline-trace] wall=16:22:06 elapsed=3906.786s phase=train event=interaction_progress trial=22 partition=0 processed=11100 total=14000 metric=ce epoch=1/1
[pipeline-trace] wall=16:22:07 elapsed=3907.358s phase=train event=interaction_progress trial=22 partition=0 processed=11200 total=14000 metric=ce epoch=1/1
[pipeline-trace] wall=16:22:07 elapsed=3907.594s phase=train event=interaction_progress trial=22 partition=0 processed=11300 total=14000 metric=ce epoch=1/1
[pipeline-trace] wall=16:22:07 elapsed=3907.858s phase=train event=interaction_progress trial=22 partition=0 processed=11400 total=14000 metric=ce epoch=1/1
[pipeline-trace] wall=16:22:08 elapsed=3908.097s phase=train event=interaction_progress trial=22 partition=0 processed=11500 total=14000 metric=ce epoch=1/1
[pipeline-trace] wall=16:22:08 elapsed=3908.366s phase=train event=interaction_progress trial=22 partition=0 processed=11600 total=14000 metric=ce epoch=1/1
[pipeline-trace] wall=16:22:08 elapsed=3908.724s phase=train event=interaction_progress trial=22 partition=0 processed=11700 total=14000 metric=ce epoch=1/1
[pipeline-trace] wall=16:22:10 elapsed=3910.144s phase=train event=interaction_progress trial=22 partition=0 processed=11800 total=14000 metric=ce epoch=1/1
[pipeline-trace] wall=16:22:11 elapsed=3911.804s phase=train event=interaction_progress trial=22 partition=0 processed=11900 total=14000 metric=ce epoch=1/1
[pipeline-trace] wall=16:22:13 elapsed=3913.442s phase=train event=interaction_progress trial=22 partition=0 processed=12000 total=14000 metric=ce epoch=1/1
[pipeline-trace] wall=16:22:14 elapsed=3914.926s phase=train event=interaction_progress trial=22 partition=0 processed=12100 total=14000 metric=ce epoch=1/1
[pipeline-trace] wall=16:22:16 elapsed=3916.561s phase=train event=interaction_progress trial=22 partition=0 processed=12200 total=14000 metric=ce epoch=1/1
[pipeline-trace] wall=16:22:18 elapsed=3918.135s phase=train event=interaction_progress trial=22 partition=0 processed=12300 total=14000 metric=ce epoch=1/1
[pipeline-trace] wall=16:22:19 elapsed=3919.650s phase=train event=interaction_progress trial=22 partition=0 processed=12400 total=14000 metric=ce epoch=1/1
[pipeline-trace] wall=16:22:21 elapsed=3921.437s phase=train event=interaction_progress trial=22 partition=0 processed=12500 total=14000 metric=ce epoch=1/1
[pipeline-trace] wall=16:22:23 elapsed=3922.982s phase=train event=interaction_progress trial=22 partition=0 processed=12600 total=14000 metric=ce epoch=1/1
[pipeline-trace] wall=16:22:24 elapsed=3924.553s phase=train event=interaction_progress trial=22 partition=0 processed=12700 total=14000 metric=ce epoch=1/1
[pipeline-trace] wall=16:22:26 elapsed=3926.198s phase=train event=interaction_progress trial=22 partition=0 processed=12800 total=14000 metric=ce epoch=1/1
[pipeline-trace] wall=16:22:27 elapsed=3927.812s phase=train event=interaction_progress trial=22 partition=0 processed=12900 total=14000 metric=ce epoch=1/1
[pipeline-trace] wall=16:22:29 elapsed=3929.452s phase=train event=interaction_progress trial=22 partition=0 processed=13000 total=14000 metric=ce epoch=1/1
[pipeline-trace] wall=16:22:31 elapsed=3931.043s phase=train event=interaction_progress trial=22 partition=0 processed=13100 total=14000 metric=ce epoch=1/1
[pipeline-trace] wall=16:22:32 elapsed=3932.639s phase=train event=interaction_progress trial=22 partition=0 processed=13200 total=14000 metric=ce epoch=1/1
[pipeline-trace] wall=16:22:34 elapsed=3934.204s phase=train event=interaction_progress trial=22 partition=0 processed=13300 total=14000 metric=ce epoch=1/1
[pipeline-trace] wall=16:22:35 elapsed=3935.857s phase=train event=interaction_progress trial=22 partition=0 processed=13400 total=14000 metric=ce epoch=1/1
[pipeline-trace] wall=16:22:37 elapsed=3937.481s phase=train event=interaction_progress trial=22 partition=0 processed=13500 total=14000 metric=ce epoch=1/1
[pipeline-trace] wall=16:22:40 elapsed=3940.498s phase=train event=interaction_progress trial=22 partition=0 processed=13600 total=14000 metric=ce epoch=1/1
[pipeline-trace] wall=16:22:42 elapsed=3942.866s phase=train event=interaction_progress trial=22 partition=0 processed=13700 total=14000 metric=ce epoch=1/1
[pipeline-trace] wall=16:22:44 elapsed=3944.434s phase=train event=interaction_progress trial=22 partition=0 processed=13800 total=14000 metric=ce epoch=1/1
[pipeline-trace] wall=16:22:46 elapsed=3946.117s phase=train event=interaction_progress trial=22 partition=0 processed=13900 total=14000 metric=ce epoch=1/1
[pipeline-trace] wall=16:22:47 elapsed=3947.590s phase=train event=interaction_progress trial=22 partition=0 processed=14000 total=14000 metric=ce epoch=1/1
[pipeline-trace] wall=16:22:47 elapsed=3947.758s phase=eval event=batch_start trial=22 partitions=[1] synthetic=False
[pipeline-trace] wall=16:22:47 elapsed=3947.758s phase=eval event=partition_start trial=22 partition=1 interactions=1999
[pipeline-trace] wall=16:22:47 elapsed=3947.758s phase=eval event=interaction_progress trial=22 partition=1 processed=1 total=1999 metric=ranking
[pipeline-trace] wall=16:22:49 elapsed=3949.637s phase=eval event=interaction_progress trial=22 partition=1 processed=100 total=1999 metric=ranking
[pipeline-trace] wall=16:22:51 elapsed=3951.328s phase=eval event=interaction_progress trial=22 partition=1 processed=200 total=1999 metric=ranking
[pipeline-trace] wall=16:22:53 elapsed=3953.066s phase=eval event=interaction_progress trial=22 partition=1 processed=300 total=1999 metric=ranking
[pipeline-trace] wall=16:22:54 elapsed=3954.679s phase=eval event=interaction_progress trial=22 partition=1 processed=400 total=1999 metric=ranking
[pipeline-trace] wall=16:22:56 elapsed=3956.428s phase=eval event=interaction_progress trial=22 partition=1 processed=500 total=1999 metric=ranking
[pipeline-trace] wall=16:22:58 elapsed=3958.149s phase=eval event=interaction_progress trial=22 partition=1 processed=600 total=1999 metric=ranking
[pipeline-trace] wall=16:23:00 elapsed=3959.979s phase=eval event=interaction_progress trial=22 partition=1 processed=700 total=1999 metric=ranking
[pipeline-trace] wall=16:23:01 elapsed=3961.605s phase=eval event=interaction_progress trial=22 partition=1 processed=800 total=1999 metric=ranking
[pipeline-trace] wall=16:23:03 elapsed=3963.447s phase=eval event=interaction_progress trial=22 partition=1 processed=900 total=1999 metric=ranking
[pipeline-trace] wall=16:23:05 elapsed=3965.180s phase=eval event=interaction_progress trial=22 partition=1 processed=1000 total=1999 metric=ranking
[pipeline-trace] wall=16:23:07 elapsed=3966.979s phase=eval event=interaction_progress trial=22 partition=1 processed=1100 total=1999 metric=ranking
[pipeline-trace] wall=16:23:08 elapsed=3968.696s phase=eval event=interaction_progress trial=22 partition=1 processed=1200 total=1999 metric=ranking
[pipeline-trace] wall=16:23:10 elapsed=3970.513s phase=eval event=interaction_progress trial=22 partition=1 processed=1300 total=1999 metric=ranking
[pipeline-trace] wall=16:23:12 elapsed=3972.205s phase=eval event=interaction_progress trial=22 partition=1 processed=1400 total=1999 metric=ranking
[pipeline-trace] wall=16:23:14 elapsed=3973.997s phase=eval event=interaction_progress trial=22 partition=1 processed=1500 total=1999 metric=ranking
[pipeline-trace] wall=16:23:15 elapsed=3975.678s phase=eval event=interaction_progress trial=22 partition=1 processed=1600 total=1999 metric=ranking
[pipeline-trace] wall=16:23:17 elapsed=3977.440s phase=eval event=interaction_progress trial=22 partition=1 processed=1700 total=1999 metric=ranking
[pipeline-trace] wall=16:23:19 elapsed=3979.089s phase=eval event=interaction_progress trial=22 partition=1 processed=1800 total=1999 metric=ranking
[pipeline-trace] wall=16:23:20 elapsed=3980.869s phase=eval event=interaction_progress trial=22 partition=1 processed=1900 total=1999 metric=ranking
[pipeline-trace] wall=16:23:22 elapsed=3982.494s phase=eval event=interaction_progress trial=22 partition=1 processed=1999 total=1999 metric=ranking
[pipeline-trace] wall=16:23:22 elapsed=3982.514s phase=eval event=partition_complete trial=22 partition=1 elapsed_sec=34.756 hits=1233 total=1999
[pipeline-trace] wall=16:23:22 elapsed=3982.684s phase=train event=interaction_progress trial=23 partition=0 processed=1 total=14000 metric=ce epoch=1/1
[pipeline-trace] wall=16:23:24 elapsed=3984.392s phase=train event=interaction_progress trial=23 partition=0 processed=100 total=14000 metric=ce epoch=1/1
[pipeline-trace] wall=16:23:26 elapsed=3986.039s phase=train event=interaction_progress trial=23 partition=0 processed=200 total=14000 metric=ce epoch=1/1
[pipeline-trace] wall=16:23:27 elapsed=3987.752s phase=train event=interaction_progress trial=23 partition=0 processed=300 total=14000 metric=ce epoch=1/1
[pipeline-trace] wall=16:23:29 elapsed=3989.368s phase=train event=interaction_progress trial=23 partition=0 processed=400 total=14000 metric=ce epoch=1/1
[pipeline-trace] wall=16:23:31 elapsed=3990.976s phase=train event=interaction_progress trial=23 partition=0 processed=500 total=14000 metric=ce epoch=1/1
[pipeline-trace] wall=16:23:32 elapsed=3992.616s phase=train event=interaction_progress trial=23 partition=0 processed=600 total=14000 metric=ce epoch=1/1
[pipeline-trace] wall=16:23:34 elapsed=3994.099s phase=train event=interaction_progress trial=23 partition=0 processed=700 total=14000 metric=ce epoch=1/1
[pipeline-trace] wall=16:23:35 elapsed=3995.687s phase=train event=interaction_progress trial=23 partition=0 processed=800 total=14000 metric=ce epoch=1/1
[pipeline-trace] wall=16:23:37 elapsed=3997.401s phase=train event=interaction_progress trial=23 partition=0 processed=900 total=14000 metric=ce epoch=1/1
[pipeline-trace] wall=16:23:39 elapsed=3999.028s phase=train event=interaction_progress trial=23 partition=0 processed=1000 total=14000 metric=ce epoch=1/1
[pipeline-trace] wall=16:23:40 elapsed=4000.544s phase=train event=interaction_progress trial=23 partition=0 processed=1100 total=14000 metric=ce epoch=1/1
[pipeline-trace] wall=16:23:49 elapsed=4009.084s phase=train event=interaction_progress trial=23 partition=0 processed=1200 total=14000 metric=ce epoch=1/1
[pipeline-trace] wall=16:23:50 elapsed=4010.927s phase=train event=interaction_progress trial=23 partition=0 processed=1300 total=14000 metric=ce epoch=1/1
[pipeline-trace] wall=16:23:52 elapsed=4012.580s phase=train event=interaction_progress trial=23 partition=0 processed=1400 total=14000 metric=ce epoch=1/1
[pipeline-trace] wall=16:23:54 elapsed=4014.179s phase=train event=interaction_progress trial=23 partition=0 processed=1500 total=14000 metric=ce epoch=1/1
[pipeline-trace] wall=16:23:55 elapsed=4015.709s phase=train event=interaction_progress trial=23 partition=0 processed=1600 total=14000 metric=ce epoch=1/1
[pipeline-trace] wall=16:23:57 elapsed=4017.326s phase=train event=interaction_progress trial=23 partition=0 processed=1700 total=14000 metric=ce epoch=1/1
[pipeline-trace] wall=16:23:58 elapsed=4018.912s phase=train event=interaction_progress trial=23 partition=0 processed=1800 total=14000 metric=ce epoch=1/1
[pipeline-trace] wall=16:24:00 elapsed=4020.397s phase=train event=interaction_progress trial=23 partition=0 processed=1900 total=14000 metric=ce epoch=1/1
[pipeline-trace] wall=16:24:02 elapsed=4022.018s phase=train event=interaction_progress trial=23 partition=0 processed=2000 total=14000 metric=ce epoch=1/1
[pipeline-trace] wall=16:24:03 elapsed=4023.748s phase=train event=interaction_progress trial=23 partition=0 processed=2100 total=14000 metric=ce epoch=1/1
[pipeline-trace] wall=16:24:05 elapsed=4025.339s phase=train event=interaction_progress trial=23 partition=0 processed=2200 total=14000 metric=ce epoch=1/1
[pipeline-trace] wall=16:24:07 elapsed=4026.970s phase=train event=interaction_progress trial=23 partition=0 processed=2300 total=14000 metric=ce epoch=1/1
[pipeline-trace] wall=16:24:08 elapsed=4028.544s phase=train event=interaction_progress trial=23 partition=0 processed=2400 total=14000 metric=ce epoch=1/1
[pipeline-trace] wall=16:24:10 elapsed=4030.135s phase=train event=interaction_progress trial=23 partition=0 processed=2500 total=14000 metric=ce epoch=1/1
[pipeline-trace] wall=16:24:11 elapsed=4031.793s phase=train event=interaction_progress trial=23 partition=0 processed=2600 total=14000 metric=ce epoch=1/1
[pipeline-trace] wall=16:24:13 elapsed=4033.393s phase=train event=interaction_progress trial=23 partition=0 processed=2700 total=14000 metric=ce epoch=1/1
[pipeline-trace] wall=16:24:15 elapsed=4035.052s phase=train event=interaction_progress trial=23 partition=0 processed=2800 total=14000 metric=ce epoch=1/1
[pipeline-trace] wall=16:24:16 elapsed=4036.679s phase=train event=interaction_progress trial=23 partition=0 processed=2900 total=14000 metric=ce epoch=1/1
[pipeline-trace] wall=16:24:18 elapsed=4038.267s phase=train event=interaction_progress trial=23 partition=0 processed=3000 total=14000 metric=ce epoch=1/1
[pipeline-trace] wall=16:24:19 elapsed=4039.881s phase=train event=interaction_progress trial=23 partition=0 processed=3100 total=14000 metric=ce epoch=1/1
[pipeline-trace] wall=16:24:21 elapsed=4041.459s phase=train event=interaction_progress trial=23 partition=0 processed=3200 total=14000 metric=ce epoch=1/1
[pipeline-trace] wall=16:24:23 elapsed=4043.087s phase=train event=interaction_progress trial=23 partition=0 processed=3300 total=14000 metric=ce epoch=1/1
[pipeline-trace] wall=16:24:24 elapsed=4044.744s phase=train event=interaction_progress trial=23 partition=0 processed=3400 total=14000 metric=ce epoch=1/1
[pipeline-trace] wall=16:24:26 elapsed=4046.302s phase=train event=interaction_progress trial=23 partition=0 processed=3500 total=14000 metric=ce epoch=1/1
[pipeline-trace] wall=16:24:27 elapsed=4047.928s phase=train event=interaction_progress trial=23 partition=0 processed=3600 total=14000 metric=ce epoch=1/1
[pipeline-trace] wall=16:24:29 elapsed=4049.680s phase=train event=interaction_progress trial=23 partition=0 processed=3700 total=14000 metric=ce epoch=1/1
[pipeline-trace] wall=16:24:31 elapsed=4051.278s phase=train event=interaction_progress trial=23 partition=0 processed=3800 total=14000 metric=ce epoch=1/1
[pipeline-trace] wall=16:24:32 elapsed=4052.896s phase=train event=interaction_progress trial=23 partition=0 processed=3900 total=14000 metric=ce epoch=1/1
[pipeline-trace] wall=16:24:34 elapsed=4054.414s phase=train event=interaction_progress trial=23 partition=0 processed=4000 total=14000 metric=ce epoch=1/1
[pipeline-trace] wall=16:24:36 elapsed=4056.053s phase=train event=interaction_progress trial=23 partition=0 processed=4100 total=14000 metric=ce epoch=1/1
[pipeline-trace] wall=16:24:37 elapsed=4057.677s phase=train event=interaction_progress trial=23 partition=0 processed=4200 total=14000 metric=ce epoch=1/1
[pipeline-trace] wall=16:24:39 elapsed=4059.200s phase=train event=interaction_progress trial=23 partition=0 processed=4300 total=14000 metric=ce epoch=1/1
[pipeline-trace] wall=16:24:40 elapsed=4060.799s phase=train event=interaction_progress trial=23 partition=0 processed=4400 total=14000 metric=ce epoch=1/1
[pipeline-trace] wall=16:24:42 elapsed=4062.388s phase=train event=interaction_progress trial=23 partition=0 processed=4500 total=14000 metric=ce epoch=1/1
[pipeline-trace] wall=16:24:44 elapsed=4063.966s phase=train event=interaction_progress trial=23 partition=0 processed=4600 total=14000 metric=ce epoch=1/1
[pipeline-trace] wall=16:24:45 elapsed=4065.645s phase=train event=interaction_progress trial=23 partition=0 processed=4700 total=14000 metric=ce epoch=1/1
[pipeline-trace] wall=16:24:47 elapsed=4067.175s phase=train event=interaction_progress trial=23 partition=0 processed=4800 total=14000 metric=ce epoch=1/1
[pipeline-trace] wall=16:24:48 elapsed=4068.827s phase=train event=interaction_progress trial=23 partition=0 processed=4900 total=14000 metric=ce epoch=1/1
[pipeline-trace] wall=16:24:59 elapsed=4078.965s phase=train event=interaction_progress trial=23 partition=0 processed=5000 total=14000 metric=ce epoch=1/1
[pipeline-trace] wall=16:25:00 elapsed=4080.535s phase=train event=interaction_progress trial=23 partition=0 processed=5100 total=14000 metric=ce epoch=1/1
[pipeline-trace] wall=16:25:02 elapsed=4082.223s phase=train event=interaction_progress trial=23 partition=0 processed=5200 total=14000 metric=ce epoch=1/1
[pipeline-trace] wall=16:25:03 elapsed=4083.867s phase=train event=interaction_progress trial=23 partition=0 processed=5300 total=14000 metric=ce epoch=1/1
[pipeline-trace] wall=16:25:05 elapsed=4085.496s phase=train event=interaction_progress trial=23 partition=0 processed=5400 total=14000 metric=ce epoch=1/1
[pipeline-trace] wall=16:25:07 elapsed=4087.016s phase=train event=interaction_progress trial=23 partition=0 processed=5500 total=14000 metric=ce epoch=1/1
[pipeline-trace] wall=16:25:08 elapsed=4088.525s phase=train event=interaction_progress trial=23 partition=0 processed=5600 total=14000 metric=ce epoch=1/1
[pipeline-trace] wall=16:25:09 elapsed=4089.811s phase=train event=interaction_progress trial=23 partition=0 processed=5700 total=14000 metric=ce epoch=1/1
[pipeline-trace] wall=16:25:10 elapsed=4090.105s phase=train event=interaction_progress trial=23 partition=0 processed=5800 total=14000 metric=ce epoch=1/1
[pipeline-trace] wall=16:25:10 elapsed=4090.439s phase=train event=interaction_progress trial=23 partition=0 processed=5900 total=14000 metric=ce epoch=1/1
[pipeline-trace] wall=16:25:11 elapsed=4091.013s phase=train event=interaction_progress trial=23 partition=0 processed=6000 total=14000 metric=ce epoch=1/1
[pipeline-trace] wall=16:25:12 elapsed=4091.964s phase=train event=interaction_progress trial=23 partition=0 processed=6100 total=14000 metric=ce epoch=1/1
[pipeline-trace] wall=16:25:12 elapsed=4092.267s phase=train event=interaction_progress trial=23 partition=0 processed=6200 total=14000 metric=ce epoch=1/1
[pipeline-trace] wall=16:25:12 elapsed=4092.601s phase=train event=interaction_progress trial=23 partition=0 processed=6300 total=14000 metric=ce epoch=1/1
[pipeline-trace] wall=16:25:13 elapsed=4093.084s phase=train event=interaction_progress trial=23 partition=0 processed=6400 total=14000 metric=ce epoch=1/1
[pipeline-trace] wall=16:25:14 elapsed=4094.349s phase=train event=interaction_progress trial=23 partition=0 processed=6500 total=14000 metric=ce epoch=1/1
[pipeline-trace] wall=16:25:15 elapsed=4095.927s phase=train event=interaction_progress trial=23 partition=0 processed=6600 total=14000 metric=ce epoch=1/1
[pipeline-trace] wall=16:25:17 elapsed=4097.587s phase=train event=interaction_progress trial=23 partition=0 processed=6700 total=14000 metric=ce epoch=1/1
[pipeline-trace] wall=16:25:19 elapsed=4099.280s phase=train event=interaction_progress trial=23 partition=0 processed=6800 total=14000 metric=ce epoch=1/1
[pipeline-trace] wall=16:25:20 elapsed=4100.948s phase=train event=interaction_progress trial=23 partition=0 processed=6900 total=14000 metric=ce epoch=1/1
[pipeline-trace] wall=16:25:22 elapsed=4102.664s phase=train event=interaction_progress trial=23 partition=0 processed=7000 total=14000 metric=ce epoch=1/1
[pipeline-trace] wall=16:25:24 elapsed=4104.278s phase=train event=interaction_progress trial=23 partition=0 processed=7100 total=14000 metric=ce epoch=1/1
[pipeline-trace] wall=16:25:26 elapsed=4105.977s phase=train event=interaction_progress trial=23 partition=0 processed=7200 total=14000 metric=ce epoch=1/1
[pipeline-trace] wall=16:25:27 elapsed=4107.591s phase=train event=interaction_progress trial=23 partition=0 processed=7300 total=14000 metric=ce epoch=1/1
[pipeline-trace] wall=16:25:29 elapsed=4109.310s phase=train event=interaction_progress trial=23 partition=0 processed=7400 total=14000 metric=ce epoch=1/1
[pipeline-trace] wall=16:25:31 elapsed=4111.020s phase=train event=interaction_progress trial=23 partition=0 processed=7500 total=14000 metric=ce epoch=1/1
[pipeline-trace] wall=16:25:32 elapsed=4112.617s phase=train event=interaction_progress trial=23 partition=0 processed=7600 total=14000 metric=ce epoch=1/1
[pipeline-trace] wall=16:25:34 elapsed=4114.247s phase=train event=interaction_progress trial=23 partition=0 processed=7700 total=14000 metric=ce epoch=1/1
[pipeline-trace] wall=16:25:35 elapsed=4115.830s phase=train event=interaction_progress trial=23 partition=0 processed=7800 total=14000 metric=ce epoch=1/1
[pipeline-trace] wall=16:25:37 elapsed=4117.502s phase=train event=interaction_progress trial=23 partition=0 processed=7900 total=14000 metric=ce epoch=1/1
[pipeline-trace] wall=16:25:39 elapsed=4119.272s phase=train event=interaction_progress trial=23 partition=0 processed=8000 total=14000 metric=ce epoch=1/1
[pipeline-trace] wall=16:25:40 elapsed=4120.936s phase=train event=interaction_progress trial=23 partition=0 processed=8100 total=14000 metric=ce epoch=1/1
[pipeline-trace] wall=16:25:42 elapsed=4122.631s phase=train event=interaction_progress trial=23 partition=0 processed=8200 total=14000 metric=ce epoch=1/1
[pipeline-trace] wall=16:25:44 elapsed=4124.210s phase=train event=interaction_progress trial=23 partition=0 processed=8300 total=14000 metric=ce epoch=1/1
[pipeline-trace] wall=16:25:45 elapsed=4125.922s phase=train event=interaction_progress trial=23 partition=0 processed=8400 total=14000 metric=ce epoch=1/1
[pipeline-trace] wall=16:25:47 elapsed=4127.473s phase=train event=interaction_progress trial=23 partition=0 processed=8500 total=14000 metric=ce epoch=1/1
[pipeline-trace] wall=16:25:49 elapsed=4129.070s phase=train event=interaction_progress trial=23 partition=0 processed=8600 total=14000 metric=ce epoch=1/1
[pipeline-trace] wall=16:25:50 elapsed=4130.751s phase=train event=interaction_progress trial=23 partition=0 processed=8700 total=14000 metric=ce epoch=1/1
[pipeline-trace] wall=16:25:52 elapsed=4132.380s phase=train event=interaction_progress trial=23 partition=0 processed=8800 total=14000 metric=ce epoch=1/1
[pipeline-trace] wall=16:25:54 elapsed=4134.191s phase=train event=interaction_progress trial=23 partition=0 processed=8900 total=14000 metric=ce epoch=1/1
[pipeline-trace] wall=16:25:55 elapsed=4135.735s phase=train event=interaction_progress trial=23 partition=0 processed=9000 total=14000 metric=ce epoch=1/1
[pipeline-trace] wall=16:25:57 elapsed=4137.323s phase=train event=interaction_progress trial=23 partition=0 processed=9100 total=14000 metric=ce epoch=1/1
[pipeline-trace] wall=16:25:58 elapsed=4138.951s phase=train event=interaction_progress trial=23 partition=0 processed=9200 total=14000 metric=ce epoch=1/1
[pipeline-trace] wall=16:26:00 elapsed=4140.598s phase=train event=interaction_progress trial=23 partition=0 processed=9300 total=14000 metric=ce epoch=1/1
[pipeline-trace] wall=16:26:02 elapsed=4142.231s phase=train event=interaction_progress trial=23 partition=0 processed=9400 total=14000 metric=ce epoch=1/1
[pipeline-trace] wall=16:26:03 elapsed=4143.841s phase=train event=interaction_progress trial=23 partition=0 processed=9500 total=14000 metric=ce epoch=1/1
[pipeline-trace] wall=16:26:05 elapsed=4145.380s phase=train event=interaction_progress trial=23 partition=0 processed=9600 total=14000 metric=ce epoch=1/1
[pipeline-trace] wall=16:26:07 elapsed=4147.067s phase=train event=interaction_progress trial=23 partition=0 processed=9700 total=14000 metric=ce epoch=1/1
[pipeline-trace] wall=16:26:08 elapsed=4148.615s phase=train event=interaction_progress trial=23 partition=0 processed=9800 total=14000 metric=ce epoch=1/1
[pipeline-trace] wall=16:26:10 elapsed=4150.238s phase=train event=interaction_progress trial=23 partition=0 processed=9900 total=14000 metric=ce epoch=1/1
[pipeline-trace] wall=16:26:11 elapsed=4151.867s phase=train event=interaction_progress trial=23 partition=0 processed=10000 total=14000 metric=ce epoch=1/1
[pipeline-trace] wall=16:26:13 elapsed=4153.449s phase=train event=interaction_progress trial=23 partition=0 processed=10100 total=14000 metric=ce epoch=1/1
[pipeline-trace] wall=16:26:15 elapsed=4155.126s phase=train event=interaction_progress trial=23 partition=0 processed=10200 total=14000 metric=ce epoch=1/1
[pipeline-trace] wall=16:26:23 elapsed=4163.833s phase=train event=interaction_progress trial=23 partition=0 processed=10300 total=14000 metric=ce epoch=1/1
[pipeline-trace] wall=16:26:25 elapsed=4165.466s phase=train event=interaction_progress trial=23 partition=0 processed=10400 total=14000 metric=ce epoch=1/1
[pipeline-trace] wall=16:26:26 elapsed=4166.934s phase=train event=interaction_progress trial=23 partition=0 processed=10500 total=14000 metric=ce epoch=1/1
[pipeline-trace] wall=16:26:28 elapsed=4168.474s phase=train event=interaction_progress trial=23 partition=0 processed=10600 total=14000 metric=ce epoch=1/1
[pipeline-trace] wall=16:26:30 elapsed=4170.108s phase=train event=interaction_progress trial=23 partition=0 processed=10700 total=14000 metric=ce epoch=1/1
[pipeline-trace] wall=16:26:31 elapsed=4171.685s phase=train event=interaction_progress trial=23 partition=0 processed=10800 total=14000 metric=ce epoch=1/1
[pipeline-trace] wall=16:26:33 elapsed=4173.360s phase=train event=interaction_progress trial=23 partition=0 processed=10900 total=14000 metric=ce epoch=1/1
[pipeline-trace] wall=16:26:34 elapsed=4174.907s phase=train event=interaction_progress trial=23 partition=0 processed=11000 total=14000 metric=ce epoch=1/1
[pipeline-trace] wall=16:26:36 elapsed=4176.449s phase=train event=interaction_progress trial=23 partition=0 processed=11100 total=14000 metric=ce epoch=1/1
[pipeline-trace] wall=16:26:38 elapsed=4178.124s phase=train event=interaction_progress trial=23 partition=0 processed=11200 total=14000 metric=ce epoch=1/1
[pipeline-trace] wall=16:26:39 elapsed=4179.745s phase=train event=interaction_progress trial=23 partition=0 processed=11300 total=14000 metric=ce epoch=1/1
[pipeline-trace] wall=16:26:41 elapsed=4181.434s phase=train event=interaction_progress trial=23 partition=0 processed=11400 total=14000 metric=ce epoch=1/1
[pipeline-trace] wall=16:26:43 elapsed=4183.089s phase=train event=interaction_progress trial=23 partition=0 processed=11500 total=14000 metric=ce epoch=1/1
[pipeline-trace] wall=16:26:44 elapsed=4184.684s phase=train event=interaction_progress trial=23 partition=0 processed=11600 total=14000 metric=ce epoch=1/1
[pipeline-trace] wall=16:26:46 elapsed=4186.272s phase=train event=interaction_progress trial=23 partition=0 processed=11700 total=14000 metric=ce epoch=1/1
[pipeline-trace] wall=16:26:47 elapsed=4187.951s phase=train event=interaction_progress trial=23 partition=0 processed=11800 total=14000 metric=ce epoch=1/1
[pipeline-trace] wall=16:26:49 elapsed=4189.646s phase=train event=interaction_progress trial=23 partition=0 processed=11900 total=14000 metric=ce epoch=1/1
[pipeline-trace] wall=16:26:51 elapsed=4191.172s phase=train event=interaction_progress trial=23 partition=0 processed=12000 total=14000 metric=ce epoch=1/1
[pipeline-trace] wall=16:26:52 elapsed=4192.744s phase=train event=interaction_progress trial=23 partition=0 processed=12100 total=14000 metric=ce epoch=1/1
[pipeline-trace] wall=16:26:54 elapsed=4194.375s phase=train event=interaction_progress trial=23 partition=0 processed=12200 total=14000 metric=ce epoch=1/1
[pipeline-trace] wall=16:26:56 elapsed=4196.000s phase=train event=interaction_progress trial=23 partition=0 processed=12300 total=14000 metric=ce epoch=1/1
[pipeline-trace] wall=16:26:57 elapsed=4197.593s phase=train event=interaction_progress trial=23 partition=0 processed=12400 total=14000 metric=ce epoch=1/1
[pipeline-trace] wall=16:26:59 elapsed=4199.156s phase=train event=interaction_progress trial=23 partition=0 processed=12500 total=14000 metric=ce epoch=1/1
[pipeline-trace] wall=16:27:00 elapsed=4200.710s phase=train event=interaction_progress trial=23 partition=0 processed=12600 total=14000 metric=ce epoch=1/1
[pipeline-trace] wall=16:27:02 elapsed=4202.329s phase=train event=interaction_progress trial=23 partition=0 processed=12700 total=14000 metric=ce epoch=1/1
[pipeline-trace] wall=16:27:04 elapsed=4203.985s phase=train event=interaction_progress trial=23 partition=0 processed=12800 total=14000 metric=ce epoch=1/1
[pipeline-trace] wall=16:27:05 elapsed=4205.595s phase=train event=interaction_progress trial=23 partition=0 processed=12900 total=14000 metric=ce epoch=1/1
[pipeline-trace] wall=16:27:07 elapsed=4207.315s phase=train event=interaction_progress trial=23 partition=0 processed=13000 total=14000 metric=ce epoch=1/1
[pipeline-trace] wall=16:27:08 elapsed=4208.908s phase=train event=interaction_progress trial=23 partition=0 processed=13100 total=14000 metric=ce epoch=1/1
[pipeline-trace] wall=16:27:10 elapsed=4210.527s phase=train event=interaction_progress trial=23 partition=0 processed=13200 total=14000 metric=ce epoch=1/1
[pipeline-trace] wall=16:27:12 elapsed=4212.157s phase=train event=interaction_progress trial=23 partition=0 processed=13300 total=14000 metric=ce epoch=1/1
[pipeline-trace] wall=16:27:13 elapsed=4213.600s phase=train event=interaction_progress trial=23 partition=0 processed=13400 total=14000 metric=ce epoch=1/1
[pipeline-trace] wall=16:27:15 elapsed=4215.099s phase=train event=interaction_progress trial=23 partition=0 processed=13500 total=14000 metric=ce epoch=1/1
[pipeline-trace] wall=16:27:16 elapsed=4216.685s phase=train event=interaction_progress trial=23 partition=0 processed=13600 total=14000 metric=ce epoch=1/1
[pipeline-trace] wall=16:27:18 elapsed=4218.288s phase=train event=interaction_progress trial=23 partition=0 processed=13700 total=14000 metric=ce epoch=1/1
[pipeline-trace] wall=16:27:19 elapsed=4219.925s phase=train event=interaction_progress trial=23 partition=0 processed=13800 total=14000 metric=ce epoch=1/1
[pipeline-trace] wall=16:27:21 elapsed=4221.535s phase=train event=interaction_progress trial=23 partition=0 processed=13900 total=14000 metric=ce epoch=1/1
[pipeline-trace] wall=16:27:27 elapsed=4227.813s phase=train event=interaction_progress trial=23 partition=0 processed=14000 total=14000 metric=ce epoch=1/1
[pipeline-trace] wall=16:27:30 elapsed=4230.867s phase=eval event=batch_start trial=23 partitions=[1] synthetic=False
[pipeline-trace] wall=16:27:30 elapsed=4230.868s phase=eval event=partition_start trial=23 partition=1 interactions=1999
[pipeline-trace] wall=16:27:30 elapsed=4230.868s phase=eval event=interaction_progress trial=23 partition=1 processed=1 total=1999 metric=ranking
[pipeline-trace] wall=16:27:33 elapsed=4233.414s phase=eval event=interaction_progress trial=23 partition=1 processed=100 total=1999 metric=ranking
[pipeline-trace] wall=16:27:34 elapsed=4234.953s phase=eval event=interaction_progress trial=23 partition=1 processed=200 total=1999 metric=ranking
[pipeline-trace] wall=16:27:36 elapsed=4236.811s phase=eval event=interaction_progress trial=23 partition=1 processed=300 total=1999 metric=ranking
[pipeline-trace] wall=16:27:38 elapsed=4238.540s phase=eval event=interaction_progress trial=23 partition=1 processed=400 total=1999 metric=ranking
[pipeline-trace] wall=16:27:40 elapsed=4240.288s phase=eval event=interaction_progress trial=23 partition=1 processed=500 total=1999 metric=ranking
[pipeline-trace] wall=16:27:41 elapsed=4241.942s phase=eval event=interaction_progress trial=23 partition=1 processed=600 total=1999 metric=ranking
[pipeline-trace] wall=16:27:43 elapsed=4243.693s phase=eval event=interaction_progress trial=23 partition=1 processed=700 total=1999 metric=ranking
[pipeline-trace] wall=16:27:45 elapsed=4245.364s phase=eval event=interaction_progress trial=23 partition=1 processed=800 total=1999 metric=ranking
[pipeline-trace] wall=16:27:47 elapsed=4247.119s phase=eval event=interaction_progress trial=23 partition=1 processed=900 total=1999 metric=ranking
[pipeline-trace] wall=16:27:48 elapsed=4248.772s phase=eval event=interaction_progress trial=23 partition=1 processed=1000 total=1999 metric=ranking
[pipeline-trace] wall=16:27:50 elapsed=4250.522s phase=eval event=interaction_progress trial=23 partition=1 processed=1100 total=1999 metric=ranking
[pipeline-trace] wall=16:27:52 elapsed=4252.279s phase=eval event=interaction_progress trial=23 partition=1 processed=1200 total=1999 metric=ranking
[pipeline-trace] wall=16:27:54 elapsed=4254.159s phase=eval event=interaction_progress trial=23 partition=1 processed=1300 total=1999 metric=ranking
[pipeline-trace] wall=16:27:55 elapsed=4255.875s phase=eval event=interaction_progress trial=23 partition=1 processed=1400 total=1999 metric=ranking
[pipeline-trace] wall=16:27:57 elapsed=4257.674s phase=eval event=interaction_progress trial=23 partition=1 processed=1500 total=1999 metric=ranking
[pipeline-trace] wall=16:27:59 elapsed=4259.344s phase=eval event=interaction_progress trial=23 partition=1 processed=1600 total=1999 metric=ranking
[pipeline-trace] wall=16:28:01 elapsed=4261.078s phase=eval event=interaction_progress trial=23 partition=1 processed=1700 total=1999 metric=ranking
[pipeline-trace] wall=16:28:02 elapsed=4262.770s phase=eval event=interaction_progress trial=23 partition=1 processed=1800 total=1999 metric=ranking
[pipeline-trace] wall=16:28:04 elapsed=4264.482s phase=eval event=interaction_progress trial=23 partition=1 processed=1900 total=1999 metric=ranking
[pipeline-trace] wall=16:28:06 elapsed=4266.238s phase=eval event=interaction_progress trial=23 partition=1 processed=1999 total=1999 metric=ranking
[pipeline-trace] wall=16:28:06 elapsed=4266.250s phase=eval event=partition_complete trial=23 partition=1 elapsed_sec=35.382 hits=1044 total=1999
[pipeline-trace] wall=16:28:06 elapsed=4266.415s phase=train event=interaction_progress trial=24 partition=0 processed=1 total=14000 metric=ce epoch=1/1
[pipeline-trace] wall=16:28:08 elapsed=4268.069s phase=train event=interaction_progress trial=24 partition=0 processed=100 total=14000 metric=ce epoch=1/1
[pipeline-trace] wall=16:28:09 elapsed=4269.717s phase=train event=interaction_progress trial=24 partition=0 processed=200 total=14000 metric=ce epoch=1/1
[pipeline-trace] wall=16:28:11 elapsed=4271.244s phase=train event=interaction_progress trial=24 partition=0 processed=300 total=14000 metric=ce epoch=1/1
[pipeline-trace] wall=16:28:12 elapsed=4272.875s phase=train event=interaction_progress trial=24 partition=0 processed=400 total=14000 metric=ce epoch=1/1
[pipeline-trace] wall=16:28:14 elapsed=4274.505s phase=train event=interaction_progress trial=24 partition=0 processed=500 total=14000 metric=ce epoch=1/1
[pipeline-trace] wall=16:28:14 elapsed=4274.845s phase=train event=interaction_progress trial=24 partition=0 processed=600 total=14000 metric=ce epoch=1/1
[pipeline-trace] wall=16:28:15 elapsed=4275.096s phase=train event=interaction_progress trial=24 partition=0 processed=700 total=14000 metric=ce epoch=1/1
[pipeline-trace] wall=16:28:15 elapsed=4275.310s phase=train event=interaction_progress trial=24 partition=0 processed=800 total=14000 metric=ce epoch=1/1
[pipeline-trace] wall=16:28:15 elapsed=4275.717s phase=train event=interaction_progress trial=24 partition=0 processed=900 total=14000 metric=ce epoch=1/1
[pipeline-trace] wall=16:28:16 elapsed=4276.770s phase=train event=interaction_progress trial=24 partition=0 processed=1000 total=14000 metric=ce epoch=1/1
[pipeline-trace] wall=16:28:17 elapsed=4277.156s phase=train event=interaction_progress trial=24 partition=0 processed=1100 total=14000 metric=ce epoch=1/1
[pipeline-trace] wall=16:28:17 elapsed=4277.578s phase=train event=interaction_progress trial=24 partition=0 processed=1200 total=14000 metric=ce epoch=1/1
[pipeline-trace] wall=16:28:18 elapsed=4278.081s phase=train event=interaction_progress trial=24 partition=0 processed=1300 total=14000 metric=ce epoch=1/1
[pipeline-trace] wall=16:28:19 elapsed=4279.391s phase=train event=interaction_progress trial=24 partition=0 processed=1400 total=14000 metric=ce epoch=1/1
[pipeline-trace] wall=16:28:20 elapsed=4280.942s phase=train event=interaction_progress trial=24 partition=0 processed=1500 total=14000 metric=ce epoch=1/1
[pipeline-trace] wall=16:28:22 elapsed=4282.476s phase=train event=interaction_progress trial=24 partition=0 processed=1600 total=14000 metric=ce epoch=1/1
[pipeline-trace] wall=16:28:24 elapsed=4284.084s phase=train event=interaction_progress trial=24 partition=0 processed=1700 total=14000 metric=ce epoch=1/1
[pipeline-trace] wall=16:28:25 elapsed=4285.573s phase=train event=interaction_progress trial=24 partition=0 processed=1800 total=14000 metric=ce epoch=1/1
[pipeline-trace] wall=16:28:27 elapsed=4287.191s phase=train event=interaction_progress trial=24 partition=0 processed=1900 total=14000 metric=ce epoch=1/1
[pipeline-trace] wall=16:28:28 elapsed=4288.737s phase=train event=interaction_progress trial=24 partition=0 processed=2000 total=14000 metric=ce epoch=1/1
[pipeline-trace] wall=16:28:33 elapsed=4293.892s phase=train event=interaction_progress trial=24 partition=0 processed=2100 total=14000 metric=ce epoch=1/1
[pipeline-trace] wall=16:28:38 elapsed=4298.799s phase=train event=interaction_progress trial=24 partition=0 processed=2200 total=14000 metric=ce epoch=1/1
[pipeline-trace] wall=16:28:40 elapsed=4300.242s phase=train event=interaction_progress trial=24 partition=0 processed=2300 total=14000 metric=ce epoch=1/1
[pipeline-trace] wall=16:28:41 elapsed=4301.740s phase=train event=interaction_progress trial=24 partition=0 processed=2400 total=14000 metric=ce epoch=1/1
[pipeline-trace] wall=16:28:43 elapsed=4303.344s phase=train event=interaction_progress trial=24 partition=0 processed=2500 total=14000 metric=ce epoch=1/1
[pipeline-trace] wall=16:28:44 elapsed=4304.921s phase=train event=interaction_progress trial=24 partition=0 processed=2600 total=14000 metric=ce epoch=1/1
[pipeline-trace] wall=16:28:46 elapsed=4306.516s phase=train event=interaction_progress trial=24 partition=0 processed=2700 total=14000 metric=ce epoch=1/1
[pipeline-trace] wall=16:28:48 elapsed=4308.148s phase=train event=interaction_progress trial=24 partition=0 processed=2800 total=14000 metric=ce epoch=1/1
[pipeline-trace] wall=16:28:49 elapsed=4309.676s phase=train event=interaction_progress trial=24 partition=0 processed=2900 total=14000 metric=ce epoch=1/1
[pipeline-trace] wall=16:28:51 elapsed=4311.256s phase=train event=interaction_progress trial=24 partition=0 processed=3000 total=14000 metric=ce epoch=1/1
[pipeline-trace] wall=16:28:52 elapsed=4312.829s phase=train event=interaction_progress trial=24 partition=0 processed=3100 total=14000 metric=ce epoch=1/1
[pipeline-trace] wall=16:28:54 elapsed=4314.403s phase=train event=interaction_progress trial=24 partition=0 processed=3200 total=14000 metric=ce epoch=1/1
[pipeline-trace] wall=16:28:56 elapsed=4316.107s phase=train event=interaction_progress trial=24 partition=0 processed=3300 total=14000 metric=ce epoch=1/1
[pipeline-trace] wall=16:28:57 elapsed=4317.755s phase=train event=interaction_progress trial=24 partition=0 processed=3400 total=14000 metric=ce epoch=1/1
[pipeline-trace] wall=16:28:59 elapsed=4319.404s phase=train event=interaction_progress trial=24 partition=0 processed=3500 total=14000 metric=ce epoch=1/1
[pipeline-trace] wall=16:29:01 elapsed=4321.066s phase=train event=interaction_progress trial=24 partition=0 processed=3600 total=14000 metric=ce epoch=1/1
[pipeline-trace] wall=16:29:02 elapsed=4322.642s phase=train event=interaction_progress trial=24 partition=0 processed=3700 total=14000 metric=ce epoch=1/1
[pipeline-trace] wall=16:29:04 elapsed=4324.304s phase=train event=interaction_progress trial=24 partition=0 processed=3800 total=14000 metric=ce epoch=1/1
[pipeline-trace] wall=16:29:05 elapsed=4325.888s phase=train event=interaction_progress trial=24 partition=0 processed=3900 total=14000 metric=ce epoch=1/1
[pipeline-trace] wall=16:29:07 elapsed=4327.452s phase=train event=interaction_progress trial=24 partition=0 processed=4000 total=14000 metric=ce epoch=1/1
[pipeline-trace] wall=16:29:09 elapsed=4329.144s phase=train event=interaction_progress trial=24 partition=0 processed=4100 total=14000 metric=ce epoch=1/1
[pipeline-trace] wall=16:29:10 elapsed=4330.757s phase=train event=interaction_progress trial=24 partition=0 processed=4200 total=14000 metric=ce epoch=1/1
[pipeline-trace] wall=16:29:12 elapsed=4332.415s phase=train event=interaction_progress trial=24 partition=0 processed=4300 total=14000 metric=ce epoch=1/1
[pipeline-trace] wall=16:29:14 elapsed=4334.055s phase=train event=interaction_progress trial=24 partition=0 processed=4400 total=14000 metric=ce epoch=1/1
[pipeline-trace] wall=16:29:15 elapsed=4335.619s phase=train event=interaction_progress trial=24 partition=0 processed=4500 total=14000 metric=ce epoch=1/1
[pipeline-trace] wall=16:29:17 elapsed=4337.232s phase=train event=interaction_progress trial=24 partition=0 processed=4600 total=14000 metric=ce epoch=1/1
[pipeline-trace] wall=16:29:19 elapsed=4338.978s phase=train event=interaction_progress trial=24 partition=0 processed=4700 total=14000 metric=ce epoch=1/1
[pipeline-trace] wall=16:29:20 elapsed=4340.638s phase=train event=interaction_progress trial=24 partition=0 processed=4800 total=14000 metric=ce epoch=1/1
[pipeline-trace] wall=16:29:22 elapsed=4342.288s phase=train event=interaction_progress trial=24 partition=0 processed=4900 total=14000 metric=ce epoch=1/1
[pipeline-trace] wall=16:29:23 elapsed=4343.775s phase=train event=interaction_progress trial=24 partition=0 processed=5000 total=14000 metric=ce epoch=1/1
[pipeline-trace] wall=16:29:25 elapsed=4345.315s phase=train event=interaction_progress trial=24 partition=0 processed=5100 total=14000 metric=ce epoch=1/1
[pipeline-trace] wall=16:29:26 elapsed=4346.906s phase=train event=interaction_progress trial=24 partition=0 processed=5200 total=14000 metric=ce epoch=1/1
[pipeline-trace] wall=16:29:28 elapsed=4348.495s phase=train event=interaction_progress trial=24 partition=0 processed=5300 total=14000 metric=ce epoch=1/1
[pipeline-trace] wall=16:29:30 elapsed=4350.144s phase=train event=interaction_progress trial=24 partition=0 processed=5400 total=14000 metric=ce epoch=1/1
[pipeline-trace] wall=16:29:31 elapsed=4351.759s phase=train event=interaction_progress trial=24 partition=0 processed=5500 total=14000 metric=ce epoch=1/1
[pipeline-trace] wall=16:29:33 elapsed=4353.376s phase=train event=interaction_progress trial=24 partition=0 processed=5600 total=14000 metric=ce epoch=1/1
[pipeline-trace] wall=16:29:35 elapsed=4354.997s phase=train event=interaction_progress trial=24 partition=0 processed=5700 total=14000 metric=ce epoch=1/1
[pipeline-trace] wall=16:29:36 elapsed=4356.607s phase=train event=interaction_progress trial=24 partition=0 processed=5800 total=14000 metric=ce epoch=1/1
[pipeline-trace] wall=16:29:39 elapsed=4359.051s phase=train event=interaction_progress trial=24 partition=0 processed=5900 total=14000 metric=ce epoch=1/1
[pipeline-trace] wall=16:29:40 elapsed=4360.713s phase=train event=interaction_progress trial=24 partition=0 processed=6000 total=14000 metric=ce epoch=1/1
[pipeline-trace] wall=16:29:42 elapsed=4362.320s phase=train event=interaction_progress trial=24 partition=0 processed=6100 total=14000 metric=ce epoch=1/1
[pipeline-trace] wall=16:29:43 elapsed=4363.805s phase=train event=interaction_progress trial=24 partition=0 processed=6200 total=14000 metric=ce epoch=1/1
[pipeline-trace] wall=16:29:45 elapsed=4365.273s phase=train event=interaction_progress trial=24 partition=0 processed=6300 total=14000 metric=ce epoch=1/1
[pipeline-trace] wall=16:29:46 elapsed=4366.925s phase=train event=interaction_progress trial=24 partition=0 processed=6400 total=14000 metric=ce epoch=1/1
[pipeline-trace] wall=16:29:48 elapsed=4368.473s phase=train event=interaction_progress trial=24 partition=0 processed=6500 total=14000 metric=ce epoch=1/1
[pipeline-trace] wall=16:29:50 elapsed=4369.974s phase=train event=interaction_progress trial=24 partition=0 processed=6600 total=14000 metric=ce epoch=1/1
[pipeline-trace] wall=16:29:51 elapsed=4371.527s phase=train event=interaction_progress trial=24 partition=0 processed=6700 total=14000 metric=ce epoch=1/1
[pipeline-trace] wall=16:29:53 elapsed=4373.097s phase=train event=interaction_progress trial=24 partition=0 processed=6800 total=14000 metric=ce epoch=1/1
[pipeline-trace] wall=16:29:54 elapsed=4374.612s phase=train event=interaction_progress trial=24 partition=0 processed=6900 total=14000 metric=ce epoch=1/1
[pipeline-trace] wall=16:29:56 elapsed=4376.171s phase=train event=interaction_progress trial=24 partition=0 processed=7000 total=14000 metric=ce epoch=1/1
[pipeline-trace] wall=16:29:57 elapsed=4377.721s phase=train event=interaction_progress trial=24 partition=0 processed=7100 total=14000 metric=ce epoch=1/1
[pipeline-trace] wall=16:29:59 elapsed=4379.295s phase=train event=interaction_progress trial=24 partition=0 processed=7200 total=14000 metric=ce epoch=1/1
[pipeline-trace] wall=16:30:00 elapsed=4380.901s phase=train event=interaction_progress trial=24 partition=0 processed=7300 total=14000 metric=ce epoch=1/1
[pipeline-trace] wall=16:30:02 elapsed=4382.475s phase=train event=interaction_progress trial=24 partition=0 processed=7400 total=14000 metric=ce epoch=1/1
[pipeline-trace] wall=16:30:04 elapsed=4384.118s phase=train event=interaction_progress trial=24 partition=0 processed=7500 total=14000 metric=ce epoch=1/1
[pipeline-trace] wall=16:30:05 elapsed=4385.716s phase=train event=interaction_progress trial=24 partition=0 processed=7600 total=14000 metric=ce epoch=1/1
[pipeline-trace] wall=16:30:07 elapsed=4387.286s phase=train event=interaction_progress trial=24 partition=0 processed=7700 total=14000 metric=ce epoch=1/1
[pipeline-trace] wall=16:30:08 elapsed=4388.884s phase=train event=interaction_progress trial=24 partition=0 processed=7800 total=14000 metric=ce epoch=1/1
[pipeline-trace] wall=16:30:10 elapsed=4390.460s phase=train event=interaction_progress trial=24 partition=0 processed=7900 total=14000 metric=ce epoch=1/1
[pipeline-trace] wall=16:30:12 elapsed=4392.011s phase=train event=interaction_progress trial=24 partition=0 processed=8000 total=14000 metric=ce epoch=1/1
[pipeline-trace] wall=16:30:13 elapsed=4393.633s phase=train event=interaction_progress trial=24 partition=0 processed=8100 total=14000 metric=ce epoch=1/1
[pipeline-trace] wall=16:30:15 elapsed=4395.222s phase=train event=interaction_progress trial=24 partition=0 processed=8200 total=14000 metric=ce epoch=1/1
[pipeline-trace] wall=16:30:16 elapsed=4396.704s phase=train event=interaction_progress trial=24 partition=0 processed=8300 total=14000 metric=ce epoch=1/1
[pipeline-trace] wall=16:30:18 elapsed=4398.280s phase=train event=interaction_progress trial=24 partition=0 processed=8400 total=14000 metric=ce epoch=1/1
[pipeline-trace] wall=16:30:19 elapsed=4399.861s phase=train event=interaction_progress trial=24 partition=0 processed=8500 total=14000 metric=ce epoch=1/1
[pipeline-trace] wall=16:30:21 elapsed=4401.448s phase=train event=interaction_progress trial=24 partition=0 processed=8600 total=14000 metric=ce epoch=1/1
[pipeline-trace] wall=16:30:23 elapsed=4403.122s phase=train event=interaction_progress trial=24 partition=0 processed=8700 total=14000 metric=ce epoch=1/1
[pipeline-trace] wall=16:30:24 elapsed=4404.732s phase=train event=interaction_progress trial=24 partition=0 processed=8800 total=14000 metric=ce epoch=1/1
[pipeline-trace] wall=16:30:26 elapsed=4406.363s phase=train event=interaction_progress trial=24 partition=0 processed=8900 total=14000 metric=ce epoch=1/1
[pipeline-trace] wall=16:30:28 elapsed=4407.983s phase=train event=interaction_progress trial=24 partition=0 processed=9000 total=14000 metric=ce epoch=1/1
[pipeline-trace] wall=16:30:29 elapsed=4409.578s phase=train event=interaction_progress trial=24 partition=0 processed=9100 total=14000 metric=ce epoch=1/1
[pipeline-trace] wall=16:30:31 elapsed=4411.204s phase=train event=interaction_progress trial=24 partition=0 processed=9200 total=14000 metric=ce epoch=1/1
[pipeline-trace] wall=16:30:32 elapsed=4412.856s phase=train event=interaction_progress trial=24 partition=0 processed=9300 total=14000 metric=ce epoch=1/1
[pipeline-trace] wall=16:30:34 elapsed=4414.453s phase=train event=interaction_progress trial=24 partition=0 processed=9400 total=14000 metric=ce epoch=1/1
[pipeline-trace] wall=16:30:36 elapsed=4416.104s phase=train event=interaction_progress trial=24 partition=0 processed=9500 total=14000 metric=ce epoch=1/1
[pipeline-trace] wall=16:30:37 elapsed=4417.718s phase=train event=interaction_progress trial=24 partition=0 processed=9600 total=14000 metric=ce epoch=1/1
[pipeline-trace] wall=16:30:39 elapsed=4419.355s phase=train event=interaction_progress trial=24 partition=0 processed=9700 total=14000 metric=ce epoch=1/1
[pipeline-trace] wall=16:30:41 elapsed=4421.004s phase=train event=interaction_progress trial=24 partition=0 processed=9800 total=14000 metric=ce epoch=1/1
[pipeline-trace] wall=16:30:42 elapsed=4422.675s phase=train event=interaction_progress trial=24 partition=0 processed=9900 total=14000 metric=ce epoch=1/1
[pipeline-trace] wall=16:30:44 elapsed=4424.767s phase=train event=interaction_progress trial=24 partition=0 processed=10000 total=14000 metric=ce epoch=1/1
[pipeline-trace] wall=16:30:46 elapsed=4426.250s phase=train event=interaction_progress trial=24 partition=0 processed=10100 total=14000 metric=ce epoch=1/1
[pipeline-trace] wall=16:30:48 elapsed=4428.795s phase=train event=interaction_progress trial=24 partition=0 processed=10200 total=14000 metric=ce epoch=1/1
[pipeline-trace] wall=16:30:50 elapsed=4430.353s phase=train event=interaction_progress trial=24 partition=0 processed=10300 total=14000 metric=ce epoch=1/1
[pipeline-trace] wall=16:30:51 elapsed=4431.879s phase=train event=interaction_progress trial=24 partition=0 processed=10400 total=14000 metric=ce epoch=1/1
[pipeline-trace] wall=16:30:53 elapsed=4433.472s phase=train event=interaction_progress trial=24 partition=0 processed=10500 total=14000 metric=ce epoch=1/1
[pipeline-trace] wall=16:30:55 elapsed=4435.080s phase=train event=interaction_progress trial=24 partition=0 processed=10600 total=14000 metric=ce epoch=1/1
[pipeline-trace] wall=16:30:56 elapsed=4436.638s phase=train event=interaction_progress trial=24 partition=0 processed=10700 total=14000 metric=ce epoch=1/1
[pipeline-trace] wall=16:30:58 elapsed=4438.291s phase=train event=interaction_progress trial=24 partition=0 processed=10800 total=14000 metric=ce epoch=1/1
[pipeline-trace] wall=16:30:59 elapsed=4439.944s phase=train event=interaction_progress trial=24 partition=0 processed=10900 total=14000 metric=ce epoch=1/1
[pipeline-trace] wall=16:31:01 elapsed=4441.582s phase=train event=interaction_progress trial=24 partition=0 processed=11000 total=14000 metric=ce epoch=1/1
[pipeline-trace] wall=16:31:03 elapsed=4443.232s phase=train event=interaction_progress trial=24 partition=0 processed=11100 total=14000 metric=ce epoch=1/1
[pipeline-trace] wall=16:31:04 elapsed=4444.838s phase=train event=interaction_progress trial=24 partition=0 processed=11200 total=14000 metric=ce epoch=1/1
[pipeline-trace] wall=16:31:06 elapsed=4446.508s phase=train event=interaction_progress trial=24 partition=0 processed=11300 total=14000 metric=ce epoch=1/1
[pipeline-trace] wall=16:31:08 elapsed=4448.145s phase=train event=interaction_progress trial=24 partition=0 processed=11400 total=14000 metric=ce epoch=1/1
[pipeline-trace] wall=16:31:09 elapsed=4449.743s phase=train event=interaction_progress trial=24 partition=0 processed=11500 total=14000 metric=ce epoch=1/1
[pipeline-trace] wall=16:31:11 elapsed=4451.300s phase=train event=interaction_progress trial=24 partition=0 processed=11600 total=14000 metric=ce epoch=1/1
[pipeline-trace] wall=16:31:12 elapsed=4452.878s phase=train event=interaction_progress trial=24 partition=0 processed=11700 total=14000 metric=ce epoch=1/1
[pipeline-trace] wall=16:31:14 elapsed=4454.424s phase=train event=interaction_progress trial=24 partition=0 processed=11800 total=14000 metric=ce epoch=1/1
[pipeline-trace] wall=16:31:16 elapsed=4456.051s phase=train event=interaction_progress trial=24 partition=0 processed=11900 total=14000 metric=ce epoch=1/1
[pipeline-trace] wall=16:31:17 elapsed=4457.626s phase=train event=interaction_progress trial=24 partition=0 processed=12000 total=14000 metric=ce epoch=1/1
[pipeline-trace] wall=16:31:19 elapsed=4459.190s phase=train event=interaction_progress trial=24 partition=0 processed=12100 total=14000 metric=ce epoch=1/1
[pipeline-trace] wall=16:31:20 elapsed=4460.763s phase=train event=interaction_progress trial=24 partition=0 processed=12200 total=14000 metric=ce epoch=1/1
[pipeline-trace] wall=16:31:21 elapsed=4461.505s phase=train event=interaction_progress trial=24 partition=0 processed=12300 total=14000 metric=ce epoch=1/1
[pipeline-trace] wall=16:31:21 elapsed=4461.783s phase=train event=interaction_progress trial=24 partition=0 processed=12400 total=14000 metric=ce epoch=1/1
[pipeline-trace] wall=16:31:22 elapsed=4462.100s phase=train event=interaction_progress trial=24 partition=0 processed=12500 total=14000 metric=ce epoch=1/1
[pipeline-trace] wall=16:31:23 elapsed=4463.017s phase=train event=interaction_progress trial=24 partition=0 processed=12600 total=14000 metric=ce epoch=1/1
[pipeline-trace] wall=16:31:23 elapsed=4463.630s phase=train event=interaction_progress trial=24 partition=0 processed=12700 total=14000 metric=ce epoch=1/1
[pipeline-trace] wall=16:31:23 elapsed=4463.916s phase=train event=interaction_progress trial=24 partition=0 processed=12800 total=14000 metric=ce epoch=1/1
[pipeline-trace] wall=16:31:24 elapsed=4464.265s phase=train event=interaction_progress trial=24 partition=0 processed=12900 total=14000 metric=ce epoch=1/1
[pipeline-trace] wall=16:31:24 elapsed=4464.633s phase=train event=interaction_progress trial=24 partition=0 processed=13000 total=14000 metric=ce epoch=1/1
[pipeline-trace] wall=16:31:25 elapsed=4465.723s phase=train event=interaction_progress trial=24 partition=0 processed=13100 total=14000 metric=ce epoch=1/1
[pipeline-trace] wall=16:31:27 elapsed=4467.344s phase=train event=interaction_progress trial=24 partition=0 processed=13200 total=14000 metric=ce epoch=1/1
[pipeline-trace] wall=16:31:28 elapsed=4468.911s phase=train event=interaction_progress trial=24 partition=0 processed=13300 total=14000 metric=ce epoch=1/1
[pipeline-trace] wall=16:31:30 elapsed=4470.520s phase=train event=interaction_progress trial=24 partition=0 processed=13400 total=14000 metric=ce epoch=1/1
[pipeline-trace] wall=16:31:32 elapsed=4472.043s phase=train event=interaction_progress trial=24 partition=0 processed=13500 total=14000 metric=ce epoch=1/1
[pipeline-trace] wall=16:31:33 elapsed=4473.528s phase=train event=interaction_progress trial=24 partition=0 processed=13600 total=14000 metric=ce epoch=1/1
[pipeline-trace] wall=16:31:35 elapsed=4475.016s phase=train event=interaction_progress trial=24 partition=0 processed=13700 total=14000 metric=ce epoch=1/1
[pipeline-trace] wall=16:31:36 elapsed=4476.616s phase=train event=interaction_progress trial=24 partition=0 processed=13800 total=14000 metric=ce epoch=1/1
[pipeline-trace] wall=16:31:38 elapsed=4478.106s phase=train event=interaction_progress trial=24 partition=0 processed=13900 total=14000 metric=ce epoch=1/1
[pipeline-trace] wall=16:31:39 elapsed=4479.610s phase=train event=interaction_progress trial=24 partition=0 processed=14000 total=14000 metric=ce epoch=1/1
[pipeline-trace] wall=16:31:39 elapsed=4479.790s phase=eval event=batch_start trial=24 partitions=[1] synthetic=False
[pipeline-trace] wall=16:31:39 elapsed=4479.790s phase=eval event=partition_start trial=24 partition=1 interactions=1999
[pipeline-trace] wall=16:31:39 elapsed=4479.790s phase=eval event=interaction_progress trial=24 partition=1 processed=1 total=1999 metric=ranking
[pipeline-trace] wall=16:31:41 elapsed=4481.467s phase=eval event=interaction_progress trial=24 partition=1 processed=100 total=1999 metric=ranking
[pipeline-trace] wall=16:31:43 elapsed=4483.210s phase=eval event=interaction_progress trial=24 partition=1 processed=200 total=1999 metric=ranking
[pipeline-trace] wall=16:31:44 elapsed=4484.958s phase=eval event=interaction_progress trial=24 partition=1 processed=300 total=1999 metric=ranking
[pipeline-trace] wall=16:31:46 elapsed=4486.666s phase=eval event=interaction_progress trial=24 partition=1 processed=400 total=1999 metric=ranking
[pipeline-trace] wall=16:31:53 elapsed=4493.113s phase=eval event=interaction_progress trial=24 partition=1 processed=500 total=1999 metric=ranking
[pipeline-trace] wall=16:31:55 elapsed=4495.086s phase=eval event=interaction_progress trial=24 partition=1 processed=600 total=1999 metric=ranking
[pipeline-trace] wall=16:31:56 elapsed=4496.740s phase=eval event=interaction_progress trial=24 partition=1 processed=700 total=1999 metric=ranking
[pipeline-trace] wall=16:31:58 elapsed=4498.510s phase=eval event=interaction_progress trial=24 partition=1 processed=800 total=1999 metric=ranking
[pipeline-trace] wall=16:32:00 elapsed=4500.086s phase=eval event=interaction_progress trial=24 partition=1 processed=900 total=1999 metric=ranking
[pipeline-trace] wall=16:32:01 elapsed=4501.862s phase=eval event=interaction_progress trial=24 partition=1 processed=1000 total=1999 metric=ranking
[pipeline-trace] wall=16:32:03 elapsed=4503.580s phase=eval event=interaction_progress trial=24 partition=1 processed=1100 total=1999 metric=ranking
[pipeline-trace] wall=16:32:05 elapsed=4505.384s phase=eval event=interaction_progress trial=24 partition=1 processed=1200 total=1999 metric=ranking
[pipeline-trace] wall=16:32:07 elapsed=4507.092s phase=eval event=interaction_progress trial=24 partition=1 processed=1300 total=1999 metric=ranking
[pipeline-trace] wall=16:32:08 elapsed=4508.894s phase=eval event=interaction_progress trial=24 partition=1 processed=1400 total=1999 metric=ranking
[pipeline-trace] wall=16:32:10 elapsed=4510.592s phase=eval event=interaction_progress trial=24 partition=1 processed=1500 total=1999 metric=ranking
[pipeline-trace] wall=16:32:12 elapsed=4512.330s phase=eval event=interaction_progress trial=24 partition=1 processed=1600 total=1999 metric=ranking
[pipeline-trace] wall=16:32:13 elapsed=4513.954s phase=eval event=interaction_progress trial=24 partition=1 processed=1700 total=1999 metric=ranking
[pipeline-trace] wall=16:32:15 elapsed=4515.734s phase=eval event=interaction_progress trial=24 partition=1 processed=1800 total=1999 metric=ranking
[pipeline-trace] wall=16:32:17 elapsed=4517.415s phase=eval event=interaction_progress trial=24 partition=1 processed=1900 total=1999 metric=ranking
[pipeline-trace] wall=16:32:19 elapsed=4519.101s phase=eval event=interaction_progress trial=24 partition=1 processed=1999 total=1999 metric=ranking
[pipeline-trace] wall=16:32:19 elapsed=4519.122s phase=eval event=partition_complete trial=24 partition=1 elapsed_sec=39.332 hits=938 total=1999
[pipeline-trace] wall=16:32:19 elapsed=4519.307s phase=train event=interaction_progress trial=25 partition=0 processed=1 total=14000 metric=ce epoch=1/1
[pipeline-trace] wall=16:32:20 elapsed=4520.534s phase=train event=interaction_progress trial=25 partition=0 processed=100 total=14000 metric=ce epoch=1/1
[pipeline-trace] wall=16:32:21 elapsed=4521.762s phase=train event=interaction_progress trial=25 partition=0 processed=200 total=14000 metric=ce epoch=1/1
[pipeline-trace] wall=16:32:23 elapsed=4523.000s phase=train event=interaction_progress trial=25 partition=0 processed=300 total=14000 metric=ce epoch=1/1
[pipeline-trace] wall=16:32:24 elapsed=4524.246s phase=train event=interaction_progress trial=25 partition=0 processed=400 total=14000 metric=ce epoch=1/1
[pipeline-trace] wall=16:32:25 elapsed=4525.494s phase=train event=interaction_progress trial=25 partition=0 processed=500 total=14000 metric=ce epoch=1/1
[pipeline-trace] wall=16:32:26 elapsed=4526.728s phase=train event=interaction_progress trial=25 partition=0 processed=600 total=14000 metric=ce epoch=1/1
[pipeline-trace] wall=16:32:27 elapsed=4527.955s phase=train event=interaction_progress trial=25 partition=0 processed=700 total=14000 metric=ce epoch=1/1
[pipeline-trace] wall=16:32:29 elapsed=4529.206s phase=train event=interaction_progress trial=25 partition=0 processed=800 total=14000 metric=ce epoch=1/1
[pipeline-trace] wall=16:32:30 elapsed=4530.446s phase=train event=interaction_progress trial=25 partition=0 processed=900 total=14000 metric=ce epoch=1/1
[pipeline-trace] wall=16:32:31 elapsed=4531.681s phase=train event=interaction_progress trial=25 partition=0 processed=1000 total=14000 metric=ce epoch=1/1
[pipeline-trace] wall=16:32:32 elapsed=4532.909s phase=train event=interaction_progress trial=25 partition=0 processed=1100 total=14000 metric=ce epoch=1/1
[pipeline-trace] wall=16:32:34 elapsed=4534.159s phase=train event=interaction_progress trial=25 partition=0 processed=1200 total=14000 metric=ce epoch=1/1
[pipeline-trace] wall=16:32:35 elapsed=4535.426s phase=train event=interaction_progress trial=25 partition=0 processed=1300 total=14000 metric=ce epoch=1/1
[pipeline-trace] wall=16:32:36 elapsed=4536.687s phase=train event=interaction_progress trial=25 partition=0 processed=1400 total=14000 metric=ce epoch=1/1
[pipeline-trace] wall=16:32:37 elapsed=4537.934s phase=train event=interaction_progress trial=25 partition=0 processed=1500 total=14000 metric=ce epoch=1/1
[pipeline-trace] wall=16:32:39 elapsed=4539.219s phase=train event=interaction_progress trial=25 partition=0 processed=1600 total=14000 metric=ce epoch=1/1
[pipeline-trace] wall=16:32:40 elapsed=4540.504s phase=train event=interaction_progress trial=25 partition=0 processed=1700 total=14000 metric=ce epoch=1/1
[pipeline-trace] wall=16:32:41 elapsed=4541.825s phase=train event=interaction_progress trial=25 partition=0 processed=1800 total=14000 metric=ce epoch=1/1
[pipeline-trace] wall=16:32:43 elapsed=4543.071s phase=train event=interaction_progress trial=25 partition=0 processed=1900 total=14000 metric=ce epoch=1/1
[pipeline-trace] wall=16:32:44 elapsed=4544.294s phase=train event=interaction_progress trial=25 partition=0 processed=2000 total=14000 metric=ce epoch=1/1
[pipeline-trace] wall=16:32:45 elapsed=4545.520s phase=train event=interaction_progress trial=25 partition=0 processed=2100 total=14000 metric=ce epoch=1/1
[pipeline-trace] wall=16:32:46 elapsed=4546.734s phase=train event=interaction_progress trial=25 partition=0 processed=2200 total=14000 metric=ce epoch=1/1
[pipeline-trace] wall=16:32:47 elapsed=4547.949s phase=train event=interaction_progress trial=25 partition=0 processed=2300 total=14000 metric=ce epoch=1/1
[pipeline-trace] wall=16:32:49 elapsed=4549.168s phase=train event=interaction_progress trial=25 partition=0 processed=2400 total=14000 metric=ce epoch=1/1
[pipeline-trace] wall=16:32:50 elapsed=4550.422s phase=train event=interaction_progress trial=25 partition=0 processed=2500 total=14000 metric=ce epoch=1/1
[pipeline-trace] wall=16:32:51 elapsed=4551.649s phase=train event=interaction_progress trial=25 partition=0 processed=2600 total=14000 metric=ce epoch=1/1
[pipeline-trace] wall=16:32:52 elapsed=4552.884s phase=train event=interaction_progress trial=25 partition=0 processed=2700 total=14000 metric=ce epoch=1/1
[pipeline-trace] wall=16:33:00 elapsed=4560.289s phase=train event=interaction_progress trial=25 partition=0 processed=2800 total=14000 metric=ce epoch=1/1
[pipeline-trace] wall=16:33:01 elapsed=4561.532s phase=train event=interaction_progress trial=25 partition=0 processed=2900 total=14000 metric=ce epoch=1/1
[pipeline-trace] wall=16:33:02 elapsed=4562.785s phase=train event=interaction_progress trial=25 partition=0 processed=3000 total=14000 metric=ce epoch=1/1
[pipeline-trace] wall=16:33:04 elapsed=4564.046s phase=train event=interaction_progress trial=25 partition=0 processed=3100 total=14000 metric=ce epoch=1/1
[pipeline-trace] wall=16:33:05 elapsed=4565.320s phase=train event=interaction_progress trial=25 partition=0 processed=3200 total=14000 metric=ce epoch=1/1
[pipeline-trace] wall=16:33:06 elapsed=4566.531s phase=train event=interaction_progress trial=25 partition=0 processed=3300 total=14000 metric=ce epoch=1/1
[pipeline-trace] wall=16:33:07 elapsed=4567.734s phase=train event=interaction_progress trial=25 partition=0 processed=3400 total=14000 metric=ce epoch=1/1
[pipeline-trace] wall=16:33:09 elapsed=4568.974s phase=train event=interaction_progress trial=25 partition=0 processed=3500 total=14000 metric=ce epoch=1/1
[pipeline-trace] wall=16:33:10 elapsed=4570.204s phase=train event=interaction_progress trial=25 partition=0 processed=3600 total=14000 metric=ce epoch=1/1
[pipeline-trace] wall=16:33:11 elapsed=4571.453s phase=train event=interaction_progress trial=25 partition=0 processed=3700 total=14000 metric=ce epoch=1/1
[pipeline-trace] wall=16:33:12 elapsed=4572.683s phase=train event=interaction_progress trial=25 partition=0 processed=3800 total=14000 metric=ce epoch=1/1
[pipeline-trace] wall=16:33:13 elapsed=4573.912s phase=train event=interaction_progress trial=25 partition=0 processed=3900 total=14000 metric=ce epoch=1/1
[pipeline-trace] wall=16:33:15 elapsed=4575.146s phase=train event=interaction_progress trial=25 partition=0 processed=4000 total=14000 metric=ce epoch=1/1
[pipeline-trace] wall=16:33:16 elapsed=4576.388s phase=train event=interaction_progress trial=25 partition=0 processed=4100 total=14000 metric=ce epoch=1/1
[pipeline-trace] wall=16:33:17 elapsed=4577.608s phase=train event=interaction_progress trial=25 partition=0 processed=4200 total=14000 metric=ce epoch=1/1
[pipeline-trace] wall=16:33:18 elapsed=4578.824s phase=train event=interaction_progress trial=25 partition=0 processed=4300 total=14000 metric=ce epoch=1/1
[pipeline-trace] wall=16:33:20 elapsed=4580.059s phase=train event=interaction_progress trial=25 partition=0 processed=4400 total=14000 metric=ce epoch=1/1
[pipeline-trace] wall=16:33:21 elapsed=4581.296s phase=train event=interaction_progress trial=25 partition=0 processed=4500 total=14000 metric=ce epoch=1/1
[pipeline-trace] wall=16:33:22 elapsed=4582.538s phase=train event=interaction_progress trial=25 partition=0 processed=4600 total=14000 metric=ce epoch=1/1
[pipeline-trace] wall=16:33:23 elapsed=4583.780s phase=train event=interaction_progress trial=25 partition=0 processed=4700 total=14000 metric=ce epoch=1/1
[pipeline-trace] wall=16:33:25 elapsed=4585.011s phase=train event=interaction_progress trial=25 partition=0 processed=4800 total=14000 metric=ce epoch=1/1
[pipeline-trace] wall=16:33:26 elapsed=4586.237s phase=train event=interaction_progress trial=25 partition=0 processed=4900 total=14000 metric=ce epoch=1/1
[pipeline-trace] wall=16:33:27 elapsed=4587.458s phase=train event=interaction_progress trial=25 partition=0 processed=5000 total=14000 metric=ce epoch=1/1
[pipeline-trace] wall=16:33:28 elapsed=4588.707s phase=train event=interaction_progress trial=25 partition=0 processed=5100 total=14000 metric=ce epoch=1/1
[pipeline-trace] wall=16:33:29 elapsed=4589.933s phase=train event=interaction_progress trial=25 partition=0 processed=5200 total=14000 metric=ce epoch=1/1
[pipeline-trace] wall=16:33:31 elapsed=4591.160s phase=train event=interaction_progress trial=25 partition=0 processed=5300 total=14000 metric=ce epoch=1/1
[pipeline-trace] wall=16:33:32 elapsed=4592.388s phase=train event=interaction_progress trial=25 partition=0 processed=5400 total=14000 metric=ce epoch=1/1
[pipeline-trace] wall=16:33:33 elapsed=4593.626s phase=train event=interaction_progress trial=25 partition=0 processed=5500 total=14000 metric=ce epoch=1/1
[pipeline-trace] wall=16:33:34 elapsed=4594.868s phase=train event=interaction_progress trial=25 partition=0 processed=5600 total=14000 metric=ce epoch=1/1
[pipeline-trace] wall=16:33:36 elapsed=4596.114s phase=train event=interaction_progress trial=25 partition=0 processed=5700 total=14000 metric=ce epoch=1/1
[pipeline-trace] wall=16:33:37 elapsed=4597.346s phase=train event=interaction_progress trial=25 partition=0 processed=5800 total=14000 metric=ce epoch=1/1
[pipeline-trace] wall=16:33:38 elapsed=4598.566s phase=train event=interaction_progress trial=25 partition=0 processed=5900 total=14000 metric=ce epoch=1/1
[pipeline-trace] wall=16:33:39 elapsed=4599.808s phase=train event=interaction_progress trial=25 partition=0 processed=6000 total=14000 metric=ce epoch=1/1
[pipeline-trace] wall=16:33:41 elapsed=4601.030s phase=train event=interaction_progress trial=25 partition=0 processed=6100 total=14000 metric=ce epoch=1/1
[pipeline-trace] wall=16:33:42 elapsed=4602.262s phase=train event=interaction_progress trial=25 partition=0 processed=6200 total=14000 metric=ce epoch=1/1
[pipeline-trace] wall=16:33:43 elapsed=4603.485s phase=train event=interaction_progress trial=25 partition=0 processed=6300 total=14000 metric=ce epoch=1/1
[pipeline-trace] wall=16:33:44 elapsed=4604.741s phase=train event=interaction_progress trial=25 partition=0 processed=6400 total=14000 metric=ce epoch=1/1
[pipeline-trace] wall=16:33:46 elapsed=4605.982s phase=train event=interaction_progress trial=25 partition=0 processed=6500 total=14000 metric=ce epoch=1/1
[pipeline-trace] wall=16:33:47 elapsed=4607.258s phase=train event=interaction_progress trial=25 partition=0 processed=6600 total=14000 metric=ce epoch=1/1
[pipeline-trace] wall=16:33:48 elapsed=4608.523s phase=train event=interaction_progress trial=25 partition=0 processed=6700 total=14000 metric=ce epoch=1/1
[pipeline-trace] wall=16:33:49 elapsed=4609.742s phase=train event=interaction_progress trial=25 partition=0 processed=6800 total=14000 metric=ce epoch=1/1
[pipeline-trace] wall=16:33:51 elapsed=4610.972s phase=train event=interaction_progress trial=25 partition=0 processed=6900 total=14000 metric=ce epoch=1/1
[pipeline-trace] wall=16:33:52 elapsed=4612.182s phase=train event=interaction_progress trial=25 partition=0 processed=7000 total=14000 metric=ce epoch=1/1
[pipeline-trace] wall=16:33:53 elapsed=4613.417s phase=train event=interaction_progress trial=25 partition=0 processed=7100 total=14000 metric=ce epoch=1/1
[pipeline-trace] wall=16:33:54 elapsed=4614.639s phase=train event=interaction_progress trial=25 partition=0 processed=7200 total=14000 metric=ce epoch=1/1
[pipeline-trace] wall=16:33:55 elapsed=4615.868s phase=train event=interaction_progress trial=25 partition=0 processed=7300 total=14000 metric=ce epoch=1/1
[pipeline-trace] wall=16:33:57 elapsed=4617.085s phase=train event=interaction_progress trial=25 partition=0 processed=7400 total=14000 metric=ce epoch=1/1
[pipeline-trace] wall=16:33:58 elapsed=4618.322s phase=train event=interaction_progress trial=25 partition=0 processed=7500 total=14000 metric=ce epoch=1/1
[pipeline-trace] wall=16:33:59 elapsed=4619.554s phase=train event=interaction_progress trial=25 partition=0 processed=7600 total=14000 metric=ce epoch=1/1
[pipeline-trace] wall=16:34:06 elapsed=4626.384s phase=train event=interaction_progress trial=25 partition=0 processed=7700 total=14000 metric=ce epoch=1/1
[pipeline-trace] wall=16:34:07 elapsed=4627.642s phase=train event=interaction_progress trial=25 partition=0 processed=7800 total=14000 metric=ce epoch=1/1
[pipeline-trace] wall=16:34:08 elapsed=4628.896s phase=train event=interaction_progress trial=25 partition=0 processed=7900 total=14000 metric=ce epoch=1/1
[pipeline-trace] wall=16:34:10 elapsed=4630.125s phase=train event=interaction_progress trial=25 partition=0 processed=8000 total=14000 metric=ce epoch=1/1
[pipeline-trace] wall=16:34:11 elapsed=4631.370s phase=train event=interaction_progress trial=25 partition=0 processed=8100 total=14000 metric=ce epoch=1/1
[pipeline-trace] wall=16:34:12 elapsed=4632.602s phase=train event=interaction_progress trial=25 partition=0 processed=8200 total=14000 metric=ce epoch=1/1
[pipeline-trace] wall=16:34:13 elapsed=4633.840s phase=train event=interaction_progress trial=25 partition=0 processed=8300 total=14000 metric=ce epoch=1/1
[pipeline-trace] wall=16:34:15 elapsed=4635.061s phase=train event=interaction_progress trial=25 partition=0 processed=8400 total=14000 metric=ce epoch=1/1
[pipeline-trace] wall=16:34:16 elapsed=4636.247s phase=train event=interaction_progress trial=25 partition=0 processed=8500 total=14000 metric=ce epoch=1/1
[pipeline-trace] wall=16:34:17 elapsed=4637.332s phase=train event=interaction_progress trial=25 partition=0 processed=8600 total=14000 metric=ce epoch=1/1
[pipeline-trace] wall=16:34:18 elapsed=4638.523s phase=train event=interaction_progress trial=25 partition=0 processed=8700 total=14000 metric=ce epoch=1/1
[pipeline-trace] wall=16:34:19 elapsed=4639.726s phase=train event=interaction_progress trial=25 partition=0 processed=8800 total=14000 metric=ce epoch=1/1
[pipeline-trace] wall=16:34:20 elapsed=4640.951s phase=train event=interaction_progress trial=25 partition=0 processed=8900 total=14000 metric=ce epoch=1/1
[pipeline-trace] wall=16:34:22 elapsed=4642.180s phase=train event=interaction_progress trial=25 partition=0 processed=9000 total=14000 metric=ce epoch=1/1
[pipeline-trace] wall=16:34:23 elapsed=4643.405s phase=train event=interaction_progress trial=25 partition=0 processed=9100 total=14000 metric=ce epoch=1/1
[pipeline-trace] wall=16:34:24 elapsed=4644.634s phase=train event=interaction_progress trial=25 partition=0 processed=9200 total=14000 metric=ce epoch=1/1
[pipeline-trace] wall=16:34:25 elapsed=4645.855s phase=train event=interaction_progress trial=25 partition=0 processed=9300 total=14000 metric=ce epoch=1/1
[pipeline-trace] wall=16:34:27 elapsed=4647.043s phase=train event=interaction_progress trial=25 partition=0 processed=9400 total=14000 metric=ce epoch=1/1
[pipeline-trace] wall=16:34:27 elapsed=4647.631s phase=train event=interaction_progress trial=25 partition=0 processed=9500 total=14000 metric=ce epoch=1/1
[pipeline-trace] wall=16:34:28 elapsed=4647.972s phase=train event=interaction_progress trial=25 partition=0 processed=9600 total=14000 metric=ce epoch=1/1
[pipeline-trace] wall=16:34:28 elapsed=4648.334s phase=train event=interaction_progress trial=25 partition=0 processed=9700 total=14000 metric=ce epoch=1/1
[pipeline-trace] wall=16:34:29 elapsed=4649.407s phase=train event=interaction_progress trial=25 partition=0 processed=9800 total=14000 metric=ce epoch=1/1
[pipeline-trace] wall=16:34:29 elapsed=4649.833s phase=train event=interaction_progress trial=25 partition=0 processed=9900 total=14000 metric=ce epoch=1/1
[pipeline-trace] wall=16:34:30 elapsed=4650.178s phase=train event=interaction_progress trial=25 partition=0 processed=10000 total=14000 metric=ce epoch=1/1
[pipeline-trace] wall=16:34:30 elapsed=4650.540s phase=train event=interaction_progress trial=25 partition=0 processed=10100 total=14000 metric=ce epoch=1/1
[pipeline-trace] wall=16:34:30 elapsed=4650.941s phase=train event=interaction_progress trial=25 partition=0 processed=10200 total=14000 metric=ce epoch=1/1
[pipeline-trace] wall=16:34:31 elapsed=4651.664s phase=train event=interaction_progress trial=25 partition=0 processed=10300 total=14000 metric=ce epoch=1/1
[pipeline-trace] wall=16:34:32 elapsed=4652.876s phase=train event=interaction_progress trial=25 partition=0 processed=10400 total=14000 metric=ce epoch=1/1
[pipeline-trace] wall=16:34:34 elapsed=4654.098s phase=train event=interaction_progress trial=25 partition=0 processed=10500 total=14000 metric=ce epoch=1/1
[pipeline-trace] wall=16:34:35 elapsed=4655.340s phase=train event=interaction_progress trial=25 partition=0 processed=10600 total=14000 metric=ce epoch=1/1
[pipeline-trace] wall=16:34:36 elapsed=4656.567s phase=train event=interaction_progress trial=25 partition=0 processed=10700 total=14000 metric=ce epoch=1/1
[pipeline-trace] wall=16:34:37 elapsed=4657.797s phase=train event=interaction_progress trial=25 partition=0 processed=10800 total=14000 metric=ce epoch=1/1
[pipeline-trace] wall=16:34:39 elapsed=4659.040s phase=train event=interaction_progress trial=25 partition=0 processed=10900 total=14000 metric=ce epoch=1/1
[pipeline-trace] wall=16:34:40 elapsed=4660.271s phase=train event=interaction_progress trial=25 partition=0 processed=11000 total=14000 metric=ce epoch=1/1
[pipeline-trace] wall=16:34:41 elapsed=4661.503s phase=train event=interaction_progress trial=25 partition=0 processed=11100 total=14000 metric=ce epoch=1/1
[pipeline-trace] wall=16:34:42 elapsed=4662.762s phase=train event=interaction_progress trial=25 partition=0 processed=11200 total=14000 metric=ce epoch=1/1
[pipeline-trace] wall=16:34:44 elapsed=4664.004s phase=train event=interaction_progress trial=25 partition=0 processed=11300 total=14000 metric=ce epoch=1/1
[pipeline-trace] wall=16:34:45 elapsed=4665.228s phase=train event=interaction_progress trial=25 partition=0 processed=11400 total=14000 metric=ce epoch=1/1
[pipeline-trace] wall=16:34:46 elapsed=4666.469s phase=train event=interaction_progress trial=25 partition=0 processed=11500 total=14000 metric=ce epoch=1/1
[pipeline-trace] wall=16:34:47 elapsed=4667.716s phase=train event=interaction_progress trial=25 partition=0 processed=11600 total=14000 metric=ce epoch=1/1
[pipeline-trace] wall=16:34:48 elapsed=4668.963s phase=train event=interaction_progress trial=25 partition=0 processed=11700 total=14000 metric=ce epoch=1/1
[pipeline-trace] wall=16:34:50 elapsed=4670.201s phase=train event=interaction_progress trial=25 partition=0 processed=11800 total=14000 metric=ce epoch=1/1
[pipeline-trace] wall=16:34:51 elapsed=4671.431s phase=train event=interaction_progress trial=25 partition=0 processed=11900 total=14000 metric=ce epoch=1/1
[pipeline-trace] wall=16:34:52 elapsed=4672.645s phase=train event=interaction_progress trial=25 partition=0 processed=12000 total=14000 metric=ce epoch=1/1
[pipeline-trace] wall=16:34:53 elapsed=4673.860s phase=train event=interaction_progress trial=25 partition=0 processed=12100 total=14000 metric=ce epoch=1/1
[pipeline-trace] wall=16:34:55 elapsed=4675.074s phase=train event=interaction_progress trial=25 partition=0 processed=12200 total=14000 metric=ce epoch=1/1
[pipeline-trace] wall=16:34:56 elapsed=4676.279s phase=train event=interaction_progress trial=25 partition=0 processed=12300 total=14000 metric=ce epoch=1/1
[pipeline-trace] wall=16:34:57 elapsed=4677.503s phase=train event=interaction_progress trial=25 partition=0 processed=12400 total=14000 metric=ce epoch=1/1
[pipeline-trace] wall=16:34:58 elapsed=4678.727s phase=train event=interaction_progress trial=25 partition=0 processed=12500 total=14000 metric=ce epoch=1/1
[pipeline-trace] wall=16:34:59 elapsed=4679.946s phase=train event=interaction_progress trial=25 partition=0 processed=12600 total=14000 metric=ce epoch=1/1
[pipeline-trace] wall=16:35:01 elapsed=4681.172s phase=train event=interaction_progress trial=25 partition=0 processed=12700 total=14000 metric=ce epoch=1/1
[pipeline-trace] wall=16:35:02 elapsed=4682.407s phase=train event=interaction_progress trial=25 partition=0 processed=12800 total=14000 metric=ce epoch=1/1
[pipeline-trace] wall=16:35:03 elapsed=4683.628s phase=train event=interaction_progress trial=25 partition=0 processed=12900 total=14000 metric=ce epoch=1/1
[pipeline-trace] wall=16:35:05 elapsed=4685.605s phase=train event=interaction_progress trial=25 partition=0 processed=13000 total=14000 metric=ce epoch=1/1
[pipeline-trace] wall=16:35:06 elapsed=4686.875s phase=train event=interaction_progress trial=25 partition=0 processed=13100 total=14000 metric=ce epoch=1/1
[pipeline-trace] wall=16:35:08 elapsed=4688.203s phase=train event=interaction_progress trial=25 partition=0 processed=13200 total=14000 metric=ce epoch=1/1
[pipeline-trace] wall=16:35:09 elapsed=4689.541s phase=train event=interaction_progress trial=25 partition=0 processed=13300 total=14000 metric=ce epoch=1/1
[pipeline-trace] wall=16:35:10 elapsed=4690.902s phase=train event=interaction_progress trial=25 partition=0 processed=13400 total=14000 metric=ce epoch=1/1
[pipeline-trace] wall=16:35:12 elapsed=4692.165s phase=train event=interaction_progress trial=25 partition=0 processed=13500 total=14000 metric=ce epoch=1/1
[pipeline-trace] wall=16:35:13 elapsed=4693.414s phase=train event=interaction_progress trial=25 partition=0 processed=13600 total=14000 metric=ce epoch=1/1
[pipeline-trace] wall=16:35:14 elapsed=4694.681s phase=train event=interaction_progress trial=25 partition=0 processed=13700 total=14000 metric=ce epoch=1/1
[pipeline-trace] wall=16:35:15 elapsed=4695.921s phase=train event=interaction_progress trial=25 partition=0 processed=13800 total=14000 metric=ce epoch=1/1
[pipeline-trace] wall=16:35:17 elapsed=4697.164s phase=train event=interaction_progress trial=25 partition=0 processed=13900 total=14000 metric=ce epoch=1/1
[pipeline-trace] wall=16:35:18 elapsed=4698.383s phase=train event=interaction_progress trial=25 partition=0 processed=14000 total=14000 metric=ce epoch=1/1
[pipeline-trace] wall=16:35:18 elapsed=4698.589s phase=eval event=batch_start trial=25 partitions=[1] synthetic=False
[pipeline-trace] wall=16:35:18 elapsed=4698.590s phase=eval event=partition_start trial=25 partition=1 interactions=1999
[pipeline-trace] wall=16:35:18 elapsed=4698.590s phase=eval event=interaction_progress trial=25 partition=1 processed=1 total=1999 metric=ranking
[pipeline-trace] wall=16:35:19 elapsed=4699.890s phase=eval event=interaction_progress trial=25 partition=1 processed=100 total=1999 metric=ranking
[pipeline-trace] wall=16:35:21 elapsed=4701.177s phase=eval event=interaction_progress trial=25 partition=1 processed=200 total=1999 metric=ranking
[pipeline-trace] wall=16:35:22 elapsed=4702.511s phase=eval event=interaction_progress trial=25 partition=1 processed=300 total=1999 metric=ranking
[pipeline-trace] wall=16:35:23 elapsed=4703.886s phase=eval event=interaction_progress trial=25 partition=1 processed=400 total=1999 metric=ranking
[pipeline-trace] wall=16:35:25 elapsed=4705.237s phase=eval event=interaction_progress trial=25 partition=1 processed=500 total=1999 metric=ranking
[pipeline-trace] wall=16:35:26 elapsed=4706.570s phase=eval event=interaction_progress trial=25 partition=1 processed=600 total=1999 metric=ranking
[pipeline-trace] wall=16:35:27 elapsed=4707.890s phase=eval event=interaction_progress trial=25 partition=1 processed=700 total=1999 metric=ranking
[pipeline-trace] wall=16:35:29 elapsed=4709.250s phase=eval event=interaction_progress trial=25 partition=1 processed=800 total=1999 metric=ranking
[pipeline-trace] wall=16:35:30 elapsed=4710.577s phase=eval event=interaction_progress trial=25 partition=1 processed=900 total=1999 metric=ranking
[pipeline-trace] wall=16:35:31 elapsed=4711.921s phase=eval event=interaction_progress trial=25 partition=1 processed=1000 total=1999 metric=ranking
[pipeline-trace] wall=16:35:33 elapsed=4713.282s phase=eval event=interaction_progress trial=25 partition=1 processed=1100 total=1999 metric=ranking
[pipeline-trace] wall=16:35:34 elapsed=4714.633s phase=eval event=interaction_progress trial=25 partition=1 processed=1200 total=1999 metric=ranking
[pipeline-trace] wall=16:35:36 elapsed=4715.974s phase=eval event=interaction_progress trial=25 partition=1 processed=1300 total=1999 metric=ranking
[pipeline-trace] wall=16:35:37 elapsed=4717.301s phase=eval event=interaction_progress trial=25 partition=1 processed=1400 total=1999 metric=ranking
[pipeline-trace] wall=16:35:38 elapsed=4718.648s phase=eval event=interaction_progress trial=25 partition=1 processed=1500 total=1999 metric=ranking
[pipeline-trace] wall=16:35:39 elapsed=4719.943s phase=eval event=interaction_progress trial=25 partition=1 processed=1600 total=1999 metric=ranking
[pipeline-trace] wall=16:35:41 elapsed=4721.257s phase=eval event=interaction_progress trial=25 partition=1 processed=1700 total=1999 metric=ranking
[pipeline-trace] wall=16:35:42 elapsed=4722.620s phase=eval event=interaction_progress trial=25 partition=1 processed=1800 total=1999 metric=ranking
[pipeline-trace] wall=16:35:44 elapsed=4723.993s phase=eval event=interaction_progress trial=25 partition=1 processed=1900 total=1999 metric=ranking
[pipeline-trace] wall=16:35:45 elapsed=4725.348s phase=eval event=interaction_progress trial=25 partition=1 processed=1999 total=1999 metric=ranking
[pipeline-trace] wall=16:35:45 elapsed=4725.365s phase=eval event=partition_complete trial=25 partition=1 elapsed_sec=26.775 hits=1464 total=1999
[pipeline-trace] wall=16:35:45 elapsed=4725.527s phase=train event=interaction_progress trial=26 partition=0 processed=1 total=14000 metric=ce epoch=1/1
[pipeline-trace] wall=16:35:46 elapsed=4726.750s phase=train event=interaction_progress trial=26 partition=0 processed=100 total=14000 metric=ce epoch=1/1
[pipeline-trace] wall=16:35:48 elapsed=4727.992s phase=train event=interaction_progress trial=26 partition=0 processed=200 total=14000 metric=ce epoch=1/1
[pipeline-trace] wall=16:35:49 elapsed=4729.219s phase=train event=interaction_progress trial=26 partition=0 processed=300 total=14000 metric=ce epoch=1/1
[pipeline-trace] wall=16:35:50 elapsed=4730.486s phase=train event=interaction_progress trial=26 partition=0 processed=400 total=14000 metric=ce epoch=1/1
[pipeline-trace] wall=16:35:51 elapsed=4731.758s phase=train event=interaction_progress trial=26 partition=0 processed=500 total=14000 metric=ce epoch=1/1
[pipeline-trace] wall=16:35:53 elapsed=4732.975s phase=train event=interaction_progress trial=26 partition=0 processed=600 total=14000 metric=ce epoch=1/1
[pipeline-trace] wall=16:35:54 elapsed=4734.218s phase=train event=interaction_progress trial=26 partition=0 processed=700 total=14000 metric=ce epoch=1/1
[pipeline-trace] wall=16:35:55 elapsed=4735.463s phase=train event=interaction_progress trial=26 partition=0 processed=800 total=14000 metric=ce epoch=1/1
[pipeline-trace] wall=16:35:56 elapsed=4736.711s phase=train event=interaction_progress trial=26 partition=0 processed=900 total=14000 metric=ce epoch=1/1
[pipeline-trace] wall=16:35:57 elapsed=4737.953s phase=train event=interaction_progress trial=26 partition=0 processed=1000 total=14000 metric=ce epoch=1/1
[pipeline-trace] wall=16:35:59 elapsed=4739.210s phase=train event=interaction_progress trial=26 partition=0 processed=1100 total=14000 metric=ce epoch=1/1
[pipeline-trace] wall=16:36:00 elapsed=4740.471s phase=train event=interaction_progress trial=26 partition=0 processed=1200 total=14000 metric=ce epoch=1/1
[pipeline-trace] wall=16:36:01 elapsed=4741.730s phase=train event=interaction_progress trial=26 partition=0 processed=1300 total=14000 metric=ce epoch=1/1
[pipeline-trace] wall=16:36:03 elapsed=4742.990s phase=train event=interaction_progress trial=26 partition=0 processed=1400 total=14000 metric=ce epoch=1/1
[pipeline-trace] wall=16:36:04 elapsed=4744.207s phase=train event=interaction_progress trial=26 partition=0 processed=1500 total=14000 metric=ce epoch=1/1
[pipeline-trace] wall=16:36:05 elapsed=4745.440s phase=train event=interaction_progress trial=26 partition=0 processed=1600 total=14000 metric=ce epoch=1/1
[pipeline-trace] wall=16:36:06 elapsed=4746.679s phase=train event=interaction_progress trial=26 partition=0 processed=1700 total=14000 metric=ce epoch=1/1
[pipeline-trace] wall=16:36:07 elapsed=4747.942s phase=train event=interaction_progress trial=26 partition=0 processed=1800 total=14000 metric=ce epoch=1/1
[pipeline-trace] wall=16:36:09 elapsed=4749.174s phase=train event=interaction_progress trial=26 partition=0 processed=1900 total=14000 metric=ce epoch=1/1
[pipeline-trace] wall=16:36:11 elapsed=4751.106s phase=train event=interaction_progress trial=26 partition=0 processed=2000 total=14000 metric=ce epoch=1/1
[pipeline-trace] wall=16:36:12 elapsed=4752.426s phase=train event=interaction_progress trial=26 partition=0 processed=2100 total=14000 metric=ce epoch=1/1
[pipeline-trace] wall=16:36:13 elapsed=4753.780s phase=train event=interaction_progress trial=26 partition=0 processed=2200 total=14000 metric=ce epoch=1/1
[pipeline-trace] wall=16:36:15 elapsed=4755.148s phase=train event=interaction_progress trial=26 partition=0 processed=2300 total=14000 metric=ce epoch=1/1
[pipeline-trace] wall=16:36:16 elapsed=4756.442s phase=train event=interaction_progress trial=26 partition=0 processed=2400 total=14000 metric=ce epoch=1/1
[pipeline-trace] wall=16:36:17 elapsed=4757.679s phase=train event=interaction_progress trial=26 partition=0 processed=2500 total=14000 metric=ce epoch=1/1
[pipeline-trace] wall=16:36:18 elapsed=4758.913s phase=train event=interaction_progress trial=26 partition=0 processed=2600 total=14000 metric=ce epoch=1/1
[pipeline-trace] wall=16:36:20 elapsed=4760.157s phase=train event=interaction_progress trial=26 partition=0 processed=2700 total=14000 metric=ce epoch=1/1
[pipeline-trace] wall=16:36:21 elapsed=4761.399s phase=train event=interaction_progress trial=26 partition=0 processed=2800 total=14000 metric=ce epoch=1/1
[pipeline-trace] wall=16:36:22 elapsed=4762.636s phase=train event=interaction_progress trial=26 partition=0 processed=2900 total=14000 metric=ce epoch=1/1
[pipeline-trace] wall=16:36:23 elapsed=4763.865s phase=train event=interaction_progress trial=26 partition=0 processed=3000 total=14000 metric=ce epoch=1/1
[pipeline-trace] wall=16:36:25 elapsed=4765.131s phase=train event=interaction_progress trial=26 partition=0 processed=3100 total=14000 metric=ce epoch=1/1
[pipeline-trace] wall=16:36:26 elapsed=4766.409s phase=train event=interaction_progress trial=26 partition=0 processed=3200 total=14000 metric=ce epoch=1/1
[pipeline-trace] wall=16:36:27 elapsed=4767.683s phase=train event=interaction_progress trial=26 partition=0 processed=3300 total=14000 metric=ce epoch=1/1
[pipeline-trace] wall=16:36:28 elapsed=4768.940s phase=train event=interaction_progress trial=26 partition=0 processed=3400 total=14000 metric=ce epoch=1/1
[pipeline-trace] wall=16:36:30 elapsed=4770.186s phase=train event=interaction_progress trial=26 partition=0 processed=3500 total=14000 metric=ce epoch=1/1
[pipeline-trace] wall=16:36:31 elapsed=4771.430s phase=train event=interaction_progress trial=26 partition=0 processed=3600 total=14000 metric=ce epoch=1/1
[pipeline-trace] wall=16:36:32 elapsed=4772.702s phase=train event=interaction_progress trial=26 partition=0 processed=3700 total=14000 metric=ce epoch=1/1
[pipeline-trace] wall=16:36:34 elapsed=4773.995s phase=train event=interaction_progress trial=26 partition=0 processed=3800 total=14000 metric=ce epoch=1/1
[pipeline-trace] wall=16:36:35 elapsed=4775.281s phase=train event=interaction_progress trial=26 partition=0 processed=3900 total=14000 metric=ce epoch=1/1
[pipeline-trace] wall=16:36:36 elapsed=4776.551s phase=train event=interaction_progress trial=26 partition=0 processed=4000 total=14000 metric=ce epoch=1/1
[pipeline-trace] wall=16:36:37 elapsed=4777.800s phase=train event=interaction_progress trial=26 partition=0 processed=4100 total=14000 metric=ce epoch=1/1
[pipeline-trace] wall=16:36:39 elapsed=4779.053s phase=train event=interaction_progress trial=26 partition=0 processed=4200 total=14000 metric=ce epoch=1/1
[pipeline-trace] wall=16:36:40 elapsed=4780.286s phase=train event=interaction_progress trial=26 partition=0 processed=4300 total=14000 metric=ce epoch=1/1
[pipeline-trace] wall=16:36:41 elapsed=4781.513s phase=train event=interaction_progress trial=26 partition=0 processed=4400 total=14000 metric=ce epoch=1/1
[pipeline-trace] wall=16:36:42 elapsed=4782.814s phase=train event=interaction_progress trial=26 partition=0 processed=4500 total=14000 metric=ce epoch=1/1
[pipeline-trace] wall=16:36:44 elapsed=4784.061s phase=train event=interaction_progress trial=26 partition=0 processed=4600 total=14000 metric=ce epoch=1/1
[pipeline-trace] wall=16:36:45 elapsed=4785.297s phase=train event=interaction_progress trial=26 partition=0 processed=4700 total=14000 metric=ce epoch=1/1
[pipeline-trace] wall=16:36:46 elapsed=4786.548s phase=train event=interaction_progress trial=26 partition=0 processed=4800 total=14000 metric=ce epoch=1/1
[pipeline-trace] wall=16:36:47 elapsed=4787.764s phase=train event=interaction_progress trial=26 partition=0 processed=4900 total=14000 metric=ce epoch=1/1
[pipeline-trace] wall=16:36:49 elapsed=4788.970s phase=train event=interaction_progress trial=26 partition=0 processed=5000 total=14000 metric=ce epoch=1/1
[pipeline-trace] wall=16:36:50 elapsed=4790.151s phase=train event=interaction_progress trial=26 partition=0 processed=5100 total=14000 metric=ce epoch=1/1
[pipeline-trace] wall=16:36:51 elapsed=4791.366s phase=train event=interaction_progress trial=26 partition=0 processed=5200 total=14000 metric=ce epoch=1/1
[pipeline-trace] wall=16:36:52 elapsed=4792.613s phase=train event=interaction_progress trial=26 partition=0 processed=5300 total=14000 metric=ce epoch=1/1
[pipeline-trace] wall=16:36:53 elapsed=4793.860s phase=train event=interaction_progress trial=26 partition=0 processed=5400 total=14000 metric=ce epoch=1/1
[pipeline-trace] wall=16:36:55 elapsed=4795.075s phase=train event=interaction_progress trial=26 partition=0 processed=5500 total=14000 metric=ce epoch=1/1
[pipeline-trace] wall=16:36:56 elapsed=4796.313s phase=train event=interaction_progress trial=26 partition=0 processed=5600 total=14000 metric=ce epoch=1/1
[pipeline-trace] wall=16:36:57 elapsed=4797.672s phase=train event=interaction_progress trial=26 partition=0 processed=5700 total=14000 metric=ce epoch=1/1
[pipeline-trace] wall=16:36:58 elapsed=4798.905s phase=train event=interaction_progress trial=26 partition=0 processed=5800 total=14000 metric=ce epoch=1/1
[pipeline-trace] wall=16:37:00 elapsed=4800.249s phase=train event=interaction_progress trial=26 partition=0 processed=5900 total=14000 metric=ce epoch=1/1
[pipeline-trace] wall=16:37:01 elapsed=4801.521s phase=train event=interaction_progress trial=26 partition=0 processed=6000 total=14000 metric=ce epoch=1/1
[pipeline-trace] wall=16:37:02 elapsed=4802.797s phase=train event=interaction_progress trial=26 partition=0 processed=6100 total=14000 metric=ce epoch=1/1
[pipeline-trace] wall=16:37:04 elapsed=4804.223s phase=train event=interaction_progress trial=26 partition=0 processed=6200 total=14000 metric=ce epoch=1/1
[pipeline-trace] wall=16:37:05 elapsed=4805.454s phase=train event=interaction_progress trial=26 partition=0 processed=6300 total=14000 metric=ce epoch=1/1
[pipeline-trace] wall=16:37:06 elapsed=4806.789s phase=train event=interaction_progress trial=26 partition=0 processed=6400 total=14000 metric=ce epoch=1/1
[pipeline-trace] wall=16:37:08 elapsed=4808.050s phase=train event=interaction_progress trial=26 partition=0 processed=6500 total=14000 metric=ce epoch=1/1
[pipeline-trace] wall=16:37:09 elapsed=4809.347s phase=train event=interaction_progress trial=26 partition=0 processed=6600 total=14000 metric=ce epoch=1/1
[pipeline-trace] wall=16:37:10 elapsed=4810.643s phase=train event=interaction_progress trial=26 partition=0 processed=6700 total=14000 metric=ce epoch=1/1
[pipeline-trace] wall=16:37:11 elapsed=4811.898s phase=train event=interaction_progress trial=26 partition=0 processed=6800 total=14000 metric=ce epoch=1/1
[pipeline-trace] wall=16:37:13 elapsed=4813.220s phase=train event=interaction_progress trial=26 partition=0 processed=6900 total=14000 metric=ce epoch=1/1
[pipeline-trace] wall=16:37:14 elapsed=4814.494s phase=train event=interaction_progress trial=26 partition=0 processed=7000 total=14000 metric=ce epoch=1/1
[pipeline-trace] wall=16:37:24 elapsed=4824.459s phase=train event=interaction_progress trial=26 partition=0 processed=7100 total=14000 metric=ce epoch=1/1
[pipeline-trace] wall=16:37:26 elapsed=4826.085s phase=train event=interaction_progress trial=26 partition=0 processed=7200 total=14000 metric=ce epoch=1/1
[pipeline-trace] wall=16:37:27 elapsed=4827.390s phase=train event=interaction_progress trial=26 partition=0 processed=7300 total=14000 metric=ce epoch=1/1
[pipeline-trace] wall=16:37:28 elapsed=4828.658s phase=train event=interaction_progress trial=26 partition=0 processed=7400 total=14000 metric=ce epoch=1/1
[pipeline-trace] wall=16:37:29 elapsed=4829.917s phase=train event=interaction_progress trial=26 partition=0 processed=7500 total=14000 metric=ce epoch=1/1
[pipeline-trace] wall=16:37:31 elapsed=4831.198s phase=train event=interaction_progress trial=26 partition=0 processed=7600 total=14000 metric=ce epoch=1/1
[pipeline-trace] wall=16:37:32 elapsed=4832.504s phase=train event=interaction_progress trial=26 partition=0 processed=7700 total=14000 metric=ce epoch=1/1
[pipeline-trace] wall=16:37:33 elapsed=4833.814s phase=train event=interaction_progress trial=26 partition=0 processed=7800 total=14000 metric=ce epoch=1/1
[pipeline-trace] wall=16:37:35 elapsed=4835.048s phase=train event=interaction_progress trial=26 partition=0 processed=7900 total=14000 metric=ce epoch=1/1
[pipeline-trace] wall=16:37:35 elapsed=4835.591s phase=train event=interaction_progress trial=26 partition=0 processed=8000 total=14000 metric=ce epoch=1/1
[pipeline-trace] wall=16:37:35 elapsed=4835.904s phase=train event=interaction_progress trial=26 partition=0 processed=8100 total=14000 metric=ce epoch=1/1
[pipeline-trace] wall=16:37:36 elapsed=4836.219s phase=train event=interaction_progress trial=26 partition=0 processed=8200 total=14000 metric=ce epoch=1/1
[pipeline-trace] wall=16:37:36 elapsed=4836.498s phase=train event=interaction_progress trial=26 partition=0 processed=8300 total=14000 metric=ce epoch=1/1
[pipeline-trace] wall=16:37:37 elapsed=4837.288s phase=train event=interaction_progress trial=26 partition=0 processed=8400 total=14000 metric=ce epoch=1/1
[pipeline-trace] wall=16:37:38 elapsed=4837.980s phase=train event=interaction_progress trial=26 partition=0 processed=8500 total=14000 metric=ce epoch=1/1
[pipeline-trace] wall=16:37:38 elapsed=4838.287s phase=train event=interaction_progress trial=26 partition=0 processed=8600 total=14000 metric=ce epoch=1/1
[pipeline-trace] wall=16:37:38 elapsed=4838.662s phase=train event=interaction_progress trial=26 partition=0 processed=8700 total=14000 metric=ce epoch=1/1
[pipeline-trace] wall=16:37:39 elapsed=4839.040s phase=train event=interaction_progress trial=26 partition=0 processed=8800 total=14000 metric=ce epoch=1/1
[pipeline-trace] wall=16:37:39 elapsed=4839.437s phase=train event=interaction_progress trial=26 partition=0 processed=8900 total=14000 metric=ce epoch=1/1
[pipeline-trace] wall=16:37:39 elapsed=4839.957s phase=train event=interaction_progress trial=26 partition=0 processed=9000 total=14000 metric=ce epoch=1/1
[pipeline-trace] wall=16:37:41 elapsed=4841.243s phase=train event=interaction_progress trial=26 partition=0 processed=9100 total=14000 metric=ce epoch=1/1
[pipeline-trace] wall=16:37:42 elapsed=4842.536s phase=train event=interaction_progress trial=26 partition=0 processed=9200 total=14000 metric=ce epoch=1/1
[pipeline-trace] wall=16:37:43 elapsed=4843.791s phase=train event=interaction_progress trial=26 partition=0 processed=9300 total=14000 metric=ce epoch=1/1
[pipeline-trace] wall=16:37:45 elapsed=4845.032s phase=train event=interaction_progress trial=26 partition=0 processed=9400 total=14000 metric=ce epoch=1/1
[pipeline-trace] wall=16:37:46 elapsed=4846.301s phase=train event=interaction_progress trial=26 partition=0 processed=9500 total=14000 metric=ce epoch=1/1
[pipeline-trace] wall=16:37:47 elapsed=4847.582s phase=train event=interaction_progress trial=26 partition=0 processed=9600 total=14000 metric=ce epoch=1/1
[pipeline-trace] wall=16:37:48 elapsed=4848.835s phase=train event=interaction_progress trial=26 partition=0 processed=9700 total=14000 metric=ce epoch=1/1
[pipeline-trace] wall=16:37:50 elapsed=4850.117s phase=train event=interaction_progress trial=26 partition=0 processed=9800 total=14000 metric=ce epoch=1/1
[pipeline-trace] wall=16:37:51 elapsed=4851.410s phase=train event=interaction_progress trial=26 partition=0 processed=9900 total=14000 metric=ce epoch=1/1
[pipeline-trace] wall=16:37:52 elapsed=4852.663s phase=train event=interaction_progress trial=26 partition=0 processed=10000 total=14000 metric=ce epoch=1/1
[pipeline-trace] wall=16:37:53 elapsed=4853.930s phase=train event=interaction_progress trial=26 partition=0 processed=10100 total=14000 metric=ce epoch=1/1
[pipeline-trace] wall=16:37:55 elapsed=4855.182s phase=train event=interaction_progress trial=26 partition=0 processed=10200 total=14000 metric=ce epoch=1/1
[pipeline-trace] wall=16:37:56 elapsed=4856.472s phase=train event=interaction_progress trial=26 partition=0 processed=10300 total=14000 metric=ce epoch=1/1
[pipeline-trace] wall=16:37:57 elapsed=4857.747s phase=train event=interaction_progress trial=26 partition=0 processed=10400 total=14000 metric=ce epoch=1/1
[pipeline-trace] wall=16:37:59 elapsed=4859.087s phase=train event=interaction_progress trial=26 partition=0 processed=10500 total=14000 metric=ce epoch=1/1
[pipeline-trace] wall=16:38:00 elapsed=4860.395s phase=train event=interaction_progress trial=26 partition=0 processed=10600 total=14000 metric=ce epoch=1/1
[pipeline-trace] wall=16:38:01 elapsed=4861.662s phase=train event=interaction_progress trial=26 partition=0 processed=10700 total=14000 metric=ce epoch=1/1
[pipeline-trace] wall=16:38:02 elapsed=4862.949s phase=train event=interaction_progress trial=26 partition=0 processed=10800 total=14000 metric=ce epoch=1/1
[pipeline-trace] wall=16:38:04 elapsed=4864.214s phase=train event=interaction_progress trial=26 partition=0 processed=10900 total=14000 metric=ce epoch=1/1
[pipeline-trace] wall=16:38:05 elapsed=4865.514s phase=train event=interaction_progress trial=26 partition=0 processed=11000 total=14000 metric=ce epoch=1/1
[pipeline-trace] wall=16:38:06 elapsed=4866.921s phase=train event=interaction_progress trial=26 partition=0 processed=11100 total=14000 metric=ce epoch=1/1
[pipeline-trace] wall=16:38:08 elapsed=4868.162s phase=train event=interaction_progress trial=26 partition=0 processed=11200 total=14000 metric=ce epoch=1/1
[pipeline-trace] wall=16:38:09 elapsed=4869.424s phase=train event=interaction_progress trial=26 partition=0 processed=11300 total=14000 metric=ce epoch=1/1
[pipeline-trace] wall=16:38:10 elapsed=4870.741s phase=train event=interaction_progress trial=26 partition=0 processed=11400 total=14000 metric=ce epoch=1/1
[pipeline-trace] wall=16:38:12 elapsed=4872.156s phase=train event=interaction_progress trial=26 partition=0 processed=11500 total=14000 metric=ce epoch=1/1
[pipeline-trace] wall=16:38:13 elapsed=4873.584s phase=train event=interaction_progress trial=26 partition=0 processed=11600 total=14000 metric=ce epoch=1/1
[pipeline-trace] wall=16:38:14 elapsed=4874.898s phase=train event=interaction_progress trial=26 partition=0 processed=11700 total=14000 metric=ce epoch=1/1
[pipeline-trace] wall=16:38:16 elapsed=4876.119s phase=train event=interaction_progress trial=26 partition=0 processed=11800 total=14000 metric=ce epoch=1/1
[pipeline-trace] wall=16:38:17 elapsed=4877.298s phase=train event=interaction_progress trial=26 partition=0 processed=11900 total=14000 metric=ce epoch=1/1
[pipeline-trace] wall=16:38:18 elapsed=4878.546s phase=train event=interaction_progress trial=26 partition=0 processed=12000 total=14000 metric=ce epoch=1/1
[pipeline-trace] wall=16:38:19 elapsed=4879.785s phase=train event=interaction_progress trial=26 partition=0 processed=12100 total=14000 metric=ce epoch=1/1
[pipeline-trace] wall=16:38:21 elapsed=4881.027s phase=train event=interaction_progress trial=26 partition=0 processed=12200 total=14000 metric=ce epoch=1/1
[pipeline-trace] wall=16:38:22 elapsed=4882.268s phase=train event=interaction_progress trial=26 partition=0 processed=12300 total=14000 metric=ce epoch=1/1
[pipeline-trace] wall=16:38:23 elapsed=4883.485s phase=train event=interaction_progress trial=26 partition=0 processed=12400 total=14000 metric=ce epoch=1/1
[pipeline-trace] wall=16:38:24 elapsed=4884.701s phase=train event=interaction_progress trial=26 partition=0 processed=12500 total=14000 metric=ce epoch=1/1
[pipeline-trace] wall=16:38:26 elapsed=4885.989s phase=train event=interaction_progress trial=26 partition=0 processed=12600 total=14000 metric=ce epoch=1/1
[pipeline-trace] wall=16:38:27 elapsed=4887.368s phase=train event=interaction_progress trial=26 partition=0 processed=12700 total=14000 metric=ce epoch=1/1
[pipeline-trace] wall=16:38:28 elapsed=4888.921s phase=train event=interaction_progress trial=26 partition=0 processed=12800 total=14000 metric=ce epoch=1/1
[pipeline-trace] wall=16:38:31 elapsed=4891.182s phase=train event=interaction_progress trial=26 partition=0 processed=12900 total=14000 metric=ce epoch=1/1
[pipeline-trace] wall=16:38:32 elapsed=4892.674s phase=train event=interaction_progress trial=26 partition=0 processed=13000 total=14000 metric=ce epoch=1/1
[pipeline-trace] wall=16:38:33 elapsed=4893.943s phase=train event=interaction_progress trial=26 partition=0 processed=13100 total=14000 metric=ce epoch=1/1
[pipeline-trace] wall=16:38:35 elapsed=4895.227s phase=train event=interaction_progress trial=26 partition=0 processed=13200 total=14000 metric=ce epoch=1/1
[pipeline-trace] wall=16:38:36 elapsed=4896.517s phase=train event=interaction_progress trial=26 partition=0 processed=13300 total=14000 metric=ce epoch=1/1
[pipeline-trace] wall=16:38:37 elapsed=4897.749s phase=train event=interaction_progress trial=26 partition=0 processed=13400 total=14000 metric=ce epoch=1/1
[pipeline-trace] wall=16:38:39 elapsed=4898.973s phase=train event=interaction_progress trial=26 partition=0 processed=13500 total=14000 metric=ce epoch=1/1
[pipeline-trace] wall=16:38:40 elapsed=4900.217s phase=train event=interaction_progress trial=26 partition=0 processed=13600 total=14000 metric=ce epoch=1/1
[pipeline-trace] wall=16:38:41 elapsed=4901.463s phase=train event=interaction_progress trial=26 partition=0 processed=13700 total=14000 metric=ce epoch=1/1
[pipeline-trace] wall=16:38:42 elapsed=4902.703s phase=train event=interaction_progress trial=26 partition=0 processed=13800 total=14000 metric=ce epoch=1/1
[pipeline-trace] wall=16:38:43 elapsed=4903.951s phase=train event=interaction_progress trial=26 partition=0 processed=13900 total=14000 metric=ce epoch=1/1
[pipeline-trace] wall=16:38:45 elapsed=4905.183s phase=train event=interaction_progress trial=26 partition=0 processed=14000 total=14000 metric=ce epoch=1/1
[pipeline-trace] wall=16:38:45 elapsed=4905.408s phase=eval event=batch_start trial=26 partitions=[1] synthetic=False
[pipeline-trace] wall=16:38:45 elapsed=4905.408s phase=eval event=partition_start trial=26 partition=1 interactions=1999
[pipeline-trace] wall=16:38:45 elapsed=4905.409s phase=eval event=interaction_progress trial=26 partition=1 processed=1 total=1999 metric=ranking
[pipeline-trace] wall=16:38:46 elapsed=4906.784s phase=eval event=interaction_progress trial=26 partition=1 processed=100 total=1999 metric=ranking
[pipeline-trace] wall=16:38:48 elapsed=4908.170s phase=eval event=interaction_progress trial=26 partition=1 processed=200 total=1999 metric=ranking
[pipeline-trace] wall=16:38:49 elapsed=4909.528s phase=eval event=interaction_progress trial=26 partition=1 processed=300 total=1999 metric=ranking
[pipeline-trace] wall=16:38:50 elapsed=4910.914s phase=eval event=interaction_progress trial=26 partition=1 processed=400 total=1999 metric=ranking
[pipeline-trace] wall=16:38:52 elapsed=4912.403s phase=eval event=interaction_progress trial=26 partition=1 processed=500 total=1999 metric=ranking
[pipeline-trace] wall=16:38:53 elapsed=4913.748s phase=eval event=interaction_progress trial=26 partition=1 processed=600 total=1999 metric=ranking
[pipeline-trace] wall=16:38:55 elapsed=4915.123s phase=eval event=interaction_progress trial=26 partition=1 processed=700 total=1999 metric=ranking
[pipeline-trace] wall=16:38:56 elapsed=4916.451s phase=eval event=interaction_progress trial=26 partition=1 processed=800 total=1999 metric=ranking
[pipeline-trace] wall=16:38:57 elapsed=4917.835s phase=eval event=interaction_progress trial=26 partition=1 processed=900 total=1999 metric=ranking
[pipeline-trace] wall=16:38:59 elapsed=4919.247s phase=eval event=interaction_progress trial=26 partition=1 processed=1000 total=1999 metric=ranking
[pipeline-trace] wall=16:39:00 elapsed=4920.625s phase=eval event=interaction_progress trial=26 partition=1 processed=1100 total=1999 metric=ranking
[pipeline-trace] wall=16:39:02 elapsed=4921.990s phase=eval event=interaction_progress trial=26 partition=1 processed=1200 total=1999 metric=ranking
[pipeline-trace] wall=16:39:03 elapsed=4923.356s phase=eval event=interaction_progress trial=26 partition=1 processed=1300 total=1999 metric=ranking
[pipeline-trace] wall=16:39:04 elapsed=4924.726s phase=eval event=interaction_progress trial=26 partition=1 processed=1400 total=1999 metric=ranking
[pipeline-trace] wall=16:39:06 elapsed=4926.101s phase=eval event=interaction_progress trial=26 partition=1 processed=1500 total=1999 metric=ranking
[pipeline-trace] wall=16:39:07 elapsed=4927.479s phase=eval event=interaction_progress trial=26 partition=1 processed=1600 total=1999 metric=ranking
[pipeline-trace] wall=16:39:08 elapsed=4928.842s phase=eval event=interaction_progress trial=26 partition=1 processed=1700 total=1999 metric=ranking
[pipeline-trace] wall=16:39:10 elapsed=4930.187s phase=eval event=interaction_progress trial=26 partition=1 processed=1800 total=1999 metric=ranking
[pipeline-trace] wall=16:39:11 elapsed=4931.531s phase=eval event=interaction_progress trial=26 partition=1 processed=1900 total=1999 metric=ranking
[pipeline-trace] wall=16:39:12 elapsed=4932.837s phase=eval event=interaction_progress trial=26 partition=1 processed=1999 total=1999 metric=ranking
[pipeline-trace] wall=16:39:12 elapsed=4932.853s phase=eval event=partition_complete trial=26 partition=1 elapsed_sec=27.444 hits=1468 total=1999
[pipeline-trace] wall=16:39:14 elapsed=4944.180s phase=train event=dispatch trial=0 stage=1/1
[pipeline-trace] wall=16:39:19 elapsed=1.647s phase=train event=interaction_progress trial=0 partition=0 processed=1 total=14000 metric=ce epoch=1/1
[pipeline-trace] wall=16:39:21 elapsed=3.236s phase=train event=interaction_progress trial=0 partition=0 processed=100 total=14000 metric=ce epoch=1/1
[pipeline-trace] wall=16:39:22 elapsed=4.443s phase=train event=interaction_progress trial=0 partition=0 processed=200 total=14000 metric=ce epoch=1/1
[pipeline-trace] wall=16:39:23 elapsed=5.631s phase=train event=interaction_progress trial=0 partition=0 processed=300 total=14000 metric=ce epoch=1/1
[pipeline-trace] wall=16:39:24 elapsed=6.836s phase=train event=interaction_progress trial=0 partition=0 processed=400 total=14000 metric=ce epoch=1/1
[pipeline-trace] wall=16:39:25 elapsed=8.027s phase=train event=interaction_progress trial=0 partition=0 processed=500 total=14000 metric=ce epoch=1/1
[pipeline-trace] wall=16:39:27 elapsed=9.222s phase=train event=interaction_progress trial=0 partition=0 processed=600 total=14000 metric=ce epoch=1/1
[pipeline-trace] wall=16:39:28 elapsed=10.428s phase=train event=interaction_progress trial=0 partition=0 processed=700 total=14000 metric=ce epoch=1/1
[pipeline-trace] wall=16:39:29 elapsed=11.634s phase=train event=interaction_progress trial=0 partition=0 processed=800 total=14000 metric=ce epoch=1/1
[pipeline-trace] wall=16:39:30 elapsed=12.915s phase=train event=interaction_progress trial=0 partition=0 processed=900 total=14000 metric=ce epoch=1/1
[pipeline-trace] wall=16:39:32 elapsed=14.969s phase=train event=interaction_progress trial=0 partition=0 processed=1000 total=14000 metric=ce epoch=1/1
[pipeline-trace] wall=16:39:33 elapsed=16.035s phase=train event=interaction_progress trial=0 partition=0 processed=1100 total=14000 metric=ce epoch=1/1
[pipeline-trace] wall=16:39:35 elapsed=17.690s phase=train event=interaction_progress trial=0 partition=0 processed=1200 total=14000 metric=ce epoch=1/1
[pipeline-trace] wall=16:39:36 elapsed=18.790s phase=train event=interaction_progress trial=0 partition=0 processed=1300 total=14000 metric=ce epoch=1/1
[pipeline-trace] wall=16:39:37 elapsed=19.952s phase=train event=interaction_progress trial=0 partition=0 processed=1400 total=14000 metric=ce epoch=1/1
[pipeline-trace] wall=16:39:38 elapsed=21.126s phase=train event=interaction_progress trial=0 partition=0 processed=1500 total=14000 metric=ce epoch=1/1
[pipeline-trace] wall=16:39:40 elapsed=22.377s phase=train event=interaction_progress trial=0 partition=0 processed=1600 total=14000 metric=ce epoch=1/1
[pipeline-trace] wall=16:39:41 elapsed=23.595s phase=train event=interaction_progress trial=0 partition=0 processed=1700 total=14000 metric=ce epoch=1/1
[pipeline-trace] wall=16:39:42 elapsed=24.825s phase=train event=interaction_progress trial=0 partition=0 processed=1800 total=14000 metric=ce epoch=1/1
[pipeline-trace] wall=16:39:43 elapsed=25.999s phase=train event=interaction_progress trial=0 partition=0 processed=1900 total=14000 metric=ce epoch=1/1
[pipeline-trace] wall=16:39:44 elapsed=27.182s phase=train event=interaction_progress trial=0 partition=0 processed=2000 total=14000 metric=ce epoch=1/1
[pipeline-trace] wall=16:39:46 elapsed=28.368s phase=train event=interaction_progress trial=0 partition=0 processed=2100 total=14000 metric=ce epoch=1/1
[pipeline-trace] wall=16:39:47 elapsed=29.582s phase=train event=interaction_progress trial=0 partition=0 processed=2200 total=14000 metric=ce epoch=1/1
[pipeline-trace] wall=16:39:48 elapsed=30.786s phase=train event=interaction_progress trial=0 partition=0 processed=2300 total=14000 metric=ce epoch=1/1
[pipeline-trace] wall=16:39:49 elapsed=31.989s phase=train event=interaction_progress trial=0 partition=0 processed=2400 total=14000 metric=ce epoch=1/1
[pipeline-trace] wall=16:39:50 elapsed=33.165s phase=train event=interaction_progress trial=0 partition=0 processed=2500 total=14000 metric=ce epoch=1/1
[pipeline-trace] wall=16:39:52 elapsed=34.355s phase=train event=interaction_progress trial=0 partition=0 processed=2600 total=14000 metric=ce epoch=1/1
[pipeline-trace] wall=16:39:53 elapsed=35.572s phase=train event=interaction_progress trial=0 partition=0 processed=2700 total=14000 metric=ce epoch=1/1
[pipeline-trace] wall=16:39:54 elapsed=36.785s phase=train event=interaction_progress trial=0 partition=0 processed=2800 total=14000 metric=ce epoch=1/1
[pipeline-trace] wall=16:39:55 elapsed=37.986s phase=train event=interaction_progress trial=0 partition=0 processed=2900 total=14000 metric=ce epoch=1/1
[pipeline-trace] wall=16:39:56 elapsed=39.182s phase=train event=interaction_progress trial=0 partition=0 processed=3000 total=14000 metric=ce epoch=1/1
[pipeline-trace] wall=16:39:58 elapsed=40.365s phase=train event=interaction_progress trial=0 partition=0 processed=3100 total=14000 metric=ce epoch=1/1
[pipeline-trace] wall=16:39:59 elapsed=41.559s phase=train event=interaction_progress trial=0 partition=0 processed=3200 total=14000 metric=ce epoch=1/1
[pipeline-trace] wall=16:40:00 elapsed=42.748s phase=train event=interaction_progress trial=0 partition=0 processed=3300 total=14000 metric=ce epoch=1/1
[pipeline-trace] wall=16:40:01 elapsed=43.934s phase=train event=interaction_progress trial=0 partition=0 processed=3400 total=14000 metric=ce epoch=1/1
[pipeline-trace] wall=16:40:02 elapsed=45.139s phase=train event=interaction_progress trial=0 partition=0 processed=3500 total=14000 metric=ce epoch=1/1
[pipeline-trace] wall=16:40:04 elapsed=46.349s phase=train event=interaction_progress trial=0 partition=0 processed=3600 total=14000 metric=ce epoch=1/1
[pipeline-trace] wall=16:40:05 elapsed=47.511s phase=train event=interaction_progress trial=0 partition=0 processed=3700 total=14000 metric=ce epoch=1/1
[pipeline-trace] wall=16:40:06 elapsed=48.705s phase=train event=interaction_progress trial=0 partition=0 processed=3800 total=14000 metric=ce epoch=1/1
[pipeline-trace] wall=16:40:07 elapsed=49.911s phase=train event=interaction_progress trial=0 partition=0 processed=3900 total=14000 metric=ce epoch=1/1
[pipeline-trace] wall=16:40:08 elapsed=51.033s phase=train event=interaction_progress trial=0 partition=0 processed=4000 total=14000 metric=ce epoch=1/1
[pipeline-trace] wall=16:40:10 elapsed=52.213s phase=train event=interaction_progress trial=0 partition=0 processed=4100 total=14000 metric=ce epoch=1/1
[pipeline-trace] wall=16:40:11 elapsed=53.426s phase=train event=interaction_progress trial=0 partition=0 processed=4200 total=14000 metric=ce epoch=1/1
[pipeline-trace] wall=16:40:12 elapsed=54.642s phase=train event=interaction_progress trial=0 partition=0 processed=4300 total=14000 metric=ce epoch=1/1
[pipeline-trace] wall=16:40:13 elapsed=55.856s phase=train event=interaction_progress trial=0 partition=0 processed=4400 total=14000 metric=ce epoch=1/1
[pipeline-trace] wall=16:40:14 elapsed=57.067s phase=train event=interaction_progress trial=0 partition=0 processed=4500 total=14000 metric=ce epoch=1/1
[pipeline-trace] wall=16:40:16 elapsed=58.296s phase=train event=interaction_progress trial=0 partition=0 processed=4600 total=14000 metric=ce epoch=1/1
[pipeline-trace] wall=16:40:17 elapsed=59.521s phase=train event=interaction_progress trial=0 partition=0 processed=4700 total=14000 metric=ce epoch=1/1
[pipeline-trace] wall=16:40:18 elapsed=60.723s phase=train event=interaction_progress trial=0 partition=0 processed=4800 total=14000 metric=ce epoch=1/1
[pipeline-trace] wall=16:40:19 elapsed=61.863s phase=train event=interaction_progress trial=0 partition=0 processed=4900 total=14000 metric=ce epoch=1/1
[pipeline-trace] wall=16:40:20 elapsed=63.080s phase=train event=interaction_progress trial=0 partition=0 processed=5000 total=14000 metric=ce epoch=1/1
[pipeline-trace] wall=16:40:22 elapsed=64.340s phase=train event=interaction_progress trial=0 partition=0 processed=5100 total=14000 metric=ce epoch=1/1
[pipeline-trace] wall=16:40:23 elapsed=65.568s phase=train event=interaction_progress trial=0 partition=0 processed=5200 total=14000 metric=ce epoch=1/1
[pipeline-trace] wall=16:40:24 elapsed=66.784s phase=train event=interaction_progress trial=0 partition=0 processed=5300 total=14000 metric=ce epoch=1/1
[pipeline-trace] wall=16:40:25 elapsed=67.960s phase=train event=interaction_progress trial=0 partition=0 processed=5400 total=14000 metric=ce epoch=1/1
[pipeline-trace] wall=16:40:26 elapsed=69.151s phase=train event=interaction_progress trial=0 partition=0 processed=5500 total=14000 metric=ce epoch=1/1
[pipeline-trace] wall=16:40:28 elapsed=70.304s phase=train event=interaction_progress trial=0 partition=0 processed=5600 total=14000 metric=ce epoch=1/1
[pipeline-trace] wall=16:40:29 elapsed=71.501s phase=train event=interaction_progress trial=0 partition=0 processed=5700 total=14000 metric=ce epoch=1/1
[pipeline-trace] wall=16:40:30 elapsed=72.725s phase=train event=interaction_progress trial=0 partition=0 processed=5800 total=14000 metric=ce epoch=1/1
[pipeline-trace] wall=16:40:31 elapsed=73.898s phase=train event=interaction_progress trial=0 partition=0 processed=5900 total=14000 metric=ce epoch=1/1
[pipeline-trace] wall=16:40:32 elapsed=75.092s phase=train event=interaction_progress trial=0 partition=0 processed=6000 total=14000 metric=ce epoch=1/1
[pipeline-trace] wall=16:40:34 elapsed=76.271s phase=train event=interaction_progress trial=0 partition=0 processed=6100 total=14000 metric=ce epoch=1/1
[pipeline-trace] wall=16:40:35 elapsed=77.500s phase=train event=interaction_progress trial=0 partition=0 processed=6200 total=14000 metric=ce epoch=1/1
[pipeline-trace] wall=16:40:36 elapsed=79.148s phase=train event=interaction_progress trial=0 partition=0 processed=6300 total=14000 metric=ce epoch=1/1
[pipeline-trace] wall=16:40:43 elapsed=85.740s phase=train event=interaction_progress trial=0 partition=0 processed=6400 total=14000 metric=ce epoch=1/1
[pipeline-trace] wall=16:40:43 elapsed=86.174s phase=train event=interaction_progress trial=0 partition=0 processed=6500 total=14000 metric=ce epoch=1/1
[pipeline-trace] wall=16:40:44 elapsed=86.509s phase=train event=interaction_progress trial=0 partition=0 processed=6600 total=14000 metric=ce epoch=1/1
[pipeline-trace] wall=16:40:44 elapsed=86.763s phase=train event=interaction_progress trial=0 partition=0 processed=6700 total=14000 metric=ce epoch=1/1
[pipeline-trace] wall=16:40:44 elapsed=87.058s phase=train event=interaction_progress trial=0 partition=0 processed=6800 total=14000 metric=ce epoch=1/1
[pipeline-trace] wall=16:40:45 elapsed=88.163s phase=train event=interaction_progress trial=0 partition=0 processed=6900 total=14000 metric=ce epoch=1/1
[pipeline-trace] wall=16:40:46 elapsed=88.457s phase=train event=interaction_progress trial=0 partition=0 processed=7000 total=14000 metric=ce epoch=1/1
[pipeline-trace] wall=16:40:46 elapsed=88.678s phase=train event=interaction_progress trial=0 partition=0 processed=7100 total=14000 metric=ce epoch=1/1
[pipeline-trace] wall=16:40:46 elapsed=88.878s phase=train event=interaction_progress trial=0 partition=0 processed=7200 total=14000 metric=ce epoch=1/1
[pipeline-trace] wall=16:40:46 elapsed=89.088s phase=train event=interaction_progress trial=0 partition=0 processed=7300 total=14000 metric=ce epoch=1/1
[pipeline-trace] wall=16:40:47 elapsed=89.370s phase=train event=interaction_progress trial=0 partition=0 processed=7400 total=14000 metric=ce epoch=1/1
[pipeline-trace] wall=16:40:47 elapsed=89.679s phase=train event=interaction_progress trial=0 partition=0 processed=7500 total=14000 metric=ce epoch=1/1
[pipeline-trace] wall=16:40:47 elapsed=90.187s phase=train event=interaction_progress trial=0 partition=0 processed=7600 total=14000 metric=ce epoch=1/1
[pipeline-trace] wall=16:40:49 elapsed=91.405s phase=train event=interaction_progress trial=0 partition=0 processed=7700 total=14000 metric=ce epoch=1/1
[pipeline-trace] wall=16:40:50 elapsed=92.559s phase=train event=interaction_progress trial=0 partition=0 processed=7800 total=14000 metric=ce epoch=1/1
[pipeline-trace] wall=16:40:51 elapsed=93.749s phase=train event=interaction_progress trial=0 partition=0 processed=7900 total=14000 metric=ce epoch=1/1
[pipeline-trace] wall=16:40:52 elapsed=94.914s phase=train event=interaction_progress trial=0 partition=0 processed=8000 total=14000 metric=ce epoch=1/1
[pipeline-trace] wall=16:40:53 elapsed=96.117s phase=train event=interaction_progress trial=0 partition=0 processed=8100 total=14000 metric=ce epoch=1/1
[pipeline-trace] wall=16:40:55 elapsed=97.211s phase=train event=interaction_progress trial=0 partition=0 processed=8200 total=14000 metric=ce epoch=1/1
[pipeline-trace] wall=16:40:56 elapsed=98.326s phase=train event=interaction_progress trial=0 partition=0 processed=8300 total=14000 metric=ce epoch=1/1
[pipeline-trace] wall=16:40:57 elapsed=99.424s phase=train event=interaction_progress trial=0 partition=0 processed=8400 total=14000 metric=ce epoch=1/1
[pipeline-trace] wall=16:40:58 elapsed=100.523s phase=train event=interaction_progress trial=0 partition=0 processed=8500 total=14000 metric=ce epoch=1/1
[pipeline-trace] wall=16:40:59 elapsed=101.648s phase=train event=interaction_progress trial=0 partition=0 processed=8600 total=14000 metric=ce epoch=1/1
[pipeline-trace] wall=16:41:00 elapsed=102.722s phase=train event=interaction_progress trial=0 partition=0 processed=8700 total=14000 metric=ce epoch=1/1
[pipeline-trace] wall=16:41:01 elapsed=103.775s phase=train event=interaction_progress trial=0 partition=0 processed=8800 total=14000 metric=ce epoch=1/1
[pipeline-trace] wall=16:41:02 elapsed=104.843s phase=train event=interaction_progress trial=0 partition=0 processed=8900 total=14000 metric=ce epoch=1/1
[pipeline-trace] wall=16:41:03 elapsed=105.913s phase=train event=interaction_progress trial=0 partition=0 processed=9000 total=14000 metric=ce epoch=1/1
[pipeline-trace] wall=16:41:04 elapsed=106.971s phase=train event=interaction_progress trial=0 partition=0 processed=9100 total=14000 metric=ce epoch=1/1
[pipeline-trace] wall=16:41:05 elapsed=108.030s phase=train event=interaction_progress trial=0 partition=0 processed=9200 total=14000 metric=ce epoch=1/1
[pipeline-trace] wall=16:41:06 elapsed=109.115s phase=train event=interaction_progress trial=0 partition=0 processed=9300 total=14000 metric=ce epoch=1/1
[pipeline-trace] wall=16:41:08 elapsed=110.329s phase=train event=interaction_progress trial=0 partition=0 processed=9400 total=14000 metric=ce epoch=1/1
[pipeline-trace] wall=16:41:09 elapsed=111.535s phase=train event=interaction_progress trial=0 partition=0 processed=9500 total=14000 metric=ce epoch=1/1
[pipeline-trace] wall=16:41:10 elapsed=112.741s phase=train event=interaction_progress trial=0 partition=0 processed=9600 total=14000 metric=ce epoch=1/1
[pipeline-trace] wall=16:41:11 elapsed=113.945s phase=train event=interaction_progress trial=0 partition=0 processed=9700 total=14000 metric=ce epoch=1/1
[pipeline-trace] wall=16:41:12 elapsed=115.164s phase=train event=interaction_progress trial=0 partition=0 processed=9800 total=14000 metric=ce epoch=1/1
[pipeline-trace] wall=16:41:14 elapsed=116.347s phase=train event=interaction_progress trial=0 partition=0 processed=9900 total=14000 metric=ce epoch=1/1
[pipeline-trace] wall=16:41:15 elapsed=117.572s phase=train event=interaction_progress trial=0 partition=0 processed=10000 total=14000 metric=ce epoch=1/1
[pipeline-trace] wall=16:41:16 elapsed=118.748s phase=train event=interaction_progress trial=0 partition=0 processed=10100 total=14000 metric=ce epoch=1/1
[pipeline-trace] wall=16:41:17 elapsed=119.895s phase=train event=interaction_progress trial=0 partition=0 processed=10200 total=14000 metric=ce epoch=1/1
[pipeline-trace] wall=16:41:18 elapsed=121.061s phase=train event=interaction_progress trial=0 partition=0 processed=10300 total=14000 metric=ce epoch=1/1
[pipeline-trace] wall=16:41:20 elapsed=122.263s phase=train event=interaction_progress trial=0 partition=0 processed=10400 total=14000 metric=ce epoch=1/1
[pipeline-trace] wall=16:41:21 elapsed=123.465s phase=train event=interaction_progress trial=0 partition=0 processed=10500 total=14000 metric=ce epoch=1/1
[pipeline-trace] wall=16:41:22 elapsed=124.675s phase=train event=interaction_progress trial=0 partition=0 processed=10600 total=14000 metric=ce epoch=1/1
[pipeline-trace] wall=16:41:23 elapsed=125.890s phase=train event=interaction_progress trial=0 partition=0 processed=10700 total=14000 metric=ce epoch=1/1
[pipeline-trace] wall=16:41:24 elapsed=127.109s phase=train event=interaction_progress trial=0 partition=0 processed=10800 total=14000 metric=ce epoch=1/1
[pipeline-trace] wall=16:41:26 elapsed=128.305s phase=train event=interaction_progress trial=0 partition=0 processed=10900 total=14000 metric=ce epoch=1/1
[pipeline-trace] wall=16:41:27 elapsed=129.520s phase=train event=interaction_progress trial=0 partition=0 processed=11000 total=14000 metric=ce epoch=1/1
[pipeline-trace] wall=16:41:28 elapsed=130.736s phase=train event=interaction_progress trial=0 partition=0 processed=11100 total=14000 metric=ce epoch=1/1
[pipeline-trace] wall=16:41:29 elapsed=131.973s phase=train event=interaction_progress trial=0 partition=0 processed=11200 total=14000 metric=ce epoch=1/1
[pipeline-trace] wall=16:41:31 elapsed=133.199s phase=train event=interaction_progress trial=0 partition=0 processed=11300 total=14000 metric=ce epoch=1/1
[pipeline-trace] wall=16:41:32 elapsed=134.366s phase=train event=interaction_progress trial=0 partition=0 processed=11400 total=14000 metric=ce epoch=1/1
[pipeline-trace] wall=16:41:33 elapsed=135.496s phase=train event=interaction_progress trial=0 partition=0 processed=11500 total=14000 metric=ce epoch=1/1
[pipeline-trace] wall=16:41:34 elapsed=136.704s phase=train event=interaction_progress trial=0 partition=0 processed=11600 total=14000 metric=ce epoch=1/1
[pipeline-trace] wall=16:41:35 elapsed=137.919s phase=train event=interaction_progress trial=0 partition=0 processed=11700 total=14000 metric=ce epoch=1/1
[pipeline-trace] wall=16:41:36 elapsed=139.082s phase=train event=interaction_progress trial=0 partition=0 processed=11800 total=14000 metric=ce epoch=1/1
[pipeline-trace] wall=16:41:38 elapsed=140.220s phase=train event=interaction_progress trial=0 partition=0 processed=11900 total=14000 metric=ce epoch=1/1
[pipeline-trace] wall=16:41:39 elapsed=141.412s phase=train event=interaction_progress trial=0 partition=0 processed=12000 total=14000 metric=ce epoch=1/1
[pipeline-trace] wall=16:41:40 elapsed=142.595s phase=train event=interaction_progress trial=0 partition=0 processed=12100 total=14000 metric=ce epoch=1/1
[pipeline-trace] wall=16:41:47 elapsed=149.655s phase=train event=interaction_progress trial=0 partition=0 processed=12200 total=14000 metric=ce epoch=1/1
[pipeline-trace] wall=16:41:48 elapsed=150.810s phase=train event=interaction_progress trial=0 partition=0 processed=12300 total=14000 metric=ce epoch=1/1
[pipeline-trace] wall=16:41:49 elapsed=151.999s phase=train event=interaction_progress trial=0 partition=0 processed=12400 total=14000 metric=ce epoch=1/1
[pipeline-trace] wall=16:41:51 elapsed=153.202s phase=train event=interaction_progress trial=0 partition=0 processed=12500 total=14000 metric=ce epoch=1/1
[pipeline-trace] wall=16:41:52 elapsed=154.380s phase=train event=interaction_progress trial=0 partition=0 processed=12600 total=14000 metric=ce epoch=1/1
[pipeline-trace] wall=16:41:53 elapsed=155.500s phase=train event=interaction_progress trial=0 partition=0 processed=12700 total=14000 metric=ce epoch=1/1
[pipeline-trace] wall=16:41:54 elapsed=156.660s phase=train event=interaction_progress trial=0 partition=0 processed=12800 total=14000 metric=ce epoch=1/1
[pipeline-trace] wall=16:41:55 elapsed=157.881s phase=train event=interaction_progress trial=0 partition=0 processed=12900 total=14000 metric=ce epoch=1/1
[pipeline-trace] wall=16:41:56 elapsed=159.101s phase=train event=interaction_progress trial=0 partition=0 processed=13000 total=14000 metric=ce epoch=1/1
[pipeline-trace] wall=16:41:58 elapsed=160.324s phase=train event=interaction_progress trial=0 partition=0 processed=13100 total=14000 metric=ce epoch=1/1
[pipeline-trace] wall=16:41:59 elapsed=161.536s phase=train event=interaction_progress trial=0 partition=0 processed=13200 total=14000 metric=ce epoch=1/1
[pipeline-trace] wall=16:42:00 elapsed=162.750s phase=train event=interaction_progress trial=0 partition=0 processed=13300 total=14000 metric=ce epoch=1/1
[pipeline-trace] wall=16:42:01 elapsed=163.951s phase=train event=interaction_progress trial=0 partition=0 processed=13400 total=14000 metric=ce epoch=1/1
[pipeline-trace] wall=16:42:03 elapsed=165.195s phase=train event=interaction_progress trial=0 partition=0 processed=13500 total=14000 metric=ce epoch=1/1
[pipeline-trace] wall=16:42:04 elapsed=166.413s phase=train event=interaction_progress trial=0 partition=0 processed=13600 total=14000 metric=ce epoch=1/1
[pipeline-trace] wall=16:42:05 elapsed=167.616s phase=train event=interaction_progress trial=0 partition=0 processed=13700 total=14000 metric=ce epoch=1/1
[pipeline-trace] wall=16:42:06 elapsed=168.794s phase=train event=interaction_progress trial=0 partition=0 processed=13800 total=14000 metric=ce epoch=1/1
[pipeline-trace] wall=16:42:07 elapsed=169.968s phase=train event=interaction_progress trial=0 partition=0 processed=13900 total=14000 metric=ce epoch=1/1
[pipeline-trace] wall=16:42:08 elapsed=171.159s phase=train event=interaction_progress trial=0 partition=0 processed=14000 total=14000 metric=ce epoch=1/1
[pipeline-trace] wall=16:42:09 elapsed=5118.607s phase=train event=complete trial=0 stage=1/1 stage_duration_sec=174.427
[pipeline-trace] wall=16:42:09 elapsed=5118.607s phase=train event=dispatch trial=0 stage=1/1
[pipeline-trace] wall=16:42:09 elapsed=171.385s phase=train event=interaction_progress trial=0 partition=0 processed=1 total=14000 metric=ce epoch=1/1
[pipeline-trace] wall=16:42:10 elapsed=172.613s phase=train event=interaction_progress trial=0 partition=0 processed=100 total=14000 metric=ce epoch=1/1
[pipeline-trace] wall=16:42:11 elapsed=173.815s phase=train event=interaction_progress trial=0 partition=0 processed=200 total=14000 metric=ce epoch=1/1
[pipeline-trace] wall=16:42:12 elapsed=175.040s phase=train event=interaction_progress trial=0 partition=0 processed=300 total=14000 metric=ce epoch=1/1
[pipeline-trace] wall=16:42:14 elapsed=176.241s phase=train event=interaction_progress trial=0 partition=0 processed=400 total=14000 metric=ce epoch=1/1
[pipeline-trace] wall=16:42:15 elapsed=177.443s phase=train event=interaction_progress trial=0 partition=0 processed=500 total=14000 metric=ce epoch=1/1
[pipeline-trace] wall=16:42:16 elapsed=178.658s phase=train event=interaction_progress trial=0 partition=0 processed=600 total=14000 metric=ce epoch=1/1
[pipeline-trace] wall=16:42:17 elapsed=179.854s phase=train event=interaction_progress trial=0 partition=0 processed=700 total=14000 metric=ce epoch=1/1
[pipeline-trace] wall=16:42:18 elapsed=181.075s phase=train event=interaction_progress trial=0 partition=0 processed=800 total=14000 metric=ce epoch=1/1
[pipeline-trace] wall=16:42:20 elapsed=182.293s phase=train event=interaction_progress trial=0 partition=0 processed=900 total=14000 metric=ce epoch=1/1
[pipeline-trace] wall=16:42:21 elapsed=183.503s phase=train event=interaction_progress trial=0 partition=0 processed=1000 total=14000 metric=ce epoch=1/1
[pipeline-trace] wall=16:42:22 elapsed=184.722s phase=train event=interaction_progress trial=0 partition=0 processed=1100 total=14000 metric=ce epoch=1/1
[pipeline-trace] wall=16:42:23 elapsed=185.945s phase=train event=interaction_progress trial=0 partition=0 processed=1200 total=14000 metric=ce epoch=1/1
[pipeline-trace] wall=16:42:24 elapsed=187.170s phase=train event=interaction_progress trial=0 partition=0 processed=1300 total=14000 metric=ce epoch=1/1
[pipeline-trace] wall=16:42:26 elapsed=188.389s phase=train event=interaction_progress trial=0 partition=0 processed=1400 total=14000 metric=ce epoch=1/1
[pipeline-trace] wall=16:42:27 elapsed=189.612s phase=train event=interaction_progress trial=0 partition=0 processed=1500 total=14000 metric=ce epoch=1/1
[pipeline-trace] wall=16:42:28 elapsed=190.814s phase=train event=interaction_progress trial=0 partition=0 processed=1600 total=14000 metric=ce epoch=1/1
[pipeline-trace] wall=16:42:29 elapsed=192.104s phase=train event=interaction_progress trial=0 partition=0 processed=1700 total=14000 metric=ce epoch=1/1
[pipeline-trace] wall=16:42:31 elapsed=193.307s phase=train event=interaction_progress trial=0 partition=0 processed=1800 total=14000 metric=ce epoch=1/1
[pipeline-trace] wall=16:42:32 elapsed=194.545s phase=train event=interaction_progress trial=0 partition=0 processed=1900 total=14000 metric=ce epoch=1/1
[pipeline-trace] wall=16:42:33 elapsed=195.760s phase=train event=interaction_progress trial=0 partition=0 processed=2000 total=14000 metric=ce epoch=1/1
[pipeline-trace] wall=16:42:34 elapsed=196.978s phase=train event=interaction_progress trial=0 partition=0 processed=2100 total=14000 metric=ce epoch=1/1
[pipeline-trace] wall=16:42:35 elapsed=198.190s phase=train event=interaction_progress trial=0 partition=0 processed=2200 total=14000 metric=ce epoch=1/1
[pipeline-trace] wall=16:42:37 elapsed=199.413s phase=train event=interaction_progress trial=0 partition=0 processed=2300 total=14000 metric=ce epoch=1/1
[pipeline-trace] wall=16:42:38 elapsed=200.642s phase=train event=interaction_progress trial=0 partition=0 processed=2400 total=14000 metric=ce epoch=1/1
[pipeline-trace] wall=16:42:39 elapsed=201.794s phase=train event=interaction_progress trial=0 partition=0 processed=2500 total=14000 metric=ce epoch=1/1
[pipeline-trace] wall=16:42:40 elapsed=202.950s phase=train event=interaction_progress trial=0 partition=0 processed=2600 total=14000 metric=ce epoch=1/1
[pipeline-trace] wall=16:42:41 elapsed=204.144s phase=train event=interaction_progress trial=0 partition=0 processed=2700 total=14000 metric=ce epoch=1/1
[pipeline-trace] wall=16:42:43 elapsed=205.338s phase=train event=interaction_progress trial=0 partition=0 processed=2800 total=14000 metric=ce epoch=1/1
[pipeline-trace] wall=16:42:44 elapsed=206.601s phase=train event=interaction_progress trial=0 partition=0 processed=2900 total=14000 metric=ce epoch=1/1
[pipeline-trace] wall=16:42:45 elapsed=207.822s phase=train event=interaction_progress trial=0 partition=0 processed=3000 total=14000 metric=ce epoch=1/1
[pipeline-trace] wall=16:42:47 elapsed=209.400s phase=train event=interaction_progress trial=0 partition=0 processed=3100 total=14000 metric=ce epoch=1/1
[pipeline-trace] wall=16:42:49 elapsed=211.844s phase=train event=interaction_progress trial=0 partition=0 processed=3200 total=14000 metric=ce epoch=1/1
[pipeline-trace] wall=16:42:51 elapsed=213.816s phase=train event=interaction_progress trial=0 partition=0 processed=3300 total=14000 metric=ce epoch=1/1
[pipeline-trace] wall=16:42:55 elapsed=217.380s phase=train event=interaction_progress trial=0 partition=0 processed=3400 total=14000 metric=ce epoch=1/1
[pipeline-trace] wall=16:42:56 elapsed=218.584s phase=train event=interaction_progress trial=0 partition=0 processed=3500 total=14000 metric=ce epoch=1/1
[pipeline-trace] wall=16:42:57 elapsed=219.797s phase=train event=interaction_progress trial=0 partition=0 processed=3600 total=14000 metric=ce epoch=1/1
[pipeline-trace] wall=16:42:58 elapsed=221.014s phase=train event=interaction_progress trial=0 partition=0 processed=3700 total=14000 metric=ce epoch=1/1
[pipeline-trace] wall=16:42:59 elapsed=222.180s phase=train event=interaction_progress trial=0 partition=0 processed=3800 total=14000 metric=ce epoch=1/1
[pipeline-trace] wall=16:43:01 elapsed=223.366s phase=train event=interaction_progress trial=0 partition=0 processed=3900 total=14000 metric=ce epoch=1/1
[pipeline-trace] wall=16:43:02 elapsed=224.497s phase=train event=interaction_progress trial=0 partition=0 processed=4000 total=14000 metric=ce epoch=1/1
[pipeline-trace] wall=16:43:03 elapsed=225.631s phase=train event=interaction_progress trial=0 partition=0 processed=4100 total=14000 metric=ce epoch=1/1
[pipeline-trace] wall=16:43:04 elapsed=226.720s phase=train event=interaction_progress trial=0 partition=0 processed=4200 total=14000 metric=ce epoch=1/1
[pipeline-trace] wall=16:43:05 elapsed=227.856s phase=train event=interaction_progress trial=0 partition=0 processed=4300 total=14000 metric=ce epoch=1/1
[pipeline-trace] wall=16:43:06 elapsed=229.035s phase=train event=interaction_progress trial=0 partition=0 processed=4400 total=14000 metric=ce epoch=1/1
[pipeline-trace] wall=16:43:08 elapsed=230.209s phase=train event=interaction_progress trial=0 partition=0 processed=4500 total=14000 metric=ce epoch=1/1
[pipeline-trace] wall=16:43:09 elapsed=231.407s phase=train event=interaction_progress trial=0 partition=0 processed=4600 total=14000 metric=ce epoch=1/1
[pipeline-trace] wall=16:43:10 elapsed=232.610s phase=train event=interaction_progress trial=0 partition=0 processed=4700 total=14000 metric=ce epoch=1/1
[pipeline-trace] wall=16:43:11 elapsed=233.814s phase=train event=interaction_progress trial=0 partition=0 processed=4800 total=14000 metric=ce epoch=1/1
[pipeline-trace] wall=16:43:12 elapsed=235.025s phase=train event=interaction_progress trial=0 partition=0 processed=4900 total=14000 metric=ce epoch=1/1
[pipeline-trace] wall=16:43:14 elapsed=236.232s phase=train event=interaction_progress trial=0 partition=0 processed=5000 total=14000 metric=ce epoch=1/1
[pipeline-trace] wall=16:43:15 elapsed=237.432s phase=train event=interaction_progress trial=0 partition=0 processed=5100 total=14000 metric=ce epoch=1/1
[pipeline-trace] wall=16:43:16 elapsed=238.614s phase=train event=interaction_progress trial=0 partition=0 processed=5200 total=14000 metric=ce epoch=1/1
[pipeline-trace] wall=16:43:17 elapsed=239.808s phase=train event=interaction_progress trial=0 partition=0 processed=5300 total=14000 metric=ce epoch=1/1
[pipeline-trace] wall=16:43:18 elapsed=241.012s phase=train event=interaction_progress trial=0 partition=0 processed=5400 total=14000 metric=ce epoch=1/1
[pipeline-trace] wall=16:43:19 elapsed=242.189s phase=train event=interaction_progress trial=0 partition=0 processed=5500 total=14000 metric=ce epoch=1/1
[pipeline-trace] wall=16:43:21 elapsed=243.397s phase=train event=interaction_progress trial=0 partition=0 processed=5600 total=14000 metric=ce epoch=1/1
[pipeline-trace] wall=16:43:22 elapsed=244.600s phase=train event=interaction_progress trial=0 partition=0 processed=5700 total=14000 metric=ce epoch=1/1
[pipeline-trace] wall=16:43:23 elapsed=245.807s phase=train event=interaction_progress trial=0 partition=0 processed=5800 total=14000 metric=ce epoch=1/1
[pipeline-trace] wall=16:43:24 elapsed=247.001s phase=train event=interaction_progress trial=0 partition=0 processed=5900 total=14000 metric=ce epoch=1/1
[pipeline-trace] wall=16:43:25 elapsed=248.170s phase=train event=interaction_progress trial=0 partition=0 processed=6000 total=14000 metric=ce epoch=1/1
[pipeline-trace] wall=16:43:27 elapsed=249.302s phase=train event=interaction_progress trial=0 partition=0 processed=6100 total=14000 metric=ce epoch=1/1
[pipeline-trace] wall=16:43:28 elapsed=250.506s phase=train event=interaction_progress trial=0 partition=0 processed=6200 total=14000 metric=ce epoch=1/1
[pipeline-trace] wall=16:43:29 elapsed=251.673s phase=train event=interaction_progress trial=0 partition=0 processed=6300 total=14000 metric=ce epoch=1/1
[pipeline-trace] wall=16:43:30 elapsed=252.823s phase=train event=interaction_progress trial=0 partition=0 processed=6400 total=14000 metric=ce epoch=1/1
[pipeline-trace] wall=16:43:31 elapsed=254.048s phase=train event=interaction_progress trial=0 partition=0 processed=6500 total=14000 metric=ce epoch=1/1
[pipeline-trace] wall=16:43:33 elapsed=255.254s phase=train event=interaction_progress trial=0 partition=0 processed=6600 total=14000 metric=ce epoch=1/1
[pipeline-trace] wall=16:43:34 elapsed=256.436s phase=train event=interaction_progress trial=0 partition=0 processed=6700 total=14000 metric=ce epoch=1/1
[pipeline-trace] wall=16:43:35 elapsed=257.616s phase=train event=interaction_progress trial=0 partition=0 processed=6800 total=14000 metric=ce epoch=1/1
[pipeline-trace] wall=16:43:36 elapsed=258.822s phase=train event=interaction_progress trial=0 partition=0 processed=6900 total=14000 metric=ce epoch=1/1
[pipeline-trace] wall=16:43:37 elapsed=260.030s phase=train event=interaction_progress trial=0 partition=0 processed=7000 total=14000 metric=ce epoch=1/1
[pipeline-trace] wall=16:43:39 elapsed=261.283s phase=train event=interaction_progress trial=0 partition=0 processed=7100 total=14000 metric=ce epoch=1/1
[pipeline-trace] wall=16:43:40 elapsed=262.634s phase=train event=interaction_progress trial=0 partition=0 processed=7200 total=14000 metric=ce epoch=1/1
[pipeline-trace] wall=16:43:41 elapsed=263.859s phase=train event=interaction_progress trial=0 partition=0 processed=7300 total=14000 metric=ce epoch=1/1
[pipeline-trace] wall=16:43:42 elapsed=265.079s phase=train event=interaction_progress trial=0 partition=0 processed=7400 total=14000 metric=ce epoch=1/1
[pipeline-trace] wall=16:43:44 elapsed=266.267s phase=train event=interaction_progress trial=0 partition=0 processed=7500 total=14000 metric=ce epoch=1/1
[pipeline-trace] wall=16:43:45 elapsed=267.442s phase=train event=interaction_progress trial=0 partition=0 processed=7600 total=14000 metric=ce epoch=1/1
[pipeline-trace] wall=16:43:46 elapsed=268.592s phase=train event=interaction_progress trial=0 partition=0 processed=7700 total=14000 metric=ce epoch=1/1
[pipeline-trace] wall=16:43:47 elapsed=269.706s phase=train event=interaction_progress trial=0 partition=0 processed=7800 total=14000 metric=ce epoch=1/1
[pipeline-trace] wall=16:43:48 elapsed=270.848s phase=train event=interaction_progress trial=0 partition=0 processed=7900 total=14000 metric=ce epoch=1/1
[pipeline-trace] wall=16:43:49 elapsed=272.028s phase=train event=interaction_progress trial=0 partition=0 processed=8000 total=14000 metric=ce epoch=1/1
[pipeline-trace] wall=16:43:50 elapsed=273.013s phase=train event=interaction_progress trial=0 partition=0 processed=8100 total=14000 metric=ce epoch=1/1
[pipeline-trace] wall=16:43:51 elapsed=273.254s phase=train event=interaction_progress trial=0 partition=0 processed=8200 total=14000 metric=ce epoch=1/1
[pipeline-trace] wall=16:43:51 elapsed=273.500s phase=train event=interaction_progress trial=0 partition=0 processed=8300 total=14000 metric=ce epoch=1/1
[pipeline-trace] wall=16:43:51 elapsed=273.721s phase=train event=interaction_progress trial=0 partition=0 processed=8400 total=14000 metric=ce epoch=1/1
[pipeline-trace] wall=16:43:52 elapsed=274.415s phase=train event=interaction_progress trial=0 partition=0 processed=8500 total=14000 metric=ce epoch=1/1
[pipeline-trace] wall=16:43:59 elapsed=281.790s phase=train event=interaction_progress trial=0 partition=0 processed=8600 total=14000 metric=ce epoch=1/1
[pipeline-trace] wall=16:44:00 elapsed=283.014s phase=train event=interaction_progress trial=0 partition=0 processed=8700 total=14000 metric=ce epoch=1/1
[pipeline-trace] wall=16:44:02 elapsed=284.226s phase=train event=interaction_progress trial=0 partition=0 processed=8800 total=14000 metric=ce epoch=1/1
[pipeline-trace] wall=16:44:03 elapsed=285.461s phase=train event=interaction_progress trial=0 partition=0 processed=8900 total=14000 metric=ce epoch=1/1
[pipeline-trace] wall=16:44:04 elapsed=286.779s phase=train event=interaction_progress trial=0 partition=0 processed=9000 total=14000 metric=ce epoch=1/1
[pipeline-trace] wall=16:44:05 elapsed=287.971s phase=train event=interaction_progress trial=0 partition=0 processed=9100 total=14000 metric=ce epoch=1/1
[pipeline-trace] wall=16:44:06 elapsed=289.145s phase=train event=interaction_progress trial=0 partition=0 processed=9200 total=14000 metric=ce epoch=1/1
[pipeline-trace] wall=16:44:08 elapsed=290.302s phase=train event=interaction_progress trial=0 partition=0 processed=9300 total=14000 metric=ce epoch=1/1
[pipeline-trace] wall=16:44:09 elapsed=291.483s phase=train event=interaction_progress trial=0 partition=0 processed=9400 total=14000 metric=ce epoch=1/1
[pipeline-trace] wall=16:44:10 elapsed=292.655s phase=train event=interaction_progress trial=0 partition=0 processed=9500 total=14000 metric=ce epoch=1/1
[pipeline-trace] wall=16:44:11 elapsed=293.847s phase=train event=interaction_progress trial=0 partition=0 processed=9600 total=14000 metric=ce epoch=1/1
[pipeline-trace] wall=16:44:12 elapsed=295.036s phase=train event=interaction_progress trial=0 partition=0 processed=9700 total=14000 metric=ce epoch=1/1
[pipeline-trace] wall=16:44:14 elapsed=296.231s phase=train event=interaction_progress trial=0 partition=0 processed=9800 total=14000 metric=ce epoch=1/1
[pipeline-trace] wall=16:44:15 elapsed=297.451s phase=train event=interaction_progress trial=0 partition=0 processed=9900 total=14000 metric=ce epoch=1/1
[pipeline-trace] wall=16:44:16 elapsed=298.691s phase=train event=interaction_progress trial=0 partition=0 processed=10000 total=14000 metric=ce epoch=1/1
[pipeline-trace] wall=16:44:17 elapsed=299.934s phase=train event=interaction_progress trial=0 partition=0 processed=10100 total=14000 metric=ce epoch=1/1
[pipeline-trace] wall=16:44:18 elapsed=301.164s phase=train event=interaction_progress trial=0 partition=0 processed=10200 total=14000 metric=ce epoch=1/1
[pipeline-trace] wall=16:44:20 elapsed=302.403s phase=train event=interaction_progress trial=0 partition=0 processed=10300 total=14000 metric=ce epoch=1/1
[pipeline-trace] wall=16:44:21 elapsed=303.615s phase=train event=interaction_progress trial=0 partition=0 processed=10400 total=14000 metric=ce epoch=1/1
[pipeline-trace] wall=16:44:22 elapsed=304.829s phase=train event=interaction_progress trial=0 partition=0 processed=10500 total=14000 metric=ce epoch=1/1
[pipeline-trace] wall=16:44:23 elapsed=306.049s phase=train event=interaction_progress trial=0 partition=0 processed=10600 total=14000 metric=ce epoch=1/1
[pipeline-trace] wall=16:44:25 elapsed=307.238s phase=train event=interaction_progress trial=0 partition=0 processed=10700 total=14000 metric=ce epoch=1/1
[pipeline-trace] wall=16:44:26 elapsed=308.467s phase=train event=interaction_progress trial=0 partition=0 processed=10800 total=14000 metric=ce epoch=1/1
[pipeline-trace] wall=16:44:27 elapsed=309.682s phase=train event=interaction_progress trial=0 partition=0 processed=10900 total=14000 metric=ce epoch=1/1
[pipeline-trace] wall=16:44:28 elapsed=310.903s phase=train event=interaction_progress trial=0 partition=0 processed=11000 total=14000 metric=ce epoch=1/1
[pipeline-trace] wall=16:44:29 elapsed=312.084s phase=train event=interaction_progress trial=0 partition=0 processed=11100 total=14000 metric=ce epoch=1/1
[pipeline-trace] wall=16:44:31 elapsed=313.278s phase=train event=interaction_progress trial=0 partition=0 processed=11200 total=14000 metric=ce epoch=1/1
[pipeline-trace] wall=16:44:32 elapsed=314.461s phase=train event=interaction_progress trial=0 partition=0 processed=11300 total=14000 metric=ce epoch=1/1
[pipeline-trace] wall=16:44:33 elapsed=315.655s phase=train event=interaction_progress trial=0 partition=0 processed=11400 total=14000 metric=ce epoch=1/1
[pipeline-trace] wall=16:44:34 elapsed=316.861s phase=train event=interaction_progress trial=0 partition=0 processed=11500 total=14000 metric=ce epoch=1/1
[pipeline-trace] wall=16:44:35 elapsed=318.073s phase=train event=interaction_progress trial=0 partition=0 processed=11600 total=14000 metric=ce epoch=1/1
[pipeline-trace] wall=16:44:37 elapsed=319.285s phase=train event=interaction_progress trial=0 partition=0 processed=11700 total=14000 metric=ce epoch=1/1
[pipeline-trace] wall=16:44:38 elapsed=320.517s phase=train event=interaction_progress trial=0 partition=0 processed=11800 total=14000 metric=ce epoch=1/1
[pipeline-trace] wall=16:44:39 elapsed=321.735s phase=train event=interaction_progress trial=0 partition=0 processed=11900 total=14000 metric=ce epoch=1/1
[pipeline-trace] wall=16:44:40 elapsed=322.940s phase=train event=interaction_progress trial=0 partition=0 processed=12000 total=14000 metric=ce epoch=1/1
[pipeline-trace] wall=16:44:41 elapsed=324.157s phase=train event=interaction_progress trial=0 partition=0 processed=12100 total=14000 metric=ce epoch=1/1
[pipeline-trace] wall=16:44:43 elapsed=325.354s phase=train event=interaction_progress trial=0 partition=0 processed=12200 total=14000 metric=ce epoch=1/1
[pipeline-trace] wall=16:44:44 elapsed=326.571s phase=train event=interaction_progress trial=0 partition=0 processed=12300 total=14000 metric=ce epoch=1/1
[pipeline-trace] wall=16:44:45 elapsed=327.789s phase=train event=interaction_progress trial=0 partition=0 processed=12400 total=14000 metric=ce epoch=1/1
[pipeline-trace] wall=16:44:46 elapsed=328.989s phase=train event=interaction_progress trial=0 partition=0 processed=12500 total=14000 metric=ce epoch=1/1
[pipeline-trace] wall=16:44:48 elapsed=330.208s phase=train event=interaction_progress trial=0 partition=0 processed=12600 total=14000 metric=ce epoch=1/1
[pipeline-trace] wall=16:44:49 elapsed=331.427s phase=train event=interaction_progress trial=0 partition=0 processed=12700 total=14000 metric=ce epoch=1/1
[pipeline-trace] wall=16:44:50 elapsed=332.657s phase=train event=interaction_progress trial=0 partition=0 processed=12800 total=14000 metric=ce epoch=1/1
[pipeline-trace] wall=16:44:51 elapsed=333.875s phase=train event=interaction_progress trial=0 partition=0 processed=12900 total=14000 metric=ce epoch=1/1
[pipeline-trace] wall=16:44:52 elapsed=335.054s phase=train event=interaction_progress trial=0 partition=0 processed=13000 total=14000 metric=ce epoch=1/1
[pipeline-trace] wall=16:44:54 elapsed=336.270s phase=train event=interaction_progress trial=0 partition=0 processed=13100 total=14000 metric=ce epoch=1/1
[pipeline-trace] wall=16:44:55 elapsed=337.469s phase=train event=interaction_progress trial=0 partition=0 processed=13200 total=14000 metric=ce epoch=1/1
[pipeline-trace] wall=16:44:56 elapsed=338.671s phase=train event=interaction_progress trial=0 partition=0 processed=13300 total=14000 metric=ce epoch=1/1
[pipeline-trace] wall=16:44:57 elapsed=339.863s phase=train event=interaction_progress trial=0 partition=0 processed=13400 total=14000 metric=ce epoch=1/1
[pipeline-trace] wall=16:44:59 elapsed=341.785s phase=train event=interaction_progress trial=0 partition=0 processed=13500 total=14000 metric=ce epoch=1/1
[pipeline-trace] wall=16:45:00 elapsed=342.879s phase=train event=interaction_progress trial=0 partition=0 processed=13600 total=14000 metric=ce epoch=1/1
[pipeline-trace] wall=16:45:03 elapsed=345.206s phase=train event=interaction_progress trial=0 partition=0 processed=13700 total=14000 metric=ce epoch=1/1
[pipeline-trace] wall=16:45:04 elapsed=346.542s phase=train event=interaction_progress trial=0 partition=0 processed=13800 total=14000 metric=ce epoch=1/1
[pipeline-trace] wall=16:45:06 elapsed=348.754s phase=train event=interaction_progress trial=0 partition=0 processed=13900 total=14000 metric=ce epoch=1/1
[pipeline-trace] wall=16:45:07 elapsed=349.987s phase=train event=interaction_progress trial=0 partition=0 processed=14000 total=14000 metric=ce epoch=1/1
[pipeline-trace] wall=16:45:07 elapsed=5297.428s phase=train event=complete trial=0 stage=1/1 stage_duration_sec=178.821
[pipeline-trace] wall=16:45:07 elapsed=5297.428s phase=train event=dispatch trial=0 stage=1/2
[pipeline-trace] wall=16:45:07 elapsed=350.138s phase=train event=interaction_progress trial=0 partition=0 processed=1 total=14000 metric=ce epoch=1/1
[pipeline-trace] wall=16:45:09 elapsed=351.358s phase=train event=interaction_progress trial=0 partition=0 processed=100 total=14000 metric=ce epoch=1/1
[pipeline-trace] wall=16:45:10 elapsed=352.610s phase=train event=interaction_progress trial=0 partition=0 processed=200 total=14000 metric=ce epoch=1/1
[pipeline-trace] wall=16:45:11 elapsed=353.809s phase=train event=interaction_progress trial=0 partition=0 processed=300 total=14000 metric=ce epoch=1/1
[pipeline-trace] wall=16:45:12 elapsed=355.015s phase=train event=interaction_progress trial=0 partition=0 processed=400 total=14000 metric=ce epoch=1/1
[pipeline-trace] wall=16:45:13 elapsed=356.150s phase=train event=interaction_progress trial=0 partition=0 processed=500 total=14000 metric=ce epoch=1/1
[pipeline-trace] wall=16:45:15 elapsed=357.238s phase=train event=interaction_progress trial=0 partition=0 processed=600 total=14000 metric=ce epoch=1/1
[pipeline-trace] wall=16:45:16 elapsed=358.392s phase=train event=interaction_progress trial=0 partition=0 processed=700 total=14000 metric=ce epoch=1/1
[pipeline-trace] wall=16:45:17 elapsed=359.571s phase=train event=interaction_progress trial=0 partition=0 processed=800 total=14000 metric=ce epoch=1/1
[pipeline-trace] wall=16:45:18 elapsed=360.732s phase=train event=interaction_progress trial=0 partition=0 processed=900 total=14000 metric=ce epoch=1/1
[pipeline-trace] wall=16:45:19 elapsed=361.907s phase=train event=interaction_progress trial=0 partition=0 processed=1000 total=14000 metric=ce epoch=1/1
[pipeline-trace] wall=16:45:20 elapsed=363.093s phase=train event=interaction_progress trial=0 partition=0 processed=1100 total=14000 metric=ce epoch=1/1
[pipeline-trace] wall=16:45:22 elapsed=364.197s phase=train event=interaction_progress trial=0 partition=0 processed=1200 total=14000 metric=ce epoch=1/1
[pipeline-trace] wall=16:45:23 elapsed=365.379s phase=train event=interaction_progress trial=0 partition=0 processed=1300 total=14000 metric=ce epoch=1/1
[pipeline-trace] wall=16:45:24 elapsed=366.563s phase=train event=interaction_progress trial=0 partition=0 processed=1400 total=14000 metric=ce epoch=1/1
[pipeline-trace] wall=16:45:25 elapsed=367.749s phase=train event=interaction_progress trial=0 partition=0 processed=1500 total=14000 metric=ce epoch=1/1
[pipeline-trace] wall=16:45:26 elapsed=368.953s phase=train event=interaction_progress trial=0 partition=0 processed=1600 total=14000 metric=ce epoch=1/1
[pipeline-trace] wall=16:45:27 elapsed=370.156s phase=train event=interaction_progress trial=0 partition=0 processed=1700 total=14000 metric=ce epoch=1/1
[pipeline-trace] wall=16:45:29 elapsed=371.391s phase=train event=interaction_progress trial=0 partition=0 processed=1800 total=14000 metric=ce epoch=1/1
[pipeline-trace] wall=16:45:30 elapsed=372.598s phase=train event=interaction_progress trial=0 partition=0 processed=1900 total=14000 metric=ce epoch=1/1
[pipeline-trace] wall=16:45:31 elapsed=373.797s phase=train event=interaction_progress trial=0 partition=0 processed=2000 total=14000 metric=ce epoch=1/1
[pipeline-trace] wall=16:45:32 elapsed=375.006s phase=train event=interaction_progress trial=0 partition=0 processed=2100 total=14000 metric=ce epoch=1/1
[pipeline-trace] wall=16:45:34 elapsed=376.210s phase=train event=interaction_progress trial=0 partition=0 processed=2200 total=14000 metric=ce epoch=1/1
[pipeline-trace] wall=16:45:35 elapsed=377.415s phase=train event=interaction_progress trial=0 partition=0 processed=2300 total=14000 metric=ce epoch=1/1
[pipeline-trace] wall=16:45:36 elapsed=378.625s phase=train event=interaction_progress trial=0 partition=0 processed=2400 total=14000 metric=ce epoch=1/1
[pipeline-trace] wall=16:45:37 elapsed=379.810s phase=train event=interaction_progress trial=0 partition=0 processed=2500 total=14000 metric=ce epoch=1/1
[pipeline-trace] wall=16:45:38 elapsed=380.944s phase=train event=interaction_progress trial=0 partition=0 processed=2600 total=14000 metric=ce epoch=1/1
[pipeline-trace] wall=16:45:39 elapsed=382.076s phase=train event=interaction_progress trial=0 partition=0 processed=2700 total=14000 metric=ce epoch=1/1
[pipeline-trace] wall=16:45:41 elapsed=383.254s phase=train event=interaction_progress trial=0 partition=0 processed=2800 total=14000 metric=ce epoch=1/1
[pipeline-trace] wall=16:45:42 elapsed=384.469s phase=train event=interaction_progress trial=0 partition=0 processed=2900 total=14000 metric=ce epoch=1/1
[pipeline-trace] wall=16:45:43 elapsed=385.623s phase=train event=interaction_progress trial=0 partition=0 processed=3000 total=14000 metric=ce epoch=1/1
[pipeline-trace] wall=16:45:44 elapsed=386.769s phase=train event=interaction_progress trial=0 partition=0 processed=3100 total=14000 metric=ce epoch=1/1
[pipeline-trace] wall=16:45:45 elapsed=387.886s phase=train event=interaction_progress trial=0 partition=0 processed=3200 total=14000 metric=ce epoch=1/1
[pipeline-trace] wall=16:45:46 elapsed=389.071s phase=train event=interaction_progress trial=0 partition=0 processed=3300 total=14000 metric=ce epoch=1/1
[pipeline-trace] wall=16:45:48 elapsed=390.207s phase=train event=interaction_progress trial=0 partition=0 processed=3400 total=14000 metric=ce epoch=1/1
[pipeline-trace] wall=16:45:49 elapsed=391.346s phase=train event=interaction_progress trial=0 partition=0 processed=3500 total=14000 metric=ce epoch=1/1
[pipeline-trace] wall=16:45:50 elapsed=392.563s phase=train event=interaction_progress trial=0 partition=0 processed=3600 total=14000 metric=ce epoch=1/1
[pipeline-trace] wall=16:45:51 elapsed=393.770s phase=train event=interaction_progress trial=0 partition=0 processed=3700 total=14000 metric=ce epoch=1/1
[pipeline-trace] wall=16:45:52 elapsed=394.992s phase=train event=interaction_progress trial=0 partition=0 processed=3800 total=14000 metric=ce epoch=1/1
[pipeline-trace] wall=16:45:53 elapsed=396.183s phase=train event=interaction_progress trial=0 partition=0 processed=3900 total=14000 metric=ce epoch=1/1
[pipeline-trace] wall=16:45:55 elapsed=397.361s phase=train event=interaction_progress trial=0 partition=0 processed=4000 total=14000 metric=ce epoch=1/1
[pipeline-trace] wall=16:45:56 elapsed=398.503s phase=train event=interaction_progress trial=0 partition=0 processed=4100 total=14000 metric=ce epoch=1/1
[pipeline-trace] wall=16:45:57 elapsed=399.726s phase=train event=interaction_progress trial=0 partition=0 processed=4200 total=14000 metric=ce epoch=1/1
[pipeline-trace] wall=16:45:58 elapsed=400.909s phase=train event=interaction_progress trial=0 partition=0 processed=4300 total=14000 metric=ce epoch=1/1
[pipeline-trace] wall=16:45:59 elapsed=402.117s phase=train event=interaction_progress trial=0 partition=0 processed=4400 total=14000 metric=ce epoch=1/1
[pipeline-trace] wall=16:46:01 elapsed=403.305s phase=train event=interaction_progress trial=0 partition=0 processed=4500 total=14000 metric=ce epoch=1/1
[pipeline-trace] wall=16:46:02 elapsed=404.534s phase=train event=interaction_progress trial=0 partition=0 processed=4600 total=14000 metric=ce epoch=1/1
[pipeline-trace] wall=16:46:03 elapsed=405.747s phase=train event=interaction_progress trial=0 partition=0 processed=4700 total=14000 metric=ce epoch=1/1
[pipeline-trace] wall=16:46:05 elapsed=407.919s phase=train event=interaction_progress trial=0 partition=0 processed=4800 total=14000 metric=ce epoch=1/1
[pipeline-trace] wall=16:46:12 elapsed=414.716s phase=train event=interaction_progress trial=0 partition=0 processed=4900 total=14000 metric=ce epoch=1/1
[pipeline-trace] wall=16:46:13 elapsed=415.905s phase=train event=interaction_progress trial=0 partition=0 processed=5000 total=14000 metric=ce epoch=1/1
[pipeline-trace] wall=16:46:14 elapsed=417.129s phase=train event=interaction_progress trial=0 partition=0 processed=5100 total=14000 metric=ce epoch=1/1
[pipeline-trace] wall=16:46:16 elapsed=418.378s phase=train event=interaction_progress trial=0 partition=0 processed=5200 total=14000 metric=ce epoch=1/1
[pipeline-trace] wall=16:46:17 elapsed=419.592s phase=train event=interaction_progress trial=0 partition=0 processed=5300 total=14000 metric=ce epoch=1/1
[pipeline-trace] wall=16:46:18 elapsed=420.736s phase=train event=interaction_progress trial=0 partition=0 processed=5400 total=14000 metric=ce epoch=1/1
[pipeline-trace] wall=16:46:19 elapsed=421.963s phase=train event=interaction_progress trial=0 partition=0 processed=5500 total=14000 metric=ce epoch=1/1
[pipeline-trace] wall=16:46:20 elapsed=423.130s phase=train event=interaction_progress trial=0 partition=0 processed=5600 total=14000 metric=ce epoch=1/1
[pipeline-trace] wall=16:46:22 elapsed=424.358s phase=train event=interaction_progress trial=0 partition=0 processed=5700 total=14000 metric=ce epoch=1/1
[pipeline-trace] wall=16:46:23 elapsed=425.575s phase=train event=interaction_progress trial=0 partition=0 processed=5800 total=14000 metric=ce epoch=1/1
[pipeline-trace] wall=16:46:24 elapsed=426.759s phase=train event=interaction_progress trial=0 partition=0 processed=5900 total=14000 metric=ce epoch=1/1
[pipeline-trace] wall=16:46:25 elapsed=427.940s phase=train event=interaction_progress trial=0 partition=0 processed=6000 total=14000 metric=ce epoch=1/1
[pipeline-trace] wall=16:46:26 elapsed=429.138s phase=train event=interaction_progress trial=0 partition=0 processed=6100 total=14000 metric=ce epoch=1/1
[pipeline-trace] wall=16:46:28 elapsed=430.323s phase=train event=interaction_progress trial=0 partition=0 processed=6200 total=14000 metric=ce epoch=1/1
[pipeline-trace] wall=16:46:29 elapsed=431.499s phase=train event=interaction_progress trial=0 partition=0 processed=6300 total=14000 metric=ce epoch=1/1
[pipeline-trace] wall=16:46:30 elapsed=432.665s phase=train event=interaction_progress trial=0 partition=0 processed=6400 total=14000 metric=ce epoch=1/1
[pipeline-trace] wall=16:46:31 elapsed=433.829s phase=train event=interaction_progress trial=0 partition=0 processed=6500 total=14000 metric=ce epoch=1/1
[pipeline-trace] wall=16:46:32 elapsed=435.038s phase=train event=interaction_progress trial=0 partition=0 processed=6600 total=14000 metric=ce epoch=1/1
[pipeline-trace] wall=16:46:34 elapsed=436.256s phase=train event=interaction_progress trial=0 partition=0 processed=6700 total=14000 metric=ce epoch=1/1
[pipeline-trace] wall=16:46:35 elapsed=437.465s phase=train event=interaction_progress trial=0 partition=0 processed=6800 total=14000 metric=ce epoch=1/1
[pipeline-trace] wall=16:46:36 elapsed=438.682s phase=train event=interaction_progress trial=0 partition=0 processed=6900 total=14000 metric=ce epoch=1/1
[pipeline-trace] wall=16:46:37 elapsed=439.887s phase=train event=interaction_progress trial=0 partition=0 processed=7000 total=14000 metric=ce epoch=1/1
[pipeline-trace] wall=16:46:38 elapsed=441.103s phase=train event=interaction_progress trial=0 partition=0 processed=7100 total=14000 metric=ce epoch=1/1
[pipeline-trace] wall=16:46:40 elapsed=442.325s phase=train event=interaction_progress trial=0 partition=0 processed=7200 total=14000 metric=ce epoch=1/1
[pipeline-trace] wall=16:46:41 elapsed=443.526s phase=train event=interaction_progress trial=0 partition=0 processed=7300 total=14000 metric=ce epoch=1/1
[pipeline-trace] wall=16:46:42 elapsed=444.733s phase=train event=interaction_progress trial=0 partition=0 processed=7400 total=14000 metric=ce epoch=1/1
[pipeline-trace] wall=16:46:44 elapsed=446.195s phase=train event=interaction_progress trial=0 partition=0 processed=7500 total=14000 metric=ce epoch=1/1
[pipeline-trace] wall=16:46:45 elapsed=447.386s phase=train event=interaction_progress trial=0 partition=0 processed=7600 total=14000 metric=ce epoch=1/1
[pipeline-trace] wall=16:46:46 elapsed=448.599s phase=train event=interaction_progress trial=0 partition=0 processed=7700 total=14000 metric=ce epoch=1/1
[pipeline-trace] wall=16:46:47 elapsed=449.924s phase=train event=interaction_progress trial=0 partition=0 processed=7800 total=14000 metric=ce epoch=1/1
[pipeline-trace] wall=16:46:48 elapsed=451.111s phase=train event=interaction_progress trial=0 partition=0 processed=7900 total=14000 metric=ce epoch=1/1
[pipeline-trace] wall=16:46:50 elapsed=452.332s phase=train event=interaction_progress trial=0 partition=0 processed=8000 total=14000 metric=ce epoch=1/1
[pipeline-trace] wall=16:46:51 elapsed=453.526s phase=train event=interaction_progress trial=0 partition=0 processed=8100 total=14000 metric=ce epoch=1/1
[pipeline-trace] wall=16:46:52 elapsed=454.638s phase=train event=interaction_progress trial=0 partition=0 processed=8200 total=14000 metric=ce epoch=1/1
[pipeline-trace] wall=16:46:53 elapsed=455.758s phase=train event=interaction_progress trial=0 partition=0 processed=8300 total=14000 metric=ce epoch=1/1
[pipeline-trace] wall=16:46:54 elapsed=456.949s phase=train event=interaction_progress trial=0 partition=0 processed=8400 total=14000 metric=ce epoch=1/1
[pipeline-trace] wall=16:46:55 elapsed=458.137s phase=train event=interaction_progress trial=0 partition=0 processed=8500 total=14000 metric=ce epoch=1/1
[pipeline-trace] wall=16:46:56 elapsed=459.135s phase=train event=interaction_progress trial=0 partition=0 processed=8600 total=14000 metric=ce epoch=1/1
[pipeline-trace] wall=16:46:58 elapsed=460.255s phase=train event=interaction_progress trial=0 partition=0 processed=8700 total=14000 metric=ce epoch=1/1
[pipeline-trace] wall=16:46:59 elapsed=461.303s phase=train event=interaction_progress trial=0 partition=0 processed=8800 total=14000 metric=ce epoch=1/1
[pipeline-trace] wall=16:46:59 elapsed=461.658s phase=train event=interaction_progress trial=0 partition=0 processed=8900 total=14000 metric=ce epoch=1/1
[pipeline-trace] wall=16:46:59 elapsed=461.879s phase=train event=interaction_progress trial=0 partition=0 processed=9000 total=14000 metric=ce epoch=1/1
[pipeline-trace] wall=16:46:59 elapsed=462.104s phase=train event=interaction_progress trial=0 partition=0 processed=9100 total=14000 metric=ce epoch=1/1
[pipeline-trace] wall=16:47:00 elapsed=462.311s phase=train event=interaction_progress trial=0 partition=0 processed=9200 total=14000 metric=ce epoch=1/1
[pipeline-trace] wall=16:47:00 elapsed=462.733s phase=train event=interaction_progress trial=0 partition=0 processed=9300 total=14000 metric=ce epoch=1/1
[pipeline-trace] wall=16:47:01 elapsed=463.705s phase=train event=interaction_progress trial=0 partition=0 processed=9400 total=14000 metric=ce epoch=1/1
[pipeline-trace] wall=16:47:01 elapsed=464.115s phase=train event=interaction_progress trial=0 partition=0 processed=9500 total=14000 metric=ce epoch=1/1
[pipeline-trace] wall=16:47:03 elapsed=465.387s phase=train event=interaction_progress trial=0 partition=0 processed=9600 total=14000 metric=ce epoch=1/1
[pipeline-trace] wall=16:47:03 elapsed=465.792s phase=train event=interaction_progress trial=0 partition=0 processed=9700 total=14000 metric=ce epoch=1/1
[pipeline-trace] wall=16:47:04 elapsed=466.204s phase=train event=interaction_progress trial=0 partition=0 processed=9800 total=14000 metric=ce epoch=1/1
[pipeline-trace] wall=16:47:04 elapsed=466.859s phase=train event=interaction_progress trial=0 partition=0 processed=9900 total=14000 metric=ce epoch=1/1
[pipeline-trace] wall=16:47:05 elapsed=467.867s phase=train event=interaction_progress trial=0 partition=0 processed=10000 total=14000 metric=ce epoch=1/1
[pipeline-trace] wall=16:47:07 elapsed=469.639s phase=train event=interaction_progress trial=0 partition=0 processed=10100 total=14000 metric=ce epoch=1/1
[pipeline-trace] wall=16:47:08 elapsed=470.764s phase=train event=interaction_progress trial=0 partition=0 processed=10200 total=14000 metric=ce epoch=1/1
[pipeline-trace] wall=16:47:09 elapsed=471.919s phase=train event=interaction_progress trial=0 partition=0 processed=10300 total=14000 metric=ce epoch=1/1
[pipeline-trace] wall=16:47:10 elapsed=473.150s phase=train event=interaction_progress trial=0 partition=0 processed=10400 total=14000 metric=ce epoch=1/1
[pipeline-trace] wall=16:47:12 elapsed=474.444s phase=train event=interaction_progress trial=0 partition=0 processed=10500 total=14000 metric=ce epoch=1/1
[pipeline-trace] wall=16:47:13 elapsed=475.634s phase=train event=interaction_progress trial=0 partition=0 processed=10600 total=14000 metric=ce epoch=1/1
[pipeline-trace] wall=16:47:14 elapsed=476.820s phase=train event=interaction_progress trial=0 partition=0 processed=10700 total=14000 metric=ce epoch=1/1
[pipeline-trace] wall=16:47:15 elapsed=478.028s phase=train event=interaction_progress trial=0 partition=0 processed=10800 total=14000 metric=ce epoch=1/1
[pipeline-trace] wall=16:47:17 elapsed=479.221s phase=train event=interaction_progress trial=0 partition=0 processed=10900 total=14000 metric=ce epoch=1/1
[pipeline-trace] wall=16:47:18 elapsed=480.436s phase=train event=interaction_progress trial=0 partition=0 processed=11000 total=14000 metric=ce epoch=1/1
[pipeline-trace] wall=16:47:19 elapsed=481.631s phase=train event=interaction_progress trial=0 partition=0 processed=11100 total=14000 metric=ce epoch=1/1
[pipeline-trace] wall=16:47:20 elapsed=482.844s phase=train event=interaction_progress trial=0 partition=0 processed=11200 total=14000 metric=ce epoch=1/1
[pipeline-trace] wall=16:47:21 elapsed=484.064s phase=train event=interaction_progress trial=0 partition=0 processed=11300 total=14000 metric=ce epoch=1/1
[pipeline-trace] wall=16:47:23 elapsed=485.287s phase=train event=interaction_progress trial=0 partition=0 processed=11400 total=14000 metric=ce epoch=1/1
[pipeline-trace] wall=16:47:24 elapsed=486.509s phase=train event=interaction_progress trial=0 partition=0 processed=11500 total=14000 metric=ce epoch=1/1
[pipeline-trace] wall=16:47:25 elapsed=487.649s phase=train event=interaction_progress trial=0 partition=0 processed=11600 total=14000 metric=ce epoch=1/1
[pipeline-trace] wall=16:47:26 elapsed=488.825s phase=train event=interaction_progress trial=0 partition=0 processed=11700 total=14000 metric=ce epoch=1/1
[pipeline-trace] wall=16:47:27 elapsed=490.029s phase=train event=interaction_progress trial=0 partition=0 processed=11800 total=14000 metric=ce epoch=1/1
[pipeline-trace] wall=16:47:28 elapsed=491.190s phase=train event=interaction_progress trial=0 partition=0 processed=11900 total=14000 metric=ce epoch=1/1
[pipeline-trace] wall=16:47:30 elapsed=492.355s phase=train event=interaction_progress trial=0 partition=0 processed=12000 total=14000 metric=ce epoch=1/1
[pipeline-trace] wall=16:47:31 elapsed=493.473s phase=train event=interaction_progress trial=0 partition=0 processed=12100 total=14000 metric=ce epoch=1/1
[pipeline-trace] wall=16:47:32 elapsed=494.657s phase=train event=interaction_progress trial=0 partition=0 processed=12200 total=14000 metric=ce epoch=1/1
[pipeline-trace] wall=16:47:33 elapsed=495.880s phase=train event=interaction_progress trial=0 partition=0 processed=12300 total=14000 metric=ce epoch=1/1
[pipeline-trace] wall=16:47:34 elapsed=497.071s phase=train event=interaction_progress trial=0 partition=0 processed=12400 total=14000 metric=ce epoch=1/1
[pipeline-trace] wall=16:47:36 elapsed=498.274s phase=train event=interaction_progress trial=0 partition=0 processed=12500 total=14000 metric=ce epoch=1/1
[pipeline-trace] wall=16:47:37 elapsed=499.472s phase=train event=interaction_progress trial=0 partition=0 processed=12600 total=14000 metric=ce epoch=1/1
[pipeline-trace] wall=16:47:38 elapsed=500.669s phase=train event=interaction_progress trial=0 partition=0 processed=12700 total=14000 metric=ce epoch=1/1
[pipeline-trace] wall=16:47:39 elapsed=501.812s phase=train event=interaction_progress trial=0 partition=0 processed=12800 total=14000 metric=ce epoch=1/1
[pipeline-trace] wall=16:47:40 elapsed=503.006s phase=train event=interaction_progress trial=0 partition=0 processed=12900 total=14000 metric=ce epoch=1/1
[pipeline-trace] wall=16:47:42 elapsed=504.200s phase=train event=interaction_progress trial=0 partition=0 processed=13000 total=14000 metric=ce epoch=1/1
[pipeline-trace] wall=16:47:43 elapsed=505.413s phase=train event=interaction_progress trial=0 partition=0 processed=13100 total=14000 metric=ce epoch=1/1
[pipeline-trace] wall=16:47:44 elapsed=506.623s phase=train event=interaction_progress trial=0 partition=0 processed=13200 total=14000 metric=ce epoch=1/1
[pipeline-trace] wall=16:47:45 elapsed=507.798s phase=train event=interaction_progress trial=0 partition=0 processed=13300 total=14000 metric=ce epoch=1/1
[pipeline-trace] wall=16:47:46 elapsed=509.008s phase=train event=interaction_progress trial=0 partition=0 processed=13400 total=14000 metric=ce epoch=1/1
[pipeline-trace] wall=16:47:48 elapsed=510.238s phase=train event=interaction_progress trial=0 partition=0 processed=13500 total=14000 metric=ce epoch=1/1
[pipeline-trace] wall=16:47:49 elapsed=511.457s phase=train event=interaction_progress trial=0 partition=0 processed=13600 total=14000 metric=ce epoch=1/1
[pipeline-trace] wall=16:47:50 elapsed=512.725s phase=train event=interaction_progress trial=0 partition=0 processed=13700 total=14000 metric=ce epoch=1/1
[pipeline-trace] wall=16:47:51 elapsed=513.963s phase=train event=interaction_progress trial=0 partition=0 processed=13800 total=14000 metric=ce epoch=1/1
[pipeline-trace] wall=16:47:52 elapsed=515.192s phase=train event=interaction_progress trial=0 partition=0 processed=13900 total=14000 metric=ce epoch=1/1
[pipeline-trace] wall=16:47:54 elapsed=516.434s phase=train event=interaction_progress trial=0 partition=0 processed=14000 total=14000 metric=ce epoch=1/1
[pipeline-trace] wall=16:47:54 elapsed=5463.871s phase=train event=complete trial=0 stage=1/2 stage_duration_sec=166.443
[pipeline-trace] wall=16:47:54 elapsed=5463.871s phase=eval event=dispatch trial=0 stage=1/2
[pipeline-trace] wall=16:47:54 elapsed=516.647s phase=eval event=batch_start trial=0 partitions=[2] synthetic=False
[pipeline-trace] wall=16:47:54 elapsed=516.647s phase=eval event=partition_start trial=0 partition=2 interactions=4001
[pipeline-trace] wall=16:47:54 elapsed=516.647s phase=eval event=interaction_progress trial=0 partition=2 processed=1 total=4001 metric=ranking
[pipeline-trace] wall=16:47:55 elapsed=518.033s phase=eval event=interaction_progress trial=0 partition=2 processed=100 total=4001 metric=ranking
[pipeline-trace] wall=16:47:57 elapsed=519.405s phase=eval event=interaction_progress trial=0 partition=2 processed=200 total=4001 metric=ranking
[pipeline-trace] wall=16:47:58 elapsed=520.793s phase=eval event=interaction_progress trial=0 partition=2 processed=300 total=4001 metric=ranking
[pipeline-trace] wall=16:47:59 elapsed=522.163s phase=eval event=interaction_progress trial=0 partition=2 processed=400 total=4001 metric=ranking
[pipeline-trace] wall=16:48:01 elapsed=523.467s phase=eval event=interaction_progress trial=0 partition=2 processed=500 total=4001 metric=ranking
[pipeline-trace] wall=16:48:02 elapsed=524.797s phase=eval event=interaction_progress trial=0 partition=2 processed=600 total=4001 metric=ranking
[pipeline-trace] wall=16:48:03 elapsed=526.135s phase=eval event=interaction_progress trial=0 partition=2 processed=700 total=4001 metric=ranking
[pipeline-trace] wall=16:48:05 elapsed=527.420s phase=eval event=interaction_progress trial=0 partition=2 processed=800 total=4001 metric=ranking
[pipeline-trace] wall=16:48:06 elapsed=528.766s phase=eval event=interaction_progress trial=0 partition=2 processed=900 total=4001 metric=ranking
[pipeline-trace] wall=16:48:07 elapsed=530.152s phase=eval event=interaction_progress trial=0 partition=2 processed=1000 total=4001 metric=ranking
[pipeline-trace] wall=16:48:09 elapsed=531.607s phase=eval event=interaction_progress trial=0 partition=2 processed=1100 total=4001 metric=ranking
[pipeline-trace] wall=16:48:12 elapsed=534.455s phase=eval event=interaction_progress trial=0 partition=2 processed=1200 total=4001 metric=ranking
[pipeline-trace] wall=16:48:13 elapsed=535.714s phase=eval event=interaction_progress trial=0 partition=2 processed=1300 total=4001 metric=ranking
[pipeline-trace] wall=16:48:15 elapsed=537.232s phase=eval event=interaction_progress trial=0 partition=2 processed=1400 total=4001 metric=ranking
[pipeline-trace] wall=16:48:16 elapsed=538.487s phase=eval event=interaction_progress trial=0 partition=2 processed=1500 total=4001 metric=ranking
[pipeline-trace] wall=16:48:17 elapsed=539.689s phase=eval event=interaction_progress trial=0 partition=2 processed=1600 total=4001 metric=ranking
[pipeline-trace] wall=16:48:18 elapsed=540.897s phase=eval event=interaction_progress trial=0 partition=2 processed=1700 total=4001 metric=ranking
[pipeline-trace] wall=16:48:19 elapsed=542.115s phase=eval event=interaction_progress trial=0 partition=2 processed=1800 total=4001 metric=ranking
[pipeline-trace] wall=16:48:21 elapsed=543.374s phase=eval event=interaction_progress trial=0 partition=2 processed=1900 total=4001 metric=ranking
[pipeline-trace] wall=16:48:22 elapsed=544.630s phase=eval event=interaction_progress trial=0 partition=2 processed=2000 total=4001 metric=ranking
[pipeline-trace] wall=16:48:23 elapsed=545.940s phase=eval event=interaction_progress trial=0 partition=2 processed=2100 total=4001 metric=ranking
[pipeline-trace] wall=16:48:25 elapsed=547.286s phase=eval event=interaction_progress trial=0 partition=2 processed=2200 total=4001 metric=ranking
[pipeline-trace] wall=16:48:26 elapsed=548.610s phase=eval event=interaction_progress trial=0 partition=2 processed=2300 total=4001 metric=ranking
[pipeline-trace] wall=16:48:27 elapsed=549.946s phase=eval event=interaction_progress trial=0 partition=2 processed=2400 total=4001 metric=ranking
[pipeline-trace] wall=16:48:29 elapsed=551.340s phase=eval event=interaction_progress trial=0 partition=2 processed=2500 total=4001 metric=ranking
[pipeline-trace] wall=16:48:30 elapsed=552.702s phase=eval event=interaction_progress trial=0 partition=2 processed=2600 total=4001 metric=ranking
[pipeline-trace] wall=16:48:31 elapsed=554.052s phase=eval event=interaction_progress trial=0 partition=2 processed=2700 total=4001 metric=ranking
[pipeline-trace] wall=16:48:33 elapsed=555.345s phase=eval event=interaction_progress trial=0 partition=2 processed=2800 total=4001 metric=ranking
[pipeline-trace] wall=16:48:34 elapsed=556.699s phase=eval event=interaction_progress trial=0 partition=2 processed=2900 total=4001 metric=ranking
[pipeline-trace] wall=16:48:35 elapsed=558.032s phase=eval event=interaction_progress trial=0 partition=2 processed=3000 total=4001 metric=ranking
[pipeline-trace] wall=16:48:37 elapsed=559.366s phase=eval event=interaction_progress trial=0 partition=2 processed=3100 total=4001 metric=ranking
[pipeline-trace] wall=16:48:38 elapsed=560.744s phase=eval event=interaction_progress trial=0 partition=2 processed=3200 total=4001 metric=ranking
[pipeline-trace] wall=16:48:39 elapsed=562.115s phase=eval event=interaction_progress trial=0 partition=2 processed=3300 total=4001 metric=ranking
[pipeline-trace] wall=16:48:41 elapsed=563.413s phase=eval event=interaction_progress trial=0 partition=2 processed=3400 total=4001 metric=ranking
[pipeline-trace] wall=16:48:42 elapsed=564.759s phase=eval event=interaction_progress trial=0 partition=2 processed=3500 total=4001 metric=ranking
[pipeline-trace] wall=16:48:43 elapsed=566.078s phase=eval event=interaction_progress trial=0 partition=2 processed=3600 total=4001 metric=ranking
[pipeline-trace] wall=16:48:45 elapsed=567.432s phase=eval event=interaction_progress trial=0 partition=2 processed=3700 total=4001 metric=ranking
[pipeline-trace] wall=16:48:46 elapsed=568.832s phase=eval event=interaction_progress trial=0 partition=2 processed=3800 total=4001 metric=ranking
[pipeline-trace] wall=16:48:47 elapsed=570.193s phase=eval event=interaction_progress trial=0 partition=2 processed=3900 total=4001 metric=ranking
[pipeline-trace] wall=16:48:49 elapsed=571.559s phase=eval event=interaction_progress trial=0 partition=2 processed=4000 total=4001 metric=ranking
[pipeline-trace] wall=16:48:49 elapsed=571.575s phase=eval event=interaction_progress trial=0 partition=2 processed=4001 total=4001 metric=ranking
[pipeline-trace] wall=16:48:49 elapsed=571.592s phase=eval event=partition_complete trial=0 partition=2 elapsed_sec=54.944 hits=3889 total=4001
[pipeline-trace] wall=16:48:49 elapsed=5519.030s phase=eval event=complete trial=0 stage=1/2 stage_duration_sec=55.159
