rank,phase,eval_split,score,val_score,test_score,mrr,recall_at_k,params,time_sec,model,config_json
1,coarse_pipeline,val,0.8751874236913766,0.8751874236913766,0.8509143384198148,0.8751874236913766,0.9904952476238119,134912,131.1821,jodie_rnn,"{""dataset"": ""public_csv"", ""dataset_dir"": ""data/public"", ""local_data_path"": ""data/public/mooc.csv"", ""train_ratio"": 0.7, ""val_ratio"": 0.1, ""max_events"": 20000, ""num_users"": 1435, ""num_items"": 21, ""num_interactions"": 3000, ""feature_dim"": 8, ""lr"": 0.001, ""neg_sample_size"": 5, ""k"": 10, ""selection_metric"": ""mrr"", ""device"": ""cuda"", ""seed"": 42, ""partition_size"": 5000, ""partition_strategy"": ""count"", ""num_pipeline_stages"": 1, ""pipeline_worker_gpus"": 1.0, ""pipeline_worker_cpus"": 1.0, ""pipeline_stage_train_workers"": ""3"", ""pipeline_stage_eval_workers"": """", ""stage_balance_strategy"": ""cost"", ""stage_balance_user_weight"": 0.25, ""stage_balance_item_weight"": 0.25, ""stage_balance_span_weight"": 0.0, ""ray_address"": """", ""pipeline_trace"": false, ""pipeline_trace_log_path"": ""outputs/comprehensive_comparison/seed_42/naive_overlap20/pipeline_trace_20260615_164538.log"", ""output_dir"": ""outputs/comprehensive_comparison/seed_42/naive_overlap20"", ""enable_efficiency_monitor"": false, ""efficiency_monitor_interval"": 10, ""data_parallel_workers"": 3, ""data_parallel_worker_gpus"": 1.0, ""data_parallel_visible_gpus"": ""0,1,2"", ""data_parallel_sync_level"": ""micro_batch"", ""data_parallel_micro_batch_size"": 200, ""gpu_list"": ""0,1,2"", ""enable_auto_pipeline_config"": false, ""pipeline_mode"": ""naive"", ""batch_training"": false, ""train_batch_size"": 32, ""batch_mode"": ""tbatch"", ""tgn_loss_mode"": ""all"", ""tgn_window_size"": 10.0, ""eval_frozen"": false, ""model"": ""jodie_rnn"", ""embedding_dim"": 128, ""memory_cell"": ""rnn"", ""time_proj"": ""off"", ""use_static_embeddings"": ""off"", ""normalize_state"": ""off"", ""event_agg"": ""none"", ""agg_activation"": ""none"", ""attn_type"": ""dot"", ""time_decay"": ""none"", ""max_neighbors"": 0, ""hidden_dim"": 0, ""memory_gate"": ""off"", ""enable_event_agg"": ""off"", ""enable_graph_update"": ""off"", ""message_mode"": ""peer"", ""msg_linear"": ""off""}"
2,coarse_pipeline,val,0.7302979454955396,0.7302979454955396,,0.7302979454955396,0.9654827413706853,134912,137.4961,jodie_rnn,"{""dataset"": ""public_csv"", ""dataset_dir"": ""data/public"", ""local_data_path"": ""data/public/mooc.csv"", ""train_ratio"": 0.7, ""val_ratio"": 0.1, ""max_events"": 20000, ""num_users"": 1435, ""num_items"": 21, ""num_interactions"": 3000, ""feature_dim"": 8, ""lr"": 0.001, ""neg_sample_size"": 5, ""k"": 10, ""selection_metric"": ""mrr"", ""device"": ""cuda"", ""seed"": 42, ""partition_size"": 5000, ""partition_strategy"": ""count"", ""num_pipeline_stages"": 1, ""pipeline_worker_gpus"": 1.0, ""pipeline_worker_cpus"": 1.0, ""pipeline_stage_train_workers"": ""3"", ""pipeline_stage_eval_workers"": """", ""stage_balance_strategy"": ""cost"", ""stage_balance_user_weight"": 0.25, ""stage_balance_item_weight"": 0.25, ""stage_balance_span_weight"": 0.0, ""ray_address"": """", ""pipeline_trace"": false, ""pipeline_trace_log_path"": ""outputs/comprehensive_comparison/seed_42/naive_overlap20/pipeline_trace_20260615_164538.log"", ""output_dir"": ""outputs/comprehensive_comparison/seed_42/naive_overlap20"", ""enable_efficiency_monitor"": false, ""efficiency_monitor_interval"": 10, ""data_parallel_workers"": 3, ""data_parallel_worker_gpus"": 1.0, ""data_parallel_visible_gpus"": ""0,1,2"", ""data_parallel_sync_level"": ""micro_batch"", ""data_parallel_micro_batch_size"": 200, ""gpu_list"": ""0,1,2"", ""enable_auto_pipeline_config"": false, ""pipeline_mode"": ""naive"", ""batch_training"": false, ""train_batch_size"": 32, ""batch_mode"": ""tbatch"", ""tgn_loss_mode"": ""all"", ""tgn_window_size"": 10.0, ""eval_frozen"": false, ""model"": ""jodie_rnn"", ""embedding_dim"": 128, ""memory_cell"": ""rnn"", ""time_proj"": ""linear"", ""use_static_embeddings"": ""off"", ""normalize_state"": ""on"", ""event_agg"": ""none"", ""agg_activation"": ""none"", ""attn_type"": ""dot"", ""time_decay"": ""none"", ""max_neighbors"": 0, ""hidden_dim"": 0, ""memory_gate"": ""off"", ""enable_event_agg"": ""off"", ""enable_graph_update"": ""off"", ""message_mode"": ""peer"", ""msg_linear"": ""off""}"
3,coarse_pipeline,val,0.7276621059183578,0.7276621059183578,,0.7276621059183578,0.9319659829914958,134912,156.4885,jodie_rnn,"{""dataset"": ""public_csv"", ""dataset_dir"": ""data/public"", ""local_data_path"": ""data/public/mooc.csv"", ""train_ratio"": 0.7, ""val_ratio"": 0.1, ""max_events"": 20000, ""num_users"": 1435, ""num_items"": 21, ""num_interactions"": 3000, ""feature_dim"": 8, ""lr"": 0.001, ""neg_sample_size"": 5, ""k"": 10, ""selection_metric"": ""mrr"", ""device"": ""cuda"", ""seed"": 42, ""partition_size"": 5000, ""partition_strategy"": ""count"", ""num_pipeline_stages"": 1, ""pipeline_worker_gpus"": 1.0, ""pipeline_worker_cpus"": 1.0, ""pipeline_stage_train_workers"": ""3"", ""pipeline_stage_eval_workers"": """", ""stage_balance_strategy"": ""cost"", ""stage_balance_user_weight"": 0.25, ""stage_balance_item_weight"": 0.25, ""stage_balance_span_weight"": 0.0, ""ray_address"": """", ""pipeline_trace"": false, ""pipeline_trace_log_path"": ""outputs/comprehensive_comparison/seed_42/naive_overlap20/pipeline_trace_20260615_164538.log"", ""output_dir"": ""outputs/comprehensive_comparison/seed_42/naive_overlap20"", ""enable_efficiency_monitor"": false, ""efficiency_monitor_interval"": 10, ""data_parallel_workers"": 3, ""data_parallel_worker_gpus"": 1.0, ""data_parallel_visible_gpus"": ""0,1,2"", ""data_parallel_sync_level"": ""micro_batch"", ""data_parallel_micro_batch_size"": 200, ""gpu_list"": ""0,1,2"", ""enable_auto_pipeline_config"": false, ""pipeline_mode"": ""naive"", ""batch_training"": false, ""train_batch_size"": 32, ""batch_mode"": ""tbatch"", ""tgn_loss_mode"": ""all"", ""tgn_window_size"": 10.0, ""eval_frozen"": false, ""model"": ""jodie_rnn"", ""embedding_dim"": 128, ""memory_cell"": ""rnn"", ""time_proj"": ""linear"", ""use_static_embeddings"": ""off"", ""normalize_state"": ""off"", ""event_agg"": ""none"", ""agg_activation"": ""none"", ""attn_type"": ""dot"", ""time_decay"": ""none"", ""max_neighbors"": 0, ""hidden_dim"": 0, ""memory_gate"": ""off"", ""enable_event_agg"": ""off"", ""enable_graph_update"": ""off"", ""message_mode"": ""peer"", ""msg_linear"": ""off""}"
4,coarse_pipeline,val,0.7090455911613384,0.7090455911613384,,0.7090455911613384,0.9499749874937469,34688,118.5056,jodie_rnn,"{""dataset"": ""public_csv"", ""dataset_dir"": ""data/public"", ""local_data_path"": ""data/public/mooc.csv"", ""train_ratio"": 0.7, ""val_ratio"": 0.1, ""max_events"": 20000, ""num_users"": 1435, ""num_items"": 21, ""num_interactions"": 3000, ""feature_dim"": 8, ""lr"": 0.001, ""neg_sample_size"": 5, ""k"": 10, ""selection_metric"": ""mrr"", ""device"": ""cuda"", ""seed"": 42, ""partition_size"": 5000, ""partition_strategy"": ""count"", ""num_pipeline_stages"": 1, ""pipeline_worker_gpus"": 1.0, ""pipeline_worker_cpus"": 1.0, ""pipeline_stage_train_workers"": ""3"", ""pipeline_stage_eval_workers"": """", ""stage_balance_strategy"": ""cost"", ""stage_balance_user_weight"": 0.25, ""stage_balance_item_weight"": 0.25, ""stage_balance_span_weight"": 0.0, ""ray_address"": """", ""pipeline_trace"": false, ""pipeline_trace_log_path"": ""outputs/comprehensive_comparison/seed_42/naive_overlap20/pipeline_trace_20260615_164538.log"", ""output_dir"": ""outputs/comprehensive_comparison/seed_42/naive_overlap20"", ""enable_efficiency_monitor"": false, ""efficiency_monitor_interval"": 10, ""data_parallel_workers"": 3, ""data_parallel_worker_gpus"": 1.0, ""data_parallel_visible_gpus"": ""0,1,2"", ""data_parallel_sync_level"": ""micro_batch"", ""data_parallel_micro_batch_size"": 200, ""gpu_list"": ""0,1,2"", ""enable_auto_pipeline_config"": false, ""pipeline_mode"": ""naive"", ""batch_training"": false, ""train_batch_size"": 32, ""batch_mode"": ""tbatch"", ""tgn_loss_mode"": ""all"", ""tgn_window_size"": 10.0, ""eval_frozen"": false, ""model"": ""jodie_rnn"", ""embedding_dim"": 64, ""memory_cell"": ""rnn"", ""time_proj"": ""linear"", ""use_static_embeddings"": ""off"", ""normalize_state"": ""on"", ""event_agg"": ""none"", ""agg_activation"": ""none"", ""attn_type"": ""dot"", ""time_decay"": ""none"", ""max_neighbors"": 0, ""hidden_dim"": 0, ""memory_gate"": ""off"", ""enable_event_agg"": ""off"", ""enable_graph_update"": ""off"", ""message_mode"": ""peer"", ""msg_linear"": ""off""}"
5,coarse_pipeline,val,0.690984217571058,0.690984217571058,,0.690984217571058,0.9074537268634317,34688,77.7938,jodie_rnn,"{""dataset"": ""public_csv"", ""dataset_dir"": ""data/public"", ""local_data_path"": ""data/public/mooc.csv"", ""train_ratio"": 0.7, ""val_ratio"": 0.1, ""max_events"": 20000, ""num_users"": 1435, ""num_items"": 21, ""num_interactions"": 3000, ""feature_dim"": 8, ""lr"": 0.001, ""neg_sample_size"": 5, ""k"": 10, ""selection_metric"": ""mrr"", ""device"": ""cuda"", ""seed"": 42, ""partition_size"": 5000, ""partition_strategy"": ""count"", ""num_pipeline_stages"": 1, ""pipeline_worker_gpus"": 1.0, ""pipeline_worker_cpus"": 1.0, ""pipeline_stage_train_workers"": ""3"", ""pipeline_stage_eval_workers"": """", ""stage_balance_strategy"": ""cost"", ""stage_balance_user_weight"": 0.25, ""stage_balance_item_weight"": 0.25, ""stage_balance_span_weight"": 0.0, ""ray_address"": """", ""pipeline_trace"": false, ""pipeline_trace_log_path"": ""outputs/comprehensive_comparison/seed_42/naive_overlap20/pipeline_trace_20260615_164538.log"", ""output_dir"": ""outputs/comprehensive_comparison/seed_42/naive_overlap20"", ""enable_efficiency_monitor"": false, ""efficiency_monitor_interval"": 10, ""data_parallel_workers"": 3, ""data_parallel_worker_gpus"": 1.0, ""data_parallel_visible_gpus"": ""0,1,2"", ""data_parallel_sync_level"": ""micro_batch"", ""data_parallel_micro_batch_size"": 200, ""gpu_list"": ""0,1,2"", ""enable_auto_pipeline_config"": false, ""pipeline_mode"": ""naive"", ""batch_training"": false, ""train_batch_size"": 32, ""batch_mode"": ""tbatch"", ""tgn_loss_mode"": ""all"", ""tgn_window_size"": 10.0, ""eval_frozen"": false, ""model"": ""jodie_rnn"", ""embedding_dim"": 64, ""memory_cell"": ""rnn"", ""time_proj"": ""linear"", ""use_static_embeddings"": ""off"", ""normalize_state"": ""off"", ""event_agg"": ""none"", ""agg_activation"": ""none"", ""attn_type"": ""dot"", ""time_decay"": ""none"", ""max_neighbors"": 0, ""hidden_dim"": 0, ""memory_gate"": ""off"", ""enable_event_agg"": ""off"", ""enable_graph_update"": ""off"", ""message_mode"": ""peer"", ""msg_linear"": ""off""}"
6,coarse_pipeline,val,0.6798018978250157,0.6798018978250157,,0.6798018978250157,0.9574787393696849,337664,145.8653,jodie_rnn,"{""dataset"": ""public_csv"", ""dataset_dir"": ""data/public"", ""local_data_path"": ""data/public/mooc.csv"", ""train_ratio"": 0.7, ""val_ratio"": 0.1, ""max_events"": 20000, ""num_users"": 1435, ""num_items"": 21, ""num_interactions"": 3000, ""feature_dim"": 8, ""lr"": 0.001, ""neg_sample_size"": 5, ""k"": 10, ""selection_metric"": ""mrr"", ""device"": ""cuda"", ""seed"": 42, ""partition_size"": 5000, ""partition_strategy"": ""count"", ""num_pipeline_stages"": 1, ""pipeline_worker_gpus"": 1.0, ""pipeline_worker_cpus"": 1.0, ""pipeline_stage_train_workers"": ""3"", ""pipeline_stage_eval_workers"": """", ""stage_balance_strategy"": ""cost"", ""stage_balance_user_weight"": 0.25, ""stage_balance_item_weight"": 0.25, ""stage_balance_span_weight"": 0.0, ""ray_address"": """", ""pipeline_trace"": false, ""pipeline_trace_log_path"": ""outputs/comprehensive_comparison/seed_42/naive_overlap20/pipeline_trace_20260615_164538.log"", ""output_dir"": ""outputs/comprehensive_comparison/seed_42/naive_overlap20"", ""enable_efficiency_monitor"": false, ""efficiency_monitor_interval"": 10, ""data_parallel_workers"": 3, ""data_parallel_worker_gpus"": 1.0, ""data_parallel_visible_gpus"": ""0,1,2"", ""data_parallel_sync_level"": ""micro_batch"", ""data_parallel_micro_batch_size"": 200, ""gpu_list"": ""0,1,2"", ""enable_auto_pipeline_config"": false, ""pipeline_mode"": ""naive"", ""batch_training"": false, ""train_batch_size"": 32, ""batch_mode"": ""tbatch"", ""tgn_loss_mode"": ""all"", ""tgn_window_size"": 10.0, ""eval_frozen"": false, ""model"": ""jodie_rnn"", ""embedding_dim"": 128, ""memory_cell"": ""gru"", ""time_proj"": ""linear"", ""use_static_embeddings"": ""off"", ""normalize_state"": ""on"", ""event_agg"": ""none"", ""agg_activation"": ""none"", ""attn_type"": ""dot"", ""time_decay"": ""none"", ""max_neighbors"": 0, ""hidden_dim"": 0, ""memory_gate"": ""off"", ""enable_event_agg"": ""off"", ""enable_graph_update"": ""off"", ""message_mode"": ""peer"", ""msg_linear"": ""off""}"
7,coarse_pipeline,val,0.6767937463203242,0.6767937463203242,,0.6767937463203242,0.9144572286143071,9152,114.0321,jodie_rnn,"{""dataset"": ""public_csv"", ""dataset_dir"": ""data/public"", ""local_data_path"": ""data/public/mooc.csv"", ""train_ratio"": 0.7, ""val_ratio"": 0.1, ""max_events"": 20000, ""num_users"": 1435, ""num_items"": 21, ""num_interactions"": 3000, ""feature_dim"": 8, ""lr"": 0.001, ""neg_sample_size"": 5, ""k"": 10, ""selection_metric"": ""mrr"", ""device"": ""cuda"", ""seed"": 42, ""partition_size"": 5000, ""partition_strategy"": ""count"", ""num_pipeline_stages"": 1, ""pipeline_worker_gpus"": 1.0, ""pipeline_worker_cpus"": 1.0, ""pipeline_stage_train_workers"": ""3"", ""pipeline_stage_eval_workers"": """", ""stage_balance_strategy"": ""cost"", ""stage_balance_user_weight"": 0.25, ""stage_balance_item_weight"": 0.25, ""stage_balance_span_weight"": 0.0, ""ray_address"": """", ""pipeline_trace"": false, ""pipeline_trace_log_path"": ""outputs/comprehensive_comparison/seed_42/naive_overlap20/pipeline_trace_20260615_164538.log"", ""output_dir"": ""outputs/comprehensive_comparison/seed_42/naive_overlap20"", ""enable_efficiency_monitor"": false, ""efficiency_monitor_interval"": 10, ""data_parallel_workers"": 3, ""data_parallel_worker_gpus"": 1.0, ""data_parallel_visible_gpus"": ""0,1,2"", ""data_parallel_sync_level"": ""micro_batch"", ""data_parallel_micro_batch_size"": 200, ""gpu_list"": ""0,1,2"", ""enable_auto_pipeline_config"": false, ""pipeline_mode"": ""naive"", ""batch_training"": false, ""train_batch_size"": 32, ""batch_mode"": ""tbatch"", ""tgn_loss_mode"": ""all"", ""tgn_window_size"": 10.0, ""eval_frozen"": false, ""model"": ""jodie_rnn"", ""embedding_dim"": 32, ""memory_cell"": ""rnn"", ""time_proj"": ""linear"", ""use_static_embeddings"": ""off"", ""normalize_state"": ""on"", ""event_agg"": ""none"", ""agg_activation"": ""none"", ""attn_type"": ""dot"", ""time_decay"": ""none"", ""max_neighbors"": 0, ""hidden_dim"": 0, ""memory_gate"": ""off"", ""enable_event_agg"": ""off"", ""enable_graph_update"": ""off"", ""message_mode"": ""peer"", ""msg_linear"": ""off""}"
8,coarse_pipeline,val,0.6472599859916579,0.6472599859916579,,0.6472599859916579,0.8774387193596799,60864,148.0857,jodie_rnn,"{""dataset"": ""public_csv"", ""dataset_dir"": ""data/public"", ""local_data_path"": ""data/public/mooc.csv"", ""train_ratio"": 0.7, ""val_ratio"": 0.1, ""max_events"": 20000, ""num_users"": 1435, ""num_items"": 21, ""num_interactions"": 3000, ""feature_dim"": 8, ""lr"": 0.001, ""neg_sample_size"": 5, ""k"": 10, ""selection_metric"": ""mrr"", ""device"": ""cuda"", ""seed"": 42, ""partition_size"": 5000, ""partition_strategy"": ""count"", ""num_pipeline_stages"": 1, ""pipeline_worker_gpus"": 1.0, ""pipeline_worker_cpus"": 1.0, ""pipeline_stage_train_workers"": ""3"", ""pipeline_stage_eval_workers"": """", ""stage_balance_strategy"": ""cost"", ""stage_balance_user_weight"": 0.25, ""stage_balance_item_weight"": 0.25, ""stage_balance_span_weight"": 0.0, ""ray_address"": """", ""pipeline_trace"": false, ""pipeline_trace_log_path"": ""outputs/comprehensive_comparison/seed_42/naive_overlap20/pipeline_trace_20260615_164538.log"", ""output_dir"": ""outputs/comprehensive_comparison/seed_42/naive_overlap20"", ""enable_efficiency_monitor"": false, ""efficiency_monitor_interval"": 10, ""data_parallel_workers"": 3, ""data_parallel_worker_gpus"": 1.0, ""data_parallel_visible_gpus"": ""0,1,2"", ""data_parallel_sync_level"": ""micro_batch"", ""data_parallel_micro_batch_size"": 200, ""gpu_list"": ""0,1,2"", ""enable_auto_pipeline_config"": false, ""pipeline_mode"": ""naive"", ""batch_training"": false, ""train_batch_size"": 32, ""batch_mode"": ""tbatch"", ""tgn_loss_mode"": ""all"", ""tgn_window_size"": 10.0, ""eval_frozen"": false, ""model"": ""jodie_rnn"", ""embedding_dim"": 32, ""memory_cell"": ""rnn"", ""time_proj"": ""linear"", ""use_static_embeddings"": ""on"", ""normalize_state"": ""on"", ""event_agg"": ""none"", ""agg_activation"": ""none"", ""attn_type"": ""dot"", ""time_decay"": ""none"", ""max_neighbors"": 0, ""hidden_dim"": 0, ""memory_gate"": ""off"", ""enable_event_agg"": ""off"", ""enable_graph_update"": ""off"", ""message_mode"": ""peer"", ""msg_linear"": ""off""}"
9,coarse_pipeline,val,0.6464035957288393,0.6464035957288393,,0.6464035957288393,0.9354677338669335,148352,139.7313,jodie_rnn,"{""dataset"": ""public_csv"", ""dataset_dir"": ""data/public"", ""local_data_path"": ""data/public/mooc.csv"", ""train_ratio"": 0.7, ""val_ratio"": 0.1, ""max_events"": 20000, ""num_users"": 1435, ""num_items"": 21, ""num_interactions"": 3000, ""feature_dim"": 8, ""lr"": 0.001, ""neg_sample_size"": 5, ""k"": 10, ""selection_metric"": ""mrr"", ""device"": ""cuda"", ""seed"": 42, ""partition_size"": 5000, ""partition_strategy"": ""count"", ""num_pipeline_stages"": 1, ""pipeline_worker_gpus"": 1.0, ""pipeline_worker_cpus"": 1.0, ""pipeline_stage_train_workers"": ""3"", ""pipeline_stage_eval_workers"": """", ""stage_balance_strategy"": ""cost"", ""stage_balance_user_weight"": 0.25, ""stage_balance_item_weight"": 0.25, ""stage_balance_span_weight"": 0.0, ""ray_address"": """", ""pipeline_trace"": false, ""pipeline_trace_log_path"": ""outputs/comprehensive_comparison/seed_42/naive_overlap20/pipeline_trace_20260615_164538.log"", ""output_dir"": ""outputs/comprehensive_comparison/seed_42/naive_overlap20"", ""enable_efficiency_monitor"": false, ""efficiency_monitor_interval"": 10, ""data_parallel_workers"": 3, ""data_parallel_worker_gpus"": 1.0, ""data_parallel_visible_gpus"": ""0,1,2"", ""data_parallel_sync_level"": ""micro_batch"", ""data_parallel_micro_batch_size"": 200, ""gpu_list"": ""0,1,2"", ""enable_auto_pipeline_config"": false, ""pipeline_mode"": ""naive"", ""batch_training"": false, ""train_batch_size"": 32, ""batch_mode"": ""tbatch"", ""tgn_loss_mode"": ""all"", ""tgn_window_size"": 10.0, ""eval_frozen"": false, ""model"": ""jodie_rnn"", ""embedding_dim"": 64, ""memory_cell"": ""rnn"", ""time_proj"": ""linear"", ""use_static_embeddings"": ""on"", ""normalize_state"": ""on"", ""event_agg"": ""none"", ""agg_activation"": ""none"", ""attn_type"": ""dot"", ""time_decay"": ""none"", ""max_neighbors"": 0, ""hidden_dim"": 0, ""memory_gate"": ""off"", ""enable_event_agg"": ""off"", ""enable_graph_update"": ""off"", ""message_mode"": ""peer"", ""msg_linear"": ""off""}"
10,coarse_pipeline,val,0.5915031922634791,0.5915031922634791,,0.5915031922634791,0.9214607303651826,403200,97.6511,jodie_rnn,"{""dataset"": ""public_csv"", ""dataset_dir"": ""data/public"", ""local_data_path"": ""data/public/mooc.csv"", ""train_ratio"": 0.7, ""val_ratio"": 0.1, ""max_events"": 20000, ""num_users"": 1435, ""num_items"": 21, ""num_interactions"": 3000, ""feature_dim"": 8, ""lr"": 0.001, ""neg_sample_size"": 5, ""k"": 10, ""selection_metric"": ""mrr"", ""device"": ""cuda"", ""seed"": 42, ""partition_size"": 5000, ""partition_strategy"": ""count"", ""num_pipeline_stages"": 1, ""pipeline_worker_gpus"": 1.0, ""pipeline_worker_cpus"": 1.0, ""pipeline_stage_train_workers"": ""3"", ""pipeline_stage_eval_workers"": """", ""stage_balance_strategy"": ""cost"", ""stage_balance_user_weight"": 0.25, ""stage_balance_item_weight"": 0.25, ""stage_balance_span_weight"": 0.0, ""ray_address"": """", ""pipeline_trace"": false, ""pipeline_trace_log_path"": ""outputs/comprehensive_comparison/seed_42/naive_overlap20/pipeline_trace_20260615_164538.log"", ""output_dir"": ""outputs/comprehensive_comparison/seed_42/naive_overlap20"", ""enable_efficiency_monitor"": false, ""efficiency_monitor_interval"": 10, ""data_parallel_workers"": 3, ""data_parallel_worker_gpus"": 1.0, ""data_parallel_visible_gpus"": ""0,1,2"", ""data_parallel_sync_level"": ""micro_batch"", ""data_parallel_micro_batch_size"": 200, ""gpu_list"": ""0,1,2"", ""enable_auto_pipeline_config"": false, ""pipeline_mode"": ""naive"", ""batch_training"": false, ""train_batch_size"": 32, ""batch_mode"": ""tbatch"", ""tgn_loss_mode"": ""all"", ""tgn_window_size"": 10.0, ""eval_frozen"": false, ""model"": ""jodie_rnn"", ""embedding_dim"": 128, ""memory_cell"": ""rnn"", ""time_proj"": ""linear"", ""use_static_embeddings"": ""on"", ""normalize_state"": ""off"", ""event_agg"": ""none"", ""agg_activation"": ""none"", ""attn_type"": ""dot"", ""time_decay"": ""none"", ""max_neighbors"": 0, ""hidden_dim"": 0, ""memory_gate"": ""off"", ""enable_event_agg"": ""off"", ""enable_graph_update"": ""off"", ""message_mode"": ""peer"", ""msg_linear"": ""off""}"
11,coarse_pipeline,val,0.5743555008166611,0.5743555008166611,,0.5743555008166611,0.9004502251125562,148352,145.8371,jodie_rnn,"{""dataset"": ""public_csv"", ""dataset_dir"": ""data/public"", ""local_data_path"": ""data/public/mooc.csv"", ""train_ratio"": 0.7, ""val_ratio"": 0.1, ""max_events"": 20000, ""num_users"": 1435, ""num_items"": 21, ""num_interactions"": 3000, ""feature_dim"": 8, ""lr"": 0.001, ""neg_sample_size"": 5, ""k"": 10, ""selection_metric"": ""mrr"", ""device"": ""cuda"", ""seed"": 42, ""partition_size"": 5000, ""partition_strategy"": ""count"", ""num_pipeline_stages"": 1, ""pipeline_worker_gpus"": 1.0, ""pipeline_worker_cpus"": 1.0, ""pipeline_stage_train_workers"": ""3"", ""pipeline_stage_eval_workers"": """", ""stage_balance_strategy"": ""cost"", ""stage_balance_user_weight"": 0.25, ""stage_balance_item_weight"": 0.25, ""stage_balance_span_weight"": 0.0, ""ray_address"": """", ""pipeline_trace"": false, ""pipeline_trace_log_path"": ""outputs/comprehensive_comparison/seed_42/naive_overlap20/pipeline_trace_20260615_164538.log"", ""output_dir"": ""outputs/comprehensive_comparison/seed_42/naive_overlap20"", ""enable_efficiency_monitor"": false, ""efficiency_monitor_interval"": 10, ""data_parallel_workers"": 3, ""data_parallel_worker_gpus"": 1.0, ""data_parallel_visible_gpus"": ""0,1,2"", ""data_parallel_sync_level"": ""micro_batch"", ""data_parallel_micro_batch_size"": 200, ""gpu_list"": ""0,1,2"", ""enable_auto_pipeline_config"": false, ""pipeline_mode"": ""naive"", ""batch_training"": false, ""train_batch_size"": 32, ""batch_mode"": ""tbatch"", ""tgn_loss_mode"": ""all"", ""tgn_window_size"": 10.0, ""eval_frozen"": false, ""model"": ""jodie_rnn"", ""embedding_dim"": 64, ""memory_cell"": ""rnn"", ""time_proj"": ""linear"", ""use_static_embeddings"": ""on"", ""normalize_state"": ""off"", ""event_agg"": ""none"", ""agg_activation"": ""none"", ""attn_type"": ""dot"", ""time_decay"": ""none"", ""max_neighbors"": 0, ""hidden_dim"": 0, ""memory_gate"": ""off"", ""enable_event_agg"": ""off"", ""enable_graph_update"": ""off"", ""message_mode"": ""peer"", ""msg_linear"": ""off""}"
12,coarse_pipeline,val,0.5733995648671257,0.5733995648671257,,0.5733995648671257,0.928464232116058,439040,153.5479,jodie_rnn,"{""dataset"": ""public_csv"", ""dataset_dir"": ""data/public"", ""local_data_path"": ""data/public/mooc.csv"", ""train_ratio"": 0.7, ""val_ratio"": 0.1, ""max_events"": 20000, ""num_users"": 1435, ""num_items"": 21, ""num_interactions"": 3000, ""feature_dim"": 8, ""lr"": 0.001, ""neg_sample_size"": 5, ""k"": 10, ""selection_metric"": ""mrr"", ""device"": ""cuda"", ""seed"": 42, ""partition_size"": 5000, ""partition_strategy"": ""count"", ""num_pipeline_stages"": 1, ""pipeline_worker_gpus"": 1.0, ""pipeline_worker_cpus"": 1.0, ""pipeline_stage_train_workers"": ""3"", ""pipeline_stage_eval_workers"": """", ""stage_balance_strategy"": ""cost"", ""stage_balance_user_weight"": 0.25, ""stage_balance_item_weight"": 0.25, ""stage_balance_span_weight"": 0.0, ""ray_address"": """", ""pipeline_trace"": false, ""pipeline_trace_log_path"": ""outputs/comprehensive_comparison/seed_42/naive_overlap20/pipeline_trace_20260615_164538.log"", ""output_dir"": ""outputs/comprehensive_comparison/seed_42/naive_overlap20"", ""enable_efficiency_monitor"": false, ""efficiency_monitor_interval"": 10, ""data_parallel_workers"": 3, ""data_parallel_worker_gpus"": 1.0, ""data_parallel_visible_gpus"": ""0,1,2"", ""data_parallel_sync_level"": ""micro_batch"", ""data_parallel_micro_batch_size"": 200, ""gpu_list"": ""0,1,2"", ""enable_auto_pipeline_config"": false, ""pipeline_mode"": ""naive"", ""batch_training"": false, ""train_batch_size"": 32, ""batch_mode"": ""tbatch"", ""tgn_loss_mode"": ""all"", ""tgn_window_size"": 10.0, ""eval_frozen"": false, ""model"": ""jodie_rnn"", ""embedding_dim"": 128, ""memory_cell"": ""lstm"", ""time_proj"": ""linear"", ""use_static_embeddings"": ""off"", ""normalize_state"": ""on"", ""event_agg"": ""none"", ""agg_activation"": ""none"", ""attn_type"": ""dot"", ""time_decay"": ""none"", ""max_neighbors"": 0, ""hidden_dim"": 0, ""memory_gate"": ""off"", ""enable_event_agg"": ""off"", ""enable_graph_update"": ""off"", ""message_mode"": ""peer"", ""msg_linear"": ""off""}"
13,coarse_pipeline,val,0.5667195081064753,0.5667195081064753,,0.5667195081064753,0.8814407203601801,233344,156.2882,jodie_rnn,"{""dataset"": ""public_csv"", ""dataset_dir"": ""data/public"", ""local_data_path"": ""data/public/mooc.csv"", ""train_ratio"": 0.7, ""val_ratio"": 0.1, ""max_events"": 20000, ""num_users"": 1435, ""num_items"": 21, ""num_interactions"": 3000, ""feature_dim"": 8, ""lr"": 0.001, ""neg_sample_size"": 5, ""k"": 10, ""selection_metric"": ""mrr"", ""device"": ""cuda"", ""seed"": 42, ""partition_size"": 5000, ""partition_strategy"": ""count"", ""num_pipeline_stages"": 1, ""pipeline_worker_gpus"": 1.0, ""pipeline_worker_cpus"": 1.0, ""pipeline_stage_train_workers"": ""3"", ""pipeline_stage_eval_workers"": """", ""stage_balance_strategy"": ""cost"", ""stage_balance_user_weight"": 0.25, ""stage_balance_item_weight"": 0.25, ""stage_balance_span_weight"": 0.0, ""ray_address"": """", ""pipeline_trace"": false, ""pipeline_trace_log_path"": ""outputs/comprehensive_comparison/seed_42/naive_overlap20/pipeline_trace_20260615_164538.log"", ""output_dir"": ""outputs/comprehensive_comparison/seed_42/naive_overlap20"", ""enable_efficiency_monitor"": false, ""efficiency_monitor_interval"": 10, ""data_parallel_workers"": 3, ""data_parallel_worker_gpus"": 1.0, ""data_parallel_visible_gpus"": ""0,1,2"", ""data_parallel_sync_level"": ""micro_batch"", ""data_parallel_micro_batch_size"": 200, ""gpu_list"": ""0,1,2"", ""enable_auto_pipeline_config"": false, ""pipeline_mode"": ""naive"", ""batch_training"": false, ""train_batch_size"": 32, ""batch_mode"": ""tbatch"", ""tgn_loss_mode"": ""all"", ""tgn_window_size"": 10.0, ""eval_frozen"": false, ""model"": ""jodie_rnn"", ""embedding_dim"": 64, ""memory_cell"": ""gru"", ""time_proj"": ""linear"", ""use_static_embeddings"": ""on"", ""normalize_state"": ""on"", ""event_agg"": ""none"", ""agg_activation"": ""none"", ""attn_type"": ""dot"", ""time_decay"": ""none"", ""max_neighbors"": 0, ""hidden_dim"": 0, ""memory_gate"": ""off"", ""enable_event_agg"": ""off"", ""enable_graph_update"": ""off"", ""message_mode"": ""peer"", ""msg_linear"": ""off""}"
14,coarse_pipeline,val,0.522503326762347,0.522503326762347,,0.522503326762347,0.9094547273636818,86912,143.6458,jodie_rnn,"{""dataset"": ""public_csv"", ""dataset_dir"": ""data/public"", ""local_data_path"": ""data/public/mooc.csv"", ""train_ratio"": 0.7, ""val_ratio"": 0.1, ""max_events"": 20000, ""num_users"": 1435, ""num_items"": 21, ""num_interactions"": 3000, ""feature_dim"": 8, ""lr"": 0.001, ""neg_sample_size"": 5, ""k"": 10, ""selection_metric"": ""mrr"", ""device"": ""cuda"", ""seed"": 42, ""partition_size"": 5000, ""partition_strategy"": ""count"", ""num_pipeline_stages"": 1, ""pipeline_worker_gpus"": 1.0, ""pipeline_worker_cpus"": 1.0, ""pipeline_stage_train_workers"": ""3"", ""pipeline_stage_eval_workers"": """", ""stage_balance_strategy"": ""cost"", ""stage_balance_user_weight"": 0.25, ""stage_balance_item_weight"": 0.25, ""stage_balance_span_weight"": 0.0, ""ray_address"": """", ""pipeline_trace"": false, ""pipeline_trace_log_path"": ""outputs/comprehensive_comparison/seed_42/naive_overlap20/pipeline_trace_20260615_164538.log"", ""output_dir"": ""outputs/comprehensive_comparison/seed_42/naive_overlap20"", ""enable_efficiency_monitor"": false, ""efficiency_monitor_interval"": 10, ""data_parallel_workers"": 3, ""data_parallel_worker_gpus"": 1.0, ""data_parallel_visible_gpus"": ""0,1,2"", ""data_parallel_sync_level"": ""micro_batch"", ""data_parallel_micro_batch_size"": 200, ""gpu_list"": ""0,1,2"", ""enable_auto_pipeline_config"": false, ""pipeline_mode"": ""naive"", ""batch_training"": false, ""train_batch_size"": 32, ""batch_mode"": ""tbatch"", ""tgn_loss_mode"": ""all"", ""tgn_window_size"": 10.0, ""eval_frozen"": false, ""model"": ""jodie_rnn"", ""embedding_dim"": 64, ""memory_cell"": ""gru"", ""time_proj"": ""linear"", ""use_static_embeddings"": ""off"", ""normalize_state"": ""on"", ""event_agg"": ""none"", ""agg_activation"": ""none"", ""attn_type"": ""dot"", ""time_decay"": ""none"", ""max_neighbors"": 0, ""hidden_dim"": 0, ""memory_gate"": ""off"", ""enable_event_agg"": ""off"", ""enable_graph_update"": ""off"", ""message_mode"": ""peer"", ""msg_linear"": ""off""}"
15,coarse_pipeline,val,0.5046842590666571,0.5046842590666571,,0.5046842590666571,0.8854427213606804,275840,156.4885,jodie_rnn,"{""dataset"": ""public_csv"", ""dataset_dir"": ""data/public"", ""local_data_path"": ""data/public/mooc.csv"", ""train_ratio"": 0.7, ""val_ratio"": 0.1, ""max_events"": 20000, ""num_users"": 1435, ""num_items"": 21, ""num_interactions"": 3000, ""feature_dim"": 8, ""lr"": 0.001, ""neg_sample_size"": 5, ""k"": 10, ""selection_metric"": ""mrr"", ""device"": ""cuda"", ""seed"": 42, ""partition_size"": 5000, ""partition_strategy"": ""count"", ""num_pipeline_stages"": 1, ""pipeline_worker_gpus"": 1.0, ""pipeline_worker_cpus"": 1.0, ""pipeline_stage_train_workers"": ""3"", ""pipeline_stage_eval_workers"": """", ""stage_balance_strategy"": ""cost"", ""stage_balance_user_weight"": 0.25, ""stage_balance_item_weight"": 0.25, ""stage_balance_span_weight"": 0.0, ""ray_address"": """", ""pipeline_trace"": false, ""pipeline_trace_log_path"": ""outputs/comprehensive_comparison/seed_42/naive_overlap20/pipeline_trace_20260615_164538.log"", ""output_dir"": ""outputs/comprehensive_comparison/seed_42/naive_overlap20"", ""enable_efficiency_monitor"": false, ""efficiency_monitor_interval"": 10, ""data_parallel_workers"": 3, ""data_parallel_worker_gpus"": 1.0, ""data_parallel_visible_gpus"": ""0,1,2"", ""data_parallel_sync_level"": ""micro_batch"", ""data_parallel_micro_batch_size"": 200, ""gpu_list"": ""0,1,2"", ""enable_auto_pipeline_config"": false, ""pipeline_mode"": ""naive"", ""batch_training"": false, ""train_batch_size"": 32, ""batch_mode"": ""tbatch"", ""tgn_loss_mode"": ""all"", ""tgn_window_size"": 10.0, ""eval_frozen"": false, ""model"": ""jodie_rnn"", ""embedding_dim"": 64, ""memory_cell"": ""lstm"", ""time_proj"": ""linear"", ""use_static_embeddings"": ""on"", ""normalize_state"": ""on"", ""event_agg"": ""none"", ""agg_activation"": ""none"", ""attn_type"": ""dot"", ""time_decay"": ""none"", ""max_neighbors"": 0, ""hidden_dim"": 0, ""memory_gate"": ""off"", ""enable_event_agg"": ""off"", ""enable_graph_update"": ""off"", ""message_mode"": ""peer"", ""msg_linear"": ""off""}"
16,coarse_pipeline,val,0.48992817654790066,0.48992817654790066,,0.48992817654790066,0.8594297148574287,9152,105.0593,jodie_rnn,"{""dataset"": ""public_csv"", ""dataset_dir"": ""data/public"", ""local_data_path"": ""data/public/mooc.csv"", ""train_ratio"": 0.7, ""val_ratio"": 0.1, ""max_events"": 20000, ""num_users"": 1435, ""num_items"": 21, ""num_interactions"": 3000, ""feature_dim"": 8, ""lr"": 0.001, ""neg_sample_size"": 5, ""k"": 10, ""selection_metric"": ""mrr"", ""device"": ""cuda"", ""seed"": 42, ""partition_size"": 5000, ""partition_strategy"": ""count"", ""num_pipeline_stages"": 1, ""pipeline_worker_gpus"": 1.0, ""pipeline_worker_cpus"": 1.0, ""pipeline_stage_train_workers"": ""3"", ""pipeline_stage_eval_workers"": """", ""stage_balance_strategy"": ""cost"", ""stage_balance_user_weight"": 0.25, ""stage_balance_item_weight"": 0.25, ""stage_balance_span_weight"": 0.0, ""ray_address"": """", ""pipeline_trace"": false, ""pipeline_trace_log_path"": ""outputs/comprehensive_comparison/seed_42/naive_overlap20/pipeline_trace_20260615_164538.log"", ""output_dir"": ""outputs/comprehensive_comparison/seed_42/naive_overlap20"", ""enable_efficiency_monitor"": false, ""efficiency_monitor_interval"": 10, ""data_parallel_workers"": 3, ""data_parallel_worker_gpus"": 1.0, ""data_parallel_visible_gpus"": ""0,1,2"", ""data_parallel_sync_level"": ""micro_batch"", ""data_parallel_micro_batch_size"": 200, ""gpu_list"": ""0,1,2"", ""enable_auto_pipeline_config"": false, ""pipeline_mode"": ""naive"", ""batch_training"": false, ""train_batch_size"": 32, ""batch_mode"": ""tbatch"", ""tgn_loss_mode"": ""all"", ""tgn_window_size"": 10.0, ""eval_frozen"": false, ""model"": ""jodie_rnn"", ""embedding_dim"": 32, ""memory_cell"": ""rnn"", ""time_proj"": ""off"", ""use_static_embeddings"": ""off"", ""normalize_state"": ""off"", ""event_agg"": ""none"", ""agg_activation"": ""none"", ""attn_type"": ""dot"", ""time_decay"": ""none"", ""max_neighbors"": 0, ""hidden_dim"": 0, ""memory_gate"": ""off"", ""enable_event_agg"": ""off"", ""enable_graph_update"": ""off"", ""message_mode"": ""peer"", ""msg_linear"": ""off""}"
17,coarse_pipeline,val,0.44226771123334907,0.44226771123334907,,0.44226771123334907,0.8749374687343672,60864,117.3592,jodie_rnn,"{""dataset"": ""public_csv"", ""dataset_dir"": ""data/public"", ""local_data_path"": ""data/public/mooc.csv"", ""train_ratio"": 0.7, ""val_ratio"": 0.1, ""max_events"": 20000, ""num_users"": 1435, ""num_items"": 21, ""num_interactions"": 3000, ""feature_dim"": 8, ""lr"": 0.001, ""neg_sample_size"": 5, ""k"": 10, ""selection_metric"": ""mrr"", ""device"": ""cuda"", ""seed"": 42, ""partition_size"": 5000, ""partition_strategy"": ""count"", ""num_pipeline_stages"": 1, ""pipeline_worker_gpus"": 1.0, ""pipeline_worker_cpus"": 1.0, ""pipeline_stage_train_workers"": ""3"", ""pipeline_stage_eval_workers"": """", ""stage_balance_strategy"": ""cost"", ""stage_balance_user_weight"": 0.25, ""stage_balance_item_weight"": 0.25, ""stage_balance_span_weight"": 0.0, ""ray_address"": """", ""pipeline_trace"": false, ""pipeline_trace_log_path"": ""outputs/comprehensive_comparison/seed_42/naive_overlap20/pipeline_trace_20260615_164538.log"", ""output_dir"": ""outputs/comprehensive_comparison/seed_42/naive_overlap20"", ""enable_efficiency_monitor"": false, ""efficiency_monitor_interval"": 10, ""data_parallel_workers"": 3, ""data_parallel_worker_gpus"": 1.0, ""data_parallel_visible_gpus"": ""0,1,2"", ""data_parallel_sync_level"": ""micro_batch"", ""data_parallel_micro_batch_size"": 200, ""gpu_list"": ""0,1,2"", ""enable_auto_pipeline_config"": false, ""pipeline_mode"": ""naive"", ""batch_training"": false, ""train_batch_size"": 32, ""batch_mode"": ""tbatch"", ""tgn_loss_mode"": ""all"", ""tgn_window_size"": 10.0, ""eval_frozen"": false, ""model"": ""jodie_rnn"", ""embedding_dim"": 32, ""memory_cell"": ""rnn"", ""time_proj"": ""off"", ""use_static_embeddings"": ""on"", ""normalize_state"": ""off"", ""event_agg"": ""none"", ""agg_activation"": ""none"", ""attn_type"": ""dot"", ""time_decay"": ""none"", ""max_neighbors"": 0, ""hidden_dim"": 0, ""memory_gate"": ""off"", ""enable_event_agg"": ""off"", ""enable_graph_update"": ""off"", ""message_mode"": ""peer"", ""msg_linear"": ""off""}"
18,coarse_pipeline,val,0.43821464742172894,0.43821464742172894,,0.43821464742172894,0.8669334667333667,82880,111.6328,jodie_rnn,"{""dataset"": ""public_csv"", ""dataset_dir"": ""data/public"", ""local_data_path"": ""data/public/mooc.csv"", ""train_ratio"": 0.7, ""val_ratio"": 0.1, ""max_events"": 20000, ""num_users"": 1435, ""num_items"": 21, ""num_interactions"": 3000, ""feature_dim"": 8, ""lr"": 0.001, ""neg_sample_size"": 5, ""k"": 10, ""selection_metric"": ""mrr"", ""device"": ""cuda"", ""seed"": 42, ""partition_size"": 5000, ""partition_strategy"": ""count"", ""num_pipeline_stages"": 1, ""pipeline_worker_gpus"": 1.0, ""pipeline_worker_cpus"": 1.0, ""pipeline_stage_train_workers"": ""3"", ""pipeline_stage_eval_workers"": """", ""stage_balance_strategy"": ""cost"", ""stage_balance_user_weight"": 0.25, ""stage_balance_item_weight"": 0.25, ""stage_balance_span_weight"": 0.0, ""ray_address"": """", ""pipeline_trace"": false, ""pipeline_trace_log_path"": ""outputs/comprehensive_comparison/seed_42/naive_overlap20/pipeline_trace_20260615_164538.log"", ""output_dir"": ""outputs/comprehensive_comparison/seed_42/naive_overlap20"", ""enable_efficiency_monitor"": false, ""efficiency_monitor_interval"": 10, ""data_parallel_workers"": 3, ""data_parallel_worker_gpus"": 1.0, ""data_parallel_visible_gpus"": ""0,1,2"", ""data_parallel_sync_level"": ""micro_batch"", ""data_parallel_micro_batch_size"": 200, ""gpu_list"": ""0,1,2"", ""enable_auto_pipeline_config"": false, ""pipeline_mode"": ""naive"", ""batch_training"": false, ""train_batch_size"": 32, ""batch_mode"": ""tbatch"", ""tgn_loss_mode"": ""all"", ""tgn_window_size"": 10.0, ""eval_frozen"": false, ""model"": ""jodie_rnn"", ""embedding_dim"": 32, ""memory_cell"": ""gru"", ""time_proj"": ""linear"", ""use_static_embeddings"": ""on"", ""normalize_state"": ""on"", ""event_agg"": ""none"", ""agg_activation"": ""none"", ""attn_type"": ""dot"", ""time_decay"": ""none"", ""max_neighbors"": 0, ""hidden_dim"": 0, ""memory_gate"": ""off"", ""enable_event_agg"": ""off"", ""enable_graph_update"": ""off"", ""message_mode"": ""peer"", ""msg_linear"": ""off""}"
19,coarse_pipeline,val,0.41385965127214697,0.41385965127214697,,0.41385965127214697,0.8139069534767384,93888,105.0593,jodie_rnn,"{""dataset"": ""public_csv"", ""dataset_dir"": ""data/public"", ""local_data_path"": ""data/public/mooc.csv"", ""train_ratio"": 0.7, ""val_ratio"": 0.1, ""max_events"": 20000, ""num_users"": 1435, ""num_items"": 21, ""num_interactions"": 3000, ""feature_dim"": 8, ""lr"": 0.001, ""neg_sample_size"": 5, ""k"": 10, ""selection_metric"": ""mrr"", ""device"": ""cuda"", ""seed"": 42, ""partition_size"": 5000, ""partition_strategy"": ""count"", ""num_pipeline_stages"": 1, ""pipeline_worker_gpus"": 1.0, ""pipeline_worker_cpus"": 1.0, ""pipeline_stage_train_workers"": ""3"", ""pipeline_stage_eval_workers"": """", ""stage_balance_strategy"": ""cost"", ""stage_balance_user_weight"": 0.25, ""stage_balance_item_weight"": 0.25, ""stage_balance_span_weight"": 0.0, ""ray_address"": """", ""pipeline_trace"": false, ""pipeline_trace_log_path"": ""outputs/comprehensive_comparison/seed_42/naive_overlap20/pipeline_trace_20260615_164538.log"", ""output_dir"": ""outputs/comprehensive_comparison/seed_42/naive_overlap20"", ""enable_efficiency_monitor"": false, ""efficiency_monitor_interval"": 10, ""data_parallel_workers"": 3, ""data_parallel_worker_gpus"": 1.0, ""data_parallel_visible_gpus"": ""0,1,2"", ""data_parallel_sync_level"": ""micro_batch"", ""data_parallel_micro_batch_size"": 200, ""gpu_list"": ""0,1,2"", ""enable_auto_pipeline_config"": false, ""pipeline_mode"": ""naive"", ""batch_training"": false, ""train_batch_size"": 32, ""batch_mode"": ""tbatch"", ""tgn_loss_mode"": ""all"", ""tgn_window_size"": 10.0, ""eval_frozen"": false, ""model"": ""jodie_rnn"", ""embedding_dim"": 32, ""memory_cell"": ""lstm"", ""time_proj"": ""linear"", ""use_static_embeddings"": ""on"", ""normalize_state"": ""on"", ""event_agg"": ""none"", ""agg_activation"": ""none"", ""attn_type"": ""dot"", ""time_decay"": ""none"", ""max_neighbors"": 0, ""hidden_dim"": 0, ""memory_gate"": ""off"", ""enable_event_agg"": ""off"", ""enable_graph_update"": ""off"", ""message_mode"": ""peer"", ""msg_linear"": ""off""}"
20,coarse_pipeline,val,0.4022157524077992,0.4022157524077992,,0.4022157524077992,0.7753876938469234,148352,145.8371,jodie_rnn,"{""dataset"": ""public_csv"", ""dataset_dir"": ""data/public"", ""local_data_path"": ""data/public/mooc.csv"", ""train_ratio"": 0.7, ""val_ratio"": 0.1, ""max_events"": 20000, ""num_users"": 1435, ""num_items"": 21, ""num_interactions"": 3000, ""feature_dim"": 8, ""lr"": 0.001, ""neg_sample_size"": 5, ""k"": 10, ""selection_metric"": ""mrr"", ""device"": ""cuda"", ""seed"": 42, ""partition_size"": 5000, ""partition_strategy"": ""count"", ""num_pipeline_stages"": 1, ""pipeline_worker_gpus"": 1.0, ""pipeline_worker_cpus"": 1.0, ""pipeline_stage_train_workers"": ""3"", ""pipeline_stage_eval_workers"": """", ""stage_balance_strategy"": ""cost"", ""stage_balance_user_weight"": 0.25, ""stage_balance_item_weight"": 0.25, ""stage_balance_span_weight"": 0.0, ""ray_address"": """", ""pipeline_trace"": false, ""pipeline_trace_log_path"": ""outputs/comprehensive_comparison/seed_42/naive_overlap20/pipeline_trace_20260615_164538.log"", ""output_dir"": ""outputs/comprehensive_comparison/seed_42/naive_overlap20"", ""enable_efficiency_monitor"": false, ""efficiency_monitor_interval"": 10, ""data_parallel_workers"": 3, ""data_parallel_worker_gpus"": 1.0, ""data_parallel_visible_gpus"": ""0,1,2"", ""data_parallel_sync_level"": ""micro_batch"", ""data_parallel_micro_batch_size"": 200, ""gpu_list"": ""0,1,2"", ""enable_auto_pipeline_config"": false, ""pipeline_mode"": ""naive"", ""batch_training"": false, ""train_batch_size"": 32, ""batch_mode"": ""tbatch"", ""tgn_loss_mode"": ""all"", ""tgn_window_size"": 10.0, ""eval_frozen"": false, ""model"": ""jodie_rnn"", ""embedding_dim"": 64, ""memory_cell"": ""rnn"", ""time_proj"": ""off"", ""use_static_embeddings"": ""on"", ""normalize_state"": ""on"", ""event_agg"": ""none"", ""agg_activation"": ""none"", ""attn_type"": ""dot"", ""time_decay"": ""none"", ""max_neighbors"": 0, ""hidden_dim"": 0, ""memory_gate"": ""off"", ""enable_event_agg"": ""off"", ""enable_graph_update"": ""off"", ""message_mode"": ""peer"", ""msg_linear"": ""off""}"
21,coarse_pipeline,val,0.3950617385118894,0.3950617385118894,,0.3950617385118894,0.7518759379689844,737024,135.4284,jodie_rnn,"{""dataset"": ""public_csv"", ""dataset_dir"": ""data/public"", ""local_data_path"": ""data/public/mooc.csv"", ""train_ratio"": 0.7, ""val_ratio"": 0.1, ""max_events"": 20000, ""num_users"": 1435, ""num_items"": 21, ""num_interactions"": 3000, ""feature_dim"": 8, ""lr"": 0.001, ""neg_sample_size"": 5, ""k"": 10, ""selection_metric"": ""mrr"", ""device"": ""cuda"", ""seed"": 42, ""partition_size"": 5000, ""partition_strategy"": ""count"", ""num_pipeline_stages"": 1, ""pipeline_worker_gpus"": 1.0, ""pipeline_worker_cpus"": 1.0, ""pipeline_stage_train_workers"": ""3"", ""pipeline_stage_eval_workers"": """", ""stage_balance_strategy"": ""cost"", ""stage_balance_user_weight"": 0.25, ""stage_balance_item_weight"": 0.25, ""stage_balance_span_weight"": 0.0, ""ray_address"": """", ""pipeline_trace"": false, ""pipeline_trace_log_path"": ""outputs/comprehensive_comparison/seed_42/naive_overlap20/pipeline_trace_20260615_164538.log"", ""output_dir"": ""outputs/comprehensive_comparison/seed_42/naive_overlap20"", ""enable_efficiency_monitor"": false, ""efficiency_monitor_interval"": 10, ""data_parallel_workers"": 3, ""data_parallel_worker_gpus"": 1.0, ""data_parallel_visible_gpus"": ""0,1,2"", ""data_parallel_sync_level"": ""micro_batch"", ""data_parallel_micro_batch_size"": 200, ""gpu_list"": ""0,1,2"", ""enable_auto_pipeline_config"": false, ""pipeline_mode"": ""naive"", ""batch_training"": false, ""train_batch_size"": 32, ""batch_mode"": ""tbatch"", ""tgn_loss_mode"": ""all"", ""tgn_window_size"": 10.0, ""eval_frozen"": false, ""model"": ""jodie_rnn"", ""embedding_dim"": 128, ""memory_cell"": ""gru"", ""time_proj"": ""off"", ""use_static_embeddings"": ""on"", ""normalize_state"": ""on"", ""event_agg"": ""none"", ""agg_activation"": ""none"", ""attn_type"": ""dot"", ""time_decay"": ""none"", ""max_neighbors"": 0, ""hidden_dim"": 0, ""memory_gate"": ""off"", ""enable_event_agg"": ""off"", ""enable_graph_update"": ""off"", ""message_mode"": ""peer"", ""msg_linear"": ""off""}"
22,coarse_pipeline,val,0.3859596321330483,0.3859596321330483,,0.3859596321330483,0.8009004502251126,86912,143.6458,jodie_rnn,"{""dataset"": ""public_csv"", ""dataset_dir"": ""data/public"", ""local_data_path"": ""data/public/mooc.csv"", ""train_ratio"": 0.7, ""val_ratio"": 0.1, ""max_events"": 20000, ""num_users"": 1435, ""num_items"": 21, ""num_interactions"": 3000, ""feature_dim"": 8, ""lr"": 0.001, ""neg_sample_size"": 5, ""k"": 10, ""selection_metric"": ""mrr"", ""device"": ""cuda"", ""seed"": 42, ""partition_size"": 5000, ""partition_strategy"": ""count"", ""num_pipeline_stages"": 1, ""pipeline_worker_gpus"": 1.0, ""pipeline_worker_cpus"": 1.0, ""pipeline_stage_train_workers"": ""3"", ""pipeline_stage_eval_workers"": """", ""stage_balance_strategy"": ""cost"", ""stage_balance_user_weight"": 0.25, ""stage_balance_item_weight"": 0.25, ""stage_balance_span_weight"": 0.0, ""ray_address"": """", ""pipeline_trace"": false, ""pipeline_trace_log_path"": ""outputs/comprehensive_comparison/seed_42/naive_overlap20/pipeline_trace_20260615_164538.log"", ""output_dir"": ""outputs/comprehensive_comparison/seed_42/naive_overlap20"", ""enable_efficiency_monitor"": false, ""efficiency_monitor_interval"": 10, ""data_parallel_workers"": 3, ""data_parallel_worker_gpus"": 1.0, ""data_parallel_visible_gpus"": ""0,1,2"", ""data_parallel_sync_level"": ""micro_batch"", ""data_parallel_micro_batch_size"": 200, ""gpu_list"": ""0,1,2"", ""enable_auto_pipeline_config"": false, ""pipeline_mode"": ""naive"", ""batch_training"": false, ""train_batch_size"": 32, ""batch_mode"": ""tbatch"", ""tgn_loss_mode"": ""all"", ""tgn_window_size"": 10.0, ""eval_frozen"": false, ""model"": ""jodie_rnn"", ""embedding_dim"": 64, ""memory_cell"": ""gru"", ""time_proj"": ""off"", ""use_static_embeddings"": ""off"", ""normalize_state"": ""off"", ""event_agg"": ""none"", ""agg_activation"": ""none"", ""attn_type"": ""dot"", ""time_decay"": ""none"", ""max_neighbors"": 0, ""hidden_dim"": 0, ""memory_gate"": ""off"", ""enable_event_agg"": ""off"", ""enable_graph_update"": ""off"", ""message_mode"": ""peer"", ""msg_linear"": ""off""}"
23,coarse_pipeline,val,0.3759530628662375,0.3759530628662375,,0.3759530628662375,0.7743871935967984,337664,110.3497,jodie_rnn,"{""dataset"": ""public_csv"", ""dataset_dir"": ""data/public"", ""local_data_path"": ""data/public/mooc.csv"", ""train_ratio"": 0.7, ""val_ratio"": 0.1, ""max_events"": 20000, ""num_users"": 1435, ""num_items"": 21, ""num_interactions"": 3000, ""feature_dim"": 8, ""lr"": 0.001, ""neg_sample_size"": 5, ""k"": 10, ""selection_metric"": ""mrr"", ""device"": ""cuda"", ""seed"": 42, ""partition_size"": 5000, ""partition_strategy"": ""count"", ""num_pipeline_stages"": 1, ""pipeline_worker_gpus"": 1.0, ""pipeline_worker_cpus"": 1.0, ""pipeline_stage_train_workers"": ""3"", ""pipeline_stage_eval_workers"": """", ""stage_balance_strategy"": ""cost"", ""stage_balance_user_weight"": 0.25, ""stage_balance_item_weight"": 0.25, ""stage_balance_span_weight"": 0.0, ""ray_address"": """", ""pipeline_trace"": false, ""pipeline_trace_log_path"": ""outputs/comprehensive_comparison/seed_42/naive_overlap20/pipeline_trace_20260615_164538.log"", ""output_dir"": ""outputs/comprehensive_comparison/seed_42/naive_overlap20"", ""enable_efficiency_monitor"": false, ""efficiency_monitor_interval"": 10, ""data_parallel_workers"": 3, ""data_parallel_worker_gpus"": 1.0, ""data_parallel_visible_gpus"": ""0,1,2"", ""data_parallel_sync_level"": ""micro_batch"", ""data_parallel_micro_batch_size"": 200, ""gpu_list"": ""0,1,2"", ""enable_auto_pipeline_config"": false, ""pipeline_mode"": ""naive"", ""batch_training"": false, ""train_batch_size"": 32, ""batch_mode"": ""tbatch"", ""tgn_loss_mode"": ""all"", ""tgn_window_size"": 10.0, ""eval_frozen"": false, ""model"": ""jodie_rnn"", ""embedding_dim"": 128, ""memory_cell"": ""gru"", ""time_proj"": ""off"", ""use_static_embeddings"": ""off"", ""normalize_state"": ""off"", ""event_agg"": ""none"", ""agg_activation"": ""none"", ""attn_type"": ""dot"", ""time_decay"": ""none"", ""max_neighbors"": 0, ""hidden_dim"": 0, ""memory_gate"": ""off"", ""enable_event_agg"": ""off"", ""enable_graph_update"": ""off"", ""message_mode"": ""peer"", ""msg_linear"": ""off""}"
24,coarse_pipeline,val,0.3724186771201763,0.3724186771201763,,0.3724186771201763,0.7328664332166083,22976,126.5261,jodie_rnn,"{""dataset"": ""public_csv"", ""dataset_dir"": ""data/public"", ""local_data_path"": ""data/public/mooc.csv"", ""train_ratio"": 0.7, ""val_ratio"": 0.1, ""max_events"": 20000, ""num_users"": 1435, ""num_items"": 21, ""num_interactions"": 3000, ""feature_dim"": 8, ""lr"": 0.001, ""neg_sample_size"": 5, ""k"": 10, ""selection_metric"": ""mrr"", ""device"": ""cuda"", ""seed"": 42, ""partition_size"": 5000, ""partition_strategy"": ""count"", ""num_pipeline_stages"": 1, ""pipeline_worker_gpus"": 1.0, ""pipeline_worker_cpus"": 1.0, ""pipeline_stage_train_workers"": ""3"", ""pipeline_stage_eval_workers"": """", ""stage_balance_strategy"": ""cost"", ""stage_balance_user_weight"": 0.25, ""stage_balance_item_weight"": 0.25, ""stage_balance_span_weight"": 0.0, ""ray_address"": """", ""pipeline_trace"": false, ""pipeline_trace_log_path"": ""outputs/comprehensive_comparison/seed_42/naive_overlap20/pipeline_trace_20260615_164538.log"", ""output_dir"": ""outputs/comprehensive_comparison/seed_42/naive_overlap20"", ""enable_efficiency_monitor"": false, ""efficiency_monitor_interval"": 10, ""data_parallel_workers"": 3, ""data_parallel_worker_gpus"": 1.0, ""data_parallel_visible_gpus"": ""0,1,2"", ""data_parallel_sync_level"": ""micro_batch"", ""data_parallel_micro_batch_size"": 200, ""gpu_list"": ""0,1,2"", ""enable_auto_pipeline_config"": false, ""pipeline_mode"": ""naive"", ""batch_training"": false, ""train_batch_size"": 32, ""batch_mode"": ""tbatch"", ""tgn_loss_mode"": ""all"", ""tgn_window_size"": 10.0, ""eval_frozen"": false, ""model"": ""jodie_rnn"", ""embedding_dim"": 32, ""memory_cell"": ""gru"", ""time_proj"": ""linear"", ""use_static_embeddings"": ""off"", ""normalize_state"": ""on"", ""event_agg"": ""none"", ""agg_activation"": ""none"", ""attn_type"": ""dot"", ""time_decay"": ""none"", ""max_neighbors"": 0, ""hidden_dim"": 0, ""memory_gate"": ""off"", ""enable_event_agg"": ""off"", ""enable_graph_update"": ""off"", ""message_mode"": ""peer"", ""msg_linear"": ""off""}"
25,coarse_pipeline,val,0.3416547113337459,0.3416547113337459,,0.3416547113337459,0.7273636818409205,903936,145.8653,jodie_rnn,"{""dataset"": ""public_csv"", ""dataset_dir"": ""data/public"", ""local_data_path"": ""data/public/mooc.csv"", ""train_ratio"": 0.7, ""val_ratio"": 0.1, ""max_events"": 20000, ""num_users"": 1435, ""num_items"": 21, ""num_interactions"": 3000, ""feature_dim"": 8, ""lr"": 0.001, ""neg_sample_size"": 5, ""k"": 10, ""selection_metric"": ""mrr"", ""device"": ""cuda"", ""seed"": 42, ""partition_size"": 5000, ""partition_strategy"": ""count"", ""num_pipeline_stages"": 1, ""pipeline_worker_gpus"": 1.0, ""pipeline_worker_cpus"": 1.0, ""pipeline_stage_train_workers"": ""3"", ""pipeline_stage_eval_workers"": """", ""stage_balance_strategy"": ""cost"", ""stage_balance_user_weight"": 0.25, ""stage_balance_item_weight"": 0.25, ""stage_balance_span_weight"": 0.0, ""ray_address"": """", ""pipeline_trace"": false, ""pipeline_trace_log_path"": ""outputs/comprehensive_comparison/seed_42/naive_overlap20/pipeline_trace_20260615_164538.log"", ""output_dir"": ""outputs/comprehensive_comparison/seed_42/naive_overlap20"", ""enable_efficiency_monitor"": false, ""efficiency_monitor_interval"": 10, ""data_parallel_workers"": 3, ""data_parallel_worker_gpus"": 1.0, ""data_parallel_visible_gpus"": ""0,1,2"", ""data_parallel_sync_level"": ""micro_batch"", ""data_parallel_micro_batch_size"": 200, ""gpu_list"": ""0,1,2"", ""enable_auto_pipeline_config"": false, ""pipeline_mode"": ""naive"", ""batch_training"": false, ""train_batch_size"": 32, ""batch_mode"": ""tbatch"", ""tgn_loss_mode"": ""all"", ""tgn_window_size"": 10.0, ""eval_frozen"": false, ""model"": ""jodie_rnn"", ""embedding_dim"": 128, ""memory_cell"": ""lstm"", ""time_proj"": ""off"", ""use_static_embeddings"": ""on"", ""normalize_state"": ""off"", ""event_agg"": ""none"", ""agg_activation"": ""none"", ""attn_type"": ""dot"", ""time_decay"": ""none"", ""max_neighbors"": 0, ""hidden_dim"": 0, ""memory_gate"": ""off"", ""enable_event_agg"": ""off"", ""enable_graph_update"": ""off"", ""message_mode"": ""peer"", ""msg_linear"": ""off""}"
26,coarse_pipeline,val,0.3406500222725085,0.3406500222725085,,0.3406500222725085,0.7018509254627313,903936,153.5479,jodie_rnn,"{""dataset"": ""public_csv"", ""dataset_dir"": ""data/public"", ""local_data_path"": ""data/public/mooc.csv"", ""train_ratio"": 0.7, ""val_ratio"": 0.1, ""max_events"": 20000, ""num_users"": 1435, ""num_items"": 21, ""num_interactions"": 3000, ""feature_dim"": 8, ""lr"": 0.001, ""neg_sample_size"": 5, ""k"": 10, ""selection_metric"": ""mrr"", ""device"": ""cuda"", ""seed"": 42, ""partition_size"": 5000, ""partition_strategy"": ""count"", ""num_pipeline_stages"": 1, ""pipeline_worker_gpus"": 1.0, ""pipeline_worker_cpus"": 1.0, ""pipeline_stage_train_workers"": ""3"", ""pipeline_stage_eval_workers"": """", ""stage_balance_strategy"": ""cost"", ""stage_balance_user_weight"": 0.25, ""stage_balance_item_weight"": 0.25, ""stage_balance_span_weight"": 0.0, ""ray_address"": """", ""pipeline_trace"": false, ""pipeline_trace_log_path"": ""outputs/comprehensive_comparison/seed_42/naive_overlap20/pipeline_trace_20260615_164538.log"", ""output_dir"": ""outputs/comprehensive_comparison/seed_42/naive_overlap20"", ""enable_efficiency_monitor"": false, ""efficiency_monitor_interval"": 10, ""data_parallel_workers"": 3, ""data_parallel_worker_gpus"": 1.0, ""data_parallel_visible_gpus"": ""0,1,2"", ""data_parallel_sync_level"": ""micro_batch"", ""data_parallel_micro_batch_size"": 200, ""gpu_list"": ""0,1,2"", ""enable_auto_pipeline_config"": false, ""pipeline_mode"": ""naive"", ""batch_training"": false, ""train_batch_size"": 32, ""batch_mode"": ""tbatch"", ""tgn_loss_mode"": ""all"", ""tgn_window_size"": 10.0, ""eval_frozen"": false, ""model"": ""jodie_rnn"", ""embedding_dim"": 128, ""memory_cell"": ""lstm"", ""time_proj"": ""off"", ""use_static_embeddings"": ""on"", ""normalize_state"": ""on"", ""event_agg"": ""none"", ""agg_activation"": ""none"", ""attn_type"": ""dot"", ""time_decay"": ""none"", ""max_neighbors"": 0, ""hidden_dim"": 0, ""memory_gate"": ""off"", ""enable_event_agg"": ""off"", ""enable_graph_update"": ""off"", ""message_mode"": ""peer"", ""msg_linear"": ""off""}"
27,coarse_pipeline,val,0.3320129455287205,0.3320129455287205,,0.3320129455287205,0.7373686843421711,60864,150.3505,jodie_rnn,"{""dataset"": ""public_csv"", ""dataset_dir"": ""data/public"", ""local_data_path"": ""data/public/mooc.csv"", ""train_ratio"": 0.7, ""val_ratio"": 0.1, ""max_events"": 20000, ""num_users"": 1435, ""num_items"": 21, ""num_interactions"": 3000, ""feature_dim"": 8, ""lr"": 0.001, ""neg_sample_size"": 5, ""k"": 10, ""selection_metric"": ""mrr"", ""device"": ""cuda"", ""seed"": 42, ""partition_size"": 5000, ""partition_strategy"": ""count"", ""num_pipeline_stages"": 1, ""pipeline_worker_gpus"": 1.0, ""pipeline_worker_cpus"": 1.0, ""pipeline_stage_train_workers"": ""3"", ""pipeline_stage_eval_workers"": """", ""stage_balance_strategy"": ""cost"", ""stage_balance_user_weight"": 0.25, ""stage_balance_item_weight"": 0.25, ""stage_balance_span_weight"": 0.0, ""ray_address"": """", ""pipeline_trace"": false, ""pipeline_trace_log_path"": ""outputs/comprehensive_comparison/seed_42/naive_overlap20/pipeline_trace_20260615_164538.log"", ""output_dir"": ""outputs/comprehensive_comparison/seed_42/naive_overlap20"", ""enable_efficiency_monitor"": false, ""efficiency_monitor_interval"": 10, ""data_parallel_workers"": 3, ""data_parallel_worker_gpus"": 1.0, ""data_parallel_visible_gpus"": ""0,1,2"", ""data_parallel_sync_level"": ""micro_batch"", ""data_parallel_micro_batch_size"": 200, ""gpu_list"": ""0,1,2"", ""enable_auto_pipeline_config"": false, ""pipeline_mode"": ""naive"", ""batch_training"": false, ""train_batch_size"": 32, ""batch_mode"": ""tbatch"", ""tgn_loss_mode"": ""all"", ""tgn_window_size"": 10.0, ""eval_frozen"": false, ""model"": ""jodie_rnn"", ""embedding_dim"": 32, ""memory_cell"": ""rnn"", ""time_proj"": ""off"", ""use_static_embeddings"": ""on"", ""normalize_state"": ""on"", ""event_agg"": ""none"", ""agg_activation"": ""none"", ""attn_type"": ""dot"", ""time_decay"": ""none"", ""max_neighbors"": 0, ""hidden_dim"": 0, ""memory_gate"": ""off"", ""enable_event_agg"": ""off"", ""enable_graph_update"": ""off"", ""message_mode"": ""peer"", ""msg_linear"": ""off""}"
28,coarse_pipeline,val,0.33134318738715307,0.33134318738715307,,0.33134318738715307,0.7383691845922962,233344,106.3685,jodie_rnn,"{""dataset"": ""public_csv"", ""dataset_dir"": ""data/public"", ""local_data_path"": ""data/public/mooc.csv"", ""train_ratio"": 0.7, ""val_ratio"": 0.1, ""max_events"": 20000, ""num_users"": 1435, ""num_items"": 21, ""num_interactions"": 3000, ""feature_dim"": 8, ""lr"": 0.001, ""neg_sample_size"": 5, ""k"": 10, ""selection_metric"": ""mrr"", ""device"": ""cuda"", ""seed"": 42, ""partition_size"": 5000, ""partition_strategy"": ""count"", ""num_pipeline_stages"": 1, ""pipeline_worker_gpus"": 1.0, ""pipeline_worker_cpus"": 1.0, ""pipeline_stage_train_workers"": ""3"", ""pipeline_stage_eval_workers"": """", ""stage_balance_strategy"": ""cost"", ""stage_balance_user_weight"": 0.25, ""stage_balance_item_weight"": 0.25, ""stage_balance_span_weight"": 0.0, ""ray_address"": """", ""pipeline_trace"": false, ""pipeline_trace_log_path"": ""outputs/comprehensive_comparison/seed_42/naive_overlap20/pipeline_trace_20260615_164538.log"", ""output_dir"": ""outputs/comprehensive_comparison/seed_42/naive_overlap20"", ""enable_efficiency_monitor"": false, ""efficiency_monitor_interval"": 10, ""data_parallel_workers"": 3, ""data_parallel_worker_gpus"": 1.0, ""data_parallel_visible_gpus"": ""0,1,2"", ""data_parallel_sync_level"": ""micro_batch"", ""data_parallel_micro_batch_size"": 200, ""gpu_list"": ""0,1,2"", ""enable_auto_pipeline_config"": false, ""pipeline_mode"": ""naive"", ""batch_training"": false, ""train_batch_size"": 32, ""batch_mode"": ""tbatch"", ""tgn_loss_mode"": ""all"", ""tgn_window_size"": 10.0, ""eval_frozen"": false, ""model"": ""jodie_rnn"", ""embedding_dim"": 64, ""memory_cell"": ""gru"", ""time_proj"": ""off"", ""use_static_embeddings"": ""on"", ""normalize_state"": ""on"", ""event_agg"": ""none"", ""agg_activation"": ""none"", ""attn_type"": ""dot"", ""time_decay"": ""none"", ""max_neighbors"": 0, ""hidden_dim"": 0, ""memory_gate"": ""off"", ""enable_event_agg"": ""off"", ""enable_graph_update"": ""off"", ""message_mode"": ""peer"", ""msg_linear"": ""off""}"
29,coarse_pipeline,val,0.3175389296426199,0.3175389296426199,,0.3175389296426199,0.6848424212106053,233344,111.6328,jodie_rnn,"{""dataset"": ""public_csv"", ""dataset_dir"": ""data/public"", ""local_data_path"": ""data/public/mooc.csv"", ""train_ratio"": 0.7, ""val_ratio"": 0.1, ""max_events"": 20000, ""num_users"": 1435, ""num_items"": 21, ""num_interactions"": 3000, ""feature_dim"": 8, ""lr"": 0.001, ""neg_sample_size"": 5, ""k"": 10, ""selection_metric"": ""mrr"", ""device"": ""cuda"", ""seed"": 42, ""partition_size"": 5000, ""partition_strategy"": ""count"", ""num_pipeline_stages"": 1, ""pipeline_worker_gpus"": 1.0, ""pipeline_worker_cpus"": 1.0, ""pipeline_stage_train_workers"": ""3"", ""pipeline_stage_eval_workers"": """", ""stage_balance_strategy"": ""cost"", ""stage_balance_user_weight"": 0.25, ""stage_balance_item_weight"": 0.25, ""stage_balance_span_weight"": 0.0, ""ray_address"": """", ""pipeline_trace"": false, ""pipeline_trace_log_path"": ""outputs/comprehensive_comparison/seed_42/naive_overlap20/pipeline_trace_20260615_164538.log"", ""output_dir"": ""outputs/comprehensive_comparison/seed_42/naive_overlap20"", ""enable_efficiency_monitor"": false, ""efficiency_monitor_interval"": 10, ""data_parallel_workers"": 3, ""data_parallel_worker_gpus"": 1.0, ""data_parallel_visible_gpus"": ""0,1,2"", ""data_parallel_sync_level"": ""micro_batch"", ""data_parallel_micro_batch_size"": 200, ""gpu_list"": ""0,1,2"", ""enable_auto_pipeline_config"": false, ""pipeline_mode"": ""naive"", ""batch_training"": false, ""train_batch_size"": 32, ""batch_mode"": ""tbatch"", ""tgn_loss_mode"": ""all"", ""tgn_window_size"": 10.0, ""eval_frozen"": false, ""model"": ""jodie_rnn"", ""embedding_dim"": 64, ""memory_cell"": ""gru"", ""time_proj"": ""off"", ""use_static_embeddings"": ""on"", ""normalize_state"": ""off"", ""event_agg"": ""none"", ""agg_activation"": ""none"", ""attn_type"": ""dot"", ""time_decay"": ""none"", ""max_neighbors"": 0, ""hidden_dim"": 0, ""memory_gate"": ""off"", ""enable_event_agg"": ""off"", ""enable_graph_update"": ""off"", ""message_mode"": ""peer"", ""msg_linear"": ""off""}"
30,coarse_pipeline,val,0.3006042941453565,0.3006042941453565,,0.3006042941453565,0.7148574287143572,275840,150.3505,jodie_rnn,"{""dataset"": ""public_csv"", ""dataset_dir"": ""data/public"", ""local_data_path"": ""data/public/mooc.csv"", ""train_ratio"": 0.7, ""val_ratio"": 0.1, ""max_events"": 20000, ""num_users"": 1435, ""num_items"": 21, ""num_interactions"": 3000, ""feature_dim"": 8, ""lr"": 0.001, ""neg_sample_size"": 5, ""k"": 10, ""selection_metric"": ""mrr"", ""device"": ""cuda"", ""seed"": 42, ""partition_size"": 5000, ""partition_strategy"": ""count"", ""num_pipeline_stages"": 1, ""pipeline_worker_gpus"": 1.0, ""pipeline_worker_cpus"": 1.0, ""pipeline_stage_train_workers"": ""3"", ""pipeline_stage_eval_workers"": """", ""stage_balance_strategy"": ""cost"", ""stage_balance_user_weight"": 0.25, ""stage_balance_item_weight"": 0.25, ""stage_balance_span_weight"": 0.0, ""ray_address"": """", ""pipeline_trace"": false, ""pipeline_trace_log_path"": ""outputs/comprehensive_comparison/seed_42/naive_overlap20/pipeline_trace_20260615_164538.log"", ""output_dir"": ""outputs/comprehensive_comparison/seed_42/naive_overlap20"", ""enable_efficiency_monitor"": false, ""efficiency_monitor_interval"": 10, ""data_parallel_workers"": 3, ""data_parallel_worker_gpus"": 1.0, ""data_parallel_visible_gpus"": ""0,1,2"", ""data_parallel_sync_level"": ""micro_batch"", ""data_parallel_micro_batch_size"": 200, ""gpu_list"": ""0,1,2"", ""enable_auto_pipeline_config"": false, ""pipeline_mode"": ""naive"", ""batch_training"": false, ""train_batch_size"": 32, ""batch_mode"": ""tbatch"", ""tgn_loss_mode"": ""all"", ""tgn_window_size"": 10.0, ""eval_frozen"": false, ""model"": ""jodie_rnn"", ""embedding_dim"": 64, ""memory_cell"": ""lstm"", ""time_proj"": ""off"", ""use_static_embeddings"": ""on"", ""normalize_state"": ""on"", ""event_agg"": ""none"", ""agg_activation"": ""none"", ""attn_type"": ""dot"", ""time_decay"": ""none"", ""max_neighbors"": 0, ""hidden_dim"": 0, ""memory_gate"": ""off"", ""enable_event_agg"": ""off"", ""enable_graph_update"": ""off"", ""message_mode"": ""peer"", ""msg_linear"": ""off""}"
31,coarse_pipeline,val,0.280742264698019,0.280742264698019,,0.280742264698019,0.6798399199599799,82880,106.3685,jodie_rnn,"{""dataset"": ""public_csv"", ""dataset_dir"": ""data/public"", ""local_data_path"": ""data/public/mooc.csv"", ""train_ratio"": 0.7, ""val_ratio"": 0.1, ""max_events"": 20000, ""num_users"": 1435, ""num_items"": 21, ""num_interactions"": 3000, ""feature_dim"": 8, ""lr"": 0.001, ""neg_sample_size"": 5, ""k"": 10, ""selection_metric"": ""mrr"", ""device"": ""cuda"", ""seed"": 42, ""partition_size"": 5000, ""partition_strategy"": ""count"", ""num_pipeline_stages"": 1, ""pipeline_worker_gpus"": 1.0, ""pipeline_worker_cpus"": 1.0, ""pipeline_stage_train_workers"": ""3"", ""pipeline_stage_eval_workers"": """", ""stage_balance_strategy"": ""cost"", ""stage_balance_user_weight"": 0.25, ""stage_balance_item_weight"": 0.25, ""stage_balance_span_weight"": 0.0, ""ray_address"": """", ""pipeline_trace"": false, ""pipeline_trace_log_path"": ""outputs/comprehensive_comparison/seed_42/naive_overlap20/pipeline_trace_20260615_164538.log"", ""output_dir"": ""outputs/comprehensive_comparison/seed_42/naive_overlap20"", ""enable_efficiency_monitor"": false, ""efficiency_monitor_interval"": 10, ""data_parallel_workers"": 3, ""data_parallel_worker_gpus"": 1.0, ""data_parallel_visible_gpus"": ""0,1,2"", ""data_parallel_sync_level"": ""micro_batch"", ""data_parallel_micro_batch_size"": 200, ""gpu_list"": ""0,1,2"", ""enable_auto_pipeline_config"": false, ""pipeline_mode"": ""naive"", ""batch_training"": false, ""train_batch_size"": 32, ""batch_mode"": ""tbatch"", ""tgn_loss_mode"": ""all"", ""tgn_window_size"": 10.0, ""eval_frozen"": false, ""model"": ""jodie_rnn"", ""embedding_dim"": 32, ""memory_cell"": ""gru"", ""time_proj"": ""off"", ""use_static_embeddings"": ""on"", ""normalize_state"": ""off"", ""event_agg"": ""none"", ""agg_activation"": ""none"", ""attn_type"": ""dot"", ""time_decay"": ""none"", ""max_neighbors"": 0, ""hidden_dim"": 0, ""memory_gate"": ""off"", ""enable_event_agg"": ""off"", ""enable_graph_update"": ""off"", ""message_mode"": ""peer"", ""msg_linear"": ""off""}"
32,coarse_pipeline,val,0.2781095652705986,0.2781095652705986,,0.2781095652705986,0.6993496748374187,82880,139.7313,jodie_rnn,"{""dataset"": ""public_csv"", ""dataset_dir"": ""data/public"", ""local_data_path"": ""data/public/mooc.csv"", ""train_ratio"": 0.7, ""val_ratio"": 0.1, ""max_events"": 20000, ""num_users"": 1435, ""num_items"": 21, ""num_interactions"": 3000, ""feature_dim"": 8, ""lr"": 0.001, ""neg_sample_size"": 5, ""k"": 10, ""selection_metric"": ""mrr"", ""device"": ""cuda"", ""seed"": 42, ""partition_size"": 5000, ""partition_strategy"": ""count"", ""num_pipeline_stages"": 1, ""pipeline_worker_gpus"": 1.0, ""pipeline_worker_cpus"": 1.0, ""pipeline_stage_train_workers"": ""3"", ""pipeline_stage_eval_workers"": """", ""stage_balance_strategy"": ""cost"", ""stage_balance_user_weight"": 0.25, ""stage_balance_item_weight"": 0.25, ""stage_balance_span_weight"": 0.0, ""ray_address"": """", ""pipeline_trace"": false, ""pipeline_trace_log_path"": ""outputs/comprehensive_comparison/seed_42/naive_overlap20/pipeline_trace_20260615_164538.log"", ""output_dir"": ""outputs/comprehensive_comparison/seed_42/naive_overlap20"", ""enable_efficiency_monitor"": false, ""efficiency_monitor_interval"": 10, ""data_parallel_workers"": 3, ""data_parallel_worker_gpus"": 1.0, ""data_parallel_visible_gpus"": ""0,1,2"", ""data_parallel_sync_level"": ""micro_batch"", ""data_parallel_micro_batch_size"": 200, ""gpu_list"": ""0,1,2"", ""enable_auto_pipeline_config"": false, ""pipeline_mode"": ""naive"", ""batch_training"": false, ""train_batch_size"": 32, ""batch_mode"": ""tbatch"", ""tgn_loss_mode"": ""all"", ""tgn_window_size"": 10.0, ""eval_frozen"": false, ""model"": ""jodie_rnn"", ""embedding_dim"": 32, ""memory_cell"": ""gru"", ""time_proj"": ""off"", ""use_static_embeddings"": ""on"", ""normalize_state"": ""on"", ""event_agg"": ""none"", ""agg_activation"": ""none"", ""attn_type"": ""dot"", ""time_decay"": ""none"", ""max_neighbors"": 0, ""hidden_dim"": 0, ""memory_gate"": ""off"", ""enable_event_agg"": ""off"", ""enable_graph_update"": ""off"", ""message_mode"": ""peer"", ""msg_linear"": ""off""}"
33,coarse_pipeline,val,0.2770493492280267,0.2770493492280267,,0.2770493492280267,0.6948474237118559,113024,117.3592,jodie_rnn,"{""dataset"": ""public_csv"", ""dataset_dir"": ""data/public"", ""local_data_path"": ""data/public/mooc.csv"", ""train_ratio"": 0.7, ""val_ratio"": 0.1, ""max_events"": 20000, ""num_users"": 1435, ""num_items"": 21, ""num_interactions"": 3000, ""feature_dim"": 8, ""lr"": 0.001, ""neg_sample_size"": 5, ""k"": 10, ""selection_metric"": ""mrr"", ""device"": ""cuda"", ""seed"": 42, ""partition_size"": 5000, ""partition_strategy"": ""count"", ""num_pipeline_stages"": 1, ""pipeline_worker_gpus"": 1.0, ""pipeline_worker_cpus"": 1.0, ""pipeline_stage_train_workers"": ""3"", ""pipeline_stage_eval_workers"": """", ""stage_balance_strategy"": ""cost"", ""stage_balance_user_weight"": 0.25, ""stage_balance_item_weight"": 0.25, ""stage_balance_span_weight"": 0.0, ""ray_address"": """", ""pipeline_trace"": false, ""pipeline_trace_log_path"": ""outputs/comprehensive_comparison/seed_42/naive_overlap20/pipeline_trace_20260615_164538.log"", ""output_dir"": ""outputs/comprehensive_comparison/seed_42/naive_overlap20"", ""enable_efficiency_monitor"": false, ""efficiency_monitor_interval"": 10, ""data_parallel_workers"": 3, ""data_parallel_worker_gpus"": 1.0, ""data_parallel_visible_gpus"": ""0,1,2"", ""data_parallel_sync_level"": ""micro_batch"", ""data_parallel_micro_batch_size"": 200, ""gpu_list"": ""0,1,2"", ""enable_auto_pipeline_config"": false, ""pipeline_mode"": ""naive"", ""batch_training"": false, ""train_batch_size"": 32, ""batch_mode"": ""tbatch"", ""tgn_loss_mode"": ""all"", ""tgn_window_size"": 10.0, ""eval_frozen"": false, ""model"": ""jodie_rnn"", ""embedding_dim"": 64, ""memory_cell"": ""lstm"", ""time_proj"": ""off"", ""use_static_embeddings"": ""off"", ""normalize_state"": ""off"", ""event_agg"": ""none"", ""agg_activation"": ""none"", ""attn_type"": ""dot"", ""time_decay"": ""none"", ""max_neighbors"": 0, ""hidden_dim"": 0, ""memory_gate"": ""off"", ""enable_event_agg"": ""off"", ""enable_graph_update"": ""off"", ""message_mode"": ""peer"", ""msg_linear"": ""off""}"
34,coarse_pipeline,val,0.27484781136394004,0.27484781136394004,,0.27484781136394004,0.7003501750875438,134912,129.263,jodie_rnn,"{""dataset"": ""public_csv"", ""dataset_dir"": ""data/public"", ""local_data_path"": ""data/public/mooc.csv"", ""train_ratio"": 0.7, ""val_ratio"": 0.1, ""max_events"": 20000, ""num_users"": 1435, ""num_items"": 21, ""num_interactions"": 3000, ""feature_dim"": 8, ""lr"": 0.001, ""neg_sample_size"": 5, ""k"": 10, ""selection_metric"": ""mrr"", ""device"": ""cuda"", ""seed"": 42, ""partition_size"": 5000, ""partition_strategy"": ""count"", ""num_pipeline_stages"": 1, ""pipeline_worker_gpus"": 1.0, ""pipeline_worker_cpus"": 1.0, ""pipeline_stage_train_workers"": ""3"", ""pipeline_stage_eval_workers"": """", ""stage_balance_strategy"": ""cost"", ""stage_balance_user_weight"": 0.25, ""stage_balance_item_weight"": 0.25, ""stage_balance_span_weight"": 0.0, ""ray_address"": """", ""pipeline_trace"": false, ""pipeline_trace_log_path"": ""outputs/comprehensive_comparison/seed_42/naive_overlap20/pipeline_trace_20260615_164538.log"", ""output_dir"": ""outputs/comprehensive_comparison/seed_42/naive_overlap20"", ""enable_efficiency_monitor"": false, ""efficiency_monitor_interval"": 10, ""data_parallel_workers"": 3, ""data_parallel_worker_gpus"": 1.0, ""data_parallel_visible_gpus"": ""0,1,2"", ""data_parallel_sync_level"": ""micro_batch"", ""data_parallel_micro_batch_size"": 200, ""gpu_list"": ""0,1,2"", ""enable_auto_pipeline_config"": false, ""pipeline_mode"": ""naive"", ""batch_training"": false, ""train_batch_size"": 32, ""batch_mode"": ""tbatch"", ""tgn_loss_mode"": ""all"", ""tgn_window_size"": 10.0, ""eval_frozen"": false, ""model"": ""jodie_rnn"", ""embedding_dim"": 128, ""memory_cell"": ""rnn"", ""time_proj"": ""off"", ""use_static_embeddings"": ""off"", ""normalize_state"": ""on"", ""event_agg"": ""none"", ""agg_activation"": ""none"", ""attn_type"": ""dot"", ""time_decay"": ""none"", ""max_neighbors"": 0, ""hidden_dim"": 0, ""memory_gate"": ""off"", ""enable_event_agg"": ""off"", ""enable_graph_update"": ""off"", ""message_mode"": ""peer"", ""msg_linear"": ""off""}"
35,coarse_pipeline,val,0.2740251562885784,0.2740251562885784,,0.2740251562885784,0.711855927963982,34688,131.3448,jodie_rnn,"{""dataset"": ""public_csv"", ""dataset_dir"": ""data/public"", ""local_data_path"": ""data/public/mooc.csv"", ""train_ratio"": 0.7, ""val_ratio"": 0.1, ""max_events"": 20000, ""num_users"": 1435, ""num_items"": 21, ""num_interactions"": 3000, ""feature_dim"": 8, ""lr"": 0.001, ""neg_sample_size"": 5, ""k"": 10, ""selection_metric"": ""mrr"", ""device"": ""cuda"", ""seed"": 42, ""partition_size"": 5000, ""partition_strategy"": ""count"", ""num_pipeline_stages"": 1, ""pipeline_worker_gpus"": 1.0, ""pipeline_worker_cpus"": 1.0, ""pipeline_stage_train_workers"": ""3"", ""pipeline_stage_eval_workers"": """", ""stage_balance_strategy"": ""cost"", ""stage_balance_user_weight"": 0.25, ""stage_balance_item_weight"": 0.25, ""stage_balance_span_weight"": 0.0, ""ray_address"": """", ""pipeline_trace"": false, ""pipeline_trace_log_path"": ""outputs/comprehensive_comparison/seed_42/naive_overlap20/pipeline_trace_20260615_164538.log"", ""output_dir"": ""outputs/comprehensive_comparison/seed_42/naive_overlap20"", ""enable_efficiency_monitor"": false, ""efficiency_monitor_interval"": 10, ""data_parallel_workers"": 3, ""data_parallel_worker_gpus"": 1.0, ""data_parallel_visible_gpus"": ""0,1,2"", ""data_parallel_sync_level"": ""micro_batch"", ""data_parallel_micro_batch_size"": 200, ""gpu_list"": ""0,1,2"", ""enable_auto_pipeline_config"": false, ""pipeline_mode"": ""naive"", ""batch_training"": false, ""train_batch_size"": 32, ""batch_mode"": ""tbatch"", ""tgn_loss_mode"": ""all"", ""tgn_window_size"": 10.0, ""eval_frozen"": false, ""model"": ""jodie_rnn"", ""embedding_dim"": 64, ""memory_cell"": ""rnn"", ""time_proj"": ""off"", ""use_static_embeddings"": ""off"", ""normalize_state"": ""on"", ""event_agg"": ""none"", ""agg_activation"": ""none"", ""attn_type"": ""dot"", ""time_decay"": ""none"", ""max_neighbors"": 0, ""hidden_dim"": 0, ""memory_gate"": ""off"", ""enable_event_agg"": ""off"", ""enable_graph_update"": ""off"", ""message_mode"": ""peer"", ""msg_linear"": ""off""}"
36,coarse_pipeline,val,0.26955215712372865,0.26955215712372865,,0.26955215712372865,0.6838419209604802,86912,126.5261,jodie_rnn,"{""dataset"": ""public_csv"", ""dataset_dir"": ""data/public"", ""local_data_path"": ""data/public/mooc.csv"", ""train_ratio"": 0.7, ""val_ratio"": 0.1, ""max_events"": 20000, ""num_users"": 1435, ""num_items"": 21, ""num_interactions"": 3000, ""feature_dim"": 8, ""lr"": 0.001, ""neg_sample_size"": 5, ""k"": 10, ""selection_metric"": ""mrr"", ""device"": ""cuda"", ""seed"": 42, ""partition_size"": 5000, ""partition_strategy"": ""count"", ""num_pipeline_stages"": 1, ""pipeline_worker_gpus"": 1.0, ""pipeline_worker_cpus"": 1.0, ""pipeline_stage_train_workers"": ""3"", ""pipeline_stage_eval_workers"": """", ""stage_balance_strategy"": ""cost"", ""stage_balance_user_weight"": 0.25, ""stage_balance_item_weight"": 0.25, ""stage_balance_span_weight"": 0.0, ""ray_address"": """", ""pipeline_trace"": false, ""pipeline_trace_log_path"": ""outputs/comprehensive_comparison/seed_42/naive_overlap20/pipeline_trace_20260615_164538.log"", ""output_dir"": ""outputs/comprehensive_comparison/seed_42/naive_overlap20"", ""enable_efficiency_monitor"": false, ""efficiency_monitor_interval"": 10, ""data_parallel_workers"": 3, ""data_parallel_worker_gpus"": 1.0, ""data_parallel_visible_gpus"": ""0,1,2"", ""data_parallel_sync_level"": ""micro_batch"", ""data_parallel_micro_batch_size"": 200, ""gpu_list"": ""0,1,2"", ""enable_auto_pipeline_config"": false, ""pipeline_mode"": ""naive"", ""batch_training"": false, ""train_batch_size"": 32, ""batch_mode"": ""tbatch"", ""tgn_loss_mode"": ""all"", ""tgn_window_size"": 10.0, ""eval_frozen"": false, ""model"": ""jodie_rnn"", ""embedding_dim"": 64, ""memory_cell"": ""gru"", ""time_proj"": ""off"", ""use_static_embeddings"": ""off"", ""normalize_state"": ""on"", ""event_agg"": ""none"", ""agg_activation"": ""none"", ""attn_type"": ""dot"", ""time_decay"": ""none"", ""max_neighbors"": 0, ""hidden_dim"": 0, ""memory_gate"": ""off"", ""enable_event_agg"": ""off"", ""enable_graph_update"": ""off"", ""message_mode"": ""peer"", ""msg_linear"": ""off""}"
37,coarse_pipeline,val,0.26917139017457664,0.26917139017457664,,0.26917139017457664,0.696848424212106,9152,129.0444,jodie_rnn,"{""dataset"": ""public_csv"", ""dataset_dir"": ""data/public"", ""local_data_path"": ""data/public/mooc.csv"", ""train_ratio"": 0.7, ""val_ratio"": 0.1, ""max_events"": 20000, ""num_users"": 1435, ""num_items"": 21, ""num_interactions"": 3000, ""feature_dim"": 8, ""lr"": 0.001, ""neg_sample_size"": 5, ""k"": 10, ""selection_metric"": ""mrr"", ""device"": ""cuda"", ""seed"": 42, ""partition_size"": 5000, ""partition_strategy"": ""count"", ""num_pipeline_stages"": 1, ""pipeline_worker_gpus"": 1.0, ""pipeline_worker_cpus"": 1.0, ""pipeline_stage_train_workers"": ""3"", ""pipeline_stage_eval_workers"": """", ""stage_balance_strategy"": ""cost"", ""stage_balance_user_weight"": 0.25, ""stage_balance_item_weight"": 0.25, ""stage_balance_span_weight"": 0.0, ""ray_address"": """", ""pipeline_trace"": false, ""pipeline_trace_log_path"": ""outputs/comprehensive_comparison/seed_42/naive_overlap20/pipeline_trace_20260615_164538.log"", ""output_dir"": ""outputs/comprehensive_comparison/seed_42/naive_overlap20"", ""enable_efficiency_monitor"": false, ""efficiency_monitor_interval"": 10, ""data_parallel_workers"": 3, ""data_parallel_worker_gpus"": 1.0, ""data_parallel_visible_gpus"": ""0,1,2"", ""data_parallel_sync_level"": ""micro_batch"", ""data_parallel_micro_batch_size"": 200, ""gpu_list"": ""0,1,2"", ""enable_auto_pipeline_config"": false, ""pipeline_mode"": ""naive"", ""batch_training"": false, ""train_batch_size"": 32, ""batch_mode"": ""tbatch"", ""tgn_loss_mode"": ""all"", ""tgn_window_size"": 10.0, ""eval_frozen"": false, ""model"": ""jodie_rnn"", ""embedding_dim"": 32, ""memory_cell"": ""rnn"", ""time_proj"": ""off"", ""use_static_embeddings"": ""off"", ""normalize_state"": ""on"", ""event_agg"": ""none"", ""agg_activation"": ""none"", ""attn_type"": ""dot"", ""time_decay"": ""none"", ""max_neighbors"": 0, ""hidden_dim"": 0, ""memory_gate"": ""off"", ""enable_event_agg"": ""off"", ""enable_graph_update"": ""off"", ""message_mode"": ""peer"", ""msg_linear"": ""off""}"
38,coarse_pipeline,val,0.26715373508264806,0.26715373508264806,,0.26715373508264806,0.6278139069534767,93888,114.0321,jodie_rnn,"{""dataset"": ""public_csv"", ""dataset_dir"": ""data/public"", ""local_data_path"": ""data/public/mooc.csv"", ""train_ratio"": 0.7, ""val_ratio"": 0.1, ""max_events"": 20000, ""num_users"": 1435, ""num_items"": 21, ""num_interactions"": 3000, ""feature_dim"": 8, ""lr"": 0.001, ""neg_sample_size"": 5, ""k"": 10, ""selection_metric"": ""mrr"", ""device"": ""cuda"", ""seed"": 42, ""partition_size"": 5000, ""partition_strategy"": ""count"", ""num_pipeline_stages"": 1, ""pipeline_worker_gpus"": 1.0, ""pipeline_worker_cpus"": 1.0, ""pipeline_stage_train_workers"": ""3"", ""pipeline_stage_eval_workers"": """", ""stage_balance_strategy"": ""cost"", ""stage_balance_user_weight"": 0.25, ""stage_balance_item_weight"": 0.25, ""stage_balance_span_weight"": 0.0, ""ray_address"": """", ""pipeline_trace"": false, ""pipeline_trace_log_path"": ""outputs/comprehensive_comparison/seed_42/naive_overlap20/pipeline_trace_20260615_164538.log"", ""output_dir"": ""outputs/comprehensive_comparison/seed_42/naive_overlap20"", ""enable_efficiency_monitor"": false, ""efficiency_monitor_interval"": 10, ""data_parallel_workers"": 3, ""data_parallel_worker_gpus"": 1.0, ""data_parallel_visible_gpus"": ""0,1,2"", ""data_parallel_sync_level"": ""micro_batch"", ""data_parallel_micro_batch_size"": 200, ""gpu_list"": ""0,1,2"", ""enable_auto_pipeline_config"": false, ""pipeline_mode"": ""naive"", ""batch_training"": false, ""train_batch_size"": 32, ""batch_mode"": ""tbatch"", ""tgn_loss_mode"": ""all"", ""tgn_window_size"": 10.0, ""eval_frozen"": false, ""model"": ""jodie_rnn"", ""embedding_dim"": 32, ""memory_cell"": ""lstm"", ""time_proj"": ""off"", ""use_static_embeddings"": ""on"", ""normalize_state"": ""off"", ""event_agg"": ""none"", ""agg_activation"": ""none"", ""attn_type"": ""dot"", ""time_decay"": ""none"", ""max_neighbors"": 0, ""hidden_dim"": 0, ""memory_gate"": ""off"", ""enable_event_agg"": ""off"", ""enable_graph_update"": ""off"", ""message_mode"": ""peer"", ""msg_linear"": ""off""}"
39,coarse_pipeline,val,0.2460369441426324,0.2460369441426324,,0.2460369441426324,0.6603301650825413,337664,129.0444,jodie_rnn,"{""dataset"": ""public_csv"", ""dataset_dir"": ""data/public"", ""local_data_path"": ""data/public/mooc.csv"", ""train_ratio"": 0.7, ""val_ratio"": 0.1, ""max_events"": 20000, ""num_users"": 1435, ""num_items"": 21, ""num_interactions"": 3000, ""feature_dim"": 8, ""lr"": 0.001, ""neg_sample_size"": 5, ""k"": 10, ""selection_metric"": ""mrr"", ""device"": ""cuda"", ""seed"": 42, ""partition_size"": 5000, ""partition_strategy"": ""count"", ""num_pipeline_stages"": 1, ""pipeline_worker_gpus"": 1.0, ""pipeline_worker_cpus"": 1.0, ""pipeline_stage_train_workers"": ""3"", ""pipeline_stage_eval_workers"": """", ""stage_balance_strategy"": ""cost"", ""stage_balance_user_weight"": 0.25, ""stage_balance_item_weight"": 0.25, ""stage_balance_span_weight"": 0.0, ""ray_address"": """", ""pipeline_trace"": false, ""pipeline_trace_log_path"": ""outputs/comprehensive_comparison/seed_42/naive_overlap20/pipeline_trace_20260615_164538.log"", ""output_dir"": ""outputs/comprehensive_comparison/seed_42/naive_overlap20"", ""enable_efficiency_monitor"": false, ""efficiency_monitor_interval"": 10, ""data_parallel_workers"": 3, ""data_parallel_worker_gpus"": 1.0, ""data_parallel_visible_gpus"": ""0,1,2"", ""data_parallel_sync_level"": ""micro_batch"", ""data_parallel_micro_batch_size"": 200, ""gpu_list"": ""0,1,2"", ""enable_auto_pipeline_config"": false, ""pipeline_mode"": ""naive"", ""batch_training"": false, ""train_batch_size"": 32, ""batch_mode"": ""tbatch"", ""tgn_loss_mode"": ""all"", ""tgn_window_size"": 10.0, ""eval_frozen"": false, ""model"": ""jodie_rnn"", ""embedding_dim"": 128, ""memory_cell"": ""gru"", ""time_proj"": ""off"", ""use_static_embeddings"": ""off"", ""normalize_state"": ""on"", ""event_agg"": ""none"", ""agg_activation"": ""none"", ""attn_type"": ""dot"", ""time_decay"": ""none"", ""max_neighbors"": 0, ""hidden_dim"": 0, ""memory_gate"": ""off"", ""enable_event_agg"": ""off"", ""enable_graph_update"": ""off"", ""message_mode"": ""peer"", ""msg_linear"": ""off""}"
40,coarse_pipeline,val,0.24542995021492647,0.24542995021492647,,0.24542995021492647,0.6643321660830416,29888,131.1821,jodie_rnn,"{""dataset"": ""public_csv"", ""dataset_dir"": ""data/public"", ""local_data_path"": ""data/public/mooc.csv"", ""train_ratio"": 0.7, ""val_ratio"": 0.1, ""max_events"": 20000, ""num_users"": 1435, ""num_items"": 21, ""num_interactions"": 3000, ""feature_dim"": 8, ""lr"": 0.001, ""neg_sample_size"": 5, ""k"": 10, ""selection_metric"": ""mrr"", ""device"": ""cuda"", ""seed"": 42, ""partition_size"": 5000, ""partition_strategy"": ""count"", ""num_pipeline_stages"": 1, ""pipeline_worker_gpus"": 1.0, ""pipeline_worker_cpus"": 1.0, ""pipeline_stage_train_workers"": ""3"", ""pipeline_stage_eval_workers"": """", ""stage_balance_strategy"": ""cost"", ""stage_balance_user_weight"": 0.25, ""stage_balance_item_weight"": 0.25, ""stage_balance_span_weight"": 0.0, ""ray_address"": """", ""pipeline_trace"": false, ""pipeline_trace_log_path"": ""outputs/comprehensive_comparison/seed_42/naive_overlap20/pipeline_trace_20260615_164538.log"", ""output_dir"": ""outputs/comprehensive_comparison/seed_42/naive_overlap20"", ""enable_efficiency_monitor"": false, ""efficiency_monitor_interval"": 10, ""data_parallel_workers"": 3, ""data_parallel_worker_gpus"": 1.0, ""data_parallel_visible_gpus"": ""0,1,2"", ""data_parallel_sync_level"": ""micro_batch"", ""data_parallel_micro_batch_size"": 200, ""gpu_list"": ""0,1,2"", ""enable_auto_pipeline_config"": false, ""pipeline_mode"": ""naive"", ""batch_training"": false, ""train_batch_size"": 32, ""batch_mode"": ""tbatch"", ""tgn_loss_mode"": ""all"", ""tgn_window_size"": 10.0, ""eval_frozen"": false, ""model"": ""jodie_rnn"", ""embedding_dim"": 32, ""memory_cell"": ""lstm"", ""time_proj"": ""off"", ""use_static_embeddings"": ""off"", ""normalize_state"": ""on"", ""event_agg"": ""none"", ""agg_activation"": ""none"", ""attn_type"": ""dot"", ""time_decay"": ""none"", ""max_neighbors"": 0, ""hidden_dim"": 0, ""memory_gate"": ""off"", ""enable_event_agg"": ""off"", ""enable_graph_update"": ""off"", ""message_mode"": ""peer"", ""msg_linear"": ""off""}"
41,coarse_pipeline,val,0.23444882309107257,0.23444882309107257,,0.23444882309107257,0.6953476738369184,903936,118.5056,jodie_rnn,"{""dataset"": ""public_csv"", ""dataset_dir"": ""data/public"", ""local_data_path"": ""data/public/mooc.csv"", ""train_ratio"": 0.7, ""val_ratio"": 0.1, ""max_events"": 20000, ""num_users"": 1435, ""num_items"": 21, ""num_interactions"": 3000, ""feature_dim"": 8, ""lr"": 0.001, ""neg_sample_size"": 5, ""k"": 10, ""selection_metric"": ""mrr"", ""device"": ""cuda"", ""seed"": 42, ""partition_size"": 5000, ""partition_strategy"": ""count"", ""num_pipeline_stages"": 1, ""pipeline_worker_gpus"": 1.0, ""pipeline_worker_cpus"": 1.0, ""pipeline_stage_train_workers"": ""3"", ""pipeline_stage_eval_workers"": """", ""stage_balance_strategy"": ""cost"", ""stage_balance_user_weight"": 0.25, ""stage_balance_item_weight"": 0.25, ""stage_balance_span_weight"": 0.0, ""ray_address"": """", ""pipeline_trace"": false, ""pipeline_trace_log_path"": ""outputs/comprehensive_comparison/seed_42/naive_overlap20/pipeline_trace_20260615_164538.log"", ""output_dir"": ""outputs/comprehensive_comparison/seed_42/naive_overlap20"", ""enable_efficiency_monitor"": false, ""efficiency_monitor_interval"": 10, ""data_parallel_workers"": 3, ""data_parallel_worker_gpus"": 1.0, ""data_parallel_visible_gpus"": ""0,1,2"", ""data_parallel_sync_level"": ""micro_batch"", ""data_parallel_micro_batch_size"": 200, ""gpu_list"": ""0,1,2"", ""enable_auto_pipeline_config"": false, ""pipeline_mode"": ""naive"", ""batch_training"": false, ""train_batch_size"": 32, ""batch_mode"": ""tbatch"", ""tgn_loss_mode"": ""all"", ""tgn_window_size"": 10.0, ""eval_frozen"": false, ""model"": ""jodie_rnn"", ""embedding_dim"": 128, ""memory_cell"": ""lstm"", ""time_proj"": ""linear"", ""use_static_embeddings"": ""on"", ""normalize_state"": ""off"", ""event_agg"": ""none"", ""agg_activation"": ""none"", ""attn_type"": ""dot"", ""time_decay"": ""none"", ""max_neighbors"": 0, ""hidden_dim"": 0, ""memory_gate"": ""off"", ""enable_event_agg"": ""off"", ""enable_graph_update"": ""off"", ""message_mode"": ""peer"", ""msg_linear"": ""off""}"
42,coarse_pipeline,val,0.2309649165703535,0.2309649165703535,,0.2309649165703535,0.7108554277138569,113024,77.7938,jodie_rnn,"{""dataset"": ""public_csv"", ""dataset_dir"": ""data/public"", ""local_data_path"": ""data/public/mooc.csv"", ""train_ratio"": 0.7, ""val_ratio"": 0.1, ""max_events"": 20000, ""num_users"": 1435, ""num_items"": 21, ""num_interactions"": 3000, ""feature_dim"": 8, ""lr"": 0.001, ""neg_sample_size"": 5, ""k"": 10, ""selection_metric"": ""mrr"", ""device"": ""cuda"", ""seed"": 42, ""partition_size"": 5000, ""partition_strategy"": ""count"", ""num_pipeline_stages"": 1, ""pipeline_worker_gpus"": 1.0, ""pipeline_worker_cpus"": 1.0, ""pipeline_stage_train_workers"": ""3"", ""pipeline_stage_eval_workers"": """", ""stage_balance_strategy"": ""cost"", ""stage_balance_user_weight"": 0.25, ""stage_balance_item_weight"": 0.25, ""stage_balance_span_weight"": 0.0, ""ray_address"": """", ""pipeline_trace"": false, ""pipeline_trace_log_path"": ""outputs/comprehensive_comparison/seed_42/naive_overlap20/pipeline_trace_20260615_164538.log"", ""output_dir"": ""outputs/comprehensive_comparison/seed_42/naive_overlap20"", ""enable_efficiency_monitor"": false, ""efficiency_monitor_interval"": 10, ""data_parallel_workers"": 3, ""data_parallel_worker_gpus"": 1.0, ""data_parallel_visible_gpus"": ""0,1,2"", ""data_parallel_sync_level"": ""micro_batch"", ""data_parallel_micro_batch_size"": 200, ""gpu_list"": ""0,1,2"", ""enable_auto_pipeline_config"": false, ""pipeline_mode"": ""naive"", ""batch_training"": false, ""train_batch_size"": 32, ""batch_mode"": ""tbatch"", ""tgn_loss_mode"": ""all"", ""tgn_window_size"": 10.0, ""eval_frozen"": false, ""model"": ""jodie_rnn"", ""embedding_dim"": 64, ""memory_cell"": ""lstm"", ""time_proj"": ""linear"", ""use_static_embeddings"": ""off"", ""normalize_state"": ""off"", ""event_agg"": ""none"", ""agg_activation"": ""none"", ""attn_type"": ""dot"", ""time_decay"": ""none"", ""max_neighbors"": 0, ""hidden_dim"": 0, ""memory_gate"": ""off"", ""enable_event_agg"": ""off"", ""enable_graph_update"": ""off"", ""message_mode"": ""peer"", ""msg_linear"": ""off""}"
43,coarse_pipeline,val,0.22258011660284308,0.22258011660284308,,0.22258011660284308,0.6693346673336669,93888,137.4961,jodie_rnn,"{""dataset"": ""public_csv"", ""dataset_dir"": ""data/public"", ""local_data_path"": ""data/public/mooc.csv"", ""train_ratio"": 0.7, ""val_ratio"": 0.1, ""max_events"": 20000, ""num_users"": 1435, ""num_items"": 21, ""num_interactions"": 3000, ""feature_dim"": 8, ""lr"": 0.001, ""neg_sample_size"": 5, ""k"": 10, ""selection_metric"": ""mrr"", ""device"": ""cuda"", ""seed"": 42, ""partition_size"": 5000, ""partition_strategy"": ""count"", ""num_pipeline_stages"": 1, ""pipeline_worker_gpus"": 1.0, ""pipeline_worker_cpus"": 1.0, ""pipeline_stage_train_workers"": ""3"", ""pipeline_stage_eval_workers"": """", ""stage_balance_strategy"": ""cost"", ""stage_balance_user_weight"": 0.25, ""stage_balance_item_weight"": 0.25, ""stage_balance_span_weight"": 0.0, ""ray_address"": """", ""pipeline_trace"": false, ""pipeline_trace_log_path"": ""outputs/comprehensive_comparison/seed_42/naive_overlap20/pipeline_trace_20260615_164538.log"", ""output_dir"": ""outputs/comprehensive_comparison/seed_42/naive_overlap20"", ""enable_efficiency_monitor"": false, ""efficiency_monitor_interval"": 10, ""data_parallel_workers"": 3, ""data_parallel_worker_gpus"": 1.0, ""data_parallel_visible_gpus"": ""0,1,2"", ""data_parallel_sync_level"": ""micro_batch"", ""data_parallel_micro_batch_size"": 200, ""gpu_list"": ""0,1,2"", ""enable_auto_pipeline_config"": false, ""pipeline_mode"": ""naive"", ""batch_training"": false, ""train_batch_size"": 32, ""batch_mode"": ""tbatch"", ""tgn_loss_mode"": ""all"", ""tgn_window_size"": 10.0, ""eval_frozen"": false, ""model"": ""jodie_rnn"", ""embedding_dim"": 32, ""memory_cell"": ""lstm"", ""time_proj"": ""linear"", ""use_static_embeddings"": ""on"", ""normalize_state"": ""off"", ""event_agg"": ""none"", ""agg_activation"": ""none"", ""attn_type"": ""dot"", ""time_decay"": ""none"", ""max_neighbors"": 0, ""hidden_dim"": 0, ""memory_gate"": ""off"", ""enable_event_agg"": ""off"", ""enable_graph_update"": ""off"", ""message_mode"": ""peer"", ""msg_linear"": ""off""}"
44,coarse_pipeline,val,0.19819477514677541,0.19819477514677541,,0.19819477514677541,0.6718359179589795,29888,97.6511,jodie_rnn,"{""dataset"": ""public_csv"", ""dataset_dir"": ""data/public"", ""local_data_path"": ""data/public/mooc.csv"", ""train_ratio"": 0.7, ""val_ratio"": 0.1, ""max_events"": 20000, ""num_users"": 1435, ""num_items"": 21, ""num_interactions"": 3000, ""feature_dim"": 8, ""lr"": 0.001, ""neg_sample_size"": 5, ""k"": 10, ""selection_metric"": ""mrr"", ""device"": ""cuda"", ""seed"": 42, ""partition_size"": 5000, ""partition_strategy"": ""count"", ""num_pipeline_stages"": 1, ""pipeline_worker_gpus"": 1.0, ""pipeline_worker_cpus"": 1.0, ""pipeline_stage_train_workers"": ""3"", ""pipeline_stage_eval_workers"": """", ""stage_balance_strategy"": ""cost"", ""stage_balance_user_weight"": 0.25, ""stage_balance_item_weight"": 0.25, ""stage_balance_span_weight"": 0.0, ""ray_address"": """", ""pipeline_trace"": false, ""pipeline_trace_log_path"": ""outputs/comprehensive_comparison/seed_42/naive_overlap20/pipeline_trace_20260615_164538.log"", ""output_dir"": ""outputs/comprehensive_comparison/seed_42/naive_overlap20"", ""enable_efficiency_monitor"": false, ""efficiency_monitor_interval"": 10, ""data_parallel_workers"": 3, ""data_parallel_worker_gpus"": 1.0, ""data_parallel_visible_gpus"": ""0,1,2"", ""data_parallel_sync_level"": ""micro_batch"", ""data_parallel_micro_batch_size"": 200, ""gpu_list"": ""0,1,2"", ""enable_auto_pipeline_config"": false, ""pipeline_mode"": ""naive"", ""batch_training"": false, ""train_batch_size"": 32, ""batch_mode"": ""tbatch"", ""tgn_loss_mode"": ""all"", ""tgn_window_size"": 10.0, ""eval_frozen"": false, ""model"": ""jodie_rnn"", ""embedding_dim"": 32, ""memory_cell"": ""lstm"", ""time_proj"": ""linear"", ""use_static_embeddings"": ""off"", ""normalize_state"": ""off"", ""event_agg"": ""none"", ""agg_activation"": ""none"", ""attn_type"": ""dot"", ""time_decay"": ""none"", ""max_neighbors"": 0, ""hidden_dim"": 0, ""memory_gate"": ""off"", ""enable_event_agg"": ""off"", ""enable_graph_update"": ""off"", ""message_mode"": ""peer"", ""msg_linear"": ""off""}"
45,coarse_pipeline,val,0.12660258734946606,0.12660258734946606,,0.12660258734946606,0.29814907453726863,22976,129.263,jodie_rnn,"{""dataset"": ""public_csv"", ""dataset_dir"": ""data/public"", ""local_data_path"": ""data/public/mooc.csv"", ""train_ratio"": 0.7, ""val_ratio"": 0.1, ""max_events"": 20000, ""num_users"": 1435, ""num_items"": 21, ""num_interactions"": 3000, ""feature_dim"": 8, ""lr"": 0.001, ""neg_sample_size"": 5, ""k"": 10, ""selection_metric"": ""mrr"", ""device"": ""cuda"", ""seed"": 42, ""partition_size"": 5000, ""partition_strategy"": ""count"", ""num_pipeline_stages"": 1, ""pipeline_worker_gpus"": 1.0, ""pipeline_worker_cpus"": 1.0, ""pipeline_stage_train_workers"": ""3"", ""pipeline_stage_eval_workers"": """", ""stage_balance_strategy"": ""cost"", ""stage_balance_user_weight"": 0.25, ""stage_balance_item_weight"": 0.25, ""stage_balance_span_weight"": 0.0, ""ray_address"": """", ""pipeline_trace"": false, ""pipeline_trace_log_path"": ""outputs/comprehensive_comparison/seed_42/naive_overlap20/pipeline_trace_20260615_164538.log"", ""output_dir"": ""outputs/comprehensive_comparison/seed_42/naive_overlap20"", ""enable_efficiency_monitor"": false, ""efficiency_monitor_interval"": 10, ""data_parallel_workers"": 3, ""data_parallel_worker_gpus"": 1.0, ""data_parallel_visible_gpus"": ""0,1,2"", ""data_parallel_sync_level"": ""micro_batch"", ""data_parallel_micro_batch_size"": 200, ""gpu_list"": ""0,1,2"", ""enable_auto_pipeline_config"": false, ""pipeline_mode"": ""naive"", ""batch_training"": false, ""train_batch_size"": 32, ""batch_mode"": ""tbatch"", ""tgn_loss_mode"": ""all"", ""tgn_window_size"": 10.0, ""eval_frozen"": false, ""model"": ""jodie_rnn"", ""embedding_dim"": 32, ""memory_cell"": ""gru"", ""time_proj"": ""linear"", ""use_static_embeddings"": ""off"", ""normalize_state"": ""off"", ""event_agg"": ""none"", ""agg_activation"": ""none"", ""attn_type"": ""dot"", ""time_decay"": ""none"", ""max_neighbors"": 0, ""hidden_dim"": 0, ""memory_gate"": ""off"", ""enable_event_agg"": ""off"", ""enable_graph_update"": ""off"", ""message_mode"": ""peer"", ""msg_linear"": ""off""}"
46,coarse_pipeline,val,0.12660258734946606,0.12660258734946606,,0.12660258734946606,0.29814907453726863,82880,131.3448,jodie_rnn,"{""dataset"": ""public_csv"", ""dataset_dir"": ""data/public"", ""local_data_path"": ""data/public/mooc.csv"", ""train_ratio"": 0.7, ""val_ratio"": 0.1, ""max_events"": 20000, ""num_users"": 1435, ""num_items"": 21, ""num_interactions"": 3000, ""feature_dim"": 8, ""lr"": 0.001, ""neg_sample_size"": 5, ""k"": 10, ""selection_metric"": ""mrr"", ""device"": ""cuda"", ""seed"": 42, ""partition_size"": 5000, ""partition_strategy"": ""count"", ""num_pipeline_stages"": 1, ""pipeline_worker_gpus"": 1.0, ""pipeline_worker_cpus"": 1.0, ""pipeline_stage_train_workers"": ""3"", ""pipeline_stage_eval_workers"": """", ""stage_balance_strategy"": ""cost"", ""stage_balance_user_weight"": 0.25, ""stage_balance_item_weight"": 0.25, ""stage_balance_span_weight"": 0.0, ""ray_address"": """", ""pipeline_trace"": false, ""pipeline_trace_log_path"": ""outputs/comprehensive_comparison/seed_42/naive_overlap20/pipeline_trace_20260615_164538.log"", ""output_dir"": ""outputs/comprehensive_comparison/seed_42/naive_overlap20"", ""enable_efficiency_monitor"": false, ""efficiency_monitor_interval"": 10, ""data_parallel_workers"": 3, ""data_parallel_worker_gpus"": 1.0, ""data_parallel_visible_gpus"": ""0,1,2"", ""data_parallel_sync_level"": ""micro_batch"", ""data_parallel_micro_batch_size"": 200, ""gpu_list"": ""0,1,2"", ""enable_auto_pipeline_config"": false, ""pipeline_mode"": ""naive"", ""batch_training"": false, ""train_batch_size"": 32, ""batch_mode"": ""tbatch"", ""tgn_loss_mode"": ""all"", ""tgn_window_size"": 10.0, ""eval_frozen"": false, ""model"": ""jodie_rnn"", ""embedding_dim"": 32, ""memory_cell"": ""gru"", ""time_proj"": ""linear"", ""use_static_embeddings"": ""on"", ""normalize_state"": ""off"", ""event_agg"": ""none"", ""agg_activation"": ""none"", ""attn_type"": ""dot"", ""time_decay"": ""none"", ""max_neighbors"": 0, ""hidden_dim"": 0, ""memory_gate"": ""off"", ""enable_event_agg"": ""off"", ""enable_graph_update"": ""off"", ""message_mode"": ""peer"", ""msg_linear"": ""off""}"
47,coarse_pipeline,val,0.12660258734946606,0.12660258734946606,,0.12660258734946606,0.29814907453726863,86912,110.3497,jodie_rnn,"{""dataset"": ""public_csv"", ""dataset_dir"": ""data/public"", ""local_data_path"": ""data/public/mooc.csv"", ""train_ratio"": 0.7, ""val_ratio"": 0.1, ""max_events"": 20000, ""num_users"": 1435, ""num_items"": 21, ""num_interactions"": 3000, ""feature_dim"": 8, ""lr"": 0.001, ""neg_sample_size"": 5, ""k"": 10, ""selection_metric"": ""mrr"", ""device"": ""cuda"", ""seed"": 42, ""partition_size"": 5000, ""partition_strategy"": ""count"", ""num_pipeline_stages"": 1, ""pipeline_worker_gpus"": 1.0, ""pipeline_worker_cpus"": 1.0, ""pipeline_stage_train_workers"": ""3"", ""pipeline_stage_eval_workers"": """", ""stage_balance_strategy"": ""cost"", ""stage_balance_user_weight"": 0.25, ""stage_balance_item_weight"": 0.25, ""stage_balance_span_weight"": 0.0, ""ray_address"": """", ""pipeline_trace"": false, ""pipeline_trace_log_path"": ""outputs/comprehensive_comparison/seed_42/naive_overlap20/pipeline_trace_20260615_164538.log"", ""output_dir"": ""outputs/comprehensive_comparison/seed_42/naive_overlap20"", ""enable_efficiency_monitor"": false, ""efficiency_monitor_interval"": 10, ""data_parallel_workers"": 3, ""data_parallel_worker_gpus"": 1.0, ""data_parallel_visible_gpus"": ""0,1,2"", ""data_parallel_sync_level"": ""micro_batch"", ""data_parallel_micro_batch_size"": 200, ""gpu_list"": ""0,1,2"", ""enable_auto_pipeline_config"": false, ""pipeline_mode"": ""naive"", ""batch_training"": false, ""train_batch_size"": 32, ""batch_mode"": ""tbatch"", ""tgn_loss_mode"": ""all"", ""tgn_window_size"": 10.0, ""eval_frozen"": false, ""model"": ""jodie_rnn"", ""embedding_dim"": 64, ""memory_cell"": ""gru"", ""time_proj"": ""linear"", ""use_static_embeddings"": ""off"", ""normalize_state"": ""off"", ""event_agg"": ""none"", ""agg_activation"": ""none"", ""attn_type"": ""dot"", ""time_decay"": ""none"", ""max_neighbors"": 0, ""hidden_dim"": 0, ""memory_gate"": ""off"", ""enable_event_agg"": ""off"", ""enable_graph_update"": ""off"", ""message_mode"": ""peer"", ""msg_linear"": ""off""}"
48,coarse_pipeline,val,0.12660258734946606,0.12660258734946606,,0.12660258734946606,0.29814907453726863,233344,135.4284,jodie_rnn,"{""dataset"": ""public_csv"", ""dataset_dir"": ""data/public"", ""local_data_path"": ""data/public/mooc.csv"", ""train_ratio"": 0.7, ""val_ratio"": 0.1, ""max_events"": 20000, ""num_users"": 1435, ""num_items"": 21, ""num_interactions"": 3000, ""feature_dim"": 8, ""lr"": 0.001, ""neg_sample_size"": 5, ""k"": 10, ""selection_metric"": ""mrr"", ""device"": ""cuda"", ""seed"": 42, ""partition_size"": 5000, ""partition_strategy"": ""count"", ""num_pipeline_stages"": 1, ""pipeline_worker_gpus"": 1.0, ""pipeline_worker_cpus"": 1.0, ""pipeline_stage_train_workers"": ""3"", ""pipeline_stage_eval_workers"": """", ""stage_balance_strategy"": ""cost"", ""stage_balance_user_weight"": 0.25, ""stage_balance_item_weight"": 0.25, ""stage_balance_span_weight"": 0.0, ""ray_address"": """", ""pipeline_trace"": false, ""pipeline_trace_log_path"": ""outputs/comprehensive_comparison/seed_42/naive_overlap20/pipeline_trace_20260615_164538.log"", ""output_dir"": ""outputs/comprehensive_comparison/seed_42/naive_overlap20"", ""enable_efficiency_monitor"": false, ""efficiency_monitor_interval"": 10, ""data_parallel_workers"": 3, ""data_parallel_worker_gpus"": 1.0, ""data_parallel_visible_gpus"": ""0,1,2"", ""data_parallel_sync_level"": ""micro_batch"", ""data_parallel_micro_batch_size"": 200, ""gpu_list"": ""0,1,2"", ""enable_auto_pipeline_config"": false, ""pipeline_mode"": ""naive"", ""batch_training"": false, ""train_batch_size"": 32, ""batch_mode"": ""tbatch"", ""tgn_loss_mode"": ""all"", ""tgn_window_size"": 10.0, ""eval_frozen"": false, ""model"": ""jodie_rnn"", ""embedding_dim"": 64, ""memory_cell"": ""gru"", ""time_proj"": ""linear"", ""use_static_embeddings"": ""on"", ""normalize_state"": ""off"", ""event_agg"": ""none"", ""agg_activation"": ""none"", ""attn_type"": ""dot"", ""time_decay"": ""none"", ""max_neighbors"": 0, ""hidden_dim"": 0, ""memory_gate"": ""off"", ""enable_event_agg"": ""off"", ""enable_graph_update"": ""off"", ""message_mode"": ""peer"", ""msg_linear"": ""off""}"
49,coarse_pipeline,val,0.12660258734946606,0.12660258734946606,,0.12660258734946606,0.29814907453726863,337664,148.0857,jodie_rnn,"{""dataset"": ""public_csv"", ""dataset_dir"": ""data/public"", ""local_data_path"": ""data/public/mooc.csv"", ""train_ratio"": 0.7, ""val_ratio"": 0.1, ""max_events"": 20000, ""num_users"": 1435, ""num_items"": 21, ""num_interactions"": 3000, ""feature_dim"": 8, ""lr"": 0.001, ""neg_sample_size"": 5, ""k"": 10, ""selection_metric"": ""mrr"", ""device"": ""cuda"", ""seed"": 42, ""partition_size"": 5000, ""partition_strategy"": ""count"", ""num_pipeline_stages"": 1, ""pipeline_worker_gpus"": 1.0, ""pipeline_worker_cpus"": 1.0, ""pipeline_stage_train_workers"": ""3"", ""pipeline_stage_eval_workers"": """", ""stage_balance_strategy"": ""cost"", ""stage_balance_user_weight"": 0.25, ""stage_balance_item_weight"": 0.25, ""stage_balance_span_weight"": 0.0, ""ray_address"": """", ""pipeline_trace"": false, ""pipeline_trace_log_path"": ""outputs/comprehensive_comparison/seed_42/naive_overlap20/pipeline_trace_20260615_164538.log"", ""output_dir"": ""outputs/comprehensive_comparison/seed_42/naive_overlap20"", ""enable_efficiency_monitor"": false, ""efficiency_monitor_interval"": 10, ""data_parallel_workers"": 3, ""data_parallel_worker_gpus"": 1.0, ""data_parallel_visible_gpus"": ""0,1,2"", ""data_parallel_sync_level"": ""micro_batch"", ""data_parallel_micro_batch_size"": 200, ""gpu_list"": ""0,1,2"", ""enable_auto_pipeline_config"": false, ""pipeline_mode"": ""naive"", ""batch_training"": false, ""train_batch_size"": 32, ""batch_mode"": ""tbatch"", ""tgn_loss_mode"": ""all"", ""tgn_window_size"": 10.0, ""eval_frozen"": false, ""model"": ""jodie_rnn"", ""embedding_dim"": 128, ""memory_cell"": ""gru"", ""time_proj"": ""linear"", ""use_static_embeddings"": ""off"", ""normalize_state"": ""off"", ""event_agg"": ""none"", ""agg_activation"": ""none"", ""attn_type"": ""dot"", ""time_decay"": ""none"", ""max_neighbors"": 0, ""hidden_dim"": 0, ""memory_gate"": ""off"", ""enable_event_agg"": ""off"", ""enable_graph_update"": ""off"", ""message_mode"": ""peer"", ""msg_linear"": ""off""}"
50,coarse_pipeline,val,0.12660258734946606,0.12660258734946606,,0.12660258734946606,0.29814907453726863,737024,156.2882,jodie_rnn,"{""dataset"": ""public_csv"", ""dataset_dir"": ""data/public"", ""local_data_path"": ""data/public/mooc.csv"", ""train_ratio"": 0.7, ""val_ratio"": 0.1, ""max_events"": 20000, ""num_users"": 1435, ""num_items"": 21, ""num_interactions"": 3000, ""feature_dim"": 8, ""lr"": 0.001, ""neg_sample_size"": 5, ""k"": 10, ""selection_metric"": ""mrr"", ""device"": ""cuda"", ""seed"": 42, ""partition_size"": 5000, ""partition_strategy"": ""count"", ""num_pipeline_stages"": 1, ""pipeline_worker_gpus"": 1.0, ""pipeline_worker_cpus"": 1.0, ""pipeline_stage_train_workers"": ""3"", ""pipeline_stage_eval_workers"": """", ""stage_balance_strategy"": ""cost"", ""stage_balance_user_weight"": 0.25, ""stage_balance_item_weight"": 0.25, ""stage_balance_span_weight"": 0.0, ""ray_address"": """", ""pipeline_trace"": false, ""pipeline_trace_log_path"": ""outputs/comprehensive_comparison/seed_42/naive_overlap20/pipeline_trace_20260615_164538.log"", ""output_dir"": ""outputs/comprehensive_comparison/seed_42/naive_overlap20"", ""enable_efficiency_monitor"": false, ""efficiency_monitor_interval"": 10, ""data_parallel_workers"": 3, ""data_parallel_worker_gpus"": 1.0, ""data_parallel_visible_gpus"": ""0,1,2"", ""data_parallel_sync_level"": ""micro_batch"", ""data_parallel_micro_batch_size"": 200, ""gpu_list"": ""0,1,2"", ""enable_auto_pipeline_config"": false, ""pipeline_mode"": ""naive"", ""batch_training"": false, ""train_batch_size"": 32, ""batch_mode"": ""tbatch"", ""tgn_loss_mode"": ""all"", ""tgn_window_size"": 10.0, ""eval_frozen"": false, ""model"": ""jodie_rnn"", ""embedding_dim"": 128, ""memory_cell"": ""gru"", ""time_proj"": ""linear"", ""use_static_embeddings"": ""on"", ""normalize_state"": ""off"", ""event_agg"": ""none"", ""agg_activation"": ""none"", ""attn_type"": ""dot"", ""time_decay"": ""none"", ""max_neighbors"": 0, ""hidden_dim"": 0, ""memory_gate"": ""off"", ""enable_event_agg"": ""off"", ""enable_graph_update"": ""off"", ""message_mode"": ""peer"", ""msg_linear"": ""off""}"
