# pipeline trace log
# created_at=2026-05-18 19:10:35
[pipeline-trace] wall=19:10:50 elapsed=1.258s phase=train event=interaction_progress trial=0 partition=0 processed=1 total=14000 metric=ce epoch=1/1
[pipeline-trace] wall=19:10:52 elapsed=3.505s phase=train event=interaction_progress trial=0 partition=0 processed=100 total=14000 metric=ce epoch=1/1
[pipeline-trace] wall=19:10:53 elapsed=2.682s phase=train event=interaction_progress trial=1 partition=0 processed=1 total=14000 metric=ce epoch=1/1
[pipeline-trace] wall=19:10:53 elapsed=4.719s phase=train event=interaction_progress trial=0 partition=0 processed=200 total=14000 metric=ce epoch=1/1
[pipeline-trace] wall=19:10:54 elapsed=3.265s phase=train event=interaction_progress trial=1 partition=0 processed=100 total=14000 metric=ce epoch=1/1
[pipeline-trace] wall=19:10:54 elapsed=3.566s phase=train event=interaction_progress trial=1 partition=0 processed=200 total=14000 metric=ce epoch=1/1
[pipeline-trace] wall=19:10:54 elapsed=3.916s phase=train event=interaction_progress trial=1 partition=0 processed=300 total=14000 metric=ce epoch=1/1
[pipeline-trace] wall=19:10:55 elapsed=5.947s phase=train event=interaction_progress trial=0 partition=0 processed=300 total=14000 metric=ce epoch=1/1
[pipeline-trace] wall=19:10:55 elapsed=4.281s phase=train event=interaction_progress trial=1 partition=0 processed=400 total=14000 metric=ce epoch=1/1
[pipeline-trace] wall=19:10:55 elapsed=4.683s phase=train event=interaction_progress trial=1 partition=0 processed=500 total=14000 metric=ce epoch=1/1
[pipeline-trace] wall=19:10:55 elapsed=4.991s phase=train event=interaction_progress trial=1 partition=0 processed=600 total=14000 metric=ce epoch=1/1
[pipeline-trace] wall=19:10:56 elapsed=7.150s phase=train event=interaction_progress trial=0 partition=0 processed=400 total=14000 metric=ce epoch=1/1
[pipeline-trace] wall=19:10:56 elapsed=5.330s phase=train event=interaction_progress trial=1 partition=0 processed=700 total=14000 metric=ce epoch=1/1
[pipeline-trace] wall=19:10:56 elapsed=5.673s phase=train event=interaction_progress trial=1 partition=0 processed=800 total=14000 metric=ce epoch=1/1
[pipeline-trace] wall=19:10:56 elapsed=6.073s phase=train event=interaction_progress trial=1 partition=0 processed=900 total=14000 metric=ce epoch=1/1
[pipeline-trace] wall=19:10:57 elapsed=6.407s phase=train event=interaction_progress trial=1 partition=0 processed=1000 total=14000 metric=ce epoch=1/1
[pipeline-trace] wall=19:10:57 elapsed=8.388s phase=train event=interaction_progress trial=0 partition=0 processed=500 total=14000 metric=ce epoch=1/1
[pipeline-trace] wall=19:10:57 elapsed=6.795s phase=train event=interaction_progress trial=1 partition=0 processed=1100 total=14000 metric=ce epoch=1/1
[pipeline-trace] wall=19:10:58 elapsed=7.208s phase=train event=interaction_progress trial=1 partition=0 processed=1200 total=14000 metric=ce epoch=1/1
[pipeline-trace] wall=19:10:58 elapsed=7.563s phase=train event=interaction_progress trial=1 partition=0 processed=1300 total=14000 metric=ce epoch=1/1
[pipeline-trace] wall=19:10:58 elapsed=7.850s phase=train event=interaction_progress trial=1 partition=0 processed=1400 total=14000 metric=ce epoch=1/1
[pipeline-trace] wall=19:10:58 elapsed=9.772s phase=train event=interaction_progress trial=0 partition=0 processed=600 total=14000 metric=ce epoch=1/1
[pipeline-trace] wall=19:10:59 elapsed=8.120s phase=train event=interaction_progress trial=1 partition=0 processed=1500 total=14000 metric=ce epoch=1/1
[pipeline-trace] wall=19:10:59 elapsed=8.394s phase=train event=interaction_progress trial=1 partition=0 processed=1600 total=14000 metric=ce epoch=1/1
[pipeline-trace] wall=19:10:59 elapsed=8.668s phase=train event=interaction_progress trial=1 partition=0 processed=1700 total=14000 metric=ce epoch=1/1
[pipeline-trace] wall=19:10:59 elapsed=8.946s phase=train event=interaction_progress trial=1 partition=0 processed=1800 total=14000 metric=ce epoch=1/1
[pipeline-trace] wall=19:11:00 elapsed=10.951s phase=train event=interaction_progress trial=0 partition=0 processed=700 total=14000 metric=ce epoch=1/1
[pipeline-trace] wall=19:11:00 elapsed=9.230s phase=train event=interaction_progress trial=1 partition=0 processed=1900 total=14000 metric=ce epoch=1/1
[pipeline-trace] wall=19:11:00 elapsed=9.465s phase=train event=interaction_progress trial=1 partition=0 processed=2000 total=14000 metric=ce epoch=1/1
[pipeline-trace] wall=19:11:00 elapsed=9.713s phase=train event=interaction_progress trial=1 partition=0 processed=2100 total=14000 metric=ce epoch=1/1
[pipeline-trace] wall=19:11:00 elapsed=9.908s phase=train event=interaction_progress trial=1 partition=0 processed=2200 total=14000 metric=ce epoch=1/1
[pipeline-trace] wall=19:11:01 elapsed=10.140s phase=train event=interaction_progress trial=1 partition=0 processed=2300 total=14000 metric=ce epoch=1/1
[pipeline-trace] wall=19:11:01 elapsed=12.157s phase=train event=interaction_progress trial=0 partition=0 processed=800 total=14000 metric=ce epoch=1/1
[pipeline-trace] wall=19:11:01 elapsed=10.409s phase=train event=interaction_progress trial=1 partition=0 processed=2400 total=14000 metric=ce epoch=1/1
[pipeline-trace] wall=19:11:01 elapsed=10.697s phase=train event=interaction_progress trial=1 partition=0 processed=2500 total=14000 metric=ce epoch=1/1
[pipeline-trace] wall=19:11:01 elapsed=10.974s phase=train event=interaction_progress trial=1 partition=0 processed=2600 total=14000 metric=ce epoch=1/1
[pipeline-trace] wall=19:11:02 elapsed=11.253s phase=train event=interaction_progress trial=1 partition=0 processed=2700 total=14000 metric=ce epoch=1/1
[pipeline-trace] wall=19:11:02 elapsed=11.439s phase=train event=interaction_progress trial=1 partition=0 processed=2800 total=14000 metric=ce epoch=1/1
[pipeline-trace] wall=19:11:02 elapsed=13.279s phase=train event=interaction_progress trial=0 partition=0 processed=900 total=14000 metric=ce epoch=1/1
[pipeline-trace] wall=19:11:02 elapsed=11.663s phase=train event=interaction_progress trial=1 partition=0 processed=2900 total=14000 metric=ce epoch=1/1
[pipeline-trace] wall=19:11:02 elapsed=11.864s phase=train event=interaction_progress trial=1 partition=0 processed=3000 total=14000 metric=ce epoch=1/1
[pipeline-trace] wall=19:11:02 elapsed=12.066s phase=train event=interaction_progress trial=1 partition=0 processed=3100 total=14000 metric=ce epoch=1/1
[pipeline-trace] wall=19:11:03 elapsed=12.273s phase=train event=interaction_progress trial=1 partition=0 processed=3200 total=14000 metric=ce epoch=1/1
[pipeline-trace] wall=19:11:03 elapsed=12.476s phase=train event=interaction_progress trial=1 partition=0 processed=3300 total=14000 metric=ce epoch=1/1
[pipeline-trace] wall=19:11:03 elapsed=14.437s phase=train event=interaction_progress trial=0 partition=0 processed=1000 total=14000 metric=ce epoch=1/1
[pipeline-trace] wall=19:11:03 elapsed=12.684s phase=train event=interaction_progress trial=1 partition=0 processed=3400 total=14000 metric=ce epoch=1/1
[pipeline-trace] wall=19:11:03 elapsed=12.895s phase=train event=interaction_progress trial=1 partition=0 processed=3500 total=14000 metric=ce epoch=1/1
[pipeline-trace] wall=19:11:04 elapsed=13.110s phase=train event=interaction_progress trial=1 partition=0 processed=3600 total=14000 metric=ce epoch=1/1
[pipeline-trace] wall=19:11:04 elapsed=13.315s phase=train event=interaction_progress trial=1 partition=0 processed=3700 total=14000 metric=ce epoch=1/1
[pipeline-trace] wall=19:11:04 elapsed=13.523s phase=train event=interaction_progress trial=1 partition=0 processed=3800 total=14000 metric=ce epoch=1/1
[pipeline-trace] wall=19:11:04 elapsed=13.722s phase=train event=interaction_progress trial=1 partition=0 processed=3900 total=14000 metric=ce epoch=1/1
[pipeline-trace] wall=19:11:04 elapsed=15.650s phase=train event=interaction_progress trial=0 partition=0 processed=1100 total=14000 metric=ce epoch=1/1
[pipeline-trace] wall=19:11:04 elapsed=13.930s phase=train event=interaction_progress trial=1 partition=0 processed=4000 total=14000 metric=ce epoch=1/1
[pipeline-trace] wall=19:11:05 elapsed=14.135s phase=train event=interaction_progress trial=1 partition=0 processed=4100 total=14000 metric=ce epoch=1/1
[pipeline-trace] wall=19:11:05 elapsed=14.342s phase=train event=interaction_progress trial=1 partition=0 processed=4200 total=14000 metric=ce epoch=1/1
[pipeline-trace] wall=19:11:05 elapsed=14.547s phase=train event=interaction_progress trial=1 partition=0 processed=4300 total=14000 metric=ce epoch=1/1
[pipeline-trace] wall=19:11:05 elapsed=14.804s phase=train event=interaction_progress trial=1 partition=0 processed=4400 total=14000 metric=ce epoch=1/1
[pipeline-trace] wall=19:11:05 elapsed=16.665s phase=train event=interaction_progress trial=0 partition=0 processed=1200 total=14000 metric=ce epoch=1/1
[pipeline-trace] wall=19:11:05 elapsed=15.034s phase=train event=interaction_progress trial=1 partition=0 processed=4500 total=14000 metric=ce epoch=1/1
[pipeline-trace] wall=19:11:06 elapsed=16.940s phase=train event=interaction_progress trial=0 partition=0 processed=1300 total=14000 metric=ce epoch=1/1
[pipeline-trace] wall=19:11:06 elapsed=15.265s phase=train event=interaction_progress trial=1 partition=0 processed=4600 total=14000 metric=ce epoch=1/1
[pipeline-trace] wall=19:11:06 elapsed=17.213s phase=train event=interaction_progress trial=0 partition=0 processed=1400 total=14000 metric=ce epoch=1/1
[pipeline-trace] wall=19:11:06 elapsed=15.467s phase=train event=interaction_progress trial=1 partition=0 processed=4700 total=14000 metric=ce epoch=1/1
[pipeline-trace] wall=19:11:06 elapsed=15.677s phase=train event=interaction_progress trial=1 partition=0 processed=4800 total=14000 metric=ce epoch=1/1
[pipeline-trace] wall=19:11:06 elapsed=17.510s phase=train event=interaction_progress trial=0 partition=0 processed=1500 total=14000 metric=ce epoch=1/1
[pipeline-trace] wall=19:11:06 elapsed=15.885s phase=train event=interaction_progress trial=1 partition=0 processed=4900 total=14000 metric=ce epoch=1/1
[pipeline-trace] wall=19:11:07 elapsed=16.088s phase=train event=interaction_progress trial=1 partition=0 processed=5000 total=14000 metric=ce epoch=1/1
[pipeline-trace] wall=19:11:07 elapsed=16.365s phase=train event=interaction_progress trial=1 partition=0 processed=5100 total=14000 metric=ce epoch=1/1
[pipeline-trace] wall=19:11:07 elapsed=18.209s phase=train event=interaction_progress trial=0 partition=0 processed=1600 total=14000 metric=ce epoch=1/1
[pipeline-trace] wall=19:11:07 elapsed=16.575s phase=train event=interaction_progress trial=1 partition=0 processed=5200 total=14000 metric=ce epoch=1/1
[pipeline-trace] wall=19:11:07 elapsed=16.784s phase=train event=interaction_progress trial=1 partition=0 processed=5300 total=14000 metric=ce epoch=1/1
[pipeline-trace] wall=19:11:07 elapsed=18.679s phase=train event=interaction_progress trial=0 partition=0 processed=1700 total=14000 metric=ce epoch=1/1
[pipeline-trace] wall=19:11:07 elapsed=17.011s phase=train event=interaction_progress trial=1 partition=0 processed=5400 total=14000 metric=ce epoch=1/1
[pipeline-trace] wall=19:11:08 elapsed=18.969s phase=train event=interaction_progress trial=0 partition=0 processed=1800 total=14000 metric=ce epoch=1/1
[pipeline-trace] wall=19:11:08 elapsed=17.259s phase=train event=interaction_progress trial=1 partition=0 processed=5500 total=14000 metric=ce epoch=1/1
[pipeline-trace] wall=19:11:08 elapsed=19.258s phase=train event=interaction_progress trial=0 partition=0 processed=1900 total=14000 metric=ce epoch=1/1
[pipeline-trace] wall=19:11:08 elapsed=17.502s phase=train event=interaction_progress trial=1 partition=0 processed=5600 total=14000 metric=ce epoch=1/1
[pipeline-trace] wall=19:11:08 elapsed=19.506s phase=train event=interaction_progress trial=0 partition=0 processed=2000 total=14000 metric=ce epoch=1/1
[pipeline-trace] wall=19:11:08 elapsed=17.723s phase=train event=interaction_progress trial=1 partition=0 processed=5700 total=14000 metric=ce epoch=1/1
[pipeline-trace] wall=19:11:08 elapsed=19.745s phase=train event=interaction_progress trial=0 partition=0 processed=2100 total=14000 metric=ce epoch=1/1
[pipeline-trace] wall=19:11:08 elapsed=17.991s phase=train event=interaction_progress trial=1 partition=0 processed=5800 total=14000 metric=ce epoch=1/1
[pipeline-trace] wall=19:11:09 elapsed=20.041s phase=train event=interaction_progress trial=0 partition=0 processed=2200 total=14000 metric=ce epoch=1/1
[pipeline-trace] wall=19:11:09 elapsed=18.220s phase=train event=interaction_progress trial=1 partition=0 processed=5900 total=14000 metric=ce epoch=1/1
[pipeline-trace] wall=19:11:09 elapsed=18.481s phase=train event=interaction_progress trial=1 partition=0 processed=6000 total=14000 metric=ce epoch=1/1
[pipeline-trace] wall=19:11:09 elapsed=18.778s phase=train event=interaction_progress trial=1 partition=0 processed=6100 total=14000 metric=ce epoch=1/1
[pipeline-trace] wall=19:11:09 elapsed=20.769s phase=train event=interaction_progress trial=0 partition=0 processed=2300 total=14000 metric=ce epoch=1/1
[pipeline-trace] wall=19:11:09 elapsed=19.049s phase=train event=interaction_progress trial=1 partition=0 processed=6200 total=14000 metric=ce epoch=1/1
[pipeline-trace] wall=19:11:10 elapsed=19.266s phase=train event=interaction_progress trial=1 partition=0 processed=6300 total=14000 metric=ce epoch=1/1
[pipeline-trace] wall=19:11:10 elapsed=19.512s phase=train event=interaction_progress trial=1 partition=0 processed=6400 total=14000 metric=ce epoch=1/1
[pipeline-trace] wall=19:11:10 elapsed=19.749s phase=train event=interaction_progress trial=1 partition=0 processed=6500 total=14000 metric=ce epoch=1/1
[pipeline-trace] wall=19:11:10 elapsed=19.997s phase=train event=interaction_progress trial=1 partition=0 processed=6600 total=14000 metric=ce epoch=1/1
[pipeline-trace] wall=19:11:11 elapsed=21.917s phase=train event=interaction_progress trial=0 partition=0 processed=2400 total=14000 metric=ce epoch=1/1
[pipeline-trace] wall=19:11:11 elapsed=20.238s phase=train event=interaction_progress trial=1 partition=0 processed=6700 total=14000 metric=ce epoch=1/1
[pipeline-trace] wall=19:11:11 elapsed=20.474s phase=train event=interaction_progress trial=1 partition=0 processed=6800 total=14000 metric=ce epoch=1/1
[pipeline-trace] wall=19:11:11 elapsed=20.716s phase=train event=interaction_progress trial=1 partition=0 processed=6900 total=14000 metric=ce epoch=1/1
[pipeline-trace] wall=19:11:11 elapsed=20.964s phase=train event=interaction_progress trial=1 partition=0 processed=7000 total=14000 metric=ce epoch=1/1
[pipeline-trace] wall=19:11:12 elapsed=21.248s phase=train event=interaction_progress trial=1 partition=0 processed=7100 total=14000 metric=ce epoch=1/1
[pipeline-trace] wall=19:11:12 elapsed=23.100s phase=train event=interaction_progress trial=0 partition=0 processed=2500 total=14000 metric=ce epoch=1/1
[pipeline-trace] wall=19:11:12 elapsed=21.534s phase=train event=interaction_progress trial=1 partition=0 processed=7200 total=14000 metric=ce epoch=1/1
[pipeline-trace] wall=19:11:12 elapsed=21.820s phase=train event=interaction_progress trial=1 partition=0 processed=7300 total=14000 metric=ce epoch=1/1
[pipeline-trace] wall=19:11:13 elapsed=22.107s phase=train event=interaction_progress trial=1 partition=0 processed=7400 total=14000 metric=ce epoch=1/1
[pipeline-trace] wall=19:11:13 elapsed=22.396s phase=train event=interaction_progress trial=1 partition=0 processed=7500 total=14000 metric=ce epoch=1/1
[pipeline-trace] wall=19:11:13 elapsed=24.264s phase=train event=interaction_progress trial=0 partition=0 processed=2600 total=14000 metric=ce epoch=1/1
[pipeline-trace] wall=19:11:13 elapsed=22.672s phase=train event=interaction_progress trial=1 partition=0 processed=7600 total=14000 metric=ce epoch=1/1
[pipeline-trace] wall=19:11:13 elapsed=22.927s phase=train event=interaction_progress trial=1 partition=0 processed=7700 total=14000 metric=ce epoch=1/1
[pipeline-trace] wall=19:11:14 elapsed=23.182s phase=train event=interaction_progress trial=1 partition=0 processed=7800 total=14000 metric=ce epoch=1/1
[pipeline-trace] wall=19:11:14 elapsed=23.428s phase=train event=interaction_progress trial=1 partition=0 processed=7900 total=14000 metric=ce epoch=1/1
[pipeline-trace] wall=19:11:14 elapsed=25.478s phase=train event=interaction_progress trial=0 partition=0 processed=2700 total=14000 metric=ce epoch=1/1
[pipeline-trace] wall=19:11:14 elapsed=23.668s phase=train event=interaction_progress trial=1 partition=0 processed=8000 total=14000 metric=ce epoch=1/1
[pipeline-trace] wall=19:11:14 elapsed=23.907s phase=train event=interaction_progress trial=1 partition=0 processed=8100 total=14000 metric=ce epoch=1/1
[pipeline-trace] wall=19:11:15 elapsed=24.136s phase=train event=interaction_progress trial=1 partition=0 processed=8200 total=14000 metric=ce epoch=1/1
[pipeline-trace] wall=19:11:15 elapsed=24.377s phase=train event=interaction_progress trial=1 partition=0 processed=8300 total=14000 metric=ce epoch=1/1
[pipeline-trace] wall=19:11:15 elapsed=24.619s phase=train event=interaction_progress trial=1 partition=0 processed=8400 total=14000 metric=ce epoch=1/1
[pipeline-trace] wall=19:11:15 elapsed=26.630s phase=train event=interaction_progress trial=0 partition=0 processed=2800 total=14000 metric=ce epoch=1/1
[pipeline-trace] wall=19:11:15 elapsed=24.859s phase=train event=interaction_progress trial=1 partition=0 processed=8500 total=14000 metric=ce epoch=1/1
[pipeline-trace] wall=19:11:16 elapsed=25.104s phase=train event=interaction_progress trial=1 partition=0 processed=8600 total=14000 metric=ce epoch=1/1
[pipeline-trace] wall=19:11:16 elapsed=25.353s phase=train event=interaction_progress trial=1 partition=0 processed=8700 total=14000 metric=ce epoch=1/1
[pipeline-trace] wall=19:11:16 elapsed=25.579s phase=train event=interaction_progress trial=1 partition=0 processed=8800 total=14000 metric=ce epoch=1/1
[pipeline-trace] wall=19:11:16 elapsed=25.813s phase=train event=interaction_progress trial=1 partition=0 processed=8900 total=14000 metric=ce epoch=1/1
[pipeline-trace] wall=19:11:16 elapsed=27.813s phase=train event=interaction_progress trial=0 partition=0 processed=2900 total=14000 metric=ce epoch=1/1
[pipeline-trace] wall=19:11:16 elapsed=26.058s phase=train event=interaction_progress trial=1 partition=0 processed=9000 total=14000 metric=ce epoch=1/1
[pipeline-trace] wall=19:11:17 elapsed=26.297s phase=train event=interaction_progress trial=1 partition=0 processed=9100 total=14000 metric=ce epoch=1/1
[pipeline-trace] wall=19:11:17 elapsed=26.540s phase=train event=interaction_progress trial=1 partition=0 processed=9200 total=14000 metric=ce epoch=1/1
[pipeline-trace] wall=19:11:17 elapsed=26.786s phase=train event=interaction_progress trial=1 partition=0 processed=9300 total=14000 metric=ce epoch=1/1
[pipeline-trace] wall=19:11:17 elapsed=27.037s phase=train event=interaction_progress trial=1 partition=0 processed=9400 total=14000 metric=ce epoch=1/1
[pipeline-trace] wall=19:11:18 elapsed=29.001s phase=train event=interaction_progress trial=0 partition=0 processed=3000 total=14000 metric=ce epoch=1/1
[pipeline-trace] wall=19:11:18 elapsed=27.292s phase=train event=interaction_progress trial=1 partition=0 processed=9500 total=14000 metric=ce epoch=1/1
[pipeline-trace] wall=19:11:18 elapsed=27.552s phase=train event=interaction_progress trial=1 partition=0 processed=9600 total=14000 metric=ce epoch=1/1
[pipeline-trace] wall=19:11:18 elapsed=27.806s phase=train event=interaction_progress trial=1 partition=0 processed=9700 total=14000 metric=ce epoch=1/1
[pipeline-trace] wall=19:11:18 elapsed=28.057s phase=train event=interaction_progress trial=1 partition=0 processed=9800 total=14000 metric=ce epoch=1/1
[pipeline-trace] wall=19:11:19 elapsed=28.300s phase=train event=interaction_progress trial=1 partition=0 processed=9900 total=14000 metric=ce epoch=1/1
[pipeline-trace] wall=19:11:19 elapsed=30.137s phase=train event=interaction_progress trial=0 partition=0 processed=3100 total=14000 metric=ce epoch=1/1
[pipeline-trace] wall=19:11:19 elapsed=28.550s phase=train event=interaction_progress trial=1 partition=0 processed=10000 total=14000 metric=ce epoch=1/1
[pipeline-trace] wall=19:11:19 elapsed=28.803s phase=train event=interaction_progress trial=1 partition=0 processed=10100 total=14000 metric=ce epoch=1/1
[pipeline-trace] wall=19:11:19 elapsed=29.063s phase=train event=interaction_progress trial=1 partition=0 processed=10200 total=14000 metric=ce epoch=1/1
[pipeline-trace] wall=19:11:20 elapsed=29.321s phase=train event=interaction_progress trial=1 partition=0 processed=10300 total=14000 metric=ce epoch=1/1
[pipeline-trace] wall=19:11:20 elapsed=31.332s phase=train event=interaction_progress trial=0 partition=0 processed=3200 total=14000 metric=ce epoch=1/1
[pipeline-trace] wall=19:11:20 elapsed=29.573s phase=train event=interaction_progress trial=1 partition=0 processed=10400 total=14000 metric=ce epoch=1/1
[pipeline-trace] wall=19:11:20 elapsed=29.817s phase=train event=interaction_progress trial=1 partition=0 processed=10500 total=14000 metric=ce epoch=1/1
[pipeline-trace] wall=19:11:20 elapsed=30.068s phase=train event=interaction_progress trial=1 partition=0 processed=10600 total=14000 metric=ce epoch=1/1
[pipeline-trace] wall=19:11:21 elapsed=30.330s phase=train event=interaction_progress trial=1 partition=0 processed=10700 total=14000 metric=ce epoch=1/1
[pipeline-trace] wall=19:11:21 elapsed=30.549s phase=train event=interaction_progress trial=1 partition=0 processed=10800 total=14000 metric=ce epoch=1/1
[pipeline-trace] wall=19:11:21 elapsed=32.518s phase=train event=interaction_progress trial=0 partition=0 processed=3300 total=14000 metric=ce epoch=1/1
[pipeline-trace] wall=19:11:21 elapsed=30.769s phase=train event=interaction_progress trial=1 partition=0 processed=10900 total=14000 metric=ce epoch=1/1
[pipeline-trace] wall=19:11:21 elapsed=30.988s phase=train event=interaction_progress trial=1 partition=0 processed=11000 total=14000 metric=ce epoch=1/1
[pipeline-trace] wall=19:11:22 elapsed=31.200s phase=train event=interaction_progress trial=1 partition=0 processed=11100 total=14000 metric=ce epoch=1/1
[pipeline-trace] wall=19:11:22 elapsed=31.416s phase=train event=interaction_progress trial=1 partition=0 processed=11200 total=14000 metric=ce epoch=1/1
[pipeline-trace] wall=19:11:22 elapsed=31.666s phase=train event=interaction_progress trial=1 partition=0 processed=11300 total=14000 metric=ce epoch=1/1
[pipeline-trace] wall=19:11:22 elapsed=33.650s phase=train event=interaction_progress trial=0 partition=0 processed=3400 total=14000 metric=ce epoch=1/1
[pipeline-trace] wall=19:11:22 elapsed=31.908s phase=train event=interaction_progress trial=1 partition=0 processed=11400 total=14000 metric=ce epoch=1/1
[pipeline-trace] wall=19:11:23 elapsed=32.174s phase=train event=interaction_progress trial=1 partition=0 processed=11500 total=14000 metric=ce epoch=1/1
[pipeline-trace] wall=19:11:23 elapsed=32.411s phase=train event=interaction_progress trial=1 partition=0 processed=11600 total=14000 metric=ce epoch=1/1
[pipeline-trace] wall=19:11:23 elapsed=32.681s phase=train event=interaction_progress trial=1 partition=0 processed=11700 total=14000 metric=ce epoch=1/1
[pipeline-trace] wall=19:11:23 elapsed=32.936s phase=train event=interaction_progress trial=1 partition=0 processed=11800 total=14000 metric=ce epoch=1/1
[pipeline-trace] wall=19:11:23 elapsed=34.832s phase=train event=interaction_progress trial=0 partition=0 processed=3500 total=14000 metric=ce epoch=1/1
[pipeline-trace] wall=19:11:24 elapsed=33.180s phase=train event=interaction_progress trial=1 partition=0 processed=11900 total=14000 metric=ce epoch=1/1
[pipeline-trace] wall=19:11:24 elapsed=33.427s phase=train event=interaction_progress trial=1 partition=0 processed=12000 total=14000 metric=ce epoch=1/1
[pipeline-trace] wall=19:11:24 elapsed=33.647s phase=train event=interaction_progress trial=1 partition=0 processed=12100 total=14000 metric=ce epoch=1/1
[pipeline-trace] wall=19:11:24 elapsed=33.862s phase=train event=interaction_progress trial=1 partition=0 processed=12200 total=14000 metric=ce epoch=1/1
[pipeline-trace] wall=19:11:24 elapsed=34.065s phase=train event=interaction_progress trial=1 partition=0 processed=12300 total=14000 metric=ce epoch=1/1
[pipeline-trace] wall=19:11:25 elapsed=36.007s phase=train event=interaction_progress trial=0 partition=0 processed=3600 total=14000 metric=ce epoch=1/1
[pipeline-trace] wall=19:11:25 elapsed=34.268s phase=train event=interaction_progress trial=1 partition=0 processed=12400 total=14000 metric=ce epoch=1/1
[pipeline-trace] wall=19:11:25 elapsed=34.477s phase=train event=interaction_progress trial=1 partition=0 processed=12500 total=14000 metric=ce epoch=1/1
[pipeline-trace] wall=19:11:25 elapsed=34.680s phase=train event=interaction_progress trial=1 partition=0 processed=12600 total=14000 metric=ce epoch=1/1
[pipeline-trace] wall=19:11:25 elapsed=34.897s phase=train event=interaction_progress trial=1 partition=0 processed=12700 total=14000 metric=ce epoch=1/1
[pipeline-trace] wall=19:11:26 elapsed=35.123s phase=train event=interaction_progress trial=1 partition=0 processed=12800 total=14000 metric=ce epoch=1/1
[pipeline-trace] wall=19:11:26 elapsed=37.149s phase=train event=interaction_progress trial=0 partition=0 processed=3700 total=14000 metric=ce epoch=1/1
[pipeline-trace] wall=19:11:26 elapsed=35.341s phase=train event=interaction_progress trial=1 partition=0 processed=12900 total=14000 metric=ce epoch=1/1
[pipeline-trace] wall=19:11:26 elapsed=35.532s phase=train event=interaction_progress trial=1 partition=0 processed=13000 total=14000 metric=ce epoch=1/1
[pipeline-trace] wall=19:11:26 elapsed=35.744s phase=train event=interaction_progress trial=1 partition=0 processed=13100 total=14000 metric=ce epoch=1/1
[pipeline-trace] wall=19:11:26 elapsed=35.982s phase=train event=interaction_progress trial=1 partition=0 processed=13200 total=14000 metric=ce epoch=1/1
[pipeline-trace] wall=19:11:27 elapsed=36.237s phase=train event=interaction_progress trial=1 partition=0 processed=13300 total=14000 metric=ce epoch=1/1
[pipeline-trace] wall=19:11:27 elapsed=36.474s phase=train event=interaction_progress trial=1 partition=0 processed=13400 total=14000 metric=ce epoch=1/1
[pipeline-trace] wall=19:11:27 elapsed=38.355s phase=train event=interaction_progress trial=0 partition=0 processed=3800 total=14000 metric=ce epoch=1/1
[pipeline-trace] wall=19:11:27 elapsed=36.696s phase=train event=interaction_progress trial=1 partition=0 processed=13500 total=14000 metric=ce epoch=1/1
[pipeline-trace] wall=19:11:27 elapsed=36.930s phase=train event=interaction_progress trial=1 partition=0 processed=13600 total=14000 metric=ce epoch=1/1
[pipeline-trace] wall=19:11:28 elapsed=37.180s phase=train event=interaction_progress trial=1 partition=0 processed=13700 total=14000 metric=ce epoch=1/1
[pipeline-trace] wall=19:11:28 elapsed=37.414s phase=train event=interaction_progress trial=1 partition=0 processed=13800 total=14000 metric=ce epoch=1/1
[pipeline-trace] wall=19:11:28 elapsed=37.671s phase=train event=interaction_progress trial=1 partition=0 processed=13900 total=14000 metric=ce epoch=1/1
[pipeline-trace] wall=19:11:28 elapsed=39.522s phase=train event=interaction_progress trial=0 partition=0 processed=3900 total=14000 metric=ce epoch=1/1
[pipeline-trace] wall=19:11:28 elapsed=37.932s phase=train event=interaction_progress trial=1 partition=0 processed=14000 total=14000 metric=ce epoch=1/1
[pipeline-trace] wall=19:11:29 elapsed=38.380s phase=eval event=batch_start trial=1 partitions=[1] synthetic=False
[pipeline-trace] wall=19:11:29 elapsed=38.380s phase=eval event=partition_start trial=1 partition=1 interactions=1999
[pipeline-trace] wall=19:11:29 elapsed=38.380s phase=eval event=interaction_progress trial=1 partition=1 processed=1 total=1999 metric=ranking
[pipeline-trace] wall=19:11:29 elapsed=38.611s phase=eval event=interaction_progress trial=1 partition=1 processed=100 total=1999 metric=ranking
[pipeline-trace] wall=19:11:29 elapsed=38.752s phase=eval event=interaction_progress trial=1 partition=1 processed=200 total=1999 metric=ranking
[pipeline-trace] wall=19:11:29 elapsed=40.706s phase=train event=interaction_progress trial=0 partition=0 processed=4000 total=14000 metric=ce epoch=1/1
[pipeline-trace] wall=19:11:29 elapsed=38.894s phase=eval event=interaction_progress trial=1 partition=1 processed=300 total=1999 metric=ranking
[pipeline-trace] wall=19:11:29 elapsed=39.033s phase=eval event=interaction_progress trial=1 partition=1 processed=400 total=1999 metric=ranking
[pipeline-trace] wall=19:11:30 elapsed=39.172s phase=eval event=interaction_progress trial=1 partition=1 processed=500 total=1999 metric=ranking
[pipeline-trace] wall=19:11:30 elapsed=39.310s phase=eval event=interaction_progress trial=1 partition=1 processed=600 total=1999 metric=ranking
[pipeline-trace] wall=19:11:30 elapsed=39.448s phase=eval event=interaction_progress trial=1 partition=1 processed=700 total=1999 metric=ranking
[pipeline-trace] wall=19:11:30 elapsed=39.586s phase=eval event=interaction_progress trial=1 partition=1 processed=800 total=1999 metric=ranking
[pipeline-trace] wall=19:11:30 elapsed=39.724s phase=eval event=interaction_progress trial=1 partition=1 processed=900 total=1999 metric=ranking
[pipeline-trace] wall=19:11:30 elapsed=39.863s phase=eval event=interaction_progress trial=1 partition=1 processed=1000 total=1999 metric=ranking
[pipeline-trace] wall=19:11:30 elapsed=40.034s phase=eval event=interaction_progress trial=1 partition=1 processed=1100 total=1999 metric=ranking
[pipeline-trace] wall=19:11:31 elapsed=41.917s phase=train event=interaction_progress trial=0 partition=0 processed=4100 total=14000 metric=ce epoch=1/1
[pipeline-trace] wall=19:11:31 elapsed=40.177s phase=eval event=interaction_progress trial=1 partition=1 processed=1200 total=1999 metric=ranking
[pipeline-trace] wall=19:11:31 elapsed=40.321s phase=eval event=interaction_progress trial=1 partition=1 processed=1300 total=1999 metric=ranking
[pipeline-trace] wall=19:11:31 elapsed=40.465s phase=eval event=interaction_progress trial=1 partition=1 processed=1400 total=1999 metric=ranking
[pipeline-trace] wall=19:11:31 elapsed=40.621s phase=eval event=interaction_progress trial=1 partition=1 processed=1500 total=1999 metric=ranking
[pipeline-trace] wall=19:11:31 elapsed=40.779s phase=eval event=interaction_progress trial=1 partition=1 processed=1600 total=1999 metric=ranking
[pipeline-trace] wall=19:11:31 elapsed=40.932s phase=eval event=interaction_progress trial=1 partition=1 processed=1700 total=1999 metric=ranking
[pipeline-trace] wall=19:11:32 elapsed=41.076s phase=eval event=interaction_progress trial=1 partition=1 processed=1800 total=1999 metric=ranking
[pipeline-trace] wall=19:11:32 elapsed=41.221s phase=eval event=interaction_progress trial=1 partition=1 processed=1900 total=1999 metric=ranking
[pipeline-trace] wall=19:11:32 elapsed=43.082s phase=train event=interaction_progress trial=0 partition=0 processed=4200 total=14000 metric=ce epoch=1/1
[pipeline-trace] wall=19:11:32 elapsed=41.363s phase=eval event=interaction_progress trial=1 partition=1 processed=1999 total=1999 metric=ranking
[pipeline-trace] wall=19:11:32 elapsed=41.365s phase=eval event=partition_complete trial=1 partition=1 elapsed_sec=2.985 hits=1086 total=1999
[pipeline-trace] wall=19:11:32 elapsed=41.427s phase=train event=interaction_progress trial=2 partition=0 processed=1 total=14000 metric=ce epoch=1/1
[pipeline-trace] wall=19:11:32 elapsed=41.694s phase=train event=interaction_progress trial=2 partition=0 processed=100 total=14000 metric=ce epoch=1/1
[pipeline-trace] wall=19:11:32 elapsed=41.944s phase=train event=interaction_progress trial=2 partition=0 processed=200 total=14000 metric=ce epoch=1/1
[pipeline-trace] wall=19:11:33 elapsed=42.181s phase=train event=interaction_progress trial=2 partition=0 processed=300 total=14000 metric=ce epoch=1/1
[pipeline-trace] wall=19:11:33 elapsed=44.281s phase=train event=interaction_progress trial=0 partition=0 processed=4300 total=14000 metric=ce epoch=1/1
[pipeline-trace] wall=19:11:33 elapsed=42.450s phase=train event=interaction_progress trial=2 partition=0 processed=400 total=14000 metric=ce epoch=1/1
[pipeline-trace] wall=19:11:33 elapsed=42.722s phase=train event=interaction_progress trial=2 partition=0 processed=500 total=14000 metric=ce epoch=1/1
[pipeline-trace] wall=19:11:33 elapsed=42.975s phase=train event=interaction_progress trial=2 partition=0 processed=600 total=14000 metric=ce epoch=1/1
[pipeline-trace] wall=19:11:34 elapsed=43.205s phase=train event=interaction_progress trial=2 partition=0 processed=700 total=14000 metric=ce epoch=1/1
[pipeline-trace] wall=19:11:34 elapsed=43.457s phase=train event=interaction_progress trial=2 partition=0 processed=800 total=14000 metric=ce epoch=1/1
[pipeline-trace] wall=19:11:34 elapsed=45.499s phase=train event=interaction_progress trial=0 partition=0 processed=4400 total=14000 metric=ce epoch=1/1
[pipeline-trace] wall=19:11:34 elapsed=43.699s phase=train event=interaction_progress trial=2 partition=0 processed=900 total=14000 metric=ce epoch=1/1
[pipeline-trace] wall=19:11:34 elapsed=43.980s phase=train event=interaction_progress trial=2 partition=0 processed=1000 total=14000 metric=ce epoch=1/1
[pipeline-trace] wall=19:11:35 elapsed=44.222s phase=train event=interaction_progress trial=2 partition=0 processed=1100 total=14000 metric=ce epoch=1/1
[pipeline-trace] wall=19:11:35 elapsed=44.469s phase=train event=interaction_progress trial=2 partition=0 processed=1200 total=14000 metric=ce epoch=1/1
[pipeline-trace] wall=19:11:35 elapsed=44.719s phase=train event=interaction_progress trial=2 partition=0 processed=1300 total=14000 metric=ce epoch=1/1
[pipeline-trace] wall=19:11:35 elapsed=46.639s phase=train event=interaction_progress trial=0 partition=0 processed=4500 total=14000 metric=ce epoch=1/1
[pipeline-trace] wall=19:11:35 elapsed=44.971s phase=train event=interaction_progress trial=2 partition=0 processed=1400 total=14000 metric=ce epoch=1/1
[pipeline-trace] wall=19:11:36 elapsed=45.210s phase=train event=interaction_progress trial=2 partition=0 processed=1500 total=14000 metric=ce epoch=1/1
[pipeline-trace] wall=19:11:36 elapsed=45.454s phase=train event=interaction_progress trial=2 partition=0 processed=1600 total=14000 metric=ce epoch=1/1
[pipeline-trace] wall=19:11:36 elapsed=45.702s phase=train event=interaction_progress trial=2 partition=0 processed=1700 total=14000 metric=ce epoch=1/1
[pipeline-trace] wall=19:11:36 elapsed=45.955s phase=train event=interaction_progress trial=2 partition=0 processed=1800 total=14000 metric=ce epoch=1/1
[pipeline-trace] wall=19:11:36 elapsed=47.839s phase=train event=interaction_progress trial=0 partition=0 processed=4600 total=14000 metric=ce epoch=1/1
[pipeline-trace] wall=19:11:37 elapsed=46.205s phase=train event=interaction_progress trial=2 partition=0 processed=1900 total=14000 metric=ce epoch=1/1
[pipeline-trace] wall=19:11:37 elapsed=46.418s phase=train event=interaction_progress trial=2 partition=0 processed=2000 total=14000 metric=ce epoch=1/1
[pipeline-trace] wall=19:11:37 elapsed=46.655s phase=train event=interaction_progress trial=2 partition=0 processed=2100 total=14000 metric=ce epoch=1/1
[pipeline-trace] wall=19:11:37 elapsed=46.907s phase=train event=interaction_progress trial=2 partition=0 processed=2200 total=14000 metric=ce epoch=1/1
[pipeline-trace] wall=19:11:38 elapsed=47.107s phase=train event=interaction_progress trial=2 partition=0 processed=2300 total=14000 metric=ce epoch=1/1
[pipeline-trace] wall=19:11:38 elapsed=48.984s phase=train event=interaction_progress trial=0 partition=0 processed=4700 total=14000 metric=ce epoch=1/1
[pipeline-trace] wall=19:11:38 elapsed=47.306s phase=train event=interaction_progress trial=2 partition=0 processed=2400 total=14000 metric=ce epoch=1/1
[pipeline-trace] wall=19:11:38 elapsed=47.533s phase=train event=interaction_progress trial=2 partition=0 processed=2500 total=14000 metric=ce epoch=1/1
[pipeline-trace] wall=19:11:38 elapsed=47.778s phase=train event=interaction_progress trial=2 partition=0 processed=2600 total=14000 metric=ce epoch=1/1
[pipeline-trace] wall=19:11:38 elapsed=48.027s phase=train event=interaction_progress trial=2 partition=0 processed=2700 total=14000 metric=ce epoch=1/1
[pipeline-trace] wall=19:11:39 elapsed=48.277s phase=train event=interaction_progress trial=2 partition=0 processed=2800 total=14000 metric=ce epoch=1/1
[pipeline-trace] wall=19:11:39 elapsed=50.151s phase=train event=interaction_progress trial=0 partition=0 processed=4800 total=14000 metric=ce epoch=1/1
[pipeline-trace] wall=19:11:39 elapsed=48.517s phase=train event=interaction_progress trial=2 partition=0 processed=2900 total=14000 metric=ce epoch=1/1
[pipeline-trace] wall=19:11:39 elapsed=48.757s phase=train event=interaction_progress trial=2 partition=0 processed=3000 total=14000 metric=ce epoch=1/1
[pipeline-trace] wall=19:11:39 elapsed=48.977s phase=train event=interaction_progress trial=2 partition=0 processed=3100 total=14000 metric=ce epoch=1/1
[pipeline-trace] wall=19:11:40 elapsed=49.186s phase=train event=interaction_progress trial=2 partition=0 processed=3200 total=14000 metric=ce epoch=1/1
[pipeline-trace] wall=19:11:40 elapsed=49.387s phase=train event=interaction_progress trial=2 partition=0 processed=3300 total=14000 metric=ce epoch=1/1
[pipeline-trace] wall=19:11:40 elapsed=51.334s phase=train event=interaction_progress trial=0 partition=0 processed=4900 total=14000 metric=ce epoch=1/1
[pipeline-trace] wall=19:11:40 elapsed=49.598s phase=train event=interaction_progress trial=2 partition=0 processed=3400 total=14000 metric=ce epoch=1/1
[pipeline-trace] wall=19:11:40 elapsed=49.808s phase=train event=interaction_progress trial=2 partition=0 processed=3500 total=14000 metric=ce epoch=1/1
[pipeline-trace] wall=19:11:40 elapsed=50.022s phase=train event=interaction_progress trial=2 partition=0 processed=3600 total=14000 metric=ce epoch=1/1
[pipeline-trace] wall=19:11:41 elapsed=50.247s phase=train event=interaction_progress trial=2 partition=0 processed=3700 total=14000 metric=ce epoch=1/1
[pipeline-trace] wall=19:11:41 elapsed=50.595s phase=train event=interaction_progress trial=2 partition=0 processed=3800 total=14000 metric=ce epoch=1/1
[pipeline-trace] wall=19:11:41 elapsed=52.530s phase=train event=interaction_progress trial=0 partition=0 processed=5000 total=14000 metric=ce epoch=1/1
[pipeline-trace] wall=19:11:41 elapsed=51.050s phase=train event=interaction_progress trial=2 partition=0 processed=3900 total=14000 metric=ce epoch=1/1
[pipeline-trace] wall=19:11:42 elapsed=51.517s phase=train event=interaction_progress trial=2 partition=0 processed=4000 total=14000 metric=ce epoch=1/1
[pipeline-trace] wall=19:11:48 elapsed=58.923s phase=train event=interaction_progress trial=0 partition=0 processed=5100 total=14000 metric=ce epoch=1/1
[pipeline-trace] wall=19:11:48 elapsed=57.293s phase=train event=interaction_progress trial=2 partition=0 processed=4100 total=14000 metric=ce epoch=1/1
[pipeline-trace] wall=19:11:48 elapsed=57.611s phase=train event=interaction_progress trial=2 partition=0 processed=4200 total=14000 metric=ce epoch=1/1
[pipeline-trace] wall=19:11:48 elapsed=57.855s phase=train event=interaction_progress trial=2 partition=0 processed=4300 total=14000 metric=ce epoch=1/1
[pipeline-trace] wall=19:11:49 elapsed=58.139s phase=train event=interaction_progress trial=2 partition=0 processed=4400 total=14000 metric=ce epoch=1/1
[pipeline-trace] wall=19:11:49 elapsed=60.054s phase=train event=interaction_progress trial=0 partition=0 processed=5200 total=14000 metric=ce epoch=1/1
[pipeline-trace] wall=19:11:49 elapsed=58.362s phase=train event=interaction_progress trial=2 partition=0 processed=4500 total=14000 metric=ce epoch=1/1
[pipeline-trace] wall=19:11:49 elapsed=58.544s phase=train event=interaction_progress trial=2 partition=0 processed=4600 total=14000 metric=ce epoch=1/1
[pipeline-trace] wall=19:11:49 elapsed=58.794s phase=train event=interaction_progress trial=2 partition=0 processed=4700 total=14000 metric=ce epoch=1/1
[pipeline-trace] wall=19:11:49 elapsed=59.013s phase=train event=interaction_progress trial=2 partition=0 processed=4800 total=14000 metric=ce epoch=1/1
[pipeline-trace] wall=19:11:50 elapsed=59.228s phase=train event=interaction_progress trial=2 partition=0 processed=4900 total=14000 metric=ce epoch=1/1
[pipeline-trace] wall=19:11:50 elapsed=61.273s phase=train event=interaction_progress trial=0 partition=0 processed=5300 total=14000 metric=ce epoch=1/1
[pipeline-trace] wall=19:11:50 elapsed=59.446s phase=train event=interaction_progress trial=2 partition=0 processed=5000 total=14000 metric=ce epoch=1/1
[pipeline-trace] wall=19:11:50 elapsed=59.672s phase=train event=interaction_progress trial=2 partition=0 processed=5100 total=14000 metric=ce epoch=1/1
[pipeline-trace] wall=19:11:50 elapsed=59.871s phase=train event=interaction_progress trial=2 partition=0 processed=5200 total=14000 metric=ce epoch=1/1
[pipeline-trace] wall=19:11:50 elapsed=60.063s phase=train event=interaction_progress trial=2 partition=0 processed=5300 total=14000 metric=ce epoch=1/1
[pipeline-trace] wall=19:11:51 elapsed=60.287s phase=train event=interaction_progress trial=2 partition=0 processed=5400 total=14000 metric=ce epoch=1/1
[pipeline-trace] wall=19:11:51 elapsed=60.494s phase=train event=interaction_progress trial=2 partition=0 processed=5500 total=14000 metric=ce epoch=1/1
[pipeline-trace] wall=19:11:51 elapsed=62.425s phase=train event=interaction_progress trial=0 partition=0 processed=5400 total=14000 metric=ce epoch=1/1
[pipeline-trace] wall=19:11:51 elapsed=60.701s phase=train event=interaction_progress trial=2 partition=0 processed=5600 total=14000 metric=ce epoch=1/1
[pipeline-trace] wall=19:11:51 elapsed=60.954s phase=train event=interaction_progress trial=2 partition=0 processed=5700 total=14000 metric=ce epoch=1/1
[pipeline-trace] wall=19:11:52 elapsed=61.168s phase=train event=interaction_progress trial=2 partition=0 processed=5800 total=14000 metric=ce epoch=1/1
[pipeline-trace] wall=19:11:52 elapsed=61.400s phase=train event=interaction_progress trial=2 partition=0 processed=5900 total=14000 metric=ce epoch=1/1
[pipeline-trace] wall=19:11:52 elapsed=61.641s phase=train event=interaction_progress trial=2 partition=0 processed=6000 total=14000 metric=ce epoch=1/1
[pipeline-trace] wall=19:11:52 elapsed=63.567s phase=train event=interaction_progress trial=0 partition=0 processed=5500 total=14000 metric=ce epoch=1/1
[pipeline-trace] wall=19:11:52 elapsed=61.854s phase=train event=interaction_progress trial=2 partition=0 processed=6100 total=14000 metric=ce epoch=1/1
[pipeline-trace] wall=19:11:53 elapsed=62.081s phase=train event=interaction_progress trial=2 partition=0 processed=6200 total=14000 metric=ce epoch=1/1
[pipeline-trace] wall=19:11:53 elapsed=62.287s phase=train event=interaction_progress trial=2 partition=0 processed=6300 total=14000 metric=ce epoch=1/1
[pipeline-trace] wall=19:11:53 elapsed=62.504s phase=train event=interaction_progress trial=2 partition=0 processed=6400 total=14000 metric=ce epoch=1/1
[pipeline-trace] wall=19:11:53 elapsed=62.694s phase=train event=interaction_progress trial=2 partition=0 processed=6500 total=14000 metric=ce epoch=1/1
[pipeline-trace] wall=19:11:53 elapsed=62.905s phase=train event=interaction_progress trial=2 partition=0 processed=6600 total=14000 metric=ce epoch=1/1
[pipeline-trace] wall=19:11:53 elapsed=64.758s phase=train event=interaction_progress trial=0 partition=0 processed=5600 total=14000 metric=ce epoch=1/1
[pipeline-trace] wall=19:11:54 elapsed=63.099s phase=train event=interaction_progress trial=2 partition=0 processed=6700 total=14000 metric=ce epoch=1/1
[pipeline-trace] wall=19:11:54 elapsed=63.356s phase=train event=interaction_progress trial=2 partition=0 processed=6800 total=14000 metric=ce epoch=1/1
[pipeline-trace] wall=19:11:54 elapsed=63.568s phase=train event=interaction_progress trial=2 partition=0 processed=6900 total=14000 metric=ce epoch=1/1
[pipeline-trace] wall=19:11:54 elapsed=63.778s phase=train event=interaction_progress trial=2 partition=0 processed=7000 total=14000 metric=ce epoch=1/1
[pipeline-trace] wall=19:11:54 elapsed=63.982s phase=train event=interaction_progress trial=2 partition=0 processed=7100 total=14000 metric=ce epoch=1/1
[pipeline-trace] wall=19:11:55 elapsed=65.980s phase=train event=interaction_progress trial=0 partition=0 processed=5700 total=14000 metric=ce epoch=1/1
[pipeline-trace] wall=19:11:55 elapsed=64.177s phase=train event=interaction_progress trial=2 partition=0 processed=7200 total=14000 metric=ce epoch=1/1
[pipeline-trace] wall=19:11:55 elapsed=64.377s phase=train event=interaction_progress trial=2 partition=0 processed=7300 total=14000 metric=ce epoch=1/1
[pipeline-trace] wall=19:11:55 elapsed=64.579s phase=train event=interaction_progress trial=2 partition=0 processed=7400 total=14000 metric=ce epoch=1/1
[pipeline-trace] wall=19:11:55 elapsed=64.775s phase=train event=interaction_progress trial=2 partition=0 processed=7500 total=14000 metric=ce epoch=1/1
[pipeline-trace] wall=19:11:55 elapsed=64.975s phase=train event=interaction_progress trial=2 partition=0 processed=7600 total=14000 metric=ce epoch=1/1
[pipeline-trace] wall=19:11:56 elapsed=65.167s phase=train event=interaction_progress trial=2 partition=0 processed=7700 total=14000 metric=ce epoch=1/1
[pipeline-trace] wall=19:11:56 elapsed=67.187s phase=train event=interaction_progress trial=0 partition=0 processed=5800 total=14000 metric=ce epoch=1/1
[pipeline-trace] wall=19:11:56 elapsed=65.367s phase=train event=interaction_progress trial=2 partition=0 processed=7800 total=14000 metric=ce epoch=1/1
[pipeline-trace] wall=19:11:56 elapsed=65.570s phase=train event=interaction_progress trial=2 partition=0 processed=7900 total=14000 metric=ce epoch=1/1
[pipeline-trace] wall=19:11:56 elapsed=65.783s phase=train event=interaction_progress trial=2 partition=0 processed=8000 total=14000 metric=ce epoch=1/1
[pipeline-trace] wall=19:11:56 elapsed=65.978s phase=train event=interaction_progress trial=2 partition=0 processed=8100 total=14000 metric=ce epoch=1/1
[pipeline-trace] wall=19:11:57 elapsed=66.205s phase=train event=interaction_progress trial=2 partition=0 processed=8200 total=14000 metric=ce epoch=1/1
[pipeline-trace] wall=19:11:57 elapsed=66.412s phase=train event=interaction_progress trial=2 partition=0 processed=8300 total=14000 metric=ce epoch=1/1
[pipeline-trace] wall=19:11:57 elapsed=68.382s phase=train event=interaction_progress trial=0 partition=0 processed=5900 total=14000 metric=ce epoch=1/1
[pipeline-trace] wall=19:11:57 elapsed=66.613s phase=train event=interaction_progress trial=2 partition=0 processed=8400 total=14000 metric=ce epoch=1/1
[pipeline-trace] wall=19:11:57 elapsed=66.819s phase=train event=interaction_progress trial=2 partition=0 processed=8500 total=14000 metric=ce epoch=1/1
[pipeline-trace] wall=19:11:57 elapsed=67.023s phase=train event=interaction_progress trial=2 partition=0 processed=8600 total=14000 metric=ce epoch=1/1
[pipeline-trace] wall=19:11:58 elapsed=67.222s phase=train event=interaction_progress trial=2 partition=0 processed=8700 total=14000 metric=ce epoch=1/1
[pipeline-trace] wall=19:11:58 elapsed=67.426s phase=train event=interaction_progress trial=2 partition=0 processed=8800 total=14000 metric=ce epoch=1/1
[pipeline-trace] wall=19:11:58 elapsed=67.631s phase=train event=interaction_progress trial=2 partition=0 processed=8900 total=14000 metric=ce epoch=1/1
[pipeline-trace] wall=19:11:58 elapsed=69.548s phase=train event=interaction_progress trial=0 partition=0 processed=6000 total=14000 metric=ce epoch=1/1
[pipeline-trace] wall=19:11:58 elapsed=67.838s phase=train event=interaction_progress trial=2 partition=0 processed=9000 total=14000 metric=ce epoch=1/1
[pipeline-trace] wall=19:11:58 elapsed=68.062s phase=train event=interaction_progress trial=2 partition=0 processed=9100 total=14000 metric=ce epoch=1/1
[pipeline-trace] wall=19:11:59 elapsed=68.304s phase=train event=interaction_progress trial=2 partition=0 processed=9200 total=14000 metric=ce epoch=1/1
[pipeline-trace] wall=19:11:59 elapsed=68.535s phase=train event=interaction_progress trial=2 partition=0 processed=9300 total=14000 metric=ce epoch=1/1
[pipeline-trace] wall=19:11:59 elapsed=68.791s phase=train event=interaction_progress trial=2 partition=0 processed=9400 total=14000 metric=ce epoch=1/1
[pipeline-trace] wall=19:11:59 elapsed=70.782s phase=train event=interaction_progress trial=0 partition=0 processed=6100 total=14000 metric=ce epoch=1/1
[pipeline-trace] wall=19:11:59 elapsed=69.032s phase=train event=interaction_progress trial=2 partition=0 processed=9500 total=14000 metric=ce epoch=1/1
[pipeline-trace] wall=19:12:00 elapsed=69.265s phase=train event=interaction_progress trial=2 partition=0 processed=9600 total=14000 metric=ce epoch=1/1
[pipeline-trace] wall=19:12:00 elapsed=69.500s phase=train event=interaction_progress trial=2 partition=0 processed=9700 total=14000 metric=ce epoch=1/1
[pipeline-trace] wall=19:12:00 elapsed=69.751s phase=train event=interaction_progress trial=2 partition=0 processed=9800 total=14000 metric=ce epoch=1/1
[pipeline-trace] wall=19:12:00 elapsed=70.009s phase=train event=interaction_progress trial=2 partition=0 processed=9900 total=14000 metric=ce epoch=1/1
[pipeline-trace] wall=19:12:01 elapsed=71.947s phase=train event=interaction_progress trial=0 partition=0 processed=6200 total=14000 metric=ce epoch=1/1
[pipeline-trace] wall=19:12:01 elapsed=70.256s phase=train event=interaction_progress trial=2 partition=0 processed=10000 total=14000 metric=ce epoch=1/1
[pipeline-trace] wall=19:12:01 elapsed=70.506s phase=train event=interaction_progress trial=2 partition=0 processed=10100 total=14000 metric=ce epoch=1/1
[pipeline-trace] wall=19:12:01 elapsed=70.762s phase=train event=interaction_progress trial=2 partition=0 processed=10200 total=14000 metric=ce epoch=1/1
[pipeline-trace] wall=19:12:01 elapsed=71.006s phase=train event=interaction_progress trial=2 partition=0 processed=10300 total=14000 metric=ce epoch=1/1
[pipeline-trace] wall=19:12:02 elapsed=71.270s phase=train event=interaction_progress trial=2 partition=0 processed=10400 total=14000 metric=ce epoch=1/1
[pipeline-trace] wall=19:12:02 elapsed=73.122s phase=train event=interaction_progress trial=0 partition=0 processed=6300 total=14000 metric=ce epoch=1/1
[pipeline-trace] wall=19:12:02 elapsed=71.510s phase=train event=interaction_progress trial=2 partition=0 processed=10500 total=14000 metric=ce epoch=1/1
[pipeline-trace] wall=19:12:02 elapsed=71.747s phase=train event=interaction_progress trial=2 partition=0 processed=10600 total=14000 metric=ce epoch=1/1
[pipeline-trace] wall=19:12:02 elapsed=71.990s phase=train event=interaction_progress trial=2 partition=0 processed=10700 total=14000 metric=ce epoch=1/1
[pipeline-trace] wall=19:12:03 elapsed=72.230s phase=train event=interaction_progress trial=2 partition=0 processed=10800 total=14000 metric=ce epoch=1/1
[pipeline-trace] wall=19:12:03 elapsed=72.475s phase=train event=interaction_progress trial=2 partition=0 processed=10900 total=14000 metric=ce epoch=1/1
[pipeline-trace] wall=19:12:03 elapsed=74.343s phase=train event=interaction_progress trial=0 partition=0 processed=6400 total=14000 metric=ce epoch=1/1
[pipeline-trace] wall=19:12:03 elapsed=72.749s phase=train event=interaction_progress trial=2 partition=0 processed=11000 total=14000 metric=ce epoch=1/1
[pipeline-trace] wall=19:12:03 elapsed=72.993s phase=train event=interaction_progress trial=2 partition=0 processed=11100 total=14000 metric=ce epoch=1/1
[pipeline-trace] wall=19:12:04 elapsed=73.232s phase=train event=interaction_progress trial=2 partition=0 processed=11200 total=14000 metric=ce epoch=1/1
[pipeline-trace] wall=19:12:04 elapsed=73.476s phase=train event=interaction_progress trial=2 partition=0 processed=11300 total=14000 metric=ce epoch=1/1
[pipeline-trace] wall=19:12:04 elapsed=75.488s phase=train event=interaction_progress trial=0 partition=0 processed=6500 total=14000 metric=ce epoch=1/1
[pipeline-trace] wall=19:12:04 elapsed=73.684s phase=train event=interaction_progress trial=2 partition=0 processed=11400 total=14000 metric=ce epoch=1/1
[pipeline-trace] wall=19:12:04 elapsed=73.898s phase=train event=interaction_progress trial=2 partition=0 processed=11500 total=14000 metric=ce epoch=1/1
[pipeline-trace] wall=19:12:05 elapsed=74.110s phase=train event=interaction_progress trial=2 partition=0 processed=11600 total=14000 metric=ce epoch=1/1
[pipeline-trace] wall=19:12:05 elapsed=74.328s phase=train event=interaction_progress trial=2 partition=0 processed=11700 total=14000 metric=ce epoch=1/1
[pipeline-trace] wall=19:12:05 elapsed=74.538s phase=train event=interaction_progress trial=2 partition=0 processed=11800 total=14000 metric=ce epoch=1/1
[pipeline-trace] wall=19:12:05 elapsed=74.753s phase=train event=interaction_progress trial=2 partition=0 processed=11900 total=14000 metric=ce epoch=1/1
[pipeline-trace] wall=19:12:05 elapsed=76.655s phase=train event=interaction_progress trial=0 partition=0 processed=6600 total=14000 metric=ce epoch=1/1
[pipeline-trace] wall=19:12:05 elapsed=74.978s phase=train event=interaction_progress trial=2 partition=0 processed=12000 total=14000 metric=ce epoch=1/1
[pipeline-trace] wall=19:12:06 elapsed=75.206s phase=train event=interaction_progress trial=2 partition=0 processed=12100 total=14000 metric=ce epoch=1/1
[pipeline-trace] wall=19:12:06 elapsed=75.425s phase=train event=interaction_progress trial=2 partition=0 processed=12200 total=14000 metric=ce epoch=1/1
[pipeline-trace] wall=19:12:06 elapsed=75.645s phase=train event=interaction_progress trial=2 partition=0 processed=12300 total=14000 metric=ce epoch=1/1
[pipeline-trace] wall=19:12:06 elapsed=75.876s phase=train event=interaction_progress trial=2 partition=0 processed=12400 total=14000 metric=ce epoch=1/1
[pipeline-trace] wall=19:12:06 elapsed=77.849s phase=train event=interaction_progress trial=0 partition=0 processed=6700 total=14000 metric=ce epoch=1/1
[pipeline-trace] wall=19:12:07 elapsed=76.110s phase=train event=interaction_progress trial=2 partition=0 processed=12500 total=14000 metric=ce epoch=1/1
[pipeline-trace] wall=19:12:07 elapsed=76.324s phase=train event=interaction_progress trial=2 partition=0 processed=12600 total=14000 metric=ce epoch=1/1
[pipeline-trace] wall=19:12:07 elapsed=76.555s phase=train event=interaction_progress trial=2 partition=0 processed=12700 total=14000 metric=ce epoch=1/1
[pipeline-trace] wall=19:12:07 elapsed=76.786s phase=train event=interaction_progress trial=2 partition=0 processed=12800 total=14000 metric=ce epoch=1/1
[pipeline-trace] wall=19:12:07 elapsed=77.021s phase=train event=interaction_progress trial=2 partition=0 processed=12900 total=14000 metric=ce epoch=1/1
[pipeline-trace] wall=19:12:08 elapsed=78.990s phase=train event=interaction_progress trial=0 partition=0 processed=6800 total=14000 metric=ce epoch=1/1
[pipeline-trace] wall=19:12:08 elapsed=77.245s phase=train event=interaction_progress trial=2 partition=0 processed=13000 total=14000 metric=ce epoch=1/1
[pipeline-trace] wall=19:12:08 elapsed=77.476s phase=train event=interaction_progress trial=2 partition=0 processed=13100 total=14000 metric=ce epoch=1/1
[pipeline-trace] wall=19:12:08 elapsed=77.720s phase=train event=interaction_progress trial=2 partition=0 processed=13200 total=14000 metric=ce epoch=1/1
[pipeline-trace] wall=19:12:08 elapsed=77.978s phase=train event=interaction_progress trial=2 partition=0 processed=13300 total=14000 metric=ce epoch=1/1
[pipeline-trace] wall=19:12:09 elapsed=78.234s phase=train event=interaction_progress trial=2 partition=0 processed=13400 total=14000 metric=ce epoch=1/1
[pipeline-trace] wall=19:12:09 elapsed=80.209s phase=train event=interaction_progress trial=0 partition=0 processed=6900 total=14000 metric=ce epoch=1/1
[pipeline-trace] wall=19:12:09 elapsed=78.476s phase=train event=interaction_progress trial=2 partition=0 processed=13500 total=14000 metric=ce epoch=1/1
[pipeline-trace] wall=19:12:09 elapsed=78.732s phase=train event=interaction_progress trial=2 partition=0 processed=13600 total=14000 metric=ce epoch=1/1
[pipeline-trace] wall=19:12:09 elapsed=78.985s phase=train event=interaction_progress trial=2 partition=0 processed=13700 total=14000 metric=ce epoch=1/1
[pipeline-trace] wall=19:12:10 elapsed=79.234s phase=train event=interaction_progress trial=2 partition=0 processed=13800 total=14000 metric=ce epoch=1/1
[pipeline-trace] wall=19:12:10 elapsed=79.476s phase=train event=interaction_progress trial=2 partition=0 processed=13900 total=14000 metric=ce epoch=1/1
[pipeline-trace] wall=19:12:10 elapsed=81.359s phase=train event=interaction_progress trial=0 partition=0 processed=7000 total=14000 metric=ce epoch=1/1
[pipeline-trace] wall=19:12:10 elapsed=79.729s phase=train event=interaction_progress trial=2 partition=0 processed=14000 total=14000 metric=ce epoch=1/1
[pipeline-trace] wall=19:12:10 elapsed=79.814s phase=eval event=batch_start trial=2 partitions=[1] synthetic=False
[pipeline-trace] wall=19:12:10 elapsed=79.814s phase=eval event=partition_start trial=2 partition=1 interactions=1999
[pipeline-trace] wall=19:12:10 elapsed=79.814s phase=eval event=interaction_progress trial=2 partition=1 processed=1 total=1999 metric=ranking
[pipeline-trace] wall=19:12:10 elapsed=79.958s phase=eval event=interaction_progress trial=2 partition=1 processed=100 total=1999 metric=ranking
[pipeline-trace] wall=19:12:11 elapsed=80.099s phase=eval event=interaction_progress trial=2 partition=1 processed=200 total=1999 metric=ranking
[pipeline-trace] wall=19:12:11 elapsed=80.240s phase=eval event=interaction_progress trial=2 partition=1 processed=300 total=1999 metric=ranking
[pipeline-trace] wall=19:12:11 elapsed=80.382s phase=eval event=interaction_progress trial=2 partition=1 processed=400 total=1999 metric=ranking
[pipeline-trace] wall=19:12:11 elapsed=80.524s phase=eval event=interaction_progress trial=2 partition=1 processed=500 total=1999 metric=ranking
[pipeline-trace] wall=19:12:11 elapsed=80.665s phase=eval event=interaction_progress trial=2 partition=1 processed=600 total=1999 metric=ranking
[pipeline-trace] wall=19:12:11 elapsed=82.518s phase=train event=interaction_progress trial=0 partition=0 processed=7100 total=14000 metric=ce epoch=1/1
[pipeline-trace] wall=19:12:11 elapsed=80.806s phase=eval event=interaction_progress trial=2 partition=1 processed=700 total=1999 metric=ranking
[pipeline-trace] wall=19:12:11 elapsed=80.948s phase=eval event=interaction_progress trial=2 partition=1 processed=800 total=1999 metric=ranking
[pipeline-trace] wall=19:12:12 elapsed=81.091s phase=eval event=interaction_progress trial=2 partition=1 processed=900 total=1999 metric=ranking
[pipeline-trace] wall=19:12:12 elapsed=81.235s phase=eval event=interaction_progress trial=2 partition=1 processed=1000 total=1999 metric=ranking
[pipeline-trace] wall=19:12:12 elapsed=81.377s phase=eval event=interaction_progress trial=2 partition=1 processed=1100 total=1999 metric=ranking
[pipeline-trace] wall=19:12:12 elapsed=81.518s phase=eval event=interaction_progress trial=2 partition=1 processed=1200 total=1999 metric=ranking
[pipeline-trace] wall=19:12:12 elapsed=81.658s phase=eval event=interaction_progress trial=2 partition=1 processed=1300 total=1999 metric=ranking
[pipeline-trace] wall=19:12:12 elapsed=81.802s phase=eval event=interaction_progress trial=2 partition=1 processed=1400 total=1999 metric=ranking
[pipeline-trace] wall=19:12:12 elapsed=83.721s phase=train event=interaction_progress trial=0 partition=0 processed=7200 total=14000 metric=ce epoch=1/1
[pipeline-trace] wall=19:12:12 elapsed=81.966s phase=eval event=interaction_progress trial=2 partition=1 processed=1500 total=1999 metric=ranking
[pipeline-trace] wall=19:12:13 elapsed=82.106s phase=eval event=interaction_progress trial=2 partition=1 processed=1600 total=1999 metric=ranking
[pipeline-trace] wall=19:12:13 elapsed=82.245s phase=eval event=interaction_progress trial=2 partition=1 processed=1700 total=1999 metric=ranking
[pipeline-trace] wall=19:12:13 elapsed=82.383s phase=eval event=interaction_progress trial=2 partition=1 processed=1800 total=1999 metric=ranking
[pipeline-trace] wall=19:12:13 elapsed=82.522s phase=eval event=interaction_progress trial=2 partition=1 processed=1900 total=1999 metric=ranking
[pipeline-trace] wall=19:12:13 elapsed=82.659s phase=eval event=interaction_progress trial=2 partition=1 processed=1999 total=1999 metric=ranking
[pipeline-trace] wall=19:12:13 elapsed=82.661s phase=eval event=partition_complete trial=2 partition=1 elapsed_sec=2.847 hits=1373 total=1999
[pipeline-trace] wall=19:12:13 elapsed=82.759s phase=train event=interaction_progress trial=3 partition=0 processed=1 total=14000 metric=ce epoch=1/1
[pipeline-trace] wall=19:12:13 elapsed=84.897s phase=train event=interaction_progress trial=0 partition=0 processed=7300 total=14000 metric=ce epoch=1/1
[pipeline-trace] wall=19:12:14 elapsed=83.196s phase=train event=interaction_progress trial=3 partition=0 processed=100 total=14000 metric=ce epoch=1/1
[pipeline-trace] wall=19:12:14 elapsed=83.493s phase=train event=interaction_progress trial=3 partition=0 processed=200 total=14000 metric=ce epoch=1/1
[pipeline-trace] wall=19:12:14 elapsed=83.777s phase=train event=interaction_progress trial=3 partition=0 processed=300 total=14000 metric=ce epoch=1/1
[pipeline-trace] wall=19:12:14 elapsed=84.067s phase=train event=interaction_progress trial=3 partition=0 processed=400 total=14000 metric=ce epoch=1/1
[pipeline-trace] wall=19:12:15 elapsed=86.073s phase=train event=interaction_progress trial=0 partition=0 processed=7400 total=14000 metric=ce epoch=1/1
[pipeline-trace] wall=19:12:15 elapsed=84.382s phase=train event=interaction_progress trial=3 partition=0 processed=500 total=14000 metric=ce epoch=1/1
[pipeline-trace] wall=19:12:15 elapsed=84.684s phase=train event=interaction_progress trial=3 partition=0 processed=600 total=14000 metric=ce epoch=1/1
[pipeline-trace] wall=19:12:15 elapsed=84.974s phase=train event=interaction_progress trial=3 partition=0 processed=700 total=14000 metric=ce epoch=1/1
[pipeline-trace] wall=19:12:16 elapsed=85.241s phase=train event=interaction_progress trial=3 partition=0 processed=800 total=14000 metric=ce epoch=1/1
[pipeline-trace] wall=19:12:16 elapsed=87.295s phase=train event=interaction_progress trial=0 partition=0 processed=7500 total=14000 metric=ce epoch=1/1
[pipeline-trace] wall=19:12:16 elapsed=85.514s phase=train event=interaction_progress trial=3 partition=0 processed=900 total=14000 metric=ce epoch=1/1
[pipeline-trace] wall=19:12:16 elapsed=85.782s phase=train event=interaction_progress trial=3 partition=0 processed=1000 total=14000 metric=ce epoch=1/1
[pipeline-trace] wall=19:12:16 elapsed=86.059s phase=train event=interaction_progress trial=3 partition=0 processed=1100 total=14000 metric=ce epoch=1/1
[pipeline-trace] wall=19:12:17 elapsed=86.355s phase=train event=interaction_progress trial=3 partition=0 processed=1200 total=14000 metric=ce epoch=1/1
[pipeline-trace] wall=19:12:17 elapsed=88.439s phase=train event=interaction_progress trial=0 partition=0 processed=7600 total=14000 metric=ce epoch=1/1
[pipeline-trace] wall=19:12:17 elapsed=86.644s phase=train event=interaction_progress trial=3 partition=0 processed=1300 total=14000 metric=ce epoch=1/1
[pipeline-trace] wall=19:12:17 elapsed=87.040s phase=train event=interaction_progress trial=3 partition=0 processed=1400 total=14000 metric=ce epoch=1/1
[pipeline-trace] wall=19:12:18 elapsed=87.287s phase=train event=interaction_progress trial=3 partition=0 processed=1500 total=14000 metric=ce epoch=1/1
[pipeline-trace] wall=19:12:18 elapsed=87.544s phase=train event=interaction_progress trial=3 partition=0 processed=1600 total=14000 metric=ce epoch=1/1
[pipeline-trace] wall=19:12:18 elapsed=87.806s phase=train event=interaction_progress trial=3 partition=0 processed=1700 total=14000 metric=ce epoch=1/1
[pipeline-trace] wall=19:12:18 elapsed=89.696s phase=train event=interaction_progress trial=0 partition=0 processed=7700 total=14000 metric=ce epoch=1/1
[pipeline-trace] wall=19:12:18 elapsed=88.041s phase=train event=interaction_progress trial=3 partition=0 processed=1800 total=14000 metric=ce epoch=1/1
[pipeline-trace] wall=19:12:19 elapsed=88.305s phase=train event=interaction_progress trial=3 partition=0 processed=1900 total=14000 metric=ce epoch=1/1
[pipeline-trace] wall=19:12:19 elapsed=88.574s phase=train event=interaction_progress trial=3 partition=0 processed=2000 total=14000 metric=ce epoch=1/1
[pipeline-trace] wall=19:12:19 elapsed=88.869s phase=train event=interaction_progress trial=3 partition=0 processed=2100 total=14000 metric=ce epoch=1/1
[pipeline-trace] wall=19:12:19 elapsed=90.856s phase=train event=interaction_progress trial=0 partition=0 processed=7800 total=14000 metric=ce epoch=1/1
[pipeline-trace] wall=19:12:20 elapsed=89.141s phase=train event=interaction_progress trial=3 partition=0 processed=2200 total=14000 metric=ce epoch=1/1
[pipeline-trace] wall=19:12:20 elapsed=89.416s phase=train event=interaction_progress trial=3 partition=0 processed=2300 total=14000 metric=ce epoch=1/1
[pipeline-trace] wall=19:12:20 elapsed=89.702s phase=train event=interaction_progress trial=3 partition=0 processed=2400 total=14000 metric=ce epoch=1/1
[pipeline-trace] wall=19:12:20 elapsed=89.996s phase=train event=interaction_progress trial=3 partition=0 processed=2500 total=14000 metric=ce epoch=1/1
[pipeline-trace] wall=19:12:21 elapsed=92.057s phase=train event=interaction_progress trial=0 partition=0 processed=7900 total=14000 metric=ce epoch=1/1
[pipeline-trace] wall=19:12:21 elapsed=90.301s phase=train event=interaction_progress trial=3 partition=0 processed=2600 total=14000 metric=ce epoch=1/1
[pipeline-trace] wall=19:12:21 elapsed=90.627s phase=train event=interaction_progress trial=3 partition=0 processed=2700 total=14000 metric=ce epoch=1/1
[pipeline-trace] wall=19:12:21 elapsed=90.942s phase=train event=interaction_progress trial=3 partition=0 processed=2800 total=14000 metric=ce epoch=1/1
[pipeline-trace] wall=19:12:22 elapsed=91.224s phase=train event=interaction_progress trial=3 partition=0 processed=2900 total=14000 metric=ce epoch=1/1
[pipeline-trace] wall=19:12:22 elapsed=93.269s phase=train event=interaction_progress trial=0 partition=0 processed=8000 total=14000 metric=ce epoch=1/1
[pipeline-trace] wall=19:12:22 elapsed=91.519s phase=train event=interaction_progress trial=3 partition=0 processed=3000 total=14000 metric=ce epoch=1/1
[pipeline-trace] wall=19:12:22 elapsed=91.811s phase=train event=interaction_progress trial=3 partition=0 processed=3100 total=14000 metric=ce epoch=1/1
[pipeline-trace] wall=19:12:23 elapsed=92.101s phase=train event=interaction_progress trial=3 partition=0 processed=3200 total=14000 metric=ce epoch=1/1
[pipeline-trace] wall=19:12:23 elapsed=92.438s phase=train event=interaction_progress trial=3 partition=0 processed=3300 total=14000 metric=ce epoch=1/1
[pipeline-trace] wall=19:12:23 elapsed=94.433s phase=train event=interaction_progress trial=0 partition=0 processed=8100 total=14000 metric=ce epoch=1/1
[pipeline-trace] wall=19:12:23 elapsed=92.793s phase=train event=interaction_progress trial=3 partition=0 processed=3400 total=14000 metric=ce epoch=1/1
[pipeline-trace] wall=19:12:24 elapsed=93.161s phase=train event=interaction_progress trial=3 partition=0 processed=3500 total=14000 metric=ce epoch=1/1
[pipeline-trace] wall=19:12:24 elapsed=93.512s phase=train event=interaction_progress trial=3 partition=0 processed=3600 total=14000 metric=ce epoch=1/1
[pipeline-trace] wall=19:12:24 elapsed=95.648s phase=train event=interaction_progress trial=0 partition=0 processed=8200 total=14000 metric=ce epoch=1/1
[pipeline-trace] wall=19:12:24 elapsed=93.818s phase=train event=interaction_progress trial=3 partition=0 processed=3700 total=14000 metric=ce epoch=1/1
[pipeline-trace] wall=19:12:25 elapsed=94.114s phase=train event=interaction_progress trial=3 partition=0 processed=3800 total=14000 metric=ce epoch=1/1
[pipeline-trace] wall=19:12:25 elapsed=94.409s phase=train event=interaction_progress trial=3 partition=0 processed=3900 total=14000 metric=ce epoch=1/1
[pipeline-trace] wall=19:12:25 elapsed=94.671s phase=train event=interaction_progress trial=3 partition=0 processed=4000 total=14000 metric=ce epoch=1/1
[pipeline-trace] wall=19:12:25 elapsed=94.948s phase=train event=interaction_progress trial=3 partition=0 processed=4100 total=14000 metric=ce epoch=1/1
[pipeline-trace] wall=19:12:25 elapsed=96.828s phase=train event=interaction_progress trial=0 partition=0 processed=8300 total=14000 metric=ce epoch=1/1
[pipeline-trace] wall=19:12:26 elapsed=95.229s phase=train event=interaction_progress trial=3 partition=0 processed=4200 total=14000 metric=ce epoch=1/1
[pipeline-trace] wall=19:12:26 elapsed=95.485s phase=train event=interaction_progress trial=3 partition=0 processed=4300 total=14000 metric=ce epoch=1/1
[pipeline-trace] wall=19:12:26 elapsed=95.772s phase=train event=interaction_progress trial=3 partition=0 processed=4400 total=14000 metric=ce epoch=1/1
[pipeline-trace] wall=19:12:26 elapsed=96.041s phase=train event=interaction_progress trial=3 partition=0 processed=4500 total=14000 metric=ce epoch=1/1
[pipeline-trace] wall=19:12:27 elapsed=98.015s phase=train event=interaction_progress trial=0 partition=0 processed=8400 total=14000 metric=ce epoch=1/1
[pipeline-trace] wall=19:12:27 elapsed=96.284s phase=train event=interaction_progress trial=3 partition=0 processed=4600 total=14000 metric=ce epoch=1/1
[pipeline-trace] wall=19:12:27 elapsed=96.506s phase=train event=interaction_progress trial=3 partition=0 processed=4700 total=14000 metric=ce epoch=1/1
[pipeline-trace] wall=19:12:27 elapsed=96.717s phase=train event=interaction_progress trial=3 partition=0 processed=4800 total=14000 metric=ce epoch=1/1
[pipeline-trace] wall=19:12:27 elapsed=96.934s phase=train event=interaction_progress trial=3 partition=0 processed=4900 total=14000 metric=ce epoch=1/1
[pipeline-trace] wall=19:12:28 elapsed=97.149s phase=train event=interaction_progress trial=3 partition=0 processed=5000 total=14000 metric=ce epoch=1/1
[pipeline-trace] wall=19:12:28 elapsed=97.356s phase=train event=interaction_progress trial=3 partition=0 processed=5100 total=14000 metric=ce epoch=1/1
[pipeline-trace] wall=19:12:28 elapsed=99.242s phase=train event=interaction_progress trial=0 partition=0 processed=8500 total=14000 metric=ce epoch=1/1
[pipeline-trace] wall=19:12:28 elapsed=97.591s phase=train event=interaction_progress trial=3 partition=0 processed=5200 total=14000 metric=ce epoch=1/1
[pipeline-trace] wall=19:12:28 elapsed=97.858s phase=train event=interaction_progress trial=3 partition=0 processed=5300 total=14000 metric=ce epoch=1/1
[pipeline-trace] wall=19:12:28 elapsed=98.068s phase=train event=interaction_progress trial=3 partition=0 processed=5400 total=14000 metric=ce epoch=1/1
[pipeline-trace] wall=19:12:29 elapsed=98.298s phase=train event=interaction_progress trial=3 partition=0 processed=5500 total=14000 metric=ce epoch=1/1
[pipeline-trace] wall=19:12:29 elapsed=98.556s phase=train event=interaction_progress trial=3 partition=0 processed=5600 total=14000 metric=ce epoch=1/1
[pipeline-trace] wall=19:12:29 elapsed=100.402s phase=train event=interaction_progress trial=0 partition=0 processed=8600 total=14000 metric=ce epoch=1/1
[pipeline-trace] wall=19:12:29 elapsed=98.837s phase=train event=interaction_progress trial=3 partition=0 processed=5700 total=14000 metric=ce epoch=1/1
[pipeline-trace] wall=19:12:30 elapsed=99.138s phase=train event=interaction_progress trial=3 partition=0 processed=5800 total=14000 metric=ce epoch=1/1
[pipeline-trace] wall=19:12:30 elapsed=99.441s phase=train event=interaction_progress trial=3 partition=0 processed=5900 total=14000 metric=ce epoch=1/1
[pipeline-trace] wall=19:12:30 elapsed=99.676s phase=train event=interaction_progress trial=3 partition=0 processed=6000 total=14000 metric=ce epoch=1/1
[pipeline-trace] wall=19:12:30 elapsed=101.592s phase=train event=interaction_progress trial=0 partition=0 processed=8700 total=14000 metric=ce epoch=1/1
[pipeline-trace] wall=19:12:30 elapsed=99.934s phase=train event=interaction_progress trial=3 partition=0 processed=6100 total=14000 metric=ce epoch=1/1
[pipeline-trace] wall=19:12:31 elapsed=100.226s phase=train event=interaction_progress trial=3 partition=0 processed=6200 total=14000 metric=ce epoch=1/1
[pipeline-trace] wall=19:12:31 elapsed=100.521s phase=train event=interaction_progress trial=3 partition=0 processed=6300 total=14000 metric=ce epoch=1/1
[pipeline-trace] wall=19:12:31 elapsed=100.803s phase=train event=interaction_progress trial=3 partition=0 processed=6400 total=14000 metric=ce epoch=1/1
[pipeline-trace] wall=19:12:31 elapsed=102.799s phase=train event=interaction_progress trial=0 partition=0 processed=8800 total=14000 metric=ce epoch=1/1
[pipeline-trace] wall=19:12:32 elapsed=101.092s phase=train event=interaction_progress trial=3 partition=0 processed=6500 total=14000 metric=ce epoch=1/1
[pipeline-trace] wall=19:12:32 elapsed=101.515s phase=train event=interaction_progress trial=3 partition=0 processed=6600 total=14000 metric=ce epoch=1/1
[pipeline-trace] wall=19:12:32 elapsed=102.016s phase=train event=interaction_progress trial=3 partition=0 processed=6700 total=14000 metric=ce epoch=1/1
[pipeline-trace] wall=19:12:33 elapsed=102.537s phase=train event=interaction_progress trial=3 partition=0 processed=6800 total=14000 metric=ce epoch=1/1
[pipeline-trace] wall=19:12:33 elapsed=103.030s phase=train event=interaction_progress trial=3 partition=0 processed=6900 total=14000 metric=ce epoch=1/1
[pipeline-trace] wall=19:12:35 elapsed=104.197s phase=train event=interaction_progress trial=3 partition=0 processed=7000 total=14000 metric=ce epoch=1/1
[pipeline-trace] wall=19:12:35 elapsed=104.571s phase=train event=interaction_progress trial=3 partition=0 processed=7100 total=14000 metric=ce epoch=1/1
[pipeline-trace] wall=19:12:35 elapsed=106.591s phase=train event=interaction_progress trial=0 partition=0 processed=8900 total=14000 metric=ce epoch=1/1
[pipeline-trace] wall=19:12:35 elapsed=104.950s phase=train event=interaction_progress trial=3 partition=0 processed=7200 total=14000 metric=ce epoch=1/1
[pipeline-trace] wall=19:12:36 elapsed=105.425s phase=train event=interaction_progress trial=3 partition=0 processed=7300 total=14000 metric=ce epoch=1/1
[pipeline-trace] wall=19:12:36 elapsed=105.877s phase=train event=interaction_progress trial=3 partition=0 processed=7400 total=14000 metric=ce epoch=1/1
[pipeline-trace] wall=19:12:38 elapsed=109.610s phase=train event=interaction_progress trial=0 partition=0 processed=9000 total=14000 metric=ce epoch=1/1
[pipeline-trace] wall=19:12:39 elapsed=108.134s phase=train event=interaction_progress trial=3 partition=0 processed=7500 total=14000 metric=ce epoch=1/1
[pipeline-trace] wall=19:12:39 elapsed=108.581s phase=train event=interaction_progress trial=3 partition=0 processed=7600 total=14000 metric=ce epoch=1/1
[pipeline-trace] wall=19:12:39 elapsed=108.914s phase=train event=interaction_progress trial=3 partition=0 processed=7700 total=14000 metric=ce epoch=1/1
[pipeline-trace] wall=19:12:39 elapsed=110.894s phase=train event=interaction_progress trial=0 partition=0 processed=9100 total=14000 metric=ce epoch=1/1
[pipeline-trace] wall=19:12:40 elapsed=109.340s phase=train event=interaction_progress trial=3 partition=0 processed=7800 total=14000 metric=ce epoch=1/1
[pipeline-trace] wall=19:12:40 elapsed=109.721s phase=train event=interaction_progress trial=3 partition=0 processed=7900 total=14000 metric=ce epoch=1/1
[pipeline-trace] wall=19:12:41 elapsed=110.089s phase=train event=interaction_progress trial=3 partition=0 processed=8000 total=14000 metric=ce epoch=1/1
[pipeline-trace] wall=19:12:41 elapsed=112.143s phase=train event=interaction_progress trial=0 partition=0 processed=9200 total=14000 metric=ce epoch=1/1
[pipeline-trace] wall=19:12:41 elapsed=110.368s phase=train event=interaction_progress trial=3 partition=0 processed=8100 total=14000 metric=ce epoch=1/1
[pipeline-trace] wall=19:12:41 elapsed=110.657s phase=train event=interaction_progress trial=3 partition=0 processed=8200 total=14000 metric=ce epoch=1/1
[pipeline-trace] wall=19:12:41 elapsed=111.021s phase=train event=interaction_progress trial=3 partition=0 processed=8300 total=14000 metric=ce epoch=1/1
[pipeline-trace] wall=19:12:42 elapsed=111.432s phase=train event=interaction_progress trial=3 partition=0 processed=8400 total=14000 metric=ce epoch=1/1
[pipeline-trace] wall=19:12:42 elapsed=113.362s phase=train event=interaction_progress trial=0 partition=0 processed=9300 total=14000 metric=ce epoch=1/1
[pipeline-trace] wall=19:12:42 elapsed=111.763s phase=train event=interaction_progress trial=3 partition=0 processed=8500 total=14000 metric=ce epoch=1/1
[pipeline-trace] wall=19:12:43 elapsed=112.097s phase=train event=interaction_progress trial=3 partition=0 processed=8600 total=14000 metric=ce epoch=1/1
[pipeline-trace] wall=19:12:43 elapsed=112.364s phase=train event=interaction_progress trial=3 partition=0 processed=8700 total=14000 metric=ce epoch=1/1
[pipeline-trace] wall=19:12:43 elapsed=112.619s phase=train event=interaction_progress trial=3 partition=0 processed=8800 total=14000 metric=ce epoch=1/1
[pipeline-trace] wall=19:12:43 elapsed=114.554s phase=train event=interaction_progress trial=0 partition=0 processed=9400 total=14000 metric=ce epoch=1/1
[pipeline-trace] wall=19:12:43 elapsed=112.840s phase=train event=interaction_progress trial=3 partition=0 processed=8900 total=14000 metric=ce epoch=1/1
[pipeline-trace] wall=19:12:44 elapsed=113.112s phase=train event=interaction_progress trial=3 partition=0 processed=9000 total=14000 metric=ce epoch=1/1
[pipeline-trace] wall=19:12:44 elapsed=113.401s phase=train event=interaction_progress trial=3 partition=0 processed=9100 total=14000 metric=ce epoch=1/1
[pipeline-trace] wall=19:12:44 elapsed=113.658s phase=train event=interaction_progress trial=3 partition=0 processed=9200 total=14000 metric=ce epoch=1/1
[pipeline-trace] wall=19:12:44 elapsed=115.706s phase=train event=interaction_progress trial=0 partition=0 processed=9500 total=14000 metric=ce epoch=1/1
[pipeline-trace] wall=19:12:44 elapsed=113.935s phase=train event=interaction_progress trial=3 partition=0 processed=9300 total=14000 metric=ce epoch=1/1
[pipeline-trace] wall=19:12:45 elapsed=114.214s phase=train event=interaction_progress trial=3 partition=0 processed=9400 total=14000 metric=ce epoch=1/1
[pipeline-trace] wall=19:12:45 elapsed=114.491s phase=train event=interaction_progress trial=3 partition=0 processed=9500 total=14000 metric=ce epoch=1/1
[pipeline-trace] wall=19:12:45 elapsed=114.769s phase=train event=interaction_progress trial=3 partition=0 processed=9600 total=14000 metric=ce epoch=1/1
[pipeline-trace] wall=19:12:45 elapsed=115.050s phase=train event=interaction_progress trial=3 partition=0 processed=9700 total=14000 metric=ce epoch=1/1
[pipeline-trace] wall=19:12:45 elapsed=116.892s phase=train event=interaction_progress trial=0 partition=0 processed=9600 total=14000 metric=ce epoch=1/1
[pipeline-trace] wall=19:12:46 elapsed=115.340s phase=train event=interaction_progress trial=3 partition=0 processed=9800 total=14000 metric=ce epoch=1/1
[pipeline-trace] wall=19:12:46 elapsed=115.631s phase=train event=interaction_progress trial=3 partition=0 processed=9900 total=14000 metric=ce epoch=1/1
[pipeline-trace] wall=19:12:46 elapsed=115.928s phase=train event=interaction_progress trial=3 partition=0 processed=10000 total=14000 metric=ce epoch=1/1
[pipeline-trace] wall=19:12:47 elapsed=116.192s phase=train event=interaction_progress trial=3 partition=0 processed=10100 total=14000 metric=ce epoch=1/1
[pipeline-trace] wall=19:12:47 elapsed=118.053s phase=train event=interaction_progress trial=0 partition=0 processed=9700 total=14000 metric=ce epoch=1/1
[pipeline-trace] wall=19:12:47 elapsed=116.459s phase=train event=interaction_progress trial=3 partition=0 processed=10200 total=14000 metric=ce epoch=1/1
[pipeline-trace] wall=19:12:47 elapsed=116.752s phase=train event=interaction_progress trial=3 partition=0 processed=10300 total=14000 metric=ce epoch=1/1
[pipeline-trace] wall=19:12:47 elapsed=117.048s phase=train event=interaction_progress trial=3 partition=0 processed=10400 total=14000 metric=ce epoch=1/1
[pipeline-trace] wall=19:12:48 elapsed=117.362s phase=train event=interaction_progress trial=3 partition=0 processed=10500 total=14000 metric=ce epoch=1/1
[pipeline-trace] wall=19:12:48 elapsed=119.216s phase=train event=interaction_progress trial=0 partition=0 processed=9800 total=14000 metric=ce epoch=1/1
[pipeline-trace] wall=19:12:48 elapsed=117.655s phase=train event=interaction_progress trial=3 partition=0 processed=10600 total=14000 metric=ce epoch=1/1
[pipeline-trace] wall=19:12:48 elapsed=117.924s phase=train event=interaction_progress trial=3 partition=0 processed=10700 total=14000 metric=ce epoch=1/1
[pipeline-trace] wall=19:12:49 elapsed=118.187s phase=train event=interaction_progress trial=3 partition=0 processed=10800 total=14000 metric=ce epoch=1/1
[pipeline-trace] wall=19:12:49 elapsed=118.448s phase=train event=interaction_progress trial=3 partition=0 processed=10900 total=14000 metric=ce epoch=1/1
[pipeline-trace] wall=19:12:49 elapsed=120.427s phase=train event=interaction_progress trial=0 partition=0 processed=9900 total=14000 metric=ce epoch=1/1
[pipeline-trace] wall=19:12:49 elapsed=118.735s phase=train event=interaction_progress trial=3 partition=0 processed=11000 total=14000 metric=ce epoch=1/1
[pipeline-trace] wall=19:12:49 elapsed=119.040s phase=train event=interaction_progress trial=3 partition=0 processed=11100 total=14000 metric=ce epoch=1/1
[pipeline-trace] wall=19:12:50 elapsed=119.345s phase=train event=interaction_progress trial=3 partition=0 processed=11200 total=14000 metric=ce epoch=1/1
[pipeline-trace] wall=19:12:50 elapsed=119.646s phase=train event=interaction_progress trial=3 partition=0 processed=11300 total=14000 metric=ce epoch=1/1
[pipeline-trace] wall=19:12:50 elapsed=121.518s phase=train event=interaction_progress trial=0 partition=0 processed=10000 total=14000 metric=ce epoch=1/1
[pipeline-trace] wall=19:12:50 elapsed=119.933s phase=train event=interaction_progress trial=3 partition=0 processed=11400 total=14000 metric=ce epoch=1/1
[pipeline-trace] wall=19:12:51 elapsed=120.221s phase=train event=interaction_progress trial=3 partition=0 processed=11500 total=14000 metric=ce epoch=1/1
[pipeline-trace] wall=19:12:51 elapsed=120.521s phase=train event=interaction_progress trial=3 partition=0 processed=11600 total=14000 metric=ce epoch=1/1
[pipeline-trace] wall=19:12:51 elapsed=120.835s phase=train event=interaction_progress trial=3 partition=0 processed=11700 total=14000 metric=ce epoch=1/1
[pipeline-trace] wall=19:12:51 elapsed=122.675s phase=train event=interaction_progress trial=0 partition=0 processed=10100 total=14000 metric=ce epoch=1/1
[pipeline-trace] wall=19:12:52 elapsed=121.089s phase=train event=interaction_progress trial=3 partition=0 processed=11800 total=14000 metric=ce epoch=1/1
[pipeline-trace] wall=19:12:52 elapsed=121.355s phase=train event=interaction_progress trial=3 partition=0 processed=11900 total=14000 metric=ce epoch=1/1
[pipeline-trace] wall=19:12:52 elapsed=121.625s phase=train event=interaction_progress trial=3 partition=0 processed=12000 total=14000 metric=ce epoch=1/1
[pipeline-trace] wall=19:12:52 elapsed=121.895s phase=train event=interaction_progress trial=3 partition=0 processed=12100 total=14000 metric=ce epoch=1/1
[pipeline-trace] wall=19:12:52 elapsed=123.866s phase=train event=interaction_progress trial=0 partition=0 processed=10200 total=14000 metric=ce epoch=1/1
[pipeline-trace] wall=19:12:53 elapsed=122.167s phase=train event=interaction_progress trial=3 partition=0 processed=12200 total=14000 metric=ce epoch=1/1
[pipeline-trace] wall=19:12:53 elapsed=122.440s phase=train event=interaction_progress trial=3 partition=0 processed=12300 total=14000 metric=ce epoch=1/1
[pipeline-trace] wall=19:12:53 elapsed=122.723s phase=train event=interaction_progress trial=3 partition=0 processed=12400 total=14000 metric=ce epoch=1/1
[pipeline-trace] wall=19:12:53 elapsed=123.010s phase=train event=interaction_progress trial=3 partition=0 processed=12500 total=14000 metric=ce epoch=1/1
[pipeline-trace] wall=19:12:54 elapsed=125.001s phase=train event=interaction_progress trial=0 partition=0 processed=10300 total=14000 metric=ce epoch=1/1
[pipeline-trace] wall=19:12:54 elapsed=123.308s phase=train event=interaction_progress trial=3 partition=0 processed=12600 total=14000 metric=ce epoch=1/1
[pipeline-trace] wall=19:12:54 elapsed=123.607s phase=train event=interaction_progress trial=3 partition=0 processed=12700 total=14000 metric=ce epoch=1/1
[pipeline-trace] wall=19:12:54 elapsed=123.904s phase=train event=interaction_progress trial=3 partition=0 processed=12800 total=14000 metric=ce epoch=1/1
[pipeline-trace] wall=19:12:55 elapsed=124.196s phase=train event=interaction_progress trial=3 partition=0 processed=12900 total=14000 metric=ce epoch=1/1
[pipeline-trace] wall=19:12:55 elapsed=126.182s phase=train event=interaction_progress trial=0 partition=0 processed=10400 total=14000 metric=ce epoch=1/1
[pipeline-trace] wall=19:12:55 elapsed=124.530s phase=train event=interaction_progress trial=3 partition=0 processed=13000 total=14000 metric=ce epoch=1/1
[pipeline-trace] wall=19:12:55 elapsed=124.797s phase=train event=interaction_progress trial=3 partition=0 processed=13100 total=14000 metric=ce epoch=1/1
[pipeline-trace] wall=19:12:56 elapsed=125.107s phase=train event=interaction_progress trial=3 partition=0 processed=13200 total=14000 metric=ce epoch=1/1
[pipeline-trace] wall=19:12:56 elapsed=125.433s phase=train event=interaction_progress trial=3 partition=0 processed=13300 total=14000 metric=ce epoch=1/1
[pipeline-trace] wall=19:12:56 elapsed=127.391s phase=train event=interaction_progress trial=0 partition=0 processed=10500 total=14000 metric=ce epoch=1/1
[pipeline-trace] wall=19:12:56 elapsed=125.732s phase=train event=interaction_progress trial=3 partition=0 processed=13400 total=14000 metric=ce epoch=1/1
[pipeline-trace] wall=19:12:56 elapsed=126.008s phase=train event=interaction_progress trial=3 partition=0 processed=13500 total=14000 metric=ce epoch=1/1
[pipeline-trace] wall=19:12:57 elapsed=126.208s phase=train event=interaction_progress trial=3 partition=0 processed=13600 total=14000 metric=ce epoch=1/1
[pipeline-trace] wall=19:12:57 elapsed=126.418s phase=train event=interaction_progress trial=3 partition=0 processed=13700 total=14000 metric=ce epoch=1/1
[pipeline-trace] wall=19:12:57 elapsed=128.538s phase=train event=interaction_progress trial=0 partition=0 processed=10600 total=14000 metric=ce epoch=1/1
[pipeline-trace] wall=19:12:57 elapsed=126.726s phase=train event=interaction_progress trial=3 partition=0 processed=13800 total=14000 metric=ce epoch=1/1
[pipeline-trace] wall=19:12:57 elapsed=126.983s phase=train event=interaction_progress trial=3 partition=0 processed=13900 total=14000 metric=ce epoch=1/1
[pipeline-trace] wall=19:12:58 elapsed=127.244s phase=train event=interaction_progress trial=3 partition=0 processed=14000 total=14000 metric=ce epoch=1/1
[pipeline-trace] wall=19:12:58 elapsed=127.383s phase=eval event=batch_start trial=3 partitions=[1] synthetic=False
[pipeline-trace] wall=19:12:58 elapsed=127.383s phase=eval event=partition_start trial=3 partition=1 interactions=1999
[pipeline-trace] wall=19:12:58 elapsed=127.383s phase=eval event=interaction_progress trial=3 partition=1 processed=1 total=1999 metric=ranking
[pipeline-trace] wall=19:12:58 elapsed=127.527s phase=eval event=interaction_progress trial=3 partition=1 processed=100 total=1999 metric=ranking
[pipeline-trace] wall=19:12:58 elapsed=127.668s phase=eval event=interaction_progress trial=3 partition=1 processed=200 total=1999 metric=ranking
[pipeline-trace] wall=19:12:58 elapsed=127.811s phase=eval event=interaction_progress trial=3 partition=1 processed=300 total=1999 metric=ranking
[pipeline-trace] wall=19:12:58 elapsed=129.727s phase=train event=interaction_progress trial=0 partition=0 processed=10700 total=14000 metric=ce epoch=1/1
[pipeline-trace] wall=19:12:58 elapsed=127.951s phase=eval event=interaction_progress trial=3 partition=1 processed=400 total=1999 metric=ranking
[pipeline-trace] wall=19:12:59 elapsed=128.090s phase=eval event=interaction_progress trial=3 partition=1 processed=500 total=1999 metric=ranking
[pipeline-trace] wall=19:12:59 elapsed=128.231s phase=eval event=interaction_progress trial=3 partition=1 processed=600 total=1999 metric=ranking
[pipeline-trace] wall=19:12:59 elapsed=128.371s phase=eval event=interaction_progress trial=3 partition=1 processed=700 total=1999 metric=ranking
[pipeline-trace] wall=19:12:59 elapsed=128.510s phase=eval event=interaction_progress trial=3 partition=1 processed=800 total=1999 metric=ranking
[pipeline-trace] wall=19:12:59 elapsed=128.651s phase=eval event=interaction_progress trial=3 partition=1 processed=900 total=1999 metric=ranking
[pipeline-trace] wall=19:12:59 elapsed=128.791s phase=eval event=interaction_progress trial=3 partition=1 processed=1000 total=1999 metric=ranking
[pipeline-trace] wall=19:12:59 elapsed=128.934s phase=eval event=interaction_progress trial=3 partition=1 processed=1100 total=1999 metric=ranking
[pipeline-trace] wall=19:12:59 elapsed=130.882s phase=train event=interaction_progress trial=0 partition=0 processed=10800 total=14000 metric=ce epoch=1/1
[pipeline-trace] wall=19:12:59 elapsed=129.074s phase=eval event=interaction_progress trial=3 partition=1 processed=1200 total=1999 metric=ranking
[pipeline-trace] wall=19:13:00 elapsed=129.214s phase=eval event=interaction_progress trial=3 partition=1 processed=1300 total=1999 metric=ranking
[pipeline-trace] wall=19:13:00 elapsed=129.353s phase=eval event=interaction_progress trial=3 partition=1 processed=1400 total=1999 metric=ranking
[pipeline-trace] wall=19:13:00 elapsed=129.494s phase=eval event=interaction_progress trial=3 partition=1 processed=1500 total=1999 metric=ranking
[pipeline-trace] wall=19:13:00 elapsed=129.634s phase=eval event=interaction_progress trial=3 partition=1 processed=1600 total=1999 metric=ranking
[pipeline-trace] wall=19:13:00 elapsed=129.777s phase=eval event=interaction_progress trial=3 partition=1 processed=1700 total=1999 metric=ranking
[pipeline-trace] wall=19:13:00 elapsed=129.919s phase=eval event=interaction_progress trial=3 partition=1 processed=1800 total=1999 metric=ranking
[pipeline-trace] wall=19:13:00 elapsed=130.060s phase=eval event=interaction_progress trial=3 partition=1 processed=1900 total=1999 metric=ranking
[pipeline-trace] wall=19:13:01 elapsed=132.029s phase=train event=interaction_progress trial=0 partition=0 processed=10900 total=14000 metric=ce epoch=1/1
[pipeline-trace] wall=19:13:01 elapsed=130.200s phase=eval event=interaction_progress trial=3 partition=1 processed=1999 total=1999 metric=ranking
[pipeline-trace] wall=19:13:01 elapsed=130.202s phase=eval event=partition_complete trial=3 partition=1 elapsed_sec=2.818 hits=1568 total=1999
[pipeline-trace] wall=19:13:01 elapsed=130.319s phase=train event=interaction_progress trial=4 partition=0 processed=1 total=14000 metric=ce epoch=1/1
[pipeline-trace] wall=19:13:01 elapsed=130.643s phase=train event=interaction_progress trial=4 partition=0 processed=100 total=14000 metric=ce epoch=1/1
[pipeline-trace] wall=19:13:01 elapsed=131.032s phase=train event=interaction_progress trial=4 partition=0 processed=200 total=14000 metric=ce epoch=1/1
[pipeline-trace] wall=19:13:02 elapsed=133.231s phase=train event=interaction_progress trial=0 partition=0 processed=11000 total=14000 metric=ce epoch=1/1
[pipeline-trace] wall=19:13:02 elapsed=131.420s phase=train event=interaction_progress trial=4 partition=0 processed=300 total=14000 metric=ce epoch=1/1
[pipeline-trace] wall=19:13:02 elapsed=131.811s phase=train event=interaction_progress trial=4 partition=0 processed=400 total=14000 metric=ce epoch=1/1
[pipeline-trace] wall=19:13:03 elapsed=132.181s phase=train event=interaction_progress trial=4 partition=0 processed=500 total=14000 metric=ce epoch=1/1
[pipeline-trace] wall=19:13:03 elapsed=132.535s phase=train event=interaction_progress trial=4 partition=0 processed=600 total=14000 metric=ce epoch=1/1
[pipeline-trace] wall=19:13:03 elapsed=134.402s phase=train event=interaction_progress trial=0 partition=0 processed=11100 total=14000 metric=ce epoch=1/1
[pipeline-trace] wall=19:13:03 elapsed=132.910s phase=train event=interaction_progress trial=4 partition=0 processed=700 total=14000 metric=ce epoch=1/1
[pipeline-trace] wall=19:13:04 elapsed=133.316s phase=train event=interaction_progress trial=4 partition=0 processed=800 total=14000 metric=ce epoch=1/1
[pipeline-trace] wall=19:13:04 elapsed=135.503s phase=train event=interaction_progress trial=0 partition=0 processed=11200 total=14000 metric=ce epoch=1/1
[pipeline-trace] wall=19:13:04 elapsed=133.699s phase=train event=interaction_progress trial=4 partition=0 processed=900 total=14000 metric=ce epoch=1/1
[pipeline-trace] wall=19:13:04 elapsed=134.067s phase=train event=interaction_progress trial=4 partition=0 processed=1000 total=14000 metric=ce epoch=1/1
[pipeline-trace] wall=19:13:05 elapsed=134.443s phase=train event=interaction_progress trial=4 partition=0 processed=1100 total=14000 metric=ce epoch=1/1
[pipeline-trace] wall=19:13:05 elapsed=134.762s phase=train event=interaction_progress trial=4 partition=0 processed=1200 total=14000 metric=ce epoch=1/1
[pipeline-trace] wall=19:13:05 elapsed=136.609s phase=train event=interaction_progress trial=0 partition=0 processed=11300 total=14000 metric=ce epoch=1/1
[pipeline-trace] wall=19:13:06 elapsed=135.075s phase=train event=interaction_progress trial=4 partition=0 processed=1300 total=14000 metric=ce epoch=1/1
[pipeline-trace] wall=19:13:06 elapsed=135.402s phase=train event=interaction_progress trial=4 partition=0 processed=1400 total=14000 metric=ce epoch=1/1
[pipeline-trace] wall=19:13:06 elapsed=135.785s phase=train event=interaction_progress trial=4 partition=0 processed=1500 total=14000 metric=ce epoch=1/1
[pipeline-trace] wall=19:13:06 elapsed=137.690s phase=train event=interaction_progress trial=0 partition=0 processed=11400 total=14000 metric=ce epoch=1/1
[pipeline-trace] wall=19:13:07 elapsed=136.159s phase=train event=interaction_progress trial=4 partition=0 processed=1600 total=14000 metric=ce epoch=1/1
[pipeline-trace] wall=19:13:07 elapsed=136.538s phase=train event=interaction_progress trial=4 partition=0 processed=1700 total=14000 metric=ce epoch=1/1
[pipeline-trace] wall=19:13:07 elapsed=136.932s phase=train event=interaction_progress trial=4 partition=0 processed=1800 total=14000 metric=ce epoch=1/1
[pipeline-trace] wall=19:13:07 elapsed=138.826s phase=train event=interaction_progress trial=0 partition=0 processed=11500 total=14000 metric=ce epoch=1/1
[pipeline-trace] wall=19:13:08 elapsed=137.315s phase=train event=interaction_progress trial=4 partition=0 processed=1900 total=14000 metric=ce epoch=1/1
[pipeline-trace] wall=19:13:08 elapsed=137.687s phase=train event=interaction_progress trial=4 partition=0 processed=2000 total=14000 metric=ce epoch=1/1
[pipeline-trace] wall=19:13:08 elapsed=138.073s phase=train event=interaction_progress trial=4 partition=0 processed=2100 total=14000 metric=ce epoch=1/1
[pipeline-trace] wall=19:13:09 elapsed=140.019s phase=train event=interaction_progress trial=0 partition=0 processed=11600 total=14000 metric=ce epoch=1/1
[pipeline-trace] wall=19:13:09 elapsed=138.421s phase=train event=interaction_progress trial=4 partition=0 processed=2200 total=14000 metric=ce epoch=1/1
[pipeline-trace] wall=19:13:09 elapsed=138.764s phase=train event=interaction_progress trial=4 partition=0 processed=2300 total=14000 metric=ce epoch=1/1
[pipeline-trace] wall=19:13:10 elapsed=139.129s phase=train event=interaction_progress trial=4 partition=0 processed=2400 total=14000 metric=ce epoch=1/1
[pipeline-trace] wall=19:13:10 elapsed=141.199s phase=train event=interaction_progress trial=0 partition=0 processed=11700 total=14000 metric=ce epoch=1/1
[pipeline-trace] wall=19:13:10 elapsed=139.479s phase=train event=interaction_progress trial=4 partition=0 processed=2500 total=14000 metric=ce epoch=1/1
[pipeline-trace] wall=19:13:10 elapsed=139.813s phase=train event=interaction_progress trial=4 partition=0 processed=2600 total=14000 metric=ce epoch=1/1
[pipeline-trace] wall=19:13:11 elapsed=140.142s phase=train event=interaction_progress trial=4 partition=0 processed=2700 total=14000 metric=ce epoch=1/1
[pipeline-trace] wall=19:13:11 elapsed=140.509s phase=train event=interaction_progress trial=4 partition=0 processed=2800 total=14000 metric=ce epoch=1/1
[pipeline-trace] wall=19:13:11 elapsed=142.354s phase=train event=interaction_progress trial=0 partition=0 processed=11800 total=14000 metric=ce epoch=1/1
[pipeline-trace] wall=19:13:11 elapsed=140.833s phase=train event=interaction_progress trial=4 partition=0 processed=2900 total=14000 metric=ce epoch=1/1
[pipeline-trace] wall=19:13:12 elapsed=141.182s phase=train event=interaction_progress trial=4 partition=0 processed=3000 total=14000 metric=ce epoch=1/1
[pipeline-trace] wall=19:13:12 elapsed=141.533s phase=train event=interaction_progress trial=4 partition=0 processed=3100 total=14000 metric=ce epoch=1/1
[pipeline-trace] wall=19:13:12 elapsed=143.567s phase=train event=interaction_progress trial=0 partition=0 processed=11900 total=14000 metric=ce epoch=1/1
[pipeline-trace] wall=19:13:12 elapsed=141.910s phase=train event=interaction_progress trial=4 partition=0 processed=3200 total=14000 metric=ce epoch=1/1
[pipeline-trace] wall=19:13:13 elapsed=142.304s phase=train event=interaction_progress trial=4 partition=0 processed=3300 total=14000 metric=ce epoch=1/1
[pipeline-trace] wall=19:13:13 elapsed=142.685s phase=train event=interaction_progress trial=4 partition=0 processed=3400 total=14000 metric=ce epoch=1/1
[pipeline-trace] wall=19:13:13 elapsed=144.757s phase=train event=interaction_progress trial=0 partition=0 processed=12000 total=14000 metric=ce epoch=1/1
[pipeline-trace] wall=19:13:14 elapsed=143.075s phase=train event=interaction_progress trial=4 partition=0 processed=3500 total=14000 metric=ce epoch=1/1
[pipeline-trace] wall=19:13:14 elapsed=143.438s phase=train event=interaction_progress trial=4 partition=0 processed=3600 total=14000 metric=ce epoch=1/1
[pipeline-trace] wall=19:13:14 elapsed=143.801s phase=train event=interaction_progress trial=4 partition=0 processed=3700 total=14000 metric=ce epoch=1/1
[pipeline-trace] wall=19:13:15 elapsed=145.908s phase=train event=interaction_progress trial=0 partition=0 processed=12100 total=14000 metric=ce epoch=1/1
[pipeline-trace] wall=19:13:15 elapsed=144.198s phase=train event=interaction_progress trial=4 partition=0 processed=3800 total=14000 metric=ce epoch=1/1
[pipeline-trace] wall=19:13:15 elapsed=144.617s phase=train event=interaction_progress trial=4 partition=0 processed=3900 total=14000 metric=ce epoch=1/1
[pipeline-trace] wall=19:13:16 elapsed=145.077s phase=train event=interaction_progress trial=4 partition=0 processed=4000 total=14000 metric=ce epoch=1/1
[pipeline-trace] wall=19:13:16 elapsed=147.109s phase=train event=interaction_progress trial=0 partition=0 processed=12200 total=14000 metric=ce epoch=1/1
[pipeline-trace] wall=19:13:16 elapsed=145.447s phase=train event=interaction_progress trial=4 partition=0 processed=4100 total=14000 metric=ce epoch=1/1
[pipeline-trace] wall=19:13:16 elapsed=145.790s phase=train event=interaction_progress trial=4 partition=0 processed=4200 total=14000 metric=ce epoch=1/1
[pipeline-trace] wall=19:13:17 elapsed=146.128s phase=train event=interaction_progress trial=4 partition=0 processed=4300 total=14000 metric=ce epoch=1/1
[pipeline-trace] wall=19:13:17 elapsed=148.256s phase=train event=interaction_progress trial=0 partition=0 processed=12300 total=14000 metric=ce epoch=1/1
[pipeline-trace] wall=19:13:17 elapsed=146.442s phase=train event=interaction_progress trial=4 partition=0 processed=4400 total=14000 metric=ce epoch=1/1
[pipeline-trace] wall=19:13:17 elapsed=146.754s phase=train event=interaction_progress trial=4 partition=0 processed=4500 total=14000 metric=ce epoch=1/1
[pipeline-trace] wall=19:13:17 elapsed=147.065s phase=train event=interaction_progress trial=4 partition=0 processed=4600 total=14000 metric=ce epoch=1/1
[pipeline-trace] wall=19:13:18 elapsed=147.373s phase=train event=interaction_progress trial=4 partition=0 processed=4700 total=14000 metric=ce epoch=1/1
[pipeline-trace] wall=19:13:18 elapsed=149.431s phase=train event=interaction_progress trial=0 partition=0 processed=12400 total=14000 metric=ce epoch=1/1
[pipeline-trace] wall=19:13:18 elapsed=147.685s phase=train event=interaction_progress trial=4 partition=0 processed=4800 total=14000 metric=ce epoch=1/1
[pipeline-trace] wall=19:13:18 elapsed=147.998s phase=train event=interaction_progress trial=4 partition=0 processed=4900 total=14000 metric=ce epoch=1/1
[pipeline-trace] wall=19:13:19 elapsed=148.308s phase=train event=interaction_progress trial=4 partition=0 processed=5000 total=14000 metric=ce epoch=1/1
[pipeline-trace] wall=19:13:19 elapsed=148.620s phase=train event=interaction_progress trial=4 partition=0 processed=5100 total=14000 metric=ce epoch=1/1
[pipeline-trace] wall=19:13:19 elapsed=150.637s phase=train event=interaction_progress trial=0 partition=0 processed=12500 total=14000 metric=ce epoch=1/1
[pipeline-trace] wall=19:13:19 elapsed=148.939s phase=train event=interaction_progress trial=4 partition=0 processed=5200 total=14000 metric=ce epoch=1/1
[pipeline-trace] wall=19:13:20 elapsed=149.255s phase=train event=interaction_progress trial=4 partition=0 processed=5300 total=14000 metric=ce epoch=1/1
[pipeline-trace] wall=19:13:20 elapsed=149.588s phase=train event=interaction_progress trial=4 partition=0 processed=5400 total=14000 metric=ce epoch=1/1
[pipeline-trace] wall=19:13:20 elapsed=149.914s phase=train event=interaction_progress trial=4 partition=0 processed=5500 total=14000 metric=ce epoch=1/1
[pipeline-trace] wall=19:13:20 elapsed=151.764s phase=train event=interaction_progress trial=0 partition=0 processed=12600 total=14000 metric=ce epoch=1/1
[pipeline-trace] wall=19:13:21 elapsed=150.241s phase=train event=interaction_progress trial=4 partition=0 processed=5600 total=14000 metric=ce epoch=1/1
[pipeline-trace] wall=19:13:21 elapsed=150.545s phase=train event=interaction_progress trial=4 partition=0 processed=5700 total=14000 metric=ce epoch=1/1
[pipeline-trace] wall=19:13:21 elapsed=150.838s phase=train event=interaction_progress trial=4 partition=0 processed=5800 total=14000 metric=ce epoch=1/1
[pipeline-trace] wall=19:13:22 elapsed=152.940s phase=train event=interaction_progress trial=0 partition=0 processed=12700 total=14000 metric=ce epoch=1/1
[pipeline-trace] wall=19:13:22 elapsed=151.115s phase=train event=interaction_progress trial=4 partition=0 processed=5900 total=14000 metric=ce epoch=1/1
[pipeline-trace] wall=19:13:22 elapsed=151.387s phase=train event=interaction_progress trial=4 partition=0 processed=6000 total=14000 metric=ce epoch=1/1
[pipeline-trace] wall=19:13:22 elapsed=151.657s phase=train event=interaction_progress trial=4 partition=0 processed=6100 total=14000 metric=ce epoch=1/1
[pipeline-trace] wall=19:13:22 elapsed=152.038s phase=train event=interaction_progress trial=4 partition=0 processed=6200 total=14000 metric=ce epoch=1/1
[pipeline-trace] wall=19:13:23 elapsed=154.105s phase=train event=interaction_progress trial=0 partition=0 processed=12800 total=14000 metric=ce epoch=1/1
[pipeline-trace] wall=19:13:24 elapsed=153.416s phase=train event=interaction_progress trial=4 partition=0 processed=6300 total=14000 metric=ce epoch=1/1
[pipeline-trace] wall=19:13:25 elapsed=154.109s phase=train event=interaction_progress trial=4 partition=0 processed=6400 total=14000 metric=ce epoch=1/1
[pipeline-trace] wall=19:13:25 elapsed=156.009s phase=train event=interaction_progress trial=0 partition=0 processed=12900 total=14000 metric=ce epoch=1/1
[pipeline-trace] wall=19:13:25 elapsed=156.511s phase=train event=interaction_progress trial=0 partition=0 processed=13000 total=14000 metric=ce epoch=1/1
[pipeline-trace] wall=19:13:25 elapsed=154.772s phase=train event=interaction_progress trial=4 partition=0 processed=6500 total=14000 metric=ce epoch=1/1
[pipeline-trace] wall=19:13:26 elapsed=155.309s phase=train event=interaction_progress trial=4 partition=0 processed=6600 total=14000 metric=ce epoch=1/1
[pipeline-trace] wall=19:13:26 elapsed=157.341s phase=train event=interaction_progress trial=0 partition=0 processed=13100 total=14000 metric=ce epoch=1/1
[pipeline-trace] wall=19:13:27 elapsed=157.926s phase=train event=interaction_progress trial=0 partition=0 processed=13200 total=14000 metric=ce epoch=1/1
[pipeline-trace] wall=19:13:27 elapsed=156.168s phase=train event=interaction_progress trial=4 partition=0 processed=6700 total=14000 metric=ce epoch=1/1
[pipeline-trace] wall=19:13:27 elapsed=158.326s phase=train event=interaction_progress trial=0 partition=0 processed=13300 total=14000 metric=ce epoch=1/1
[pipeline-trace] wall=19:13:27 elapsed=156.745s phase=train event=interaction_progress trial=4 partition=0 processed=6800 total=14000 metric=ce epoch=1/1
[pipeline-trace] wall=19:13:27 elapsed=158.742s phase=train event=interaction_progress trial=0 partition=0 processed=13400 total=14000 metric=ce epoch=1/1
[pipeline-trace] wall=19:13:29 elapsed=158.983s phase=train event=interaction_progress trial=4 partition=0 processed=6900 total=14000 metric=ce epoch=1/1
[pipeline-trace] wall=19:13:30 elapsed=161.093s phase=train event=interaction_progress trial=0 partition=0 processed=13500 total=14000 metric=ce epoch=1/1
[pipeline-trace] wall=19:13:30 elapsed=159.458s phase=train event=interaction_progress trial=4 partition=0 processed=7000 total=14000 metric=ce epoch=1/1
[pipeline-trace] wall=19:13:30 elapsed=159.896s phase=train event=interaction_progress trial=4 partition=0 processed=7100 total=14000 metric=ce epoch=1/1
[pipeline-trace] wall=19:13:31 elapsed=160.275s phase=train event=interaction_progress trial=4 partition=0 processed=7200 total=14000 metric=ce epoch=1/1
[pipeline-trace] wall=19:13:31 elapsed=162.240s phase=train event=interaction_progress trial=0 partition=0 processed=13600 total=14000 metric=ce epoch=1/1
[pipeline-trace] wall=19:13:31 elapsed=160.646s phase=train event=interaction_progress trial=4 partition=0 processed=7300 total=14000 metric=ce epoch=1/1
[pipeline-trace] wall=19:13:31 elapsed=161.020s phase=train event=interaction_progress trial=4 partition=0 processed=7400 total=14000 metric=ce epoch=1/1
[pipeline-trace] wall=19:13:32 elapsed=161.481s phase=train event=interaction_progress trial=4 partition=0 processed=7500 total=14000 metric=ce epoch=1/1
[pipeline-trace] wall=19:13:32 elapsed=163.420s phase=train event=interaction_progress trial=0 partition=0 processed=13700 total=14000 metric=ce epoch=1/1
[pipeline-trace] wall=19:13:32 elapsed=161.846s phase=train event=interaction_progress trial=4 partition=0 processed=7600 total=14000 metric=ce epoch=1/1
[pipeline-trace] wall=19:13:33 elapsed=162.214s phase=train event=interaction_progress trial=4 partition=0 processed=7700 total=14000 metric=ce epoch=1/1
[pipeline-trace] wall=19:13:33 elapsed=162.576s phase=train event=interaction_progress trial=4 partition=0 processed=7800 total=14000 metric=ce epoch=1/1
[pipeline-trace] wall=19:13:33 elapsed=164.604s phase=train event=interaction_progress trial=0 partition=0 processed=13800 total=14000 metric=ce epoch=1/1
[pipeline-trace] wall=19:13:33 elapsed=162.979s phase=train event=interaction_progress trial=4 partition=0 processed=7900 total=14000 metric=ce epoch=1/1
[pipeline-trace] wall=19:13:34 elapsed=163.399s phase=train event=interaction_progress trial=4 partition=0 processed=8000 total=14000 metric=ce epoch=1/1
[pipeline-trace] wall=19:13:34 elapsed=163.788s phase=train event=interaction_progress trial=4 partition=0 processed=8100 total=14000 metric=ce epoch=1/1
[pipeline-trace] wall=19:13:34 elapsed=165.738s phase=train event=interaction_progress trial=0 partition=0 processed=13900 total=14000 metric=ce epoch=1/1
[pipeline-trace] wall=19:13:35 elapsed=164.129s phase=train event=interaction_progress trial=4 partition=0 processed=8200 total=14000 metric=ce epoch=1/1
[pipeline-trace] wall=19:13:35 elapsed=164.507s phase=train event=interaction_progress trial=4 partition=0 processed=8300 total=14000 metric=ce epoch=1/1
[pipeline-trace] wall=19:13:35 elapsed=164.907s phase=train event=interaction_progress trial=4 partition=0 processed=8400 total=14000 metric=ce epoch=1/1
[pipeline-trace] wall=19:13:36 elapsed=166.943s phase=train event=interaction_progress trial=0 partition=0 processed=14000 total=14000 metric=ce epoch=1/1
[pipeline-trace] wall=19:13:36 elapsed=165.249s phase=train event=interaction_progress trial=4 partition=0 processed=8500 total=14000 metric=ce epoch=1/1
[pipeline-trace] wall=19:13:36 elapsed=167.145s phase=eval event=batch_start trial=0 partitions=[1] synthetic=False
[pipeline-trace] wall=19:13:36 elapsed=167.145s phase=eval event=partition_start trial=0 partition=1 interactions=1999
[pipeline-trace] wall=19:13:36 elapsed=167.145s phase=eval event=interaction_progress trial=0 partition=1 processed=1 total=1999 metric=ranking
[pipeline-trace] wall=19:13:36 elapsed=165.604s phase=train event=interaction_progress trial=4 partition=0 processed=8600 total=14000 metric=ce epoch=1/1
[pipeline-trace] wall=19:13:36 elapsed=165.962s phase=train event=interaction_progress trial=4 partition=0 processed=8700 total=14000 metric=ce epoch=1/1
[pipeline-trace] wall=19:13:37 elapsed=166.250s phase=train event=interaction_progress trial=4 partition=0 processed=8800 total=14000 metric=ce epoch=1/1
[pipeline-trace] wall=19:13:37 elapsed=168.389s phase=eval event=interaction_progress trial=0 partition=1 processed=100 total=1999 metric=ranking
[pipeline-trace] wall=19:13:37 elapsed=166.583s phase=train event=interaction_progress trial=4 partition=0 processed=8900 total=14000 metric=ce epoch=1/1
[pipeline-trace] wall=19:13:37 elapsed=166.881s phase=train event=interaction_progress trial=4 partition=0 processed=9000 total=14000 metric=ce epoch=1/1
[pipeline-trace] wall=19:13:38 elapsed=167.172s phase=train event=interaction_progress trial=4 partition=0 processed=9100 total=14000 metric=ce epoch=1/1
[pipeline-trace] wall=19:13:38 elapsed=167.464s phase=train event=interaction_progress trial=4 partition=0 processed=9200 total=14000 metric=ce epoch=1/1
[pipeline-trace] wall=19:13:38 elapsed=167.782s phase=train event=interaction_progress trial=4 partition=0 processed=9300 total=14000 metric=ce epoch=1/1
[pipeline-trace] wall=19:13:38 elapsed=169.725s phase=eval event=interaction_progress trial=0 partition=1 processed=200 total=1999 metric=ranking
[pipeline-trace] wall=19:13:39 elapsed=168.100s phase=train event=interaction_progress trial=4 partition=0 processed=9400 total=14000 metric=ce epoch=1/1
[pipeline-trace] wall=19:13:39 elapsed=168.404s phase=train event=interaction_progress trial=4 partition=0 processed=9500 total=14000 metric=ce epoch=1/1
[pipeline-trace] wall=19:13:39 elapsed=168.756s phase=train event=interaction_progress trial=4 partition=0 processed=9600 total=14000 metric=ce epoch=1/1
[pipeline-trace] wall=19:13:40 elapsed=169.099s phase=train event=interaction_progress trial=4 partition=0 processed=9700 total=14000 metric=ce epoch=1/1
[pipeline-trace] wall=19:13:40 elapsed=171.020s phase=eval event=interaction_progress trial=0 partition=1 processed=300 total=1999 metric=ranking
[pipeline-trace] wall=19:13:40 elapsed=169.453s phase=train event=interaction_progress trial=4 partition=0 processed=9800 total=14000 metric=ce epoch=1/1
[pipeline-trace] wall=19:13:40 elapsed=169.830s phase=train event=interaction_progress trial=4 partition=0 processed=9900 total=14000 metric=ce epoch=1/1
[pipeline-trace] wall=19:13:41 elapsed=170.206s phase=train event=interaction_progress trial=4 partition=0 processed=10000 total=14000 metric=ce epoch=1/1
[pipeline-trace] wall=19:13:41 elapsed=172.352s phase=eval event=interaction_progress trial=0 partition=1 processed=400 total=1999 metric=ranking
[pipeline-trace] wall=19:13:41 elapsed=170.591s phase=train event=interaction_progress trial=4 partition=0 processed=10100 total=14000 metric=ce epoch=1/1
[pipeline-trace] wall=19:13:41 elapsed=170.979s phase=train event=interaction_progress trial=4 partition=0 processed=10200 total=14000 metric=ce epoch=1/1
[pipeline-trace] wall=19:13:42 elapsed=171.364s phase=train event=interaction_progress trial=4 partition=0 processed=10300 total=14000 metric=ce epoch=1/1
[pipeline-trace] wall=19:13:42 elapsed=171.746s phase=train event=interaction_progress trial=4 partition=0 processed=10400 total=14000 metric=ce epoch=1/1
[pipeline-trace] wall=19:13:42 elapsed=173.657s phase=eval event=interaction_progress trial=0 partition=1 processed=500 total=1999 metric=ranking
[pipeline-trace] wall=19:13:43 elapsed=172.132s phase=train event=interaction_progress trial=4 partition=0 processed=10500 total=14000 metric=ce epoch=1/1
[pipeline-trace] wall=19:13:43 elapsed=172.508s phase=train event=interaction_progress trial=4 partition=0 processed=10600 total=14000 metric=ce epoch=1/1
[pipeline-trace] wall=19:13:43 elapsed=172.886s phase=train event=interaction_progress trial=4 partition=0 processed=10700 total=14000 metric=ce epoch=1/1
[pipeline-trace] wall=19:13:44 elapsed=174.967s phase=eval event=interaction_progress trial=0 partition=1 processed=600 total=1999 metric=ranking
[pipeline-trace] wall=19:13:44 elapsed=173.279s phase=train event=interaction_progress trial=4 partition=0 processed=10800 total=14000 metric=ce epoch=1/1
[pipeline-trace] wall=19:13:44 elapsed=173.650s phase=train event=interaction_progress trial=4 partition=0 processed=10900 total=14000 metric=ce epoch=1/1
[pipeline-trace] wall=19:13:44 elapsed=174.031s phase=train event=interaction_progress trial=4 partition=0 processed=11000 total=14000 metric=ce epoch=1/1
[pipeline-trace] wall=19:13:45 elapsed=174.418s phase=train event=interaction_progress trial=4 partition=0 processed=11100 total=14000 metric=ce epoch=1/1
[pipeline-trace] wall=19:13:45 elapsed=176.288s phase=eval event=interaction_progress trial=0 partition=1 processed=700 total=1999 metric=ranking
[pipeline-trace] wall=19:13:45 elapsed=174.807s phase=train event=interaction_progress trial=4 partition=0 processed=11200 total=14000 metric=ce epoch=1/1
[pipeline-trace] wall=19:13:46 elapsed=175.133s phase=train event=interaction_progress trial=4 partition=0 processed=11300 total=14000 metric=ce epoch=1/1
[pipeline-trace] wall=19:13:46 elapsed=175.449s phase=train event=interaction_progress trial=4 partition=0 processed=11400 total=14000 metric=ce epoch=1/1
[pipeline-trace] wall=19:13:46 elapsed=177.589s phase=eval event=interaction_progress trial=0 partition=1 processed=800 total=1999 metric=ranking
[pipeline-trace] wall=19:13:46 elapsed=175.775s phase=train event=interaction_progress trial=4 partition=0 processed=11500 total=14000 metric=ce epoch=1/1
[pipeline-trace] wall=19:13:47 elapsed=176.102s phase=train event=interaction_progress trial=4 partition=0 processed=11600 total=14000 metric=ce epoch=1/1
[pipeline-trace] wall=19:13:47 elapsed=176.426s phase=train event=interaction_progress trial=4 partition=0 processed=11700 total=14000 metric=ce epoch=1/1
[pipeline-trace] wall=19:13:47 elapsed=176.759s phase=train event=interaction_progress trial=4 partition=0 processed=11800 total=14000 metric=ce epoch=1/1
[pipeline-trace] wall=19:13:48 elapsed=177.086s phase=train event=interaction_progress trial=4 partition=0 processed=11900 total=14000 metric=ce epoch=1/1
[pipeline-trace] wall=19:13:48 elapsed=178.926s phase=eval event=interaction_progress trial=0 partition=1 processed=900 total=1999 metric=ranking
[pipeline-trace] wall=19:13:48 elapsed=177.424s phase=train event=interaction_progress trial=4 partition=0 processed=12000 total=14000 metric=ce epoch=1/1
[pipeline-trace] wall=19:13:48 elapsed=177.761s phase=train event=interaction_progress trial=4 partition=0 processed=12100 total=14000 metric=ce epoch=1/1
[pipeline-trace] wall=19:13:49 elapsed=178.090s phase=train event=interaction_progress trial=4 partition=0 processed=12200 total=14000 metric=ce epoch=1/1
[pipeline-trace] wall=19:13:49 elapsed=180.211s phase=eval event=interaction_progress trial=0 partition=1 processed=1000 total=1999 metric=ranking
[pipeline-trace] wall=19:13:49 elapsed=178.413s phase=train event=interaction_progress trial=4 partition=0 processed=12300 total=14000 metric=ce epoch=1/1
[pipeline-trace] wall=19:13:49 elapsed=178.739s phase=train event=interaction_progress trial=4 partition=0 processed=12400 total=14000 metric=ce epoch=1/1
[pipeline-trace] wall=19:13:50 elapsed=179.090s phase=train event=interaction_progress trial=4 partition=0 processed=12500 total=14000 metric=ce epoch=1/1
[pipeline-trace] wall=19:13:50 elapsed=179.435s phase=train event=interaction_progress trial=4 partition=0 processed=12600 total=14000 metric=ce epoch=1/1
[pipeline-trace] wall=19:13:50 elapsed=181.506s phase=eval event=interaction_progress trial=0 partition=1 processed=1100 total=1999 metric=ranking
[pipeline-trace] wall=19:13:50 elapsed=179.757s phase=train event=interaction_progress trial=4 partition=0 processed=12700 total=14000 metric=ce epoch=1/1
[pipeline-trace] wall=19:13:51 elapsed=180.075s phase=train event=interaction_progress trial=4 partition=0 processed=12800 total=14000 metric=ce epoch=1/1
[pipeline-trace] wall=19:13:51 elapsed=180.396s phase=train event=interaction_progress trial=4 partition=0 processed=12900 total=14000 metric=ce epoch=1/1
[pipeline-trace] wall=19:13:51 elapsed=180.696s phase=train event=interaction_progress trial=4 partition=0 processed=13000 total=14000 metric=ce epoch=1/1
[pipeline-trace] wall=19:13:51 elapsed=180.974s phase=train event=interaction_progress trial=4 partition=0 processed=13100 total=14000 metric=ce epoch=1/1
[pipeline-trace] wall=19:13:51 elapsed=182.820s phase=eval event=interaction_progress trial=0 partition=1 processed=1200 total=1999 metric=ranking
[pipeline-trace] wall=19:13:52 elapsed=181.255s phase=train event=interaction_progress trial=4 partition=0 processed=13200 total=14000 metric=ce epoch=1/1
[pipeline-trace] wall=19:13:52 elapsed=181.577s phase=train event=interaction_progress trial=4 partition=0 processed=13300 total=14000 metric=ce epoch=1/1
[pipeline-trace] wall=19:13:52 elapsed=181.923s phase=train event=interaction_progress trial=4 partition=0 processed=13400 total=14000 metric=ce epoch=1/1
[pipeline-trace] wall=19:13:53 elapsed=182.282s phase=train event=interaction_progress trial=4 partition=0 processed=13500 total=14000 metric=ce epoch=1/1
[pipeline-trace] wall=19:13:53 elapsed=184.144s phase=eval event=interaction_progress trial=0 partition=1 processed=1300 total=1999 metric=ranking
[pipeline-trace] wall=19:13:53 elapsed=182.655s phase=train event=interaction_progress trial=4 partition=0 processed=13600 total=14000 metric=ce epoch=1/1
[pipeline-trace] wall=19:13:53 elapsed=183.033s phase=train event=interaction_progress trial=4 partition=0 processed=13700 total=14000 metric=ce epoch=1/1
[pipeline-trace] wall=19:13:54 elapsed=183.416s phase=train event=interaction_progress trial=4 partition=0 processed=13800 total=14000 metric=ce epoch=1/1
[pipeline-trace] wall=19:13:54 elapsed=185.426s phase=eval event=interaction_progress trial=0 partition=1 processed=1400 total=1999 metric=ranking
[pipeline-trace] wall=19:13:54 elapsed=183.802s phase=train event=interaction_progress trial=4 partition=0 processed=13900 total=14000 metric=ce epoch=1/1
[pipeline-trace] wall=19:13:55 elapsed=184.186s phase=train event=interaction_progress trial=4 partition=0 processed=14000 total=14000 metric=ce epoch=1/1
[pipeline-trace] wall=19:13:55 elapsed=184.271s phase=eval event=batch_start trial=4 partitions=[1] synthetic=False
[pipeline-trace] wall=19:13:55 elapsed=184.271s phase=eval event=partition_start trial=4 partition=1 interactions=1999
[pipeline-trace] wall=19:13:55 elapsed=184.271s phase=eval event=interaction_progress trial=4 partition=1 processed=1 total=1999 metric=ranking
[pipeline-trace] wall=19:13:55 elapsed=184.491s phase=eval event=interaction_progress trial=4 partition=1 processed=100 total=1999 metric=ranking
[pipeline-trace] wall=19:13:55 elapsed=184.711s phase=eval event=interaction_progress trial=4 partition=1 processed=200 total=1999 metric=ranking
[pipeline-trace] wall=19:13:55 elapsed=186.765s phase=eval event=interaction_progress trial=0 partition=1 processed=1500 total=1999 metric=ranking
[pipeline-trace] wall=19:13:55 elapsed=184.943s phase=eval event=interaction_progress trial=4 partition=1 processed=300 total=1999 metric=ranking
[pipeline-trace] wall=19:13:56 elapsed=185.174s phase=eval event=interaction_progress trial=4 partition=1 processed=400 total=1999 metric=ranking
[pipeline-trace] wall=19:13:56 elapsed=185.407s phase=eval event=interaction_progress trial=4 partition=1 processed=500 total=1999 metric=ranking
[pipeline-trace] wall=19:13:56 elapsed=185.638s phase=eval event=interaction_progress trial=4 partition=1 processed=600 total=1999 metric=ranking
[pipeline-trace] wall=19:13:56 elapsed=185.871s phase=eval event=interaction_progress trial=4 partition=1 processed=700 total=1999 metric=ranking
[pipeline-trace] wall=19:13:57 elapsed=186.104s phase=eval event=interaction_progress trial=4 partition=1 processed=800 total=1999 metric=ranking
[pipeline-trace] wall=19:13:57 elapsed=188.055s phase=eval event=interaction_progress trial=0 partition=1 processed=1600 total=1999 metric=ranking
[pipeline-trace] wall=19:13:57 elapsed=186.336s phase=eval event=interaction_progress trial=4 partition=1 processed=900 total=1999 metric=ranking
[pipeline-trace] wall=19:13:57 elapsed=186.568s phase=eval event=interaction_progress trial=4 partition=1 processed=1000 total=1999 metric=ranking
[pipeline-trace] wall=19:13:57 elapsed=186.802s phase=eval event=interaction_progress trial=4 partition=1 processed=1100 total=1999 metric=ranking
[pipeline-trace] wall=19:13:57 elapsed=187.034s phase=eval event=interaction_progress trial=4 partition=1 processed=1200 total=1999 metric=ranking
[pipeline-trace] wall=19:13:58 elapsed=187.260s phase=eval event=interaction_progress trial=4 partition=1 processed=1300 total=1999 metric=ranking
[pipeline-trace] wall=19:13:58 elapsed=187.486s phase=eval event=interaction_progress trial=4 partition=1 processed=1400 total=1999 metric=ranking
[pipeline-trace] wall=19:13:58 elapsed=189.378s phase=eval event=interaction_progress trial=0 partition=1 processed=1700 total=1999 metric=ranking
[pipeline-trace] wall=19:13:58 elapsed=187.716s phase=eval event=interaction_progress trial=4 partition=1 processed=1500 total=1999 metric=ranking
[pipeline-trace] wall=19:13:58 elapsed=187.944s phase=eval event=interaction_progress trial=4 partition=1 processed=1600 total=1999 metric=ranking
[pipeline-trace] wall=19:13:59 elapsed=188.171s phase=eval event=interaction_progress trial=4 partition=1 processed=1700 total=1999 metric=ranking
[pipeline-trace] wall=19:13:59 elapsed=188.401s phase=eval event=interaction_progress trial=4 partition=1 processed=1800 total=1999 metric=ranking
[pipeline-trace] wall=19:13:59 elapsed=188.632s phase=eval event=interaction_progress trial=4 partition=1 processed=1900 total=1999 metric=ranking
[pipeline-trace] wall=19:13:59 elapsed=190.647s phase=eval event=interaction_progress trial=0 partition=1 processed=1800 total=1999 metric=ranking
[pipeline-trace] wall=19:13:59 elapsed=188.859s phase=eval event=interaction_progress trial=4 partition=1 processed=1999 total=1999 metric=ranking
[pipeline-trace] wall=19:13:59 elapsed=188.862s phase=eval event=partition_complete trial=4 partition=1 elapsed_sec=4.590 hits=1175 total=1999
[pipeline-trace] wall=19:13:59 elapsed=189.028s phase=train event=interaction_progress trial=5 partition=0 processed=1 total=14000 metric=ce epoch=1/1
[pipeline-trace] wall=19:14:00 elapsed=189.318s phase=train event=interaction_progress trial=5 partition=0 processed=100 total=14000 metric=ce epoch=1/1
[pipeline-trace] wall=19:14:00 elapsed=189.620s phase=train event=interaction_progress trial=5 partition=0 processed=200 total=14000 metric=ce epoch=1/1
[pipeline-trace] wall=19:14:00 elapsed=189.916s phase=train event=interaction_progress trial=5 partition=0 processed=300 total=14000 metric=ce epoch=1/1
[pipeline-trace] wall=19:14:01 elapsed=192.028s phase=eval event=interaction_progress trial=0 partition=1 processed=1900 total=1999 metric=ranking
[pipeline-trace] wall=19:14:01 elapsed=190.206s phase=train event=interaction_progress trial=5 partition=0 processed=400 total=14000 metric=ce epoch=1/1
[pipeline-trace] wall=19:14:01 elapsed=190.497s phase=train event=interaction_progress trial=5 partition=0 processed=500 total=14000 metric=ce epoch=1/1
[pipeline-trace] wall=19:14:01 elapsed=190.787s phase=train event=interaction_progress trial=5 partition=0 processed=600 total=14000 metric=ce epoch=1/1
[pipeline-trace] wall=19:14:02 elapsed=191.075s phase=train event=interaction_progress trial=5 partition=0 processed=700 total=14000 metric=ce epoch=1/1
[pipeline-trace] wall=19:14:02 elapsed=191.368s phase=train event=interaction_progress trial=5 partition=0 processed=800 total=14000 metric=ce epoch=1/1
[pipeline-trace] wall=19:14:02 elapsed=193.237s phase=eval event=interaction_progress trial=0 partition=1 processed=1999 total=1999 metric=ranking
[pipeline-trace] wall=19:14:02 elapsed=193.254s phase=eval event=partition_complete trial=0 partition=1 elapsed_sec=26.108 hits=1829 total=1999
[pipeline-trace] wall=19:14:02 elapsed=193.380s phase=train event=interaction_progress trial=6 partition=0 processed=1 total=14000 metric=ce epoch=1/1
[pipeline-trace] wall=19:14:02 elapsed=191.659s phase=train event=interaction_progress trial=5 partition=0 processed=900 total=14000 metric=ce epoch=1/1
[pipeline-trace] wall=19:14:02 elapsed=191.958s phase=train event=interaction_progress trial=5 partition=0 processed=1000 total=14000 metric=ce epoch=1/1
[pipeline-trace] wall=19:14:03 elapsed=192.257s phase=train event=interaction_progress trial=5 partition=0 processed=1100 total=14000 metric=ce epoch=1/1
[pipeline-trace] wall=19:14:03 elapsed=192.509s phase=train event=interaction_progress trial=5 partition=0 processed=1200 total=14000 metric=ce epoch=1/1
[pipeline-trace] wall=19:14:03 elapsed=192.756s phase=train event=interaction_progress trial=5 partition=0 processed=1300 total=14000 metric=ce epoch=1/1
[pipeline-trace] wall=19:14:03 elapsed=194.727s phase=train event=interaction_progress trial=6 partition=0 processed=100 total=14000 metric=ce epoch=1/1
[pipeline-trace] wall=19:14:03 elapsed=193.063s phase=train event=interaction_progress trial=5 partition=0 processed=1400 total=14000 metric=ce epoch=1/1
[pipeline-trace] wall=19:14:04 elapsed=193.356s phase=train event=interaction_progress trial=5 partition=0 processed=1500 total=14000 metric=ce epoch=1/1
[pipeline-trace] wall=19:14:04 elapsed=193.665s phase=train event=interaction_progress trial=5 partition=0 processed=1600 total=14000 metric=ce epoch=1/1
[pipeline-trace] wall=19:14:04 elapsed=193.906s phase=train event=interaction_progress trial=5 partition=0 processed=1700 total=14000 metric=ce epoch=1/1
[pipeline-trace] wall=19:14:05 elapsed=194.145s phase=train event=interaction_progress trial=5 partition=0 processed=1800 total=14000 metric=ce epoch=1/1
[pipeline-trace] wall=19:14:05 elapsed=196.129s phase=train event=interaction_progress trial=6 partition=0 processed=200 total=14000 metric=ce epoch=1/1
[pipeline-trace] wall=19:14:05 elapsed=194.399s phase=train event=interaction_progress trial=5 partition=0 processed=1900 total=14000 metric=ce epoch=1/1
[pipeline-trace] wall=19:14:05 elapsed=194.649s phase=train event=interaction_progress trial=5 partition=0 processed=2000 total=14000 metric=ce epoch=1/1
[pipeline-trace] wall=19:14:05 elapsed=194.924s phase=train event=interaction_progress trial=5 partition=0 processed=2100 total=14000 metric=ce epoch=1/1
[pipeline-trace] wall=19:14:06 elapsed=195.226s phase=train event=interaction_progress trial=5 partition=0 processed=2200 total=14000 metric=ce epoch=1/1
[pipeline-trace] wall=19:14:06 elapsed=195.540s phase=train event=interaction_progress trial=5 partition=0 processed=2300 total=14000 metric=ce epoch=1/1
[pipeline-trace] wall=19:14:06 elapsed=197.479s phase=train event=interaction_progress trial=6 partition=0 processed=300 total=14000 metric=ce epoch=1/1
[pipeline-trace] wall=19:14:06 elapsed=195.856s phase=train event=interaction_progress trial=5 partition=0 processed=2400 total=14000 metric=ce epoch=1/1
[pipeline-trace] wall=19:14:07 elapsed=196.165s phase=train event=interaction_progress trial=5 partition=0 processed=2500 total=14000 metric=ce epoch=1/1
[pipeline-trace] wall=19:14:07 elapsed=196.479s phase=train event=interaction_progress trial=5 partition=0 processed=2600 total=14000 metric=ce epoch=1/1
[pipeline-trace] wall=19:14:07 elapsed=196.779s phase=train event=interaction_progress trial=5 partition=0 processed=2700 total=14000 metric=ce epoch=1/1
[pipeline-trace] wall=19:14:07 elapsed=198.904s phase=train event=interaction_progress trial=6 partition=0 processed=400 total=14000 metric=ce epoch=1/1
[pipeline-trace] wall=19:14:08 elapsed=197.081s phase=train event=interaction_progress trial=5 partition=0 processed=2800 total=14000 metric=ce epoch=1/1
[pipeline-trace] wall=19:14:08 elapsed=197.383s phase=train event=interaction_progress trial=5 partition=0 processed=2900 total=14000 metric=ce epoch=1/1
[pipeline-trace] wall=19:14:08 elapsed=197.677s phase=train event=interaction_progress trial=5 partition=0 processed=3000 total=14000 metric=ce epoch=1/1
[pipeline-trace] wall=19:14:08 elapsed=197.972s phase=train event=interaction_progress trial=5 partition=0 processed=3100 total=14000 metric=ce epoch=1/1
[pipeline-trace] wall=19:14:09 elapsed=198.265s phase=train event=interaction_progress trial=5 partition=0 processed=3200 total=14000 metric=ce epoch=1/1
[pipeline-trace] wall=19:14:09 elapsed=200.297s phase=train event=interaction_progress trial=6 partition=0 processed=500 total=14000 metric=ce epoch=1/1
[pipeline-trace] wall=19:14:09 elapsed=198.577s phase=train event=interaction_progress trial=5 partition=0 processed=3300 total=14000 metric=ce epoch=1/1
[pipeline-trace] wall=19:14:09 elapsed=198.880s phase=train event=interaction_progress trial=5 partition=0 processed=3400 total=14000 metric=ce epoch=1/1
[pipeline-trace] wall=19:14:10 elapsed=199.171s phase=train event=interaction_progress trial=5 partition=0 processed=3500 total=14000 metric=ce epoch=1/1
[pipeline-trace] wall=19:14:10 elapsed=199.466s phase=train event=interaction_progress trial=5 partition=0 processed=3600 total=14000 metric=ce epoch=1/1
[pipeline-trace] wall=19:14:10 elapsed=199.769s phase=train event=interaction_progress trial=5 partition=0 processed=3700 total=14000 metric=ce epoch=1/1
[pipeline-trace] wall=19:14:10 elapsed=201.787s phase=train event=interaction_progress trial=6 partition=0 processed=600 total=14000 metric=ce epoch=1/1
[pipeline-trace] wall=19:14:11 elapsed=200.117s phase=train event=interaction_progress trial=5 partition=0 processed=3800 total=14000 metric=ce epoch=1/1
[pipeline-trace] wall=19:14:11 elapsed=200.396s phase=train event=interaction_progress trial=5 partition=0 processed=3900 total=14000 metric=ce epoch=1/1
[pipeline-trace] wall=19:14:11 elapsed=200.696s phase=train event=interaction_progress trial=5 partition=0 processed=4000 total=14000 metric=ce epoch=1/1
[pipeline-trace] wall=19:14:11 elapsed=200.992s phase=train event=interaction_progress trial=5 partition=0 processed=4100 total=14000 metric=ce epoch=1/1
[pipeline-trace] wall=19:14:12 elapsed=201.275s phase=train event=interaction_progress trial=5 partition=0 processed=4200 total=14000 metric=ce epoch=1/1
[pipeline-trace] wall=19:14:12 elapsed=203.281s phase=train event=interaction_progress trial=6 partition=0 processed=700 total=14000 metric=ce epoch=1/1
[pipeline-trace] wall=19:14:12 elapsed=201.565s phase=train event=interaction_progress trial=5 partition=0 processed=4300 total=14000 metric=ce epoch=1/1
[pipeline-trace] wall=19:14:12 elapsed=201.871s phase=train event=interaction_progress trial=5 partition=0 processed=4400 total=14000 metric=ce epoch=1/1
[pipeline-trace] wall=19:14:13 elapsed=202.176s phase=train event=interaction_progress trial=5 partition=0 processed=4500 total=14000 metric=ce epoch=1/1
[pipeline-trace] wall=19:14:13 elapsed=202.465s phase=train event=interaction_progress trial=5 partition=0 processed=4600 total=14000 metric=ce epoch=1/1
[pipeline-trace] wall=19:14:13 elapsed=202.804s phase=train event=interaction_progress trial=5 partition=0 processed=4700 total=14000 metric=ce epoch=1/1
[pipeline-trace] wall=19:14:14 elapsed=203.402s phase=train event=interaction_progress trial=5 partition=0 processed=4800 total=14000 metric=ce epoch=1/1
[pipeline-trace] wall=19:14:15 elapsed=204.208s phase=train event=interaction_progress trial=5 partition=0 processed=4900 total=14000 metric=ce epoch=1/1
[pipeline-trace] wall=19:14:15 elapsed=204.719s phase=train event=interaction_progress trial=5 partition=0 processed=5000 total=14000 metric=ce epoch=1/1
[pipeline-trace] wall=19:14:15 elapsed=206.723s phase=train event=interaction_progress trial=6 partition=0 processed=800 total=14000 metric=ce epoch=1/1
[pipeline-trace] wall=19:14:16 elapsed=205.080s phase=train event=interaction_progress trial=5 partition=0 processed=5100 total=14000 metric=ce epoch=1/1
[pipeline-trace] wall=19:14:16 elapsed=205.545s phase=train event=interaction_progress trial=5 partition=0 processed=5200 total=14000 metric=ce epoch=1/1
[pipeline-trace] wall=19:14:16 elapsed=206.009s phase=train event=interaction_progress trial=5 partition=0 processed=5300 total=14000 metric=ce epoch=1/1
[pipeline-trace] wall=19:14:17 elapsed=208.098s phase=train event=interaction_progress trial=6 partition=0 processed=900 total=14000 metric=ce epoch=1/1
[pipeline-trace] wall=19:14:17 elapsed=206.560s phase=train event=interaction_progress trial=5 partition=0 processed=5400 total=14000 metric=ce epoch=1/1
[pipeline-trace] wall=19:14:17 elapsed=206.976s phase=train event=interaction_progress trial=5 partition=0 processed=5500 total=14000 metric=ce epoch=1/1
[pipeline-trace] wall=19:14:18 elapsed=207.374s phase=train event=interaction_progress trial=5 partition=0 processed=5600 total=14000 metric=ce epoch=1/1
[pipeline-trace] wall=19:14:18 elapsed=209.486s phase=train event=interaction_progress trial=6 partition=0 processed=1000 total=14000 metric=ce epoch=1/1
[pipeline-trace] wall=19:14:18 elapsed=207.832s phase=train event=interaction_progress trial=5 partition=0 processed=5700 total=14000 metric=ce epoch=1/1
[pipeline-trace] wall=19:14:19 elapsed=208.273s phase=train event=interaction_progress trial=5 partition=0 processed=5800 total=14000 metric=ce epoch=1/1
[pipeline-trace] wall=19:14:19 elapsed=208.722s phase=train event=interaction_progress trial=5 partition=0 processed=5900 total=14000 metric=ce epoch=1/1
[pipeline-trace] wall=19:14:19 elapsed=210.871s phase=train event=interaction_progress trial=6 partition=0 processed=1100 total=14000 metric=ce epoch=1/1
[pipeline-trace] wall=19:14:20 elapsed=209.148s phase=train event=interaction_progress trial=5 partition=0 processed=6000 total=14000 metric=ce epoch=1/1
[pipeline-trace] wall=19:14:20 elapsed=209.580s phase=train event=interaction_progress trial=5 partition=0 processed=6100 total=14000 metric=ce epoch=1/1
[pipeline-trace] wall=19:14:20 elapsed=210.011s phase=train event=interaction_progress trial=5 partition=0 processed=6200 total=14000 metric=ce epoch=1/1
[pipeline-trace] wall=19:14:21 elapsed=210.365s phase=train event=interaction_progress trial=5 partition=0 processed=6300 total=14000 metric=ce epoch=1/1
[pipeline-trace] wall=19:14:21 elapsed=212.226s phase=train event=interaction_progress trial=6 partition=0 processed=1200 total=14000 metric=ce epoch=1/1
[pipeline-trace] wall=19:14:21 elapsed=210.710s phase=train event=interaction_progress trial=5 partition=0 processed=6400 total=14000 metric=ce epoch=1/1
[pipeline-trace] wall=19:14:21 elapsed=211.055s phase=train event=interaction_progress trial=5 partition=0 processed=6500 total=14000 metric=ce epoch=1/1
[pipeline-trace] wall=19:14:22 elapsed=211.299s phase=train event=interaction_progress trial=5 partition=0 processed=6600 total=14000 metric=ce epoch=1/1
[pipeline-trace] wall=19:14:22 elapsed=211.595s phase=train event=interaction_progress trial=5 partition=0 processed=6700 total=14000 metric=ce epoch=1/1
[pipeline-trace] wall=19:14:22 elapsed=213.644s phase=train event=interaction_progress trial=6 partition=0 processed=1300 total=14000 metric=ce epoch=1/1
[pipeline-trace] wall=19:14:22 elapsed=211.938s phase=train event=interaction_progress trial=5 partition=0 processed=6800 total=14000 metric=ce epoch=1/1
[pipeline-trace] wall=19:14:23 elapsed=212.283s phase=train event=interaction_progress trial=5 partition=0 processed=6900 total=14000 metric=ce epoch=1/1
[pipeline-trace] wall=19:14:23 elapsed=212.662s phase=train event=interaction_progress trial=5 partition=0 processed=7000 total=14000 metric=ce epoch=1/1
[pipeline-trace] wall=19:14:23 elapsed=212.996s phase=train event=interaction_progress trial=5 partition=0 processed=7100 total=14000 metric=ce epoch=1/1
[pipeline-trace] wall=19:14:24 elapsed=215.012s phase=train event=interaction_progress trial=6 partition=0 processed=1400 total=14000 metric=ce epoch=1/1
[pipeline-trace] wall=19:14:24 elapsed=213.380s phase=train event=interaction_progress trial=5 partition=0 processed=7200 total=14000 metric=ce epoch=1/1
[pipeline-trace] wall=19:14:24 elapsed=213.665s phase=train event=interaction_progress trial=5 partition=0 processed=7300 total=14000 metric=ce epoch=1/1
[pipeline-trace] wall=19:14:24 elapsed=214.021s phase=train event=interaction_progress trial=5 partition=0 processed=7400 total=14000 metric=ce epoch=1/1
[pipeline-trace] wall=19:14:25 elapsed=214.315s phase=train event=interaction_progress trial=5 partition=0 processed=7500 total=14000 metric=ce epoch=1/1
[pipeline-trace] wall=19:14:25 elapsed=214.607s phase=train event=interaction_progress trial=5 partition=0 processed=7600 total=14000 metric=ce epoch=1/1
[pipeline-trace] wall=19:14:25 elapsed=216.443s phase=train event=interaction_progress trial=6 partition=0 processed=1500 total=14000 metric=ce epoch=1/1
[pipeline-trace] wall=19:14:25 elapsed=214.878s phase=train event=interaction_progress trial=5 partition=0 processed=7700 total=14000 metric=ce epoch=1/1
[pipeline-trace] wall=19:14:26 elapsed=215.136s phase=train event=interaction_progress trial=5 partition=0 processed=7800 total=14000 metric=ce epoch=1/1
[pipeline-trace] wall=19:14:26 elapsed=215.383s phase=train event=interaction_progress trial=5 partition=0 processed=7900 total=14000 metric=ce epoch=1/1
[pipeline-trace] wall=19:14:26 elapsed=215.650s phase=train event=interaction_progress trial=5 partition=0 processed=8000 total=14000 metric=ce epoch=1/1
[pipeline-trace] wall=19:14:26 elapsed=215.904s phase=train event=interaction_progress trial=5 partition=0 processed=8100 total=14000 metric=ce epoch=1/1
[pipeline-trace] wall=19:14:26 elapsed=217.774s phase=train event=interaction_progress trial=6 partition=0 processed=1600 total=14000 metric=ce epoch=1/1
[pipeline-trace] wall=19:14:27 elapsed=216.158s phase=train event=interaction_progress trial=5 partition=0 processed=8200 total=14000 metric=ce epoch=1/1
[pipeline-trace] wall=19:14:27 elapsed=216.388s phase=train event=interaction_progress trial=5 partition=0 processed=8300 total=14000 metric=ce epoch=1/1
[pipeline-trace] wall=19:14:27 elapsed=216.625s phase=train event=interaction_progress trial=5 partition=0 processed=8400 total=14000 metric=ce epoch=1/1
[pipeline-trace] wall=19:14:27 elapsed=216.876s phase=train event=interaction_progress trial=5 partition=0 processed=8500 total=14000 metric=ce epoch=1/1
[pipeline-trace] wall=19:14:28 elapsed=217.146s phase=train event=interaction_progress trial=5 partition=0 processed=8600 total=14000 metric=ce epoch=1/1
[pipeline-trace] wall=19:14:28 elapsed=217.400s phase=train event=interaction_progress trial=5 partition=0 processed=8700 total=14000 metric=ce epoch=1/1
[pipeline-trace] wall=19:14:28 elapsed=219.306s phase=train event=interaction_progress trial=6 partition=0 processed=1700 total=14000 metric=ce epoch=1/1
[pipeline-trace] wall=19:14:28 elapsed=217.669s phase=train event=interaction_progress trial=5 partition=0 processed=8800 total=14000 metric=ce epoch=1/1
[pipeline-trace] wall=19:14:28 elapsed=217.943s phase=train event=interaction_progress trial=5 partition=0 processed=8900 total=14000 metric=ce epoch=1/1
[pipeline-trace] wall=19:14:29 elapsed=218.215s phase=train event=interaction_progress trial=5 partition=0 processed=9000 total=14000 metric=ce epoch=1/1
[pipeline-trace] wall=19:14:29 elapsed=218.477s phase=train event=interaction_progress trial=5 partition=0 processed=9100 total=14000 metric=ce epoch=1/1
[pipeline-trace] wall=19:14:29 elapsed=218.742s phase=train event=interaction_progress trial=5 partition=0 processed=9200 total=14000 metric=ce epoch=1/1
[pipeline-trace] wall=19:14:29 elapsed=220.807s phase=train event=interaction_progress trial=6 partition=0 processed=1800 total=14000 metric=ce epoch=1/1
[pipeline-trace] wall=19:14:29 elapsed=218.997s phase=train event=interaction_progress trial=5 partition=0 processed=9300 total=14000 metric=ce epoch=1/1
[pipeline-trace] wall=19:14:30 elapsed=219.278s phase=train event=interaction_progress trial=5 partition=0 processed=9400 total=14000 metric=ce epoch=1/1
[pipeline-trace] wall=19:14:30 elapsed=219.626s phase=train event=interaction_progress trial=5 partition=0 processed=9500 total=14000 metric=ce epoch=1/1
[pipeline-trace] wall=19:14:30 elapsed=219.867s phase=train event=interaction_progress trial=5 partition=0 processed=9600 total=14000 metric=ce epoch=1/1
[pipeline-trace] wall=19:14:31 elapsed=220.118s phase=train event=interaction_progress trial=5 partition=0 processed=9700 total=14000 metric=ce epoch=1/1
[pipeline-trace] wall=19:14:31 elapsed=220.366s phase=train event=interaction_progress trial=5 partition=0 processed=9800 total=14000 metric=ce epoch=1/1
[pipeline-trace] wall=19:14:31 elapsed=222.303s phase=train event=interaction_progress trial=6 partition=0 processed=1900 total=14000 metric=ce epoch=1/1
[pipeline-trace] wall=19:14:31 elapsed=220.625s phase=train event=interaction_progress trial=5 partition=0 processed=9900 total=14000 metric=ce epoch=1/1
[pipeline-trace] wall=19:14:31 elapsed=220.883s phase=train event=interaction_progress trial=5 partition=0 processed=10000 total=14000 metric=ce epoch=1/1
[pipeline-trace] wall=19:14:32 elapsed=221.152s phase=train event=interaction_progress trial=5 partition=0 processed=10100 total=14000 metric=ce epoch=1/1
[pipeline-trace] wall=19:14:32 elapsed=221.398s phase=train event=interaction_progress trial=5 partition=0 processed=10200 total=14000 metric=ce epoch=1/1
[pipeline-trace] wall=19:14:32 elapsed=221.660s phase=train event=interaction_progress trial=5 partition=0 processed=10300 total=14000 metric=ce epoch=1/1
[pipeline-trace] wall=19:14:32 elapsed=221.950s phase=train event=interaction_progress trial=5 partition=0 processed=10400 total=14000 metric=ce epoch=1/1
[pipeline-trace] wall=19:14:32 elapsed=223.897s phase=train event=interaction_progress trial=6 partition=0 processed=2000 total=14000 metric=ce epoch=1/1
[pipeline-trace] wall=19:14:33 elapsed=222.248s phase=train event=interaction_progress trial=5 partition=0 processed=10500 total=14000 metric=ce epoch=1/1
[pipeline-trace] wall=19:14:33 elapsed=222.530s phase=train event=interaction_progress trial=5 partition=0 processed=10600 total=14000 metric=ce epoch=1/1
[pipeline-trace] wall=19:14:33 elapsed=222.826s phase=train event=interaction_progress trial=5 partition=0 processed=10700 total=14000 metric=ce epoch=1/1
[pipeline-trace] wall=19:14:34 elapsed=223.130s phase=train event=interaction_progress trial=5 partition=0 processed=10800 total=14000 metric=ce epoch=1/1
[pipeline-trace] wall=19:14:34 elapsed=223.438s phase=train event=interaction_progress trial=5 partition=0 processed=10900 total=14000 metric=ce epoch=1/1
[pipeline-trace] wall=19:14:34 elapsed=225.502s phase=train event=interaction_progress trial=6 partition=0 processed=2100 total=14000 metric=ce epoch=1/1
[pipeline-trace] wall=19:14:34 elapsed=223.740s phase=train event=interaction_progress trial=5 partition=0 processed=11000 total=14000 metric=ce epoch=1/1
[pipeline-trace] wall=19:14:34 elapsed=224.050s phase=train event=interaction_progress trial=5 partition=0 processed=11100 total=14000 metric=ce epoch=1/1
[pipeline-trace] wall=19:14:35 elapsed=224.334s phase=train event=interaction_progress trial=5 partition=0 processed=11200 total=14000 metric=ce epoch=1/1
[pipeline-trace] wall=19:14:35 elapsed=224.580s phase=train event=interaction_progress trial=5 partition=0 processed=11300 total=14000 metric=ce epoch=1/1
[pipeline-trace] wall=19:14:35 elapsed=224.830s phase=train event=interaction_progress trial=5 partition=0 processed=11400 total=14000 metric=ce epoch=1/1
[pipeline-trace] wall=19:14:36 elapsed=225.084s phase=train event=interaction_progress trial=5 partition=0 processed=11500 total=14000 metric=ce epoch=1/1
[pipeline-trace] wall=19:14:36 elapsed=227.043s phase=train event=interaction_progress trial=6 partition=0 processed=2200 total=14000 metric=ce epoch=1/1
[pipeline-trace] wall=19:14:36 elapsed=225.325s phase=train event=interaction_progress trial=5 partition=0 processed=11600 total=14000 metric=ce epoch=1/1
[pipeline-trace] wall=19:14:36 elapsed=225.566s phase=train event=interaction_progress trial=5 partition=0 processed=11700 total=14000 metric=ce epoch=1/1
[pipeline-trace] wall=19:14:36 elapsed=225.875s phase=train event=interaction_progress trial=5 partition=0 processed=11800 total=14000 metric=ce epoch=1/1
[pipeline-trace] wall=19:14:37 elapsed=226.177s phase=train event=interaction_progress trial=5 partition=0 processed=11900 total=14000 metric=ce epoch=1/1
[pipeline-trace] wall=19:14:37 elapsed=226.488s phase=train event=interaction_progress trial=5 partition=0 processed=12000 total=14000 metric=ce epoch=1/1
[pipeline-trace] wall=19:14:37 elapsed=226.771s phase=train event=interaction_progress trial=5 partition=0 processed=12100 total=14000 metric=ce epoch=1/1
[pipeline-trace] wall=19:14:37 elapsed=228.611s phase=train event=interaction_progress trial=6 partition=0 processed=2300 total=14000 metric=ce epoch=1/1
[pipeline-trace] wall=19:14:37 elapsed=227.009s phase=train event=interaction_progress trial=5 partition=0 processed=12200 total=14000 metric=ce epoch=1/1
[pipeline-trace] wall=19:14:38 elapsed=227.248s phase=train event=interaction_progress trial=5 partition=0 processed=12300 total=14000 metric=ce epoch=1/1
[pipeline-trace] wall=19:14:38 elapsed=227.511s phase=train event=interaction_progress trial=5 partition=0 processed=12400 total=14000 metric=ce epoch=1/1
[pipeline-trace] wall=19:14:38 elapsed=227.807s phase=train event=interaction_progress trial=5 partition=0 processed=12500 total=14000 metric=ce epoch=1/1
[pipeline-trace] wall=19:14:39 elapsed=228.086s phase=train event=interaction_progress trial=5 partition=0 processed=12600 total=14000 metric=ce epoch=1/1
[pipeline-trace] wall=19:14:39 elapsed=230.131s phase=train event=interaction_progress trial=6 partition=0 processed=2400 total=14000 metric=ce epoch=1/1
[pipeline-trace] wall=19:14:39 elapsed=228.335s phase=train event=interaction_progress trial=5 partition=0 processed=12700 total=14000 metric=ce epoch=1/1
[pipeline-trace] wall=19:14:39 elapsed=228.574s phase=train event=interaction_progress trial=5 partition=0 processed=12800 total=14000 metric=ce epoch=1/1
[pipeline-trace] wall=19:14:39 elapsed=228.845s phase=train event=interaction_progress trial=5 partition=0 processed=12900 total=14000 metric=ce epoch=1/1
[pipeline-trace] wall=19:14:40 elapsed=229.084s phase=train event=interaction_progress trial=5 partition=0 processed=13000 total=14000 metric=ce epoch=1/1
[pipeline-trace] wall=19:14:40 elapsed=229.349s phase=train event=interaction_progress trial=5 partition=0 processed=13100 total=14000 metric=ce epoch=1/1
[pipeline-trace] wall=19:14:40 elapsed=229.594s phase=train event=interaction_progress trial=5 partition=0 processed=13200 total=14000 metric=ce epoch=1/1
[pipeline-trace] wall=19:14:40 elapsed=231.644s phase=train event=interaction_progress trial=6 partition=0 processed=2500 total=14000 metric=ce epoch=1/1
[pipeline-trace] wall=19:14:40 elapsed=229.833s phase=train event=interaction_progress trial=5 partition=0 processed=13300 total=14000 metric=ce epoch=1/1
[pipeline-trace] wall=19:14:41 elapsed=230.173s phase=train event=interaction_progress trial=5 partition=0 processed=13400 total=14000 metric=ce epoch=1/1
[pipeline-trace] wall=19:14:41 elapsed=230.456s phase=train event=interaction_progress trial=5 partition=0 processed=13500 total=14000 metric=ce epoch=1/1
[pipeline-trace] wall=19:14:41 elapsed=230.760s phase=train event=interaction_progress trial=5 partition=0 processed=13600 total=14000 metric=ce epoch=1/1
[pipeline-trace] wall=19:14:41 elapsed=231.057s phase=train event=interaction_progress trial=5 partition=0 processed=13700 total=14000 metric=ce epoch=1/1
[pipeline-trace] wall=19:14:42 elapsed=231.349s phase=train event=interaction_progress trial=5 partition=0 processed=13800 total=14000 metric=ce epoch=1/1
[pipeline-trace] wall=19:14:42 elapsed=233.183s phase=train event=interaction_progress trial=6 partition=0 processed=2600 total=14000 metric=ce epoch=1/1
[pipeline-trace] wall=19:14:42 elapsed=231.633s phase=train event=interaction_progress trial=5 partition=0 processed=13900 total=14000 metric=ce epoch=1/1
[pipeline-trace] wall=19:14:42 elapsed=231.940s phase=train event=interaction_progress trial=5 partition=0 processed=14000 total=14000 metric=ce epoch=1/1
[pipeline-trace] wall=19:14:42 elapsed=231.998s phase=eval event=batch_start trial=5 partitions=[1] synthetic=False
[pipeline-trace] wall=19:14:42 elapsed=231.998s phase=eval event=partition_start trial=5 partition=1 interactions=1999
[pipeline-trace] wall=19:14:42 elapsed=231.999s phase=eval event=interaction_progress trial=5 partition=1 processed=1 total=1999 metric=ranking
[pipeline-trace] wall=19:14:43 elapsed=232.168s phase=eval event=interaction_progress trial=5 partition=1 processed=100 total=1999 metric=ranking
[pipeline-trace] wall=19:14:43 elapsed=232.343s phase=eval event=interaction_progress trial=5 partition=1 processed=200 total=1999 metric=ranking
[pipeline-trace] wall=19:14:43 elapsed=232.523s phase=eval event=interaction_progress trial=5 partition=1 processed=300 total=1999 metric=ranking
[pipeline-trace] wall=19:14:43 elapsed=232.704s phase=eval event=interaction_progress trial=5 partition=1 processed=400 total=1999 metric=ranking
[pipeline-trace] wall=19:14:43 elapsed=234.640s phase=train event=interaction_progress trial=6 partition=0 processed=2700 total=14000 metric=ce epoch=1/1
[pipeline-trace] wall=19:14:43 elapsed=232.886s phase=eval event=interaction_progress trial=5 partition=1 processed=500 total=1999 metric=ranking
[pipeline-trace] wall=19:14:43 elapsed=233.066s phase=eval event=interaction_progress trial=5 partition=1 processed=600 total=1999 metric=ranking
[pipeline-trace] wall=19:14:44 elapsed=233.248s phase=eval event=interaction_progress trial=5 partition=1 processed=700 total=1999 metric=ranking
[pipeline-trace] wall=19:14:44 elapsed=233.429s phase=eval event=interaction_progress trial=5 partition=1 processed=800 total=1999 metric=ranking
[pipeline-trace] wall=19:14:44 elapsed=233.612s phase=eval event=interaction_progress trial=5 partition=1 processed=900 total=1999 metric=ranking
[pipeline-trace] wall=19:14:44 elapsed=233.795s phase=eval event=interaction_progress trial=5 partition=1 processed=1000 total=1999 metric=ranking
[pipeline-trace] wall=19:14:44 elapsed=233.978s phase=eval event=interaction_progress trial=5 partition=1 processed=1100 total=1999 metric=ranking
[pipeline-trace] wall=19:14:45 elapsed=234.159s phase=eval event=interaction_progress trial=5 partition=1 processed=1200 total=1999 metric=ranking
[pipeline-trace] wall=19:14:45 elapsed=234.343s phase=eval event=interaction_progress trial=5 partition=1 processed=1300 total=1999 metric=ranking
[pipeline-trace] wall=19:14:45 elapsed=236.188s phase=train event=interaction_progress trial=6 partition=0 processed=2800 total=14000 metric=ce epoch=1/1
[pipeline-trace] wall=19:14:45 elapsed=234.521s phase=eval event=interaction_progress trial=5 partition=1 processed=1400 total=1999 metric=ranking
[pipeline-trace] wall=19:14:45 elapsed=234.668s phase=eval event=interaction_progress trial=5 partition=1 processed=1500 total=1999 metric=ranking
[pipeline-trace] wall=19:14:45 elapsed=234.816s phase=eval event=interaction_progress trial=5 partition=1 processed=1600 total=1999 metric=ranking
[pipeline-trace] wall=19:14:45 elapsed=234.973s phase=eval event=interaction_progress trial=5 partition=1 processed=1700 total=1999 metric=ranking
[pipeline-trace] wall=19:14:46 elapsed=235.221s phase=eval event=interaction_progress trial=5 partition=1 processed=1800 total=1999 metric=ranking
[pipeline-trace] wall=19:14:46 elapsed=235.468s phase=eval event=interaction_progress trial=5 partition=1 processed=1900 total=1999 metric=ranking
[pipeline-trace] wall=19:14:46 elapsed=235.731s phase=eval event=interaction_progress trial=5 partition=1 processed=1999 total=1999 metric=ranking
[pipeline-trace] wall=19:14:46 elapsed=235.735s phase=eval event=partition_complete trial=5 partition=1 elapsed_sec=3.736 hits=1539 total=1999
[pipeline-trace] wall=19:14:47 elapsed=236.193s phase=train event=interaction_progress trial=7 partition=0 processed=1 total=14000 metric=ce epoch=1/1
[pipeline-trace] wall=19:14:52 elapsed=241.672s phase=train event=interaction_progress trial=7 partition=0 processed=100 total=14000 metric=ce epoch=1/1
[pipeline-trace] wall=19:14:52 elapsed=243.683s phase=train event=interaction_progress trial=6 partition=0 processed=2900 total=14000 metric=ce epoch=1/1
[pipeline-trace] wall=19:14:52 elapsed=242.071s phase=train event=interaction_progress trial=7 partition=0 processed=200 total=14000 metric=ce epoch=1/1
[pipeline-trace] wall=19:14:53 elapsed=242.427s phase=train event=interaction_progress trial=7 partition=0 processed=300 total=14000 metric=ce epoch=1/1
[pipeline-trace] wall=19:14:53 elapsed=242.771s phase=train event=interaction_progress trial=7 partition=0 processed=400 total=14000 metric=ce epoch=1/1
[pipeline-trace] wall=19:14:53 elapsed=243.033s phase=train event=interaction_progress trial=7 partition=0 processed=500 total=14000 metric=ce epoch=1/1
[pipeline-trace] wall=19:14:54 elapsed=245.047s phase=train event=interaction_progress trial=6 partition=0 processed=3000 total=14000 metric=ce epoch=1/1
[pipeline-trace] wall=19:14:54 elapsed=243.297s phase=train event=interaction_progress trial=7 partition=0 processed=600 total=14000 metric=ce epoch=1/1
[pipeline-trace] wall=19:14:54 elapsed=243.566s phase=train event=interaction_progress trial=7 partition=0 processed=700 total=14000 metric=ce epoch=1/1
[pipeline-trace] wall=19:14:54 elapsed=243.809s phase=train event=interaction_progress trial=7 partition=0 processed=800 total=14000 metric=ce epoch=1/1
[pipeline-trace] wall=19:14:54 elapsed=244.050s phase=train event=interaction_progress trial=7 partition=0 processed=900 total=14000 metric=ce epoch=1/1
[pipeline-trace] wall=19:14:55 elapsed=244.304s phase=train event=interaction_progress trial=7 partition=0 processed=1000 total=14000 metric=ce epoch=1/1
[pipeline-trace] wall=19:14:55 elapsed=246.303s phase=train event=interaction_progress trial=6 partition=0 processed=3100 total=14000 metric=ce epoch=1/1
[pipeline-trace] wall=19:14:55 elapsed=244.554s phase=train event=interaction_progress trial=7 partition=0 processed=1100 total=14000 metric=ce epoch=1/1
[pipeline-trace] wall=19:14:55 elapsed=244.807s phase=train event=interaction_progress trial=7 partition=0 processed=1200 total=14000 metric=ce epoch=1/1
[pipeline-trace] wall=19:14:56 elapsed=245.102s phase=train event=interaction_progress trial=7 partition=0 processed=1300 total=14000 metric=ce epoch=1/1
[pipeline-trace] wall=19:14:56 elapsed=245.378s phase=train event=interaction_progress trial=7 partition=0 processed=1400 total=14000 metric=ce epoch=1/1
[pipeline-trace] wall=19:14:56 elapsed=245.625s phase=train event=interaction_progress trial=7 partition=0 processed=1500 total=14000 metric=ce epoch=1/1
[pipeline-trace] wall=19:14:56 elapsed=247.642s phase=train event=interaction_progress trial=6 partition=0 processed=3200 total=14000 metric=ce epoch=1/1
[pipeline-trace] wall=19:14:56 elapsed=245.911s phase=train event=interaction_progress trial=7 partition=0 processed=1600 total=14000 metric=ce epoch=1/1
[pipeline-trace] wall=19:14:57 elapsed=246.195s phase=train event=interaction_progress trial=7 partition=0 processed=1700 total=14000 metric=ce epoch=1/1
[pipeline-trace] wall=19:14:57 elapsed=246.468s phase=train event=interaction_progress trial=7 partition=0 processed=1800 total=14000 metric=ce epoch=1/1
[pipeline-trace] wall=19:14:57 elapsed=246.700s phase=train event=interaction_progress trial=7 partition=0 processed=1900 total=14000 metric=ce epoch=1/1
[pipeline-trace] wall=19:14:57 elapsed=246.941s phase=train event=interaction_progress trial=7 partition=0 processed=2000 total=14000 metric=ce epoch=1/1
[pipeline-trace] wall=19:14:58 elapsed=248.986s phase=train event=interaction_progress trial=6 partition=0 processed=3300 total=14000 metric=ce epoch=1/1
[pipeline-trace] wall=19:14:58 elapsed=247.191s phase=train event=interaction_progress trial=7 partition=0 processed=2100 total=14000 metric=ce epoch=1/1
[pipeline-trace] wall=19:14:58 elapsed=247.443s phase=train event=interaction_progress trial=7 partition=0 processed=2200 total=14000 metric=ce epoch=1/1
[pipeline-trace] wall=19:14:58 elapsed=247.707s phase=train event=interaction_progress trial=7 partition=0 processed=2300 total=14000 metric=ce epoch=1/1
[pipeline-trace] wall=19:14:58 elapsed=247.972s phase=train event=interaction_progress trial=7 partition=0 processed=2400 total=14000 metric=ce epoch=1/1
[pipeline-trace] wall=19:14:59 elapsed=248.222s phase=train event=interaction_progress trial=7 partition=0 processed=2500 total=14000 metric=ce epoch=1/1
[pipeline-trace] wall=19:14:59 elapsed=248.487s phase=train event=interaction_progress trial=7 partition=0 processed=2600 total=14000 metric=ce epoch=1/1
[pipeline-trace] wall=19:14:59 elapsed=250.337s phase=train event=interaction_progress trial=6 partition=0 processed=3400 total=14000 metric=ce epoch=1/1
[pipeline-trace] wall=19:14:59 elapsed=248.746s phase=train event=interaction_progress trial=7 partition=0 processed=2700 total=14000 metric=ce epoch=1/1
[pipeline-trace] wall=19:14:59 elapsed=248.993s phase=train event=interaction_progress trial=7 partition=0 processed=2800 total=14000 metric=ce epoch=1/1
[pipeline-trace] wall=19:15:00 elapsed=249.290s phase=train event=interaction_progress trial=7 partition=0 processed=2900 total=14000 metric=ce epoch=1/1
[pipeline-trace] wall=19:15:00 elapsed=249.598s phase=train event=interaction_progress trial=7 partition=0 processed=3000 total=14000 metric=ce epoch=1/1
[pipeline-trace] wall=19:15:00 elapsed=249.851s phase=train event=interaction_progress trial=7 partition=0 processed=3100 total=14000 metric=ce epoch=1/1
[pipeline-trace] wall=19:15:00 elapsed=251.812s phase=train event=interaction_progress trial=6 partition=0 processed=3500 total=14000 metric=ce epoch=1/1
[pipeline-trace] wall=19:15:01 elapsed=250.142s phase=train event=interaction_progress trial=7 partition=0 processed=3200 total=14000 metric=ce epoch=1/1
[pipeline-trace] wall=19:15:01 elapsed=250.446s phase=train event=interaction_progress trial=7 partition=0 processed=3300 total=14000 metric=ce epoch=1/1
[pipeline-trace] wall=19:15:01 elapsed=250.754s phase=train event=interaction_progress trial=7 partition=0 processed=3400 total=14000 metric=ce epoch=1/1
[pipeline-trace] wall=19:15:01 elapsed=251.073s phase=train event=interaction_progress trial=7 partition=0 processed=3500 total=14000 metric=ce epoch=1/1
[pipeline-trace] wall=19:15:02 elapsed=251.361s phase=train event=interaction_progress trial=7 partition=0 processed=3600 total=14000 metric=ce epoch=1/1
[pipeline-trace] wall=19:15:02 elapsed=253.354s phase=train event=interaction_progress trial=6 partition=0 processed=3600 total=14000 metric=ce epoch=1/1
[pipeline-trace] wall=19:15:02 elapsed=251.682s phase=train event=interaction_progress trial=7 partition=0 processed=3700 total=14000 metric=ce epoch=1/1
[pipeline-trace] wall=19:15:02 elapsed=252.002s phase=train event=interaction_progress trial=7 partition=0 processed=3800 total=14000 metric=ce epoch=1/1
[pipeline-trace] wall=19:15:03 elapsed=252.331s phase=train event=interaction_progress trial=7 partition=0 processed=3900 total=14000 metric=ce epoch=1/1
[pipeline-trace] wall=19:15:03 elapsed=252.646s phase=train event=interaction_progress trial=7 partition=0 processed=4000 total=14000 metric=ce epoch=1/1
[pipeline-trace] wall=19:15:03 elapsed=252.971s phase=train event=interaction_progress trial=7 partition=0 processed=4100 total=14000 metric=ce epoch=1/1
[pipeline-trace] wall=19:15:03 elapsed=254.862s phase=train event=interaction_progress trial=6 partition=0 processed=3700 total=14000 metric=ce epoch=1/1
[pipeline-trace] wall=19:15:04 elapsed=253.294s phase=train event=interaction_progress trial=7 partition=0 processed=4200 total=14000 metric=ce epoch=1/1
[pipeline-trace] wall=19:15:04 elapsed=253.642s phase=train event=interaction_progress trial=7 partition=0 processed=4300 total=14000 metric=ce epoch=1/1
[pipeline-trace] wall=19:15:04 elapsed=253.987s phase=train event=interaction_progress trial=7 partition=0 processed=4400 total=14000 metric=ce epoch=1/1
[pipeline-trace] wall=19:15:05 elapsed=254.316s phase=train event=interaction_progress trial=7 partition=0 processed=4500 total=14000 metric=ce epoch=1/1
[pipeline-trace] wall=19:15:05 elapsed=256.354s phase=train event=interaction_progress trial=6 partition=0 processed=3800 total=14000 metric=ce epoch=1/1
[pipeline-trace] wall=19:15:05 elapsed=254.632s phase=train event=interaction_progress trial=7 partition=0 processed=4600 total=14000 metric=ce epoch=1/1
[pipeline-trace] wall=19:15:05 elapsed=254.939s phase=train event=interaction_progress trial=7 partition=0 processed=4700 total=14000 metric=ce epoch=1/1
[pipeline-trace] wall=19:15:06 elapsed=255.254s phase=train event=interaction_progress trial=7 partition=0 processed=4800 total=14000 metric=ce epoch=1/1
[pipeline-trace] wall=19:15:06 elapsed=255.559s phase=train event=interaction_progress trial=7 partition=0 processed=4900 total=14000 metric=ce epoch=1/1
[pipeline-trace] wall=19:15:06 elapsed=255.825s phase=train event=interaction_progress trial=7 partition=0 processed=5000 total=14000 metric=ce epoch=1/1
[pipeline-trace] wall=19:15:06 elapsed=257.812s phase=train event=interaction_progress trial=6 partition=0 processed=3900 total=14000 metric=ce epoch=1/1
[pipeline-trace] wall=19:15:07 elapsed=256.117s phase=train event=interaction_progress trial=7 partition=0 processed=5100 total=14000 metric=ce epoch=1/1
[pipeline-trace] wall=19:15:07 elapsed=256.405s phase=train event=interaction_progress trial=7 partition=0 processed=5200 total=14000 metric=ce epoch=1/1
[pipeline-trace] wall=19:15:07 elapsed=256.660s phase=train event=interaction_progress trial=7 partition=0 processed=5300 total=14000 metric=ce epoch=1/1
[pipeline-trace] wall=19:15:07 elapsed=256.915s phase=train event=interaction_progress trial=7 partition=0 processed=5400 total=14000 metric=ce epoch=1/1
[pipeline-trace] wall=19:15:08 elapsed=257.170s phase=train event=interaction_progress trial=7 partition=0 processed=5500 total=14000 metric=ce epoch=1/1
[pipeline-trace] wall=19:15:08 elapsed=257.423s phase=train event=interaction_progress trial=7 partition=0 processed=5600 total=14000 metric=ce epoch=1/1
[pipeline-trace] wall=19:15:08 elapsed=259.432s phase=train event=interaction_progress trial=6 partition=0 processed=4000 total=14000 metric=ce epoch=1/1
[pipeline-trace] wall=19:15:08 elapsed=257.699s phase=train event=interaction_progress trial=7 partition=0 processed=5700 total=14000 metric=ce epoch=1/1
[pipeline-trace] wall=19:15:08 elapsed=257.948s phase=train event=interaction_progress trial=7 partition=0 processed=5800 total=14000 metric=ce epoch=1/1
[pipeline-trace] wall=19:15:09 elapsed=258.210s phase=train event=interaction_progress trial=7 partition=0 processed=5900 total=14000 metric=ce epoch=1/1
[pipeline-trace] wall=19:15:09 elapsed=258.483s phase=train event=interaction_progress trial=7 partition=0 processed=6000 total=14000 metric=ce epoch=1/1
[pipeline-trace] wall=19:15:09 elapsed=258.739s phase=train event=interaction_progress trial=7 partition=0 processed=6100 total=14000 metric=ce epoch=1/1
[pipeline-trace] wall=19:15:09 elapsed=259.003s phase=train event=interaction_progress trial=7 partition=0 processed=6200 total=14000 metric=ce epoch=1/1
[pipeline-trace] wall=19:15:10 elapsed=260.986s phase=train event=interaction_progress trial=6 partition=0 processed=4100 total=14000 metric=ce epoch=1/1
[pipeline-trace] wall=19:15:10 elapsed=259.266s phase=train event=interaction_progress trial=7 partition=0 processed=6300 total=14000 metric=ce epoch=1/1
[pipeline-trace] wall=19:15:10 elapsed=259.567s phase=train event=interaction_progress trial=7 partition=0 processed=6400 total=14000 metric=ce epoch=1/1
[pipeline-trace] wall=19:15:10 elapsed=259.862s phase=train event=interaction_progress trial=7 partition=0 processed=6500 total=14000 metric=ce epoch=1/1
[pipeline-trace] wall=19:15:11 elapsed=260.180s phase=train event=interaction_progress trial=7 partition=0 processed=6600 total=14000 metric=ce epoch=1/1
[pipeline-trace] wall=19:15:11 elapsed=260.468s phase=train event=interaction_progress trial=7 partition=0 processed=6700 total=14000 metric=ce epoch=1/1
[pipeline-trace] wall=19:15:11 elapsed=262.529s phase=train event=interaction_progress trial=6 partition=0 processed=4200 total=14000 metric=ce epoch=1/1
[pipeline-trace] wall=19:15:11 elapsed=260.773s phase=train event=interaction_progress trial=7 partition=0 processed=6800 total=14000 metric=ce epoch=1/1
[pipeline-trace] wall=19:15:11 elapsed=261.045s phase=train event=interaction_progress trial=7 partition=0 processed=6900 total=14000 metric=ce epoch=1/1
[pipeline-trace] wall=19:15:12 elapsed=261.316s phase=train event=interaction_progress trial=7 partition=0 processed=7000 total=14000 metric=ce epoch=1/1
[pipeline-trace] wall=19:15:12 elapsed=261.582s phase=train event=interaction_progress trial=7 partition=0 processed=7100 total=14000 metric=ce epoch=1/1
[pipeline-trace] wall=19:15:12 elapsed=261.845s phase=train event=interaction_progress trial=7 partition=0 processed=7200 total=14000 metric=ce epoch=1/1
[pipeline-trace] wall=19:15:13 elapsed=262.104s phase=train event=interaction_progress trial=7 partition=0 processed=7300 total=14000 metric=ce epoch=1/1
[pipeline-trace] wall=19:15:13 elapsed=264.086s phase=train event=interaction_progress trial=6 partition=0 processed=4300 total=14000 metric=ce epoch=1/1
[pipeline-trace] wall=19:15:13 elapsed=262.375s phase=train event=interaction_progress trial=7 partition=0 processed=7400 total=14000 metric=ce epoch=1/1
[pipeline-trace] wall=19:15:13 elapsed=262.672s phase=train event=interaction_progress trial=7 partition=0 processed=7500 total=14000 metric=ce epoch=1/1
[pipeline-trace] wall=19:15:13 elapsed=262.996s phase=train event=interaction_progress trial=7 partition=0 processed=7600 total=14000 metric=ce epoch=1/1
[pipeline-trace] wall=19:15:14 elapsed=263.322s phase=train event=interaction_progress trial=7 partition=0 processed=7700 total=14000 metric=ce epoch=1/1
[pipeline-trace] wall=19:15:14 elapsed=263.602s phase=train event=interaction_progress trial=7 partition=0 processed=7800 total=14000 metric=ce epoch=1/1
[pipeline-trace] wall=19:15:14 elapsed=265.664s phase=train event=interaction_progress trial=6 partition=0 processed=4400 total=14000 metric=ce epoch=1/1
[pipeline-trace] wall=19:15:14 elapsed=263.876s phase=train event=interaction_progress trial=7 partition=0 processed=7900 total=14000 metric=ce epoch=1/1
[pipeline-trace] wall=19:15:15 elapsed=264.147s phase=train event=interaction_progress trial=7 partition=0 processed=8000 total=14000 metric=ce epoch=1/1
[pipeline-trace] wall=19:15:15 elapsed=264.414s phase=train event=interaction_progress trial=7 partition=0 processed=8100 total=14000 metric=ce epoch=1/1
[pipeline-trace] wall=19:15:15 elapsed=264.683s phase=train event=interaction_progress trial=7 partition=0 processed=8200 total=14000 metric=ce epoch=1/1
[pipeline-trace] wall=19:15:15 elapsed=264.942s phase=train event=interaction_progress trial=7 partition=0 processed=8300 total=14000 metric=ce epoch=1/1
[pipeline-trace] wall=19:15:16 elapsed=265.248s phase=train event=interaction_progress trial=7 partition=0 processed=8400 total=14000 metric=ce epoch=1/1
[pipeline-trace] wall=19:15:16 elapsed=267.237s phase=train event=interaction_progress trial=6 partition=0 processed=4500 total=14000 metric=ce epoch=1/1
[pipeline-trace] wall=19:15:16 elapsed=265.507s phase=train event=interaction_progress trial=7 partition=0 processed=8500 total=14000 metric=ce epoch=1/1
[pipeline-trace] wall=19:15:16 elapsed=265.791s phase=train event=interaction_progress trial=7 partition=0 processed=8600 total=14000 metric=ce epoch=1/1
[pipeline-trace] wall=19:15:16 elapsed=266.054s phase=train event=interaction_progress trial=7 partition=0 processed=8700 total=14000 metric=ce epoch=1/1
[pipeline-trace] wall=19:15:17 elapsed=266.344s phase=train event=interaction_progress trial=7 partition=0 processed=8800 total=14000 metric=ce epoch=1/1
[pipeline-trace] wall=19:15:17 elapsed=266.606s phase=train event=interaction_progress trial=7 partition=0 processed=8900 total=14000 metric=ce epoch=1/1
[pipeline-trace] wall=19:15:17 elapsed=266.875s phase=train event=interaction_progress trial=7 partition=0 processed=9000 total=14000 metric=ce epoch=1/1
[pipeline-trace] wall=19:15:17 elapsed=268.799s phase=train event=interaction_progress trial=6 partition=0 processed=4600 total=14000 metric=ce epoch=1/1
[pipeline-trace] wall=19:15:18 elapsed=267.129s phase=train event=interaction_progress trial=7 partition=0 processed=9100 total=14000 metric=ce epoch=1/1
[pipeline-trace] wall=19:15:18 elapsed=267.383s phase=train event=interaction_progress trial=7 partition=0 processed=9200 total=14000 metric=ce epoch=1/1
[pipeline-trace] wall=19:15:18 elapsed=267.690s phase=train event=interaction_progress trial=7 partition=0 processed=9300 total=14000 metric=ce epoch=1/1
[pipeline-trace] wall=19:15:18 elapsed=268.001s phase=train event=interaction_progress trial=7 partition=0 processed=9400 total=14000 metric=ce epoch=1/1
[pipeline-trace] wall=19:15:19 elapsed=268.302s phase=train event=interaction_progress trial=7 partition=0 processed=9500 total=14000 metric=ce epoch=1/1
[pipeline-trace] wall=19:15:19 elapsed=270.240s phase=train event=interaction_progress trial=6 partition=0 processed=4700 total=14000 metric=ce epoch=1/1
[pipeline-trace] wall=19:15:19 elapsed=268.610s phase=train event=interaction_progress trial=7 partition=0 processed=9600 total=14000 metric=ce epoch=1/1
[pipeline-trace] wall=19:15:19 elapsed=268.919s phase=train event=interaction_progress trial=7 partition=0 processed=9700 total=14000 metric=ce epoch=1/1
[pipeline-trace] wall=19:15:20 elapsed=269.233s phase=train event=interaction_progress trial=7 partition=0 processed=9800 total=14000 metric=ce epoch=1/1
[pipeline-trace] wall=19:15:20 elapsed=269.544s phase=train event=interaction_progress trial=7 partition=0 processed=9900 total=14000 metric=ce epoch=1/1
[pipeline-trace] wall=19:15:20 elapsed=271.665s phase=train event=interaction_progress trial=6 partition=0 processed=4800 total=14000 metric=ce epoch=1/1
[pipeline-trace] wall=19:15:20 elapsed=269.850s phase=train event=interaction_progress trial=7 partition=0 processed=10000 total=14000 metric=ce epoch=1/1
[pipeline-trace] wall=19:15:21 elapsed=270.158s phase=train event=interaction_progress trial=7 partition=0 processed=10100 total=14000 metric=ce epoch=1/1
[pipeline-trace] wall=19:15:21 elapsed=270.463s phase=train event=interaction_progress trial=7 partition=0 processed=10200 total=14000 metric=ce epoch=1/1
[pipeline-trace] wall=19:15:21 elapsed=270.779s phase=train event=interaction_progress trial=7 partition=0 processed=10300 total=14000 metric=ce epoch=1/1
[pipeline-trace] wall=19:15:21 elapsed=271.070s phase=train event=interaction_progress trial=7 partition=0 processed=10400 total=14000 metric=ce epoch=1/1
[pipeline-trace] wall=19:15:22 elapsed=273.046s phase=train event=interaction_progress trial=6 partition=0 processed=4900 total=14000 metric=ce epoch=1/1
[pipeline-trace] wall=19:15:22 elapsed=271.346s phase=train event=interaction_progress trial=7 partition=0 processed=10500 total=14000 metric=ce epoch=1/1
[pipeline-trace] wall=19:15:22 elapsed=271.630s phase=train event=interaction_progress trial=7 partition=0 processed=10600 total=14000 metric=ce epoch=1/1
[pipeline-trace] wall=19:15:22 elapsed=271.926s phase=train event=interaction_progress trial=7 partition=0 processed=10700 total=14000 metric=ce epoch=1/1
[pipeline-trace] wall=19:15:23 elapsed=272.220s phase=train event=interaction_progress trial=7 partition=0 processed=10800 total=14000 metric=ce epoch=1/1
[pipeline-trace] wall=19:15:23 elapsed=272.539s phase=train event=interaction_progress trial=7 partition=0 processed=10900 total=14000 metric=ce epoch=1/1
[pipeline-trace] wall=19:15:23 elapsed=274.482s phase=train event=interaction_progress trial=6 partition=0 processed=5000 total=14000 metric=ce epoch=1/1
[pipeline-trace] wall=19:15:23 elapsed=272.821s phase=train event=interaction_progress trial=7 partition=0 processed=11000 total=14000 metric=ce epoch=1/1
[pipeline-trace] wall=19:15:24 elapsed=273.165s phase=train event=interaction_progress trial=7 partition=0 processed=11100 total=14000 metric=ce epoch=1/1
[pipeline-trace] wall=19:15:24 elapsed=273.498s phase=train event=interaction_progress trial=7 partition=0 processed=11200 total=14000 metric=ce epoch=1/1
[pipeline-trace] wall=19:15:24 elapsed=273.829s phase=train event=interaction_progress trial=7 partition=0 processed=11300 total=14000 metric=ce epoch=1/1
[pipeline-trace] wall=19:15:25 elapsed=275.987s phase=train event=interaction_progress trial=6 partition=0 processed=5100 total=14000 metric=ce epoch=1/1
[pipeline-trace] wall=19:15:25 elapsed=274.157s phase=train event=interaction_progress trial=7 partition=0 processed=11400 total=14000 metric=ce epoch=1/1
[pipeline-trace] wall=19:15:25 elapsed=274.491s phase=train event=interaction_progress trial=7 partition=0 processed=11500 total=14000 metric=ce epoch=1/1
[pipeline-trace] wall=19:15:25 elapsed=274.813s phase=train event=interaction_progress trial=7 partition=0 processed=11600 total=14000 metric=ce epoch=1/1
[pipeline-trace] wall=19:15:26 elapsed=275.132s phase=train event=interaction_progress trial=7 partition=0 processed=11700 total=14000 metric=ce epoch=1/1
[pipeline-trace] wall=19:15:26 elapsed=275.393s phase=train event=interaction_progress trial=7 partition=0 processed=11800 total=14000 metric=ce epoch=1/1
[pipeline-trace] wall=19:15:26 elapsed=277.496s phase=train event=interaction_progress trial=6 partition=0 processed=5200 total=14000 metric=ce epoch=1/1
[pipeline-trace] wall=19:15:26 elapsed=275.734s phase=train event=interaction_progress trial=7 partition=0 processed=11900 total=14000 metric=ce epoch=1/1
[pipeline-trace] wall=19:15:26 elapsed=276.015s phase=train event=interaction_progress trial=7 partition=0 processed=12000 total=14000 metric=ce epoch=1/1
[pipeline-trace] wall=19:15:27 elapsed=276.329s phase=train event=interaction_progress trial=7 partition=0 processed=12100 total=14000 metric=ce epoch=1/1
[pipeline-trace] wall=19:15:27 elapsed=276.626s phase=train event=interaction_progress trial=7 partition=0 processed=12200 total=14000 metric=ce epoch=1/1
[pipeline-trace] wall=19:15:27 elapsed=276.875s phase=train event=interaction_progress trial=7 partition=0 processed=12300 total=14000 metric=ce epoch=1/1
[pipeline-trace] wall=19:15:27 elapsed=278.867s phase=train event=interaction_progress trial=6 partition=0 processed=5300 total=14000 metric=ce epoch=1/1
[pipeline-trace] wall=19:15:28 elapsed=277.177s phase=train event=interaction_progress trial=7 partition=0 processed=12400 total=14000 metric=ce epoch=1/1
[pipeline-trace] wall=19:15:28 elapsed=277.497s phase=train event=interaction_progress trial=7 partition=0 processed=12500 total=14000 metric=ce epoch=1/1
[pipeline-trace] wall=19:15:28 elapsed=277.827s phase=train event=interaction_progress trial=7 partition=0 processed=12600 total=14000 metric=ce epoch=1/1
[pipeline-trace] wall=19:15:29 elapsed=278.159s phase=train event=interaction_progress trial=7 partition=0 processed=12700 total=14000 metric=ce epoch=1/1
[pipeline-trace] wall=19:15:29 elapsed=278.481s phase=train event=interaction_progress trial=7 partition=0 processed=12800 total=14000 metric=ce epoch=1/1
[pipeline-trace] wall=19:15:29 elapsed=280.387s phase=train event=interaction_progress trial=6 partition=0 processed=5400 total=14000 metric=ce epoch=1/1
[pipeline-trace] wall=19:15:29 elapsed=278.788s phase=train event=interaction_progress trial=7 partition=0 processed=12900 total=14000 metric=ce epoch=1/1
[pipeline-trace] wall=19:15:30 elapsed=279.093s phase=train event=interaction_progress trial=7 partition=0 processed=13000 total=14000 metric=ce epoch=1/1
[pipeline-trace] wall=19:15:30 elapsed=279.353s phase=train event=interaction_progress trial=7 partition=0 processed=13100 total=14000 metric=ce epoch=1/1
[pipeline-trace] wall=19:15:30 elapsed=279.633s phase=train event=interaction_progress trial=7 partition=0 processed=13200 total=14000 metric=ce epoch=1/1
[pipeline-trace] wall=19:15:30 elapsed=280.022s phase=train event=interaction_progress trial=7 partition=0 processed=13300 total=14000 metric=ce epoch=1/1
[pipeline-trace] wall=19:15:30 elapsed=281.901s phase=train event=interaction_progress trial=6 partition=0 processed=5500 total=14000 metric=ce epoch=1/1
[pipeline-trace] wall=19:15:31 elapsed=280.330s phase=train event=interaction_progress trial=7 partition=0 processed=13400 total=14000 metric=ce epoch=1/1
[pipeline-trace] wall=19:15:31 elapsed=280.618s phase=train event=interaction_progress trial=7 partition=0 processed=13500 total=14000 metric=ce epoch=1/1
[pipeline-trace] wall=19:15:31 elapsed=280.909s phase=train event=interaction_progress trial=7 partition=0 processed=13600 total=14000 metric=ce epoch=1/1
[pipeline-trace] wall=19:15:32 elapsed=281.200s phase=train event=interaction_progress trial=7 partition=0 processed=13700 total=14000 metric=ce epoch=1/1
[pipeline-trace] wall=19:15:32 elapsed=283.301s phase=train event=interaction_progress trial=6 partition=0 processed=5600 total=14000 metric=ce epoch=1/1
[pipeline-trace] wall=19:15:32 elapsed=281.519s phase=train event=interaction_progress trial=7 partition=0 processed=13800 total=14000 metric=ce epoch=1/1
[pipeline-trace] wall=19:15:32 elapsed=281.821s phase=train event=interaction_progress trial=7 partition=0 processed=13900 total=14000 metric=ce epoch=1/1
[pipeline-trace] wall=19:15:33 elapsed=282.136s phase=train event=interaction_progress trial=7 partition=0 processed=14000 total=14000 metric=ce epoch=1/1
[pipeline-trace] wall=19:15:33 elapsed=282.204s phase=eval event=batch_start trial=7 partitions=[1] synthetic=False
[pipeline-trace] wall=19:15:33 elapsed=282.204s phase=eval event=partition_start trial=7 partition=1 interactions=1999
[pipeline-trace] wall=19:15:33 elapsed=282.204s phase=eval event=interaction_progress trial=7 partition=1 processed=1 total=1999 metric=ranking
[pipeline-trace] wall=19:15:33 elapsed=282.383s phase=eval event=interaction_progress trial=7 partition=1 processed=100 total=1999 metric=ranking
[pipeline-trace] wall=19:15:33 elapsed=282.570s phase=eval event=interaction_progress trial=7 partition=1 processed=200 total=1999 metric=ranking
[pipeline-trace] wall=19:15:33 elapsed=282.758s phase=eval event=interaction_progress trial=7 partition=1 processed=300 total=1999 metric=ranking
[pipeline-trace] wall=19:15:33 elapsed=282.945s phase=eval event=interaction_progress trial=7 partition=1 processed=400 total=1999 metric=ranking
[pipeline-trace] wall=19:15:33 elapsed=284.781s phase=train event=interaction_progress trial=6 partition=0 processed=5700 total=14000 metric=ce epoch=1/1
[pipeline-trace] wall=19:15:34 elapsed=283.137s phase=eval event=interaction_progress trial=7 partition=1 processed=500 total=1999 metric=ranking
[pipeline-trace] wall=19:15:34 elapsed=283.325s phase=eval event=interaction_progress trial=7 partition=1 processed=600 total=1999 metric=ranking
[pipeline-trace] wall=19:15:34 elapsed=283.520s phase=eval event=interaction_progress trial=7 partition=1 processed=700 total=1999 metric=ranking
[pipeline-trace] wall=19:15:34 elapsed=283.711s phase=eval event=interaction_progress trial=7 partition=1 processed=800 total=1999 metric=ranking
[pipeline-trace] wall=19:15:34 elapsed=283.900s phase=eval event=interaction_progress trial=7 partition=1 processed=900 total=1999 metric=ranking
[pipeline-trace] wall=19:15:35 elapsed=284.092s phase=eval event=interaction_progress trial=7 partition=1 processed=1000 total=1999 metric=ranking
[pipeline-trace] wall=19:15:35 elapsed=284.282s phase=eval event=interaction_progress trial=7 partition=1 processed=1100 total=1999 metric=ranking
[pipeline-trace] wall=19:15:35 elapsed=284.472s phase=eval event=interaction_progress trial=7 partition=1 processed=1200 total=1999 metric=ranking
[pipeline-trace] wall=19:15:35 elapsed=286.345s phase=train event=interaction_progress trial=6 partition=0 processed=5800 total=14000 metric=ce epoch=1/1
[pipeline-trace] wall=19:15:35 elapsed=284.665s phase=eval event=interaction_progress trial=7 partition=1 processed=1300 total=1999 metric=ranking
[pipeline-trace] wall=19:15:35 elapsed=284.860s phase=eval event=interaction_progress trial=7 partition=1 processed=1400 total=1999 metric=ranking
[pipeline-trace] wall=19:15:35 elapsed=285.046s phase=eval event=interaction_progress trial=7 partition=1 processed=1500 total=1999 metric=ranking
[pipeline-trace] wall=19:15:36 elapsed=285.200s phase=eval event=interaction_progress trial=7 partition=1 processed=1600 total=1999 metric=ranking
[pipeline-trace] wall=19:15:36 elapsed=285.371s phase=eval event=interaction_progress trial=7 partition=1 processed=1700 total=1999 metric=ranking
[pipeline-trace] wall=19:15:36 elapsed=285.629s phase=eval event=interaction_progress trial=7 partition=1 processed=1800 total=1999 metric=ranking
[pipeline-trace] wall=19:15:36 elapsed=285.826s phase=eval event=interaction_progress trial=7 partition=1 processed=1900 total=1999 metric=ranking
[pipeline-trace] wall=19:15:36 elapsed=287.754s phase=train event=interaction_progress trial=6 partition=0 processed=5900 total=14000 metric=ce epoch=1/1
[pipeline-trace] wall=19:15:36 elapsed=286.020s phase=eval event=interaction_progress trial=7 partition=1 processed=1999 total=1999 metric=ranking
[pipeline-trace] wall=19:15:36 elapsed=286.023s phase=eval event=partition_complete trial=7 partition=1 elapsed_sec=3.819 hits=1444 total=1999
[pipeline-trace] wall=19:15:37 elapsed=286.087s phase=train event=interaction_progress trial=8 partition=0 processed=1 total=14000 metric=ce epoch=1/1
[pipeline-trace] wall=19:15:37 elapsed=286.391s phase=train event=interaction_progress trial=8 partition=0 processed=100 total=14000 metric=ce epoch=1/1
[pipeline-trace] wall=19:15:37 elapsed=286.694s phase=train event=interaction_progress trial=8 partition=0 processed=200 total=14000 metric=ce epoch=1/1
[pipeline-trace] wall=19:15:37 elapsed=286.997s phase=train event=interaction_progress trial=8 partition=0 processed=300 total=14000 metric=ce epoch=1/1
[pipeline-trace] wall=19:15:38 elapsed=287.306s phase=train event=interaction_progress trial=8 partition=0 processed=400 total=14000 metric=ce epoch=1/1
[pipeline-trace] wall=19:15:38 elapsed=289.163s phase=train event=interaction_progress trial=6 partition=0 processed=6000 total=14000 metric=ce epoch=1/1
[pipeline-trace] wall=19:15:38 elapsed=287.614s phase=train event=interaction_progress trial=8 partition=0 processed=500 total=14000 metric=ce epoch=1/1
[pipeline-trace] wall=19:15:38 elapsed=287.923s phase=train event=interaction_progress trial=8 partition=0 processed=600 total=14000 metric=ce epoch=1/1
[pipeline-trace] wall=19:15:39 elapsed=288.223s phase=train event=interaction_progress trial=8 partition=0 processed=700 total=14000 metric=ce epoch=1/1
[pipeline-trace] wall=19:15:39 elapsed=288.531s phase=train event=interaction_progress trial=8 partition=0 processed=800 total=14000 metric=ce epoch=1/1
[pipeline-trace] wall=19:15:39 elapsed=288.835s phase=train event=interaction_progress trial=8 partition=0 processed=900 total=14000 metric=ce epoch=1/1
[pipeline-trace] wall=19:15:39 elapsed=290.697s phase=train event=interaction_progress trial=6 partition=0 processed=6100 total=14000 metric=ce epoch=1/1
[pipeline-trace] wall=19:15:40 elapsed=289.144s phase=train event=interaction_progress trial=8 partition=0 processed=1000 total=14000 metric=ce epoch=1/1
[pipeline-trace] wall=19:15:40 elapsed=289.437s phase=train event=interaction_progress trial=8 partition=0 processed=1100 total=14000 metric=ce epoch=1/1
[pipeline-trace] wall=19:15:40 elapsed=289.715s phase=train event=interaction_progress trial=8 partition=0 processed=1200 total=14000 metric=ce epoch=1/1
[pipeline-trace] wall=19:15:40 elapsed=289.999s phase=train event=interaction_progress trial=8 partition=0 processed=1300 total=14000 metric=ce epoch=1/1
[pipeline-trace] wall=19:15:41 elapsed=290.300s phase=train event=interaction_progress trial=8 partition=0 processed=1400 total=14000 metric=ce epoch=1/1
[pipeline-trace] wall=19:15:41 elapsed=292.193s phase=train event=interaction_progress trial=6 partition=0 processed=6200 total=14000 metric=ce epoch=1/1
[pipeline-trace] wall=19:15:41 elapsed=290.609s phase=train event=interaction_progress trial=8 partition=0 processed=1500 total=14000 metric=ce epoch=1/1
[pipeline-trace] wall=19:15:41 elapsed=290.935s phase=train event=interaction_progress trial=8 partition=0 processed=1600 total=14000 metric=ce epoch=1/1
[pipeline-trace] wall=19:15:42 elapsed=291.241s phase=train event=interaction_progress trial=8 partition=0 processed=1700 total=14000 metric=ce epoch=1/1
[pipeline-trace] wall=19:15:42 elapsed=291.541s phase=train event=interaction_progress trial=8 partition=0 processed=1800 total=14000 metric=ce epoch=1/1
[pipeline-trace] wall=19:15:42 elapsed=293.644s phase=train event=interaction_progress trial=6 partition=0 processed=6300 total=14000 metric=ce epoch=1/1
[pipeline-trace] wall=19:15:42 elapsed=291.845s phase=train event=interaction_progress trial=8 partition=0 processed=1900 total=14000 metric=ce epoch=1/1
[pipeline-trace] wall=19:15:43 elapsed=292.147s phase=train event=interaction_progress trial=8 partition=0 processed=2000 total=14000 metric=ce epoch=1/1
[pipeline-trace] wall=19:15:43 elapsed=292.442s phase=train event=interaction_progress trial=8 partition=0 processed=2100 total=14000 metric=ce epoch=1/1
[pipeline-trace] wall=19:15:43 elapsed=294.415s phase=train event=interaction_progress trial=6 partition=0 processed=6400 total=14000 metric=ce epoch=1/1
[pipeline-trace] wall=19:15:43 elapsed=292.766s phase=train event=interaction_progress trial=8 partition=0 processed=2200 total=14000 metric=ce epoch=1/1
[pipeline-trace] wall=19:15:43 elapsed=294.715s phase=train event=interaction_progress trial=6 partition=0 processed=6500 total=14000 metric=ce epoch=1/1
[pipeline-trace] wall=19:15:43 elapsed=293.045s phase=train event=interaction_progress trial=8 partition=0 processed=2300 total=14000 metric=ce epoch=1/1
[pipeline-trace] wall=19:15:44 elapsed=294.973s phase=train event=interaction_progress trial=6 partition=0 processed=6600 total=14000 metric=ce epoch=1/1
[pipeline-trace] wall=19:15:44 elapsed=293.343s phase=train event=interaction_progress trial=8 partition=0 processed=2400 total=14000 metric=ce epoch=1/1
[pipeline-trace] wall=19:15:44 elapsed=295.240s phase=train event=interaction_progress trial=6 partition=0 processed=6700 total=14000 metric=ce epoch=1/1
[pipeline-trace] wall=19:15:44 elapsed=293.627s phase=train event=interaction_progress trial=8 partition=0 processed=2500 total=14000 metric=ce epoch=1/1
[pipeline-trace] wall=19:15:44 elapsed=293.934s phase=train event=interaction_progress trial=8 partition=0 processed=2600 total=14000 metric=ce epoch=1/1
[pipeline-trace] wall=19:15:45 elapsed=296.020s phase=train event=interaction_progress trial=6 partition=0 processed=6800 total=14000 metric=ce epoch=1/1
[pipeline-trace] wall=19:15:45 elapsed=294.233s phase=train event=interaction_progress trial=8 partition=0 processed=2700 total=14000 metric=ce epoch=1/1
[pipeline-trace] wall=19:15:45 elapsed=294.527s phase=train event=interaction_progress trial=8 partition=0 processed=2800 total=14000 metric=ce epoch=1/1
[pipeline-trace] wall=19:15:45 elapsed=296.432s phase=train event=interaction_progress trial=6 partition=0 processed=6900 total=14000 metric=ce epoch=1/1
[pipeline-trace] wall=19:15:45 elapsed=294.828s phase=train event=interaction_progress trial=8 partition=0 processed=2900 total=14000 metric=ce epoch=1/1
[pipeline-trace] wall=19:15:45 elapsed=296.746s phase=train event=interaction_progress trial=6 partition=0 processed=7000 total=14000 metric=ce epoch=1/1
[pipeline-trace] wall=19:15:46 elapsed=295.125s phase=train event=interaction_progress trial=8 partition=0 processed=3000 total=14000 metric=ce epoch=1/1
[pipeline-trace] wall=19:15:46 elapsed=297.068s phase=train event=interaction_progress trial=6 partition=0 processed=7100 total=14000 metric=ce epoch=1/1
[pipeline-trace] wall=19:15:46 elapsed=295.442s phase=train event=interaction_progress trial=8 partition=0 processed=3100 total=14000 metric=ce epoch=1/1
[pipeline-trace] wall=19:15:46 elapsed=297.357s phase=train event=interaction_progress trial=6 partition=0 processed=7200 total=14000 metric=ce epoch=1/1
[pipeline-trace] wall=19:15:46 elapsed=295.807s phase=train event=interaction_progress trial=8 partition=0 processed=3200 total=14000 metric=ce epoch=1/1
[pipeline-trace] wall=19:15:46 elapsed=297.752s phase=train event=interaction_progress trial=6 partition=0 processed=7300 total=14000 metric=ce epoch=1/1
[pipeline-trace] wall=19:15:47 elapsed=296.182s phase=train event=interaction_progress trial=8 partition=0 processed=3300 total=14000 metric=ce epoch=1/1
[pipeline-trace] wall=19:15:47 elapsed=298.156s phase=train event=interaction_progress trial=6 partition=0 processed=7400 total=14000 metric=ce epoch=1/1
[pipeline-trace] wall=19:15:47 elapsed=296.515s phase=train event=interaction_progress trial=8 partition=0 processed=3400 total=14000 metric=ce epoch=1/1
[pipeline-trace] wall=19:15:47 elapsed=296.854s phase=train event=interaction_progress trial=8 partition=0 processed=3500 total=14000 metric=ce epoch=1/1
[pipeline-trace] wall=19:15:48 elapsed=297.145s phase=train event=interaction_progress trial=8 partition=0 processed=3600 total=14000 metric=ce epoch=1/1
[pipeline-trace] wall=19:15:48 elapsed=297.427s phase=train event=interaction_progress trial=8 partition=0 processed=3700 total=14000 metric=ce epoch=1/1
[pipeline-trace] wall=19:15:48 elapsed=297.708s phase=train event=interaction_progress trial=8 partition=0 processed=3800 total=14000 metric=ce epoch=1/1
[pipeline-trace] wall=19:15:48 elapsed=299.598s phase=train event=interaction_progress trial=6 partition=0 processed=7500 total=14000 metric=ce epoch=1/1
[pipeline-trace] wall=19:15:48 elapsed=297.989s phase=train event=interaction_progress trial=8 partition=0 processed=3900 total=14000 metric=ce epoch=1/1
[pipeline-trace] wall=19:15:49 elapsed=298.285s phase=train event=interaction_progress trial=8 partition=0 processed=4000 total=14000 metric=ce epoch=1/1
[pipeline-trace] wall=19:15:49 elapsed=298.594s phase=train event=interaction_progress trial=8 partition=0 processed=4100 total=14000 metric=ce epoch=1/1
[pipeline-trace] wall=19:15:49 elapsed=298.907s phase=train event=interaction_progress trial=8 partition=0 processed=4200 total=14000 metric=ce epoch=1/1
[pipeline-trace] wall=19:15:50 elapsed=299.221s phase=train event=interaction_progress trial=8 partition=0 processed=4300 total=14000 metric=ce epoch=1/1
[pipeline-trace] wall=19:15:50 elapsed=301.150s phase=train event=interaction_progress trial=6 partition=0 processed=7600 total=14000 metric=ce epoch=1/1
[pipeline-trace] wall=19:15:50 elapsed=299.491s phase=train event=interaction_progress trial=8 partition=0 processed=4400 total=14000 metric=ce epoch=1/1
[pipeline-trace] wall=19:15:50 elapsed=299.757s phase=train event=interaction_progress trial=8 partition=0 processed=4500 total=14000 metric=ce epoch=1/1
[pipeline-trace] wall=19:15:50 elapsed=300.055s phase=train event=interaction_progress trial=8 partition=0 processed=4600 total=14000 metric=ce epoch=1/1
[pipeline-trace] wall=19:15:51 elapsed=300.312s phase=train event=interaction_progress trial=8 partition=0 processed=4700 total=14000 metric=ce epoch=1/1
[pipeline-trace] wall=19:15:51 elapsed=300.591s phase=train event=interaction_progress trial=8 partition=0 processed=4800 total=14000 metric=ce epoch=1/1
[pipeline-trace] wall=19:15:51 elapsed=300.901s phase=train event=interaction_progress trial=8 partition=0 processed=4900 total=14000 metric=ce epoch=1/1
[pipeline-trace] wall=19:15:51 elapsed=302.741s phase=train event=interaction_progress trial=6 partition=0 processed=7700 total=14000 metric=ce epoch=1/1
[pipeline-trace] wall=19:15:52 elapsed=301.224s phase=train event=interaction_progress trial=8 partition=0 processed=5000 total=14000 metric=ce epoch=1/1
[pipeline-trace] wall=19:15:52 elapsed=301.543s phase=train event=interaction_progress trial=8 partition=0 processed=5100 total=14000 metric=ce epoch=1/1
[pipeline-trace] wall=19:15:52 elapsed=301.845s phase=train event=interaction_progress trial=8 partition=0 processed=5200 total=14000 metric=ce epoch=1/1
[pipeline-trace] wall=19:15:53 elapsed=302.148s phase=train event=interaction_progress trial=8 partition=0 processed=5300 total=14000 metric=ce epoch=1/1
[pipeline-trace] wall=19:15:53 elapsed=302.448s phase=train event=interaction_progress trial=8 partition=0 processed=5400 total=14000 metric=ce epoch=1/1
[pipeline-trace] wall=19:15:53 elapsed=304.348s phase=train event=interaction_progress trial=6 partition=0 processed=7800 total=14000 metric=ce epoch=1/1
[pipeline-trace] wall=19:15:53 elapsed=302.749s phase=train event=interaction_progress trial=8 partition=0 processed=5500 total=14000 metric=ce epoch=1/1
[pipeline-trace] wall=19:15:54 elapsed=303.231s phase=train event=interaction_progress trial=8 partition=0 processed=5600 total=14000 metric=ce epoch=1/1
[pipeline-trace] wall=19:15:54 elapsed=303.782s phase=train event=interaction_progress trial=8 partition=0 processed=5700 total=14000 metric=ce epoch=1/1
[pipeline-trace] wall=19:15:54 elapsed=305.714s phase=train event=interaction_progress trial=6 partition=0 processed=7900 total=14000 metric=ce epoch=1/1
[pipeline-trace] wall=19:15:55 elapsed=304.419s phase=train event=interaction_progress trial=8 partition=0 processed=5800 total=14000 metric=ce epoch=1/1
[pipeline-trace] wall=19:15:55 elapsed=304.959s phase=train event=interaction_progress trial=8 partition=0 processed=5900 total=14000 metric=ce epoch=1/1
[pipeline-trace] wall=19:15:56 elapsed=305.331s phase=train event=interaction_progress trial=8 partition=0 processed=6000 total=14000 metric=ce epoch=1/1
[pipeline-trace] wall=19:15:56 elapsed=307.265s phase=train event=interaction_progress trial=6 partition=0 processed=8000 total=14000 metric=ce epoch=1/1
[pipeline-trace] wall=19:15:56 elapsed=305.636s phase=train event=interaction_progress trial=8 partition=0 processed=6100 total=14000 metric=ce epoch=1/1
[pipeline-trace] wall=19:15:56 elapsed=305.998s phase=train event=interaction_progress trial=8 partition=0 processed=6200 total=14000 metric=ce epoch=1/1
[pipeline-trace] wall=19:15:57 elapsed=306.417s phase=train event=interaction_progress trial=8 partition=0 processed=6300 total=14000 metric=ce epoch=1/1
[pipeline-trace] wall=19:15:57 elapsed=306.853s phase=train event=interaction_progress trial=8 partition=0 processed=6400 total=14000 metric=ce epoch=1/1
[pipeline-trace] wall=19:15:57 elapsed=308.805s phase=train event=interaction_progress trial=6 partition=0 processed=8100 total=14000 metric=ce epoch=1/1
[pipeline-trace] wall=19:15:58 elapsed=307.289s phase=train event=interaction_progress trial=8 partition=0 processed=6500 total=14000 metric=ce epoch=1/1
[pipeline-trace] wall=19:15:58 elapsed=307.807s phase=train event=interaction_progress trial=8 partition=0 processed=6600 total=14000 metric=ce epoch=1/1
[pipeline-trace] wall=19:15:59 elapsed=310.109s phase=train event=interaction_progress trial=6 partition=0 processed=8200 total=14000 metric=ce epoch=1/1
[pipeline-trace] wall=19:15:59 elapsed=308.360s phase=train event=interaction_progress trial=8 partition=0 processed=6700 total=14000 metric=ce epoch=1/1
[pipeline-trace] wall=19:15:59 elapsed=309.003s phase=train event=interaction_progress trial=8 partition=0 processed=6800 total=14000 metric=ce epoch=1/1
[pipeline-trace] wall=19:16:00 elapsed=309.455s phase=train event=interaction_progress trial=8 partition=0 processed=6900 total=14000 metric=ce epoch=1/1
[pipeline-trace] wall=19:16:00 elapsed=311.596s phase=train event=interaction_progress trial=6 partition=0 processed=8300 total=14000 metric=ce epoch=1/1
[pipeline-trace] wall=19:16:00 elapsed=309.879s phase=train event=interaction_progress trial=8 partition=0 processed=7000 total=14000 metric=ce epoch=1/1
[pipeline-trace] wall=19:16:01 elapsed=310.204s phase=train event=interaction_progress trial=8 partition=0 processed=7100 total=14000 metric=ce epoch=1/1
[pipeline-trace] wall=19:16:01 elapsed=310.556s phase=train event=interaction_progress trial=8 partition=0 processed=7200 total=14000 metric=ce epoch=1/1
[pipeline-trace] wall=19:16:01 elapsed=310.792s phase=train event=interaction_progress trial=8 partition=0 processed=7300 total=14000 metric=ce epoch=1/1
[pipeline-trace] wall=19:16:01 elapsed=312.866s phase=train event=interaction_progress trial=6 partition=0 processed=8400 total=14000 metric=ce epoch=1/1
[pipeline-trace] wall=19:16:01 elapsed=311.070s phase=train event=interaction_progress trial=8 partition=0 processed=7400 total=14000 metric=ce epoch=1/1
[pipeline-trace] wall=19:16:02 elapsed=311.349s phase=train event=interaction_progress trial=8 partition=0 processed=7500 total=14000 metric=ce epoch=1/1
[pipeline-trace] wall=19:16:02 elapsed=311.616s phase=train event=interaction_progress trial=8 partition=0 processed=7600 total=14000 metric=ce epoch=1/1
[pipeline-trace] wall=19:16:02 elapsed=311.886s phase=train event=interaction_progress trial=8 partition=0 processed=7700 total=14000 metric=ce epoch=1/1
[pipeline-trace] wall=19:16:03 elapsed=312.169s phase=train event=interaction_progress trial=8 partition=0 processed=7800 total=14000 metric=ce epoch=1/1
[pipeline-trace] wall=19:16:03 elapsed=314.210s phase=train event=interaction_progress trial=6 partition=0 processed=8500 total=14000 metric=ce epoch=1/1
[pipeline-trace] wall=19:16:03 elapsed=312.497s phase=train event=interaction_progress trial=8 partition=0 processed=7900 total=14000 metric=ce epoch=1/1
[pipeline-trace] wall=19:16:03 elapsed=312.847s phase=train event=interaction_progress trial=8 partition=0 processed=8000 total=14000 metric=ce epoch=1/1
[pipeline-trace] wall=19:16:04 elapsed=313.181s phase=train event=interaction_progress trial=8 partition=0 processed=8100 total=14000 metric=ce epoch=1/1
[pipeline-trace] wall=19:16:04 elapsed=313.517s phase=train event=interaction_progress trial=8 partition=0 processed=8200 total=14000 metric=ce epoch=1/1
[pipeline-trace] wall=19:16:04 elapsed=315.570s phase=train event=interaction_progress trial=6 partition=0 processed=8600 total=14000 metric=ce epoch=1/1
[pipeline-trace] wall=19:16:04 elapsed=313.854s phase=train event=interaction_progress trial=8 partition=0 processed=8300 total=14000 metric=ce epoch=1/1
[pipeline-trace] wall=19:16:05 elapsed=314.086s phase=train event=interaction_progress trial=8 partition=0 processed=8400 total=14000 metric=ce epoch=1/1
[pipeline-trace] wall=19:16:05 elapsed=314.363s phase=train event=interaction_progress trial=8 partition=0 processed=8500 total=14000 metric=ce epoch=1/1
[pipeline-trace] wall=19:16:05 elapsed=314.634s phase=train event=interaction_progress trial=8 partition=0 processed=8600 total=14000 metric=ce epoch=1/1
[pipeline-trace] wall=19:16:05 elapsed=314.860s phase=train event=interaction_progress trial=8 partition=0 processed=8700 total=14000 metric=ce epoch=1/1
[pipeline-trace] wall=19:16:06 elapsed=315.105s phase=train event=interaction_progress trial=8 partition=0 processed=8800 total=14000 metric=ce epoch=1/1
[pipeline-trace] wall=19:16:06 elapsed=317.007s phase=train event=interaction_progress trial=6 partition=0 processed=8700 total=14000 metric=ce epoch=1/1
[pipeline-trace] wall=19:16:06 elapsed=315.353s phase=train event=interaction_progress trial=8 partition=0 processed=8900 total=14000 metric=ce epoch=1/1
[pipeline-trace] wall=19:16:06 elapsed=315.616s phase=train event=interaction_progress trial=8 partition=0 processed=9000 total=14000 metric=ce epoch=1/1
[pipeline-trace] wall=19:16:06 elapsed=315.872s phase=train event=interaction_progress trial=8 partition=0 processed=9100 total=14000 metric=ce epoch=1/1
[pipeline-trace] wall=19:16:07 elapsed=316.128s phase=train event=interaction_progress trial=8 partition=0 processed=9200 total=14000 metric=ce epoch=1/1
[pipeline-trace] wall=19:16:07 elapsed=316.384s phase=train event=interaction_progress trial=8 partition=0 processed=9300 total=14000 metric=ce epoch=1/1
[pipeline-trace] wall=19:16:07 elapsed=316.642s phase=train event=interaction_progress trial=8 partition=0 processed=9400 total=14000 metric=ce epoch=1/1
[pipeline-trace] wall=19:16:07 elapsed=318.544s phase=train event=interaction_progress trial=6 partition=0 processed=8800 total=14000 metric=ce epoch=1/1
[pipeline-trace] wall=19:16:07 elapsed=316.899s phase=train event=interaction_progress trial=8 partition=0 processed=9500 total=14000 metric=ce epoch=1/1
[pipeline-trace] wall=19:16:08 elapsed=317.154s phase=train event=interaction_progress trial=8 partition=0 processed=9600 total=14000 metric=ce epoch=1/1
[pipeline-trace] wall=19:16:08 elapsed=317.408s phase=train event=interaction_progress trial=8 partition=0 processed=9700 total=14000 metric=ce epoch=1/1
[pipeline-trace] wall=19:16:08 elapsed=317.664s phase=train event=interaction_progress trial=8 partition=0 processed=9800 total=14000 metric=ce epoch=1/1
[pipeline-trace] wall=19:16:08 elapsed=317.914s phase=train event=interaction_progress trial=8 partition=0 processed=9900 total=14000 metric=ce epoch=1/1
[pipeline-trace] wall=19:16:09 elapsed=319.991s phase=train event=interaction_progress trial=6 partition=0 processed=8900 total=14000 metric=ce epoch=1/1
[pipeline-trace] wall=19:16:09 elapsed=318.172s phase=train event=interaction_progress trial=8 partition=0 processed=10000 total=14000 metric=ce epoch=1/1
[pipeline-trace] wall=19:16:09 elapsed=318.422s phase=train event=interaction_progress trial=8 partition=0 processed=10100 total=14000 metric=ce epoch=1/1
[pipeline-trace] wall=19:16:09 elapsed=318.690s phase=train event=interaction_progress trial=8 partition=0 processed=10200 total=14000 metric=ce epoch=1/1
[pipeline-trace] wall=19:16:09 elapsed=318.975s phase=train event=interaction_progress trial=8 partition=0 processed=10300 total=14000 metric=ce epoch=1/1
[pipeline-trace] wall=19:16:10 elapsed=319.283s phase=train event=interaction_progress trial=8 partition=0 processed=10400 total=14000 metric=ce epoch=1/1
[pipeline-trace] wall=19:16:10 elapsed=319.589s phase=train event=interaction_progress trial=8 partition=0 processed=10500 total=14000 metric=ce epoch=1/1
[pipeline-trace] wall=19:16:10 elapsed=321.484s phase=train event=interaction_progress trial=6 partition=0 processed=9000 total=14000 metric=ce epoch=1/1
[pipeline-trace] wall=19:16:10 elapsed=319.896s phase=train event=interaction_progress trial=8 partition=0 processed=10600 total=14000 metric=ce epoch=1/1
[pipeline-trace] wall=19:16:11 elapsed=320.191s phase=train event=interaction_progress trial=8 partition=0 processed=10700 total=14000 metric=ce epoch=1/1
[pipeline-trace] wall=19:16:11 elapsed=320.498s phase=train event=interaction_progress trial=8 partition=0 processed=10800 total=14000 metric=ce epoch=1/1
[pipeline-trace] wall=19:16:11 elapsed=320.801s phase=train event=interaction_progress trial=8 partition=0 processed=10900 total=14000 metric=ce epoch=1/1
[pipeline-trace] wall=19:16:12 elapsed=321.108s phase=train event=interaction_progress trial=8 partition=0 processed=11000 total=14000 metric=ce epoch=1/1
[pipeline-trace] wall=19:16:12 elapsed=323.019s phase=train event=interaction_progress trial=6 partition=0 processed=9100 total=14000 metric=ce epoch=1/1
[pipeline-trace] wall=19:16:12 elapsed=321.406s phase=train event=interaction_progress trial=8 partition=0 processed=11100 total=14000 metric=ce epoch=1/1
[pipeline-trace] wall=19:16:12 elapsed=321.709s phase=train event=interaction_progress trial=8 partition=0 processed=11200 total=14000 metric=ce epoch=1/1
[pipeline-trace] wall=19:16:12 elapsed=322.011s phase=train event=interaction_progress trial=8 partition=0 processed=11300 total=14000 metric=ce epoch=1/1
[pipeline-trace] wall=19:16:13 elapsed=322.303s phase=train event=interaction_progress trial=8 partition=0 processed=11400 total=14000 metric=ce epoch=1/1
[pipeline-trace] wall=19:16:13 elapsed=322.591s phase=train event=interaction_progress trial=8 partition=0 processed=11500 total=14000 metric=ce epoch=1/1
[pipeline-trace] wall=19:16:13 elapsed=324.534s phase=train event=interaction_progress trial=6 partition=0 processed=9200 total=14000 metric=ce epoch=1/1
[pipeline-trace] wall=19:16:13 elapsed=322.884s phase=train event=interaction_progress trial=8 partition=0 processed=11600 total=14000 metric=ce epoch=1/1
[pipeline-trace] wall=19:16:14 elapsed=323.182s phase=train event=interaction_progress trial=8 partition=0 processed=11700 total=14000 metric=ce epoch=1/1
[pipeline-trace] wall=19:16:14 elapsed=323.481s phase=train event=interaction_progress trial=8 partition=0 processed=11800 total=14000 metric=ce epoch=1/1
[pipeline-trace] wall=19:16:14 elapsed=323.786s phase=train event=interaction_progress trial=8 partition=0 processed=11900 total=14000 metric=ce epoch=1/1
[pipeline-trace] wall=19:16:15 elapsed=324.112s phase=train event=interaction_progress trial=8 partition=0 processed=12000 total=14000 metric=ce epoch=1/1
[pipeline-trace] wall=19:16:15 elapsed=326.034s phase=train event=interaction_progress trial=6 partition=0 processed=9300 total=14000 metric=ce epoch=1/1
[pipeline-trace] wall=19:16:15 elapsed=324.422s phase=train event=interaction_progress trial=8 partition=0 processed=12100 total=14000 metric=ce epoch=1/1
[pipeline-trace] wall=19:16:15 elapsed=324.712s phase=train event=interaction_progress trial=8 partition=0 processed=12200 total=14000 metric=ce epoch=1/1
[pipeline-trace] wall=19:16:15 elapsed=325.009s phase=train event=interaction_progress trial=8 partition=0 processed=12300 total=14000 metric=ce epoch=1/1
[pipeline-trace] wall=19:16:16 elapsed=325.322s phase=train event=interaction_progress trial=8 partition=0 processed=12400 total=14000 metric=ce epoch=1/1
[pipeline-trace] wall=19:16:16 elapsed=325.623s phase=train event=interaction_progress trial=8 partition=0 processed=12500 total=14000 metric=ce epoch=1/1
[pipeline-trace] wall=19:16:16 elapsed=327.625s phase=train event=interaction_progress trial=6 partition=0 processed=9400 total=14000 metric=ce epoch=1/1
[pipeline-trace] wall=19:16:16 elapsed=325.933s phase=train event=interaction_progress trial=8 partition=0 processed=12600 total=14000 metric=ce epoch=1/1
[pipeline-trace] wall=19:16:17 elapsed=326.232s phase=train event=interaction_progress trial=8 partition=0 processed=12700 total=14000 metric=ce epoch=1/1
[pipeline-trace] wall=19:16:17 elapsed=326.532s phase=train event=interaction_progress trial=8 partition=0 processed=12800 total=14000 metric=ce epoch=1/1
[pipeline-trace] wall=19:16:17 elapsed=326.830s phase=train event=interaction_progress trial=8 partition=0 processed=12900 total=14000 metric=ce epoch=1/1
[pipeline-trace] wall=19:16:18 elapsed=327.140s phase=train event=interaction_progress trial=8 partition=0 processed=13000 total=14000 metric=ce epoch=1/1
[pipeline-trace] wall=19:16:18 elapsed=329.085s phase=train event=interaction_progress trial=6 partition=0 processed=9500 total=14000 metric=ce epoch=1/1
[pipeline-trace] wall=19:16:18 elapsed=327.446s phase=train event=interaction_progress trial=8 partition=0 processed=13100 total=14000 metric=ce epoch=1/1
[pipeline-trace] wall=19:16:18 elapsed=327.756s phase=train event=interaction_progress trial=8 partition=0 processed=13200 total=14000 metric=ce epoch=1/1
[pipeline-trace] wall=19:16:18 elapsed=328.050s phase=train event=interaction_progress trial=8 partition=0 processed=13300 total=14000 metric=ce epoch=1/1
[pipeline-trace] wall=19:16:19 elapsed=328.327s phase=train event=interaction_progress trial=8 partition=0 processed=13400 total=14000 metric=ce epoch=1/1
[pipeline-trace] wall=19:16:19 elapsed=328.618s phase=train event=interaction_progress trial=8 partition=0 processed=13500 total=14000 metric=ce epoch=1/1
[pipeline-trace] wall=19:16:19 elapsed=330.550s phase=train event=interaction_progress trial=6 partition=0 processed=9600 total=14000 metric=ce epoch=1/1
[pipeline-trace] wall=19:16:19 elapsed=328.878s phase=train event=interaction_progress trial=8 partition=0 processed=13600 total=14000 metric=ce epoch=1/1
[pipeline-trace] wall=19:16:20 elapsed=329.156s phase=train event=interaction_progress trial=8 partition=0 processed=13700 total=14000 metric=ce epoch=1/1
[pipeline-trace] wall=19:16:20 elapsed=329.408s phase=train event=interaction_progress trial=8 partition=0 processed=13800 total=14000 metric=ce epoch=1/1
[pipeline-trace] wall=19:16:20 elapsed=329.660s phase=train event=interaction_progress trial=8 partition=0 processed=13900 total=14000 metric=ce epoch=1/1
[pipeline-trace] wall=19:16:20 elapsed=329.922s phase=train event=interaction_progress trial=8 partition=0 processed=14000 total=14000 metric=ce epoch=1/1
[pipeline-trace] wall=19:16:20 elapsed=330.006s phase=eval event=batch_start trial=8 partitions=[1] synthetic=False
[pipeline-trace] wall=19:16:20 elapsed=330.006s phase=eval event=partition_start trial=8 partition=1 interactions=1999
[pipeline-trace] wall=19:16:20 elapsed=330.006s phase=eval event=interaction_progress trial=8 partition=1 processed=1 total=1999 metric=ranking
[pipeline-trace] wall=19:16:21 elapsed=330.146s phase=eval event=interaction_progress trial=8 partition=1 processed=100 total=1999 metric=ranking
[pipeline-trace] wall=19:16:21 elapsed=332.033s phase=train event=interaction_progress trial=6 partition=0 processed=9700 total=14000 metric=ce epoch=1/1
[pipeline-trace] wall=19:16:21 elapsed=330.276s phase=eval event=interaction_progress trial=8 partition=1 processed=200 total=1999 metric=ranking
[pipeline-trace] wall=19:16:21 elapsed=330.407s phase=eval event=interaction_progress trial=8 partition=1 processed=300 total=1999 metric=ranking
[pipeline-trace] wall=19:16:21 elapsed=330.538s phase=eval event=interaction_progress trial=8 partition=1 processed=400 total=1999 metric=ranking
[pipeline-trace] wall=19:16:21 elapsed=330.669s phase=eval event=interaction_progress trial=8 partition=1 processed=500 total=1999 metric=ranking
[pipeline-trace] wall=19:16:21 elapsed=330.800s phase=eval event=interaction_progress trial=8 partition=1 processed=600 total=1999 metric=ranking
[pipeline-trace] wall=19:16:21 elapsed=330.932s phase=eval event=interaction_progress trial=8 partition=1 processed=700 total=1999 metric=ranking
[pipeline-trace] wall=19:16:21 elapsed=331.062s phase=eval event=interaction_progress trial=8 partition=1 processed=800 total=1999 metric=ranking
[pipeline-trace] wall=19:16:22 elapsed=331.192s phase=eval event=interaction_progress trial=8 partition=1 processed=900 total=1999 metric=ranking
[pipeline-trace] wall=19:16:22 elapsed=331.322s phase=eval event=interaction_progress trial=8 partition=1 processed=1000 total=1999 metric=ranking
[pipeline-trace] wall=19:16:22 elapsed=331.450s phase=eval event=interaction_progress trial=8 partition=1 processed=1100 total=1999 metric=ranking
[pipeline-trace] wall=19:16:22 elapsed=331.581s phase=eval event=interaction_progress trial=8 partition=1 processed=1200 total=1999 metric=ranking
[pipeline-trace] wall=19:16:22 elapsed=333.499s phase=train event=interaction_progress trial=6 partition=0 processed=9800 total=14000 metric=ce epoch=1/1
[pipeline-trace] wall=19:16:22 elapsed=331.732s phase=eval event=interaction_progress trial=8 partition=1 processed=1300 total=1999 metric=ranking
[pipeline-trace] wall=19:16:22 elapsed=331.893s phase=eval event=interaction_progress trial=8 partition=1 processed=1400 total=1999 metric=ranking
[pipeline-trace] wall=19:16:22 elapsed=332.052s phase=eval event=interaction_progress trial=8 partition=1 processed=1500 total=1999 metric=ranking
[pipeline-trace] wall=19:16:23 elapsed=332.212s phase=eval event=interaction_progress trial=8 partition=1 processed=1600 total=1999 metric=ranking
[pipeline-trace] wall=19:16:23 elapsed=332.372s phase=eval event=interaction_progress trial=8 partition=1 processed=1700 total=1999 metric=ranking
[pipeline-trace] wall=19:16:23 elapsed=332.533s phase=eval event=interaction_progress trial=8 partition=1 processed=1800 total=1999 metric=ranking
[pipeline-trace] wall=19:16:23 elapsed=332.695s phase=eval event=interaction_progress trial=8 partition=1 processed=1900 total=1999 metric=ranking
[pipeline-trace] wall=19:16:23 elapsed=332.855s phase=eval event=interaction_progress trial=8 partition=1 processed=1999 total=1999 metric=ranking
[pipeline-trace] wall=19:16:23 elapsed=332.857s phase=eval event=partition_complete trial=8 partition=1 elapsed_sec=2.851 hits=1037 total=1999
[pipeline-trace] wall=19:16:23 elapsed=332.921s phase=train event=interaction_progress trial=9 partition=0 processed=1 total=14000 metric=ce epoch=1/1
[pipeline-trace] wall=19:16:24 elapsed=335.072s phase=train event=interaction_progress trial=6 partition=0 processed=9900 total=14000 metric=ce epoch=1/1
[pipeline-trace] wall=19:16:24 elapsed=333.372s phase=train event=interaction_progress trial=9 partition=0 processed=100 total=14000 metric=ce epoch=1/1
[pipeline-trace] wall=19:16:24 elapsed=333.715s phase=train event=interaction_progress trial=9 partition=0 processed=200 total=14000 metric=ce epoch=1/1
[pipeline-trace] wall=19:16:24 elapsed=334.062s phase=train event=interaction_progress trial=9 partition=0 processed=300 total=14000 metric=ce epoch=1/1
[pipeline-trace] wall=19:16:25 elapsed=334.409s phase=train event=interaction_progress trial=9 partition=0 processed=400 total=14000 metric=ce epoch=1/1
[pipeline-trace] wall=19:16:25 elapsed=334.745s phase=train event=interaction_progress trial=9 partition=0 processed=500 total=14000 metric=ce epoch=1/1
[pipeline-trace] wall=19:16:25 elapsed=336.606s phase=train event=interaction_progress trial=6 partition=0 processed=10000 total=14000 metric=ce epoch=1/1
[pipeline-trace] wall=19:16:26 elapsed=335.109s phase=train event=interaction_progress trial=9 partition=0 processed=600 total=14000 metric=ce epoch=1/1
[pipeline-trace] wall=19:16:26 elapsed=335.458s phase=train event=interaction_progress trial=9 partition=0 processed=700 total=14000 metric=ce epoch=1/1
[pipeline-trace] wall=19:16:26 elapsed=335.773s phase=train event=interaction_progress trial=9 partition=0 processed=800 total=14000 metric=ce epoch=1/1
[pipeline-trace] wall=19:16:27 elapsed=336.127s phase=train event=interaction_progress trial=9 partition=0 processed=900 total=14000 metric=ce epoch=1/1
[pipeline-trace] wall=19:16:27 elapsed=338.000s phase=train event=interaction_progress trial=6 partition=0 processed=10100 total=14000 metric=ce epoch=1/1
[pipeline-trace] wall=19:16:27 elapsed=336.477s phase=train event=interaction_progress trial=9 partition=0 processed=1000 total=14000 metric=ce epoch=1/1
[pipeline-trace] wall=19:16:27 elapsed=336.839s phase=train event=interaction_progress trial=9 partition=0 processed=1100 total=14000 metric=ce epoch=1/1
[pipeline-trace] wall=19:16:28 elapsed=337.221s phase=train event=interaction_progress trial=9 partition=0 processed=1200 total=14000 metric=ce epoch=1/1
[pipeline-trace] wall=19:16:28 elapsed=337.601s phase=train event=interaction_progress trial=9 partition=0 processed=1300 total=14000 metric=ce epoch=1/1
[pipeline-trace] wall=19:16:28 elapsed=339.439s phase=train event=interaction_progress trial=6 partition=0 processed=10200 total=14000 metric=ce epoch=1/1
[pipeline-trace] wall=19:16:28 elapsed=337.972s phase=train event=interaction_progress trial=9 partition=0 processed=1400 total=14000 metric=ce epoch=1/1
[pipeline-trace] wall=19:16:29 elapsed=338.320s phase=train event=interaction_progress trial=9 partition=0 processed=1500 total=14000 metric=ce epoch=1/1
[pipeline-trace] wall=19:16:29 elapsed=338.668s phase=train event=interaction_progress trial=9 partition=0 processed=1600 total=14000 metric=ce epoch=1/1
[pipeline-trace] wall=19:16:29 elapsed=339.027s phase=train event=interaction_progress trial=9 partition=0 processed=1700 total=14000 metric=ce epoch=1/1
[pipeline-trace] wall=19:16:30 elapsed=341.032s phase=train event=interaction_progress trial=6 partition=0 processed=10300 total=14000 metric=ce epoch=1/1
[pipeline-trace] wall=19:16:30 elapsed=339.410s phase=train event=interaction_progress trial=9 partition=0 processed=1800 total=14000 metric=ce epoch=1/1
[pipeline-trace] wall=19:16:30 elapsed=339.780s phase=train event=interaction_progress trial=9 partition=0 processed=1900 total=14000 metric=ce epoch=1/1
[pipeline-trace] wall=19:16:31 elapsed=340.122s phase=train event=interaction_progress trial=9 partition=0 processed=2000 total=14000 metric=ce epoch=1/1
[pipeline-trace] wall=19:16:31 elapsed=340.468s phase=train event=interaction_progress trial=9 partition=0 processed=2100 total=14000 metric=ce epoch=1/1
[pipeline-trace] wall=19:16:31 elapsed=342.573s phase=train event=interaction_progress trial=6 partition=0 processed=10400 total=14000 metric=ce epoch=1/1
[pipeline-trace] wall=19:16:31 elapsed=340.810s phase=train event=interaction_progress trial=9 partition=0 processed=2200 total=14000 metric=ce epoch=1/1
[pipeline-trace] wall=19:16:32 elapsed=341.171s phase=train event=interaction_progress trial=9 partition=0 processed=2300 total=14000 metric=ce epoch=1/1
[pipeline-trace] wall=19:16:32 elapsed=341.525s phase=train event=interaction_progress trial=9 partition=0 processed=2400 total=14000 metric=ce epoch=1/1
[pipeline-trace] wall=19:16:32 elapsed=341.884s phase=train event=interaction_progress trial=9 partition=0 processed=2500 total=14000 metric=ce epoch=1/1
[pipeline-trace] wall=19:16:33 elapsed=342.220s phase=train event=interaction_progress trial=9 partition=0 processed=2600 total=14000 metric=ce epoch=1/1
[pipeline-trace] wall=19:16:33 elapsed=344.073s phase=train event=interaction_progress trial=6 partition=0 processed=10500 total=14000 metric=ce epoch=1/1
[pipeline-trace] wall=19:16:33 elapsed=342.569s phase=train event=interaction_progress trial=9 partition=0 processed=2700 total=14000 metric=ce epoch=1/1
[pipeline-trace] wall=19:16:33 elapsed=342.918s phase=train event=interaction_progress trial=9 partition=0 processed=2800 total=14000 metric=ce epoch=1/1
[pipeline-trace] wall=19:16:34 elapsed=343.262s phase=train event=interaction_progress trial=9 partition=0 processed=2900 total=14000 metric=ce epoch=1/1
[pipeline-trace] wall=19:16:34 elapsed=343.586s phase=train event=interaction_progress trial=9 partition=0 processed=3000 total=14000 metric=ce epoch=1/1
[pipeline-trace] wall=19:16:34 elapsed=345.491s phase=train event=interaction_progress trial=6 partition=0 processed=10600 total=14000 metric=ce epoch=1/1
[pipeline-trace] wall=19:16:34 elapsed=343.957s phase=train event=interaction_progress trial=9 partition=0 processed=3100 total=14000 metric=ce epoch=1/1
[pipeline-trace] wall=19:16:35 elapsed=344.293s phase=train event=interaction_progress trial=9 partition=0 processed=3200 total=14000 metric=ce epoch=1/1
[pipeline-trace] wall=19:16:35 elapsed=344.659s phase=train event=interaction_progress trial=9 partition=0 processed=3300 total=14000 metric=ce epoch=1/1
[pipeline-trace] wall=19:16:35 elapsed=344.978s phase=train event=interaction_progress trial=9 partition=0 processed=3400 total=14000 metric=ce epoch=1/1
[pipeline-trace] wall=19:16:36 elapsed=346.947s phase=train event=interaction_progress trial=6 partition=0 processed=10700 total=14000 metric=ce epoch=1/1
[pipeline-trace] wall=19:16:36 elapsed=345.327s phase=train event=interaction_progress trial=9 partition=0 processed=3500 total=14000 metric=ce epoch=1/1
[pipeline-trace] wall=19:16:36 elapsed=345.691s phase=train event=interaction_progress trial=9 partition=0 processed=3600 total=14000 metric=ce epoch=1/1
[pipeline-trace] wall=19:16:36 elapsed=346.038s phase=train event=interaction_progress trial=9 partition=0 processed=3700 total=14000 metric=ce epoch=1/1
[pipeline-trace] wall=19:16:37 elapsed=346.402s phase=train event=interaction_progress trial=9 partition=0 processed=3800 total=14000 metric=ce epoch=1/1
[pipeline-trace] wall=19:16:37 elapsed=348.323s phase=train event=interaction_progress trial=6 partition=0 processed=10800 total=14000 metric=ce epoch=1/1
[pipeline-trace] wall=19:16:37 elapsed=346.769s phase=train event=interaction_progress trial=9 partition=0 processed=3900 total=14000 metric=ce epoch=1/1
[pipeline-trace] wall=19:16:38 elapsed=347.175s phase=train event=interaction_progress trial=9 partition=0 processed=4000 total=14000 metric=ce epoch=1/1
[pipeline-trace] wall=19:16:38 elapsed=347.552s phase=train event=interaction_progress trial=9 partition=0 processed=4100 total=14000 metric=ce epoch=1/1
[pipeline-trace] wall=19:16:38 elapsed=347.946s phase=train event=interaction_progress trial=9 partition=0 processed=4200 total=14000 metric=ce epoch=1/1
[pipeline-trace] wall=19:16:38 elapsed=349.829s phase=train event=interaction_progress trial=6 partition=0 processed=10900 total=14000 metric=ce epoch=1/1
[pipeline-trace] wall=19:16:39 elapsed=348.315s phase=train event=interaction_progress trial=9 partition=0 processed=4300 total=14000 metric=ce epoch=1/1
[pipeline-trace] wall=19:16:39 elapsed=348.673s phase=train event=interaction_progress trial=9 partition=0 processed=4400 total=14000 metric=ce epoch=1/1
[pipeline-trace] wall=19:16:39 elapsed=349.038s phase=train event=interaction_progress trial=9 partition=0 processed=4500 total=14000 metric=ce epoch=1/1
[pipeline-trace] wall=19:16:40 elapsed=349.388s phase=train event=interaction_progress trial=9 partition=0 processed=4600 total=14000 metric=ce epoch=1/1
[pipeline-trace] wall=19:16:40 elapsed=351.278s phase=train event=interaction_progress trial=6 partition=0 processed=11000 total=14000 metric=ce epoch=1/1
[pipeline-trace] wall=19:16:40 elapsed=349.797s phase=train event=interaction_progress trial=9 partition=0 processed=4700 total=14000 metric=ce epoch=1/1
[pipeline-trace] wall=19:16:41 elapsed=350.167s phase=train event=interaction_progress trial=9 partition=0 processed=4800 total=14000 metric=ce epoch=1/1
[pipeline-trace] wall=19:16:41 elapsed=350.520s phase=train event=interaction_progress trial=9 partition=0 processed=4900 total=14000 metric=ce epoch=1/1
[pipeline-trace] wall=19:16:41 elapsed=350.870s phase=train event=interaction_progress trial=9 partition=0 processed=5000 total=14000 metric=ce epoch=1/1
[pipeline-trace] wall=19:16:41 elapsed=352.728s phase=train event=interaction_progress trial=6 partition=0 processed=11100 total=14000 metric=ce epoch=1/1
[pipeline-trace] wall=19:16:42 elapsed=351.232s phase=train event=interaction_progress trial=9 partition=0 processed=5100 total=14000 metric=ce epoch=1/1
[pipeline-trace] wall=19:16:42 elapsed=351.573s phase=train event=interaction_progress trial=9 partition=0 processed=5200 total=14000 metric=ce epoch=1/1
[pipeline-trace] wall=19:16:42 elapsed=351.946s phase=train event=interaction_progress trial=9 partition=0 processed=5300 total=14000 metric=ce epoch=1/1
[pipeline-trace] wall=19:16:43 elapsed=352.331s phase=train event=interaction_progress trial=9 partition=0 processed=5400 total=14000 metric=ce epoch=1/1
[pipeline-trace] wall=19:16:43 elapsed=354.198s phase=train event=interaction_progress trial=6 partition=0 processed=11200 total=14000 metric=ce epoch=1/1
[pipeline-trace] wall=19:16:43 elapsed=352.704s phase=train event=interaction_progress trial=9 partition=0 processed=5500 total=14000 metric=ce epoch=1/1
[pipeline-trace] wall=19:16:47 elapsed=356.523s phase=train event=interaction_progress trial=9 partition=0 processed=5600 total=14000 metric=ce epoch=1/1
[pipeline-trace] wall=19:16:47 elapsed=356.924s phase=train event=interaction_progress trial=9 partition=0 processed=5700 total=14000 metric=ce epoch=1/1
[pipeline-trace] wall=19:16:48 elapsed=357.378s phase=train event=interaction_progress trial=9 partition=0 processed=5800 total=14000 metric=ce epoch=1/1
[pipeline-trace] wall=19:16:48 elapsed=357.957s phase=train event=interaction_progress trial=9 partition=0 processed=5900 total=14000 metric=ce epoch=1/1
[pipeline-trace] wall=19:16:49 elapsed=358.379s phase=train event=interaction_progress trial=9 partition=0 processed=6000 total=14000 metric=ce epoch=1/1
[pipeline-trace] wall=19:16:49 elapsed=360.633s phase=train event=interaction_progress trial=6 partition=0 processed=11300 total=14000 metric=ce epoch=1/1
[pipeline-trace] wall=19:16:49 elapsed=358.845s phase=train event=interaction_progress trial=9 partition=0 processed=6100 total=14000 metric=ce epoch=1/1
[pipeline-trace] wall=19:16:50 elapsed=359.309s phase=train event=interaction_progress trial=9 partition=0 processed=6200 total=14000 metric=ce epoch=1/1
[pipeline-trace] wall=19:16:50 elapsed=359.732s phase=train event=interaction_progress trial=9 partition=0 processed=6300 total=14000 metric=ce epoch=1/1
[pipeline-trace] wall=19:16:51 elapsed=360.204s phase=train event=interaction_progress trial=9 partition=0 processed=6400 total=14000 metric=ce epoch=1/1
[pipeline-trace] wall=19:16:51 elapsed=360.550s phase=train event=interaction_progress trial=9 partition=0 processed=6500 total=14000 metric=ce epoch=1/1
[pipeline-trace] wall=19:16:51 elapsed=362.593s phase=train event=interaction_progress trial=6 partition=0 processed=11400 total=14000 metric=ce epoch=1/1
[pipeline-trace] wall=19:16:51 elapsed=360.861s phase=train event=interaction_progress trial=9 partition=0 processed=6600 total=14000 metric=ce epoch=1/1
[pipeline-trace] wall=19:16:52 elapsed=361.214s phase=train event=interaction_progress trial=9 partition=0 processed=6700 total=14000 metric=ce epoch=1/1
[pipeline-trace] wall=19:16:52 elapsed=361.553s phase=train event=interaction_progress trial=9 partition=0 processed=6800 total=14000 metric=ce epoch=1/1
[pipeline-trace] wall=19:16:52 elapsed=361.910s phase=train event=interaction_progress trial=9 partition=0 processed=6900 total=14000 metric=ce epoch=1/1
[pipeline-trace] wall=19:16:53 elapsed=363.998s phase=train event=interaction_progress trial=6 partition=0 processed=11500 total=14000 metric=ce epoch=1/1
[pipeline-trace] wall=19:16:53 elapsed=362.242s phase=train event=interaction_progress trial=9 partition=0 processed=7000 total=14000 metric=ce epoch=1/1
[pipeline-trace] wall=19:16:53 elapsed=362.601s phase=train event=interaction_progress trial=9 partition=0 processed=7100 total=14000 metric=ce epoch=1/1
[pipeline-trace] wall=19:16:53 elapsed=362.892s phase=train event=interaction_progress trial=9 partition=0 processed=7200 total=14000 metric=ce epoch=1/1
[pipeline-trace] wall=19:16:54 elapsed=363.242s phase=train event=interaction_progress trial=9 partition=0 processed=7300 total=14000 metric=ce epoch=1/1
[pipeline-trace] wall=19:16:54 elapsed=365.334s phase=train event=interaction_progress trial=6 partition=0 processed=11600 total=14000 metric=ce epoch=1/1
[pipeline-trace] wall=19:16:54 elapsed=363.575s phase=train event=interaction_progress trial=9 partition=0 processed=7400 total=14000 metric=ce epoch=1/1
[pipeline-trace] wall=19:16:54 elapsed=363.905s phase=train event=interaction_progress trial=9 partition=0 processed=7500 total=14000 metric=ce epoch=1/1
[pipeline-trace] wall=19:16:55 elapsed=364.214s phase=train event=interaction_progress trial=9 partition=0 processed=7600 total=14000 metric=ce epoch=1/1
[pipeline-trace] wall=19:16:55 elapsed=364.588s phase=train event=interaction_progress trial=9 partition=0 processed=7700 total=14000 metric=ce epoch=1/1
[pipeline-trace] wall=19:16:55 elapsed=366.733s phase=train event=interaction_progress trial=6 partition=0 processed=11700 total=14000 metric=ce epoch=1/1
[pipeline-trace] wall=19:16:55 elapsed=364.973s phase=train event=interaction_progress trial=9 partition=0 processed=7800 total=14000 metric=ce epoch=1/1
[pipeline-trace] wall=19:16:56 elapsed=365.320s phase=train event=interaction_progress trial=9 partition=0 processed=7900 total=14000 metric=ce epoch=1/1
[pipeline-trace] wall=19:16:56 elapsed=365.598s phase=train event=interaction_progress trial=9 partition=0 processed=8000 total=14000 metric=ce epoch=1/1
[pipeline-trace] wall=19:16:56 elapsed=365.922s phase=train event=interaction_progress trial=9 partition=0 processed=8100 total=14000 metric=ce epoch=1/1
[pipeline-trace] wall=19:16:57 elapsed=366.277s phase=train event=interaction_progress trial=9 partition=0 processed=8200 total=14000 metric=ce epoch=1/1
[pipeline-trace] wall=19:16:57 elapsed=368.178s phase=train event=interaction_progress trial=6 partition=0 processed=11800 total=14000 metric=ce epoch=1/1
[pipeline-trace] wall=19:16:57 elapsed=366.586s phase=train event=interaction_progress trial=9 partition=0 processed=8300 total=14000 metric=ce epoch=1/1
[pipeline-trace] wall=19:16:57 elapsed=366.916s phase=train event=interaction_progress trial=9 partition=0 processed=8400 total=14000 metric=ce epoch=1/1
[pipeline-trace] wall=19:16:58 elapsed=367.275s phase=train event=interaction_progress trial=9 partition=0 processed=8500 total=14000 metric=ce epoch=1/1
[pipeline-trace] wall=19:16:58 elapsed=367.627s phase=train event=interaction_progress trial=9 partition=0 processed=8600 total=14000 metric=ce epoch=1/1
[pipeline-trace] wall=19:16:58 elapsed=369.551s phase=train event=interaction_progress trial=6 partition=0 processed=11900 total=14000 metric=ce epoch=1/1
[pipeline-trace] wall=19:16:58 elapsed=368.008s phase=train event=interaction_progress trial=9 partition=0 processed=8700 total=14000 metric=ce epoch=1/1
[pipeline-trace] wall=19:16:59 elapsed=368.373s phase=train event=interaction_progress trial=9 partition=0 processed=8800 total=14000 metric=ce epoch=1/1
[pipeline-trace] wall=19:16:59 elapsed=368.738s phase=train event=interaction_progress trial=9 partition=0 processed=8900 total=14000 metric=ce epoch=1/1
[pipeline-trace] wall=19:17:00 elapsed=369.122s phase=train event=interaction_progress trial=9 partition=0 processed=9000 total=14000 metric=ce epoch=1/1
[pipeline-trace] wall=19:17:00 elapsed=371.001s phase=train event=interaction_progress trial=6 partition=0 processed=12000 total=14000 metric=ce epoch=1/1
[pipeline-trace] wall=19:17:00 elapsed=369.496s phase=train event=interaction_progress trial=9 partition=0 processed=9100 total=14000 metric=ce epoch=1/1
[pipeline-trace] wall=19:17:00 elapsed=369.871s phase=train event=interaction_progress trial=9 partition=0 processed=9200 total=14000 metric=ce epoch=1/1
[pipeline-trace] wall=19:17:01 elapsed=370.246s phase=train event=interaction_progress trial=9 partition=0 processed=9300 total=14000 metric=ce epoch=1/1
[pipeline-trace] wall=19:17:01 elapsed=372.396s phase=train event=interaction_progress trial=6 partition=0 processed=12100 total=14000 metric=ce epoch=1/1
[pipeline-trace] wall=19:17:01 elapsed=370.615s phase=train event=interaction_progress trial=9 partition=0 processed=9400 total=14000 metric=ce epoch=1/1
[pipeline-trace] wall=19:17:01 elapsed=370.937s phase=train event=interaction_progress trial=9 partition=0 processed=9500 total=14000 metric=ce epoch=1/1
[pipeline-trace] wall=19:17:02 elapsed=371.301s phase=train event=interaction_progress trial=9 partition=0 processed=9600 total=14000 metric=ce epoch=1/1
[pipeline-trace] wall=19:17:02 elapsed=371.659s phase=train event=interaction_progress trial=9 partition=0 processed=9700 total=14000 metric=ce epoch=1/1
[pipeline-trace] wall=19:17:02 elapsed=373.752s phase=train event=interaction_progress trial=6 partition=0 processed=12200 total=14000 metric=ce epoch=1/1
[pipeline-trace] wall=19:17:02 elapsed=372.034s phase=train event=interaction_progress trial=9 partition=0 processed=9800 total=14000 metric=ce epoch=1/1
[pipeline-trace] wall=19:17:03 elapsed=372.432s phase=train event=interaction_progress trial=9 partition=0 processed=9900 total=14000 metric=ce epoch=1/1
[pipeline-trace] wall=19:17:03 elapsed=372.784s phase=train event=interaction_progress trial=9 partition=0 processed=10000 total=14000 metric=ce epoch=1/1
[pipeline-trace] wall=19:17:04 elapsed=373.179s phase=train event=interaction_progress trial=9 partition=0 processed=10100 total=14000 metric=ce epoch=1/1
[pipeline-trace] wall=19:17:04 elapsed=375.151s phase=train event=interaction_progress trial=6 partition=0 processed=12300 total=14000 metric=ce epoch=1/1
[pipeline-trace] wall=19:17:04 elapsed=373.585s phase=train event=interaction_progress trial=9 partition=0 processed=10200 total=14000 metric=ce epoch=1/1
[pipeline-trace] wall=19:17:04 elapsed=373.993s phase=train event=interaction_progress trial=9 partition=0 processed=10300 total=14000 metric=ce epoch=1/1
[pipeline-trace] wall=19:17:05 elapsed=374.351s phase=train event=interaction_progress trial=9 partition=0 processed=10400 total=14000 metric=ce epoch=1/1
[pipeline-trace] wall=19:17:05 elapsed=376.580s phase=train event=interaction_progress trial=6 partition=0 processed=12400 total=14000 metric=ce epoch=1/1
[pipeline-trace] wall=19:17:05 elapsed=374.762s phase=train event=interaction_progress trial=9 partition=0 processed=10500 total=14000 metric=ce epoch=1/1
[pipeline-trace] wall=19:17:06 elapsed=375.167s phase=train event=interaction_progress trial=9 partition=0 processed=10600 total=14000 metric=ce epoch=1/1
[pipeline-trace] wall=19:17:06 elapsed=375.486s phase=train event=interaction_progress trial=9 partition=0 processed=10700 total=14000 metric=ce epoch=1/1
[pipeline-trace] wall=19:17:06 elapsed=375.797s phase=train event=interaction_progress trial=9 partition=0 processed=10800 total=14000 metric=ce epoch=1/1
[pipeline-trace] wall=19:17:07 elapsed=376.206s phase=train event=interaction_progress trial=9 partition=0 processed=10900 total=14000 metric=ce epoch=1/1
[pipeline-trace] wall=19:17:07 elapsed=378.147s phase=train event=interaction_progress trial=6 partition=0 processed=12500 total=14000 metric=ce epoch=1/1
[pipeline-trace] wall=19:17:07 elapsed=376.636s phase=train event=interaction_progress trial=9 partition=0 processed=11000 total=14000 metric=ce epoch=1/1
[pipeline-trace] wall=19:17:08 elapsed=377.079s phase=train event=interaction_progress trial=9 partition=0 processed=11100 total=14000 metric=ce epoch=1/1
[pipeline-trace] wall=19:17:08 elapsed=377.511s phase=train event=interaction_progress trial=9 partition=0 processed=11200 total=14000 metric=ce epoch=1/1
[pipeline-trace] wall=19:17:08 elapsed=379.673s phase=train event=interaction_progress trial=6 partition=0 processed=12600 total=14000 metric=ce epoch=1/1
[pipeline-trace] wall=19:17:08 elapsed=377.899s phase=train event=interaction_progress trial=9 partition=0 processed=11300 total=14000 metric=ce epoch=1/1
[pipeline-trace] wall=19:17:09 elapsed=378.364s phase=train event=interaction_progress trial=9 partition=0 processed=11400 total=14000 metric=ce epoch=1/1
[pipeline-trace] wall=19:17:09 elapsed=378.815s phase=train event=interaction_progress trial=9 partition=0 processed=11500 total=14000 metric=ce epoch=1/1
[pipeline-trace] wall=19:17:10 elapsed=379.180s phase=train event=interaction_progress trial=9 partition=0 processed=11600 total=14000 metric=ce epoch=1/1
[pipeline-trace] wall=19:17:10 elapsed=381.149s phase=train event=interaction_progress trial=6 partition=0 processed=12700 total=14000 metric=ce epoch=1/1
[pipeline-trace] wall=19:17:10 elapsed=379.560s phase=train event=interaction_progress trial=9 partition=0 processed=11700 total=14000 metric=ce epoch=1/1
[pipeline-trace] wall=19:17:10 elapsed=379.992s phase=train event=interaction_progress trial=9 partition=0 processed=11800 total=14000 metric=ce epoch=1/1
[pipeline-trace] wall=19:17:11 elapsed=380.441s phase=train event=interaction_progress trial=9 partition=0 processed=11900 total=14000 metric=ce epoch=1/1
[pipeline-trace] wall=19:17:11 elapsed=382.590s phase=train event=interaction_progress trial=6 partition=0 processed=12800 total=14000 metric=ce epoch=1/1
[pipeline-trace] wall=19:17:11 elapsed=380.876s phase=train event=interaction_progress trial=9 partition=0 processed=12000 total=14000 metric=ce epoch=1/1
[pipeline-trace] wall=19:17:12 elapsed=381.313s phase=train event=interaction_progress trial=9 partition=0 processed=12100 total=14000 metric=ce epoch=1/1
[pipeline-trace] wall=19:17:12 elapsed=381.729s phase=train event=interaction_progress trial=9 partition=0 processed=12200 total=14000 metric=ce epoch=1/1
[pipeline-trace] wall=19:17:13 elapsed=382.153s phase=train event=interaction_progress trial=9 partition=0 processed=12300 total=14000 metric=ce epoch=1/1
[pipeline-trace] wall=19:17:13 elapsed=384.050s phase=train event=interaction_progress trial=6 partition=0 processed=12900 total=14000 metric=ce epoch=1/1
[pipeline-trace] wall=19:17:13 elapsed=382.540s phase=train event=interaction_progress trial=9 partition=0 processed=12400 total=14000 metric=ce epoch=1/1
[pipeline-trace] wall=19:17:13 elapsed=382.970s phase=train event=interaction_progress trial=9 partition=0 processed=12500 total=14000 metric=ce epoch=1/1
[pipeline-trace] wall=19:17:14 elapsed=383.372s phase=train event=interaction_progress trial=9 partition=0 processed=12600 total=14000 metric=ce epoch=1/1
[pipeline-trace] wall=19:17:14 elapsed=385.570s phase=train event=interaction_progress trial=6 partition=0 processed=13000 total=14000 metric=ce epoch=1/1
[pipeline-trace] wall=19:17:14 elapsed=383.772s phase=train event=interaction_progress trial=9 partition=0 processed=12700 total=14000 metric=ce epoch=1/1
[pipeline-trace] wall=19:17:15 elapsed=384.211s phase=train event=interaction_progress trial=9 partition=0 processed=12800 total=14000 metric=ce epoch=1/1
[pipeline-trace] wall=19:17:15 elapsed=384.652s phase=train event=interaction_progress trial=9 partition=0 processed=12900 total=14000 metric=ce epoch=1/1
[pipeline-trace] wall=19:17:16 elapsed=385.083s phase=train event=interaction_progress trial=9 partition=0 processed=13000 total=14000 metric=ce epoch=1/1
[pipeline-trace] wall=19:17:16 elapsed=387.005s phase=train event=interaction_progress trial=6 partition=0 processed=13100 total=14000 metric=ce epoch=1/1
[pipeline-trace] wall=19:17:16 elapsed=385.500s phase=train event=interaction_progress trial=9 partition=0 processed=13100 total=14000 metric=ce epoch=1/1
[pipeline-trace] wall=19:17:16 elapsed=385.927s phase=train event=interaction_progress trial=9 partition=0 processed=13200 total=14000 metric=ce epoch=1/1
[pipeline-trace] wall=19:17:17 elapsed=386.278s phase=train event=interaction_progress trial=9 partition=0 processed=13300 total=14000 metric=ce epoch=1/1
[pipeline-trace] wall=19:17:17 elapsed=388.449s phase=train event=interaction_progress trial=6 partition=0 processed=13200 total=14000 metric=ce epoch=1/1
[pipeline-trace] wall=19:17:17 elapsed=386.641s phase=train event=interaction_progress trial=9 partition=0 processed=13400 total=14000 metric=ce epoch=1/1
[pipeline-trace] wall=19:17:17 elapsed=387.005s phase=train event=interaction_progress trial=9 partition=0 processed=13500 total=14000 metric=ce epoch=1/1
[pipeline-trace] wall=19:17:18 elapsed=387.360s phase=train event=interaction_progress trial=9 partition=0 processed=13600 total=14000 metric=ce epoch=1/1
[pipeline-trace] wall=19:17:18 elapsed=387.709s phase=train event=interaction_progress trial=9 partition=0 processed=13700 total=14000 metric=ce epoch=1/1
[pipeline-trace] wall=19:17:18 elapsed=388.023s phase=train event=interaction_progress trial=9 partition=0 processed=13800 total=14000 metric=ce epoch=1/1
[pipeline-trace] wall=19:17:19 elapsed=389.907s phase=train event=interaction_progress trial=6 partition=0 processed=13300 total=14000 metric=ce epoch=1/1
[pipeline-trace] wall=19:17:19 elapsed=388.354s phase=train event=interaction_progress trial=9 partition=0 processed=13900 total=14000 metric=ce epoch=1/1
[pipeline-trace] wall=19:17:19 elapsed=388.698s phase=train event=interaction_progress trial=9 partition=0 processed=14000 total=14000 metric=ce epoch=1/1
[pipeline-trace] wall=19:17:19 elapsed=388.812s phase=eval event=batch_start trial=9 partitions=[1] synthetic=False
[pipeline-trace] wall=19:17:19 elapsed=388.812s phase=eval event=partition_start trial=9 partition=1 interactions=1999
[pipeline-trace] wall=19:17:19 elapsed=388.812s phase=eval event=interaction_progress trial=9 partition=1 processed=1 total=1999 metric=ranking
[pipeline-trace] wall=19:17:19 elapsed=388.962s phase=eval event=interaction_progress trial=9 partition=1 processed=100 total=1999 metric=ranking
[pipeline-trace] wall=19:17:20 elapsed=389.114s phase=eval event=interaction_progress trial=9 partition=1 processed=200 total=1999 metric=ranking
[pipeline-trace] wall=19:17:20 elapsed=389.265s phase=eval event=interaction_progress trial=9 partition=1 processed=300 total=1999 metric=ranking
[pipeline-trace] wall=19:17:20 elapsed=389.412s phase=eval event=interaction_progress trial=9 partition=1 processed=400 total=1999 metric=ranking
[pipeline-trace] wall=19:17:20 elapsed=391.329s phase=train event=interaction_progress trial=6 partition=0 processed=13400 total=14000 metric=ce epoch=1/1
[pipeline-trace] wall=19:17:20 elapsed=389.559s phase=eval event=interaction_progress trial=9 partition=1 processed=500 total=1999 metric=ranking
[pipeline-trace] wall=19:17:20 elapsed=389.706s phase=eval event=interaction_progress trial=9 partition=1 processed=600 total=1999 metric=ranking
[pipeline-trace] wall=19:17:20 elapsed=389.855s phase=eval event=interaction_progress trial=9 partition=1 processed=700 total=1999 metric=ranking
[pipeline-trace] wall=19:17:20 elapsed=390.006s phase=eval event=interaction_progress trial=9 partition=1 processed=800 total=1999 metric=ranking
[pipeline-trace] wall=19:17:21 elapsed=390.155s phase=eval event=interaction_progress trial=9 partition=1 processed=900 total=1999 metric=ranking
[pipeline-trace] wall=19:17:21 elapsed=390.303s phase=eval event=interaction_progress trial=9 partition=1 processed=1000 total=1999 metric=ranking
[pipeline-trace] wall=19:17:21 elapsed=390.452s phase=eval event=interaction_progress trial=9 partition=1 processed=1100 total=1999 metric=ranking
[pipeline-trace] wall=19:17:21 elapsed=390.626s phase=eval event=interaction_progress trial=9 partition=1 processed=1200 total=1999 metric=ranking
[pipeline-trace] wall=19:17:21 elapsed=390.810s phase=eval event=interaction_progress trial=9 partition=1 processed=1300 total=1999 metric=ranking
[pipeline-trace] wall=19:17:21 elapsed=392.781s phase=train event=interaction_progress trial=6 partition=0 processed=13500 total=14000 metric=ce epoch=1/1
[pipeline-trace] wall=19:17:21 elapsed=390.958s phase=eval event=interaction_progress trial=9 partition=1 processed=1400 total=1999 metric=ranking
[pipeline-trace] wall=19:17:22 elapsed=391.106s phase=eval event=interaction_progress trial=9 partition=1 processed=1500 total=1999 metric=ranking
[pipeline-trace] wall=19:17:22 elapsed=391.254s phase=eval event=interaction_progress trial=9 partition=1 processed=1600 total=1999 metric=ranking
[pipeline-trace] wall=19:17:22 elapsed=391.402s phase=eval event=interaction_progress trial=9 partition=1 processed=1700 total=1999 metric=ranking
[pipeline-trace] wall=19:17:22 elapsed=391.550s phase=eval event=interaction_progress trial=9 partition=1 processed=1800 total=1999 metric=ranking
[pipeline-trace] wall=19:17:22 elapsed=391.697s phase=eval event=interaction_progress trial=9 partition=1 processed=1900 total=1999 metric=ranking
[pipeline-trace] wall=19:17:22 elapsed=391.842s phase=eval event=interaction_progress trial=9 partition=1 processed=1999 total=1999 metric=ranking
[pipeline-trace] wall=19:17:22 elapsed=391.844s phase=eval event=partition_complete trial=9 partition=1 elapsed_sec=3.032 hits=1490 total=1999
[pipeline-trace] wall=19:17:22 elapsed=391.938s phase=train event=interaction_progress trial=10 partition=0 processed=1 total=14000 metric=ce epoch=1/1
[pipeline-trace] wall=19:17:23 elapsed=392.228s phase=train event=interaction_progress trial=10 partition=0 processed=100 total=14000 metric=ce epoch=1/1
[pipeline-trace] wall=19:17:23 elapsed=394.351s phase=train event=interaction_progress trial=6 partition=0 processed=13600 total=14000 metric=ce epoch=1/1
[pipeline-trace] wall=19:17:23 elapsed=392.520s phase=train event=interaction_progress trial=10 partition=0 processed=200 total=14000 metric=ce epoch=1/1
[pipeline-trace] wall=19:17:23 elapsed=392.808s phase=train event=interaction_progress trial=10 partition=0 processed=300 total=14000 metric=ce epoch=1/1
[pipeline-trace] wall=19:17:24 elapsed=393.100s phase=train event=interaction_progress trial=10 partition=0 processed=400 total=14000 metric=ce epoch=1/1
[pipeline-trace] wall=19:17:24 elapsed=393.382s phase=train event=interaction_progress trial=10 partition=0 processed=500 total=14000 metric=ce epoch=1/1
[pipeline-trace] wall=19:17:24 elapsed=393.680s phase=train event=interaction_progress trial=10 partition=0 processed=600 total=14000 metric=ce epoch=1/1
[pipeline-trace] wall=19:17:24 elapsed=394.007s phase=train event=interaction_progress trial=10 partition=0 processed=700 total=14000 metric=ce epoch=1/1
[pipeline-trace] wall=19:17:24 elapsed=395.844s phase=train event=interaction_progress trial=6 partition=0 processed=13700 total=14000 metric=ce epoch=1/1
[pipeline-trace] wall=19:17:25 elapsed=394.374s phase=train event=interaction_progress trial=10 partition=0 processed=800 total=14000 metric=ce epoch=1/1
[pipeline-trace] wall=19:17:25 elapsed=394.668s phase=train event=interaction_progress trial=10 partition=0 processed=900 total=14000 metric=ce epoch=1/1
[pipeline-trace] wall=19:17:25 elapsed=395.024s phase=train event=interaction_progress trial=10 partition=0 processed=1000 total=14000 metric=ce epoch=1/1
[pipeline-trace] wall=19:17:26 elapsed=395.303s phase=train event=interaction_progress trial=10 partition=0 processed=1100 total=14000 metric=ce epoch=1/1
[pipeline-trace] wall=19:17:26 elapsed=397.280s phase=train event=interaction_progress trial=6 partition=0 processed=13800 total=14000 metric=ce epoch=1/1
[pipeline-trace] wall=19:17:26 elapsed=395.644s phase=train event=interaction_progress trial=10 partition=0 processed=1200 total=14000 metric=ce epoch=1/1
[pipeline-trace] wall=19:17:26 elapsed=395.979s phase=train event=interaction_progress trial=10 partition=0 processed=1300 total=14000 metric=ce epoch=1/1
[pipeline-trace] wall=19:17:27 elapsed=396.279s phase=train event=interaction_progress trial=10 partition=0 processed=1400 total=14000 metric=ce epoch=1/1
[pipeline-trace] wall=19:17:27 elapsed=396.582s phase=train event=interaction_progress trial=10 partition=0 processed=1500 total=14000 metric=ce epoch=1/1
[pipeline-trace] wall=19:17:27 elapsed=398.706s phase=train event=interaction_progress trial=6 partition=0 processed=13900 total=14000 metric=ce epoch=1/1
[pipeline-trace] wall=19:17:27 elapsed=396.972s phase=train event=interaction_progress trial=10 partition=0 processed=1600 total=14000 metric=ce epoch=1/1
[pipeline-trace] wall=19:17:28 elapsed=397.285s phase=train event=interaction_progress trial=10 partition=0 processed=1700 total=14000 metric=ce epoch=1/1
[pipeline-trace] wall=19:17:28 elapsed=397.628s phase=train event=interaction_progress trial=10 partition=0 processed=1800 total=14000 metric=ce epoch=1/1
[pipeline-trace] wall=19:17:28 elapsed=397.923s phase=train event=interaction_progress trial=10 partition=0 processed=1900 total=14000 metric=ce epoch=1/1
[pipeline-trace] wall=19:17:29 elapsed=398.200s phase=train event=interaction_progress trial=10 partition=0 processed=2000 total=14000 metric=ce epoch=1/1
[pipeline-trace] wall=19:17:29 elapsed=400.214s phase=train event=interaction_progress trial=6 partition=0 processed=14000 total=14000 metric=ce epoch=1/1
[pipeline-trace] wall=19:17:29 elapsed=398.510s phase=train event=interaction_progress trial=10 partition=0 processed=2100 total=14000 metric=ce epoch=1/1
[pipeline-trace] wall=19:17:29 elapsed=400.392s phase=eval event=batch_start trial=6 partitions=[1] synthetic=False
[pipeline-trace] wall=19:17:29 elapsed=400.392s phase=eval event=partition_start trial=6 partition=1 interactions=1999
[pipeline-trace] wall=19:17:29 elapsed=400.392s phase=eval event=interaction_progress trial=6 partition=1 processed=1 total=1999 metric=ranking
[pipeline-trace] wall=19:17:29 elapsed=398.822s phase=train event=interaction_progress trial=10 partition=0 processed=2200 total=14000 metric=ce epoch=1/1
[pipeline-trace] wall=19:17:30 elapsed=399.125s phase=train event=interaction_progress trial=10 partition=0 processed=2300 total=14000 metric=ce epoch=1/1
[pipeline-trace] wall=19:17:30 elapsed=399.430s phase=train event=interaction_progress trial=10 partition=0 processed=2400 total=14000 metric=ce epoch=1/1
[pipeline-trace] wall=19:17:30 elapsed=399.736s phase=train event=interaction_progress trial=10 partition=0 processed=2500 total=14000 metric=ce epoch=1/1
[pipeline-trace] wall=19:17:30 elapsed=400.036s phase=train event=interaction_progress trial=10 partition=0 processed=2600 total=14000 metric=ce epoch=1/1
[pipeline-trace] wall=19:17:31 elapsed=402.046s phase=eval event=interaction_progress trial=6 partition=1 processed=100 total=1999 metric=ranking
[pipeline-trace] wall=19:17:31 elapsed=400.333s phase=train event=interaction_progress trial=10 partition=0 processed=2700 total=14000 metric=ce epoch=1/1
[pipeline-trace] wall=19:17:31 elapsed=400.608s phase=train event=interaction_progress trial=10 partition=0 processed=2800 total=14000 metric=ce epoch=1/1
[pipeline-trace] wall=19:17:31 elapsed=400.895s phase=train event=interaction_progress trial=10 partition=0 processed=2900 total=14000 metric=ce epoch=1/1
[pipeline-trace] wall=19:17:32 elapsed=401.159s phase=train event=interaction_progress trial=10 partition=0 processed=3000 total=14000 metric=ce epoch=1/1
[pipeline-trace] wall=19:17:32 elapsed=401.422s phase=train event=interaction_progress trial=10 partition=0 processed=3100 total=14000 metric=ce epoch=1/1
[pipeline-trace] wall=19:17:32 elapsed=401.690s phase=train event=interaction_progress trial=10 partition=0 processed=3200 total=14000 metric=ce epoch=1/1
[pipeline-trace] wall=19:17:32 elapsed=403.749s phase=eval event=interaction_progress trial=6 partition=1 processed=200 total=1999 metric=ranking
[pipeline-trace] wall=19:17:32 elapsed=401.987s phase=train event=interaction_progress trial=10 partition=0 processed=3300 total=14000 metric=ce epoch=1/1
[pipeline-trace] wall=19:17:33 elapsed=402.265s phase=train event=interaction_progress trial=10 partition=0 processed=3400 total=14000 metric=ce epoch=1/1
[pipeline-trace] wall=19:17:33 elapsed=402.554s phase=train event=interaction_progress trial=10 partition=0 processed=3500 total=14000 metric=ce epoch=1/1
[pipeline-trace] wall=19:17:33 elapsed=402.838s phase=train event=interaction_progress trial=10 partition=0 processed=3600 total=14000 metric=ce epoch=1/1
[pipeline-trace] wall=19:17:34 elapsed=403.140s phase=train event=interaction_progress trial=10 partition=0 processed=3700 total=14000 metric=ce epoch=1/1
[pipeline-trace] wall=19:17:34 elapsed=403.424s phase=train event=interaction_progress trial=10 partition=0 processed=3800 total=14000 metric=ce epoch=1/1
[pipeline-trace] wall=19:17:34 elapsed=405.384s phase=eval event=interaction_progress trial=6 partition=1 processed=300 total=1999 metric=ranking
[pipeline-trace] wall=19:17:34 elapsed=403.728s phase=train event=interaction_progress trial=10 partition=0 processed=3900 total=14000 metric=ce epoch=1/1
[pipeline-trace] wall=19:17:34 elapsed=404.049s phase=train event=interaction_progress trial=10 partition=0 processed=4000 total=14000 metric=ce epoch=1/1
[pipeline-trace] wall=19:17:35 elapsed=404.479s phase=train event=interaction_progress trial=10 partition=0 processed=4100 total=14000 metric=ce epoch=1/1
[pipeline-trace] wall=19:17:35 elapsed=404.904s phase=train event=interaction_progress trial=10 partition=0 processed=4200 total=14000 metric=ce epoch=1/1
[pipeline-trace] wall=19:17:36 elapsed=405.357s phase=train event=interaction_progress trial=10 partition=0 processed=4300 total=14000 metric=ce epoch=1/1
[pipeline-trace] wall=19:17:36 elapsed=405.805s phase=train event=interaction_progress trial=10 partition=0 processed=4400 total=14000 metric=ce epoch=1/1
[pipeline-trace] wall=19:17:37 elapsed=406.222s phase=train event=interaction_progress trial=10 partition=0 processed=4500 total=14000 metric=ce epoch=1/1
[pipeline-trace] wall=19:17:37 elapsed=406.667s phase=train event=interaction_progress trial=10 partition=0 processed=4600 total=14000 metric=ce epoch=1/1
[pipeline-trace] wall=19:17:37 elapsed=408.668s phase=eval event=interaction_progress trial=6 partition=1 processed=400 total=1999 metric=ranking
[pipeline-trace] wall=19:17:38 elapsed=407.089s phase=train event=interaction_progress trial=10 partition=0 processed=4700 total=14000 metric=ce epoch=1/1
[pipeline-trace] wall=19:17:38 elapsed=407.471s phase=train event=interaction_progress trial=10 partition=0 processed=4800 total=14000 metric=ce epoch=1/1
[pipeline-trace] wall=19:17:38 elapsed=407.871s phase=train event=interaction_progress trial=10 partition=0 processed=4900 total=14000 metric=ce epoch=1/1
[pipeline-trace] wall=19:17:39 elapsed=408.255s phase=train event=interaction_progress trial=10 partition=0 processed=5000 total=14000 metric=ce epoch=1/1
[pipeline-trace] wall=19:17:39 elapsed=408.679s phase=train event=interaction_progress trial=10 partition=0 processed=5100 total=14000 metric=ce epoch=1/1
[pipeline-trace] wall=19:17:39 elapsed=410.589s phase=eval event=interaction_progress trial=6 partition=1 processed=500 total=1999 metric=ranking
[pipeline-trace] wall=19:17:40 elapsed=409.145s phase=train event=interaction_progress trial=10 partition=0 processed=5200 total=14000 metric=ce epoch=1/1
[pipeline-trace] wall=19:17:40 elapsed=409.587s phase=train event=interaction_progress trial=10 partition=0 processed=5300 total=14000 metric=ce epoch=1/1
[pipeline-trace] wall=19:17:40 elapsed=411.871s phase=eval event=interaction_progress trial=6 partition=1 processed=600 total=1999 metric=ranking
[pipeline-trace] wall=19:17:40 elapsed=410.041s phase=train event=interaction_progress trial=10 partition=0 processed=5400 total=14000 metric=ce epoch=1/1
[pipeline-trace] wall=19:17:41 elapsed=410.480s phase=train event=interaction_progress trial=10 partition=0 processed=5500 total=14000 metric=ce epoch=1/1
[pipeline-trace] wall=19:17:41 elapsed=410.907s phase=train event=interaction_progress trial=10 partition=0 processed=5600 total=14000 metric=ce epoch=1/1
[pipeline-trace] wall=19:17:42 elapsed=411.347s phase=train event=interaction_progress trial=10 partition=0 processed=5700 total=14000 metric=ce epoch=1/1
[pipeline-trace] wall=19:17:42 elapsed=411.644s phase=train event=interaction_progress trial=10 partition=0 processed=5800 total=14000 metric=ce epoch=1/1
[pipeline-trace] wall=19:17:42 elapsed=413.544s phase=eval event=interaction_progress trial=6 partition=1 processed=700 total=1999 metric=ranking
[pipeline-trace] wall=19:17:42 elapsed=411.985s phase=train event=interaction_progress trial=10 partition=0 processed=5900 total=14000 metric=ce epoch=1/1
[pipeline-trace] wall=19:17:43 elapsed=412.325s phase=train event=interaction_progress trial=10 partition=0 processed=6000 total=14000 metric=ce epoch=1/1
[pipeline-trace] wall=19:17:43 elapsed=412.674s phase=train event=interaction_progress trial=10 partition=0 processed=6100 total=14000 metric=ce epoch=1/1
[pipeline-trace] wall=19:17:43 elapsed=412.970s phase=train event=interaction_progress trial=10 partition=0 processed=6200 total=14000 metric=ce epoch=1/1
[pipeline-trace] wall=19:17:44 elapsed=413.229s phase=train event=interaction_progress trial=10 partition=0 processed=6300 total=14000 metric=ce epoch=1/1
[pipeline-trace] wall=19:17:44 elapsed=415.071s phase=eval event=interaction_progress trial=6 partition=1 processed=800 total=1999 metric=ranking
[pipeline-trace] wall=19:17:44 elapsed=413.565s phase=train event=interaction_progress trial=10 partition=0 processed=6400 total=14000 metric=ce epoch=1/1
[pipeline-trace] wall=19:17:44 elapsed=413.869s phase=train event=interaction_progress trial=10 partition=0 processed=6500 total=14000 metric=ce epoch=1/1
[pipeline-trace] wall=19:17:45 elapsed=414.189s phase=train event=interaction_progress trial=10 partition=0 processed=6600 total=14000 metric=ce epoch=1/1
[pipeline-trace] wall=19:17:45 elapsed=414.470s phase=train event=interaction_progress trial=10 partition=0 processed=6700 total=14000 metric=ce epoch=1/1
[pipeline-trace] wall=19:17:45 elapsed=414.718s phase=train event=interaction_progress trial=10 partition=0 processed=6800 total=14000 metric=ce epoch=1/1
[pipeline-trace] wall=19:17:45 elapsed=416.671s phase=eval event=interaction_progress trial=6 partition=1 processed=900 total=1999 metric=ranking
[pipeline-trace] wall=19:17:45 elapsed=415.004s phase=train event=interaction_progress trial=10 partition=0 processed=6900 total=14000 metric=ce epoch=1/1
[pipeline-trace] wall=19:17:46 elapsed=415.262s phase=train event=interaction_progress trial=10 partition=0 processed=7000 total=14000 metric=ce epoch=1/1
[pipeline-trace] wall=19:17:46 elapsed=415.508s phase=train event=interaction_progress trial=10 partition=0 processed=7100 total=14000 metric=ce epoch=1/1
[pipeline-trace] wall=19:17:46 elapsed=415.726s phase=train event=interaction_progress trial=10 partition=0 processed=7200 total=14000 metric=ce epoch=1/1
[pipeline-trace] wall=19:17:46 elapsed=415.952s phase=train event=interaction_progress trial=10 partition=0 processed=7300 total=14000 metric=ce epoch=1/1
[pipeline-trace] wall=19:17:47 elapsed=416.178s phase=train event=interaction_progress trial=10 partition=0 processed=7400 total=14000 metric=ce epoch=1/1
[pipeline-trace] wall=19:17:47 elapsed=416.441s phase=train event=interaction_progress trial=10 partition=0 processed=7500 total=14000 metric=ce epoch=1/1
[pipeline-trace] wall=19:17:47 elapsed=418.317s phase=eval event=interaction_progress trial=6 partition=1 processed=1000 total=1999 metric=ranking
[pipeline-trace] wall=19:17:47 elapsed=416.694s phase=train event=interaction_progress trial=10 partition=0 processed=7600 total=14000 metric=ce epoch=1/1
[pipeline-trace] wall=19:17:47 elapsed=416.988s phase=train event=interaction_progress trial=10 partition=0 processed=7700 total=14000 metric=ce epoch=1/1
[pipeline-trace] wall=19:17:48 elapsed=417.281s phase=train event=interaction_progress trial=10 partition=0 processed=7800 total=14000 metric=ce epoch=1/1
[pipeline-trace] wall=19:17:48 elapsed=417.528s phase=train event=interaction_progress trial=10 partition=0 processed=7900 total=14000 metric=ce epoch=1/1
[pipeline-trace] wall=19:17:48 elapsed=417.804s phase=train event=interaction_progress trial=10 partition=0 processed=8000 total=14000 metric=ce epoch=1/1
[pipeline-trace] wall=19:17:48 elapsed=418.065s phase=train event=interaction_progress trial=10 partition=0 processed=8100 total=14000 metric=ce epoch=1/1
[pipeline-trace] wall=19:17:49 elapsed=419.985s phase=eval event=interaction_progress trial=6 partition=1 processed=1100 total=1999 metric=ranking
[pipeline-trace] wall=19:17:49 elapsed=418.324s phase=train event=interaction_progress trial=10 partition=0 processed=8200 total=14000 metric=ce epoch=1/1
[pipeline-trace] wall=19:17:49 elapsed=418.603s phase=train event=interaction_progress trial=10 partition=0 processed=8300 total=14000 metric=ce epoch=1/1
[pipeline-trace] wall=19:17:49 elapsed=418.891s phase=train event=interaction_progress trial=10 partition=0 processed=8400 total=14000 metric=ce epoch=1/1
[pipeline-trace] wall=19:17:50 elapsed=419.178s phase=train event=interaction_progress trial=10 partition=0 processed=8500 total=14000 metric=ce epoch=1/1
[pipeline-trace] wall=19:17:50 elapsed=419.474s phase=train event=interaction_progress trial=10 partition=0 processed=8600 total=14000 metric=ce epoch=1/1
[pipeline-trace] wall=19:17:50 elapsed=419.762s phase=train event=interaction_progress trial=10 partition=0 processed=8700 total=14000 metric=ce epoch=1/1
[pipeline-trace] wall=19:17:50 elapsed=421.694s phase=eval event=interaction_progress trial=6 partition=1 processed=1200 total=1999 metric=ranking
[pipeline-trace] wall=19:17:50 elapsed=420.050s phase=train event=interaction_progress trial=10 partition=0 processed=8800 total=14000 metric=ce epoch=1/1
[pipeline-trace] wall=19:17:51 elapsed=420.334s phase=train event=interaction_progress trial=10 partition=0 processed=8900 total=14000 metric=ce epoch=1/1
[pipeline-trace] wall=19:17:51 elapsed=420.619s phase=train event=interaction_progress trial=10 partition=0 processed=9000 total=14000 metric=ce epoch=1/1
[pipeline-trace] wall=19:17:51 elapsed=420.912s phase=train event=interaction_progress trial=10 partition=0 processed=9100 total=14000 metric=ce epoch=1/1
[pipeline-trace] wall=19:17:52 elapsed=421.209s phase=train event=interaction_progress trial=10 partition=0 processed=9200 total=14000 metric=ce epoch=1/1
[pipeline-trace] wall=19:17:52 elapsed=421.465s phase=train event=interaction_progress trial=10 partition=0 processed=9300 total=14000 metric=ce epoch=1/1
[pipeline-trace] wall=19:17:52 elapsed=423.377s phase=eval event=interaction_progress trial=6 partition=1 processed=1300 total=1999 metric=ranking
[pipeline-trace] wall=19:17:52 elapsed=421.750s phase=train event=interaction_progress trial=10 partition=0 processed=9400 total=14000 metric=ce epoch=1/1
[pipeline-trace] wall=19:17:52 elapsed=422.044s phase=train event=interaction_progress trial=10 partition=0 processed=9500 total=14000 metric=ce epoch=1/1
[pipeline-trace] wall=19:17:53 elapsed=422.333s phase=train event=interaction_progress trial=10 partition=0 processed=9600 total=14000 metric=ce epoch=1/1
[pipeline-trace] wall=19:17:53 elapsed=422.629s phase=train event=interaction_progress trial=10 partition=0 processed=9700 total=14000 metric=ce epoch=1/1
[pipeline-trace] wall=19:17:53 elapsed=422.921s phase=train event=interaction_progress trial=10 partition=0 processed=9800 total=14000 metric=ce epoch=1/1
[pipeline-trace] wall=19:17:54 elapsed=423.213s phase=train event=interaction_progress trial=10 partition=0 processed=9900 total=14000 metric=ce epoch=1/1
[pipeline-trace] wall=19:17:54 elapsed=425.050s phase=eval event=interaction_progress trial=6 partition=1 processed=1400 total=1999 metric=ranking
[pipeline-trace] wall=19:17:54 elapsed=423.485s phase=train event=interaction_progress trial=10 partition=0 processed=10000 total=14000 metric=ce epoch=1/1
[pipeline-trace] wall=19:17:54 elapsed=423.765s phase=train event=interaction_progress trial=10 partition=0 processed=10100 total=14000 metric=ce epoch=1/1
[pipeline-trace] wall=19:17:54 elapsed=424.051s phase=train event=interaction_progress trial=10 partition=0 processed=10200 total=14000 metric=ce epoch=1/1
[pipeline-trace] wall=19:17:55 elapsed=424.355s phase=train event=interaction_progress trial=10 partition=0 processed=10300 total=14000 metric=ce epoch=1/1
[pipeline-trace] wall=19:17:55 elapsed=424.651s phase=train event=interaction_progress trial=10 partition=0 processed=10400 total=14000 metric=ce epoch=1/1
[pipeline-trace] wall=19:17:55 elapsed=426.728s phase=eval event=interaction_progress trial=6 partition=1 processed=1500 total=1999 metric=ranking
[pipeline-trace] wall=19:17:55 elapsed=424.938s phase=train event=interaction_progress trial=10 partition=0 processed=10500 total=14000 metric=ce epoch=1/1
[pipeline-trace] wall=19:17:56 elapsed=425.230s phase=train event=interaction_progress trial=10 partition=0 processed=10600 total=14000 metric=ce epoch=1/1
[pipeline-trace] wall=19:17:56 elapsed=425.528s phase=train event=interaction_progress trial=10 partition=0 processed=10700 total=14000 metric=ce epoch=1/1
[pipeline-trace] wall=19:17:56 elapsed=425.817s phase=train event=interaction_progress trial=10 partition=0 processed=10800 total=14000 metric=ce epoch=1/1
[pipeline-trace] wall=19:17:57 elapsed=426.104s phase=train event=interaction_progress trial=10 partition=0 processed=10900 total=14000 metric=ce epoch=1/1
[pipeline-trace] wall=19:17:57 elapsed=426.392s phase=train event=interaction_progress trial=10 partition=0 processed=11000 total=14000 metric=ce epoch=1/1
[pipeline-trace] wall=19:17:57 elapsed=428.432s phase=eval event=interaction_progress trial=6 partition=1 processed=1600 total=1999 metric=ranking
[pipeline-trace] wall=19:17:57 elapsed=426.699s phase=train event=interaction_progress trial=10 partition=0 processed=11100 total=14000 metric=ce epoch=1/1
[pipeline-trace] wall=19:17:57 elapsed=426.975s phase=train event=interaction_progress trial=10 partition=0 processed=11200 total=14000 metric=ce epoch=1/1
[pipeline-trace] wall=19:17:58 elapsed=427.266s phase=train event=interaction_progress trial=10 partition=0 processed=11300 total=14000 metric=ce epoch=1/1
[pipeline-trace] wall=19:17:58 elapsed=427.555s phase=train event=interaction_progress trial=10 partition=0 processed=11400 total=14000 metric=ce epoch=1/1
[pipeline-trace] wall=19:17:58 elapsed=427.846s phase=train event=interaction_progress trial=10 partition=0 processed=11500 total=14000 metric=ce epoch=1/1
[pipeline-trace] wall=19:17:59 elapsed=428.159s phase=train event=interaction_progress trial=10 partition=0 processed=11600 total=14000 metric=ce epoch=1/1
[pipeline-trace] wall=19:17:59 elapsed=430.122s phase=eval event=interaction_progress trial=6 partition=1 processed=1700 total=1999 metric=ranking
[pipeline-trace] wall=19:17:59 elapsed=428.465s phase=train event=interaction_progress trial=10 partition=0 processed=11700 total=14000 metric=ce epoch=1/1
[pipeline-trace] wall=19:17:59 elapsed=428.790s phase=train event=interaction_progress trial=10 partition=0 processed=11800 total=14000 metric=ce epoch=1/1
[pipeline-trace] wall=19:18:00 elapsed=429.124s phase=train event=interaction_progress trial=10 partition=0 processed=11900 total=14000 metric=ce epoch=1/1
[pipeline-trace] wall=19:18:00 elapsed=429.445s phase=train event=interaction_progress trial=10 partition=0 processed=12000 total=14000 metric=ce epoch=1/1
[pipeline-trace] wall=19:18:00 elapsed=429.767s phase=train event=interaction_progress trial=10 partition=0 processed=12100 total=14000 metric=ce epoch=1/1
[pipeline-trace] wall=19:18:00 elapsed=431.793s phase=eval event=interaction_progress trial=6 partition=1 processed=1800 total=1999 metric=ranking
[pipeline-trace] wall=19:18:01 elapsed=430.095s phase=train event=interaction_progress trial=10 partition=0 processed=12200 total=14000 metric=ce epoch=1/1
[pipeline-trace] wall=19:18:01 elapsed=430.416s phase=train event=interaction_progress trial=10 partition=0 processed=12300 total=14000 metric=ce epoch=1/1
[pipeline-trace] wall=19:18:01 elapsed=430.743s phase=train event=interaction_progress trial=10 partition=0 processed=12400 total=14000 metric=ce epoch=1/1
[pipeline-trace] wall=19:18:02 elapsed=431.083s phase=train event=interaction_progress trial=10 partition=0 processed=12500 total=14000 metric=ce epoch=1/1
[pipeline-trace] wall=19:18:02 elapsed=433.112s phase=eval event=interaction_progress trial=6 partition=1 processed=1900 total=1999 metric=ranking
[pipeline-trace] wall=19:18:02 elapsed=433.244s phase=eval event=interaction_progress trial=6 partition=1 processed=1999 total=1999 metric=ranking
[pipeline-trace] wall=19:18:02 elapsed=433.246s phase=eval event=partition_complete trial=6 partition=1 elapsed_sec=32.854 hits=1017 total=1999
[pipeline-trace] wall=19:18:02 elapsed=431.416s phase=train event=interaction_progress trial=10 partition=0 processed=12600 total=14000 metric=ce epoch=1/1
[pipeline-trace] wall=19:18:02 elapsed=433.298s phase=train event=interaction_progress trial=11 partition=0 processed=1 total=14000 metric=ce epoch=1/1
[pipeline-trace] wall=19:18:02 elapsed=433.550s phase=train event=interaction_progress trial=11 partition=0 processed=100 total=14000 metric=ce epoch=1/1
[pipeline-trace] wall=19:18:02 elapsed=431.752s phase=train event=interaction_progress trial=10 partition=0 processed=12700 total=14000 metric=ce epoch=1/1
[pipeline-trace] wall=19:18:02 elapsed=433.805s phase=train event=interaction_progress trial=11 partition=0 processed=200 total=14000 metric=ce epoch=1/1
[pipeline-trace] wall=19:18:03 elapsed=432.097s phase=train event=interaction_progress trial=10 partition=0 processed=12800 total=14000 metric=ce epoch=1/1
[pipeline-trace] wall=19:18:03 elapsed=434.056s phase=train event=interaction_progress trial=11 partition=0 processed=300 total=14000 metric=ce epoch=1/1
[pipeline-trace] wall=19:18:03 elapsed=432.447s phase=train event=interaction_progress trial=10 partition=0 processed=12900 total=14000 metric=ce epoch=1/1
[pipeline-trace] wall=19:18:03 elapsed=432.767s phase=train event=interaction_progress trial=10 partition=0 processed=13000 total=14000 metric=ce epoch=1/1
[pipeline-trace] wall=19:18:04 elapsed=433.075s phase=train event=interaction_progress trial=10 partition=0 processed=13100 total=14000 metric=ce epoch=1/1
[pipeline-trace] wall=19:18:04 elapsed=435.018s phase=train event=interaction_progress trial=11 partition=0 processed=400 total=14000 metric=ce epoch=1/1
[pipeline-trace] wall=19:18:04 elapsed=433.389s phase=train event=interaction_progress trial=10 partition=0 processed=13200 total=14000 metric=ce epoch=1/1
[pipeline-trace] wall=19:18:04 elapsed=435.295s phase=train event=interaction_progress trial=11 partition=0 processed=500 total=14000 metric=ce epoch=1/1
[pipeline-trace] wall=19:18:04 elapsed=433.696s phase=train event=interaction_progress trial=10 partition=0 processed=13300 total=14000 metric=ce epoch=1/1
[pipeline-trace] wall=19:18:04 elapsed=435.550s phase=train event=interaction_progress trial=11 partition=0 processed=600 total=14000 metric=ce epoch=1/1
[pipeline-trace] wall=19:18:04 elapsed=435.832s phase=train event=interaction_progress trial=11 partition=0 processed=700 total=14000 metric=ce epoch=1/1
[pipeline-trace] wall=19:18:04 elapsed=434.021s phase=train event=interaction_progress trial=10 partition=0 processed=13400 total=14000 metric=ce epoch=1/1
[pipeline-trace] wall=19:18:05 elapsed=434.326s phase=train event=interaction_progress trial=10 partition=0 processed=13500 total=14000 metric=ce epoch=1/1
[pipeline-trace] wall=19:18:05 elapsed=436.172s phase=train event=interaction_progress trial=11 partition=0 processed=800 total=14000 metric=ce epoch=1/1
[pipeline-trace] wall=19:18:05 elapsed=434.626s phase=train event=interaction_progress trial=10 partition=0 processed=13600 total=14000 metric=ce epoch=1/1
[pipeline-trace] wall=19:18:05 elapsed=436.536s phase=train event=interaction_progress trial=11 partition=0 processed=900 total=14000 metric=ce epoch=1/1
[pipeline-trace] wall=19:18:05 elapsed=434.923s phase=train event=interaction_progress trial=10 partition=0 processed=13700 total=14000 metric=ce epoch=1/1
[pipeline-trace] wall=19:18:06 elapsed=435.197s phase=train event=interaction_progress trial=10 partition=0 processed=13800 total=14000 metric=ce epoch=1/1
[pipeline-trace] wall=19:18:06 elapsed=435.495s phase=train event=interaction_progress trial=10 partition=0 processed=13900 total=14000 metric=ce epoch=1/1
[pipeline-trace] wall=19:18:06 elapsed=435.756s phase=train event=interaction_progress trial=10 partition=0 processed=14000 total=14000 metric=ce epoch=1/1
[pipeline-trace] wall=19:18:06 elapsed=435.859s phase=eval event=batch_start trial=10 partitions=[1] synthetic=False
[pipeline-trace] wall=19:18:06 elapsed=435.859s phase=eval event=partition_start trial=10 partition=1 interactions=1999
[pipeline-trace] wall=19:18:06 elapsed=435.859s phase=eval event=interaction_progress trial=10 partition=1 processed=1 total=1999 metric=ranking
[pipeline-trace] wall=19:18:06 elapsed=435.999s phase=eval event=interaction_progress trial=10 partition=1 processed=100 total=1999 metric=ranking
[pipeline-trace] wall=19:18:07 elapsed=436.139s phase=eval event=interaction_progress trial=10 partition=1 processed=200 total=1999 metric=ranking
[pipeline-trace] wall=19:18:07 elapsed=436.278s phase=eval event=interaction_progress trial=10 partition=1 processed=300 total=1999 metric=ranking
[pipeline-trace] wall=19:18:07 elapsed=436.417s phase=eval event=interaction_progress trial=10 partition=1 processed=400 total=1999 metric=ranking
[pipeline-trace] wall=19:18:07 elapsed=436.557s phase=eval event=interaction_progress trial=10 partition=1 processed=500 total=1999 metric=ranking
[pipeline-trace] wall=19:18:07 elapsed=436.698s phase=eval event=interaction_progress trial=10 partition=1 processed=600 total=1999 metric=ranking
[pipeline-trace] wall=19:18:07 elapsed=436.838s phase=eval event=interaction_progress trial=10 partition=1 processed=700 total=1999 metric=ranking
[pipeline-trace] wall=19:18:07 elapsed=438.759s phase=train event=interaction_progress trial=11 partition=0 processed=1000 total=14000 metric=ce epoch=1/1
[pipeline-trace] wall=19:18:07 elapsed=436.978s phase=eval event=interaction_progress trial=10 partition=1 processed=800 total=1999 metric=ranking
[pipeline-trace] wall=19:18:08 elapsed=437.118s phase=eval event=interaction_progress trial=10 partition=1 processed=900 total=1999 metric=ranking
[pipeline-trace] wall=19:18:08 elapsed=437.256s phase=eval event=interaction_progress trial=10 partition=1 processed=1000 total=1999 metric=ranking
[pipeline-trace] wall=19:18:08 elapsed=437.395s phase=eval event=interaction_progress trial=10 partition=1 processed=1100 total=1999 metric=ranking
[pipeline-trace] wall=19:18:08 elapsed=437.535s phase=eval event=interaction_progress trial=10 partition=1 processed=1200 total=1999 metric=ranking
[pipeline-trace] wall=19:18:08 elapsed=437.675s phase=eval event=interaction_progress trial=10 partition=1 processed=1300 total=1999 metric=ranking
[pipeline-trace] wall=19:18:08 elapsed=437.815s phase=eval event=interaction_progress trial=10 partition=1 processed=1400 total=1999 metric=ranking
[pipeline-trace] wall=19:18:08 elapsed=437.954s phase=eval event=interaction_progress trial=10 partition=1 processed=1500 total=1999 metric=ranking
[pipeline-trace] wall=19:18:09 elapsed=438.094s phase=eval event=interaction_progress trial=10 partition=1 processed=1600 total=1999 metric=ranking
[pipeline-trace] wall=19:18:09 elapsed=438.234s phase=eval event=interaction_progress trial=10 partition=1 processed=1700 total=1999 metric=ranking
[pipeline-trace] wall=19:18:09 elapsed=438.374s phase=eval event=interaction_progress trial=10 partition=1 processed=1800 total=1999 metric=ranking
[pipeline-trace] wall=19:18:09 elapsed=438.515s phase=eval event=interaction_progress trial=10 partition=1 processed=1900 total=1999 metric=ranking
[pipeline-trace] wall=19:18:09 elapsed=438.653s phase=eval event=interaction_progress trial=10 partition=1 processed=1999 total=1999 metric=ranking
[pipeline-trace] wall=19:18:09 elapsed=438.655s phase=eval event=partition_complete trial=10 partition=1 elapsed_sec=2.796 hits=1591 total=1999
[pipeline-trace] wall=19:18:09 elapsed=438.748s phase=train event=interaction_progress trial=12 partition=0 processed=1 total=14000 metric=ce epoch=1/1
[pipeline-trace] wall=19:18:10 elapsed=439.080s phase=train event=interaction_progress trial=12 partition=0 processed=100 total=14000 metric=ce epoch=1/1
[pipeline-trace] wall=19:18:10 elapsed=440.927s phase=train event=interaction_progress trial=11 partition=0 processed=1100 total=14000 metric=ce epoch=1/1
[pipeline-trace] wall=19:18:10 elapsed=439.401s phase=train event=interaction_progress trial=12 partition=0 processed=200 total=14000 metric=ce epoch=1/1
[pipeline-trace] wall=19:18:10 elapsed=439.730s phase=train event=interaction_progress trial=12 partition=0 processed=300 total=14000 metric=ce epoch=1/1
[pipeline-trace] wall=19:18:10 elapsed=440.061s phase=train event=interaction_progress trial=12 partition=0 processed=400 total=14000 metric=ce epoch=1/1
[pipeline-trace] wall=19:18:11 elapsed=440.387s phase=train event=interaction_progress trial=12 partition=0 processed=500 total=14000 metric=ce epoch=1/1
[pipeline-trace] wall=19:18:11 elapsed=440.713s phase=train event=interaction_progress trial=12 partition=0 processed=600 total=14000 metric=ce epoch=1/1
[pipeline-trace] wall=19:18:11 elapsed=441.072s phase=train event=interaction_progress trial=12 partition=0 processed=700 total=14000 metric=ce epoch=1/1
[pipeline-trace] wall=19:18:12 elapsed=443.086s phase=train event=interaction_progress trial=11 partition=0 processed=1200 total=14000 metric=ce epoch=1/1
[pipeline-trace] wall=19:18:12 elapsed=441.353s phase=train event=interaction_progress trial=12 partition=0 processed=800 total=14000 metric=ce epoch=1/1
[pipeline-trace] wall=19:18:12 elapsed=441.683s phase=train event=interaction_progress trial=12 partition=0 processed=900 total=14000 metric=ce epoch=1/1
[pipeline-trace] wall=19:18:12 elapsed=442.002s phase=train event=interaction_progress trial=12 partition=0 processed=1000 total=14000 metric=ce epoch=1/1
[pipeline-trace] wall=19:18:13 elapsed=442.332s phase=train event=interaction_progress trial=12 partition=0 processed=1100 total=14000 metric=ce epoch=1/1
[pipeline-trace] wall=19:18:13 elapsed=442.658s phase=train event=interaction_progress trial=12 partition=0 processed=1200 total=14000 metric=ce epoch=1/1
[pipeline-trace] wall=19:18:13 elapsed=442.977s phase=train event=interaction_progress trial=12 partition=0 processed=1300 total=14000 metric=ce epoch=1/1
[pipeline-trace] wall=19:18:14 elapsed=443.301s phase=train event=interaction_progress trial=12 partition=0 processed=1400 total=14000 metric=ce epoch=1/1
[pipeline-trace] wall=19:18:14 elapsed=445.358s phase=train event=interaction_progress trial=11 partition=0 processed=1300 total=14000 metric=ce epoch=1/1
[pipeline-trace] wall=19:18:14 elapsed=443.583s phase=train event=interaction_progress trial=12 partition=0 processed=1500 total=14000 metric=ce epoch=1/1
[pipeline-trace] wall=19:18:14 elapsed=443.893s phase=train event=interaction_progress trial=12 partition=0 processed=1600 total=14000 metric=ce epoch=1/1
[pipeline-trace] wall=19:18:15 elapsed=444.258s phase=train event=interaction_progress trial=12 partition=0 processed=1700 total=14000 metric=ce epoch=1/1
[pipeline-trace] wall=19:18:15 elapsed=444.610s phase=train event=interaction_progress trial=12 partition=0 processed=1800 total=14000 metric=ce epoch=1/1
[pipeline-trace] wall=19:18:15 elapsed=445.023s phase=train event=interaction_progress trial=12 partition=0 processed=1900 total=14000 metric=ce epoch=1/1
[pipeline-trace] wall=19:18:16 elapsed=445.386s phase=train event=interaction_progress trial=12 partition=0 processed=2000 total=14000 metric=ce epoch=1/1
[pipeline-trace] wall=19:18:16 elapsed=445.746s phase=train event=interaction_progress trial=12 partition=0 processed=2100 total=14000 metric=ce epoch=1/1
[pipeline-trace] wall=19:18:16 elapsed=447.601s phase=train event=interaction_progress trial=11 partition=0 processed=1400 total=14000 metric=ce epoch=1/1
[pipeline-trace] wall=19:18:17 elapsed=446.097s phase=train event=interaction_progress trial=12 partition=0 processed=2200 total=14000 metric=ce epoch=1/1
[pipeline-trace] wall=19:18:17 elapsed=446.419s phase=train event=interaction_progress trial=12 partition=0 processed=2300 total=14000 metric=ce epoch=1/1
[pipeline-trace] wall=19:18:17 elapsed=446.725s phase=train event=interaction_progress trial=12 partition=0 processed=2400 total=14000 metric=ce epoch=1/1
[pipeline-trace] wall=19:18:17 elapsed=447.071s phase=train event=interaction_progress trial=12 partition=0 processed=2500 total=14000 metric=ce epoch=1/1
[pipeline-trace] wall=19:18:18 elapsed=447.430s phase=train event=interaction_progress trial=12 partition=0 processed=2600 total=14000 metric=ce epoch=1/1
[pipeline-trace] wall=19:18:18 elapsed=447.768s phase=train event=interaction_progress trial=12 partition=0 processed=2700 total=14000 metric=ce epoch=1/1
[pipeline-trace] wall=19:18:18 elapsed=449.824s phase=train event=interaction_progress trial=11 partition=0 processed=1500 total=14000 metric=ce epoch=1/1
[pipeline-trace] wall=19:18:19 elapsed=448.108s phase=train event=interaction_progress trial=12 partition=0 processed=2800 total=14000 metric=ce epoch=1/1
[pipeline-trace] wall=19:18:19 elapsed=448.441s phase=train event=interaction_progress trial=12 partition=0 processed=2900 total=14000 metric=ce epoch=1/1
[pipeline-trace] wall=19:18:19 elapsed=448.762s phase=train event=interaction_progress trial=12 partition=0 processed=3000 total=14000 metric=ce epoch=1/1
[pipeline-trace] wall=19:18:20 elapsed=449.088s phase=train event=interaction_progress trial=12 partition=0 processed=3100 total=14000 metric=ce epoch=1/1
[pipeline-trace] wall=19:18:20 elapsed=449.420s phase=train event=interaction_progress trial=12 partition=0 processed=3200 total=14000 metric=ce epoch=1/1
[pipeline-trace] wall=19:18:20 elapsed=449.753s phase=train event=interaction_progress trial=12 partition=0 processed=3300 total=14000 metric=ce epoch=1/1
[pipeline-trace] wall=19:18:20 elapsed=450.064s phase=train event=interaction_progress trial=12 partition=0 processed=3400 total=14000 metric=ce epoch=1/1
[pipeline-trace] wall=19:18:21 elapsed=452.024s phase=train event=interaction_progress trial=11 partition=0 processed=1600 total=14000 metric=ce epoch=1/1
[pipeline-trace] wall=19:18:21 elapsed=450.396s phase=train event=interaction_progress trial=12 partition=0 processed=3500 total=14000 metric=ce epoch=1/1
[pipeline-trace] wall=19:18:21 elapsed=450.733s phase=train event=interaction_progress trial=12 partition=0 processed=3600 total=14000 metric=ce epoch=1/1
[pipeline-trace] wall=19:18:22 elapsed=451.076s phase=train event=interaction_progress trial=12 partition=0 processed=3700 total=14000 metric=ce epoch=1/1
[pipeline-trace] wall=19:18:22 elapsed=451.397s phase=train event=interaction_progress trial=12 partition=0 processed=3800 total=14000 metric=ce epoch=1/1
[pipeline-trace] wall=19:18:22 elapsed=451.725s phase=train event=interaction_progress trial=12 partition=0 processed=3900 total=14000 metric=ce epoch=1/1
[pipeline-trace] wall=19:18:22 elapsed=452.032s phase=train event=interaction_progress trial=12 partition=0 processed=4000 total=14000 metric=ce epoch=1/1
[pipeline-trace] wall=19:18:23 elapsed=454.168s phase=train event=interaction_progress trial=11 partition=0 processed=1700 total=14000 metric=ce epoch=1/1
[pipeline-trace] wall=19:18:23 elapsed=452.386s phase=train event=interaction_progress trial=12 partition=0 processed=4100 total=14000 metric=ce epoch=1/1
[pipeline-trace] wall=19:18:23 elapsed=452.712s phase=train event=interaction_progress trial=12 partition=0 processed=4200 total=14000 metric=ce epoch=1/1
[pipeline-trace] wall=19:18:23 elapsed=453.038s phase=train event=interaction_progress trial=12 partition=0 processed=4300 total=14000 metric=ce epoch=1/1
[pipeline-trace] wall=19:18:24 elapsed=453.359s phase=train event=interaction_progress trial=12 partition=0 processed=4400 total=14000 metric=ce epoch=1/1
[pipeline-trace] wall=19:18:24 elapsed=453.715s phase=train event=interaction_progress trial=12 partition=0 processed=4500 total=14000 metric=ce epoch=1/1
[pipeline-trace] wall=19:18:25 elapsed=454.095s phase=train event=interaction_progress trial=12 partition=0 processed=4600 total=14000 metric=ce epoch=1/1
[pipeline-trace] wall=19:18:25 elapsed=454.478s phase=train event=interaction_progress trial=12 partition=0 processed=4700 total=14000 metric=ce epoch=1/1
[pipeline-trace] wall=19:18:25 elapsed=456.330s phase=train event=interaction_progress trial=11 partition=0 processed=1800 total=14000 metric=ce epoch=1/1
[pipeline-trace] wall=19:18:25 elapsed=454.830s phase=train event=interaction_progress trial=12 partition=0 processed=4800 total=14000 metric=ce epoch=1/1
[pipeline-trace] wall=19:18:26 elapsed=455.253s phase=train event=interaction_progress trial=12 partition=0 processed=4900 total=14000 metric=ce epoch=1/1
[pipeline-trace] wall=19:18:26 elapsed=455.725s phase=train event=interaction_progress trial=12 partition=0 processed=5000 total=14000 metric=ce epoch=1/1
[pipeline-trace] wall=19:18:27 elapsed=456.238s phase=train event=interaction_progress trial=12 partition=0 processed=5100 total=14000 metric=ce epoch=1/1
[pipeline-trace] wall=19:18:27 elapsed=456.778s phase=train event=interaction_progress trial=12 partition=0 processed=5200 total=14000 metric=ce epoch=1/1
[pipeline-trace] wall=19:18:28 elapsed=457.203s phase=train event=interaction_progress trial=12 partition=0 processed=5300 total=14000 metric=ce epoch=1/1
[pipeline-trace] wall=19:18:28 elapsed=457.677s phase=train event=interaction_progress trial=12 partition=0 processed=5400 total=14000 metric=ce epoch=1/1
[pipeline-trace] wall=19:18:29 elapsed=458.103s phase=train event=interaction_progress trial=12 partition=0 processed=5500 total=14000 metric=ce epoch=1/1
[pipeline-trace] wall=19:18:29 elapsed=458.581s phase=train event=interaction_progress trial=12 partition=0 processed=5600 total=14000 metric=ce epoch=1/1
[pipeline-trace] wall=19:18:29 elapsed=458.981s phase=train event=interaction_progress trial=12 partition=0 processed=5700 total=14000 metric=ce epoch=1/1
[pipeline-trace] wall=19:18:30 elapsed=459.387s phase=train event=interaction_progress trial=12 partition=0 processed=5800 total=14000 metric=ce epoch=1/1
[pipeline-trace] wall=19:18:30 elapsed=459.821s phase=train event=interaction_progress trial=12 partition=0 processed=5900 total=14000 metric=ce epoch=1/1
[pipeline-trace] wall=19:18:31 elapsed=460.248s phase=train event=interaction_progress trial=12 partition=0 processed=6000 total=14000 metric=ce epoch=1/1
[pipeline-trace] wall=19:18:31 elapsed=460.684s phase=train event=interaction_progress trial=12 partition=0 processed=6100 total=14000 metric=ce epoch=1/1
[pipeline-trace] wall=19:18:32 elapsed=461.150s phase=train event=interaction_progress trial=12 partition=0 processed=6200 total=14000 metric=ce epoch=1/1
[pipeline-trace] wall=19:18:32 elapsed=461.684s phase=train event=interaction_progress trial=12 partition=0 processed=6300 total=14000 metric=ce epoch=1/1
[pipeline-trace] wall=19:18:33 elapsed=462.097s phase=train event=interaction_progress trial=12 partition=0 processed=6400 total=14000 metric=ce epoch=1/1
[pipeline-trace] wall=19:18:33 elapsed=464.350s phase=train event=interaction_progress trial=11 partition=0 processed=1900 total=14000 metric=ce epoch=1/1
[pipeline-trace] wall=19:18:33 elapsed=462.532s phase=train event=interaction_progress trial=12 partition=0 processed=6500 total=14000 metric=ce epoch=1/1
[pipeline-trace] wall=19:18:33 elapsed=462.992s phase=train event=interaction_progress trial=12 partition=0 processed=6600 total=14000 metric=ce epoch=1/1
[pipeline-trace] wall=19:18:34 elapsed=463.353s phase=train event=interaction_progress trial=12 partition=0 processed=6700 total=14000 metric=ce epoch=1/1
[pipeline-trace] wall=19:18:34 elapsed=463.693s phase=train event=interaction_progress trial=12 partition=0 processed=6800 total=14000 metric=ce epoch=1/1
[pipeline-trace] wall=19:18:34 elapsed=464.058s phase=train event=interaction_progress trial=12 partition=0 processed=6900 total=14000 metric=ce epoch=1/1
[pipeline-trace] wall=19:18:35 elapsed=464.373s phase=train event=interaction_progress trial=12 partition=0 processed=7000 total=14000 metric=ce epoch=1/1
[pipeline-trace] wall=19:18:35 elapsed=466.539s phase=train event=interaction_progress trial=11 partition=0 processed=2000 total=14000 metric=ce epoch=1/1
[pipeline-trace] wall=19:18:35 elapsed=464.731s phase=train event=interaction_progress trial=12 partition=0 processed=7100 total=14000 metric=ce epoch=1/1
[pipeline-trace] wall=19:18:36 elapsed=465.095s phase=train event=interaction_progress trial=12 partition=0 processed=7200 total=14000 metric=ce epoch=1/1
[pipeline-trace] wall=19:18:36 elapsed=465.397s phase=train event=interaction_progress trial=12 partition=0 processed=7300 total=14000 metric=ce epoch=1/1
[pipeline-trace] wall=19:18:36 elapsed=465.679s phase=train event=interaction_progress trial=12 partition=0 processed=7400 total=14000 metric=ce epoch=1/1
[pipeline-trace] wall=19:18:36 elapsed=466.033s phase=train event=interaction_progress trial=12 partition=0 processed=7500 total=14000 metric=ce epoch=1/1
[pipeline-trace] wall=19:18:37 elapsed=466.397s phase=train event=interaction_progress trial=12 partition=0 processed=7600 total=14000 metric=ce epoch=1/1
[pipeline-trace] wall=19:18:37 elapsed=466.678s phase=train event=interaction_progress trial=12 partition=0 processed=7700 total=14000 metric=ce epoch=1/1
[pipeline-trace] wall=19:18:37 elapsed=468.704s phase=train event=interaction_progress trial=11 partition=0 processed=2100 total=14000 metric=ce epoch=1/1
[pipeline-trace] wall=19:18:37 elapsed=466.981s phase=train event=interaction_progress trial=12 partition=0 processed=7800 total=14000 metric=ce epoch=1/1
[pipeline-trace] wall=19:18:38 elapsed=467.300s phase=train event=interaction_progress trial=12 partition=0 processed=7900 total=14000 metric=ce epoch=1/1
[pipeline-trace] wall=19:18:38 elapsed=467.558s phase=train event=interaction_progress trial=12 partition=0 processed=8000 total=14000 metric=ce epoch=1/1
[pipeline-trace] wall=19:18:38 elapsed=467.819s phase=train event=interaction_progress trial=12 partition=0 processed=8100 total=14000 metric=ce epoch=1/1
[pipeline-trace] wall=19:18:39 elapsed=468.096s phase=train event=interaction_progress trial=12 partition=0 processed=8200 total=14000 metric=ce epoch=1/1
[pipeline-trace] wall=19:18:39 elapsed=468.394s phase=train event=interaction_progress trial=12 partition=0 processed=8300 total=14000 metric=ce epoch=1/1
[pipeline-trace] wall=19:18:39 elapsed=468.709s phase=train event=interaction_progress trial=12 partition=0 processed=8400 total=14000 metric=ce epoch=1/1
[pipeline-trace] wall=19:18:39 elapsed=470.842s phase=train event=interaction_progress trial=11 partition=0 processed=2200 total=14000 metric=ce epoch=1/1
[pipeline-trace] wall=19:18:39 elapsed=469.026s phase=train event=interaction_progress trial=12 partition=0 processed=8500 total=14000 metric=ce epoch=1/1
[pipeline-trace] wall=19:18:40 elapsed=469.349s phase=train event=interaction_progress trial=12 partition=0 processed=8600 total=14000 metric=ce epoch=1/1
[pipeline-trace] wall=19:18:40 elapsed=469.670s phase=train event=interaction_progress trial=12 partition=0 processed=8700 total=14000 metric=ce epoch=1/1
[pipeline-trace] wall=19:18:40 elapsed=469.991s phase=train event=interaction_progress trial=12 partition=0 processed=8800 total=14000 metric=ce epoch=1/1
[pipeline-trace] wall=19:18:41 elapsed=470.318s phase=train event=interaction_progress trial=12 partition=0 processed=8900 total=14000 metric=ce epoch=1/1
[pipeline-trace] wall=19:18:41 elapsed=470.641s phase=train event=interaction_progress trial=12 partition=0 processed=9000 total=14000 metric=ce epoch=1/1
[pipeline-trace] wall=19:18:41 elapsed=470.969s phase=train event=interaction_progress trial=12 partition=0 processed=9100 total=14000 metric=ce epoch=1/1
[pipeline-trace] wall=19:18:42 elapsed=472.946s phase=train event=interaction_progress trial=11 partition=0 processed=2300 total=14000 metric=ce epoch=1/1
[pipeline-trace] wall=19:18:42 elapsed=471.272s phase=train event=interaction_progress trial=12 partition=0 processed=9200 total=14000 metric=ce epoch=1/1
[pipeline-trace] wall=19:18:42 elapsed=471.550s phase=train event=interaction_progress trial=12 partition=0 processed=9300 total=14000 metric=ce epoch=1/1
[pipeline-trace] wall=19:18:42 elapsed=471.858s phase=train event=interaction_progress trial=12 partition=0 processed=9400 total=14000 metric=ce epoch=1/1
[pipeline-trace] wall=19:18:43 elapsed=472.150s phase=train event=interaction_progress trial=12 partition=0 processed=9500 total=14000 metric=ce epoch=1/1
[pipeline-trace] wall=19:18:43 elapsed=472.424s phase=train event=interaction_progress trial=12 partition=0 processed=9600 total=14000 metric=ce epoch=1/1
[pipeline-trace] wall=19:18:43 elapsed=472.703s phase=train event=interaction_progress trial=12 partition=0 processed=9700 total=14000 metric=ce epoch=1/1
[pipeline-trace] wall=19:18:43 elapsed=473.002s phase=train event=interaction_progress trial=12 partition=0 processed=9800 total=14000 metric=ce epoch=1/1
[pipeline-trace] wall=19:18:44 elapsed=475.023s phase=train event=interaction_progress trial=11 partition=0 processed=2400 total=14000 metric=ce epoch=1/1
[pipeline-trace] wall=19:18:44 elapsed=473.283s phase=train event=interaction_progress trial=12 partition=0 processed=9900 total=14000 metric=ce epoch=1/1
[pipeline-trace] wall=19:18:44 elapsed=473.565s phase=train event=interaction_progress trial=12 partition=0 processed=10000 total=14000 metric=ce epoch=1/1
[pipeline-trace] wall=19:18:44 elapsed=473.867s phase=train event=interaction_progress trial=12 partition=0 processed=10100 total=14000 metric=ce epoch=1/1
[pipeline-trace] wall=19:18:45 elapsed=474.237s phase=train event=interaction_progress trial=12 partition=0 processed=10200 total=14000 metric=ce epoch=1/1
[pipeline-trace] wall=19:18:45 elapsed=474.585s phase=train event=interaction_progress trial=12 partition=0 processed=10300 total=14000 metric=ce epoch=1/1
[pipeline-trace] wall=19:18:45 elapsed=474.926s phase=train event=interaction_progress trial=12 partition=0 processed=10400 total=14000 metric=ce epoch=1/1
[pipeline-trace] wall=19:18:46 elapsed=477.064s phase=train event=interaction_progress trial=11 partition=0 processed=2500 total=14000 metric=ce epoch=1/1
[pipeline-trace] wall=19:18:46 elapsed=475.273s phase=train event=interaction_progress trial=12 partition=0 processed=10500 total=14000 metric=ce epoch=1/1
[pipeline-trace] wall=19:18:46 elapsed=475.614s phase=train event=interaction_progress trial=12 partition=0 processed=10600 total=14000 metric=ce epoch=1/1
[pipeline-trace] wall=19:18:46 elapsed=475.949s phase=train event=interaction_progress trial=12 partition=0 processed=10700 total=14000 metric=ce epoch=1/1
[pipeline-trace] wall=19:18:47 elapsed=476.267s phase=train event=interaction_progress trial=12 partition=0 processed=10800 total=14000 metric=ce epoch=1/1
[pipeline-trace] wall=19:18:47 elapsed=476.617s phase=train event=interaction_progress trial=12 partition=0 processed=10900 total=14000 metric=ce epoch=1/1
[pipeline-trace] wall=19:18:47 elapsed=476.966s phase=train event=interaction_progress trial=12 partition=0 processed=11000 total=14000 metric=ce epoch=1/1
[pipeline-trace] wall=19:18:48 elapsed=477.301s phase=train event=interaction_progress trial=12 partition=0 processed=11100 total=14000 metric=ce epoch=1/1
[pipeline-trace] wall=19:18:48 elapsed=479.174s phase=train event=interaction_progress trial=11 partition=0 processed=2600 total=14000 metric=ce epoch=1/1
[pipeline-trace] wall=19:18:48 elapsed=477.650s phase=train event=interaction_progress trial=12 partition=0 processed=11200 total=14000 metric=ce epoch=1/1
[pipeline-trace] wall=19:18:48 elapsed=477.982s phase=train event=interaction_progress trial=12 partition=0 processed=11300 total=14000 metric=ce epoch=1/1
[pipeline-trace] wall=19:18:49 elapsed=478.341s phase=train event=interaction_progress trial=12 partition=0 processed=11400 total=14000 metric=ce epoch=1/1
[pipeline-trace] wall=19:18:49 elapsed=478.712s phase=train event=interaction_progress trial=12 partition=0 processed=11500 total=14000 metric=ce epoch=1/1
[pipeline-trace] wall=19:18:49 elapsed=479.043s phase=train event=interaction_progress trial=12 partition=0 processed=11600 total=14000 metric=ce epoch=1/1
[pipeline-trace] wall=19:18:50 elapsed=479.427s phase=train event=interaction_progress trial=12 partition=0 processed=11700 total=14000 metric=ce epoch=1/1
[pipeline-trace] wall=19:18:50 elapsed=481.408s phase=train event=interaction_progress trial=11 partition=0 processed=2700 total=14000 metric=ce epoch=1/1
[pipeline-trace] wall=19:18:50 elapsed=479.808s phase=train event=interaction_progress trial=12 partition=0 processed=11800 total=14000 metric=ce epoch=1/1
[pipeline-trace] wall=19:18:51 elapsed=480.187s phase=train event=interaction_progress trial=12 partition=0 processed=11900 total=14000 metric=ce epoch=1/1
[pipeline-trace] wall=19:18:51 elapsed=480.574s phase=train event=interaction_progress trial=12 partition=0 processed=12000 total=14000 metric=ce epoch=1/1
[pipeline-trace] wall=19:18:51 elapsed=480.950s phase=train event=interaction_progress trial=12 partition=0 processed=12100 total=14000 metric=ce epoch=1/1
[pipeline-trace] wall=19:18:52 elapsed=481.329s phase=train event=interaction_progress trial=12 partition=0 processed=12200 total=14000 metric=ce epoch=1/1
[pipeline-trace] wall=19:18:52 elapsed=481.721s phase=train event=interaction_progress trial=12 partition=0 processed=12300 total=14000 metric=ce epoch=1/1
[pipeline-trace] wall=19:18:52 elapsed=483.681s phase=train event=interaction_progress trial=11 partition=0 processed=2800 total=14000 metric=ce epoch=1/1
[pipeline-trace] wall=19:18:53 elapsed=482.099s phase=train event=interaction_progress trial=12 partition=0 processed=12400 total=14000 metric=ce epoch=1/1
[pipeline-trace] wall=19:18:53 elapsed=482.468s phase=train event=interaction_progress trial=12 partition=0 processed=12500 total=14000 metric=ce epoch=1/1
[pipeline-trace] wall=19:18:53 elapsed=482.861s phase=train event=interaction_progress trial=12 partition=0 processed=12600 total=14000 metric=ce epoch=1/1
[pipeline-trace] wall=19:18:54 elapsed=483.229s phase=train event=interaction_progress trial=12 partition=0 processed=12700 total=14000 metric=ce epoch=1/1
[pipeline-trace] wall=19:18:54 elapsed=483.625s phase=train event=interaction_progress trial=12 partition=0 processed=12800 total=14000 metric=ce epoch=1/1
[pipeline-trace] wall=19:18:54 elapsed=483.996s phase=train event=interaction_progress trial=12 partition=0 processed=12900 total=14000 metric=ce epoch=1/1
[pipeline-trace] wall=19:18:55 elapsed=485.955s phase=train event=interaction_progress trial=11 partition=0 processed=2900 total=14000 metric=ce epoch=1/1
[pipeline-trace] wall=19:18:55 elapsed=484.364s phase=train event=interaction_progress trial=12 partition=0 processed=13000 total=14000 metric=ce epoch=1/1
[pipeline-trace] wall=19:18:55 elapsed=484.720s phase=train event=interaction_progress trial=12 partition=0 processed=13100 total=14000 metric=ce epoch=1/1
[pipeline-trace] wall=19:18:56 elapsed=485.108s phase=train event=interaction_progress trial=12 partition=0 processed=13200 total=14000 metric=ce epoch=1/1
[pipeline-trace] wall=19:18:56 elapsed=485.493s phase=train event=interaction_progress trial=12 partition=0 processed=13300 total=14000 metric=ce epoch=1/1
[pipeline-trace] wall=19:18:56 elapsed=485.865s phase=train event=interaction_progress trial=12 partition=0 processed=13400 total=14000 metric=ce epoch=1/1
[pipeline-trace] wall=19:18:57 elapsed=486.248s phase=train event=interaction_progress trial=12 partition=0 processed=13500 total=14000 metric=ce epoch=1/1
[pipeline-trace] wall=19:18:57 elapsed=488.189s phase=train event=interaction_progress trial=11 partition=0 processed=3000 total=14000 metric=ce epoch=1/1
[pipeline-trace] wall=19:18:57 elapsed=486.623s phase=train event=interaction_progress trial=12 partition=0 processed=13600 total=14000 metric=ce epoch=1/1
[pipeline-trace] wall=19:18:57 elapsed=487.001s phase=train event=interaction_progress trial=12 partition=0 processed=13700 total=14000 metric=ce epoch=1/1
[pipeline-trace] wall=19:18:58 elapsed=487.386s phase=train event=interaction_progress trial=12 partition=0 processed=13800 total=14000 metric=ce epoch=1/1
[pipeline-trace] wall=19:18:58 elapsed=487.769s phase=train event=interaction_progress trial=12 partition=0 processed=13900 total=14000 metric=ce epoch=1/1
[pipeline-trace] wall=19:18:59 elapsed=488.153s phase=train event=interaction_progress trial=12 partition=0 processed=14000 total=14000 metric=ce epoch=1/1
[pipeline-trace] wall=19:18:59 elapsed=488.268s phase=eval event=batch_start trial=12 partitions=[1] synthetic=False
[pipeline-trace] wall=19:18:59 elapsed=488.268s phase=eval event=partition_start trial=12 partition=1 interactions=1999
[pipeline-trace] wall=19:18:59 elapsed=488.268s phase=eval event=interaction_progress trial=12 partition=1 processed=1 total=1999 metric=ranking
[pipeline-trace] wall=19:18:59 elapsed=488.417s phase=eval event=interaction_progress trial=12 partition=1 processed=100 total=1999 metric=ranking
[pipeline-trace] wall=19:18:59 elapsed=488.560s phase=eval event=interaction_progress trial=12 partition=1 processed=200 total=1999 metric=ranking
[pipeline-trace] wall=19:18:59 elapsed=490.437s phase=train event=interaction_progress trial=11 partition=0 processed=3100 total=14000 metric=ce epoch=1/1
[pipeline-trace] wall=19:18:59 elapsed=488.703s phase=eval event=interaction_progress trial=12 partition=1 processed=300 total=1999 metric=ranking
[pipeline-trace] wall=19:18:59 elapsed=488.845s phase=eval event=interaction_progress trial=12 partition=1 processed=400 total=1999 metric=ranking
[pipeline-trace] wall=19:18:59 elapsed=488.989s phase=eval event=interaction_progress trial=12 partition=1 processed=500 total=1999 metric=ranking
[pipeline-trace] wall=19:19:00 elapsed=489.133s phase=eval event=interaction_progress trial=12 partition=1 processed=600 total=1999 metric=ranking
[pipeline-trace] wall=19:19:00 elapsed=489.276s phase=eval event=interaction_progress trial=12 partition=1 processed=700 total=1999 metric=ranking
[pipeline-trace] wall=19:19:00 elapsed=489.418s phase=eval event=interaction_progress trial=12 partition=1 processed=800 total=1999 metric=ranking
[pipeline-trace] wall=19:19:00 elapsed=489.561s phase=eval event=interaction_progress trial=12 partition=1 processed=900 total=1999 metric=ranking
[pipeline-trace] wall=19:19:00 elapsed=489.704s phase=eval event=interaction_progress trial=12 partition=1 processed=1000 total=1999 metric=ranking
[pipeline-trace] wall=19:19:00 elapsed=489.847s phase=eval event=interaction_progress trial=12 partition=1 processed=1100 total=1999 metric=ranking
[pipeline-trace] wall=19:19:00 elapsed=489.991s phase=eval event=interaction_progress trial=12 partition=1 processed=1200 total=1999 metric=ranking
[pipeline-trace] wall=19:19:01 elapsed=490.134s phase=eval event=interaction_progress trial=12 partition=1 processed=1300 total=1999 metric=ranking
[pipeline-trace] wall=19:19:01 elapsed=490.276s phase=eval event=interaction_progress trial=12 partition=1 processed=1400 total=1999 metric=ranking
[pipeline-trace] wall=19:19:01 elapsed=490.418s phase=eval event=interaction_progress trial=12 partition=1 processed=1500 total=1999 metric=ranking
[pipeline-trace] wall=19:19:01 elapsed=490.560s phase=eval event=interaction_progress trial=12 partition=1 processed=1600 total=1999 metric=ranking
[pipeline-trace] wall=19:19:01 elapsed=490.703s phase=eval event=interaction_progress trial=12 partition=1 processed=1700 total=1999 metric=ranking
[pipeline-trace] wall=19:19:01 elapsed=492.619s phase=train event=interaction_progress trial=11 partition=0 processed=3200 total=14000 metric=ce epoch=1/1
[pipeline-trace] wall=19:19:01 elapsed=490.847s phase=eval event=interaction_progress trial=12 partition=1 processed=1800 total=1999 metric=ranking
[pipeline-trace] wall=19:19:01 elapsed=490.990s phase=eval event=interaction_progress trial=12 partition=1 processed=1900 total=1999 metric=ranking
[pipeline-trace] wall=19:19:02 elapsed=491.131s phase=eval event=interaction_progress trial=12 partition=1 processed=1999 total=1999 metric=ranking
[pipeline-trace] wall=19:19:02 elapsed=491.133s phase=eval event=partition_complete trial=12 partition=1 elapsed_sec=2.865 hits=1829 total=1999
[pipeline-trace] wall=19:19:02 elapsed=491.226s phase=train event=interaction_progress trial=13 partition=0 processed=1 total=14000 metric=ce epoch=1/1
[pipeline-trace] wall=19:19:02 elapsed=491.617s phase=train event=interaction_progress trial=13 partition=0 processed=100 total=14000 metric=ce epoch=1/1
[pipeline-trace] wall=19:19:02 elapsed=491.986s phase=train event=interaction_progress trial=13 partition=0 processed=200 total=14000 metric=ce epoch=1/1
[pipeline-trace] wall=19:19:03 elapsed=492.347s phase=train event=interaction_progress trial=13 partition=0 processed=300 total=14000 metric=ce epoch=1/1
[pipeline-trace] wall=19:19:03 elapsed=492.706s phase=train event=interaction_progress trial=13 partition=0 processed=400 total=14000 metric=ce epoch=1/1
[pipeline-trace] wall=19:19:03 elapsed=493.060s phase=train event=interaction_progress trial=13 partition=0 processed=500 total=14000 metric=ce epoch=1/1
[pipeline-trace] wall=19:19:04 elapsed=494.932s phase=train event=interaction_progress trial=11 partition=0 processed=3300 total=14000 metric=ce epoch=1/1
[pipeline-trace] wall=19:19:04 elapsed=493.393s phase=train event=interaction_progress trial=13 partition=0 processed=600 total=14000 metric=ce epoch=1/1
[pipeline-trace] wall=19:19:04 elapsed=493.748s phase=train event=interaction_progress trial=13 partition=0 processed=700 total=14000 metric=ce epoch=1/1
[pipeline-trace] wall=19:19:04 elapsed=494.054s phase=train event=interaction_progress trial=13 partition=0 processed=800 total=14000 metric=ce epoch=1/1
[pipeline-trace] wall=19:19:05 elapsed=494.339s phase=train event=interaction_progress trial=13 partition=0 processed=900 total=14000 metric=ce epoch=1/1
[pipeline-trace] wall=19:19:05 elapsed=494.633s phase=train event=interaction_progress trial=13 partition=0 processed=1000 total=14000 metric=ce epoch=1/1
[pipeline-trace] wall=19:19:05 elapsed=494.979s phase=train event=interaction_progress trial=13 partition=0 processed=1100 total=14000 metric=ce epoch=1/1
[pipeline-trace] wall=19:19:06 elapsed=495.284s phase=train event=interaction_progress trial=13 partition=0 processed=1200 total=14000 metric=ce epoch=1/1
[pipeline-trace] wall=19:19:06 elapsed=497.202s phase=train event=interaction_progress trial=11 partition=0 processed=3400 total=14000 metric=ce epoch=1/1
[pipeline-trace] wall=19:19:06 elapsed=495.646s phase=train event=interaction_progress trial=13 partition=0 processed=1300 total=14000 metric=ce epoch=1/1
[pipeline-trace] wall=19:19:06 elapsed=495.989s phase=train event=interaction_progress trial=13 partition=0 processed=1400 total=14000 metric=ce epoch=1/1
[pipeline-trace] wall=19:19:07 elapsed=496.397s phase=train event=interaction_progress trial=13 partition=0 processed=1500 total=14000 metric=ce epoch=1/1
[pipeline-trace] wall=19:19:07 elapsed=496.785s phase=train event=interaction_progress trial=13 partition=0 processed=1600 total=14000 metric=ce epoch=1/1
[pipeline-trace] wall=19:19:08 elapsed=497.206s phase=train event=interaction_progress trial=13 partition=0 processed=1700 total=14000 metric=ce epoch=1/1
[pipeline-trace] wall=19:19:08 elapsed=499.417s phase=train event=interaction_progress trial=11 partition=0 processed=3500 total=14000 metric=ce epoch=1/1
[pipeline-trace] wall=19:19:08 elapsed=497.620s phase=train event=interaction_progress trial=13 partition=0 processed=1800 total=14000 metric=ce epoch=1/1
[pipeline-trace] wall=19:19:08 elapsed=498.008s phase=train event=interaction_progress trial=13 partition=0 processed=1900 total=14000 metric=ce epoch=1/1
[pipeline-trace] wall=19:19:09 elapsed=498.404s phase=train event=interaction_progress trial=13 partition=0 processed=2000 total=14000 metric=ce epoch=1/1
[pipeline-trace] wall=19:19:09 elapsed=498.806s phase=train event=interaction_progress trial=13 partition=0 processed=2100 total=14000 metric=ce epoch=1/1
[pipeline-trace] wall=19:19:10 elapsed=499.335s phase=train event=interaction_progress trial=13 partition=0 processed=2200 total=14000 metric=ce epoch=1/1
[pipeline-trace] wall=19:19:10 elapsed=499.750s phase=train event=interaction_progress trial=13 partition=0 processed=2300 total=14000 metric=ce epoch=1/1
[pipeline-trace] wall=19:19:10 elapsed=501.782s phase=train event=interaction_progress trial=11 partition=0 processed=3600 total=14000 metric=ce epoch=1/1
[pipeline-trace] wall=19:19:11 elapsed=500.130s phase=train event=interaction_progress trial=13 partition=0 processed=2400 total=14000 metric=ce epoch=1/1
[pipeline-trace] wall=19:19:11 elapsed=500.394s phase=train event=interaction_progress trial=13 partition=0 processed=2500 total=14000 metric=ce epoch=1/1
[pipeline-trace] wall=19:19:11 elapsed=500.654s phase=train event=interaction_progress trial=13 partition=0 processed=2600 total=14000 metric=ce epoch=1/1
[pipeline-trace] wall=19:19:11 elapsed=500.901s phase=train event=interaction_progress trial=13 partition=0 processed=2700 total=14000 metric=ce epoch=1/1
[pipeline-trace] wall=19:19:12 elapsed=501.180s phase=train event=interaction_progress trial=13 partition=0 processed=2800 total=14000 metric=ce epoch=1/1
[pipeline-trace] wall=19:19:12 elapsed=501.487s phase=train event=interaction_progress trial=13 partition=0 processed=2900 total=14000 metric=ce epoch=1/1
[pipeline-trace] wall=19:19:12 elapsed=501.831s phase=train event=interaction_progress trial=13 partition=0 processed=3000 total=14000 metric=ce epoch=1/1
[pipeline-trace] wall=19:19:13 elapsed=502.179s phase=train event=interaction_progress trial=13 partition=0 processed=3100 total=14000 metric=ce epoch=1/1
[pipeline-trace] wall=19:19:13 elapsed=504.016s phase=train event=interaction_progress trial=11 partition=0 processed=3700 total=14000 metric=ce epoch=1/1
[pipeline-trace] wall=19:19:13 elapsed=502.532s phase=train event=interaction_progress trial=13 partition=0 processed=3200 total=14000 metric=ce epoch=1/1
[pipeline-trace] wall=19:19:13 elapsed=502.886s phase=train event=interaction_progress trial=13 partition=0 processed=3300 total=14000 metric=ce epoch=1/1
[pipeline-trace] wall=19:19:14 elapsed=503.246s phase=train event=interaction_progress trial=13 partition=0 processed=3400 total=14000 metric=ce epoch=1/1
[pipeline-trace] wall=19:19:14 elapsed=503.573s phase=train event=interaction_progress trial=13 partition=0 processed=3500 total=14000 metric=ce epoch=1/1
[pipeline-trace] wall=19:19:14 elapsed=503.895s phase=train event=interaction_progress trial=13 partition=0 processed=3600 total=14000 metric=ce epoch=1/1
[pipeline-trace] wall=19:19:15 elapsed=504.270s phase=train event=interaction_progress trial=13 partition=0 processed=3700 total=14000 metric=ce epoch=1/1
[pipeline-trace] wall=19:19:15 elapsed=506.170s phase=train event=interaction_progress trial=11 partition=0 processed=3800 total=14000 metric=ce epoch=1/1
[pipeline-trace] wall=19:19:15 elapsed=504.596s phase=train event=interaction_progress trial=13 partition=0 processed=3800 total=14000 metric=ce epoch=1/1
[pipeline-trace] wall=19:19:15 elapsed=504.954s phase=train event=interaction_progress trial=13 partition=0 processed=3900 total=14000 metric=ce epoch=1/1
[pipeline-trace] wall=19:19:16 elapsed=505.306s phase=train event=interaction_progress trial=13 partition=0 processed=4000 total=14000 metric=ce epoch=1/1
[pipeline-trace] wall=19:19:16 elapsed=505.667s phase=train event=interaction_progress trial=13 partition=0 processed=4100 total=14000 metric=ce epoch=1/1
[pipeline-trace] wall=19:19:16 elapsed=506.028s phase=train event=interaction_progress trial=13 partition=0 processed=4200 total=14000 metric=ce epoch=1/1
[pipeline-trace] wall=19:19:17 elapsed=506.398s phase=train event=interaction_progress trial=13 partition=0 processed=4300 total=14000 metric=ce epoch=1/1
[pipeline-trace] wall=19:19:17 elapsed=508.351s phase=train event=interaction_progress trial=11 partition=0 processed=3900 total=14000 metric=ce epoch=1/1
[pipeline-trace] wall=19:19:17 elapsed=506.800s phase=train event=interaction_progress trial=13 partition=0 processed=4400 total=14000 metric=ce epoch=1/1
[pipeline-trace] wall=19:19:19 elapsed=508.382s phase=train event=interaction_progress trial=13 partition=0 processed=4500 total=14000 metric=ce epoch=1/1
[pipeline-trace] wall=19:19:19 elapsed=508.851s phase=train event=interaction_progress trial=13 partition=0 processed=4600 total=14000 metric=ce epoch=1/1
[pipeline-trace] wall=19:19:20 elapsed=509.217s phase=train event=interaction_progress trial=13 partition=0 processed=4700 total=14000 metric=ce epoch=1/1
[pipeline-trace] wall=19:19:20 elapsed=509.656s phase=train event=interaction_progress trial=13 partition=0 processed=4800 total=14000 metric=ce epoch=1/1
[pipeline-trace] wall=19:19:21 elapsed=510.120s phase=train event=interaction_progress trial=13 partition=0 processed=4900 total=14000 metric=ce epoch=1/1
[pipeline-trace] wall=19:19:21 elapsed=510.631s phase=train event=interaction_progress trial=13 partition=0 processed=5000 total=14000 metric=ce epoch=1/1
[pipeline-trace] wall=19:19:22 elapsed=511.108s phase=train event=interaction_progress trial=13 partition=0 processed=5100 total=14000 metric=ce epoch=1/1
[pipeline-trace] wall=19:19:22 elapsed=511.589s phase=train event=interaction_progress trial=13 partition=0 processed=5200 total=14000 metric=ce epoch=1/1
[pipeline-trace] wall=19:19:22 elapsed=512.052s phase=train event=interaction_progress trial=13 partition=0 processed=5300 total=14000 metric=ce epoch=1/1
[pipeline-trace] wall=19:19:23 elapsed=512.502s phase=train event=interaction_progress trial=13 partition=0 processed=5400 total=14000 metric=ce epoch=1/1
[pipeline-trace] wall=19:19:23 elapsed=512.950s phase=train event=interaction_progress trial=13 partition=0 processed=5500 total=14000 metric=ce epoch=1/1
[pipeline-trace] wall=19:19:24 elapsed=513.437s phase=train event=interaction_progress trial=13 partition=0 processed=5600 total=14000 metric=ce epoch=1/1
[pipeline-trace] wall=19:19:24 elapsed=515.526s phase=train event=interaction_progress trial=11 partition=0 processed=4000 total=14000 metric=ce epoch=1/1
[pipeline-trace] wall=19:19:24 elapsed=513.858s phase=train event=interaction_progress trial=13 partition=0 processed=5700 total=14000 metric=ce epoch=1/1
[pipeline-trace] wall=19:19:25 elapsed=514.215s phase=train event=interaction_progress trial=13 partition=0 processed=5800 total=14000 metric=ce epoch=1/1
[pipeline-trace] wall=19:19:25 elapsed=514.547s phase=train event=interaction_progress trial=13 partition=0 processed=5900 total=14000 metric=ce epoch=1/1
[pipeline-trace] wall=19:19:25 elapsed=514.835s phase=train event=interaction_progress trial=13 partition=0 processed=6000 total=14000 metric=ce epoch=1/1
[pipeline-trace] wall=19:19:26 elapsed=515.139s phase=train event=interaction_progress trial=13 partition=0 processed=6100 total=14000 metric=ce epoch=1/1
[pipeline-trace] wall=19:19:26 elapsed=515.440s phase=train event=interaction_progress trial=13 partition=0 processed=6200 total=14000 metric=ce epoch=1/1
[pipeline-trace] wall=19:19:26 elapsed=515.731s phase=train event=interaction_progress trial=13 partition=0 processed=6300 total=14000 metric=ce epoch=1/1
[pipeline-trace] wall=19:19:26 elapsed=517.731s phase=train event=interaction_progress trial=11 partition=0 processed=4100 total=14000 metric=ce epoch=1/1
[pipeline-trace] wall=19:19:26 elapsed=516.030s phase=train event=interaction_progress trial=13 partition=0 processed=6400 total=14000 metric=ce epoch=1/1
[pipeline-trace] wall=19:19:27 elapsed=516.315s phase=train event=interaction_progress trial=13 partition=0 processed=6500 total=14000 metric=ce epoch=1/1
[pipeline-trace] wall=19:19:27 elapsed=516.577s phase=train event=interaction_progress trial=13 partition=0 processed=6600 total=14000 metric=ce epoch=1/1
[pipeline-trace] wall=19:19:27 elapsed=516.839s phase=train event=interaction_progress trial=13 partition=0 processed=6700 total=14000 metric=ce epoch=1/1
[pipeline-trace] wall=19:19:28 elapsed=517.149s phase=train event=interaction_progress trial=13 partition=0 processed=6800 total=14000 metric=ce epoch=1/1
[pipeline-trace] wall=19:19:28 elapsed=517.458s phase=train event=interaction_progress trial=13 partition=0 processed=6900 total=14000 metric=ce epoch=1/1
[pipeline-trace] wall=19:19:28 elapsed=517.718s phase=train event=interaction_progress trial=13 partition=0 processed=7000 total=14000 metric=ce epoch=1/1
[pipeline-trace] wall=19:19:28 elapsed=517.971s phase=train event=interaction_progress trial=13 partition=0 processed=7100 total=14000 metric=ce epoch=1/1
[pipeline-trace] wall=19:19:28 elapsed=519.814s phase=train event=interaction_progress trial=11 partition=0 processed=4200 total=14000 metric=ce epoch=1/1
[pipeline-trace] wall=19:19:29 elapsed=518.265s phase=train event=interaction_progress trial=13 partition=0 processed=7200 total=14000 metric=ce epoch=1/1
[pipeline-trace] wall=19:19:29 elapsed=518.539s phase=train event=interaction_progress trial=13 partition=0 processed=7300 total=14000 metric=ce epoch=1/1
[pipeline-trace] wall=19:19:29 elapsed=518.785s phase=train event=interaction_progress trial=13 partition=0 processed=7400 total=14000 metric=ce epoch=1/1
[pipeline-trace] wall=19:19:30 elapsed=519.113s phase=train event=interaction_progress trial=13 partition=0 processed=7500 total=14000 metric=ce epoch=1/1
[pipeline-trace] wall=19:19:30 elapsed=519.415s phase=train event=interaction_progress trial=13 partition=0 processed=7600 total=14000 metric=ce epoch=1/1
[pipeline-trace] wall=19:19:30 elapsed=519.761s phase=train event=interaction_progress trial=13 partition=0 processed=7700 total=14000 metric=ce epoch=1/1
[pipeline-trace] wall=19:19:31 elapsed=520.077s phase=train event=interaction_progress trial=13 partition=0 processed=7800 total=14000 metric=ce epoch=1/1
[pipeline-trace] wall=19:19:31 elapsed=521.991s phase=train event=interaction_progress trial=11 partition=0 processed=4300 total=14000 metric=ce epoch=1/1
[pipeline-trace] wall=19:19:31 elapsed=520.412s phase=train event=interaction_progress trial=13 partition=0 processed=7900 total=14000 metric=ce epoch=1/1
[pipeline-trace] wall=19:19:31 elapsed=520.763s phase=train event=interaction_progress trial=13 partition=0 processed=8000 total=14000 metric=ce epoch=1/1
[pipeline-trace] wall=19:19:32 elapsed=521.125s phase=train event=interaction_progress trial=13 partition=0 processed=8100 total=14000 metric=ce epoch=1/1
[pipeline-trace] wall=19:19:32 elapsed=521.485s phase=train event=interaction_progress trial=13 partition=0 processed=8200 total=14000 metric=ce epoch=1/1
[pipeline-trace] wall=19:19:32 elapsed=521.837s phase=train event=interaction_progress trial=13 partition=0 processed=8300 total=14000 metric=ce epoch=1/1
[pipeline-trace] wall=19:19:33 elapsed=522.186s phase=train event=interaction_progress trial=13 partition=0 processed=8400 total=14000 metric=ce epoch=1/1
[pipeline-trace] wall=19:19:33 elapsed=524.164s phase=train event=interaction_progress trial=11 partition=0 processed=4400 total=14000 metric=ce epoch=1/1
[pipeline-trace] wall=19:19:33 elapsed=522.539s phase=train event=interaction_progress trial=13 partition=0 processed=8500 total=14000 metric=ce epoch=1/1
[pipeline-trace] wall=19:19:33 elapsed=522.885s phase=train event=interaction_progress trial=13 partition=0 processed=8600 total=14000 metric=ce epoch=1/1
[pipeline-trace] wall=19:19:34 elapsed=523.240s phase=train event=interaction_progress trial=13 partition=0 processed=8700 total=14000 metric=ce epoch=1/1
[pipeline-trace] wall=19:19:34 elapsed=523.590s phase=train event=interaction_progress trial=13 partition=0 processed=8800 total=14000 metric=ce epoch=1/1
[pipeline-trace] wall=19:19:34 elapsed=523.971s phase=train event=interaction_progress trial=13 partition=0 processed=8900 total=14000 metric=ce epoch=1/1
[pipeline-trace] wall=19:19:35 elapsed=524.332s phase=train event=interaction_progress trial=13 partition=0 processed=9000 total=14000 metric=ce epoch=1/1
[pipeline-trace] wall=19:19:35 elapsed=526.358s phase=train event=interaction_progress trial=11 partition=0 processed=4500 total=14000 metric=ce epoch=1/1
[pipeline-trace] wall=19:19:35 elapsed=524.741s phase=train event=interaction_progress trial=13 partition=0 processed=9100 total=14000 metric=ce epoch=1/1
[pipeline-trace] wall=19:19:36 elapsed=525.146s phase=train event=interaction_progress trial=13 partition=0 processed=9200 total=14000 metric=ce epoch=1/1
[pipeline-trace] wall=19:19:36 elapsed=525.458s phase=train event=interaction_progress trial=13 partition=0 processed=9300 total=14000 metric=ce epoch=1/1
[pipeline-trace] wall=19:19:36 elapsed=525.780s phase=train event=interaction_progress trial=13 partition=0 processed=9400 total=14000 metric=ce epoch=1/1
[pipeline-trace] wall=19:19:36 elapsed=526.034s phase=train event=interaction_progress trial=13 partition=0 processed=9500 total=14000 metric=ce epoch=1/1
[pipeline-trace] wall=19:19:37 elapsed=526.251s phase=train event=interaction_progress trial=13 partition=0 processed=9600 total=14000 metric=ce epoch=1/1
[pipeline-trace] wall=19:19:37 elapsed=526.541s phase=train event=interaction_progress trial=13 partition=0 processed=9700 total=14000 metric=ce epoch=1/1
[pipeline-trace] wall=19:19:37 elapsed=528.576s phase=train event=interaction_progress trial=11 partition=0 processed=4600 total=14000 metric=ce epoch=1/1
[pipeline-trace] wall=19:19:37 elapsed=526.946s phase=train event=interaction_progress trial=13 partition=0 processed=9800 total=14000 metric=ce epoch=1/1
[pipeline-trace] wall=19:19:38 elapsed=527.368s phase=train event=interaction_progress trial=13 partition=0 processed=9900 total=14000 metric=ce epoch=1/1
[pipeline-trace] wall=19:19:38 elapsed=527.808s phase=train event=interaction_progress trial=13 partition=0 processed=10000 total=14000 metric=ce epoch=1/1
[pipeline-trace] wall=19:19:39 elapsed=528.230s phase=train event=interaction_progress trial=13 partition=0 processed=10100 total=14000 metric=ce epoch=1/1
[pipeline-trace] wall=19:19:39 elapsed=528.556s phase=train event=interaction_progress trial=13 partition=0 processed=10200 total=14000 metric=ce epoch=1/1
[pipeline-trace] wall=19:19:39 elapsed=528.975s phase=train event=interaction_progress trial=13 partition=0 processed=10300 total=14000 metric=ce epoch=1/1
[pipeline-trace] wall=19:19:39 elapsed=530.832s phase=train event=interaction_progress trial=11 partition=0 processed=4700 total=14000 metric=ce epoch=1/1
[pipeline-trace] wall=19:19:40 elapsed=529.409s phase=train event=interaction_progress trial=13 partition=0 processed=10400 total=14000 metric=ce epoch=1/1
[pipeline-trace] wall=19:19:40 elapsed=529.789s phase=train event=interaction_progress trial=13 partition=0 processed=10500 total=14000 metric=ce epoch=1/1
[pipeline-trace] wall=19:19:41 elapsed=530.201s phase=train event=interaction_progress trial=13 partition=0 processed=10600 total=14000 metric=ce epoch=1/1
[pipeline-trace] wall=19:19:41 elapsed=530.592s phase=train event=interaction_progress trial=13 partition=0 processed=10700 total=14000 metric=ce epoch=1/1
[pipeline-trace] wall=19:19:41 elapsed=530.968s phase=train event=interaction_progress trial=13 partition=0 processed=10800 total=14000 metric=ce epoch=1/1
[pipeline-trace] wall=19:19:42 elapsed=533.028s phase=train event=interaction_progress trial=11 partition=0 processed=4800 total=14000 metric=ce epoch=1/1
[pipeline-trace] wall=19:19:42 elapsed=531.263s phase=train event=interaction_progress trial=13 partition=0 processed=10900 total=14000 metric=ce epoch=1/1
[pipeline-trace] wall=19:19:42 elapsed=531.545s phase=train event=interaction_progress trial=13 partition=0 processed=11000 total=14000 metric=ce epoch=1/1
[pipeline-trace] wall=19:19:42 elapsed=531.833s phase=train event=interaction_progress trial=13 partition=0 processed=11100 total=14000 metric=ce epoch=1/1
[pipeline-trace] wall=19:19:43 elapsed=532.124s phase=train event=interaction_progress trial=13 partition=0 processed=11200 total=14000 metric=ce epoch=1/1
[pipeline-trace] wall=19:19:43 elapsed=532.421s phase=train event=interaction_progress trial=13 partition=0 processed=11300 total=14000 metric=ce epoch=1/1
[pipeline-trace] wall=19:19:43 elapsed=532.724s phase=train event=interaction_progress trial=13 partition=0 processed=11400 total=14000 metric=ce epoch=1/1
[pipeline-trace] wall=19:19:44 elapsed=533.110s phase=train event=interaction_progress trial=13 partition=0 processed=11500 total=14000 metric=ce epoch=1/1
[pipeline-trace] wall=19:19:44 elapsed=535.166s phase=train event=interaction_progress trial=11 partition=0 processed=4900 total=14000 metric=ce epoch=1/1
[pipeline-trace] wall=19:19:44 elapsed=533.475s phase=train event=interaction_progress trial=13 partition=0 processed=11600 total=14000 metric=ce epoch=1/1
[pipeline-trace] wall=19:19:44 elapsed=533.806s phase=train event=interaction_progress trial=13 partition=0 processed=11700 total=14000 metric=ce epoch=1/1
[pipeline-trace] wall=19:19:45 elapsed=534.136s phase=train event=interaction_progress trial=13 partition=0 processed=11800 total=14000 metric=ce epoch=1/1
[pipeline-trace] wall=19:19:45 elapsed=534.479s phase=train event=interaction_progress trial=13 partition=0 processed=11900 total=14000 metric=ce epoch=1/1
[pipeline-trace] wall=19:19:45 elapsed=534.832s phase=train event=interaction_progress trial=13 partition=0 processed=12000 total=14000 metric=ce epoch=1/1
[pipeline-trace] wall=19:19:46 elapsed=535.178s phase=train event=interaction_progress trial=13 partition=0 processed=12100 total=14000 metric=ce epoch=1/1
[pipeline-trace] wall=19:19:46 elapsed=535.526s phase=train event=interaction_progress trial=13 partition=0 processed=12200 total=14000 metric=ce epoch=1/1
[pipeline-trace] wall=19:19:46 elapsed=537.371s phase=train event=interaction_progress trial=11 partition=0 processed=5000 total=14000 metric=ce epoch=1/1
[pipeline-trace] wall=19:19:46 elapsed=535.879s phase=train event=interaction_progress trial=13 partition=0 processed=12300 total=14000 metric=ce epoch=1/1
[pipeline-trace] wall=19:19:47 elapsed=536.231s phase=train event=interaction_progress trial=13 partition=0 processed=12400 total=14000 metric=ce epoch=1/1
[pipeline-trace] wall=19:19:47 elapsed=536.586s phase=train event=interaction_progress trial=13 partition=0 processed=12500 total=14000 metric=ce epoch=1/1
[pipeline-trace] wall=19:19:47 elapsed=536.942s phase=train event=interaction_progress trial=13 partition=0 processed=12600 total=14000 metric=ce epoch=1/1
[pipeline-trace] wall=19:19:48 elapsed=537.307s phase=train event=interaction_progress trial=13 partition=0 processed=12700 total=14000 metric=ce epoch=1/1
[pipeline-trace] wall=19:19:48 elapsed=539.492s phase=train event=interaction_progress trial=11 partition=0 processed=5100 total=14000 metric=ce epoch=1/1
[pipeline-trace] wall=19:19:48 elapsed=537.668s phase=train event=interaction_progress trial=13 partition=0 processed=12800 total=14000 metric=ce epoch=1/1
[pipeline-trace] wall=19:19:48 elapsed=538.029s phase=train event=interaction_progress trial=13 partition=0 processed=12900 total=14000 metric=ce epoch=1/1
[pipeline-trace] wall=19:19:49 elapsed=538.356s phase=train event=interaction_progress trial=13 partition=0 processed=13000 total=14000 metric=ce epoch=1/1
[pipeline-trace] wall=19:19:49 elapsed=538.691s phase=train event=interaction_progress trial=13 partition=0 processed=13100 total=14000 metric=ce epoch=1/1
[pipeline-trace] wall=19:19:49 elapsed=539.038s phase=train event=interaction_progress trial=13 partition=0 processed=13200 total=14000 metric=ce epoch=1/1
[pipeline-trace] wall=19:19:50 elapsed=539.391s phase=train event=interaction_progress trial=13 partition=0 processed=13300 total=14000 metric=ce epoch=1/1
[pipeline-trace] wall=19:19:50 elapsed=539.763s phase=train event=interaction_progress trial=13 partition=0 processed=13400 total=14000 metric=ce epoch=1/1
[pipeline-trace] wall=19:19:50 elapsed=541.657s phase=train event=interaction_progress trial=11 partition=0 processed=5200 total=14000 metric=ce epoch=1/1
[pipeline-trace] wall=19:19:51 elapsed=540.103s phase=train event=interaction_progress trial=13 partition=0 processed=13500 total=14000 metric=ce epoch=1/1
[pipeline-trace] wall=19:19:51 elapsed=540.483s phase=train event=interaction_progress trial=13 partition=0 processed=13600 total=14000 metric=ce epoch=1/1
[pipeline-trace] wall=19:19:51 elapsed=540.869s phase=train event=interaction_progress trial=13 partition=0 processed=13700 total=14000 metric=ce epoch=1/1
[pipeline-trace] wall=19:19:52 elapsed=541.224s phase=train event=interaction_progress trial=13 partition=0 processed=13800 total=14000 metric=ce epoch=1/1
[pipeline-trace] wall=19:19:52 elapsed=541.582s phase=train event=interaction_progress trial=13 partition=0 processed=13900 total=14000 metric=ce epoch=1/1
[pipeline-trace] wall=19:19:52 elapsed=541.939s phase=train event=interaction_progress trial=13 partition=0 processed=14000 total=14000 metric=ce epoch=1/1
[pipeline-trace] wall=19:19:52 elapsed=543.830s phase=train event=interaction_progress trial=11 partition=0 processed=5300 total=14000 metric=ce epoch=1/1
[pipeline-trace] wall=19:19:52 elapsed=542.062s phase=eval event=batch_start trial=13 partitions=[1] synthetic=False
[pipeline-trace] wall=19:19:52 elapsed=542.062s phase=eval event=partition_start trial=13 partition=1 interactions=1999
[pipeline-trace] wall=19:19:52 elapsed=542.062s phase=eval event=interaction_progress trial=13 partition=1 processed=1 total=1999 metric=ranking
[pipeline-trace] wall=19:19:53 elapsed=542.201s phase=eval event=interaction_progress trial=13 partition=1 processed=100 total=1999 metric=ranking
[pipeline-trace] wall=19:19:53 elapsed=542.352s phase=eval event=interaction_progress trial=13 partition=1 processed=200 total=1999 metric=ranking
[pipeline-trace] wall=19:19:53 elapsed=542.490s phase=eval event=interaction_progress trial=13 partition=1 processed=300 total=1999 metric=ranking
[pipeline-trace] wall=19:19:53 elapsed=542.629s phase=eval event=interaction_progress trial=13 partition=1 processed=400 total=1999 metric=ranking
[pipeline-trace] wall=19:19:53 elapsed=542.775s phase=eval event=interaction_progress trial=13 partition=1 processed=500 total=1999 metric=ranking
[pipeline-trace] wall=19:19:53 elapsed=542.909s phase=eval event=interaction_progress trial=13 partition=1 processed=600 total=1999 metric=ranking
[pipeline-trace] wall=19:19:53 elapsed=543.042s phase=eval event=interaction_progress trial=13 partition=1 processed=700 total=1999 metric=ranking
[pipeline-trace] wall=19:19:54 elapsed=543.176s phase=eval event=interaction_progress trial=13 partition=1 processed=800 total=1999 metric=ranking
[pipeline-trace] wall=19:19:54 elapsed=543.310s phase=eval event=interaction_progress trial=13 partition=1 processed=900 total=1999 metric=ranking
[pipeline-trace] wall=19:19:54 elapsed=543.444s phase=eval event=interaction_progress trial=13 partition=1 processed=1000 total=1999 metric=ranking
[pipeline-trace] wall=19:19:54 elapsed=543.580s phase=eval event=interaction_progress trial=13 partition=1 processed=1100 total=1999 metric=ranking
[pipeline-trace] wall=19:19:54 elapsed=543.718s phase=eval event=interaction_progress trial=13 partition=1 processed=1200 total=1999 metric=ranking
[pipeline-trace] wall=19:19:54 elapsed=543.856s phase=eval event=interaction_progress trial=13 partition=1 processed=1300 total=1999 metric=ranking
[pipeline-trace] wall=19:19:54 elapsed=543.993s phase=eval event=interaction_progress trial=13 partition=1 processed=1400 total=1999 metric=ranking
[pipeline-trace] wall=19:19:55 elapsed=544.251s phase=eval event=interaction_progress trial=13 partition=1 processed=1500 total=1999 metric=ranking
[pipeline-trace] wall=19:19:55 elapsed=546.130s phase=train event=interaction_progress trial=11 partition=0 processed=5400 total=14000 metric=ce epoch=1/1
[pipeline-trace] wall=19:19:55 elapsed=544.385s phase=eval event=interaction_progress trial=13 partition=1 processed=1600 total=1999 metric=ranking
[pipeline-trace] wall=19:19:55 elapsed=544.518s phase=eval event=interaction_progress trial=13 partition=1 processed=1700 total=1999 metric=ranking
[pipeline-trace] wall=19:19:55 elapsed=544.651s phase=eval event=interaction_progress trial=13 partition=1 processed=1800 total=1999 metric=ranking
[pipeline-trace] wall=19:19:55 elapsed=544.786s phase=eval event=interaction_progress trial=13 partition=1 processed=1900 total=1999 metric=ranking
[pipeline-trace] wall=19:19:55 elapsed=544.919s phase=eval event=interaction_progress trial=13 partition=1 processed=1999 total=1999 metric=ranking
[pipeline-trace] wall=19:19:55 elapsed=544.921s phase=eval event=partition_complete trial=13 partition=1 elapsed_sec=2.859 hits=1395 total=1999
[pipeline-trace] wall=19:19:55 elapsed=545.017s phase=train event=interaction_progress trial=14 partition=0 processed=1 total=14000 metric=ce epoch=1/1
[pipeline-trace] wall=19:19:56 elapsed=545.385s phase=train event=interaction_progress trial=14 partition=0 processed=100 total=14000 metric=ce epoch=1/1
[pipeline-trace] wall=19:19:56 elapsed=545.787s phase=train event=interaction_progress trial=14 partition=0 processed=200 total=14000 metric=ce epoch=1/1
[pipeline-trace] wall=19:19:57 elapsed=546.186s phase=train event=interaction_progress trial=14 partition=0 processed=300 total=14000 metric=ce epoch=1/1
[pipeline-trace] wall=19:19:57 elapsed=546.576s phase=train event=interaction_progress trial=14 partition=0 processed=400 total=14000 metric=ce epoch=1/1
[pipeline-trace] wall=19:19:57 elapsed=548.411s phase=train event=interaction_progress trial=11 partition=0 processed=5500 total=14000 metric=ce epoch=1/1
[pipeline-trace] wall=19:19:57 elapsed=547.002s phase=train event=interaction_progress trial=14 partition=0 processed=500 total=14000 metric=ce epoch=1/1
[pipeline-trace] wall=19:19:58 elapsed=547.502s phase=train event=interaction_progress trial=14 partition=0 processed=600 total=14000 metric=ce epoch=1/1
[pipeline-trace] wall=19:19:58 elapsed=548.065s phase=train event=interaction_progress trial=14 partition=0 processed=700 total=14000 metric=ce epoch=1/1
[pipeline-trace] wall=19:19:59 elapsed=548.628s phase=train event=interaction_progress trial=14 partition=0 processed=800 total=14000 metric=ce epoch=1/1
[pipeline-trace] wall=19:19:59 elapsed=550.662s phase=train event=interaction_progress trial=11 partition=0 processed=5600 total=14000 metric=ce epoch=1/1
[pipeline-trace] wall=19:19:59 elapsed=549.044s phase=train event=interaction_progress trial=14 partition=0 processed=900 total=14000 metric=ce epoch=1/1
[pipeline-trace] wall=19:20:00 elapsed=549.632s phase=train event=interaction_progress trial=14 partition=0 processed=1000 total=14000 metric=ce epoch=1/1
[pipeline-trace] wall=19:20:01 elapsed=550.125s phase=train event=interaction_progress trial=14 partition=0 processed=1100 total=14000 metric=ce epoch=1/1
[pipeline-trace] wall=19:20:01 elapsed=550.629s phase=train event=interaction_progress trial=14 partition=0 processed=1200 total=14000 metric=ce epoch=1/1
[pipeline-trace] wall=19:20:01 elapsed=551.047s phase=train event=interaction_progress trial=14 partition=0 processed=1300 total=14000 metric=ce epoch=1/1
[pipeline-trace] wall=19:20:02 elapsed=553.005s phase=train event=interaction_progress trial=11 partition=0 processed=5700 total=14000 metric=ce epoch=1/1
[pipeline-trace] wall=19:20:02 elapsed=551.430s phase=train event=interaction_progress trial=14 partition=0 processed=1400 total=14000 metric=ce epoch=1/1
[pipeline-trace] wall=19:20:02 elapsed=551.805s phase=train event=interaction_progress trial=14 partition=0 processed=1500 total=14000 metric=ce epoch=1/1
[pipeline-trace] wall=19:20:03 elapsed=552.175s phase=train event=interaction_progress trial=14 partition=0 processed=1600 total=14000 metric=ce epoch=1/1
[pipeline-trace] wall=19:20:03 elapsed=552.547s phase=train event=interaction_progress trial=14 partition=0 processed=1700 total=14000 metric=ce epoch=1/1
[pipeline-trace] wall=19:20:03 elapsed=552.951s phase=train event=interaction_progress trial=14 partition=0 processed=1800 total=14000 metric=ce epoch=1/1
[pipeline-trace] wall=19:20:04 elapsed=553.324s phase=train event=interaction_progress trial=14 partition=0 processed=1900 total=14000 metric=ce epoch=1/1
[pipeline-trace] wall=19:20:04 elapsed=555.164s phase=train event=interaction_progress trial=11 partition=0 processed=5800 total=14000 metric=ce epoch=1/1
[pipeline-trace] wall=19:20:04 elapsed=553.714s phase=train event=interaction_progress trial=14 partition=0 processed=2000 total=14000 metric=ce epoch=1/1
[pipeline-trace] wall=19:20:05 elapsed=554.114s phase=train event=interaction_progress trial=14 partition=0 processed=2100 total=14000 metric=ce epoch=1/1
[pipeline-trace] wall=19:20:05 elapsed=554.470s phase=train event=interaction_progress trial=14 partition=0 processed=2200 total=14000 metric=ce epoch=1/1
[pipeline-trace] wall=19:20:05 elapsed=554.764s phase=train event=interaction_progress trial=14 partition=0 processed=2300 total=14000 metric=ce epoch=1/1
[pipeline-trace] wall=19:20:05 elapsed=555.058s phase=train event=interaction_progress trial=14 partition=0 processed=2400 total=14000 metric=ce epoch=1/1
[pipeline-trace] wall=19:20:06 elapsed=555.408s phase=train event=interaction_progress trial=14 partition=0 processed=2500 total=14000 metric=ce epoch=1/1
[pipeline-trace] wall=19:20:06 elapsed=557.335s phase=train event=interaction_progress trial=11 partition=0 processed=5900 total=14000 metric=ce epoch=1/1
[pipeline-trace] wall=19:20:06 elapsed=555.793s phase=train event=interaction_progress trial=14 partition=0 processed=2600 total=14000 metric=ce epoch=1/1
[pipeline-trace] wall=19:20:07 elapsed=556.179s phase=train event=interaction_progress trial=14 partition=0 processed=2700 total=14000 metric=ce epoch=1/1
[pipeline-trace] wall=19:20:07 elapsed=556.538s phase=train event=interaction_progress trial=14 partition=0 processed=2800 total=14000 metric=ce epoch=1/1
[pipeline-trace] wall=19:20:07 elapsed=556.938s phase=train event=interaction_progress trial=14 partition=0 processed=2900 total=14000 metric=ce epoch=1/1
[pipeline-trace] wall=19:20:08 elapsed=557.343s phase=train event=interaction_progress trial=14 partition=0 processed=3000 total=14000 metric=ce epoch=1/1
[pipeline-trace] wall=19:20:08 elapsed=559.498s phase=train event=interaction_progress trial=11 partition=0 processed=6000 total=14000 metric=ce epoch=1/1
[pipeline-trace] wall=19:20:09 elapsed=558.956s phase=train event=interaction_progress trial=14 partition=0 processed=3100 total=14000 metric=ce epoch=1/1
[pipeline-trace] wall=19:20:10 elapsed=559.474s phase=train event=interaction_progress trial=14 partition=0 processed=3200 total=14000 metric=ce epoch=1/1
[pipeline-trace] wall=19:20:10 elapsed=561.551s phase=train event=interaction_progress trial=11 partition=0 processed=6100 total=14000 metric=ce epoch=1/1
[pipeline-trace] wall=19:20:15 elapsed=566.014s phase=train event=interaction_progress trial=11 partition=0 processed=6200 total=14000 metric=ce epoch=1/1
[pipeline-trace] wall=19:20:15 elapsed=564.443s phase=train event=interaction_progress trial=14 partition=0 processed=3300 total=14000 metric=ce epoch=1/1
[pipeline-trace] wall=19:20:15 elapsed=564.890s phase=train event=interaction_progress trial=14 partition=0 processed=3400 total=14000 metric=ce epoch=1/1
[pipeline-trace] wall=19:20:16 elapsed=565.228s phase=train event=interaction_progress trial=14 partition=0 processed=3500 total=14000 metric=ce epoch=1/1
[pipeline-trace] wall=19:20:16 elapsed=565.598s phase=train event=interaction_progress trial=14 partition=0 processed=3600 total=14000 metric=ce epoch=1/1
[pipeline-trace] wall=19:20:16 elapsed=566.019s phase=train event=interaction_progress trial=14 partition=0 processed=3700 total=14000 metric=ce epoch=1/1
[pipeline-trace] wall=19:20:17 elapsed=566.396s phase=train event=interaction_progress trial=14 partition=0 processed=3800 total=14000 metric=ce epoch=1/1
[pipeline-trace] wall=19:20:17 elapsed=568.298s phase=train event=interaction_progress trial=11 partition=0 processed=6300 total=14000 metric=ce epoch=1/1
[pipeline-trace] wall=19:20:17 elapsed=566.812s phase=train event=interaction_progress trial=14 partition=0 processed=3900 total=14000 metric=ce epoch=1/1
[pipeline-trace] wall=19:20:18 elapsed=567.238s phase=train event=interaction_progress trial=14 partition=0 processed=4000 total=14000 metric=ce epoch=1/1
[pipeline-trace] wall=19:20:18 elapsed=567.615s phase=train event=interaction_progress trial=14 partition=0 processed=4100 total=14000 metric=ce epoch=1/1
[pipeline-trace] wall=19:20:18 elapsed=568.023s phase=train event=interaction_progress trial=14 partition=0 processed=4200 total=14000 metric=ce epoch=1/1
[pipeline-trace] wall=19:20:19 elapsed=568.345s phase=train event=interaction_progress trial=14 partition=0 processed=4300 total=14000 metric=ce epoch=1/1
[pipeline-trace] wall=19:20:19 elapsed=570.211s phase=train event=interaction_progress trial=11 partition=0 processed=6400 total=14000 metric=ce epoch=1/1
[pipeline-trace] wall=19:20:19 elapsed=570.489s phase=train event=interaction_progress trial=11 partition=0 processed=6500 total=14000 metric=ce epoch=1/1
[pipeline-trace] wall=19:20:19 elapsed=568.698s phase=train event=interaction_progress trial=14 partition=0 processed=4400 total=14000 metric=ce epoch=1/1
[pipeline-trace] wall=19:20:19 elapsed=570.772s phase=train event=interaction_progress trial=11 partition=0 processed=6600 total=14000 metric=ce epoch=1/1
[pipeline-trace] wall=19:20:20 elapsed=569.093s phase=train event=interaction_progress trial=14 partition=0 processed=4500 total=14000 metric=ce epoch=1/1
[pipeline-trace] wall=19:20:20 elapsed=571.057s phase=train event=interaction_progress trial=11 partition=0 processed=6700 total=14000 metric=ce epoch=1/1
[pipeline-trace] wall=19:20:20 elapsed=569.532s phase=train event=interaction_progress trial=14 partition=0 processed=4600 total=14000 metric=ce epoch=1/1
[pipeline-trace] wall=19:20:20 elapsed=569.974s phase=train event=interaction_progress trial=14 partition=0 processed=4700 total=14000 metric=ce epoch=1/1
[pipeline-trace] wall=19:20:21 elapsed=572.069s phase=train event=interaction_progress trial=11 partition=0 processed=6800 total=14000 metric=ce epoch=1/1
[pipeline-trace] wall=19:20:21 elapsed=570.337s phase=train event=interaction_progress trial=14 partition=0 processed=4800 total=14000 metric=ce epoch=1/1
[pipeline-trace] wall=19:20:21 elapsed=572.335s phase=train event=interaction_progress trial=11 partition=0 processed=6900 total=14000 metric=ce epoch=1/1
[pipeline-trace] wall=19:20:21 elapsed=570.655s phase=train event=interaction_progress trial=14 partition=0 processed=4900 total=14000 metric=ce epoch=1/1
[pipeline-trace] wall=19:20:21 elapsed=572.615s phase=train event=interaction_progress trial=11 partition=0 processed=7000 total=14000 metric=ce epoch=1/1
[pipeline-trace] wall=19:20:21 elapsed=570.973s phase=train event=interaction_progress trial=14 partition=0 processed=5000 total=14000 metric=ce epoch=1/1
[pipeline-trace] wall=19:20:21 elapsed=572.903s phase=train event=interaction_progress trial=11 partition=0 processed=7100 total=14000 metric=ce epoch=1/1
[pipeline-trace] wall=19:20:22 elapsed=571.371s phase=train event=interaction_progress trial=14 partition=0 processed=5100 total=14000 metric=ce epoch=1/1
[pipeline-trace] wall=19:20:22 elapsed=573.243s phase=train event=interaction_progress trial=11 partition=0 processed=7200 total=14000 metric=ce epoch=1/1
[pipeline-trace] wall=19:20:22 elapsed=571.852s phase=train event=interaction_progress trial=14 partition=0 processed=5200 total=14000 metric=ce epoch=1/1
[pipeline-trace] wall=19:20:22 elapsed=573.829s phase=train event=interaction_progress trial=11 partition=0 processed=7300 total=14000 metric=ce epoch=1/1
[pipeline-trace] wall=19:20:23 elapsed=572.347s phase=train event=interaction_progress trial=14 partition=0 processed=5300 total=14000 metric=ce epoch=1/1
[pipeline-trace] wall=19:20:23 elapsed=572.779s phase=train event=interaction_progress trial=14 partition=0 processed=5400 total=14000 metric=ce epoch=1/1
[pipeline-trace] wall=19:20:24 elapsed=573.176s phase=train event=interaction_progress trial=14 partition=0 processed=5500 total=14000 metric=ce epoch=1/1
[pipeline-trace] wall=19:20:24 elapsed=573.586s phase=train event=interaction_progress trial=14 partition=0 processed=5600 total=14000 metric=ce epoch=1/1
[pipeline-trace] wall=19:20:24 elapsed=574.007s phase=train event=interaction_progress trial=14 partition=0 processed=5700 total=14000 metric=ce epoch=1/1
[pipeline-trace] wall=19:20:25 elapsed=576.030s phase=train event=interaction_progress trial=11 partition=0 processed=7400 total=14000 metric=ce epoch=1/1
[pipeline-trace] wall=19:20:25 elapsed=574.368s phase=train event=interaction_progress trial=14 partition=0 processed=5800 total=14000 metric=ce epoch=1/1
[pipeline-trace] wall=19:20:25 elapsed=574.799s phase=train event=interaction_progress trial=14 partition=0 processed=5900 total=14000 metric=ce epoch=1/1
[pipeline-trace] wall=19:20:26 elapsed=575.254s phase=train event=interaction_progress trial=14 partition=0 processed=6000 total=14000 metric=ce epoch=1/1
[pipeline-trace] wall=19:20:26 elapsed=575.624s phase=train event=interaction_progress trial=14 partition=0 processed=6100 total=14000 metric=ce epoch=1/1
[pipeline-trace] wall=19:20:26 elapsed=575.991s phase=train event=interaction_progress trial=14 partition=0 processed=6200 total=14000 metric=ce epoch=1/1
[pipeline-trace] wall=19:20:27 elapsed=576.360s phase=train event=interaction_progress trial=14 partition=0 processed=6300 total=14000 metric=ce epoch=1/1
[pipeline-trace] wall=19:20:27 elapsed=578.307s phase=train event=interaction_progress trial=11 partition=0 processed=7500 total=14000 metric=ce epoch=1/1
[pipeline-trace] wall=19:20:27 elapsed=576.731s phase=train event=interaction_progress trial=14 partition=0 processed=6400 total=14000 metric=ce epoch=1/1
[pipeline-trace] wall=19:20:28 elapsed=577.124s phase=train event=interaction_progress trial=14 partition=0 processed=6500 total=14000 metric=ce epoch=1/1
[pipeline-trace] wall=19:20:28 elapsed=577.562s phase=train event=interaction_progress trial=14 partition=0 processed=6600 total=14000 metric=ce epoch=1/1
[pipeline-trace] wall=19:20:28 elapsed=578.004s phase=train event=interaction_progress trial=14 partition=0 processed=6700 total=14000 metric=ce epoch=1/1
[pipeline-trace] wall=19:20:29 elapsed=578.440s phase=train event=interaction_progress trial=14 partition=0 processed=6800 total=14000 metric=ce epoch=1/1
[pipeline-trace] wall=19:20:29 elapsed=580.615s phase=train event=interaction_progress trial=11 partition=0 processed=7600 total=14000 metric=ce epoch=1/1
[pipeline-trace] wall=19:20:29 elapsed=578.877s phase=train event=interaction_progress trial=14 partition=0 processed=6900 total=14000 metric=ce epoch=1/1
[pipeline-trace] wall=19:20:30 elapsed=579.298s phase=train event=interaction_progress trial=14 partition=0 processed=7000 total=14000 metric=ce epoch=1/1
[pipeline-trace] wall=19:20:30 elapsed=579.736s phase=train event=interaction_progress trial=14 partition=0 processed=7100 total=14000 metric=ce epoch=1/1
[pipeline-trace] wall=19:20:31 elapsed=580.178s phase=train event=interaction_progress trial=14 partition=0 processed=7200 total=14000 metric=ce epoch=1/1
[pipeline-trace] wall=19:20:31 elapsed=580.613s phase=train event=interaction_progress trial=14 partition=0 processed=7300 total=14000 metric=ce epoch=1/1
[pipeline-trace] wall=19:20:31 elapsed=582.788s phase=train event=interaction_progress trial=11 partition=0 processed=7700 total=14000 metric=ce epoch=1/1
[pipeline-trace] wall=19:20:31 elapsed=581.010s phase=train event=interaction_progress trial=14 partition=0 processed=7400 total=14000 metric=ce epoch=1/1
[pipeline-trace] wall=19:20:32 elapsed=581.419s phase=train event=interaction_progress trial=14 partition=0 processed=7500 total=14000 metric=ce epoch=1/1
[pipeline-trace] wall=19:20:32 elapsed=581.857s phase=train event=interaction_progress trial=14 partition=0 processed=7600 total=14000 metric=ce epoch=1/1
[pipeline-trace] wall=19:20:33 elapsed=582.289s phase=train event=interaction_progress trial=14 partition=0 processed=7700 total=14000 metric=ce epoch=1/1
[pipeline-trace] wall=19:20:33 elapsed=582.710s phase=train event=interaction_progress trial=14 partition=0 processed=7800 total=14000 metric=ce epoch=1/1
[pipeline-trace] wall=19:20:34 elapsed=583.130s phase=train event=interaction_progress trial=14 partition=0 processed=7900 total=14000 metric=ce epoch=1/1
[pipeline-trace] wall=19:20:34 elapsed=584.971s phase=train event=interaction_progress trial=11 partition=0 processed=7800 total=14000 metric=ce epoch=1/1
[pipeline-trace] wall=19:20:34 elapsed=583.541s phase=train event=interaction_progress trial=14 partition=0 processed=8000 total=14000 metric=ce epoch=1/1
[pipeline-trace] wall=19:20:34 elapsed=583.977s phase=train event=interaction_progress trial=14 partition=0 processed=8100 total=14000 metric=ce epoch=1/1
[pipeline-trace] wall=19:20:35 elapsed=584.405s phase=train event=interaction_progress trial=14 partition=0 processed=8200 total=14000 metric=ce epoch=1/1
[pipeline-trace] wall=19:20:35 elapsed=584.850s phase=train event=interaction_progress trial=14 partition=0 processed=8300 total=14000 metric=ce epoch=1/1
[pipeline-trace] wall=19:20:36 elapsed=585.280s phase=train event=interaction_progress trial=14 partition=0 processed=8400 total=14000 metric=ce epoch=1/1
[pipeline-trace] wall=19:20:36 elapsed=587.143s phase=train event=interaction_progress trial=11 partition=0 processed=7900 total=14000 metric=ce epoch=1/1
[pipeline-trace] wall=19:20:36 elapsed=585.645s phase=train event=interaction_progress trial=14 partition=0 processed=8500 total=14000 metric=ce epoch=1/1
[pipeline-trace] wall=19:20:36 elapsed=586.036s phase=train event=interaction_progress trial=14 partition=0 processed=8600 total=14000 metric=ce epoch=1/1
[pipeline-trace] wall=19:20:37 elapsed=586.367s phase=train event=interaction_progress trial=14 partition=0 processed=8700 total=14000 metric=ce epoch=1/1
[pipeline-trace] wall=19:20:37 elapsed=586.706s phase=train event=interaction_progress trial=14 partition=0 processed=8800 total=14000 metric=ce epoch=1/1
[pipeline-trace] wall=19:20:38 elapsed=587.107s phase=train event=interaction_progress trial=14 partition=0 processed=8900 total=14000 metric=ce epoch=1/1
[pipeline-trace] wall=19:20:38 elapsed=587.526s phase=train event=interaction_progress trial=14 partition=0 processed=9000 total=14000 metric=ce epoch=1/1
[pipeline-trace] wall=19:20:38 elapsed=589.424s phase=train event=interaction_progress trial=11 partition=0 processed=8000 total=14000 metric=ce epoch=1/1
[pipeline-trace] wall=19:20:38 elapsed=587.959s phase=train event=interaction_progress trial=14 partition=0 processed=9100 total=14000 metric=ce epoch=1/1
[pipeline-trace] wall=19:20:39 elapsed=588.385s phase=train event=interaction_progress trial=14 partition=0 processed=9200 total=14000 metric=ce epoch=1/1
[pipeline-trace] wall=19:20:39 elapsed=588.801s phase=train event=interaction_progress trial=14 partition=0 processed=9300 total=14000 metric=ce epoch=1/1
[pipeline-trace] wall=19:20:40 elapsed=589.211s phase=train event=interaction_progress trial=14 partition=0 processed=9400 total=14000 metric=ce epoch=1/1
[pipeline-trace] wall=19:20:40 elapsed=589.612s phase=train event=interaction_progress trial=14 partition=0 processed=9500 total=14000 metric=ce epoch=1/1
[pipeline-trace] wall=19:20:40 elapsed=591.720s phase=train event=interaction_progress trial=11 partition=0 processed=8100 total=14000 metric=ce epoch=1/1
[pipeline-trace] wall=19:20:40 elapsed=590.039s phase=train event=interaction_progress trial=14 partition=0 processed=9600 total=14000 metric=ce epoch=1/1
[pipeline-trace] wall=19:20:41 elapsed=590.451s phase=train event=interaction_progress trial=14 partition=0 processed=9700 total=14000 metric=ce epoch=1/1
[pipeline-trace] wall=19:20:41 elapsed=590.890s phase=train event=interaction_progress trial=14 partition=0 processed=9800 total=14000 metric=ce epoch=1/1
[pipeline-trace] wall=19:20:42 elapsed=591.302s phase=train event=interaction_progress trial=14 partition=0 processed=9900 total=14000 metric=ce epoch=1/1
[pipeline-trace] wall=19:20:42 elapsed=591.738s phase=train event=interaction_progress trial=14 partition=0 processed=10000 total=14000 metric=ce epoch=1/1
[pipeline-trace] wall=19:20:43 elapsed=593.946s phase=train event=interaction_progress trial=11 partition=0 processed=8200 total=14000 metric=ce epoch=1/1
[pipeline-trace] wall=19:20:43 elapsed=592.168s phase=train event=interaction_progress trial=14 partition=0 processed=10100 total=14000 metric=ce epoch=1/1
[pipeline-trace] wall=19:20:43 elapsed=592.597s phase=train event=interaction_progress trial=14 partition=0 processed=10200 total=14000 metric=ce epoch=1/1
[pipeline-trace] wall=19:20:43 elapsed=592.995s phase=train event=interaction_progress trial=14 partition=0 processed=10300 total=14000 metric=ce epoch=1/1
[pipeline-trace] wall=19:20:44 elapsed=593.387s phase=train event=interaction_progress trial=14 partition=0 processed=10400 total=14000 metric=ce epoch=1/1
[pipeline-trace] wall=19:20:44 elapsed=593.808s phase=train event=interaction_progress trial=14 partition=0 processed=10500 total=14000 metric=ce epoch=1/1
[pipeline-trace] wall=19:20:45 elapsed=594.193s phase=train event=interaction_progress trial=14 partition=0 processed=10600 total=14000 metric=ce epoch=1/1
[pipeline-trace] wall=19:20:45 elapsed=596.195s phase=train event=interaction_progress trial=11 partition=0 processed=8300 total=14000 metric=ce epoch=1/1
[pipeline-trace] wall=19:20:45 elapsed=594.609s phase=train event=interaction_progress trial=14 partition=0 processed=10700 total=14000 metric=ce epoch=1/1
[pipeline-trace] wall=19:20:45 elapsed=594.999s phase=train event=interaction_progress trial=14 partition=0 processed=10800 total=14000 metric=ce epoch=1/1
[pipeline-trace] wall=19:20:46 elapsed=595.403s phase=train event=interaction_progress trial=14 partition=0 processed=10900 total=14000 metric=ce epoch=1/1
[pipeline-trace] wall=19:20:46 elapsed=595.866s phase=train event=interaction_progress trial=14 partition=0 processed=11000 total=14000 metric=ce epoch=1/1
[pipeline-trace] wall=19:20:47 elapsed=596.314s phase=train event=interaction_progress trial=14 partition=0 processed=11100 total=14000 metric=ce epoch=1/1
[pipeline-trace] wall=19:20:47 elapsed=598.479s phase=train event=interaction_progress trial=11 partition=0 processed=8400 total=14000 metric=ce epoch=1/1
[pipeline-trace] wall=19:20:47 elapsed=596.700s phase=train event=interaction_progress trial=14 partition=0 processed=11200 total=14000 metric=ce epoch=1/1
[pipeline-trace] wall=19:20:48 elapsed=597.148s phase=train event=interaction_progress trial=14 partition=0 processed=11300 total=14000 metric=ce epoch=1/1
[pipeline-trace] wall=19:20:48 elapsed=597.559s phase=train event=interaction_progress trial=14 partition=0 processed=11400 total=14000 metric=ce epoch=1/1
[pipeline-trace] wall=19:20:48 elapsed=598.017s phase=train event=interaction_progress trial=14 partition=0 processed=11500 total=14000 metric=ce epoch=1/1
[pipeline-trace] wall=19:20:49 elapsed=598.497s phase=train event=interaction_progress trial=14 partition=0 processed=11600 total=14000 metric=ce epoch=1/1
[pipeline-trace] wall=19:20:49 elapsed=600.750s phase=train event=interaction_progress trial=11 partition=0 processed=8500 total=14000 metric=ce epoch=1/1
[pipeline-trace] wall=19:20:49 elapsed=598.951s phase=train event=interaction_progress trial=14 partition=0 processed=11700 total=14000 metric=ce epoch=1/1
[pipeline-trace] wall=19:20:50 elapsed=599.378s phase=train event=interaction_progress trial=14 partition=0 processed=11800 total=14000 metric=ce epoch=1/1
[pipeline-trace] wall=19:20:50 elapsed=599.904s phase=train event=interaction_progress trial=14 partition=0 processed=11900 total=14000 metric=ce epoch=1/1
[pipeline-trace] wall=19:20:51 elapsed=600.417s phase=train event=interaction_progress trial=14 partition=0 processed=12000 total=14000 metric=ce epoch=1/1
[pipeline-trace] wall=19:20:51 elapsed=600.799s phase=train event=interaction_progress trial=14 partition=0 processed=12100 total=14000 metric=ce epoch=1/1
[pipeline-trace] wall=19:20:52 elapsed=603.031s phase=train event=interaction_progress trial=11 partition=0 processed=8600 total=14000 metric=ce epoch=1/1
[pipeline-trace] wall=19:20:52 elapsed=601.238s phase=train event=interaction_progress trial=14 partition=0 processed=12200 total=14000 metric=ce epoch=1/1
[pipeline-trace] wall=19:20:52 elapsed=601.664s phase=train event=interaction_progress trial=14 partition=0 processed=12300 total=14000 metric=ce epoch=1/1
[pipeline-trace] wall=19:20:52 elapsed=602.065s phase=train event=interaction_progress trial=14 partition=0 processed=12400 total=14000 metric=ce epoch=1/1
[pipeline-trace] wall=19:20:53 elapsed=602.457s phase=train event=interaction_progress trial=14 partition=0 processed=12500 total=14000 metric=ce epoch=1/1
[pipeline-trace] wall=19:20:53 elapsed=602.908s phase=train event=interaction_progress trial=14 partition=0 processed=12600 total=14000 metric=ce epoch=1/1
[pipeline-trace] wall=19:20:54 elapsed=603.332s phase=train event=interaction_progress trial=14 partition=0 processed=12700 total=14000 metric=ce epoch=1/1
[pipeline-trace] wall=19:20:54 elapsed=605.238s phase=train event=interaction_progress trial=11 partition=0 processed=8700 total=14000 metric=ce epoch=1/1
[pipeline-trace] wall=19:20:54 elapsed=603.760s phase=train event=interaction_progress trial=14 partition=0 processed=12800 total=14000 metric=ce epoch=1/1
[pipeline-trace] wall=19:20:55 elapsed=604.184s phase=train event=interaction_progress trial=14 partition=0 processed=12900 total=14000 metric=ce epoch=1/1
[pipeline-trace] wall=19:20:55 elapsed=604.593s phase=train event=interaction_progress trial=14 partition=0 processed=13000 total=14000 metric=ce epoch=1/1
[pipeline-trace] wall=19:20:55 elapsed=605.003s phase=train event=interaction_progress trial=14 partition=0 processed=13100 total=14000 metric=ce epoch=1/1
[pipeline-trace] wall=19:20:56 elapsed=605.429s phase=train event=interaction_progress trial=14 partition=0 processed=13200 total=14000 metric=ce epoch=1/1
[pipeline-trace] wall=19:20:56 elapsed=607.351s phase=train event=interaction_progress trial=11 partition=0 processed=8800 total=14000 metric=ce epoch=1/1
[pipeline-trace] wall=19:20:56 elapsed=605.867s phase=train event=interaction_progress trial=14 partition=0 processed=13300 total=14000 metric=ce epoch=1/1
[pipeline-trace] wall=19:20:57 elapsed=606.340s phase=train event=interaction_progress trial=14 partition=0 processed=13400 total=14000 metric=ce epoch=1/1
[pipeline-trace] wall=19:20:57 elapsed=606.697s phase=train event=interaction_progress trial=14 partition=0 processed=13500 total=14000 metric=ce epoch=1/1
[pipeline-trace] wall=19:20:58 elapsed=607.115s phase=train event=interaction_progress trial=14 partition=0 processed=13600 total=14000 metric=ce epoch=1/1
[pipeline-trace] wall=19:20:58 elapsed=607.514s phase=train event=interaction_progress trial=14 partition=0 processed=13700 total=14000 metric=ce epoch=1/1
[pipeline-trace] wall=19:20:58 elapsed=609.474s phase=train event=interaction_progress trial=11 partition=0 processed=8900 total=14000 metric=ce epoch=1/1
[pipeline-trace] wall=19:20:58 elapsed=607.911s phase=train event=interaction_progress trial=14 partition=0 processed=13800 total=14000 metric=ce epoch=1/1
[pipeline-trace] wall=19:20:59 elapsed=608.323s phase=train event=interaction_progress trial=14 partition=0 processed=13900 total=14000 metric=ce epoch=1/1
[pipeline-trace] wall=19:20:59 elapsed=608.775s phase=train event=interaction_progress trial=14 partition=0 processed=14000 total=14000 metric=ce epoch=1/1
[pipeline-trace] wall=19:21:00 elapsed=611.636s phase=train event=interaction_progress trial=11 partition=0 processed=9000 total=14000 metric=ce epoch=1/1
[pipeline-trace] wall=19:21:00 elapsed=609.840s phase=eval event=batch_start trial=14 partitions=[1] synthetic=False
[pipeline-trace] wall=19:21:00 elapsed=609.841s phase=eval event=partition_start trial=14 partition=1 interactions=1999
[pipeline-trace] wall=19:21:00 elapsed=609.841s phase=eval event=interaction_progress trial=14 partition=1 processed=1 total=1999 metric=ranking
[pipeline-trace] wall=19:21:01 elapsed=610.261s phase=eval event=interaction_progress trial=14 partition=1 processed=100 total=1999 metric=ranking
[pipeline-trace] wall=19:21:01 elapsed=610.682s phase=eval event=interaction_progress trial=14 partition=1 processed=200 total=1999 metric=ranking
[pipeline-trace] wall=19:21:02 elapsed=611.082s phase=eval event=interaction_progress trial=14 partition=1 processed=300 total=1999 metric=ranking
[pipeline-trace] wall=19:21:02 elapsed=611.452s phase=eval event=interaction_progress trial=14 partition=1 processed=400 total=1999 metric=ranking
[pipeline-trace] wall=19:21:02 elapsed=611.772s phase=eval event=interaction_progress trial=14 partition=1 processed=500 total=1999 metric=ranking
[pipeline-trace] wall=19:21:02 elapsed=613.823s phase=train event=interaction_progress trial=11 partition=0 processed=9100 total=14000 metric=ce epoch=1/1
[pipeline-trace] wall=19:21:03 elapsed=612.089s phase=eval event=interaction_progress trial=14 partition=1 processed=600 total=1999 metric=ranking
[pipeline-trace] wall=19:21:03 elapsed=612.389s phase=eval event=interaction_progress trial=14 partition=1 processed=700 total=1999 metric=ranking
[pipeline-trace] wall=19:21:03 elapsed=612.769s phase=eval event=interaction_progress trial=14 partition=1 processed=800 total=1999 metric=ranking
[pipeline-trace] wall=19:21:04 elapsed=613.099s phase=eval event=interaction_progress trial=14 partition=1 processed=900 total=1999 metric=ranking
[pipeline-trace] wall=19:21:04 elapsed=613.407s phase=eval event=interaction_progress trial=14 partition=1 processed=1000 total=1999 metric=ranking
[pipeline-trace] wall=19:21:04 elapsed=613.725s phase=eval event=interaction_progress trial=14 partition=1 processed=1100 total=1999 metric=ranking
[pipeline-trace] wall=19:21:04 elapsed=614.032s phase=eval event=interaction_progress trial=14 partition=1 processed=1200 total=1999 metric=ranking
[pipeline-trace] wall=19:21:05 elapsed=616.027s phase=train event=interaction_progress trial=11 partition=0 processed=9200 total=14000 metric=ce epoch=1/1
[pipeline-trace] wall=19:21:05 elapsed=614.332s phase=eval event=interaction_progress trial=14 partition=1 processed=1300 total=1999 metric=ranking
[pipeline-trace] wall=19:21:05 elapsed=614.636s phase=eval event=interaction_progress trial=14 partition=1 processed=1400 total=1999 metric=ranking
[pipeline-trace] wall=19:21:06 elapsed=615.083s phase=eval event=interaction_progress trial=14 partition=1 processed=1500 total=1999 metric=ranking
[pipeline-trace] wall=19:21:06 elapsed=615.431s phase=eval event=interaction_progress trial=14 partition=1 processed=1600 total=1999 metric=ranking
[pipeline-trace] wall=19:21:06 elapsed=615.711s phase=eval event=interaction_progress trial=14 partition=1 processed=1700 total=1999 metric=ranking
[pipeline-trace] wall=19:21:06 elapsed=615.918s phase=eval event=interaction_progress trial=14 partition=1 processed=1800 total=1999 metric=ranking
[pipeline-trace] wall=19:21:07 elapsed=616.148s phase=eval event=interaction_progress trial=14 partition=1 processed=1900 total=1999 metric=ranking
[pipeline-trace] wall=19:21:07 elapsed=616.355s phase=eval event=interaction_progress trial=14 partition=1 processed=1999 total=1999 metric=ranking
[pipeline-trace] wall=19:21:07 elapsed=616.358s phase=eval event=partition_complete trial=14 partition=1 elapsed_sec=6.518 hits=1819 total=1999
[pipeline-trace] wall=19:21:07 elapsed=618.263s phase=train event=interaction_progress trial=11 partition=0 processed=9300 total=14000 metric=ce epoch=1/1
[pipeline-trace] wall=19:21:07 elapsed=616.484s phase=train event=interaction_progress trial=15 partition=0 processed=1 total=14000 metric=ce epoch=1/1
[pipeline-trace] wall=19:21:07 elapsed=616.872s phase=train event=interaction_progress trial=15 partition=0 processed=100 total=14000 metric=ce epoch=1/1
[pipeline-trace] wall=19:21:08 elapsed=617.287s phase=train event=interaction_progress trial=15 partition=0 processed=200 total=14000 metric=ce epoch=1/1
[pipeline-trace] wall=19:21:08 elapsed=617.654s phase=train event=interaction_progress trial=15 partition=0 processed=300 total=14000 metric=ce epoch=1/1
[pipeline-trace] wall=19:21:08 elapsed=617.981s phase=train event=interaction_progress trial=15 partition=0 processed=400 total=14000 metric=ce epoch=1/1
[pipeline-trace] wall=19:21:09 elapsed=618.278s phase=train event=interaction_progress trial=15 partition=0 processed=500 total=14000 metric=ce epoch=1/1
[pipeline-trace] wall=19:21:09 elapsed=618.601s phase=train event=interaction_progress trial=15 partition=0 processed=600 total=14000 metric=ce epoch=1/1
[pipeline-trace] wall=19:21:09 elapsed=620.527s phase=train event=interaction_progress trial=11 partition=0 processed=9400 total=14000 metric=ce epoch=1/1
[pipeline-trace] wall=19:21:09 elapsed=618.931s phase=train event=interaction_progress trial=15 partition=0 processed=700 total=14000 metric=ce epoch=1/1
[pipeline-trace] wall=19:21:10 elapsed=619.309s phase=train event=interaction_progress trial=15 partition=0 processed=800 total=14000 metric=ce epoch=1/1
[pipeline-trace] wall=19:21:10 elapsed=619.646s phase=train event=interaction_progress trial=15 partition=0 processed=900 total=14000 metric=ce epoch=1/1
[pipeline-trace] wall=19:21:10 elapsed=619.941s phase=train event=interaction_progress trial=15 partition=0 processed=1000 total=14000 metric=ce epoch=1/1
[pipeline-trace] wall=19:21:11 elapsed=620.271s phase=train event=interaction_progress trial=15 partition=0 processed=1100 total=14000 metric=ce epoch=1/1
[pipeline-trace] wall=19:21:11 elapsed=620.633s phase=train event=interaction_progress trial=15 partition=0 processed=1200 total=14000 metric=ce epoch=1/1
[pipeline-trace] wall=19:21:11 elapsed=622.736s phase=train event=interaction_progress trial=11 partition=0 processed=9500 total=14000 metric=ce epoch=1/1
[pipeline-trace] wall=19:21:11 elapsed=621.048s phase=train event=interaction_progress trial=15 partition=0 processed=1300 total=14000 metric=ce epoch=1/1
[pipeline-trace] wall=19:21:12 elapsed=621.455s phase=train event=interaction_progress trial=15 partition=0 processed=1400 total=14000 metric=ce epoch=1/1
[pipeline-trace] wall=19:21:12 elapsed=621.863s phase=train event=interaction_progress trial=15 partition=0 processed=1500 total=14000 metric=ce epoch=1/1
[pipeline-trace] wall=19:21:13 elapsed=622.296s phase=train event=interaction_progress trial=15 partition=0 processed=1600 total=14000 metric=ce epoch=1/1
[pipeline-trace] wall=19:21:13 elapsed=622.723s phase=train event=interaction_progress trial=15 partition=0 processed=1700 total=14000 metric=ce epoch=1/1
[pipeline-trace] wall=19:21:14 elapsed=624.936s phase=train event=interaction_progress trial=11 partition=0 processed=9600 total=14000 metric=ce epoch=1/1
[pipeline-trace] wall=19:21:14 elapsed=623.149s phase=train event=interaction_progress trial=15 partition=0 processed=1800 total=14000 metric=ce epoch=1/1
[pipeline-trace] wall=19:21:14 elapsed=623.585s phase=train event=interaction_progress trial=15 partition=0 processed=1900 total=14000 metric=ce epoch=1/1
[pipeline-trace] wall=19:21:14 elapsed=623.986s phase=train event=interaction_progress trial=15 partition=0 processed=2000 total=14000 metric=ce epoch=1/1
[pipeline-trace] wall=19:21:15 elapsed=624.380s phase=train event=interaction_progress trial=15 partition=0 processed=2100 total=14000 metric=ce epoch=1/1
[pipeline-trace] wall=19:21:15 elapsed=624.750s phase=train event=interaction_progress trial=15 partition=0 processed=2200 total=14000 metric=ce epoch=1/1
[pipeline-trace] wall=19:21:16 elapsed=625.093s phase=train event=interaction_progress trial=15 partition=0 processed=2300 total=14000 metric=ce epoch=1/1
[pipeline-trace] wall=19:21:16 elapsed=627.235s phase=train event=interaction_progress trial=11 partition=0 processed=9700 total=14000 metric=ce epoch=1/1
[pipeline-trace] wall=19:21:16 elapsed=625.471s phase=train event=interaction_progress trial=15 partition=0 processed=2400 total=14000 metric=ce epoch=1/1
[pipeline-trace] wall=19:21:16 elapsed=625.877s phase=train event=interaction_progress trial=15 partition=0 processed=2500 total=14000 metric=ce epoch=1/1
[pipeline-trace] wall=19:21:17 elapsed=626.248s phase=train event=interaction_progress trial=15 partition=0 processed=2600 total=14000 metric=ce epoch=1/1
[pipeline-trace] wall=19:21:17 elapsed=626.612s phase=train event=interaction_progress trial=15 partition=0 processed=2700 total=14000 metric=ce epoch=1/1
[pipeline-trace] wall=19:21:17 elapsed=627.018s phase=train event=interaction_progress trial=15 partition=0 processed=2800 total=14000 metric=ce epoch=1/1
[pipeline-trace] wall=19:21:18 elapsed=627.429s phase=train event=interaction_progress trial=15 partition=0 processed=2900 total=14000 metric=ce epoch=1/1
[pipeline-trace] wall=19:21:18 elapsed=629.402s phase=train event=interaction_progress trial=11 partition=0 processed=9800 total=14000 metric=ce epoch=1/1
[pipeline-trace] wall=19:21:18 elapsed=627.837s phase=train event=interaction_progress trial=15 partition=0 processed=3000 total=14000 metric=ce epoch=1/1
[pipeline-trace] wall=19:21:19 elapsed=628.258s phase=train event=interaction_progress trial=15 partition=0 processed=3100 total=14000 metric=ce epoch=1/1
[pipeline-trace] wall=19:21:19 elapsed=628.662s phase=train event=interaction_progress trial=15 partition=0 processed=3200 total=14000 metric=ce epoch=1/1
[pipeline-trace] wall=19:21:20 elapsed=629.083s phase=train event=interaction_progress trial=15 partition=0 processed=3300 total=14000 metric=ce epoch=1/1
[pipeline-trace] wall=19:21:20 elapsed=629.497s phase=train event=interaction_progress trial=15 partition=0 processed=3400 total=14000 metric=ce epoch=1/1
[pipeline-trace] wall=19:21:20 elapsed=631.628s phase=train event=interaction_progress trial=11 partition=0 processed=9900 total=14000 metric=ce epoch=1/1
[pipeline-trace] wall=19:21:20 elapsed=629.916s phase=train event=interaction_progress trial=15 partition=0 processed=3500 total=14000 metric=ce epoch=1/1
[pipeline-trace] wall=19:21:21 elapsed=630.337s phase=train event=interaction_progress trial=15 partition=0 processed=3600 total=14000 metric=ce epoch=1/1
[pipeline-trace] wall=19:21:21 elapsed=630.751s phase=train event=interaction_progress trial=15 partition=0 processed=3700 total=14000 metric=ce epoch=1/1
[pipeline-trace] wall=19:21:22 elapsed=631.167s phase=train event=interaction_progress trial=15 partition=0 processed=3800 total=14000 metric=ce epoch=1/1
[pipeline-trace] wall=19:21:22 elapsed=631.601s phase=train event=interaction_progress trial=15 partition=0 processed=3900 total=14000 metric=ce epoch=1/1
[pipeline-trace] wall=19:21:22 elapsed=633.806s phase=train event=interaction_progress trial=11 partition=0 processed=10000 total=14000 metric=ce epoch=1/1
[pipeline-trace] wall=19:21:22 elapsed=632.016s phase=train event=interaction_progress trial=15 partition=0 processed=4000 total=14000 metric=ce epoch=1/1
[pipeline-trace] wall=19:21:23 elapsed=632.428s phase=train event=interaction_progress trial=15 partition=0 processed=4100 total=14000 metric=ce epoch=1/1
[pipeline-trace] wall=19:21:23 elapsed=632.831s phase=train event=interaction_progress trial=15 partition=0 processed=4200 total=14000 metric=ce epoch=1/1
[pipeline-trace] wall=19:21:24 elapsed=633.253s phase=train event=interaction_progress trial=15 partition=0 processed=4300 total=14000 metric=ce epoch=1/1
[pipeline-trace] wall=19:21:24 elapsed=633.678s phase=train event=interaction_progress trial=15 partition=0 processed=4400 total=14000 metric=ce epoch=1/1
[pipeline-trace] wall=19:21:25 elapsed=635.928s phase=train event=interaction_progress trial=11 partition=0 processed=10100 total=14000 metric=ce epoch=1/1
[pipeline-trace] wall=19:21:25 elapsed=634.097s phase=train event=interaction_progress trial=15 partition=0 processed=4500 total=14000 metric=ce epoch=1/1
[pipeline-trace] wall=19:21:25 elapsed=634.521s phase=train event=interaction_progress trial=15 partition=0 processed=4600 total=14000 metric=ce epoch=1/1
[pipeline-trace] wall=19:21:25 elapsed=634.954s phase=train event=interaction_progress trial=15 partition=0 processed=4700 total=14000 metric=ce epoch=1/1
[pipeline-trace] wall=19:21:26 elapsed=635.376s phase=train event=interaction_progress trial=15 partition=0 processed=4800 total=14000 metric=ce epoch=1/1
[pipeline-trace] wall=19:21:26 elapsed=635.800s phase=train event=interaction_progress trial=15 partition=0 processed=4900 total=14000 metric=ce epoch=1/1
[pipeline-trace] wall=19:21:27 elapsed=636.222s phase=train event=interaction_progress trial=15 partition=0 processed=5000 total=14000 metric=ce epoch=1/1
[pipeline-trace] wall=19:21:27 elapsed=638.266s phase=train event=interaction_progress trial=11 partition=0 processed=10200 total=14000 metric=ce epoch=1/1
[pipeline-trace] wall=19:21:27 elapsed=636.644s phase=train event=interaction_progress trial=15 partition=0 processed=5100 total=14000 metric=ce epoch=1/1
[pipeline-trace] wall=19:21:27 elapsed=637.060s phase=train event=interaction_progress trial=15 partition=0 processed=5200 total=14000 metric=ce epoch=1/1
[pipeline-trace] wall=19:21:28 elapsed=637.476s phase=train event=interaction_progress trial=15 partition=0 processed=5300 total=14000 metric=ce epoch=1/1
[pipeline-trace] wall=19:21:28 elapsed=637.898s phase=train event=interaction_progress trial=15 partition=0 processed=5400 total=14000 metric=ce epoch=1/1
[pipeline-trace] wall=19:21:29 elapsed=638.324s phase=train event=interaction_progress trial=15 partition=0 processed=5500 total=14000 metric=ce epoch=1/1
[pipeline-trace] wall=19:21:29 elapsed=640.385s phase=train event=interaction_progress trial=11 partition=0 processed=10300 total=14000 metric=ce epoch=1/1
[pipeline-trace] wall=19:21:29 elapsed=638.727s phase=train event=interaction_progress trial=15 partition=0 processed=5600 total=14000 metric=ce epoch=1/1
[pipeline-trace] wall=19:21:30 elapsed=639.139s phase=train event=interaction_progress trial=15 partition=0 processed=5700 total=14000 metric=ce epoch=1/1
[pipeline-trace] wall=19:21:30 elapsed=639.475s phase=train event=interaction_progress trial=15 partition=0 processed=5800 total=14000 metric=ce epoch=1/1
[pipeline-trace] wall=19:21:30 elapsed=639.808s phase=train event=interaction_progress trial=15 partition=0 processed=5900 total=14000 metric=ce epoch=1/1
[pipeline-trace] wall=19:21:31 elapsed=640.202s phase=train event=interaction_progress trial=15 partition=0 processed=6000 total=14000 metric=ce epoch=1/1
[pipeline-trace] wall=19:21:31 elapsed=640.606s phase=train event=interaction_progress trial=15 partition=0 processed=6100 total=14000 metric=ce epoch=1/1
[pipeline-trace] wall=19:21:31 elapsed=642.635s phase=train event=interaction_progress trial=11 partition=0 processed=10400 total=14000 metric=ce epoch=1/1
[pipeline-trace] wall=19:21:31 elapsed=640.998s phase=train event=interaction_progress trial=15 partition=0 processed=6200 total=14000 metric=ce epoch=1/1
[pipeline-trace] wall=19:21:32 elapsed=641.386s phase=train event=interaction_progress trial=15 partition=0 processed=6300 total=14000 metric=ce epoch=1/1
[pipeline-trace] wall=19:21:32 elapsed=641.815s phase=train event=interaction_progress trial=15 partition=0 processed=6400 total=14000 metric=ce epoch=1/1
[pipeline-trace] wall=19:21:33 elapsed=642.225s phase=train event=interaction_progress trial=15 partition=0 processed=6500 total=14000 metric=ce epoch=1/1
[pipeline-trace] wall=19:21:33 elapsed=642.622s phase=train event=interaction_progress trial=15 partition=0 processed=6600 total=14000 metric=ce epoch=1/1
[pipeline-trace] wall=19:21:33 elapsed=643.019s phase=train event=interaction_progress trial=15 partition=0 processed=6700 total=14000 metric=ce epoch=1/1
[pipeline-trace] wall=19:21:33 elapsed=644.863s phase=train event=interaction_progress trial=11 partition=0 processed=10500 total=14000 metric=ce epoch=1/1
[pipeline-trace] wall=19:21:34 elapsed=643.423s phase=train event=interaction_progress trial=15 partition=0 processed=6800 total=14000 metric=ce epoch=1/1
[pipeline-trace] wall=19:21:34 elapsed=643.846s phase=train event=interaction_progress trial=15 partition=0 processed=6900 total=14000 metric=ce epoch=1/1
[pipeline-trace] wall=19:21:35 elapsed=644.268s phase=train event=interaction_progress trial=15 partition=0 processed=7000 total=14000 metric=ce epoch=1/1
[pipeline-trace] wall=19:21:35 elapsed=644.681s phase=train event=interaction_progress trial=15 partition=0 processed=7100 total=14000 metric=ce epoch=1/1
[pipeline-trace] wall=19:21:36 elapsed=645.090s phase=train event=interaction_progress trial=15 partition=0 processed=7200 total=14000 metric=ce epoch=1/1
[pipeline-trace] wall=19:21:36 elapsed=647.066s phase=train event=interaction_progress trial=11 partition=0 processed=10600 total=14000 metric=ce epoch=1/1
[pipeline-trace] wall=19:21:36 elapsed=645.459s phase=train event=interaction_progress trial=15 partition=0 processed=7300 total=14000 metric=ce epoch=1/1
[pipeline-trace] wall=19:21:36 elapsed=645.837s phase=train event=interaction_progress trial=15 partition=0 processed=7400 total=14000 metric=ce epoch=1/1
[pipeline-trace] wall=19:21:37 elapsed=646.236s phase=train event=interaction_progress trial=15 partition=0 processed=7500 total=14000 metric=ce epoch=1/1
[pipeline-trace] wall=19:21:37 elapsed=646.615s phase=train event=interaction_progress trial=15 partition=0 processed=7600 total=14000 metric=ce epoch=1/1
[pipeline-trace] wall=19:21:37 elapsed=646.966s phase=train event=interaction_progress trial=15 partition=0 processed=7700 total=14000 metric=ce epoch=1/1
[pipeline-trace] wall=19:21:38 elapsed=647.347s phase=train event=interaction_progress trial=15 partition=0 processed=7800 total=14000 metric=ce epoch=1/1
[pipeline-trace] wall=19:21:38 elapsed=649.357s phase=train event=interaction_progress trial=11 partition=0 processed=10700 total=14000 metric=ce epoch=1/1
[pipeline-trace] wall=19:21:38 elapsed=647.722s phase=train event=interaction_progress trial=15 partition=0 processed=7900 total=14000 metric=ce epoch=1/1
[pipeline-trace] wall=19:21:38 elapsed=648.074s phase=train event=interaction_progress trial=15 partition=0 processed=8000 total=14000 metric=ce epoch=1/1
[pipeline-trace] wall=19:21:39 elapsed=648.436s phase=train event=interaction_progress trial=15 partition=0 processed=8100 total=14000 metric=ce epoch=1/1
[pipeline-trace] wall=19:21:39 elapsed=648.793s phase=train event=interaction_progress trial=15 partition=0 processed=8200 total=14000 metric=ce epoch=1/1
[pipeline-trace] wall=19:21:40 elapsed=649.183s phase=train event=interaction_progress trial=15 partition=0 processed=8300 total=14000 metric=ce epoch=1/1
[pipeline-trace] wall=19:21:40 elapsed=649.571s phase=train event=interaction_progress trial=15 partition=0 processed=8400 total=14000 metric=ce epoch=1/1
[pipeline-trace] wall=19:21:40 elapsed=651.541s phase=train event=interaction_progress trial=11 partition=0 processed=10800 total=14000 metric=ce epoch=1/1
[pipeline-trace] wall=19:21:40 elapsed=650.008s phase=train event=interaction_progress trial=15 partition=0 processed=8500 total=14000 metric=ce epoch=1/1
[pipeline-trace] wall=19:21:41 elapsed=650.433s phase=train event=interaction_progress trial=15 partition=0 processed=8600 total=14000 metric=ce epoch=1/1
[pipeline-trace] wall=19:21:41 elapsed=650.837s phase=train event=interaction_progress trial=15 partition=0 processed=8700 total=14000 metric=ce epoch=1/1
[pipeline-trace] wall=19:21:42 elapsed=651.206s phase=train event=interaction_progress trial=15 partition=0 processed=8800 total=14000 metric=ce epoch=1/1
[pipeline-trace] wall=19:21:42 elapsed=651.604s phase=train event=interaction_progress trial=15 partition=0 processed=8900 total=14000 metric=ce epoch=1/1
[pipeline-trace] wall=19:21:42 elapsed=651.965s phase=train event=interaction_progress trial=15 partition=0 processed=9000 total=14000 metric=ce epoch=1/1
[pipeline-trace] wall=19:21:42 elapsed=653.821s phase=train event=interaction_progress trial=11 partition=0 processed=10900 total=14000 metric=ce epoch=1/1
[pipeline-trace] wall=19:21:43 elapsed=652.341s phase=train event=interaction_progress trial=15 partition=0 processed=9100 total=14000 metric=ce epoch=1/1
[pipeline-trace] wall=19:21:43 elapsed=652.759s phase=train event=interaction_progress trial=15 partition=0 processed=9200 total=14000 metric=ce epoch=1/1
[pipeline-trace] wall=19:21:44 elapsed=653.189s phase=train event=interaction_progress trial=15 partition=0 processed=9300 total=14000 metric=ce epoch=1/1
[pipeline-trace] wall=19:21:44 elapsed=653.570s phase=train event=interaction_progress trial=15 partition=0 processed=9400 total=14000 metric=ce epoch=1/1
[pipeline-trace] wall=19:21:44 elapsed=653.937s phase=train event=interaction_progress trial=15 partition=0 processed=9500 total=14000 metric=ce epoch=1/1
[pipeline-trace] wall=19:21:45 elapsed=656.057s phase=train event=interaction_progress trial=11 partition=0 processed=11000 total=14000 metric=ce epoch=1/1
[pipeline-trace] wall=19:21:45 elapsed=654.341s phase=train event=interaction_progress trial=15 partition=0 processed=9600 total=14000 metric=ce epoch=1/1
[pipeline-trace] wall=19:21:45 elapsed=654.762s phase=train event=interaction_progress trial=15 partition=0 processed=9700 total=14000 metric=ce epoch=1/1
[pipeline-trace] wall=19:21:46 elapsed=655.151s phase=train event=interaction_progress trial=15 partition=0 processed=9800 total=14000 metric=ce epoch=1/1
[pipeline-trace] wall=19:21:46 elapsed=655.534s phase=train event=interaction_progress trial=15 partition=0 processed=9900 total=14000 metric=ce epoch=1/1
[pipeline-trace] wall=19:21:46 elapsed=655.946s phase=train event=interaction_progress trial=15 partition=0 processed=10000 total=14000 metric=ce epoch=1/1
[pipeline-trace] wall=19:21:47 elapsed=656.330s phase=train event=interaction_progress trial=15 partition=0 processed=10100 total=14000 metric=ce epoch=1/1
[pipeline-trace] wall=19:21:47 elapsed=658.222s phase=train event=interaction_progress trial=11 partition=0 processed=11100 total=14000 metric=ce epoch=1/1
[pipeline-trace] wall=19:21:47 elapsed=656.737s phase=train event=interaction_progress trial=15 partition=0 processed=10200 total=14000 metric=ce epoch=1/1
[pipeline-trace] wall=19:21:48 elapsed=657.127s phase=train event=interaction_progress trial=15 partition=0 processed=10300 total=14000 metric=ce epoch=1/1
[pipeline-trace] wall=19:21:48 elapsed=657.503s phase=train event=interaction_progress trial=15 partition=0 processed=10400 total=14000 metric=ce epoch=1/1
[pipeline-trace] wall=19:21:48 elapsed=657.898s phase=train event=interaction_progress trial=15 partition=0 processed=10500 total=14000 metric=ce epoch=1/1
[pipeline-trace] wall=19:21:49 elapsed=658.232s phase=train event=interaction_progress trial=15 partition=0 processed=10600 total=14000 metric=ce epoch=1/1
[pipeline-trace] wall=19:21:49 elapsed=658.598s phase=train event=interaction_progress trial=15 partition=0 processed=10700 total=14000 metric=ce epoch=1/1
[pipeline-trace] wall=19:21:49 elapsed=660.440s phase=train event=interaction_progress trial=11 partition=0 processed=11200 total=14000 metric=ce epoch=1/1
[pipeline-trace] wall=19:21:49 elapsed=658.912s phase=train event=interaction_progress trial=15 partition=0 processed=10800 total=14000 metric=ce epoch=1/1
[pipeline-trace] wall=19:21:50 elapsed=659.219s phase=train event=interaction_progress trial=15 partition=0 processed=10900 total=14000 metric=ce epoch=1/1
[pipeline-trace] wall=19:21:50 elapsed=659.585s phase=train event=interaction_progress trial=15 partition=0 processed=11000 total=14000 metric=ce epoch=1/1
[pipeline-trace] wall=19:21:51 elapsed=660.573s phase=train event=interaction_progress trial=15 partition=0 processed=11100 total=14000 metric=ce epoch=1/1
[pipeline-trace] wall=19:21:52 elapsed=661.141s phase=train event=interaction_progress trial=15 partition=0 processed=11200 total=14000 metric=ce epoch=1/1
[pipeline-trace] wall=19:21:55 elapsed=666.556s phase=train event=interaction_progress trial=11 partition=0 processed=11300 total=14000 metric=ce epoch=1/1
[pipeline-trace] wall=19:21:56 elapsed=665.806s phase=train event=interaction_progress trial=15 partition=0 processed=11300 total=14000 metric=ce epoch=1/1
[pipeline-trace] wall=19:21:57 elapsed=666.340s phase=train event=interaction_progress trial=15 partition=0 processed=11400 total=14000 metric=ce epoch=1/1
[pipeline-trace] wall=19:21:57 elapsed=666.837s phase=train event=interaction_progress trial=15 partition=0 processed=11500 total=14000 metric=ce epoch=1/1
[pipeline-trace] wall=19:21:58 elapsed=667.221s phase=train event=interaction_progress trial=15 partition=0 processed=11600 total=14000 metric=ce epoch=1/1
[pipeline-trace] wall=19:21:58 elapsed=669.268s phase=train event=interaction_progress trial=11 partition=0 processed=11400 total=14000 metric=ce epoch=1/1
[pipeline-trace] wall=19:21:58 elapsed=667.560s phase=train event=interaction_progress trial=15 partition=0 processed=11700 total=14000 metric=ce epoch=1/1
[pipeline-trace] wall=19:21:58 elapsed=667.955s phase=train event=interaction_progress trial=15 partition=0 processed=11800 total=14000 metric=ce epoch=1/1
[pipeline-trace] wall=19:21:59 elapsed=668.357s phase=train event=interaction_progress trial=15 partition=0 processed=11900 total=14000 metric=ce epoch=1/1
[pipeline-trace] wall=19:21:59 elapsed=668.713s phase=train event=interaction_progress trial=15 partition=0 processed=12000 total=14000 metric=ce epoch=1/1
[pipeline-trace] wall=19:22:00 elapsed=669.084s phase=train event=interaction_progress trial=15 partition=0 processed=12100 total=14000 metric=ce epoch=1/1
[pipeline-trace] wall=19:22:00 elapsed=669.447s phase=train event=interaction_progress trial=15 partition=0 processed=12200 total=14000 metric=ce epoch=1/1
[pipeline-trace] wall=19:22:00 elapsed=671.536s phase=train event=interaction_progress trial=11 partition=0 processed=11500 total=14000 metric=ce epoch=1/1
[pipeline-trace] wall=19:22:00 elapsed=669.874s phase=train event=interaction_progress trial=15 partition=0 processed=12300 total=14000 metric=ce epoch=1/1
[pipeline-trace] wall=19:22:01 elapsed=670.266s phase=train event=interaction_progress trial=15 partition=0 processed=12400 total=14000 metric=ce epoch=1/1
[pipeline-trace] wall=19:22:01 elapsed=670.600s phase=train event=interaction_progress trial=15 partition=0 processed=12500 total=14000 metric=ce epoch=1/1
[pipeline-trace] wall=19:22:01 elapsed=670.919s phase=train event=interaction_progress trial=15 partition=0 processed=12600 total=14000 metric=ce epoch=1/1
[pipeline-trace] wall=19:22:02 elapsed=671.281s phase=train event=interaction_progress trial=15 partition=0 processed=12700 total=14000 metric=ce epoch=1/1
[pipeline-trace] wall=19:22:02 elapsed=671.617s phase=train event=interaction_progress trial=15 partition=0 processed=12800 total=14000 metric=ce epoch=1/1
[pipeline-trace] wall=19:22:02 elapsed=673.688s phase=train event=interaction_progress trial=11 partition=0 processed=11600 total=14000 metric=ce epoch=1/1
[pipeline-trace] wall=19:22:02 elapsed=671.934s phase=train event=interaction_progress trial=15 partition=0 processed=12900 total=14000 metric=ce epoch=1/1
[pipeline-trace] wall=19:22:03 elapsed=672.245s phase=train event=interaction_progress trial=15 partition=0 processed=13000 total=14000 metric=ce epoch=1/1
[pipeline-trace] wall=19:22:03 elapsed=672.525s phase=train event=interaction_progress trial=15 partition=0 processed=13100 total=14000 metric=ce epoch=1/1
[pipeline-trace] wall=19:22:03 elapsed=672.787s phase=train event=interaction_progress trial=15 partition=0 processed=13200 total=14000 metric=ce epoch=1/1
[pipeline-trace] wall=19:22:04 elapsed=673.107s phase=train event=interaction_progress trial=15 partition=0 processed=13300 total=14000 metric=ce epoch=1/1
[pipeline-trace] wall=19:22:04 elapsed=673.478s phase=train event=interaction_progress trial=15 partition=0 processed=13400 total=14000 metric=ce epoch=1/1
[pipeline-trace] wall=19:22:04 elapsed=673.879s phase=train event=interaction_progress trial=15 partition=0 processed=13500 total=14000 metric=ce epoch=1/1
[pipeline-trace] wall=19:22:04 elapsed=675.887s phase=train event=interaction_progress trial=11 partition=0 processed=11700 total=14000 metric=ce epoch=1/1
[pipeline-trace] wall=19:22:05 elapsed=674.288s phase=train event=interaction_progress trial=15 partition=0 processed=13600 total=14000 metric=ce epoch=1/1
[pipeline-trace] wall=19:22:05 elapsed=674.641s phase=train event=interaction_progress trial=15 partition=0 processed=13700 total=14000 metric=ce epoch=1/1
[pipeline-trace] wall=19:22:05 elapsed=674.936s phase=train event=interaction_progress trial=15 partition=0 processed=13800 total=14000 metric=ce epoch=1/1
[pipeline-trace] wall=19:22:06 elapsed=675.300s phase=train event=interaction_progress trial=15 partition=0 processed=13900 total=14000 metric=ce epoch=1/1
[pipeline-trace] wall=19:22:06 elapsed=675.677s phase=train event=interaction_progress trial=15 partition=0 processed=14000 total=14000 metric=ce epoch=1/1
[pipeline-trace] wall=19:22:06 elapsed=675.783s phase=eval event=batch_start trial=15 partitions=[1] synthetic=False
[pipeline-trace] wall=19:22:06 elapsed=675.783s phase=eval event=partition_start trial=15 partition=1 interactions=1999
[pipeline-trace] wall=19:22:06 elapsed=675.783s phase=eval event=interaction_progress trial=15 partition=1 processed=1 total=1999 metric=ranking
[pipeline-trace] wall=19:22:06 elapsed=675.930s phase=eval event=interaction_progress trial=15 partition=1 processed=100 total=1999 metric=ranking
[pipeline-trace] wall=19:22:06 elapsed=676.067s phase=eval event=interaction_progress trial=15 partition=1 processed=200 total=1999 metric=ranking
[pipeline-trace] wall=19:22:07 elapsed=676.204s phase=eval event=interaction_progress trial=15 partition=1 processed=300 total=1999 metric=ranking
[pipeline-trace] wall=19:22:07 elapsed=678.040s phase=train event=interaction_progress trial=11 partition=0 processed=11800 total=14000 metric=ce epoch=1/1
[pipeline-trace] wall=19:22:07 elapsed=676.340s phase=eval event=interaction_progress trial=15 partition=1 processed=400 total=1999 metric=ranking
[pipeline-trace] wall=19:22:07 elapsed=676.478s phase=eval event=interaction_progress trial=15 partition=1 processed=500 total=1999 metric=ranking
[pipeline-trace] wall=19:22:07 elapsed=676.617s phase=eval event=interaction_progress trial=15 partition=1 processed=600 total=1999 metric=ranking
[pipeline-trace] wall=19:22:07 elapsed=676.756s phase=eval event=interaction_progress trial=15 partition=1 processed=700 total=1999 metric=ranking
[pipeline-trace] wall=19:22:07 elapsed=676.897s phase=eval event=interaction_progress trial=15 partition=1 processed=800 total=1999 metric=ranking
[pipeline-trace] wall=19:22:07 elapsed=677.034s phase=eval event=interaction_progress trial=15 partition=1 processed=900 total=1999 metric=ranking
[pipeline-trace] wall=19:22:08 elapsed=677.170s phase=eval event=interaction_progress trial=15 partition=1 processed=1000 total=1999 metric=ranking
[pipeline-trace] wall=19:22:08 elapsed=677.308s phase=eval event=interaction_progress trial=15 partition=1 processed=1100 total=1999 metric=ranking
[pipeline-trace] wall=19:22:08 elapsed=677.445s phase=eval event=interaction_progress trial=15 partition=1 processed=1200 total=1999 metric=ranking
[pipeline-trace] wall=19:22:08 elapsed=677.582s phase=eval event=interaction_progress trial=15 partition=1 processed=1300 total=1999 metric=ranking
[pipeline-trace] wall=19:22:08 elapsed=677.720s phase=eval event=interaction_progress trial=15 partition=1 processed=1400 total=1999 metric=ranking
[pipeline-trace] wall=19:22:08 elapsed=677.855s phase=eval event=interaction_progress trial=15 partition=1 processed=1500 total=1999 metric=ranking
[pipeline-trace] wall=19:22:08 elapsed=677.990s phase=eval event=interaction_progress trial=15 partition=1 processed=1600 total=1999 metric=ranking
[pipeline-trace] wall=19:22:09 elapsed=678.128s phase=eval event=interaction_progress trial=15 partition=1 processed=1700 total=1999 metric=ranking
[pipeline-trace] wall=19:22:09 elapsed=678.264s phase=eval event=interaction_progress trial=15 partition=1 processed=1800 total=1999 metric=ranking
[pipeline-trace] wall=19:22:09 elapsed=680.167s phase=train event=interaction_progress trial=11 partition=0 processed=11900 total=14000 metric=ce epoch=1/1
[pipeline-trace] wall=19:22:09 elapsed=678.401s phase=eval event=interaction_progress trial=15 partition=1 processed=1900 total=1999 metric=ranking
[pipeline-trace] wall=19:22:09 elapsed=678.537s phase=eval event=interaction_progress trial=15 partition=1 processed=1999 total=1999 metric=ranking
[pipeline-trace] wall=19:22:09 elapsed=678.539s phase=eval event=partition_complete trial=15 partition=1 elapsed_sec=2.756 hits=1663 total=1999
[pipeline-trace] wall=19:22:09 elapsed=678.629s phase=train event=interaction_progress trial=16 partition=0 processed=1 total=14000 metric=ce epoch=1/1
[pipeline-trace] wall=19:22:09 elapsed=679.045s phase=train event=interaction_progress trial=16 partition=0 processed=100 total=14000 metric=ce epoch=1/1
[pipeline-trace] wall=19:22:10 elapsed=679.479s phase=train event=interaction_progress trial=16 partition=0 processed=200 total=14000 metric=ce epoch=1/1
[pipeline-trace] wall=19:22:10 elapsed=679.879s phase=train event=interaction_progress trial=16 partition=0 processed=300 total=14000 metric=ce epoch=1/1
[pipeline-trace] wall=19:22:11 elapsed=680.296s phase=train event=interaction_progress trial=16 partition=0 processed=400 total=14000 metric=ce epoch=1/1
[pipeline-trace] wall=19:22:11 elapsed=682.351s phase=train event=interaction_progress trial=11 partition=0 processed=12000 total=14000 metric=ce epoch=1/1
[pipeline-trace] wall=19:22:11 elapsed=680.721s phase=train event=interaction_progress trial=16 partition=0 processed=500 total=14000 metric=ce epoch=1/1
[pipeline-trace] wall=19:22:12 elapsed=681.153s phase=train event=interaction_progress trial=16 partition=0 processed=600 total=14000 metric=ce epoch=1/1
[pipeline-trace] wall=19:22:12 elapsed=681.590s phase=train event=interaction_progress trial=16 partition=0 processed=700 total=14000 metric=ce epoch=1/1
[pipeline-trace] wall=19:22:12 elapsed=682.031s phase=train event=interaction_progress trial=16 partition=0 processed=800 total=14000 metric=ce epoch=1/1
[pipeline-trace] wall=19:22:13 elapsed=682.456s phase=train event=interaction_progress trial=16 partition=0 processed=900 total=14000 metric=ce epoch=1/1
[pipeline-trace] wall=19:22:13 elapsed=684.580s phase=train event=interaction_progress trial=11 partition=0 processed=12100 total=14000 metric=ce epoch=1/1
[pipeline-trace] wall=19:22:13 elapsed=682.884s phase=train event=interaction_progress trial=16 partition=0 processed=1000 total=14000 metric=ce epoch=1/1
[pipeline-trace] wall=19:22:14 elapsed=683.304s phase=train event=interaction_progress trial=16 partition=0 processed=1100 total=14000 metric=ce epoch=1/1
[pipeline-trace] wall=19:22:14 elapsed=683.724s phase=train event=interaction_progress trial=16 partition=0 processed=1200 total=14000 metric=ce epoch=1/1
[pipeline-trace] wall=19:22:15 elapsed=684.156s phase=train event=interaction_progress trial=16 partition=0 processed=1300 total=14000 metric=ce epoch=1/1
[pipeline-trace] wall=19:22:15 elapsed=684.591s phase=train event=interaction_progress trial=16 partition=0 processed=1400 total=14000 metric=ce epoch=1/1
[pipeline-trace] wall=19:22:15 elapsed=686.779s phase=train event=interaction_progress trial=11 partition=0 processed=12200 total=14000 metric=ce epoch=1/1
[pipeline-trace] wall=19:22:15 elapsed=685.020s phase=train event=interaction_progress trial=16 partition=0 processed=1500 total=14000 metric=ce epoch=1/1
[pipeline-trace] wall=19:22:16 elapsed=685.452s phase=train event=interaction_progress trial=16 partition=0 processed=1600 total=14000 metric=ce epoch=1/1
[pipeline-trace] wall=19:22:16 elapsed=685.881s phase=train event=interaction_progress trial=16 partition=0 processed=1700 total=14000 metric=ce epoch=1/1
[pipeline-trace] wall=19:22:17 elapsed=686.296s phase=train event=interaction_progress trial=16 partition=0 processed=1800 total=14000 metric=ce epoch=1/1
[pipeline-trace] wall=19:22:17 elapsed=686.712s phase=train event=interaction_progress trial=16 partition=0 processed=1900 total=14000 metric=ce epoch=1/1
[pipeline-trace] wall=19:22:18 elapsed=688.931s phase=train event=interaction_progress trial=11 partition=0 processed=12300 total=14000 metric=ce epoch=1/1
[pipeline-trace] wall=19:22:18 elapsed=687.146s phase=train event=interaction_progress trial=16 partition=0 processed=2000 total=14000 metric=ce epoch=1/1
[pipeline-trace] wall=19:22:18 elapsed=687.574s phase=train event=interaction_progress trial=16 partition=0 processed=2100 total=14000 metric=ce epoch=1/1
[pipeline-trace] wall=19:22:18 elapsed=688.010s phase=train event=interaction_progress trial=16 partition=0 processed=2200 total=14000 metric=ce epoch=1/1
[pipeline-trace] wall=19:22:19 elapsed=688.412s phase=train event=interaction_progress trial=16 partition=0 processed=2300 total=14000 metric=ce epoch=1/1
[pipeline-trace] wall=19:22:19 elapsed=688.831s phase=train event=interaction_progress trial=16 partition=0 processed=2400 total=14000 metric=ce epoch=1/1
[pipeline-trace] wall=19:22:20 elapsed=689.254s phase=train event=interaction_progress trial=16 partition=0 processed=2500 total=14000 metric=ce epoch=1/1
[pipeline-trace] wall=19:22:20 elapsed=691.094s phase=train event=interaction_progress trial=11 partition=0 processed=12400 total=14000 metric=ce epoch=1/1
[pipeline-trace] wall=19:22:20 elapsed=689.683s phase=train event=interaction_progress trial=16 partition=0 processed=2600 total=14000 metric=ce epoch=1/1
[pipeline-trace] wall=19:22:21 elapsed=690.090s phase=train event=interaction_progress trial=16 partition=0 processed=2700 total=14000 metric=ce epoch=1/1
[pipeline-trace] wall=19:22:21 elapsed=690.503s phase=train event=interaction_progress trial=16 partition=0 processed=2800 total=14000 metric=ce epoch=1/1
[pipeline-trace] wall=19:22:21 elapsed=690.893s phase=train event=interaction_progress trial=16 partition=0 processed=2900 total=14000 metric=ce epoch=1/1
[pipeline-trace] wall=19:22:22 elapsed=691.313s phase=train event=interaction_progress trial=16 partition=0 processed=3000 total=14000 metric=ce epoch=1/1
[pipeline-trace] wall=19:22:22 elapsed=693.220s phase=train event=interaction_progress trial=11 partition=0 processed=12500 total=14000 metric=ce epoch=1/1
[pipeline-trace] wall=19:22:22 elapsed=691.722s phase=train event=interaction_progress trial=16 partition=0 processed=3100 total=14000 metric=ce epoch=1/1
[pipeline-trace] wall=19:22:23 elapsed=692.129s phase=train event=interaction_progress trial=16 partition=0 processed=3200 total=14000 metric=ce epoch=1/1
[pipeline-trace] wall=19:22:23 elapsed=692.532s phase=train event=interaction_progress trial=16 partition=0 processed=3300 total=14000 metric=ce epoch=1/1
[pipeline-trace] wall=19:22:23 elapsed=692.929s phase=train event=interaction_progress trial=16 partition=0 processed=3400 total=14000 metric=ce epoch=1/1
[pipeline-trace] wall=19:22:24 elapsed=693.339s phase=train event=interaction_progress trial=16 partition=0 processed=3500 total=14000 metric=ce epoch=1/1
[pipeline-trace] wall=19:22:24 elapsed=695.417s phase=train event=interaction_progress trial=11 partition=0 processed=12600 total=14000 metric=ce epoch=1/1
[pipeline-trace] wall=19:22:24 elapsed=693.740s phase=train event=interaction_progress trial=16 partition=0 processed=3600 total=14000 metric=ce epoch=1/1
[pipeline-trace] wall=19:22:25 elapsed=694.144s phase=train event=interaction_progress trial=16 partition=0 processed=3700 total=14000 metric=ce epoch=1/1
[pipeline-trace] wall=19:22:25 elapsed=694.480s phase=train event=interaction_progress trial=16 partition=0 processed=3800 total=14000 metric=ce epoch=1/1
[pipeline-trace] wall=19:22:25 elapsed=694.833s phase=train event=interaction_progress trial=16 partition=0 processed=3900 total=14000 metric=ce epoch=1/1
[pipeline-trace] wall=19:22:26 elapsed=695.190s phase=train event=interaction_progress trial=16 partition=0 processed=4000 total=14000 metric=ce epoch=1/1
[pipeline-trace] wall=19:22:26 elapsed=695.546s phase=train event=interaction_progress trial=16 partition=0 processed=4100 total=14000 metric=ce epoch=1/1
[pipeline-trace] wall=19:22:26 elapsed=697.572s phase=train event=interaction_progress trial=11 partition=0 processed=12700 total=14000 metric=ce epoch=1/1
[pipeline-trace] wall=19:22:26 elapsed=695.923s phase=train event=interaction_progress trial=16 partition=0 processed=4200 total=14000 metric=ce epoch=1/1
[pipeline-trace] wall=19:22:27 elapsed=696.326s phase=train event=interaction_progress trial=16 partition=0 processed=4300 total=14000 metric=ce epoch=1/1
[pipeline-trace] wall=19:22:27 elapsed=696.742s phase=train event=interaction_progress trial=16 partition=0 processed=4400 total=14000 metric=ce epoch=1/1
[pipeline-trace] wall=19:22:28 elapsed=697.161s phase=train event=interaction_progress trial=16 partition=0 processed=4500 total=14000 metric=ce epoch=1/1
[pipeline-trace] wall=19:22:28 elapsed=697.583s phase=train event=interaction_progress trial=16 partition=0 processed=4600 total=14000 metric=ce epoch=1/1
[pipeline-trace] wall=19:22:28 elapsed=699.802s phase=train event=interaction_progress trial=11 partition=0 processed=12800 total=14000 metric=ce epoch=1/1
[pipeline-trace] wall=19:22:28 elapsed=697.991s phase=train event=interaction_progress trial=16 partition=0 processed=4700 total=14000 metric=ce epoch=1/1
[pipeline-trace] wall=19:22:29 elapsed=698.380s phase=train event=interaction_progress trial=16 partition=0 processed=4800 total=14000 metric=ce epoch=1/1
[pipeline-trace] wall=19:22:29 elapsed=698.792s phase=train event=interaction_progress trial=16 partition=0 processed=4900 total=14000 metric=ce epoch=1/1
[pipeline-trace] wall=19:22:30 elapsed=699.200s phase=train event=interaction_progress trial=16 partition=0 processed=5000 total=14000 metric=ce epoch=1/1
[pipeline-trace] wall=19:22:30 elapsed=699.603s phase=train event=interaction_progress trial=16 partition=0 processed=5100 total=14000 metric=ce epoch=1/1
[pipeline-trace] wall=19:22:30 elapsed=700.024s phase=train event=interaction_progress trial=16 partition=0 processed=5200 total=14000 metric=ce epoch=1/1
[pipeline-trace] wall=19:22:31 elapsed=701.967s phase=train event=interaction_progress trial=11 partition=0 processed=12900 total=14000 metric=ce epoch=1/1
[pipeline-trace] wall=19:22:31 elapsed=700.447s phase=train event=interaction_progress trial=16 partition=0 processed=5300 total=14000 metric=ce epoch=1/1
[pipeline-trace] wall=19:22:31 elapsed=700.892s phase=train event=interaction_progress trial=16 partition=0 processed=5400 total=14000 metric=ce epoch=1/1
[pipeline-trace] wall=19:22:32 elapsed=701.307s phase=train event=interaction_progress trial=16 partition=0 processed=5500 total=14000 metric=ce epoch=1/1
[pipeline-trace] wall=19:22:32 elapsed=701.688s phase=train event=interaction_progress trial=16 partition=0 processed=5600 total=14000 metric=ce epoch=1/1
[pipeline-trace] wall=19:22:33 elapsed=702.098s phase=train event=interaction_progress trial=16 partition=0 processed=5700 total=14000 metric=ce epoch=1/1
[pipeline-trace] wall=19:22:33 elapsed=704.218s phase=train event=interaction_progress trial=11 partition=0 processed=13000 total=14000 metric=ce epoch=1/1
[pipeline-trace] wall=19:22:33 elapsed=702.549s phase=train event=interaction_progress trial=16 partition=0 processed=5800 total=14000 metric=ce epoch=1/1
[pipeline-trace] wall=19:22:33 elapsed=703.001s phase=train event=interaction_progress trial=16 partition=0 processed=5900 total=14000 metric=ce epoch=1/1
[pipeline-trace] wall=19:22:34 elapsed=703.367s phase=train event=interaction_progress trial=16 partition=0 processed=6000 total=14000 metric=ce epoch=1/1
[pipeline-trace] wall=19:22:34 elapsed=703.727s phase=train event=interaction_progress trial=16 partition=0 processed=6100 total=14000 metric=ce epoch=1/1
[pipeline-trace] wall=19:22:35 elapsed=704.114s phase=train event=interaction_progress trial=16 partition=0 processed=6200 total=14000 metric=ce epoch=1/1
[pipeline-trace] wall=19:22:35 elapsed=704.477s phase=train event=interaction_progress trial=16 partition=0 processed=6300 total=14000 metric=ce epoch=1/1
[pipeline-trace] wall=19:22:35 elapsed=706.428s phase=train event=interaction_progress trial=11 partition=0 processed=13100 total=14000 metric=ce epoch=1/1
[pipeline-trace] wall=19:22:35 elapsed=704.870s phase=train event=interaction_progress trial=16 partition=0 processed=6400 total=14000 metric=ce epoch=1/1
[pipeline-trace] wall=19:22:36 elapsed=705.276s phase=train event=interaction_progress trial=16 partition=0 processed=6500 total=14000 metric=ce epoch=1/1
[pipeline-trace] wall=19:22:36 elapsed=705.660s phase=train event=interaction_progress trial=16 partition=0 processed=6600 total=14000 metric=ce epoch=1/1
[pipeline-trace] wall=19:22:36 elapsed=707.787s phase=train event=interaction_progress trial=11 partition=0 processed=13200 total=14000 metric=ce epoch=1/1
[pipeline-trace] wall=19:22:36 elapsed=706.075s phase=train event=interaction_progress trial=16 partition=0 processed=6700 total=14000 metric=ce epoch=1/1
[pipeline-trace] wall=19:22:37 elapsed=708.097s phase=train event=interaction_progress trial=11 partition=0 processed=13300 total=14000 metric=ce epoch=1/1
[pipeline-trace] wall=19:22:37 elapsed=706.465s phase=train event=interaction_progress trial=16 partition=0 processed=6800 total=14000 metric=ce epoch=1/1
[pipeline-trace] wall=19:22:37 elapsed=708.390s phase=train event=interaction_progress trial=11 partition=0 processed=13400 total=14000 metric=ce epoch=1/1
[pipeline-trace] wall=19:22:37 elapsed=708.687s phase=train event=interaction_progress trial=11 partition=0 processed=13500 total=14000 metric=ce epoch=1/1
[pipeline-trace] wall=19:22:37 elapsed=706.885s phase=train event=interaction_progress trial=16 partition=0 processed=6900 total=14000 metric=ce epoch=1/1
[pipeline-trace] wall=19:22:38 elapsed=707.292s phase=train event=interaction_progress trial=16 partition=0 processed=7000 total=14000 metric=ce epoch=1/1
[pipeline-trace] wall=19:22:38 elapsed=707.707s phase=train event=interaction_progress trial=16 partition=0 processed=7100 total=14000 metric=ce epoch=1/1
[pipeline-trace] wall=19:22:38 elapsed=709.696s phase=train event=interaction_progress trial=11 partition=0 processed=13600 total=14000 metric=ce epoch=1/1
[pipeline-trace] wall=19:22:39 elapsed=708.086s phase=train event=interaction_progress trial=16 partition=0 processed=7200 total=14000 metric=ce epoch=1/1
[pipeline-trace] wall=19:22:39 elapsed=710.051s phase=train event=interaction_progress trial=11 partition=0 processed=13700 total=14000 metric=ce epoch=1/1
[pipeline-trace] wall=19:22:39 elapsed=708.453s phase=train event=interaction_progress trial=16 partition=0 processed=7300 total=14000 metric=ce epoch=1/1
[pipeline-trace] wall=19:22:39 elapsed=710.426s phase=train event=interaction_progress trial=11 partition=0 processed=13800 total=14000 metric=ce epoch=1/1
[pipeline-trace] wall=19:22:39 elapsed=708.837s phase=train event=interaction_progress trial=16 partition=0 processed=7400 total=14000 metric=ce epoch=1/1
[pipeline-trace] wall=19:22:39 elapsed=710.736s phase=train event=interaction_progress trial=11 partition=0 processed=13900 total=14000 metric=ce epoch=1/1
[pipeline-trace] wall=19:22:40 elapsed=709.196s phase=train event=interaction_progress trial=16 partition=0 processed=7500 total=14000 metric=ce epoch=1/1
[pipeline-trace] wall=19:22:40 elapsed=711.105s phase=train event=interaction_progress trial=11 partition=0 processed=14000 total=14000 metric=ce epoch=1/1
[pipeline-trace] wall=19:22:40 elapsed=711.182s phase=eval event=batch_start trial=11 partitions=[1] synthetic=False
[pipeline-trace] wall=19:22:40 elapsed=711.182s phase=eval event=partition_start trial=11 partition=1 interactions=1999
[pipeline-trace] wall=19:22:40 elapsed=711.182s phase=eval event=interaction_progress trial=11 partition=1 processed=1 total=1999 metric=ranking
[pipeline-trace] wall=19:22:40 elapsed=711.386s phase=eval event=interaction_progress trial=11 partition=1 processed=100 total=1999 metric=ranking
[pipeline-trace] wall=19:22:40 elapsed=709.662s phase=train event=interaction_progress trial=16 partition=0 processed=7600 total=14000 metric=ce epoch=1/1
[pipeline-trace] wall=19:22:41 elapsed=710.179s phase=train event=interaction_progress trial=16 partition=0 processed=7700 total=14000 metric=ce epoch=1/1
[pipeline-trace] wall=19:22:41 elapsed=710.584s phase=train event=interaction_progress trial=16 partition=0 processed=7800 total=14000 metric=ce epoch=1/1
[pipeline-trace] wall=19:22:41 elapsed=711.016s phase=train event=interaction_progress trial=16 partition=0 processed=7900 total=14000 metric=ce epoch=1/1
[pipeline-trace] wall=19:22:42 elapsed=713.514s phase=eval event=interaction_progress trial=11 partition=1 processed=200 total=1999 metric=ranking
[pipeline-trace] wall=19:22:44 elapsed=713.358s phase=train event=interaction_progress trial=16 partition=0 processed=8000 total=14000 metric=ce epoch=1/1
[pipeline-trace] wall=19:22:44 elapsed=713.998s phase=train event=interaction_progress trial=16 partition=0 processed=8100 total=14000 metric=ce epoch=1/1
[pipeline-trace] wall=19:22:45 elapsed=714.522s phase=train event=interaction_progress trial=16 partition=0 processed=8200 total=14000 metric=ce epoch=1/1
[pipeline-trace] wall=19:22:45 elapsed=716.664s phase=eval event=interaction_progress trial=11 partition=1 processed=300 total=1999 metric=ranking
[pipeline-trace] wall=19:22:46 elapsed=715.116s phase=train event=interaction_progress trial=16 partition=0 processed=8300 total=14000 metric=ce epoch=1/1
[pipeline-trace] wall=19:22:46 elapsed=715.672s phase=train event=interaction_progress trial=16 partition=0 processed=8400 total=14000 metric=ce epoch=1/1
[pipeline-trace] wall=19:22:47 elapsed=716.238s phase=train event=interaction_progress trial=16 partition=0 processed=8500 total=14000 metric=ce epoch=1/1
[pipeline-trace] wall=19:22:47 elapsed=716.783s phase=train event=interaction_progress trial=16 partition=0 processed=8600 total=14000 metric=ce epoch=1/1
[pipeline-trace] wall=19:22:48 elapsed=718.007s phase=train event=interaction_progress trial=16 partition=0 processed=8700 total=14000 metric=ce epoch=1/1
[pipeline-trace] wall=19:22:49 elapsed=718.686s phase=train event=interaction_progress trial=16 partition=0 processed=8800 total=14000 metric=ce epoch=1/1
[pipeline-trace] wall=19:22:49 elapsed=720.582s phase=eval event=interaction_progress trial=11 partition=1 processed=400 total=1999 metric=ranking
[pipeline-trace] wall=19:22:50 elapsed=719.155s phase=train event=interaction_progress trial=16 partition=0 processed=8900 total=14000 metric=ce epoch=1/1
[pipeline-trace] wall=19:22:50 elapsed=719.510s phase=train event=interaction_progress trial=16 partition=0 processed=9000 total=14000 metric=ce epoch=1/1
[pipeline-trace] wall=19:22:50 elapsed=719.916s phase=train event=interaction_progress trial=16 partition=0 processed=9100 total=14000 metric=ce epoch=1/1
[pipeline-trace] wall=19:22:51 elapsed=720.376s phase=train event=interaction_progress trial=16 partition=0 processed=9200 total=14000 metric=ce epoch=1/1
[pipeline-trace] wall=19:22:51 elapsed=720.838s phase=train event=interaction_progress trial=16 partition=0 processed=9300 total=14000 metric=ce epoch=1/1
[pipeline-trace] wall=19:22:51 elapsed=722.804s phase=eval event=interaction_progress trial=11 partition=1 processed=500 total=1999 metric=ranking
[pipeline-trace] wall=19:22:52 elapsed=721.347s phase=train event=interaction_progress trial=16 partition=0 processed=9400 total=14000 metric=ce epoch=1/1
[pipeline-trace] wall=19:22:52 elapsed=721.728s phase=train event=interaction_progress trial=16 partition=0 processed=9500 total=14000 metric=ce epoch=1/1
[pipeline-trace] wall=19:22:53 elapsed=722.160s phase=train event=interaction_progress trial=16 partition=0 processed=9600 total=14000 metric=ce epoch=1/1
[pipeline-trace] wall=19:22:53 elapsed=722.630s phase=train event=interaction_progress trial=16 partition=0 processed=9700 total=14000 metric=ce epoch=1/1
[pipeline-trace] wall=19:22:53 elapsed=723.043s phase=train event=interaction_progress trial=16 partition=0 processed=9800 total=14000 metric=ce epoch=1/1
[pipeline-trace] wall=19:22:54 elapsed=725.096s phase=eval event=interaction_progress trial=11 partition=1 processed=600 total=1999 metric=ranking
[pipeline-trace] wall=19:22:54 elapsed=723.394s phase=train event=interaction_progress trial=16 partition=0 processed=9900 total=14000 metric=ce epoch=1/1
[pipeline-trace] wall=19:22:54 elapsed=723.708s phase=train event=interaction_progress trial=16 partition=0 processed=10000 total=14000 metric=ce epoch=1/1
[pipeline-trace] wall=19:22:55 elapsed=724.097s phase=train event=interaction_progress trial=16 partition=0 processed=10100 total=14000 metric=ce epoch=1/1
[pipeline-trace] wall=19:22:55 elapsed=724.506s phase=train event=interaction_progress trial=16 partition=0 processed=10200 total=14000 metric=ce epoch=1/1
[pipeline-trace] wall=19:22:55 elapsed=724.920s phase=train event=interaction_progress trial=16 partition=0 processed=10300 total=14000 metric=ce epoch=1/1
[pipeline-trace] wall=19:22:56 elapsed=725.334s phase=train event=interaction_progress trial=16 partition=0 processed=10400 total=14000 metric=ce epoch=1/1
[pipeline-trace] wall=19:22:56 elapsed=727.378s phase=eval event=interaction_progress trial=11 partition=1 processed=700 total=1999 metric=ranking
[pipeline-trace] wall=19:22:56 elapsed=725.737s phase=train event=interaction_progress trial=16 partition=0 processed=10500 total=14000 metric=ce epoch=1/1
[pipeline-trace] wall=19:22:57 elapsed=726.144s phase=train event=interaction_progress trial=16 partition=0 processed=10600 total=14000 metric=ce epoch=1/1
[pipeline-trace] wall=19:22:57 elapsed=726.548s phase=train event=interaction_progress trial=16 partition=0 processed=10700 total=14000 metric=ce epoch=1/1
[pipeline-trace] wall=19:22:57 elapsed=726.965s phase=train event=interaction_progress trial=16 partition=0 processed=10800 total=14000 metric=ce epoch=1/1
[pipeline-trace] wall=19:22:58 elapsed=727.367s phase=train event=interaction_progress trial=16 partition=0 processed=10900 total=14000 metric=ce epoch=1/1
[pipeline-trace] wall=19:22:58 elapsed=727.795s phase=train event=interaction_progress trial=16 partition=0 processed=11000 total=14000 metric=ce epoch=1/1
[pipeline-trace] wall=19:22:58 elapsed=729.639s phase=eval event=interaction_progress trial=11 partition=1 processed=800 total=1999 metric=ranking
[pipeline-trace] wall=19:22:59 elapsed=728.210s phase=train event=interaction_progress trial=16 partition=0 processed=11100 total=14000 metric=ce epoch=1/1
[pipeline-trace] wall=19:22:59 elapsed=728.630s phase=train event=interaction_progress trial=16 partition=0 processed=11200 total=14000 metric=ce epoch=1/1
[pipeline-trace] wall=19:22:59 elapsed=729.051s phase=train event=interaction_progress trial=16 partition=0 processed=11300 total=14000 metric=ce epoch=1/1
[pipeline-trace] wall=19:23:00 elapsed=729.465s phase=train event=interaction_progress trial=16 partition=0 processed=11400 total=14000 metric=ce epoch=1/1
[pipeline-trace] wall=19:23:00 elapsed=729.862s phase=train event=interaction_progress trial=16 partition=0 processed=11500 total=14000 metric=ce epoch=1/1
[pipeline-trace] wall=19:23:01 elapsed=731.940s phase=eval event=interaction_progress trial=11 partition=1 processed=900 total=1999 metric=ranking
[pipeline-trace] wall=19:23:01 elapsed=730.240s phase=train event=interaction_progress trial=16 partition=0 processed=11600 total=14000 metric=ce epoch=1/1
[pipeline-trace] wall=19:23:01 elapsed=730.641s phase=train event=interaction_progress trial=16 partition=0 processed=11700 total=14000 metric=ce epoch=1/1
[pipeline-trace] wall=19:23:01 elapsed=731.043s phase=train event=interaction_progress trial=16 partition=0 processed=11800 total=14000 metric=ce epoch=1/1
[pipeline-trace] wall=19:23:02 elapsed=731.437s phase=train event=interaction_progress trial=16 partition=0 processed=11900 total=14000 metric=ce epoch=1/1
[pipeline-trace] wall=19:23:02 elapsed=731.840s phase=train event=interaction_progress trial=16 partition=0 processed=12000 total=14000 metric=ce epoch=1/1
[pipeline-trace] wall=19:23:03 elapsed=732.246s phase=train event=interaction_progress trial=16 partition=0 processed=12100 total=14000 metric=ce epoch=1/1
[pipeline-trace] wall=19:23:03 elapsed=734.265s phase=eval event=interaction_progress trial=11 partition=1 processed=1000 total=1999 metric=ranking
[pipeline-trace] wall=19:23:03 elapsed=732.661s phase=train event=interaction_progress trial=16 partition=0 processed=12200 total=14000 metric=ce epoch=1/1
[pipeline-trace] wall=19:23:03 elapsed=733.037s phase=train event=interaction_progress trial=16 partition=0 processed=12300 total=14000 metric=ce epoch=1/1
[pipeline-trace] wall=19:23:04 elapsed=733.427s phase=train event=interaction_progress trial=16 partition=0 processed=12400 total=14000 metric=ce epoch=1/1
[pipeline-trace] wall=19:23:04 elapsed=733.834s phase=train event=interaction_progress trial=16 partition=0 processed=12500 total=14000 metric=ce epoch=1/1
[pipeline-trace] wall=19:23:05 elapsed=734.230s phase=train event=interaction_progress trial=16 partition=0 processed=12600 total=14000 metric=ce epoch=1/1
[pipeline-trace] wall=19:23:05 elapsed=734.628s phase=train event=interaction_progress trial=16 partition=0 processed=12700 total=14000 metric=ce epoch=1/1
[pipeline-trace] wall=19:23:05 elapsed=736.558s phase=eval event=interaction_progress trial=11 partition=1 processed=1100 total=1999 metric=ranking
[pipeline-trace] wall=19:23:05 elapsed=735.010s phase=train event=interaction_progress trial=16 partition=0 processed=12800 total=14000 metric=ce epoch=1/1
[pipeline-trace] wall=19:23:06 elapsed=735.389s phase=train event=interaction_progress trial=16 partition=0 processed=12900 total=14000 metric=ce epoch=1/1
[pipeline-trace] wall=19:23:06 elapsed=735.774s phase=train event=interaction_progress trial=16 partition=0 processed=13000 total=14000 metric=ce epoch=1/1
[pipeline-trace] wall=19:23:07 elapsed=736.158s phase=train event=interaction_progress trial=16 partition=0 processed=13100 total=14000 metric=ce epoch=1/1
[pipeline-trace] wall=19:23:07 elapsed=736.546s phase=train event=interaction_progress trial=16 partition=0 processed=13200 total=14000 metric=ce epoch=1/1
[pipeline-trace] wall=19:23:07 elapsed=736.942s phase=train event=interaction_progress trial=16 partition=0 processed=13300 total=14000 metric=ce epoch=1/1
[pipeline-trace] wall=19:23:08 elapsed=738.914s phase=eval event=interaction_progress trial=11 partition=1 processed=1200 total=1999 metric=ranking
[pipeline-trace] wall=19:23:08 elapsed=737.360s phase=train event=interaction_progress trial=16 partition=0 processed=13400 total=14000 metric=ce epoch=1/1
[pipeline-trace] wall=19:23:08 elapsed=737.766s phase=train event=interaction_progress trial=16 partition=0 processed=13500 total=14000 metric=ce epoch=1/1
[pipeline-trace] wall=19:23:09 elapsed=738.182s phase=train event=interaction_progress trial=16 partition=0 processed=13600 total=14000 metric=ce epoch=1/1
[pipeline-trace] wall=19:23:09 elapsed=738.594s phase=train event=interaction_progress trial=16 partition=0 processed=13700 total=14000 metric=ce epoch=1/1
[pipeline-trace] wall=19:23:09 elapsed=739.017s phase=train event=interaction_progress trial=16 partition=0 processed=13800 total=14000 metric=ce epoch=1/1
[pipeline-trace] wall=19:23:10 elapsed=741.256s phase=eval event=interaction_progress trial=11 partition=1 processed=1300 total=1999 metric=ranking
[pipeline-trace] wall=19:23:10 elapsed=739.436s phase=train event=interaction_progress trial=16 partition=0 processed=13900 total=14000 metric=ce epoch=1/1
[pipeline-trace] wall=19:23:10 elapsed=739.809s phase=train event=interaction_progress trial=16 partition=0 processed=14000 total=14000 metric=ce epoch=1/1
[pipeline-trace] wall=19:23:10 elapsed=739.942s phase=eval event=batch_start trial=16 partitions=[1] synthetic=False
[pipeline-trace] wall=19:23:10 elapsed=739.942s phase=eval event=partition_start trial=16 partition=1 interactions=1999
[pipeline-trace] wall=19:23:10 elapsed=739.942s phase=eval event=interaction_progress trial=16 partition=1 processed=1 total=1999 metric=ranking
[pipeline-trace] wall=19:23:11 elapsed=740.122s phase=eval event=interaction_progress trial=16 partition=1 processed=100 total=1999 metric=ranking
[pipeline-trace] wall=19:23:11 elapsed=740.301s phase=eval event=interaction_progress trial=16 partition=1 processed=200 total=1999 metric=ranking
[pipeline-trace] wall=19:23:11 elapsed=740.482s phase=eval event=interaction_progress trial=16 partition=1 processed=300 total=1999 metric=ranking
[pipeline-trace] wall=19:23:11 elapsed=740.663s phase=eval event=interaction_progress trial=16 partition=1 processed=400 total=1999 metric=ranking
[pipeline-trace] wall=19:23:11 elapsed=740.842s phase=eval event=interaction_progress trial=16 partition=1 processed=500 total=1999 metric=ranking
[pipeline-trace] wall=19:23:11 elapsed=741.020s phase=eval event=interaction_progress trial=16 partition=1 processed=600 total=1999 metric=ranking
[pipeline-trace] wall=19:23:12 elapsed=741.200s phase=eval event=interaction_progress trial=16 partition=1 processed=700 total=1999 metric=ranking
[pipeline-trace] wall=19:23:12 elapsed=741.380s phase=eval event=interaction_progress trial=16 partition=1 processed=800 total=1999 metric=ranking
[pipeline-trace] wall=19:23:12 elapsed=741.560s phase=eval event=interaction_progress trial=16 partition=1 processed=900 total=1999 metric=ranking
[pipeline-trace] wall=19:23:12 elapsed=741.740s phase=eval event=interaction_progress trial=16 partition=1 processed=1000 total=1999 metric=ranking
[pipeline-trace] wall=19:23:12 elapsed=743.599s phase=eval event=interaction_progress trial=11 partition=1 processed=1400 total=1999 metric=ranking
[pipeline-trace] wall=19:23:12 elapsed=741.916s phase=eval event=interaction_progress trial=16 partition=1 processed=1100 total=1999 metric=ranking
[pipeline-trace] wall=19:23:13 elapsed=742.094s phase=eval event=interaction_progress trial=16 partition=1 processed=1200 total=1999 metric=ranking
[pipeline-trace] wall=19:23:13 elapsed=742.273s phase=eval event=interaction_progress trial=16 partition=1 processed=1300 total=1999 metric=ranking
[pipeline-trace] wall=19:23:13 elapsed=742.445s phase=eval event=interaction_progress trial=16 partition=1 processed=1400 total=1999 metric=ranking
[pipeline-trace] wall=19:23:13 elapsed=742.589s phase=eval event=interaction_progress trial=16 partition=1 processed=1500 total=1999 metric=ranking
[pipeline-trace] wall=19:23:13 elapsed=742.764s phase=eval event=interaction_progress trial=16 partition=1 processed=1600 total=1999 metric=ranking
[pipeline-trace] wall=19:23:13 elapsed=742.911s phase=eval event=interaction_progress trial=16 partition=1 processed=1700 total=1999 metric=ranking
[pipeline-trace] wall=19:23:13 elapsed=743.054s phase=eval event=interaction_progress trial=16 partition=1 processed=1800 total=1999 metric=ranking
[pipeline-trace] wall=19:23:14 elapsed=743.196s phase=eval event=interaction_progress trial=16 partition=1 processed=1900 total=1999 metric=ranking
[pipeline-trace] wall=19:23:14 elapsed=743.337s phase=eval event=interaction_progress trial=16 partition=1 processed=1999 total=1999 metric=ranking
[pipeline-trace] wall=19:23:14 elapsed=743.339s phase=eval event=partition_complete trial=16 partition=1 elapsed_sec=3.397 hits=1839 total=1999
[pipeline-trace] wall=19:23:14 elapsed=743.430s phase=train event=interaction_progress trial=17 partition=0 processed=1 total=14000 metric=ce epoch=1/1
[pipeline-trace] wall=19:23:14 elapsed=743.724s phase=train event=interaction_progress trial=17 partition=0 processed=100 total=14000 metric=ce epoch=1/1
[pipeline-trace] wall=19:23:14 elapsed=743.992s phase=train event=interaction_progress trial=17 partition=0 processed=200 total=14000 metric=ce epoch=1/1
[pipeline-trace] wall=19:23:15 elapsed=745.944s phase=eval event=interaction_progress trial=11 partition=1 processed=1500 total=1999 metric=ranking
[pipeline-trace] wall=19:23:15 elapsed=744.235s phase=train event=interaction_progress trial=17 partition=0 processed=300 total=14000 metric=ce epoch=1/1
[pipeline-trace] wall=19:23:15 elapsed=744.484s phase=train event=interaction_progress trial=17 partition=0 processed=400 total=14000 metric=ce epoch=1/1
[pipeline-trace] wall=19:23:15 elapsed=744.758s phase=train event=interaction_progress trial=17 partition=0 processed=500 total=14000 metric=ce epoch=1/1
[pipeline-trace] wall=19:23:15 elapsed=745.033s phase=train event=interaction_progress trial=17 partition=0 processed=600 total=14000 metric=ce epoch=1/1
[pipeline-trace] wall=19:23:16 elapsed=745.293s phase=train event=interaction_progress trial=17 partition=0 processed=700 total=14000 metric=ce epoch=1/1
[pipeline-trace] wall=19:23:16 elapsed=745.558s phase=train event=interaction_progress trial=17 partition=0 processed=800 total=14000 metric=ce epoch=1/1
[pipeline-trace] wall=19:23:16 elapsed=745.823s phase=train event=interaction_progress trial=17 partition=0 processed=900 total=14000 metric=ce epoch=1/1
[pipeline-trace] wall=19:23:16 elapsed=746.070s phase=train event=interaction_progress trial=17 partition=0 processed=1000 total=14000 metric=ce epoch=1/1
[pipeline-trace] wall=19:23:17 elapsed=746.324s phase=train event=interaction_progress trial=17 partition=0 processed=1100 total=14000 metric=ce epoch=1/1
[pipeline-trace] wall=19:23:17 elapsed=748.226s phase=eval event=interaction_progress trial=11 partition=1 processed=1600 total=1999 metric=ranking
[pipeline-trace] wall=19:23:17 elapsed=746.578s phase=train event=interaction_progress trial=17 partition=0 processed=1200 total=14000 metric=ce epoch=1/1
[pipeline-trace] wall=19:23:17 elapsed=746.838s phase=train event=interaction_progress trial=17 partition=0 processed=1300 total=14000 metric=ce epoch=1/1
[pipeline-trace] wall=19:23:18 elapsed=747.098s phase=train event=interaction_progress trial=17 partition=0 processed=1400 total=14000 metric=ce epoch=1/1
[pipeline-trace] wall=19:23:18 elapsed=747.369s phase=train event=interaction_progress trial=17 partition=0 processed=1500 total=14000 metric=ce epoch=1/1
[pipeline-trace] wall=19:23:18 elapsed=747.624s phase=train event=interaction_progress trial=17 partition=0 processed=1600 total=14000 metric=ce epoch=1/1
[pipeline-trace] wall=19:23:18 elapsed=747.879s phase=train event=interaction_progress trial=17 partition=0 processed=1700 total=14000 metric=ce epoch=1/1
[pipeline-trace] wall=19:23:19 elapsed=748.137s phase=train event=interaction_progress trial=17 partition=0 processed=1800 total=14000 metric=ce epoch=1/1
[pipeline-trace] wall=19:23:19 elapsed=748.395s phase=train event=interaction_progress trial=17 partition=0 processed=1900 total=14000 metric=ce epoch=1/1
[pipeline-trace] wall=19:23:19 elapsed=750.505s phase=eval event=interaction_progress trial=11 partition=1 processed=1700 total=1999 metric=ranking
[pipeline-trace] wall=19:23:19 elapsed=748.719s phase=train event=interaction_progress trial=17 partition=0 processed=2000 total=14000 metric=ce epoch=1/1
[pipeline-trace] wall=19:23:19 elapsed=749.036s phase=train event=interaction_progress trial=17 partition=0 processed=2100 total=14000 metric=ce epoch=1/1
[pipeline-trace] wall=19:23:20 elapsed=749.346s phase=train event=interaction_progress trial=17 partition=0 processed=2200 total=14000 metric=ce epoch=1/1
[pipeline-trace] wall=19:23:20 elapsed=749.652s phase=train event=interaction_progress trial=17 partition=0 processed=2300 total=14000 metric=ce epoch=1/1
[pipeline-trace] wall=19:23:20 elapsed=749.962s phase=train event=interaction_progress trial=17 partition=0 processed=2400 total=14000 metric=ce epoch=1/1
[pipeline-trace] wall=19:23:21 elapsed=750.269s phase=train event=interaction_progress trial=17 partition=0 processed=2500 total=14000 metric=ce epoch=1/1
[pipeline-trace] wall=19:23:21 elapsed=750.579s phase=train event=interaction_progress trial=17 partition=0 processed=2600 total=14000 metric=ce epoch=1/1
[pipeline-trace] wall=19:23:21 elapsed=752.772s phase=eval event=interaction_progress trial=11 partition=1 processed=1800 total=1999 metric=ranking
[pipeline-trace] wall=19:23:21 elapsed=750.988s phase=train event=interaction_progress trial=17 partition=0 processed=2700 total=14000 metric=ce epoch=1/1
[pipeline-trace] wall=19:23:22 elapsed=751.444s phase=train event=interaction_progress trial=17 partition=0 processed=2800 total=14000 metric=ce epoch=1/1
[pipeline-trace] wall=19:23:22 elapsed=751.748s phase=train event=interaction_progress trial=17 partition=0 processed=2900 total=14000 metric=ce epoch=1/1
[pipeline-trace] wall=19:23:23 elapsed=752.107s phase=train event=interaction_progress trial=17 partition=0 processed=3000 total=14000 metric=ce epoch=1/1
[pipeline-trace] wall=19:23:23 elapsed=752.407s phase=train event=interaction_progress trial=17 partition=0 processed=3100 total=14000 metric=ce epoch=1/1
[pipeline-trace] wall=19:23:23 elapsed=752.697s phase=train event=interaction_progress trial=17 partition=0 processed=3200 total=14000 metric=ce epoch=1/1
[pipeline-trace] wall=19:23:23 elapsed=752.987s phase=train event=interaction_progress trial=17 partition=0 processed=3300 total=14000 metric=ce epoch=1/1
[pipeline-trace] wall=19:23:24 elapsed=753.273s phase=train event=interaction_progress trial=17 partition=0 processed=3400 total=14000 metric=ce epoch=1/1
[pipeline-trace] wall=19:23:24 elapsed=755.147s phase=eval event=interaction_progress trial=11 partition=1 processed=1900 total=1999 metric=ranking
[pipeline-trace] wall=19:23:24 elapsed=753.573s phase=train event=interaction_progress trial=17 partition=0 processed=3500 total=14000 metric=ce epoch=1/1
[pipeline-trace] wall=19:23:24 elapsed=753.869s phase=train event=interaction_progress trial=17 partition=0 processed=3600 total=14000 metric=ce epoch=1/1
[pipeline-trace] wall=19:23:25 elapsed=754.161s phase=train event=interaction_progress trial=17 partition=0 processed=3700 total=14000 metric=ce epoch=1/1
[pipeline-trace] wall=19:23:25 elapsed=754.460s phase=train event=interaction_progress trial=17 partition=0 processed=3800 total=14000 metric=ce epoch=1/1
[pipeline-trace] wall=19:23:25 elapsed=754.744s phase=train event=interaction_progress trial=17 partition=0 processed=3900 total=14000 metric=ce epoch=1/1
[pipeline-trace] wall=19:23:25 elapsed=754.995s phase=train event=interaction_progress trial=17 partition=0 processed=4000 total=14000 metric=ce epoch=1/1
[pipeline-trace] wall=19:23:26 elapsed=755.229s phase=train event=interaction_progress trial=17 partition=0 processed=4100 total=14000 metric=ce epoch=1/1
[pipeline-trace] wall=19:23:26 elapsed=755.464s phase=train event=interaction_progress trial=17 partition=0 processed=4200 total=14000 metric=ce epoch=1/1
[pipeline-trace] wall=19:23:26 elapsed=757.431s phase=eval event=interaction_progress trial=11 partition=1 processed=1999 total=1999 metric=ranking
[pipeline-trace] wall=19:23:26 elapsed=757.438s phase=eval event=partition_complete trial=11 partition=1 elapsed_sec=46.256 hits=1431 total=1999
[pipeline-trace] wall=19:23:26 elapsed=755.723s phase=train event=interaction_progress trial=17 partition=0 processed=4300 total=14000 metric=ce epoch=1/1
[pipeline-trace] wall=19:23:26 elapsed=757.636s phase=train event=interaction_progress trial=18 partition=0 processed=1 total=14000 metric=ce epoch=1/1
[pipeline-trace] wall=19:23:26 elapsed=755.976s phase=train event=interaction_progress trial=17 partition=0 processed=4400 total=14000 metric=ce epoch=1/1
[pipeline-trace] wall=19:23:27 elapsed=756.226s phase=train event=interaction_progress trial=17 partition=0 processed=4500 total=14000 metric=ce epoch=1/1
[pipeline-trace] wall=19:23:27 elapsed=756.485s phase=train event=interaction_progress trial=17 partition=0 processed=4600 total=14000 metric=ce epoch=1/1
[pipeline-trace] wall=19:23:27 elapsed=756.743s phase=train event=interaction_progress trial=17 partition=0 processed=4700 total=14000 metric=ce epoch=1/1
[pipeline-trace] wall=19:23:27 elapsed=756.992s phase=train event=interaction_progress trial=17 partition=0 processed=4800 total=14000 metric=ce epoch=1/1
[pipeline-trace] wall=19:23:27 elapsed=758.882s phase=train event=interaction_progress trial=18 partition=0 processed=100 total=14000 metric=ce epoch=1/1
[pipeline-trace] wall=19:23:28 elapsed=757.245s phase=train event=interaction_progress trial=17 partition=0 processed=4900 total=14000 metric=ce epoch=1/1
[pipeline-trace] wall=19:23:28 elapsed=757.482s phase=train event=interaction_progress trial=17 partition=0 processed=5000 total=14000 metric=ce epoch=1/1
[pipeline-trace] wall=19:23:28 elapsed=757.727s phase=train event=interaction_progress trial=17 partition=0 processed=5100 total=14000 metric=ce epoch=1/1
[pipeline-trace] wall=19:23:28 elapsed=757.979s phase=train event=interaction_progress trial=17 partition=0 processed=5200 total=14000 metric=ce epoch=1/1
[pipeline-trace] wall=19:23:29 elapsed=758.237s phase=train event=interaction_progress trial=17 partition=0 processed=5300 total=14000 metric=ce epoch=1/1
[pipeline-trace] wall=19:23:29 elapsed=760.132s phase=train event=interaction_progress trial=18 partition=0 processed=200 total=14000 metric=ce epoch=1/1
[pipeline-trace] wall=19:23:29 elapsed=758.492s phase=train event=interaction_progress trial=17 partition=0 processed=5400 total=14000 metric=ce epoch=1/1
[pipeline-trace] wall=19:23:29 elapsed=758.749s phase=train event=interaction_progress trial=17 partition=0 processed=5500 total=14000 metric=ce epoch=1/1
[pipeline-trace] wall=19:23:29 elapsed=759.038s phase=train event=interaction_progress trial=17 partition=0 processed=5600 total=14000 metric=ce epoch=1/1
[pipeline-trace] wall=19:23:30 elapsed=759.326s phase=train event=interaction_progress trial=17 partition=0 processed=5700 total=14000 metric=ce epoch=1/1
[pipeline-trace] wall=19:23:30 elapsed=761.309s phase=train event=interaction_progress trial=18 partition=0 processed=300 total=14000 metric=ce epoch=1/1
[pipeline-trace] wall=19:23:30 elapsed=759.585s phase=train event=interaction_progress trial=17 partition=0 processed=5800 total=14000 metric=ce epoch=1/1
[pipeline-trace] wall=19:23:30 elapsed=759.851s phase=train event=interaction_progress trial=17 partition=0 processed=5900 total=14000 metric=ce epoch=1/1
[pipeline-trace] wall=19:23:31 elapsed=760.119s phase=train event=interaction_progress trial=17 partition=0 processed=6000 total=14000 metric=ce epoch=1/1
[pipeline-trace] wall=19:23:31 elapsed=760.380s phase=train event=interaction_progress trial=17 partition=0 processed=6100 total=14000 metric=ce epoch=1/1
[pipeline-trace] wall=19:23:31 elapsed=760.637s phase=train event=interaction_progress trial=17 partition=0 processed=6200 total=14000 metric=ce epoch=1/1
[pipeline-trace] wall=19:23:31 elapsed=762.515s phase=train event=interaction_progress trial=18 partition=0 processed=400 total=14000 metric=ce epoch=1/1
[pipeline-trace] wall=19:23:31 elapsed=760.920s phase=train event=interaction_progress trial=17 partition=0 processed=6300 total=14000 metric=ce epoch=1/1
[pipeline-trace] wall=19:23:32 elapsed=761.253s phase=train event=interaction_progress trial=17 partition=0 processed=6400 total=14000 metric=ce epoch=1/1
[pipeline-trace] wall=19:23:32 elapsed=761.757s phase=train event=interaction_progress trial=17 partition=0 processed=6500 total=14000 metric=ce epoch=1/1
[pipeline-trace] wall=19:23:32 elapsed=763.753s phase=train event=interaction_progress trial=18 partition=0 processed=500 total=14000 metric=ce epoch=1/1
[pipeline-trace] wall=19:23:37 elapsed=766.983s phase=train event=interaction_progress trial=17 partition=0 processed=6600 total=14000 metric=ce epoch=1/1
[pipeline-trace] wall=19:23:39 elapsed=770.327s phase=train event=interaction_progress trial=18 partition=0 processed=600 total=14000 metric=ce epoch=1/1
[pipeline-trace] wall=19:23:39 elapsed=768.551s phase=train event=interaction_progress trial=17 partition=0 processed=6700 total=14000 metric=ce epoch=1/1
[pipeline-trace] wall=19:23:39 elapsed=768.948s phase=train event=interaction_progress trial=17 partition=0 processed=6800 total=14000 metric=ce epoch=1/1
[pipeline-trace] wall=19:23:40 elapsed=769.269s phase=train event=interaction_progress trial=17 partition=0 processed=6900 total=14000 metric=ce epoch=1/1
[pipeline-trace] wall=19:23:40 elapsed=769.557s phase=train event=interaction_progress trial=17 partition=0 processed=7000 total=14000 metric=ce epoch=1/1
[pipeline-trace] wall=19:23:40 elapsed=771.545s phase=train event=interaction_progress trial=18 partition=0 processed=700 total=14000 metric=ce epoch=1/1
[pipeline-trace] wall=19:23:40 elapsed=769.853s phase=train event=interaction_progress trial=17 partition=0 processed=7100 total=14000 metric=ce epoch=1/1
[pipeline-trace] wall=19:23:41 elapsed=770.155s phase=train event=interaction_progress trial=17 partition=0 processed=7200 total=14000 metric=ce epoch=1/1
[pipeline-trace] wall=19:23:41 elapsed=770.485s phase=train event=interaction_progress trial=17 partition=0 processed=7300 total=14000 metric=ce epoch=1/1
[pipeline-trace] wall=19:23:41 elapsed=770.748s phase=train event=interaction_progress trial=17 partition=0 processed=7400 total=14000 metric=ce epoch=1/1
[pipeline-trace] wall=19:23:41 elapsed=772.741s phase=train event=interaction_progress trial=18 partition=0 processed=800 total=14000 metric=ce epoch=1/1
[pipeline-trace] wall=19:23:41 elapsed=771.050s phase=train event=interaction_progress trial=17 partition=0 processed=7500 total=14000 metric=ce epoch=1/1
[pipeline-trace] wall=19:23:42 elapsed=771.404s phase=train event=interaction_progress trial=17 partition=0 processed=7600 total=14000 metric=ce epoch=1/1
[pipeline-trace] wall=19:23:42 elapsed=771.683s phase=train event=interaction_progress trial=17 partition=0 processed=7700 total=14000 metric=ce epoch=1/1
[pipeline-trace] wall=19:23:42 elapsed=771.972s phase=train event=interaction_progress trial=17 partition=0 processed=7800 total=14000 metric=ce epoch=1/1
[pipeline-trace] wall=19:23:43 elapsed=773.947s phase=train event=interaction_progress trial=18 partition=0 processed=900 total=14000 metric=ce epoch=1/1
[pipeline-trace] wall=19:23:43 elapsed=772.331s phase=train event=interaction_progress trial=17 partition=0 processed=7900 total=14000 metric=ce epoch=1/1
[pipeline-trace] wall=19:23:43 elapsed=772.689s phase=train event=interaction_progress trial=17 partition=0 processed=8000 total=14000 metric=ce epoch=1/1
[pipeline-trace] wall=19:23:43 elapsed=772.985s phase=train event=interaction_progress trial=17 partition=0 processed=8100 total=14000 metric=ce epoch=1/1
[pipeline-trace] wall=19:23:44 elapsed=773.269s phase=train event=interaction_progress trial=17 partition=0 processed=8200 total=14000 metric=ce epoch=1/1
[pipeline-trace] wall=19:23:44 elapsed=775.156s phase=train event=interaction_progress trial=18 partition=0 processed=1000 total=14000 metric=ce epoch=1/1
[pipeline-trace] wall=19:23:44 elapsed=773.527s phase=train event=interaction_progress trial=17 partition=0 processed=8300 total=14000 metric=ce epoch=1/1
[pipeline-trace] wall=19:23:44 elapsed=773.792s phase=train event=interaction_progress trial=17 partition=0 processed=8400 total=14000 metric=ce epoch=1/1
[pipeline-trace] wall=19:23:44 elapsed=774.052s phase=train event=interaction_progress trial=17 partition=0 processed=8500 total=14000 metric=ce epoch=1/1
[pipeline-trace] wall=19:23:45 elapsed=774.309s phase=train event=interaction_progress trial=17 partition=0 processed=8600 total=14000 metric=ce epoch=1/1
[pipeline-trace] wall=19:23:45 elapsed=776.382s phase=train event=interaction_progress trial=18 partition=0 processed=1100 total=14000 metric=ce epoch=1/1
[pipeline-trace] wall=19:23:45 elapsed=774.558s phase=train event=interaction_progress trial=17 partition=0 processed=8700 total=14000 metric=ce epoch=1/1
[pipeline-trace] wall=19:23:45 elapsed=774.849s phase=train event=interaction_progress trial=17 partition=0 processed=8800 total=14000 metric=ce epoch=1/1
[pipeline-trace] wall=19:23:46 elapsed=775.102s phase=train event=interaction_progress trial=17 partition=0 processed=8900 total=14000 metric=ce epoch=1/1
[pipeline-trace] wall=19:23:46 elapsed=775.358s phase=train event=interaction_progress trial=17 partition=0 processed=9000 total=14000 metric=ce epoch=1/1
[pipeline-trace] wall=19:23:46 elapsed=775.614s phase=train event=interaction_progress trial=17 partition=0 processed=9100 total=14000 metric=ce epoch=1/1
[pipeline-trace] wall=19:23:46 elapsed=777.570s phase=train event=interaction_progress trial=18 partition=0 processed=1200 total=14000 metric=ce epoch=1/1
[pipeline-trace] wall=19:23:46 elapsed=775.884s phase=train event=interaction_progress trial=17 partition=0 processed=9200 total=14000 metric=ce epoch=1/1
[pipeline-trace] wall=19:23:47 elapsed=776.142s phase=train event=interaction_progress trial=17 partition=0 processed=9300 total=14000 metric=ce epoch=1/1
[pipeline-trace] wall=19:23:47 elapsed=776.401s phase=train event=interaction_progress trial=17 partition=0 processed=9400 total=14000 metric=ce epoch=1/1
[pipeline-trace] wall=19:23:47 elapsed=776.659s phase=train event=interaction_progress trial=17 partition=0 processed=9500 total=14000 metric=ce epoch=1/1
[pipeline-trace] wall=19:23:47 elapsed=776.912s phase=train event=interaction_progress trial=17 partition=0 processed=9600 total=14000 metric=ce epoch=1/1
[pipeline-trace] wall=19:23:47 elapsed=778.775s phase=train event=interaction_progress trial=18 partition=0 processed=1300 total=14000 metric=ce epoch=1/1
[pipeline-trace] wall=19:23:48 elapsed=777.175s phase=train event=interaction_progress trial=17 partition=0 processed=9700 total=14000 metric=ce epoch=1/1
[pipeline-trace] wall=19:23:48 elapsed=777.432s phase=train event=interaction_progress trial=17 partition=0 processed=9800 total=14000 metric=ce epoch=1/1
[pipeline-trace] wall=19:23:48 elapsed=777.690s phase=train event=interaction_progress trial=17 partition=0 processed=9900 total=14000 metric=ce epoch=1/1
[pipeline-trace] wall=19:23:48 elapsed=777.952s phase=train event=interaction_progress trial=17 partition=0 processed=10000 total=14000 metric=ce epoch=1/1
[pipeline-trace] wall=19:23:49 elapsed=779.982s phase=train event=interaction_progress trial=18 partition=0 processed=1400 total=14000 metric=ce epoch=1/1
[pipeline-trace] wall=19:23:49 elapsed=778.215s phase=train event=interaction_progress trial=17 partition=0 processed=10100 total=14000 metric=ce epoch=1/1
[pipeline-trace] wall=19:23:49 elapsed=778.458s phase=train event=interaction_progress trial=17 partition=0 processed=10200 total=14000 metric=ce epoch=1/1
[pipeline-trace] wall=19:23:49 elapsed=778.704s phase=train event=interaction_progress trial=17 partition=0 processed=10300 total=14000 metric=ce epoch=1/1
[pipeline-trace] wall=19:23:49 elapsed=778.953s phase=train event=interaction_progress trial=17 partition=0 processed=10400 total=14000 metric=ce epoch=1/1
[pipeline-trace] wall=19:23:50 elapsed=779.182s phase=train event=interaction_progress trial=17 partition=0 processed=10500 total=14000 metric=ce epoch=1/1
[pipeline-trace] wall=19:23:50 elapsed=781.187s phase=train event=interaction_progress trial=18 partition=0 processed=1500 total=14000 metric=ce epoch=1/1
[pipeline-trace] wall=19:23:50 elapsed=779.443s phase=train event=interaction_progress trial=17 partition=0 processed=10600 total=14000 metric=ce epoch=1/1
[pipeline-trace] wall=19:23:50 elapsed=779.703s phase=train event=interaction_progress trial=17 partition=0 processed=10700 total=14000 metric=ce epoch=1/1
[pipeline-trace] wall=19:23:50 elapsed=779.969s phase=train event=interaction_progress trial=17 partition=0 processed=10800 total=14000 metric=ce epoch=1/1
[pipeline-trace] wall=19:23:51 elapsed=780.232s phase=train event=interaction_progress trial=17 partition=0 processed=10900 total=14000 metric=ce epoch=1/1
[pipeline-trace] wall=19:23:51 elapsed=780.495s phase=train event=interaction_progress trial=17 partition=0 processed=11000 total=14000 metric=ce epoch=1/1
[pipeline-trace] wall=19:23:51 elapsed=782.420s phase=train event=interaction_progress trial=18 partition=0 processed=1600 total=14000 metric=ce epoch=1/1
[pipeline-trace] wall=19:23:51 elapsed=780.759s phase=train event=interaction_progress trial=17 partition=0 processed=11100 total=14000 metric=ce epoch=1/1
[pipeline-trace] wall=19:23:51 elapsed=781.024s phase=train event=interaction_progress trial=17 partition=0 processed=11200 total=14000 metric=ce epoch=1/1
[pipeline-trace] wall=19:23:52 elapsed=781.288s phase=train event=interaction_progress trial=17 partition=0 processed=11300 total=14000 metric=ce epoch=1/1
[pipeline-trace] wall=19:23:52 elapsed=781.555s phase=train event=interaction_progress trial=17 partition=0 processed=11400 total=14000 metric=ce epoch=1/1
[pipeline-trace] wall=19:23:52 elapsed=783.604s phase=train event=interaction_progress trial=18 partition=0 processed=1700 total=14000 metric=ce epoch=1/1
[pipeline-trace] wall=19:23:52 elapsed=781.816s phase=train event=interaction_progress trial=17 partition=0 processed=11500 total=14000 metric=ce epoch=1/1
[pipeline-trace] wall=19:23:52 elapsed=782.046s phase=train event=interaction_progress trial=17 partition=0 processed=11600 total=14000 metric=ce epoch=1/1
[pipeline-trace] wall=19:23:53 elapsed=782.264s phase=train event=interaction_progress trial=17 partition=0 processed=11700 total=14000 metric=ce epoch=1/1
[pipeline-trace] wall=19:23:53 elapsed=782.484s phase=train event=interaction_progress trial=17 partition=0 processed=11800 total=14000 metric=ce epoch=1/1
[pipeline-trace] wall=19:23:53 elapsed=782.719s phase=train event=interaction_progress trial=17 partition=0 processed=11900 total=14000 metric=ce epoch=1/1
[pipeline-trace] wall=19:23:53 elapsed=782.965s phase=train event=interaction_progress trial=17 partition=0 processed=12000 total=14000 metric=ce epoch=1/1
[pipeline-trace] wall=19:23:53 elapsed=784.857s phase=train event=interaction_progress trial=18 partition=0 processed=1800 total=14000 metric=ce epoch=1/1
[pipeline-trace] wall=19:23:54 elapsed=783.218s phase=train event=interaction_progress trial=17 partition=0 processed=12100 total=14000 metric=ce epoch=1/1
[pipeline-trace] wall=19:23:54 elapsed=783.461s phase=train event=interaction_progress trial=17 partition=0 processed=12200 total=14000 metric=ce epoch=1/1
[pipeline-trace] wall=19:23:54 elapsed=783.725s phase=train event=interaction_progress trial=17 partition=0 processed=12300 total=14000 metric=ce epoch=1/1
[pipeline-trace] wall=19:23:54 elapsed=783.975s phase=train event=interaction_progress trial=17 partition=0 processed=12400 total=14000 metric=ce epoch=1/1
[pipeline-trace] wall=19:23:55 elapsed=784.229s phase=train event=interaction_progress trial=17 partition=0 processed=12500 total=14000 metric=ce epoch=1/1
[pipeline-trace] wall=19:23:55 elapsed=786.065s phase=train event=interaction_progress trial=18 partition=0 processed=1900 total=14000 metric=ce epoch=1/1
[pipeline-trace] wall=19:23:55 elapsed=784.481s phase=train event=interaction_progress trial=17 partition=0 processed=12600 total=14000 metric=ce epoch=1/1
[pipeline-trace] wall=19:23:55 elapsed=784.731s phase=train event=interaction_progress trial=17 partition=0 processed=12700 total=14000 metric=ce epoch=1/1
[pipeline-trace] wall=19:23:55 elapsed=784.984s phase=train event=interaction_progress trial=17 partition=0 processed=12800 total=14000 metric=ce epoch=1/1
[pipeline-trace] wall=19:23:56 elapsed=785.238s phase=train event=interaction_progress trial=17 partition=0 processed=12900 total=14000 metric=ce epoch=1/1
[pipeline-trace] wall=19:23:56 elapsed=787.271s phase=train event=interaction_progress trial=18 partition=0 processed=2000 total=14000 metric=ce epoch=1/1
[pipeline-trace] wall=19:23:56 elapsed=785.492s phase=train event=interaction_progress trial=17 partition=0 processed=13000 total=14000 metric=ce epoch=1/1
[pipeline-trace] wall=19:23:56 elapsed=785.739s phase=train event=interaction_progress trial=17 partition=0 processed=13100 total=14000 metric=ce epoch=1/1
[pipeline-trace] wall=19:23:56 elapsed=785.970s phase=train event=interaction_progress trial=17 partition=0 processed=13200 total=14000 metric=ce epoch=1/1
[pipeline-trace] wall=19:23:57 elapsed=786.223s phase=train event=interaction_progress trial=17 partition=0 processed=13300 total=14000 metric=ce epoch=1/1
[pipeline-trace] wall=19:23:57 elapsed=786.475s phase=train event=interaction_progress trial=17 partition=0 processed=13400 total=14000 metric=ce epoch=1/1
[pipeline-trace] wall=19:23:57 elapsed=788.518s phase=train event=interaction_progress trial=18 partition=0 processed=2100 total=14000 metric=ce epoch=1/1
[pipeline-trace] wall=19:23:57 elapsed=786.732s phase=train event=interaction_progress trial=17 partition=0 processed=13500 total=14000 metric=ce epoch=1/1
[pipeline-trace] wall=19:23:57 elapsed=786.977s phase=train event=interaction_progress trial=17 partition=0 processed=13600 total=14000 metric=ce epoch=1/1
[pipeline-trace] wall=19:23:58 elapsed=787.230s phase=train event=interaction_progress trial=17 partition=0 processed=13700 total=14000 metric=ce epoch=1/1
[pipeline-trace] wall=19:23:58 elapsed=787.466s phase=train event=interaction_progress trial=17 partition=0 processed=13800 total=14000 metric=ce epoch=1/1
[pipeline-trace] wall=19:23:58 elapsed=787.722s phase=train event=interaction_progress trial=17 partition=0 processed=13900 total=14000 metric=ce epoch=1/1
[pipeline-trace] wall=19:23:58 elapsed=789.707s phase=train event=interaction_progress trial=18 partition=0 processed=2200 total=14000 metric=ce epoch=1/1
[pipeline-trace] wall=19:23:58 elapsed=787.973s phase=train event=interaction_progress trial=17 partition=0 processed=14000 total=14000 metric=ce epoch=1/1
[pipeline-trace] wall=19:23:58 elapsed=788.054s phase=eval event=batch_start trial=17 partitions=[1] synthetic=False
[pipeline-trace] wall=19:23:58 elapsed=788.054s phase=eval event=partition_start trial=17 partition=1 interactions=1999
[pipeline-trace] wall=19:23:58 elapsed=788.054s phase=eval event=interaction_progress trial=17 partition=1 processed=1 total=1999 metric=ranking
[pipeline-trace] wall=19:23:59 elapsed=788.191s phase=eval event=interaction_progress trial=17 partition=1 processed=100 total=1999 metric=ranking
[pipeline-trace] wall=19:23:59 elapsed=788.325s phase=eval event=interaction_progress trial=17 partition=1 processed=200 total=1999 metric=ranking
[pipeline-trace] wall=19:23:59 elapsed=788.457s phase=eval event=interaction_progress trial=17 partition=1 processed=300 total=1999 metric=ranking
[pipeline-trace] wall=19:23:59 elapsed=788.590s phase=eval event=interaction_progress trial=17 partition=1 processed=400 total=1999 metric=ranking
[pipeline-trace] wall=19:23:59 elapsed=788.723s phase=eval event=interaction_progress trial=17 partition=1 processed=500 total=1999 metric=ranking
[pipeline-trace] wall=19:23:59 elapsed=788.856s phase=eval event=interaction_progress trial=17 partition=1 processed=600 total=1999 metric=ranking
[pipeline-trace] wall=19:23:59 elapsed=788.987s phase=eval event=interaction_progress trial=17 partition=1 processed=700 total=1999 metric=ranking
[pipeline-trace] wall=19:24:00 elapsed=789.121s phase=eval event=interaction_progress trial=17 partition=1 processed=800 total=1999 metric=ranking
[pipeline-trace] wall=19:24:00 elapsed=790.967s phase=train event=interaction_progress trial=18 partition=0 processed=2300 total=14000 metric=ce epoch=1/1
[pipeline-trace] wall=19:24:00 elapsed=789.254s phase=eval event=interaction_progress trial=17 partition=1 processed=900 total=1999 metric=ranking
[pipeline-trace] wall=19:24:00 elapsed=789.386s phase=eval event=interaction_progress trial=17 partition=1 processed=1000 total=1999 metric=ranking
[pipeline-trace] wall=19:24:00 elapsed=789.520s phase=eval event=interaction_progress trial=17 partition=1 processed=1100 total=1999 metric=ranking
[pipeline-trace] wall=19:24:00 elapsed=789.684s phase=eval event=interaction_progress trial=17 partition=1 processed=1200 total=1999 metric=ranking
[pipeline-trace] wall=19:24:00 elapsed=789.818s phase=eval event=interaction_progress trial=17 partition=1 processed=1300 total=1999 metric=ranking
[pipeline-trace] wall=19:24:00 elapsed=789.953s phase=eval event=interaction_progress trial=17 partition=1 processed=1400 total=1999 metric=ranking
[pipeline-trace] wall=19:24:01 elapsed=790.089s phase=eval event=interaction_progress trial=17 partition=1 processed=1500 total=1999 metric=ranking
[pipeline-trace] wall=19:24:01 elapsed=790.223s phase=eval event=interaction_progress trial=17 partition=1 processed=1600 total=1999 metric=ranking
[pipeline-trace] wall=19:24:01 elapsed=792.186s phase=train event=interaction_progress trial=18 partition=0 processed=2400 total=14000 metric=ce epoch=1/1
[pipeline-trace] wall=19:24:01 elapsed=790.357s phase=eval event=interaction_progress trial=17 partition=1 processed=1700 total=1999 metric=ranking
[pipeline-trace] wall=19:24:01 elapsed=790.491s phase=eval event=interaction_progress trial=17 partition=1 processed=1800 total=1999 metric=ranking
[pipeline-trace] wall=19:24:01 elapsed=790.623s phase=eval event=interaction_progress trial=17 partition=1 processed=1900 total=1999 metric=ranking
[pipeline-trace] wall=19:24:01 elapsed=790.755s phase=eval event=interaction_progress trial=17 partition=1 processed=1999 total=1999 metric=ranking
[pipeline-trace] wall=19:24:01 elapsed=790.757s phase=eval event=partition_complete trial=17 partition=1 elapsed_sec=2.703 hits=1018 total=1999
[pipeline-trace] wall=19:24:01 elapsed=790.865s phase=train event=interaction_progress trial=19 partition=0 processed=1 total=14000 metric=ce epoch=1/1
[pipeline-trace] wall=19:24:02 elapsed=791.253s phase=train event=interaction_progress trial=19 partition=0 processed=100 total=14000 metric=ce epoch=1/1
[pipeline-trace] wall=19:24:02 elapsed=793.425s phase=train event=interaction_progress trial=18 partition=0 processed=2500 total=14000 metric=ce epoch=1/1
[pipeline-trace] wall=19:24:02 elapsed=791.608s phase=train event=interaction_progress trial=19 partition=0 processed=200 total=14000 metric=ce epoch=1/1
[pipeline-trace] wall=19:24:02 elapsed=791.965s phase=train event=interaction_progress trial=19 partition=0 processed=300 total=14000 metric=ce epoch=1/1
[pipeline-trace] wall=19:24:03 elapsed=792.302s phase=train event=interaction_progress trial=19 partition=0 processed=400 total=14000 metric=ce epoch=1/1
[pipeline-trace] wall=19:24:03 elapsed=792.641s phase=train event=interaction_progress trial=19 partition=0 processed=500 total=14000 metric=ce epoch=1/1
[pipeline-trace] wall=19:24:03 elapsed=794.648s phase=train event=interaction_progress trial=18 partition=0 processed=2600 total=14000 metric=ce epoch=1/1
[pipeline-trace] wall=19:24:03 elapsed=793.008s phase=train event=interaction_progress trial=19 partition=0 processed=600 total=14000 metric=ce epoch=1/1
[pipeline-trace] wall=19:24:04 elapsed=793.382s phase=train event=interaction_progress trial=19 partition=0 processed=700 total=14000 metric=ce epoch=1/1
[pipeline-trace] wall=19:24:04 elapsed=793.760s phase=train event=interaction_progress trial=19 partition=0 processed=800 total=14000 metric=ce epoch=1/1
[pipeline-trace] wall=19:24:04 elapsed=795.863s phase=train event=interaction_progress trial=18 partition=0 processed=2700 total=14000 metric=ce epoch=1/1
[pipeline-trace] wall=19:24:05 elapsed=794.131s phase=train event=interaction_progress trial=19 partition=0 processed=900 total=14000 metric=ce epoch=1/1
[pipeline-trace] wall=19:24:05 elapsed=794.490s phase=train event=interaction_progress trial=19 partition=0 processed=1000 total=14000 metric=ce epoch=1/1
[pipeline-trace] wall=19:24:05 elapsed=794.838s phase=train event=interaction_progress trial=19 partition=0 processed=1100 total=14000 metric=ce epoch=1/1
[pipeline-trace] wall=19:24:06 elapsed=795.187s phase=train event=interaction_progress trial=19 partition=0 processed=1200 total=14000 metric=ce epoch=1/1
[pipeline-trace] wall=19:24:06 elapsed=797.085s phase=train event=interaction_progress trial=18 partition=0 processed=2800 total=14000 metric=ce epoch=1/1
[pipeline-trace] wall=19:24:06 elapsed=795.487s phase=train event=interaction_progress trial=19 partition=0 processed=1300 total=14000 metric=ce epoch=1/1
[pipeline-trace] wall=19:24:06 elapsed=795.779s phase=train event=interaction_progress trial=19 partition=0 processed=1400 total=14000 metric=ce epoch=1/1
[pipeline-trace] wall=19:24:06 elapsed=796.072s phase=train event=interaction_progress trial=19 partition=0 processed=1500 total=14000 metric=ce epoch=1/1
[pipeline-trace] wall=19:24:07 elapsed=796.376s phase=train event=interaction_progress trial=19 partition=0 processed=1600 total=14000 metric=ce epoch=1/1
[pipeline-trace] wall=19:24:07 elapsed=798.258s phase=train event=interaction_progress trial=18 partition=0 processed=2900 total=14000 metric=ce epoch=1/1
[pipeline-trace] wall=19:24:07 elapsed=796.686s phase=train event=interaction_progress trial=19 partition=0 processed=1700 total=14000 metric=ce epoch=1/1
[pipeline-trace] wall=19:24:07 elapsed=797.036s phase=train event=interaction_progress trial=19 partition=0 processed=1800 total=14000 metric=ce epoch=1/1
[pipeline-trace] wall=19:24:08 elapsed=797.353s phase=train event=interaction_progress trial=19 partition=0 processed=1900 total=14000 metric=ce epoch=1/1
[pipeline-trace] wall=19:24:08 elapsed=799.493s phase=train event=interaction_progress trial=18 partition=0 processed=3000 total=14000 metric=ce epoch=1/1
[pipeline-trace] wall=19:24:08 elapsed=797.681s phase=train event=interaction_progress trial=19 partition=0 processed=2000 total=14000 metric=ce epoch=1/1
[pipeline-trace] wall=19:24:08 elapsed=797.990s phase=train event=interaction_progress trial=19 partition=0 processed=2100 total=14000 metric=ce epoch=1/1
[pipeline-trace] wall=19:24:09 elapsed=798.304s phase=train event=interaction_progress trial=19 partition=0 processed=2200 total=14000 metric=ce epoch=1/1
[pipeline-trace] wall=19:24:09 elapsed=798.608s phase=train event=interaction_progress trial=19 partition=0 processed=2300 total=14000 metric=ce epoch=1/1
[pipeline-trace] wall=19:24:09 elapsed=800.696s phase=train event=interaction_progress trial=18 partition=0 processed=3100 total=14000 metric=ce epoch=1/1
[pipeline-trace] wall=19:24:09 elapsed=799.023s phase=train event=interaction_progress trial=19 partition=0 processed=2400 total=14000 metric=ce epoch=1/1
[pipeline-trace] wall=19:24:10 elapsed=799.420s phase=train event=interaction_progress trial=19 partition=0 processed=2500 total=14000 metric=ce epoch=1/1
[pipeline-trace] wall=19:24:10 elapsed=799.807s phase=train event=interaction_progress trial=19 partition=0 processed=2600 total=14000 metric=ce epoch=1/1
[pipeline-trace] wall=19:24:10 elapsed=801.893s phase=train event=interaction_progress trial=18 partition=0 processed=3200 total=14000 metric=ce epoch=1/1
[pipeline-trace] wall=19:24:11 elapsed=800.198s phase=train event=interaction_progress trial=19 partition=0 processed=2700 total=14000 metric=ce epoch=1/1
[pipeline-trace] wall=19:24:11 elapsed=800.534s phase=train event=interaction_progress trial=19 partition=0 processed=2800 total=14000 metric=ce epoch=1/1
[pipeline-trace] wall=19:24:11 elapsed=800.855s phase=train event=interaction_progress trial=19 partition=0 processed=2900 total=14000 metric=ce epoch=1/1
[pipeline-trace] wall=19:24:12 elapsed=801.177s phase=train event=interaction_progress trial=19 partition=0 processed=3000 total=14000 metric=ce epoch=1/1
[pipeline-trace] wall=19:24:12 elapsed=803.146s phase=train event=interaction_progress trial=18 partition=0 processed=3300 total=14000 metric=ce epoch=1/1
[pipeline-trace] wall=19:24:12 elapsed=801.527s phase=train event=interaction_progress trial=19 partition=0 processed=3100 total=14000 metric=ce epoch=1/1
[pipeline-trace] wall=19:24:12 elapsed=802.061s phase=train event=interaction_progress trial=19 partition=0 processed=3200 total=14000 metric=ce epoch=1/1
[pipeline-trace] wall=19:24:13 elapsed=802.472s phase=train event=interaction_progress trial=19 partition=0 processed=3300 total=14000 metric=ce epoch=1/1
[pipeline-trace] wall=19:24:13 elapsed=804.326s phase=train event=interaction_progress trial=18 partition=0 processed=3400 total=14000 metric=ce epoch=1/1
[pipeline-trace] wall=19:24:13 elapsed=802.962s phase=train event=interaction_progress trial=19 partition=0 processed=3400 total=14000 metric=ce epoch=1/1
[pipeline-trace] wall=19:24:14 elapsed=803.468s phase=train event=interaction_progress trial=19 partition=0 processed=3500 total=14000 metric=ce epoch=1/1
[pipeline-trace] wall=19:24:14 elapsed=805.575s phase=train event=interaction_progress trial=18 partition=0 processed=3500 total=14000 metric=ce epoch=1/1
[pipeline-trace] wall=19:24:14 elapsed=803.984s phase=train event=interaction_progress trial=19 partition=0 processed=3600 total=14000 metric=ce epoch=1/1
[pipeline-trace] wall=19:24:15 elapsed=804.543s phase=train event=interaction_progress trial=19 partition=0 processed=3700 total=14000 metric=ce epoch=1/1
[pipeline-trace] wall=19:24:15 elapsed=804.908s phase=train event=interaction_progress trial=19 partition=0 processed=3800 total=14000 metric=ce epoch=1/1
[pipeline-trace] wall=19:24:15 elapsed=806.771s phase=train event=interaction_progress trial=18 partition=0 processed=3600 total=14000 metric=ce epoch=1/1
[pipeline-trace] wall=19:24:16 elapsed=805.349s phase=train event=interaction_progress trial=19 partition=0 processed=3900 total=14000 metric=ce epoch=1/1
[pipeline-trace] wall=19:24:16 elapsed=805.704s phase=train event=interaction_progress trial=19 partition=0 processed=4000 total=14000 metric=ce epoch=1/1
[pipeline-trace] wall=19:24:16 elapsed=805.998s phase=train event=interaction_progress trial=19 partition=0 processed=4100 total=14000 metric=ce epoch=1/1
[pipeline-trace] wall=19:24:17 elapsed=807.952s phase=train event=interaction_progress trial=18 partition=0 processed=3700 total=14000 metric=ce epoch=1/1
[pipeline-trace] wall=19:24:17 elapsed=806.297s phase=train event=interaction_progress trial=19 partition=0 processed=4200 total=14000 metric=ce epoch=1/1
[pipeline-trace] wall=19:24:17 elapsed=806.584s phase=train event=interaction_progress trial=19 partition=0 processed=4300 total=14000 metric=ce epoch=1/1
[pipeline-trace] wall=19:24:17 elapsed=806.919s phase=train event=interaction_progress trial=19 partition=0 processed=4400 total=14000 metric=ce epoch=1/1
[pipeline-trace] wall=19:24:18 elapsed=807.230s phase=train event=interaction_progress trial=19 partition=0 processed=4500 total=14000 metric=ce epoch=1/1
[pipeline-trace] wall=19:24:18 elapsed=809.191s phase=train event=interaction_progress trial=18 partition=0 processed=3800 total=14000 metric=ce epoch=1/1
[pipeline-trace] wall=19:24:18 elapsed=807.544s phase=train event=interaction_progress trial=19 partition=0 processed=4600 total=14000 metric=ce epoch=1/1
[pipeline-trace] wall=19:24:18 elapsed=807.870s phase=train event=interaction_progress trial=19 partition=0 processed=4700 total=14000 metric=ce epoch=1/1
[pipeline-trace] wall=19:24:19 elapsed=808.174s phase=train event=interaction_progress trial=19 partition=0 processed=4800 total=14000 metric=ce epoch=1/1
[pipeline-trace] wall=19:24:19 elapsed=808.494s phase=train event=interaction_progress trial=19 partition=0 processed=4900 total=14000 metric=ce epoch=1/1
[pipeline-trace] wall=19:24:19 elapsed=810.405s phase=train event=interaction_progress trial=18 partition=0 processed=3900 total=14000 metric=ce epoch=1/1
[pipeline-trace] wall=19:24:19 elapsed=808.801s phase=train event=interaction_progress trial=19 partition=0 processed=5000 total=14000 metric=ce epoch=1/1
[pipeline-trace] wall=19:24:20 elapsed=809.105s phase=train event=interaction_progress trial=19 partition=0 processed=5100 total=14000 metric=ce epoch=1/1
[pipeline-trace] wall=19:24:20 elapsed=809.409s phase=train event=interaction_progress trial=19 partition=0 processed=5200 total=14000 metric=ce epoch=1/1
[pipeline-trace] wall=19:24:20 elapsed=809.763s phase=train event=interaction_progress trial=19 partition=0 processed=5300 total=14000 metric=ce epoch=1/1
[pipeline-trace] wall=19:24:20 elapsed=811.625s phase=train event=interaction_progress trial=18 partition=0 processed=4000 total=14000 metric=ce epoch=1/1
[pipeline-trace] wall=19:24:21 elapsed=810.138s phase=train event=interaction_progress trial=19 partition=0 processed=5400 total=14000 metric=ce epoch=1/1
[pipeline-trace] wall=19:24:21 elapsed=810.511s phase=train event=interaction_progress trial=19 partition=0 processed=5500 total=14000 metric=ce epoch=1/1
[pipeline-trace] wall=19:24:21 elapsed=810.886s phase=train event=interaction_progress trial=19 partition=0 processed=5600 total=14000 metric=ce epoch=1/1
[pipeline-trace] wall=19:24:21 elapsed=812.833s phase=train event=interaction_progress trial=18 partition=0 processed=4100 total=14000 metric=ce epoch=1/1
[pipeline-trace] wall=19:24:22 elapsed=811.264s phase=train event=interaction_progress trial=19 partition=0 processed=5700 total=14000 metric=ce epoch=1/1
[pipeline-trace] wall=19:24:22 elapsed=811.635s phase=train event=interaction_progress trial=19 partition=0 processed=5800 total=14000 metric=ce epoch=1/1
[pipeline-trace] wall=19:24:22 elapsed=812.022s phase=train event=interaction_progress trial=19 partition=0 processed=5900 total=14000 metric=ce epoch=1/1
[pipeline-trace] wall=19:24:23 elapsed=814.012s phase=train event=interaction_progress trial=18 partition=0 processed=4200 total=14000 metric=ce epoch=1/1
[pipeline-trace] wall=19:24:24 elapsed=813.436s phase=train event=interaction_progress trial=19 partition=0 processed=6000 total=14000 metric=ce epoch=1/1
[pipeline-trace] wall=19:24:25 elapsed=814.129s phase=train event=interaction_progress trial=19 partition=0 processed=6100 total=14000 metric=ce epoch=1/1
[pipeline-trace] wall=19:24:25 elapsed=816.142s phase=train event=interaction_progress trial=18 partition=0 processed=4300 total=14000 metric=ce epoch=1/1
[pipeline-trace] wall=19:24:25 elapsed=814.687s phase=train event=interaction_progress trial=19 partition=0 processed=6200 total=14000 metric=ce epoch=1/1
[pipeline-trace] wall=19:24:26 elapsed=815.123s phase=train event=interaction_progress trial=19 partition=0 processed=6300 total=14000 metric=ce epoch=1/1
[pipeline-trace] wall=19:24:26 elapsed=817.388s phase=train event=interaction_progress trial=18 partition=0 processed=4400 total=14000 metric=ce epoch=1/1
[pipeline-trace] wall=19:24:26 elapsed=815.677s phase=train event=interaction_progress trial=19 partition=0 processed=6400 total=14000 metric=ce epoch=1/1
[pipeline-trace] wall=19:24:27 elapsed=816.245s phase=train event=interaction_progress trial=19 partition=0 processed=6500 total=14000 metric=ce epoch=1/1
[pipeline-trace] wall=19:24:27 elapsed=816.916s phase=train event=interaction_progress trial=19 partition=0 processed=6600 total=14000 metric=ce epoch=1/1
[pipeline-trace] wall=19:24:27 elapsed=818.872s phase=train event=interaction_progress trial=18 partition=0 processed=4500 total=14000 metric=ce epoch=1/1
[pipeline-trace] wall=19:24:28 elapsed=817.473s phase=train event=interaction_progress trial=19 partition=0 processed=6700 total=14000 metric=ce epoch=1/1
[pipeline-trace] wall=19:24:28 elapsed=818.072s phase=train event=interaction_progress trial=19 partition=0 processed=6800 total=14000 metric=ce epoch=1/1
[pipeline-trace] wall=19:24:29 elapsed=820.153s phase=train event=interaction_progress trial=18 partition=0 processed=4600 total=14000 metric=ce epoch=1/1
[pipeline-trace] wall=19:24:29 elapsed=818.616s phase=train event=interaction_progress trial=19 partition=0 processed=6900 total=14000 metric=ce epoch=1/1
[pipeline-trace] wall=19:24:30 elapsed=819.190s phase=train event=interaction_progress trial=19 partition=0 processed=7000 total=14000 metric=ce epoch=1/1
[pipeline-trace] wall=19:24:30 elapsed=819.599s phase=train event=interaction_progress trial=19 partition=0 processed=7100 total=14000 metric=ce epoch=1/1
[pipeline-trace] wall=19:24:30 elapsed=821.493s phase=train event=interaction_progress trial=18 partition=0 processed=4700 total=14000 metric=ce epoch=1/1
[pipeline-trace] wall=19:24:31 elapsed=820.080s phase=train event=interaction_progress trial=19 partition=0 processed=7200 total=14000 metric=ce epoch=1/1
[pipeline-trace] wall=19:24:31 elapsed=820.520s phase=train event=interaction_progress trial=19 partition=0 processed=7300 total=14000 metric=ce epoch=1/1
[pipeline-trace] wall=19:24:31 elapsed=822.658s phase=train event=interaction_progress trial=18 partition=0 processed=4800 total=14000 metric=ce epoch=1/1
[pipeline-trace] wall=19:24:31 elapsed=820.943s phase=train event=interaction_progress trial=19 partition=0 processed=7400 total=14000 metric=ce epoch=1/1
[pipeline-trace] wall=19:24:32 elapsed=821.394s phase=train event=interaction_progress trial=19 partition=0 processed=7500 total=14000 metric=ce epoch=1/1
[pipeline-trace] wall=19:24:32 elapsed=821.749s phase=train event=interaction_progress trial=19 partition=0 processed=7600 total=14000 metric=ce epoch=1/1
[pipeline-trace] wall=19:24:33 elapsed=823.922s phase=train event=interaction_progress trial=18 partition=0 processed=4900 total=14000 metric=ce epoch=1/1
[pipeline-trace] wall=19:24:33 elapsed=822.128s phase=train event=interaction_progress trial=19 partition=0 processed=7700 total=14000 metric=ce epoch=1/1
[pipeline-trace] wall=19:24:33 elapsed=822.574s phase=train event=interaction_progress trial=19 partition=0 processed=7800 total=14000 metric=ce epoch=1/1
[pipeline-trace] wall=19:24:33 elapsed=823.013s phase=train event=interaction_progress trial=19 partition=0 processed=7900 total=14000 metric=ce epoch=1/1
[pipeline-trace] wall=19:24:34 elapsed=825.133s phase=train event=interaction_progress trial=18 partition=0 processed=5000 total=14000 metric=ce epoch=1/1
[pipeline-trace] wall=19:24:34 elapsed=823.456s phase=train event=interaction_progress trial=19 partition=0 processed=8000 total=14000 metric=ce epoch=1/1
[pipeline-trace] wall=19:24:34 elapsed=823.796s phase=train event=interaction_progress trial=19 partition=0 processed=8100 total=14000 metric=ce epoch=1/1
[pipeline-trace] wall=19:24:35 elapsed=824.134s phase=train event=interaction_progress trial=19 partition=0 processed=8200 total=14000 metric=ce epoch=1/1
[pipeline-trace] wall=19:24:35 elapsed=824.454s phase=train event=interaction_progress trial=19 partition=0 processed=8300 total=14000 metric=ce epoch=1/1
[pipeline-trace] wall=19:24:35 elapsed=826.346s phase=train event=interaction_progress trial=18 partition=0 processed=5100 total=14000 metric=ce epoch=1/1
[pipeline-trace] wall=19:24:35 elapsed=824.786s phase=train event=interaction_progress trial=19 partition=0 processed=8400 total=14000 metric=ce epoch=1/1
[pipeline-trace] wall=19:24:36 elapsed=825.131s phase=train event=interaction_progress trial=19 partition=0 processed=8500 total=14000 metric=ce epoch=1/1
[pipeline-trace] wall=19:24:36 elapsed=825.454s phase=train event=interaction_progress trial=19 partition=0 processed=8600 total=14000 metric=ce epoch=1/1
[pipeline-trace] wall=19:24:36 elapsed=827.582s phase=train event=interaction_progress trial=18 partition=0 processed=5200 total=14000 metric=ce epoch=1/1
[pipeline-trace] wall=19:24:36 elapsed=825.784s phase=train event=interaction_progress trial=19 partition=0 processed=8700 total=14000 metric=ce epoch=1/1
[pipeline-trace] wall=19:24:37 elapsed=826.125s phase=train event=interaction_progress trial=19 partition=0 processed=8800 total=14000 metric=ce epoch=1/1
[pipeline-trace] wall=19:24:37 elapsed=826.456s phase=train event=interaction_progress trial=19 partition=0 processed=8900 total=14000 metric=ce epoch=1/1
[pipeline-trace] wall=19:24:37 elapsed=826.779s phase=train event=interaction_progress trial=19 partition=0 processed=9000 total=14000 metric=ce epoch=1/1
[pipeline-trace] wall=19:24:37 elapsed=828.760s phase=train event=interaction_progress trial=18 partition=0 processed=5300 total=14000 metric=ce epoch=1/1
[pipeline-trace] wall=19:24:38 elapsed=827.115s phase=train event=interaction_progress trial=19 partition=0 processed=9100 total=14000 metric=ce epoch=1/1
[pipeline-trace] wall=19:24:38 elapsed=827.445s phase=train event=interaction_progress trial=19 partition=0 processed=9200 total=14000 metric=ce epoch=1/1
[pipeline-trace] wall=19:24:38 elapsed=827.792s phase=train event=interaction_progress trial=19 partition=0 processed=9300 total=14000 metric=ce epoch=1/1
[pipeline-trace] wall=19:24:39 elapsed=828.125s phase=train event=interaction_progress trial=19 partition=0 processed=9400 total=14000 metric=ce epoch=1/1
[pipeline-trace] wall=19:24:39 elapsed=829.994s phase=train event=interaction_progress trial=18 partition=0 processed=5400 total=14000 metric=ce epoch=1/1
[pipeline-trace] wall=19:24:39 elapsed=828.456s phase=train event=interaction_progress trial=19 partition=0 processed=9500 total=14000 metric=ce epoch=1/1
[pipeline-trace] wall=19:24:39 elapsed=828.789s phase=train event=interaction_progress trial=19 partition=0 processed=9600 total=14000 metric=ce epoch=1/1
[pipeline-trace] wall=19:24:40 elapsed=829.114s phase=train event=interaction_progress trial=19 partition=0 processed=9700 total=14000 metric=ce epoch=1/1
[pipeline-trace] wall=19:24:40 elapsed=831.159s phase=train event=interaction_progress trial=18 partition=0 processed=5500 total=14000 metric=ce epoch=1/1
[pipeline-trace] wall=19:24:40 elapsed=829.437s phase=train event=interaction_progress trial=19 partition=0 processed=9800 total=14000 metric=ce epoch=1/1
[pipeline-trace] wall=19:24:40 elapsed=829.762s phase=train event=interaction_progress trial=19 partition=0 processed=9900 total=14000 metric=ce epoch=1/1
[pipeline-trace] wall=19:24:41 elapsed=830.107s phase=train event=interaction_progress trial=19 partition=0 processed=10000 total=14000 metric=ce epoch=1/1
[pipeline-trace] wall=19:24:41 elapsed=830.435s phase=train event=interaction_progress trial=19 partition=0 processed=10100 total=14000 metric=ce epoch=1/1
[pipeline-trace] wall=19:24:41 elapsed=832.354s phase=train event=interaction_progress trial=18 partition=0 processed=5600 total=14000 metric=ce epoch=1/1
[pipeline-trace] wall=19:24:41 elapsed=830.772s phase=train event=interaction_progress trial=19 partition=0 processed=10200 total=14000 metric=ce epoch=1/1
[pipeline-trace] wall=19:24:42 elapsed=831.106s phase=train event=interaction_progress trial=19 partition=0 processed=10300 total=14000 metric=ce epoch=1/1
[pipeline-trace] wall=19:24:42 elapsed=831.435s phase=train event=interaction_progress trial=19 partition=0 processed=10400 total=14000 metric=ce epoch=1/1
[pipeline-trace] wall=19:24:42 elapsed=833.571s phase=train event=interaction_progress trial=18 partition=0 processed=5700 total=14000 metric=ce epoch=1/1
[pipeline-trace] wall=19:24:42 elapsed=831.769s phase=train event=interaction_progress trial=19 partition=0 processed=10500 total=14000 metric=ce epoch=1/1
[pipeline-trace] wall=19:24:43 elapsed=832.090s phase=train event=interaction_progress trial=19 partition=0 processed=10600 total=14000 metric=ce epoch=1/1
[pipeline-trace] wall=19:24:43 elapsed=832.399s phase=train event=interaction_progress trial=19 partition=0 processed=10700 total=14000 metric=ce epoch=1/1
[pipeline-trace] wall=19:24:43 elapsed=832.719s phase=train event=interaction_progress trial=19 partition=0 processed=10800 total=14000 metric=ce epoch=1/1
[pipeline-trace] wall=19:24:43 elapsed=834.701s phase=train event=interaction_progress trial=18 partition=0 processed=5800 total=14000 metric=ce epoch=1/1
[pipeline-trace] wall=19:24:43 elapsed=833.067s phase=train event=interaction_progress trial=19 partition=0 processed=10900 total=14000 metric=ce epoch=1/1
[pipeline-trace] wall=19:24:44 elapsed=833.394s phase=train event=interaction_progress trial=19 partition=0 processed=11000 total=14000 metric=ce epoch=1/1
[pipeline-trace] wall=19:24:44 elapsed=833.711s phase=train event=interaction_progress trial=19 partition=0 processed=11100 total=14000 metric=ce epoch=1/1
[pipeline-trace] wall=19:24:44 elapsed=834.027s phase=train event=interaction_progress trial=19 partition=0 processed=11200 total=14000 metric=ce epoch=1/1
[pipeline-trace] wall=19:24:44 elapsed=835.906s phase=train event=interaction_progress trial=18 partition=0 processed=5900 total=14000 metric=ce epoch=1/1
[pipeline-trace] wall=19:24:45 elapsed=834.345s phase=train event=interaction_progress trial=19 partition=0 processed=11300 total=14000 metric=ce epoch=1/1
[pipeline-trace] wall=19:24:45 elapsed=834.665s phase=train event=interaction_progress trial=19 partition=0 processed=11400 total=14000 metric=ce epoch=1/1
[pipeline-trace] wall=19:24:45 elapsed=834.987s phase=train event=interaction_progress trial=19 partition=0 processed=11500 total=14000 metric=ce epoch=1/1
[pipeline-trace] wall=19:24:46 elapsed=835.304s phase=train event=interaction_progress trial=19 partition=0 processed=11600 total=14000 metric=ce epoch=1/1
[pipeline-trace] wall=19:24:46 elapsed=837.143s phase=train event=interaction_progress trial=18 partition=0 processed=6000 total=14000 metric=ce epoch=1/1
[pipeline-trace] wall=19:24:46 elapsed=835.591s phase=train event=interaction_progress trial=19 partition=0 processed=11700 total=14000 metric=ce epoch=1/1
[pipeline-trace] wall=19:24:46 elapsed=835.901s phase=train event=interaction_progress trial=19 partition=0 processed=11800 total=14000 metric=ce epoch=1/1
[pipeline-trace] wall=19:24:47 elapsed=836.280s phase=train event=interaction_progress trial=19 partition=0 processed=11900 total=14000 metric=ce epoch=1/1
[pipeline-trace] wall=19:24:47 elapsed=838.326s phase=train event=interaction_progress trial=18 partition=0 processed=6100 total=14000 metric=ce epoch=1/1
[pipeline-trace] wall=19:24:47 elapsed=836.658s phase=train event=interaction_progress trial=19 partition=0 processed=12000 total=14000 metric=ce epoch=1/1
[pipeline-trace] wall=19:24:47 elapsed=837.028s phase=train event=interaction_progress trial=19 partition=0 processed=12100 total=14000 metric=ce epoch=1/1
[pipeline-trace] wall=19:24:48 elapsed=837.403s phase=train event=interaction_progress trial=19 partition=0 processed=12200 total=14000 metric=ce epoch=1/1
[pipeline-trace] wall=19:24:48 elapsed=839.554s phase=train event=interaction_progress trial=18 partition=0 processed=6200 total=14000 metric=ce epoch=1/1
[pipeline-trace] wall=19:24:48 elapsed=837.789s phase=train event=interaction_progress trial=19 partition=0 processed=12300 total=14000 metric=ce epoch=1/1
[pipeline-trace] wall=19:24:49 elapsed=838.170s phase=train event=interaction_progress trial=19 partition=0 processed=12400 total=14000 metric=ce epoch=1/1
[pipeline-trace] wall=19:24:49 elapsed=838.560s phase=train event=interaction_progress trial=19 partition=0 processed=12500 total=14000 metric=ce epoch=1/1
[pipeline-trace] wall=19:24:49 elapsed=840.753s phase=train event=interaction_progress trial=18 partition=0 processed=6300 total=14000 metric=ce epoch=1/1
[pipeline-trace] wall=19:24:49 elapsed=838.959s phase=train event=interaction_progress trial=19 partition=0 processed=12600 total=14000 metric=ce epoch=1/1
[pipeline-trace] wall=19:24:50 elapsed=839.361s phase=train event=interaction_progress trial=19 partition=0 processed=12700 total=14000 metric=ce epoch=1/1
[pipeline-trace] wall=19:24:50 elapsed=839.730s phase=train event=interaction_progress trial=19 partition=0 processed=12800 total=14000 metric=ce epoch=1/1
[pipeline-trace] wall=19:24:51 elapsed=841.959s phase=train event=interaction_progress trial=18 partition=0 processed=6400 total=14000 metric=ce epoch=1/1
[pipeline-trace] wall=19:24:51 elapsed=840.131s phase=train event=interaction_progress trial=19 partition=0 processed=12900 total=14000 metric=ce epoch=1/1
[pipeline-trace] wall=19:24:51 elapsed=840.571s phase=train event=interaction_progress trial=19 partition=0 processed=13000 total=14000 metric=ce epoch=1/1
[pipeline-trace] wall=19:24:51 elapsed=840.941s phase=train event=interaction_progress trial=19 partition=0 processed=13100 total=14000 metric=ce epoch=1/1
[pipeline-trace] wall=19:24:52 elapsed=841.308s phase=train event=interaction_progress trial=19 partition=0 processed=13200 total=14000 metric=ce epoch=1/1
[pipeline-trace] wall=19:24:52 elapsed=843.197s phase=train event=interaction_progress trial=18 partition=0 processed=6500 total=14000 metric=ce epoch=1/1
[pipeline-trace] wall=19:24:52 elapsed=841.679s phase=train event=interaction_progress trial=19 partition=0 processed=13300 total=14000 metric=ce epoch=1/1
[pipeline-trace] wall=19:24:52 elapsed=842.055s phase=train event=interaction_progress trial=19 partition=0 processed=13400 total=14000 metric=ce epoch=1/1
[pipeline-trace] wall=19:24:53 elapsed=842.418s phase=train event=interaction_progress trial=19 partition=0 processed=13500 total=14000 metric=ce epoch=1/1
[pipeline-trace] wall=19:24:53 elapsed=844.387s phase=train event=interaction_progress trial=18 partition=0 processed=6600 total=14000 metric=ce epoch=1/1
[pipeline-trace] wall=19:24:53 elapsed=842.776s phase=train event=interaction_progress trial=19 partition=0 processed=13600 total=14000 metric=ce epoch=1/1
[pipeline-trace] wall=19:24:54 elapsed=843.162s phase=train event=interaction_progress trial=19 partition=0 processed=13700 total=14000 metric=ce epoch=1/1
[pipeline-trace] wall=19:24:54 elapsed=843.530s phase=train event=interaction_progress trial=19 partition=0 processed=13800 total=14000 metric=ce epoch=1/1
[pipeline-trace] wall=19:24:54 elapsed=845.629s phase=train event=interaction_progress trial=18 partition=0 processed=6700 total=14000 metric=ce epoch=1/1
[pipeline-trace] wall=19:24:54 elapsed=843.908s phase=train event=interaction_progress trial=19 partition=0 processed=13900 total=14000 metric=ce epoch=1/1
[pipeline-trace] wall=19:24:55 elapsed=844.276s phase=train event=interaction_progress trial=19 partition=0 processed=14000 total=14000 metric=ce epoch=1/1
[pipeline-trace] wall=19:24:55 elapsed=846.250s phase=train event=interaction_progress trial=18 partition=0 processed=6800 total=14000 metric=ce epoch=1/1
[pipeline-trace] wall=19:24:55 elapsed=844.618s phase=eval event=batch_start trial=19 partitions=[1] synthetic=False
[pipeline-trace] wall=19:24:55 elapsed=844.618s phase=eval event=partition_start trial=19 partition=1 interactions=1999
[pipeline-trace] wall=19:24:55 elapsed=844.618s phase=eval event=interaction_progress trial=19 partition=1 processed=1 total=1999 metric=ranking
[pipeline-trace] wall=19:24:55 elapsed=846.652s phase=train event=interaction_progress trial=18 partition=0 processed=6900 total=14000 metric=ce epoch=1/1
[pipeline-trace] wall=19:24:55 elapsed=844.837s phase=eval event=interaction_progress trial=19 partition=1 processed=100 total=1999 metric=ranking
[pipeline-trace] wall=19:24:55 elapsed=845.068s phase=eval event=interaction_progress trial=19 partition=1 processed=200 total=1999 metric=ranking
[pipeline-trace] wall=19:24:56 elapsed=847.049s phase=train event=interaction_progress trial=18 partition=0 processed=7000 total=14000 metric=ce epoch=1/1
[pipeline-trace] wall=19:24:56 elapsed=845.299s phase=eval event=interaction_progress trial=19 partition=1 processed=300 total=1999 metric=ranking
[pipeline-trace] wall=19:24:56 elapsed=845.527s phase=eval event=interaction_progress trial=19 partition=1 processed=400 total=1999 metric=ranking
[pipeline-trace] wall=19:24:56 elapsed=845.774s phase=eval event=interaction_progress trial=19 partition=1 processed=500 total=1999 metric=ranking
[pipeline-trace] wall=19:24:56 elapsed=846.005s phase=eval event=interaction_progress trial=19 partition=1 processed=600 total=1999 metric=ranking
[pipeline-trace] wall=19:24:57 elapsed=847.989s phase=train event=interaction_progress trial=18 partition=0 processed=7100 total=14000 metric=ce epoch=1/1
[pipeline-trace] wall=19:24:57 elapsed=846.236s phase=eval event=interaction_progress trial=19 partition=1 processed=700 total=1999 metric=ranking
[pipeline-trace] wall=19:24:57 elapsed=846.464s phase=eval event=interaction_progress trial=19 partition=1 processed=800 total=1999 metric=ranking
[pipeline-trace] wall=19:24:57 elapsed=848.358s phase=train event=interaction_progress trial=18 partition=0 processed=7200 total=14000 metric=ce epoch=1/1
[pipeline-trace] wall=19:24:57 elapsed=846.694s phase=eval event=interaction_progress trial=19 partition=1 processed=900 total=1999 metric=ranking
[pipeline-trace] wall=19:24:57 elapsed=848.704s phase=train event=interaction_progress trial=18 partition=0 processed=7300 total=14000 metric=ce epoch=1/1
[pipeline-trace] wall=19:24:57 elapsed=846.926s phase=eval event=interaction_progress trial=19 partition=1 processed=1000 total=1999 metric=ranking
[pipeline-trace] wall=19:24:58 elapsed=847.165s phase=eval event=interaction_progress trial=19 partition=1 processed=1100 total=1999 metric=ranking
[pipeline-trace] wall=19:24:58 elapsed=849.074s phase=train event=interaction_progress trial=18 partition=0 processed=7400 total=14000 metric=ce epoch=1/1
[pipeline-trace] wall=19:24:58 elapsed=847.417s phase=eval event=interaction_progress trial=19 partition=1 processed=1200 total=1999 metric=ranking
[pipeline-trace] wall=19:24:58 elapsed=847.673s phase=eval event=interaction_progress trial=19 partition=1 processed=1300 total=1999 metric=ranking
[pipeline-trace] wall=19:24:58 elapsed=849.516s phase=train event=interaction_progress trial=18 partition=0 processed=7500 total=14000 metric=ce epoch=1/1
[pipeline-trace] wall=19:24:58 elapsed=847.939s phase=eval event=interaction_progress trial=19 partition=1 processed=1400 total=1999 metric=ranking
[pipeline-trace] wall=19:24:59 elapsed=848.207s phase=eval event=interaction_progress trial=19 partition=1 processed=1500 total=1999 metric=ranking
[pipeline-trace] wall=19:24:59 elapsed=850.242s phase=train event=interaction_progress trial=18 partition=0 processed=7600 total=14000 metric=ce epoch=1/1
[pipeline-trace] wall=19:24:59 elapsed=848.466s phase=eval event=interaction_progress trial=19 partition=1 processed=1600 total=1999 metric=ranking
[pipeline-trace] wall=19:24:59 elapsed=848.702s phase=eval event=interaction_progress trial=19 partition=1 processed=1700 total=1999 metric=ranking
[pipeline-trace] wall=19:24:59 elapsed=848.937s phase=eval event=interaction_progress trial=19 partition=1 processed=1800 total=1999 metric=ranking
[pipeline-trace] wall=19:25:00 elapsed=849.168s phase=eval event=interaction_progress trial=19 partition=1 processed=1900 total=1999 metric=ranking
[pipeline-trace] wall=19:25:00 elapsed=849.393s phase=eval event=interaction_progress trial=19 partition=1 processed=1999 total=1999 metric=ranking
[pipeline-trace] wall=19:25:00 elapsed=849.396s phase=eval event=partition_complete trial=19 partition=1 elapsed_sec=4.778 hits=1095 total=1999
[pipeline-trace] wall=19:25:00 elapsed=849.487s phase=train event=interaction_progress trial=20 partition=0 processed=1 total=14000 metric=ce epoch=1/1
[pipeline-trace] wall=19:25:00 elapsed=851.490s phase=train event=interaction_progress trial=18 partition=0 processed=7700 total=14000 metric=ce epoch=1/1
[pipeline-trace] wall=19:25:00 elapsed=849.887s phase=train event=interaction_progress trial=20 partition=0 processed=100 total=14000 metric=ce epoch=1/1
[pipeline-trace] wall=19:25:01 elapsed=850.255s phase=train event=interaction_progress trial=20 partition=0 processed=200 total=14000 metric=ce epoch=1/1
[pipeline-trace] wall=19:25:01 elapsed=850.564s phase=train event=interaction_progress trial=20 partition=0 processed=300 total=14000 metric=ce epoch=1/1
[pipeline-trace] wall=19:25:01 elapsed=852.717s phase=train event=interaction_progress trial=18 partition=0 processed=7800 total=14000 metric=ce epoch=1/1
[pipeline-trace] wall=19:25:01 elapsed=850.907s phase=train event=interaction_progress trial=20 partition=0 processed=400 total=14000 metric=ce epoch=1/1
[pipeline-trace] wall=19:25:02 elapsed=851.245s phase=train event=interaction_progress trial=20 partition=0 processed=500 total=14000 metric=ce epoch=1/1
[pipeline-trace] wall=19:25:02 elapsed=851.651s phase=train event=interaction_progress trial=20 partition=0 processed=600 total=14000 metric=ce epoch=1/1
[pipeline-trace] wall=19:25:02 elapsed=852.029s phase=train event=interaction_progress trial=20 partition=0 processed=700 total=14000 metric=ce epoch=1/1
[pipeline-trace] wall=19:25:03 elapsed=853.940s phase=train event=interaction_progress trial=18 partition=0 processed=7900 total=14000 metric=ce epoch=1/1
[pipeline-trace] wall=19:25:03 elapsed=852.330s phase=train event=interaction_progress trial=20 partition=0 processed=800 total=14000 metric=ce epoch=1/1
[pipeline-trace] wall=19:25:03 elapsed=852.666s phase=train event=interaction_progress trial=20 partition=0 processed=900 total=14000 metric=ce epoch=1/1
[pipeline-trace] wall=19:25:03 elapsed=853.008s phase=train event=interaction_progress trial=20 partition=0 processed=1000 total=14000 metric=ce epoch=1/1
[pipeline-trace] wall=19:25:04 elapsed=855.204s phase=train event=interaction_progress trial=18 partition=0 processed=8000 total=14000 metric=ce epoch=1/1
[pipeline-trace] wall=19:25:04 elapsed=853.420s phase=train event=interaction_progress trial=20 partition=0 processed=1100 total=14000 metric=ce epoch=1/1
[pipeline-trace] wall=19:25:04 elapsed=853.884s phase=train event=interaction_progress trial=20 partition=0 processed=1200 total=14000 metric=ce epoch=1/1
[pipeline-trace] wall=19:25:05 elapsed=854.322s phase=train event=interaction_progress trial=20 partition=0 processed=1300 total=14000 metric=ce epoch=1/1
[pipeline-trace] wall=19:25:05 elapsed=856.403s phase=train event=interaction_progress trial=18 partition=0 processed=8100 total=14000 metric=ce epoch=1/1
[pipeline-trace] wall=19:25:05 elapsed=854.660s phase=train event=interaction_progress trial=20 partition=0 processed=1400 total=14000 metric=ce epoch=1/1
[pipeline-trace] wall=19:25:05 elapsed=854.979s phase=train event=interaction_progress trial=20 partition=0 processed=1500 total=14000 metric=ce epoch=1/1
[pipeline-trace] wall=19:25:06 elapsed=855.341s phase=train event=interaction_progress trial=20 partition=0 processed=1600 total=14000 metric=ce epoch=1/1
[pipeline-trace] wall=19:25:06 elapsed=855.698s phase=train event=interaction_progress trial=20 partition=0 processed=1700 total=14000 metric=ce epoch=1/1
[pipeline-trace] wall=19:25:06 elapsed=857.663s phase=train event=interaction_progress trial=18 partition=0 processed=8200 total=14000 metric=ce epoch=1/1
[pipeline-trace] wall=19:25:06 elapsed=856.052s phase=train event=interaction_progress trial=20 partition=0 processed=1800 total=14000 metric=ce epoch=1/1
[pipeline-trace] wall=19:25:07 elapsed=856.441s phase=train event=interaction_progress trial=20 partition=0 processed=1900 total=14000 metric=ce epoch=1/1
[pipeline-trace] wall=19:25:07 elapsed=856.794s phase=train event=interaction_progress trial=20 partition=0 processed=2000 total=14000 metric=ce epoch=1/1
[pipeline-trace] wall=19:25:07 elapsed=858.902s phase=train event=interaction_progress trial=18 partition=0 processed=8300 total=14000 metric=ce epoch=1/1
[pipeline-trace] wall=19:25:08 elapsed=857.145s phase=train event=interaction_progress trial=20 partition=0 processed=2100 total=14000 metric=ce epoch=1/1
[pipeline-trace] wall=19:25:08 elapsed=857.446s phase=train event=interaction_progress trial=20 partition=0 processed=2200 total=14000 metric=ce epoch=1/1
[pipeline-trace] wall=19:25:08 elapsed=857.797s phase=train event=interaction_progress trial=20 partition=0 processed=2300 total=14000 metric=ce epoch=1/1
[pipeline-trace] wall=19:25:09 elapsed=858.136s phase=train event=interaction_progress trial=20 partition=0 processed=2400 total=14000 metric=ce epoch=1/1
[pipeline-trace] wall=19:25:09 elapsed=860.112s phase=train event=interaction_progress trial=18 partition=0 processed=8400 total=14000 metric=ce epoch=1/1
[pipeline-trace] wall=19:25:09 elapsed=858.464s phase=train event=interaction_progress trial=20 partition=0 processed=2500 total=14000 metric=ce epoch=1/1
[pipeline-trace] wall=19:25:09 elapsed=858.798s phase=train event=interaction_progress trial=20 partition=0 processed=2600 total=14000 metric=ce epoch=1/1
[pipeline-trace] wall=19:25:10 elapsed=859.133s phase=train event=interaction_progress trial=20 partition=0 processed=2700 total=14000 metric=ce epoch=1/1
[pipeline-trace] wall=19:25:10 elapsed=859.425s phase=train event=interaction_progress trial=20 partition=0 processed=2800 total=14000 metric=ce epoch=1/1
[pipeline-trace] wall=19:25:10 elapsed=861.341s phase=train event=interaction_progress trial=18 partition=0 processed=8500 total=14000 metric=ce epoch=1/1
[pipeline-trace] wall=19:25:10 elapsed=859.745s phase=train event=interaction_progress trial=20 partition=0 processed=2900 total=14000 metric=ce epoch=1/1
[pipeline-trace] wall=19:25:10 elapsed=859.982s phase=train event=interaction_progress trial=20 partition=0 processed=3000 total=14000 metric=ce epoch=1/1
[pipeline-trace] wall=19:25:11 elapsed=860.276s phase=train event=interaction_progress trial=20 partition=0 processed=3100 total=14000 metric=ce epoch=1/1
[pipeline-trace] wall=19:25:11 elapsed=860.515s phase=train event=interaction_progress trial=20 partition=0 processed=3200 total=14000 metric=ce epoch=1/1
[pipeline-trace] wall=19:25:11 elapsed=862.563s phase=train event=interaction_progress trial=18 partition=0 processed=8600 total=14000 metric=ce epoch=1/1
[pipeline-trace] wall=19:25:11 elapsed=860.834s phase=train event=interaction_progress trial=20 partition=0 processed=3300 total=14000 metric=ce epoch=1/1
[pipeline-trace] wall=19:25:12 elapsed=861.196s phase=train event=interaction_progress trial=20 partition=0 processed=3400 total=14000 metric=ce epoch=1/1
[pipeline-trace] wall=19:25:12 elapsed=861.566s phase=train event=interaction_progress trial=20 partition=0 processed=3500 total=14000 metric=ce epoch=1/1
[pipeline-trace] wall=19:25:12 elapsed=861.875s phase=train event=interaction_progress trial=20 partition=0 processed=3600 total=14000 metric=ce epoch=1/1
[pipeline-trace] wall=19:25:12 elapsed=863.815s phase=train event=interaction_progress trial=18 partition=0 processed=8700 total=14000 metric=ce epoch=1/1
[pipeline-trace] wall=19:25:13 elapsed=862.217s phase=train event=interaction_progress trial=20 partition=0 processed=3700 total=14000 metric=ce epoch=1/1
[pipeline-trace] wall=19:25:13 elapsed=862.559s phase=train event=interaction_progress trial=20 partition=0 processed=3800 total=14000 metric=ce epoch=1/1
[pipeline-trace] wall=19:25:13 elapsed=862.901s phase=train event=interaction_progress trial=20 partition=0 processed=3900 total=14000 metric=ce epoch=1/1
[pipeline-trace] wall=19:25:14 elapsed=865.015s phase=train event=interaction_progress trial=18 partition=0 processed=8800 total=14000 metric=ce epoch=1/1
[pipeline-trace] wall=19:25:14 elapsed=863.316s phase=train event=interaction_progress trial=20 partition=0 processed=4000 total=14000 metric=ce epoch=1/1
[pipeline-trace] wall=19:25:14 elapsed=863.988s phase=train event=interaction_progress trial=20 partition=0 processed=4100 total=14000 metric=ce epoch=1/1
[pipeline-trace] wall=19:25:15 elapsed=864.467s phase=train event=interaction_progress trial=20 partition=0 processed=4200 total=14000 metric=ce epoch=1/1
[pipeline-trace] wall=19:25:15 elapsed=866.588s phase=train event=interaction_progress trial=18 partition=0 processed=8900 total=14000 metric=ce epoch=1/1
[pipeline-trace] wall=19:25:15 elapsed=864.864s phase=train event=interaction_progress trial=20 partition=0 processed=4300 total=14000 metric=ce epoch=1/1
[pipeline-trace] wall=19:25:16 elapsed=865.271s phase=train event=interaction_progress trial=20 partition=0 processed=4400 total=14000 metric=ce epoch=1/1
[pipeline-trace] wall=19:25:16 elapsed=865.690s phase=train event=interaction_progress trial=20 partition=0 processed=4500 total=14000 metric=ce epoch=1/1
[pipeline-trace] wall=19:25:17 elapsed=866.163s phase=train event=interaction_progress trial=20 partition=0 processed=4600 total=14000 metric=ce epoch=1/1
[pipeline-trace] wall=19:25:17 elapsed=868.013s phase=train event=interaction_progress trial=18 partition=0 processed=9000 total=14000 metric=ce epoch=1/1
[pipeline-trace] wall=19:25:17 elapsed=866.596s phase=train event=interaction_progress trial=20 partition=0 processed=4700 total=14000 metric=ce epoch=1/1
[pipeline-trace] wall=19:25:18 elapsed=867.102s phase=train event=interaction_progress trial=20 partition=0 processed=4800 total=14000 metric=ce epoch=1/1
[pipeline-trace] wall=19:25:18 elapsed=869.308s phase=train event=interaction_progress trial=18 partition=0 processed=9100 total=14000 metric=ce epoch=1/1
[pipeline-trace] wall=19:25:18 elapsed=867.596s phase=train event=interaction_progress trial=20 partition=0 processed=4900 total=14000 metric=ce epoch=1/1
[pipeline-trace] wall=19:25:19 elapsed=868.104s phase=train event=interaction_progress trial=20 partition=0 processed=5000 total=14000 metric=ce epoch=1/1
[pipeline-trace] wall=19:25:19 elapsed=868.561s phase=train event=interaction_progress trial=20 partition=0 processed=5100 total=14000 metric=ce epoch=1/1
[pipeline-trace] wall=19:25:19 elapsed=870.629s phase=train event=interaction_progress trial=18 partition=0 processed=9200 total=14000 metric=ce epoch=1/1
[pipeline-trace] wall=19:25:19 elapsed=869.059s phase=train event=interaction_progress trial=20 partition=0 processed=5200 total=14000 metric=ce epoch=1/1
[pipeline-trace] wall=19:25:20 elapsed=869.539s phase=train event=interaction_progress trial=20 partition=0 processed=5300 total=14000 metric=ce epoch=1/1
[pipeline-trace] wall=19:25:20 elapsed=870.042s phase=train event=interaction_progress trial=20 partition=0 processed=5400 total=14000 metric=ce epoch=1/1
[pipeline-trace] wall=19:25:21 elapsed=871.949s phase=train event=interaction_progress trial=18 partition=0 processed=9300 total=14000 metric=ce epoch=1/1
[pipeline-trace] wall=19:25:21 elapsed=870.500s phase=train event=interaction_progress trial=20 partition=0 processed=5500 total=14000 metric=ce epoch=1/1
[pipeline-trace] wall=19:25:21 elapsed=870.888s phase=train event=interaction_progress trial=20 partition=0 processed=5600 total=14000 metric=ce epoch=1/1
[pipeline-trace] wall=19:25:22 elapsed=871.258s phase=train event=interaction_progress trial=20 partition=0 processed=5700 total=14000 metric=ce epoch=1/1
[pipeline-trace] wall=19:25:22 elapsed=873.189s phase=train event=interaction_progress trial=18 partition=0 processed=9400 total=14000 metric=ce epoch=1/1
[pipeline-trace] wall=19:25:22 elapsed=871.581s phase=train event=interaction_progress trial=20 partition=0 processed=5800 total=14000 metric=ce epoch=1/1
[pipeline-trace] wall=19:25:22 elapsed=871.865s phase=train event=interaction_progress trial=20 partition=0 processed=5900 total=14000 metric=ce epoch=1/1
[pipeline-trace] wall=19:25:23 elapsed=872.193s phase=train event=interaction_progress trial=20 partition=0 processed=6000 total=14000 metric=ce epoch=1/1
[pipeline-trace] wall=19:25:23 elapsed=872.484s phase=train event=interaction_progress trial=20 partition=0 processed=6100 total=14000 metric=ce epoch=1/1
[pipeline-trace] wall=19:25:23 elapsed=874.466s phase=train event=interaction_progress trial=18 partition=0 processed=9500 total=14000 metric=ce epoch=1/1
[pipeline-trace] wall=19:25:23 elapsed=872.801s phase=train event=interaction_progress trial=20 partition=0 processed=6200 total=14000 metric=ce epoch=1/1
[pipeline-trace] wall=19:25:24 elapsed=873.177s phase=train event=interaction_progress trial=20 partition=0 processed=6300 total=14000 metric=ce epoch=1/1
[pipeline-trace] wall=19:25:24 elapsed=873.506s phase=train event=interaction_progress trial=20 partition=0 processed=6400 total=14000 metric=ce epoch=1/1
[pipeline-trace] wall=19:25:24 elapsed=875.650s phase=train event=interaction_progress trial=18 partition=0 processed=9600 total=14000 metric=ce epoch=1/1
[pipeline-trace] wall=19:25:24 elapsed=873.845s phase=train event=interaction_progress trial=20 partition=0 processed=6500 total=14000 metric=ce epoch=1/1
[pipeline-trace] wall=19:25:25 elapsed=874.236s phase=train event=interaction_progress trial=20 partition=0 processed=6600 total=14000 metric=ce epoch=1/1
[pipeline-trace] wall=19:25:25 elapsed=874.656s phase=train event=interaction_progress trial=20 partition=0 processed=6700 total=14000 metric=ce epoch=1/1
[pipeline-trace] wall=19:25:25 elapsed=875.017s phase=train event=interaction_progress trial=20 partition=0 processed=6800 total=14000 metric=ce epoch=1/1
[pipeline-trace] wall=19:25:25 elapsed=876.892s phase=train event=interaction_progress trial=18 partition=0 processed=9700 total=14000 metric=ce epoch=1/1
[pipeline-trace] wall=19:25:26 elapsed=875.421s phase=train event=interaction_progress trial=20 partition=0 processed=6900 total=14000 metric=ce epoch=1/1
[pipeline-trace] wall=19:25:26 elapsed=875.765s phase=train event=interaction_progress trial=20 partition=0 processed=7000 total=14000 metric=ce epoch=1/1
[pipeline-trace] wall=19:25:26 elapsed=876.053s phase=train event=interaction_progress trial=20 partition=0 processed=7100 total=14000 metric=ce epoch=1/1
[pipeline-trace] wall=19:25:27 elapsed=878.104s phase=train event=interaction_progress trial=18 partition=0 processed=9800 total=14000 metric=ce epoch=1/1
[pipeline-trace] wall=19:25:27 elapsed=876.298s phase=train event=interaction_progress trial=20 partition=0 processed=7200 total=14000 metric=ce epoch=1/1
[pipeline-trace] wall=19:25:27 elapsed=876.538s phase=train event=interaction_progress trial=20 partition=0 processed=7300 total=14000 metric=ce epoch=1/1
[pipeline-trace] wall=19:25:27 elapsed=876.842s phase=train event=interaction_progress trial=20 partition=0 processed=7400 total=14000 metric=ce epoch=1/1
[pipeline-trace] wall=19:25:28 elapsed=877.179s phase=train event=interaction_progress trial=20 partition=0 processed=7500 total=14000 metric=ce epoch=1/1
[pipeline-trace] wall=19:25:28 elapsed=879.319s phase=train event=interaction_progress trial=18 partition=0 processed=9900 total=14000 metric=ce epoch=1/1
[pipeline-trace] wall=19:25:28 elapsed=877.503s phase=train event=interaction_progress trial=20 partition=0 processed=7600 total=14000 metric=ce epoch=1/1
[pipeline-trace] wall=19:25:28 elapsed=877.824s phase=train event=interaction_progress trial=20 partition=0 processed=7700 total=14000 metric=ce epoch=1/1
[pipeline-trace] wall=19:25:29 elapsed=878.149s phase=train event=interaction_progress trial=20 partition=0 processed=7800 total=14000 metric=ce epoch=1/1
[pipeline-trace] wall=19:25:29 elapsed=878.464s phase=train event=interaction_progress trial=20 partition=0 processed=7900 total=14000 metric=ce epoch=1/1
[pipeline-trace] wall=19:25:29 elapsed=880.563s phase=train event=interaction_progress trial=18 partition=0 processed=10000 total=14000 metric=ce epoch=1/1
[pipeline-trace] wall=19:25:29 elapsed=878.775s phase=train event=interaction_progress trial=20 partition=0 processed=8000 total=14000 metric=ce epoch=1/1
[pipeline-trace] wall=19:25:30 elapsed=879.097s phase=train event=interaction_progress trial=20 partition=0 processed=8100 total=14000 metric=ce epoch=1/1
[pipeline-trace] wall=19:25:30 elapsed=879.428s phase=train event=interaction_progress trial=20 partition=0 processed=8200 total=14000 metric=ce epoch=1/1
[pipeline-trace] wall=19:25:30 elapsed=879.763s phase=train event=interaction_progress trial=20 partition=0 processed=8300 total=14000 metric=ce epoch=1/1
[pipeline-trace] wall=19:25:30 elapsed=881.728s phase=train event=interaction_progress trial=18 partition=0 processed=10100 total=14000 metric=ce epoch=1/1
[pipeline-trace] wall=19:25:31 elapsed=880.090s phase=train event=interaction_progress trial=20 partition=0 processed=8400 total=14000 metric=ce epoch=1/1
[pipeline-trace] wall=19:25:31 elapsed=880.413s phase=train event=interaction_progress trial=20 partition=0 processed=8500 total=14000 metric=ce epoch=1/1
[pipeline-trace] wall=19:25:31 elapsed=880.741s phase=train event=interaction_progress trial=20 partition=0 processed=8600 total=14000 metric=ce epoch=1/1
[pipeline-trace] wall=19:25:31 elapsed=881.070s phase=train event=interaction_progress trial=20 partition=0 processed=8700 total=14000 metric=ce epoch=1/1
[pipeline-trace] wall=19:25:32 elapsed=882.948s phase=train event=interaction_progress trial=18 partition=0 processed=10200 total=14000 metric=ce epoch=1/1
[pipeline-trace] wall=19:25:32 elapsed=881.344s phase=train event=interaction_progress trial=20 partition=0 processed=8800 total=14000 metric=ce epoch=1/1
[pipeline-trace] wall=19:25:32 elapsed=881.661s phase=train event=interaction_progress trial=20 partition=0 processed=8900 total=14000 metric=ce epoch=1/1
[pipeline-trace] wall=19:25:32 elapsed=881.976s phase=train event=interaction_progress trial=20 partition=0 processed=9000 total=14000 metric=ce epoch=1/1
[pipeline-trace] wall=19:25:33 elapsed=882.306s phase=train event=interaction_progress trial=20 partition=0 processed=9100 total=14000 metric=ce epoch=1/1
[pipeline-trace] wall=19:25:33 elapsed=884.146s phase=train event=interaction_progress trial=18 partition=0 processed=10300 total=14000 metric=ce epoch=1/1
[pipeline-trace] wall=19:25:33 elapsed=882.642s phase=train event=interaction_progress trial=20 partition=0 processed=9200 total=14000 metric=ce epoch=1/1
[pipeline-trace] wall=19:25:33 elapsed=882.980s phase=train event=interaction_progress trial=20 partition=0 processed=9300 total=14000 metric=ce epoch=1/1
[pipeline-trace] wall=19:25:34 elapsed=883.315s phase=train event=interaction_progress trial=20 partition=0 processed=9400 total=14000 metric=ce epoch=1/1
[pipeline-trace] wall=19:25:34 elapsed=885.354s phase=train event=interaction_progress trial=18 partition=0 processed=10400 total=14000 metric=ce epoch=1/1
[pipeline-trace] wall=19:25:34 elapsed=883.646s phase=train event=interaction_progress trial=20 partition=0 processed=9500 total=14000 metric=ce epoch=1/1
[pipeline-trace] wall=19:25:34 elapsed=883.987s phase=train event=interaction_progress trial=20 partition=0 processed=9600 total=14000 metric=ce epoch=1/1
[pipeline-trace] wall=19:25:35 elapsed=884.291s phase=train event=interaction_progress trial=20 partition=0 processed=9700 total=14000 metric=ce epoch=1/1
[pipeline-trace] wall=19:25:35 elapsed=884.629s phase=train event=interaction_progress trial=20 partition=0 processed=9800 total=14000 metric=ce epoch=1/1
[pipeline-trace] wall=19:25:35 elapsed=886.633s phase=train event=interaction_progress trial=18 partition=0 processed=10500 total=14000 metric=ce epoch=1/1
[pipeline-trace] wall=19:25:35 elapsed=884.967s phase=train event=interaction_progress trial=20 partition=0 processed=9900 total=14000 metric=ce epoch=1/1
[pipeline-trace] wall=19:25:36 elapsed=885.300s phase=train event=interaction_progress trial=20 partition=0 processed=10000 total=14000 metric=ce epoch=1/1
[pipeline-trace] wall=19:25:36 elapsed=885.626s phase=train event=interaction_progress trial=20 partition=0 processed=10100 total=14000 metric=ce epoch=1/1
[pipeline-trace] wall=19:25:36 elapsed=885.971s phase=train event=interaction_progress trial=20 partition=0 processed=10200 total=14000 metric=ce epoch=1/1
[pipeline-trace] wall=19:25:36 elapsed=887.827s phase=train event=interaction_progress trial=18 partition=0 processed=10600 total=14000 metric=ce epoch=1/1
[pipeline-trace] wall=19:25:37 elapsed=886.321s phase=train event=interaction_progress trial=20 partition=0 processed=10300 total=14000 metric=ce epoch=1/1
[pipeline-trace] wall=19:25:37 elapsed=886.691s phase=train event=interaction_progress trial=20 partition=0 processed=10400 total=14000 metric=ce epoch=1/1
[pipeline-trace] wall=19:25:37 elapsed=887.035s phase=train event=interaction_progress trial=20 partition=0 processed=10500 total=14000 metric=ce epoch=1/1
[pipeline-trace] wall=19:25:38 elapsed=889.089s phase=train event=interaction_progress trial=18 partition=0 processed=10700 total=14000 metric=ce epoch=1/1
[pipeline-trace] wall=19:25:38 elapsed=887.362s phase=train event=interaction_progress trial=20 partition=0 processed=10600 total=14000 metric=ce epoch=1/1
[pipeline-trace] wall=19:25:38 elapsed=887.717s phase=train event=interaction_progress trial=20 partition=0 processed=10700 total=14000 metric=ce epoch=1/1
[pipeline-trace] wall=19:25:38 elapsed=888.060s phase=train event=interaction_progress trial=20 partition=0 processed=10800 total=14000 metric=ce epoch=1/1
[pipeline-trace] wall=19:25:39 elapsed=888.400s phase=train event=interaction_progress trial=20 partition=0 processed=10900 total=14000 metric=ce epoch=1/1
[pipeline-trace] wall=19:25:39 elapsed=890.290s phase=train event=interaction_progress trial=18 partition=0 processed=10800 total=14000 metric=ce epoch=1/1
[pipeline-trace] wall=19:25:39 elapsed=888.742s phase=train event=interaction_progress trial=20 partition=0 processed=11000 total=14000 metric=ce epoch=1/1
[pipeline-trace] wall=19:25:40 elapsed=889.103s phase=train event=interaction_progress trial=20 partition=0 processed=11100 total=14000 metric=ce epoch=1/1
[pipeline-trace] wall=19:25:40 elapsed=889.462s phase=train event=interaction_progress trial=20 partition=0 processed=11200 total=14000 metric=ce epoch=1/1
[pipeline-trace] wall=19:25:40 elapsed=891.503s phase=train event=interaction_progress trial=18 partition=0 processed=10900 total=14000 metric=ce epoch=1/1
[pipeline-trace] wall=19:25:40 elapsed=889.821s phase=train event=interaction_progress trial=20 partition=0 processed=11300 total=14000 metric=ce epoch=1/1
[pipeline-trace] wall=19:25:41 elapsed=890.175s phase=train event=interaction_progress trial=20 partition=0 processed=11400 total=14000 metric=ce epoch=1/1
[pipeline-trace] wall=19:25:41 elapsed=890.524s phase=train event=interaction_progress trial=20 partition=0 processed=11500 total=14000 metric=ce epoch=1/1
[pipeline-trace] wall=19:25:41 elapsed=890.871s phase=train event=interaction_progress trial=20 partition=0 processed=11600 total=14000 metric=ce epoch=1/1
[pipeline-trace] wall=19:25:41 elapsed=892.765s phase=train event=interaction_progress trial=18 partition=0 processed=11000 total=14000 metric=ce epoch=1/1
[pipeline-trace] wall=19:25:42 elapsed=891.191s phase=train event=interaction_progress trial=20 partition=0 processed=11700 total=14000 metric=ce epoch=1/1
[pipeline-trace] wall=19:25:42 elapsed=891.646s phase=train event=interaction_progress trial=20 partition=0 processed=11800 total=14000 metric=ce epoch=1/1
[pipeline-trace] wall=19:25:43 elapsed=892.096s phase=train event=interaction_progress trial=20 partition=0 processed=11900 total=14000 metric=ce epoch=1/1
[pipeline-trace] wall=19:25:43 elapsed=894.037s phase=train event=interaction_progress trial=18 partition=0 processed=11100 total=14000 metric=ce epoch=1/1
[pipeline-trace] wall=19:25:43 elapsed=892.548s phase=train event=interaction_progress trial=20 partition=0 processed=12000 total=14000 metric=ce epoch=1/1
[pipeline-trace] wall=19:25:43 elapsed=892.960s phase=train event=interaction_progress trial=20 partition=0 processed=12100 total=14000 metric=ce epoch=1/1
[pipeline-trace] wall=19:25:44 elapsed=893.291s phase=train event=interaction_progress trial=20 partition=0 processed=12200 total=14000 metric=ce epoch=1/1
[pipeline-trace] wall=19:25:44 elapsed=895.352s phase=train event=interaction_progress trial=18 partition=0 processed=11200 total=14000 metric=ce epoch=1/1
[pipeline-trace] wall=19:25:44 elapsed=893.625s phase=train event=interaction_progress trial=20 partition=0 processed=12300 total=14000 metric=ce epoch=1/1
[pipeline-trace] wall=19:25:44 elapsed=893.963s phase=train event=interaction_progress trial=20 partition=0 processed=12400 total=14000 metric=ce epoch=1/1
[pipeline-trace] wall=19:25:45 elapsed=894.326s phase=train event=interaction_progress trial=20 partition=0 processed=12500 total=14000 metric=ce epoch=1/1
[pipeline-trace] wall=19:25:45 elapsed=894.656s phase=train event=interaction_progress trial=20 partition=0 processed=12600 total=14000 metric=ce epoch=1/1
[pipeline-trace] wall=19:25:45 elapsed=896.545s phase=train event=interaction_progress trial=18 partition=0 processed=11300 total=14000 metric=ce epoch=1/1
[pipeline-trace] wall=19:25:45 elapsed=894.954s phase=train event=interaction_progress trial=20 partition=0 processed=12700 total=14000 metric=ce epoch=1/1
[pipeline-trace] wall=19:25:46 elapsed=895.263s phase=train event=interaction_progress trial=20 partition=0 processed=12800 total=14000 metric=ce epoch=1/1
[pipeline-trace] wall=19:25:46 elapsed=895.568s phase=train event=interaction_progress trial=20 partition=0 processed=12900 total=14000 metric=ce epoch=1/1
[pipeline-trace] wall=19:25:46 elapsed=895.889s phase=train event=interaction_progress trial=20 partition=0 processed=13000 total=14000 metric=ce epoch=1/1
[pipeline-trace] wall=19:25:46 elapsed=897.798s phase=train event=interaction_progress trial=18 partition=0 processed=11400 total=14000 metric=ce epoch=1/1
[pipeline-trace] wall=19:25:47 elapsed=896.213s phase=train event=interaction_progress trial=20 partition=0 processed=13100 total=14000 metric=ce epoch=1/1
[pipeline-trace] wall=19:25:47 elapsed=896.548s phase=train event=interaction_progress trial=20 partition=0 processed=13200 total=14000 metric=ce epoch=1/1
[pipeline-trace] wall=19:25:47 elapsed=896.879s phase=train event=interaction_progress trial=20 partition=0 processed=13300 total=14000 metric=ce epoch=1/1
[pipeline-trace] wall=19:25:48 elapsed=899.017s phase=train event=interaction_progress trial=18 partition=0 processed=11500 total=14000 metric=ce epoch=1/1
[pipeline-trace] wall=19:25:48 elapsed=897.216s phase=train event=interaction_progress trial=20 partition=0 processed=13400 total=14000 metric=ce epoch=1/1
[pipeline-trace] wall=19:25:48 elapsed=897.554s phase=train event=interaction_progress trial=20 partition=0 processed=13500 total=14000 metric=ce epoch=1/1
[pipeline-trace] wall=19:25:48 elapsed=897.884s phase=train event=interaction_progress trial=20 partition=0 processed=13600 total=14000 metric=ce epoch=1/1
[pipeline-trace] wall=19:25:49 elapsed=898.198s phase=train event=interaction_progress trial=20 partition=0 processed=13700 total=14000 metric=ce epoch=1/1
[pipeline-trace] wall=19:25:49 elapsed=900.240s phase=train event=interaction_progress trial=18 partition=0 processed=11600 total=14000 metric=ce epoch=1/1
[pipeline-trace] wall=19:25:49 elapsed=898.529s phase=train event=interaction_progress trial=20 partition=0 processed=13800 total=14000 metric=ce epoch=1/1
[pipeline-trace] wall=19:25:49 elapsed=898.852s phase=train event=interaction_progress trial=20 partition=0 processed=13900 total=14000 metric=ce epoch=1/1
[pipeline-trace] wall=19:25:50 elapsed=899.143s phase=train event=interaction_progress trial=20 partition=0 processed=14000 total=14000 metric=ce epoch=1/1
[pipeline-trace] wall=19:25:50 elapsed=899.258s phase=eval event=batch_start trial=20 partitions=[1] synthetic=False
[pipeline-trace] wall=19:25:50 elapsed=899.258s phase=eval event=partition_start trial=20 partition=1 interactions=1999
[pipeline-trace] wall=19:25:50 elapsed=899.258s phase=eval event=interaction_progress trial=20 partition=1 processed=1 total=1999 metric=ranking
[pipeline-trace] wall=19:25:50 elapsed=899.392s phase=eval event=interaction_progress trial=20 partition=1 processed=100 total=1999 metric=ranking
[pipeline-trace] wall=19:25:50 elapsed=899.516s phase=eval event=interaction_progress trial=20 partition=1 processed=200 total=1999 metric=ranking
[pipeline-trace] wall=19:25:50 elapsed=899.640s phase=eval event=interaction_progress trial=20 partition=1 processed=300 total=1999 metric=ranking
[pipeline-trace] wall=19:25:50 elapsed=901.487s phase=train event=interaction_progress trial=18 partition=0 processed=11700 total=14000 metric=ce epoch=1/1
[pipeline-trace] wall=19:25:50 elapsed=899.765s phase=eval event=interaction_progress trial=20 partition=1 processed=400 total=1999 metric=ranking
[pipeline-trace] wall=19:25:50 elapsed=899.890s phase=eval event=interaction_progress trial=20 partition=1 processed=500 total=1999 metric=ranking
[pipeline-trace] wall=19:25:50 elapsed=900.014s phase=eval event=interaction_progress trial=20 partition=1 processed=600 total=1999 metric=ranking
[pipeline-trace] wall=19:25:51 elapsed=900.137s phase=eval event=interaction_progress trial=20 partition=1 processed=700 total=1999 metric=ranking
[pipeline-trace] wall=19:25:51 elapsed=900.260s phase=eval event=interaction_progress trial=20 partition=1 processed=800 total=1999 metric=ranking
[pipeline-trace] wall=19:25:51 elapsed=900.384s phase=eval event=interaction_progress trial=20 partition=1 processed=900 total=1999 metric=ranking
[pipeline-trace] wall=19:25:51 elapsed=900.509s phase=eval event=interaction_progress trial=20 partition=1 processed=1000 total=1999 metric=ranking
[pipeline-trace] wall=19:25:51 elapsed=900.634s phase=eval event=interaction_progress trial=20 partition=1 processed=1100 total=1999 metric=ranking
[pipeline-trace] wall=19:25:51 elapsed=900.758s phase=eval event=interaction_progress trial=20 partition=1 processed=1200 total=1999 metric=ranking
[pipeline-trace] wall=19:25:51 elapsed=902.671s phase=train event=interaction_progress trial=18 partition=0 processed=11800 total=14000 metric=ce epoch=1/1
[pipeline-trace] wall=19:25:51 elapsed=900.882s phase=eval event=interaction_progress trial=20 partition=1 processed=1300 total=1999 metric=ranking
[pipeline-trace] wall=19:25:51 elapsed=901.006s phase=eval event=interaction_progress trial=20 partition=1 processed=1400 total=1999 metric=ranking
[pipeline-trace] wall=19:25:52 elapsed=901.128s phase=eval event=interaction_progress trial=20 partition=1 processed=1500 total=1999 metric=ranking
[pipeline-trace] wall=19:25:52 elapsed=901.251s phase=eval event=interaction_progress trial=20 partition=1 processed=1600 total=1999 metric=ranking
[pipeline-trace] wall=19:25:52 elapsed=901.376s phase=eval event=interaction_progress trial=20 partition=1 processed=1700 total=1999 metric=ranking
[pipeline-trace] wall=19:25:52 elapsed=901.500s phase=eval event=interaction_progress trial=20 partition=1 processed=1800 total=1999 metric=ranking
[pipeline-trace] wall=19:25:52 elapsed=901.764s phase=eval event=interaction_progress trial=20 partition=1 processed=1900 total=1999 metric=ranking
[pipeline-trace] wall=19:25:52 elapsed=901.919s phase=eval event=interaction_progress trial=20 partition=1 processed=1999 total=1999 metric=ranking
[pipeline-trace] wall=19:25:52 elapsed=901.921s phase=eval event=partition_complete trial=20 partition=1 elapsed_sec=2.663 hits=1774 total=1999
[pipeline-trace] wall=19:25:52 elapsed=902.007s phase=train event=interaction_progress trial=21 partition=0 processed=1 total=14000 metric=ce epoch=1/1
[pipeline-trace] wall=19:25:53 elapsed=903.942s phase=train event=interaction_progress trial=18 partition=0 processed=11900 total=14000 metric=ce epoch=1/1
[pipeline-trace] wall=19:25:53 elapsed=902.318s phase=train event=interaction_progress trial=21 partition=0 processed=100 total=14000 metric=ce epoch=1/1
[pipeline-trace] wall=19:25:53 elapsed=902.640s phase=train event=interaction_progress trial=21 partition=0 processed=200 total=14000 metric=ce epoch=1/1
[pipeline-trace] wall=19:25:53 elapsed=902.967s phase=train event=interaction_progress trial=21 partition=0 processed=300 total=14000 metric=ce epoch=1/1
[pipeline-trace] wall=19:25:54 elapsed=903.294s phase=train event=interaction_progress trial=21 partition=0 processed=400 total=14000 metric=ce epoch=1/1
[pipeline-trace] wall=19:25:54 elapsed=905.167s phase=train event=interaction_progress trial=18 partition=0 processed=12000 total=14000 metric=ce epoch=1/1
[pipeline-trace] wall=19:25:54 elapsed=903.612s phase=train event=interaction_progress trial=21 partition=0 processed=500 total=14000 metric=ce epoch=1/1
[pipeline-trace] wall=19:25:54 elapsed=903.901s phase=train event=interaction_progress trial=21 partition=0 processed=600 total=14000 metric=ce epoch=1/1
[pipeline-trace] wall=19:25:55 elapsed=904.214s phase=train event=interaction_progress trial=21 partition=0 processed=700 total=14000 metric=ce epoch=1/1
[pipeline-trace] wall=19:25:55 elapsed=906.382s phase=train event=interaction_progress trial=18 partition=0 processed=12100 total=14000 metric=ce epoch=1/1
[pipeline-trace] wall=19:25:55 elapsed=904.589s phase=train event=interaction_progress trial=21 partition=0 processed=800 total=14000 metric=ce epoch=1/1
[pipeline-trace] wall=19:25:55 elapsed=904.872s phase=train event=interaction_progress trial=21 partition=0 processed=900 total=14000 metric=ce epoch=1/1
[pipeline-trace] wall=19:25:56 elapsed=905.194s phase=train event=interaction_progress trial=21 partition=0 processed=1000 total=14000 metric=ce epoch=1/1
[pipeline-trace] wall=19:25:56 elapsed=905.515s phase=train event=interaction_progress trial=21 partition=0 processed=1100 total=14000 metric=ce epoch=1/1
[pipeline-trace] wall=19:25:56 elapsed=907.663s phase=train event=interaction_progress trial=18 partition=0 processed=12200 total=14000 metric=ce epoch=1/1
[pipeline-trace] wall=19:25:56 elapsed=905.891s phase=train event=interaction_progress trial=21 partition=0 processed=1200 total=14000 metric=ce epoch=1/1
[pipeline-trace] wall=19:25:57 elapsed=906.212s phase=train event=interaction_progress trial=21 partition=0 processed=1300 total=14000 metric=ce epoch=1/1
[pipeline-trace] wall=19:25:57 elapsed=906.558s phase=train event=interaction_progress trial=21 partition=0 processed=1400 total=14000 metric=ce epoch=1/1
[pipeline-trace] wall=19:25:57 elapsed=906.909s phase=train event=interaction_progress trial=21 partition=0 processed=1500 total=14000 metric=ce epoch=1/1
[pipeline-trace] wall=19:25:57 elapsed=908.883s phase=train event=interaction_progress trial=18 partition=0 processed=12300 total=14000 metric=ce epoch=1/1
[pipeline-trace] wall=19:25:58 elapsed=907.194s phase=train event=interaction_progress trial=21 partition=0 processed=1600 total=14000 metric=ce epoch=1/1
[pipeline-trace] wall=19:25:58 elapsed=907.457s phase=train event=interaction_progress trial=21 partition=0 processed=1700 total=14000 metric=ce epoch=1/1
[pipeline-trace] wall=19:25:58 elapsed=907.751s phase=train event=interaction_progress trial=21 partition=0 processed=1800 total=14000 metric=ce epoch=1/1
[pipeline-trace] wall=19:25:58 elapsed=908.042s phase=train event=interaction_progress trial=21 partition=0 processed=1900 total=14000 metric=ce epoch=1/1
[pipeline-trace] wall=19:25:59 elapsed=908.337s phase=train event=interaction_progress trial=21 partition=0 processed=2000 total=14000 metric=ce epoch=1/1
[pipeline-trace] wall=19:25:59 elapsed=910.193s phase=train event=interaction_progress trial=18 partition=0 processed=12400 total=14000 metric=ce epoch=1/1
[pipeline-trace] wall=19:25:59 elapsed=908.638s phase=train event=interaction_progress trial=21 partition=0 processed=2100 total=14000 metric=ce epoch=1/1
[pipeline-trace] wall=19:25:59 elapsed=908.882s phase=train event=interaction_progress trial=21 partition=0 processed=2200 total=14000 metric=ce epoch=1/1
[pipeline-trace] wall=19:26:00 elapsed=909.132s phase=train event=interaction_progress trial=21 partition=0 processed=2300 total=14000 metric=ce epoch=1/1
[pipeline-trace] wall=19:26:00 elapsed=909.392s phase=train event=interaction_progress trial=21 partition=0 processed=2400 total=14000 metric=ce epoch=1/1
[pipeline-trace] wall=19:26:00 elapsed=911.365s phase=train event=interaction_progress trial=18 partition=0 processed=12500 total=14000 metric=ce epoch=1/1
[pipeline-trace] wall=19:26:00 elapsed=909.662s phase=train event=interaction_progress trial=21 partition=0 processed=2500 total=14000 metric=ce epoch=1/1
[pipeline-trace] wall=19:26:00 elapsed=909.932s phase=train event=interaction_progress trial=21 partition=0 processed=2600 total=14000 metric=ce epoch=1/1
[pipeline-trace] wall=19:26:01 elapsed=910.220s phase=train event=interaction_progress trial=21 partition=0 processed=2700 total=14000 metric=ce epoch=1/1
[pipeline-trace] wall=19:26:01 elapsed=910.530s phase=train event=interaction_progress trial=21 partition=0 processed=2800 total=14000 metric=ce epoch=1/1
[pipeline-trace] wall=19:26:01 elapsed=912.607s phase=train event=interaction_progress trial=18 partition=0 processed=12600 total=14000 metric=ce epoch=1/1
[pipeline-trace] wall=19:26:01 elapsed=910.842s phase=train event=interaction_progress trial=21 partition=0 processed=2900 total=14000 metric=ce epoch=1/1
[pipeline-trace] wall=19:26:02 elapsed=911.146s phase=train event=interaction_progress trial=21 partition=0 processed=3000 total=14000 metric=ce epoch=1/1
[pipeline-trace] wall=19:26:02 elapsed=911.455s phase=train event=interaction_progress trial=21 partition=0 processed=3100 total=14000 metric=ce epoch=1/1
[pipeline-trace] wall=19:26:02 elapsed=911.739s phase=train event=interaction_progress trial=21 partition=0 processed=3200 total=14000 metric=ce epoch=1/1
[pipeline-trace] wall=19:26:02 elapsed=913.877s phase=train event=interaction_progress trial=18 partition=0 processed=12700 total=14000 metric=ce epoch=1/1
[pipeline-trace] wall=19:26:02 elapsed=912.068s phase=train event=interaction_progress trial=21 partition=0 processed=3300 total=14000 metric=ce epoch=1/1
[pipeline-trace] wall=19:26:03 elapsed=912.323s phase=train event=interaction_progress trial=21 partition=0 processed=3400 total=14000 metric=ce epoch=1/1
[pipeline-trace] wall=19:26:03 elapsed=912.580s phase=train event=interaction_progress trial=21 partition=0 processed=3500 total=14000 metric=ce epoch=1/1
[pipeline-trace] wall=19:26:03 elapsed=912.839s phase=train event=interaction_progress trial=21 partition=0 processed=3600 total=14000 metric=ce epoch=1/1
[pipeline-trace] wall=19:26:04 elapsed=913.095s phase=train event=interaction_progress trial=21 partition=0 processed=3700 total=14000 metric=ce epoch=1/1
[pipeline-trace] wall=19:26:04 elapsed=915.094s phase=train event=interaction_progress trial=18 partition=0 processed=12800 total=14000 metric=ce epoch=1/1
[pipeline-trace] wall=19:26:04 elapsed=913.342s phase=train event=interaction_progress trial=21 partition=0 processed=3800 total=14000 metric=ce epoch=1/1
[pipeline-trace] wall=19:26:04 elapsed=913.600s phase=train event=interaction_progress trial=21 partition=0 processed=3900 total=14000 metric=ce epoch=1/1
[pipeline-trace] wall=19:26:04 elapsed=913.867s phase=train event=interaction_progress trial=21 partition=0 processed=4000 total=14000 metric=ce epoch=1/1
[pipeline-trace] wall=19:26:05 elapsed=914.143s phase=train event=interaction_progress trial=21 partition=0 processed=4100 total=14000 metric=ce epoch=1/1
[pipeline-trace] wall=19:26:05 elapsed=914.493s phase=train event=interaction_progress trial=21 partition=0 processed=4200 total=14000 metric=ce epoch=1/1
[pipeline-trace] wall=19:26:06 elapsed=915.075s phase=train event=interaction_progress trial=21 partition=0 processed=4300 total=14000 metric=ce epoch=1/1
[pipeline-trace] wall=19:26:07 elapsed=918.843s phase=train event=interaction_progress trial=18 partition=0 processed=12900 total=14000 metric=ce epoch=1/1
[pipeline-trace] wall=19:26:11 elapsed=921.008s phase=train event=interaction_progress trial=21 partition=0 processed=4400 total=14000 metric=ce epoch=1/1
[pipeline-trace] wall=19:26:12 elapsed=921.445s phase=train event=interaction_progress trial=21 partition=0 processed=4500 total=14000 metric=ce epoch=1/1
[pipeline-trace] wall=19:26:12 elapsed=923.548s phase=train event=interaction_progress trial=18 partition=0 processed=13000 total=14000 metric=ce epoch=1/1
[pipeline-trace] wall=19:26:12 elapsed=921.832s phase=train event=interaction_progress trial=21 partition=0 processed=4600 total=14000 metric=ce epoch=1/1
[pipeline-trace] wall=19:26:13 elapsed=922.204s phase=train event=interaction_progress trial=21 partition=0 processed=4700 total=14000 metric=ce epoch=1/1
[pipeline-trace] wall=19:26:13 elapsed=922.576s phase=train event=interaction_progress trial=21 partition=0 processed=4800 total=14000 metric=ce epoch=1/1
[pipeline-trace] wall=19:26:13 elapsed=924.756s phase=train event=interaction_progress trial=18 partition=0 processed=13100 total=14000 metric=ce epoch=1/1
[pipeline-trace] wall=19:26:13 elapsed=922.961s phase=train event=interaction_progress trial=21 partition=0 processed=4900 total=14000 metric=ce epoch=1/1
[pipeline-trace] wall=19:26:14 elapsed=923.340s phase=train event=interaction_progress trial=21 partition=0 processed=5000 total=14000 metric=ce epoch=1/1
[pipeline-trace] wall=19:26:14 elapsed=923.731s phase=train event=interaction_progress trial=21 partition=0 processed=5100 total=14000 metric=ce epoch=1/1
[pipeline-trace] wall=19:26:15 elapsed=925.949s phase=train event=interaction_progress trial=18 partition=0 processed=13200 total=14000 metric=ce epoch=1/1
[pipeline-trace] wall=19:26:15 elapsed=924.124s phase=train event=interaction_progress trial=21 partition=0 processed=5200 total=14000 metric=ce epoch=1/1
[pipeline-trace] wall=19:26:15 elapsed=924.441s phase=train event=interaction_progress trial=21 partition=0 processed=5300 total=14000 metric=ce epoch=1/1
[pipeline-trace] wall=19:26:15 elapsed=924.691s phase=train event=interaction_progress trial=21 partition=0 processed=5400 total=14000 metric=ce epoch=1/1
[pipeline-trace] wall=19:26:15 elapsed=924.938s phase=train event=interaction_progress trial=21 partition=0 processed=5500 total=14000 metric=ce epoch=1/1
[pipeline-trace] wall=19:26:16 elapsed=925.210s phase=train event=interaction_progress trial=21 partition=0 processed=5600 total=14000 metric=ce epoch=1/1
[pipeline-trace] wall=19:26:16 elapsed=927.210s phase=train event=interaction_progress trial=18 partition=0 processed=13300 total=14000 metric=ce epoch=1/1
[pipeline-trace] wall=19:26:16 elapsed=925.460s phase=train event=interaction_progress trial=21 partition=0 processed=5700 total=14000 metric=ce epoch=1/1
[pipeline-trace] wall=19:26:16 elapsed=925.712s phase=train event=interaction_progress trial=21 partition=0 processed=5800 total=14000 metric=ce epoch=1/1
[pipeline-trace] wall=19:26:16 elapsed=925.963s phase=train event=interaction_progress trial=21 partition=0 processed=5900 total=14000 metric=ce epoch=1/1
[pipeline-trace] wall=19:26:17 elapsed=926.210s phase=train event=interaction_progress trial=21 partition=0 processed=6000 total=14000 metric=ce epoch=1/1
[pipeline-trace] wall=19:26:17 elapsed=926.459s phase=train event=interaction_progress trial=21 partition=0 processed=6100 total=14000 metric=ce epoch=1/1
[pipeline-trace] wall=19:26:17 elapsed=928.391s phase=train event=interaction_progress trial=18 partition=0 processed=13400 total=14000 metric=ce epoch=1/1
[pipeline-trace] wall=19:26:17 elapsed=926.715s phase=train event=interaction_progress trial=21 partition=0 processed=6200 total=14000 metric=ce epoch=1/1
[pipeline-trace] wall=19:26:17 elapsed=926.968s phase=train event=interaction_progress trial=21 partition=0 processed=6300 total=14000 metric=ce epoch=1/1
[pipeline-trace] wall=19:26:18 elapsed=927.225s phase=train event=interaction_progress trial=21 partition=0 processed=6400 total=14000 metric=ce epoch=1/1
[pipeline-trace] wall=19:26:18 elapsed=927.480s phase=train event=interaction_progress trial=21 partition=0 processed=6500 total=14000 metric=ce epoch=1/1
[pipeline-trace] wall=19:26:18 elapsed=927.730s phase=train event=interaction_progress trial=21 partition=0 processed=6600 total=14000 metric=ce epoch=1/1
[pipeline-trace] wall=19:26:18 elapsed=929.633s phase=train event=interaction_progress trial=18 partition=0 processed=13500 total=14000 metric=ce epoch=1/1
[pipeline-trace] wall=19:26:18 elapsed=927.979s phase=train event=interaction_progress trial=21 partition=0 processed=6700 total=14000 metric=ce epoch=1/1
[pipeline-trace] wall=19:26:19 elapsed=928.230s phase=train event=interaction_progress trial=21 partition=0 processed=6800 total=14000 metric=ce epoch=1/1
[pipeline-trace] wall=19:26:19 elapsed=928.474s phase=train event=interaction_progress trial=21 partition=0 processed=6900 total=14000 metric=ce epoch=1/1
[pipeline-trace] wall=19:26:19 elapsed=928.700s phase=train event=interaction_progress trial=21 partition=0 processed=7000 total=14000 metric=ce epoch=1/1
[pipeline-trace] wall=19:26:19 elapsed=928.943s phase=train event=interaction_progress trial=21 partition=0 processed=7100 total=14000 metric=ce epoch=1/1
[pipeline-trace] wall=19:26:19 elapsed=930.842s phase=train event=interaction_progress trial=18 partition=0 processed=13600 total=14000 metric=ce epoch=1/1
[pipeline-trace] wall=19:26:20 elapsed=929.163s phase=train event=interaction_progress trial=21 partition=0 processed=7200 total=14000 metric=ce epoch=1/1
[pipeline-trace] wall=19:26:20 elapsed=929.407s phase=train event=interaction_progress trial=21 partition=0 processed=7300 total=14000 metric=ce epoch=1/1
[pipeline-trace] wall=19:26:20 elapsed=929.664s phase=train event=interaction_progress trial=21 partition=0 processed=7400 total=14000 metric=ce epoch=1/1
[pipeline-trace] wall=19:26:20 elapsed=929.954s phase=train event=interaction_progress trial=21 partition=0 processed=7500 total=14000 metric=ce epoch=1/1
[pipeline-trace] wall=19:26:21 elapsed=930.205s phase=train event=interaction_progress trial=21 partition=0 processed=7600 total=14000 metric=ce epoch=1/1
[pipeline-trace] wall=19:26:21 elapsed=932.053s phase=train event=interaction_progress trial=18 partition=0 processed=13700 total=14000 metric=ce epoch=1/1
[pipeline-trace] wall=19:26:21 elapsed=930.474s phase=train event=interaction_progress trial=21 partition=0 processed=7700 total=14000 metric=ce epoch=1/1
[pipeline-trace] wall=19:26:21 elapsed=930.744s phase=train event=interaction_progress trial=21 partition=0 processed=7800 total=14000 metric=ce epoch=1/1
[pipeline-trace] wall=19:26:21 elapsed=931.002s phase=train event=interaction_progress trial=21 partition=0 processed=7900 total=14000 metric=ce epoch=1/1
[pipeline-trace] wall=19:26:22 elapsed=931.256s phase=train event=interaction_progress trial=21 partition=0 processed=8000 total=14000 metric=ce epoch=1/1
[pipeline-trace] wall=19:26:22 elapsed=933.299s phase=train event=interaction_progress trial=18 partition=0 processed=13800 total=14000 metric=ce epoch=1/1
[pipeline-trace] wall=19:26:22 elapsed=931.502s phase=train event=interaction_progress trial=21 partition=0 processed=8100 total=14000 metric=ce epoch=1/1
[pipeline-trace] wall=19:26:22 elapsed=931.806s phase=train event=interaction_progress trial=21 partition=0 processed=8200 total=14000 metric=ce epoch=1/1
[pipeline-trace] wall=19:26:23 elapsed=932.089s phase=train event=interaction_progress trial=21 partition=0 processed=8300 total=14000 metric=ce epoch=1/1
[pipeline-trace] wall=19:26:23 elapsed=932.345s phase=train event=interaction_progress trial=21 partition=0 processed=8400 total=14000 metric=ce epoch=1/1
[pipeline-trace] wall=19:26:23 elapsed=932.605s phase=train event=interaction_progress trial=21 partition=0 processed=8500 total=14000 metric=ce epoch=1/1
[pipeline-trace] wall=19:26:23 elapsed=934.472s phase=train event=interaction_progress trial=18 partition=0 processed=13900 total=14000 metric=ce epoch=1/1
[pipeline-trace] wall=19:26:23 elapsed=932.859s phase=train event=interaction_progress trial=21 partition=0 processed=8600 total=14000 metric=ce epoch=1/1
[pipeline-trace] wall=19:26:24 elapsed=933.123s phase=train event=interaction_progress trial=21 partition=0 processed=8700 total=14000 metric=ce epoch=1/1
[pipeline-trace] wall=19:26:24 elapsed=933.380s phase=train event=interaction_progress trial=21 partition=0 processed=8800 total=14000 metric=ce epoch=1/1
[pipeline-trace] wall=19:26:24 elapsed=933.696s phase=train event=interaction_progress trial=21 partition=0 processed=8900 total=14000 metric=ce epoch=1/1
[pipeline-trace] wall=19:26:24 elapsed=935.722s phase=train event=interaction_progress trial=18 partition=0 processed=14000 total=14000 metric=ce epoch=1/1
[pipeline-trace] wall=19:26:24 elapsed=933.993s phase=train event=interaction_progress trial=21 partition=0 processed=9000 total=14000 metric=ce epoch=1/1
[pipeline-trace] wall=19:26:25 elapsed=935.965s phase=eval event=batch_start trial=18 partitions=[1] synthetic=False
[pipeline-trace] wall=19:26:25 elapsed=935.965s phase=eval event=partition_start trial=18 partition=1 interactions=1999
[pipeline-trace] wall=19:26:25 elapsed=935.965s phase=eval event=interaction_progress trial=18 partition=1 processed=1 total=1999 metric=ranking
[pipeline-trace] wall=19:26:25 elapsed=934.237s phase=train event=interaction_progress trial=21 partition=0 processed=9100 total=14000 metric=ce epoch=1/1
[pipeline-trace] wall=19:26:25 elapsed=934.476s phase=train event=interaction_progress trial=21 partition=0 processed=9200 total=14000 metric=ce epoch=1/1
[pipeline-trace] wall=19:26:25 elapsed=934.724s phase=train event=interaction_progress trial=21 partition=0 processed=9300 total=14000 metric=ce epoch=1/1
[pipeline-trace] wall=19:26:25 elapsed=934.979s phase=train event=interaction_progress trial=21 partition=0 processed=9400 total=14000 metric=ce epoch=1/1
[pipeline-trace] wall=19:26:26 elapsed=935.234s phase=train event=interaction_progress trial=21 partition=0 processed=9500 total=14000 metric=ce epoch=1/1
[pipeline-trace] wall=19:26:26 elapsed=937.266s phase=eval event=interaction_progress trial=18 partition=1 processed=100 total=1999 metric=ranking
[pipeline-trace] wall=19:26:26 elapsed=935.489s phase=train event=interaction_progress trial=21 partition=0 processed=9600 total=14000 metric=ce epoch=1/1
[pipeline-trace] wall=19:26:26 elapsed=935.749s phase=train event=interaction_progress trial=21 partition=0 processed=9700 total=14000 metric=ce epoch=1/1
[pipeline-trace] wall=19:26:26 elapsed=936.057s phase=train event=interaction_progress trial=21 partition=0 processed=9800 total=14000 metric=ce epoch=1/1
[pipeline-trace] wall=19:26:27 elapsed=936.349s phase=train event=interaction_progress trial=21 partition=0 processed=9900 total=14000 metric=ce epoch=1/1
[pipeline-trace] wall=19:26:27 elapsed=936.647s phase=train event=interaction_progress trial=21 partition=0 processed=10000 total=14000 metric=ce epoch=1/1
[pipeline-trace] wall=19:26:27 elapsed=938.546s phase=eval event=interaction_progress trial=18 partition=1 processed=200 total=1999 metric=ranking
[pipeline-trace] wall=19:26:27 elapsed=936.960s phase=train event=interaction_progress trial=21 partition=0 processed=10100 total=14000 metric=ce epoch=1/1
[pipeline-trace] wall=19:26:28 elapsed=937.267s phase=train event=interaction_progress trial=21 partition=0 processed=10200 total=14000 metric=ce epoch=1/1
[pipeline-trace] wall=19:26:28 elapsed=937.589s phase=train event=interaction_progress trial=21 partition=0 processed=10300 total=14000 metric=ce epoch=1/1
[pipeline-trace] wall=19:26:28 elapsed=937.879s phase=train event=interaction_progress trial=21 partition=0 processed=10400 total=14000 metric=ce epoch=1/1
[pipeline-trace] wall=19:26:28 elapsed=939.868s phase=eval event=interaction_progress trial=18 partition=1 processed=300 total=1999 metric=ranking
[pipeline-trace] wall=19:26:29 elapsed=938.173s phase=train event=interaction_progress trial=21 partition=0 processed=10500 total=14000 metric=ce epoch=1/1
[pipeline-trace] wall=19:26:29 elapsed=938.455s phase=train event=interaction_progress trial=21 partition=0 processed=10600 total=14000 metric=ce epoch=1/1
[pipeline-trace] wall=19:26:29 elapsed=938.748s phase=train event=interaction_progress trial=21 partition=0 processed=10700 total=14000 metric=ce epoch=1/1
[pipeline-trace] wall=19:26:29 elapsed=939.030s phase=train event=interaction_progress trial=21 partition=0 processed=10800 total=14000 metric=ce epoch=1/1
[pipeline-trace] wall=19:26:30 elapsed=941.146s phase=eval event=interaction_progress trial=18 partition=1 processed=400 total=1999 metric=ranking
[pipeline-trace] wall=19:26:30 elapsed=939.331s phase=train event=interaction_progress trial=21 partition=0 processed=10900 total=14000 metric=ce epoch=1/1
[pipeline-trace] wall=19:26:30 elapsed=939.632s phase=train event=interaction_progress trial=21 partition=0 processed=11000 total=14000 metric=ce epoch=1/1
[pipeline-trace] wall=19:26:30 elapsed=939.924s phase=train event=interaction_progress trial=21 partition=0 processed=11100 total=14000 metric=ce epoch=1/1
[pipeline-trace] wall=19:26:31 elapsed=940.229s phase=train event=interaction_progress trial=21 partition=0 processed=11200 total=14000 metric=ce epoch=1/1
[pipeline-trace] wall=19:26:31 elapsed=940.533s phase=train event=interaction_progress trial=21 partition=0 processed=11300 total=14000 metric=ce epoch=1/1
[pipeline-trace] wall=19:26:31 elapsed=942.487s phase=eval event=interaction_progress trial=18 partition=1 processed=500 total=1999 metric=ranking
[pipeline-trace] wall=19:26:31 elapsed=940.830s phase=train event=interaction_progress trial=21 partition=0 processed=11400 total=14000 metric=ce epoch=1/1
[pipeline-trace] wall=19:26:32 elapsed=941.133s phase=train event=interaction_progress trial=21 partition=0 processed=11500 total=14000 metric=ce epoch=1/1
[pipeline-trace] wall=19:26:32 elapsed=941.428s phase=train event=interaction_progress trial=21 partition=0 processed=11600 total=14000 metric=ce epoch=1/1
[pipeline-trace] wall=19:26:32 elapsed=941.728s phase=train event=interaction_progress trial=21 partition=0 processed=11700 total=14000 metric=ce epoch=1/1
[pipeline-trace] wall=19:26:32 elapsed=943.782s phase=eval event=interaction_progress trial=18 partition=1 processed=600 total=1999 metric=ranking
[pipeline-trace] wall=19:26:32 elapsed=942.060s phase=train event=interaction_progress trial=21 partition=0 processed=11800 total=14000 metric=ce epoch=1/1
[pipeline-trace] wall=19:26:33 elapsed=942.363s phase=train event=interaction_progress trial=21 partition=0 processed=11900 total=14000 metric=ce epoch=1/1
[pipeline-trace] wall=19:26:33 elapsed=942.665s phase=train event=interaction_progress trial=21 partition=0 processed=12000 total=14000 metric=ce epoch=1/1
[pipeline-trace] wall=19:26:33 elapsed=942.977s phase=train event=interaction_progress trial=21 partition=0 processed=12100 total=14000 metric=ce epoch=1/1
[pipeline-trace] wall=19:26:34 elapsed=945.107s phase=eval event=interaction_progress trial=18 partition=1 processed=700 total=1999 metric=ranking
[pipeline-trace] wall=19:26:34 elapsed=943.282s phase=train event=interaction_progress trial=21 partition=0 processed=12200 total=14000 metric=ce epoch=1/1
[pipeline-trace] wall=19:26:34 elapsed=943.593s phase=train event=interaction_progress trial=21 partition=0 processed=12300 total=14000 metric=ce epoch=1/1
[pipeline-trace] wall=19:26:34 elapsed=943.902s phase=train event=interaction_progress trial=21 partition=0 processed=12400 total=14000 metric=ce epoch=1/1
[pipeline-trace] wall=19:26:35 elapsed=944.209s phase=train event=interaction_progress trial=21 partition=0 processed=12500 total=14000 metric=ce epoch=1/1
[pipeline-trace] wall=19:26:35 elapsed=944.521s phase=train event=interaction_progress trial=21 partition=0 processed=12600 total=14000 metric=ce epoch=1/1
[pipeline-trace] wall=19:26:35 elapsed=946.387s phase=eval event=interaction_progress trial=18 partition=1 processed=800 total=1999 metric=ranking
[pipeline-trace] wall=19:26:35 elapsed=944.824s phase=train event=interaction_progress trial=21 partition=0 processed=12700 total=14000 metric=ce epoch=1/1
[pipeline-trace] wall=19:26:36 elapsed=945.139s phase=train event=interaction_progress trial=21 partition=0 processed=12800 total=14000 metric=ce epoch=1/1
[pipeline-trace] wall=19:26:36 elapsed=945.447s phase=train event=interaction_progress trial=21 partition=0 processed=12900 total=14000 metric=ce epoch=1/1
[pipeline-trace] wall=19:26:36 elapsed=945.753s phase=train event=interaction_progress trial=21 partition=0 processed=13000 total=14000 metric=ce epoch=1/1
[pipeline-trace] wall=19:26:36 elapsed=947.671s phase=eval event=interaction_progress trial=18 partition=1 processed=900 total=1999 metric=ranking
[pipeline-trace] wall=19:26:36 elapsed=946.067s phase=train event=interaction_progress trial=21 partition=0 processed=13100 total=14000 metric=ce epoch=1/1
[pipeline-trace] wall=19:26:37 elapsed=946.374s phase=train event=interaction_progress trial=21 partition=0 processed=13200 total=14000 metric=ce epoch=1/1
[pipeline-trace] wall=19:26:37 elapsed=946.676s phase=train event=interaction_progress trial=21 partition=0 processed=13300 total=14000 metric=ce epoch=1/1
[pipeline-trace] wall=19:26:37 elapsed=946.986s phase=train event=interaction_progress trial=21 partition=0 processed=13400 total=14000 metric=ce epoch=1/1
[pipeline-trace] wall=19:26:38 elapsed=948.953s phase=eval event=interaction_progress trial=18 partition=1 processed=1000 total=1999 metric=ranking
[pipeline-trace] wall=19:26:38 elapsed=947.294s phase=train event=interaction_progress trial=21 partition=0 processed=13500 total=14000 metric=ce epoch=1/1
[pipeline-trace] wall=19:26:38 elapsed=947.603s phase=train event=interaction_progress trial=21 partition=0 processed=13600 total=14000 metric=ce epoch=1/1
[pipeline-trace] wall=19:26:38 elapsed=947.901s phase=train event=interaction_progress trial=21 partition=0 processed=13700 total=14000 metric=ce epoch=1/1
[pipeline-trace] wall=19:26:39 elapsed=948.200s phase=train event=interaction_progress trial=21 partition=0 processed=13800 total=14000 metric=ce epoch=1/1
[pipeline-trace] wall=19:26:39 elapsed=950.283s phase=eval event=interaction_progress trial=18 partition=1 processed=1100 total=1999 metric=ranking
[pipeline-trace] wall=19:26:39 elapsed=948.505s phase=train event=interaction_progress trial=21 partition=0 processed=13900 total=14000 metric=ce epoch=1/1
[pipeline-trace] wall=19:26:39 elapsed=948.812s phase=train event=interaction_progress trial=21 partition=0 processed=14000 total=14000 metric=ce epoch=1/1
[pipeline-trace] wall=19:26:39 elapsed=948.891s phase=eval event=batch_start trial=21 partitions=[1] synthetic=False
[pipeline-trace] wall=19:26:39 elapsed=948.891s phase=eval event=partition_start trial=21 partition=1 interactions=1999
[pipeline-trace] wall=19:26:39 elapsed=948.891s phase=eval event=interaction_progress trial=21 partition=1 processed=1 total=1999 metric=ranking
[pipeline-trace] wall=19:26:39 elapsed=949.065s phase=eval event=interaction_progress trial=21 partition=1 processed=100 total=1999 metric=ranking
[pipeline-trace] wall=19:26:40 elapsed=949.242s phase=eval event=interaction_progress trial=21 partition=1 processed=200 total=1999 metric=ranking
[pipeline-trace] wall=19:26:40 elapsed=949.413s phase=eval event=interaction_progress trial=21 partition=1 processed=300 total=1999 metric=ranking
[pipeline-trace] wall=19:26:40 elapsed=949.583s phase=eval event=interaction_progress trial=21 partition=1 processed=400 total=1999 metric=ranking
[pipeline-trace] wall=19:26:40 elapsed=951.587s phase=eval event=interaction_progress trial=18 partition=1 processed=1200 total=1999 metric=ranking
[pipeline-trace] wall=19:26:40 elapsed=949.756s phase=eval event=interaction_progress trial=21 partition=1 processed=500 total=1999 metric=ranking
[pipeline-trace] wall=19:26:40 elapsed=949.929s phase=eval event=interaction_progress trial=21 partition=1 processed=600 total=1999 metric=ranking
[pipeline-trace] wall=19:26:41 elapsed=950.107s phase=eval event=interaction_progress trial=21 partition=1 processed=700 total=1999 metric=ranking
[pipeline-trace] wall=19:26:41 elapsed=950.277s phase=eval event=interaction_progress trial=21 partition=1 processed=800 total=1999 metric=ranking
[pipeline-trace] wall=19:26:41 elapsed=950.450s phase=eval event=interaction_progress trial=21 partition=1 processed=900 total=1999 metric=ranking
[pipeline-trace] wall=19:26:41 elapsed=950.622s phase=eval event=interaction_progress trial=21 partition=1 processed=1000 total=1999 metric=ranking
[pipeline-trace] wall=19:26:41 elapsed=950.768s phase=eval event=interaction_progress trial=21 partition=1 processed=1100 total=1999 metric=ranking
[pipeline-trace] wall=19:26:41 elapsed=950.913s phase=eval event=interaction_progress trial=21 partition=1 processed=1200 total=1999 metric=ranking
[pipeline-trace] wall=19:26:41 elapsed=951.051s phase=eval event=interaction_progress trial=21 partition=1 processed=1300 total=1999 metric=ranking
[pipeline-trace] wall=19:26:42 elapsed=952.916s phase=eval event=interaction_progress trial=18 partition=1 processed=1300 total=1999 metric=ranking
[pipeline-trace] wall=19:26:42 elapsed=951.189s phase=eval event=interaction_progress trial=21 partition=1 processed=1400 total=1999 metric=ranking
[pipeline-trace] wall=19:26:42 elapsed=951.328s phase=eval event=interaction_progress trial=21 partition=1 processed=1500 total=1999 metric=ranking
[pipeline-trace] wall=19:26:42 elapsed=951.467s phase=eval event=interaction_progress trial=21 partition=1 processed=1600 total=1999 metric=ranking
[pipeline-trace] wall=19:26:42 elapsed=951.606s phase=eval event=interaction_progress trial=21 partition=1 processed=1700 total=1999 metric=ranking
[pipeline-trace] wall=19:26:42 elapsed=951.745s phase=eval event=interaction_progress trial=21 partition=1 processed=1800 total=1999 metric=ranking
[pipeline-trace] wall=19:26:42 elapsed=951.889s phase=eval event=interaction_progress trial=21 partition=1 processed=1900 total=1999 metric=ranking
[pipeline-trace] wall=19:26:42 elapsed=952.027s phase=eval event=interaction_progress trial=21 partition=1 processed=1999 total=1999 metric=ranking
[pipeline-trace] wall=19:26:42 elapsed=952.029s phase=eval event=partition_complete trial=21 partition=1 elapsed_sec=3.137 hits=1152 total=1999
[pipeline-trace] wall=19:26:43 elapsed=952.128s phase=train event=interaction_progress trial=22 partition=0 processed=1 total=14000 metric=ce epoch=1/1
[pipeline-trace] wall=19:26:43 elapsed=954.214s phase=eval event=interaction_progress trial=18 partition=1 processed=1400 total=1999 metric=ranking
[pipeline-trace] wall=19:26:43 elapsed=952.589s phase=train event=interaction_progress trial=22 partition=0 processed=100 total=14000 metric=ce epoch=1/1
[pipeline-trace] wall=19:26:43 elapsed=953.048s phase=train event=interaction_progress trial=22 partition=0 processed=200 total=14000 metric=ce epoch=1/1
[pipeline-trace] wall=19:26:44 elapsed=953.506s phase=train event=interaction_progress trial=22 partition=0 processed=300 total=14000 metric=ce epoch=1/1
[pipeline-trace] wall=19:26:44 elapsed=955.587s phase=eval event=interaction_progress trial=18 partition=1 processed=1500 total=1999 metric=ranking
[pipeline-trace] wall=19:26:44 elapsed=953.943s phase=train event=interaction_progress trial=22 partition=0 processed=400 total=14000 metric=ce epoch=1/1
[pipeline-trace] wall=19:26:45 elapsed=954.356s phase=train event=interaction_progress trial=22 partition=0 processed=500 total=14000 metric=ce epoch=1/1
[pipeline-trace] wall=19:26:45 elapsed=954.774s phase=train event=interaction_progress trial=22 partition=0 processed=600 total=14000 metric=ce epoch=1/1
[pipeline-trace] wall=19:26:46 elapsed=956.908s phase=eval event=interaction_progress trial=18 partition=1 processed=1600 total=1999 metric=ranking
[pipeline-trace] wall=19:26:46 elapsed=955.219s phase=train event=interaction_progress trial=22 partition=0 processed=700 total=14000 metric=ce epoch=1/1
[pipeline-trace] wall=19:26:46 elapsed=955.599s phase=train event=interaction_progress trial=22 partition=0 processed=800 total=14000 metric=ce epoch=1/1
[pipeline-trace] wall=19:26:46 elapsed=956.028s phase=train event=interaction_progress trial=22 partition=0 processed=900 total=14000 metric=ce epoch=1/1
[pipeline-trace] wall=19:26:47 elapsed=958.271s phase=eval event=interaction_progress trial=18 partition=1 processed=1700 total=1999 metric=ranking
[pipeline-trace] wall=19:26:47 elapsed=956.460s phase=train event=interaction_progress trial=22 partition=0 processed=1000 total=14000 metric=ce epoch=1/1
[pipeline-trace] wall=19:26:47 elapsed=956.875s phase=train event=interaction_progress trial=22 partition=0 processed=1100 total=14000 metric=ce epoch=1/1
[pipeline-trace] wall=19:26:48 elapsed=957.325s phase=train event=interaction_progress trial=22 partition=0 processed=1200 total=14000 metric=ce epoch=1/1
[pipeline-trace] wall=19:26:48 elapsed=957.758s phase=train event=interaction_progress trial=22 partition=0 processed=1300 total=14000 metric=ce epoch=1/1
[pipeline-trace] wall=19:26:48 elapsed=959.590s phase=eval event=interaction_progress trial=18 partition=1 processed=1800 total=1999 metric=ranking
[pipeline-trace] wall=19:26:49 elapsed=958.273s phase=train event=interaction_progress trial=22 partition=0 processed=1400 total=14000 metric=ce epoch=1/1
[pipeline-trace] wall=19:26:49 elapsed=958.723s phase=train event=interaction_progress trial=22 partition=0 processed=1500 total=14000 metric=ce epoch=1/1
[pipeline-trace] wall=19:26:49 elapsed=960.906s phase=eval event=interaction_progress trial=18 partition=1 processed=1900 total=1999 metric=ranking
[pipeline-trace] wall=19:26:50 elapsed=959.160s phase=train event=interaction_progress trial=22 partition=0 processed=1600 total=14000 metric=ce epoch=1/1
[pipeline-trace] wall=19:26:50 elapsed=959.604s phase=train event=interaction_progress trial=22 partition=0 processed=1700 total=14000 metric=ce epoch=1/1
[pipeline-trace] wall=19:26:51 elapsed=960.088s phase=train event=interaction_progress trial=22 partition=0 processed=1800 total=14000 metric=ce epoch=1/1
[pipeline-trace] wall=19:26:51 elapsed=962.259s phase=eval event=interaction_progress trial=18 partition=1 processed=1999 total=1999 metric=ranking
[pipeline-trace] wall=19:26:51 elapsed=962.268s phase=eval event=partition_complete trial=18 partition=1 elapsed_sec=26.303 hits=1449 total=1999
[pipeline-trace] wall=19:26:51 elapsed=960.530s phase=train event=interaction_progress trial=22 partition=0 processed=1900 total=14000 metric=ce epoch=1/1
[pipeline-trace] wall=19:26:51 elapsed=962.490s phase=train event=interaction_progress trial=23 partition=0 processed=1 total=14000 metric=ce epoch=1/1
[pipeline-trace] wall=19:26:51 elapsed=960.999s phase=train event=interaction_progress trial=22 partition=0 processed=2000 total=14000 metric=ce epoch=1/1
[pipeline-trace] wall=19:26:52 elapsed=961.479s phase=train event=interaction_progress trial=22 partition=0 processed=2100 total=14000 metric=ce epoch=1/1
[pipeline-trace] wall=19:26:52 elapsed=963.619s phase=train event=interaction_progress trial=23 partition=0 processed=100 total=14000 metric=ce epoch=1/1
[pipeline-trace] wall=19:26:52 elapsed=961.934s phase=train event=interaction_progress trial=22 partition=0 processed=2200 total=14000 metric=ce epoch=1/1
[pipeline-trace] wall=19:26:53 elapsed=962.343s phase=train event=interaction_progress trial=22 partition=0 processed=2300 total=14000 metric=ce epoch=1/1
[pipeline-trace] wall=19:26:53 elapsed=962.763s phase=train event=interaction_progress trial=22 partition=0 processed=2400 total=14000 metric=ce epoch=1/1
[pipeline-trace] wall=19:26:53 elapsed=964.795s phase=train event=interaction_progress trial=23 partition=0 processed=200 total=14000 metric=ce epoch=1/1
[pipeline-trace] wall=19:26:54 elapsed=963.218s phase=train event=interaction_progress trial=22 partition=0 processed=2500 total=14000 metric=ce epoch=1/1
[pipeline-trace] wall=19:26:54 elapsed=963.679s phase=train event=interaction_progress trial=22 partition=0 processed=2600 total=14000 metric=ce epoch=1/1
[pipeline-trace] wall=19:26:55 elapsed=965.912s phase=train event=interaction_progress trial=23 partition=0 processed=300 total=14000 metric=ce epoch=1/1
[pipeline-trace] wall=19:26:55 elapsed=964.130s phase=train event=interaction_progress trial=22 partition=0 processed=2700 total=14000 metric=ce epoch=1/1
[pipeline-trace] wall=19:26:55 elapsed=964.586s phase=train event=interaction_progress trial=22 partition=0 processed=2800 total=14000 metric=ce epoch=1/1
[pipeline-trace] wall=19:26:55 elapsed=965.004s phase=train event=interaction_progress trial=22 partition=0 processed=2900 total=14000 metric=ce epoch=1/1
[pipeline-trace] wall=19:26:56 elapsed=967.024s phase=train event=interaction_progress trial=23 partition=0 processed=400 total=14000 metric=ce epoch=1/1
[pipeline-trace] wall=19:26:56 elapsed=965.483s phase=train event=interaction_progress trial=22 partition=0 processed=3000 total=14000 metric=ce epoch=1/1
[pipeline-trace] wall=19:26:56 elapsed=965.980s phase=train event=interaction_progress trial=22 partition=0 processed=3100 total=14000 metric=ce epoch=1/1
[pipeline-trace] wall=19:26:57 elapsed=968.221s phase=train event=interaction_progress trial=23 partition=0 processed=500 total=14000 metric=ce epoch=1/1
[pipeline-trace] wall=19:26:57 elapsed=966.426s phase=train event=interaction_progress trial=22 partition=0 processed=3200 total=14000 metric=ce epoch=1/1
[pipeline-trace] wall=19:26:57 elapsed=966.876s phase=train event=interaction_progress trial=22 partition=0 processed=3300 total=14000 metric=ce epoch=1/1
[pipeline-trace] wall=19:26:59 elapsed=968.306s phase=train event=interaction_progress trial=22 partition=0 processed=3400 total=14000 metric=ce epoch=1/1
[pipeline-trace] wall=19:26:59 elapsed=970.153s phase=train event=interaction_progress trial=23 partition=0 processed=600 total=14000 metric=ce epoch=1/1
[pipeline-trace] wall=19:26:59 elapsed=968.935s phase=train event=interaction_progress trial=22 partition=0 processed=3500 total=14000 metric=ce epoch=1/1
[pipeline-trace] wall=19:27:00 elapsed=971.349s phase=train event=interaction_progress trial=23 partition=0 processed=700 total=14000 metric=ce epoch=1/1
[pipeline-trace] wall=19:27:00 elapsed=969.602s phase=train event=interaction_progress trial=22 partition=0 processed=3600 total=14000 metric=ce epoch=1/1
[pipeline-trace] wall=19:27:01 elapsed=970.209s phase=train event=interaction_progress trial=22 partition=0 processed=3700 total=14000 metric=ce epoch=1/1
[pipeline-trace] wall=19:27:01 elapsed=972.599s phase=train event=interaction_progress trial=23 partition=0 processed=800 total=14000 metric=ce epoch=1/1
[pipeline-trace] wall=19:27:01 elapsed=970.829s phase=train event=interaction_progress trial=22 partition=0 processed=3800 total=14000 metric=ce epoch=1/1
[pipeline-trace] wall=19:27:02 elapsed=971.495s phase=train event=interaction_progress trial=22 partition=0 processed=3900 total=14000 metric=ce epoch=1/1
[pipeline-trace] wall=19:27:02 elapsed=973.782s phase=train event=interaction_progress trial=23 partition=0 processed=900 total=14000 metric=ce epoch=1/1
[pipeline-trace] wall=19:27:03 elapsed=972.133s phase=train event=interaction_progress trial=22 partition=0 processed=4000 total=14000 metric=ce epoch=1/1
[pipeline-trace] wall=19:27:03 elapsed=972.715s phase=train event=interaction_progress trial=22 partition=0 processed=4100 total=14000 metric=ce epoch=1/1
[pipeline-trace] wall=19:27:04 elapsed=974.989s phase=train event=interaction_progress trial=23 partition=0 processed=1000 total=14000 metric=ce epoch=1/1
[pipeline-trace] wall=19:27:04 elapsed=973.371s phase=train event=interaction_progress trial=22 partition=0 processed=4200 total=14000 metric=ce epoch=1/1
[pipeline-trace] wall=19:27:04 elapsed=973.950s phase=train event=interaction_progress trial=22 partition=0 processed=4300 total=14000 metric=ce epoch=1/1
[pipeline-trace] wall=19:27:05 elapsed=976.213s phase=train event=interaction_progress trial=23 partition=0 processed=1100 total=14000 metric=ce epoch=1/1
[pipeline-trace] wall=19:27:05 elapsed=974.466s phase=train event=interaction_progress trial=22 partition=0 processed=4400 total=14000 metric=ce epoch=1/1
[pipeline-trace] wall=19:27:05 elapsed=974.877s phase=train event=interaction_progress trial=22 partition=0 processed=4500 total=14000 metric=ce epoch=1/1
[pipeline-trace] wall=19:27:06 elapsed=975.322s phase=train event=interaction_progress trial=22 partition=0 processed=4600 total=14000 metric=ce epoch=1/1
[pipeline-trace] wall=19:27:06 elapsed=977.299s phase=train event=interaction_progress trial=23 partition=0 processed=1200 total=14000 metric=ce epoch=1/1
[pipeline-trace] wall=19:27:06 elapsed=975.743s phase=train event=interaction_progress trial=22 partition=0 processed=4700 total=14000 metric=ce epoch=1/1
[pipeline-trace] wall=19:27:07 elapsed=976.196s phase=train event=interaction_progress trial=22 partition=0 processed=4800 total=14000 metric=ce epoch=1/1
[pipeline-trace] wall=19:27:07 elapsed=976.593s phase=train event=interaction_progress trial=22 partition=0 processed=4900 total=14000 metric=ce epoch=1/1
[pipeline-trace] wall=19:27:07 elapsed=978.443s phase=train event=interaction_progress trial=23 partition=0 processed=1300 total=14000 metric=ce epoch=1/1
[pipeline-trace] wall=19:27:07 elapsed=977.012s phase=train event=interaction_progress trial=22 partition=0 processed=5000 total=14000 metric=ce epoch=1/1
[pipeline-trace] wall=19:27:08 elapsed=977.345s phase=train event=interaction_progress trial=22 partition=0 processed=5100 total=14000 metric=ce epoch=1/1
[pipeline-trace] wall=19:27:08 elapsed=977.725s phase=train event=interaction_progress trial=22 partition=0 processed=5200 total=14000 metric=ce epoch=1/1
[pipeline-trace] wall=19:27:08 elapsed=979.596s phase=train event=interaction_progress trial=23 partition=0 processed=1400 total=14000 metric=ce epoch=1/1
[pipeline-trace] wall=19:27:09 elapsed=978.080s phase=train event=interaction_progress trial=22 partition=0 processed=5300 total=14000 metric=ce epoch=1/1
[pipeline-trace] wall=19:27:09 elapsed=978.474s phase=train event=interaction_progress trial=22 partition=0 processed=5400 total=14000 metric=ce epoch=1/1
[pipeline-trace] wall=19:27:09 elapsed=980.727s phase=train event=interaction_progress trial=23 partition=0 processed=1500 total=14000 metric=ce epoch=1/1
[pipeline-trace] wall=19:27:09 elapsed=978.928s phase=train event=interaction_progress trial=22 partition=0 processed=5500 total=14000 metric=ce epoch=1/1
[pipeline-trace] wall=19:27:10 elapsed=979.313s phase=train event=interaction_progress trial=22 partition=0 processed=5600 total=14000 metric=ce epoch=1/1
[pipeline-trace] wall=19:27:10 elapsed=979.775s phase=train event=interaction_progress trial=22 partition=0 processed=5700 total=14000 metric=ce epoch=1/1
[pipeline-trace] wall=19:27:10 elapsed=981.816s phase=train event=interaction_progress trial=23 partition=0 processed=1600 total=14000 metric=ce epoch=1/1
[pipeline-trace] wall=19:27:11 elapsed=980.248s phase=train event=interaction_progress trial=22 partition=0 processed=5800 total=14000 metric=ce epoch=1/1
[pipeline-trace] wall=19:27:11 elapsed=980.691s phase=train event=interaction_progress trial=22 partition=0 processed=5900 total=14000 metric=ce epoch=1/1
[pipeline-trace] wall=19:27:11 elapsed=981.052s phase=train event=interaction_progress trial=22 partition=0 processed=6000 total=14000 metric=ce epoch=1/1
[pipeline-trace] wall=19:27:12 elapsed=983.010s phase=train event=interaction_progress trial=23 partition=0 processed=1700 total=14000 metric=ce epoch=1/1
[pipeline-trace] wall=19:27:12 elapsed=981.514s phase=train event=interaction_progress trial=22 partition=0 processed=6100 total=14000 metric=ce epoch=1/1
[pipeline-trace] wall=19:27:12 elapsed=981.985s phase=train event=interaction_progress trial=22 partition=0 processed=6200 total=14000 metric=ce epoch=1/1
[pipeline-trace] wall=19:27:13 elapsed=984.191s phase=train event=interaction_progress trial=23 partition=0 processed=1800 total=14000 metric=ce epoch=1/1
[pipeline-trace] wall=19:27:13 elapsed=982.394s phase=train event=interaction_progress trial=22 partition=0 processed=6300 total=14000 metric=ce epoch=1/1
[pipeline-trace] wall=19:27:13 elapsed=982.875s phase=train event=interaction_progress trial=22 partition=0 processed=6400 total=14000 metric=ce epoch=1/1
[pipeline-trace] wall=19:27:14 elapsed=985.147s phase=train event=interaction_progress trial=23 partition=0 processed=1900 total=14000 metric=ce epoch=1/1
[pipeline-trace] wall=19:27:14 elapsed=983.344s phase=train event=interaction_progress trial=22 partition=0 processed=6500 total=14000 metric=ce epoch=1/1
[pipeline-trace] wall=19:27:14 elapsed=985.417s phase=train event=interaction_progress trial=23 partition=0 processed=2000 total=14000 metric=ce epoch=1/1
[pipeline-trace] wall=19:27:14 elapsed=983.862s phase=train event=interaction_progress trial=22 partition=0 processed=6600 total=14000 metric=ce epoch=1/1
[pipeline-trace] wall=19:27:14 elapsed=985.715s phase=train event=interaction_progress trial=23 partition=0 processed=2100 total=14000 metric=ce epoch=1/1
[pipeline-trace] wall=19:27:15 elapsed=985.965s phase=train event=interaction_progress trial=23 partition=0 processed=2200 total=14000 metric=ce epoch=1/1
[pipeline-trace] wall=19:27:15 elapsed=984.325s phase=train event=interaction_progress trial=22 partition=0 processed=6700 total=14000 metric=ce epoch=1/1
[pipeline-trace] wall=19:27:15 elapsed=986.576s phase=train event=interaction_progress trial=23 partition=0 processed=2300 total=14000 metric=ce epoch=1/1
[pipeline-trace] wall=19:27:15 elapsed=984.802s phase=train event=interaction_progress trial=22 partition=0 processed=6800 total=14000 metric=ce epoch=1/1
[pipeline-trace] wall=19:27:16 elapsed=985.195s phase=train event=interaction_progress trial=22 partition=0 processed=6900 total=14000 metric=ce epoch=1/1
[pipeline-trace] wall=19:27:16 elapsed=987.104s phase=train event=interaction_progress trial=23 partition=0 processed=2400 total=14000 metric=ce epoch=1/1
[pipeline-trace] wall=19:27:16 elapsed=987.356s phase=train event=interaction_progress trial=23 partition=0 processed=2500 total=14000 metric=ce epoch=1/1
[pipeline-trace] wall=19:27:16 elapsed=985.658s phase=train event=interaction_progress trial=22 partition=0 processed=7000 total=14000 metric=ce epoch=1/1
[pipeline-trace] wall=19:27:16 elapsed=987.607s phase=train event=interaction_progress trial=23 partition=0 processed=2600 total=14000 metric=ce epoch=1/1
[pipeline-trace] wall=19:27:16 elapsed=987.861s phase=train event=interaction_progress trial=23 partition=0 processed=2700 total=14000 metric=ce epoch=1/1
[pipeline-trace] wall=19:27:17 elapsed=986.124s phase=train event=interaction_progress trial=22 partition=0 processed=7100 total=14000 metric=ce epoch=1/1
[pipeline-trace] wall=19:27:17 elapsed=988.135s phase=train event=interaction_progress trial=23 partition=0 processed=2800 total=14000 metric=ce epoch=1/1
[pipeline-trace] wall=19:27:17 elapsed=988.406s phase=train event=interaction_progress trial=23 partition=0 processed=2900 total=14000 metric=ce epoch=1/1
[pipeline-trace] wall=19:27:17 elapsed=986.595s phase=train event=interaction_progress trial=22 partition=0 processed=7200 total=14000 metric=ce epoch=1/1
[pipeline-trace] wall=19:27:17 elapsed=988.703s phase=train event=interaction_progress trial=23 partition=0 processed=3000 total=14000 metric=ce epoch=1/1
[pipeline-trace] wall=19:27:18 elapsed=987.128s phase=train event=interaction_progress trial=22 partition=0 processed=7300 total=14000 metric=ce epoch=1/1
[pipeline-trace] wall=19:27:18 elapsed=987.626s phase=train event=interaction_progress trial=22 partition=0 processed=7400 total=14000 metric=ce epoch=1/1
[pipeline-trace] wall=19:27:18 elapsed=989.695s phase=train event=interaction_progress trial=23 partition=0 processed=3100 total=14000 metric=ce epoch=1/1
[pipeline-trace] wall=19:27:19 elapsed=988.097s phase=train event=interaction_progress trial=22 partition=0 processed=7500 total=14000 metric=ce epoch=1/1
[pipeline-trace] wall=19:27:19 elapsed=988.527s phase=train event=interaction_progress trial=22 partition=0 processed=7600 total=14000 metric=ce epoch=1/1
[pipeline-trace] wall=19:27:19 elapsed=990.850s phase=train event=interaction_progress trial=23 partition=0 processed=3200 total=14000 metric=ce epoch=1/1
[pipeline-trace] wall=19:27:19 elapsed=989.022s phase=train event=interaction_progress trial=22 partition=0 processed=7700 total=14000 metric=ce epoch=1/1
[pipeline-trace] wall=19:27:20 elapsed=989.561s phase=train event=interaction_progress trial=22 partition=0 processed=7800 total=14000 metric=ce epoch=1/1
[pipeline-trace] wall=19:27:21 elapsed=990.116s phase=train event=interaction_progress trial=22 partition=0 processed=7900 total=14000 metric=ce epoch=1/1
[pipeline-trace] wall=19:27:21 elapsed=992.032s phase=train event=interaction_progress trial=23 partition=0 processed=3300 total=14000 metric=ce epoch=1/1
[pipeline-trace] wall=19:27:21 elapsed=990.613s phase=train event=interaction_progress trial=22 partition=0 processed=8000 total=14000 metric=ce epoch=1/1
[pipeline-trace] wall=19:27:21 elapsed=991.071s phase=train event=interaction_progress trial=22 partition=0 processed=8100 total=14000 metric=ce epoch=1/1
[pipeline-trace] wall=19:27:22 elapsed=993.232s phase=train event=interaction_progress trial=23 partition=0 processed=3400 total=14000 metric=ce epoch=1/1
[pipeline-trace] wall=19:27:22 elapsed=991.540s phase=train event=interaction_progress trial=22 partition=0 processed=8200 total=14000 metric=ce epoch=1/1
[pipeline-trace] wall=19:27:22 elapsed=991.980s phase=train event=interaction_progress trial=22 partition=0 processed=8300 total=14000 metric=ce epoch=1/1
[pipeline-trace] wall=19:27:23 elapsed=992.444s phase=train event=interaction_progress trial=22 partition=0 processed=8400 total=14000 metric=ce epoch=1/1
[pipeline-trace] wall=19:27:23 elapsed=994.379s phase=train event=interaction_progress trial=23 partition=0 processed=3500 total=14000 metric=ce epoch=1/1
[pipeline-trace] wall=19:27:23 elapsed=992.901s phase=train event=interaction_progress trial=22 partition=0 processed=8500 total=14000 metric=ce epoch=1/1
[pipeline-trace] wall=19:27:24 elapsed=993.343s phase=train event=interaction_progress trial=22 partition=0 processed=8600 total=14000 metric=ce epoch=1/1
[pipeline-trace] wall=19:27:24 elapsed=995.551s phase=train event=interaction_progress trial=23 partition=0 processed=3600 total=14000 metric=ce epoch=1/1
[pipeline-trace] wall=19:27:24 elapsed=993.777s phase=train event=interaction_progress trial=22 partition=0 processed=8700 total=14000 metric=ce epoch=1/1
[pipeline-trace] wall=19:27:25 elapsed=994.194s phase=train event=interaction_progress trial=22 partition=0 processed=8800 total=14000 metric=ce epoch=1/1
[pipeline-trace] wall=19:27:25 elapsed=994.591s phase=train event=interaction_progress trial=22 partition=0 processed=8900 total=14000 metric=ce epoch=1/1
[pipeline-trace] wall=19:27:25 elapsed=996.664s phase=train event=interaction_progress trial=23 partition=0 processed=3700 total=14000 metric=ce epoch=1/1
[pipeline-trace] wall=19:27:25 elapsed=994.984s phase=train event=interaction_progress trial=22 partition=0 processed=9000 total=14000 metric=ce epoch=1/1
[pipeline-trace] wall=19:27:26 elapsed=995.387s phase=train event=interaction_progress trial=22 partition=0 processed=9100 total=14000 metric=ce epoch=1/1
[pipeline-trace] wall=19:27:26 elapsed=995.808s phase=train event=interaction_progress trial=22 partition=0 processed=9200 total=14000 metric=ce epoch=1/1
[pipeline-trace] wall=19:27:26 elapsed=997.740s phase=train event=interaction_progress trial=23 partition=0 processed=3800 total=14000 metric=ce epoch=1/1
[pipeline-trace] wall=19:27:27 elapsed=996.209s phase=train event=interaction_progress trial=22 partition=0 processed=9300 total=14000 metric=ce epoch=1/1
[pipeline-trace] wall=19:27:27 elapsed=996.621s phase=train event=interaction_progress trial=22 partition=0 processed=9400 total=14000 metric=ce epoch=1/1
[pipeline-trace] wall=19:27:27 elapsed=998.833s phase=train event=interaction_progress trial=23 partition=0 processed=3900 total=14000 metric=ce epoch=1/1
[pipeline-trace] wall=19:27:27 elapsed=997.032s phase=train event=interaction_progress trial=22 partition=0 processed=9500 total=14000 metric=ce epoch=1/1
[pipeline-trace] wall=19:27:28 elapsed=997.476s phase=train event=interaction_progress trial=22 partition=0 processed=9600 total=14000 metric=ce epoch=1/1
[pipeline-trace] wall=19:27:28 elapsed=997.908s phase=train event=interaction_progress trial=22 partition=0 processed=9700 total=14000 metric=ce epoch=1/1
[pipeline-trace] wall=19:27:29 elapsed=999.963s phase=train event=interaction_progress trial=23 partition=0 processed=4000 total=14000 metric=ce epoch=1/1
[pipeline-trace] wall=19:27:29 elapsed=998.342s phase=train event=interaction_progress trial=22 partition=0 processed=9800 total=14000 metric=ce epoch=1/1
[pipeline-trace] wall=19:27:29 elapsed=998.755s phase=train event=interaction_progress trial=22 partition=0 processed=9900 total=14000 metric=ce epoch=1/1
[pipeline-trace] wall=19:27:30 elapsed=999.181s phase=train event=interaction_progress trial=22 partition=0 processed=10000 total=14000 metric=ce epoch=1/1
[pipeline-trace] wall=19:27:30 elapsed=1001.047s phase=train event=interaction_progress trial=23 partition=0 processed=4100 total=14000 metric=ce epoch=1/1
[pipeline-trace] wall=19:27:30 elapsed=999.623s phase=train event=interaction_progress trial=22 partition=0 processed=10100 total=14000 metric=ce epoch=1/1
[pipeline-trace] wall=19:27:31 elapsed=1000.076s phase=train event=interaction_progress trial=22 partition=0 processed=10200 total=14000 metric=ce epoch=1/1
[pipeline-trace] wall=19:27:31 elapsed=1002.099s phase=train event=interaction_progress trial=23 partition=0 processed=4200 total=14000 metric=ce epoch=1/1
[pipeline-trace] wall=19:27:31 elapsed=1000.543s phase=train event=interaction_progress trial=22 partition=0 processed=10300 total=14000 metric=ce epoch=1/1
[pipeline-trace] wall=19:27:31 elapsed=1000.980s phase=train event=interaction_progress trial=22 partition=0 processed=10400 total=14000 metric=ce epoch=1/1
[pipeline-trace] wall=19:27:32 elapsed=1003.152s phase=train event=interaction_progress trial=23 partition=0 processed=4300 total=14000 metric=ce epoch=1/1
[pipeline-trace] wall=19:27:32 elapsed=1001.415s phase=train event=interaction_progress trial=22 partition=0 processed=10500 total=14000 metric=ce epoch=1/1
[pipeline-trace] wall=19:27:32 elapsed=1001.872s phase=train event=interaction_progress trial=22 partition=0 processed=10600 total=14000 metric=ce epoch=1/1
[pipeline-trace] wall=19:27:33 elapsed=1002.324s phase=train event=interaction_progress trial=22 partition=0 processed=10700 total=14000 metric=ce epoch=1/1
[pipeline-trace] wall=19:27:33 elapsed=1004.190s phase=train event=interaction_progress trial=23 partition=0 processed=4400 total=14000 metric=ce epoch=1/1
[pipeline-trace] wall=19:27:33 elapsed=1002.785s phase=train event=interaction_progress trial=22 partition=0 processed=10800 total=14000 metric=ce epoch=1/1
[pipeline-trace] wall=19:27:34 elapsed=1003.227s phase=train event=interaction_progress trial=22 partition=0 processed=10900 total=14000 metric=ce epoch=1/1
[pipeline-trace] wall=19:27:34 elapsed=1005.224s phase=train event=interaction_progress trial=23 partition=0 processed=4500 total=14000 metric=ce epoch=1/1
[pipeline-trace] wall=19:27:34 elapsed=1003.681s phase=train event=interaction_progress trial=22 partition=0 processed=11000 total=14000 metric=ce epoch=1/1
[pipeline-trace] wall=19:27:35 elapsed=1004.142s phase=train event=interaction_progress trial=22 partition=0 processed=11100 total=14000 metric=ce epoch=1/1
[pipeline-trace] wall=19:27:35 elapsed=1006.267s phase=train event=interaction_progress trial=23 partition=0 processed=4600 total=14000 metric=ce epoch=1/1
[pipeline-trace] wall=19:27:35 elapsed=1004.556s phase=train event=interaction_progress trial=22 partition=0 processed=11200 total=14000 metric=ce epoch=1/1
[pipeline-trace] wall=19:27:35 elapsed=1004.987s phase=train event=interaction_progress trial=22 partition=0 processed=11300 total=14000 metric=ce epoch=1/1
[pipeline-trace] wall=19:27:36 elapsed=1005.379s phase=train event=interaction_progress trial=22 partition=0 processed=11400 total=14000 metric=ce epoch=1/1
[pipeline-trace] wall=19:27:36 elapsed=1007.423s phase=train event=interaction_progress trial=23 partition=0 processed=4700 total=14000 metric=ce epoch=1/1
[pipeline-trace] wall=19:27:36 elapsed=1005.833s phase=train event=interaction_progress trial=22 partition=0 processed=11500 total=14000 metric=ce epoch=1/1
[pipeline-trace] wall=19:27:37 elapsed=1006.266s phase=train event=interaction_progress trial=22 partition=0 processed=11600 total=14000 metric=ce epoch=1/1
[pipeline-trace] wall=19:27:37 elapsed=1006.708s phase=train event=interaction_progress trial=22 partition=0 processed=11700 total=14000 metric=ce epoch=1/1
[pipeline-trace] wall=19:27:37 elapsed=1008.580s phase=train event=interaction_progress trial=23 partition=0 processed=4800 total=14000 metric=ce epoch=1/1
[pipeline-trace] wall=19:27:38 elapsed=1007.125s phase=train event=interaction_progress trial=22 partition=0 processed=11800 total=14000 metric=ce epoch=1/1
[pipeline-trace] wall=19:27:38 elapsed=1007.577s phase=train event=interaction_progress trial=22 partition=0 processed=11900 total=14000 metric=ce epoch=1/1
[pipeline-trace] wall=19:27:38 elapsed=1009.739s phase=train event=interaction_progress trial=23 partition=0 processed=4900 total=14000 metric=ce epoch=1/1
[pipeline-trace] wall=19:27:38 elapsed=1007.983s phase=train event=interaction_progress trial=22 partition=0 processed=12000 total=14000 metric=ce epoch=1/1
[pipeline-trace] wall=19:27:39 elapsed=1008.372s phase=train event=interaction_progress trial=22 partition=0 processed=12100 total=14000 metric=ce epoch=1/1
[pipeline-trace] wall=19:27:39 elapsed=1008.768s phase=train event=interaction_progress trial=22 partition=0 processed=12200 total=14000 metric=ce epoch=1/1
[pipeline-trace] wall=19:27:39 elapsed=1010.818s phase=train event=interaction_progress trial=23 partition=0 processed=5000 total=14000 metric=ce epoch=1/1
[pipeline-trace] wall=19:27:40 elapsed=1009.202s phase=train event=interaction_progress trial=22 partition=0 processed=12300 total=14000 metric=ce epoch=1/1
[pipeline-trace] wall=19:27:40 elapsed=1009.716s phase=train event=interaction_progress trial=22 partition=0 processed=12400 total=14000 metric=ce epoch=1/1
[pipeline-trace] wall=19:27:41 elapsed=1010.154s phase=train event=interaction_progress trial=22 partition=0 processed=12500 total=14000 metric=ce epoch=1/1
[pipeline-trace] wall=19:27:41 elapsed=1012.014s phase=train event=interaction_progress trial=23 partition=0 processed=5100 total=14000 metric=ce epoch=1/1
[pipeline-trace] wall=19:27:41 elapsed=1010.569s phase=train event=interaction_progress trial=22 partition=0 processed=12600 total=14000 metric=ce epoch=1/1
[pipeline-trace] wall=19:27:41 elapsed=1010.979s phase=train event=interaction_progress trial=22 partition=0 processed=12700 total=14000 metric=ce epoch=1/1
[pipeline-trace] wall=19:27:42 elapsed=1013.170s phase=train event=interaction_progress trial=23 partition=0 processed=5200 total=14000 metric=ce epoch=1/1
[pipeline-trace] wall=19:27:42 elapsed=1011.393s phase=train event=interaction_progress trial=22 partition=0 processed=12800 total=14000 metric=ce epoch=1/1
[pipeline-trace] wall=19:27:42 elapsed=1011.846s phase=train event=interaction_progress trial=22 partition=0 processed=12900 total=14000 metric=ce epoch=1/1
[pipeline-trace] wall=19:27:43 elapsed=1012.256s phase=train event=interaction_progress trial=22 partition=0 processed=13000 total=14000 metric=ce epoch=1/1
[pipeline-trace] wall=19:27:43 elapsed=1014.294s phase=train event=interaction_progress trial=23 partition=0 processed=5300 total=14000 metric=ce epoch=1/1
[pipeline-trace] wall=19:27:43 elapsed=1012.682s phase=train event=interaction_progress trial=22 partition=0 processed=13100 total=14000 metric=ce epoch=1/1
[pipeline-trace] wall=19:27:43 elapsed=1013.064s phase=train event=interaction_progress trial=22 partition=0 processed=13200 total=14000 metric=ce epoch=1/1
[pipeline-trace] wall=19:27:44 elapsed=1013.464s phase=train event=interaction_progress trial=22 partition=0 processed=13300 total=14000 metric=ce epoch=1/1
[pipeline-trace] wall=19:27:44 elapsed=1015.461s phase=train event=interaction_progress trial=23 partition=0 processed=5400 total=14000 metric=ce epoch=1/1
[pipeline-trace] wall=19:27:44 elapsed=1013.906s phase=train event=interaction_progress trial=22 partition=0 processed=13400 total=14000 metric=ce epoch=1/1
[pipeline-trace] wall=19:27:45 elapsed=1014.336s phase=train event=interaction_progress trial=22 partition=0 processed=13500 total=14000 metric=ce epoch=1/1
[pipeline-trace] wall=19:27:45 elapsed=1014.786s phase=train event=interaction_progress trial=22 partition=0 processed=13600 total=14000 metric=ce epoch=1/1
[pipeline-trace] wall=19:27:45 elapsed=1016.620s phase=train event=interaction_progress trial=23 partition=0 processed=5500 total=14000 metric=ce epoch=1/1
[pipeline-trace] wall=19:27:46 elapsed=1015.224s phase=train event=interaction_progress trial=22 partition=0 processed=13700 total=14000 metric=ce epoch=1/1
[pipeline-trace] wall=19:27:46 elapsed=1015.689s phase=train event=interaction_progress trial=22 partition=0 processed=13800 total=14000 metric=ce epoch=1/1
[pipeline-trace] wall=19:27:46 elapsed=1017.757s phase=train event=interaction_progress trial=23 partition=0 processed=5600 total=14000 metric=ce epoch=1/1
[pipeline-trace] wall=19:27:47 elapsed=1016.157s phase=train event=interaction_progress trial=22 partition=0 processed=13900 total=14000 metric=ce epoch=1/1
[pipeline-trace] wall=19:27:47 elapsed=1016.560s phase=train event=interaction_progress trial=22 partition=0 processed=14000 total=14000 metric=ce epoch=1/1
[pipeline-trace] wall=19:27:47 elapsed=1016.683s phase=eval event=batch_start trial=22 partitions=[1] synthetic=False
[pipeline-trace] wall=19:27:47 elapsed=1016.683s phase=eval event=partition_start trial=22 partition=1 interactions=1999
[pipeline-trace] wall=19:27:47 elapsed=1016.683s phase=eval event=interaction_progress trial=22 partition=1 processed=1 total=1999 metric=ranking
[pipeline-trace] wall=19:27:47 elapsed=1016.859s phase=eval event=interaction_progress trial=22 partition=1 processed=100 total=1999 metric=ranking
[pipeline-trace] wall=19:27:47 elapsed=1017.009s phase=eval event=interaction_progress trial=22 partition=1 processed=200 total=1999 metric=ranking
[pipeline-trace] wall=19:27:48 elapsed=1018.935s phase=train event=interaction_progress trial=23 partition=0 processed=5700 total=14000 metric=ce epoch=1/1
[pipeline-trace] wall=19:27:48 elapsed=1017.159s phase=eval event=interaction_progress trial=22 partition=1 processed=300 total=1999 metric=ranking
[pipeline-trace] wall=19:27:48 elapsed=1017.310s phase=eval event=interaction_progress trial=22 partition=1 processed=400 total=1999 metric=ranking
[pipeline-trace] wall=19:27:48 elapsed=1017.461s phase=eval event=interaction_progress trial=22 partition=1 processed=500 total=1999 metric=ranking
[pipeline-trace] wall=19:27:48 elapsed=1017.611s phase=eval event=interaction_progress trial=22 partition=1 processed=600 total=1999 metric=ranking
[pipeline-trace] wall=19:27:48 elapsed=1017.761s phase=eval event=interaction_progress trial=22 partition=1 processed=700 total=1999 metric=ranking
[pipeline-trace] wall=19:27:48 elapsed=1017.911s phase=eval event=interaction_progress trial=22 partition=1 processed=800 total=1999 metric=ranking
[pipeline-trace] wall=19:27:48 elapsed=1018.062s phase=eval event=interaction_progress trial=22 partition=1 processed=900 total=1999 metric=ranking
[pipeline-trace] wall=19:27:49 elapsed=1020.004s phase=train event=interaction_progress trial=23 partition=0 processed=5800 total=14000 metric=ce epoch=1/1
[pipeline-trace] wall=19:27:49 elapsed=1018.213s phase=eval event=interaction_progress trial=22 partition=1 processed=1000 total=1999 metric=ranking
[pipeline-trace] wall=19:27:49 elapsed=1018.363s phase=eval event=interaction_progress trial=22 partition=1 processed=1100 total=1999 metric=ranking
[pipeline-trace] wall=19:27:49 elapsed=1018.514s phase=eval event=interaction_progress trial=22 partition=1 processed=1200 total=1999 metric=ranking
[pipeline-trace] wall=19:27:49 elapsed=1018.664s phase=eval event=interaction_progress trial=22 partition=1 processed=1300 total=1999 metric=ranking
[pipeline-trace] wall=19:27:49 elapsed=1018.896s phase=eval event=interaction_progress trial=22 partition=1 processed=1400 total=1999 metric=ranking
[pipeline-trace] wall=19:27:50 elapsed=1019.161s phase=eval event=interaction_progress trial=22 partition=1 processed=1500 total=1999 metric=ranking
[pipeline-trace] wall=19:27:50 elapsed=1021.114s phase=train event=interaction_progress trial=23 partition=0 processed=5900 total=14000 metric=ce epoch=1/1
[pipeline-trace] wall=19:27:50 elapsed=1019.439s phase=eval event=interaction_progress trial=22 partition=1 processed=1600 total=1999 metric=ranking
[pipeline-trace] wall=19:27:51 elapsed=1022.424s phase=train event=interaction_progress trial=23 partition=0 processed=6000 total=14000 metric=ce epoch=1/1
[pipeline-trace] wall=19:27:56 elapsed=1025.080s phase=eval event=interaction_progress trial=22 partition=1 processed=1700 total=1999 metric=ranking
[pipeline-trace] wall=19:27:56 elapsed=1025.447s phase=eval event=interaction_progress trial=22 partition=1 processed=1800 total=1999 metric=ranking
[pipeline-trace] wall=19:27:56 elapsed=1025.743s phase=eval event=interaction_progress trial=22 partition=1 processed=1900 total=1999 metric=ranking
[pipeline-trace] wall=19:27:56 elapsed=1026.021s phase=eval event=interaction_progress trial=22 partition=1 processed=1999 total=1999 metric=ranking
[pipeline-trace] wall=19:27:56 elapsed=1026.024s phase=eval event=partition_complete trial=22 partition=1 elapsed_sec=9.341 hits=1703 total=1999
[pipeline-trace] wall=19:27:57 elapsed=1026.235s phase=train event=interaction_progress trial=24 partition=0 processed=1 total=14000 metric=ce epoch=1/1
[pipeline-trace] wall=19:27:57 elapsed=1028.217s phase=train event=interaction_progress trial=23 partition=0 processed=6100 total=14000 metric=ce epoch=1/1
[pipeline-trace] wall=19:27:57 elapsed=1026.582s phase=train event=interaction_progress trial=24 partition=0 processed=100 total=14000 metric=ce epoch=1/1
[pipeline-trace] wall=19:27:57 elapsed=1026.910s phase=train event=interaction_progress trial=24 partition=0 processed=200 total=14000 metric=ce epoch=1/1
[pipeline-trace] wall=19:27:58 elapsed=1027.254s phase=train event=interaction_progress trial=24 partition=0 processed=300 total=14000 metric=ce epoch=1/1
[pipeline-trace] wall=19:27:58 elapsed=1029.314s phase=train event=interaction_progress trial=23 partition=0 processed=6200 total=14000 metric=ce epoch=1/1
[pipeline-trace] wall=19:27:58 elapsed=1027.649s phase=train event=interaction_progress trial=24 partition=0 processed=400 total=14000 metric=ce epoch=1/1
[pipeline-trace] wall=19:27:58 elapsed=1028.008s phase=train event=interaction_progress trial=24 partition=0 processed=500 total=14000 metric=ce epoch=1/1
[pipeline-trace] wall=19:27:59 elapsed=1028.373s phase=train event=interaction_progress trial=24 partition=0 processed=600 total=14000 metric=ce epoch=1/1
[pipeline-trace] wall=19:27:59 elapsed=1030.358s phase=train event=interaction_progress trial=23 partition=0 processed=6300 total=14000 metric=ce epoch=1/1
[pipeline-trace] wall=19:27:59 elapsed=1028.688s phase=train event=interaction_progress trial=24 partition=0 processed=700 total=14000 metric=ce epoch=1/1
[pipeline-trace] wall=19:28:00 elapsed=1029.075s phase=train event=interaction_progress trial=24 partition=0 processed=800 total=14000 metric=ce epoch=1/1
[pipeline-trace] wall=19:28:00 elapsed=1029.417s phase=train event=interaction_progress trial=24 partition=0 processed=900 total=14000 metric=ce epoch=1/1
[pipeline-trace] wall=19:28:00 elapsed=1031.537s phase=train event=interaction_progress trial=23 partition=0 processed=6400 total=14000 metric=ce epoch=1/1
[pipeline-trace] wall=19:28:00 elapsed=1029.761s phase=train event=interaction_progress trial=24 partition=0 processed=1000 total=14000 metric=ce epoch=1/1
[pipeline-trace] wall=19:28:00 elapsed=1030.062s phase=train event=interaction_progress trial=24 partition=0 processed=1100 total=14000 metric=ce epoch=1/1
[pipeline-trace] wall=19:28:01 elapsed=1030.429s phase=train event=interaction_progress trial=24 partition=0 processed=1200 total=14000 metric=ce epoch=1/1
[pipeline-trace] wall=19:28:01 elapsed=1030.779s phase=train event=interaction_progress trial=24 partition=0 processed=1300 total=14000 metric=ce epoch=1/1
[pipeline-trace] wall=19:28:01 elapsed=1032.637s phase=train event=interaction_progress trial=23 partition=0 processed=6500 total=14000 metric=ce epoch=1/1
[pipeline-trace] wall=19:28:02 elapsed=1031.182s phase=train event=interaction_progress trial=24 partition=0 processed=1400 total=14000 metric=ce epoch=1/1
[pipeline-trace] wall=19:28:02 elapsed=1031.591s phase=train event=interaction_progress trial=24 partition=0 processed=1500 total=14000 metric=ce epoch=1/1
[pipeline-trace] wall=19:28:02 elapsed=1033.731s phase=train event=interaction_progress trial=23 partition=0 processed=6600 total=14000 metric=ce epoch=1/1
[pipeline-trace] wall=19:28:02 elapsed=1031.968s phase=train event=interaction_progress trial=24 partition=0 processed=1600 total=14000 metric=ce epoch=1/1
[pipeline-trace] wall=19:28:03 elapsed=1032.282s phase=train event=interaction_progress trial=24 partition=0 processed=1700 total=14000 metric=ce epoch=1/1
[pipeline-trace] wall=19:28:03 elapsed=1032.642s phase=train event=interaction_progress trial=24 partition=0 processed=1800 total=14000 metric=ce epoch=1/1
[pipeline-trace] wall=19:28:03 elapsed=1032.978s phase=train event=interaction_progress trial=24 partition=0 processed=1900 total=14000 metric=ce epoch=1/1
[pipeline-trace] wall=19:28:03 elapsed=1034.834s phase=train event=interaction_progress trial=23 partition=0 processed=6700 total=14000 metric=ce epoch=1/1
[pipeline-trace] wall=19:28:04 elapsed=1033.323s phase=train event=interaction_progress trial=24 partition=0 processed=2000 total=14000 metric=ce epoch=1/1
[pipeline-trace] wall=19:28:04 elapsed=1033.707s phase=train event=interaction_progress trial=24 partition=0 processed=2100 total=14000 metric=ce epoch=1/1
[pipeline-trace] wall=19:28:04 elapsed=1034.053s phase=train event=interaction_progress trial=24 partition=0 processed=2200 total=14000 metric=ce epoch=1/1
[pipeline-trace] wall=19:28:04 elapsed=1035.899s phase=train event=interaction_progress trial=23 partition=0 processed=6800 total=14000 metric=ce epoch=1/1
[pipeline-trace] wall=19:28:05 elapsed=1034.366s phase=train event=interaction_progress trial=24 partition=0 processed=2300 total=14000 metric=ce epoch=1/1
[pipeline-trace] wall=19:28:05 elapsed=1034.690s phase=train event=interaction_progress trial=24 partition=0 processed=2400 total=14000 metric=ce epoch=1/1
[pipeline-trace] wall=19:28:05 elapsed=1035.067s phase=train event=interaction_progress trial=24 partition=0 processed=2500 total=14000 metric=ce epoch=1/1
[pipeline-trace] wall=19:28:06 elapsed=1037.021s phase=train event=interaction_progress trial=23 partition=0 processed=6900 total=14000 metric=ce epoch=1/1
[pipeline-trace] wall=19:28:06 elapsed=1035.471s phase=train event=interaction_progress trial=24 partition=0 processed=2600 total=14000 metric=ce epoch=1/1
[pipeline-trace] wall=19:28:06 elapsed=1035.861s phase=train event=interaction_progress trial=24 partition=0 processed=2700 total=14000 metric=ce epoch=1/1
[pipeline-trace] wall=19:28:07 elapsed=1036.231s phase=train event=interaction_progress trial=24 partition=0 processed=2800 total=14000 metric=ce epoch=1/1
[pipeline-trace] wall=19:28:07 elapsed=1038.166s phase=train event=interaction_progress trial=23 partition=0 processed=7000 total=14000 metric=ce epoch=1/1
[pipeline-trace] wall=19:28:07 elapsed=1036.639s phase=train event=interaction_progress trial=24 partition=0 processed=2900 total=14000 metric=ce epoch=1/1
[pipeline-trace] wall=19:28:07 elapsed=1037.038s phase=train event=interaction_progress trial=24 partition=0 processed=3000 total=14000 metric=ce epoch=1/1
[pipeline-trace] wall=19:28:08 elapsed=1037.449s phase=train event=interaction_progress trial=24 partition=0 processed=3100 total=14000 metric=ce epoch=1/1
[pipeline-trace] wall=19:28:08 elapsed=1039.337s phase=train event=interaction_progress trial=23 partition=0 processed=7100 total=14000 metric=ce epoch=1/1
[pipeline-trace] wall=19:28:08 elapsed=1037.830s phase=train event=interaction_progress trial=24 partition=0 processed=3200 total=14000 metric=ce epoch=1/1
[pipeline-trace] wall=19:28:09 elapsed=1038.239s phase=train event=interaction_progress trial=24 partition=0 processed=3300 total=14000 metric=ce epoch=1/1
[pipeline-trace] wall=19:28:09 elapsed=1038.627s phase=train event=interaction_progress trial=24 partition=0 processed=3400 total=14000 metric=ce epoch=1/1
[pipeline-trace] wall=19:28:09 elapsed=1040.461s phase=train event=interaction_progress trial=23 partition=0 processed=7200 total=14000 metric=ce epoch=1/1
[pipeline-trace] wall=19:28:09 elapsed=1039.035s phase=train event=interaction_progress trial=24 partition=0 processed=3500 total=14000 metric=ce epoch=1/1
[pipeline-trace] wall=19:28:10 elapsed=1039.420s phase=train event=interaction_progress trial=24 partition=0 processed=3600 total=14000 metric=ce epoch=1/1
[pipeline-trace] wall=19:28:10 elapsed=1041.617s phase=train event=interaction_progress trial=23 partition=0 processed=7300 total=14000 metric=ce epoch=1/1
[pipeline-trace] wall=19:28:10 elapsed=1039.827s phase=train event=interaction_progress trial=24 partition=0 processed=3700 total=14000 metric=ce epoch=1/1
[pipeline-trace] wall=19:28:11 elapsed=1040.239s phase=train event=interaction_progress trial=24 partition=0 processed=3800 total=14000 metric=ce epoch=1/1
[pipeline-trace] wall=19:28:11 elapsed=1040.660s phase=train event=interaction_progress trial=24 partition=0 processed=3900 total=14000 metric=ce epoch=1/1
[pipeline-trace] wall=19:28:11 elapsed=1042.802s phase=train event=interaction_progress trial=23 partition=0 processed=7400 total=14000 metric=ce epoch=1/1
[pipeline-trace] wall=19:28:12 elapsed=1041.099s phase=train event=interaction_progress trial=24 partition=0 processed=4000 total=14000 metric=ce epoch=1/1
[pipeline-trace] wall=19:28:12 elapsed=1041.549s phase=train event=interaction_progress trial=24 partition=0 processed=4100 total=14000 metric=ce epoch=1/1
[pipeline-trace] wall=19:28:12 elapsed=1042.004s phase=train event=interaction_progress trial=24 partition=0 processed=4200 total=14000 metric=ce epoch=1/1
[pipeline-trace] wall=19:28:13 elapsed=1043.927s phase=train event=interaction_progress trial=23 partition=0 processed=7500 total=14000 metric=ce epoch=1/1
[pipeline-trace] wall=19:28:13 elapsed=1042.434s phase=train event=interaction_progress trial=24 partition=0 processed=4300 total=14000 metric=ce epoch=1/1
[pipeline-trace] wall=19:28:13 elapsed=1042.870s phase=train event=interaction_progress trial=24 partition=0 processed=4400 total=14000 metric=ce epoch=1/1
[pipeline-trace] wall=19:28:14 elapsed=1045.059s phase=train event=interaction_progress trial=23 partition=0 processed=7600 total=14000 metric=ce epoch=1/1
[pipeline-trace] wall=19:28:14 elapsed=1043.302s phase=train event=interaction_progress trial=24 partition=0 processed=4500 total=14000 metric=ce epoch=1/1
[pipeline-trace] wall=19:28:14 elapsed=1043.682s phase=train event=interaction_progress trial=24 partition=0 processed=4600 total=14000 metric=ce epoch=1/1
[pipeline-trace] wall=19:28:15 elapsed=1044.092s phase=train event=interaction_progress trial=24 partition=0 processed=4700 total=14000 metric=ce epoch=1/1
[pipeline-trace] wall=19:28:15 elapsed=1046.111s phase=train event=interaction_progress trial=23 partition=0 processed=7700 total=14000 metric=ce epoch=1/1
[pipeline-trace] wall=19:28:15 elapsed=1044.499s phase=train event=interaction_progress trial=24 partition=0 processed=4800 total=14000 metric=ce epoch=1/1
[pipeline-trace] wall=19:28:15 elapsed=1044.903s phase=train event=interaction_progress trial=24 partition=0 processed=4900 total=14000 metric=ce epoch=1/1
[pipeline-trace] wall=19:28:16 elapsed=1045.315s phase=train event=interaction_progress trial=24 partition=0 processed=5000 total=14000 metric=ce epoch=1/1
[pipeline-trace] wall=19:28:16 elapsed=1047.170s phase=train event=interaction_progress trial=23 partition=0 processed=7800 total=14000 metric=ce epoch=1/1
[pipeline-trace] wall=19:28:16 elapsed=1045.732s phase=train event=interaction_progress trial=24 partition=0 processed=5100 total=14000 metric=ce epoch=1/1
[pipeline-trace] wall=19:28:17 elapsed=1046.131s phase=train event=interaction_progress trial=24 partition=0 processed=5200 total=14000 metric=ce epoch=1/1
[pipeline-trace] wall=19:28:17 elapsed=1048.234s phase=train event=interaction_progress trial=23 partition=0 processed=7900 total=14000 metric=ce epoch=1/1
[pipeline-trace] wall=19:28:17 elapsed=1046.528s phase=train event=interaction_progress trial=24 partition=0 processed=5300 total=14000 metric=ce epoch=1/1
[pipeline-trace] wall=19:28:17 elapsed=1046.932s phase=train event=interaction_progress trial=24 partition=0 processed=5400 total=14000 metric=ce epoch=1/1
[pipeline-trace] wall=19:28:18 elapsed=1047.332s phase=train event=interaction_progress trial=24 partition=0 processed=5500 total=14000 metric=ce epoch=1/1
[pipeline-trace] wall=19:28:18 elapsed=1049.308s phase=train event=interaction_progress trial=23 partition=0 processed=8000 total=14000 metric=ce epoch=1/1
[pipeline-trace] wall=19:28:18 elapsed=1047.747s phase=train event=interaction_progress trial=24 partition=0 processed=5600 total=14000 metric=ce epoch=1/1
[pipeline-trace] wall=19:28:19 elapsed=1048.156s phase=train event=interaction_progress trial=24 partition=0 processed=5700 total=14000 metric=ce epoch=1/1
[pipeline-trace] wall=19:28:19 elapsed=1048.547s phase=train event=interaction_progress trial=24 partition=0 processed=5800 total=14000 metric=ce epoch=1/1
[pipeline-trace] wall=19:28:19 elapsed=1050.391s phase=train event=interaction_progress trial=23 partition=0 processed=8100 total=14000 metric=ce epoch=1/1
[pipeline-trace] wall=19:28:19 elapsed=1048.918s phase=train event=interaction_progress trial=24 partition=0 processed=5900 total=14000 metric=ce epoch=1/1
[pipeline-trace] wall=19:28:20 elapsed=1049.319s phase=train event=interaction_progress trial=24 partition=0 processed=6000 total=14000 metric=ce epoch=1/1
[pipeline-trace] wall=19:28:20 elapsed=1051.495s phase=train event=interaction_progress trial=23 partition=0 processed=8200 total=14000 metric=ce epoch=1/1
[pipeline-trace] wall=19:28:20 elapsed=1049.717s phase=train event=interaction_progress trial=24 partition=0 processed=6100 total=14000 metric=ce epoch=1/1
[pipeline-trace] wall=19:28:21 elapsed=1050.126s phase=train event=interaction_progress trial=24 partition=0 processed=6200 total=14000 metric=ce epoch=1/1
[pipeline-trace] wall=19:28:21 elapsed=1050.536s phase=train event=interaction_progress trial=24 partition=0 processed=6300 total=14000 metric=ce epoch=1/1
[pipeline-trace] wall=19:28:21 elapsed=1052.628s phase=train event=interaction_progress trial=23 partition=0 processed=8300 total=14000 metric=ce epoch=1/1
[pipeline-trace] wall=19:28:21 elapsed=1050.920s phase=train event=interaction_progress trial=24 partition=0 processed=6400 total=14000 metric=ce epoch=1/1
[pipeline-trace] wall=19:28:22 elapsed=1051.312s phase=train event=interaction_progress trial=24 partition=0 processed=6500 total=14000 metric=ce epoch=1/1
[pipeline-trace] wall=19:28:22 elapsed=1051.711s phase=train event=interaction_progress trial=24 partition=0 processed=6600 total=14000 metric=ce epoch=1/1
[pipeline-trace] wall=19:28:22 elapsed=1053.800s phase=train event=interaction_progress trial=23 partition=0 processed=8400 total=14000 metric=ce epoch=1/1
[pipeline-trace] wall=19:28:23 elapsed=1052.094s phase=train event=interaction_progress trial=24 partition=0 processed=6700 total=14000 metric=ce epoch=1/1
[pipeline-trace] wall=19:28:23 elapsed=1052.467s phase=train event=interaction_progress trial=24 partition=0 processed=6800 total=14000 metric=ce epoch=1/1
[pipeline-trace] wall=19:28:23 elapsed=1052.881s phase=train event=interaction_progress trial=24 partition=0 processed=6900 total=14000 metric=ce epoch=1/1
[pipeline-trace] wall=19:28:24 elapsed=1054.940s phase=train event=interaction_progress trial=23 partition=0 processed=8500 total=14000 metric=ce epoch=1/1
[pipeline-trace] wall=19:28:24 elapsed=1053.301s phase=train event=interaction_progress trial=24 partition=0 processed=7000 total=14000 metric=ce epoch=1/1
[pipeline-trace] wall=19:28:24 elapsed=1053.709s phase=train event=interaction_progress trial=24 partition=0 processed=7100 total=14000 metric=ce epoch=1/1
[pipeline-trace] wall=19:28:25 elapsed=1054.119s phase=train event=interaction_progress trial=24 partition=0 processed=7200 total=14000 metric=ce epoch=1/1
[pipeline-trace] wall=19:28:25 elapsed=1056.016s phase=train event=interaction_progress trial=23 partition=0 processed=8600 total=14000 metric=ce epoch=1/1
[pipeline-trace] wall=19:28:25 elapsed=1054.529s phase=train event=interaction_progress trial=24 partition=0 processed=7300 total=14000 metric=ce epoch=1/1
[pipeline-trace] wall=19:28:25 elapsed=1054.887s phase=train event=interaction_progress trial=24 partition=0 processed=7400 total=14000 metric=ce epoch=1/1
[pipeline-trace] wall=19:28:26 elapsed=1055.264s phase=train event=interaction_progress trial=24 partition=0 processed=7500 total=14000 metric=ce epoch=1/1
[pipeline-trace] wall=19:28:26 elapsed=1057.113s phase=train event=interaction_progress trial=23 partition=0 processed=8700 total=14000 metric=ce epoch=1/1
[pipeline-trace] wall=19:28:26 elapsed=1055.674s phase=train event=interaction_progress trial=24 partition=0 processed=7600 total=14000 metric=ce epoch=1/1
[pipeline-trace] wall=19:28:26 elapsed=1056.051s phase=train event=interaction_progress trial=24 partition=0 processed=7700 total=14000 metric=ce epoch=1/1
[pipeline-trace] wall=19:28:27 elapsed=1058.229s phase=train event=interaction_progress trial=23 partition=0 processed=8800 total=14000 metric=ce epoch=1/1
[pipeline-trace] wall=19:28:27 elapsed=1056.441s phase=train event=interaction_progress trial=24 partition=0 processed=7800 total=14000 metric=ce epoch=1/1
[pipeline-trace] wall=19:28:27 elapsed=1056.834s phase=train event=interaction_progress trial=24 partition=0 processed=7900 total=14000 metric=ce epoch=1/1
[pipeline-trace] wall=19:28:28 elapsed=1057.247s phase=train event=interaction_progress trial=24 partition=0 processed=8000 total=14000 metric=ce epoch=1/1
[pipeline-trace] wall=19:28:28 elapsed=1059.251s phase=train event=interaction_progress trial=23 partition=0 processed=8900 total=14000 metric=ce epoch=1/1
[pipeline-trace] wall=19:28:28 elapsed=1057.659s phase=train event=interaction_progress trial=24 partition=0 processed=8100 total=14000 metric=ce epoch=1/1
[pipeline-trace] wall=19:28:28 elapsed=1058.064s phase=train event=interaction_progress trial=24 partition=0 processed=8200 total=14000 metric=ce epoch=1/1
[pipeline-trace] wall=19:28:29 elapsed=1058.416s phase=train event=interaction_progress trial=24 partition=0 processed=8300 total=14000 metric=ce epoch=1/1
[pipeline-trace] wall=19:28:29 elapsed=1060.307s phase=train event=interaction_progress trial=23 partition=0 processed=9000 total=14000 metric=ce epoch=1/1
[pipeline-trace] wall=19:28:29 elapsed=1058.777s phase=train event=interaction_progress trial=24 partition=0 processed=8400 total=14000 metric=ce epoch=1/1
[pipeline-trace] wall=19:28:30 elapsed=1059.233s phase=train event=interaction_progress trial=24 partition=0 processed=8500 total=14000 metric=ce epoch=1/1
[pipeline-trace] wall=19:28:30 elapsed=1061.430s phase=train event=interaction_progress trial=23 partition=0 processed=9100 total=14000 metric=ce epoch=1/1
[pipeline-trace] wall=19:28:30 elapsed=1059.717s phase=train event=interaction_progress trial=24 partition=0 processed=8600 total=14000 metric=ce epoch=1/1
[pipeline-trace] wall=19:28:31 elapsed=1060.189s phase=train event=interaction_progress trial=24 partition=0 processed=8700 total=14000 metric=ce epoch=1/1
[pipeline-trace] wall=19:28:31 elapsed=1060.607s phase=train event=interaction_progress trial=24 partition=0 processed=8800 total=14000 metric=ce epoch=1/1
[pipeline-trace] wall=19:28:31 elapsed=1062.611s phase=train event=interaction_progress trial=23 partition=0 processed=9200 total=14000 metric=ce epoch=1/1
[pipeline-trace] wall=19:28:31 elapsed=1061.074s phase=train event=interaction_progress trial=24 partition=0 processed=8900 total=14000 metric=ce epoch=1/1
[pipeline-trace] wall=19:28:32 elapsed=1061.548s phase=train event=interaction_progress trial=24 partition=0 processed=9000 total=14000 metric=ce epoch=1/1
[pipeline-trace] wall=19:28:32 elapsed=1063.683s phase=train event=interaction_progress trial=23 partition=0 processed=9300 total=14000 metric=ce epoch=1/1
[pipeline-trace] wall=19:28:32 elapsed=1061.955s phase=train event=interaction_progress trial=24 partition=0 processed=9100 total=14000 metric=ce epoch=1/1
[pipeline-trace] wall=19:28:33 elapsed=1062.367s phase=train event=interaction_progress trial=24 partition=0 processed=9200 total=14000 metric=ce epoch=1/1
[pipeline-trace] wall=19:28:33 elapsed=1062.703s phase=train event=interaction_progress trial=24 partition=0 processed=9300 total=14000 metric=ce epoch=1/1
[pipeline-trace] wall=19:28:33 elapsed=1064.829s phase=train event=interaction_progress trial=23 partition=0 processed=9400 total=14000 metric=ce epoch=1/1
[pipeline-trace] wall=19:28:33 elapsed=1063.040s phase=train event=interaction_progress trial=24 partition=0 processed=9400 total=14000 metric=ce epoch=1/1
[pipeline-trace] wall=19:28:34 elapsed=1063.417s phase=train event=interaction_progress trial=24 partition=0 processed=9500 total=14000 metric=ce epoch=1/1
[pipeline-trace] wall=19:28:34 elapsed=1063.805s phase=train event=interaction_progress trial=24 partition=0 processed=9600 total=14000 metric=ce epoch=1/1
[pipeline-trace] wall=19:28:35 elapsed=1065.931s phase=train event=interaction_progress trial=23 partition=0 processed=9500 total=14000 metric=ce epoch=1/1
[pipeline-trace] wall=19:28:35 elapsed=1064.148s phase=train event=interaction_progress trial=24 partition=0 processed=9700 total=14000 metric=ce epoch=1/1
[pipeline-trace] wall=19:28:35 elapsed=1064.452s phase=train event=interaction_progress trial=24 partition=0 processed=9800 total=14000 metric=ce epoch=1/1
[pipeline-trace] wall=19:28:35 elapsed=1064.759s phase=train event=interaction_progress trial=24 partition=0 processed=9900 total=14000 metric=ce epoch=1/1
[pipeline-trace] wall=19:28:36 elapsed=1065.096s phase=train event=interaction_progress trial=24 partition=0 processed=10000 total=14000 metric=ce epoch=1/1
[pipeline-trace] wall=19:28:36 elapsed=1067.001s phase=train event=interaction_progress trial=23 partition=0 processed=9600 total=14000 metric=ce epoch=1/1
[pipeline-trace] wall=19:28:36 elapsed=1065.437s phase=train event=interaction_progress trial=24 partition=0 processed=10100 total=14000 metric=ce epoch=1/1
[pipeline-trace] wall=19:28:36 elapsed=1065.758s phase=train event=interaction_progress trial=24 partition=0 processed=10200 total=14000 metric=ce epoch=1/1
[pipeline-trace] wall=19:28:37 elapsed=1066.087s phase=train event=interaction_progress trial=24 partition=0 processed=10300 total=14000 metric=ce epoch=1/1
[pipeline-trace] wall=19:28:37 elapsed=1068.059s phase=train event=interaction_progress trial=23 partition=0 processed=9700 total=14000 metric=ce epoch=1/1
[pipeline-trace] wall=19:28:37 elapsed=1066.408s phase=train event=interaction_progress trial=24 partition=0 processed=10400 total=14000 metric=ce epoch=1/1
[pipeline-trace] wall=19:28:37 elapsed=1066.715s phase=train event=interaction_progress trial=24 partition=0 processed=10500 total=14000 metric=ce epoch=1/1
[pipeline-trace] wall=19:28:38 elapsed=1067.088s phase=train event=interaction_progress trial=24 partition=0 processed=10600 total=14000 metric=ce epoch=1/1
[pipeline-trace] wall=19:28:38 elapsed=1069.184s phase=train event=interaction_progress trial=23 partition=0 processed=9800 total=14000 metric=ce epoch=1/1
[pipeline-trace] wall=19:28:38 elapsed=1067.419s phase=train event=interaction_progress trial=24 partition=0 processed=10700 total=14000 metric=ce epoch=1/1
[pipeline-trace] wall=19:28:38 elapsed=1067.753s phase=train event=interaction_progress trial=24 partition=0 processed=10800 total=14000 metric=ce epoch=1/1
[pipeline-trace] wall=19:28:39 elapsed=1068.129s phase=train event=interaction_progress trial=24 partition=0 processed=10900 total=14000 metric=ce epoch=1/1
[pipeline-trace] wall=19:28:39 elapsed=1068.511s phase=train event=interaction_progress trial=24 partition=0 processed=11000 total=14000 metric=ce epoch=1/1
[pipeline-trace] wall=19:28:39 elapsed=1070.383s phase=train event=interaction_progress trial=23 partition=0 processed=9900 total=14000 metric=ce epoch=1/1
[pipeline-trace] wall=19:28:39 elapsed=1068.886s phase=train event=interaction_progress trial=24 partition=0 processed=11100 total=14000 metric=ce epoch=1/1
[pipeline-trace] wall=19:28:40 elapsed=1069.262s phase=train event=interaction_progress trial=24 partition=0 processed=11200 total=14000 metric=ce epoch=1/1
[pipeline-trace] wall=19:28:40 elapsed=1069.734s phase=train event=interaction_progress trial=24 partition=0 processed=11300 total=14000 metric=ce epoch=1/1
[pipeline-trace] wall=19:28:40 elapsed=1071.694s phase=train event=interaction_progress trial=23 partition=0 processed=10000 total=14000 metric=ce epoch=1/1
[pipeline-trace] wall=19:28:44 elapsed=1073.732s phase=train event=interaction_progress trial=24 partition=0 processed=11400 total=14000 metric=ce epoch=1/1
[pipeline-trace] wall=19:28:47 elapsed=1078.481s phase=train event=interaction_progress trial=23 partition=0 processed=10100 total=14000 metric=ce epoch=1/1
[pipeline-trace] wall=19:28:48 elapsed=1077.093s phase=train event=interaction_progress trial=24 partition=0 processed=11500 total=14000 metric=ce epoch=1/1
[pipeline-trace] wall=19:28:48 elapsed=1077.370s phase=train event=interaction_progress trial=24 partition=0 processed=11600 total=14000 metric=ce epoch=1/1
[pipeline-trace] wall=19:28:48 elapsed=1077.649s phase=train event=interaction_progress trial=24 partition=0 processed=11700 total=14000 metric=ce epoch=1/1
[pipeline-trace] wall=19:28:48 elapsed=1079.631s phase=train event=interaction_progress trial=23 partition=0 processed=10200 total=14000 metric=ce epoch=1/1
[pipeline-trace] wall=19:28:48 elapsed=1077.935s phase=train event=interaction_progress trial=24 partition=0 processed=11800 total=14000 metric=ce epoch=1/1
[pipeline-trace] wall=19:28:49 elapsed=1078.254s phase=train event=interaction_progress trial=24 partition=0 processed=11900 total=14000 metric=ce epoch=1/1
[pipeline-trace] wall=19:28:49 elapsed=1078.556s phase=train event=interaction_progress trial=24 partition=0 processed=12000 total=14000 metric=ce epoch=1/1
[pipeline-trace] wall=19:28:49 elapsed=1078.868s phase=train event=interaction_progress trial=24 partition=0 processed=12100 total=14000 metric=ce epoch=1/1
[pipeline-trace] wall=19:28:49 elapsed=1080.730s phase=train event=interaction_progress trial=23 partition=0 processed=10300 total=14000 metric=ce epoch=1/1
[pipeline-trace] wall=19:28:50 elapsed=1079.241s phase=train event=interaction_progress trial=24 partition=0 processed=12200 total=14000 metric=ce epoch=1/1
[pipeline-trace] wall=19:28:50 elapsed=1079.622s phase=train event=interaction_progress trial=24 partition=0 processed=12300 total=14000 metric=ce epoch=1/1
[pipeline-trace] wall=19:28:50 elapsed=1080.007s phase=train event=interaction_progress trial=24 partition=0 processed=12400 total=14000 metric=ce epoch=1/1
[pipeline-trace] wall=19:28:50 elapsed=1081.864s phase=train event=interaction_progress trial=23 partition=0 processed=10400 total=14000 metric=ce epoch=1/1
[pipeline-trace] wall=19:28:51 elapsed=1080.337s phase=train event=interaction_progress trial=24 partition=0 processed=12500 total=14000 metric=ce epoch=1/1
[pipeline-trace] wall=19:28:51 elapsed=1080.642s phase=train event=interaction_progress trial=24 partition=0 processed=12600 total=14000 metric=ce epoch=1/1
[pipeline-trace] wall=19:28:51 elapsed=1080.951s phase=train event=interaction_progress trial=24 partition=0 processed=12700 total=14000 metric=ce epoch=1/1
[pipeline-trace] wall=19:28:52 elapsed=1082.965s phase=train event=interaction_progress trial=23 partition=0 processed=10500 total=14000 metric=ce epoch=1/1
[pipeline-trace] wall=19:28:52 elapsed=1081.262s phase=train event=interaction_progress trial=24 partition=0 processed=12800 total=14000 metric=ce epoch=1/1
[pipeline-trace] wall=19:28:52 elapsed=1081.546s phase=train event=interaction_progress trial=24 partition=0 processed=12900 total=14000 metric=ce epoch=1/1
[pipeline-trace] wall=19:28:52 elapsed=1081.914s phase=train event=interaction_progress trial=24 partition=0 processed=13000 total=14000 metric=ce epoch=1/1
[pipeline-trace] wall=19:28:53 elapsed=1082.189s phase=train event=interaction_progress trial=24 partition=0 processed=13100 total=14000 metric=ce epoch=1/1
[pipeline-trace] wall=19:28:53 elapsed=1084.025s phase=train event=interaction_progress trial=23 partition=0 processed=10600 total=14000 metric=ce epoch=1/1
[pipeline-trace] wall=19:28:53 elapsed=1082.498s phase=train event=interaction_progress trial=24 partition=0 processed=13200 total=14000 metric=ce epoch=1/1
[pipeline-trace] wall=19:28:53 elapsed=1082.877s phase=train event=interaction_progress trial=24 partition=0 processed=13300 total=14000 metric=ce epoch=1/1
[pipeline-trace] wall=19:28:54 elapsed=1085.098s phase=train event=interaction_progress trial=23 partition=0 processed=10700 total=14000 metric=ce epoch=1/1
[pipeline-trace] wall=19:28:54 elapsed=1083.274s phase=train event=interaction_progress trial=24 partition=0 processed=13400 total=14000 metric=ce epoch=1/1
[pipeline-trace] wall=19:28:54 elapsed=1083.577s phase=train event=interaction_progress trial=24 partition=0 processed=13500 total=14000 metric=ce epoch=1/1
[pipeline-trace] wall=19:28:54 elapsed=1083.922s phase=train event=interaction_progress trial=24 partition=0 processed=13600 total=14000 metric=ce epoch=1/1
[pipeline-trace] wall=19:28:55 elapsed=1084.321s phase=train event=interaction_progress trial=24 partition=0 processed=13700 total=14000 metric=ce epoch=1/1
[pipeline-trace] wall=19:28:55 elapsed=1086.252s phase=train event=interaction_progress trial=23 partition=0 processed=10800 total=14000 metric=ce epoch=1/1
[pipeline-trace] wall=19:28:55 elapsed=1084.730s phase=train event=interaction_progress trial=24 partition=0 processed=13800 total=14000 metric=ce epoch=1/1
[pipeline-trace] wall=19:28:56 elapsed=1085.119s phase=train event=interaction_progress trial=24 partition=0 processed=13900 total=14000 metric=ce epoch=1/1
[pipeline-trace] wall=19:28:56 elapsed=1085.487s phase=train event=interaction_progress trial=24 partition=0 processed=14000 total=14000 metric=ce epoch=1/1
[pipeline-trace] wall=19:28:56 elapsed=1087.393s phase=train event=interaction_progress trial=23 partition=0 processed=10900 total=14000 metric=ce epoch=1/1
[pipeline-trace] wall=19:28:56 elapsed=1085.604s phase=eval event=batch_start trial=24 partitions=[1] synthetic=False
[pipeline-trace] wall=19:28:56 elapsed=1085.604s phase=eval event=partition_start trial=24 partition=1 interactions=1999
[pipeline-trace] wall=19:28:56 elapsed=1085.604s phase=eval event=interaction_progress trial=24 partition=1 processed=1 total=1999 metric=ranking
[pipeline-trace] wall=19:28:56 elapsed=1085.761s phase=eval event=interaction_progress trial=24 partition=1 processed=100 total=1999 metric=ranking
[pipeline-trace] wall=19:28:56 elapsed=1085.914s phase=eval event=interaction_progress trial=24 partition=1 processed=200 total=1999 metric=ranking
[pipeline-trace] wall=19:28:56 elapsed=1086.069s phase=eval event=interaction_progress trial=24 partition=1 processed=300 total=1999 metric=ranking
[pipeline-trace] wall=19:28:57 elapsed=1086.223s phase=eval event=interaction_progress trial=24 partition=1 processed=400 total=1999 metric=ranking
[pipeline-trace] wall=19:28:57 elapsed=1086.376s phase=eval event=interaction_progress trial=24 partition=1 processed=500 total=1999 metric=ranking
[pipeline-trace] wall=19:28:57 elapsed=1086.529s phase=eval event=interaction_progress trial=24 partition=1 processed=600 total=1999 metric=ranking
[pipeline-trace] wall=19:28:57 elapsed=1086.684s phase=eval event=interaction_progress trial=24 partition=1 processed=700 total=1999 metric=ranking
[pipeline-trace] wall=19:28:57 elapsed=1088.547s phase=train event=interaction_progress trial=23 partition=0 processed=11000 total=14000 metric=ce epoch=1/1
[pipeline-trace] wall=19:28:57 elapsed=1086.846s phase=eval event=interaction_progress trial=24 partition=1 processed=800 total=1999 metric=ranking
[pipeline-trace] wall=19:28:57 elapsed=1086.999s phase=eval event=interaction_progress trial=24 partition=1 processed=900 total=1999 metric=ranking
[pipeline-trace] wall=19:28:58 elapsed=1087.152s phase=eval event=interaction_progress trial=24 partition=1 processed=1000 total=1999 metric=ranking
[pipeline-trace] wall=19:28:58 elapsed=1087.305s phase=eval event=interaction_progress trial=24 partition=1 processed=1100 total=1999 metric=ranking
[pipeline-trace] wall=19:28:58 elapsed=1087.457s phase=eval event=interaction_progress trial=24 partition=1 processed=1200 total=1999 metric=ranking
[pipeline-trace] wall=19:28:58 elapsed=1087.610s phase=eval event=interaction_progress trial=24 partition=1 processed=1300 total=1999 metric=ranking
[pipeline-trace] wall=19:28:58 elapsed=1087.772s phase=eval event=interaction_progress trial=24 partition=1 processed=1400 total=1999 metric=ranking
[pipeline-trace] wall=19:28:58 elapsed=1089.735s phase=train event=interaction_progress trial=23 partition=0 processed=11100 total=14000 metric=ce epoch=1/1
[pipeline-trace] wall=19:28:58 elapsed=1087.925s phase=eval event=interaction_progress trial=24 partition=1 processed=1500 total=1999 metric=ranking
[pipeline-trace] wall=19:28:59 elapsed=1088.078s phase=eval event=interaction_progress trial=24 partition=1 processed=1600 total=1999 metric=ranking
[pipeline-trace] wall=19:28:59 elapsed=1088.231s phase=eval event=interaction_progress trial=24 partition=1 processed=1700 total=1999 metric=ranking
[pipeline-trace] wall=19:28:59 elapsed=1088.384s phase=eval event=interaction_progress trial=24 partition=1 processed=1800 total=1999 metric=ranking
[pipeline-trace] wall=19:28:59 elapsed=1088.544s phase=eval event=interaction_progress trial=24 partition=1 processed=1900 total=1999 metric=ranking
[pipeline-trace] wall=19:28:59 elapsed=1088.685s phase=eval event=interaction_progress trial=24 partition=1 processed=1999 total=1999 metric=ranking
[pipeline-trace] wall=19:28:59 elapsed=1088.686s phase=eval event=partition_complete trial=24 partition=1 elapsed_sec=3.082 hits=1523 total=1999
[pipeline-trace] wall=19:28:59 elapsed=1088.778s phase=train event=interaction_progress trial=25 partition=0 processed=1 total=14000 metric=ce epoch=1/1
[pipeline-trace] wall=19:28:59 elapsed=1090.890s phase=train event=interaction_progress trial=23 partition=0 processed=11200 total=14000 metric=ce epoch=1/1
[pipeline-trace] wall=19:29:00 elapsed=1089.120s phase=train event=interaction_progress trial=25 partition=0 processed=100 total=14000 metric=ce epoch=1/1
[pipeline-trace] wall=19:29:00 elapsed=1089.462s phase=train event=interaction_progress trial=25 partition=0 processed=200 total=14000 metric=ce epoch=1/1
[pipeline-trace] wall=19:29:00 elapsed=1089.795s phase=train event=interaction_progress trial=25 partition=0 processed=300 total=14000 metric=ce epoch=1/1
[pipeline-trace] wall=19:29:01 elapsed=1090.142s phase=train event=interaction_progress trial=25 partition=0 processed=400 total=14000 metric=ce epoch=1/1
[pipeline-trace] wall=19:29:01 elapsed=1092.073s phase=train event=interaction_progress trial=23 partition=0 processed=11300 total=14000 metric=ce epoch=1/1
[pipeline-trace] wall=19:29:01 elapsed=1090.516s phase=train event=interaction_progress trial=25 partition=0 processed=500 total=14000 metric=ce epoch=1/1
[pipeline-trace] wall=19:29:01 elapsed=1090.904s phase=train event=interaction_progress trial=25 partition=0 processed=600 total=14000 metric=ce epoch=1/1
[pipeline-trace] wall=19:29:02 elapsed=1091.283s phase=train event=interaction_progress trial=25 partition=0 processed=700 total=14000 metric=ce epoch=1/1
[pipeline-trace] wall=19:29:02 elapsed=1093.267s phase=train event=interaction_progress trial=23 partition=0 processed=11400 total=14000 metric=ce epoch=1/1
[pipeline-trace] wall=19:29:02 elapsed=1091.658s phase=train event=interaction_progress trial=25 partition=0 processed=800 total=14000 metric=ce epoch=1/1
[pipeline-trace] wall=19:29:02 elapsed=1092.036s phase=train event=interaction_progress trial=25 partition=0 processed=900 total=14000 metric=ce epoch=1/1
[pipeline-trace] wall=19:29:03 elapsed=1092.415s phase=train event=interaction_progress trial=25 partition=0 processed=1000 total=14000 metric=ce epoch=1/1
[pipeline-trace] wall=19:29:03 elapsed=1094.426s phase=train event=interaction_progress trial=23 partition=0 processed=11500 total=14000 metric=ce epoch=1/1
[pipeline-trace] wall=19:29:03 elapsed=1092.787s phase=train event=interaction_progress trial=25 partition=0 processed=1100 total=14000 metric=ce epoch=1/1
[pipeline-trace] wall=19:29:04 elapsed=1093.170s phase=train event=interaction_progress trial=25 partition=0 processed=1200 total=14000 metric=ce epoch=1/1
[pipeline-trace] wall=19:29:04 elapsed=1093.542s phase=train event=interaction_progress trial=25 partition=0 processed=1300 total=14000 metric=ce epoch=1/1
[pipeline-trace] wall=19:29:04 elapsed=1095.615s phase=train event=interaction_progress trial=23 partition=0 processed=11600 total=14000 metric=ce epoch=1/1
[pipeline-trace] wall=19:29:04 elapsed=1093.919s phase=train event=interaction_progress trial=25 partition=0 processed=1400 total=14000 metric=ce epoch=1/1
[pipeline-trace] wall=19:29:05 elapsed=1094.295s phase=train event=interaction_progress trial=25 partition=0 processed=1500 total=14000 metric=ce epoch=1/1
[pipeline-trace] wall=19:29:05 elapsed=1094.666s phase=train event=interaction_progress trial=25 partition=0 processed=1600 total=14000 metric=ce epoch=1/1
[pipeline-trace] wall=19:29:05 elapsed=1096.781s phase=train event=interaction_progress trial=23 partition=0 processed=11700 total=14000 metric=ce epoch=1/1
[pipeline-trace] wall=19:29:05 elapsed=1095.049s phase=train event=interaction_progress trial=25 partition=0 processed=1700 total=14000 metric=ce epoch=1/1
[pipeline-trace] wall=19:29:06 elapsed=1095.427s phase=train event=interaction_progress trial=25 partition=0 processed=1800 total=14000 metric=ce epoch=1/1
[pipeline-trace] wall=19:29:06 elapsed=1095.822s phase=train event=interaction_progress trial=25 partition=0 processed=1900 total=14000 metric=ce epoch=1/1
[pipeline-trace] wall=19:29:07 elapsed=1097.966s phase=train event=interaction_progress trial=23 partition=0 processed=11800 total=14000 metric=ce epoch=1/1
[pipeline-trace] wall=19:29:07 elapsed=1096.231s phase=train event=interaction_progress trial=25 partition=0 processed=2000 total=14000 metric=ce epoch=1/1
[pipeline-trace] wall=19:29:07 elapsed=1096.637s phase=train event=interaction_progress trial=25 partition=0 processed=2100 total=14000 metric=ce epoch=1/1
[pipeline-trace] wall=19:29:07 elapsed=1097.024s phase=train event=interaction_progress trial=25 partition=0 processed=2200 total=14000 metric=ce epoch=1/1
[pipeline-trace] wall=19:29:08 elapsed=1099.190s phase=train event=interaction_progress trial=23 partition=0 processed=11900 total=14000 metric=ce epoch=1/1
[pipeline-trace] wall=19:29:08 elapsed=1097.400s phase=train event=interaction_progress trial=25 partition=0 processed=2300 total=14000 metric=ce epoch=1/1
[pipeline-trace] wall=19:29:08 elapsed=1097.780s phase=train event=interaction_progress trial=25 partition=0 processed=2400 total=14000 metric=ce epoch=1/1
[pipeline-trace] wall=19:29:09 elapsed=1098.162s phase=train event=interaction_progress trial=25 partition=0 processed=2500 total=14000 metric=ce epoch=1/1
[pipeline-trace] wall=19:29:09 elapsed=1100.353s phase=train event=interaction_progress trial=23 partition=0 processed=12000 total=14000 metric=ce epoch=1/1
[pipeline-trace] wall=19:29:09 elapsed=1098.539s phase=train event=interaction_progress trial=25 partition=0 processed=2600 total=14000 metric=ce epoch=1/1
[pipeline-trace] wall=19:29:09 elapsed=1098.910s phase=train event=interaction_progress trial=25 partition=0 processed=2700 total=14000 metric=ce epoch=1/1
[pipeline-trace] wall=19:29:10 elapsed=1099.230s phase=train event=interaction_progress trial=25 partition=0 processed=2800 total=14000 metric=ce epoch=1/1
[pipeline-trace] wall=19:29:10 elapsed=1099.556s phase=train event=interaction_progress trial=25 partition=0 processed=2900 total=14000 metric=ce epoch=1/1
[pipeline-trace] wall=19:29:10 elapsed=1101.557s phase=train event=interaction_progress trial=23 partition=0 processed=12100 total=14000 metric=ce epoch=1/1
[pipeline-trace] wall=19:29:10 elapsed=1099.887s phase=train event=interaction_progress trial=25 partition=0 processed=3000 total=14000 metric=ce epoch=1/1
[pipeline-trace] wall=19:29:11 elapsed=1100.247s phase=train event=interaction_progress trial=25 partition=0 processed=3100 total=14000 metric=ce epoch=1/1
[pipeline-trace] wall=19:29:11 elapsed=1100.639s phase=train event=interaction_progress trial=25 partition=0 processed=3200 total=14000 metric=ce epoch=1/1
[pipeline-trace] wall=19:29:11 elapsed=1102.745s phase=train event=interaction_progress trial=23 partition=0 processed=12200 total=14000 metric=ce epoch=1/1
[pipeline-trace] wall=19:29:11 elapsed=1101.042s phase=train event=interaction_progress trial=25 partition=0 processed=3300 total=14000 metric=ce epoch=1/1
[pipeline-trace] wall=19:29:12 elapsed=1101.430s phase=train event=interaction_progress trial=25 partition=0 processed=3400 total=14000 metric=ce epoch=1/1
[pipeline-trace] wall=19:29:12 elapsed=1101.812s phase=train event=interaction_progress trial=25 partition=0 processed=3500 total=14000 metric=ce epoch=1/1
[pipeline-trace] wall=19:29:12 elapsed=1103.901s phase=train event=interaction_progress trial=23 partition=0 processed=12300 total=14000 metric=ce epoch=1/1
[pipeline-trace] wall=19:29:13 elapsed=1102.189s phase=train event=interaction_progress trial=25 partition=0 processed=3600 total=14000 metric=ce epoch=1/1
[pipeline-trace] wall=19:29:13 elapsed=1102.594s phase=train event=interaction_progress trial=25 partition=0 processed=3700 total=14000 metric=ce epoch=1/1
[pipeline-trace] wall=19:29:13 elapsed=1103.003s phase=train event=interaction_progress trial=25 partition=0 processed=3800 total=14000 metric=ce epoch=1/1
[pipeline-trace] wall=19:29:14 elapsed=1105.100s phase=train event=interaction_progress trial=23 partition=0 processed=12400 total=14000 metric=ce epoch=1/1
[pipeline-trace] wall=19:29:14 elapsed=1103.376s phase=train event=interaction_progress trial=25 partition=0 processed=3900 total=14000 metric=ce epoch=1/1
[pipeline-trace] wall=19:29:14 elapsed=1103.763s phase=train event=interaction_progress trial=25 partition=0 processed=4000 total=14000 metric=ce epoch=1/1
[pipeline-trace] wall=19:29:15 elapsed=1104.150s phase=train event=interaction_progress trial=25 partition=0 processed=4100 total=14000 metric=ce epoch=1/1
[pipeline-trace] wall=19:29:15 elapsed=1106.266s phase=train event=interaction_progress trial=23 partition=0 processed=12500 total=14000 metric=ce epoch=1/1
[pipeline-trace] wall=19:29:15 elapsed=1104.504s phase=train event=interaction_progress trial=25 partition=0 processed=4200 total=14000 metric=ce epoch=1/1
[pipeline-trace] wall=19:29:15 elapsed=1104.843s phase=train event=interaction_progress trial=25 partition=0 processed=4300 total=14000 metric=ce epoch=1/1
[pipeline-trace] wall=19:29:16 elapsed=1105.168s phase=train event=interaction_progress trial=25 partition=0 processed=4400 total=14000 metric=ce epoch=1/1
[pipeline-trace] wall=19:29:16 elapsed=1105.487s phase=train event=interaction_progress trial=25 partition=0 processed=4500 total=14000 metric=ce epoch=1/1
[pipeline-trace] wall=19:29:16 elapsed=1107.441s phase=train event=interaction_progress trial=23 partition=0 processed=12600 total=14000 metric=ce epoch=1/1
[pipeline-trace] wall=19:29:16 elapsed=1105.815s phase=train event=interaction_progress trial=25 partition=0 processed=4600 total=14000 metric=ce epoch=1/1
[pipeline-trace] wall=19:29:17 elapsed=1106.142s phase=train event=interaction_progress trial=25 partition=0 processed=4700 total=14000 metric=ce epoch=1/1
[pipeline-trace] wall=19:29:17 elapsed=1106.461s phase=train event=interaction_progress trial=25 partition=0 processed=4800 total=14000 metric=ce epoch=1/1
[pipeline-trace] wall=19:29:17 elapsed=1106.778s phase=train event=interaction_progress trial=25 partition=0 processed=4900 total=14000 metric=ce epoch=1/1
[pipeline-trace] wall=19:29:17 elapsed=1108.660s phase=train event=interaction_progress trial=23 partition=0 processed=12700 total=14000 metric=ce epoch=1/1
[pipeline-trace] wall=19:29:18 elapsed=1107.099s phase=train event=interaction_progress trial=25 partition=0 processed=5000 total=14000 metric=ce epoch=1/1
[pipeline-trace] wall=19:29:18 elapsed=1107.414s phase=train event=interaction_progress trial=25 partition=0 processed=5100 total=14000 metric=ce epoch=1/1
[pipeline-trace] wall=19:29:18 elapsed=1107.734s phase=train event=interaction_progress trial=25 partition=0 processed=5200 total=14000 metric=ce epoch=1/1
[pipeline-trace] wall=19:29:18 elapsed=1109.755s phase=train event=interaction_progress trial=23 partition=0 processed=12800 total=14000 metric=ce epoch=1/1
[pipeline-trace] wall=19:29:18 elapsed=1108.061s phase=train event=interaction_progress trial=25 partition=0 processed=5300 total=14000 metric=ce epoch=1/1
[pipeline-trace] wall=19:29:19 elapsed=1108.474s phase=train event=interaction_progress trial=25 partition=0 processed=5400 total=14000 metric=ce epoch=1/1
[pipeline-trace] wall=19:29:19 elapsed=1108.851s phase=train event=interaction_progress trial=25 partition=0 processed=5500 total=14000 metric=ce epoch=1/1
[pipeline-trace] wall=19:29:20 elapsed=1110.937s phase=train event=interaction_progress trial=23 partition=0 processed=12900 total=14000 metric=ce epoch=1/1
[pipeline-trace] wall=19:29:20 elapsed=1109.192s phase=train event=interaction_progress trial=25 partition=0 processed=5600 total=14000 metric=ce epoch=1/1
[pipeline-trace] wall=19:29:20 elapsed=1109.537s phase=train event=interaction_progress trial=25 partition=0 processed=5700 total=14000 metric=ce epoch=1/1
[pipeline-trace] wall=19:29:20 elapsed=1109.874s phase=train event=interaction_progress trial=25 partition=0 processed=5800 total=14000 metric=ce epoch=1/1
[pipeline-trace] wall=19:29:21 elapsed=1110.195s phase=train event=interaction_progress trial=25 partition=0 processed=5900 total=14000 metric=ce epoch=1/1
[pipeline-trace] wall=19:29:21 elapsed=1112.103s phase=train event=interaction_progress trial=23 partition=0 processed=13000 total=14000 metric=ce epoch=1/1
[pipeline-trace] wall=19:29:21 elapsed=1110.513s phase=train event=interaction_progress trial=25 partition=0 processed=6000 total=14000 metric=ce epoch=1/1
[pipeline-trace] wall=19:29:21 elapsed=1110.889s phase=train event=interaction_progress trial=25 partition=0 processed=6100 total=14000 metric=ce epoch=1/1
[pipeline-trace] wall=19:29:22 elapsed=1111.361s phase=train event=interaction_progress trial=25 partition=0 processed=6200 total=14000 metric=ce epoch=1/1
[pipeline-trace] wall=19:29:22 elapsed=1113.228s phase=train event=interaction_progress trial=23 partition=0 processed=13100 total=14000 metric=ce epoch=1/1
[pipeline-trace] wall=19:29:22 elapsed=1111.847s phase=train event=interaction_progress trial=25 partition=0 processed=6300 total=14000 metric=ce epoch=1/1
[pipeline-trace] wall=19:29:23 elapsed=1112.190s phase=train event=interaction_progress trial=25 partition=0 processed=6400 total=14000 metric=ce epoch=1/1
[pipeline-trace] wall=19:29:23 elapsed=1114.414s phase=train event=interaction_progress trial=23 partition=0 processed=13200 total=14000 metric=ce epoch=1/1
[pipeline-trace] wall=19:29:23 elapsed=1112.598s phase=train event=interaction_progress trial=25 partition=0 processed=6500 total=14000 metric=ce epoch=1/1
[pipeline-trace] wall=19:29:23 elapsed=1112.966s phase=train event=interaction_progress trial=25 partition=0 processed=6600 total=14000 metric=ce epoch=1/1
[pipeline-trace] wall=19:29:24 elapsed=1113.356s phase=train event=interaction_progress trial=25 partition=0 processed=6700 total=14000 metric=ce epoch=1/1
[pipeline-trace] wall=19:29:24 elapsed=1115.559s phase=train event=interaction_progress trial=23 partition=0 processed=13300 total=14000 metric=ce epoch=1/1
[pipeline-trace] wall=19:29:24 elapsed=1113.754s phase=train event=interaction_progress trial=25 partition=0 processed=6800 total=14000 metric=ce epoch=1/1
[pipeline-trace] wall=19:29:25 elapsed=1114.155s phase=train event=interaction_progress trial=25 partition=0 processed=6900 total=14000 metric=ce epoch=1/1
[pipeline-trace] wall=19:29:25 elapsed=1114.570s phase=train event=interaction_progress trial=25 partition=0 processed=7000 total=14000 metric=ce epoch=1/1
[pipeline-trace] wall=19:29:25 elapsed=1116.671s phase=train event=interaction_progress trial=23 partition=0 processed=13400 total=14000 metric=ce epoch=1/1
[pipeline-trace] wall=19:29:25 elapsed=1115.021s phase=train event=interaction_progress trial=25 partition=0 processed=7100 total=14000 metric=ce epoch=1/1
[pipeline-trace] wall=19:29:26 elapsed=1115.403s phase=train event=interaction_progress trial=25 partition=0 processed=7200 total=14000 metric=ce epoch=1/1
[pipeline-trace] wall=19:29:26 elapsed=1115.750s phase=train event=interaction_progress trial=25 partition=0 processed=7300 total=14000 metric=ce epoch=1/1
[pipeline-trace] wall=19:29:26 elapsed=1117.820s phase=train event=interaction_progress trial=23 partition=0 processed=13500 total=14000 metric=ce epoch=1/1
[pipeline-trace] wall=19:29:26 elapsed=1116.066s phase=train event=interaction_progress trial=25 partition=0 processed=7400 total=14000 metric=ce epoch=1/1
[pipeline-trace] wall=19:29:27 elapsed=1116.382s phase=train event=interaction_progress trial=25 partition=0 processed=7500 total=14000 metric=ce epoch=1/1
[pipeline-trace] wall=19:29:27 elapsed=1116.697s phase=train event=interaction_progress trial=25 partition=0 processed=7600 total=14000 metric=ce epoch=1/1
[pipeline-trace] wall=19:29:27 elapsed=1117.010s phase=train event=interaction_progress trial=25 partition=0 processed=7700 total=14000 metric=ce epoch=1/1
[pipeline-trace] wall=19:29:28 elapsed=1118.957s phase=train event=interaction_progress trial=23 partition=0 processed=13600 total=14000 metric=ce epoch=1/1
[pipeline-trace] wall=19:29:28 elapsed=1117.323s phase=train event=interaction_progress trial=25 partition=0 processed=7800 total=14000 metric=ce epoch=1/1
[pipeline-trace] wall=19:29:28 elapsed=1117.633s phase=train event=interaction_progress trial=25 partition=0 processed=7900 total=14000 metric=ce epoch=1/1
[pipeline-trace] wall=19:29:28 elapsed=1117.942s phase=train event=interaction_progress trial=25 partition=0 processed=8000 total=14000 metric=ce epoch=1/1
[pipeline-trace] wall=19:29:29 elapsed=1120.008s phase=train event=interaction_progress trial=23 partition=0 processed=13700 total=14000 metric=ce epoch=1/1
[pipeline-trace] wall=19:29:29 elapsed=1118.264s phase=train event=interaction_progress trial=25 partition=0 processed=8100 total=14000 metric=ce epoch=1/1
[pipeline-trace] wall=19:29:29 elapsed=1118.582s phase=train event=interaction_progress trial=25 partition=0 processed=8200 total=14000 metric=ce epoch=1/1
[pipeline-trace] wall=19:29:29 elapsed=1118.902s phase=train event=interaction_progress trial=25 partition=0 processed=8300 total=14000 metric=ce epoch=1/1
[pipeline-trace] wall=19:29:30 elapsed=1119.217s phase=train event=interaction_progress trial=25 partition=0 processed=8400 total=14000 metric=ce epoch=1/1
[pipeline-trace] wall=19:29:30 elapsed=1121.126s phase=train event=interaction_progress trial=23 partition=0 processed=13800 total=14000 metric=ce epoch=1/1
[pipeline-trace] wall=19:29:30 elapsed=1119.568s phase=train event=interaction_progress trial=25 partition=0 processed=8500 total=14000 metric=ce epoch=1/1
[pipeline-trace] wall=19:29:30 elapsed=1119.889s phase=train event=interaction_progress trial=25 partition=0 processed=8600 total=14000 metric=ce epoch=1/1
[pipeline-trace] wall=19:29:31 elapsed=1120.202s phase=train event=interaction_progress trial=25 partition=0 processed=8700 total=14000 metric=ce epoch=1/1
[pipeline-trace] wall=19:29:31 elapsed=1122.301s phase=train event=interaction_progress trial=23 partition=0 processed=13900 total=14000 metric=ce epoch=1/1
[pipeline-trace] wall=19:29:31 elapsed=1120.523s phase=train event=interaction_progress trial=25 partition=0 processed=8800 total=14000 metric=ce epoch=1/1
[pipeline-trace] wall=19:29:31 elapsed=1120.853s phase=train event=interaction_progress trial=25 partition=0 processed=8900 total=14000 metric=ce epoch=1/1
[pipeline-trace] wall=19:29:31 elapsed=1122.729s phase=train event=interaction_progress trial=23 partition=0 processed=14000 total=14000 metric=ce epoch=1/1
[pipeline-trace] wall=19:29:31 elapsed=1122.787s phase=eval event=batch_start trial=23 partitions=[1] synthetic=False
[pipeline-trace] wall=19:29:31 elapsed=1122.787s phase=eval event=partition_start trial=23 partition=1 interactions=1999
[pipeline-trace] wall=19:29:31 elapsed=1122.787s phase=eval event=interaction_progress trial=23 partition=1 processed=1 total=1999 metric=ranking
[pipeline-trace] wall=19:29:31 elapsed=1122.887s phase=eval event=interaction_progress trial=23 partition=1 processed=100 total=1999 metric=ranking
[pipeline-trace] wall=19:29:32 elapsed=1122.982s phase=eval event=interaction_progress trial=23 partition=1 processed=200 total=1999 metric=ranking
[pipeline-trace] wall=19:29:32 elapsed=1121.164s phase=train event=interaction_progress trial=25 partition=0 processed=9000 total=14000 metric=ce epoch=1/1
[pipeline-trace] wall=19:29:32 elapsed=1123.078s phase=eval event=interaction_progress trial=23 partition=1 processed=300 total=1999 metric=ranking
[pipeline-trace] wall=19:29:32 elapsed=1123.174s phase=eval event=interaction_progress trial=23 partition=1 processed=400 total=1999 metric=ranking
[pipeline-trace] wall=19:29:32 elapsed=1123.270s phase=eval event=interaction_progress trial=23 partition=1 processed=500 total=1999 metric=ranking
[pipeline-trace] wall=19:29:32 elapsed=1121.486s phase=train event=interaction_progress trial=25 partition=0 processed=9100 total=14000 metric=ce epoch=1/1
[pipeline-trace] wall=19:29:32 elapsed=1123.386s phase=eval event=interaction_progress trial=23 partition=1 processed=600 total=1999 metric=ranking
[pipeline-trace] wall=19:29:32 elapsed=1123.499s phase=eval event=interaction_progress trial=23 partition=1 processed=700 total=1999 metric=ranking
[pipeline-trace] wall=19:29:32 elapsed=1121.946s phase=train event=interaction_progress trial=25 partition=0 processed=9200 total=14000 metric=ce epoch=1/1
[pipeline-trace] wall=19:29:33 elapsed=1123.961s phase=eval event=interaction_progress trial=23 partition=1 processed=800 total=1999 metric=ranking
[pipeline-trace] wall=19:29:33 elapsed=1124.596s phase=eval event=interaction_progress trial=23 partition=1 processed=900 total=1999 metric=ranking
[pipeline-trace] wall=19:29:33 elapsed=1124.777s phase=eval event=interaction_progress trial=23 partition=1 processed=1000 total=1999 metric=ranking
[pipeline-trace] wall=19:29:34 elapsed=1124.984s phase=eval event=interaction_progress trial=23 partition=1 processed=1100 total=1999 metric=ranking
[pipeline-trace] wall=19:29:34 elapsed=1123.363s phase=train event=interaction_progress trial=25 partition=0 processed=9300 total=14000 metric=ce epoch=1/1
[pipeline-trace] wall=19:29:34 elapsed=1125.200s phase=eval event=interaction_progress trial=23 partition=1 processed=1200 total=1999 metric=ranking
[pipeline-trace] wall=19:29:34 elapsed=1125.417s phase=eval event=interaction_progress trial=23 partition=1 processed=1300 total=1999 metric=ranking
[pipeline-trace] wall=19:29:34 elapsed=1125.652s phase=eval event=interaction_progress trial=23 partition=1 processed=1400 total=1999 metric=ranking
[pipeline-trace] wall=19:29:34 elapsed=1125.884s phase=eval event=interaction_progress trial=23 partition=1 processed=1500 total=1999 metric=ranking
[pipeline-trace] wall=19:29:35 elapsed=1126.134s phase=eval event=interaction_progress trial=23 partition=1 processed=1600 total=1999 metric=ranking
[pipeline-trace] wall=19:29:35 elapsed=1126.382s phase=eval event=interaction_progress trial=23 partition=1 processed=1700 total=1999 metric=ranking
[pipeline-trace] wall=19:29:35 elapsed=1126.630s phase=eval event=interaction_progress trial=23 partition=1 processed=1800 total=1999 metric=ranking
[pipeline-trace] wall=19:29:35 elapsed=1126.881s phase=eval event=interaction_progress trial=23 partition=1 processed=1900 total=1999 metric=ranking
[pipeline-trace] wall=19:29:36 elapsed=1127.138s phase=eval event=interaction_progress trial=23 partition=1 processed=1999 total=1999 metric=ranking
[pipeline-trace] wall=19:29:36 elapsed=1127.140s phase=eval event=partition_complete trial=23 partition=1 elapsed_sec=4.353 hits=1664 total=1999
[pipeline-trace] wall=19:29:36 elapsed=1127.336s phase=train event=interaction_progress trial=26 partition=0 processed=1 total=14000 metric=ce epoch=1/1
[pipeline-trace] wall=19:29:36 elapsed=1127.780s phase=train event=interaction_progress trial=26 partition=0 processed=100 total=14000 metric=ce epoch=1/1
[pipeline-trace] wall=19:29:38 elapsed=1129.241s phase=train event=interaction_progress trial=26 partition=0 processed=200 total=14000 metric=ce epoch=1/1
[pipeline-trace] wall=19:29:39 elapsed=1128.663s phase=train event=interaction_progress trial=25 partition=0 processed=9400 total=14000 metric=ce epoch=1/1
[pipeline-trace] wall=19:29:39 elapsed=1130.646s phase=train event=interaction_progress trial=26 partition=0 processed=300 total=14000 metric=ce epoch=1/1
[pipeline-trace] wall=19:29:40 elapsed=1129.384s phase=train event=interaction_progress trial=25 partition=0 processed=9500 total=14000 metric=ce epoch=1/1
[pipeline-trace] wall=19:29:40 elapsed=1129.808s phase=train event=interaction_progress trial=25 partition=0 processed=9600 total=14000 metric=ce epoch=1/1
[pipeline-trace] wall=19:29:41 elapsed=1131.991s phase=train event=interaction_progress trial=26 partition=0 processed=400 total=14000 metric=ce epoch=1/1
[pipeline-trace] wall=19:29:41 elapsed=1130.253s phase=train event=interaction_progress trial=25 partition=0 processed=9700 total=14000 metric=ce epoch=1/1
[pipeline-trace] wall=19:29:41 elapsed=1130.687s phase=train event=interaction_progress trial=25 partition=0 processed=9800 total=14000 metric=ce epoch=1/1
[pipeline-trace] wall=19:29:42 elapsed=1131.126s phase=train event=interaction_progress trial=25 partition=0 processed=9900 total=14000 metric=ce epoch=1/1
[pipeline-trace] wall=19:29:42 elapsed=1131.449s phase=train event=interaction_progress trial=25 partition=0 processed=10000 total=14000 metric=ce epoch=1/1
[pipeline-trace] wall=19:29:42 elapsed=1133.408s phase=train event=interaction_progress trial=26 partition=0 processed=500 total=14000 metric=ce epoch=1/1
[pipeline-trace] wall=19:29:42 elapsed=1131.801s phase=train event=interaction_progress trial=25 partition=0 processed=10100 total=14000 metric=ce epoch=1/1
[pipeline-trace] wall=19:29:43 elapsed=1132.205s phase=train event=interaction_progress trial=25 partition=0 processed=10200 total=14000 metric=ce epoch=1/1
[pipeline-trace] wall=19:29:43 elapsed=1132.543s phase=train event=interaction_progress trial=25 partition=0 processed=10300 total=14000 metric=ce epoch=1/1
[pipeline-trace] wall=19:29:43 elapsed=1132.915s phase=train event=interaction_progress trial=25 partition=0 processed=10400 total=14000 metric=ce epoch=1/1
[pipeline-trace] wall=19:29:43 elapsed=1134.795s phase=train event=interaction_progress trial=26 partition=0 processed=600 total=14000 metric=ce epoch=1/1
[pipeline-trace] wall=19:29:44 elapsed=1133.244s phase=train event=interaction_progress trial=25 partition=0 processed=10500 total=14000 metric=ce epoch=1/1
[pipeline-trace] wall=19:29:44 elapsed=1133.558s phase=train event=interaction_progress trial=25 partition=0 processed=10600 total=14000 metric=ce epoch=1/1
[pipeline-trace] wall=19:29:44 elapsed=1133.898s phase=train event=interaction_progress trial=25 partition=0 processed=10700 total=14000 metric=ce epoch=1/1
[pipeline-trace] wall=19:29:45 elapsed=1134.269s phase=train event=interaction_progress trial=25 partition=0 processed=10800 total=14000 metric=ce epoch=1/1
[pipeline-trace] wall=19:29:45 elapsed=1136.220s phase=train event=interaction_progress trial=26 partition=0 processed=700 total=14000 metric=ce epoch=1/1
[pipeline-trace] wall=19:29:45 elapsed=1134.592s phase=train event=interaction_progress trial=25 partition=0 processed=10900 total=14000 metric=ce epoch=1/1
[pipeline-trace] wall=19:29:45 elapsed=1134.877s phase=train event=interaction_progress trial=25 partition=0 processed=11000 total=14000 metric=ce epoch=1/1
[pipeline-trace] wall=19:29:46 elapsed=1135.182s phase=train event=interaction_progress trial=25 partition=0 processed=11100 total=14000 metric=ce epoch=1/1
[pipeline-trace] wall=19:29:46 elapsed=1135.494s phase=train event=interaction_progress trial=25 partition=0 processed=11200 total=14000 metric=ce epoch=1/1
[pipeline-trace] wall=19:29:46 elapsed=1135.806s phase=train event=interaction_progress trial=25 partition=0 processed=11300 total=14000 metric=ce epoch=1/1
[pipeline-trace] wall=19:29:46 elapsed=1137.746s phase=train event=interaction_progress trial=26 partition=0 processed=800 total=14000 metric=ce epoch=1/1
[pipeline-trace] wall=19:29:47 elapsed=1136.115s phase=train event=interaction_progress trial=25 partition=0 processed=11400 total=14000 metric=ce epoch=1/1
[pipeline-trace] wall=19:29:47 elapsed=1136.395s phase=train event=interaction_progress trial=25 partition=0 processed=11500 total=14000 metric=ce epoch=1/1
[pipeline-trace] wall=19:29:47 elapsed=1136.711s phase=train event=interaction_progress trial=25 partition=0 processed=11600 total=14000 metric=ce epoch=1/1
[pipeline-trace] wall=19:29:47 elapsed=1137.038s phase=train event=interaction_progress trial=25 partition=0 processed=11700 total=14000 metric=ce epoch=1/1
[pipeline-trace] wall=19:29:48 elapsed=1137.330s phase=train event=interaction_progress trial=25 partition=0 processed=11800 total=14000 metric=ce epoch=1/1
[pipeline-trace] wall=19:29:48 elapsed=1139.204s phase=train event=interaction_progress trial=26 partition=0 processed=900 total=14000 metric=ce epoch=1/1
[pipeline-trace] wall=19:29:48 elapsed=1137.647s phase=train event=interaction_progress trial=25 partition=0 processed=11900 total=14000 metric=ce epoch=1/1
[pipeline-trace] wall=19:29:48 elapsed=1137.966s phase=train event=interaction_progress trial=25 partition=0 processed=12000 total=14000 metric=ce epoch=1/1
[pipeline-trace] wall=19:29:49 elapsed=1138.280s phase=train event=interaction_progress trial=25 partition=0 processed=12100 total=14000 metric=ce epoch=1/1
[pipeline-trace] wall=19:29:49 elapsed=1138.597s phase=train event=interaction_progress trial=25 partition=0 processed=12200 total=14000 metric=ce epoch=1/1
[pipeline-trace] wall=19:29:49 elapsed=1140.673s phase=train event=interaction_progress trial=26 partition=0 processed=1000 total=14000 metric=ce epoch=1/1
[pipeline-trace] wall=19:29:49 elapsed=1138.917s phase=train event=interaction_progress trial=25 partition=0 processed=12300 total=14000 metric=ce epoch=1/1
[pipeline-trace] wall=19:29:50 elapsed=1139.236s phase=train event=interaction_progress trial=25 partition=0 processed=12400 total=14000 metric=ce epoch=1/1
[pipeline-trace] wall=19:29:50 elapsed=1139.578s phase=train event=interaction_progress trial=25 partition=0 processed=12500 total=14000 metric=ce epoch=1/1
[pipeline-trace] wall=19:29:50 elapsed=1139.892s phase=train event=interaction_progress trial=25 partition=0 processed=12600 total=14000 metric=ce epoch=1/1
[pipeline-trace] wall=19:29:51 elapsed=1140.205s phase=train event=interaction_progress trial=25 partition=0 processed=12700 total=14000 metric=ce epoch=1/1
[pipeline-trace] wall=19:29:51 elapsed=1142.228s phase=train event=interaction_progress trial=26 partition=0 processed=1100 total=14000 metric=ce epoch=1/1
[pipeline-trace] wall=19:29:51 elapsed=1140.511s phase=train event=interaction_progress trial=25 partition=0 processed=12800 total=14000 metric=ce epoch=1/1
[pipeline-trace] wall=19:29:51 elapsed=1140.825s phase=train event=interaction_progress trial=25 partition=0 processed=12900 total=14000 metric=ce epoch=1/1
[pipeline-trace] wall=19:29:52 elapsed=1141.152s phase=train event=interaction_progress trial=25 partition=0 processed=13000 total=14000 metric=ce epoch=1/1
[pipeline-trace] wall=19:29:52 elapsed=1141.475s phase=train event=interaction_progress trial=25 partition=0 processed=13100 total=14000 metric=ce epoch=1/1
[pipeline-trace] wall=19:29:52 elapsed=1141.792s phase=train event=interaction_progress trial=25 partition=0 processed=13200 total=14000 metric=ce epoch=1/1
[pipeline-trace] wall=19:29:52 elapsed=1143.788s phase=train event=interaction_progress trial=26 partition=0 processed=1200 total=14000 metric=ce epoch=1/1
[pipeline-trace] wall=19:29:53 elapsed=1142.113s phase=train event=interaction_progress trial=25 partition=0 processed=13300 total=14000 metric=ce epoch=1/1
[pipeline-trace] wall=19:29:53 elapsed=1142.434s phase=train event=interaction_progress trial=25 partition=0 processed=13400 total=14000 metric=ce epoch=1/1
[pipeline-trace] wall=19:29:53 elapsed=1142.753s phase=train event=interaction_progress trial=25 partition=0 processed=13500 total=14000 metric=ce epoch=1/1
[pipeline-trace] wall=19:29:53 elapsed=1143.072s phase=train event=interaction_progress trial=25 partition=0 processed=13600 total=14000 metric=ce epoch=1/1
[pipeline-trace] wall=19:29:54 elapsed=1143.386s phase=train event=interaction_progress trial=25 partition=0 processed=13700 total=14000 metric=ce epoch=1/1
[pipeline-trace] wall=19:29:54 elapsed=1145.371s phase=train event=interaction_progress trial=26 partition=0 processed=1300 total=14000 metric=ce epoch=1/1
[pipeline-trace] wall=19:29:54 elapsed=1143.706s phase=train event=interaction_progress trial=25 partition=0 processed=13800 total=14000 metric=ce epoch=1/1
[pipeline-trace] wall=19:29:54 elapsed=1144.022s phase=train event=interaction_progress trial=25 partition=0 processed=13900 total=14000 metric=ce epoch=1/1
[pipeline-trace] wall=19:29:55 elapsed=1144.340s phase=train event=interaction_progress trial=25 partition=0 processed=14000 total=14000 metric=ce epoch=1/1
[pipeline-trace] wall=19:29:55 elapsed=1144.429s phase=eval event=batch_start trial=25 partitions=[1] synthetic=False
[pipeline-trace] wall=19:29:55 elapsed=1144.429s phase=eval event=partition_start trial=25 partition=1 interactions=1999
[pipeline-trace] wall=19:29:55 elapsed=1144.429s phase=eval event=interaction_progress trial=25 partition=1 processed=1 total=1999 metric=ranking
[pipeline-trace] wall=19:29:55 elapsed=1144.615s phase=eval event=interaction_progress trial=25 partition=1 processed=100 total=1999 metric=ranking
[pipeline-trace] wall=19:29:55 elapsed=1144.805s phase=eval event=interaction_progress trial=25 partition=1 processed=200 total=1999 metric=ranking
[pipeline-trace] wall=19:29:55 elapsed=1144.994s phase=eval event=interaction_progress trial=25 partition=1 processed=300 total=1999 metric=ranking
[pipeline-trace] wall=19:29:55 elapsed=1146.889s phase=train event=interaction_progress trial=26 partition=0 processed=1400 total=14000 metric=ce epoch=1/1
[pipeline-trace] wall=19:29:56 elapsed=1145.186s phase=eval event=interaction_progress trial=25 partition=1 processed=400 total=1999 metric=ranking
[pipeline-trace] wall=19:29:56 elapsed=1145.377s phase=eval event=interaction_progress trial=25 partition=1 processed=500 total=1999 metric=ranking
[pipeline-trace] wall=19:29:56 elapsed=1145.568s phase=eval event=interaction_progress trial=25 partition=1 processed=600 total=1999 metric=ranking
[pipeline-trace] wall=19:29:56 elapsed=1145.762s phase=eval event=interaction_progress trial=25 partition=1 processed=700 total=1999 metric=ranking
[pipeline-trace] wall=19:29:56 elapsed=1145.953s phase=eval event=interaction_progress trial=25 partition=1 processed=800 total=1999 metric=ranking
[pipeline-trace] wall=19:29:57 elapsed=1146.146s phase=eval event=interaction_progress trial=25 partition=1 processed=900 total=1999 metric=ranking
[pipeline-trace] wall=19:29:57 elapsed=1146.338s phase=eval event=interaction_progress trial=25 partition=1 processed=1000 total=1999 metric=ranking
[pipeline-trace] wall=19:29:57 elapsed=1146.535s phase=eval event=interaction_progress trial=25 partition=1 processed=1100 total=1999 metric=ranking
[pipeline-trace] wall=19:29:57 elapsed=1148.374s phase=train event=interaction_progress trial=26 partition=0 processed=1500 total=14000 metric=ce epoch=1/1
[pipeline-trace] wall=19:29:57 elapsed=1146.729s phase=eval event=interaction_progress trial=25 partition=1 processed=1200 total=1999 metric=ranking
[pipeline-trace] wall=19:29:57 elapsed=1146.921s phase=eval event=interaction_progress trial=25 partition=1 processed=1300 total=1999 metric=ranking
[pipeline-trace] wall=19:29:58 elapsed=1147.114s phase=eval event=interaction_progress trial=25 partition=1 processed=1400 total=1999 metric=ranking
[pipeline-trace] wall=19:29:58 elapsed=1147.306s phase=eval event=interaction_progress trial=25 partition=1 processed=1500 total=1999 metric=ranking
[pipeline-trace] wall=19:29:58 elapsed=1147.497s phase=eval event=interaction_progress trial=25 partition=1 processed=1600 total=1999 metric=ranking
[pipeline-trace] wall=19:29:58 elapsed=1147.692s phase=eval event=interaction_progress trial=25 partition=1 processed=1700 total=1999 metric=ranking
[pipeline-trace] wall=19:29:58 elapsed=1147.885s phase=eval event=interaction_progress trial=25 partition=1 processed=1800 total=1999 metric=ranking
[pipeline-trace] wall=19:29:58 elapsed=1149.858s phase=train event=interaction_progress trial=26 partition=0 processed=1600 total=14000 metric=ce epoch=1/1
[pipeline-trace] wall=19:29:59 elapsed=1148.078s phase=eval event=interaction_progress trial=25 partition=1 processed=1900 total=1999 metric=ranking
[pipeline-trace] wall=19:29:59 elapsed=1148.270s phase=eval event=interaction_progress trial=25 partition=1 processed=1999 total=1999 metric=ranking
[pipeline-trace] wall=19:29:59 elapsed=1148.272s phase=eval event=partition_complete trial=25 partition=1 elapsed_sec=3.843 hits=1177 total=1999
[pipeline-trace] wall=19:30:00 elapsed=1151.449s phase=train event=interaction_progress trial=26 partition=0 processed=1700 total=14000 metric=ce epoch=1/1
[pipeline-trace] wall=19:30:02 elapsed=1153.004s phase=train event=interaction_progress trial=26 partition=0 processed=1800 total=14000 metric=ce epoch=1/1
[pipeline-trace] wall=19:30:03 elapsed=1154.484s phase=train event=interaction_progress trial=26 partition=0 processed=1900 total=14000 metric=ce epoch=1/1
[pipeline-trace] wall=19:30:05 elapsed=1155.999s phase=train event=interaction_progress trial=26 partition=0 processed=2000 total=14000 metric=ce epoch=1/1
[pipeline-trace] wall=19:30:06 elapsed=1157.585s phase=train event=interaction_progress trial=26 partition=0 processed=2100 total=14000 metric=ce epoch=1/1
[pipeline-trace] wall=19:30:08 elapsed=1159.176s phase=train event=interaction_progress trial=26 partition=0 processed=2200 total=14000 metric=ce epoch=1/1
[pipeline-trace] wall=19:30:09 elapsed=1160.594s phase=train event=interaction_progress trial=26 partition=0 processed=2300 total=14000 metric=ce epoch=1/1
[pipeline-trace] wall=19:30:11 elapsed=1162.049s phase=train event=interaction_progress trial=26 partition=0 processed=2400 total=14000 metric=ce epoch=1/1
[pipeline-trace] wall=19:30:12 elapsed=1163.630s phase=train event=interaction_progress trial=26 partition=0 processed=2500 total=14000 metric=ce epoch=1/1
[pipeline-trace] wall=19:30:14 elapsed=1165.213s phase=train event=interaction_progress trial=26 partition=0 processed=2600 total=14000 metric=ce epoch=1/1
[pipeline-trace] wall=19:30:15 elapsed=1166.784s phase=train event=interaction_progress trial=26 partition=0 processed=2700 total=14000 metric=ce epoch=1/1
[pipeline-trace] wall=19:30:17 elapsed=1168.378s phase=train event=interaction_progress trial=26 partition=0 processed=2800 total=14000 metric=ce epoch=1/1
[pipeline-trace] wall=19:30:19 elapsed=1169.950s phase=train event=interaction_progress trial=26 partition=0 processed=2900 total=14000 metric=ce epoch=1/1
[pipeline-trace] wall=19:30:20 elapsed=1171.416s phase=train event=interaction_progress trial=26 partition=0 processed=3000 total=14000 metric=ce epoch=1/1
[pipeline-trace] wall=19:30:21 elapsed=1172.818s phase=train event=interaction_progress trial=26 partition=0 processed=3100 total=14000 metric=ce epoch=1/1
[pipeline-trace] wall=19:30:23 elapsed=1174.194s phase=train event=interaction_progress trial=26 partition=0 processed=3200 total=14000 metric=ce epoch=1/1
[pipeline-trace] wall=19:30:25 elapsed=1176.774s phase=train event=interaction_progress trial=26 partition=0 processed=3300 total=14000 metric=ce epoch=1/1
[pipeline-trace] wall=19:30:27 elapsed=1178.096s phase=train event=interaction_progress trial=26 partition=0 processed=3400 total=14000 metric=ce epoch=1/1
[pipeline-trace] wall=19:30:28 elapsed=1179.526s phase=train event=interaction_progress trial=26 partition=0 processed=3500 total=14000 metric=ce epoch=1/1
[pipeline-trace] wall=19:30:29 elapsed=1180.862s phase=train event=interaction_progress trial=26 partition=0 processed=3600 total=14000 metric=ce epoch=1/1
[pipeline-trace] wall=19:30:31 elapsed=1182.340s phase=train event=interaction_progress trial=26 partition=0 processed=3700 total=14000 metric=ce epoch=1/1
[pipeline-trace] wall=19:30:32 elapsed=1183.730s phase=train event=interaction_progress trial=26 partition=0 processed=3800 total=14000 metric=ce epoch=1/1
[pipeline-trace] wall=19:30:34 elapsed=1185.241s phase=train event=interaction_progress trial=26 partition=0 processed=3900 total=14000 metric=ce epoch=1/1
[pipeline-trace] wall=19:30:35 elapsed=1186.745s phase=train event=interaction_progress trial=26 partition=0 processed=4000 total=14000 metric=ce epoch=1/1
[pipeline-trace] wall=19:30:37 elapsed=1188.266s phase=train event=interaction_progress trial=26 partition=0 processed=4100 total=14000 metric=ce epoch=1/1
[pipeline-trace] wall=19:30:38 elapsed=1189.721s phase=train event=interaction_progress trial=26 partition=0 processed=4200 total=14000 metric=ce epoch=1/1
[pipeline-trace] wall=19:30:40 elapsed=1191.183s phase=train event=interaction_progress trial=26 partition=0 processed=4300 total=14000 metric=ce epoch=1/1
[pipeline-trace] wall=19:30:41 elapsed=1192.710s phase=train event=interaction_progress trial=26 partition=0 processed=4400 total=14000 metric=ce epoch=1/1
[pipeline-trace] wall=19:30:43 elapsed=1194.155s phase=train event=interaction_progress trial=26 partition=0 processed=4500 total=14000 metric=ce epoch=1/1
[pipeline-trace] wall=19:30:44 elapsed=1195.639s phase=train event=interaction_progress trial=26 partition=0 processed=4600 total=14000 metric=ce epoch=1/1
[pipeline-trace] wall=19:30:46 elapsed=1197.213s phase=train event=interaction_progress trial=26 partition=0 processed=4700 total=14000 metric=ce epoch=1/1
[pipeline-trace] wall=19:30:47 elapsed=1198.742s phase=train event=interaction_progress trial=26 partition=0 processed=4800 total=14000 metric=ce epoch=1/1
[pipeline-trace] wall=19:30:49 elapsed=1200.324s phase=train event=interaction_progress trial=26 partition=0 processed=4900 total=14000 metric=ce epoch=1/1
[pipeline-trace] wall=19:30:51 elapsed=1201.906s phase=train event=interaction_progress trial=26 partition=0 processed=5000 total=14000 metric=ce epoch=1/1
[pipeline-trace] wall=19:30:52 elapsed=1203.391s phase=train event=interaction_progress trial=26 partition=0 processed=5100 total=14000 metric=ce epoch=1/1
[pipeline-trace] wall=19:30:54 elapsed=1204.945s phase=train event=interaction_progress trial=26 partition=0 processed=5200 total=14000 metric=ce epoch=1/1
[pipeline-trace] wall=19:30:55 elapsed=1206.421s phase=train event=interaction_progress trial=26 partition=0 processed=5300 total=14000 metric=ce epoch=1/1
[pipeline-trace] wall=19:30:57 elapsed=1207.972s phase=train event=interaction_progress trial=26 partition=0 processed=5400 total=14000 metric=ce epoch=1/1
[pipeline-trace] wall=19:30:58 elapsed=1209.540s phase=train event=interaction_progress trial=26 partition=0 processed=5500 total=14000 metric=ce epoch=1/1
[pipeline-trace] wall=19:31:00 elapsed=1211.070s phase=train event=interaction_progress trial=26 partition=0 processed=5600 total=14000 metric=ce epoch=1/1
[pipeline-trace] wall=19:31:01 elapsed=1212.584s phase=train event=interaction_progress trial=26 partition=0 processed=5700 total=14000 metric=ce epoch=1/1
[pipeline-trace] wall=19:31:03 elapsed=1214.109s phase=train event=interaction_progress trial=26 partition=0 processed=5800 total=14000 metric=ce epoch=1/1
[pipeline-trace] wall=19:31:04 elapsed=1215.595s phase=train event=interaction_progress trial=26 partition=0 processed=5900 total=14000 metric=ce epoch=1/1
[pipeline-trace] wall=19:31:06 elapsed=1217.094s phase=train event=interaction_progress trial=26 partition=0 processed=6000 total=14000 metric=ce epoch=1/1
[pipeline-trace] wall=19:31:07 elapsed=1218.644s phase=train event=interaction_progress trial=26 partition=0 processed=6100 total=14000 metric=ce epoch=1/1
[pipeline-trace] wall=19:31:09 elapsed=1220.138s phase=train event=interaction_progress trial=26 partition=0 processed=6200 total=14000 metric=ce epoch=1/1
[pipeline-trace] wall=19:31:10 elapsed=1221.602s phase=train event=interaction_progress trial=26 partition=0 processed=6300 total=14000 metric=ce epoch=1/1
[pipeline-trace] wall=19:31:12 elapsed=1223.158s phase=train event=interaction_progress trial=26 partition=0 processed=6400 total=14000 metric=ce epoch=1/1
[pipeline-trace] wall=19:31:13 elapsed=1224.663s phase=train event=interaction_progress trial=26 partition=0 processed=6500 total=14000 metric=ce epoch=1/1
[pipeline-trace] wall=19:31:15 elapsed=1226.178s phase=train event=interaction_progress trial=26 partition=0 processed=6600 total=14000 metric=ce epoch=1/1
[pipeline-trace] wall=19:31:16 elapsed=1227.813s phase=train event=interaction_progress trial=26 partition=0 processed=6700 total=14000 metric=ce epoch=1/1
[pipeline-trace] wall=19:31:18 elapsed=1229.208s phase=train event=interaction_progress trial=26 partition=0 processed=6800 total=14000 metric=ce epoch=1/1
[pipeline-trace] wall=19:31:19 elapsed=1230.544s phase=train event=interaction_progress trial=26 partition=0 processed=6900 total=14000 metric=ce epoch=1/1
[pipeline-trace] wall=19:31:21 elapsed=1231.975s phase=train event=interaction_progress trial=26 partition=0 processed=7000 total=14000 metric=ce epoch=1/1
[pipeline-trace] wall=19:31:22 elapsed=1233.331s phase=train event=interaction_progress trial=26 partition=0 processed=7100 total=14000 metric=ce epoch=1/1
[pipeline-trace] wall=19:31:23 elapsed=1234.682s phase=train event=interaction_progress trial=26 partition=0 processed=7200 total=14000 metric=ce epoch=1/1
[pipeline-trace] wall=19:31:25 elapsed=1236.049s phase=train event=interaction_progress trial=26 partition=0 processed=7300 total=14000 metric=ce epoch=1/1
[pipeline-trace] wall=19:31:26 elapsed=1237.445s phase=train event=interaction_progress trial=26 partition=0 processed=7400 total=14000 metric=ce epoch=1/1
[pipeline-trace] wall=19:31:28 elapsed=1238.937s phase=train event=interaction_progress trial=26 partition=0 processed=7500 total=14000 metric=ce epoch=1/1
[pipeline-trace] wall=19:31:29 elapsed=1240.455s phase=train event=interaction_progress trial=26 partition=0 processed=7600 total=14000 metric=ce epoch=1/1
[pipeline-trace] wall=19:31:31 elapsed=1241.924s phase=train event=interaction_progress trial=26 partition=0 processed=7700 total=14000 metric=ce epoch=1/1
[pipeline-trace] wall=19:31:32 elapsed=1243.350s phase=train event=interaction_progress trial=26 partition=0 processed=7800 total=14000 metric=ce epoch=1/1
[pipeline-trace] wall=19:31:33 elapsed=1244.821s phase=train event=interaction_progress trial=26 partition=0 processed=7900 total=14000 metric=ce epoch=1/1
[pipeline-trace] wall=19:31:35 elapsed=1246.304s phase=train event=interaction_progress trial=26 partition=0 processed=8000 total=14000 metric=ce epoch=1/1
[pipeline-trace] wall=19:31:36 elapsed=1247.792s phase=train event=interaction_progress trial=26 partition=0 processed=8100 total=14000 metric=ce epoch=1/1
[pipeline-trace] wall=19:31:38 elapsed=1249.294s phase=train event=interaction_progress trial=26 partition=0 processed=8200 total=14000 metric=ce epoch=1/1
[pipeline-trace] wall=19:31:39 elapsed=1250.859s phase=train event=interaction_progress trial=26 partition=0 processed=8300 total=14000 metric=ce epoch=1/1
[pipeline-trace] wall=19:31:41 elapsed=1252.417s phase=train event=interaction_progress trial=26 partition=0 processed=8400 total=14000 metric=ce epoch=1/1
[pipeline-trace] wall=19:31:43 elapsed=1254.002s phase=train event=interaction_progress trial=26 partition=0 processed=8500 total=14000 metric=ce epoch=1/1
[pipeline-trace] wall=19:31:44 elapsed=1255.602s phase=train event=interaction_progress trial=26 partition=0 processed=8600 total=14000 metric=ce epoch=1/1
[pipeline-trace] wall=19:31:46 elapsed=1257.207s phase=train event=interaction_progress trial=26 partition=0 processed=8700 total=14000 metric=ce epoch=1/1
[pipeline-trace] wall=19:31:47 elapsed=1258.839s phase=train event=interaction_progress trial=26 partition=0 processed=8800 total=14000 metric=ce epoch=1/1
[pipeline-trace] wall=19:31:49 elapsed=1260.392s phase=train event=interaction_progress trial=26 partition=0 processed=8900 total=14000 metric=ce epoch=1/1
[pipeline-trace] wall=19:31:50 elapsed=1261.886s phase=train event=interaction_progress trial=26 partition=0 processed=9000 total=14000 metric=ce epoch=1/1
[pipeline-trace] wall=19:31:52 elapsed=1263.110s phase=train event=interaction_progress trial=26 partition=0 processed=9100 total=14000 metric=ce epoch=1/1
[pipeline-trace] wall=19:31:52 elapsed=1263.352s phase=train event=interaction_progress trial=26 partition=0 processed=9200 total=14000 metric=ce epoch=1/1
[pipeline-trace] wall=19:31:52 elapsed=1263.650s phase=train event=interaction_progress trial=26 partition=0 processed=9300 total=14000 metric=ce epoch=1/1
[pipeline-trace] wall=19:31:53 elapsed=1263.956s phase=train event=interaction_progress trial=26 partition=0 processed=9400 total=14000 metric=ce epoch=1/1
[pipeline-trace] wall=19:31:53 elapsed=1264.906s phase=train event=interaction_progress trial=26 partition=0 processed=9500 total=14000 metric=ce epoch=1/1
[pipeline-trace] wall=19:31:54 elapsed=1265.212s phase=train event=interaction_progress trial=26 partition=0 processed=9600 total=14000 metric=ce epoch=1/1
[pipeline-trace] wall=19:31:54 elapsed=1265.517s phase=train event=interaction_progress trial=26 partition=0 processed=9700 total=14000 metric=ce epoch=1/1
[pipeline-trace] wall=19:31:54 elapsed=1265.845s phase=train event=interaction_progress trial=26 partition=0 processed=9800 total=14000 metric=ce epoch=1/1
[pipeline-trace] wall=19:31:55 elapsed=1266.169s phase=train event=interaction_progress trial=26 partition=0 processed=9900 total=14000 metric=ce epoch=1/1
[pipeline-trace] wall=19:31:55 elapsed=1266.712s phase=train event=interaction_progress trial=26 partition=0 processed=10000 total=14000 metric=ce epoch=1/1
[pipeline-trace] wall=19:31:57 elapsed=1268.126s phase=train event=interaction_progress trial=26 partition=0 processed=10100 total=14000 metric=ce epoch=1/1
[pipeline-trace] wall=19:31:58 elapsed=1269.594s phase=train event=interaction_progress trial=26 partition=0 processed=10200 total=14000 metric=ce epoch=1/1
[pipeline-trace] wall=19:32:00 elapsed=1270.920s phase=train event=interaction_progress trial=26 partition=0 processed=10300 total=14000 metric=ce epoch=1/1
[pipeline-trace] wall=19:32:01 elapsed=1272.308s phase=train event=interaction_progress trial=26 partition=0 processed=10400 total=14000 metric=ce epoch=1/1
[pipeline-trace] wall=19:32:02 elapsed=1273.746s phase=train event=interaction_progress trial=26 partition=0 processed=10500 total=14000 metric=ce epoch=1/1
[pipeline-trace] wall=19:32:04 elapsed=1275.126s phase=train event=interaction_progress trial=26 partition=0 processed=10600 total=14000 metric=ce epoch=1/1
[pipeline-trace] wall=19:32:05 elapsed=1276.457s phase=train event=interaction_progress trial=26 partition=0 processed=10700 total=14000 metric=ce epoch=1/1
[pipeline-trace] wall=19:32:06 elapsed=1277.800s phase=train event=interaction_progress trial=26 partition=0 processed=10800 total=14000 metric=ce epoch=1/1
[pipeline-trace] wall=19:32:08 elapsed=1279.102s phase=train event=interaction_progress trial=26 partition=0 processed=10900 total=14000 metric=ce epoch=1/1
[pipeline-trace] wall=19:32:09 elapsed=1280.473s phase=train event=interaction_progress trial=26 partition=0 processed=11000 total=14000 metric=ce epoch=1/1
[pipeline-trace] wall=19:32:10 elapsed=1281.881s phase=train event=interaction_progress trial=26 partition=0 processed=11100 total=14000 metric=ce epoch=1/1
[pipeline-trace] wall=19:32:12 elapsed=1283.267s phase=train event=interaction_progress trial=26 partition=0 processed=11200 total=14000 metric=ce epoch=1/1
[pipeline-trace] wall=19:32:13 elapsed=1284.669s phase=train event=interaction_progress trial=26 partition=0 processed=11300 total=14000 metric=ce epoch=1/1
[pipeline-trace] wall=19:32:15 elapsed=1286.253s phase=train event=interaction_progress trial=26 partition=0 processed=11400 total=14000 metric=ce epoch=1/1
[pipeline-trace] wall=19:32:16 elapsed=1287.732s phase=train event=interaction_progress trial=26 partition=0 processed=11500 total=14000 metric=ce epoch=1/1
[pipeline-trace] wall=19:32:18 elapsed=1289.210s phase=train event=interaction_progress trial=26 partition=0 processed=11600 total=14000 metric=ce epoch=1/1
[pipeline-trace] wall=19:32:19 elapsed=1290.654s phase=train event=interaction_progress trial=26 partition=0 processed=11700 total=14000 metric=ce epoch=1/1
[pipeline-trace] wall=19:32:21 elapsed=1292.140s phase=train event=interaction_progress trial=26 partition=0 processed=11800 total=14000 metric=ce epoch=1/1
[pipeline-trace] wall=19:32:22 elapsed=1293.597s phase=train event=interaction_progress trial=26 partition=0 processed=11900 total=14000 metric=ce epoch=1/1
[pipeline-trace] wall=19:32:24 elapsed=1295.032s phase=train event=interaction_progress trial=26 partition=0 processed=12000 total=14000 metric=ce epoch=1/1
[pipeline-trace] wall=19:32:25 elapsed=1296.503s phase=train event=interaction_progress trial=26 partition=0 processed=12100 total=14000 metric=ce epoch=1/1
[pipeline-trace] wall=19:32:27 elapsed=1297.941s phase=train event=interaction_progress trial=26 partition=0 processed=12200 total=14000 metric=ce epoch=1/1
[pipeline-trace] wall=19:32:28 elapsed=1299.397s phase=train event=interaction_progress trial=26 partition=0 processed=12300 total=14000 metric=ce epoch=1/1
[pipeline-trace] wall=19:32:29 elapsed=1300.832s phase=train event=interaction_progress trial=26 partition=0 processed=12400 total=14000 metric=ce epoch=1/1
[pipeline-trace] wall=19:32:31 elapsed=1302.282s phase=train event=interaction_progress trial=26 partition=0 processed=12500 total=14000 metric=ce epoch=1/1
[pipeline-trace] wall=19:32:32 elapsed=1303.708s phase=train event=interaction_progress trial=26 partition=0 processed=12600 total=14000 metric=ce epoch=1/1
[pipeline-trace] wall=19:32:34 elapsed=1305.168s phase=train event=interaction_progress trial=26 partition=0 processed=12700 total=14000 metric=ce epoch=1/1
[pipeline-trace] wall=19:32:35 elapsed=1306.614s phase=train event=interaction_progress trial=26 partition=0 processed=12800 total=14000 metric=ce epoch=1/1
[pipeline-trace] wall=19:32:37 elapsed=1308.123s phase=train event=interaction_progress trial=26 partition=0 processed=12900 total=14000 metric=ce epoch=1/1
[pipeline-trace] wall=19:32:38 elapsed=1309.613s phase=train event=interaction_progress trial=26 partition=0 processed=13000 total=14000 metric=ce epoch=1/1
[pipeline-trace] wall=19:32:40 elapsed=1311.083s phase=train event=interaction_progress trial=26 partition=0 processed=13100 total=14000 metric=ce epoch=1/1
[pipeline-trace] wall=19:32:41 elapsed=1312.504s phase=train event=interaction_progress trial=26 partition=0 processed=13200 total=14000 metric=ce epoch=1/1
[pipeline-trace] wall=19:32:43 elapsed=1314.025s phase=train event=interaction_progress trial=26 partition=0 processed=13300 total=14000 metric=ce epoch=1/1
[pipeline-trace] wall=19:32:44 elapsed=1315.554s phase=train event=interaction_progress trial=26 partition=0 processed=13400 total=14000 metric=ce epoch=1/1
[pipeline-trace] wall=19:32:46 elapsed=1317.075s phase=train event=interaction_progress trial=26 partition=0 processed=13500 total=14000 metric=ce epoch=1/1
[pipeline-trace] wall=19:32:47 elapsed=1318.571s phase=train event=interaction_progress trial=26 partition=0 processed=13600 total=14000 metric=ce epoch=1/1
[pipeline-trace] wall=19:32:49 elapsed=1320.087s phase=train event=interaction_progress trial=26 partition=0 processed=13700 total=14000 metric=ce epoch=1/1
[pipeline-trace] wall=19:32:50 elapsed=1321.613s phase=train event=interaction_progress trial=26 partition=0 processed=13800 total=14000 metric=ce epoch=1/1
[pipeline-trace] wall=19:32:52 elapsed=1323.084s phase=train event=interaction_progress trial=26 partition=0 processed=13900 total=14000 metric=ce epoch=1/1
[pipeline-trace] wall=19:32:53 elapsed=1324.504s phase=train event=interaction_progress trial=26 partition=0 processed=14000 total=14000 metric=ce epoch=1/1
[pipeline-trace] wall=19:32:53 elapsed=1322.795s phase=eval event=batch_start trial=26 partitions=[1] synthetic=False
[pipeline-trace] wall=19:32:53 elapsed=1322.795s phase=eval event=partition_start trial=26 partition=1 interactions=1999
[pipeline-trace] wall=19:32:53 elapsed=1322.795s phase=eval event=interaction_progress trial=26 partition=1 processed=1 total=1999 metric=ranking
[pipeline-trace] wall=19:32:53 elapsed=1322.969s phase=eval event=interaction_progress trial=26 partition=1 processed=100 total=1999 metric=ranking
[pipeline-trace] wall=19:32:54 elapsed=1323.112s phase=eval event=interaction_progress trial=26 partition=1 processed=200 total=1999 metric=ranking
[pipeline-trace] wall=19:32:54 elapsed=1323.247s phase=eval event=interaction_progress trial=26 partition=1 processed=300 total=1999 metric=ranking
[pipeline-trace] wall=19:32:54 elapsed=1323.382s phase=eval event=interaction_progress trial=26 partition=1 processed=400 total=1999 metric=ranking
[pipeline-trace] wall=19:32:54 elapsed=1323.516s phase=eval event=interaction_progress trial=26 partition=1 processed=500 total=1999 metric=ranking
[pipeline-trace] wall=19:32:54 elapsed=1323.650s phase=eval event=interaction_progress trial=26 partition=1 processed=600 total=1999 metric=ranking
[pipeline-trace] wall=19:32:54 elapsed=1323.784s phase=eval event=interaction_progress trial=26 partition=1 processed=700 total=1999 metric=ranking
[pipeline-trace] wall=19:32:54 elapsed=1323.918s phase=eval event=interaction_progress trial=26 partition=1 processed=800 total=1999 metric=ranking
[pipeline-trace] wall=19:32:54 elapsed=1324.051s phase=eval event=interaction_progress trial=26 partition=1 processed=900 total=1999 metric=ranking
[pipeline-trace] wall=19:32:55 elapsed=1324.186s phase=eval event=interaction_progress trial=26 partition=1 processed=1000 total=1999 metric=ranking
[pipeline-trace] wall=19:32:55 elapsed=1324.320s phase=eval event=interaction_progress trial=26 partition=1 processed=1100 total=1999 metric=ranking
[pipeline-trace] wall=19:32:55 elapsed=1324.454s phase=eval event=interaction_progress trial=26 partition=1 processed=1200 total=1999 metric=ranking
[pipeline-trace] wall=19:32:55 elapsed=1324.591s phase=eval event=interaction_progress trial=26 partition=1 processed=1300 total=1999 metric=ranking
[pipeline-trace] wall=19:32:55 elapsed=1324.807s phase=eval event=interaction_progress trial=26 partition=1 processed=1400 total=1999 metric=ranking
[pipeline-trace] wall=19:32:55 elapsed=1325.049s phase=eval event=interaction_progress trial=26 partition=1 processed=1500 total=1999 metric=ranking
[pipeline-trace] wall=19:32:57 elapsed=1326.109s phase=eval event=interaction_progress trial=26 partition=1 processed=1600 total=1999 metric=ranking
[pipeline-trace] wall=19:32:57 elapsed=1326.377s phase=eval event=interaction_progress trial=26 partition=1 processed=1700 total=1999 metric=ranking
[pipeline-trace] wall=19:32:57 elapsed=1326.655s phase=eval event=interaction_progress trial=26 partition=1 processed=1800 total=1999 metric=ranking
[pipeline-trace] wall=19:33:02 elapsed=1331.206s phase=eval event=interaction_progress trial=26 partition=1 processed=1900 total=1999 metric=ranking
[pipeline-trace] wall=19:33:02 elapsed=1331.727s phase=eval event=interaction_progress trial=26 partition=1 processed=1999 total=1999 metric=ranking
[pipeline-trace] wall=19:33:02 elapsed=1331.731s phase=eval event=partition_complete trial=26 partition=1 elapsed_sec=8.936 hits=1001 total=1999
[pipeline-trace] wall=19:33:05 elapsed=1346.687s phase=train event=dispatch trial=0 stage=1/1
[pipeline-trace] wall=19:33:11 elapsed=1.233s phase=train event=interaction_progress trial=0 partition=0 processed=1 total=14000 metric=ce epoch=1/1
[pipeline-trace] wall=19:33:13 elapsed=2.601s phase=train event=interaction_progress trial=0 partition=0 processed=100 total=14000 metric=ce epoch=1/1
[pipeline-trace] wall=19:33:14 elapsed=3.754s phase=train event=interaction_progress trial=0 partition=0 processed=200 total=14000 metric=ce epoch=1/1
[pipeline-trace] wall=19:33:15 elapsed=4.978s phase=train event=interaction_progress trial=0 partition=0 processed=300 total=14000 metric=ce epoch=1/1
[pipeline-trace] wall=19:33:16 elapsed=6.173s phase=train event=interaction_progress trial=0 partition=0 processed=400 total=14000 metric=ce epoch=1/1
[pipeline-trace] wall=19:33:17 elapsed=7.322s phase=train event=interaction_progress trial=0 partition=0 processed=500 total=14000 metric=ce epoch=1/1
[pipeline-trace] wall=19:33:19 elapsed=8.522s phase=train event=interaction_progress trial=0 partition=0 processed=600 total=14000 metric=ce epoch=1/1
[pipeline-trace] wall=19:33:20 elapsed=9.628s phase=train event=interaction_progress trial=0 partition=0 processed=700 total=14000 metric=ce epoch=1/1
[pipeline-trace] wall=19:33:21 elapsed=10.769s phase=train event=interaction_progress trial=0 partition=0 processed=800 total=14000 metric=ce epoch=1/1
[pipeline-trace] wall=19:33:22 elapsed=11.940s phase=train event=interaction_progress trial=0 partition=0 processed=900 total=14000 metric=ce epoch=1/1
[pipeline-trace] wall=19:33:23 elapsed=13.104s phase=train event=interaction_progress trial=0 partition=0 processed=1000 total=14000 metric=ce epoch=1/1
[pipeline-trace] wall=19:33:24 elapsed=14.255s phase=train event=interaction_progress trial=0 partition=0 processed=1100 total=14000 metric=ce epoch=1/1
[pipeline-trace] wall=19:33:26 elapsed=15.458s phase=train event=interaction_progress trial=0 partition=0 processed=1200 total=14000 metric=ce epoch=1/1
[pipeline-trace] wall=19:33:27 elapsed=16.597s phase=train event=interaction_progress trial=0 partition=0 processed=1300 total=14000 metric=ce epoch=1/1
[pipeline-trace] wall=19:33:28 elapsed=17.785s phase=train event=interaction_progress trial=0 partition=0 processed=1400 total=14000 metric=ce epoch=1/1
[pipeline-trace] wall=19:33:29 elapsed=18.944s phase=train event=interaction_progress trial=0 partition=0 processed=1500 total=14000 metric=ce epoch=1/1
[pipeline-trace] wall=19:33:30 elapsed=20.030s phase=train event=interaction_progress trial=0 partition=0 processed=1600 total=14000 metric=ce epoch=1/1
[pipeline-trace] wall=19:33:31 elapsed=21.189s phase=train event=interaction_progress trial=0 partition=0 processed=1700 total=14000 metric=ce epoch=1/1
[pipeline-trace] wall=19:33:33 elapsed=22.460s phase=train event=interaction_progress trial=0 partition=0 processed=1800 total=14000 metric=ce epoch=1/1
[pipeline-trace] wall=19:33:34 elapsed=23.635s phase=train event=interaction_progress trial=0 partition=0 processed=1900 total=14000 metric=ce epoch=1/1
[pipeline-trace] wall=19:33:35 elapsed=24.843s phase=train event=interaction_progress trial=0 partition=0 processed=2000 total=14000 metric=ce epoch=1/1
[pipeline-trace] wall=19:33:36 elapsed=25.987s phase=train event=interaction_progress trial=0 partition=0 processed=2100 total=14000 metric=ce epoch=1/1
[pipeline-trace] wall=19:33:37 elapsed=27.145s phase=train event=interaction_progress trial=0 partition=0 processed=2200 total=14000 metric=ce epoch=1/1
[pipeline-trace] wall=19:33:38 elapsed=28.367s phase=train event=interaction_progress trial=0 partition=0 processed=2300 total=14000 metric=ce epoch=1/1
[pipeline-trace] wall=19:33:40 elapsed=29.533s phase=train event=interaction_progress trial=0 partition=0 processed=2400 total=14000 metric=ce epoch=1/1
[pipeline-trace] wall=19:33:41 elapsed=30.752s phase=train event=interaction_progress trial=0 partition=0 processed=2500 total=14000 metric=ce epoch=1/1
[pipeline-trace] wall=19:33:42 elapsed=31.915s phase=train event=interaction_progress trial=0 partition=0 processed=2600 total=14000 metric=ce epoch=1/1
[pipeline-trace] wall=19:33:43 elapsed=33.212s phase=train event=interaction_progress trial=0 partition=0 processed=2700 total=14000 metric=ce epoch=1/1
[pipeline-trace] wall=19:33:45 elapsed=34.404s phase=train event=interaction_progress trial=0 partition=0 processed=2800 total=14000 metric=ce epoch=1/1
[pipeline-trace] wall=19:33:46 elapsed=35.557s phase=train event=interaction_progress trial=0 partition=0 processed=2900 total=14000 metric=ce epoch=1/1
[pipeline-trace] wall=19:33:47 elapsed=36.672s phase=train event=interaction_progress trial=0 partition=0 processed=3000 total=14000 metric=ce epoch=1/1
[pipeline-trace] wall=19:33:48 elapsed=37.807s phase=train event=interaction_progress trial=0 partition=0 processed=3100 total=14000 metric=ce epoch=1/1
[pipeline-trace] wall=19:33:49 elapsed=38.972s phase=train event=interaction_progress trial=0 partition=0 processed=3200 total=14000 metric=ce epoch=1/1
[pipeline-trace] wall=19:33:50 elapsed=40.103s phase=train event=interaction_progress trial=0 partition=0 processed=3300 total=14000 metric=ce epoch=1/1
[pipeline-trace] wall=19:33:51 elapsed=41.365s phase=train event=interaction_progress trial=0 partition=0 processed=3400 total=14000 metric=ce epoch=1/1
[pipeline-trace] wall=19:33:53 elapsed=42.597s phase=train event=interaction_progress trial=0 partition=0 processed=3500 total=14000 metric=ce epoch=1/1
[pipeline-trace] wall=19:33:54 elapsed=43.714s phase=train event=interaction_progress trial=0 partition=0 processed=3600 total=14000 metric=ce epoch=1/1
[pipeline-trace] wall=19:33:55 elapsed=44.908s phase=train event=interaction_progress trial=0 partition=0 processed=3700 total=14000 metric=ce epoch=1/1
[pipeline-trace] wall=19:33:56 elapsed=46.086s phase=train event=interaction_progress trial=0 partition=0 processed=3800 total=14000 metric=ce epoch=1/1
[pipeline-trace] wall=19:33:57 elapsed=47.207s phase=train event=interaction_progress trial=0 partition=0 processed=3900 total=14000 metric=ce epoch=1/1
[pipeline-trace] wall=19:33:58 elapsed=48.346s phase=train event=interaction_progress trial=0 partition=0 processed=4000 total=14000 metric=ce epoch=1/1
[pipeline-trace] wall=19:34:00 elapsed=49.545s phase=train event=interaction_progress trial=0 partition=0 processed=4100 total=14000 metric=ce epoch=1/1
[pipeline-trace] wall=19:34:01 elapsed=50.672s phase=train event=interaction_progress trial=0 partition=0 processed=4200 total=14000 metric=ce epoch=1/1
[pipeline-trace] wall=19:34:02 elapsed=51.858s phase=train event=interaction_progress trial=0 partition=0 processed=4300 total=14000 metric=ce epoch=1/1
[pipeline-trace] wall=19:34:03 elapsed=52.957s phase=train event=interaction_progress trial=0 partition=0 processed=4400 total=14000 metric=ce epoch=1/1
[pipeline-trace] wall=19:34:04 elapsed=54.062s phase=train event=interaction_progress trial=0 partition=0 processed=4500 total=14000 metric=ce epoch=1/1
[pipeline-trace] wall=19:34:05 elapsed=55.238s phase=train event=interaction_progress trial=0 partition=0 processed=4600 total=14000 metric=ce epoch=1/1
[pipeline-trace] wall=19:34:06 elapsed=56.392s phase=train event=interaction_progress trial=0 partition=0 processed=4700 total=14000 metric=ce epoch=1/1
[pipeline-trace] wall=19:34:08 elapsed=57.491s phase=train event=interaction_progress trial=0 partition=0 processed=4800 total=14000 metric=ce epoch=1/1
[pipeline-trace] wall=19:34:08 elapsed=58.359s phase=train event=interaction_progress trial=0 partition=0 processed=4900 total=14000 metric=ce epoch=1/1
[pipeline-trace] wall=19:34:09 elapsed=58.655s phase=train event=interaction_progress trial=0 partition=0 processed=5000 total=14000 metric=ce epoch=1/1
[pipeline-trace] wall=19:34:09 elapsed=58.945s phase=train event=interaction_progress trial=0 partition=0 processed=5100 total=14000 metric=ce epoch=1/1
[pipeline-trace] wall=19:34:09 elapsed=59.222s phase=train event=interaction_progress trial=0 partition=0 processed=5200 total=14000 metric=ce epoch=1/1
[pipeline-trace] wall=19:34:10 elapsed=59.899s phase=train event=interaction_progress trial=0 partition=0 processed=5300 total=14000 metric=ce epoch=1/1
[pipeline-trace] wall=19:34:11 elapsed=60.423s phase=train event=interaction_progress trial=0 partition=0 processed=5400 total=14000 metric=ce epoch=1/1
[pipeline-trace] wall=19:34:11 elapsed=60.728s phase=train event=interaction_progress trial=0 partition=0 processed=5500 total=14000 metric=ce epoch=1/1
[pipeline-trace] wall=19:34:11 elapsed=61.027s phase=train event=interaction_progress trial=0 partition=0 processed=5600 total=14000 metric=ce epoch=1/1
[pipeline-trace] wall=19:34:11 elapsed=61.327s phase=train event=interaction_progress trial=0 partition=0 processed=5700 total=14000 metric=ce epoch=1/1
[pipeline-trace] wall=19:34:12 elapsed=61.606s phase=train event=interaction_progress trial=0 partition=0 processed=5800 total=14000 metric=ce epoch=1/1
[pipeline-trace] wall=19:34:12 elapsed=62.267s phase=train event=interaction_progress trial=0 partition=0 processed=5900 total=14000 metric=ce epoch=1/1
[pipeline-trace] wall=19:34:14 elapsed=63.470s phase=train event=interaction_progress trial=0 partition=0 processed=6000 total=14000 metric=ce epoch=1/1
[pipeline-trace] wall=19:34:15 elapsed=64.657s phase=train event=interaction_progress trial=0 partition=0 processed=6100 total=14000 metric=ce epoch=1/1
[pipeline-trace] wall=19:34:16 elapsed=65.821s phase=train event=interaction_progress trial=0 partition=0 processed=6200 total=14000 metric=ce epoch=1/1
[pipeline-trace] wall=19:34:17 elapsed=67.044s phase=train event=interaction_progress trial=0 partition=0 processed=6300 total=14000 metric=ce epoch=1/1
[pipeline-trace] wall=19:34:18 elapsed=68.232s phase=train event=interaction_progress trial=0 partition=0 processed=6400 total=14000 metric=ce epoch=1/1
[pipeline-trace] wall=19:34:20 elapsed=69.421s phase=train event=interaction_progress trial=0 partition=0 processed=6500 total=14000 metric=ce epoch=1/1
[pipeline-trace] wall=19:34:21 elapsed=70.620s phase=train event=interaction_progress trial=0 partition=0 processed=6600 total=14000 metric=ce epoch=1/1
[pipeline-trace] wall=19:34:22 elapsed=71.782s phase=train event=interaction_progress trial=0 partition=0 processed=6700 total=14000 metric=ce epoch=1/1
[pipeline-trace] wall=19:34:23 elapsed=72.994s phase=train event=interaction_progress trial=0 partition=0 processed=6800 total=14000 metric=ce epoch=1/1
[pipeline-trace] wall=19:34:24 elapsed=74.168s phase=train event=interaction_progress trial=0 partition=0 processed=6900 total=14000 metric=ce epoch=1/1
[pipeline-trace] wall=19:34:25 elapsed=75.353s phase=train event=interaction_progress trial=0 partition=0 processed=7000 total=14000 metric=ce epoch=1/1
[pipeline-trace] wall=19:34:27 elapsed=76.567s phase=train event=interaction_progress trial=0 partition=0 processed=7100 total=14000 metric=ce epoch=1/1
[pipeline-trace] wall=19:34:28 elapsed=77.719s phase=train event=interaction_progress trial=0 partition=0 processed=7200 total=14000 metric=ce epoch=1/1
[pipeline-trace] wall=19:34:29 elapsed=78.969s phase=train event=interaction_progress trial=0 partition=0 processed=7300 total=14000 metric=ce epoch=1/1
[pipeline-trace] wall=19:34:30 elapsed=80.164s phase=train event=interaction_progress trial=0 partition=0 processed=7400 total=14000 metric=ce epoch=1/1
[pipeline-trace] wall=19:34:31 elapsed=81.317s phase=train event=interaction_progress trial=0 partition=0 processed=7500 total=14000 metric=ce epoch=1/1
[pipeline-trace] wall=19:34:33 elapsed=82.479s phase=train event=interaction_progress trial=0 partition=0 processed=7600 total=14000 metric=ce epoch=1/1
[pipeline-trace] wall=19:34:34 elapsed=83.604s phase=train event=interaction_progress trial=0 partition=0 processed=7700 total=14000 metric=ce epoch=1/1
[pipeline-trace] wall=19:34:35 elapsed=84.787s phase=train event=interaction_progress trial=0 partition=0 processed=7800 total=14000 metric=ce epoch=1/1
[pipeline-trace] wall=19:34:36 elapsed=86.024s phase=train event=interaction_progress trial=0 partition=0 processed=7900 total=14000 metric=ce epoch=1/1
[pipeline-trace] wall=19:34:39 elapsed=88.838s phase=train event=interaction_progress trial=0 partition=0 processed=8000 total=14000 metric=ce epoch=1/1
[pipeline-trace] wall=19:34:40 elapsed=89.972s phase=train event=interaction_progress trial=0 partition=0 processed=8100 total=14000 metric=ce epoch=1/1
[pipeline-trace] wall=19:34:41 elapsed=91.120s phase=train event=interaction_progress trial=0 partition=0 processed=8200 total=14000 metric=ce epoch=1/1
[pipeline-trace] wall=19:34:42 elapsed=92.365s phase=train event=interaction_progress trial=0 partition=0 processed=8300 total=14000 metric=ce epoch=1/1
[pipeline-trace] wall=19:34:44 elapsed=93.486s phase=train event=interaction_progress trial=0 partition=0 processed=8400 total=14000 metric=ce epoch=1/1
[pipeline-trace] wall=19:34:45 elapsed=94.709s phase=train event=interaction_progress trial=0 partition=0 processed=8500 total=14000 metric=ce epoch=1/1
[pipeline-trace] wall=19:34:46 elapsed=95.854s phase=train event=interaction_progress trial=0 partition=0 processed=8600 total=14000 metric=ce epoch=1/1
[pipeline-trace] wall=19:34:47 elapsed=97.051s phase=train event=interaction_progress trial=0 partition=0 processed=8700 total=14000 metric=ce epoch=1/1
[pipeline-trace] wall=19:34:48 elapsed=98.279s phase=train event=interaction_progress trial=0 partition=0 processed=8800 total=14000 metric=ce epoch=1/1
[pipeline-trace] wall=19:34:50 elapsed=99.450s phase=train event=interaction_progress trial=0 partition=0 processed=8900 total=14000 metric=ce epoch=1/1
[pipeline-trace] wall=19:34:51 elapsed=100.625s phase=train event=interaction_progress trial=0 partition=0 processed=9000 total=14000 metric=ce epoch=1/1
[pipeline-trace] wall=19:34:52 elapsed=101.835s phase=train event=interaction_progress trial=0 partition=0 processed=9100 total=14000 metric=ce epoch=1/1
[pipeline-trace] wall=19:34:53 elapsed=102.972s phase=train event=interaction_progress trial=0 partition=0 processed=9200 total=14000 metric=ce epoch=1/1
[pipeline-trace] wall=19:34:54 elapsed=104.189s phase=train event=interaction_progress trial=0 partition=0 processed=9300 total=14000 metric=ce epoch=1/1
[pipeline-trace] wall=19:34:55 elapsed=105.384s phase=train event=interaction_progress trial=0 partition=0 processed=9400 total=14000 metric=ce epoch=1/1
[pipeline-trace] wall=19:34:57 elapsed=106.582s phase=train event=interaction_progress trial=0 partition=0 processed=9500 total=14000 metric=ce epoch=1/1
[pipeline-trace] wall=19:34:58 elapsed=107.786s phase=train event=interaction_progress trial=0 partition=0 processed=9600 total=14000 metric=ce epoch=1/1
[pipeline-trace] wall=19:34:59 elapsed=108.935s phase=train event=interaction_progress trial=0 partition=0 processed=9700 total=14000 metric=ce epoch=1/1
[pipeline-trace] wall=19:35:00 elapsed=110.125s phase=train event=interaction_progress trial=0 partition=0 processed=9800 total=14000 metric=ce epoch=1/1
[pipeline-trace] wall=19:35:01 elapsed=111.319s phase=train event=interaction_progress trial=0 partition=0 processed=9900 total=14000 metric=ce epoch=1/1
[pipeline-trace] wall=19:35:03 elapsed=112.462s phase=train event=interaction_progress trial=0 partition=0 processed=10000 total=14000 metric=ce epoch=1/1
[pipeline-trace] wall=19:35:04 elapsed=113.673s phase=train event=interaction_progress trial=0 partition=0 processed=10100 total=14000 metric=ce epoch=1/1
[pipeline-trace] wall=19:35:05 elapsed=114.826s phase=train event=interaction_progress trial=0 partition=0 processed=10200 total=14000 metric=ce epoch=1/1
[pipeline-trace] wall=19:35:06 elapsed=116.001s phase=train event=interaction_progress trial=0 partition=0 processed=10300 total=14000 metric=ce epoch=1/1
[pipeline-trace] wall=19:35:07 elapsed=117.230s phase=train event=interaction_progress trial=0 partition=0 processed=10400 total=14000 metric=ce epoch=1/1
[pipeline-trace] wall=19:35:08 elapsed=118.374s phase=train event=interaction_progress trial=0 partition=0 processed=10500 total=14000 metric=ce epoch=1/1
[pipeline-trace] wall=19:35:10 elapsed=119.562s phase=train event=interaction_progress trial=0 partition=0 processed=10600 total=14000 metric=ce epoch=1/1
[pipeline-trace] wall=19:35:11 elapsed=120.731s phase=train event=interaction_progress trial=0 partition=0 processed=10700 total=14000 metric=ce epoch=1/1
[pipeline-trace] wall=19:35:12 elapsed=121.849s phase=train event=interaction_progress trial=0 partition=0 processed=10800 total=14000 metric=ce epoch=1/1
[pipeline-trace] wall=19:35:13 elapsed=122.949s phase=train event=interaction_progress trial=0 partition=0 processed=10900 total=14000 metric=ce epoch=1/1
[pipeline-trace] wall=19:35:14 elapsed=124.018s phase=train event=interaction_progress trial=0 partition=0 processed=11000 total=14000 metric=ce epoch=1/1
[pipeline-trace] wall=19:35:15 elapsed=125.165s phase=train event=interaction_progress trial=0 partition=0 processed=11100 total=14000 metric=ce epoch=1/1
[pipeline-trace] wall=19:35:16 elapsed=126.325s phase=train event=interaction_progress trial=0 partition=0 processed=11200 total=14000 metric=ce epoch=1/1
[pipeline-trace] wall=19:35:18 elapsed=127.468s phase=train event=interaction_progress trial=0 partition=0 processed=11300 total=14000 metric=ce epoch=1/1
[pipeline-trace] wall=19:35:19 elapsed=128.674s phase=train event=interaction_progress trial=0 partition=0 processed=11400 total=14000 metric=ce epoch=1/1
[pipeline-trace] wall=19:35:20 elapsed=129.862s phase=train event=interaction_progress trial=0 partition=0 processed=11500 total=14000 metric=ce epoch=1/1
[pipeline-trace] wall=19:35:21 elapsed=131.051s phase=train event=interaction_progress trial=0 partition=0 processed=11600 total=14000 metric=ce epoch=1/1
[pipeline-trace] wall=19:35:22 elapsed=132.203s phase=train event=interaction_progress trial=0 partition=0 processed=11700 total=14000 metric=ce epoch=1/1
[pipeline-trace] wall=19:35:24 elapsed=133.423s phase=train event=interaction_progress trial=0 partition=0 processed=11800 total=14000 metric=ce epoch=1/1
[pipeline-trace] wall=19:35:25 elapsed=134.590s phase=train event=interaction_progress trial=0 partition=0 processed=11900 total=14000 metric=ce epoch=1/1
[pipeline-trace] wall=19:35:26 elapsed=135.783s phase=train event=interaction_progress trial=0 partition=0 processed=12000 total=14000 metric=ce epoch=1/1
[pipeline-trace] wall=19:35:27 elapsed=137.024s phase=train event=interaction_progress trial=0 partition=0 processed=12100 total=14000 metric=ce epoch=1/1
[pipeline-trace] wall=19:35:28 elapsed=138.252s phase=train event=interaction_progress trial=0 partition=0 processed=12200 total=14000 metric=ce epoch=1/1
[pipeline-trace] wall=19:35:30 elapsed=139.528s phase=train event=interaction_progress trial=0 partition=0 processed=12300 total=14000 metric=ce epoch=1/1
[pipeline-trace] wall=19:35:31 elapsed=140.781s phase=train event=interaction_progress trial=0 partition=0 processed=12400 total=14000 metric=ce epoch=1/1
[pipeline-trace] wall=19:35:32 elapsed=141.966s phase=train event=interaction_progress trial=0 partition=0 processed=12500 total=14000 metric=ce epoch=1/1
[pipeline-trace] wall=19:35:33 elapsed=143.250s phase=train event=interaction_progress trial=0 partition=0 processed=12600 total=14000 metric=ce epoch=1/1
[pipeline-trace] wall=19:35:35 elapsed=144.433s phase=train event=interaction_progress trial=0 partition=0 processed=12700 total=14000 metric=ce epoch=1/1
[pipeline-trace] wall=19:35:36 elapsed=145.581s phase=train event=interaction_progress trial=0 partition=0 processed=12800 total=14000 metric=ce epoch=1/1
[pipeline-trace] wall=19:35:37 elapsed=146.770s phase=train event=interaction_progress trial=0 partition=0 processed=12900 total=14000 metric=ce epoch=1/1
[pipeline-trace] wall=19:35:38 elapsed=147.953s phase=train event=interaction_progress trial=0 partition=0 processed=13000 total=14000 metric=ce epoch=1/1
[pipeline-trace] wall=19:35:39 elapsed=149.083s phase=train event=interaction_progress trial=0 partition=0 processed=13100 total=14000 metric=ce epoch=1/1
[pipeline-trace] wall=19:35:40 elapsed=150.286s phase=train event=interaction_progress trial=0 partition=0 processed=13200 total=14000 metric=ce epoch=1/1
[pipeline-trace] wall=19:35:42 elapsed=151.458s phase=train event=interaction_progress trial=0 partition=0 processed=13300 total=14000 metric=ce epoch=1/1
[pipeline-trace] wall=19:35:43 elapsed=152.604s phase=train event=interaction_progress trial=0 partition=0 processed=13400 total=14000 metric=ce epoch=1/1
[pipeline-trace] wall=19:35:44 elapsed=153.787s phase=train event=interaction_progress trial=0 partition=0 processed=13500 total=14000 metric=ce epoch=1/1
[pipeline-trace] wall=19:35:45 elapsed=154.976s phase=train event=interaction_progress trial=0 partition=0 processed=13600 total=14000 metric=ce epoch=1/1
[pipeline-trace] wall=19:35:46 elapsed=156.172s phase=train event=interaction_progress trial=0 partition=0 processed=13700 total=14000 metric=ce epoch=1/1
[pipeline-trace] wall=19:35:48 elapsed=157.405s phase=train event=interaction_progress trial=0 partition=0 processed=13800 total=14000 metric=ce epoch=1/1
[pipeline-trace] wall=19:35:49 elapsed=158.567s phase=train event=interaction_progress trial=0 partition=0 processed=13900 total=14000 metric=ce epoch=1/1
[pipeline-trace] wall=19:35:50 elapsed=159.791s phase=train event=interaction_progress trial=0 partition=0 processed=14000 total=14000 metric=ce epoch=1/1
[pipeline-trace] wall=19:35:50 elapsed=1511.703s phase=train event=complete trial=0 stage=1/1 stage_duration_sec=165.016
[pipeline-trace] wall=19:35:50 elapsed=1511.703s phase=train event=dispatch trial=0 stage=1/1
[pipeline-trace] wall=19:35:50 elapsed=160.003s phase=train event=interaction_progress trial=0 partition=0 processed=1 total=14000 metric=ce epoch=1/1
[pipeline-trace] wall=19:35:51 elapsed=161.161s phase=train event=interaction_progress trial=0 partition=0 processed=100 total=14000 metric=ce epoch=1/1
[pipeline-trace] wall=19:35:52 elapsed=162.382s phase=train event=interaction_progress trial=0 partition=0 processed=200 total=14000 metric=ce epoch=1/1
[pipeline-trace] wall=19:35:54 elapsed=163.577s phase=train event=interaction_progress trial=0 partition=0 processed=300 total=14000 metric=ce epoch=1/1
[pipeline-trace] wall=19:35:55 elapsed=164.780s phase=train event=interaction_progress trial=0 partition=0 processed=400 total=14000 metric=ce epoch=1/1
[pipeline-trace] wall=19:35:56 elapsed=166.002s phase=train event=interaction_progress trial=0 partition=0 processed=500 total=14000 metric=ce epoch=1/1
[pipeline-trace] wall=19:35:57 elapsed=167.142s phase=train event=interaction_progress trial=0 partition=0 processed=600 total=14000 metric=ce epoch=1/1
[pipeline-trace] wall=19:35:58 elapsed=168.338s phase=train event=interaction_progress trial=0 partition=0 processed=700 total=14000 metric=ce epoch=1/1
[pipeline-trace] wall=19:36:00 elapsed=169.505s phase=train event=interaction_progress trial=0 partition=0 processed=800 total=14000 metric=ce epoch=1/1
[pipeline-trace] wall=19:36:01 elapsed=170.671s phase=train event=interaction_progress trial=0 partition=0 processed=900 total=14000 metric=ce epoch=1/1
[pipeline-trace] wall=19:36:02 elapsed=171.875s phase=train event=interaction_progress trial=0 partition=0 processed=1000 total=14000 metric=ce epoch=1/1
[pipeline-trace] wall=19:36:03 elapsed=173.044s phase=train event=interaction_progress trial=0 partition=0 processed=1100 total=14000 metric=ce epoch=1/1
[pipeline-trace] wall=19:36:04 elapsed=174.242s phase=train event=interaction_progress trial=0 partition=0 processed=1200 total=14000 metric=ce epoch=1/1
[pipeline-trace] wall=19:36:06 elapsed=175.404s phase=train event=interaction_progress trial=0 partition=0 processed=1300 total=14000 metric=ce epoch=1/1
[pipeline-trace] wall=19:36:07 elapsed=176.540s phase=train event=interaction_progress trial=0 partition=0 processed=1400 total=14000 metric=ce epoch=1/1
[pipeline-trace] wall=19:36:08 elapsed=177.733s phase=train event=interaction_progress trial=0 partition=0 processed=1500 total=14000 metric=ce epoch=1/1
[pipeline-trace] wall=19:36:09 elapsed=178.929s phase=train event=interaction_progress trial=0 partition=0 processed=1600 total=14000 metric=ce epoch=1/1
[pipeline-trace] wall=19:36:10 elapsed=180.087s phase=train event=interaction_progress trial=0 partition=0 processed=1700 total=14000 metric=ce epoch=1/1
[pipeline-trace] wall=19:36:11 elapsed=181.302s phase=train event=interaction_progress trial=0 partition=0 processed=1800 total=14000 metric=ce epoch=1/1
[pipeline-trace] wall=19:36:13 elapsed=182.474s phase=train event=interaction_progress trial=0 partition=0 processed=1900 total=14000 metric=ce epoch=1/1
[pipeline-trace] wall=19:36:14 elapsed=183.674s phase=train event=interaction_progress trial=0 partition=0 processed=2000 total=14000 metric=ce epoch=1/1
[pipeline-trace] wall=19:36:15 elapsed=184.967s phase=train event=interaction_progress trial=0 partition=0 processed=2100 total=14000 metric=ce epoch=1/1
[pipeline-trace] wall=19:36:16 elapsed=186.115s phase=train event=interaction_progress trial=0 partition=0 processed=2200 total=14000 metric=ce epoch=1/1
[pipeline-trace] wall=19:36:17 elapsed=187.357s phase=train event=interaction_progress trial=0 partition=0 processed=2300 total=14000 metric=ce epoch=1/1
[pipeline-trace] wall=19:36:19 elapsed=188.610s phase=train event=interaction_progress trial=0 partition=0 processed=2400 total=14000 metric=ce epoch=1/1
[pipeline-trace] wall=19:36:20 elapsed=189.774s phase=train event=interaction_progress trial=0 partition=0 processed=2500 total=14000 metric=ce epoch=1/1
[pipeline-trace] wall=19:36:21 elapsed=191.014s phase=train event=interaction_progress trial=0 partition=0 processed=2600 total=14000 metric=ce epoch=1/1
[pipeline-trace] wall=19:36:22 elapsed=192.272s phase=train event=interaction_progress trial=0 partition=0 processed=2700 total=14000 metric=ce epoch=1/1
[pipeline-trace] wall=19:36:24 elapsed=193.826s phase=train event=interaction_progress trial=0 partition=0 processed=2800 total=14000 metric=ce epoch=1/1
[pipeline-trace] wall=19:36:25 elapsed=195.056s phase=train event=interaction_progress trial=0 partition=0 processed=2900 total=14000 metric=ce epoch=1/1
[pipeline-trace] wall=19:36:26 elapsed=196.278s phase=train event=interaction_progress trial=0 partition=0 processed=3000 total=14000 metric=ce epoch=1/1
[pipeline-trace] wall=19:36:27 elapsed=197.270s phase=train event=interaction_progress trial=0 partition=0 processed=3100 total=14000 metric=ce epoch=1/1
[pipeline-trace] wall=19:36:28 elapsed=197.601s phase=train event=interaction_progress trial=0 partition=0 processed=3200 total=14000 metric=ce epoch=1/1
[pipeline-trace] wall=19:36:28 elapsed=197.978s phase=train event=interaction_progress trial=0 partition=0 processed=3300 total=14000 metric=ce epoch=1/1
[pipeline-trace] wall=19:36:29 elapsed=198.531s phase=train event=interaction_progress trial=0 partition=0 processed=3400 total=14000 metric=ce epoch=1/1
[pipeline-trace] wall=19:36:29 elapsed=199.151s phase=train event=interaction_progress trial=0 partition=0 processed=3500 total=14000 metric=ce epoch=1/1
[pipeline-trace] wall=19:36:30 elapsed=199.424s phase=train event=interaction_progress trial=0 partition=0 processed=3600 total=14000 metric=ce epoch=1/1
[pipeline-trace] wall=19:36:30 elapsed=199.678s phase=train event=interaction_progress trial=0 partition=0 processed=3700 total=14000 metric=ce epoch=1/1
[pipeline-trace] wall=19:36:30 elapsed=199.904s phase=train event=interaction_progress trial=0 partition=0 processed=3800 total=14000 metric=ce epoch=1/1
[pipeline-trace] wall=19:36:30 elapsed=200.136s phase=train event=interaction_progress trial=0 partition=0 processed=3900 total=14000 metric=ce epoch=1/1
[pipeline-trace] wall=19:36:30 elapsed=200.385s phase=train event=interaction_progress trial=0 partition=0 processed=4000 total=14000 metric=ce epoch=1/1
[pipeline-trace] wall=19:36:31 elapsed=200.621s phase=train event=interaction_progress trial=0 partition=0 processed=4100 total=14000 metric=ce epoch=1/1
[pipeline-trace] wall=19:36:32 elapsed=201.537s phase=train event=interaction_progress trial=0 partition=0 processed=4200 total=14000 metric=ce epoch=1/1
[pipeline-trace] wall=19:36:33 elapsed=202.589s phase=train event=interaction_progress trial=0 partition=0 processed=4300 total=14000 metric=ce epoch=1/1
[pipeline-trace] wall=19:36:34 elapsed=203.640s phase=train event=interaction_progress trial=0 partition=0 processed=4400 total=14000 metric=ce epoch=1/1
[pipeline-trace] wall=19:36:35 elapsed=204.696s phase=train event=interaction_progress trial=0 partition=0 processed=4500 total=14000 metric=ce epoch=1/1
[pipeline-trace] wall=19:36:36 elapsed=205.780s phase=train event=interaction_progress trial=0 partition=0 processed=4600 total=14000 metric=ce epoch=1/1
[pipeline-trace] wall=19:36:37 elapsed=206.940s phase=train event=interaction_progress trial=0 partition=0 processed=4700 total=14000 metric=ce epoch=1/1
[pipeline-trace] wall=19:36:38 elapsed=208.067s phase=train event=interaction_progress trial=0 partition=0 processed=4800 total=14000 metric=ce epoch=1/1
[pipeline-trace] wall=19:36:39 elapsed=209.260s phase=train event=interaction_progress trial=0 partition=0 processed=4900 total=14000 metric=ce epoch=1/1
[pipeline-trace] wall=19:36:41 elapsed=210.425s phase=train event=interaction_progress trial=0 partition=0 processed=5000 total=14000 metric=ce epoch=1/1
[pipeline-trace] wall=19:36:42 elapsed=211.569s phase=train event=interaction_progress trial=0 partition=0 processed=5100 total=14000 metric=ce epoch=1/1
[pipeline-trace] wall=19:36:43 elapsed=212.774s phase=train event=interaction_progress trial=0 partition=0 processed=5200 total=14000 metric=ce epoch=1/1
[pipeline-trace] wall=19:36:44 elapsed=213.906s phase=train event=interaction_progress trial=0 partition=0 processed=5300 total=14000 metric=ce epoch=1/1
[pipeline-trace] wall=19:36:45 elapsed=215.076s phase=train event=interaction_progress trial=0 partition=0 processed=5400 total=14000 metric=ce epoch=1/1
[pipeline-trace] wall=19:36:46 elapsed=216.247s phase=train event=interaction_progress trial=0 partition=0 processed=5500 total=14000 metric=ce epoch=1/1
[pipeline-trace] wall=19:36:48 elapsed=217.409s phase=train event=interaction_progress trial=0 partition=0 processed=5600 total=14000 metric=ce epoch=1/1
[pipeline-trace] wall=19:36:49 elapsed=218.595s phase=train event=interaction_progress trial=0 partition=0 processed=5700 total=14000 metric=ce epoch=1/1
[pipeline-trace] wall=19:36:50 elapsed=219.797s phase=train event=interaction_progress trial=0 partition=0 processed=5800 total=14000 metric=ce epoch=1/1
[pipeline-trace] wall=19:36:51 elapsed=220.936s phase=train event=interaction_progress trial=0 partition=0 processed=5900 total=14000 metric=ce epoch=1/1
[pipeline-trace] wall=19:36:52 elapsed=222.091s phase=train event=interaction_progress trial=0 partition=0 processed=6000 total=14000 metric=ce epoch=1/1
[pipeline-trace] wall=19:36:53 elapsed=223.277s phase=train event=interaction_progress trial=0 partition=0 processed=6100 total=14000 metric=ce epoch=1/1
[pipeline-trace] wall=19:36:55 elapsed=224.423s phase=train event=interaction_progress trial=0 partition=0 processed=6200 total=14000 metric=ce epoch=1/1
[pipeline-trace] wall=19:36:56 elapsed=225.660s phase=train event=interaction_progress trial=0 partition=0 processed=6300 total=14000 metric=ce epoch=1/1
[pipeline-trace] wall=19:36:57 elapsed=226.780s phase=train event=interaction_progress trial=0 partition=0 processed=6400 total=14000 metric=ce epoch=1/1
[pipeline-trace] wall=19:36:58 elapsed=227.906s phase=train event=interaction_progress trial=0 partition=0 processed=6500 total=14000 metric=ce epoch=1/1
[pipeline-trace] wall=19:36:59 elapsed=229.118s phase=train event=interaction_progress trial=0 partition=0 processed=6600 total=14000 metric=ce epoch=1/1
[pipeline-trace] wall=19:37:00 elapsed=230.263s phase=train event=interaction_progress trial=0 partition=0 processed=6700 total=14000 metric=ce epoch=1/1
[pipeline-trace] wall=19:37:02 elapsed=231.418s phase=train event=interaction_progress trial=0 partition=0 processed=6800 total=14000 metric=ce epoch=1/1
[pipeline-trace] wall=19:37:03 elapsed=232.657s phase=train event=interaction_progress trial=0 partition=0 processed=6900 total=14000 metric=ce epoch=1/1
[pipeline-trace] wall=19:37:04 elapsed=233.814s phase=train event=interaction_progress trial=0 partition=0 processed=7000 total=14000 metric=ce epoch=1/1
[pipeline-trace] wall=19:37:05 elapsed=235.006s phase=train event=interaction_progress trial=0 partition=0 processed=7100 total=14000 metric=ce epoch=1/1
[pipeline-trace] wall=19:37:06 elapsed=236.214s phase=train event=interaction_progress trial=0 partition=0 processed=7200 total=14000 metric=ce epoch=1/1
[pipeline-trace] wall=19:37:08 elapsed=237.443s phase=train event=interaction_progress trial=0 partition=0 processed=7300 total=14000 metric=ce epoch=1/1
[pipeline-trace] wall=19:37:09 elapsed=238.647s phase=train event=interaction_progress trial=0 partition=0 processed=7400 total=14000 metric=ce epoch=1/1
[pipeline-trace] wall=19:37:10 elapsed=239.798s phase=train event=interaction_progress trial=0 partition=0 processed=7500 total=14000 metric=ce epoch=1/1
[pipeline-trace] wall=19:37:11 elapsed=240.961s phase=train event=interaction_progress trial=0 partition=0 processed=7600 total=14000 metric=ce epoch=1/1
[pipeline-trace] wall=19:37:12 elapsed=242.175s phase=train event=interaction_progress trial=0 partition=0 processed=7700 total=14000 metric=ce epoch=1/1
[pipeline-trace] wall=19:37:13 elapsed=243.339s phase=train event=interaction_progress trial=0 partition=0 processed=7800 total=14000 metric=ce epoch=1/1
[pipeline-trace] wall=19:37:15 elapsed=244.558s phase=train event=interaction_progress trial=0 partition=0 processed=7900 total=14000 metric=ce epoch=1/1
[pipeline-trace] wall=19:37:16 elapsed=245.752s phase=train event=interaction_progress trial=0 partition=0 processed=8000 total=14000 metric=ce epoch=1/1
[pipeline-trace] wall=19:37:17 elapsed=246.944s phase=train event=interaction_progress trial=0 partition=0 processed=8100 total=14000 metric=ce epoch=1/1
[pipeline-trace] wall=19:37:18 elapsed=248.133s phase=train event=interaction_progress trial=0 partition=0 processed=8200 total=14000 metric=ce epoch=1/1
[pipeline-trace] wall=19:37:19 elapsed=249.293s phase=train event=interaction_progress trial=0 partition=0 processed=8300 total=14000 metric=ce epoch=1/1
[pipeline-trace] wall=19:37:21 elapsed=250.441s phase=train event=interaction_progress trial=0 partition=0 processed=8400 total=14000 metric=ce epoch=1/1
[pipeline-trace] wall=19:37:22 elapsed=251.658s phase=train event=interaction_progress trial=0 partition=0 processed=8500 total=14000 metric=ce epoch=1/1
[pipeline-trace] wall=19:37:23 elapsed=252.830s phase=train event=interaction_progress trial=0 partition=0 processed=8600 total=14000 metric=ce epoch=1/1
[pipeline-trace] wall=19:37:24 elapsed=254.063s phase=train event=interaction_progress trial=0 partition=0 processed=8700 total=14000 metric=ce epoch=1/1
[pipeline-trace] wall=19:37:25 elapsed=255.229s phase=train event=interaction_progress trial=0 partition=0 processed=8800 total=14000 metric=ce epoch=1/1
[pipeline-trace] wall=19:37:27 elapsed=256.523s phase=train event=interaction_progress trial=0 partition=0 processed=8900 total=14000 metric=ce epoch=1/1
[pipeline-trace] wall=19:37:28 elapsed=257.748s phase=train event=interaction_progress trial=0 partition=0 processed=9000 total=14000 metric=ce epoch=1/1
[pipeline-trace] wall=19:37:29 elapsed=258.882s phase=train event=interaction_progress trial=0 partition=0 processed=9100 total=14000 metric=ce epoch=1/1
[pipeline-trace] wall=19:37:30 elapsed=260.201s phase=train event=interaction_progress trial=0 partition=0 processed=9200 total=14000 metric=ce epoch=1/1
[pipeline-trace] wall=19:37:32 elapsed=261.414s phase=train event=interaction_progress trial=0 partition=0 processed=9300 total=14000 metric=ce epoch=1/1
[pipeline-trace] wall=19:37:33 elapsed=262.562s phase=train event=interaction_progress trial=0 partition=0 processed=9400 total=14000 metric=ce epoch=1/1
[pipeline-trace] wall=19:37:34 elapsed=263.719s phase=train event=interaction_progress trial=0 partition=0 processed=9500 total=14000 metric=ce epoch=1/1
[pipeline-trace] wall=19:37:35 elapsed=264.901s phase=train event=interaction_progress trial=0 partition=0 processed=9600 total=14000 metric=ce epoch=1/1
[pipeline-trace] wall=19:37:36 elapsed=266.041s phase=train event=interaction_progress trial=0 partition=0 processed=9700 total=14000 metric=ce epoch=1/1
[pipeline-trace] wall=19:37:37 elapsed=267.259s phase=train event=interaction_progress trial=0 partition=0 processed=9800 total=14000 metric=ce epoch=1/1
[pipeline-trace] wall=19:37:39 elapsed=268.453s phase=train event=interaction_progress trial=0 partition=0 processed=9900 total=14000 metric=ce epoch=1/1
[pipeline-trace] wall=19:37:40 elapsed=269.630s phase=train event=interaction_progress trial=0 partition=0 processed=10000 total=14000 metric=ce epoch=1/1
[pipeline-trace] wall=19:37:41 elapsed=270.861s phase=train event=interaction_progress trial=0 partition=0 processed=10100 total=14000 metric=ce epoch=1/1
[pipeline-trace] wall=19:37:42 elapsed=272.028s phase=train event=interaction_progress trial=0 partition=0 processed=10200 total=14000 metric=ce epoch=1/1
[pipeline-trace] wall=19:37:43 elapsed=273.226s phase=train event=interaction_progress trial=0 partition=0 processed=10300 total=14000 metric=ce epoch=1/1
[pipeline-trace] wall=19:37:45 elapsed=274.428s phase=train event=interaction_progress trial=0 partition=0 processed=10400 total=14000 metric=ce epoch=1/1
[pipeline-trace] wall=19:37:46 elapsed=275.618s phase=train event=interaction_progress trial=0 partition=0 processed=10500 total=14000 metric=ce epoch=1/1
[pipeline-trace] wall=19:37:47 elapsed=276.851s phase=train event=interaction_progress trial=0 partition=0 processed=10600 total=14000 metric=ce epoch=1/1
[pipeline-trace] wall=19:37:48 elapsed=277.994s phase=train event=interaction_progress trial=0 partition=0 processed=10700 total=14000 metric=ce epoch=1/1
[pipeline-trace] wall=19:37:49 elapsed=279.188s phase=train event=interaction_progress trial=0 partition=0 processed=10800 total=14000 metric=ce epoch=1/1
[pipeline-trace] wall=19:37:50 elapsed=280.382s phase=train event=interaction_progress trial=0 partition=0 processed=10900 total=14000 metric=ce epoch=1/1
[pipeline-trace] wall=19:37:52 elapsed=281.539s phase=train event=interaction_progress trial=0 partition=0 processed=11000 total=14000 metric=ce epoch=1/1
[pipeline-trace] wall=19:37:53 elapsed=282.761s phase=train event=interaction_progress trial=0 partition=0 processed=11100 total=14000 metric=ce epoch=1/1
[pipeline-trace] wall=19:37:54 elapsed=283.919s phase=train event=interaction_progress trial=0 partition=0 processed=11200 total=14000 metric=ce epoch=1/1
[pipeline-trace] wall=19:37:55 elapsed=285.089s phase=train event=interaction_progress trial=0 partition=0 processed=11300 total=14000 metric=ce epoch=1/1
[pipeline-trace] wall=19:37:56 elapsed=286.300s phase=train event=interaction_progress trial=0 partition=0 processed=11400 total=14000 metric=ce epoch=1/1
[pipeline-trace] wall=19:37:58 elapsed=287.431s phase=train event=interaction_progress trial=0 partition=0 processed=11500 total=14000 metric=ce epoch=1/1
[pipeline-trace] wall=19:37:59 elapsed=288.628s phase=train event=interaction_progress trial=0 partition=0 processed=11600 total=14000 metric=ce epoch=1/1
[pipeline-trace] wall=19:38:00 elapsed=289.844s phase=train event=interaction_progress trial=0 partition=0 processed=11700 total=14000 metric=ce epoch=1/1
[pipeline-trace] wall=19:38:01 elapsed=291.009s phase=train event=interaction_progress trial=0 partition=0 processed=11800 total=14000 metric=ce epoch=1/1
[pipeline-trace] wall=19:38:02 elapsed=292.243s phase=train event=interaction_progress trial=0 partition=0 processed=11900 total=14000 metric=ce epoch=1/1
[pipeline-trace] wall=19:38:04 elapsed=293.432s phase=train event=interaction_progress trial=0 partition=0 processed=12000 total=14000 metric=ce epoch=1/1
[pipeline-trace] wall=19:38:05 elapsed=294.600s phase=train event=interaction_progress trial=0 partition=0 processed=12100 total=14000 metric=ce epoch=1/1
[pipeline-trace] wall=19:38:06 elapsed=295.881s phase=train event=interaction_progress trial=0 partition=0 processed=12200 total=14000 metric=ce epoch=1/1
[pipeline-trace] wall=19:38:07 elapsed=297.040s phase=train event=interaction_progress trial=0 partition=0 processed=12300 total=14000 metric=ce epoch=1/1
[pipeline-trace] wall=19:38:08 elapsed=298.254s phase=train event=interaction_progress trial=0 partition=0 processed=12400 total=14000 metric=ce epoch=1/1
[pipeline-trace] wall=19:38:09 elapsed=299.397s phase=train event=interaction_progress trial=0 partition=0 processed=12500 total=14000 metric=ce epoch=1/1
[pipeline-trace] wall=19:38:11 elapsed=300.558s phase=train event=interaction_progress trial=0 partition=0 processed=12600 total=14000 metric=ce epoch=1/1
[pipeline-trace] wall=19:38:12 elapsed=301.767s phase=train event=interaction_progress trial=0 partition=0 processed=12700 total=14000 metric=ce epoch=1/1
[pipeline-trace] wall=19:38:13 elapsed=302.938s phase=train event=interaction_progress trial=0 partition=0 processed=12800 total=14000 metric=ce epoch=1/1
[pipeline-trace] wall=19:38:14 elapsed=304.111s phase=train event=interaction_progress trial=0 partition=0 processed=12900 total=14000 metric=ce epoch=1/1
[pipeline-trace] wall=19:38:15 elapsed=305.321s phase=train event=interaction_progress trial=0 partition=0 processed=13000 total=14000 metric=ce epoch=1/1
[pipeline-trace] wall=19:38:17 elapsed=306.570s phase=train event=interaction_progress trial=0 partition=0 processed=13100 total=14000 metric=ce epoch=1/1
[pipeline-trace] wall=19:38:18 elapsed=307.927s phase=train event=interaction_progress trial=0 partition=0 processed=13200 total=14000 metric=ce epoch=1/1
[pipeline-trace] wall=19:38:19 elapsed=309.042s phase=train event=interaction_progress trial=0 partition=0 processed=13300 total=14000 metric=ce epoch=1/1
[pipeline-trace] wall=19:38:21 elapsed=310.955s phase=train event=interaction_progress trial=0 partition=0 processed=13400 total=14000 metric=ce epoch=1/1
[pipeline-trace] wall=19:38:22 elapsed=312.131s phase=train event=interaction_progress trial=0 partition=0 processed=13500 total=14000 metric=ce epoch=1/1
[pipeline-trace] wall=19:38:23 elapsed=313.254s phase=train event=interaction_progress trial=0 partition=0 processed=13600 total=14000 metric=ce epoch=1/1
[pipeline-trace] wall=19:38:25 elapsed=314.422s phase=train event=interaction_progress trial=0 partition=0 processed=13700 total=14000 metric=ce epoch=1/1
[pipeline-trace] wall=19:38:26 elapsed=315.557s phase=train event=interaction_progress trial=0 partition=0 processed=13800 total=14000 metric=ce epoch=1/1
[pipeline-trace] wall=19:38:27 elapsed=316.741s phase=train event=interaction_progress trial=0 partition=0 processed=13900 total=14000 metric=ce epoch=1/1
[pipeline-trace] wall=19:38:28 elapsed=317.899s phase=train event=interaction_progress trial=0 partition=0 processed=14000 total=14000 metric=ce epoch=1/1
[pipeline-trace] wall=19:38:28 elapsed=1669.809s phase=train event=complete trial=0 stage=1/1 stage_duration_sec=158.105
[pipeline-trace] wall=19:38:28 elapsed=1669.809s phase=train event=dispatch trial=0 stage=1/2
[pipeline-trace] wall=19:38:28 elapsed=318.095s phase=train event=interaction_progress trial=0 partition=0 processed=1 total=14000 metric=ce epoch=1/1
[pipeline-trace] wall=19:38:29 elapsed=319.256s phase=train event=interaction_progress trial=0 partition=0 processed=100 total=14000 metric=ce epoch=1/1
[pipeline-trace] wall=19:38:31 elapsed=320.409s phase=train event=interaction_progress trial=0 partition=0 processed=200 total=14000 metric=ce epoch=1/1
[pipeline-trace] wall=19:38:32 elapsed=321.526s phase=train event=interaction_progress trial=0 partition=0 processed=300 total=14000 metric=ce epoch=1/1
[pipeline-trace] wall=19:38:33 elapsed=322.738s phase=train event=interaction_progress trial=0 partition=0 processed=400 total=14000 metric=ce epoch=1/1
[pipeline-trace] wall=19:38:34 elapsed=323.926s phase=train event=interaction_progress trial=0 partition=0 processed=500 total=14000 metric=ce epoch=1/1
[pipeline-trace] wall=19:38:35 elapsed=325.061s phase=train event=interaction_progress trial=0 partition=0 processed=600 total=14000 metric=ce epoch=1/1
[pipeline-trace] wall=19:38:36 elapsed=326.266s phase=train event=interaction_progress trial=0 partition=0 processed=700 total=14000 metric=ce epoch=1/1
[pipeline-trace] wall=19:38:38 elapsed=327.402s phase=train event=interaction_progress trial=0 partition=0 processed=800 total=14000 metric=ce epoch=1/1
[pipeline-trace] wall=19:38:39 elapsed=328.554s phase=train event=interaction_progress trial=0 partition=0 processed=900 total=14000 metric=ce epoch=1/1
[pipeline-trace] wall=19:38:40 elapsed=329.797s phase=train event=interaction_progress trial=0 partition=0 processed=1000 total=14000 metric=ce epoch=1/1
[pipeline-trace] wall=19:38:41 elapsed=330.945s phase=train event=interaction_progress trial=0 partition=0 processed=1100 total=14000 metric=ce epoch=1/1
[pipeline-trace] wall=19:38:42 elapsed=332.122s phase=train event=interaction_progress trial=0 partition=0 processed=1200 total=14000 metric=ce epoch=1/1
[pipeline-trace] wall=19:38:43 elapsed=333.319s phase=train event=interaction_progress trial=0 partition=0 processed=1300 total=14000 metric=ce epoch=1/1
[pipeline-trace] wall=19:38:45 elapsed=334.461s phase=train event=interaction_progress trial=0 partition=0 processed=1400 total=14000 metric=ce epoch=1/1
[pipeline-trace] wall=19:38:46 elapsed=335.675s phase=train event=interaction_progress trial=0 partition=0 processed=1500 total=14000 metric=ce epoch=1/1
[pipeline-trace] wall=19:38:46 elapsed=336.231s phase=train event=interaction_progress trial=0 partition=0 processed=1600 total=14000 metric=ce epoch=1/1
[pipeline-trace] wall=19:38:47 elapsed=336.505s phase=train event=interaction_progress trial=0 partition=0 processed=1700 total=14000 metric=ce epoch=1/1
[pipeline-trace] wall=19:38:47 elapsed=336.760s phase=train event=interaction_progress trial=0 partition=0 processed=1800 total=14000 metric=ce epoch=1/1
[pipeline-trace] wall=19:38:47 elapsed=337.041s phase=train event=interaction_progress trial=0 partition=0 processed=1900 total=14000 metric=ce epoch=1/1
[pipeline-trace] wall=19:38:48 elapsed=337.937s phase=train event=interaction_progress trial=0 partition=0 processed=2000 total=14000 metric=ce epoch=1/1
[pipeline-trace] wall=19:38:48 elapsed=338.211s phase=train event=interaction_progress trial=0 partition=0 processed=2100 total=14000 metric=ce epoch=1/1
[pipeline-trace] wall=19:38:49 elapsed=338.470s phase=train event=interaction_progress trial=0 partition=0 processed=2200 total=14000 metric=ce epoch=1/1
[pipeline-trace] wall=19:38:49 elapsed=338.780s phase=train event=interaction_progress trial=0 partition=0 processed=2300 total=14000 metric=ce epoch=1/1
[pipeline-trace] wall=19:38:49 elapsed=339.052s phase=train event=interaction_progress trial=0 partition=0 processed=2400 total=14000 metric=ce epoch=1/1
[pipeline-trace] wall=19:38:49 elapsed=339.373s phase=train event=interaction_progress trial=0 partition=0 processed=2500 total=14000 metric=ce epoch=1/1
[pipeline-trace] wall=19:38:50 elapsed=340.156s phase=train event=interaction_progress trial=0 partition=0 processed=2600 total=14000 metric=ce epoch=1/1
[pipeline-trace] wall=19:38:51 elapsed=341.339s phase=train event=interaction_progress trial=0 partition=0 processed=2700 total=14000 metric=ce epoch=1/1
[pipeline-trace] wall=19:38:53 elapsed=342.451s phase=train event=interaction_progress trial=0 partition=0 processed=2800 total=14000 metric=ce epoch=1/1
[pipeline-trace] wall=19:38:54 elapsed=343.583s phase=train event=interaction_progress trial=0 partition=0 processed=2900 total=14000 metric=ce epoch=1/1
[pipeline-trace] wall=19:38:55 elapsed=344.793s phase=train event=interaction_progress trial=0 partition=0 processed=3000 total=14000 metric=ce epoch=1/1
[pipeline-trace] wall=19:38:56 elapsed=345.956s phase=train event=interaction_progress trial=0 partition=0 processed=3100 total=14000 metric=ce epoch=1/1
[pipeline-trace] wall=19:38:57 elapsed=347.133s phase=train event=interaction_progress trial=0 partition=0 processed=3200 total=14000 metric=ce epoch=1/1
[pipeline-trace] wall=19:38:58 elapsed=348.375s phase=train event=interaction_progress trial=0 partition=0 processed=3300 total=14000 metric=ce epoch=1/1
[pipeline-trace] wall=19:39:00 elapsed=349.535s phase=train event=interaction_progress trial=0 partition=0 processed=3400 total=14000 metric=ce epoch=1/1
[pipeline-trace] wall=19:39:01 elapsed=350.729s phase=train event=interaction_progress trial=0 partition=0 processed=3500 total=14000 metric=ce epoch=1/1
[pipeline-trace] wall=19:39:02 elapsed=351.917s phase=train event=interaction_progress trial=0 partition=0 processed=3600 total=14000 metric=ce epoch=1/1
[pipeline-trace] wall=19:39:03 elapsed=353.071s phase=train event=interaction_progress trial=0 partition=0 processed=3700 total=14000 metric=ce epoch=1/1
[pipeline-trace] wall=19:39:04 elapsed=354.280s phase=train event=interaction_progress trial=0 partition=0 processed=3800 total=14000 metric=ce epoch=1/1
[pipeline-trace] wall=19:39:06 elapsed=355.443s phase=train event=interaction_progress trial=0 partition=0 processed=3900 total=14000 metric=ce epoch=1/1
[pipeline-trace] wall=19:39:07 elapsed=356.628s phase=train event=interaction_progress trial=0 partition=0 processed=4000 total=14000 metric=ce epoch=1/1
[pipeline-trace] wall=19:39:08 elapsed=358.184s phase=train event=interaction_progress trial=0 partition=0 processed=4100 total=14000 metric=ce epoch=1/1
[pipeline-trace] wall=19:39:13 elapsed=362.870s phase=train event=interaction_progress trial=0 partition=0 processed=4200 total=14000 metric=ce epoch=1/1
[pipeline-trace] wall=19:39:14 elapsed=364.017s phase=train event=interaction_progress trial=0 partition=0 processed=4300 total=14000 metric=ce epoch=1/1
[pipeline-trace] wall=19:39:15 elapsed=365.231s phase=train event=interaction_progress trial=0 partition=0 processed=4400 total=14000 metric=ce epoch=1/1
[pipeline-trace] wall=19:39:17 elapsed=366.404s phase=train event=interaction_progress trial=0 partition=0 processed=4500 total=14000 metric=ce epoch=1/1
[pipeline-trace] wall=19:39:18 elapsed=367.533s phase=train event=interaction_progress trial=0 partition=0 processed=4600 total=14000 metric=ce epoch=1/1
[pipeline-trace] wall=19:39:19 elapsed=368.703s phase=train event=interaction_progress trial=0 partition=0 processed=4700 total=14000 metric=ce epoch=1/1
[pipeline-trace] wall=19:39:20 elapsed=369.878s phase=train event=interaction_progress trial=0 partition=0 processed=4800 total=14000 metric=ce epoch=1/1
[pipeline-trace] wall=19:39:21 elapsed=370.961s phase=train event=interaction_progress trial=0 partition=0 processed=4900 total=14000 metric=ce epoch=1/1
[pipeline-trace] wall=19:39:22 elapsed=372.103s phase=train event=interaction_progress trial=0 partition=0 processed=5000 total=14000 metric=ce epoch=1/1
[pipeline-trace] wall=19:39:23 elapsed=373.276s phase=train event=interaction_progress trial=0 partition=0 processed=5100 total=14000 metric=ce epoch=1/1
[pipeline-trace] wall=19:39:25 elapsed=374.417s phase=train event=interaction_progress trial=0 partition=0 processed=5200 total=14000 metric=ce epoch=1/1
[pipeline-trace] wall=19:39:26 elapsed=375.614s phase=train event=interaction_progress trial=0 partition=0 processed=5300 total=14000 metric=ce epoch=1/1
[pipeline-trace] wall=19:39:27 elapsed=376.733s phase=train event=interaction_progress trial=0 partition=0 processed=5400 total=14000 metric=ce epoch=1/1
[pipeline-trace] wall=19:39:28 elapsed=377.875s phase=train event=interaction_progress trial=0 partition=0 processed=5500 total=14000 metric=ce epoch=1/1
[pipeline-trace] wall=19:39:29 elapsed=379.069s phase=train event=interaction_progress trial=0 partition=0 processed=5600 total=14000 metric=ce epoch=1/1
[pipeline-trace] wall=19:39:30 elapsed=380.224s phase=train event=interaction_progress trial=0 partition=0 processed=5700 total=14000 metric=ce epoch=1/1
[pipeline-trace] wall=19:39:32 elapsed=381.399s phase=train event=interaction_progress trial=0 partition=0 processed=5800 total=14000 metric=ce epoch=1/1
[pipeline-trace] wall=19:39:33 elapsed=382.619s phase=train event=interaction_progress trial=0 partition=0 processed=5900 total=14000 metric=ce epoch=1/1
[pipeline-trace] wall=19:39:34 elapsed=383.781s phase=train event=interaction_progress trial=0 partition=0 processed=6000 total=14000 metric=ce epoch=1/1
[pipeline-trace] wall=19:39:35 elapsed=384.961s phase=train event=interaction_progress trial=0 partition=0 processed=6100 total=14000 metric=ce epoch=1/1
[pipeline-trace] wall=19:39:36 elapsed=386.147s phase=train event=interaction_progress trial=0 partition=0 processed=6200 total=14000 metric=ce epoch=1/1
[pipeline-trace] wall=19:39:37 elapsed=387.302s phase=train event=interaction_progress trial=0 partition=0 processed=6300 total=14000 metric=ce epoch=1/1
[pipeline-trace] wall=19:39:39 elapsed=388.525s phase=train event=interaction_progress trial=0 partition=0 processed=6400 total=14000 metric=ce epoch=1/1
[pipeline-trace] wall=19:39:40 elapsed=389.704s phase=train event=interaction_progress trial=0 partition=0 processed=6500 total=14000 metric=ce epoch=1/1
[pipeline-trace] wall=19:39:41 elapsed=390.904s phase=train event=interaction_progress trial=0 partition=0 processed=6600 total=14000 metric=ce epoch=1/1
[pipeline-trace] wall=19:39:42 elapsed=392.120s phase=train event=interaction_progress trial=0 partition=0 processed=6700 total=14000 metric=ce epoch=1/1
[pipeline-trace] wall=19:39:43 elapsed=393.260s phase=train event=interaction_progress trial=0 partition=0 processed=6800 total=14000 metric=ce epoch=1/1
[pipeline-trace] wall=19:39:45 elapsed=394.469s phase=train event=interaction_progress trial=0 partition=0 processed=6900 total=14000 metric=ce epoch=1/1
[pipeline-trace] wall=19:39:46 elapsed=395.660s phase=train event=interaction_progress trial=0 partition=0 processed=7000 total=14000 metric=ce epoch=1/1
[pipeline-trace] wall=19:39:47 elapsed=396.794s phase=train event=interaction_progress trial=0 partition=0 processed=7100 total=14000 metric=ce epoch=1/1
[pipeline-trace] wall=19:39:48 elapsed=397.995s phase=train event=interaction_progress trial=0 partition=0 processed=7200 total=14000 metric=ce epoch=1/1
[pipeline-trace] wall=19:39:49 elapsed=399.176s phase=train event=interaction_progress trial=0 partition=0 processed=7300 total=14000 metric=ce epoch=1/1
[pipeline-trace] wall=19:39:50 elapsed=400.348s phase=train event=interaction_progress trial=0 partition=0 processed=7400 total=14000 metric=ce epoch=1/1
[pipeline-trace] wall=19:39:52 elapsed=401.548s phase=train event=interaction_progress trial=0 partition=0 processed=7500 total=14000 metric=ce epoch=1/1
[pipeline-trace] wall=19:39:53 elapsed=402.694s phase=train event=interaction_progress trial=0 partition=0 processed=7600 total=14000 metric=ce epoch=1/1
[pipeline-trace] wall=19:39:54 elapsed=403.868s phase=train event=interaction_progress trial=0 partition=0 processed=7700 total=14000 metric=ce epoch=1/1
[pipeline-trace] wall=19:39:55 elapsed=405.002s phase=train event=interaction_progress trial=0 partition=0 processed=7800 total=14000 metric=ce epoch=1/1
[pipeline-trace] wall=19:39:56 elapsed=406.142s phase=train event=interaction_progress trial=0 partition=0 processed=7900 total=14000 metric=ce epoch=1/1
[pipeline-trace] wall=19:39:57 elapsed=407.193s phase=train event=interaction_progress trial=0 partition=0 processed=8000 total=14000 metric=ce epoch=1/1
[pipeline-trace] wall=19:39:58 elapsed=408.259s phase=train event=interaction_progress trial=0 partition=0 processed=8100 total=14000 metric=ce epoch=1/1
[pipeline-trace] wall=19:40:03 elapsed=413.183s phase=train event=interaction_progress trial=0 partition=0 processed=8200 total=14000 metric=ce epoch=1/1
[pipeline-trace] wall=19:40:04 elapsed=414.375s phase=train event=interaction_progress trial=0 partition=0 processed=8300 total=14000 metric=ce epoch=1/1
[pipeline-trace] wall=19:40:06 elapsed=415.531s phase=train event=interaction_progress trial=0 partition=0 processed=8400 total=14000 metric=ce epoch=1/1
[pipeline-trace] wall=19:40:07 elapsed=416.688s phase=train event=interaction_progress trial=0 partition=0 processed=8500 total=14000 metric=ce epoch=1/1
[pipeline-trace] wall=19:40:08 elapsed=417.890s phase=train event=interaction_progress trial=0 partition=0 processed=8600 total=14000 metric=ce epoch=1/1
[pipeline-trace] wall=19:40:09 elapsed=419.022s phase=train event=interaction_progress trial=0 partition=0 processed=8700 total=14000 metric=ce epoch=1/1
[pipeline-trace] wall=19:40:10 elapsed=420.143s phase=train event=interaction_progress trial=0 partition=0 processed=8800 total=14000 metric=ce epoch=1/1
[pipeline-trace] wall=19:40:11 elapsed=421.351s phase=train event=interaction_progress trial=0 partition=0 processed=8900 total=14000 metric=ce epoch=1/1
[pipeline-trace] wall=19:40:13 elapsed=422.477s phase=train event=interaction_progress trial=0 partition=0 processed=9000 total=14000 metric=ce epoch=1/1
[pipeline-trace] wall=19:40:14 elapsed=423.639s phase=train event=interaction_progress trial=0 partition=0 processed=9100 total=14000 metric=ce epoch=1/1
[pipeline-trace] wall=19:40:15 elapsed=424.841s phase=train event=interaction_progress trial=0 partition=0 processed=9200 total=14000 metric=ce epoch=1/1
[pipeline-trace] wall=19:40:16 elapsed=425.991s phase=train event=interaction_progress trial=0 partition=0 processed=9300 total=14000 metric=ce epoch=1/1
[pipeline-trace] wall=19:40:17 elapsed=427.166s phase=train event=interaction_progress trial=0 partition=0 processed=9400 total=14000 metric=ce epoch=1/1
[pipeline-trace] wall=19:40:18 elapsed=428.369s phase=train event=interaction_progress trial=0 partition=0 processed=9500 total=14000 metric=ce epoch=1/1
[pipeline-trace] wall=19:40:20 elapsed=429.527s phase=train event=interaction_progress trial=0 partition=0 processed=9600 total=14000 metric=ce epoch=1/1
[pipeline-trace] wall=19:40:21 elapsed=430.710s phase=train event=interaction_progress trial=0 partition=0 processed=9700 total=14000 metric=ce epoch=1/1
[pipeline-trace] wall=19:40:22 elapsed=431.882s phase=train event=interaction_progress trial=0 partition=0 processed=9800 total=14000 metric=ce epoch=1/1
[pipeline-trace] wall=19:40:23 elapsed=433.027s phase=train event=interaction_progress trial=0 partition=0 processed=9900 total=14000 metric=ce epoch=1/1
[pipeline-trace] wall=19:40:24 elapsed=434.166s phase=train event=interaction_progress trial=0 partition=0 processed=10000 total=14000 metric=ce epoch=1/1
[pipeline-trace] wall=19:40:25 elapsed=435.282s phase=train event=interaction_progress trial=0 partition=0 processed=10100 total=14000 metric=ce epoch=1/1
[pipeline-trace] wall=19:40:26 elapsed=436.369s phase=train event=interaction_progress trial=0 partition=0 processed=10200 total=14000 metric=ce epoch=1/1
[pipeline-trace] wall=19:40:28 elapsed=437.511s phase=train event=interaction_progress trial=0 partition=0 processed=10300 total=14000 metric=ce epoch=1/1
[pipeline-trace] wall=19:40:29 elapsed=438.646s phase=train event=interaction_progress trial=0 partition=0 processed=10400 total=14000 metric=ce epoch=1/1
[pipeline-trace] wall=19:40:30 elapsed=439.746s phase=train event=interaction_progress trial=0 partition=0 processed=10500 total=14000 metric=ce epoch=1/1
[pipeline-trace] wall=19:40:31 elapsed=440.865s phase=train event=interaction_progress trial=0 partition=0 processed=10600 total=14000 metric=ce epoch=1/1
[pipeline-trace] wall=19:40:32 elapsed=442.079s phase=train event=interaction_progress trial=0 partition=0 processed=10700 total=14000 metric=ce epoch=1/1
[pipeline-trace] wall=19:40:33 elapsed=443.217s phase=train event=interaction_progress trial=0 partition=0 processed=10800 total=14000 metric=ce epoch=1/1
[pipeline-trace] wall=19:40:35 elapsed=444.411s phase=train event=interaction_progress trial=0 partition=0 processed=10900 total=14000 metric=ce epoch=1/1
[pipeline-trace] wall=19:40:36 elapsed=445.610s phase=train event=interaction_progress trial=0 partition=0 processed=11000 total=14000 metric=ce epoch=1/1
[pipeline-trace] wall=19:40:37 elapsed=446.767s phase=train event=interaction_progress trial=0 partition=0 processed=11100 total=14000 metric=ce epoch=1/1
[pipeline-trace] wall=19:40:38 elapsed=448.012s phase=train event=interaction_progress trial=0 partition=0 processed=11200 total=14000 metric=ce epoch=1/1
[pipeline-trace] wall=19:40:39 elapsed=449.216s phase=train event=interaction_progress trial=0 partition=0 processed=11300 total=14000 metric=ce epoch=1/1
[pipeline-trace] wall=19:40:41 elapsed=450.447s phase=train event=interaction_progress trial=0 partition=0 processed=11400 total=14000 metric=ce epoch=1/1
[pipeline-trace] wall=19:40:42 elapsed=451.672s phase=train event=interaction_progress trial=0 partition=0 processed=11500 total=14000 metric=ce epoch=1/1
[pipeline-trace] wall=19:40:43 elapsed=452.791s phase=train event=interaction_progress trial=0 partition=0 processed=11600 total=14000 metric=ce epoch=1/1
[pipeline-trace] wall=19:40:44 elapsed=453.952s phase=train event=interaction_progress trial=0 partition=0 processed=11700 total=14000 metric=ce epoch=1/1
[pipeline-trace] wall=19:40:45 elapsed=455.072s phase=train event=interaction_progress trial=0 partition=0 processed=11800 total=14000 metric=ce epoch=1/1
[pipeline-trace] wall=19:40:46 elapsed=456.191s phase=train event=interaction_progress trial=0 partition=0 processed=11900 total=14000 metric=ce epoch=1/1
[pipeline-trace] wall=19:40:48 elapsed=457.722s phase=train event=interaction_progress trial=0 partition=0 processed=12000 total=14000 metric=ce epoch=1/1
[pipeline-trace] wall=19:40:49 elapsed=458.889s phase=train event=interaction_progress trial=0 partition=0 processed=12100 total=14000 metric=ce epoch=1/1
[pipeline-trace] wall=19:40:55 elapsed=464.700s phase=train event=interaction_progress trial=0 partition=0 processed=12200 total=14000 metric=ce epoch=1/1
[pipeline-trace] wall=19:40:56 elapsed=465.963s phase=train event=interaction_progress trial=0 partition=0 processed=12300 total=14000 metric=ce epoch=1/1
[pipeline-trace] wall=19:40:57 elapsed=467.109s phase=train event=interaction_progress trial=0 partition=0 processed=12400 total=14000 metric=ce epoch=1/1
[pipeline-trace] wall=19:40:58 elapsed=468.274s phase=train event=interaction_progress trial=0 partition=0 processed=12500 total=14000 metric=ce epoch=1/1
[pipeline-trace] wall=19:41:00 elapsed=469.432s phase=train event=interaction_progress trial=0 partition=0 processed=12600 total=14000 metric=ce epoch=1/1
[pipeline-trace] wall=19:41:01 elapsed=470.491s phase=train event=interaction_progress trial=0 partition=0 processed=12700 total=14000 metric=ce epoch=1/1
[pipeline-trace] wall=19:41:02 elapsed=471.569s phase=train event=interaction_progress trial=0 partition=0 processed=12800 total=14000 metric=ce epoch=1/1
[pipeline-trace] wall=19:41:03 elapsed=472.657s phase=train event=interaction_progress trial=0 partition=0 processed=12900 total=14000 metric=ce epoch=1/1
[pipeline-trace] wall=19:41:04 elapsed=473.738s phase=train event=interaction_progress trial=0 partition=0 processed=13000 total=14000 metric=ce epoch=1/1
[pipeline-trace] wall=19:41:04 elapsed=474.153s phase=train event=interaction_progress trial=0 partition=0 processed=13100 total=14000 metric=ce epoch=1/1
[pipeline-trace] wall=19:41:05 elapsed=474.432s phase=train event=interaction_progress trial=0 partition=0 processed=13200 total=14000 metric=ce epoch=1/1
[pipeline-trace] wall=19:41:05 elapsed=474.725s phase=train event=interaction_progress trial=0 partition=0 processed=13300 total=14000 metric=ce epoch=1/1
[pipeline-trace] wall=19:41:05 elapsed=475.281s phase=train event=interaction_progress trial=0 partition=0 processed=13400 total=14000 metric=ce epoch=1/1
[pipeline-trace] wall=19:41:06 elapsed=475.902s phase=train event=interaction_progress trial=0 partition=0 processed=13500 total=14000 metric=ce epoch=1/1
[pipeline-trace] wall=19:41:06 elapsed=476.193s phase=train event=interaction_progress trial=0 partition=0 processed=13600 total=14000 metric=ce epoch=1/1
[pipeline-trace] wall=19:41:07 elapsed=476.487s phase=train event=interaction_progress trial=0 partition=0 processed=13700 total=14000 metric=ce epoch=1/1
[pipeline-trace] wall=19:41:07 elapsed=476.773s phase=train event=interaction_progress trial=0 partition=0 processed=13800 total=14000 metric=ce epoch=1/1
[pipeline-trace] wall=19:41:07 elapsed=477.086s phase=train event=interaction_progress trial=0 partition=0 processed=13900 total=14000 metric=ce epoch=1/1
[pipeline-trace] wall=19:41:08 elapsed=477.665s phase=train event=interaction_progress trial=0 partition=0 processed=14000 total=14000 metric=ce epoch=1/1
[pipeline-trace] wall=19:41:08 elapsed=1829.580s phase=train event=complete trial=0 stage=1/2 stage_duration_sec=159.771
[pipeline-trace] wall=19:41:08 elapsed=1829.580s phase=eval event=dispatch trial=0 stage=1/2
[pipeline-trace] wall=19:41:08 elapsed=477.039s phase=eval event=batch_start trial=0 partitions=[2] synthetic=False
[pipeline-trace] wall=19:41:08 elapsed=477.039s phase=eval event=partition_start trial=0 partition=2 interactions=4001
[pipeline-trace] wall=19:41:08 elapsed=477.039s phase=eval event=interaction_progress trial=0 partition=2 processed=1 total=4001 metric=ranking
[pipeline-trace] wall=19:41:09 elapsed=477.358s phase=eval event=interaction_progress trial=0 partition=2 processed=100 total=4001 metric=ranking
[pipeline-trace] wall=19:41:09 elapsed=477.498s phase=eval event=interaction_progress trial=0 partition=2 processed=200 total=4001 metric=ranking
[pipeline-trace] wall=19:41:09 elapsed=477.634s phase=eval event=interaction_progress trial=0 partition=2 processed=300 total=4001 metric=ranking
[pipeline-trace] wall=19:41:09 elapsed=477.796s phase=eval event=interaction_progress trial=0 partition=2 processed=400 total=4001 metric=ranking
[pipeline-trace] wall=19:41:09 elapsed=477.931s phase=eval event=interaction_progress trial=0 partition=2 processed=500 total=4001 metric=ranking
[pipeline-trace] wall=19:41:09 elapsed=478.067s phase=eval event=interaction_progress trial=0 partition=2 processed=600 total=4001 metric=ranking
[pipeline-trace] wall=19:41:09 elapsed=478.202s phase=eval event=interaction_progress trial=0 partition=2 processed=700 total=4001 metric=ranking
[pipeline-trace] wall=19:41:10 elapsed=478.339s phase=eval event=interaction_progress trial=0 partition=2 processed=800 total=4001 metric=ranking
[pipeline-trace] wall=19:41:10 elapsed=478.477s phase=eval event=interaction_progress trial=0 partition=2 processed=900 total=4001 metric=ranking
[pipeline-trace] wall=19:41:10 elapsed=478.613s phase=eval event=interaction_progress trial=0 partition=2 processed=1000 total=4001 metric=ranking
[pipeline-trace] wall=19:41:10 elapsed=478.750s phase=eval event=interaction_progress trial=0 partition=2 processed=1100 total=4001 metric=ranking
[pipeline-trace] wall=19:41:10 elapsed=478.887s phase=eval event=interaction_progress trial=0 partition=2 processed=1200 total=4001 metric=ranking
[pipeline-trace] wall=19:41:10 elapsed=479.023s phase=eval event=interaction_progress trial=0 partition=2 processed=1300 total=4001 metric=ranking
[pipeline-trace] wall=19:41:10 elapsed=479.161s phase=eval event=interaction_progress trial=0 partition=2 processed=1400 total=4001 metric=ranking
[pipeline-trace] wall=19:41:11 elapsed=479.297s phase=eval event=interaction_progress trial=0 partition=2 processed=1500 total=4001 metric=ranking
[pipeline-trace] wall=19:41:11 elapsed=479.433s phase=eval event=interaction_progress trial=0 partition=2 processed=1600 total=4001 metric=ranking
[pipeline-trace] wall=19:41:11 elapsed=479.569s phase=eval event=interaction_progress trial=0 partition=2 processed=1700 total=4001 metric=ranking
[pipeline-trace] wall=19:41:11 elapsed=479.705s phase=eval event=interaction_progress trial=0 partition=2 processed=1800 total=4001 metric=ranking
[pipeline-trace] wall=19:41:11 elapsed=479.842s phase=eval event=interaction_progress trial=0 partition=2 processed=1900 total=4001 metric=ranking
[pipeline-trace] wall=19:41:11 elapsed=479.978s phase=eval event=interaction_progress trial=0 partition=2 processed=2000 total=4001 metric=ranking
[pipeline-trace] wall=19:41:11 elapsed=480.114s phase=eval event=interaction_progress trial=0 partition=2 processed=2100 total=4001 metric=ranking
[pipeline-trace] wall=19:41:12 elapsed=480.251s phase=eval event=interaction_progress trial=0 partition=2 processed=2200 total=4001 metric=ranking
[pipeline-trace] wall=19:41:12 elapsed=480.387s phase=eval event=interaction_progress trial=0 partition=2 processed=2300 total=4001 metric=ranking
[pipeline-trace] wall=19:41:12 elapsed=480.523s phase=eval event=interaction_progress trial=0 partition=2 processed=2400 total=4001 metric=ranking
[pipeline-trace] wall=19:41:12 elapsed=480.659s phase=eval event=interaction_progress trial=0 partition=2 processed=2500 total=4001 metric=ranking
[pipeline-trace] wall=19:41:12 elapsed=480.795s phase=eval event=interaction_progress trial=0 partition=2 processed=2600 total=4001 metric=ranking
[pipeline-trace] wall=19:41:12 elapsed=480.931s phase=eval event=interaction_progress trial=0 partition=2 processed=2700 total=4001 metric=ranking
[pipeline-trace] wall=19:41:12 elapsed=481.063s phase=eval event=interaction_progress trial=0 partition=2 processed=2800 total=4001 metric=ranking
[pipeline-trace] wall=19:41:12 elapsed=481.172s phase=eval event=interaction_progress trial=0 partition=2 processed=2900 total=4001 metric=ranking
[pipeline-trace] wall=19:41:13 elapsed=481.282s phase=eval event=interaction_progress trial=0 partition=2 processed=3000 total=4001 metric=ranking
[pipeline-trace] wall=19:41:13 elapsed=481.391s phase=eval event=interaction_progress trial=0 partition=2 processed=3100 total=4001 metric=ranking
[pipeline-trace] wall=19:41:13 elapsed=481.500s phase=eval event=interaction_progress trial=0 partition=2 processed=3200 total=4001 metric=ranking
[pipeline-trace] wall=19:41:13 elapsed=481.609s phase=eval event=interaction_progress trial=0 partition=2 processed=3300 total=4001 metric=ranking
[pipeline-trace] wall=19:41:13 elapsed=481.719s phase=eval event=interaction_progress trial=0 partition=2 processed=3400 total=4001 metric=ranking
[pipeline-trace] wall=19:41:13 elapsed=481.829s phase=eval event=interaction_progress trial=0 partition=2 processed=3500 total=4001 metric=ranking
[pipeline-trace] wall=19:41:13 elapsed=481.938s phase=eval event=interaction_progress trial=0 partition=2 processed=3600 total=4001 metric=ranking
[pipeline-trace] wall=19:41:13 elapsed=482.048s phase=eval event=interaction_progress trial=0 partition=2 processed=3700 total=4001 metric=ranking
[pipeline-trace] wall=19:41:13 elapsed=482.157s phase=eval event=interaction_progress trial=0 partition=2 processed=3800 total=4001 metric=ranking
[pipeline-trace] wall=19:41:14 elapsed=482.265s phase=eval event=interaction_progress trial=0 partition=2 processed=3900 total=4001 metric=ranking
[pipeline-trace] wall=19:41:14 elapsed=482.373s phase=eval event=interaction_progress trial=0 partition=2 processed=4000 total=4001 metric=ranking
[pipeline-trace] wall=19:41:14 elapsed=482.374s phase=eval event=interaction_progress trial=0 partition=2 processed=4001 total=4001 metric=ranking
[pipeline-trace] wall=19:41:14 elapsed=482.375s phase=eval event=partition_complete trial=0 partition=2 elapsed_sec=5.336 hits=3349 total=4001
[pipeline-trace] wall=19:41:14 elapsed=1835.416s phase=eval event=complete trial=0 stage=1/2 stage_duration_sec=5.836
